This job can be monitored from: https://job.c3se.chalmers.se/alvis/6666619
========================================
Job ID      : 6666619
Job Name    : HierFLcifar10
Node        : alvis10-06
Start Time  : Fri May 22 08:51:22 CEST 2026
Working Dir : /cephyr/users/ziangg/Alvis/tf-dpfl
========================================
[Setup] Python: /cephyr/users/ziangg/Alvis/tf-dpfl/bin/python
[Setup] TF version: 2.15.1
[Setup] GPU available: [PhysicalDevice(name='/physical_device:GPU:0', device_type='GPU')]
[Config] Override: wandb.enabled = True
[Setup] Random seed: 42
[Setup] Loading dataset...
[Data] CIFAR-100 from Mimer: /mimer/NOBACKUP/Datasets/CIFAR
[Data] CIFAR-100 | train=50000 test=10000 classes=100
[Setup] Building global model...
Model: "fedavg_cnn"
_________________________________________________________________
 Layer (type)                Output Shape              Param #   
=================================================================
 input_1 (InputLayer)        [(None, 32, 32, 3)]       0         
                                                                 
 conv2d (Conv2D)             (None, 28, 28, 32)        2432      
                                                                 
 max_pooling2d (MaxPooling2  (None, 14, 14, 32)        0         
 D)                                                              
                                                                 
 conv2d_1 (Conv2D)           (None, 10, 10, 64)        51264     
                                                                 
 max_pooling2d_1 (MaxPoolin  (None, 5, 5, 64)          0         
 g2D)                                                            
                                                                 
 flatten (Flatten)           (None, 1600)              0         
                                                                 
 dense (Dense)               (None, 512)               819712    
                                                                 
 dense_1 (Dense)             (None, 100)               51300     
                                                                 
=================================================================
Total params: 924708 (3.53 MB)
Trainable params: 924708 (3.53 MB)
Non-trainable params: 0 (0.00 Byte)
_________________________________________________________________
[Setup] Building clients...

[Superclass-aware partition] 2 edges, 10 classes/client

  Edge 0 (class pool: [1, 2, 3, 4, 6, 7, 11, 14, 15, 18, 19, 21, 24, 26, 27, 29, 30, 31, 32, 34, 35, 36, 38, 42, 43, 44, 45, 46, 50, 55, 63, 64, 65, 66, 67, 72, 73, 74, 75, 77, 78, 79, 80, 88, 91, 93, 95, 97, 98, 99]):
  Client       Samples    Classes held                        Out-of-pool?
  ---------------------------------------------------------------------------
  client_0     3000       [6, 18, 29, 30, 34, 43, 44, 55, 64, 66] OK
  client_1     3000       [1, 11, 26, 27, 29, 32, 73, 75, 99] OK
  client_2     3000       [35, 36, 38, 42, 50, 64, 72, 77, 97, 98] OK
  client_3     3000       [4, 6, 7, 14, 21, 35, 38, 65, 80]   OK
  client_4     3000       [19, 31, 42, 43, 63, 66, 72, 79, 91, 98] OK
  client_5     3000       [4, 15, 19, 34, 45, 63, 74, 91, 93, 95] OK
  client_6     3000       [11, 18, 21, 32, 44, 46, 78, 88, 97] OK
  client_7     3000       [24, 31, 36, 45, 46, 50, 67, 73, 74, 80] OK
  client_8     3000       [1, 14, 24, 26, 30, 65, 75, 88, 93, 95] OK
  client_9     3000       [2, 3, 15, 27, 55, 67, 77, 79]      OK

  Edge 1 (class pool: [0, 5, 8, 9, 10, 12, 13, 16, 17, 20, 22, 23, 25, 28, 33, 37, 39, 40, 41, 47, 48, 49, 51, 52, 53, 54, 56, 57, 58, 59, 60, 61, 62, 68, 69, 70, 71, 76, 81, 82, 83, 84, 85, 86, 87, 89, 90, 92, 94, 96]):
  Client       Samples    Classes held                        Out-of-pool?
  ---------------------------------------------------------------------------
  client_10    3000       [5, 9, 51, 54, 57, 84, 89, 92, 94]  OK
  client_11    3000       [10, 12, 16, 17, 37, 40, 82, 87]    OK
  client_12    3000       [17, 41, 47, 48, 54, 58, 69, 83, 96] OK
  client_13    3000       [8, 9, 20, 37, 39, 48, 59, 68, 86, 90] OK
  client_14    3000       [22, 33, 40, 49, 56, 62, 83, 85, 87] OK
  client_15    3000       [25, 28, 33, 39, 47, 53, 60, 81, 90, 94] OK
  client_16    3000       [20, 22, 28, 52, 53, 59, 70, 76, 82] OK
  client_17    3000       [49, 56, 58, 60, 61, 69, 71, 85]    OK
  client_18    3000       [0, 5, 8, 16, 25, 76, 84, 86, 92, 96] OK
  client_19    3000       [0, 13, 23, 51, 68, 70, 81, 89]     OK

[Train/Test split] 20 clients | avg train=2250, avg test=750 samples (ratio=0.25)
[Setup] 20 clients built (superclass_pathological) | per-client test sets injected
[Setup] Building edge servers...
[Assignment] Using pre-baked superclass assignments | 2 edges
[EdgeServer 0] 10 clients | 22500 samples
[EdgeServer 1] 10 clients | 22500 samples

[Setup] Built 2 edge servers (strategy=superclass_baked)
  Edge 0: 10 clients | 22500 samples
  Edge 1: 10 clients | 22500 samples
[Setup] Building per-edge test datasets (superclass-aware)...
[CloudServer] 2 edges | model: 3.53 MB

====================================================
 HierFAVG Training Start
====================================================

[Round   1] Broadcasting to 2 edges...
  [Edge 0] W_n reset to global weights for new round.
  [Edge 1] W_n reset to global weights for new round.
  [Edge 0] G1 | E1 | Hier-pFedMe | Selected 10/10
  [Client  3] Received edge weights. Set local model to edge weights.
[C3] Test set: samples=750, class_dist={4: 80, 6: 65, 7: 146, 14: 82, 21: 76, 35: 63, 38: 70, 65: 89, 80: 79}
  [Client  5] Received edge weights. Set local model to edge weights.
[C5] Test set: samples=750, class_dist={4: 76, 15: 79, 19: 73, 34: 66, 45: 81, 63: 90, 74: 77, 91: 69, 93: 86, 95: 53}
  [Client  0] Received edge weights. Set local model to edge weights.
[C0] Test set: samples=750, class_dist={6: 83, 18: 67, 29: 71, 30: 73, 34: 78, 43: 77, 44: 71, 55: 71, 64: 82, 66: 77}
  [Client  1] Received edge weights. Set local model to edge weights.
[C1] Test set: samples=750, class_dist={1: 75, 11: 80, 26: 83, 27: 68, 29: 75, 32: 70, 73: 71, 75: 79, 99: 149}
  [Client  2] Received edge weights. Set local model to edge weights.
[C2] Test set: samples=750, class_dist={35: 80, 36: 63, 38: 79, 42: 77, 50: 77, 64: 79, 72: 80, 77: 72, 97: 72, 98: 71}
  [Client  9] Received edge weights. Set local model to edge weights.
[C9] Test set: samples=750, class_dist={2: 167, 3: 151, 15: 78, 27: 67, 55: 68, 67: 71, 77: 66, 79: 82}
  [Client  4] Received edge weights. Set local model to edge weights.
[C4] Test set: samples=750, class_dist={19: 72, 31: 69, 42: 76, 43: 75, 63: 80, 66: 80, 72: 74, 79: 81, 91: 77, 98: 66}
  [Client  8] Received edge weights. Set local model to edge weights.
[C8] Test set: samples=750, class_dist={1: 60, 14: 77, 24: 79, 26: 71, 30: 76, 65: 78, 75: 62, 88: 91, 93: 73, 95: 83}
  [Client  6] Received edge weights. Set local model to edge weights.
[C6] Test set: samples=750, class_dist={11: 70, 18: 85, 21: 73, 32: 89, 44: 80, 46: 73, 78: 127, 88: 85, 97: 68}
  [Client  7] Received edge weights. Set local model to edge weights.
[C7] Test set: samples=750, class_dist={24: 68, 31: 72, 36: 73, 45: 74, 46: 76, 50: 79, 67: 92, 73: 75, 74: 61, 80: 80}
  [Client  3] Starting Hier-pFedMe | λ2=35.0, η2=0.02, inner_steps=1, epochs=5, batches/epoch=141
  [Client  0] Starting Hier-pFedMe | λ2=35.0, η2=0.02, inner_steps=1, epochs=5, batches/epoch=141  [Client  5] Starting Hier-pFedMe | λ2=35.0, η2=0.02, inner_steps=1, epochs=5, batches/epoch=141  [Client  1] Starting Hier-pFedMe | λ2=35.0, η2=0.02, inner_steps=1, epochs=5, batches/epoch=141


  [Client  0] Round 1 | Hier-pFedMe(λ2=35.0, K=1) | loss=1.8875
  [Client  2] Starting Hier-pFedMe | λ2=35.0, η2=0.02, inner_steps=1, epochs=5, batches/epoch=141
  [Client  1] Round 1 | Hier-pFedMe(λ2=35.0, K=1) | loss=1.7041
  [Client  9] Starting Hier-pFedMe | λ2=35.0, η2=0.02, inner_steps=1, epochs=5, batches/epoch=141  [Client  5] Round 1 | Hier-pFedMe(λ2=35.0, K=1) | loss=1.8790

  [Client  4] Starting Hier-pFedMe | λ2=35.0, η2=0.02, inner_steps=1, epochs=5, batches/epoch=141
  [Client  3] Round 1 | Hier-pFedMe(λ2=35.0, K=1) | loss=1.8755
  [Client  8] Starting Hier-pFedMe | λ2=35.0, η2=0.02, inner_steps=1, epochs=5, batches/epoch=141
  [Client  2] Round 1 | Hier-pFedMe(λ2=35.0, K=1) | loss=2.1179
  [Client  6] Starting Hier-pFedMe | λ2=35.0, η2=0.02, inner_steps=1, epochs=5, batches/epoch=141
  [Client  9] Round 1 | Hier-pFedMe(λ2=35.0, K=1) | loss=1.7183
  [Client  7] Starting Hier-pFedMe | λ2=35.0, η2=0.02, inner_steps=1, epochs=5, batches/epoch=141
  [Client  4] Round 1 | Hier-pFedMe(λ2=35.0, K=1) | loss=2.0098
  [Client  8] Round 1 | Hier-pFedMe(λ2=35.0, K=1) | loss=1.6832
  [Client  6] Round 1 | Hier-pFedMe(λ2=35.0, K=1) | loss=1.9343
  [Client  7] Round 1 | Hier-pFedMe(λ2=35.0, K=1) | loss=1.8310
  [Edge 0] G1 | E1 | loss=1.8640
  [Edge 0] G1 | E2 | Hier-pFedMe | Selected 10/10
  [Client  8] Received edge weights. Set local model to edge weights.
[C8] Test set: samples=750, class_dist={1: 60, 14: 77, 24: 79, 26: 71, 30: 76, 65: 78, 75: 62, 88: 91, 93: 73, 95: 83}
  [Client  6] Received edge weights. Set local model to edge weights.
[C6] Test set: samples=750, class_dist={11: 70, 18: 85, 21: 73, 32: 89, 44: 80, 46: 73, 78: 127, 88: 85, 97: 68}
  [Client  1] Received edge weights. Set local model to edge weights.
[C1] Test set: samples=750, class_dist={1: 75, 11: 80, 26: 83, 27: 68, 29: 75, 32: 70, 73: 71, 75: 79, 99: 149}
  [Client  3] Received edge weights. Set local model to edge weights.
[C3] Test set: samples=750, class_dist={4: 80, 6: 65, 7: 146, 14: 82, 21: 76, 35: 63, 38: 70, 65: 89, 80: 79}
  [Client  2] Received edge weights. Set local model to edge weights.
[C2] Test set: samples=750, class_dist={35: 80, 36: 63, 38: 79, 42: 77, 50: 77, 64: 79, 72: 80, 77: 72, 97: 72, 98: 71}
  [Client  4] Received edge weights. Set local model to edge weights.
[C4] Test set: samples=750, class_dist={19: 72, 31: 69, 42: 76, 43: 75, 63: 80, 66: 80, 72: 74, 79: 81, 91: 77, 98: 66}
  [Client  5] Received edge weights. Set local model to edge weights.
[C5] Test set: samples=750, class_dist={4: 76, 15: 79, 19: 73, 34: 66, 45: 81, 63: 90, 74: 77, 91: 69, 93: 86, 95: 53}
  [Client  7] Received edge weights. Set local model to edge weights.
[C7] Test set: samples=750, class_dist={24: 68, 31: 72, 36: 73, 45: 74, 46: 76, 50: 79, 67: 92, 73: 75, 74: 61, 80: 80}
  [Client  0] Received edge weights. Set local model to edge weights.
[C0] Test set: samples=750, class_dist={6: 83, 18: 67, 29: 71, 30: 73, 34: 78, 43: 77, 44: 71, 55: 71, 64: 82, 66: 77}
  [Client  9] Received edge weights. Set local model to edge weights.
[C9] Test set: samples=750, class_dist={2: 167, 3: 151, 15: 78, 27: 67, 55: 68, 67: 71, 77: 66, 79: 82}
  [Client  3] Starting Hier-pFedMe | λ2=35.0, η2=0.02, inner_steps=1, epochs=5, batches/epoch=141  [Client  8] Starting Hier-pFedMe | λ2=35.0, η2=0.02, inner_steps=1, epochs=5, batches/epoch=141
  [Client  6] Starting Hier-pFedMe | λ2=35.0, η2=0.02, inner_steps=1, epochs=5, batches/epoch=141  [Client  1] Starting Hier-pFedMe | λ2=35.0, η2=0.02, inner_steps=1, epochs=5, batches/epoch=141


  [Client  3] Round 1 | Hier-pFedMe(λ2=35.0, K=1) | loss=1.7130
  [Client  2] Starting Hier-pFedMe | λ2=35.0, η2=0.02, inner_steps=1, epochs=5, batches/epoch=141
  [Client  8] Round 1 | Hier-pFedMe(λ2=35.0, K=1) | loss=1.4717
  [Client  4] Starting Hier-pFedMe | λ2=35.0, η2=0.02, inner_steps=1, epochs=5, batches/epoch=141
  [Client  6] Round 1 | Hier-pFedMe(λ2=35.0, K=1) | loss=1.7338
  [Client  5] Starting Hier-pFedMe | λ2=35.0, η2=0.02, inner_steps=1, epochs=5, batches/epoch=141
  [Client  1] Round 1 | Hier-pFedMe(λ2=35.0, K=1) | loss=1.4973
  [Client  7] Starting Hier-pFedMe | λ2=35.0, η2=0.02, inner_steps=1, epochs=5, batches/epoch=141
  [Client  2] Round 1 | Hier-pFedMe(λ2=35.0, K=1) | loss=1.9308
  [Client  0] Starting Hier-pFedMe | λ2=35.0, η2=0.02, inner_steps=1, epochs=5, batches/epoch=141
  [Client  7] Round 1 | Hier-pFedMe(λ2=35.0, K=1) | loss=1.6430
  [Client  9] Starting Hier-pFedMe | λ2=35.0, η2=0.02, inner_steps=1, epochs=5, batches/epoch=141
  [Client  4] Round 1 | Hier-pFedMe(λ2=35.0, K=1) | loss=1.7775
  [Client  5] Round 1 | Hier-pFedMe(λ2=35.0, K=1) | loss=1.6767
  [Client  0] Round 1 | Hier-pFedMe(λ2=35.0, K=1) | loss=1.7298
  [Client  9] Round 1 | Hier-pFedMe(λ2=35.0, K=1) | loss=1.5663
  [Edge 0] G1 | E2 | loss=1.6740
  [Edge 0] G1 | E3 | Hier-pFedMe | Selected 10/10
  [Client  0] Received edge weights. Set local model to edge weights.
[C0] Test set: samples=750, class_dist={6: 83, 18: 67, 29: 71, 30: 73, 34: 78, 43: 77, 44: 71, 55: 71, 64: 82, 66: 77}
  [Client  5] Received edge weights. Set local model to edge weights.
[C5] Test set: samples=750, class_dist={4: 76, 15: 79, 19: 73, 34: 66, 45: 81, 63: 90, 74: 77, 91: 69, 93: 86, 95: 53}
  [Client  9] Received edge weights. Set local model to edge weights.
[C9] Test set: samples=750, class_dist={2: 167, 3: 151, 15: 78, 27: 67, 55: 68, 67: 71, 77: 66, 79: 82}
  [Client  7] Received edge weights. Set local model to edge weights.
[C7] Test set: samples=750, class_dist={24: 68, 31: 72, 36: 73, 45: 74, 46: 76, 50: 79, 67: 92, 73: 75, 74: 61, 80: 80}
  [Client  2] Received edge weights. Set local model to edge weights.
[C2] Test set: samples=750, class_dist={35: 80, 36: 63, 38: 79, 42: 77, 50: 77, 64: 79, 72: 80, 77: 72, 97: 72, 98: 71}
  [Client  4] Received edge weights. Set local model to edge weights.
[C4] Test set: samples=750, class_dist={19: 72, 31: 69, 42: 76, 43: 75, 63: 80, 66: 80, 72: 74, 79: 81, 91: 77, 98: 66}
  [Client  3] Received edge weights. Set local model to edge weights.
[C3] Test set: samples=750, class_dist={4: 80, 6: 65, 7: 146, 14: 82, 21: 76, 35: 63, 38: 70, 65: 89, 80: 79}
  [Client  1] Received edge weights. Set local model to edge weights.
[C1] Test set: samples=750, class_dist={1: 75, 11: 80, 26: 83, 27: 68, 29: 75, 32: 70, 73: 71, 75: 79, 99: 149}
  [Client  6] Received edge weights. Set local model to edge weights.
[C6] Test set: samples=750, class_dist={11: 70, 18: 85, 21: 73, 32: 89, 44: 80, 46: 73, 78: 127, 88: 85, 97: 68}
  [Client  8] Received edge weights. Set local model to edge weights.
[C8] Test set: samples=750, class_dist={1: 60, 14: 77, 24: 79, 26: 71, 30: 76, 65: 78, 75: 62, 88: 91, 93: 73, 95: 83}
  [Client  0] Starting Hier-pFedMe | λ2=35.0, η2=0.02, inner_steps=1, epochs=5, batches/epoch=141
  [Client  5] Starting Hier-pFedMe | λ2=35.0, η2=0.02, inner_steps=1, epochs=5, batches/epoch=141  [Client  7] Starting Hier-pFedMe | λ2=35.0, η2=0.02, inner_steps=1, epochs=5, batches/epoch=141

  [Client  9] Starting Hier-pFedMe | λ2=35.0, η2=0.02, inner_steps=1, epochs=5, batches/epoch=141
  [Client  0] Round 1 | Hier-pFedMe(λ2=35.0, K=1) | loss=1.6058
  [Client  2] Starting Hier-pFedMe | λ2=35.0, η2=0.02, inner_steps=1, epochs=5, batches/epoch=141
  [Client  5] Round 1 | Hier-pFedMe(λ2=35.0, K=1) | loss=1.5235
  [Client  4] Starting Hier-pFedMe | λ2=35.0, η2=0.02, inner_steps=1, epochs=5, batches/epoch=141
  [Client  7] Round 1 | Hier-pFedMe(λ2=35.0, K=1) | loss=1.5080
  [Client  3] Starting Hier-pFedMe | λ2=35.0, η2=0.02, inner_steps=1, epochs=5, batches/epoch=141
  [Client  9] Round 1 | Hier-pFedMe(λ2=35.0, K=1) | loss=1.4320
  [Client  1] Starting Hier-pFedMe | λ2=35.0, η2=0.02, inner_steps=1, epochs=5, batches/epoch=141
  [Client  2] Round 1 | Hier-pFedMe(λ2=35.0, K=1) | loss=1.7919
  [Client  6] Starting Hier-pFedMe | λ2=35.0, η2=0.02, inner_steps=1, epochs=5, batches/epoch=141
  [Client  3] Round 1 | Hier-pFedMe(λ2=35.0, K=1) | loss=1.5777
  [Client  8] Starting Hier-pFedMe | λ2=35.0, η2=0.02, inner_steps=1, epochs=5, batches/epoch=141
  [Client  4] Round 1 | Hier-pFedMe(λ2=35.0, K=1) | loss=1.6010
  [Client  1] Round 1 | Hier-pFedMe(λ2=35.0, K=1) | loss=1.3470
  [Client  6] Round 1 | Hier-pFedMe(λ2=35.0, K=1) | loss=1.5935
  [Client  8] Round 1 | Hier-pFedMe(λ2=35.0, K=1) | loss=1.3327
  [Edge 0] G1 | E3 | loss=1.5313
  [Edge 0] G1 | E4 | Hier-pFedMe | Selected 10/10
  [Client  9] Received edge weights. Set local model to edge weights.
[C9] Test set: samples=750, class_dist={2: 167, 3: 151, 15: 78, 27: 67, 55: 68, 67: 71, 77: 66, 79: 82}
  [Client  1] Received edge weights. Set local model to edge weights.
[C1] Test set: samples=750, class_dist={1: 75, 11: 80, 26: 83, 27: 68, 29: 75, 32: 70, 73: 71, 75: 79, 99: 149}
  [Client  0] Received edge weights. Set local model to edge weights.
[C0] Test set: samples=750, class_dist={6: 83, 18: 67, 29: 71, 30: 73, 34: 78, 43: 77, 44: 71, 55: 71, 64: 82, 66: 77}
  [Client  8] Received edge weights. Set local model to edge weights.
[C8] Test set: samples=750, class_dist={1: 60, 14: 77, 24: 79, 26: 71, 30: 76, 65: 78, 75: 62, 88: 91, 93: 73, 95: 83}
  [Client  3] Received edge weights. Set local model to edge weights.
[C3] Test set: samples=750, class_dist={4: 80, 6: 65, 7: 146, 14: 82, 21: 76, 35: 63, 38: 70, 65: 89, 80: 79}
  [Client  5] Received edge weights. Set local model to edge weights.
[C5] Test set: samples=750, class_dist={4: 76, 15: 79, 19: 73, 34: 66, 45: 81, 63: 90, 74: 77, 91: 69, 93: 86, 95: 53}
  [Client  4] Received edge weights. Set local model to edge weights.
[C4] Test set: samples=750, class_dist={19: 72, 31: 69, 42: 76, 43: 75, 63: 80, 66: 80, 72: 74, 79: 81, 91: 77, 98: 66}
  [Client  7] Received edge weights. Set local model to edge weights.
[C7] Test set: samples=750, class_dist={24: 68, 31: 72, 36: 73, 45: 74, 46: 76, 50: 79, 67: 92, 73: 75, 74: 61, 80: 80}
  [Client  2] Received edge weights. Set local model to edge weights.
[C2] Test set: samples=750, class_dist={35: 80, 36: 63, 38: 79, 42: 77, 50: 77, 64: 79, 72: 80, 77: 72, 97: 72, 98: 71}
  [Client  6] Received edge weights. Set local model to edge weights.
[C6] Test set: samples=750, class_dist={11: 70, 18: 85, 21: 73, 32: 89, 44: 80, 46: 73, 78: 127, 88: 85, 97: 68}
  [Client  9] Starting Hier-pFedMe | λ2=35.0, η2=0.02, inner_steps=1, epochs=5, batches/epoch=141  [Client  1] Starting Hier-pFedMe | λ2=35.0, η2=0.02, inner_steps=1, epochs=5, batches/epoch=141
  [Client  0] Starting Hier-pFedMe | λ2=35.0, η2=0.02, inner_steps=1, epochs=5, batches/epoch=141

  [Client  8] Starting Hier-pFedMe | λ2=35.0, η2=0.02, inner_steps=1, epochs=5, batches/epoch=141
  [Client  9] Round 1 | Hier-pFedMe(λ2=35.0, K=1) | loss=1.3092
  [Client  3] Starting Hier-pFedMe | λ2=35.0, η2=0.02, inner_steps=1, epochs=5, batches/epoch=141
  [Client  0] Round 1 | Hier-pFedMe(λ2=35.0, K=1) | loss=1.4484
  [Client  5] Starting Hier-pFedMe | λ2=35.0, η2=0.02, inner_steps=1, epochs=5, batches/epoch=141
  [Client  1] Round 1 | Hier-pFedMe(λ2=35.0, K=1) | loss=1.1867
  [Client  4] Starting Hier-pFedMe | λ2=35.0, η2=0.02, inner_steps=1, epochs=5, batches/epoch=141
  [Client  8] Round 1 | Hier-pFedMe(λ2=35.0, K=1) | loss=1.1837
  [Client  7] Starting Hier-pFedMe | λ2=35.0, η2=0.02, inner_steps=1, epochs=5, batches/epoch=141
  [Client  4] Round 1 | Hier-pFedMe(λ2=35.0, K=1) | loss=1.4291
  [Client  2] Starting Hier-pFedMe | λ2=35.0, η2=0.02, inner_steps=1, epochs=5, batches/epoch=141
  [Client  5] Round 1 | Hier-pFedMe(λ2=35.0, K=1) | loss=1.3817
  [Client  6] Starting Hier-pFedMe | λ2=35.0, η2=0.02, inner_steps=1, epochs=5, batches/epoch=141
  [Client  3] Round 1 | Hier-pFedMe(λ2=35.0, K=1) | loss=1.4312
  [Client  7] Round 1 | Hier-pFedMe(λ2=35.0, K=1) | loss=1.3681
  [Client  2] Round 1 | Hier-pFedMe(λ2=35.0, K=1) | loss=1.6306
  [Client  6] Round 1 | Hier-pFedMe(λ2=35.0, K=1) | loss=1.4456
  [Edge 0] G1 | E4 | loss=1.3814
  [Edge 0] G1 | E5 | Hier-pFedMe | Selected 10/10
  [Client  8] Received edge weights. Set local model to edge weights.
[C8] Test set: samples=750, class_dist={1: 60, 14: 77, 24: 79, 26: 71, 30: 76, 65: 78, 75: 62, 88: 91, 93: 73, 95: 83}
  [Client  6] Received edge weights. Set local model to edge weights.
[C6] Test set: samples=750, class_dist={11: 70, 18: 85, 21: 73, 32: 89, 44: 80, 46: 73, 78: 127, 88: 85, 97: 68}
  [Client  3] Received edge weights. Set local model to edge weights.
[C3] Test set: samples=750, class_dist={4: 80, 6: 65, 7: 146, 14: 82, 21: 76, 35: 63, 38: 70, 65: 89, 80: 79}
  [Client  4] Received edge weights. Set local model to edge weights.
[C4] Test set: samples=750, class_dist={19: 72, 31: 69, 42: 76, 43: 75, 63: 80, 66: 80, 72: 74, 79: 81, 91: 77, 98: 66}
  [Client  1] Received edge weights. Set local model to edge weights.
[C1] Test set: samples=750, class_dist={1: 75, 11: 80, 26: 83, 27: 68, 29: 75, 32: 70, 73: 71, 75: 79, 99: 149}
  [Client  2] Received edge weights. Set local model to edge weights.
[C2] Test set: samples=750, class_dist={35: 80, 36: 63, 38: 79, 42: 77, 50: 77, 64: 79, 72: 80, 77: 72, 97: 72, 98: 71}
  [Client  7] Received edge weights. Set local model to edge weights.
[C7] Test set: samples=750, class_dist={24: 68, 31: 72, 36: 73, 45: 74, 46: 76, 50: 79, 67: 92, 73: 75, 74: 61, 80: 80}
  [Client  0] Received edge weights. Set local model to edge weights.
[C0] Test set: samples=750, class_dist={6: 83, 18: 67, 29: 71, 30: 73, 34: 78, 43: 77, 44: 71, 55: 71, 64: 82, 66: 77}
  [Client  9] Received edge weights. Set local model to edge weights.
[C9] Test set: samples=750, class_dist={2: 167, 3: 151, 15: 78, 27: 67, 55: 68, 67: 71, 77: 66, 79: 82}
  [Client  5] Received edge weights. Set local model to edge weights.
[C5] Test set: samples=750, class_dist={4: 76, 15: 79, 19: 73, 34: 66, 45: 81, 63: 90, 74: 77, 91: 69, 93: 86, 95: 53}
  [Client  8] Starting Hier-pFedMe | λ2=35.0, η2=0.02, inner_steps=1, epochs=5, batches/epoch=141  [Client  6] Starting Hier-pFedMe | λ2=35.0, η2=0.02, inner_steps=1, epochs=5, batches/epoch=141

  [Client  3] Starting Hier-pFedMe | λ2=35.0, η2=0.02, inner_steps=1, epochs=5, batches/epoch=141
  [Client  4] Starting Hier-pFedMe | λ2=35.0, η2=0.02, inner_steps=1, epochs=5, batches/epoch=141
  [Client  8] Round 1 | Hier-pFedMe(λ2=35.0, K=1) | loss=1.0479
  [Client  1] Starting Hier-pFedMe | λ2=35.0, η2=0.02, inner_steps=1, epochs=5, batches/epoch=141
  [Client  4] Round 1 | Hier-pFedMe(λ2=35.0, K=1) | loss=1.2624
  [Client  2] Starting Hier-pFedMe | λ2=35.0, η2=0.02, inner_steps=1, epochs=5, batches/epoch=141
  [Client  3] Round 1 | Hier-pFedMe(λ2=35.0, K=1) | loss=1.2810
  [Client  7] Starting Hier-pFedMe | λ2=35.0, η2=0.02, inner_steps=1, epochs=5, batches/epoch=141
  [Client  6] Round 1 | Hier-pFedMe(λ2=35.0, K=1) | loss=1.2895
  [Client  0] Starting Hier-pFedMe | λ2=35.0, η2=0.02, inner_steps=1, epochs=5, batches/epoch=141
  [Client  1] Round 1 | Hier-pFedMe(λ2=35.0, K=1) | loss=1.0293
  [Client  9] Starting Hier-pFedMe | λ2=35.0, η2=0.02, inner_steps=1, epochs=5, batches/epoch=141
  [Client  2] Round 1 | Hier-pFedMe(λ2=35.0, K=1) | loss=1.4646
  [Client  5] Starting Hier-pFedMe | λ2=35.0, η2=0.02, inner_steps=1, epochs=5, batches/epoch=141
  [Client  0] Round 1 | Hier-pFedMe(λ2=35.0, K=1) | loss=1.2959
  [Client  7] Round 1 | Hier-pFedMe(λ2=35.0, K=1) | loss=1.2311
  [Client  9] Round 1 | Hier-pFedMe(λ2=35.0, K=1) | loss=1.1761
  [Client  5] Round 1 | Hier-pFedMe(λ2=35.0, K=1) | loss=1.2293
  [Edge 0] G1 | E5 | loss=1.2307
  [Edge 1] G1 | E1 | Hier-pFedMe | Selected 10/10
  [Client 17] Received edge weights. Set local model to edge weights.
[C17] Test set: samples=750, class_dist={49: 73, 56: 69, 58: 67, 60: 82, 61: 143, 69: 96, 71: 151, 85: 69}
  [Client 13] Received edge weights. Set local model to edge weights.
[C13] Test set: samples=750, class_dist={8: 68, 9: 75, 20: 73, 37: 78, 39: 76, 48: 73, 59: 78, 68: 74, 86: 80, 90: 75}
  [Client 15] Received edge weights. Set local model to edge weights.
[C15] Test set: samples=750, class_dist={25: 79, 28: 75, 33: 65, 39: 81, 47: 75, 53: 72, 60: 73, 81: 75, 90: 77, 94: 78}
  [Client 10] Received edge weights. Set local model to edge weights.
[C10] Test set: samples=750, class_dist={5: 74, 9: 72, 51: 87, 54: 76, 57: 149, 84: 72, 89: 78, 92: 60, 94: 82}
  [Client 12] Received edge weights. Set local model to edge weights.
[C12] Test set: samples=750, class_dist={17: 72, 41: 154, 47: 72, 48: 78, 54: 85, 58: 68, 69: 83, 83: 72, 96: 66}
  [Client 19] Received edge weights. Set local model to edge weights.
[C19] Test set: samples=750, class_dist={0: 66, 13: 168, 23: 137, 51: 86, 68: 65, 70: 82, 81: 64, 89: 82}
  [Client 16] Received edge weights. Set local model to edge weights.
[C16] Test set: samples=750, class_dist={20: 75, 22: 88, 28: 62, 52: 153, 53: 84, 59: 67, 70: 71, 76: 65, 82: 85}
  [Client 18] Received edge weights. Set local model to edge weights.
[C18] Test set: samples=750, class_dist={0: 71, 5: 79, 8: 79, 16: 71, 25: 72, 76: 70, 84: 81, 86: 67, 92: 81, 96: 79}
  [Client 11] Received edge weights. Set local model to edge weights.
[C11] Test set: samples=750, class_dist={10: 175, 12: 136, 16: 85, 17: 77, 37: 65, 40: 70, 82: 70, 87: 72}
  [Client 14] Received edge weights. Set local model to edge weights.
[C14] Test set: samples=750, class_dist={22: 68, 33: 80, 40: 81, 49: 71, 56: 79, 62: 143, 83: 80, 85: 69, 87: 79}
  [Client 15] Starting Hier-pFedMe | λ2=35.0, η2=0.02, inner_steps=1, epochs=5, batches/epoch=141
  [Client 13] Starting Hier-pFedMe | λ2=35.0, η2=0.02, inner_steps=1, epochs=5, batches/epoch=141  [Client 17] Starting Hier-pFedMe | λ2=35.0, η2=0.02, inner_steps=1, epochs=5, batches/epoch=141
  [Client 10] Starting Hier-pFedMe | λ2=35.0, η2=0.02, inner_steps=1, epochs=5, batches/epoch=141

  [Client 13] Round 1 | Hier-pFedMe(λ2=35.0, K=1) | loss=1.7459
  [Client 12] Starting Hier-pFedMe | λ2=35.0, η2=0.02, inner_steps=1, epochs=5, batches/epoch=141
  [Client 17] Round 1 | Hier-pFedMe(λ2=35.0, K=1) | loss=1.3333
  [Client 19] Starting Hier-pFedMe | λ2=35.0, η2=0.02, inner_steps=1, epochs=5, batches/epoch=141
  [Client 15] Round 1 | Hier-pFedMe(λ2=35.0, K=1) | loss=1.5914
  [Client 16] Starting Hier-pFedMe | λ2=35.0, η2=0.02, inner_steps=1, epochs=5, batches/epoch=141
  [Client 10] Round 1 | Hier-pFedMe(λ2=35.0, K=1) | loss=1.7299
  [Client 18] Starting Hier-pFedMe | λ2=35.0, η2=0.02, inner_steps=1, epochs=5, batches/epoch=141
  [Client 12] Round 1 | Hier-pFedMe(λ2=35.0, K=1) | loss=1.3861
  [Client 11] Starting Hier-pFedMe | λ2=35.0, η2=0.02, inner_steps=1, epochs=5, batches/epoch=141
  [Client 19] Round 1 | Hier-pFedMe(λ2=35.0, K=1) | loss=1.2343
  [Client 14] Starting Hier-pFedMe | λ2=35.0, η2=0.02, inner_steps=1, epochs=5, batches/epoch=141
  [Client 16] Round 1 | Hier-pFedMe(λ2=35.0, K=1) | loss=1.2095
  [Client 18] Round 1 | Hier-pFedMe(λ2=35.0, K=1) | loss=1.7049
  [Client 11] Round 1 | Hier-pFedMe(λ2=35.0, K=1) | loss=1.5332
  [Client 14] Round 1 | Hier-pFedMe(λ2=35.0, K=1) | loss=1.4824
  [Edge 1] G1 | E1 | loss=1.4951
  [Edge 1] G1 | E2 | Hier-pFedMe | Selected 10/10
  [Client 15] Received edge weights. Set local model to edge weights.
[C15] Test set: samples=750, class_dist={25: 79, 28: 75, 33: 65, 39: 81, 47: 75, 53: 72, 60: 73, 81: 75, 90: 77, 94: 78}
  [Client 14] Received edge weights. Set local model to edge weights.
[C14] Test set: samples=750, class_dist={22: 68, 33: 80, 40: 81, 49: 71, 56: 79, 62: 143, 83: 80, 85: 69, 87: 79}
  [Client 19] Received edge weights. Set local model to edge weights.
[C19] Test set: samples=750, class_dist={0: 66, 13: 168, 23: 137, 51: 86, 68: 65, 70: 82, 81: 64, 89: 82}
  [Client 11] Received edge weights. Set local model to edge weights.
[C11] Test set: samples=750, class_dist={10: 175, 12: 136, 16: 85, 17: 77, 37: 65, 40: 70, 82: 70, 87: 72}
  [Client 12] Received edge weights. Set local model to edge weights.
[C12] Test set: samples=750, class_dist={17: 72, 41: 154, 47: 72, 48: 78, 54: 85, 58: 68, 69: 83, 83: 72, 96: 66}
  [Client 10] Received edge weights. Set local model to edge weights.
[C10] Test set: samples=750, class_dist={5: 74, 9: 72, 51: 87, 54: 76, 57: 149, 84: 72, 89: 78, 92: 60, 94: 82}
  [Client 18] Received edge weights. Set local model to edge weights.
[C18] Test set: samples=750, class_dist={0: 71, 5: 79, 8: 79, 16: 71, 25: 72, 76: 70, 84: 81, 86: 67, 92: 81, 96: 79}
  [Client 17] Received edge weights. Set local model to edge weights.
[C17] Test set: samples=750, class_dist={49: 73, 56: 69, 58: 67, 60: 82, 61: 143, 69: 96, 71: 151, 85: 69}
  [Client 13] Received edge weights. Set local model to edge weights.
[C13] Test set: samples=750, class_dist={8: 68, 9: 75, 20: 73, 37: 78, 39: 76, 48: 73, 59: 78, 68: 74, 86: 80, 90: 75}
  [Client 16] Received edge weights. Set local model to edge weights.
[C16] Test set: samples=750, class_dist={20: 75, 22: 88, 28: 62, 52: 153, 53: 84, 59: 67, 70: 71, 76: 65, 82: 85}
  [Client 15] Starting Hier-pFedMe | λ2=35.0, η2=0.02, inner_steps=1, epochs=5, batches/epoch=141
  [Client 14] Starting Hier-pFedMe | λ2=35.0, η2=0.02, inner_steps=1, epochs=5, batches/epoch=141  [Client 19] Starting Hier-pFedMe | λ2=35.0, η2=0.02, inner_steps=1, epochs=5, batches/epoch=141  [Client 11] Starting Hier-pFedMe | λ2=35.0, η2=0.02, inner_steps=1, epochs=5, batches/epoch=141


  [Client 15] Round 1 | Hier-pFedMe(λ2=35.0, K=1) | loss=1.2893  [Client 14] Round 1 | Hier-pFedMe(λ2=35.0, K=1) | loss=1.2146
  [Client 19] Round 1 | Hier-pFedMe(λ2=35.0, K=1) | loss=1.0416
  [Client 11] Round 1 | Hier-pFedMe(λ2=35.0, K=1) | loss=1.3144
  [Client 12] Starting Hier-pFedMe | λ2=35.0, η2=0.02, inner_steps=1, epochs=5, batches/epoch=141
  [Client 10] Starting Hier-pFedMe | λ2=35.0, η2=0.02, inner_steps=1, epochs=5, batches/epoch=141  [Client 18] Starting Hier-pFedMe | λ2=35.0, η2=0.02, inner_steps=1, epochs=5, batches/epoch=141
  [Client 17] Starting Hier-pFedMe | λ2=35.0, η2=0.02, inner_steps=1, epochs=5, batches/epoch=141


  [Client 12] Round 1 | Hier-pFedMe(λ2=35.0, K=1) | loss=1.1152  [Client 18] Round 1 | Hier-pFedMe(λ2=35.0, K=1) | loss=1.4455  [Client 17] Round 1 | Hier-pFedMe(λ2=35.0, K=1) | loss=1.0635


  [Client 13] Starting Hier-pFedMe | λ2=35.0, η2=0.02, inner_steps=1, epochs=5, batches/epoch=141
  [Client 16] Starting Hier-pFedMe | λ2=35.0, η2=0.02, inner_steps=1, epochs=5, batches/epoch=141  [Client 10] Round 1 | Hier-pFedMe(λ2=35.0, K=1) | loss=1.4685

  [Client 16] Round 1 | Hier-pFedMe(λ2=35.0, K=1) | loss=1.0042  [Client 13] Round 1 | Hier-pFedMe(λ2=35.0, K=1) | loss=1.4644

  [Edge 1] G1 | E2 | loss=1.2421
  [Edge 1] G1 | E3 | Hier-pFedMe | Selected 10/10
  [Client 19] Received edge weights. Set local model to edge weights.
[C19] Test set: samples=750, class_dist={0: 66, 13: 168, 23: 137, 51: 86, 68: 65, 70: 82, 81: 64, 89: 82}
  [Client 16] Received edge weights. Set local model to edge weights.
[C16] Test set: samples=750, class_dist={20: 75, 22: 88, 28: 62, 52: 153, 53: 84, 59: 67, 70: 71, 76: 65, 82: 85}
  [Client 15] Received edge weights. Set local model to edge weights.
[C15] Test set: samples=750, class_dist={25: 79, 28: 75, 33: 65, 39: 81, 47: 75, 53: 72, 60: 73, 81: 75, 90: 77, 94: 78}
  [Client 18] Received edge weights. Set local model to edge weights.
[C18] Test set: samples=750, class_dist={0: 71, 5: 79, 8: 79, 16: 71, 25: 72, 76: 70, 84: 81, 86: 67, 92: 81, 96: 79}
  [Client 13] Received edge weights. Set local model to edge weights.
[C13] Test set: samples=750, class_dist={8: 68, 9: 75, 20: 73, 37: 78, 39: 76, 48: 73, 59: 78, 68: 74, 86: 80, 90: 75}
  [Client 10] Received edge weights. Set local model to edge weights.
[C10] Test set: samples=750, class_dist={5: 74, 9: 72, 51: 87, 54: 76, 57: 149, 84: 72, 89: 78, 92: 60, 94: 82}
  [Client 14] Received edge weights. Set local model to edge weights.
[C14] Test set: samples=750, class_dist={22: 68, 33: 80, 40: 81, 49: 71, 56: 79, 62: 143, 83: 80, 85: 69, 87: 79}
  [Client 12] Received edge weights. Set local model to edge weights.
[C12] Test set: samples=750, class_dist={17: 72, 41: 154, 47: 72, 48: 78, 54: 85, 58: 68, 69: 83, 83: 72, 96: 66}
  [Client 17] Received edge weights. Set local model to edge weights.
[C17] Test set: samples=750, class_dist={49: 73, 56: 69, 58: 67, 60: 82, 61: 143, 69: 96, 71: 151, 85: 69}
  [Client 11] Received edge weights. Set local model to edge weights.
[C11] Test set: samples=750, class_dist={10: 175, 12: 136, 16: 85, 17: 77, 37: 65, 40: 70, 82: 70, 87: 72}
  [Client 16] Starting Hier-pFedMe | λ2=35.0, η2=0.02, inner_steps=1, epochs=5, batches/epoch=141
  [Client 19] Starting Hier-pFedMe | λ2=35.0, η2=0.02, inner_steps=1, epochs=5, batches/epoch=141  [Client 15] Starting Hier-pFedMe | λ2=35.0, η2=0.02, inner_steps=1, epochs=5, batches/epoch=141  [Client 18] Starting Hier-pFedMe | λ2=35.0, η2=0.02, inner_steps=1, epochs=5, batches/epoch=141


  [Client 18] Round 1 | Hier-pFedMe(λ2=35.0, K=1) | loss=1.2599  [Client 15] Round 1 | Hier-pFedMe(λ2=35.0, K=1) | loss=1.1144
  [Client 16] Round 1 | Hier-pFedMe(λ2=35.0, K=1) | loss=0.8590
  [Client 19] Round 1 | Hier-pFedMe(λ2=35.0, K=1) | loss=0.8976
  [Client 13] Starting Hier-pFedMe | λ2=35.0, η2=0.02, inner_steps=1, epochs=5, batches/epoch=141
  [Client 10] Starting Hier-pFedMe | λ2=35.0, η2=0.02, inner_steps=1, epochs=5, batches/epoch=141  [Client 14] Starting Hier-pFedMe | λ2=35.0, η2=0.02, inner_steps=1, epochs=5, batches/epoch=141
  [Client 12] Starting Hier-pFedMe | λ2=35.0, η2=0.02, inner_steps=1, epochs=5, batches/epoch=141


  [Client 12] Round 1 | Hier-pFedMe(λ2=35.0, K=1) | loss=0.9464
  [Client 17] Starting Hier-pFedMe | λ2=35.0, η2=0.02, inner_steps=1, epochs=5, batches/epoch=141
  [Client 14] Round 1 | Hier-pFedMe(λ2=35.0, K=1) | loss=1.0457
  [Client 10] Round 1 | Hier-pFedMe(λ2=35.0, K=1) | loss=1.2804
  [Client 11] Starting Hier-pFedMe | λ2=35.0, η2=0.02, inner_steps=1, epochs=5, batches/epoch=141
  [Client 13] Round 1 | Hier-pFedMe(λ2=35.0, K=1) | loss=1.2446
  [Client 17] Round 1 | Hier-pFedMe(λ2=35.0, K=1) | loss=0.9067
  [Client 11] Round 1 | Hier-pFedMe(λ2=35.0, K=1) | loss=1.1544
  [Edge 1] G1 | E3 | loss=1.0709
  [Edge 1] G1 | E4 | Hier-pFedMe | Selected 10/10
  [Client 18] Received edge weights. Set local model to edge weights.
[C18] Test set: samples=750, class_dist={0: 71, 5: 79, 8: 79, 16: 71, 25: 72, 76: 70, 84: 81, 86: 67, 92: 81, 96: 79}
  [Client 15] Received edge weights. Set local model to edge weights.
[C15] Test set: samples=750, class_dist={25: 79, 28: 75, 33: 65, 39: 81, 47: 75, 53: 72, 60: 73, 81: 75, 90: 77, 94: 78}
  [Client 19] Received edge weights. Set local model to edge weights.
[C19] Test set: samples=750, class_dist={0: 66, 13: 168, 23: 137, 51: 86, 68: 65, 70: 82, 81: 64, 89: 82}
  [Client 12] Received edge weights. Set local model to edge weights.
[C12] Test set: samples=750, class_dist={17: 72, 41: 154, 47: 72, 48: 78, 54: 85, 58: 68, 69: 83, 83: 72, 96: 66}
  [Client 16] Received edge weights. Set local model to edge weights.
[C16] Test set: samples=750, class_dist={20: 75, 22: 88, 28: 62, 52: 153, 53: 84, 59: 67, 70: 71, 76: 65, 82: 85}
  [Client 11] Received edge weights. Set local model to edge weights.
[C11] Test set: samples=750, class_dist={10: 175, 12: 136, 16: 85, 17: 77, 37: 65, 40: 70, 82: 70, 87: 72}
  [Client 14] Received edge weights. Set local model to edge weights.
[C14] Test set: samples=750, class_dist={22: 68, 33: 80, 40: 81, 49: 71, 56: 79, 62: 143, 83: 80, 85: 69, 87: 79}
  [Client 17] Received edge weights. Set local model to edge weights.
[C17] Test set: samples=750, class_dist={49: 73, 56: 69, 58: 67, 60: 82, 61: 143, 69: 96, 71: 151, 85: 69}
  [Client 10] Received edge weights. Set local model to edge weights.
[C10] Test set: samples=750, class_dist={5: 74, 9: 72, 51: 87, 54: 76, 57: 149, 84: 72, 89: 78, 92: 60, 94: 82}
  [Client 13] Received edge weights. Set local model to edge weights.
[C13] Test set: samples=750, class_dist={8: 68, 9: 75, 20: 73, 37: 78, 39: 76, 48: 73, 59: 78, 68: 74, 86: 80, 90: 75}
  [Client 18] Starting Hier-pFedMe | λ2=35.0, η2=0.02, inner_steps=1, epochs=5, batches/epoch=141
  [Client 15] Starting Hier-pFedMe | λ2=35.0, η2=0.02, inner_steps=1, epochs=5, batches/epoch=141  [Client 19] Starting Hier-pFedMe | λ2=35.0, η2=0.02, inner_steps=1, epochs=5, batches/epoch=141
  [Client 12] Starting Hier-pFedMe | λ2=35.0, η2=0.02, inner_steps=1, epochs=5, batches/epoch=141

  [Client 19] Round 1 | Hier-pFedMe(λ2=35.0, K=1) | loss=0.7723
  [Client 15] Round 1 | Hier-pFedMe(λ2=35.0, K=1) | loss=0.9685  [Client 16] Starting Hier-pFedMe | λ2=35.0, η2=0.02, inner_steps=1, epochs=5, batches/epoch=141

  [Client 11] Starting Hier-pFedMe | λ2=35.0, η2=0.02, inner_steps=1, epochs=5, batches/epoch=141  [Client 18] Round 1 | Hier-pFedMe(λ2=35.0, K=1) | loss=1.1143

  [Client 12] Round 1 | Hier-pFedMe(λ2=35.0, K=1) | loss=0.7968  [Client 14] Starting Hier-pFedMe | λ2=35.0, η2=0.02, inner_steps=1, epochs=5, batches/epoch=141

  [Client 17] Starting Hier-pFedMe | λ2=35.0, η2=0.02, inner_steps=1, epochs=5, batches/epoch=141
  [Client 16] Round 1 | Hier-pFedMe(λ2=35.0, K=1) | loss=0.7340
  [Client 10] Starting Hier-pFedMe | λ2=35.0, η2=0.02, inner_steps=1, epochs=5, batches/epoch=141
  [Client 11] Round 1 | Hier-pFedMe(λ2=35.0, K=1) | loss=1.0271
  [Client 13] Starting Hier-pFedMe | λ2=35.0, η2=0.02, inner_steps=1, epochs=5, batches/epoch=141  [Client 17] Round 1 | Hier-pFedMe(λ2=35.0, K=1) | loss=0.7767  [Client 14] Round 1 | Hier-pFedMe(λ2=35.0, K=1) | loss=0.9070


  [Client 13] Round 1 | Hier-pFedMe(λ2=35.0, K=1) | loss=1.0675
  [Client 10] Round 1 | Hier-pFedMe(λ2=35.0, K=1) | loss=1.1198
  [Edge 1] G1 | E4 | loss=0.9284
  [Edge 1] G1 | E5 | Hier-pFedMe | Selected 10/10
  [Client 15] Received edge weights. Set local model to edge weights.
[C15] Test set: samples=750, class_dist={25: 79, 28: 75, 33: 65, 39: 81, 47: 75, 53: 72, 60: 73, 81: 75, 90: 77, 94: 78}
  [Client 19] Received edge weights. Set local model to edge weights.
[C19] Test set: samples=750, class_dist={0: 66, 13: 168, 23: 137, 51: 86, 68: 65, 70: 82, 81: 64, 89: 82}
  [Client 12] Received edge weights. Set local model to edge weights.
[C12] Test set: samples=750, class_dist={17: 72, 41: 154, 47: 72, 48: 78, 54: 85, 58: 68, 69: 83, 83: 72, 96: 66}
  [Client 17] Received edge weights. Set local model to edge weights.
[C17] Test set: samples=750, class_dist={49: 73, 56: 69, 58: 67, 60: 82, 61: 143, 69: 96, 71: 151, 85: 69}
  [Client 13] Received edge weights. Set local model to edge weights.
[C13] Test set: samples=750, class_dist={8: 68, 9: 75, 20: 73, 37: 78, 39: 76, 48: 73, 59: 78, 68: 74, 86: 80, 90: 75}
  [Client 11] Received edge weights. Set local model to edge weights.
[C11] Test set: samples=750, class_dist={10: 175, 12: 136, 16: 85, 17: 77, 37: 65, 40: 70, 82: 70, 87: 72}
  [Client 18] Received edge weights. Set local model to edge weights.
[C18] Test set: samples=750, class_dist={0: 71, 5: 79, 8: 79, 16: 71, 25: 72, 76: 70, 84: 81, 86: 67, 92: 81, 96: 79}
  [Client 16] Received edge weights. Set local model to edge weights.
[C16] Test set: samples=750, class_dist={20: 75, 22: 88, 28: 62, 52: 153, 53: 84, 59: 67, 70: 71, 76: 65, 82: 85}
  [Client 10] Received edge weights. Set local model to edge weights.
[C10] Test set: samples=750, class_dist={5: 74, 9: 72, 51: 87, 54: 76, 57: 149, 84: 72, 89: 78, 92: 60, 94: 82}
  [Client 14] Received edge weights. Set local model to edge weights.
[C14] Test set: samples=750, class_dist={22: 68, 33: 80, 40: 81, 49: 71, 56: 79, 62: 143, 83: 80, 85: 69, 87: 79}
  [Client 15] Starting Hier-pFedMe | λ2=35.0, η2=0.02, inner_steps=1, epochs=5, batches/epoch=141  [Client 19] Starting Hier-pFedMe | λ2=35.0, η2=0.02, inner_steps=1, epochs=5, batches/epoch=141  [Client 12] Starting Hier-pFedMe | λ2=35.0, η2=0.02, inner_steps=1, epochs=5, batches/epoch=141  [Client 17] Starting Hier-pFedMe | λ2=35.0, η2=0.02, inner_steps=1, epochs=5, batches/epoch=141



  [Client 12] Round 1 | Hier-pFedMe(λ2=35.0, K=1) | loss=0.6848  [Client 15] Round 1 | Hier-pFedMe(λ2=35.0, K=1) | loss=0.8413

  [Client 13] Starting Hier-pFedMe | λ2=35.0, η2=0.02, inner_steps=1, epochs=5, batches/epoch=141  [Client 11] Starting Hier-pFedMe | λ2=35.0, η2=0.02, inner_steps=1, epochs=5, batches/epoch=141
  [Client 17] Round 1 | Hier-pFedMe(λ2=35.0, K=1) | loss=0.6701
  [Client 19] Round 1 | Hier-pFedMe(λ2=35.0, K=1) | loss=0.6682

  [Client 18] Starting Hier-pFedMe | λ2=35.0, η2=0.02, inner_steps=1, epochs=5, batches/epoch=141  [Client 16] Starting Hier-pFedMe | λ2=35.0, η2=0.02, inner_steps=1, epochs=5, batches/epoch=141

  [Client 13] Round 1 | Hier-pFedMe(λ2=35.0, K=1) | loss=0.9133  [Client 11] Round 1 | Hier-pFedMe(λ2=35.0, K=1) | loss=0.8994
  [Client 16] Round 1 | Hier-pFedMe(λ2=35.0, K=1) | loss=0.6411

  [Client 10] Starting Hier-pFedMe | λ2=35.0, η2=0.02, inner_steps=1, epochs=5, batches/epoch=141
  [Client 14] Starting Hier-pFedMe | λ2=35.0, η2=0.02, inner_steps=1, epochs=5, batches/epoch=141
  [Client 18] Round 1 | Hier-pFedMe(λ2=35.0, K=1) | loss=0.9717
  [Client 14] Round 1 | Hier-pFedMe(λ2=35.0, K=1) | loss=0.7877
  [Client 10] Round 1 | Hier-pFedMe(λ2=35.0, K=1) | loss=0.9772
  [Edge 1] G1 | E5 | loss=0.8055
  [Cloud] Using Hier-pFedMe global aggregation (式 9).
[C0] n=750 | classes=[6, 18, 29, 30, 34, 43, 44, 55, 64, 66] | acc=0.4587 | per_class={6: '0.48', 18: '0.40', 29: '0.58', 30: '0.75', 34: '0.42', 43: '0.64', 44: '0.32', 55: '0.15', 64: '0.32', 66: '0.51'}
[C1] n=750 | classes=[1, 11, 26, 27, 29, 32, 73, 75, 99] | acc=0.5333 | per_class={1: '0.75', 11: '0.65', 26: '0.33', 27: '0.21', 29: '0.72', 32: '0.23', 73: '0.82', 75: '0.76', 99: '0.42'}
[C2] n=750 | classes=[35, 36, 38, 42, 50, 64, 72, 77, 97, 98] | acc=0.3640 | per_class={35: '0.33', 36: '0.65', 38: '0.23', 42: '0.51', 50: '0.14', 64: '0.19', 72: '0.45', 77: '0.22', 97: '0.62', 98: '0.37'}
[C3] n=750 | classes=[4, 6, 7, 14, 21, 35, 38, 65, 80] | acc=0.4480 | per_class={4: '0.10', 6: '0.55', 7: '0.70', 14: '0.40', 21: '0.89', 35: '0.37', 38: '0.39', 65: '0.17', 80: '0.30'}
[C4] n=750 | classes=[19, 31, 42, 43, 63, 66, 72, 79, 91, 98] | acc=0.4947 | per_class={19: '0.53', 31: '0.28', 42: '0.47', 43: '0.40', 63: '0.41', 66: '0.42', 72: '0.54', 79: '0.63', 91: '0.65', 98: '0.61'}
[C5] n=750 | classes=[4, 15, 19, 34, 45, 63, 74, 91, 93, 95] | acc=0.4107 | per_class={4: '0.49', 15: '0.32', 19: '0.10', 34: '0.56', 45: '0.36', 63: '0.39', 74: '0.43', 91: '0.52', 93: '0.71', 95: '0.15'}
[C6] n=750 | classes=[11, 18, 21, 32, 44, 46, 78, 88, 97] | acc=0.4880 | per_class={11: '0.47', 18: '0.76', 21: '0.55', 32: '0.62', 44: '0.15', 46: '0.33', 78: '0.39', 88: '0.49', 97: '0.66'}
[C7] n=750 | classes=[24, 31, 36, 45, 46, 50, 67, 73, 74, 80] | acc=0.4880 | per_class={24: '0.75', 31: '0.57', 36: '0.73', 45: '0.22', 46: '0.63', 50: '0.14', 67: '0.27', 73: '0.73', 74: '0.57', 80: '0.39'}
[C8] n=750 | classes=[1, 14, 24, 26, 30, 65, 75, 88, 93, 95] | acc=0.5440 | per_class={1: '0.40', 14: '0.61', 24: '0.86', 26: '0.31', 30: '0.55', 65: '0.56', 75: '0.74', 88: '0.44', 93: '0.32', 95: '0.63'}
[C9] n=750 | classes=[2, 3, 15, 27, 55, 67, 77, 79] | acc=0.5627 | per_class={2: '0.70', 3: '0.56', 15: '0.59', 27: '0.63', 55: '0.10', 67: '0.68', 77: '0.38', 79: '0.63'}
[C10] n=750 | classes=[5, 9, 51, 54, 57, 84, 89, 92, 94] | acc=0.5853 | per_class={5: '0.68', 9: '0.46', 51: '0.55', 54: '0.61', 57: '0.73', 84: '0.28', 89: '0.62', 92: '0.48', 94: '0.68'}
[C11] n=750 | classes=[10, 12, 16, 17, 37, 40, 82, 87] | acc=0.5893 | per_class={10: '0.70', 12: '0.86', 16: '0.41', 17: '0.47', 37: '0.22', 40: '0.43', 82: '0.86', 87: '0.39'}
[C12] n=750 | classes=[17, 41, 47, 48, 54, 58, 69, 83, 96] | acc=0.7187 | per_class={17: '0.90', 41: '0.84', 47: '0.75', 48: '0.65', 54: '0.62', 58: '0.51', 69: '0.77', 83: '0.81', 96: '0.44'}
[C13] n=750 | classes=[8, 9, 20, 37, 39, 48, 59, 68, 86, 90] | acc=0.6507 | per_class={8: '0.72', 9: '0.57', 20: '0.78', 37: '0.46', 39: '0.49', 48: '0.71', 59: '0.69', 68: '0.85', 86: '0.70', 90: '0.55'}
[C14] n=750 | classes=[22, 33, 40, 49, 56, 62, 83, 85, 87] | acc=0.6573 | per_class={22: '0.51', 33: '0.90', 40: '0.56', 49: '0.80', 56: '0.67', 62: '0.76', 83: '0.66', 85: '0.49', 87: '0.44'}
[C15] n=750 | classes=[25, 28, 33, 39, 47, 53, 60, 81, 90, 94] | acc=0.6547 | per_class={25: '0.39', 28: '0.72', 33: '0.52', 39: '0.69', 47: '0.87', 53: '0.85', 60: '0.92', 81: '0.41', 90: '0.57', 94: '0.62'}
[C16] n=750 | classes=[20, 22, 28, 52, 53, 59, 70, 76, 82] | acc=0.7680 | per_class={20: '0.85', 22: '0.56', 28: '0.48', 52: '0.93', 53: '0.88', 59: '0.39', 70: '0.85', 76: '0.89', 82: '0.85'}
[C17] n=750 | classes=[49, 56, 58, 60, 61, 69, 71, 85] | acc=0.7573 | per_class={49: '0.58', 56: '0.78', 58: '0.75', 60: '0.70', 61: '0.92', 69: '0.76', 71: '0.74', 85: '0.71'}
[C18] n=750 | classes=[0, 5, 8, 16, 25, 76, 84, 86, 92, 96] | acc=0.5080 | per_class={0: '0.55', 5: '0.19', 8: '0.34', 16: '0.44', 25: '0.86', 76: '0.87', 84: '0.37', 86: '0.37', 92: '0.30', 96: '0.85'}
[C19] n=750 | classes=[0, 13, 23, 51, 68, 70, 81, 89] | acc=0.6040 | per_class={0: '0.80', 13: '0.60', 23: '0.72', 51: '0.62', 68: '0.49', 70: '0.66', 81: '0.59', 89: '0.28'}
  [Cloud] GM=0.0556 | EM=0.2032 PM=0.5643 | loss=4.3412 | time=126.9s | comm=719.6MB (total=720MB)

[Round   2] Broadcasting to 2 edges...
  [Edge 0] W_n reset to global weights for new round.
  [Edge 1] W_n reset to global weights for new round.
  [Edge 0] G2 | E1 | Hier-pFedMe | Selected 10/10
  [Client  4] Received edge weights. Set local model to edge weights.
[C4] Test set: samples=750, class_dist={19: 72, 31: 69, 42: 76, 43: 75, 63: 80, 66: 80, 72: 74, 79: 81, 91: 77, 98: 66}
  [Client  1] Received edge weights. Set local model to edge weights.
[C1] Test set: samples=750, class_dist={1: 75, 11: 80, 26: 83, 27: 68, 29: 75, 32: 70, 73: 71, 75: 79, 99: 149}
  [Client  2] Received edge weights. Set local model to edge weights.
[C2] Test set: samples=750, class_dist={35: 80, 36: 63, 38: 79, 42: 77, 50: 77, 64: 79, 72: 80, 77: 72, 97: 72, 98: 71}
  [Client  3] Received edge weights. Set local model to edge weights.
[C3] Test set: samples=750, class_dist={4: 80, 6: 65, 7: 146, 14: 82, 21: 76, 35: 63, 38: 70, 65: 89, 80: 79}
  [Client  7] Received edge weights. Set local model to edge weights.
[C7] Test set: samples=750, class_dist={24: 68, 31: 72, 36: 73, 45: 74, 46: 76, 50: 79, 67: 92, 73: 75, 74: 61, 80: 80}
  [Client  0] Received edge weights. Set local model to edge weights.
[C0] Test set: samples=750, class_dist={6: 83, 18: 67, 29: 71, 30: 73, 34: 78, 43: 77, 44: 71, 55: 71, 64: 82, 66: 77}
  [Client  9] Received edge weights. Set local model to edge weights.
[C9] Test set: samples=750, class_dist={2: 167, 3: 151, 15: 78, 27: 67, 55: 68, 67: 71, 77: 66, 79: 82}
  [Client  8] Received edge weights. Set local model to edge weights.
[C8] Test set: samples=750, class_dist={1: 60, 14: 77, 24: 79, 26: 71, 30: 76, 65: 78, 75: 62, 88: 91, 93: 73, 95: 83}
  [Client  5] Received edge weights. Set local model to edge weights.
[C5] Test set: samples=750, class_dist={4: 76, 15: 79, 19: 73, 34: 66, 45: 81, 63: 90, 74: 77, 91: 69, 93: 86, 95: 53}
  [Client  6] Received edge weights. Set local model to edge weights.
[C6] Test set: samples=750, class_dist={11: 70, 18: 85, 21: 73, 32: 89, 44: 80, 46: 73, 78: 127, 88: 85, 97: 68}
  [Client  4] Starting Hier-pFedMe | λ2=35.0, η2=0.02, inner_steps=1, epochs=5, batches/epoch=141  [Client  1] Starting Hier-pFedMe | λ2=35.0, η2=0.02, inner_steps=1, epochs=5, batches/epoch=141  [Client  2] Starting Hier-pFedMe | λ2=35.0, η2=0.02, inner_steps=1, epochs=5, batches/epoch=141


  [Client  3] Starting Hier-pFedMe | λ2=35.0, η2=0.02, inner_steps=1, epochs=5, batches/epoch=141
  [Client  4] Round 2 | Hier-pFedMe(λ2=35.0, K=1) | loss=1.3860
  [Client  7] Starting Hier-pFedMe | λ2=35.0, η2=0.02, inner_steps=1, epochs=5, batches/epoch=141
  [Client  2] Round 2 | Hier-pFedMe(λ2=35.0, K=1) | loss=1.5903
  [Client  0] Starting Hier-pFedMe | λ2=35.0, η2=0.02, inner_steps=1, epochs=5, batches/epoch=141
  [Client  3] Round 2 | Hier-pFedMe(λ2=35.0, K=1) | loss=1.3783
  [Client  9] Starting Hier-pFedMe | λ2=35.0, η2=0.02, inner_steps=1, epochs=5, batches/epoch=141
  [Client  1] Round 2 | Hier-pFedMe(λ2=35.0, K=1) | loss=1.1386
  [Client  8] Starting Hier-pFedMe | λ2=35.0, η2=0.02, inner_steps=1, epochs=5, batches/epoch=141
  [Client  7] Round 2 | Hier-pFedMe(λ2=35.0, K=1) | loss=1.3168
  [Client  5] Starting Hier-pFedMe | λ2=35.0, η2=0.02, inner_steps=1, epochs=5, batches/epoch=141
  [Client  8] Round 2 | Hier-pFedMe(λ2=35.0, K=1) | loss=1.1298
  [Client  6] Starting Hier-pFedMe | λ2=35.0, η2=0.02, inner_steps=1, epochs=5, batches/epoch=141
  [Client  0] Round 2 | Hier-pFedMe(λ2=35.0, K=1) | loss=1.3937
  [Client  9] Round 2 | Hier-pFedMe(λ2=35.0, K=1) | loss=1.2652
  [Client  5] Round 2 | Hier-pFedMe(λ2=35.0, K=1) | loss=1.3462
  [Client  6] Round 2 | Hier-pFedMe(λ2=35.0, K=1) | loss=1.3747
  [Edge 0] G2 | E1 | loss=1.3320
  [Edge 0] G2 | E2 | Hier-pFedMe | Selected 10/10
  [Client  4] Received edge weights. Set local model to edge weights.
[C4] Test set: samples=750, class_dist={19: 72, 31: 69, 42: 76, 43: 75, 63: 80, 66: 80, 72: 74, 79: 81, 91: 77, 98: 66}
  [Client  9] Received edge weights. Set local model to edge weights.
[C9] Test set: samples=750, class_dist={2: 167, 3: 151, 15: 78, 27: 67, 55: 68, 67: 71, 77: 66, 79: 82}
  [Client  8] Received edge weights. Set local model to edge weights.
[C8] Test set: samples=750, class_dist={1: 60, 14: 77, 24: 79, 26: 71, 30: 76, 65: 78, 75: 62, 88: 91, 93: 73, 95: 83}
  [Client  5] Received edge weights. Set local model to edge weights.
[C5] Test set: samples=750, class_dist={4: 76, 15: 79, 19: 73, 34: 66, 45: 81, 63: 90, 74: 77, 91: 69, 93: 86, 95: 53}
  [Client  2] Received edge weights. Set local model to edge weights.
[C2] Test set: samples=750, class_dist={35: 80, 36: 63, 38: 79, 42: 77, 50: 77, 64: 79, 72: 80, 77: 72, 97: 72, 98: 71}
  [Client  0] Received edge weights. Set local model to edge weights.
[C0] Test set: samples=750, class_dist={6: 83, 18: 67, 29: 71, 30: 73, 34: 78, 43: 77, 44: 71, 55: 71, 64: 82, 66: 77}
  [Client  3] Received edge weights. Set local model to edge weights.
[C3] Test set: samples=750, class_dist={4: 80, 6: 65, 7: 146, 14: 82, 21: 76, 35: 63, 38: 70, 65: 89, 80: 79}
  [Client  7] Received edge weights. Set local model to edge weights.
[C7] Test set: samples=750, class_dist={24: 68, 31: 72, 36: 73, 45: 74, 46: 76, 50: 79, 67: 92, 73: 75, 74: 61, 80: 80}
  [Client  1] Received edge weights. Set local model to edge weights.
[C1] Test set: samples=750, class_dist={1: 75, 11: 80, 26: 83, 27: 68, 29: 75, 32: 70, 73: 71, 75: 79, 99: 149}
  [Client  6] Received edge weights. Set local model to edge weights.
[C6] Test set: samples=750, class_dist={11: 70, 18: 85, 21: 73, 32: 89, 44: 80, 46: 73, 78: 127, 88: 85, 97: 68}
  [Client  4] Starting Hier-pFedMe | λ2=35.0, η2=0.02, inner_steps=1, epochs=5, batches/epoch=141
  [Client  8] Starting Hier-pFedMe | λ2=35.0, η2=0.02, inner_steps=1, epochs=5, batches/epoch=141
  [Client  9] Starting Hier-pFedMe | λ2=35.0, η2=0.02, inner_steps=1, epochs=5, batches/epoch=141  [Client  5] Starting Hier-pFedMe | λ2=35.0, η2=0.02, inner_steps=1, epochs=5, batches/epoch=141

  [Client  9] Round 2 | Hier-pFedMe(λ2=35.0, K=1) | loss=1.0505
  [Client  2] Starting Hier-pFedMe | λ2=35.0, η2=0.02, inner_steps=1, epochs=5, batches/epoch=141
  [Client  4] Round 2 | Hier-pFedMe(λ2=35.0, K=1) | loss=1.1450
  [Client  0] Starting Hier-pFedMe | λ2=35.0, η2=0.02, inner_steps=1, epochs=5, batches/epoch=141
  [Client  8] Round 2 | Hier-pFedMe(λ2=35.0, K=1) | loss=0.9310
  [Client  3] Starting Hier-pFedMe | λ2=35.0, η2=0.02, inner_steps=1, epochs=5, batches/epoch=141
  [Client  5] Round 2 | Hier-pFedMe(λ2=35.0, K=1) | loss=1.1206
  [Client  7] Starting Hier-pFedMe | λ2=35.0, η2=0.02, inner_steps=1, epochs=5, batches/epoch=141
  [Client  2] Round 2 | Hier-pFedMe(λ2=35.0, K=1) | loss=1.3246
  [Client  1] Starting Hier-pFedMe | λ2=35.0, η2=0.02, inner_steps=1, epochs=5, batches/epoch=141
  [Client  0] Round 2 | Hier-pFedMe(λ2=35.0, K=1) | loss=1.1526
  [Client  6] Starting Hier-pFedMe | λ2=35.0, η2=0.02, inner_steps=1, epochs=5, batches/epoch=141
  [Client  3] Round 2 | Hier-pFedMe(λ2=35.0, K=1) | loss=1.1456
  [Client  7] Round 2 | Hier-pFedMe(λ2=35.0, K=1) | loss=1.1057
  [Client  1] Round 2 | Hier-pFedMe(λ2=35.0, K=1) | loss=0.9208
  [Client  6] Round 2 | Hier-pFedMe(λ2=35.0, K=1) | loss=1.1373
  [Edge 0] G2 | E2 | loss=1.1034
  [Edge 0] G2 | E3 | Hier-pFedMe | Selected 10/10
  [Client  3] Received edge weights. Set local model to edge weights.
[C3] Test set: samples=750, class_dist={4: 80, 6: 65, 7: 146, 14: 82, 21: 76, 35: 63, 38: 70, 65: 89, 80: 79}
  [Client  7] Received edge weights. Set local model to edge weights.
[C7] Test set: samples=750, class_dist={24: 68, 31: 72, 36: 73, 45: 74, 46: 76, 50: 79, 67: 92, 73: 75, 74: 61, 80: 80}
  [Client  6] Received edge weights. Set local model to edge weights.
[C6] Test set: samples=750, class_dist={11: 70, 18: 85, 21: 73, 32: 89, 44: 80, 46: 73, 78: 127, 88: 85, 97: 68}
  [Client  9] Received edge weights. Set local model to edge weights.
[C9] Test set: samples=750, class_dist={2: 167, 3: 151, 15: 78, 27: 67, 55: 68, 67: 71, 77: 66, 79: 82}
  [Client  8] Received edge weights. Set local model to edge weights.
[C8] Test set: samples=750, class_dist={1: 60, 14: 77, 24: 79, 26: 71, 30: 76, 65: 78, 75: 62, 88: 91, 93: 73, 95: 83}
  [Client  1] Received edge weights. Set local model to edge weights.
[C1] Test set: samples=750, class_dist={1: 75, 11: 80, 26: 83, 27: 68, 29: 75, 32: 70, 73: 71, 75: 79, 99: 149}
  [Client  0] Received edge weights. Set local model to edge weights.
[C0] Test set: samples=750, class_dist={6: 83, 18: 67, 29: 71, 30: 73, 34: 78, 43: 77, 44: 71, 55: 71, 64: 82, 66: 77}
  [Client  4] Received edge weights. Set local model to edge weights.
[C4] Test set: samples=750, class_dist={19: 72, 31: 69, 42: 76, 43: 75, 63: 80, 66: 80, 72: 74, 79: 81, 91: 77, 98: 66}
  [Client  5] Received edge weights. Set local model to edge weights.
[C5] Test set: samples=750, class_dist={4: 76, 15: 79, 19: 73, 34: 66, 45: 81, 63: 90, 74: 77, 91: 69, 93: 86, 95: 53}
  [Client  2] Received edge weights. Set local model to edge weights.
[C2] Test set: samples=750, class_dist={35: 80, 36: 63, 38: 79, 42: 77, 50: 77, 64: 79, 72: 80, 77: 72, 97: 72, 98: 71}
  [Client  3] Starting Hier-pFedMe | λ2=35.0, η2=0.02, inner_steps=1, epochs=5, batches/epoch=141
  [Client  7] Starting Hier-pFedMe | λ2=35.0, η2=0.02, inner_steps=1, epochs=5, batches/epoch=141
  [Client  6] Starting Hier-pFedMe | λ2=35.0, η2=0.02, inner_steps=1, epochs=5, batches/epoch=141
  [Client  9] Starting Hier-pFedMe | λ2=35.0, η2=0.02, inner_steps=1, epochs=5, batches/epoch=141
  [Client  7] Round 2 | Hier-pFedMe(λ2=35.0, K=1) | loss=0.9290
  [Client  8] Starting Hier-pFedMe | λ2=35.0, η2=0.02, inner_steps=1, epochs=5, batches/epoch=141
  [Client  6] Round 2 | Hier-pFedMe(λ2=35.0, K=1) | loss=0.9404
  [Client  1] Starting Hier-pFedMe | λ2=35.0, η2=0.02, inner_steps=1, epochs=5, batches/epoch=141
  [Client  3] Round 2 | Hier-pFedMe(λ2=35.0, K=1) | loss=0.9587
  [Client  0] Starting Hier-pFedMe | λ2=35.0, η2=0.02, inner_steps=1, epochs=5, batches/epoch=141
  [Client  9] Round 2 | Hier-pFedMe(λ2=35.0, K=1) | loss=0.8916
  [Client  4] Starting Hier-pFedMe | λ2=35.0, η2=0.02, inner_steps=1, epochs=5, batches/epoch=141
  [Client  1] Round 2 | Hier-pFedMe(λ2=35.0, K=1) | loss=0.7639
  [Client  5] Starting Hier-pFedMe | λ2=35.0, η2=0.02, inner_steps=1, epochs=5, batches/epoch=141
  [Client  8] Round 2 | Hier-pFedMe(λ2=35.0, K=1) | loss=0.7625
  [Client  2] Starting Hier-pFedMe | λ2=35.0, η2=0.02, inner_steps=1, epochs=5, batches/epoch=141
  [Client  4] Round 2 | Hier-pFedMe(λ2=35.0, K=1) | loss=0.9701
  [Client  0] Round 2 | Hier-pFedMe(λ2=35.0, K=1) | loss=0.9909
  [Client  5] Round 2 | Hier-pFedMe(λ2=35.0, K=1) | loss=0.9364
  [Client  2] Round 2 | Hier-pFedMe(λ2=35.0, K=1) | loss=1.1182
  [Edge 0] G2 | E3 | loss=0.9262
  [Edge 0] G2 | E4 | Hier-pFedMe | Selected 10/10
  [Client  1] Received edge weights. Set local model to edge weights.
[C1] Test set: samples=750, class_dist={1: 75, 11: 80, 26: 83, 27: 68, 29: 75, 32: 70, 73: 71, 75: 79, 99: 149}
  [Client  0] Received edge weights. Set local model to edge weights.
[C0] Test set: samples=750, class_dist={6: 83, 18: 67, 29: 71, 30: 73, 34: 78, 43: 77, 44: 71, 55: 71, 64: 82, 66: 77}
  [Client  7] Received edge weights. Set local model to edge weights.
[C7] Test set: samples=750, class_dist={24: 68, 31: 72, 36: 73, 45: 74, 46: 76, 50: 79, 67: 92, 73: 75, 74: 61, 80: 80}
  [Client  6] Received edge weights. Set local model to edge weights.
[C6] Test set: samples=750, class_dist={11: 70, 18: 85, 21: 73, 32: 89, 44: 80, 46: 73, 78: 127, 88: 85, 97: 68}
  [Client  3] Received edge weights. Set local model to edge weights.
[C3] Test set: samples=750, class_dist={4: 80, 6: 65, 7: 146, 14: 82, 21: 76, 35: 63, 38: 70, 65: 89, 80: 79}
  [Client  9] Received edge weights. Set local model to edge weights.
[C9] Test set: samples=750, class_dist={2: 167, 3: 151, 15: 78, 27: 67, 55: 68, 67: 71, 77: 66, 79: 82}
  [Client  4] Received edge weights. Set local model to edge weights.
[C4] Test set: samples=750, class_dist={19: 72, 31: 69, 42: 76, 43: 75, 63: 80, 66: 80, 72: 74, 79: 81, 91: 77, 98: 66}
  [Client  2] Received edge weights. Set local model to edge weights.
[C2] Test set: samples=750, class_dist={35: 80, 36: 63, 38: 79, 42: 77, 50: 77, 64: 79, 72: 80, 77: 72, 97: 72, 98: 71}
  [Client  5] Received edge weights. Set local model to edge weights.
[C5] Test set: samples=750, class_dist={4: 76, 15: 79, 19: 73, 34: 66, 45: 81, 63: 90, 74: 77, 91: 69, 93: 86, 95: 53}
  [Client  8] Received edge weights. Set local model to edge weights.
[C8] Test set: samples=750, class_dist={1: 60, 14: 77, 24: 79, 26: 71, 30: 76, 65: 78, 75: 62, 88: 91, 93: 73, 95: 83}
  [Client  1] Starting Hier-pFedMe | λ2=35.0, η2=0.02, inner_steps=1, epochs=5, batches/epoch=141
  [Client  0] Starting Hier-pFedMe | λ2=35.0, η2=0.02, inner_steps=1, epochs=5, batches/epoch=141
  [Client  7] Starting Hier-pFedMe | λ2=35.0, η2=0.02, inner_steps=1, epochs=5, batches/epoch=141  [Client  6] Starting Hier-pFedMe | λ2=35.0, η2=0.02, inner_steps=1, epochs=5, batches/epoch=141

  [Client  0] Round 2 | Hier-pFedMe(λ2=35.0, K=1) | loss=0.8237
  [Client  3] Starting Hier-pFedMe | λ2=35.0, η2=0.02, inner_steps=1, epochs=5, batches/epoch=141
  [Client  7] Round 2 | Hier-pFedMe(λ2=35.0, K=1) | loss=0.7847
  [Client  9] Starting Hier-pFedMe | λ2=35.0, η2=0.02, inner_steps=1, epochs=5, batches/epoch=141
  [Client  1] Round 2 | Hier-pFedMe(λ2=35.0, K=1) | loss=0.6407
  [Client  4] Starting Hier-pFedMe | λ2=35.0, η2=0.02, inner_steps=1, epochs=5, batches/epoch=141
  [Client  6] Round 2 | Hier-pFedMe(λ2=35.0, K=1) | loss=0.7762
  [Client  2] Starting Hier-pFedMe | λ2=35.0, η2=0.02, inner_steps=1, epochs=5, batches/epoch=141
  [Client  3] Round 2 | Hier-pFedMe(λ2=35.0, K=1) | loss=0.7947
  [Client  5] Starting Hier-pFedMe | λ2=35.0, η2=0.02, inner_steps=1, epochs=5, batches/epoch=141
  [Client  4] Round 2 | Hier-pFedMe(λ2=35.0, K=1) | loss=0.7960
  [Client  8] Starting Hier-pFedMe | λ2=35.0, η2=0.02, inner_steps=1, epochs=5, batches/epoch=141
  [Client  9] Round 2 | Hier-pFedMe(λ2=35.0, K=1) | loss=0.7418
  [Client  2] Round 2 | Hier-pFedMe(λ2=35.0, K=1) | loss=0.9288
  [Client  8] Round 2 | Hier-pFedMe(λ2=35.0, K=1) | loss=0.6446
  [Client  5] Round 2 | Hier-pFedMe(λ2=35.0, K=1) | loss=0.7755
  [Edge 0] G2 | E4 | loss=0.7707
  [Edge 0] G2 | E5 | Hier-pFedMe | Selected 10/10
  [Client  4] Received edge weights. Set local model to edge weights.
[C4] Test set: samples=750, class_dist={19: 72, 31: 69, 42: 76, 43: 75, 63: 80, 66: 80, 72: 74, 79: 81, 91: 77, 98: 66}
  [Client  1] Received edge weights. Set local model to edge weights.
[C1] Test set: samples=750, class_dist={1: 75, 11: 80, 26: 83, 27: 68, 29: 75, 32: 70, 73: 71, 75: 79, 99: 149}
  [Client  5] Received edge weights. Set local model to edge weights.
[C5] Test set: samples=750, class_dist={4: 76, 15: 79, 19: 73, 34: 66, 45: 81, 63: 90, 74: 77, 91: 69, 93: 86, 95: 53}
  [Client  9] Received edge weights. Set local model to edge weights.
[C9] Test set: samples=750, class_dist={2: 167, 3: 151, 15: 78, 27: 67, 55: 68, 67: 71, 77: 66, 79: 82}
  [Client  2] Received edge weights. Set local model to edge weights.
[C2] Test set: samples=750, class_dist={35: 80, 36: 63, 38: 79, 42: 77, 50: 77, 64: 79, 72: 80, 77: 72, 97: 72, 98: 71}
  [Client  7] Received edge weights. Set local model to edge weights.
[C7] Test set: samples=750, class_dist={24: 68, 31: 72, 36: 73, 45: 74, 46: 76, 50: 79, 67: 92, 73: 75, 74: 61, 80: 80}
  [Client  0] Received edge weights. Set local model to edge weights.
[C0] Test set: samples=750, class_dist={6: 83, 18: 67, 29: 71, 30: 73, 34: 78, 43: 77, 44: 71, 55: 71, 64: 82, 66: 77}
  [Client  8] Received edge weights. Set local model to edge weights.
[C8] Test set: samples=750, class_dist={1: 60, 14: 77, 24: 79, 26: 71, 30: 76, 65: 78, 75: 62, 88: 91, 93: 73, 95: 83}
  [Client  3] Received edge weights. Set local model to edge weights.
[C3] Test set: samples=750, class_dist={4: 80, 6: 65, 7: 146, 14: 82, 21: 76, 35: 63, 38: 70, 65: 89, 80: 79}
  [Client  6] Received edge weights. Set local model to edge weights.
[C6] Test set: samples=750, class_dist={11: 70, 18: 85, 21: 73, 32: 89, 44: 80, 46: 73, 78: 127, 88: 85, 97: 68}
  [Client  4] Starting Hier-pFedMe | λ2=35.0, η2=0.02, inner_steps=1, epochs=5, batches/epoch=141
  [Client  1] Starting Hier-pFedMe | λ2=35.0, η2=0.02, inner_steps=1, epochs=5, batches/epoch=141
  [Client  5] Starting Hier-pFedMe | λ2=35.0, η2=0.02, inner_steps=1, epochs=5, batches/epoch=141
  [Client  9] Starting Hier-pFedMe | λ2=35.0, η2=0.02, inner_steps=1, epochs=5, batches/epoch=141
  [Client  5] Round 2 | Hier-pFedMe(λ2=35.0, K=1) | loss=0.6518
  [Client  2] Starting Hier-pFedMe | λ2=35.0, η2=0.02, inner_steps=1, epochs=5, batches/epoch=141
  [Client  4] Round 2 | Hier-pFedMe(λ2=35.0, K=1) | loss=0.6695
  [Client  7] Starting Hier-pFedMe | λ2=35.0, η2=0.02, inner_steps=1, epochs=5, batches/epoch=141
  [Client  9] Round 2 | Hier-pFedMe(λ2=35.0, K=1) | loss=0.6284
  [Client  0] Starting Hier-pFedMe | λ2=35.0, η2=0.02, inner_steps=1, epochs=5, batches/epoch=141
  [Client  1] Round 2 | Hier-pFedMe(λ2=35.0, K=1) | loss=0.5401
  [Client  8] Starting Hier-pFedMe | λ2=35.0, η2=0.02, inner_steps=1, epochs=5, batches/epoch=141
  [Client  2] Round 2 | Hier-pFedMe(λ2=35.0, K=1) | loss=0.7741
  [Client  3] Starting Hier-pFedMe | λ2=35.0, η2=0.02, inner_steps=1, epochs=5, batches/epoch=141
  [Client  0] Round 2 | Hier-pFedMe(λ2=35.0, K=1) | loss=0.6850
  [Client  6] Starting Hier-pFedMe | λ2=35.0, η2=0.02, inner_steps=1, epochs=5, batches/epoch=141
  [Client  7] Round 2 | Hier-pFedMe(λ2=35.0, K=1) | loss=0.6666
  [Client  8] Round 2 | Hier-pFedMe(λ2=35.0, K=1) | loss=0.5401
  [Client  6] Round 2 | Hier-pFedMe(λ2=35.0, K=1) | loss=0.6478
  [Client  3] Round 2 | Hier-pFedMe(λ2=35.0, K=1) | loss=0.6657
  [Edge 0] G2 | E5 | loss=0.6469
  [Edge 1] G2 | E1 | Hier-pFedMe | Selected 10/10
  [Client 19] Received edge weights. Set local model to edge weights.
[C19] Test set: samples=750, class_dist={0: 66, 13: 168, 23: 137, 51: 86, 68: 65, 70: 82, 81: 64, 89: 82}
  [Client 14] Received edge weights. Set local model to edge weights.
[C14] Test set: samples=750, class_dist={22: 68, 33: 80, 40: 81, 49: 71, 56: 79, 62: 143, 83: 80, 85: 69, 87: 79}
  [Client 16] Received edge weights. Set local model to edge weights.
[C16] Test set: samples=750, class_dist={20: 75, 22: 88, 28: 62, 52: 153, 53: 84, 59: 67, 70: 71, 76: 65, 82: 85}
  [Client 18] Received edge weights. Set local model to edge weights.
[C18] Test set: samples=750, class_dist={0: 71, 5: 79, 8: 79, 16: 71, 25: 72, 76: 70, 84: 81, 86: 67, 92: 81, 96: 79}
  [Client 10] Received edge weights. Set local model to edge weights.
[C10] Test set: samples=750, class_dist={5: 74, 9: 72, 51: 87, 54: 76, 57: 149, 84: 72, 89: 78, 92: 60, 94: 82}
  [Client 17] Received edge weights. Set local model to edge weights.
[C17] Test set: samples=750, class_dist={49: 73, 56: 69, 58: 67, 60: 82, 61: 143, 69: 96, 71: 151, 85: 69}
  [Client 15] Received edge weights. Set local model to edge weights.
[C15] Test set: samples=750, class_dist={25: 79, 28: 75, 33: 65, 39: 81, 47: 75, 53: 72, 60: 73, 81: 75, 90: 77, 94: 78}
  [Client 12] Received edge weights. Set local model to edge weights.
[C12] Test set: samples=750, class_dist={17: 72, 41: 154, 47: 72, 48: 78, 54: 85, 58: 68, 69: 83, 83: 72, 96: 66}
  [Client 11] Received edge weights. Set local model to edge weights.
[C11] Test set: samples=750, class_dist={10: 175, 12: 136, 16: 85, 17: 77, 37: 65, 40: 70, 82: 70, 87: 72}
  [Client 13] Received edge weights. Set local model to edge weights.
[C13] Test set: samples=750, class_dist={8: 68, 9: 75, 20: 73, 37: 78, 39: 76, 48: 73, 59: 78, 68: 74, 86: 80, 90: 75}
  [Client 19] Starting Hier-pFedMe | λ2=35.0, η2=0.02, inner_steps=1, epochs=5, batches/epoch=141
  [Client 14] Starting Hier-pFedMe | λ2=35.0, η2=0.02, inner_steps=1, epochs=5, batches/epoch=141  [Client 16] Starting Hier-pFedMe | λ2=35.0, η2=0.02, inner_steps=1, epochs=5, batches/epoch=141  [Client 18] Starting Hier-pFedMe | λ2=35.0, η2=0.02, inner_steps=1, epochs=5, batches/epoch=141


  [Client 14] Round 2 | Hier-pFedMe(λ2=35.0, K=1) | loss=0.9074
  [Client 10] Starting Hier-pFedMe | λ2=35.0, η2=0.02, inner_steps=1, epochs=5, batches/epoch=141
  [Client 16] Round 2 | Hier-pFedMe(λ2=35.0, K=1) | loss=0.7366
  [Client 17] Starting Hier-pFedMe | λ2=35.0, η2=0.02, inner_steps=1, epochs=5, batches/epoch=141
  [Client 18] Round 2 | Hier-pFedMe(λ2=35.0, K=1) | loss=1.1090
  [Client 15] Starting Hier-pFedMe | λ2=35.0, η2=0.02, inner_steps=1, epochs=5, batches/epoch=141
  [Client 19] Round 2 | Hier-pFedMe(λ2=35.0, K=1) | loss=0.7864
  [Client 12] Starting Hier-pFedMe | λ2=35.0, η2=0.02, inner_steps=1, epochs=5, batches/epoch=141
  [Client 17] Round 2 | Hier-pFedMe(λ2=35.0, K=1) | loss=0.7861
  [Client 11] Starting Hier-pFedMe | λ2=35.0, η2=0.02, inner_steps=1, epochs=5, batches/epoch=141
  [Client 15] Round 2 | Hier-pFedMe(λ2=35.0, K=1) | loss=0.9751
  [Client 13] Starting Hier-pFedMe | λ2=35.0, η2=0.02, inner_steps=1, epochs=5, batches/epoch=141
  [Client 10] Round 2 | Hier-pFedMe(λ2=35.0, K=1) | loss=1.1228
  [Client 12] Round 2 | Hier-pFedMe(λ2=35.0, K=1) | loss=0.8106
  [Client 11] Round 2 | Hier-pFedMe(λ2=35.0, K=1) | loss=1.0316
  [Client 13] Round 2 | Hier-pFedMe(λ2=35.0, K=1) | loss=1.0746
  [Edge 1] G2 | E1 | loss=0.9340
  [Edge 1] G2 | E2 | Hier-pFedMe | Selected 10/10
  [Client 12] Received edge weights. Set local model to edge weights.
[C12] Test set: samples=750, class_dist={17: 72, 41: 154, 47: 72, 48: 78, 54: 85, 58: 68, 69: 83, 83: 72, 96: 66}
  [Client 15] Received edge weights. Set local model to edge weights.
[C15] Test set: samples=750, class_dist={25: 79, 28: 75, 33: 65, 39: 81, 47: 75, 53: 72, 60: 73, 81: 75, 90: 77, 94: 78}
  [Client 19] Received edge weights. Set local model to edge weights.
[C19] Test set: samples=750, class_dist={0: 66, 13: 168, 23: 137, 51: 86, 68: 65, 70: 82, 81: 64, 89: 82}
  [Client 13] Received edge weights. Set local model to edge weights.
[C13] Test set: samples=750, class_dist={8: 68, 9: 75, 20: 73, 37: 78, 39: 76, 48: 73, 59: 78, 68: 74, 86: 80, 90: 75}
  [Client 18] Received edge weights. Set local model to edge weights.
[C18] Test set: samples=750, class_dist={0: 71, 5: 79, 8: 79, 16: 71, 25: 72, 76: 70, 84: 81, 86: 67, 92: 81, 96: 79}
  [Client 14] Received edge weights. Set local model to edge weights.
[C14] Test set: samples=750, class_dist={22: 68, 33: 80, 40: 81, 49: 71, 56: 79, 62: 143, 83: 80, 85: 69, 87: 79}
  [Client 17] Received edge weights. Set local model to edge weights.
[C17] Test set: samples=750, class_dist={49: 73, 56: 69, 58: 67, 60: 82, 61: 143, 69: 96, 71: 151, 85: 69}
  [Client 16] Received edge weights. Set local model to edge weights.
[C16] Test set: samples=750, class_dist={20: 75, 22: 88, 28: 62, 52: 153, 53: 84, 59: 67, 70: 71, 76: 65, 82: 85}
  [Client 10] Received edge weights. Set local model to edge weights.
[C10] Test set: samples=750, class_dist={5: 74, 9: 72, 51: 87, 54: 76, 57: 149, 84: 72, 89: 78, 92: 60, 94: 82}
  [Client 11] Received edge weights. Set local model to edge weights.
[C11] Test set: samples=750, class_dist={10: 175, 12: 136, 16: 85, 17: 77, 37: 65, 40: 70, 82: 70, 87: 72}
  [Client 12] Starting Hier-pFedMe | λ2=35.0, η2=0.02, inner_steps=1, epochs=5, batches/epoch=141  [Client 15] Starting Hier-pFedMe | λ2=35.0, η2=0.02, inner_steps=1, epochs=5, batches/epoch=141
  [Client 19] Starting Hier-pFedMe | λ2=35.0, η2=0.02, inner_steps=1, epochs=5, batches/epoch=141
  [Client 13] Starting Hier-pFedMe | λ2=35.0, η2=0.02, inner_steps=1, epochs=5, batches/epoch=141

  [Client 19] Round 2 | Hier-pFedMe(λ2=35.0, K=1) | loss=0.6191
  [Client 18] Starting Hier-pFedMe | λ2=35.0, η2=0.02, inner_steps=1, epochs=5, batches/epoch=141
  [Client 15] Round 2 | Hier-pFedMe(λ2=35.0, K=1) | loss=0.7673
  [Client 14] Starting Hier-pFedMe | λ2=35.0, η2=0.02, inner_steps=1, epochs=5, batches/epoch=141
  [Client 12] Round 2 | Hier-pFedMe(λ2=35.0, K=1) | loss=0.6204
  [Client 17] Starting Hier-pFedMe | λ2=35.0, η2=0.02, inner_steps=1, epochs=5, batches/epoch=141
  [Client 13] Round 2 | Hier-pFedMe(λ2=35.0, K=1) | loss=0.8351
  [Client 16] Starting Hier-pFedMe | λ2=35.0, η2=0.02, inner_steps=1, epochs=5, batches/epoch=141
  [Client 14] Round 2 | Hier-pFedMe(λ2=35.0, K=1) | loss=0.7213
  [Client 10] Starting Hier-pFedMe | λ2=35.0, η2=0.02, inner_steps=1, epochs=5, batches/epoch=141
  [Client 18] Round 2 | Hier-pFedMe(λ2=35.0, K=1) | loss=0.8911
  [Client 11] Starting Hier-pFedMe | λ2=35.0, η2=0.02, inner_steps=1, epochs=5, batches/epoch=141
  [Client 17] Round 2 | Hier-pFedMe(λ2=35.0, K=1) | loss=0.6260
  [Client 16] Round 2 | Hier-pFedMe(λ2=35.0, K=1) | loss=0.5771
  [Client 11] Round 2 | Hier-pFedMe(λ2=35.0, K=1) | loss=0.8313
  [Client 10] Round 2 | Hier-pFedMe(λ2=35.0, K=1) | loss=0.9013
  [Edge 1] G2 | E2 | loss=0.7390
  [Edge 1] G2 | E3 | Hier-pFedMe | Selected 10/10
  [Client 19] Received edge weights. Set local model to edge weights.
[C19] Test set: samples=750, class_dist={0: 66, 13: 168, 23: 137, 51: 86, 68: 65, 70: 82, 81: 64, 89: 82}
  [Client 12] Received edge weights. Set local model to edge weights.
[C12] Test set: samples=750, class_dist={17: 72, 41: 154, 47: 72, 48: 78, 54: 85, 58: 68, 69: 83, 83: 72, 96: 66}
  [Client 16] Received edge weights. Set local model to edge weights.
[C16] Test set: samples=750, class_dist={20: 75, 22: 88, 28: 62, 52: 153, 53: 84, 59: 67, 70: 71, 76: 65, 82: 85}
  [Client 18] Received edge weights. Set local model to edge weights.
[C18] Test set: samples=750, class_dist={0: 71, 5: 79, 8: 79, 16: 71, 25: 72, 76: 70, 84: 81, 86: 67, 92: 81, 96: 79}
  [Client 15] Received edge weights. Set local model to edge weights.
[C15] Test set: samples=750, class_dist={25: 79, 28: 75, 33: 65, 39: 81, 47: 75, 53: 72, 60: 73, 81: 75, 90: 77, 94: 78}
  [Client 10] Received edge weights. Set local model to edge weights.
[C10] Test set: samples=750, class_dist={5: 74, 9: 72, 51: 87, 54: 76, 57: 149, 84: 72, 89: 78, 92: 60, 94: 82}
  [Client 13] Received edge weights. Set local model to edge weights.
[C13] Test set: samples=750, class_dist={8: 68, 9: 75, 20: 73, 37: 78, 39: 76, 48: 73, 59: 78, 68: 74, 86: 80, 90: 75}
  [Client 17] Received edge weights. Set local model to edge weights.
[C17] Test set: samples=750, class_dist={49: 73, 56: 69, 58: 67, 60: 82, 61: 143, 69: 96, 71: 151, 85: 69}
  [Client 14] Received edge weights. Set local model to edge weights.
[C14] Test set: samples=750, class_dist={22: 68, 33: 80, 40: 81, 49: 71, 56: 79, 62: 143, 83: 80, 85: 69, 87: 79}
  [Client 11] Received edge weights. Set local model to edge weights.
[C11] Test set: samples=750, class_dist={10: 175, 12: 136, 16: 85, 17: 77, 37: 65, 40: 70, 82: 70, 87: 72}
  [Client 19] Starting Hier-pFedMe | λ2=35.0, η2=0.02, inner_steps=1, epochs=5, batches/epoch=141
  [Client 12] Starting Hier-pFedMe | λ2=35.0, η2=0.02, inner_steps=1, epochs=5, batches/epoch=141  [Client 16] Starting Hier-pFedMe | λ2=35.0, η2=0.02, inner_steps=1, epochs=5, batches/epoch=141

  [Client 18] Starting Hier-pFedMe | λ2=35.0, η2=0.02, inner_steps=1, epochs=5, batches/epoch=141
  [Client 19] Round 2 | Hier-pFedMe(λ2=35.0, K=1) | loss=0.5148
  [Client 15] Starting Hier-pFedMe | λ2=35.0, η2=0.02, inner_steps=1, epochs=5, batches/epoch=141
  [Client 18] Round 2 | Hier-pFedMe(λ2=35.0, K=1) | loss=0.7491
  [Client 10] Starting Hier-pFedMe | λ2=35.0, η2=0.02, inner_steps=1, epochs=5, batches/epoch=141
  [Client 16] Round 2 | Hier-pFedMe(λ2=35.0, K=1) | loss=0.4840
  [Client 13] Starting Hier-pFedMe | λ2=35.0, η2=0.02, inner_steps=1, epochs=5, batches/epoch=141
  [Client 12] Round 2 | Hier-pFedMe(λ2=35.0, K=1) | loss=0.5216
  [Client 17] Starting Hier-pFedMe | λ2=35.0, η2=0.02, inner_steps=1, epochs=5, batches/epoch=141
  [Client 10] Round 2 | Hier-pFedMe(λ2=35.0, K=1) | loss=0.7527
  [Client 14] Starting Hier-pFedMe | λ2=35.0, η2=0.02, inner_steps=1, epochs=5, batches/epoch=141
  [Client 13] Round 2 | Hier-pFedMe(λ2=35.0, K=1) | loss=0.7030
  [Client 11] Starting Hier-pFedMe | λ2=35.0, η2=0.02, inner_steps=1, epochs=5, batches/epoch=141
  [Client 15] Round 2 | Hier-pFedMe(λ2=35.0, K=1) | loss=0.6396
  [Client 17] Round 2 | Hier-pFedMe(λ2=35.0, K=1) | loss=0.5276
  [Client 14] Round 2 | Hier-pFedMe(λ2=35.0, K=1) | loss=0.5966
  [Client 11] Round 2 | Hier-pFedMe(λ2=35.0, K=1) | loss=0.7006
  [Edge 1] G2 | E3 | loss=0.6190
  [Edge 1] G2 | E4 | Hier-pFedMe | Selected 10/10
  [Client 14] Received edge weights. Set local model to edge weights.
[C14] Test set: samples=750, class_dist={22: 68, 33: 80, 40: 81, 49: 71, 56: 79, 62: 143, 83: 80, 85: 69, 87: 79}
  [Client 15] Received edge weights. Set local model to edge weights.
[C15] Test set: samples=750, class_dist={25: 79, 28: 75, 33: 65, 39: 81, 47: 75, 53: 72, 60: 73, 81: 75, 90: 77, 94: 78}
  [Client 10] Received edge weights. Set local model to edge weights.
[C10] Test set: samples=750, class_dist={5: 74, 9: 72, 51: 87, 54: 76, 57: 149, 84: 72, 89: 78, 92: 60, 94: 82}
  [Client 16] Received edge weights. Set local model to edge weights.
[C16] Test set: samples=750, class_dist={20: 75, 22: 88, 28: 62, 52: 153, 53: 84, 59: 67, 70: 71, 76: 65, 82: 85}
  [Client 17] Received edge weights. Set local model to edge weights.
[C17] Test set: samples=750, class_dist={49: 73, 56: 69, 58: 67, 60: 82, 61: 143, 69: 96, 71: 151, 85: 69}
  [Client 13] Received edge weights. Set local model to edge weights.
[C13] Test set: samples=750, class_dist={8: 68, 9: 75, 20: 73, 37: 78, 39: 76, 48: 73, 59: 78, 68: 74, 86: 80, 90: 75}
  [Client 18] Received edge weights. Set local model to edge weights.
[C18] Test set: samples=750, class_dist={0: 71, 5: 79, 8: 79, 16: 71, 25: 72, 76: 70, 84: 81, 86: 67, 92: 81, 96: 79}
  [Client 12] Received edge weights. Set local model to edge weights.
[C12] Test set: samples=750, class_dist={17: 72, 41: 154, 47: 72, 48: 78, 54: 85, 58: 68, 69: 83, 83: 72, 96: 66}
  [Client 11] Received edge weights. Set local model to edge weights.
[C11] Test set: samples=750, class_dist={10: 175, 12: 136, 16: 85, 17: 77, 37: 65, 40: 70, 82: 70, 87: 72}
  [Client 19] Received edge weights. Set local model to edge weights.
[C19] Test set: samples=750, class_dist={0: 66, 13: 168, 23: 137, 51: 86, 68: 65, 70: 82, 81: 64, 89: 82}
  [Client 14] Starting Hier-pFedMe | λ2=35.0, η2=0.02, inner_steps=1, epochs=5, batches/epoch=141
  [Client 15] Starting Hier-pFedMe | λ2=35.0, η2=0.02, inner_steps=1, epochs=5, batches/epoch=141
  [Client 16] Starting Hier-pFedMe | λ2=35.0, η2=0.02, inner_steps=1, epochs=5, batches/epoch=141  [Client 10] Starting Hier-pFedMe | λ2=35.0, η2=0.02, inner_steps=1, epochs=5, batches/epoch=141

  [Client 16] Round 2 | Hier-pFedMe(λ2=35.0, K=1) | loss=0.4208
  [Client 17] Starting Hier-pFedMe | λ2=35.0, η2=0.02, inner_steps=1, epochs=5, batches/epoch=141
  [Client 15] Round 2 | Hier-pFedMe(λ2=35.0, K=1) | loss=0.5447  [Client 10] Round 2 | Hier-pFedMe(λ2=35.0, K=1) | loss=0.6306

  [Client 18] Starting Hier-pFedMe | λ2=35.0, η2=0.02, inner_steps=1, epochs=5, batches/epoch=141  [Client 13] Starting Hier-pFedMe | λ2=35.0, η2=0.02, inner_steps=1, epochs=5, batches/epoch=141

  [Client 14] Round 2 | Hier-pFedMe(λ2=35.0, K=1) | loss=0.5090
  [Client 12] Starting Hier-pFedMe | λ2=35.0, η2=0.02, inner_steps=1, epochs=5, batches/epoch=141
  [Client 12] Round 2 | Hier-pFedMe(λ2=35.0, K=1) | loss=0.4419
  [Client 11] Starting Hier-pFedMe | λ2=35.0, η2=0.02, inner_steps=1, epochs=5, batches/epoch=141
  [Client 17] Round 2 | Hier-pFedMe(λ2=35.0, K=1) | loss=0.4575
  [Client 19] Starting Hier-pFedMe | λ2=35.0, η2=0.02, inner_steps=1, epochs=5, batches/epoch=141
  [Client 18] Round 2 | Hier-pFedMe(λ2=35.0, K=1) | loss=0.6338
  [Client 13] Round 2 | Hier-pFedMe(λ2=35.0, K=1) | loss=0.5796
  [Client 11] Round 2 | Hier-pFedMe(λ2=35.0, K=1) | loss=0.5881
  [Client 19] Round 2 | Hier-pFedMe(λ2=35.0, K=1) | loss=0.4354
  [Edge 1] G2 | E4 | loss=0.5241
  [Edge 1] G2 | E5 | Hier-pFedMe | Selected 10/10
  [Client 13] Received edge weights. Set local model to edge weights.
[C13] Test set: samples=750, class_dist={8: 68, 9: 75, 20: 73, 37: 78, 39: 76, 48: 73, 59: 78, 68: 74, 86: 80, 90: 75}
  [Client 12] Received edge weights. Set local model to edge weights.
[C12] Test set: samples=750, class_dist={17: 72, 41: 154, 47: 72, 48: 78, 54: 85, 58: 68, 69: 83, 83: 72, 96: 66}
  [Client 14] Received edge weights. Set local model to edge weights.
[C14] Test set: samples=750, class_dist={22: 68, 33: 80, 40: 81, 49: 71, 56: 79, 62: 143, 83: 80, 85: 69, 87: 79}
  [Client 16] Received edge weights. Set local model to edge weights.
[C16] Test set: samples=750, class_dist={20: 75, 22: 88, 28: 62, 52: 153, 53: 84, 59: 67, 70: 71, 76: 65, 82: 85}
  [Client 10] Received edge weights. Set local model to edge weights.
[C10] Test set: samples=750, class_dist={5: 74, 9: 72, 51: 87, 54: 76, 57: 149, 84: 72, 89: 78, 92: 60, 94: 82}
  [Client 18] Received edge weights. Set local model to edge weights.
[C18] Test set: samples=750, class_dist={0: 71, 5: 79, 8: 79, 16: 71, 25: 72, 76: 70, 84: 81, 86: 67, 92: 81, 96: 79}
  [Client 19] Received edge weights. Set local model to edge weights.
[C19] Test set: samples=750, class_dist={0: 66, 13: 168, 23: 137, 51: 86, 68: 65, 70: 82, 81: 64, 89: 82}
  [Client 15] Received edge weights. Set local model to edge weights.
[C15] Test set: samples=750, class_dist={25: 79, 28: 75, 33: 65, 39: 81, 47: 75, 53: 72, 60: 73, 81: 75, 90: 77, 94: 78}
  [Client 17] Received edge weights. Set local model to edge weights.
[C17] Test set: samples=750, class_dist={49: 73, 56: 69, 58: 67, 60: 82, 61: 143, 69: 96, 71: 151, 85: 69}
  [Client 11] Received edge weights. Set local model to edge weights.
[C11] Test set: samples=750, class_dist={10: 175, 12: 136, 16: 85, 17: 77, 37: 65, 40: 70, 82: 70, 87: 72}
  [Client 13] Starting Hier-pFedMe | λ2=35.0, η2=0.02, inner_steps=1, epochs=5, batches/epoch=141  [Client 12] Starting Hier-pFedMe | λ2=35.0, η2=0.02, inner_steps=1, epochs=5, batches/epoch=141

  [Client 14] Starting Hier-pFedMe | λ2=35.0, η2=0.02, inner_steps=1, epochs=5, batches/epoch=141
  [Client 16] Starting Hier-pFedMe | λ2=35.0, η2=0.02, inner_steps=1, epochs=5, batches/epoch=141
  [Client 13] Round 2 | Hier-pFedMe(λ2=35.0, K=1) | loss=0.4876
  [Client 10] Starting Hier-pFedMe | λ2=35.0, η2=0.02, inner_steps=1, epochs=5, batches/epoch=141
  [Client 16] Round 2 | Hier-pFedMe(λ2=35.0, K=1) | loss=0.3637
  [Client 18] Starting Hier-pFedMe | λ2=35.0, η2=0.02, inner_steps=1, epochs=5, batches/epoch=141
  [Client 12] Round 2 | Hier-pFedMe(λ2=35.0, K=1) | loss=0.3796
  [Client 19] Starting Hier-pFedMe | λ2=35.0, η2=0.02, inner_steps=1, epochs=5, batches/epoch=141
  [Client 14] Round 2 | Hier-pFedMe(λ2=35.0, K=1) | loss=0.4319
  [Client 15] Starting Hier-pFedMe | λ2=35.0, η2=0.02, inner_steps=1, epochs=5, batches/epoch=141
  [Client 10] Round 2 | Hier-pFedMe(λ2=35.0, K=1) | loss=0.5421
  [Client 17] Starting Hier-pFedMe | λ2=35.0, η2=0.02, inner_steps=1, epochs=5, batches/epoch=141
  [Client 18] Round 2 | Hier-pFedMe(λ2=35.0, K=1) | loss=0.5443
  [Client 11] Starting Hier-pFedMe | λ2=35.0, η2=0.02, inner_steps=1, epochs=5, batches/epoch=141
  [Client 15] Round 2 | Hier-pFedMe(λ2=35.0, K=1) | loss=0.4668
  [Client 19] Round 2 | Hier-pFedMe(λ2=35.0, K=1) | loss=0.3661
  [Client 17] Round 2 | Hier-pFedMe(λ2=35.0, K=1) | loss=0.3913
  [Client 11] Round 2 | Hier-pFedMe(λ2=35.0, K=1) | loss=0.5050
  [Edge 1] G2 | E5 | loss=0.4478
  [Cloud] Using Hier-pFedMe global aggregation (式 9).
[C0] n=750 | classes=[6, 18, 29, 30, 34, 43, 44, 55, 64, 66] | acc=0.4507 | per_class={6: '0.39', 18: '0.43', 29: '0.62', 30: '0.78', 34: '0.53', 43: '0.44', 44: '0.27', 55: '0.27', 64: '0.26', 66: '0.55'}
[C1] n=750 | classes=[1, 11, 26, 27, 29, 32, 73, 75, 99] | acc=0.6227 | per_class={1: '0.68', 11: '0.53', 26: '0.43', 27: '0.54', 29: '0.51', 32: '0.44', 73: '0.73', 75: '0.81', 99: '0.78'}
[C2] n=750 | classes=[35, 36, 38, 42, 50, 64, 72, 77, 97, 98] | acc=0.3853 | per_class={35: '0.42', 36: '0.52', 38: '0.29', 42: '0.39', 50: '0.26', 64: '0.25', 72: '0.53', 77: '0.38', 97: '0.54', 98: '0.30'}
[C3] n=750 | classes=[4, 6, 7, 14, 21, 35, 38, 65, 80] | acc=0.4840 | per_class={4: '0.21', 6: '0.42', 7: '0.87', 14: '0.41', 21: '0.67', 35: '0.59', 38: '0.37', 65: '0.26', 80: '0.27'}
[C4] n=750 | classes=[19, 31, 42, 43, 63, 66, 72, 79, 91, 98] | acc=0.5147 | per_class={19: '0.49', 31: '0.35', 42: '0.57', 43: '0.59', 63: '0.34', 66: '0.45', 72: '0.53', 79: '0.63', 91: '0.60', 98: '0.62'}
[C5] n=750 | classes=[4, 15, 19, 34, 45, 63, 74, 91, 93, 95] | acc=0.4520 | per_class={4: '0.34', 15: '0.37', 19: '0.34', 34: '0.64', 45: '0.43', 63: '0.36', 74: '0.40', 91: '0.54', 93: '0.45', 95: '0.81'}
[C6] n=750 | classes=[11, 18, 21, 32, 44, 46, 78, 88, 97] | acc=0.4867 | per_class={11: '0.36', 18: '0.46', 21: '0.75', 32: '0.57', 44: '0.36', 46: '0.38', 78: '0.46', 88: '0.58', 97: '0.46'}
[C7] n=750 | classes=[24, 31, 36, 45, 46, 50, 67, 73, 74, 80] | acc=0.5200 | per_class={24: '0.87', 31: '0.61', 36: '0.68', 45: '0.42', 46: '0.55', 50: '0.29', 67: '0.46', 73: '0.53', 74: '0.56', 80: '0.31'}
[C8] n=750 | classes=[1, 14, 24, 26, 30, 65, 75, 88, 93, 95] | acc=0.5680 | per_class={1: '0.68', 14: '0.60', 24: '0.80', 26: '0.54', 30: '0.62', 65: '0.47', 75: '0.68', 88: '0.48', 93: '0.29', 95: '0.57'}
[C9] n=750 | classes=[2, 3, 15, 27, 55, 67, 77, 79] | acc=0.5253 | per_class={2: '0.75', 3: '0.56', 15: '0.28', 27: '0.46', 55: '0.32', 67: '0.63', 77: '0.47', 79: '0.40'}
[C10] n=750 | classes=[5, 9, 51, 54, 57, 84, 89, 92, 94] | acc=0.5560 | per_class={5: '0.43', 9: '0.72', 51: '0.74', 54: '0.74', 57: '0.39', 84: '0.26', 89: '0.56', 92: '0.43', 94: '0.80'}
[C11] n=750 | classes=[10, 12, 16, 17, 37, 40, 82, 87] | acc=0.6107 | per_class={10: '0.78', 12: '0.64', 16: '0.39', 17: '0.70', 37: '0.38', 40: '0.43', 82: '0.89', 87: '0.43'}
[C12] n=750 | classes=[17, 41, 47, 48, 54, 58, 69, 83, 96] | acc=0.7440 | per_class={17: '0.85', 41: '0.73', 47: '0.58', 48: '0.69', 54: '0.78', 58: '0.71', 69: '0.87', 83: '0.85', 96: '0.64'}
[C13] n=750 | classes=[8, 9, 20, 37, 39, 48, 59, 68, 86, 90] | acc=0.6080 | per_class={8: '0.37', 9: '0.57', 20: '0.85', 37: '0.62', 39: '0.64', 48: '0.63', 59: '0.82', 68: '0.89', 86: '0.40', 90: '0.28'}
[C14] n=750 | classes=[22, 33, 40, 49, 56, 62, 83, 85, 87] | acc=0.6747 | per_class={22: '0.51', 33: '0.66', 40: '0.54', 49: '0.46', 56: '0.80', 62: '0.89', 83: '0.55', 85: '0.90', 87: '0.57'}
[C15] n=750 | classes=[25, 28, 33, 39, 47, 53, 60, 81, 90, 94] | acc=0.6627 | per_class={25: '0.41', 28: '0.68', 33: '0.54', 39: '0.65', 47: '0.77', 53: '0.89', 60: '0.93', 81: '0.43', 90: '0.68', 94: '0.67'}
[C16] n=750 | classes=[20, 22, 28, 52, 53, 59, 70, 76, 82] | acc=0.8013 | per_class={20: '0.84', 22: '0.67', 28: '0.76', 52: '0.96', 53: '0.89', 59: '0.28', 70: '0.75', 76: '0.95', 82: '0.89'}
[C17] n=750 | classes=[49, 56, 58, 60, 61, 69, 71, 85] | acc=0.7573 | per_class={49: '0.75', 56: '0.78', 58: '0.67', 60: '0.65', 61: '0.94', 69: '0.67', 71: '0.75', 85: '0.70'}
[C18] n=750 | classes=[0, 5, 8, 16, 25, 76, 84, 86, 92, 96] | acc=0.5893 | per_class={0: '0.86', 5: '0.33', 8: '0.57', 16: '0.45', 25: '0.46', 76: '0.91', 84: '0.48', 86: '0.67', 92: '0.41', 96: '0.81'}
[C19] n=750 | classes=[0, 13, 23, 51, 68, 70, 81, 89] | acc=0.7080 | per_class={0: '0.82', 13: '0.55', 23: '0.85', 51: '0.80', 68: '0.83', 70: '0.74', 81: '0.41', 89: '0.71'}
  [Cloud] GM=0.1007 | EM=0.2341 PM=0.5861 | loss=4.1265 | time=116.2s | comm=719.6MB (total=1439MB)

[Round   3] Broadcasting to 2 edges...
  [Edge 0] W_n reset to global weights for new round.
  [Edge 1] W_n reset to global weights for new round.
  [Edge 0] G3 | E1 | Hier-pFedMe | Selected 10/10
  [Client  3] Received edge weights. Set local model to edge weights.
[C3] Test set: samples=750, class_dist={4: 80, 6: 65, 7: 146, 14: 82, 21: 76, 35: 63, 38: 70, 65: 89, 80: 79}
  [Client  9] Received edge weights. Set local model to edge weights.
[C9] Test set: samples=750, class_dist={2: 167, 3: 151, 15: 78, 27: 67, 55: 68, 67: 71, 77: 66, 79: 82}
  [Client  6] Received edge weights. Set local model to edge weights.
[C6] Test set: samples=750, class_dist={11: 70, 18: 85, 21: 73, 32: 89, 44: 80, 46: 73, 78: 127, 88: 85, 97: 68}
  [Client  0] Received edge weights. Set local model to edge weights.
[C0] Test set: samples=750, class_dist={6: 83, 18: 67, 29: 71, 30: 73, 34: 78, 43: 77, 44: 71, 55: 71, 64: 82, 66: 77}
  [Client  1] Received edge weights. Set local model to edge weights.
[C1] Test set: samples=750, class_dist={1: 75, 11: 80, 26: 83, 27: 68, 29: 75, 32: 70, 73: 71, 75: 79, 99: 149}
  [Client  5] Received edge weights. Set local model to edge weights.
[C5] Test set: samples=750, class_dist={4: 76, 15: 79, 19: 73, 34: 66, 45: 81, 63: 90, 74: 77, 91: 69, 93: 86, 95: 53}
  [Client  2] Received edge weights. Set local model to edge weights.
[C2] Test set: samples=750, class_dist={35: 80, 36: 63, 38: 79, 42: 77, 50: 77, 64: 79, 72: 80, 77: 72, 97: 72, 98: 71}
  [Client  4] Received edge weights. Set local model to edge weights.
[C4] Test set: samples=750, class_dist={19: 72, 31: 69, 42: 76, 43: 75, 63: 80, 66: 80, 72: 74, 79: 81, 91: 77, 98: 66}
  [Client  7] Received edge weights. Set local model to edge weights.
[C7] Test set: samples=750, class_dist={24: 68, 31: 72, 36: 73, 45: 74, 46: 76, 50: 79, 67: 92, 73: 75, 74: 61, 80: 80}
  [Client  8] Received edge weights. Set local model to edge weights.
[C8] Test set: samples=750, class_dist={1: 60, 14: 77, 24: 79, 26: 71, 30: 76, 65: 78, 75: 62, 88: 91, 93: 73, 95: 83}
  [Client  3] Starting Hier-pFedMe | λ2=35.0, η2=0.02, inner_steps=1, epochs=5, batches/epoch=141
  [Client  6] Starting Hier-pFedMe | λ2=35.0, η2=0.02, inner_steps=1, epochs=5, batches/epoch=141
  [Client  9] Starting Hier-pFedMe | λ2=35.0, η2=0.02, inner_steps=1, epochs=5, batches/epoch=141
  [Client  0] Starting Hier-pFedMe | λ2=35.0, η2=0.02, inner_steps=1, epochs=5, batches/epoch=141
  [Client  6] Round 3 | Hier-pFedMe(λ2=35.0, K=1) | loss=0.8550
  [Client  0] Round 3 | Hier-pFedMe(λ2=35.0, K=1) | loss=0.9029  [Client  1] Starting Hier-pFedMe | λ2=35.0, η2=0.02, inner_steps=1, epochs=5, batches/epoch=141

  [Client  5] Starting Hier-pFedMe | λ2=35.0, η2=0.02, inner_steps=1, epochs=5, batches/epoch=141
  [Client  3] Round 3 | Hier-pFedMe(λ2=35.0, K=1) | loss=0.8580
  [Client  2] Starting Hier-pFedMe | λ2=35.0, η2=0.02, inner_steps=1, epochs=5, batches/epoch=141
  [Client  9] Round 3 | Hier-pFedMe(λ2=35.0, K=1) | loss=0.7853
  [Client  4] Starting Hier-pFedMe | λ2=35.0, η2=0.02, inner_steps=1, epochs=5, batches/epoch=141
  [Client  1] Round 3 | Hier-pFedMe(λ2=35.0, K=1) | loss=0.7054
  [Client  7] Starting Hier-pFedMe | λ2=35.0, η2=0.02, inner_steps=1, epochs=5, batches/epoch=141
  [Client  2] Round 3 | Hier-pFedMe(λ2=35.0, K=1) | loss=0.9982
  [Client  8] Starting Hier-pFedMe | λ2=35.0, η2=0.02, inner_steps=1, epochs=5, batches/epoch=141
  [Client  5] Round 3 | Hier-pFedMe(λ2=35.0, K=1) | loss=0.8542
  [Client  4] Round 3 | Hier-pFedMe(λ2=35.0, K=1) | loss=0.8708
  [Client  7] Round 3 | Hier-pFedMe(λ2=35.0, K=1) | loss=0.8519
  [Client  8] Round 3 | Hier-pFedMe(λ2=35.0, K=1) | loss=0.6937
  [Edge 0] G3 | E1 | loss=0.8375
  [Edge 0] G3 | E2 | Hier-pFedMe | Selected 10/10
  [Client  3] Received edge weights. Set local model to edge weights.
[C3] Test set: samples=750, class_dist={4: 80, 6: 65, 7: 146, 14: 82, 21: 76, 35: 63, 38: 70, 65: 89, 80: 79}
  [Client  4] Received edge weights. Set local model to edge weights.
[C4] Test set: samples=750, class_dist={19: 72, 31: 69, 42: 76, 43: 75, 63: 80, 66: 80, 72: 74, 79: 81, 91: 77, 98: 66}
  [Client  1] Received edge weights. Set local model to edge weights.
[C1] Test set: samples=750, class_dist={1: 75, 11: 80, 26: 83, 27: 68, 29: 75, 32: 70, 73: 71, 75: 79, 99: 149}
  [Client  6] Received edge weights. Set local model to edge weights.
[C6] Test set: samples=750, class_dist={11: 70, 18: 85, 21: 73, 32: 89, 44: 80, 46: 73, 78: 127, 88: 85, 97: 68}
  [Client  5] Received edge weights. Set local model to edge weights.
[C5] Test set: samples=750, class_dist={4: 76, 15: 79, 19: 73, 34: 66, 45: 81, 63: 90, 74: 77, 91: 69, 93: 86, 95: 53}
  [Client  9] Received edge weights. Set local model to edge weights.
[C9] Test set: samples=750, class_dist={2: 167, 3: 151, 15: 78, 27: 67, 55: 68, 67: 71, 77: 66, 79: 82}
  [Client  2] Received edge weights. Set local model to edge weights.
[C2] Test set: samples=750, class_dist={35: 80, 36: 63, 38: 79, 42: 77, 50: 77, 64: 79, 72: 80, 77: 72, 97: 72, 98: 71}
  [Client  8] Received edge weights. Set local model to edge weights.
[C8] Test set: samples=750, class_dist={1: 60, 14: 77, 24: 79, 26: 71, 30: 76, 65: 78, 75: 62, 88: 91, 93: 73, 95: 83}
  [Client  7] Received edge weights. Set local model to edge weights.
[C7] Test set: samples=750, class_dist={24: 68, 31: 72, 36: 73, 45: 74, 46: 76, 50: 79, 67: 92, 73: 75, 74: 61, 80: 80}
  [Client  0] Received edge weights. Set local model to edge weights.
[C0] Test set: samples=750, class_dist={6: 83, 18: 67, 29: 71, 30: 73, 34: 78, 43: 77, 44: 71, 55: 71, 64: 82, 66: 77}
  [Client  3] Starting Hier-pFedMe | λ2=35.0, η2=0.02, inner_steps=1, epochs=5, batches/epoch=141
  [Client  4] Starting Hier-pFedMe | λ2=35.0, η2=0.02, inner_steps=1, epochs=5, batches/epoch=141  [Client  6] Starting Hier-pFedMe | λ2=35.0, η2=0.02, inner_steps=1, epochs=5, batches/epoch=141
  [Client  1] Starting Hier-pFedMe | λ2=35.0, η2=0.02, inner_steps=1, epochs=5, batches/epoch=141

  [Client  3] Round 3 | Hier-pFedMe(λ2=35.0, K=1) | loss=0.6633
  [Client  5] Starting Hier-pFedMe | λ2=35.0, η2=0.02, inner_steps=1, epochs=5, batches/epoch=141
  [Client  1] Round 3 | Hier-pFedMe(λ2=35.0, K=1) | loss=0.5384
  [Client  9] Starting Hier-pFedMe | λ2=35.0, η2=0.02, inner_steps=1, epochs=5, batches/epoch=141
  [Client  6] Round 3 | Hier-pFedMe(λ2=35.0, K=1) | loss=0.6468
  [Client  2] Starting Hier-pFedMe | λ2=35.0, η2=0.02, inner_steps=1, epochs=5, batches/epoch=141
  [Client  4] Round 3 | Hier-pFedMe(λ2=35.0, K=1) | loss=0.6686
  [Client  8] Starting Hier-pFedMe | λ2=35.0, η2=0.02, inner_steps=1, epochs=5, batches/epoch=141
  [Client  5] Round 3 | Hier-pFedMe(λ2=35.0, K=1) | loss=0.6609
  [Client  7] Starting Hier-pFedMe | λ2=35.0, η2=0.02, inner_steps=1, epochs=5, batches/epoch=141
  [Client  2] Round 3 | Hier-pFedMe(λ2=35.0, K=1) | loss=0.7685
  [Client  0] Starting Hier-pFedMe | λ2=35.0, η2=0.02, inner_steps=1, epochs=5, batches/epoch=141
  [Client  9] Round 3 | Hier-pFedMe(λ2=35.0, K=1) | loss=0.5983
  [Client  8] Round 3 | Hier-pFedMe(λ2=35.0, K=1) | loss=0.5310
  [Client  7] Round 3 | Hier-pFedMe(λ2=35.0, K=1) | loss=0.6670
  [Client  0] Round 3 | Hier-pFedMe(λ2=35.0, K=1) | loss=0.6956
  [Edge 0] G3 | E2 | loss=0.6438
  [Edge 0] G3 | E3 | Hier-pFedMe | Selected 10/10
  [Client  8] Received edge weights. Set local model to edge weights.
[C8] Test set: samples=750, class_dist={1: 60, 14: 77, 24: 79, 26: 71, 30: 76, 65: 78, 75: 62, 88: 91, 93: 73, 95: 83}
  [Client  4] Received edge weights. Set local model to edge weights.
[C4] Test set: samples=750, class_dist={19: 72, 31: 69, 42: 76, 43: 75, 63: 80, 66: 80, 72: 74, 79: 81, 91: 77, 98: 66}
  [Client  7] Received edge weights. Set local model to edge weights.
[C7] Test set: samples=750, class_dist={24: 68, 31: 72, 36: 73, 45: 74, 46: 76, 50: 79, 67: 92, 73: 75, 74: 61, 80: 80}
  [Client  9] Received edge weights. Set local model to edge weights.
[C9] Test set: samples=750, class_dist={2: 167, 3: 151, 15: 78, 27: 67, 55: 68, 67: 71, 77: 66, 79: 82}
  [Client  6] Received edge weights. Set local model to edge weights.
[C6] Test set: samples=750, class_dist={11: 70, 18: 85, 21: 73, 32: 89, 44: 80, 46: 73, 78: 127, 88: 85, 97: 68}
  [Client  0] Received edge weights. Set local model to edge weights.
[C0] Test set: samples=750, class_dist={6: 83, 18: 67, 29: 71, 30: 73, 34: 78, 43: 77, 44: 71, 55: 71, 64: 82, 66: 77}
  [Client  2] Received edge weights. Set local model to edge weights.
[C2] Test set: samples=750, class_dist={35: 80, 36: 63, 38: 79, 42: 77, 50: 77, 64: 79, 72: 80, 77: 72, 97: 72, 98: 71}
  [Client  1] Received edge weights. Set local model to edge weights.
[C1] Test set: samples=750, class_dist={1: 75, 11: 80, 26: 83, 27: 68, 29: 75, 32: 70, 73: 71, 75: 79, 99: 149}
  [Client  3] Received edge weights. Set local model to edge weights.
[C3] Test set: samples=750, class_dist={4: 80, 6: 65, 7: 146, 14: 82, 21: 76, 35: 63, 38: 70, 65: 89, 80: 79}
  [Client  5] Received edge weights. Set local model to edge weights.
[C5] Test set: samples=750, class_dist={4: 76, 15: 79, 19: 73, 34: 66, 45: 81, 63: 90, 74: 77, 91: 69, 93: 86, 95: 53}
  [Client  8] Starting Hier-pFedMe | λ2=35.0, η2=0.02, inner_steps=1, epochs=5, batches/epoch=141
  [Client  4] Starting Hier-pFedMe | λ2=35.0, η2=0.02, inner_steps=1, epochs=5, batches/epoch=141  [Client  7] Starting Hier-pFedMe | λ2=35.0, η2=0.02, inner_steps=1, epochs=5, batches/epoch=141

  [Client  9] Starting Hier-pFedMe | λ2=35.0, η2=0.02, inner_steps=1, epochs=5, batches/epoch=141
  [Client  9] Round 3 | Hier-pFedMe(λ2=35.0, K=1) | loss=0.5156
  [Client  6] Starting Hier-pFedMe | λ2=35.0, η2=0.02, inner_steps=1, epochs=5, batches/epoch=141
  [Client  4] Round 3 | Hier-pFedMe(λ2=35.0, K=1) | loss=0.5587
  [Client  0] Starting Hier-pFedMe | λ2=35.0, η2=0.02, inner_steps=1, epochs=5, batches/epoch=141
  [Client  7] Round 3 | Hier-pFedMe(λ2=35.0, K=1) | loss=0.5604
  [Client  2] Starting Hier-pFedMe | λ2=35.0, η2=0.02, inner_steps=1, epochs=5, batches/epoch=141
  [Client  8] Round 3 | Hier-pFedMe(λ2=35.0, K=1) | loss=0.4619
  [Client  1] Starting Hier-pFedMe | λ2=35.0, η2=0.02, inner_steps=1, epochs=5, batches/epoch=141
  [Client  6] Round 3 | Hier-pFedMe(λ2=35.0, K=1) | loss=0.5487
  [Client  3] Starting Hier-pFedMe | λ2=35.0, η2=0.02, inner_steps=1, epochs=5, batches/epoch=141
  [Client  0] Round 3 | Hier-pFedMe(λ2=35.0, K=1) | loss=0.5864
  [Client  5] Starting Hier-pFedMe | λ2=35.0, η2=0.02, inner_steps=1, epochs=5, batches/epoch=141
  [Client  1] Round 3 | Hier-pFedMe(λ2=35.0, K=1) | loss=0.4695
  [Client  2] Round 3 | Hier-pFedMe(λ2=35.0, K=1) | loss=0.6444
  [Client  3] Round 3 | Hier-pFedMe(λ2=35.0, K=1) | loss=0.5669
  [Client  5] Round 3 | Hier-pFedMe(λ2=35.0, K=1) | loss=0.5672
  [Edge 0] G3 | E3 | loss=0.5480
  [Edge 0] G3 | E4 | Hier-pFedMe | Selected 10/10
  [Client  1] Received edge weights. Set local model to edge weights.
[C1] Test set: samples=750, class_dist={1: 75, 11: 80, 26: 83, 27: 68, 29: 75, 32: 70, 73: 71, 75: 79, 99: 149}
  [Client  5] Received edge weights. Set local model to edge weights.
[C5] Test set: samples=750, class_dist={4: 76, 15: 79, 19: 73, 34: 66, 45: 81, 63: 90, 74: 77, 91: 69, 93: 86, 95: 53}
  [Client  2] Received edge weights. Set local model to edge weights.
[C2] Test set: samples=750, class_dist={35: 80, 36: 63, 38: 79, 42: 77, 50: 77, 64: 79, 72: 80, 77: 72, 97: 72, 98: 71}
  [Client  4] Received edge weights. Set local model to edge weights.
[C4] Test set: samples=750, class_dist={19: 72, 31: 69, 42: 76, 43: 75, 63: 80, 66: 80, 72: 74, 79: 81, 91: 77, 98: 66}
  [Client  8] Received edge weights. Set local model to edge weights.
[C8] Test set: samples=750, class_dist={1: 60, 14: 77, 24: 79, 26: 71, 30: 76, 65: 78, 75: 62, 88: 91, 93: 73, 95: 83}
  [Client  3] Received edge weights. Set local model to edge weights.
[C3] Test set: samples=750, class_dist={4: 80, 6: 65, 7: 146, 14: 82, 21: 76, 35: 63, 38: 70, 65: 89, 80: 79}
  [Client  9] Received edge weights. Set local model to edge weights.
[C9] Test set: samples=750, class_dist={2: 167, 3: 151, 15: 78, 27: 67, 55: 68, 67: 71, 77: 66, 79: 82}
  [Client  0] Received edge weights. Set local model to edge weights.
[C0] Test set: samples=750, class_dist={6: 83, 18: 67, 29: 71, 30: 73, 34: 78, 43: 77, 44: 71, 55: 71, 64: 82, 66: 77}
  [Client  6] Received edge weights. Set local model to edge weights.
[C6] Test set: samples=750, class_dist={11: 70, 18: 85, 21: 73, 32: 89, 44: 80, 46: 73, 78: 127, 88: 85, 97: 68}
  [Client  7] Received edge weights. Set local model to edge weights.
[C7] Test set: samples=750, class_dist={24: 68, 31: 72, 36: 73, 45: 74, 46: 76, 50: 79, 67: 92, 73: 75, 74: 61, 80: 80}
  [Client  1] Starting Hier-pFedMe | λ2=35.0, η2=0.02, inner_steps=1, epochs=5, batches/epoch=141  [Client  5] Starting Hier-pFedMe | λ2=35.0, η2=0.02, inner_steps=1, epochs=5, batches/epoch=141

  [Client  2] Starting Hier-pFedMe | λ2=35.0, η2=0.02, inner_steps=1, epochs=5, batches/epoch=141
  [Client  4] Starting Hier-pFedMe | λ2=35.0, η2=0.02, inner_steps=1, epochs=5, batches/epoch=141
  [Client  4] Round 3 | Hier-pFedMe(λ2=35.0, K=1) | loss=0.4805
  [Client  8] Starting Hier-pFedMe | λ2=35.0, η2=0.02, inner_steps=1, epochs=5, batches/epoch=141
  [Client  1] Round 3 | Hier-pFedMe(λ2=35.0, K=1) | loss=0.4053
  [Client  3] Starting Hier-pFedMe | λ2=35.0, η2=0.02, inner_steps=1, epochs=5, batches/epoch=141
  [Client  5] Round 3 | Hier-pFedMe(λ2=35.0, K=1) | loss=0.4881
  [Client  9] Starting Hier-pFedMe | λ2=35.0, η2=0.02, inner_steps=1, epochs=5, batches/epoch=141
  [Client  2] Round 3 | Hier-pFedMe(λ2=35.0, K=1) | loss=0.5521
  [Client  0] Starting Hier-pFedMe | λ2=35.0, η2=0.02, inner_steps=1, epochs=5, batches/epoch=141
  [Client  8] Round 3 | Hier-pFedMe(λ2=35.0, K=1) | loss=0.3998
  [Client  6] Starting Hier-pFedMe | λ2=35.0, η2=0.02, inner_steps=1, epochs=5, batches/epoch=141
  [Client  3] Round 3 | Hier-pFedMe(λ2=35.0, K=1) | loss=0.4891
  [Client  7] Starting Hier-pFedMe | λ2=35.0, η2=0.02, inner_steps=1, epochs=5, batches/epoch=141
  [Client  9] Round 3 | Hier-pFedMe(λ2=35.0, K=1) | loss=0.4369
  [Client  0] Round 3 | Hier-pFedMe(λ2=35.0, K=1) | loss=0.5000
  [Client  6] Round 3 | Hier-pFedMe(λ2=35.0, K=1) | loss=0.4811
  [Client  7] Round 3 | Hier-pFedMe(λ2=35.0, K=1) | loss=0.4837
  [Edge 0] G3 | E4 | loss=0.4716
  [Edge 0] G3 | E5 | Hier-pFedMe | Selected 10/10
  [Client  2] Received edge weights. Set local model to edge weights.
[C2] Test set: samples=750, class_dist={35: 80, 36: 63, 38: 79, 42: 77, 50: 77, 64: 79, 72: 80, 77: 72, 97: 72, 98: 71}
  [Client  4] Received edge weights. Set local model to edge weights.
[C4] Test set: samples=750, class_dist={19: 72, 31: 69, 42: 76, 43: 75, 63: 80, 66: 80, 72: 74, 79: 81, 91: 77, 98: 66}
  [Client  5] Received edge weights. Set local model to edge weights.
[C5] Test set: samples=750, class_dist={4: 76, 15: 79, 19: 73, 34: 66, 45: 81, 63: 90, 74: 77, 91: 69, 93: 86, 95: 53}
  [Client  8] Received edge weights. Set local model to edge weights.
[C8] Test set: samples=750, class_dist={1: 60, 14: 77, 24: 79, 26: 71, 30: 76, 65: 78, 75: 62, 88: 91, 93: 73, 95: 83}
  [Client  3] Received edge weights. Set local model to edge weights.
[C3] Test set: samples=750, class_dist={4: 80, 6: 65, 7: 146, 14: 82, 21: 76, 35: 63, 38: 70, 65: 89, 80: 79}
  [Client  0] Received edge weights. Set local model to edge weights.
[C0] Test set: samples=750, class_dist={6: 83, 18: 67, 29: 71, 30: 73, 34: 78, 43: 77, 44: 71, 55: 71, 64: 82, 66: 77}
  [Client  6] Received edge weights. Set local model to edge weights.
[C6] Test set: samples=750, class_dist={11: 70, 18: 85, 21: 73, 32: 89, 44: 80, 46: 73, 78: 127, 88: 85, 97: 68}
  [Client  7] Received edge weights. Set local model to edge weights.
[C7] Test set: samples=750, class_dist={24: 68, 31: 72, 36: 73, 45: 74, 46: 76, 50: 79, 67: 92, 73: 75, 74: 61, 80: 80}
  [Client  1] Received edge weights. Set local model to edge weights.
[C1] Test set: samples=750, class_dist={1: 75, 11: 80, 26: 83, 27: 68, 29: 75, 32: 70, 73: 71, 75: 79, 99: 149}
  [Client  9] Received edge weights. Set local model to edge weights.
[C9] Test set: samples=750, class_dist={2: 167, 3: 151, 15: 78, 27: 67, 55: 68, 67: 71, 77: 66, 79: 82}
  [Client  4] Starting Hier-pFedMe | λ2=35.0, η2=0.02, inner_steps=1, epochs=5, batches/epoch=141  [Client  2] Starting Hier-pFedMe | λ2=35.0, η2=0.02, inner_steps=1, epochs=5, batches/epoch=141
  [Client  5] Starting Hier-pFedMe | λ2=35.0, η2=0.02, inner_steps=1, epochs=5, batches/epoch=141

  [Client  8] Starting Hier-pFedMe | λ2=35.0, η2=0.02, inner_steps=1, epochs=5, batches/epoch=141
  [Client  4] Round 3 | Hier-pFedMe(λ2=35.0, K=1) | loss=0.4281
  [Client  3] Starting Hier-pFedMe | λ2=35.0, η2=0.02, inner_steps=1, epochs=5, batches/epoch=141
  [Client  8] Round 3 | Hier-pFedMe(λ2=35.0, K=1) | loss=0.3600
  [Client  0] Starting Hier-pFedMe | λ2=35.0, η2=0.02, inner_steps=1, epochs=5, batches/epoch=141
  [Client  5] Round 3 | Hier-pFedMe(λ2=35.0, K=1) | loss=0.4263
  [Client  6] Starting Hier-pFedMe | λ2=35.0, η2=0.02, inner_steps=1, epochs=5, batches/epoch=141
  [Client  2] Round 3 | Hier-pFedMe(λ2=35.0, K=1) | loss=0.4866
  [Client  7] Starting Hier-pFedMe | λ2=35.0, η2=0.02, inner_steps=1, epochs=5, batches/epoch=141
  [Client  6] Round 3 | Hier-pFedMe(λ2=35.0, K=1) | loss=0.4280
  [Client  1] Starting Hier-pFedMe | λ2=35.0, η2=0.02, inner_steps=1, epochs=5, batches/epoch=141
  [Client  0] Round 3 | Hier-pFedMe(λ2=35.0, K=1) | loss=0.4441
  [Client  9] Starting Hier-pFedMe | λ2=35.0, η2=0.02, inner_steps=1, epochs=5, batches/epoch=141
  [Client  3] Round 3 | Hier-pFedMe(λ2=35.0, K=1) | loss=0.4397
  [Client  7] Round 3 | Hier-pFedMe(λ2=35.0, K=1) | loss=0.4317
  [Client  1] Round 3 | Hier-pFedMe(λ2=35.0, K=1) | loss=0.3565
  [Client  9] Round 3 | Hier-pFedMe(λ2=35.0, K=1) | loss=0.3859
  [Edge 0] G3 | E5 | loss=0.4187
  [Edge 1] G3 | E1 | Hier-pFedMe | Selected 10/10
  [Client 16] Received edge weights. Set local model to edge weights.
[C16] Test set: samples=750, class_dist={20: 75, 22: 88, 28: 62, 52: 153, 53: 84, 59: 67, 70: 71, 76: 65, 82: 85}
  [Client 11] Received edge weights. Set local model to edge weights.
[C11] Test set: samples=750, class_dist={10: 175, 12: 136, 16: 85, 17: 77, 37: 65, 40: 70, 82: 70, 87: 72}
  [Client 14] Received edge weights. Set local model to edge weights.
[C14] Test set: samples=750, class_dist={22: 68, 33: 80, 40: 81, 49: 71, 56: 79, 62: 143, 83: 80, 85: 69, 87: 79}
  [Client 13] Received edge weights. Set local model to edge weights.
[C13] Test set: samples=750, class_dist={8: 68, 9: 75, 20: 73, 37: 78, 39: 76, 48: 73, 59: 78, 68: 74, 86: 80, 90: 75}
  [Client 18] Received edge weights. Set local model to edge weights.
[C18] Test set: samples=750, class_dist={0: 71, 5: 79, 8: 79, 16: 71, 25: 72, 76: 70, 84: 81, 86: 67, 92: 81, 96: 79}
  [Client 17] Received edge weights. Set local model to edge weights.
[C17] Test set: samples=750, class_dist={49: 73, 56: 69, 58: 67, 60: 82, 61: 143, 69: 96, 71: 151, 85: 69}
  [Client 12] Received edge weights. Set local model to edge weights.
[C12] Test set: samples=750, class_dist={17: 72, 41: 154, 47: 72, 48: 78, 54: 85, 58: 68, 69: 83, 83: 72, 96: 66}
  [Client 15] Received edge weights. Set local model to edge weights.
[C15] Test set: samples=750, class_dist={25: 79, 28: 75, 33: 65, 39: 81, 47: 75, 53: 72, 60: 73, 81: 75, 90: 77, 94: 78}
  [Client 10] Received edge weights. Set local model to edge weights.
[C10] Test set: samples=750, class_dist={5: 74, 9: 72, 51: 87, 54: 76, 57: 149, 84: 72, 89: 78, 92: 60, 94: 82}
  [Client 19] Received edge weights. Set local model to edge weights.
[C19] Test set: samples=750, class_dist={0: 66, 13: 168, 23: 137, 51: 86, 68: 65, 70: 82, 81: 64, 89: 82}
  [Client 16] Starting Hier-pFedMe | λ2=35.0, η2=0.02, inner_steps=1, epochs=5, batches/epoch=141
  [Client 11] Starting Hier-pFedMe | λ2=35.0, η2=0.02, inner_steps=1, epochs=5, batches/epoch=141  [Client 14] Starting Hier-pFedMe | λ2=35.0, η2=0.02, inner_steps=1, epochs=5, batches/epoch=141

  [Client 13] Starting Hier-pFedMe | λ2=35.0, η2=0.02, inner_steps=1, epochs=5, batches/epoch=141
  [Client 16] Round 3 | Hier-pFedMe(λ2=35.0, K=1) | loss=0.4474
  [Client 18] Starting Hier-pFedMe | λ2=35.0, η2=0.02, inner_steps=1, epochs=5, batches/epoch=141
  [Client 13] Round 3 | Hier-pFedMe(λ2=35.0, K=1) | loss=0.6335
  [Client 14] Round 3 | Hier-pFedMe(λ2=35.0, K=1) | loss=0.5493
  [Client 17] Starting Hier-pFedMe | λ2=35.0, η2=0.02, inner_steps=1, epochs=5, batches/epoch=141
  [Client 12] Starting Hier-pFedMe | λ2=35.0, η2=0.02, inner_steps=1, epochs=5, batches/epoch=141
  [Client 11] Round 3 | Hier-pFedMe(λ2=35.0, K=1) | loss=0.6274
  [Client 15] Starting Hier-pFedMe | λ2=35.0, η2=0.02, inner_steps=1, epochs=5, batches/epoch=141
  [Client 18] Round 3 | Hier-pFedMe(λ2=35.0, K=1) | loss=0.6739
  [Client 10] Starting Hier-pFedMe | λ2=35.0, η2=0.02, inner_steps=1, epochs=5, batches/epoch=141
  [Client 17] Round 3 | Hier-pFedMe(λ2=35.0, K=1) | loss=0.4978
  [Client 19] Starting Hier-pFedMe | λ2=35.0, η2=0.02, inner_steps=1, epochs=5, batches/epoch=141
  [Client 15] Round 3 | Hier-pFedMe(λ2=35.0, K=1) | loss=0.5968
  [Client 12] Round 3 | Hier-pFedMe(λ2=35.0, K=1) | loss=0.4846
  [Client 10] Round 3 | Hier-pFedMe(λ2=35.0, K=1) | loss=0.6902
  [Client 19] Round 3 | Hier-pFedMe(λ2=35.0, K=1) | loss=0.4546
  [Edge 1] G3 | E1 | loss=0.5656
  [Edge 1] G3 | E2 | Hier-pFedMe | Selected 10/10
  [Client 10] Received edge weights. Set local model to edge weights.
[C10] Test set: samples=750, class_dist={5: 74, 9: 72, 51: 87, 54: 76, 57: 149, 84: 72, 89: 78, 92: 60, 94: 82}
  [Client 12] Received edge weights. Set local model to edge weights.
[C12] Test set: samples=750, class_dist={17: 72, 41: 154, 47: 72, 48: 78, 54: 85, 58: 68, 69: 83, 83: 72, 96: 66}
  [Client 15] Received edge weights. Set local model to edge weights.
[C15] Test set: samples=750, class_dist={25: 79, 28: 75, 33: 65, 39: 81, 47: 75, 53: 72, 60: 73, 81: 75, 90: 77, 94: 78}
  [Client 16] Received edge weights. Set local model to edge weights.
[C16] Test set: samples=750, class_dist={20: 75, 22: 88, 28: 62, 52: 153, 53: 84, 59: 67, 70: 71, 76: 65, 82: 85}
  [Client 18] Received edge weights. Set local model to edge weights.
[C18] Test set: samples=750, class_dist={0: 71, 5: 79, 8: 79, 16: 71, 25: 72, 76: 70, 84: 81, 86: 67, 92: 81, 96: 79}
  [Client 13] Received edge weights. Set local model to edge weights.
[C13] Test set: samples=750, class_dist={8: 68, 9: 75, 20: 73, 37: 78, 39: 76, 48: 73, 59: 78, 68: 74, 86: 80, 90: 75}
  [Client 11] Received edge weights. Set local model to edge weights.
[C11] Test set: samples=750, class_dist={10: 175, 12: 136, 16: 85, 17: 77, 37: 65, 40: 70, 82: 70, 87: 72}
  [Client 19] Received edge weights. Set local model to edge weights.
[C19] Test set: samples=750, class_dist={0: 66, 13: 168, 23: 137, 51: 86, 68: 65, 70: 82, 81: 64, 89: 82}
  [Client 17] Received edge weights. Set local model to edge weights.
[C17] Test set: samples=750, class_dist={49: 73, 56: 69, 58: 67, 60: 82, 61: 143, 69: 96, 71: 151, 85: 69}
  [Client 14] Received edge weights. Set local model to edge weights.
[C14] Test set: samples=750, class_dist={22: 68, 33: 80, 40: 81, 49: 71, 56: 79, 62: 143, 83: 80, 85: 69, 87: 79}
  [Client 10] Starting Hier-pFedMe | λ2=35.0, η2=0.02, inner_steps=1, epochs=5, batches/epoch=141  [Client 12] Starting Hier-pFedMe | λ2=35.0, η2=0.02, inner_steps=1, epochs=5, batches/epoch=141
  [Client 15] Starting Hier-pFedMe | λ2=35.0, η2=0.02, inner_steps=1, epochs=5, batches/epoch=141
  [Client 16] Starting Hier-pFedMe | λ2=35.0, η2=0.02, inner_steps=1, epochs=5, batches/epoch=141

  [Client 15] Round 3 | Hier-pFedMe(λ2=35.0, K=1) | loss=0.4693  [Client 10] Round 3 | Hier-pFedMe(λ2=35.0, K=1) | loss=0.5442
  [Client 12] Round 3 | Hier-pFedMe(λ2=35.0, K=1) | loss=0.3805
  [Client 16] Round 3 | Hier-pFedMe(λ2=35.0, K=1) | loss=0.3622

  [Client 18] Starting Hier-pFedMe | λ2=35.0, η2=0.02, inner_steps=1, epochs=5, batches/epoch=141  [Client 13] Starting Hier-pFedMe | λ2=35.0, η2=0.02, inner_steps=1, epochs=5, batches/epoch=141
  [Client 11] Starting Hier-pFedMe | λ2=35.0, η2=0.02, inner_steps=1, epochs=5, batches/epoch=141  [Client 19] Starting Hier-pFedMe | λ2=35.0, η2=0.02, inner_steps=1, epochs=5, batches/epoch=141


  [Client 18] Round 3 | Hier-pFedMe(λ2=35.0, K=1) | loss=0.5343
  [Client 17] Starting Hier-pFedMe | λ2=35.0, η2=0.02, inner_steps=1, epochs=5, batches/epoch=141
  [Client 11] Round 3 | Hier-pFedMe(λ2=35.0, K=1) | loss=0.4999  [Client 19] Round 3 | Hier-pFedMe(λ2=35.0, K=1) | loss=0.3608

  [Client 14] Starting Hier-pFedMe | λ2=35.0, η2=0.02, inner_steps=1, epochs=5, batches/epoch=141
  [Client 13] Round 3 | Hier-pFedMe(λ2=35.0, K=1) | loss=0.4995
  [Client 17] Round 3 | Hier-pFedMe(λ2=35.0, K=1) | loss=0.3826
  [Client 14] Round 3 | Hier-pFedMe(λ2=35.0, K=1) | loss=0.4345
  [Edge 1] G3 | E2 | loss=0.4468
  [Edge 1] G3 | E3 | Hier-pFedMe | Selected 10/10
  [Client 12] Received edge weights. Set local model to edge weights.
[C12] Test set: samples=750, class_dist={17: 72, 41: 154, 47: 72, 48: 78, 54: 85, 58: 68, 69: 83, 83: 72, 96: 66}
  [Client 19] Received edge weights. Set local model to edge weights.
[C19] Test set: samples=750, class_dist={0: 66, 13: 168, 23: 137, 51: 86, 68: 65, 70: 82, 81: 64, 89: 82}
  [Client 17] Received edge weights. Set local model to edge weights.
[C17] Test set: samples=750, class_dist={49: 73, 56: 69, 58: 67, 60: 82, 61: 143, 69: 96, 71: 151, 85: 69}
  [Client 14] Received edge weights. Set local model to edge weights.
[C14] Test set: samples=750, class_dist={22: 68, 33: 80, 40: 81, 49: 71, 56: 79, 62: 143, 83: 80, 85: 69, 87: 79}
  [Client 15] Received edge weights. Set local model to edge weights.
[C15] Test set: samples=750, class_dist={25: 79, 28: 75, 33: 65, 39: 81, 47: 75, 53: 72, 60: 73, 81: 75, 90: 77, 94: 78}
  [Client 16] Received edge weights. Set local model to edge weights.
[C16] Test set: samples=750, class_dist={20: 75, 22: 88, 28: 62, 52: 153, 53: 84, 59: 67, 70: 71, 76: 65, 82: 85}
  [Client 11] Received edge weights. Set local model to edge weights.
[C11] Test set: samples=750, class_dist={10: 175, 12: 136, 16: 85, 17: 77, 37: 65, 40: 70, 82: 70, 87: 72}
  [Client 18] Received edge weights. Set local model to edge weights.
[C18] Test set: samples=750, class_dist={0: 71, 5: 79, 8: 79, 16: 71, 25: 72, 76: 70, 84: 81, 86: 67, 92: 81, 96: 79}
  [Client 13] Received edge weights. Set local model to edge weights.
[C13] Test set: samples=750, class_dist={8: 68, 9: 75, 20: 73, 37: 78, 39: 76, 48: 73, 59: 78, 68: 74, 86: 80, 90: 75}
  [Client 10] Received edge weights. Set local model to edge weights.
[C10] Test set: samples=750, class_dist={5: 74, 9: 72, 51: 87, 54: 76, 57: 149, 84: 72, 89: 78, 92: 60, 94: 82}
  [Client 19] Starting Hier-pFedMe | λ2=35.0, η2=0.02, inner_steps=1, epochs=5, batches/epoch=141
  [Client 12] Starting Hier-pFedMe | λ2=35.0, η2=0.02, inner_steps=1, epochs=5, batches/epoch=141  [Client 14] Starting Hier-pFedMe | λ2=35.0, η2=0.02, inner_steps=1, epochs=5, batches/epoch=141  [Client 17] Starting Hier-pFedMe | λ2=35.0, η2=0.02, inner_steps=1, epochs=5, batches/epoch=141


  [Client 17] Round 3 | Hier-pFedMe(λ2=35.0, K=1) | loss=0.3405
  [Client 15] Starting Hier-pFedMe | λ2=35.0, η2=0.02, inner_steps=1, epochs=5, batches/epoch=141
  [Client 14] Round 3 | Hier-pFedMe(λ2=35.0, K=1) | loss=0.3761
  [Client 12] Round 3 | Hier-pFedMe(λ2=35.0, K=1) | loss=0.3304  [Client 16] Starting Hier-pFedMe | λ2=35.0, η2=0.02, inner_steps=1, epochs=5, batches/epoch=141
  [Client 19] Round 3 | Hier-pFedMe(λ2=35.0, K=1) | loss=0.3136
  [Client 11] Starting Hier-pFedMe | λ2=35.0, η2=0.02, inner_steps=1, epochs=5, batches/epoch=141

  [Client 18] Starting Hier-pFedMe | λ2=35.0, η2=0.02, inner_steps=1, epochs=5, batches/epoch=141
  [Client 15] Round 3 | Hier-pFedMe(λ2=35.0, K=1) | loss=0.4034
  [Client 13] Starting Hier-pFedMe | λ2=35.0, η2=0.02, inner_steps=1, epochs=5, batches/epoch=141
  [Client 16] Round 3 | Hier-pFedMe(λ2=35.0, K=1) | loss=0.3155
  [Client 10] Starting Hier-pFedMe | λ2=35.0, η2=0.02, inner_steps=1, epochs=5, batches/epoch=141
  [Client 11] Round 3 | Hier-pFedMe(λ2=35.0, K=1) | loss=0.4281
  [Client 18] Round 3 | Hier-pFedMe(λ2=35.0, K=1) | loss=0.4595
  [Client 13] Round 3 | Hier-pFedMe(λ2=35.0, K=1) | loss=0.4165
  [Client 10] Round 3 | Hier-pFedMe(λ2=35.0, K=1) | loss=0.4657
  [Edge 1] G3 | E3 | loss=0.3849
  [Edge 1] G3 | E4 | Hier-pFedMe | Selected 10/10
  [Client 17] Received edge weights. Set local model to edge weights.
[C17] Test set: samples=750, class_dist={49: 73, 56: 69, 58: 67, 60: 82, 61: 143, 69: 96, 71: 151, 85: 69}
  [Client 14] Received edge weights. Set local model to edge weights.
[C14] Test set: samples=750, class_dist={22: 68, 33: 80, 40: 81, 49: 71, 56: 79, 62: 143, 83: 80, 85: 69, 87: 79}
  [Client 12] Received edge weights. Set local model to edge weights.
[C12] Test set: samples=750, class_dist={17: 72, 41: 154, 47: 72, 48: 78, 54: 85, 58: 68, 69: 83, 83: 72, 96: 66}
  [Client 10] Received edge weights. Set local model to edge weights.
[C10] Test set: samples=750, class_dist={5: 74, 9: 72, 51: 87, 54: 76, 57: 149, 84: 72, 89: 78, 92: 60, 94: 82}
  [Client 19] Received edge weights. Set local model to edge weights.
[C19] Test set: samples=750, class_dist={0: 66, 13: 168, 23: 137, 51: 86, 68: 65, 70: 82, 81: 64, 89: 82}
  [Client 15] Received edge weights. Set local model to edge weights.
[C15] Test set: samples=750, class_dist={25: 79, 28: 75, 33: 65, 39: 81, 47: 75, 53: 72, 60: 73, 81: 75, 90: 77, 94: 78}
  [Client 13] Received edge weights. Set local model to edge weights.
[C13] Test set: samples=750, class_dist={8: 68, 9: 75, 20: 73, 37: 78, 39: 76, 48: 73, 59: 78, 68: 74, 86: 80, 90: 75}
  [Client 18] Received edge weights. Set local model to edge weights.
[C18] Test set: samples=750, class_dist={0: 71, 5: 79, 8: 79, 16: 71, 25: 72, 76: 70, 84: 81, 86: 67, 92: 81, 96: 79}
  [Client 16] Received edge weights. Set local model to edge weights.
[C16] Test set: samples=750, class_dist={20: 75, 22: 88, 28: 62, 52: 153, 53: 84, 59: 67, 70: 71, 76: 65, 82: 85}
  [Client 11] Received edge weights. Set local model to edge weights.
[C11] Test set: samples=750, class_dist={10: 175, 12: 136, 16: 85, 17: 77, 37: 65, 40: 70, 82: 70, 87: 72}
  [Client 17] Starting Hier-pFedMe | λ2=35.0, η2=0.02, inner_steps=1, epochs=5, batches/epoch=141
  [Client 14] Starting Hier-pFedMe | λ2=35.0, η2=0.02, inner_steps=1, epochs=5, batches/epoch=141
  [Client 12] Starting Hier-pFedMe | λ2=35.0, η2=0.02, inner_steps=1, epochs=5, batches/epoch=141  [Client 10] Starting Hier-pFedMe | λ2=35.0, η2=0.02, inner_steps=1, epochs=5, batches/epoch=141

  [Client 17] Round 3 | Hier-pFedMe(λ2=35.0, K=1) | loss=0.3100
  [Client 19] Starting Hier-pFedMe | λ2=35.0, η2=0.02, inner_steps=1, epochs=5, batches/epoch=141
  [Client 12] Round 3 | Hier-pFedMe(λ2=35.0, K=1) | loss=0.2878
  [Client 14] Round 3 | Hier-pFedMe(λ2=35.0, K=1) | loss=0.3245
  [Client 15] Starting Hier-pFedMe | λ2=35.0, η2=0.02, inner_steps=1, epochs=5, batches/epoch=141  [Client 13] Starting Hier-pFedMe | λ2=35.0, η2=0.02, inner_steps=1, epochs=5, batches/epoch=141

  [Client 10] Round 3 | Hier-pFedMe(λ2=35.0, K=1) | loss=0.4079
  [Client 18] Starting Hier-pFedMe | λ2=35.0, η2=0.02, inner_steps=1, epochs=5, batches/epoch=141
  [Client 19] Round 3 | Hier-pFedMe(λ2=35.0, K=1) | loss=0.2759
  [Client 16] Starting Hier-pFedMe | λ2=35.0, η2=0.02, inner_steps=1, epochs=5, batches/epoch=141
  [Client 15] Round 3 | Hier-pFedMe(λ2=35.0, K=1) | loss=0.3488
  [Client 11] Starting Hier-pFedMe | λ2=35.0, η2=0.02, inner_steps=1, epochs=5, batches/epoch=141
  [Client 13] Round 3 | Hier-pFedMe(λ2=35.0, K=1) | loss=0.3657
  [Client 18] Round 3 | Hier-pFedMe(λ2=35.0, K=1) | loss=0.3970
  [Client 16] Round 3 | Hier-pFedMe(λ2=35.0, K=1) | loss=0.2733
  [Client 11] Round 3 | Hier-pFedMe(λ2=35.0, K=1) | loss=0.3667
  [Edge 1] G3 | E4 | loss=0.3358
  [Edge 1] G3 | E5 | Hier-pFedMe | Selected 10/10
  [Client 17] Received edge weights. Set local model to edge weights.
[C17] Test set: samples=750, class_dist={49: 73, 56: 69, 58: 67, 60: 82, 61: 143, 69: 96, 71: 151, 85: 69}
  [Client 12] Received edge weights. Set local model to edge weights.
[C12] Test set: samples=750, class_dist={17: 72, 41: 154, 47: 72, 48: 78, 54: 85, 58: 68, 69: 83, 83: 72, 96: 66}
  [Client 11] Received edge weights. Set local model to edge weights.
[C11] Test set: samples=750, class_dist={10: 175, 12: 136, 16: 85, 17: 77, 37: 65, 40: 70, 82: 70, 87: 72}
  [Client 10] Received edge weights. Set local model to edge weights.
[C10] Test set: samples=750, class_dist={5: 74, 9: 72, 51: 87, 54: 76, 57: 149, 84: 72, 89: 78, 92: 60, 94: 82}
  [Client 13] Received edge weights. Set local model to edge weights.
[C13] Test set: samples=750, class_dist={8: 68, 9: 75, 20: 73, 37: 78, 39: 76, 48: 73, 59: 78, 68: 74, 86: 80, 90: 75}
  [Client 15] Received edge weights. Set local model to edge weights.
[C15] Test set: samples=750, class_dist={25: 79, 28: 75, 33: 65, 39: 81, 47: 75, 53: 72, 60: 73, 81: 75, 90: 77, 94: 78}
  [Client 18] Received edge weights. Set local model to edge weights.
[C18] Test set: samples=750, class_dist={0: 71, 5: 79, 8: 79, 16: 71, 25: 72, 76: 70, 84: 81, 86: 67, 92: 81, 96: 79}
  [Client 19] Received edge weights. Set local model to edge weights.
[C19] Test set: samples=750, class_dist={0: 66, 13: 168, 23: 137, 51: 86, 68: 65, 70: 82, 81: 64, 89: 82}
  [Client 14] Received edge weights. Set local model to edge weights.
[C14] Test set: samples=750, class_dist={22: 68, 33: 80, 40: 81, 49: 71, 56: 79, 62: 143, 83: 80, 85: 69, 87: 79}
  [Client 16] Received edge weights. Set local model to edge weights.
[C16] Test set: samples=750, class_dist={20: 75, 22: 88, 28: 62, 52: 153, 53: 84, 59: 67, 70: 71, 76: 65, 82: 85}
  [Client 17] Starting Hier-pFedMe | λ2=35.0, η2=0.02, inner_steps=1, epochs=5, batches/epoch=141  [Client 12] Starting Hier-pFedMe | λ2=35.0, η2=0.02, inner_steps=1, epochs=5, batches/epoch=141  [Client 11] Starting Hier-pFedMe | λ2=35.0, η2=0.02, inner_steps=1, epochs=5, batches/epoch=141  [Client 10] Starting Hier-pFedMe | λ2=35.0, η2=0.02, inner_steps=1, epochs=5, batches/epoch=141



  [Client 11] Round 3 | Hier-pFedMe(λ2=35.0, K=1) | loss=0.3247  [Client 10] Round 3 | Hier-pFedMe(λ2=35.0, K=1) | loss=0.3452

  [Client 13] Starting Hier-pFedMe | λ2=35.0, η2=0.02, inner_steps=1, epochs=5, batches/epoch=141
  [Client 17] Round 3 | Hier-pFedMe(λ2=35.0, K=1) | loss=0.2776
  [Client 15] Starting Hier-pFedMe | λ2=35.0, η2=0.02, inner_steps=1, epochs=5, batches/epoch=141
  [Client 18] Starting Hier-pFedMe | λ2=35.0, η2=0.02, inner_steps=1, epochs=5, batches/epoch=141
  [Client 12] Round 3 | Hier-pFedMe(λ2=35.0, K=1) | loss=0.2643
  [Client 19] Starting Hier-pFedMe | λ2=35.0, η2=0.02, inner_steps=1, epochs=5, batches/epoch=141
  [Client 15] Round 3 | Hier-pFedMe(λ2=35.0, K=1) | loss=0.3096
  [Client 14] Starting Hier-pFedMe | λ2=35.0, η2=0.02, inner_steps=1, epochs=5, batches/epoch=141
  [Client 13] Round 3 | Hier-pFedMe(λ2=35.0, K=1) | loss=0.3251
  [Client 16] Starting Hier-pFedMe | λ2=35.0, η2=0.02, inner_steps=1, epochs=5, batches/epoch=141
  [Client 19] Round 3 | Hier-pFedMe(λ2=35.0, K=1) | loss=0.2435
  [Client 18] Round 3 | Hier-pFedMe(λ2=35.0, K=1) | loss=0.3502
  [Client 14] Round 3 | Hier-pFedMe(λ2=35.0, K=1) | loss=0.2825
  [Client 16] Round 3 | Hier-pFedMe(λ2=35.0, K=1) | loss=0.2513
  [Edge 1] G3 | E5 | loss=0.2974
  [Cloud] Using Hier-pFedMe global aggregation (式 9).
[C0] n=750 | classes=[6, 18, 29, 30, 34, 43, 44, 55, 64, 66] | acc=0.4533 | per_class={6: '0.40', 18: '0.49', 29: '0.52', 30: '0.74', 34: '0.37', 43: '0.55', 44: '0.32', 55: '0.24', 64: '0.38', 66: '0.53'}
[C1] n=750 | classes=[1, 11, 26, 27, 29, 32, 73, 75, 99] | acc=0.6293 | per_class={1: '0.73', 11: '0.60', 26: '0.49', 27: '0.57', 29: '0.57', 32: '0.43', 73: '0.62', 75: '0.85', 99: '0.70'}
[C2] n=750 | classes=[35, 36, 38, 42, 50, 64, 72, 77, 97, 98] | acc=0.3907 | per_class={35: '0.39', 36: '0.54', 38: '0.34', 42: '0.44', 50: '0.25', 64: '0.29', 72: '0.49', 77: '0.38', 97: '0.54', 98: '0.28'}
[C3] n=750 | classes=[4, 6, 7, 14, 21, 35, 38, 65, 80] | acc=0.4893 | per_class={4: '0.30', 6: '0.45', 7: '0.71', 14: '0.44', 21: '0.64', 35: '0.62', 38: '0.50', 65: '0.36', 80: '0.24'}
[C4] n=750 | classes=[19, 31, 42, 43, 63, 66, 72, 79, 91, 98] | acc=0.5320 | per_class={19: '0.53', 31: '0.36', 42: '0.53', 43: '0.55', 63: '0.42', 66: '0.40', 72: '0.59', 79: '0.62', 91: '0.69', 98: '0.64'}
[C5] n=750 | classes=[4, 15, 19, 34, 45, 63, 74, 91, 93, 95] | acc=0.4693 | per_class={4: '0.37', 15: '0.49', 19: '0.33', 34: '0.52', 45: '0.52', 63: '0.41', 74: '0.39', 91: '0.62', 93: '0.38', 95: '0.79'}
[C6] n=750 | classes=[11, 18, 21, 32, 44, 46, 78, 88, 97] | acc=0.4933 | per_class={11: '0.37', 18: '0.44', 21: '0.68', 32: '0.62', 44: '0.33', 46: '0.30', 78: '0.59', 88: '0.48', 97: '0.56'}
[C7] n=750 | classes=[24, 31, 36, 45, 46, 50, 67, 73, 74, 80] | acc=0.5160 | per_class={24: '0.81', 31: '0.58', 36: '0.56', 45: '0.50', 46: '0.49', 50: '0.27', 67: '0.43', 73: '0.68', 74: '0.44', 80: '0.45'}
[C8] n=750 | classes=[1, 14, 24, 26, 30, 65, 75, 88, 93, 95] | acc=0.6013 | per_class={1: '0.60', 14: '0.70', 24: '0.84', 26: '0.48', 30: '0.68', 65: '0.55', 75: '0.71', 88: '0.51', 93: '0.36', 95: '0.60'}
[C9] n=750 | classes=[2, 3, 15, 27, 55, 67, 77, 79] | acc=0.5520 | per_class={2: '0.71', 3: '0.58', 15: '0.37', 27: '0.58', 55: '0.25', 67: '0.72', 77: '0.30', 79: '0.65'}
[C10] n=750 | classes=[5, 9, 51, 54, 57, 84, 89, 92, 94] | acc=0.6213 | per_class={5: '0.55', 9: '0.56', 51: '0.75', 54: '0.51', 57: '0.72', 84: '0.36', 89: '0.67', 92: '0.62', 94: '0.71'}
[C11] n=750 | classes=[10, 12, 16, 17, 37, 40, 82, 87] | acc=0.6267 | per_class={10: '0.73', 12: '0.68', 16: '0.45', 17: '0.71', 37: '0.35', 40: '0.49', 82: '0.91', 87: '0.49'}
[C12] n=750 | classes=[17, 41, 47, 48, 54, 58, 69, 83, 96] | acc=0.7533 | per_class={17: '0.83', 41: '0.81', 47: '0.64', 48: '0.65', 54: '0.75', 58: '0.68', 69: '0.86', 83: '0.82', 96: '0.65'}
[C13] n=750 | classes=[8, 9, 20, 37, 39, 48, 59, 68, 86, 90] | acc=0.6293 | per_class={8: '0.49', 9: '0.67', 20: '0.81', 37: '0.53', 39: '0.67', 48: '0.55', 59: '0.76', 68: '0.91', 86: '0.46', 90: '0.47'}
[C14] n=750 | classes=[22, 33, 40, 49, 56, 62, 83, 85, 87] | acc=0.7173 | per_class={22: '0.53', 33: '0.74', 40: '0.57', 49: '0.89', 56: '0.89', 62: '0.89', 83: '0.55', 85: '0.80', 87: '0.48'}
[C15] n=750 | classes=[25, 28, 33, 39, 47, 53, 60, 81, 90, 94] | acc=0.6560 | per_class={25: '0.39', 28: '0.72', 33: '0.68', 39: '0.58', 47: '0.88', 53: '0.76', 60: '0.90', 81: '0.48', 90: '0.52', 94: '0.68'}
[C16] n=750 | classes=[20, 22, 28, 52, 53, 59, 70, 76, 82] | acc=0.8053 | per_class={20: '0.85', 22: '0.70', 28: '0.71', 52: '0.91', 53: '0.90', 59: '0.48', 70: '0.76', 76: '0.89', 82: '0.88'}
[C17] n=750 | classes=[49, 56, 58, 60, 61, 69, 71, 85] | acc=0.7733 | per_class={49: '0.70', 56: '0.77', 58: '0.64', 60: '0.73', 61: '0.96', 69: '0.74', 71: '0.77', 85: '0.71'}
[C18] n=750 | classes=[0, 5, 8, 16, 25, 76, 84, 86, 92, 96] | acc=0.6293 | per_class={0: '0.80', 5: '0.49', 8: '0.71', 16: '0.46', 25: '0.47', 76: '0.90', 84: '0.48', 86: '0.55', 92: '0.56', 96: '0.87'}
[C19] n=750 | classes=[0, 13, 23, 51, 68, 70, 81, 89] | acc=0.7107 | per_class={0: '0.88', 13: '0.61', 23: '0.85', 51: '0.79', 68: '0.85', 70: '0.70', 81: '0.36', 89: '0.65'}
  [Cloud] GM=0.1289 | EM=0.2488 PM=0.6025 | loss=4.1509 | time=116.9s | comm=719.6MB (total=2159MB)

[Round   4] Broadcasting to 2 edges...
  [Edge 0] W_n reset to global weights for new round.
  [Edge 1] W_n reset to global weights for new round.
  [Edge 0] G4 | E1 | Hier-pFedMe | Selected 10/10
  [Client  4] Received edge weights. Set local model to edge weights.
[C4] Test set: samples=750, class_dist={19: 72, 31: 69, 42: 76, 43: 75, 63: 80, 66: 80, 72: 74, 79: 81, 91: 77, 98: 66}
  [Client  6] Received edge weights. Set local model to edge weights.
[C6] Test set: samples=750, class_dist={11: 70, 18: 85, 21: 73, 32: 89, 44: 80, 46: 73, 78: 127, 88: 85, 97: 68}
  [Client  2] Received edge weights. Set local model to edge weights.
[C2] Test set: samples=750, class_dist={35: 80, 36: 63, 38: 79, 42: 77, 50: 77, 64: 79, 72: 80, 77: 72, 97: 72, 98: 71}
  [Client  7] Received edge weights. Set local model to edge weights.
[C7] Test set: samples=750, class_dist={24: 68, 31: 72, 36: 73, 45: 74, 46: 76, 50: 79, 67: 92, 73: 75, 74: 61, 80: 80}
  [Client  1] Received edge weights. Set local model to edge weights.
[C1] Test set: samples=750, class_dist={1: 75, 11: 80, 26: 83, 27: 68, 29: 75, 32: 70, 73: 71, 75: 79, 99: 149}
  [Client  5] Received edge weights. Set local model to edge weights.
[C5] Test set: samples=750, class_dist={4: 76, 15: 79, 19: 73, 34: 66, 45: 81, 63: 90, 74: 77, 91: 69, 93: 86, 95: 53}
  [Client  9] Received edge weights. Set local model to edge weights.
[C9] Test set: samples=750, class_dist={2: 167, 3: 151, 15: 78, 27: 67, 55: 68, 67: 71, 77: 66, 79: 82}
  [Client  8] Received edge weights. Set local model to edge weights.
[C8] Test set: samples=750, class_dist={1: 60, 14: 77, 24: 79, 26: 71, 30: 76, 65: 78, 75: 62, 88: 91, 93: 73, 95: 83}
  [Client  3] Received edge weights. Set local model to edge weights.
[C3] Test set: samples=750, class_dist={4: 80, 6: 65, 7: 146, 14: 82, 21: 76, 35: 63, 38: 70, 65: 89, 80: 79}
  [Client  0] Received edge weights. Set local model to edge weights.
[C0] Test set: samples=750, class_dist={6: 83, 18: 67, 29: 71, 30: 73, 34: 78, 43: 77, 44: 71, 55: 71, 64: 82, 66: 77}
  [Client  4] Starting Hier-pFedMe | λ2=35.0, η2=0.02, inner_steps=1, epochs=5, batches/epoch=141  [Client  6] Starting Hier-pFedMe | λ2=35.0, η2=0.02, inner_steps=1, epochs=5, batches/epoch=141
  [Client  2] Starting Hier-pFedMe | λ2=35.0, η2=0.02, inner_steps=1, epochs=5, batches/epoch=141  [Client  7] Starting Hier-pFedMe | λ2=35.0, η2=0.02, inner_steps=1, epochs=5, batches/epoch=141


  [Client  6] Round 4 | Hier-pFedMe(λ2=35.0, K=1) | loss=0.5745
  [Client  1] Starting Hier-pFedMe | λ2=35.0, η2=0.02, inner_steps=1, epochs=5, batches/epoch=141  [Client  4] Round 4 | Hier-pFedMe(λ2=35.0, K=1) | loss=0.5711

  [Client  5] Starting Hier-pFedMe | λ2=35.0, η2=0.02, inner_steps=1, epochs=5, batches/epoch=141
  [Client  7] Round 4 | Hier-pFedMe(λ2=35.0, K=1) | loss=0.5700
  [Client  9] Starting Hier-pFedMe | λ2=35.0, η2=0.02, inner_steps=1, epochs=5, batches/epoch=141  [Client  2] Round 4 | Hier-pFedMe(λ2=35.0, K=1) | loss=0.6483

  [Client  8] Starting Hier-pFedMe | λ2=35.0, η2=0.02, inner_steps=1, epochs=5, batches/epoch=141
  [Client  5] Round 4 | Hier-pFedMe(λ2=35.0, K=1) | loss=0.5678
  [Client  3] Starting Hier-pFedMe | λ2=35.0, η2=0.02, inner_steps=1, epochs=5, batches/epoch=141
  [Client  9] Round 4 | Hier-pFedMe(λ2=35.0, K=1) | loss=0.5181
  [Client  0] Starting Hier-pFedMe | λ2=35.0, η2=0.02, inner_steps=1, epochs=5, batches/epoch=141  [Client  8] Round 4 | Hier-pFedMe(λ2=35.0, K=1) | loss=0.4715

  [Client  1] Round 4 | Hier-pFedMe(λ2=35.0, K=1) | loss=0.4805
  [Client  3] Round 4 | Hier-pFedMe(λ2=35.0, K=1) | loss=0.5815
  [Client  0] Round 4 | Hier-pFedMe(λ2=35.0, K=1) | loss=0.5914
  [Edge 0] G4 | E1 | loss=0.5575
  [Edge 0] G4 | E2 | Hier-pFedMe | Selected 10/10
  [Client  3] Received edge weights. Set local model to edge weights.
[C3] Test set: samples=750, class_dist={4: 80, 6: 65, 7: 146, 14: 82, 21: 76, 35: 63, 38: 70, 65: 89, 80: 79}
  [Client  7] Received edge weights. Set local model to edge weights.
[C7] Test set: samples=750, class_dist={24: 68, 31: 72, 36: 73, 45: 74, 46: 76, 50: 79, 67: 92, 73: 75, 74: 61, 80: 80}
  [Client  9] Received edge weights. Set local model to edge weights.
[C9] Test set: samples=750, class_dist={2: 167, 3: 151, 15: 78, 27: 67, 55: 68, 67: 71, 77: 66, 79: 82}
  [Client  2] Received edge weights. Set local model to edge weights.
[C2] Test set: samples=750, class_dist={35: 80, 36: 63, 38: 79, 42: 77, 50: 77, 64: 79, 72: 80, 77: 72, 97: 72, 98: 71}
  [Client  4] Received edge weights. Set local model to edge weights.
[C4] Test set: samples=750, class_dist={19: 72, 31: 69, 42: 76, 43: 75, 63: 80, 66: 80, 72: 74, 79: 81, 91: 77, 98: 66}
  [Client  8] Received edge weights. Set local model to edge weights.
[C8] Test set: samples=750, class_dist={1: 60, 14: 77, 24: 79, 26: 71, 30: 76, 65: 78, 75: 62, 88: 91, 93: 73, 95: 83}
  [Client  0] Received edge weights. Set local model to edge weights.
[C0] Test set: samples=750, class_dist={6: 83, 18: 67, 29: 71, 30: 73, 34: 78, 43: 77, 44: 71, 55: 71, 64: 82, 66: 77}
  [Client  5] Received edge weights. Set local model to edge weights.
[C5] Test set: samples=750, class_dist={4: 76, 15: 79, 19: 73, 34: 66, 45: 81, 63: 90, 74: 77, 91: 69, 93: 86, 95: 53}
  [Client  1] Received edge weights. Set local model to edge weights.
[C1] Test set: samples=750, class_dist={1: 75, 11: 80, 26: 83, 27: 68, 29: 75, 32: 70, 73: 71, 75: 79, 99: 149}
  [Client  6] Received edge weights. Set local model to edge weights.
[C6] Test set: samples=750, class_dist={11: 70, 18: 85, 21: 73, 32: 89, 44: 80, 46: 73, 78: 127, 88: 85, 97: 68}
  [Client  3] Starting Hier-pFedMe | λ2=35.0, η2=0.02, inner_steps=1, epochs=5, batches/epoch=141
  [Client  7] Starting Hier-pFedMe | λ2=35.0, η2=0.02, inner_steps=1, epochs=5, batches/epoch=141
  [Client  9] Starting Hier-pFedMe | λ2=35.0, η2=0.02, inner_steps=1, epochs=5, batches/epoch=141  [Client  2] Starting Hier-pFedMe | λ2=35.0, η2=0.02, inner_steps=1, epochs=5, batches/epoch=141

  [Client  2] Round 4 | Hier-pFedMe(λ2=35.0, K=1) | loss=0.5163
  [Client  4] Starting Hier-pFedMe | λ2=35.0, η2=0.02, inner_steps=1, epochs=5, batches/epoch=141
  [Client  7] Round 4 | Hier-pFedMe(λ2=35.0, K=1) | loss=0.4665
  [Client  8] Starting Hier-pFedMe | λ2=35.0, η2=0.02, inner_steps=1, epochs=5, batches/epoch=141
  [Client  3] Round 4 | Hier-pFedMe(λ2=35.0, K=1) | loss=0.4619
  [Client  0] Starting Hier-pFedMe | λ2=35.0, η2=0.02, inner_steps=1, epochs=5, batches/epoch=141
  [Client  9] Round 4 | Hier-pFedMe(λ2=35.0, K=1) | loss=0.4116
  [Client  5] Starting Hier-pFedMe | λ2=35.0, η2=0.02, inner_steps=1, epochs=5, batches/epoch=141
  [Client  4] Round 4 | Hier-pFedMe(λ2=35.0, K=1) | loss=0.4565
  [Client  1] Starting Hier-pFedMe | λ2=35.0, η2=0.02, inner_steps=1, epochs=5, batches/epoch=141
  [Client  8] Round 4 | Hier-pFedMe(λ2=35.0, K=1) | loss=0.3835
  [Client  6] Starting Hier-pFedMe | λ2=35.0, η2=0.02, inner_steps=1, epochs=5, batches/epoch=141
  [Client  0] Round 4 | Hier-pFedMe(λ2=35.0, K=1) | loss=0.4761
  [Client  5] Round 4 | Hier-pFedMe(λ2=35.0, K=1) | loss=0.4629
  [Client  1] Round 4 | Hier-pFedMe(λ2=35.0, K=1) | loss=0.3859
  [Client  6] Round 4 | Hier-pFedMe(λ2=35.0, K=1) | loss=0.4486
  [Edge 0] G4 | E2 | loss=0.4470
  [Edge 0] G4 | E3 | Hier-pFedMe | Selected 10/10
  [Client  7] Received edge weights. Set local model to edge weights.
[C7] Test set: samples=750, class_dist={24: 68, 31: 72, 36: 73, 45: 74, 46: 76, 50: 79, 67: 92, 73: 75, 74: 61, 80: 80}
  [Client  9] Received edge weights. Set local model to edge weights.
[C9] Test set: samples=750, class_dist={2: 167, 3: 151, 15: 78, 27: 67, 55: 68, 67: 71, 77: 66, 79: 82}
  [Client  5] Received edge weights. Set local model to edge weights.
[C5] Test set: samples=750, class_dist={4: 76, 15: 79, 19: 73, 34: 66, 45: 81, 63: 90, 74: 77, 91: 69, 93: 86, 95: 53}
  [Client  4] Received edge weights. Set local model to edge weights.
[C4] Test set: samples=750, class_dist={19: 72, 31: 69, 42: 76, 43: 75, 63: 80, 66: 80, 72: 74, 79: 81, 91: 77, 98: 66}
  [Client  8] Received edge weights. Set local model to edge weights.
[C8] Test set: samples=750, class_dist={1: 60, 14: 77, 24: 79, 26: 71, 30: 76, 65: 78, 75: 62, 88: 91, 93: 73, 95: 83}
  [Client  1] Received edge weights. Set local model to edge weights.
[C1] Test set: samples=750, class_dist={1: 75, 11: 80, 26: 83, 27: 68, 29: 75, 32: 70, 73: 71, 75: 79, 99: 149}
  [Client  6] Received edge weights. Set local model to edge weights.
[C6] Test set: samples=750, class_dist={11: 70, 18: 85, 21: 73, 32: 89, 44: 80, 46: 73, 78: 127, 88: 85, 97: 68}
  [Client  0] Received edge weights. Set local model to edge weights.
[C0] Test set: samples=750, class_dist={6: 83, 18: 67, 29: 71, 30: 73, 34: 78, 43: 77, 44: 71, 55: 71, 64: 82, 66: 77}
  [Client  3] Received edge weights. Set local model to edge weights.
[C3] Test set: samples=750, class_dist={4: 80, 6: 65, 7: 146, 14: 82, 21: 76, 35: 63, 38: 70, 65: 89, 80: 79}
  [Client  2] Received edge weights. Set local model to edge weights.
[C2] Test set: samples=750, class_dist={35: 80, 36: 63, 38: 79, 42: 77, 50: 77, 64: 79, 72: 80, 77: 72, 97: 72, 98: 71}
  [Client  7] Starting Hier-pFedMe | λ2=35.0, η2=0.02, inner_steps=1, epochs=5, batches/epoch=141
  [Client  9] Starting Hier-pFedMe | λ2=35.0, η2=0.02, inner_steps=1, epochs=5, batches/epoch=141
  [Client  5] Starting Hier-pFedMe | λ2=35.0, η2=0.02, inner_steps=1, epochs=5, batches/epoch=141
  [Client  4] Starting Hier-pFedMe | λ2=35.0, η2=0.02, inner_steps=1, epochs=5, batches/epoch=141
  [Client  5] Round 4 | Hier-pFedMe(λ2=35.0, K=1) | loss=0.4061
  [Client  8] Starting Hier-pFedMe | λ2=35.0, η2=0.02, inner_steps=1, epochs=5, batches/epoch=141
  [Client  9] Round 4 | Hier-pFedMe(λ2=35.0, K=1) | loss=0.3596
  [Client  1] Starting Hier-pFedMe | λ2=35.0, η2=0.02, inner_steps=1, epochs=5, batches/epoch=141
  [Client  4] Round 4 | Hier-pFedMe(λ2=35.0, K=1) | loss=0.3982
  [Client  6] Starting Hier-pFedMe | λ2=35.0, η2=0.02, inner_steps=1, epochs=5, batches/epoch=141
  [Client  7] Round 4 | Hier-pFedMe(λ2=35.0, K=1) | loss=0.4039
  [Client  0] Starting Hier-pFedMe | λ2=35.0, η2=0.02, inner_steps=1, epochs=5, batches/epoch=141
  [Client  8] Round 4 | Hier-pFedMe(λ2=35.0, K=1) | loss=0.3366
  [Client  3] Starting Hier-pFedMe | λ2=35.0, η2=0.02, inner_steps=1, epochs=5, batches/epoch=141
  [Client  1] Round 4 | Hier-pFedMe(λ2=35.0, K=1) | loss=0.3449
  [Client  2] Starting Hier-pFedMe | λ2=35.0, η2=0.02, inner_steps=1, epochs=5, batches/epoch=141
  [Client  6] Round 4 | Hier-pFedMe(λ2=35.0, K=1) | loss=0.4018
  [Client  0] Round 4 | Hier-pFedMe(λ2=35.0, K=1) | loss=0.4240
  [Client  2] Round 4 | Hier-pFedMe(λ2=35.0, K=1) | loss=0.4495  [Client  3] Round 4 | Hier-pFedMe(λ2=35.0, K=1) | loss=0.4081

  [Edge 0] G4 | E3 | loss=0.3932
  [Edge 0] G4 | E4 | Hier-pFedMe | Selected 10/10
  [Client  0] Received edge weights. Set local model to edge weights.
[C0] Test set: samples=750, class_dist={6: 83, 18: 67, 29: 71, 30: 73, 34: 78, 43: 77, 44: 71, 55: 71, 64: 82, 66: 77}
  [Client  9] Received edge weights. Set local model to edge weights.
[C9] Test set: samples=750, class_dist={2: 167, 3: 151, 15: 78, 27: 67, 55: 68, 67: 71, 77: 66, 79: 82}
  [Client  8] Received edge weights. Set local model to edge weights.
[C8] Test set: samples=750, class_dist={1: 60, 14: 77, 24: 79, 26: 71, 30: 76, 65: 78, 75: 62, 88: 91, 93: 73, 95: 83}
  [Client  4] Received edge weights. Set local model to edge weights.
[C4] Test set: samples=750, class_dist={19: 72, 31: 69, 42: 76, 43: 75, 63: 80, 66: 80, 72: 74, 79: 81, 91: 77, 98: 66}
  [Client  2] Received edge weights. Set local model to edge weights.
[C2] Test set: samples=750, class_dist={35: 80, 36: 63, 38: 79, 42: 77, 50: 77, 64: 79, 72: 80, 77: 72, 97: 72, 98: 71}
  [Client  7] Received edge weights. Set local model to edge weights.
[C7] Test set: samples=750, class_dist={24: 68, 31: 72, 36: 73, 45: 74, 46: 76, 50: 79, 67: 92, 73: 75, 74: 61, 80: 80}
  [Client  1] Received edge weights. Set local model to edge weights.
[C1] Test set: samples=750, class_dist={1: 75, 11: 80, 26: 83, 27: 68, 29: 75, 32: 70, 73: 71, 75: 79, 99: 149}
  [Client  5] Received edge weights. Set local model to edge weights.
[C5] Test set: samples=750, class_dist={4: 76, 15: 79, 19: 73, 34: 66, 45: 81, 63: 90, 74: 77, 91: 69, 93: 86, 95: 53}
  [Client  6] Received edge weights. Set local model to edge weights.
[C6] Test set: samples=750, class_dist={11: 70, 18: 85, 21: 73, 32: 89, 44: 80, 46: 73, 78: 127, 88: 85, 97: 68}
  [Client  3] Received edge weights. Set local model to edge weights.
[C3] Test set: samples=750, class_dist={4: 80, 6: 65, 7: 146, 14: 82, 21: 76, 35: 63, 38: 70, 65: 89, 80: 79}
  [Client  0] Starting Hier-pFedMe | λ2=35.0, η2=0.02, inner_steps=1, epochs=5, batches/epoch=141  [Client  9] Starting Hier-pFedMe | λ2=35.0, η2=0.02, inner_steps=1, epochs=5, batches/epoch=141  [Client  8] Starting Hier-pFedMe | λ2=35.0, η2=0.02, inner_steps=1, epochs=5, batches/epoch=141  [Client  4] Starting Hier-pFedMe | λ2=35.0, η2=0.02, inner_steps=1, epochs=5, batches/epoch=141



  [Client  8] Round 4 | Hier-pFedMe(λ2=35.0, K=1) | loss=0.2968
  [Client  2] Starting Hier-pFedMe | λ2=35.0, η2=0.02, inner_steps=1, epochs=5, batches/epoch=141
  [Client  4] Round 4 | Hier-pFedMe(λ2=35.0, K=1) | loss=0.3614  [Client  9] Round 4 | Hier-pFedMe(λ2=35.0, K=1) | loss=0.3211

  [Client  7] Starting Hier-pFedMe | λ2=35.0, η2=0.02, inner_steps=1, epochs=5, batches/epoch=141
  [Client  1] Starting Hier-pFedMe | λ2=35.0, η2=0.02, inner_steps=1, epochs=5, batches/epoch=141
  [Client  0] Round 4 | Hier-pFedMe(λ2=35.0, K=1) | loss=0.3738
  [Client  5] Starting Hier-pFedMe | λ2=35.0, η2=0.02, inner_steps=1, epochs=5, batches/epoch=141
  [Client  2] Round 4 | Hier-pFedMe(λ2=35.0, K=1) | loss=0.4054
  [Client  6] Starting Hier-pFedMe | λ2=35.0, η2=0.02, inner_steps=1, epochs=5, batches/epoch=141
  [Client  1] Round 4 | Hier-pFedMe(λ2=35.0, K=1) | loss=0.3149
  [Client  3] Starting Hier-pFedMe | λ2=35.0, η2=0.02, inner_steps=1, epochs=5, batches/epoch=141
  [Client  7] Round 4 | Hier-pFedMe(λ2=35.0, K=1) | loss=0.3665
  [Client  5] Round 4 | Hier-pFedMe(λ2=35.0, K=1) | loss=0.3539
  [Client  6] Round 4 | Hier-pFedMe(λ2=35.0, K=1) | loss=0.3552
  [Client  3] Round 4 | Hier-pFedMe(λ2=35.0, K=1) | loss=0.3665
  [Edge 0] G4 | E4 | loss=0.3516
  [Edge 0] G4 | E5 | Hier-pFedMe | Selected 10/10
  [Client  7] Received edge weights. Set local model to edge weights.
[C7] Test set: samples=750, class_dist={24: 68, 31: 72, 36: 73, 45: 74, 46: 76, 50: 79, 67: 92, 73: 75, 74: 61, 80: 80}
  [Client  4] Received edge weights. Set local model to edge weights.
[C4] Test set: samples=750, class_dist={19: 72, 31: 69, 42: 76, 43: 75, 63: 80, 66: 80, 72: 74, 79: 81, 91: 77, 98: 66}
  [Client  3] Received edge weights. Set local model to edge weights.
[C3] Test set: samples=750, class_dist={4: 80, 6: 65, 7: 146, 14: 82, 21: 76, 35: 63, 38: 70, 65: 89, 80: 79}
  [Client  8] Received edge weights. Set local model to edge weights.
[C8] Test set: samples=750, class_dist={1: 60, 14: 77, 24: 79, 26: 71, 30: 76, 65: 78, 75: 62, 88: 91, 93: 73, 95: 83}
  [Client  6] Received edge weights. Set local model to edge weights.
[C6] Test set: samples=750, class_dist={11: 70, 18: 85, 21: 73, 32: 89, 44: 80, 46: 73, 78: 127, 88: 85, 97: 68}
  [Client  5] Received edge weights. Set local model to edge weights.
[C5] Test set: samples=750, class_dist={4: 76, 15: 79, 19: 73, 34: 66, 45: 81, 63: 90, 74: 77, 91: 69, 93: 86, 95: 53}
  [Client  0] Received edge weights. Set local model to edge weights.
[C0] Test set: samples=750, class_dist={6: 83, 18: 67, 29: 71, 30: 73, 34: 78, 43: 77, 44: 71, 55: 71, 64: 82, 66: 77}
  [Client  9] Received edge weights. Set local model to edge weights.
[C9] Test set: samples=750, class_dist={2: 167, 3: 151, 15: 78, 27: 67, 55: 68, 67: 71, 77: 66, 79: 82}
  [Client  2] Received edge weights. Set local model to edge weights.
[C2] Test set: samples=750, class_dist={35: 80, 36: 63, 38: 79, 42: 77, 50: 77, 64: 79, 72: 80, 77: 72, 97: 72, 98: 71}
  [Client  1] Received edge weights. Set local model to edge weights.
[C1] Test set: samples=750, class_dist={1: 75, 11: 80, 26: 83, 27: 68, 29: 75, 32: 70, 73: 71, 75: 79, 99: 149}
  [Client  4] Starting Hier-pFedMe | λ2=35.0, η2=0.02, inner_steps=1, epochs=5, batches/epoch=141  [Client  7] Starting Hier-pFedMe | λ2=35.0, η2=0.02, inner_steps=1, epochs=5, batches/epoch=141
  [Client  3] Starting Hier-pFedMe | λ2=35.0, η2=0.02, inner_steps=1, epochs=5, batches/epoch=141  [Client  8] Starting Hier-pFedMe | λ2=35.0, η2=0.02, inner_steps=1, epochs=5, batches/epoch=141


  [Client  8] Round 4 | Hier-pFedMe(λ2=35.0, K=1) | loss=0.2701
  [Client  6] Starting Hier-pFedMe | λ2=35.0, η2=0.02, inner_steps=1, epochs=5, batches/epoch=141
  [Client  4] Round 4 | Hier-pFedMe(λ2=35.0, K=1) | loss=0.3206  [Client  7] Round 4 | Hier-pFedMe(λ2=35.0, K=1) | loss=0.3212

  [Client  3] Round 4 | Hier-pFedMe(λ2=35.0, K=1) | loss=0.3249  [Client  5] Starting Hier-pFedMe | λ2=35.0, η2=0.02, inner_steps=1, epochs=5, batches/epoch=141  [Client  0] Starting Hier-pFedMe | λ2=35.0, η2=0.02, inner_steps=1, epochs=5, batches/epoch=141


  [Client  9] Starting Hier-pFedMe | λ2=35.0, η2=0.02, inner_steps=1, epochs=5, batches/epoch=141
  [Client  5] Round 4 | Hier-pFedMe(λ2=35.0, K=1) | loss=0.3192
  [Client  6] Round 4 | Hier-pFedMe(λ2=35.0, K=1) | loss=0.3187
  [Client  2] Starting Hier-pFedMe | λ2=35.0, η2=0.02, inner_steps=1, epochs=5, batches/epoch=141  [Client  1] Starting Hier-pFedMe | λ2=35.0, η2=0.02, inner_steps=1, epochs=5, batches/epoch=141

  [Client  0] Round 4 | Hier-pFedMe(λ2=35.0, K=1) | loss=0.3314
  [Client  9] Round 4 | Hier-pFedMe(λ2=35.0, K=1) | loss=0.2988
  [Client  2] Round 4 | Hier-pFedMe(λ2=35.0, K=1) | loss=0.3623
  [Client  1] Round 4 | Hier-pFedMe(λ2=35.0, K=1) | loss=0.2753
  [Edge 0] G4 | E5 | loss=0.3142
  [Edge 1] G4 | E1 | Hier-pFedMe | Selected 10/10
  [Client 19] Received edge weights. Set local model to edge weights.
[C19] Test set: samples=750, class_dist={0: 66, 13: 168, 23: 137, 51: 86, 68: 65, 70: 82, 81: 64, 89: 82}
  [Client 17] Received edge weights. Set local model to edge weights.
[C17] Test set: samples=750, class_dist={49: 73, 56: 69, 58: 67, 60: 82, 61: 143, 69: 96, 71: 151, 85: 69}
  [Client 14] Received edge weights. Set local model to edge weights.
[C14] Test set: samples=750, class_dist={22: 68, 33: 80, 40: 81, 49: 71, 56: 79, 62: 143, 83: 80, 85: 69, 87: 79}
  [Client 11] Received edge weights. Set local model to edge weights.
[C11] Test set: samples=750, class_dist={10: 175, 12: 136, 16: 85, 17: 77, 37: 65, 40: 70, 82: 70, 87: 72}
  [Client 12] Received edge weights. Set local model to edge weights.
[C12] Test set: samples=750, class_dist={17: 72, 41: 154, 47: 72, 48: 78, 54: 85, 58: 68, 69: 83, 83: 72, 96: 66}
  [Client 15] Received edge weights. Set local model to edge weights.
[C15] Test set: samples=750, class_dist={25: 79, 28: 75, 33: 65, 39: 81, 47: 75, 53: 72, 60: 73, 81: 75, 90: 77, 94: 78}
  [Client 18] Received edge weights. Set local model to edge weights.
[C18] Test set: samples=750, class_dist={0: 71, 5: 79, 8: 79, 16: 71, 25: 72, 76: 70, 84: 81, 86: 67, 92: 81, 96: 79}
  [Client 13] Received edge weights. Set local model to edge weights.
[C13] Test set: samples=750, class_dist={8: 68, 9: 75, 20: 73, 37: 78, 39: 76, 48: 73, 59: 78, 68: 74, 86: 80, 90: 75}
  [Client 10] Received edge weights. Set local model to edge weights.
[C10] Test set: samples=750, class_dist={5: 74, 9: 72, 51: 87, 54: 76, 57: 149, 84: 72, 89: 78, 92: 60, 94: 82}
  [Client 16] Received edge weights. Set local model to edge weights.
[C16] Test set: samples=750, class_dist={20: 75, 22: 88, 28: 62, 52: 153, 53: 84, 59: 67, 70: 71, 76: 65, 82: 85}
  [Client 19] Starting Hier-pFedMe | λ2=35.0, η2=0.02, inner_steps=1, epochs=5, batches/epoch=141  [Client 17] Starting Hier-pFedMe | λ2=35.0, η2=0.02, inner_steps=1, epochs=5, batches/epoch=141
  [Client 14] Starting Hier-pFedMe | λ2=35.0, η2=0.02, inner_steps=1, epochs=5, batches/epoch=141  [Client 11] Starting Hier-pFedMe | λ2=35.0, η2=0.02, inner_steps=1, epochs=5, batches/epoch=141


  [Client 17] Round 4 | Hier-pFedMe(λ2=35.0, K=1) | loss=0.3520  [Client 11] Round 4 | Hier-pFedMe(λ2=35.0, K=1) | loss=0.4408

  [Client 12] Starting Hier-pFedMe | λ2=35.0, η2=0.02, inner_steps=1, epochs=5, batches/epoch=141  [Client 15] Starting Hier-pFedMe | λ2=35.0, η2=0.02, inner_steps=1, epochs=5, batches/epoch=141
  [Client 14] Round 4 | Hier-pFedMe(λ2=35.0, K=1) | loss=0.3795

  [Client 19] Round 4 | Hier-pFedMe(λ2=35.0, K=1) | loss=0.3261  [Client 18] Starting Hier-pFedMe | λ2=35.0, η2=0.02, inner_steps=1, epochs=5, batches/epoch=141

  [Client 13] Starting Hier-pFedMe | λ2=35.0, η2=0.02, inner_steps=1, epochs=5, batches/epoch=141
  [Client 12] Round 4 | Hier-pFedMe(λ2=35.0, K=1) | loss=0.3347  [Client 15] Round 4 | Hier-pFedMe(λ2=35.0, K=1) | loss=0.4175

  [Client 10] Starting Hier-pFedMe | λ2=35.0, η2=0.02, inner_steps=1, epochs=5, batches/epoch=141  [Client 18] Round 4 | Hier-pFedMe(λ2=35.0, K=1) | loss=0.4627  [Client 16] Starting Hier-pFedMe | λ2=35.0, η2=0.02, inner_steps=1, epochs=5, batches/epoch=141


  [Client 13] Round 4 | Hier-pFedMe(λ2=35.0, K=1) | loss=0.4343
  [Client 10] Round 4 | Hier-pFedMe(λ2=35.0, K=1) | loss=0.4840
  [Client 16] Round 4 | Hier-pFedMe(λ2=35.0, K=1) | loss=0.3347
  [Edge 1] G4 | E1 | loss=0.3966
  [Edge 1] G4 | E2 | Hier-pFedMe | Selected 10/10
  [Client 15] Received edge weights. Set local model to edge weights.
[C15] Test set: samples=750, class_dist={25: 79, 28: 75, 33: 65, 39: 81, 47: 75, 53: 72, 60: 73, 81: 75, 90: 77, 94: 78}
  [Client 10] Received edge weights. Set local model to edge weights.
[C10] Test set: samples=750, class_dist={5: 74, 9: 72, 51: 87, 54: 76, 57: 149, 84: 72, 89: 78, 92: 60, 94: 82}
  [Client 18] Received edge weights. Set local model to edge weights.
[C18] Test set: samples=750, class_dist={0: 71, 5: 79, 8: 79, 16: 71, 25: 72, 76: 70, 84: 81, 86: 67, 92: 81, 96: 79}
  [Client 16] Received edge weights. Set local model to edge weights.
[C16] Test set: samples=750, class_dist={20: 75, 22: 88, 28: 62, 52: 153, 53: 84, 59: 67, 70: 71, 76: 65, 82: 85}
  [Client 13] Received edge weights. Set local model to edge weights.
[C13] Test set: samples=750, class_dist={8: 68, 9: 75, 20: 73, 37: 78, 39: 76, 48: 73, 59: 78, 68: 74, 86: 80, 90: 75}
  [Client 11] Received edge weights. Set local model to edge weights.
[C11] Test set: samples=750, class_dist={10: 175, 12: 136, 16: 85, 17: 77, 37: 65, 40: 70, 82: 70, 87: 72}
  [Client 19] Received edge weights. Set local model to edge weights.
[C19] Test set: samples=750, class_dist={0: 66, 13: 168, 23: 137, 51: 86, 68: 65, 70: 82, 81: 64, 89: 82}
  [Client 14] Received edge weights. Set local model to edge weights.
[C14] Test set: samples=750, class_dist={22: 68, 33: 80, 40: 81, 49: 71, 56: 79, 62: 143, 83: 80, 85: 69, 87: 79}
  [Client 12] Received edge weights. Set local model to edge weights.
[C12] Test set: samples=750, class_dist={17: 72, 41: 154, 47: 72, 48: 78, 54: 85, 58: 68, 69: 83, 83: 72, 96: 66}
  [Client 17] Received edge weights. Set local model to edge weights.
[C17] Test set: samples=750, class_dist={49: 73, 56: 69, 58: 67, 60: 82, 61: 143, 69: 96, 71: 151, 85: 69}
  [Client 15] Starting Hier-pFedMe | λ2=35.0, η2=0.02, inner_steps=1, epochs=5, batches/epoch=141  [Client 10] Starting Hier-pFedMe | λ2=35.0, η2=0.02, inner_steps=1, epochs=5, batches/epoch=141  [Client 18] Starting Hier-pFedMe | λ2=35.0, η2=0.02, inner_steps=1, epochs=5, batches/epoch=141
  [Client 16] Starting Hier-pFedMe | λ2=35.0, η2=0.02, inner_steps=1, epochs=5, batches/epoch=141


  [Client 18] Round 4 | Hier-pFedMe(λ2=35.0, K=1) | loss=0.3924  [Client 15] Round 4 | Hier-pFedMe(λ2=35.0, K=1) | loss=0.3315

  [Client 10] Round 4 | Hier-pFedMe(λ2=35.0, K=1) | loss=0.3963
  [Client 13] Starting Hier-pFedMe | λ2=35.0, η2=0.02, inner_steps=1, epochs=5, batches/epoch=141  [Client 11] Starting Hier-pFedMe | λ2=35.0, η2=0.02, inner_steps=1, epochs=5, batches/epoch=141
  [Client 16] Round 4 | Hier-pFedMe(λ2=35.0, K=1) | loss=0.2659
  [Client 19] Starting Hier-pFedMe | λ2=35.0, η2=0.02, inner_steps=1, epochs=5, batches/epoch=141

  [Client 14] Starting Hier-pFedMe | λ2=35.0, η2=0.02, inner_steps=1, epochs=5, batches/epoch=141
  [Client 11] Round 4 | Hier-pFedMe(λ2=35.0, K=1) | loss=0.3549
  [Client 12] Starting Hier-pFedMe | λ2=35.0, η2=0.02, inner_steps=1, epochs=5, batches/epoch=141
  [Client 13] Round 4 | Hier-pFedMe(λ2=35.0, K=1) | loss=0.3535
  [Client 14] Round 4 | Hier-pFedMe(λ2=35.0, K=1) | loss=0.3061
  [Client 17] Starting Hier-pFedMe | λ2=35.0, η2=0.02, inner_steps=1, epochs=5, batches/epoch=141
  [Client 19] Round 4 | Hier-pFedMe(λ2=35.0, K=1) | loss=0.2565
  [Client 12] Round 4 | Hier-pFedMe(λ2=35.0, K=1) | loss=0.2774
  [Client 17] Round 4 | Hier-pFedMe(λ2=35.0, K=1) | loss=0.2920
  [Edge 1] G4 | E2 | loss=0.3226
  [Edge 1] G4 | E3 | Hier-pFedMe | Selected 10/10
  [Client 13] Received edge weights. Set local model to edge weights.
[C13] Test set: samples=750, class_dist={8: 68, 9: 75, 20: 73, 37: 78, 39: 76, 48: 73, 59: 78, 68: 74, 86: 80, 90: 75}
  [Client 17] Received edge weights. Set local model to edge weights.
[C17] Test set: samples=750, class_dist={49: 73, 56: 69, 58: 67, 60: 82, 61: 143, 69: 96, 71: 151, 85: 69}
  [Client 10] Received edge weights. Set local model to edge weights.
[C10] Test set: samples=750, class_dist={5: 74, 9: 72, 51: 87, 54: 76, 57: 149, 84: 72, 89: 78, 92: 60, 94: 82}
  [Client 15] Received edge weights. Set local model to edge weights.
[C15] Test set: samples=750, class_dist={25: 79, 28: 75, 33: 65, 39: 81, 47: 75, 53: 72, 60: 73, 81: 75, 90: 77, 94: 78}
  [Client 12] Received edge weights. Set local model to edge weights.
[C12] Test set: samples=750, class_dist={17: 72, 41: 154, 47: 72, 48: 78, 54: 85, 58: 68, 69: 83, 83: 72, 96: 66}
  [Client 11] Received edge weights. Set local model to edge weights.
[C11] Test set: samples=750, class_dist={10: 175, 12: 136, 16: 85, 17: 77, 37: 65, 40: 70, 82: 70, 87: 72}
  [Client 19] Received edge weights. Set local model to edge weights.
[C19] Test set: samples=750, class_dist={0: 66, 13: 168, 23: 137, 51: 86, 68: 65, 70: 82, 81: 64, 89: 82}
  [Client 16] Received edge weights. Set local model to edge weights.
[C16] Test set: samples=750, class_dist={20: 75, 22: 88, 28: 62, 52: 153, 53: 84, 59: 67, 70: 71, 76: 65, 82: 85}
  [Client 18] Received edge weights. Set local model to edge weights.
[C18] Test set: samples=750, class_dist={0: 71, 5: 79, 8: 79, 16: 71, 25: 72, 76: 70, 84: 81, 86: 67, 92: 81, 96: 79}
  [Client 14] Received edge weights. Set local model to edge weights.
[C14] Test set: samples=750, class_dist={22: 68, 33: 80, 40: 81, 49: 71, 56: 79, 62: 143, 83: 80, 85: 69, 87: 79}
  [Client 17] Starting Hier-pFedMe | λ2=35.0, η2=0.02, inner_steps=1, epochs=5, batches/epoch=141
  [Client 13] Starting Hier-pFedMe | λ2=35.0, η2=0.02, inner_steps=1, epochs=5, batches/epoch=141  [Client 10] Starting Hier-pFedMe | λ2=35.0, η2=0.02, inner_steps=1, epochs=5, batches/epoch=141
  [Client 15] Starting Hier-pFedMe | λ2=35.0, η2=0.02, inner_steps=1, epochs=5, batches/epoch=141

  [Client 17] Round 4 | Hier-pFedMe(λ2=35.0, K=1) | loss=0.2597
  [Client 13] Round 4 | Hier-pFedMe(λ2=35.0, K=1) | loss=0.3066  [Client 12] Starting Hier-pFedMe | λ2=35.0, η2=0.02, inner_steps=1, epochs=5, batches/epoch=141
  [Client 10] Round 4 | Hier-pFedMe(λ2=35.0, K=1) | loss=0.3425

  [Client 11] Starting Hier-pFedMe | λ2=35.0, η2=0.02, inner_steps=1, epochs=5, batches/epoch=141  [Client 19] Starting Hier-pFedMe | λ2=35.0, η2=0.02, inner_steps=1, epochs=5, batches/epoch=141

  [Client 15] Round 4 | Hier-pFedMe(λ2=35.0, K=1) | loss=0.2864
  [Client 16] Starting Hier-pFedMe | λ2=35.0, η2=0.02, inner_steps=1, epochs=5, batches/epoch=141
  [Client 11] Round 4 | Hier-pFedMe(λ2=35.0, K=1) | loss=0.3158
  [Client 18] Starting Hier-pFedMe | λ2=35.0, η2=0.02, inner_steps=1, epochs=5, batches/epoch=141
  [Client 12] Round 4 | Hier-pFedMe(λ2=35.0, K=1) | loss=0.2428
  [Client 16] Round 4 | Hier-pFedMe(λ2=35.0, K=1) | loss=0.2362
  [Client 14] Starting Hier-pFedMe | λ2=35.0, η2=0.02, inner_steps=1, epochs=5, batches/epoch=141  [Client 19] Round 4 | Hier-pFedMe(λ2=35.0, K=1) | loss=0.2343

  [Client 18] Round 4 | Hier-pFedMe(λ2=35.0, K=1) | loss=0.3379
  [Client 14] Round 4 | Hier-pFedMe(λ2=35.0, K=1) | loss=0.2739
  [Edge 1] G4 | E3 | loss=0.2836
  [Edge 1] G4 | E4 | Hier-pFedMe | Selected 10/10
  [Client 17] Received edge weights. Set local model to edge weights.
[C17] Test set: samples=750, class_dist={49: 73, 56: 69, 58: 67, 60: 82, 61: 143, 69: 96, 71: 151, 85: 69}
  [Client 11] Received edge weights. Set local model to edge weights.
[C11] Test set: samples=750, class_dist={10: 175, 12: 136, 16: 85, 17: 77, 37: 65, 40: 70, 82: 70, 87: 72}
  [Client 16] Received edge weights. Set local model to edge weights.
[C16] Test set: samples=750, class_dist={20: 75, 22: 88, 28: 62, 52: 153, 53: 84, 59: 67, 70: 71, 76: 65, 82: 85}
  [Client 18] Received edge weights. Set local model to edge weights.
[C18] Test set: samples=750, class_dist={0: 71, 5: 79, 8: 79, 16: 71, 25: 72, 76: 70, 84: 81, 86: 67, 92: 81, 96: 79}
  [Client 12] Received edge weights. Set local model to edge weights.
[C12] Test set: samples=750, class_dist={17: 72, 41: 154, 47: 72, 48: 78, 54: 85, 58: 68, 69: 83, 83: 72, 96: 66}
  [Client 15] Received edge weights. Set local model to edge weights.
[C15] Test set: samples=750, class_dist={25: 79, 28: 75, 33: 65, 39: 81, 47: 75, 53: 72, 60: 73, 81: 75, 90: 77, 94: 78}
  [Client 13] Received edge weights. Set local model to edge weights.
[C13] Test set: samples=750, class_dist={8: 68, 9: 75, 20: 73, 37: 78, 39: 76, 48: 73, 59: 78, 68: 74, 86: 80, 90: 75}
  [Client 10] Received edge weights. Set local model to edge weights.
[C10] Test set: samples=750, class_dist={5: 74, 9: 72, 51: 87, 54: 76, 57: 149, 84: 72, 89: 78, 92: 60, 94: 82}
  [Client 19] Received edge weights. Set local model to edge weights.
[C19] Test set: samples=750, class_dist={0: 66, 13: 168, 23: 137, 51: 86, 68: 65, 70: 82, 81: 64, 89: 82}
  [Client 14] Received edge weights. Set local model to edge weights.
[C14] Test set: samples=750, class_dist={22: 68, 33: 80, 40: 81, 49: 71, 56: 79, 62: 143, 83: 80, 85: 69, 87: 79}
  [Client 17] Starting Hier-pFedMe | λ2=35.0, η2=0.02, inner_steps=1, epochs=5, batches/epoch=141  [Client 11] Starting Hier-pFedMe | λ2=35.0, η2=0.02, inner_steps=1, epochs=5, batches/epoch=141
  [Client 16] Starting Hier-pFedMe | λ2=35.0, η2=0.02, inner_steps=1, epochs=5, batches/epoch=141  [Client 18] Starting Hier-pFedMe | λ2=35.0, η2=0.02, inner_steps=1, epochs=5, batches/epoch=141


  [Client 11] Round 4 | Hier-pFedMe(λ2=35.0, K=1) | loss=0.2794
  [Client 18] Round 4 | Hier-pFedMe(λ2=35.0, K=1) | loss=0.2961  [Client 12] Starting Hier-pFedMe | λ2=35.0, η2=0.02, inner_steps=1, epochs=5, batches/epoch=141

  [Client 15] Starting Hier-pFedMe | λ2=35.0, η2=0.02, inner_steps=1, epochs=5, batches/epoch=141
  [Client 16] Round 4 | Hier-pFedMe(λ2=35.0, K=1) | loss=0.2082
  [Client 13] Starting Hier-pFedMe | λ2=35.0, η2=0.02, inner_steps=1, epochs=5, batches/epoch=141
  [Client 17] Round 4 | Hier-pFedMe(λ2=35.0, K=1) | loss=0.2279
  [Client 10] Starting Hier-pFedMe | λ2=35.0, η2=0.02, inner_steps=1, epochs=5, batches/epoch=141
  [Client 12] Round 4 | Hier-pFedMe(λ2=35.0, K=1) | loss=0.2277
  [Client 19] Starting Hier-pFedMe | λ2=35.0, η2=0.02, inner_steps=1, epochs=5, batches/epoch=141
  [Client 15] Round 4 | Hier-pFedMe(λ2=35.0, K=1) | loss=0.2573
  [Client 14] Starting Hier-pFedMe | λ2=35.0, η2=0.02, inner_steps=1, epochs=5, batches/epoch=141
  [Client 10] Round 4 | Hier-pFedMe(λ2=35.0, K=1) | loss=0.3008
  [Client 13] Round 4 | Hier-pFedMe(λ2=35.0, K=1) | loss=0.2759
  [Client 19] Round 4 | Hier-pFedMe(λ2=35.0, K=1) | loss=0.2070
  [Client 14] Round 4 | Hier-pFedMe(λ2=35.0, K=1) | loss=0.2447
  [Edge 1] G4 | E4 | loss=0.2525
  [Edge 1] G4 | E5 | Hier-pFedMe | Selected 10/10
  [Client 18] Received edge weights. Set local model to edge weights.
[C18] Test set: samples=750, class_dist={0: 71, 5: 79, 8: 79, 16: 71, 25: 72, 76: 70, 84: 81, 86: 67, 92: 81, 96: 79}
  [Client 17] Received edge weights. Set local model to edge weights.
[C17] Test set: samples=750, class_dist={49: 73, 56: 69, 58: 67, 60: 82, 61: 143, 69: 96, 71: 151, 85: 69}
  [Client 10] Received edge weights. Set local model to edge weights.
[C10] Test set: samples=750, class_dist={5: 74, 9: 72, 51: 87, 54: 76, 57: 149, 84: 72, 89: 78, 92: 60, 94: 82}
  [Client 14] Received edge weights. Set local model to edge weights.
[C14] Test set: samples=750, class_dist={22: 68, 33: 80, 40: 81, 49: 71, 56: 79, 62: 143, 83: 80, 85: 69, 87: 79}
  [Client 19] Received edge weights. Set local model to edge weights.
[C19] Test set: samples=750, class_dist={0: 66, 13: 168, 23: 137, 51: 86, 68: 65, 70: 82, 81: 64, 89: 82}
  [Client 15] Received edge weights. Set local model to edge weights.
[C15] Test set: samples=750, class_dist={25: 79, 28: 75, 33: 65, 39: 81, 47: 75, 53: 72, 60: 73, 81: 75, 90: 77, 94: 78}
  [Client 13] Received edge weights. Set local model to edge weights.
[C13] Test set: samples=750, class_dist={8: 68, 9: 75, 20: 73, 37: 78, 39: 76, 48: 73, 59: 78, 68: 74, 86: 80, 90: 75}
  [Client 12] Received edge weights. Set local model to edge weights.
[C12] Test set: samples=750, class_dist={17: 72, 41: 154, 47: 72, 48: 78, 54: 85, 58: 68, 69: 83, 83: 72, 96: 66}
  [Client 11] Received edge weights. Set local model to edge weights.
[C11] Test set: samples=750, class_dist={10: 175, 12: 136, 16: 85, 17: 77, 37: 65, 40: 70, 82: 70, 87: 72}
  [Client 16] Received edge weights. Set local model to edge weights.
[C16] Test set: samples=750, class_dist={20: 75, 22: 88, 28: 62, 52: 153, 53: 84, 59: 67, 70: 71, 76: 65, 82: 85}
  [Client 17] Starting Hier-pFedMe | λ2=35.0, η2=0.02, inner_steps=1, epochs=5, batches/epoch=141
  [Client 18] Starting Hier-pFedMe | λ2=35.0, η2=0.02, inner_steps=1, epochs=5, batches/epoch=141
  [Client 10] Starting Hier-pFedMe | λ2=35.0, η2=0.02, inner_steps=1, epochs=5, batches/epoch=141
  [Client 14] Starting Hier-pFedMe | λ2=35.0, η2=0.02, inner_steps=1, epochs=5, batches/epoch=141
  [Client 14] Round 4 | Hier-pFedMe(λ2=35.0, K=1) | loss=0.2171
  [Client 19] Starting Hier-pFedMe | λ2=35.0, η2=0.02, inner_steps=1, epochs=5, batches/epoch=141
  [Client 17] Round 4 | Hier-pFedMe(λ2=35.0, K=1) | loss=0.2137
  [Client 15] Starting Hier-pFedMe | λ2=35.0, η2=0.02, inner_steps=1, epochs=5, batches/epoch=141  [Client 10] Round 4 | Hier-pFedMe(λ2=35.0, K=1) | loss=0.2730

  [Client 18] Round 4 | Hier-pFedMe(λ2=35.0, K=1) | loss=0.2731  [Client 13] Starting Hier-pFedMe | λ2=35.0, η2=0.02, inner_steps=1, epochs=5, batches/epoch=141

  [Client 12] Starting Hier-pFedMe | λ2=35.0, η2=0.02, inner_steps=1, epochs=5, batches/epoch=141
  [Client 19] Round 4 | Hier-pFedMe(λ2=35.0, K=1) | loss=0.1873
  [Client 11] Starting Hier-pFedMe | λ2=35.0, η2=0.02, inner_steps=1, epochs=5, batches/epoch=141
  [Client 12] Round 4 | Hier-pFedMe(λ2=35.0, K=1) | loss=0.2011
  [Client 16] Starting Hier-pFedMe | λ2=35.0, η2=0.02, inner_steps=1, epochs=5, batches/epoch=141
  [Client 13] Round 4 | Hier-pFedMe(λ2=35.0, K=1) | loss=0.2510
  [Client 15] Round 4 | Hier-pFedMe(λ2=35.0, K=1) | loss=0.2245
  [Client 11] Round 4 | Hier-pFedMe(λ2=35.0, K=1) | loss=0.2598
  [Client 16] Round 4 | Hier-pFedMe(λ2=35.0, K=1) | loss=0.1915
  [Edge 1] G4 | E5 | loss=0.2292
  [Cloud] Using Hier-pFedMe global aggregation (式 9).
[C0] n=750 | classes=[6, 18, 29, 30, 34, 43, 44, 55, 64, 66] | acc=0.4640 | per_class={6: '0.35', 18: '0.48', 29: '0.56', 30: '0.77', 34: '0.41', 43: '0.57', 44: '0.32', 55: '0.25', 64: '0.39', 66: '0.55'}
[C1] n=750 | classes=[1, 11, 26, 27, 29, 32, 73, 75, 99] | acc=0.6320 | per_class={1: '0.76', 11: '0.64', 26: '0.45', 27: '0.54', 29: '0.56', 32: '0.49', 73: '0.68', 75: '0.80', 99: '0.70'}
[C2] n=750 | classes=[35, 36, 38, 42, 50, 64, 72, 77, 97, 98] | acc=0.3947 | per_class={35: '0.42', 36: '0.48', 38: '0.37', 42: '0.44', 50: '0.22', 64: '0.34', 72: '0.51', 77: '0.33', 97: '0.56', 98: '0.28'}
[C3] n=750 | classes=[4, 6, 7, 14, 21, 35, 38, 65, 80] | acc=0.4947 | per_class={4: '0.33', 6: '0.48', 7: '0.76', 14: '0.38', 21: '0.62', 35: '0.65', 38: '0.47', 65: '0.35', 80: '0.25'}
[C4] n=750 | classes=[19, 31, 42, 43, 63, 66, 72, 79, 91, 98] | acc=0.5387 | per_class={19: '0.53', 31: '0.42', 42: '0.46', 43: '0.59', 63: '0.46', 66: '0.45', 72: '0.58', 79: '0.57', 91: '0.65', 98: '0.70'}
[C5] n=750 | classes=[4, 15, 19, 34, 45, 63, 74, 91, 93, 95] | acc=0.4773 | per_class={4: '0.43', 15: '0.43', 19: '0.38', 34: '0.58', 45: '0.49', 63: '0.40', 74: '0.39', 91: '0.58', 93: '0.49', 95: '0.70'}
[C6] n=750 | classes=[11, 18, 21, 32, 44, 46, 78, 88, 97] | acc=0.5053 | per_class={11: '0.39', 18: '0.58', 21: '0.70', 32: '0.60', 44: '0.35', 46: '0.25', 78: '0.57', 88: '0.52', 97: '0.53'}
[C7] n=750 | classes=[24, 31, 36, 45, 46, 50, 67, 73, 74, 80] | acc=0.5333 | per_class={24: '0.84', 31: '0.67', 36: '0.66', 45: '0.47', 46: '0.45', 50: '0.28', 67: '0.42', 73: '0.68', 74: '0.51', 80: '0.44'}
[C8] n=750 | classes=[1, 14, 24, 26, 30, 65, 75, 88, 93, 95] | acc=0.5747 | per_class={1: '0.67', 14: '0.58', 24: '0.78', 26: '0.48', 30: '0.59', 65: '0.54', 75: '0.69', 88: '0.54', 93: '0.33', 95: '0.57'}
[C9] n=750 | classes=[2, 3, 15, 27, 55, 67, 77, 79] | acc=0.5667 | per_class={2: '0.74', 3: '0.64', 15: '0.41', 27: '0.61', 55: '0.21', 67: '0.68', 77: '0.35', 79: '0.57'}
[C10] n=750 | classes=[5, 9, 51, 54, 57, 84, 89, 92, 94] | acc=0.6213 | per_class={5: '0.59', 9: '0.57', 51: '0.70', 54: '0.54', 57: '0.69', 84: '0.33', 89: '0.67', 92: '0.58', 94: '0.79'}
[C11] n=750 | classes=[10, 12, 16, 17, 37, 40, 82, 87] | acc=0.6080 | per_class={10: '0.70', 12: '0.64', 16: '0.44', 17: '0.68', 37: '0.38', 40: '0.53', 82: '0.89', 87: '0.46'}
[C12] n=750 | classes=[17, 41, 47, 48, 54, 58, 69, 83, 96] | acc=0.7453 | per_class={17: '0.79', 41: '0.80', 47: '0.76', 48: '0.68', 54: '0.74', 58: '0.74', 69: '0.82', 83: '0.76', 96: '0.53'}
[C13] n=750 | classes=[8, 9, 20, 37, 39, 48, 59, 68, 86, 90] | acc=0.6400 | per_class={8: '0.51', 9: '0.64', 20: '0.77', 37: '0.53', 39: '0.66', 48: '0.58', 59: '0.76', 68: '0.86', 86: '0.54', 90: '0.56'}
[C14] n=750 | classes=[22, 33, 40, 49, 56, 62, 83, 85, 87] | acc=0.7053 | per_class={22: '0.54', 33: '0.80', 40: '0.53', 49: '0.86', 56: '0.84', 62: '0.88', 83: '0.54', 85: '0.77', 87: '0.46'}
[C15] n=750 | classes=[25, 28, 33, 39, 47, 53, 60, 81, 90, 94] | acc=0.6773 | per_class={25: '0.41', 28: '0.69', 33: '0.71', 39: '0.62', 47: '0.83', 53: '0.89', 60: '0.92', 81: '0.56', 90: '0.51', 94: '0.69'}
[C16] n=750 | classes=[20, 22, 28, 52, 53, 59, 70, 76, 82] | acc=0.7813 | per_class={20: '0.85', 22: '0.66', 28: '0.69', 52: '0.84', 53: '0.90', 59: '0.48', 70: '0.73', 76: '0.86', 82: '0.91'}
[C17] n=750 | classes=[49, 56, 58, 60, 61, 69, 71, 85] | acc=0.7640 | per_class={49: '0.66', 56: '0.80', 58: '0.75', 60: '0.70', 61: '0.92', 69: '0.69', 71: '0.79', 85: '0.67'}
[C18] n=750 | classes=[0, 5, 8, 16, 25, 76, 84, 86, 92, 96] | acc=0.6480 | per_class={0: '0.77', 5: '0.49', 8: '0.70', 16: '0.45', 25: '0.50', 76: '0.87', 84: '0.49', 86: '0.61', 92: '0.75', 96: '0.84'}
[C19] n=750 | classes=[0, 13, 23, 51, 68, 70, 81, 89] | acc=0.6920 | per_class={0: '0.85', 13: '0.63', 23: '0.83', 51: '0.69', 68: '0.83', 70: '0.72', 81: '0.31', 89: '0.62'}
  [Cloud] GM=0.1489 | EM=0.2601 PM=0.6032 | loss=4.1888 | time=117.6s | comm=719.6MB (total=2878MB)

[Round   5] Broadcasting to 2 edges...
  [Edge 0] W_n reset to global weights for new round.
  [Edge 1] W_n reset to global weights for new round.
  [Edge 0] G5 | E1 | Hier-pFedMe | Selected 10/10
  [Client  9] Received edge weights. Set local model to edge weights.
[C9] Test set: samples=750, class_dist={2: 167, 3: 151, 15: 78, 27: 67, 55: 68, 67: 71, 77: 66, 79: 82}
  [Client  4] Received edge weights. Set local model to edge weights.
[C4] Test set: samples=750, class_dist={19: 72, 31: 69, 42: 76, 43: 75, 63: 80, 66: 80, 72: 74, 79: 81, 91: 77, 98: 66}
  [Client  0] Received edge weights. Set local model to edge weights.
[C0] Test set: samples=750, class_dist={6: 83, 18: 67, 29: 71, 30: 73, 34: 78, 43: 77, 44: 71, 55: 71, 64: 82, 66: 77}
  [Client  3] Received edge weights. Set local model to edge weights.
[C3] Test set: samples=750, class_dist={4: 80, 6: 65, 7: 146, 14: 82, 21: 76, 35: 63, 38: 70, 65: 89, 80: 79}
  [Client  2] Received edge weights. Set local model to edge weights.
[C2] Test set: samples=750, class_dist={35: 80, 36: 63, 38: 79, 42: 77, 50: 77, 64: 79, 72: 80, 77: 72, 97: 72, 98: 71}
  [Client  6] Received edge weights. Set local model to edge weights.
[C6] Test set: samples=750, class_dist={11: 70, 18: 85, 21: 73, 32: 89, 44: 80, 46: 73, 78: 127, 88: 85, 97: 68}
  [Client  8] Received edge weights. Set local model to edge weights.
[C8] Test set: samples=750, class_dist={1: 60, 14: 77, 24: 79, 26: 71, 30: 76, 65: 78, 75: 62, 88: 91, 93: 73, 95: 83}
  [Client  5] Received edge weights. Set local model to edge weights.
[C5] Test set: samples=750, class_dist={4: 76, 15: 79, 19: 73, 34: 66, 45: 81, 63: 90, 74: 77, 91: 69, 93: 86, 95: 53}
  [Client  1] Received edge weights. Set local model to edge weights.
[C1] Test set: samples=750, class_dist={1: 75, 11: 80, 26: 83, 27: 68, 29: 75, 32: 70, 73: 71, 75: 79, 99: 149}
  [Client  7] Received edge weights. Set local model to edge weights.
[C7] Test set: samples=750, class_dist={24: 68, 31: 72, 36: 73, 45: 74, 46: 76, 50: 79, 67: 92, 73: 75, 74: 61, 80: 80}
  [Client  4] Starting Hier-pFedMe | λ2=35.0, η2=0.02, inner_steps=1, epochs=5, batches/epoch=141  [Client  9] Starting Hier-pFedMe | λ2=35.0, η2=0.02, inner_steps=1, epochs=5, batches/epoch=141  [Client  0] Starting Hier-pFedMe | λ2=35.0, η2=0.02, inner_steps=1, epochs=5, batches/epoch=141  [Client  3] Starting Hier-pFedMe | λ2=35.0, η2=0.02, inner_steps=1, epochs=5, batches/epoch=141



  [Client  0] Round 5 | Hier-pFedMe(λ2=35.0, K=1) | loss=0.4336
  [Client  2] Starting Hier-pFedMe | λ2=35.0, η2=0.02, inner_steps=1, epochs=5, batches/epoch=141
  [Client  4] Round 5 | Hier-pFedMe(λ2=35.0, K=1) | loss=0.4297
  [Client  9] Round 5 | Hier-pFedMe(λ2=35.0, K=1) | loss=0.3837  [Client  6] Starting Hier-pFedMe | λ2=35.0, η2=0.02, inner_steps=1, epochs=5, batches/epoch=141

  [Client  8] Starting Hier-pFedMe | λ2=35.0, η2=0.02, inner_steps=1, epochs=5, batches/epoch=141
  [Client  3] Round 5 | Hier-pFedMe(λ2=35.0, K=1) | loss=0.4219
  [Client  5] Starting Hier-pFedMe | λ2=35.0, η2=0.02, inner_steps=1, epochs=5, batches/epoch=141
  [Client  2] Round 5 | Hier-pFedMe(λ2=35.0, K=1) | loss=0.4739
  [Client  1] Starting Hier-pFedMe | λ2=35.0, η2=0.02, inner_steps=1, epochs=5, batches/epoch=141
  [Client  6] Round 5 | Hier-pFedMe(λ2=35.0, K=1) | loss=0.4275
  [Client  7] Starting Hier-pFedMe | λ2=35.0, η2=0.02, inner_steps=1, epochs=5, batches/epoch=141
  [Client  8] Round 5 | Hier-pFedMe(λ2=35.0, K=1) | loss=0.3542
  [Client  5] Round 5 | Hier-pFedMe(λ2=35.0, K=1) | loss=0.4367
  [Client  1] Round 5 | Hier-pFedMe(λ2=35.0, K=1) | loss=0.3657
  [Client  7] Round 5 | Hier-pFedMe(λ2=35.0, K=1) | loss=0.4266
  [Edge 0] G5 | E1 | loss=0.4154
  [Edge 0] G5 | E2 | Hier-pFedMe | Selected 10/10
  [Client  7] Received edge weights. Set local model to edge weights.
[C7] Test set: samples=750, class_dist={24: 68, 31: 72, 36: 73, 45: 74, 46: 76, 50: 79, 67: 92, 73: 75, 74: 61, 80: 80}
  [Client  8] Received edge weights. Set local model to edge weights.
[C8] Test set: samples=750, class_dist={1: 60, 14: 77, 24: 79, 26: 71, 30: 76, 65: 78, 75: 62, 88: 91, 93: 73, 95: 83}
  [Client  4] Received edge weights. Set local model to edge weights.
[C4] Test set: samples=750, class_dist={19: 72, 31: 69, 42: 76, 43: 75, 63: 80, 66: 80, 72: 74, 79: 81, 91: 77, 98: 66}
  [Client  0] Received edge weights. Set local model to edge weights.
[C0] Test set: samples=750, class_dist={6: 83, 18: 67, 29: 71, 30: 73, 34: 78, 43: 77, 44: 71, 55: 71, 64: 82, 66: 77}
  [Client  6] Received edge weights. Set local model to edge weights.
[C6] Test set: samples=750, class_dist={11: 70, 18: 85, 21: 73, 32: 89, 44: 80, 46: 73, 78: 127, 88: 85, 97: 68}
  [Client  2] Received edge weights. Set local model to edge weights.
[C2] Test set: samples=750, class_dist={35: 80, 36: 63, 38: 79, 42: 77, 50: 77, 64: 79, 72: 80, 77: 72, 97: 72, 98: 71}
  [Client  3] Received edge weights. Set local model to edge weights.
[C3] Test set: samples=750, class_dist={4: 80, 6: 65, 7: 146, 14: 82, 21: 76, 35: 63, 38: 70, 65: 89, 80: 79}
  [Client  5] Received edge weights. Set local model to edge weights.
[C5] Test set: samples=750, class_dist={4: 76, 15: 79, 19: 73, 34: 66, 45: 81, 63: 90, 74: 77, 91: 69, 93: 86, 95: 53}
  [Client  1] Received edge weights. Set local model to edge weights.
[C1] Test set: samples=750, class_dist={1: 75, 11: 80, 26: 83, 27: 68, 29: 75, 32: 70, 73: 71, 75: 79, 99: 149}
  [Client  9] Received edge weights. Set local model to edge weights.
[C9] Test set: samples=750, class_dist={2: 167, 3: 151, 15: 78, 27: 67, 55: 68, 67: 71, 77: 66, 79: 82}
  [Client  7] Starting Hier-pFedMe | λ2=35.0, η2=0.02, inner_steps=1, epochs=5, batches/epoch=141  [Client  8] Starting Hier-pFedMe | λ2=35.0, η2=0.02, inner_steps=1, epochs=5, batches/epoch=141
  [Client  4] Starting Hier-pFedMe | λ2=35.0, η2=0.02, inner_steps=1, epochs=5, batches/epoch=141
  [Client  0] Starting Hier-pFedMe | λ2=35.0, η2=0.02, inner_steps=1, epochs=5, batches/epoch=141

  [Client  8] Round 5 | Hier-pFedMe(λ2=35.0, K=1) | loss=0.3000
  [Client  6] Starting Hier-pFedMe | λ2=35.0, η2=0.02, inner_steps=1, epochs=5, batches/epoch=141
  [Client  0] Round 5 | Hier-pFedMe(λ2=35.0, K=1) | loss=0.3672  [Client  7] Round 5 | Hier-pFedMe(λ2=35.0, K=1) | loss=0.3597

  [Client  2] Starting Hier-pFedMe | λ2=35.0, η2=0.02, inner_steps=1, epochs=5, batches/epoch=141
  [Client  3] Starting Hier-pFedMe | λ2=35.0, η2=0.02, inner_steps=1, epochs=5, batches/epoch=141
  [Client  4] Round 5 | Hier-pFedMe(λ2=35.0, K=1) | loss=0.3448
  [Client  5] Starting Hier-pFedMe | λ2=35.0, η2=0.02, inner_steps=1, epochs=5, batches/epoch=141
  [Client  6] Round 5 | Hier-pFedMe(λ2=35.0, K=1) | loss=0.3498  [Client  2] Round 5 | Hier-pFedMe(λ2=35.0, K=1) | loss=0.3879

  [Client  1] Starting Hier-pFedMe | λ2=35.0, η2=0.02, inner_steps=1, epochs=5, batches/epoch=141
  [Client  9] Starting Hier-pFedMe | λ2=35.0, η2=0.02, inner_steps=1, epochs=5, batches/epoch=141
  [Client  3] Round 5 | Hier-pFedMe(λ2=35.0, K=1) | loss=0.3560  [Client  5] Round 5 | Hier-pFedMe(λ2=35.0, K=1) | loss=0.3560

  [Client  1] Round 5 | Hier-pFedMe(λ2=35.0, K=1) | loss=0.3016
  [Client  9] Round 5 | Hier-pFedMe(λ2=35.0, K=1) | loss=0.3068
  [Edge 0] G5 | E2 | loss=0.3430
  [Edge 0] G5 | E3 | Hier-pFedMe | Selected 10/10
  [Client  2] Received edge weights. Set local model to edge weights.
[C2] Test set: samples=750, class_dist={35: 80, 36: 63, 38: 79, 42: 77, 50: 77, 64: 79, 72: 80, 77: 72, 97: 72, 98: 71}
  [Client  7] Received edge weights. Set local model to edge weights.
[C7] Test set: samples=750, class_dist={24: 68, 31: 72, 36: 73, 45: 74, 46: 76, 50: 79, 67: 92, 73: 75, 74: 61, 80: 80}
  [Client  5] Received edge weights. Set local model to edge weights.
[C5] Test set: samples=750, class_dist={4: 76, 15: 79, 19: 73, 34: 66, 45: 81, 63: 90, 74: 77, 91: 69, 93: 86, 95: 53}
  [Client  0] Received edge weights. Set local model to edge weights.
[C0] Test set: samples=750, class_dist={6: 83, 18: 67, 29: 71, 30: 73, 34: 78, 43: 77, 44: 71, 55: 71, 64: 82, 66: 77}
  [Client  9] Received edge weights. Set local model to edge weights.
[C9] Test set: samples=750, class_dist={2: 167, 3: 151, 15: 78, 27: 67, 55: 68, 67: 71, 77: 66, 79: 82}
  [Client  3] Received edge weights. Set local model to edge weights.
[C3] Test set: samples=750, class_dist={4: 80, 6: 65, 7: 146, 14: 82, 21: 76, 35: 63, 38: 70, 65: 89, 80: 79}
  [Client  1] Received edge weights. Set local model to edge weights.
[C1] Test set: samples=750, class_dist={1: 75, 11: 80, 26: 83, 27: 68, 29: 75, 32: 70, 73: 71, 75: 79, 99: 149}
  [Client  8] Received edge weights. Set local model to edge weights.
[C8] Test set: samples=750, class_dist={1: 60, 14: 77, 24: 79, 26: 71, 30: 76, 65: 78, 75: 62, 88: 91, 93: 73, 95: 83}
  [Client  6] Received edge weights. Set local model to edge weights.
[C6] Test set: samples=750, class_dist={11: 70, 18: 85, 21: 73, 32: 89, 44: 80, 46: 73, 78: 127, 88: 85, 97: 68}
  [Client  4] Received edge weights. Set local model to edge weights.
[C4] Test set: samples=750, class_dist={19: 72, 31: 69, 42: 76, 43: 75, 63: 80, 66: 80, 72: 74, 79: 81, 91: 77, 98: 66}
  [Client  2] Starting Hier-pFedMe | λ2=35.0, η2=0.02, inner_steps=1, epochs=5, batches/epoch=141  [Client  7] Starting Hier-pFedMe | λ2=35.0, η2=0.02, inner_steps=1, epochs=5, batches/epoch=141  [Client  5] Starting Hier-pFedMe | λ2=35.0, η2=0.02, inner_steps=1, epochs=5, batches/epoch=141
  [Client  0] Starting Hier-pFedMe | λ2=35.0, η2=0.02, inner_steps=1, epochs=5, batches/epoch=141


  [Client  5] Round 5 | Hier-pFedMe(λ2=35.0, K=1) | loss=0.3139
  [Client  9] Starting Hier-pFedMe | λ2=35.0, η2=0.02, inner_steps=1, epochs=5, batches/epoch=141  [Client  0] Round 5 | Hier-pFedMe(λ2=35.0, K=1) | loss=0.3245

  [Client  2] Round 5 | Hier-pFedMe(λ2=35.0, K=1) | loss=0.3470  [Client  3] Starting Hier-pFedMe | λ2=35.0, η2=0.02, inner_steps=1, epochs=5, batches/epoch=141

  [Client  1] Starting Hier-pFedMe | λ2=35.0, η2=0.02, inner_steps=1, epochs=5, batches/epoch=141
  [Client  7] Round 5 | Hier-pFedMe(λ2=35.0, K=1) | loss=0.3114
  [Client  8] Starting Hier-pFedMe | λ2=35.0, η2=0.02, inner_steps=1, epochs=5, batches/epoch=141
  [Client  1] Round 5 | Hier-pFedMe(λ2=35.0, K=1) | loss=0.2691
  [Client  9] Round 5 | Hier-pFedMe(λ2=35.0, K=1) | loss=0.2914  [Client  6] Starting Hier-pFedMe | λ2=35.0, η2=0.02, inner_steps=1, epochs=5, batches/epoch=141
  [Client  3] Round 5 | Hier-pFedMe(λ2=35.0, K=1) | loss=0.3244

  [Client  8] Round 5 | Hier-pFedMe(λ2=35.0, K=1) | loss=0.2661
  [Client  4] Starting Hier-pFedMe | λ2=35.0, η2=0.02, inner_steps=1, epochs=5, batches/epoch=141
  [Client  6] Round 5 | Hier-pFedMe(λ2=35.0, K=1) | loss=0.3176  [Client  4] Round 5 | Hier-pFedMe(λ2=35.0, K=1) | loss=0.3179

  [Edge 0] G5 | E3 | loss=0.3083
  [Edge 0] G5 | E4 | Hier-pFedMe | Selected 10/10
  [Client  9] Received edge weights. Set local model to edge weights.
[C9] Test set: samples=750, class_dist={2: 167, 3: 151, 15: 78, 27: 67, 55: 68, 67: 71, 77: 66, 79: 82}
  [Client  6] Received edge weights. Set local model to edge weights.
[C6] Test set: samples=750, class_dist={11: 70, 18: 85, 21: 73, 32: 89, 44: 80, 46: 73, 78: 127, 88: 85, 97: 68}
  [Client  5] Received edge weights. Set local model to edge weights.
[C5] Test set: samples=750, class_dist={4: 76, 15: 79, 19: 73, 34: 66, 45: 81, 63: 90, 74: 77, 91: 69, 93: 86, 95: 53}
  [Client  1] Received edge weights. Set local model to edge weights.
[C1] Test set: samples=750, class_dist={1: 75, 11: 80, 26: 83, 27: 68, 29: 75, 32: 70, 73: 71, 75: 79, 99: 149}
  [Client  0] Received edge weights. Set local model to edge weights.
[C0] Test set: samples=750, class_dist={6: 83, 18: 67, 29: 71, 30: 73, 34: 78, 43: 77, 44: 71, 55: 71, 64: 82, 66: 77}
  [Client  4] Received edge weights. Set local model to edge weights.
[C4] Test set: samples=750, class_dist={19: 72, 31: 69, 42: 76, 43: 75, 63: 80, 66: 80, 72: 74, 79: 81, 91: 77, 98: 66}
  [Client  3] Received edge weights. Set local model to edge weights.
[C3] Test set: samples=750, class_dist={4: 80, 6: 65, 7: 146, 14: 82, 21: 76, 35: 63, 38: 70, 65: 89, 80: 79}
  [Client  7] Received edge weights. Set local model to edge weights.
[C7] Test set: samples=750, class_dist={24: 68, 31: 72, 36: 73, 45: 74, 46: 76, 50: 79, 67: 92, 73: 75, 74: 61, 80: 80}
  [Client  8] Received edge weights. Set local model to edge weights.
[C8] Test set: samples=750, class_dist={1: 60, 14: 77, 24: 79, 26: 71, 30: 76, 65: 78, 75: 62, 88: 91, 93: 73, 95: 83}
  [Client  2] Received edge weights. Set local model to edge weights.
[C2] Test set: samples=750, class_dist={35: 80, 36: 63, 38: 79, 42: 77, 50: 77, 64: 79, 72: 80, 77: 72, 97: 72, 98: 71}
  [Client  9] Starting Hier-pFedMe | λ2=35.0, η2=0.02, inner_steps=1, epochs=5, batches/epoch=141  [Client  6] Starting Hier-pFedMe | λ2=35.0, η2=0.02, inner_steps=1, epochs=5, batches/epoch=141  [Client  5] Starting Hier-pFedMe | λ2=35.0, η2=0.02, inner_steps=1, epochs=5, batches/epoch=141
  [Client  1] Starting Hier-pFedMe | λ2=35.0, η2=0.02, inner_steps=1, epochs=5, batches/epoch=141


  [Client  6] Round 5 | Hier-pFedMe(λ2=35.0, K=1) | loss=0.2881
  [Client  5] Round 5 | Hier-pFedMe(λ2=35.0, K=1) | loss=0.2778  [Client  9] Round 5 | Hier-pFedMe(λ2=35.0, K=1) | loss=0.2457  [Client  0] Starting Hier-pFedMe | λ2=35.0, η2=0.02, inner_steps=1, epochs=5, batches/epoch=141


  [Client  1] Round 5 | Hier-pFedMe(λ2=35.0, K=1) | loss=0.2417
  [Client  4] Starting Hier-pFedMe | λ2=35.0, η2=0.02, inner_steps=1, epochs=5, batches/epoch=141  [Client  3] Starting Hier-pFedMe | λ2=35.0, η2=0.02, inner_steps=1, epochs=5, batches/epoch=141
  [Client  7] Starting Hier-pFedMe | λ2=35.0, η2=0.02, inner_steps=1, epochs=5, batches/epoch=141

  [Client  4] Round 5 | Hier-pFedMe(λ2=35.0, K=1) | loss=0.2899  [Client  3] Round 5 | Hier-pFedMe(λ2=35.0, K=1) | loss=0.2807

  [Client  8] Starting Hier-pFedMe | λ2=35.0, η2=0.02, inner_steps=1, epochs=5, batches/epoch=141
  [Client  2] Starting Hier-pFedMe | λ2=35.0, η2=0.02, inner_steps=1, epochs=5, batches/epoch=141  [Client  0] Round 5 | Hier-pFedMe(λ2=35.0, K=1) | loss=0.2898
  [Client  7] Round 5 | Hier-pFedMe(λ2=35.0, K=1) | loss=0.2863

  [Client  2] Round 5 | Hier-pFedMe(λ2=35.0, K=1) | loss=0.3126  [Client  8] Round 5 | Hier-pFedMe(λ2=35.0, K=1) | loss=0.2433

  [Edge 0] G5 | E4 | loss=0.2756
  [Edge 0] G5 | E5 | Hier-pFedMe | Selected 10/10
  [Client  1] Received edge weights. Set local model to edge weights.
[C1] Test set: samples=750, class_dist={1: 75, 11: 80, 26: 83, 27: 68, 29: 75, 32: 70, 73: 71, 75: 79, 99: 149}
  [Client  3] Received edge weights. Set local model to edge weights.
[C3] Test set: samples=750, class_dist={4: 80, 6: 65, 7: 146, 14: 82, 21: 76, 35: 63, 38: 70, 65: 89, 80: 79}
  [Client  7] Received edge weights. Set local model to edge weights.
[C7] Test set: samples=750, class_dist={24: 68, 31: 72, 36: 73, 45: 74, 46: 76, 50: 79, 67: 92, 73: 75, 74: 61, 80: 80}
  [Client  6] Received edge weights. Set local model to edge weights.
[C6] Test set: samples=750, class_dist={11: 70, 18: 85, 21: 73, 32: 89, 44: 80, 46: 73, 78: 127, 88: 85, 97: 68}
  [Client  5] Received edge weights. Set local model to edge weights.
[C5] Test set: samples=750, class_dist={4: 76, 15: 79, 19: 73, 34: 66, 45: 81, 63: 90, 74: 77, 91: 69, 93: 86, 95: 53}
  [Client  4] Received edge weights. Set local model to edge weights.
[C4] Test set: samples=750, class_dist={19: 72, 31: 69, 42: 76, 43: 75, 63: 80, 66: 80, 72: 74, 79: 81, 91: 77, 98: 66}
  [Client  8] Received edge weights. Set local model to edge weights.
[C8] Test set: samples=750, class_dist={1: 60, 14: 77, 24: 79, 26: 71, 30: 76, 65: 78, 75: 62, 88: 91, 93: 73, 95: 83}
  [Client  0] Received edge weights. Set local model to edge weights.
[C0] Test set: samples=750, class_dist={6: 83, 18: 67, 29: 71, 30: 73, 34: 78, 43: 77, 44: 71, 55: 71, 64: 82, 66: 77}
  [Client  9] Received edge weights. Set local model to edge weights.
[C9] Test set: samples=750, class_dist={2: 167, 3: 151, 15: 78, 27: 67, 55: 68, 67: 71, 77: 66, 79: 82}
  [Client  2] Received edge weights. Set local model to edge weights.
[C2] Test set: samples=750, class_dist={35: 80, 36: 63, 38: 79, 42: 77, 50: 77, 64: 79, 72: 80, 77: 72, 97: 72, 98: 71}
  [Client  3] Starting Hier-pFedMe | λ2=35.0, η2=0.02, inner_steps=1, epochs=5, batches/epoch=141  [Client  1] Starting Hier-pFedMe | λ2=35.0, η2=0.02, inner_steps=1, epochs=5, batches/epoch=141
  [Client  7] Starting Hier-pFedMe | λ2=35.0, η2=0.02, inner_steps=1, epochs=5, batches/epoch=141  [Client  6] Starting Hier-pFedMe | λ2=35.0, η2=0.02, inner_steps=1, epochs=5, batches/epoch=141


  [Client  3] Round 5 | Hier-pFedMe(λ2=35.0, K=1) | loss=0.2493  [Client  6] Round 5 | Hier-pFedMe(λ2=35.0, K=1) | loss=0.2586

  [Client  5] Starting Hier-pFedMe | λ2=35.0, η2=0.02, inner_steps=1, epochs=5, batches/epoch=141
  [Client  4] Starting Hier-pFedMe | λ2=35.0, η2=0.02, inner_steps=1, epochs=5, batches/epoch=141
  [Client  1] Round 5 | Hier-pFedMe(λ2=35.0, K=1) | loss=0.2242
  [Client  8] Starting Hier-pFedMe | λ2=35.0, η2=0.02, inner_steps=1, epochs=5, batches/epoch=141
  [Client  7] Round 5 | Hier-pFedMe(λ2=35.0, K=1) | loss=0.2613
  [Client  0] Starting Hier-pFedMe | λ2=35.0, η2=0.02, inner_steps=1, epochs=5, batches/epoch=141
  [Client  5] Round 5 | Hier-pFedMe(λ2=35.0, K=1) | loss=0.2561
  [Client  9] Starting Hier-pFedMe | λ2=35.0, η2=0.02, inner_steps=1, epochs=5, batches/epoch=141  [Client  4] Round 5 | Hier-pFedMe(λ2=35.0, K=1) | loss=0.2518

  [Client  2] Starting Hier-pFedMe | λ2=35.0, η2=0.02, inner_steps=1, epochs=5, batches/epoch=141
  [Client  0] Round 5 | Hier-pFedMe(λ2=35.0, K=1) | loss=0.2647
  [Client  8] Round 5 | Hier-pFedMe(λ2=35.0, K=1) | loss=0.2194
  [Client  9] Round 5 | Hier-pFedMe(λ2=35.0, K=1) | loss=0.2310
  [Client  2] Round 5 | Hier-pFedMe(λ2=35.0, K=1) | loss=0.2837
  [Edge 0] G5 | E5 | loss=0.2500
  [Edge 1] G5 | E1 | Hier-pFedMe | Selected 10/10
  [Client 16] Received edge weights. Set local model to edge weights.
[C16] Test set: samples=750, class_dist={20: 75, 22: 88, 28: 62, 52: 153, 53: 84, 59: 67, 70: 71, 76: 65, 82: 85}
  [Client 17] Received edge weights. Set local model to edge weights.
[C17] Test set: samples=750, class_dist={49: 73, 56: 69, 58: 67, 60: 82, 61: 143, 69: 96, 71: 151, 85: 69}
  [Client 18] Received edge weights. Set local model to edge weights.
[C18] Test set: samples=750, class_dist={0: 71, 5: 79, 8: 79, 16: 71, 25: 72, 76: 70, 84: 81, 86: 67, 92: 81, 96: 79}
  [Client 19] Received edge weights. Set local model to edge weights.
[C19] Test set: samples=750, class_dist={0: 66, 13: 168, 23: 137, 51: 86, 68: 65, 70: 82, 81: 64, 89: 82}
  [Client 15] Received edge weights. Set local model to edge weights.
[C15] Test set: samples=750, class_dist={25: 79, 28: 75, 33: 65, 39: 81, 47: 75, 53: 72, 60: 73, 81: 75, 90: 77, 94: 78}
  [Client 13] Received edge weights. Set local model to edge weights.
[C13] Test set: samples=750, class_dist={8: 68, 9: 75, 20: 73, 37: 78, 39: 76, 48: 73, 59: 78, 68: 74, 86: 80, 90: 75}
  [Client 11] Received edge weights. Set local model to edge weights.
[C11] Test set: samples=750, class_dist={10: 175, 12: 136, 16: 85, 17: 77, 37: 65, 40: 70, 82: 70, 87: 72}
  [Client 10] Received edge weights. Set local model to edge weights.
[C10] Test set: samples=750, class_dist={5: 74, 9: 72, 51: 87, 54: 76, 57: 149, 84: 72, 89: 78, 92: 60, 94: 82}
  [Client 12] Received edge weights. Set local model to edge weights.
[C12] Test set: samples=750, class_dist={17: 72, 41: 154, 47: 72, 48: 78, 54: 85, 58: 68, 69: 83, 83: 72, 96: 66}
  [Client 14] Received edge weights. Set local model to edge weights.
[C14] Test set: samples=750, class_dist={22: 68, 33: 80, 40: 81, 49: 71, 56: 79, 62: 143, 83: 80, 85: 69, 87: 79}
  [Client 16] Starting Hier-pFedMe | λ2=35.0, η2=0.02, inner_steps=1, epochs=5, batches/epoch=141  [Client 17] Starting Hier-pFedMe | λ2=35.0, η2=0.02, inner_steps=1, epochs=5, batches/epoch=141  [Client 19] Starting Hier-pFedMe | λ2=35.0, η2=0.02, inner_steps=1, epochs=5, batches/epoch=141  [Client 18] Starting Hier-pFedMe | λ2=35.0, η2=0.02, inner_steps=1, epochs=5, batches/epoch=141



  [Client 19] Round 5 | Hier-pFedMe(λ2=35.0, K=1) | loss=0.2530  [Client 16] Round 5 | Hier-pFedMe(λ2=35.0, K=1) | loss=0.2574

  [Client 15] Starting Hier-pFedMe | λ2=35.0, η2=0.02, inner_steps=1, epochs=5, batches/epoch=141
  [Client 17] Round 5 | Hier-pFedMe(λ2=35.0, K=1) | loss=0.2749  [Client 13] Starting Hier-pFedMe | λ2=35.0, η2=0.02, inner_steps=1, epochs=5, batches/epoch=141

  [Client 18] Round 5 | Hier-pFedMe(λ2=35.0, K=1) | loss=0.3635
  [Client 11] Starting Hier-pFedMe | λ2=35.0, η2=0.02, inner_steps=1, epochs=5, batches/epoch=141
  [Client 10] Starting Hier-pFedMe | λ2=35.0, η2=0.02, inner_steps=1, epochs=5, batches/epoch=141
  [Client 15] Round 5 | Hier-pFedMe(λ2=35.0, K=1) | loss=0.3134
  [Client 12] Starting Hier-pFedMe | λ2=35.0, η2=0.02, inner_steps=1, epochs=5, batches/epoch=141
  [Client 11] Round 5 | Hier-pFedMe(λ2=35.0, K=1) | loss=0.3454
  [Client 14] Starting Hier-pFedMe | λ2=35.0, η2=0.02, inner_steps=1, epochs=5, batches/epoch=141
  [Client 13] Round 5 | Hier-pFedMe(λ2=35.0, K=1) | loss=0.3305
  [Client 10] Round 5 | Hier-pFedMe(λ2=35.0, K=1) | loss=0.3846
  [Client 12] Round 5 | Hier-pFedMe(λ2=35.0, K=1) | loss=0.2749  [Client 14] Round 5 | Hier-pFedMe(λ2=35.0, K=1) | loss=0.2985

  [Edge 1] G5 | E1 | loss=0.3096
  [Edge 1] G5 | E2 | Hier-pFedMe | Selected 10/10
  [Client 15] Received edge weights. Set local model to edge weights.
[C15] Test set: samples=750, class_dist={25: 79, 28: 75, 33: 65, 39: 81, 47: 75, 53: 72, 60: 73, 81: 75, 90: 77, 94: 78}
  [Client 17] Received edge weights. Set local model to edge weights.
[C17] Test set: samples=750, class_dist={49: 73, 56: 69, 58: 67, 60: 82, 61: 143, 69: 96, 71: 151, 85: 69}
  [Client 13] Received edge weights. Set local model to edge weights.
[C13] Test set: samples=750, class_dist={8: 68, 9: 75, 20: 73, 37: 78, 39: 76, 48: 73, 59: 78, 68: 74, 86: 80, 90: 75}
  [Client 10] Received edge weights. Set local model to edge weights.
[C10] Test set: samples=750, class_dist={5: 74, 9: 72, 51: 87, 54: 76, 57: 149, 84: 72, 89: 78, 92: 60, 94: 82}
  [Client 12] Received edge weights. Set local model to edge weights.
[C12] Test set: samples=750, class_dist={17: 72, 41: 154, 47: 72, 48: 78, 54: 85, 58: 68, 69: 83, 83: 72, 96: 66}
  [Client 19] Received edge weights. Set local model to edge weights.
[C19] Test set: samples=750, class_dist={0: 66, 13: 168, 23: 137, 51: 86, 68: 65, 70: 82, 81: 64, 89: 82}
  [Client 18] Received edge weights. Set local model to edge weights.
[C18] Test set: samples=750, class_dist={0: 71, 5: 79, 8: 79, 16: 71, 25: 72, 76: 70, 84: 81, 86: 67, 92: 81, 96: 79}
  [Client 11] Received edge weights. Set local model to edge weights.
[C11] Test set: samples=750, class_dist={10: 175, 12: 136, 16: 85, 17: 77, 37: 65, 40: 70, 82: 70, 87: 72}
  [Client 16] Received edge weights. Set local model to edge weights.
[C16] Test set: samples=750, class_dist={20: 75, 22: 88, 28: 62, 52: 153, 53: 84, 59: 67, 70: 71, 76: 65, 82: 85}
  [Client 14] Received edge weights. Set local model to edge weights.
[C14] Test set: samples=750, class_dist={22: 68, 33: 80, 40: 81, 49: 71, 56: 79, 62: 143, 83: 80, 85: 69, 87: 79}
  [Client 15] Starting Hier-pFedMe | λ2=35.0, η2=0.02, inner_steps=1, epochs=5, batches/epoch=141  [Client 17] Starting Hier-pFedMe | λ2=35.0, η2=0.02, inner_steps=1, epochs=5, batches/epoch=141  [Client 13] Starting Hier-pFedMe | λ2=35.0, η2=0.02, inner_steps=1, epochs=5, batches/epoch=141
  [Client 10] Starting Hier-pFedMe | λ2=35.0, η2=0.02, inner_steps=1, epochs=5, batches/epoch=141


  [Client 15] Round 5 | Hier-pFedMe(λ2=35.0, K=1) | loss=0.2650
  [Client 12] Starting Hier-pFedMe | λ2=35.0, η2=0.02, inner_steps=1, epochs=5, batches/epoch=141
  [Client 17] Round 5 | Hier-pFedMe(λ2=35.0, K=1) | loss=0.2342
  [Client 10] Round 5 | Hier-pFedMe(λ2=35.0, K=1) | loss=0.3007
  [Client 19] Starting Hier-pFedMe | λ2=35.0, η2=0.02, inner_steps=1, epochs=5, batches/epoch=141  [Client 13] Round 5 | Hier-pFedMe(λ2=35.0, K=1) | loss=0.2727
  [Client 18] Starting Hier-pFedMe | λ2=35.0, η2=0.02, inner_steps=1, epochs=5, batches/epoch=141

  [Client 11] Starting Hier-pFedMe | λ2=35.0, η2=0.02, inner_steps=1, epochs=5, batches/epoch=141
  [Client 12] Round 5 | Hier-pFedMe(λ2=35.0, K=1) | loss=0.2158
  [Client 16] Starting Hier-pFedMe | λ2=35.0, η2=0.02, inner_steps=1, epochs=5, batches/epoch=141
  [Client 11] Round 5 | Hier-pFedMe(λ2=35.0, K=1) | loss=0.2844  [Client 19] Round 5 | Hier-pFedMe(λ2=35.0, K=1) | loss=0.2157

  [Client 18] Round 5 | Hier-pFedMe(λ2=35.0, K=1) | loss=0.2912  [Client 14] Starting Hier-pFedMe | λ2=35.0, η2=0.02, inner_steps=1, epochs=5, batches/epoch=141

  [Client 16] Round 5 | Hier-pFedMe(λ2=35.0, K=1) | loss=0.2095
  [Client 14] Round 5 | Hier-pFedMe(λ2=35.0, K=1) | loss=0.2438
  [Edge 1] G5 | E2 | loss=0.2533
  [Edge 1] G5 | E3 | Hier-pFedMe | Selected 10/10
  [Client 14] Received edge weights. Set local model to edge weights.
[C14] Test set: samples=750, class_dist={22: 68, 33: 80, 40: 81, 49: 71, 56: 79, 62: 143, 83: 80, 85: 69, 87: 79}
  [Client 12] Received edge weights. Set local model to edge weights.
[C12] Test set: samples=750, class_dist={17: 72, 41: 154, 47: 72, 48: 78, 54: 85, 58: 68, 69: 83, 83: 72, 96: 66}
  [Client 16] Received edge weights. Set local model to edge weights.
[C16] Test set: samples=750, class_dist={20: 75, 22: 88, 28: 62, 52: 153, 53: 84, 59: 67, 70: 71, 76: 65, 82: 85}
  [Client 15] Received edge weights. Set local model to edge weights.
[C15] Test set: samples=750, class_dist={25: 79, 28: 75, 33: 65, 39: 81, 47: 75, 53: 72, 60: 73, 81: 75, 90: 77, 94: 78}
  [Client 10] Received edge weights. Set local model to edge weights.
[C10] Test set: samples=750, class_dist={5: 74, 9: 72, 51: 87, 54: 76, 57: 149, 84: 72, 89: 78, 92: 60, 94: 82}
  [Client 11] Received edge weights. Set local model to edge weights.
[C11] Test set: samples=750, class_dist={10: 175, 12: 136, 16: 85, 17: 77, 37: 65, 40: 70, 82: 70, 87: 72}
  [Client 17] Received edge weights. Set local model to edge weights.
[C17] Test set: samples=750, class_dist={49: 73, 56: 69, 58: 67, 60: 82, 61: 143, 69: 96, 71: 151, 85: 69}
  [Client 19] Received edge weights. Set local model to edge weights.
[C19] Test set: samples=750, class_dist={0: 66, 13: 168, 23: 137, 51: 86, 68: 65, 70: 82, 81: 64, 89: 82}
  [Client 18] Received edge weights. Set local model to edge weights.
[C18] Test set: samples=750, class_dist={0: 71, 5: 79, 8: 79, 16: 71, 25: 72, 76: 70, 84: 81, 86: 67, 92: 81, 96: 79}
  [Client 13] Received edge weights. Set local model to edge weights.
[C13] Test set: samples=750, class_dist={8: 68, 9: 75, 20: 73, 37: 78, 39: 76, 48: 73, 59: 78, 68: 74, 86: 80, 90: 75}
  [Client 14] Starting Hier-pFedMe | λ2=35.0, η2=0.02, inner_steps=1, epochs=5, batches/epoch=141
  [Client 12] Starting Hier-pFedMe | λ2=35.0, η2=0.02, inner_steps=1, epochs=5, batches/epoch=141
  [Client 16] Starting Hier-pFedMe | λ2=35.0, η2=0.02, inner_steps=1, epochs=5, batches/epoch=141  [Client 15] Starting Hier-pFedMe | λ2=35.0, η2=0.02, inner_steps=1, epochs=5, batches/epoch=141

  [Client 14] Round 5 | Hier-pFedMe(λ2=35.0, K=1) | loss=0.2211
  [Client 10] Starting Hier-pFedMe | λ2=35.0, η2=0.02, inner_steps=1, epochs=5, batches/epoch=141
  [Client 16] Round 5 | Hier-pFedMe(λ2=35.0, K=1) | loss=0.1856
  [Client 11] Starting Hier-pFedMe | λ2=35.0, η2=0.02, inner_steps=1, epochs=5, batches/epoch=141
  [Client 12] Round 5 | Hier-pFedMe(λ2=35.0, K=1) | loss=0.1960
  [Client 17] Starting Hier-pFedMe | λ2=35.0, η2=0.02, inner_steps=1, epochs=5, batches/epoch=141
  [Client 15] Round 5 | Hier-pFedMe(λ2=35.0, K=1) | loss=0.2317
  [Client 19] Starting Hier-pFedMe | λ2=35.0, η2=0.02, inner_steps=1, epochs=5, batches/epoch=141
  [Client 10] Round 5 | Hier-pFedMe(λ2=35.0, K=1) | loss=0.2783
  [Client 18] Starting Hier-pFedMe | λ2=35.0, η2=0.02, inner_steps=1, epochs=5, batches/epoch=141
  [Client 17] Round 5 | Hier-pFedMe(λ2=35.0, K=1) | loss=0.1929
  [Client 13] Starting Hier-pFedMe | λ2=35.0, η2=0.02, inner_steps=1, epochs=5, batches/epoch=141
  [Client 11] Round 5 | Hier-pFedMe(λ2=35.0, K=1) | loss=0.2556
  [Client 19] Round 5 | Hier-pFedMe(λ2=35.0, K=1) | loss=0.1777
  [Client 18] Round 5 | Hier-pFedMe(λ2=35.0, K=1) | loss=0.2685
  [Client 13] Round 5 | Hier-pFedMe(λ2=35.0, K=1) | loss=0.2458
  [Edge 1] G5 | E3 | loss=0.2253
  [Edge 1] G5 | E4 | Hier-pFedMe | Selected 10/10
  [Client 16] Received edge weights. Set local model to edge weights.
[C16] Test set: samples=750, class_dist={20: 75, 22: 88, 28: 62, 52: 153, 53: 84, 59: 67, 70: 71, 76: 65, 82: 85}
  [Client 10] Received edge weights. Set local model to edge weights.
[C10] Test set: samples=750, class_dist={5: 74, 9: 72, 51: 87, 54: 76, 57: 149, 84: 72, 89: 78, 92: 60, 94: 82}
  [Client 14] Received edge weights. Set local model to edge weights.
[C14] Test set: samples=750, class_dist={22: 68, 33: 80, 40: 81, 49: 71, 56: 79, 62: 143, 83: 80, 85: 69, 87: 79}
  [Client 19] Received edge weights. Set local model to edge weights.
[C19] Test set: samples=750, class_dist={0: 66, 13: 168, 23: 137, 51: 86, 68: 65, 70: 82, 81: 64, 89: 82}
  [Client 12] Received edge weights. Set local model to edge weights.
[C12] Test set: samples=750, class_dist={17: 72, 41: 154, 47: 72, 48: 78, 54: 85, 58: 68, 69: 83, 83: 72, 96: 66}
  [Client 11] Received edge weights. Set local model to edge weights.
[C11] Test set: samples=750, class_dist={10: 175, 12: 136, 16: 85, 17: 77, 37: 65, 40: 70, 82: 70, 87: 72}
  [Client 18] Received edge weights. Set local model to edge weights.
[C18] Test set: samples=750, class_dist={0: 71, 5: 79, 8: 79, 16: 71, 25: 72, 76: 70, 84: 81, 86: 67, 92: 81, 96: 79}
  [Client 17] Received edge weights. Set local model to edge weights.
[C17] Test set: samples=750, class_dist={49: 73, 56: 69, 58: 67, 60: 82, 61: 143, 69: 96, 71: 151, 85: 69}
  [Client 13] Received edge weights. Set local model to edge weights.
[C13] Test set: samples=750, class_dist={8: 68, 9: 75, 20: 73, 37: 78, 39: 76, 48: 73, 59: 78, 68: 74, 86: 80, 90: 75}
  [Client 15] Received edge weights. Set local model to edge weights.
[C15] Test set: samples=750, class_dist={25: 79, 28: 75, 33: 65, 39: 81, 47: 75, 53: 72, 60: 73, 81: 75, 90: 77, 94: 78}
  [Client 16] Starting Hier-pFedMe | λ2=35.0, η2=0.02, inner_steps=1, epochs=5, batches/epoch=141  [Client 10] Starting Hier-pFedMe | λ2=35.0, η2=0.02, inner_steps=1, epochs=5, batches/epoch=141  [Client 14] Starting Hier-pFedMe | λ2=35.0, η2=0.02, inner_steps=1, epochs=5, batches/epoch=141
  [Client 19] Starting Hier-pFedMe | λ2=35.0, η2=0.02, inner_steps=1, epochs=5, batches/epoch=141


  [Client 14] Round 5 | Hier-pFedMe(λ2=35.0, K=1) | loss=0.1914
  [Client 16] Round 5 | Hier-pFedMe(λ2=35.0, K=1) | loss=0.1680  [Client 12] Starting Hier-pFedMe | λ2=35.0, η2=0.02, inner_steps=1, epochs=5, batches/epoch=141

  [Client 11] Starting Hier-pFedMe | λ2=35.0, η2=0.02, inner_steps=1, epochs=5, batches/epoch=141
  [Client 10] Round 5 | Hier-pFedMe(λ2=35.0, K=1) | loss=0.2389
  [Client 18] Starting Hier-pFedMe | λ2=35.0, η2=0.02, inner_steps=1, epochs=5, batches/epoch=141
  [Client 19] Round 5 | Hier-pFedMe(λ2=35.0, K=1) | loss=0.1602
  [Client 17] Starting Hier-pFedMe | λ2=35.0, η2=0.02, inner_steps=1, epochs=5, batches/epoch=141
  [Client 11] Round 5 | Hier-pFedMe(λ2=35.0, K=1) | loss=0.2243
  [Client 18] Round 5 | Hier-pFedMe(λ2=35.0, K=1) | loss=0.2354  [Client 13] Starting Hier-pFedMe | λ2=35.0, η2=0.02, inner_steps=1, epochs=5, batches/epoch=141  [Client 12] Round 5 | Hier-pFedMe(λ2=35.0, K=1) | loss=0.1734


  [Client 15] Starting Hier-pFedMe | λ2=35.0, η2=0.02, inner_steps=1, epochs=5, batches/epoch=141  [Client 17] Round 5 | Hier-pFedMe(λ2=35.0, K=1) | loss=0.1847

  [Client 15] Round 5 | Hier-pFedMe(λ2=35.0, K=1) | loss=0.2021
  [Client 13] Round 5 | Hier-pFedMe(λ2=35.0, K=1) | loss=0.2157
  [Edge 1] G5 | E4 | loss=0.1994
  [Edge 1] G5 | E5 | Hier-pFedMe | Selected 10/10
  [Client 15] Received edge weights. Set local model to edge weights.
[C15] Test set: samples=750, class_dist={25: 79, 28: 75, 33: 65, 39: 81, 47: 75, 53: 72, 60: 73, 81: 75, 90: 77, 94: 78}
  [Client 11] Received edge weights. Set local model to edge weights.
[C11] Test set: samples=750, class_dist={10: 175, 12: 136, 16: 85, 17: 77, 37: 65, 40: 70, 82: 70, 87: 72}
  [Client 10] Received edge weights. Set local model to edge weights.
[C10] Test set: samples=750, class_dist={5: 74, 9: 72, 51: 87, 54: 76, 57: 149, 84: 72, 89: 78, 92: 60, 94: 82}
  [Client 18] Received edge weights. Set local model to edge weights.
[C18] Test set: samples=750, class_dist={0: 71, 5: 79, 8: 79, 16: 71, 25: 72, 76: 70, 84: 81, 86: 67, 92: 81, 96: 79}
  [Client 14] Received edge weights. Set local model to edge weights.
[C14] Test set: samples=750, class_dist={22: 68, 33: 80, 40: 81, 49: 71, 56: 79, 62: 143, 83: 80, 85: 69, 87: 79}
  [Client 12] Received edge weights. Set local model to edge weights.
[C12] Test set: samples=750, class_dist={17: 72, 41: 154, 47: 72, 48: 78, 54: 85, 58: 68, 69: 83, 83: 72, 96: 66}
  [Client 19] Received edge weights. Set local model to edge weights.
[C19] Test set: samples=750, class_dist={0: 66, 13: 168, 23: 137, 51: 86, 68: 65, 70: 82, 81: 64, 89: 82}
  [Client 17] Received edge weights. Set local model to edge weights.
[C17] Test set: samples=750, class_dist={49: 73, 56: 69, 58: 67, 60: 82, 61: 143, 69: 96, 71: 151, 85: 69}
  [Client 13] Received edge weights. Set local model to edge weights.
[C13] Test set: samples=750, class_dist={8: 68, 9: 75, 20: 73, 37: 78, 39: 76, 48: 73, 59: 78, 68: 74, 86: 80, 90: 75}
  [Client 16] Received edge weights. Set local model to edge weights.
[C16] Test set: samples=750, class_dist={20: 75, 22: 88, 28: 62, 52: 153, 53: 84, 59: 67, 70: 71, 76: 65, 82: 85}
  [Client 15] Starting Hier-pFedMe | λ2=35.0, η2=0.02, inner_steps=1, epochs=5, batches/epoch=141  [Client 11] Starting Hier-pFedMe | λ2=35.0, η2=0.02, inner_steps=1, epochs=5, batches/epoch=141
  [Client 10] Starting Hier-pFedMe | λ2=35.0, η2=0.02, inner_steps=1, epochs=5, batches/epoch=141
  [Client 18] Starting Hier-pFedMe | λ2=35.0, η2=0.02, inner_steps=1, epochs=5, batches/epoch=141

  [Client 11] Round 5 | Hier-pFedMe(λ2=35.0, K=1) | loss=0.2044
  [Client 14] Starting Hier-pFedMe | λ2=35.0, η2=0.02, inner_steps=1, epochs=5, batches/epoch=141
  [Client 10] Round 5 | Hier-pFedMe(λ2=35.0, K=1) | loss=0.2219  [Client 15] Round 5 | Hier-pFedMe(λ2=35.0, K=1) | loss=0.1844

  [Client 12] Starting Hier-pFedMe | λ2=35.0, η2=0.02, inner_steps=1, epochs=5, batches/epoch=141
  [Client 19] Starting Hier-pFedMe | λ2=35.0, η2=0.02, inner_steps=1, epochs=5, batches/epoch=141
  [Client 18] Round 5 | Hier-pFedMe(λ2=35.0, K=1) | loss=0.2179
  [Client 17] Starting Hier-pFedMe | λ2=35.0, η2=0.02, inner_steps=1, epochs=5, batches/epoch=141
  [Client 14] Round 5 | Hier-pFedMe(λ2=35.0, K=1) | loss=0.1821
  [Client 13] Starting Hier-pFedMe | λ2=35.0, η2=0.02, inner_steps=1, epochs=5, batches/epoch=141  [Client 19] Round 5 | Hier-pFedMe(λ2=35.0, K=1) | loss=0.1465

  [Client 16] Starting Hier-pFedMe | λ2=35.0, η2=0.02, inner_steps=1, epochs=5, batches/epoch=141  [Client 12] Round 5 | Hier-pFedMe(λ2=35.0, K=1) | loss=0.1520

  [Client 17] Round 5 | Hier-pFedMe(λ2=35.0, K=1) | loss=0.1554
  [Client 16] Round 5 | Hier-pFedMe(λ2=35.0, K=1) | loss=0.1556  [Client 13] Round 5 | Hier-pFedMe(λ2=35.0, K=1) | loss=0.1924

  [Edge 1] G5 | E5 | loss=0.1813
  [Cloud] Using Hier-pFedMe global aggregation (式 9).
[C0] n=750 | classes=[6, 18, 29, 30, 34, 43, 44, 55, 64, 66] | acc=0.4587 | per_class={6: '0.42', 18: '0.51', 29: '0.48', 30: '0.75', 34: '0.40', 43: '0.53', 44: '0.38', 55: '0.25', 64: '0.35', 66: '0.52'}
[C1] n=750 | classes=[1, 11, 26, 27, 29, 32, 73, 75, 99] | acc=0.6360 | per_class={1: '0.75', 11: '0.61', 26: '0.45', 27: '0.57', 29: '0.53', 32: '0.51', 73: '0.65', 75: '0.84', 99: '0.72'}
[C2] n=750 | classes=[35, 36, 38, 42, 50, 64, 72, 77, 97, 98] | acc=0.3987 | per_class={35: '0.42', 36: '0.52', 38: '0.41', 42: '0.43', 50: '0.25', 64: '0.29', 72: '0.54', 77: '0.36', 97: '0.51', 98: '0.27'}
[C3] n=750 | classes=[4, 6, 7, 14, 21, 35, 38, 65, 80] | acc=0.4933 | per_class={4: '0.34', 6: '0.45', 7: '0.73', 14: '0.46', 21: '0.58', 35: '0.62', 38: '0.43', 65: '0.39', 80: '0.27'}
[C4] n=750 | classes=[19, 31, 42, 43, 63, 66, 72, 79, 91, 98] | acc=0.5427 | per_class={19: '0.50', 31: '0.46', 42: '0.55', 43: '0.59', 63: '0.46', 66: '0.36', 72: '0.55', 79: '0.58', 91: '0.70', 98: '0.68'}
[C5] n=750 | classes=[4, 15, 19, 34, 45, 63, 74, 91, 93, 95] | acc=0.4773 | per_class={4: '0.33', 15: '0.47', 19: '0.36', 34: '0.58', 45: '0.52', 63: '0.41', 74: '0.44', 91: '0.59', 93: '0.44', 95: '0.75'}
[C6] n=750 | classes=[11, 18, 21, 32, 44, 46, 78, 88, 97] | acc=0.5053 | per_class={11: '0.39', 18: '0.53', 21: '0.74', 32: '0.60', 44: '0.45', 46: '0.27', 78: '0.54', 88: '0.49', 97: '0.49'}
[C7] n=750 | classes=[24, 31, 36, 45, 46, 50, 67, 73, 74, 80] | acc=0.5427 | per_class={24: '0.84', 31: '0.65', 36: '0.67', 45: '0.49', 46: '0.47', 50: '0.25', 67: '0.46', 73: '0.71', 74: '0.43', 80: '0.51'}
[C8] n=750 | classes=[1, 14, 24, 26, 30, 65, 75, 88, 93, 95] | acc=0.5920 | per_class={1: '0.70', 14: '0.58', 24: '0.86', 26: '0.51', 30: '0.57', 65: '0.50', 75: '0.68', 88: '0.56', 93: '0.30', 95: '0.67'}
[C9] n=750 | classes=[2, 3, 15, 27, 55, 67, 77, 79] | acc=0.5613 | per_class={2: '0.71', 3: '0.64', 15: '0.44', 27: '0.60', 55: '0.24', 67: '0.72', 77: '0.39', 79: '0.48'}
[C10] n=750 | classes=[5, 9, 51, 54, 57, 84, 89, 92, 94] | acc=0.6120 | per_class={5: '0.51', 9: '0.54', 51: '0.68', 54: '0.49', 57: '0.70', 84: '0.40', 89: '0.69', 92: '0.65', 94: '0.72'}
[C11] n=750 | classes=[10, 12, 16, 17, 37, 40, 82, 87] | acc=0.6053 | per_class={10: '0.72', 12: '0.65', 16: '0.40', 17: '0.62', 37: '0.43', 40: '0.51', 82: '0.89', 87: '0.44'}
[C12] n=750 | classes=[17, 41, 47, 48, 54, 58, 69, 83, 96] | acc=0.7320 | per_class={17: '0.86', 41: '0.79', 47: '0.65', 48: '0.63', 54: '0.72', 58: '0.66', 69: '0.80', 83: '0.79', 96: '0.61'}
[C13] n=750 | classes=[8, 9, 20, 37, 39, 48, 59, 68, 86, 90] | acc=0.6467 | per_class={8: '0.53', 9: '0.64', 20: '0.79', 37: '0.54', 39: '0.68', 48: '0.60', 59: '0.76', 68: '0.91', 86: '0.54', 90: '0.48'}
[C14] n=750 | classes=[22, 33, 40, 49, 56, 62, 83, 85, 87] | acc=0.7040 | per_class={22: '0.53', 33: '0.74', 40: '0.51', 49: '0.89', 56: '0.89', 62: '0.88', 83: '0.54', 85: '0.75', 87: '0.48'}
[C15] n=750 | classes=[25, 28, 33, 39, 47, 53, 60, 81, 90, 94] | acc=0.6640 | per_class={25: '0.47', 28: '0.63', 33: '0.62', 39: '0.64', 47: '0.80', 53: '0.89', 60: '0.90', 81: '0.49', 90: '0.55', 94: '0.68'}
[C16] n=750 | classes=[20, 22, 28, 52, 53, 59, 70, 76, 82] | acc=0.7947 | per_class={20: '0.80', 22: '0.67', 28: '0.71', 52: '0.90', 53: '0.89', 59: '0.45', 70: '0.79', 76: '0.91', 82: '0.89'}
[C17] n=750 | classes=[49, 56, 58, 60, 61, 69, 71, 85] | acc=0.7707 | per_class={49: '0.71', 56: '0.81', 58: '0.64', 60: '0.74', 61: '0.94', 69: '0.70', 71: '0.77', 85: '0.71'}
[C18] n=750 | classes=[0, 5, 8, 16, 25, 76, 84, 86, 92, 96] | acc=0.6507 | per_class={0: '0.80', 5: '0.53', 8: '0.70', 16: '0.46', 25: '0.47', 76: '0.89', 84: '0.48', 86: '0.61', 92: '0.72', 96: '0.85'}
[C19] n=750 | classes=[0, 13, 23, 51, 68, 70, 81, 89] | acc=0.7013 | per_class={0: '0.86', 13: '0.61', 23: '0.83', 51: '0.69', 68: '0.83', 70: '0.74', 81: '0.34', 89: '0.70'}
  [Cloud] GM=0.1585 | EM=0.2625 PM=0.6045 | loss=4.2445 | time=117.7s | comm=719.6MB (total=3598MB)

[Round   6] Broadcasting to 2 edges...
  [Edge 0] W_n reset to global weights for new round.
  [Edge 1] W_n reset to global weights for new round.
  [Edge 0] G6 | E1 | Hier-pFedMe | Selected 10/10
  [Client  8] Received edge weights. Set local model to edge weights.
[C8] Test set: samples=750, class_dist={1: 60, 14: 77, 24: 79, 26: 71, 30: 76, 65: 78, 75: 62, 88: 91, 93: 73, 95: 83}
  [Client  0] Received edge weights. Set local model to edge weights.
[C0] Test set: samples=750, class_dist={6: 83, 18: 67, 29: 71, 30: 73, 34: 78, 43: 77, 44: 71, 55: 71, 64: 82, 66: 77}
  [Client  1] Received edge weights. Set local model to edge weights.
[C1] Test set: samples=750, class_dist={1: 75, 11: 80, 26: 83, 27: 68, 29: 75, 32: 70, 73: 71, 75: 79, 99: 149}
  [Client  5] Received edge weights. Set local model to edge weights.
[C5] Test set: samples=750, class_dist={4: 76, 15: 79, 19: 73, 34: 66, 45: 81, 63: 90, 74: 77, 91: 69, 93: 86, 95: 53}
  [Client  9] Received edge weights. Set local model to edge weights.
[C9] Test set: samples=750, class_dist={2: 167, 3: 151, 15: 78, 27: 67, 55: 68, 67: 71, 77: 66, 79: 82}
  [Client  3] Received edge weights. Set local model to edge weights.
[C3] Test set: samples=750, class_dist={4: 80, 6: 65, 7: 146, 14: 82, 21: 76, 35: 63, 38: 70, 65: 89, 80: 79}
  [Client  2] Received edge weights. Set local model to edge weights.
[C2] Test set: samples=750, class_dist={35: 80, 36: 63, 38: 79, 42: 77, 50: 77, 64: 79, 72: 80, 77: 72, 97: 72, 98: 71}
  [Client  7] Received edge weights. Set local model to edge weights.
[C7] Test set: samples=750, class_dist={24: 68, 31: 72, 36: 73, 45: 74, 46: 76, 50: 79, 67: 92, 73: 75, 74: 61, 80: 80}
  [Client  6] Received edge weights. Set local model to edge weights.
[C6] Test set: samples=750, class_dist={11: 70, 18: 85, 21: 73, 32: 89, 44: 80, 46: 73, 78: 127, 88: 85, 97: 68}
  [Client  4] Received edge weights. Set local model to edge weights.
[C4] Test set: samples=750, class_dist={19: 72, 31: 69, 42: 76, 43: 75, 63: 80, 66: 80, 72: 74, 79: 81, 91: 77, 98: 66}
  [Client  8] Starting Hier-pFedMe | λ2=35.0, η2=0.02, inner_steps=1, epochs=5, batches/epoch=141  [Client  0] Starting Hier-pFedMe | λ2=35.0, η2=0.02, inner_steps=1, epochs=5, batches/epoch=141  [Client  1] Starting Hier-pFedMe | λ2=35.0, η2=0.02, inner_steps=1, epochs=5, batches/epoch=141
  [Client  5] Starting Hier-pFedMe | λ2=35.0, η2=0.02, inner_steps=1, epochs=5, batches/epoch=141


  [Client  1] Round 6 | Hier-pFedMe(λ2=35.0, K=1) | loss=0.2892
  [Client  9] Starting Hier-pFedMe | λ2=35.0, η2=0.02, inner_steps=1, epochs=5, batches/epoch=141
  [Client  8] Round 6 | Hier-pFedMe(λ2=35.0, K=1) | loss=0.2852
  [Client  0] Round 6 | Hier-pFedMe(λ2=35.0, K=1) | loss=0.3475
  [Client  3] Starting Hier-pFedMe | λ2=35.0, η2=0.02, inner_steps=1, epochs=5, batches/epoch=141
  [Client  2] Starting Hier-pFedMe | λ2=35.0, η2=0.02, inner_steps=1, epochs=5, batches/epoch=141
  [Client  5] Round 6 | Hier-pFedMe(λ2=35.0, K=1) | loss=0.3396
  [Client  7] Starting Hier-pFedMe | λ2=35.0, η2=0.02, inner_steps=1, epochs=5, batches/epoch=141
  [Client  2] Round 6 | Hier-pFedMe(λ2=35.0, K=1) | loss=0.3746
  [Client  6] Starting Hier-pFedMe | λ2=35.0, η2=0.02, inner_steps=1, epochs=5, batches/epoch=141
  [Client  7] Round 6 | Hier-pFedMe(λ2=35.0, K=1) | loss=0.3400  [Client  9] Round 6 | Hier-pFedMe(λ2=35.0, K=1) | loss=0.2985
  [Client  3] Round 6 | Hier-pFedMe(λ2=35.0, K=1) | loss=0.3313

  [Client  4] Starting Hier-pFedMe | λ2=35.0, η2=0.02, inner_steps=1, epochs=5, batches/epoch=141
  [Client  6] Round 6 | Hier-pFedMe(λ2=35.0, K=1) | loss=0.3356
  [Client  4] Round 6 | Hier-pFedMe(λ2=35.0, K=1) | loss=0.3479
  [Edge 0] G6 | E1 | loss=0.3289
  [Edge 0] G6 | E2 | Hier-pFedMe | Selected 10/10
  [Client  7] Received edge weights. Set local model to edge weights.
[C7] Test set: samples=750, class_dist={24: 68, 31: 72, 36: 73, 45: 74, 46: 76, 50: 79, 67: 92, 73: 75, 74: 61, 80: 80}
  [Client  8] Received edge weights. Set local model to edge weights.
[C8] Test set: samples=750, class_dist={1: 60, 14: 77, 24: 79, 26: 71, 30: 76, 65: 78, 75: 62, 88: 91, 93: 73, 95: 83}
  [Client  1] Received edge weights. Set local model to edge weights.
[C1] Test set: samples=750, class_dist={1: 75, 11: 80, 26: 83, 27: 68, 29: 75, 32: 70, 73: 71, 75: 79, 99: 149}
  [Client  0] Received edge weights. Set local model to edge weights.
[C0] Test set: samples=750, class_dist={6: 83, 18: 67, 29: 71, 30: 73, 34: 78, 43: 77, 44: 71, 55: 71, 64: 82, 66: 77}
  [Client  3] Received edge weights. Set local model to edge weights.
[C3] Test set: samples=750, class_dist={4: 80, 6: 65, 7: 146, 14: 82, 21: 76, 35: 63, 38: 70, 65: 89, 80: 79}
  [Client  2] Received edge weights. Set local model to edge weights.
[C2] Test set: samples=750, class_dist={35: 80, 36: 63, 38: 79, 42: 77, 50: 77, 64: 79, 72: 80, 77: 72, 97: 72, 98: 71}
  [Client  4] Received edge weights. Set local model to edge weights.
[C4] Test set: samples=750, class_dist={19: 72, 31: 69, 42: 76, 43: 75, 63: 80, 66: 80, 72: 74, 79: 81, 91: 77, 98: 66}
  [Client  5] Received edge weights. Set local model to edge weights.
[C5] Test set: samples=750, class_dist={4: 76, 15: 79, 19: 73, 34: 66, 45: 81, 63: 90, 74: 77, 91: 69, 93: 86, 95: 53}
  [Client  9] Received edge weights. Set local model to edge weights.
[C9] Test set: samples=750, class_dist={2: 167, 3: 151, 15: 78, 27: 67, 55: 68, 67: 71, 77: 66, 79: 82}
  [Client  6] Received edge weights. Set local model to edge weights.
[C6] Test set: samples=750, class_dist={11: 70, 18: 85, 21: 73, 32: 89, 44: 80, 46: 73, 78: 127, 88: 85, 97: 68}
  [Client  8] Starting Hier-pFedMe | λ2=35.0, η2=0.02, inner_steps=1, epochs=5, batches/epoch=141  [Client  7] Starting Hier-pFedMe | λ2=35.0, η2=0.02, inner_steps=1, epochs=5, batches/epoch=141  [Client  1] Starting Hier-pFedMe | λ2=35.0, η2=0.02, inner_steps=1, epochs=5, batches/epoch=141  [Client  0] Starting Hier-pFedMe | λ2=35.0, η2=0.02, inner_steps=1, epochs=5, batches/epoch=141



  [Client  0] Round 6 | Hier-pFedMe(λ2=35.0, K=1) | loss=0.2917
  [Client  7] Round 6 | Hier-pFedMe(λ2=35.0, K=1) | loss=0.2791  [Client  1] Round 6 | Hier-pFedMe(λ2=35.0, K=1) | loss=0.2546  [Client  3] Starting Hier-pFedMe | λ2=35.0, η2=0.02, inner_steps=1, epochs=5, batches/epoch=141


  [Client  2] Starting Hier-pFedMe | λ2=35.0, η2=0.02, inner_steps=1, epochs=5, batches/epoch=141  [Client  4] Starting Hier-pFedMe | λ2=35.0, η2=0.02, inner_steps=1, epochs=5, batches/epoch=141  [Client  8] Round 6 | Hier-pFedMe(λ2=35.0, K=1) | loss=0.2279


  [Client  5] Starting Hier-pFedMe | λ2=35.0, η2=0.02, inner_steps=1, epochs=5, batches/epoch=141
  [Client  2] Round 6 | Hier-pFedMe(λ2=35.0, K=1) | loss=0.3147
  [Client  9] Starting Hier-pFedMe | λ2=35.0, η2=0.02, inner_steps=1, epochs=5, batches/epoch=141
  [Client  5] Round 6 | Hier-pFedMe(λ2=35.0, K=1) | loss=0.2806
  [Client  3] Round 6 | Hier-pFedMe(λ2=35.0, K=1) | loss=0.2949  [Client  6] Starting Hier-pFedMe | λ2=35.0, η2=0.02, inner_steps=1, epochs=5, batches/epoch=141  [Client  4] Round 6 | Hier-pFedMe(λ2=35.0, K=1) | loss=0.2755


  [Client  9] Round 6 | Hier-pFedMe(λ2=35.0, K=1) | loss=0.2515
  [Client  6] Round 6 | Hier-pFedMe(λ2=35.0, K=1) | loss=0.2914
  [Edge 0] G6 | E2 | loss=0.2762
  [Edge 0] G6 | E3 | Hier-pFedMe | Selected 10/10
  [Client  7] Received edge weights. Set local model to edge weights.
[C7] Test set: samples=750, class_dist={24: 68, 31: 72, 36: 73, 45: 74, 46: 76, 50: 79, 67: 92, 73: 75, 74: 61, 80: 80}
  [Client  2] Received edge weights. Set local model to edge weights.
[C2] Test set: samples=750, class_dist={35: 80, 36: 63, 38: 79, 42: 77, 50: 77, 64: 79, 72: 80, 77: 72, 97: 72, 98: 71}
  [Client  6] Received edge weights. Set local model to edge weights.
[C6] Test set: samples=750, class_dist={11: 70, 18: 85, 21: 73, 32: 89, 44: 80, 46: 73, 78: 127, 88: 85, 97: 68}
  [Client  8] Received edge weights. Set local model to edge weights.
[C8] Test set: samples=750, class_dist={1: 60, 14: 77, 24: 79, 26: 71, 30: 76, 65: 78, 75: 62, 88: 91, 93: 73, 95: 83}
  [Client  5] Received edge weights. Set local model to edge weights.
[C5] Test set: samples=750, class_dist={4: 76, 15: 79, 19: 73, 34: 66, 45: 81, 63: 90, 74: 77, 91: 69, 93: 86, 95: 53}
  [Client  3] Received edge weights. Set local model to edge weights.
[C3] Test set: samples=750, class_dist={4: 80, 6: 65, 7: 146, 14: 82, 21: 76, 35: 63, 38: 70, 65: 89, 80: 79}
  [Client  4] Received edge weights. Set local model to edge weights.
[C4] Test set: samples=750, class_dist={19: 72, 31: 69, 42: 76, 43: 75, 63: 80, 66: 80, 72: 74, 79: 81, 91: 77, 98: 66}
  [Client  9] Received edge weights. Set local model to edge weights.
[C9] Test set: samples=750, class_dist={2: 167, 3: 151, 15: 78, 27: 67, 55: 68, 67: 71, 77: 66, 79: 82}
  [Client  0] Received edge weights. Set local model to edge weights.
[C0] Test set: samples=750, class_dist={6: 83, 18: 67, 29: 71, 30: 73, 34: 78, 43: 77, 44: 71, 55: 71, 64: 82, 66: 77}
  [Client  1] Received edge weights. Set local model to edge weights.
[C1] Test set: samples=750, class_dist={1: 75, 11: 80, 26: 83, 27: 68, 29: 75, 32: 70, 73: 71, 75: 79, 99: 149}
  [Client  7] Starting Hier-pFedMe | λ2=35.0, η2=0.02, inner_steps=1, epochs=5, batches/epoch=141  [Client  2] Starting Hier-pFedMe | λ2=35.0, η2=0.02, inner_steps=1, epochs=5, batches/epoch=141  [Client  6] Starting Hier-pFedMe | λ2=35.0, η2=0.02, inner_steps=1, epochs=5, batches/epoch=141  [Client  8] Starting Hier-pFedMe | λ2=35.0, η2=0.02, inner_steps=1, epochs=5, batches/epoch=141



  [Client  6] Round 6 | Hier-pFedMe(λ2=35.0, K=1) | loss=0.2465
  [Client  5] Starting Hier-pFedMe | λ2=35.0, η2=0.02, inner_steps=1, epochs=5, batches/epoch=141
  [Client  8] Round 6 | Hier-pFedMe(λ2=35.0, K=1) | loss=0.2111
  [Client  3] Starting Hier-pFedMe | λ2=35.0, η2=0.02, inner_steps=1, epochs=5, batches/epoch=141
  [Client  2] Round 6 | Hier-pFedMe(λ2=35.0, K=1) | loss=0.2740
  [Client  4] Starting Hier-pFedMe | λ2=35.0, η2=0.02, inner_steps=1, epochs=5, batches/epoch=141
  [Client  7] Round 6 | Hier-pFedMe(λ2=35.0, K=1) | loss=0.2503
  [Client  9] Starting Hier-pFedMe | λ2=35.0, η2=0.02, inner_steps=1, epochs=5, batches/epoch=141
  [Client  5] Round 6 | Hier-pFedMe(λ2=35.0, K=1) | loss=0.2496
  [Client  4] Round 6 | Hier-pFedMe(λ2=35.0, K=1) | loss=0.2447
  [Client  0] Starting Hier-pFedMe | λ2=35.0, η2=0.02, inner_steps=1, epochs=5, batches/epoch=141  [Client  1] Starting Hier-pFedMe | λ2=35.0, η2=0.02, inner_steps=1, epochs=5, batches/epoch=141

  [Client  3] Round 6 | Hier-pFedMe(λ2=35.0, K=1) | loss=0.2583
  [Client  9] Round 6 | Hier-pFedMe(λ2=35.0, K=1) | loss=0.2232
  [Client  0] Round 6 | Hier-pFedMe(λ2=35.0, K=1) | loss=0.2681
  [Client  1] Round 6 | Hier-pFedMe(λ2=35.0, K=1) | loss=0.2221
  [Edge 0] G6 | E3 | loss=0.2448
  [Edge 0] G6 | E4 | Hier-pFedMe | Selected 10/10
  [Client  6] Received edge weights. Set local model to edge weights.
[C6] Test set: samples=750, class_dist={11: 70, 18: 85, 21: 73, 32: 89, 44: 80, 46: 73, 78: 127, 88: 85, 97: 68}
  [Client  9] Received edge weights. Set local model to edge weights.
[C9] Test set: samples=750, class_dist={2: 167, 3: 151, 15: 78, 27: 67, 55: 68, 67: 71, 77: 66, 79: 82}
  [Client  3] Received edge weights. Set local model to edge weights.
[C3] Test set: samples=750, class_dist={4: 80, 6: 65, 7: 146, 14: 82, 21: 76, 35: 63, 38: 70, 65: 89, 80: 79}
  [Client  8] Received edge weights. Set local model to edge weights.
[C8] Test set: samples=750, class_dist={1: 60, 14: 77, 24: 79, 26: 71, 30: 76, 65: 78, 75: 62, 88: 91, 93: 73, 95: 83}
  [Client  2] Received edge weights. Set local model to edge weights.
[C2] Test set: samples=750, class_dist={35: 80, 36: 63, 38: 79, 42: 77, 50: 77, 64: 79, 72: 80, 77: 72, 97: 72, 98: 71}
  [Client  5] Received edge weights. Set local model to edge weights.
[C5] Test set: samples=750, class_dist={4: 76, 15: 79, 19: 73, 34: 66, 45: 81, 63: 90, 74: 77, 91: 69, 93: 86, 95: 53}
  [Client  1] Received edge weights. Set local model to edge weights.
[C1] Test set: samples=750, class_dist={1: 75, 11: 80, 26: 83, 27: 68, 29: 75, 32: 70, 73: 71, 75: 79, 99: 149}
  [Client  4] Received edge weights. Set local model to edge weights.
[C4] Test set: samples=750, class_dist={19: 72, 31: 69, 42: 76, 43: 75, 63: 80, 66: 80, 72: 74, 79: 81, 91: 77, 98: 66}
  [Client  0] Received edge weights. Set local model to edge weights.
[C0] Test set: samples=750, class_dist={6: 83, 18: 67, 29: 71, 30: 73, 34: 78, 43: 77, 44: 71, 55: 71, 64: 82, 66: 77}
  [Client  7] Received edge weights. Set local model to edge weights.
[C7] Test set: samples=750, class_dist={24: 68, 31: 72, 36: 73, 45: 74, 46: 76, 50: 79, 67: 92, 73: 75, 74: 61, 80: 80}
  [Client  6] Starting Hier-pFedMe | λ2=35.0, η2=0.02, inner_steps=1, epochs=5, batches/epoch=141
  [Client  9] Starting Hier-pFedMe | λ2=35.0, η2=0.02, inner_steps=1, epochs=5, batches/epoch=141  [Client  3] Starting Hier-pFedMe | λ2=35.0, η2=0.02, inner_steps=1, epochs=5, batches/epoch=141  [Client  8] Starting Hier-pFedMe | λ2=35.0, η2=0.02, inner_steps=1, epochs=5, batches/epoch=141


  [Client  3] Round 6 | Hier-pFedMe(λ2=35.0, K=1) | loss=0.2260
  [Client  2] Starting Hier-pFedMe | λ2=35.0, η2=0.02, inner_steps=1, epochs=5, batches/epoch=141
  [Client  8] Round 6 | Hier-pFedMe(λ2=35.0, K=1) | loss=0.1887
  [Client  6] Round 6 | Hier-pFedMe(λ2=35.0, K=1) | loss=0.2300  [Client  5] Starting Hier-pFedMe | λ2=35.0, η2=0.02, inner_steps=1, epochs=5, batches/epoch=141
  [Client  9] Round 6 | Hier-pFedMe(λ2=35.0, K=1) | loss=0.1935
  [Client  1] Starting Hier-pFedMe | λ2=35.0, η2=0.02, inner_steps=1, epochs=5, batches/epoch=141

  [Client  4] Starting Hier-pFedMe | λ2=35.0, η2=0.02, inner_steps=1, epochs=5, batches/epoch=141
  [Client  2] Round 6 | Hier-pFedMe(λ2=35.0, K=1) | loss=0.2453
  [Client  0] Starting Hier-pFedMe | λ2=35.0, η2=0.02, inner_steps=1, epochs=5, batches/epoch=141
  [Client  4] Round 6 | Hier-pFedMe(λ2=35.0, K=1) | loss=0.2278
  [Client  7] Starting Hier-pFedMe | λ2=35.0, η2=0.02, inner_steps=1, epochs=5, batches/epoch=141
  [Client  1] Round 6 | Hier-pFedMe(λ2=35.0, K=1) | loss=0.2000
  [Client  5] Round 6 | Hier-pFedMe(λ2=35.0, K=1) | loss=0.2392
  [Client  0] Round 6 | Hier-pFedMe(λ2=35.0, K=1) | loss=0.2313
  [Client  7] Round 6 | Hier-pFedMe(λ2=35.0, K=1) | loss=0.2272
  [Edge 0] G6 | E4 | loss=0.2209
  [Edge 0] G6 | E5 | Hier-pFedMe | Selected 10/10
  [Client  4] Received edge weights. Set local model to edge weights.
[C4] Test set: samples=750, class_dist={19: 72, 31: 69, 42: 76, 43: 75, 63: 80, 66: 80, 72: 74, 79: 81, 91: 77, 98: 66}
  [Client  9] Received edge weights. Set local model to edge weights.
[C9] Test set: samples=750, class_dist={2: 167, 3: 151, 15: 78, 27: 67, 55: 68, 67: 71, 77: 66, 79: 82}
  [Client  3] Received edge weights. Set local model to edge weights.
[C3] Test set: samples=750, class_dist={4: 80, 6: 65, 7: 146, 14: 82, 21: 76, 35: 63, 38: 70, 65: 89, 80: 79}
  [Client  7] Received edge weights. Set local model to edge weights.
[C7] Test set: samples=750, class_dist={24: 68, 31: 72, 36: 73, 45: 74, 46: 76, 50: 79, 67: 92, 73: 75, 74: 61, 80: 80}
  [Client  1] Received edge weights. Set local model to edge weights.
[C1] Test set: samples=750, class_dist={1: 75, 11: 80, 26: 83, 27: 68, 29: 75, 32: 70, 73: 71, 75: 79, 99: 149}
  [Client  8] Received edge weights. Set local model to edge weights.
[C8] Test set: samples=750, class_dist={1: 60, 14: 77, 24: 79, 26: 71, 30: 76, 65: 78, 75: 62, 88: 91, 93: 73, 95: 83}
  [Client  2] Received edge weights. Set local model to edge weights.
[C2] Test set: samples=750, class_dist={35: 80, 36: 63, 38: 79, 42: 77, 50: 77, 64: 79, 72: 80, 77: 72, 97: 72, 98: 71}
  [Client  0] Received edge weights. Set local model to edge weights.
[C0] Test set: samples=750, class_dist={6: 83, 18: 67, 29: 71, 30: 73, 34: 78, 43: 77, 44: 71, 55: 71, 64: 82, 66: 77}
  [Client  5] Received edge weights. Set local model to edge weights.
[C5] Test set: samples=750, class_dist={4: 76, 15: 79, 19: 73, 34: 66, 45: 81, 63: 90, 74: 77, 91: 69, 93: 86, 95: 53}
  [Client  6] Received edge weights. Set local model to edge weights.
[C6] Test set: samples=750, class_dist={11: 70, 18: 85, 21: 73, 32: 89, 44: 80, 46: 73, 78: 127, 88: 85, 97: 68}
  [Client  3] Starting Hier-pFedMe | λ2=35.0, η2=0.02, inner_steps=1, epochs=5, batches/epoch=141  [Client  9] Starting Hier-pFedMe | λ2=35.0, η2=0.02, inner_steps=1, epochs=5, batches/epoch=141
  [Client  4] Starting Hier-pFedMe | λ2=35.0, η2=0.02, inner_steps=1, epochs=5, batches/epoch=141  [Client  7] Starting Hier-pFedMe | λ2=35.0, η2=0.02, inner_steps=1, epochs=5, batches/epoch=141


  [Client  9] Round 6 | Hier-pFedMe(λ2=35.0, K=1) | loss=0.1896
  [Client  1] Starting Hier-pFedMe | λ2=35.0, η2=0.02, inner_steps=1, epochs=5, batches/epoch=141  [Client  4] Round 6 | Hier-pFedMe(λ2=35.0, K=1) | loss=0.2023
  [Client  7] Round 6 | Hier-pFedMe(λ2=35.0, K=1) | loss=0.1996
  [Client  3] Round 6 | Hier-pFedMe(λ2=35.0, K=1) | loss=0.2008

  [Client  8] Starting Hier-pFedMe | λ2=35.0, η2=0.02, inner_steps=1, epochs=5, batches/epoch=141  [Client  2] Starting Hier-pFedMe | λ2=35.0, η2=0.02, inner_steps=1, epochs=5, batches/epoch=141
  [Client  0] Starting Hier-pFedMe | λ2=35.0, η2=0.02, inner_steps=1, epochs=5, batches/epoch=141

  [Client  1] Round 6 | Hier-pFedMe(λ2=35.0, K=1) | loss=0.1838
  [Client  5] Starting Hier-pFedMe | λ2=35.0, η2=0.02, inner_steps=1, epochs=5, batches/epoch=141
  [Client  8] Round 6 | Hier-pFedMe(λ2=35.0, K=1) | loss=0.1732
  [Client  6] Starting Hier-pFedMe | λ2=35.0, η2=0.02, inner_steps=1, epochs=5, batches/epoch=141
  [Client  2] Round 6 | Hier-pFedMe(λ2=35.0, K=1) | loss=0.2336
  [Client  0] Round 6 | Hier-pFedMe(λ2=35.0, K=1) | loss=0.2084
  [Client  5] Round 6 | Hier-pFedMe(λ2=35.0, K=1) | loss=0.2096
  [Client  6] Round 6 | Hier-pFedMe(λ2=35.0, K=1) | loss=0.2055
  [Edge 0] G6 | E5 | loss=0.2006
  [Edge 1] G6 | E1 | Hier-pFedMe | Selected 10/10
  [Client 16] Received edge weights. Set local model to edge weights.
[C16] Test set: samples=750, class_dist={20: 75, 22: 88, 28: 62, 52: 153, 53: 84, 59: 67, 70: 71, 76: 65, 82: 85}
  [Client 19] Received edge weights. Set local model to edge weights.
[C19] Test set: samples=750, class_dist={0: 66, 13: 168, 23: 137, 51: 86, 68: 65, 70: 82, 81: 64, 89: 82}
  [Client 15] Received edge weights. Set local model to edge weights.
[C15] Test set: samples=750, class_dist={25: 79, 28: 75, 33: 65, 39: 81, 47: 75, 53: 72, 60: 73, 81: 75, 90: 77, 94: 78}
  [Client 11] Received edge weights. Set local model to edge weights.
[C11] Test set: samples=750, class_dist={10: 175, 12: 136, 16: 85, 17: 77, 37: 65, 40: 70, 82: 70, 87: 72}
  [Client 18] Received edge weights. Set local model to edge weights.
[C18] Test set: samples=750, class_dist={0: 71, 5: 79, 8: 79, 16: 71, 25: 72, 76: 70, 84: 81, 86: 67, 92: 81, 96: 79}
  [Client 13] Received edge weights. Set local model to edge weights.
[C13] Test set: samples=750, class_dist={8: 68, 9: 75, 20: 73, 37: 78, 39: 76, 48: 73, 59: 78, 68: 74, 86: 80, 90: 75}
  [Client 10] Received edge weights. Set local model to edge weights.
[C10] Test set: samples=750, class_dist={5: 74, 9: 72, 51: 87, 54: 76, 57: 149, 84: 72, 89: 78, 92: 60, 94: 82}
  [Client 17] Received edge weights. Set local model to edge weights.
[C17] Test set: samples=750, class_dist={49: 73, 56: 69, 58: 67, 60: 82, 61: 143, 69: 96, 71: 151, 85: 69}
  [Client 14] Received edge weights. Set local model to edge weights.
[C14] Test set: samples=750, class_dist={22: 68, 33: 80, 40: 81, 49: 71, 56: 79, 62: 143, 83: 80, 85: 69, 87: 79}
  [Client 12] Received edge weights. Set local model to edge weights.
[C12] Test set: samples=750, class_dist={17: 72, 41: 154, 47: 72, 48: 78, 54: 85, 58: 68, 69: 83, 83: 72, 96: 66}
  [Client 16] Starting Hier-pFedMe | λ2=35.0, η2=0.02, inner_steps=1, epochs=5, batches/epoch=141  [Client 15] Starting Hier-pFedMe | λ2=35.0, η2=0.02, inner_steps=1, epochs=5, batches/epoch=141  [Client 11] Starting Hier-pFedMe | λ2=35.0, η2=0.02, inner_steps=1, epochs=5, batches/epoch=141  [Client 19] Starting Hier-pFedMe | λ2=35.0, η2=0.02, inner_steps=1, epochs=5, batches/epoch=141



  [Client 16] Round 6 | Hier-pFedMe(λ2=35.0, K=1) | loss=0.2105
  [Client 18] Starting Hier-pFedMe | λ2=35.0, η2=0.02, inner_steps=1, epochs=5, batches/epoch=141
  [Client 11] Round 6 | Hier-pFedMe(λ2=35.0, K=1) | loss=0.2767  [Client 19] Round 6 | Hier-pFedMe(λ2=35.0, K=1) | loss=0.2048

  [Client 13] Starting Hier-pFedMe | λ2=35.0, η2=0.02, inner_steps=1, epochs=5, batches/epoch=141
  [Client 10] Starting Hier-pFedMe | λ2=35.0, η2=0.02, inner_steps=1, epochs=5, batches/epoch=141  [Client 15] Round 6 | Hier-pFedMe(λ2=35.0, K=1) | loss=0.2544

  [Client 17] Starting Hier-pFedMe | λ2=35.0, η2=0.02, inner_steps=1, epochs=5, batches/epoch=141
  [Client 18] Round 6 | Hier-pFedMe(λ2=35.0, K=1) | loss=0.2870  [Client 13] Round 6 | Hier-pFedMe(λ2=35.0, K=1) | loss=0.2720

  [Client 14] Starting Hier-pFedMe | λ2=35.0, η2=0.02, inner_steps=1, epochs=5, batches/epoch=141  [Client 12] Starting Hier-pFedMe | λ2=35.0, η2=0.02, inner_steps=1, epochs=5, batches/epoch=141

  [Client 10] Round 6 | Hier-pFedMe(λ2=35.0, K=1) | loss=0.3055
  [Client 17] Round 6 | Hier-pFedMe(λ2=35.0, K=1) | loss=0.2254
  [Client 14] Round 6 | Hier-pFedMe(λ2=35.0, K=1) | loss=0.2403
  [Client 12] Round 6 | Hier-pFedMe(λ2=35.0, K=1) | loss=0.2241
  [Edge 1] G6 | E1 | loss=0.2501
  [Edge 1] G6 | E2 | Hier-pFedMe | Selected 10/10
  [Client 15] Received edge weights. Set local model to edge weights.
[C15] Test set: samples=750, class_dist={25: 79, 28: 75, 33: 65, 39: 81, 47: 75, 53: 72, 60: 73, 81: 75, 90: 77, 94: 78}
  [Client 13] Received edge weights. Set local model to edge weights.
[C13] Test set: samples=750, class_dist={8: 68, 9: 75, 20: 73, 37: 78, 39: 76, 48: 73, 59: 78, 68: 74, 86: 80, 90: 75}
  [Client 11] Received edge weights. Set local model to edge weights.
[C11] Test set: samples=750, class_dist={10: 175, 12: 136, 16: 85, 17: 77, 37: 65, 40: 70, 82: 70, 87: 72}
  [Client 10] Received edge weights. Set local model to edge weights.
[C10] Test set: samples=750, class_dist={5: 74, 9: 72, 51: 87, 54: 76, 57: 149, 84: 72, 89: 78, 92: 60, 94: 82}
  [Client 16] Received edge weights. Set local model to edge weights.
[C16] Test set: samples=750, class_dist={20: 75, 22: 88, 28: 62, 52: 153, 53: 84, 59: 67, 70: 71, 76: 65, 82: 85}
  [Client 17] Received edge weights. Set local model to edge weights.
[C17] Test set: samples=750, class_dist={49: 73, 56: 69, 58: 67, 60: 82, 61: 143, 69: 96, 71: 151, 85: 69}
  [Client 12] Received edge weights. Set local model to edge weights.
[C12] Test set: samples=750, class_dist={17: 72, 41: 154, 47: 72, 48: 78, 54: 85, 58: 68, 69: 83, 83: 72, 96: 66}
  [Client 19] Received edge weights. Set local model to edge weights.
[C19] Test set: samples=750, class_dist={0: 66, 13: 168, 23: 137, 51: 86, 68: 65, 70: 82, 81: 64, 89: 82}
  [Client 18] Received edge weights. Set local model to edge weights.
[C18] Test set: samples=750, class_dist={0: 71, 5: 79, 8: 79, 16: 71, 25: 72, 76: 70, 84: 81, 86: 67, 92: 81, 96: 79}
  [Client 14] Received edge weights. Set local model to edge weights.
[C14] Test set: samples=750, class_dist={22: 68, 33: 80, 40: 81, 49: 71, 56: 79, 62: 143, 83: 80, 85: 69, 87: 79}
  [Client 15] Starting Hier-pFedMe | λ2=35.0, η2=0.02, inner_steps=1, epochs=5, batches/epoch=141
  [Client 13] Starting Hier-pFedMe | λ2=35.0, η2=0.02, inner_steps=1, epochs=5, batches/epoch=141  [Client 11] Starting Hier-pFedMe | λ2=35.0, η2=0.02, inner_steps=1, epochs=5, batches/epoch=141
  [Client 10] Starting Hier-pFedMe | λ2=35.0, η2=0.02, inner_steps=1, epochs=5, batches/epoch=141

  [Client 11] Round 6 | Hier-pFedMe(λ2=35.0, K=1) | loss=0.2249
  [Client 16] Starting Hier-pFedMe | λ2=35.0, η2=0.02, inner_steps=1, epochs=5, batches/epoch=141
  [Client 10] Round 6 | Hier-pFedMe(λ2=35.0, K=1) | loss=0.2452
  [Client 13] Round 6 | Hier-pFedMe(λ2=35.0, K=1) | loss=0.2212  [Client 17] Starting Hier-pFedMe | λ2=35.0, η2=0.02, inner_steps=1, epochs=5, batches/epoch=141

  [Client 12] Starting Hier-pFedMe | λ2=35.0, η2=0.02, inner_steps=1, epochs=5, batches/epoch=141
  [Client 15] Round 6 | Hier-pFedMe(λ2=35.0, K=1) | loss=0.1984
  [Client 19] Starting Hier-pFedMe | λ2=35.0, η2=0.02, inner_steps=1, epochs=5, batches/epoch=141
  [Client 17] Round 6 | Hier-pFedMe(λ2=35.0, K=1) | loss=0.1776  [Client 12] Round 6 | Hier-pFedMe(λ2=35.0, K=1) | loss=0.1763

  [Client 18] Starting Hier-pFedMe | λ2=35.0, η2=0.02, inner_steps=1, epochs=5, batches/epoch=141
  [Client 14] Starting Hier-pFedMe | λ2=35.0, η2=0.02, inner_steps=1, epochs=5, batches/epoch=141  [Client 16] Round 6 | Hier-pFedMe(λ2=35.0, K=1) | loss=0.1810  [Client 19] Round 6 | Hier-pFedMe(λ2=35.0, K=1) | loss=0.1692


  [Client 14] Round 6 | Hier-pFedMe(λ2=35.0, K=1) | loss=0.1893
  [Client 18] Round 6 | Hier-pFedMe(λ2=35.0, K=1) | loss=0.2371
  [Edge 1] G6 | E2 | loss=0.2020
  [Edge 1] G6 | E3 | Hier-pFedMe | Selected 10/10
  [Client 13] Received edge weights. Set local model to edge weights.
[C13] Test set: samples=750, class_dist={8: 68, 9: 75, 20: 73, 37: 78, 39: 76, 48: 73, 59: 78, 68: 74, 86: 80, 90: 75}
  [Client 19] Received edge weights. Set local model to edge weights.
[C19] Test set: samples=750, class_dist={0: 66, 13: 168, 23: 137, 51: 86, 68: 65, 70: 82, 81: 64, 89: 82}
  [Client 15] Received edge weights. Set local model to edge weights.
[C15] Test set: samples=750, class_dist={25: 79, 28: 75, 33: 65, 39: 81, 47: 75, 53: 72, 60: 73, 81: 75, 90: 77, 94: 78}
  [Client 16] Received edge weights. Set local model to edge weights.
[C16] Test set: samples=750, class_dist={20: 75, 22: 88, 28: 62, 52: 153, 53: 84, 59: 67, 70: 71, 76: 65, 82: 85}
  [Client 10] Received edge weights. Set local model to edge weights.
[C10] Test set: samples=750, class_dist={5: 74, 9: 72, 51: 87, 54: 76, 57: 149, 84: 72, 89: 78, 92: 60, 94: 82}
  [Client 17] Received edge weights. Set local model to edge weights.
[C17] Test set: samples=750, class_dist={49: 73, 56: 69, 58: 67, 60: 82, 61: 143, 69: 96, 71: 151, 85: 69}
  [Client 11] Received edge weights. Set local model to edge weights.
[C11] Test set: samples=750, class_dist={10: 175, 12: 136, 16: 85, 17: 77, 37: 65, 40: 70, 82: 70, 87: 72}
  [Client 12] Received edge weights. Set local model to edge weights.
[C12] Test set: samples=750, class_dist={17: 72, 41: 154, 47: 72, 48: 78, 54: 85, 58: 68, 69: 83, 83: 72, 96: 66}
  [Client 14] Received edge weights. Set local model to edge weights.
[C14] Test set: samples=750, class_dist={22: 68, 33: 80, 40: 81, 49: 71, 56: 79, 62: 143, 83: 80, 85: 69, 87: 79}
  [Client 18] Received edge weights. Set local model to edge weights.
[C18] Test set: samples=750, class_dist={0: 71, 5: 79, 8: 79, 16: 71, 25: 72, 76: 70, 84: 81, 86: 67, 92: 81, 96: 79}
  [Client 13] Starting Hier-pFedMe | λ2=35.0, η2=0.02, inner_steps=1, epochs=5, batches/epoch=141  [Client 19] Starting Hier-pFedMe | λ2=35.0, η2=0.02, inner_steps=1, epochs=5, batches/epoch=141
  [Client 15] Starting Hier-pFedMe | λ2=35.0, η2=0.02, inner_steps=1, epochs=5, batches/epoch=141
  [Client 16] Starting Hier-pFedMe | λ2=35.0, η2=0.02, inner_steps=1, epochs=5, batches/epoch=141

  [Client 19] Round 6 | Hier-pFedMe(λ2=35.0, K=1) | loss=0.1481
  [Client 13] Round 6 | Hier-pFedMe(λ2=35.0, K=1) | loss=0.1900  [Client 10] Starting Hier-pFedMe | λ2=35.0, η2=0.02, inner_steps=1, epochs=5, batches/epoch=141
  [Client 16] Round 6 | Hier-pFedMe(λ2=35.0, K=1) | loss=0.1597

  [Client 17] Starting Hier-pFedMe | λ2=35.0, η2=0.02, inner_steps=1, epochs=5, batches/epoch=141  [Client 15] Round 6 | Hier-pFedMe(λ2=35.0, K=1) | loss=0.1818
  [Client 11] Starting Hier-pFedMe | λ2=35.0, η2=0.02, inner_steps=1, epochs=5, batches/epoch=141

  [Client 12] Starting Hier-pFedMe | λ2=35.0, η2=0.02, inner_steps=1, epochs=5, batches/epoch=141
  [Client 11] Round 6 | Hier-pFedMe(λ2=35.0, K=1) | loss=0.2017
  [Client 14] Starting Hier-pFedMe | λ2=35.0, η2=0.02, inner_steps=1, epochs=5, batches/epoch=141
  [Client 12] Round 6 | Hier-pFedMe(λ2=35.0, K=1) | loss=0.1617
  [Client 18] Starting Hier-pFedMe | λ2=35.0, η2=0.02, inner_steps=1, epochs=5, batches/epoch=141
  [Client 17] Round 6 | Hier-pFedMe(λ2=35.0, K=1) | loss=0.1577  [Client 10] Round 6 | Hier-pFedMe(λ2=35.0, K=1) | loss=0.2102

  [Client 14] Round 6 | Hier-pFedMe(λ2=35.0, K=1) | loss=0.1814
  [Client 18] Round 6 | Hier-pFedMe(λ2=35.0, K=1) | loss=0.2100
  [Edge 1] G6 | E3 | loss=0.1802
  [Edge 1] G6 | E4 | Hier-pFedMe | Selected 10/10
  [Client 10] Received edge weights. Set local model to edge weights.
[C10] Test set: samples=750, class_dist={5: 74, 9: 72, 51: 87, 54: 76, 57: 149, 84: 72, 89: 78, 92: 60, 94: 82}
  [Client 14] Received edge weights. Set local model to edge weights.
[C14] Test set: samples=750, class_dist={22: 68, 33: 80, 40: 81, 49: 71, 56: 79, 62: 143, 83: 80, 85: 69, 87: 79}
  [Client 15] Received edge weights. Set local model to edge weights.
[C15] Test set: samples=750, class_dist={25: 79, 28: 75, 33: 65, 39: 81, 47: 75, 53: 72, 60: 73, 81: 75, 90: 77, 94: 78}
  [Client 18] Received edge weights. Set local model to edge weights.
[C18] Test set: samples=750, class_dist={0: 71, 5: 79, 8: 79, 16: 71, 25: 72, 76: 70, 84: 81, 86: 67, 92: 81, 96: 79}
  [Client 13] Received edge weights. Set local model to edge weights.
[C13] Test set: samples=750, class_dist={8: 68, 9: 75, 20: 73, 37: 78, 39: 76, 48: 73, 59: 78, 68: 74, 86: 80, 90: 75}
  [Client 12] Received edge weights. Set local model to edge weights.
[C12] Test set: samples=750, class_dist={17: 72, 41: 154, 47: 72, 48: 78, 54: 85, 58: 68, 69: 83, 83: 72, 96: 66}
  [Client 11] Received edge weights. Set local model to edge weights.
[C11] Test set: samples=750, class_dist={10: 175, 12: 136, 16: 85, 17: 77, 37: 65, 40: 70, 82: 70, 87: 72}
  [Client 17] Received edge weights. Set local model to edge weights.
[C17] Test set: samples=750, class_dist={49: 73, 56: 69, 58: 67, 60: 82, 61: 143, 69: 96, 71: 151, 85: 69}
  [Client 16] Received edge weights. Set local model to edge weights.
[C16] Test set: samples=750, class_dist={20: 75, 22: 88, 28: 62, 52: 153, 53: 84, 59: 67, 70: 71, 76: 65, 82: 85}
  [Client 19] Received edge weights. Set local model to edge weights.
[C19] Test set: samples=750, class_dist={0: 66, 13: 168, 23: 137, 51: 86, 68: 65, 70: 82, 81: 64, 89: 82}
  [Client 10] Starting Hier-pFedMe | λ2=35.0, η2=0.02, inner_steps=1, epochs=5, batches/epoch=141  [Client 14] Starting Hier-pFedMe | λ2=35.0, η2=0.02, inner_steps=1, epochs=5, batches/epoch=141
  [Client 15] Starting Hier-pFedMe | λ2=35.0, η2=0.02, inner_steps=1, epochs=5, batches/epoch=141  [Client 18] Starting Hier-pFedMe | λ2=35.0, η2=0.02, inner_steps=1, epochs=5, batches/epoch=141


  [Client 14] Round 6 | Hier-pFedMe(λ2=35.0, K=1) | loss=0.1618  [Client 15] Round 6 | Hier-pFedMe(λ2=35.0, K=1) | loss=0.1555

  [Client 13] Starting Hier-pFedMe | λ2=35.0, η2=0.02, inner_steps=1, epochs=5, batches/epoch=141
  [Client 12] Starting Hier-pFedMe | λ2=35.0, η2=0.02, inner_steps=1, epochs=5, batches/epoch=141  [Client 10] Round 6 | Hier-pFedMe(λ2=35.0, K=1) | loss=0.1844

  [Client 18] Round 6 | Hier-pFedMe(λ2=35.0, K=1) | loss=0.1889  [Client 11] Starting Hier-pFedMe | λ2=35.0, η2=0.02, inner_steps=1, epochs=5, batches/epoch=141

  [Client 17] Starting Hier-pFedMe | λ2=35.0, η2=0.02, inner_steps=1, epochs=5, batches/epoch=141
  [Client 11] Round 6 | Hier-pFedMe(λ2=35.0, K=1) | loss=0.1822
  [Client 13] Round 6 | Hier-pFedMe(λ2=35.0, K=1) | loss=0.1636
  [Client 16] Starting Hier-pFedMe | λ2=35.0, η2=0.02, inner_steps=1, epochs=5, batches/epoch=141  [Client 19] Starting Hier-pFedMe | λ2=35.0, η2=0.02, inner_steps=1, epochs=5, batches/epoch=141

  [Client 12] Round 6 | Hier-pFedMe(λ2=35.0, K=1) | loss=0.1540
  [Client 17] Round 6 | Hier-pFedMe(λ2=35.0, K=1) | loss=0.1457
  [Client 16] Round 6 | Hier-pFedMe(λ2=35.0, K=1) | loss=0.1322
  [Client 19] Round 6 | Hier-pFedMe(λ2=35.0, K=1) | loss=0.1280
  [Edge 1] G6 | E4 | loss=0.1596
  [Edge 1] G6 | E5 | Hier-pFedMe | Selected 10/10
  [Client 11] Received edge weights. Set local model to edge weights.
[C11] Test set: samples=750, class_dist={10: 175, 12: 136, 16: 85, 17: 77, 37: 65, 40: 70, 82: 70, 87: 72}
  [Client 13] Received edge weights. Set local model to edge weights.
[C13] Test set: samples=750, class_dist={8: 68, 9: 75, 20: 73, 37: 78, 39: 76, 48: 73, 59: 78, 68: 74, 86: 80, 90: 75}
  [Client 10] Received edge weights. Set local model to edge weights.
[C10] Test set: samples=750, class_dist={5: 74, 9: 72, 51: 87, 54: 76, 57: 149, 84: 72, 89: 78, 92: 60, 94: 82}
  [Client 12] Received edge weights. Set local model to edge weights.
[C12] Test set: samples=750, class_dist={17: 72, 41: 154, 47: 72, 48: 78, 54: 85, 58: 68, 69: 83, 83: 72, 96: 66}
  [Client 16] Received edge weights. Set local model to edge weights.
[C16] Test set: samples=750, class_dist={20: 75, 22: 88, 28: 62, 52: 153, 53: 84, 59: 67, 70: 71, 76: 65, 82: 85}
  [Client 14] Received edge weights. Set local model to edge weights.
[C14] Test set: samples=750, class_dist={22: 68, 33: 80, 40: 81, 49: 71, 56: 79, 62: 143, 83: 80, 85: 69, 87: 79}
  [Client 19] Received edge weights. Set local model to edge weights.
[C19] Test set: samples=750, class_dist={0: 66, 13: 168, 23: 137, 51: 86, 68: 65, 70: 82, 81: 64, 89: 82}
  [Client 15] Received edge weights. Set local model to edge weights.
[C15] Test set: samples=750, class_dist={25: 79, 28: 75, 33: 65, 39: 81, 47: 75, 53: 72, 60: 73, 81: 75, 90: 77, 94: 78}
  [Client 18] Received edge weights. Set local model to edge weights.
[C18] Test set: samples=750, class_dist={0: 71, 5: 79, 8: 79, 16: 71, 25: 72, 76: 70, 84: 81, 86: 67, 92: 81, 96: 79}
  [Client 17] Received edge weights. Set local model to edge weights.
[C17] Test set: samples=750, class_dist={49: 73, 56: 69, 58: 67, 60: 82, 61: 143, 69: 96, 71: 151, 85: 69}
  [Client 13] Starting Hier-pFedMe | λ2=35.0, η2=0.02, inner_steps=1, epochs=5, batches/epoch=141  [Client 10] Starting Hier-pFedMe | λ2=35.0, η2=0.02, inner_steps=1, epochs=5, batches/epoch=141
  [Client 11] Starting Hier-pFedMe | λ2=35.0, η2=0.02, inner_steps=1, epochs=5, batches/epoch=141  [Client 12] Starting Hier-pFedMe | λ2=35.0, η2=0.02, inner_steps=1, epochs=5, batches/epoch=141


  [Client 13] Round 6 | Hier-pFedMe(λ2=35.0, K=1) | loss=0.1558
  [Client 16] Starting Hier-pFedMe | λ2=35.0, η2=0.02, inner_steps=1, epochs=5, batches/epoch=141
  [Client 12] Round 6 | Hier-pFedMe(λ2=35.0, K=1) | loss=0.1295
  [Client 14] Starting Hier-pFedMe | λ2=35.0, η2=0.02, inner_steps=1, epochs=5, batches/epoch=141
  [Client 11] Round 6 | Hier-pFedMe(λ2=35.0, K=1) | loss=0.1602
  [Client 10] Round 6 | Hier-pFedMe(λ2=35.0, K=1) | loss=0.1831  [Client 19] Starting Hier-pFedMe | λ2=35.0, η2=0.02, inner_steps=1, epochs=5, batches/epoch=141

  [Client 15] Starting Hier-pFedMe | λ2=35.0, η2=0.02, inner_steps=1, epochs=5, batches/epoch=141
  [Client 14] Round 6 | Hier-pFedMe(λ2=35.0, K=1) | loss=0.1427  [Client 16] Round 6 | Hier-pFedMe(λ2=35.0, K=1) | loss=0.1199
  [Client 19] Round 6 | Hier-pFedMe(λ2=35.0, K=1) | loss=0.1198

  [Client 18] Starting Hier-pFedMe | λ2=35.0, η2=0.02, inner_steps=1, epochs=5, batches/epoch=141  [Client 15] Round 6 | Hier-pFedMe(λ2=35.0, K=1) | loss=0.1461  [Client 17] Starting Hier-pFedMe | λ2=35.0, η2=0.02, inner_steps=1, epochs=5, batches/epoch=141


  [Client 18] Round 6 | Hier-pFedMe(λ2=35.0, K=1) | loss=0.1792
  [Client 17] Round 6 | Hier-pFedMe(λ2=35.0, K=1) | loss=0.1302
  [Edge 1] G6 | E5 | loss=0.1467
  [Cloud] Using Hier-pFedMe global aggregation (式 9).
[C0] n=750 | classes=[6, 18, 29, 30, 34, 43, 44, 55, 64, 66] | acc=0.4653 | per_class={6: '0.41', 18: '0.52', 29: '0.48', 30: '0.75', 34: '0.44', 43: '0.53', 44: '0.34', 55: '0.28', 64: '0.34', 66: '0.57'}
[C1] n=750 | classes=[1, 11, 26, 27, 29, 32, 73, 75, 99] | acc=0.6440 | per_class={1: '0.71', 11: '0.62', 26: '0.47', 27: '0.60', 29: '0.60', 32: '0.50', 73: '0.68', 75: '0.80', 99: '0.73'}
[C2] n=750 | classes=[35, 36, 38, 42, 50, 64, 72, 77, 97, 98] | acc=0.3960 | per_class={35: '0.34', 36: '0.52', 38: '0.37', 42: '0.45', 50: '0.25', 64: '0.28', 72: '0.50', 77: '0.42', 97: '0.53', 98: '0.34'}
[C3] n=750 | classes=[4, 6, 7, 14, 21, 35, 38, 65, 80] | acc=0.4960 | per_class={4: '0.36', 6: '0.40', 7: '0.75', 14: '0.41', 21: '0.66', 35: '0.65', 38: '0.37', 65: '0.38', 80: '0.29'}
[C4] n=750 | classes=[19, 31, 42, 43, 63, 66, 72, 79, 91, 98] | acc=0.5360 | per_class={19: '0.54', 31: '0.42', 42: '0.51', 43: '0.63', 63: '0.46', 66: '0.40', 72: '0.54', 79: '0.57', 91: '0.68', 98: '0.62'}
[C5] n=750 | classes=[4, 15, 19, 34, 45, 63, 74, 91, 93, 95] | acc=0.4840 | per_class={4: '0.39', 15: '0.44', 19: '0.36', 34: '0.50', 45: '0.54', 63: '0.43', 74: '0.42', 91: '0.61', 93: '0.47', 95: '0.79'}
[C6] n=750 | classes=[11, 18, 21, 32, 44, 46, 78, 88, 97] | acc=0.4947 | per_class={11: '0.44', 18: '0.49', 21: '0.74', 32: '0.57', 44: '0.41', 46: '0.27', 78: '0.54', 88: '0.45', 97: '0.50'}
[C7] n=750 | classes=[24, 31, 36, 45, 46, 50, 67, 73, 74, 80] | acc=0.5253 | per_class={24: '0.78', 31: '0.64', 36: '0.66', 45: '0.50', 46: '0.46', 50: '0.24', 67: '0.50', 73: '0.63', 74: '0.48', 80: '0.42'}
[C8] n=750 | classes=[1, 14, 24, 26, 30, 65, 75, 88, 93, 95] | acc=0.5907 | per_class={1: '0.75', 14: '0.58', 24: '0.81', 26: '0.55', 30: '0.57', 65: '0.53', 75: '0.68', 88: '0.52', 93: '0.37', 95: '0.60'}
[C9] n=750 | classes=[2, 3, 15, 27, 55, 67, 77, 79] | acc=0.5667 | per_class={2: '0.72', 3: '0.63', 15: '0.49', 27: '0.60', 55: '0.21', 67: '0.66', 77: '0.42', 79: '0.52'}
[C10] n=750 | classes=[5, 9, 51, 54, 57, 84, 89, 92, 94] | acc=0.6347 | per_class={5: '0.57', 9: '0.57', 51: '0.70', 54: '0.51', 57: '0.70', 84: '0.43', 89: '0.74', 92: '0.62', 94: '0.76'}
[C11] n=750 | classes=[10, 12, 16, 17, 37, 40, 82, 87] | acc=0.6040 | per_class={10: '0.71', 12: '0.66', 16: '0.36', 17: '0.65', 37: '0.38', 40: '0.57', 82: '0.91', 87: '0.40'}
[C12] n=750 | classes=[17, 41, 47, 48, 54, 58, 69, 83, 96] | acc=0.7547 | per_class={17: '0.82', 41: '0.78', 47: '0.75', 48: '0.68', 54: '0.72', 58: '0.76', 69: '0.80', 83: '0.79', 96: '0.67'}
[C13] n=750 | classes=[8, 9, 20, 37, 39, 48, 59, 68, 86, 90] | acc=0.6253 | per_class={8: '0.51', 9: '0.65', 20: '0.75', 37: '0.54', 39: '0.64', 48: '0.56', 59: '0.73', 68: '0.88', 86: '0.53', 90: '0.45'}
[C14] n=750 | classes=[22, 33, 40, 49, 56, 62, 83, 85, 87] | acc=0.7187 | per_class={22: '0.51', 33: '0.76', 40: '0.56', 49: '0.92', 56: '0.86', 62: '0.87', 83: '0.57', 85: '0.80', 87: '0.51'}
[C15] n=750 | classes=[25, 28, 33, 39, 47, 53, 60, 81, 90, 94] | acc=0.6907 | per_class={25: '0.41', 28: '0.68', 33: '0.66', 39: '0.69', 47: '0.84', 53: '0.90', 60: '0.92', 81: '0.52', 90: '0.61', 94: '0.71'}
[C16] n=750 | classes=[20, 22, 28, 52, 53, 59, 70, 76, 82] | acc=0.7853 | per_class={20: '0.81', 22: '0.64', 28: '0.69', 52: '0.86', 53: '0.89', 59: '0.51', 70: '0.80', 76: '0.88', 82: '0.87'}
[C17] n=750 | classes=[49, 56, 58, 60, 61, 69, 71, 85] | acc=0.7600 | per_class={49: '0.68', 56: '0.81', 58: '0.66', 60: '0.74', 61: '0.94', 69: '0.72', 71: '0.72', 85: '0.68'}
[C18] n=750 | classes=[0, 5, 8, 16, 25, 76, 84, 86, 92, 96] | acc=0.6440 | per_class={0: '0.80', 5: '0.54', 8: '0.68', 16: '0.45', 25: '0.47', 76: '0.90', 84: '0.44', 86: '0.57', 92: '0.72', 96: '0.86'}
[C19] n=750 | classes=[0, 13, 23, 51, 68, 70, 81, 89] | acc=0.6947 | per_class={0: '0.86', 13: '0.61', 23: '0.82', 51: '0.74', 68: '0.83', 70: '0.70', 81: '0.41', 89: '0.59'}
  [Cloud] GM=0.1667 | EM=0.2663 PM=0.6055 | loss=4.3117 | time=117.6s | comm=719.6MB (total=4318MB)

[Round   7] Broadcasting to 2 edges...
  [Edge 0] W_n reset to global weights for new round.
  [Edge 1] W_n reset to global weights for new round.
  [Edge 0] G7 | E1 | Hier-pFedMe | Selected 10/10
  [Client  9] Received edge weights. Set local model to edge weights.
[C9] Test set: samples=750, class_dist={2: 167, 3: 151, 15: 78, 27: 67, 55: 68, 67: 71, 77: 66, 79: 82}
  [Client  1] Received edge weights. Set local model to edge weights.
[C1] Test set: samples=750, class_dist={1: 75, 11: 80, 26: 83, 27: 68, 29: 75, 32: 70, 73: 71, 75: 79, 99: 149}
  [Client  3] Received edge weights. Set local model to edge weights.
[C3] Test set: samples=750, class_dist={4: 80, 6: 65, 7: 146, 14: 82, 21: 76, 35: 63, 38: 70, 65: 89, 80: 79}
  [Client  7] Received edge weights. Set local model to edge weights.
[C7] Test set: samples=750, class_dist={24: 68, 31: 72, 36: 73, 45: 74, 46: 76, 50: 79, 67: 92, 73: 75, 74: 61, 80: 80}
  [Client  6] Received edge weights. Set local model to edge weights.
[C6] Test set: samples=750, class_dist={11: 70, 18: 85, 21: 73, 32: 89, 44: 80, 46: 73, 78: 127, 88: 85, 97: 68}
  [Client  2] Received edge weights. Set local model to edge weights.
[C2] Test set: samples=750, class_dist={35: 80, 36: 63, 38: 79, 42: 77, 50: 77, 64: 79, 72: 80, 77: 72, 97: 72, 98: 71}
  [Client  4] Received edge weights. Set local model to edge weights.
[C4] Test set: samples=750, class_dist={19: 72, 31: 69, 42: 76, 43: 75, 63: 80, 66: 80, 72: 74, 79: 81, 91: 77, 98: 66}
  [Client  0] Received edge weights. Set local model to edge weights.
[C0] Test set: samples=750, class_dist={6: 83, 18: 67, 29: 71, 30: 73, 34: 78, 43: 77, 44: 71, 55: 71, 64: 82, 66: 77}
  [Client  5] Received edge weights. Set local model to edge weights.
[C5] Test set: samples=750, class_dist={4: 76, 15: 79, 19: 73, 34: 66, 45: 81, 63: 90, 74: 77, 91: 69, 93: 86, 95: 53}
  [Client  8] Received edge weights. Set local model to edge weights.
[C8] Test set: samples=750, class_dist={1: 60, 14: 77, 24: 79, 26: 71, 30: 76, 65: 78, 75: 62, 88: 91, 93: 73, 95: 83}
  [Client  9] Starting Hier-pFedMe | λ2=35.0, η2=0.02, inner_steps=1, epochs=5, batches/epoch=141
  [Client  1] Starting Hier-pFedMe | λ2=35.0, η2=0.02, inner_steps=1, epochs=5, batches/epoch=141
  [Client  3] Starting Hier-pFedMe | λ2=35.0, η2=0.02, inner_steps=1, epochs=5, batches/epoch=141
  [Client  7] Starting Hier-pFedMe | λ2=35.0, η2=0.02, inner_steps=1, epochs=5, batches/epoch=141
  [Client  3] Round 7 | Hier-pFedMe(λ2=35.0, K=1) | loss=0.2750
  [Client  6] Starting Hier-pFedMe | λ2=35.0, η2=0.02, inner_steps=1, epochs=5, batches/epoch=141
  [Client  1] Round 7 | Hier-pFedMe(λ2=35.0, K=1) | loss=0.2389
  [Client  9] Round 7 | Hier-pFedMe(λ2=35.0, K=1) | loss=0.2443  [Client  2] Starting Hier-pFedMe | λ2=35.0, η2=0.02, inner_steps=1, epochs=5, batches/epoch=141
  [Client  7] Round 7 | Hier-pFedMe(λ2=35.0, K=1) | loss=0.2664

  [Client  4] Starting Hier-pFedMe | λ2=35.0, η2=0.02, inner_steps=1, epochs=5, batches/epoch=141  [Client  0] Starting Hier-pFedMe | λ2=35.0, η2=0.02, inner_steps=1, epochs=5, batches/epoch=141

  [Client  6] Round 7 | Hier-pFedMe(λ2=35.0, K=1) | loss=0.2771
  [Client  5] Starting Hier-pFedMe | λ2=35.0, η2=0.02, inner_steps=1, epochs=5, batches/epoch=141  [Client  2] Round 7 | Hier-pFedMe(λ2=35.0, K=1) | loss=0.3028

  [Client  8] Starting Hier-pFedMe | λ2=35.0, η2=0.02, inner_steps=1, epochs=5, batches/epoch=141
  [Client  0] Round 7 | Hier-pFedMe(λ2=35.0, K=1) | loss=0.2817  [Client  4] Round 7 | Hier-pFedMe(λ2=35.0, K=1) | loss=0.2741

  [Client  8] Round 7 | Hier-pFedMe(λ2=35.0, K=1) | loss=0.2274
  [Client  5] Round 7 | Hier-pFedMe(λ2=35.0, K=1) | loss=0.2723
  [Edge 0] G7 | E1 | loss=0.2660
  [Edge 0] G7 | E2 | Hier-pFedMe | Selected 10/10
  [Client  4] Received edge weights. Set local model to edge weights.
[C4] Test set: samples=750, class_dist={19: 72, 31: 69, 42: 76, 43: 75, 63: 80, 66: 80, 72: 74, 79: 81, 91: 77, 98: 66}
  [Client  7] Received edge weights. Set local model to edge weights.
[C7] Test set: samples=750, class_dist={24: 68, 31: 72, 36: 73, 45: 74, 46: 76, 50: 79, 67: 92, 73: 75, 74: 61, 80: 80}
  [Client  8] Received edge weights. Set local model to edge weights.
[C8] Test set: samples=750, class_dist={1: 60, 14: 77, 24: 79, 26: 71, 30: 76, 65: 78, 75: 62, 88: 91, 93: 73, 95: 83}
  [Client  0] Received edge weights. Set local model to edge weights.
[C0] Test set: samples=750, class_dist={6: 83, 18: 67, 29: 71, 30: 73, 34: 78, 43: 77, 44: 71, 55: 71, 64: 82, 66: 77}
  [Client  9] Received edge weights. Set local model to edge weights.
[C9] Test set: samples=750, class_dist={2: 167, 3: 151, 15: 78, 27: 67, 55: 68, 67: 71, 77: 66, 79: 82}
  [Client  1] Received edge weights. Set local model to edge weights.
[C1] Test set: samples=750, class_dist={1: 75, 11: 80, 26: 83, 27: 68, 29: 75, 32: 70, 73: 71, 75: 79, 99: 149}
  [Client  6] Received edge weights. Set local model to edge weights.
[C6] Test set: samples=750, class_dist={11: 70, 18: 85, 21: 73, 32: 89, 44: 80, 46: 73, 78: 127, 88: 85, 97: 68}
  [Client  5] Received edge weights. Set local model to edge weights.
[C5] Test set: samples=750, class_dist={4: 76, 15: 79, 19: 73, 34: 66, 45: 81, 63: 90, 74: 77, 91: 69, 93: 86, 95: 53}
  [Client  3] Received edge weights. Set local model to edge weights.
[C3] Test set: samples=750, class_dist={4: 80, 6: 65, 7: 146, 14: 82, 21: 76, 35: 63, 38: 70, 65: 89, 80: 79}
  [Client  2] Received edge weights. Set local model to edge weights.
[C2] Test set: samples=750, class_dist={35: 80, 36: 63, 38: 79, 42: 77, 50: 77, 64: 79, 72: 80, 77: 72, 97: 72, 98: 71}
  [Client  4] Starting Hier-pFedMe | λ2=35.0, η2=0.02, inner_steps=1, epochs=5, batches/epoch=141  [Client  7] Starting Hier-pFedMe | λ2=35.0, η2=0.02, inner_steps=1, epochs=5, batches/epoch=141
  [Client  8] Starting Hier-pFedMe | λ2=35.0, η2=0.02, inner_steps=1, epochs=5, batches/epoch=141  [Client  0] Starting Hier-pFedMe | λ2=35.0, η2=0.02, inner_steps=1, epochs=5, batches/epoch=141


  [Client  0] Round 7 | Hier-pFedMe(λ2=35.0, K=1) | loss=0.2226
  [Client  9] Starting Hier-pFedMe | λ2=35.0, η2=0.02, inner_steps=1, epochs=5, batches/epoch=141
  [Client  4] Round 7 | Hier-pFedMe(λ2=35.0, K=1) | loss=0.2249  [Client  7] Round 7 | Hier-pFedMe(λ2=35.0, K=1) | loss=0.2169

  [Client  1] Starting Hier-pFedMe | λ2=35.0, η2=0.02, inner_steps=1, epochs=5, batches/epoch=141
  [Client  6] Starting Hier-pFedMe | λ2=35.0, η2=0.02, inner_steps=1, epochs=5, batches/epoch=141  [Client  8] Round 7 | Hier-pFedMe(λ2=35.0, K=1) | loss=0.1901

  [Client  5] Starting Hier-pFedMe | λ2=35.0, η2=0.02, inner_steps=1, epochs=5, batches/epoch=141
  [Client  9] Round 7 | Hier-pFedMe(λ2=35.0, K=1) | loss=0.1986
  [Client  3] Starting Hier-pFedMe | λ2=35.0, η2=0.02, inner_steps=1, epochs=5, batches/epoch=141
  [Client  1] Round 7 | Hier-pFedMe(λ2=35.0, K=1) | loss=0.1958
  [Client  2] Starting Hier-pFedMe | λ2=35.0, η2=0.02, inner_steps=1, epochs=5, batches/epoch=141  [Client  6] Round 7 | Hier-pFedMe(λ2=35.0, K=1) | loss=0.2246

  [Client  5] Round 7 | Hier-pFedMe(λ2=35.0, K=1) | loss=0.2248
  [Client  3] Round 7 | Hier-pFedMe(λ2=35.0, K=1) | loss=0.2245
  [Client  2] Round 7 | Hier-pFedMe(λ2=35.0, K=1) | loss=0.2492
  [Edge 0] G7 | E2 | loss=0.2172
  [Edge 0] G7 | E3 | Hier-pFedMe | Selected 10/10
  [Client  9] Received edge weights. Set local model to edge weights.
[C9] Test set: samples=750, class_dist={2: 167, 3: 151, 15: 78, 27: 67, 55: 68, 67: 71, 77: 66, 79: 82}
  [Client  4] Received edge weights. Set local model to edge weights.
[C4] Test set: samples=750, class_dist={19: 72, 31: 69, 42: 76, 43: 75, 63: 80, 66: 80, 72: 74, 79: 81, 91: 77, 98: 66}
  [Client  8] Received edge weights. Set local model to edge weights.
[C8] Test set: samples=750, class_dist={1: 60, 14: 77, 24: 79, 26: 71, 30: 76, 65: 78, 75: 62, 88: 91, 93: 73, 95: 83}
  [Client  7] Received edge weights. Set local model to edge weights.
[C7] Test set: samples=750, class_dist={24: 68, 31: 72, 36: 73, 45: 74, 46: 76, 50: 79, 67: 92, 73: 75, 74: 61, 80: 80}
  [Client  1] Received edge weights. Set local model to edge weights.
[C1] Test set: samples=750, class_dist={1: 75, 11: 80, 26: 83, 27: 68, 29: 75, 32: 70, 73: 71, 75: 79, 99: 149}
  [Client  2] Received edge weights. Set local model to edge weights.
[C2] Test set: samples=750, class_dist={35: 80, 36: 63, 38: 79, 42: 77, 50: 77, 64: 79, 72: 80, 77: 72, 97: 72, 98: 71}
  [Client  6] Received edge weights. Set local model to edge weights.
[C6] Test set: samples=750, class_dist={11: 70, 18: 85, 21: 73, 32: 89, 44: 80, 46: 73, 78: 127, 88: 85, 97: 68}
  [Client  3] Received edge weights. Set local model to edge weights.
[C3] Test set: samples=750, class_dist={4: 80, 6: 65, 7: 146, 14: 82, 21: 76, 35: 63, 38: 70, 65: 89, 80: 79}
  [Client  5] Received edge weights. Set local model to edge weights.
[C5] Test set: samples=750, class_dist={4: 76, 15: 79, 19: 73, 34: 66, 45: 81, 63: 90, 74: 77, 91: 69, 93: 86, 95: 53}
  [Client  0] Received edge weights. Set local model to edge weights.
[C0] Test set: samples=750, class_dist={6: 83, 18: 67, 29: 71, 30: 73, 34: 78, 43: 77, 44: 71, 55: 71, 64: 82, 66: 77}
  [Client  9] Starting Hier-pFedMe | λ2=35.0, η2=0.02, inner_steps=1, epochs=5, batches/epoch=141
  [Client  4] Starting Hier-pFedMe | λ2=35.0, η2=0.02, inner_steps=1, epochs=5, batches/epoch=141  [Client  8] Starting Hier-pFedMe | λ2=35.0, η2=0.02, inner_steps=1, epochs=5, batches/epoch=141  [Client  7] Starting Hier-pFedMe | λ2=35.0, η2=0.02, inner_steps=1, epochs=5, batches/epoch=141


  [Client  8] Round 7 | Hier-pFedMe(λ2=35.0, K=1) | loss=0.1787  [Client  4] Round 7 | Hier-pFedMe(λ2=35.0, K=1) | loss=0.2047

  [Client  1] Starting Hier-pFedMe | λ2=35.0, η2=0.02, inner_steps=1, epochs=5, batches/epoch=141  [Client  2] Starting Hier-pFedMe | λ2=35.0, η2=0.02, inner_steps=1, epochs=5, batches/epoch=141

  [Client  9] Round 7 | Hier-pFedMe(λ2=35.0, K=1) | loss=0.1814
  [Client  6] Starting Hier-pFedMe | λ2=35.0, η2=0.02, inner_steps=1, epochs=5, batches/epoch=141
  [Client  7] Round 7 | Hier-pFedMe(λ2=35.0, K=1) | loss=0.2037
  [Client  3] Starting Hier-pFedMe | λ2=35.0, η2=0.02, inner_steps=1, epochs=5, batches/epoch=141
  [Client  2] Round 7 | Hier-pFedMe(λ2=35.0, K=1) | loss=0.2153
  [Client  5] Starting Hier-pFedMe | λ2=35.0, η2=0.02, inner_steps=1, epochs=5, batches/epoch=141
  [Client  6] Round 7 | Hier-pFedMe(λ2=35.0, K=1) | loss=0.1994
  [Client  0] Starting Hier-pFedMe | λ2=35.0, η2=0.02, inner_steps=1, epochs=5, batches/epoch=141
  [Client  1] Round 7 | Hier-pFedMe(λ2=35.0, K=1) | loss=0.1756
  [Client  3] Round 7 | Hier-pFedMe(λ2=35.0, K=1) | loss=0.1998
  [Client  5] Round 7 | Hier-pFedMe(λ2=35.0, K=1) | loss=0.2008
  [Client  0] Round 7 | Hier-pFedMe(λ2=35.0, K=1) | loss=0.2162
  [Edge 0] G7 | E3 | loss=0.1976
  [Edge 0] G7 | E4 | Hier-pFedMe | Selected 10/10
  [Client  6] Received edge weights. Set local model to edge weights.
[C6] Test set: samples=750, class_dist={11: 70, 18: 85, 21: 73, 32: 89, 44: 80, 46: 73, 78: 127, 88: 85, 97: 68}
  [Client  0] Received edge weights. Set local model to edge weights.
[C0] Test set: samples=750, class_dist={6: 83, 18: 67, 29: 71, 30: 73, 34: 78, 43: 77, 44: 71, 55: 71, 64: 82, 66: 77}
  [Client  3] Received edge weights. Set local model to edge weights.
[C3] Test set: samples=750, class_dist={4: 80, 6: 65, 7: 146, 14: 82, 21: 76, 35: 63, 38: 70, 65: 89, 80: 79}
  [Client  1] Received edge weights. Set local model to edge weights.
[C1] Test set: samples=750, class_dist={1: 75, 11: 80, 26: 83, 27: 68, 29: 75, 32: 70, 73: 71, 75: 79, 99: 149}
  [Client  4] Received edge weights. Set local model to edge weights.
[C4] Test set: samples=750, class_dist={19: 72, 31: 69, 42: 76, 43: 75, 63: 80, 66: 80, 72: 74, 79: 81, 91: 77, 98: 66}
  [Client  5] Received edge weights. Set local model to edge weights.
[C5] Test set: samples=750, class_dist={4: 76, 15: 79, 19: 73, 34: 66, 45: 81, 63: 90, 74: 77, 91: 69, 93: 86, 95: 53}
  [Client  9] Received edge weights. Set local model to edge weights.
[C9] Test set: samples=750, class_dist={2: 167, 3: 151, 15: 78, 27: 67, 55: 68, 67: 71, 77: 66, 79: 82}
  [Client  2] Received edge weights. Set local model to edge weights.
[C2] Test set: samples=750, class_dist={35: 80, 36: 63, 38: 79, 42: 77, 50: 77, 64: 79, 72: 80, 77: 72, 97: 72, 98: 71}
  [Client  7] Received edge weights. Set local model to edge weights.
[C7] Test set: samples=750, class_dist={24: 68, 31: 72, 36: 73, 45: 74, 46: 76, 50: 79, 67: 92, 73: 75, 74: 61, 80: 80}
  [Client  8] Received edge weights. Set local model to edge weights.
[C8] Test set: samples=750, class_dist={1: 60, 14: 77, 24: 79, 26: 71, 30: 76, 65: 78, 75: 62, 88: 91, 93: 73, 95: 83}
  [Client  0] Starting Hier-pFedMe | λ2=35.0, η2=0.02, inner_steps=1, epochs=5, batches/epoch=141  [Client  6] Starting Hier-pFedMe | λ2=35.0, η2=0.02, inner_steps=1, epochs=5, batches/epoch=141  [Client  3] Starting Hier-pFedMe | λ2=35.0, η2=0.02, inner_steps=1, epochs=5, batches/epoch=141  [Client  1] Starting Hier-pFedMe | λ2=35.0, η2=0.02, inner_steps=1, epochs=5, batches/epoch=141



  [Client  6] Round 7 | Hier-pFedMe(λ2=35.0, K=1) | loss=0.1847
  [Client  4] Starting Hier-pFedMe | λ2=35.0, η2=0.02, inner_steps=1, epochs=5, batches/epoch=141
  [Client  1] Round 7 | Hier-pFedMe(λ2=35.0, K=1) | loss=0.1623
  [Client  5] Starting Hier-pFedMe | λ2=35.0, η2=0.02, inner_steps=1, epochs=5, batches/epoch=141
  [Client  0] Round 7 | Hier-pFedMe(λ2=35.0, K=1) | loss=0.1837
  [Client  9] Starting Hier-pFedMe | λ2=35.0, η2=0.02, inner_steps=1, epochs=5, batches/epoch=141
  [Client  3] Round 7 | Hier-pFedMe(λ2=35.0, K=1) | loss=0.1876
  [Client  2] Starting Hier-pFedMe | λ2=35.0, η2=0.02, inner_steps=1, epochs=5, batches/epoch=141
  [Client  4] Round 7 | Hier-pFedMe(λ2=35.0, K=1) | loss=0.1820
  [Client  7] Starting Hier-pFedMe | λ2=35.0, η2=0.02, inner_steps=1, epochs=5, batches/epoch=141
  [Client  9] Round 7 | Hier-pFedMe(λ2=35.0, K=1) | loss=0.1585
  [Client  5] Round 7 | Hier-pFedMe(λ2=35.0, K=1) | loss=0.1848
  [Client  8] Starting Hier-pFedMe | λ2=35.0, η2=0.02, inner_steps=1, epochs=5, batches/epoch=141
  [Client  2] Round 7 | Hier-pFedMe(λ2=35.0, K=1) | loss=0.2049
  [Client  7] Round 7 | Hier-pFedMe(λ2=35.0, K=1) | loss=0.1790
  [Client  8] Round 7 | Hier-pFedMe(λ2=35.0, K=1) | loss=0.1584
  [Edge 0] G7 | E4 | loss=0.1786
  [Edge 0] G7 | E5 | Hier-pFedMe | Selected 10/10
  [Client  1] Received edge weights. Set local model to edge weights.
[C1] Test set: samples=750, class_dist={1: 75, 11: 80, 26: 83, 27: 68, 29: 75, 32: 70, 73: 71, 75: 79, 99: 149}
  [Client  9] Received edge weights. Set local model to edge weights.
[C9] Test set: samples=750, class_dist={2: 167, 3: 151, 15: 78, 27: 67, 55: 68, 67: 71, 77: 66, 79: 82}
  [Client  2] Received edge weights. Set local model to edge weights.
[C2] Test set: samples=750, class_dist={35: 80, 36: 63, 38: 79, 42: 77, 50: 77, 64: 79, 72: 80, 77: 72, 97: 72, 98: 71}
  [Client  6] Received edge weights. Set local model to edge weights.
[C6] Test set: samples=750, class_dist={11: 70, 18: 85, 21: 73, 32: 89, 44: 80, 46: 73, 78: 127, 88: 85, 97: 68}
  [Client  7] Received edge weights. Set local model to edge weights.
[C7] Test set: samples=750, class_dist={24: 68, 31: 72, 36: 73, 45: 74, 46: 76, 50: 79, 67: 92, 73: 75, 74: 61, 80: 80}
  [Client  8] Received edge weights. Set local model to edge weights.
[C8] Test set: samples=750, class_dist={1: 60, 14: 77, 24: 79, 26: 71, 30: 76, 65: 78, 75: 62, 88: 91, 93: 73, 95: 83}
  [Client  0] Received edge weights. Set local model to edge weights.
[C0] Test set: samples=750, class_dist={6: 83, 18: 67, 29: 71, 30: 73, 34: 78, 43: 77, 44: 71, 55: 71, 64: 82, 66: 77}
  [Client  3] Received edge weights. Set local model to edge weights.
[C3] Test set: samples=750, class_dist={4: 80, 6: 65, 7: 146, 14: 82, 21: 76, 35: 63, 38: 70, 65: 89, 80: 79}
  [Client  4] Received edge weights. Set local model to edge weights.
[C4] Test set: samples=750, class_dist={19: 72, 31: 69, 42: 76, 43: 75, 63: 80, 66: 80, 72: 74, 79: 81, 91: 77, 98: 66}
  [Client  5] Received edge weights. Set local model to edge weights.
[C5] Test set: samples=750, class_dist={4: 76, 15: 79, 19: 73, 34: 66, 45: 81, 63: 90, 74: 77, 91: 69, 93: 86, 95: 53}
  [Client  1] Starting Hier-pFedMe | λ2=35.0, η2=0.02, inner_steps=1, epochs=5, batches/epoch=141  [Client  9] Starting Hier-pFedMe | λ2=35.0, η2=0.02, inner_steps=1, epochs=5, batches/epoch=141  [Client  2] Starting Hier-pFedMe | λ2=35.0, η2=0.02, inner_steps=1, epochs=5, batches/epoch=141  [Client  6] Starting Hier-pFedMe | λ2=35.0, η2=0.02, inner_steps=1, epochs=5, batches/epoch=141



  [Client  6] Round 7 | Hier-pFedMe(λ2=35.0, K=1) | loss=0.1624
  [Client  7] Starting Hier-pFedMe | λ2=35.0, η2=0.02, inner_steps=1, epochs=5, batches/epoch=141
  [Client  9] Round 7 | Hier-pFedMe(λ2=35.0, K=1) | loss=0.1460
  [Client  8] Starting Hier-pFedMe | λ2=35.0, η2=0.02, inner_steps=1, epochs=5, batches/epoch=141
  [Client  1] Round 7 | Hier-pFedMe(λ2=35.0, K=1) | loss=0.1445  [Client  2] Round 7 | Hier-pFedMe(λ2=35.0, K=1) | loss=0.1784

  [Client  0] Starting Hier-pFedMe | λ2=35.0, η2=0.02, inner_steps=1, epochs=5, batches/epoch=141
  [Client  3] Starting Hier-pFedMe | λ2=35.0, η2=0.02, inner_steps=1, epochs=5, batches/epoch=141
  [Client  7] Round 7 | Hier-pFedMe(λ2=35.0, K=1) | loss=0.1615
  [Client  4] Starting Hier-pFedMe | λ2=35.0, η2=0.02, inner_steps=1, epochs=5, batches/epoch=141  [Client  8] Round 7 | Hier-pFedMe(λ2=35.0, K=1) | loss=0.1432

  [Client  5] Starting Hier-pFedMe | λ2=35.0, η2=0.02, inner_steps=1, epochs=5, batches/epoch=141
  [Client  0] Round 7 | Hier-pFedMe(λ2=35.0, K=1) | loss=0.1634
  [Client  3] Round 7 | Hier-pFedMe(λ2=35.0, K=1) | loss=0.1699
  [Client  4] Round 7 | Hier-pFedMe(λ2=35.0, K=1) | loss=0.1673
  [Client  5] Round 7 | Hier-pFedMe(λ2=35.0, K=1) | loss=0.1597
  [Edge 0] G7 | E5 | loss=0.1596
  [Edge 1] G7 | E1 | Hier-pFedMe | Selected 10/10
  [Client 14] Received edge weights. Set local model to edge weights.
[C14] Test set: samples=750, class_dist={22: 68, 33: 80, 40: 81, 49: 71, 56: 79, 62: 143, 83: 80, 85: 69, 87: 79}
  [Client 10] Received edge weights. Set local model to edge weights.
[C10] Test set: samples=750, class_dist={5: 74, 9: 72, 51: 87, 54: 76, 57: 149, 84: 72, 89: 78, 92: 60, 94: 82}
  [Client 18] Received edge weights. Set local model to edge weights.
[C18] Test set: samples=750, class_dist={0: 71, 5: 79, 8: 79, 16: 71, 25: 72, 76: 70, 84: 81, 86: 67, 92: 81, 96: 79}
  [Client 13] Received edge weights. Set local model to edge weights.
[C13] Test set: samples=750, class_dist={8: 68, 9: 75, 20: 73, 37: 78, 39: 76, 48: 73, 59: 78, 68: 74, 86: 80, 90: 75}
  [Client 15] Received edge weights. Set local model to edge weights.
[C15] Test set: samples=750, class_dist={25: 79, 28: 75, 33: 65, 39: 81, 47: 75, 53: 72, 60: 73, 81: 75, 90: 77, 94: 78}
  [Client 17] Received edge weights. Set local model to edge weights.
[C17] Test set: samples=750, class_dist={49: 73, 56: 69, 58: 67, 60: 82, 61: 143, 69: 96, 71: 151, 85: 69}
  [Client 12] Received edge weights. Set local model to edge weights.
[C12] Test set: samples=750, class_dist={17: 72, 41: 154, 47: 72, 48: 78, 54: 85, 58: 68, 69: 83, 83: 72, 96: 66}
  [Client 16] Received edge weights. Set local model to edge weights.
[C16] Test set: samples=750, class_dist={20: 75, 22: 88, 28: 62, 52: 153, 53: 84, 59: 67, 70: 71, 76: 65, 82: 85}
  [Client 11] Received edge weights. Set local model to edge weights.
[C11] Test set: samples=750, class_dist={10: 175, 12: 136, 16: 85, 17: 77, 37: 65, 40: 70, 82: 70, 87: 72}
  [Client 19] Received edge weights. Set local model to edge weights.
[C19] Test set: samples=750, class_dist={0: 66, 13: 168, 23: 137, 51: 86, 68: 65, 70: 82, 81: 64, 89: 82}
  [Client 10] Starting Hier-pFedMe | λ2=35.0, η2=0.02, inner_steps=1, epochs=5, batches/epoch=141  [Client 14] Starting Hier-pFedMe | λ2=35.0, η2=0.02, inner_steps=1, epochs=5, batches/epoch=141  [Client 18] Starting Hier-pFedMe | λ2=35.0, η2=0.02, inner_steps=1, epochs=5, batches/epoch=141
  [Client 13] Starting Hier-pFedMe | λ2=35.0, η2=0.02, inner_steps=1, epochs=5, batches/epoch=141


  [Client 18] Round 7 | Hier-pFedMe(λ2=35.0, K=1) | loss=0.2463  [Client 14] Round 7 | Hier-pFedMe(λ2=35.0, K=1) | loss=0.2145

  [Client 15] Starting Hier-pFedMe | λ2=35.0, η2=0.02, inner_steps=1, epochs=5, batches/epoch=141  [Client 17] Starting Hier-pFedMe | λ2=35.0, η2=0.02, inner_steps=1, epochs=5, batches/epoch=141

  [Client 13] Round 7 | Hier-pFedMe(λ2=35.0, K=1) | loss=0.2319
  [Client 10] Round 7 | Hier-pFedMe(λ2=35.0, K=1) | loss=0.2524  [Client 12] Starting Hier-pFedMe | λ2=35.0, η2=0.02, inner_steps=1, epochs=5, batches/epoch=141

  [Client 16] Starting Hier-pFedMe | λ2=35.0, η2=0.02, inner_steps=1, epochs=5, batches/epoch=141
  [Client 16] Round 7 | Hier-pFedMe(λ2=35.0, K=1) | loss=0.1809  [Client 17] Round 7 | Hier-pFedMe(λ2=35.0, K=1) | loss=0.1928

  [Client 15] Round 7 | Hier-pFedMe(λ2=35.0, K=1) | loss=0.2112  [Client 11] Starting Hier-pFedMe | λ2=35.0, η2=0.02, inner_steps=1, epochs=5, batches/epoch=141  [Client 19] Starting Hier-pFedMe | λ2=35.0, η2=0.02, inner_steps=1, epochs=5, batches/epoch=141


  [Client 12] Round 7 | Hier-pFedMe(λ2=35.0, K=1) | loss=0.1849
  [Client 19] Round 7 | Hier-pFedMe(λ2=35.0, K=1) | loss=0.1804
  [Client 11] Round 7 | Hier-pFedMe(λ2=35.0, K=1) | loss=0.2400
  [Edge 1] G7 | E1 | loss=0.2135
  [Edge 1] G7 | E2 | Hier-pFedMe | Selected 10/10
  [Client 19] Received edge weights. Set local model to edge weights.
[C19] Test set: samples=750, class_dist={0: 66, 13: 168, 23: 137, 51: 86, 68: 65, 70: 82, 81: 64, 89: 82}
  [Client 10] Received edge weights. Set local model to edge weights.
[C10] Test set: samples=750, class_dist={5: 74, 9: 72, 51: 87, 54: 76, 57: 149, 84: 72, 89: 78, 92: 60, 94: 82}
  [Client 11] Received edge weights. Set local model to edge weights.
[C11] Test set: samples=750, class_dist={10: 175, 12: 136, 16: 85, 17: 77, 37: 65, 40: 70, 82: 70, 87: 72}
  [Client 15] Received edge weights. Set local model to edge weights.
[C15] Test set: samples=750, class_dist={25: 79, 28: 75, 33: 65, 39: 81, 47: 75, 53: 72, 60: 73, 81: 75, 90: 77, 94: 78}
  [Client 18] Received edge weights. Set local model to edge weights.
[C18] Test set: samples=750, class_dist={0: 71, 5: 79, 8: 79, 16: 71, 25: 72, 76: 70, 84: 81, 86: 67, 92: 81, 96: 79}
  [Client 16] Received edge weights. Set local model to edge weights.
[C16] Test set: samples=750, class_dist={20: 75, 22: 88, 28: 62, 52: 153, 53: 84, 59: 67, 70: 71, 76: 65, 82: 85}
  [Client 14] Received edge weights. Set local model to edge weights.
[C14] Test set: samples=750, class_dist={22: 68, 33: 80, 40: 81, 49: 71, 56: 79, 62: 143, 83: 80, 85: 69, 87: 79}
  [Client 17] Received edge weights. Set local model to edge weights.
[C17] Test set: samples=750, class_dist={49: 73, 56: 69, 58: 67, 60: 82, 61: 143, 69: 96, 71: 151, 85: 69}
  [Client 13] Received edge weights. Set local model to edge weights.
[C13] Test set: samples=750, class_dist={8: 68, 9: 75, 20: 73, 37: 78, 39: 76, 48: 73, 59: 78, 68: 74, 86: 80, 90: 75}
  [Client 12] Received edge weights. Set local model to edge weights.
[C12] Test set: samples=750, class_dist={17: 72, 41: 154, 47: 72, 48: 78, 54: 85, 58: 68, 69: 83, 83: 72, 96: 66}
  [Client 19] Starting Hier-pFedMe | λ2=35.0, η2=0.02, inner_steps=1, epochs=5, batches/epoch=141  [Client 11] Starting Hier-pFedMe | λ2=35.0, η2=0.02, inner_steps=1, epochs=5, batches/epoch=141
  [Client 10] Starting Hier-pFedMe | λ2=35.0, η2=0.02, inner_steps=1, epochs=5, batches/epoch=141  [Client 15] Starting Hier-pFedMe | λ2=35.0, η2=0.02, inner_steps=1, epochs=5, batches/epoch=141


  [Client 15] Round 7 | Hier-pFedMe(λ2=35.0, K=1) | loss=0.1728
  [Client 11] Round 7 | Hier-pFedMe(λ2=35.0, K=1) | loss=0.1850  [Client 18] Starting Hier-pFedMe | λ2=35.0, η2=0.02, inner_steps=1, epochs=5, batches/epoch=141  [Client 19] Round 7 | Hier-pFedMe(λ2=35.0, K=1) | loss=0.1330


  [Client 10] Round 7 | Hier-pFedMe(λ2=35.0, K=1) | loss=0.2012  [Client 16] Starting Hier-pFedMe | λ2=35.0, η2=0.02, inner_steps=1, epochs=5, batches/epoch=141
  [Client 14] Starting Hier-pFedMe | λ2=35.0, η2=0.02, inner_steps=1, epochs=5, batches/epoch=141

  [Client 17] Starting Hier-pFedMe | λ2=35.0, η2=0.02, inner_steps=1, epochs=5, batches/epoch=141
  [Client 17] Round 7 | Hier-pFedMe(λ2=35.0, K=1) | loss=0.1502  [Client 18] Round 7 | Hier-pFedMe(λ2=35.0, K=1) | loss=0.1890
  [Client 16] Round 7 | Hier-pFedMe(λ2=35.0, K=1) | loss=0.1402
  [Client 14] Round 7 | Hier-pFedMe(λ2=35.0, K=1) | loss=0.1602
  [Client 13] Starting Hier-pFedMe | λ2=35.0, η2=0.02, inner_steps=1, epochs=5, batches/epoch=141  [Client 12] Starting Hier-pFedMe | λ2=35.0, η2=0.02, inner_steps=1, epochs=5, batches/epoch=141


  [Client 12] Round 7 | Hier-pFedMe(λ2=35.0, K=1) | loss=0.1369
  [Client 13] Round 7 | Hier-pFedMe(λ2=35.0, K=1) | loss=0.1704
  [Edge 1] G7 | E2 | loss=0.1639
  [Edge 1] G7 | E3 | Hier-pFedMe | Selected 10/10
  [Client 12] Received edge weights. Set local model to edge weights.
[C12] Test set: samples=750, class_dist={17: 72, 41: 154, 47: 72, 48: 78, 54: 85, 58: 68, 69: 83, 83: 72, 96: 66}
  [Client 11] Received edge weights. Set local model to edge weights.
[C11] Test set: samples=750, class_dist={10: 175, 12: 136, 16: 85, 17: 77, 37: 65, 40: 70, 82: 70, 87: 72}
  [Client 16] Received edge weights. Set local model to edge weights.
[C16] Test set: samples=750, class_dist={20: 75, 22: 88, 28: 62, 52: 153, 53: 84, 59: 67, 70: 71, 76: 65, 82: 85}
  [Client 13] Received edge weights. Set local model to edge weights.
[C13] Test set: samples=750, class_dist={8: 68, 9: 75, 20: 73, 37: 78, 39: 76, 48: 73, 59: 78, 68: 74, 86: 80, 90: 75}
  [Client 15] Received edge weights. Set local model to edge weights.
[C15] Test set: samples=750, class_dist={25: 79, 28: 75, 33: 65, 39: 81, 47: 75, 53: 72, 60: 73, 81: 75, 90: 77, 94: 78}
  [Client 19] Received edge weights. Set local model to edge weights.
[C19] Test set: samples=750, class_dist={0: 66, 13: 168, 23: 137, 51: 86, 68: 65, 70: 82, 81: 64, 89: 82}
  [Client 18] Received edge weights. Set local model to edge weights.
[C18] Test set: samples=750, class_dist={0: 71, 5: 79, 8: 79, 16: 71, 25: 72, 76: 70, 84: 81, 86: 67, 92: 81, 96: 79}
  [Client 17] Received edge weights. Set local model to edge weights.
[C17] Test set: samples=750, class_dist={49: 73, 56: 69, 58: 67, 60: 82, 61: 143, 69: 96, 71: 151, 85: 69}
  [Client 14] Received edge weights. Set local model to edge weights.
[C14] Test set: samples=750, class_dist={22: 68, 33: 80, 40: 81, 49: 71, 56: 79, 62: 143, 83: 80, 85: 69, 87: 79}
  [Client 10] Received edge weights. Set local model to edge weights.
[C10] Test set: samples=750, class_dist={5: 74, 9: 72, 51: 87, 54: 76, 57: 149, 84: 72, 89: 78, 92: 60, 94: 82}
  [Client 12] Starting Hier-pFedMe | λ2=35.0, η2=0.02, inner_steps=1, epochs=5, batches/epoch=141  [Client 16] Starting Hier-pFedMe | λ2=35.0, η2=0.02, inner_steps=1, epochs=5, batches/epoch=141  [Client 11] Starting Hier-pFedMe | λ2=35.0, η2=0.02, inner_steps=1, epochs=5, batches/epoch=141
  [Client 13] Starting Hier-pFedMe | λ2=35.0, η2=0.02, inner_steps=1, epochs=5, batches/epoch=141


  [Client 11] Round 7 | Hier-pFedMe(λ2=35.0, K=1) | loss=0.1653
  [Client 15] Starting Hier-pFedMe | λ2=35.0, η2=0.02, inner_steps=1, epochs=5, batches/epoch=141
  [Client 13] Round 7 | Hier-pFedMe(λ2=35.0, K=1) | loss=0.1519
  [Client 12] Round 7 | Hier-pFedMe(λ2=35.0, K=1) | loss=0.1311  [Client 19] Starting Hier-pFedMe | λ2=35.0, η2=0.02, inner_steps=1, epochs=5, batches/epoch=141

  [Client 18] Starting Hier-pFedMe | λ2=35.0, η2=0.02, inner_steps=1, epochs=5, batches/epoch=141
  [Client 16] Round 7 | Hier-pFedMe(λ2=35.0, K=1) | loss=0.1177
  [Client 17] Starting Hier-pFedMe | λ2=35.0, η2=0.02, inner_steps=1, epochs=5, batches/epoch=141
  [Client 15] Round 7 | Hier-pFedMe(λ2=35.0, K=1) | loss=0.1458
  [Client 14] Starting Hier-pFedMe | λ2=35.0, η2=0.02, inner_steps=1, epochs=5, batches/epoch=141
  [Client 19] Round 7 | Hier-pFedMe(λ2=35.0, K=1) | loss=0.1172
  [Client 10] Starting Hier-pFedMe | λ2=35.0, η2=0.02, inner_steps=1, epochs=5, batches/epoch=141
  [Client 17] Round 7 | Hier-pFedMe(λ2=35.0, K=1) | loss=0.1315
  [Client 18] Round 7 | Hier-pFedMe(λ2=35.0, K=1) | loss=0.1787
  [Client 14] Round 7 | Hier-pFedMe(λ2=35.0, K=1) | loss=0.1422
  [Client 10] Round 7 | Hier-pFedMe(λ2=35.0, K=1) | loss=0.1790
  [Edge 1] G7 | E3 | loss=0.1461
  [Edge 1] G7 | E4 | Hier-pFedMe | Selected 10/10
  [Client 19] Received edge weights. Set local model to edge weights.
[C19] Test set: samples=750, class_dist={0: 66, 13: 168, 23: 137, 51: 86, 68: 65, 70: 82, 81: 64, 89: 82}
  [Client 14] Received edge weights. Set local model to edge weights.
[C14] Test set: samples=750, class_dist={22: 68, 33: 80, 40: 81, 49: 71, 56: 79, 62: 143, 83: 80, 85: 69, 87: 79}
  [Client 13] Received edge weights. Set local model to edge weights.
[C13] Test set: samples=750, class_dist={8: 68, 9: 75, 20: 73, 37: 78, 39: 76, 48: 73, 59: 78, 68: 74, 86: 80, 90: 75}
  [Client 17] Received edge weights. Set local model to edge weights.
[C17] Test set: samples=750, class_dist={49: 73, 56: 69, 58: 67, 60: 82, 61: 143, 69: 96, 71: 151, 85: 69}
  [Client 12] Received edge weights. Set local model to edge weights.
[C12] Test set: samples=750, class_dist={17: 72, 41: 154, 47: 72, 48: 78, 54: 85, 58: 68, 69: 83, 83: 72, 96: 66}
  [Client 15] Received edge weights. Set local model to edge weights.
[C15] Test set: samples=750, class_dist={25: 79, 28: 75, 33: 65, 39: 81, 47: 75, 53: 72, 60: 73, 81: 75, 90: 77, 94: 78}
  [Client 11] Received edge weights. Set local model to edge weights.
[C11] Test set: samples=750, class_dist={10: 175, 12: 136, 16: 85, 17: 77, 37: 65, 40: 70, 82: 70, 87: 72}
  [Client 16] Received edge weights. Set local model to edge weights.
[C16] Test set: samples=750, class_dist={20: 75, 22: 88, 28: 62, 52: 153, 53: 84, 59: 67, 70: 71, 76: 65, 82: 85}
  [Client 18] Received edge weights. Set local model to edge weights.
[C18] Test set: samples=750, class_dist={0: 71, 5: 79, 8: 79, 16: 71, 25: 72, 76: 70, 84: 81, 86: 67, 92: 81, 96: 79}
  [Client 10] Received edge weights. Set local model to edge weights.
[C10] Test set: samples=750, class_dist={5: 74, 9: 72, 51: 87, 54: 76, 57: 149, 84: 72, 89: 78, 92: 60, 94: 82}
  [Client 19] Starting Hier-pFedMe | λ2=35.0, η2=0.02, inner_steps=1, epochs=5, batches/epoch=141
  [Client 14] Starting Hier-pFedMe | λ2=35.0, η2=0.02, inner_steps=1, epochs=5, batches/epoch=141  [Client 13] Starting Hier-pFedMe | λ2=35.0, η2=0.02, inner_steps=1, epochs=5, batches/epoch=141  [Client 17] Starting Hier-pFedMe | λ2=35.0, η2=0.02, inner_steps=1, epochs=5, batches/epoch=141


  [Client 13] Round 7 | Hier-pFedMe(λ2=35.0, K=1) | loss=0.1338
  [Client 12] Starting Hier-pFedMe | λ2=35.0, η2=0.02, inner_steps=1, epochs=5, batches/epoch=141
  [Client 17] Round 7 | Hier-pFedMe(λ2=35.0, K=1) | loss=0.1182
  [Client 14] Round 7 | Hier-pFedMe(λ2=35.0, K=1) | loss=0.1282  [Client 15] Starting Hier-pFedMe | λ2=35.0, η2=0.02, inner_steps=1, epochs=5, batches/epoch=141
  [Client 19] Round 7 | Hier-pFedMe(λ2=35.0, K=1) | loss=0.1044

  [Client 11] Starting Hier-pFedMe | λ2=35.0, η2=0.02, inner_steps=1, epochs=5, batches/epoch=141
  [Client 16] Starting Hier-pFedMe | λ2=35.0, η2=0.02, inner_steps=1, epochs=5, batches/epoch=141
  [Client 12] Round 7 | Hier-pFedMe(λ2=35.0, K=1) | loss=0.1106
  [Client 11] Round 7 | Hier-pFedMe(λ2=35.0, K=1) | loss=0.1504  [Client 18] Starting Hier-pFedMe | λ2=35.0, η2=0.02, inner_steps=1, epochs=5, batches/epoch=141

  [Client 10] Starting Hier-pFedMe | λ2=35.0, η2=0.02, inner_steps=1, epochs=5, batches/epoch=141
  [Client 15] Round 7 | Hier-pFedMe(λ2=35.0, K=1) | loss=0.1263  [Client 16] Round 7 | Hier-pFedMe(λ2=35.0, K=1) | loss=0.1092

  [Client 18] Round 7 | Hier-pFedMe(λ2=35.0, K=1) | loss=0.1515  [Client 10] Round 7 | Hier-pFedMe(λ2=35.0, K=1) | loss=0.1597

  [Edge 1] G7 | E4 | loss=0.1292
  [Edge 1] G7 | E5 | Hier-pFedMe | Selected 10/10
  [Client 15] Received edge weights. Set local model to edge weights.
[C15] Test set: samples=750, class_dist={25: 79, 28: 75, 33: 65, 39: 81, 47: 75, 53: 72, 60: 73, 81: 75, 90: 77, 94: 78}
  [Client 16] Received edge weights. Set local model to edge weights.
[C16] Test set: samples=750, class_dist={20: 75, 22: 88, 28: 62, 52: 153, 53: 84, 59: 67, 70: 71, 76: 65, 82: 85}
  [Client 11] Received edge weights. Set local model to edge weights.
[C11] Test set: samples=750, class_dist={10: 175, 12: 136, 16: 85, 17: 77, 37: 65, 40: 70, 82: 70, 87: 72}
  [Client 13] Received edge weights. Set local model to edge weights.
[C13] Test set: samples=750, class_dist={8: 68, 9: 75, 20: 73, 37: 78, 39: 76, 48: 73, 59: 78, 68: 74, 86: 80, 90: 75}
  [Client 10] Received edge weights. Set local model to edge weights.
[C10] Test set: samples=750, class_dist={5: 74, 9: 72, 51: 87, 54: 76, 57: 149, 84: 72, 89: 78, 92: 60, 94: 82}
  [Client 18] Received edge weights. Set local model to edge weights.
[C18] Test set: samples=750, class_dist={0: 71, 5: 79, 8: 79, 16: 71, 25: 72, 76: 70, 84: 81, 86: 67, 92: 81, 96: 79}
  [Client 17] Received edge weights. Set local model to edge weights.
[C17] Test set: samples=750, class_dist={49: 73, 56: 69, 58: 67, 60: 82, 61: 143, 69: 96, 71: 151, 85: 69}
  [Client 12] Received edge weights. Set local model to edge weights.
[C12] Test set: samples=750, class_dist={17: 72, 41: 154, 47: 72, 48: 78, 54: 85, 58: 68, 69: 83, 83: 72, 96: 66}
  [Client 19] Received edge weights. Set local model to edge weights.
[C19] Test set: samples=750, class_dist={0: 66, 13: 168, 23: 137, 51: 86, 68: 65, 70: 82, 81: 64, 89: 82}
  [Client 14] Received edge weights. Set local model to edge weights.
[C14] Test set: samples=750, class_dist={22: 68, 33: 80, 40: 81, 49: 71, 56: 79, 62: 143, 83: 80, 85: 69, 87: 79}
  [Client 15] Starting Hier-pFedMe | λ2=35.0, η2=0.02, inner_steps=1, epochs=5, batches/epoch=141
  [Client 16] Starting Hier-pFedMe | λ2=35.0, η2=0.02, inner_steps=1, epochs=5, batches/epoch=141  [Client 11] Starting Hier-pFedMe | λ2=35.0, η2=0.02, inner_steps=1, epochs=5, batches/epoch=141  [Client 13] Starting Hier-pFedMe | λ2=35.0, η2=0.02, inner_steps=1, epochs=5, batches/epoch=141


  [Client 11] Round 7 | Hier-pFedMe(λ2=35.0, K=1) | loss=0.1323
  [Client 10] Starting Hier-pFedMe | λ2=35.0, η2=0.02, inner_steps=1, epochs=5, batches/epoch=141
  [Client 15] Round 7 | Hier-pFedMe(λ2=35.0, K=1) | loss=0.1022
  [Client 18] Starting Hier-pFedMe | λ2=35.0, η2=0.02, inner_steps=1, epochs=5, batches/epoch=141
  [Client 13] Round 7 | Hier-pFedMe(λ2=35.0, K=1) | loss=0.1153  [Client 16] Round 7 | Hier-pFedMe(λ2=35.0, K=1) | loss=0.0922

  [Client 17] Starting Hier-pFedMe | λ2=35.0, η2=0.02, inner_steps=1, epochs=5, batches/epoch=141
  [Client 12] Starting Hier-pFedMe | λ2=35.0, η2=0.02, inner_steps=1, epochs=5, batches/epoch=141
  [Client 18] Round 7 | Hier-pFedMe(λ2=35.0, K=1) | loss=0.1430
  [Client 19] Starting Hier-pFedMe | λ2=35.0, η2=0.02, inner_steps=1, epochs=5, batches/epoch=141
  [Client 10] Round 7 | Hier-pFedMe(λ2=35.0, K=1) | loss=0.1449  [Client 12] Round 7 | Hier-pFedMe(λ2=35.0, K=1) | loss=0.1088

  [Client 14] Starting Hier-pFedMe | λ2=35.0, η2=0.02, inner_steps=1, epochs=5, batches/epoch=141
  [Client 17] Round 7 | Hier-pFedMe(λ2=35.0, K=1) | loss=0.1169
  [Client 19] Round 7 | Hier-pFedMe(λ2=35.0, K=1) | loss=0.0940
  [Client 14] Round 7 | Hier-pFedMe(λ2=35.0, K=1) | loss=0.1148
  [Edge 1] G7 | E5 | loss=0.1164
  [Cloud] Using Hier-pFedMe global aggregation (式 9).
[C0] n=750 | classes=[6, 18, 29, 30, 34, 43, 44, 55, 64, 66] | acc=0.4587 | per_class={6: '0.42', 18: '0.49', 29: '0.46', 30: '0.74', 34: '0.41', 43: '0.49', 44: '0.35', 55: '0.34', 64: '0.39', 66: '0.49'}
[C1] n=750 | classes=[1, 11, 26, 27, 29, 32, 73, 75, 99] | acc=0.6320 | per_class={1: '0.67', 11: '0.56', 26: '0.47', 27: '0.60', 29: '0.55', 32: '0.54', 73: '0.70', 75: '0.81', 99: '0.71'}
[C2] n=750 | classes=[35, 36, 38, 42, 50, 64, 72, 77, 97, 98] | acc=0.3933 | per_class={35: '0.31', 36: '0.52', 38: '0.41', 42: '0.43', 50: '0.25', 64: '0.30', 72: '0.54', 77: '0.42', 97: '0.51', 98: '0.27'}
[C3] n=750 | classes=[4, 6, 7, 14, 21, 35, 38, 65, 80] | acc=0.4973 | per_class={4: '0.38', 6: '0.43', 7: '0.74', 14: '0.43', 21: '0.66', 35: '0.63', 38: '0.44', 65: '0.35', 80: '0.25'}
[C4] n=750 | classes=[19, 31, 42, 43, 63, 66, 72, 79, 91, 98] | acc=0.5253 | per_class={19: '0.50', 31: '0.43', 42: '0.46', 43: '0.53', 63: '0.51', 66: '0.39', 72: '0.54', 79: '0.57', 91: '0.69', 98: '0.64'}
[C5] n=750 | classes=[4, 15, 19, 34, 45, 63, 74, 91, 93, 95] | acc=0.4987 | per_class={4: '0.39', 15: '0.51', 19: '0.37', 34: '0.55', 45: '0.57', 63: '0.46', 74: '0.40', 91: '0.61', 93: '0.49', 95: '0.74'}
[C6] n=750 | classes=[11, 18, 21, 32, 44, 46, 78, 88, 97] | acc=0.5013 | per_class={11: '0.40', 18: '0.55', 21: '0.70', 32: '0.58', 44: '0.39', 46: '0.26', 78: '0.57', 88: '0.52', 97: '0.47'}
[C7] n=750 | classes=[24, 31, 36, 45, 46, 50, 67, 73, 74, 80] | acc=0.5400 | per_class={24: '0.79', 31: '0.67', 36: '0.67', 45: '0.47', 46: '0.49', 50: '0.25', 67: '0.51', 73: '0.68', 74: '0.49', 80: '0.42'}
[C8] n=750 | classes=[1, 14, 24, 26, 30, 65, 75, 88, 93, 95] | acc=0.5800 | per_class={1: '0.67', 14: '0.61', 24: '0.86', 26: '0.44', 30: '0.59', 65: '0.47', 75: '0.66', 88: '0.57', 93: '0.33', 95: '0.60'}
[C9] n=750 | classes=[2, 3, 15, 27, 55, 67, 77, 79] | acc=0.5733 | per_class={2: '0.72', 3: '0.70', 15: '0.41', 27: '0.61', 55: '0.28', 67: '0.66', 77: '0.36', 79: '0.51'}
[C10] n=750 | classes=[5, 9, 51, 54, 57, 84, 89, 92, 94] | acc=0.6293 | per_class={5: '0.58', 9: '0.51', 51: '0.72', 54: '0.50', 57: '0.72', 84: '0.40', 89: '0.73', 92: '0.58', 94: '0.77'}
[C11] n=750 | classes=[10, 12, 16, 17, 37, 40, 82, 87] | acc=0.6253 | per_class={10: '0.77', 12: '0.69', 16: '0.39', 17: '0.66', 37: '0.37', 40: '0.54', 82: '0.90', 87: '0.43'}
[C12] n=750 | classes=[17, 41, 47, 48, 54, 58, 69, 83, 96] | acc=0.7413 | per_class={17: '0.82', 41: '0.79', 47: '0.72', 48: '0.69', 54: '0.71', 58: '0.72', 69: '0.78', 83: '0.78', 96: '0.59'}
[C13] n=750 | classes=[8, 9, 20, 37, 39, 48, 59, 68, 86, 90] | acc=0.6333 | per_class={8: '0.53', 9: '0.63', 20: '0.79', 37: '0.49', 39: '0.64', 48: '0.58', 59: '0.76', 68: '0.91', 86: '0.55', 90: '0.47'}
[C14] n=750 | classes=[22, 33, 40, 49, 56, 62, 83, 85, 87] | acc=0.7053 | per_class={22: '0.51', 33: '0.72', 40: '0.51', 49: '0.89', 56: '0.86', 62: '0.90', 83: '0.54', 85: '0.78', 87: '0.48'}
[C15] n=750 | classes=[25, 28, 33, 39, 47, 53, 60, 81, 90, 94] | acc=0.6680 | per_class={25: '0.43', 28: '0.65', 33: '0.68', 39: '0.67', 47: '0.80', 53: '0.92', 60: '0.92', 81: '0.44', 90: '0.53', 94: '0.68'}
[C16] n=750 | classes=[20, 22, 28, 52, 53, 59, 70, 76, 82] | acc=0.7907 | per_class={20: '0.81', 22: '0.67', 28: '0.69', 52: '0.89', 53: '0.92', 59: '0.45', 70: '0.75', 76: '0.94', 82: '0.86'}
[C17] n=750 | classes=[49, 56, 58, 60, 61, 69, 71, 85] | acc=0.7653 | per_class={49: '0.67', 56: '0.78', 58: '0.63', 60: '0.73', 61: '0.92', 69: '0.69', 71: '0.83', 85: '0.68'}
[C18] n=750 | classes=[0, 5, 8, 16, 25, 76, 84, 86, 92, 96] | acc=0.6307 | per_class={0: '0.80', 5: '0.49', 8: '0.66', 16: '0.46', 25: '0.43', 76: '0.87', 84: '0.46', 86: '0.55', 92: '0.72', 96: '0.86'}
[C19] n=750 | classes=[0, 13, 23, 51, 68, 70, 81, 89] | acc=0.7027 | per_class={0: '0.86', 13: '0.63', 23: '0.82', 51: '0.74', 68: '0.83', 70: '0.72', 81: '0.39', 89: '0.61'}
  [Cloud] GM=0.1717 | EM=0.2707 PM=0.6046 | loss=4.4180 | time=117.2s | comm=719.6MB (total=5037MB)

[Round   8] Broadcasting to 2 edges...
  [Edge 0] W_n reset to global weights for new round.
  [Edge 1] W_n reset to global weights for new round.
  [Edge 0] G8 | E1 | Hier-pFedMe | Selected 10/10
  [Client  4] Received edge weights. Set local model to edge weights.
[C4] Test set: samples=750, class_dist={19: 72, 31: 69, 42: 76, 43: 75, 63: 80, 66: 80, 72: 74, 79: 81, 91: 77, 98: 66}
  [Client  1] Received edge weights. Set local model to edge weights.
[C1] Test set: samples=750, class_dist={1: 75, 11: 80, 26: 83, 27: 68, 29: 75, 32: 70, 73: 71, 75: 79, 99: 149}
  [Client  9] Received edge weights. Set local model to edge weights.
[C9] Test set: samples=750, class_dist={2: 167, 3: 151, 15: 78, 27: 67, 55: 68, 67: 71, 77: 66, 79: 82}
  [Client  7] Received edge weights. Set local model to edge weights.
[C7] Test set: samples=750, class_dist={24: 68, 31: 72, 36: 73, 45: 74, 46: 76, 50: 79, 67: 92, 73: 75, 74: 61, 80: 80}
  [Client  8] Received edge weights. Set local model to edge weights.
[C8] Test set: samples=750, class_dist={1: 60, 14: 77, 24: 79, 26: 71, 30: 76, 65: 78, 75: 62, 88: 91, 93: 73, 95: 83}
  [Client  6] Received edge weights. Set local model to edge weights.
[C6] Test set: samples=750, class_dist={11: 70, 18: 85, 21: 73, 32: 89, 44: 80, 46: 73, 78: 127, 88: 85, 97: 68}
  [Client  0] Received edge weights. Set local model to edge weights.
[C0] Test set: samples=750, class_dist={6: 83, 18: 67, 29: 71, 30: 73, 34: 78, 43: 77, 44: 71, 55: 71, 64: 82, 66: 77}
  [Client  3] Received edge weights. Set local model to edge weights.
[C3] Test set: samples=750, class_dist={4: 80, 6: 65, 7: 146, 14: 82, 21: 76, 35: 63, 38: 70, 65: 89, 80: 79}
  [Client  2] Received edge weights. Set local model to edge weights.
[C2] Test set: samples=750, class_dist={35: 80, 36: 63, 38: 79, 42: 77, 50: 77, 64: 79, 72: 80, 77: 72, 97: 72, 98: 71}
  [Client  5] Received edge weights. Set local model to edge weights.
[C5] Test set: samples=750, class_dist={4: 76, 15: 79, 19: 73, 34: 66, 45: 81, 63: 90, 74: 77, 91: 69, 93: 86, 95: 53}
  [Client  4] Starting Hier-pFedMe | λ2=35.0, η2=0.02, inner_steps=1, epochs=5, batches/epoch=141  [Client  1] Starting Hier-pFedMe | λ2=35.0, η2=0.02, inner_steps=1, epochs=5, batches/epoch=141  [Client  9] Starting Hier-pFedMe | λ2=35.0, η2=0.02, inner_steps=1, epochs=5, batches/epoch=141
  [Client  7] Starting Hier-pFedMe | λ2=35.0, η2=0.02, inner_steps=1, epochs=5, batches/epoch=141


  [Client  1] Round 8 | Hier-pFedMe(λ2=35.0, K=1) | loss=0.1984
  [Client  8] Starting Hier-pFedMe | λ2=35.0, η2=0.02, inner_steps=1, epochs=5, batches/epoch=141
  [Client  7] Round 8 | Hier-pFedMe(λ2=35.0, K=1) | loss=0.2262  [Client  4] Round 8 | Hier-pFedMe(λ2=35.0, K=1) | loss=0.2198

  [Client  6] Starting Hier-pFedMe | λ2=35.0, η2=0.02, inner_steps=1, epochs=5, batches/epoch=141  [Client  0] Starting Hier-pFedMe | λ2=35.0, η2=0.02, inner_steps=1, epochs=5, batches/epoch=141
  [Client  9] Round 8 | Hier-pFedMe(λ2=35.0, K=1) | loss=0.1994

  [Client  3] Starting Hier-pFedMe | λ2=35.0, η2=0.02, inner_steps=1, epochs=5, batches/epoch=141
  [Client  8] Round 8 | Hier-pFedMe(λ2=35.0, K=1) | loss=0.1909
  [Client  2] Starting Hier-pFedMe | λ2=35.0, η2=0.02, inner_steps=1, epochs=5, batches/epoch=141
  [Client  6] Round 8 | Hier-pFedMe(λ2=35.0, K=1) | loss=0.2369
  [Client  5] Starting Hier-pFedMe | λ2=35.0, η2=0.02, inner_steps=1, epochs=5, batches/epoch=141
  [Client  0] Round 8 | Hier-pFedMe(λ2=35.0, K=1) | loss=0.2346
  [Client  3] Round 8 | Hier-pFedMe(λ2=35.0, K=1) | loss=0.2316
  [Client  2] Round 8 | Hier-pFedMe(λ2=35.0, K=1) | loss=0.2459
  [Client  5] Round 8 | Hier-pFedMe(λ2=35.0, K=1) | loss=0.2218
  [Edge 0] G8 | E1 | loss=0.2206
  [Edge 0] G8 | E2 | Hier-pFedMe | Selected 10/10
  [Client  8] Received edge weights. Set local model to edge weights.
[C8] Test set: samples=750, class_dist={1: 60, 14: 77, 24: 79, 26: 71, 30: 76, 65: 78, 75: 62, 88: 91, 93: 73, 95: 83}
  [Client  9] Received edge weights. Set local model to edge weights.
[C9] Test set: samples=750, class_dist={2: 167, 3: 151, 15: 78, 27: 67, 55: 68, 67: 71, 77: 66, 79: 82}
  [Client  3] Received edge weights. Set local model to edge weights.
[C3] Test set: samples=750, class_dist={4: 80, 6: 65, 7: 146, 14: 82, 21: 76, 35: 63, 38: 70, 65: 89, 80: 79}
  [Client  7] Received edge weights. Set local model to edge weights.
[C7] Test set: samples=750, class_dist={24: 68, 31: 72, 36: 73, 45: 74, 46: 76, 50: 79, 67: 92, 73: 75, 74: 61, 80: 80}
  [Client  5] Received edge weights. Set local model to edge weights.
[C5] Test set: samples=750, class_dist={4: 76, 15: 79, 19: 73, 34: 66, 45: 81, 63: 90, 74: 77, 91: 69, 93: 86, 95: 53}
  [Client  0] Received edge weights. Set local model to edge weights.
[C0] Test set: samples=750, class_dist={6: 83, 18: 67, 29: 71, 30: 73, 34: 78, 43: 77, 44: 71, 55: 71, 64: 82, 66: 77}
  [Client  4] Received edge weights. Set local model to edge weights.
[C4] Test set: samples=750, class_dist={19: 72, 31: 69, 42: 76, 43: 75, 63: 80, 66: 80, 72: 74, 79: 81, 91: 77, 98: 66}
  [Client  2] Received edge weights. Set local model to edge weights.
[C2] Test set: samples=750, class_dist={35: 80, 36: 63, 38: 79, 42: 77, 50: 77, 64: 79, 72: 80, 77: 72, 97: 72, 98: 71}
  [Client  1] Received edge weights. Set local model to edge weights.
[C1] Test set: samples=750, class_dist={1: 75, 11: 80, 26: 83, 27: 68, 29: 75, 32: 70, 73: 71, 75: 79, 99: 149}
  [Client  6] Received edge weights. Set local model to edge weights.
[C6] Test set: samples=750, class_dist={11: 70, 18: 85, 21: 73, 32: 89, 44: 80, 46: 73, 78: 127, 88: 85, 97: 68}
  [Client  8] Starting Hier-pFedMe | λ2=35.0, η2=0.02, inner_steps=1, epochs=5, batches/epoch=141
  [Client  9] Starting Hier-pFedMe | λ2=35.0, η2=0.02, inner_steps=1, epochs=5, batches/epoch=141  [Client  7] Starting Hier-pFedMe | λ2=35.0, η2=0.02, inner_steps=1, epochs=5, batches/epoch=141  [Client  3] Starting Hier-pFedMe | λ2=35.0, η2=0.02, inner_steps=1, epochs=5, batches/epoch=141


  [Client  3] Round 8 | Hier-pFedMe(λ2=35.0, K=1) | loss=0.1845
  [Client  5] Starting Hier-pFedMe | λ2=35.0, η2=0.02, inner_steps=1, epochs=5, batches/epoch=141
  [Client  9] Round 8 | Hier-pFedMe(λ2=35.0, K=1) | loss=0.1632
  [Client  0] Starting Hier-pFedMe | λ2=35.0, η2=0.02, inner_steps=1, epochs=5, batches/epoch=141
  [Client  7] Round 8 | Hier-pFedMe(λ2=35.0, K=1) | loss=0.1874
  [Client  8] Round 8 | Hier-pFedMe(λ2=35.0, K=1) | loss=0.1583
  [Client  4] Starting Hier-pFedMe | λ2=35.0, η2=0.02, inner_steps=1, epochs=5, batches/epoch=141  [Client  2] Starting Hier-pFedMe | λ2=35.0, η2=0.02, inner_steps=1, epochs=5, batches/epoch=141

  [Client  5] Round 8 | Hier-pFedMe(λ2=35.0, K=1) | loss=0.1823
  [Client  1] Starting Hier-pFedMe | λ2=35.0, η2=0.02, inner_steps=1, epochs=5, batches/epoch=141
  [Client  4] Round 8 | Hier-pFedMe(λ2=35.0, K=1) | loss=0.1927  [Client  0] Round 8 | Hier-pFedMe(λ2=35.0, K=1) | loss=0.1952

  [Client  6] Starting Hier-pFedMe | λ2=35.0, η2=0.02, inner_steps=1, epochs=5, batches/epoch=141
  [Client  2] Round 8 | Hier-pFedMe(λ2=35.0, K=1) | loss=0.2098
  [Client  1] Round 8 | Hier-pFedMe(λ2=35.0, K=1) | loss=0.1464
  [Client  6] Round 8 | Hier-pFedMe(λ2=35.0, K=1) | loss=0.1983
  [Edge 0] G8 | E2 | loss=0.1818
  [Edge 0] G8 | E3 | Hier-pFedMe | Selected 10/10
  [Client  8] Received edge weights. Set local model to edge weights.
[C8] Test set: samples=750, class_dist={1: 60, 14: 77, 24: 79, 26: 71, 30: 76, 65: 78, 75: 62, 88: 91, 93: 73, 95: 83}
  [Client  4] Received edge weights. Set local model to edge weights.
[C4] Test set: samples=750, class_dist={19: 72, 31: 69, 42: 76, 43: 75, 63: 80, 66: 80, 72: 74, 79: 81, 91: 77, 98: 66}
  [Client  0] Received edge weights. Set local model to edge weights.
[C0] Test set: samples=750, class_dist={6: 83, 18: 67, 29: 71, 30: 73, 34: 78, 43: 77, 44: 71, 55: 71, 64: 82, 66: 77}
  [Client  1] Received edge weights. Set local model to edge weights.
[C1] Test set: samples=750, class_dist={1: 75, 11: 80, 26: 83, 27: 68, 29: 75, 32: 70, 73: 71, 75: 79, 99: 149}
  [Client  5] Received edge weights. Set local model to edge weights.
[C5] Test set: samples=750, class_dist={4: 76, 15: 79, 19: 73, 34: 66, 45: 81, 63: 90, 74: 77, 91: 69, 93: 86, 95: 53}
  [Client  2] Received edge weights. Set local model to edge weights.
[C2] Test set: samples=750, class_dist={35: 80, 36: 63, 38: 79, 42: 77, 50: 77, 64: 79, 72: 80, 77: 72, 97: 72, 98: 71}
  [Client  6] Received edge weights. Set local model to edge weights.
[C6] Test set: samples=750, class_dist={11: 70, 18: 85, 21: 73, 32: 89, 44: 80, 46: 73, 78: 127, 88: 85, 97: 68}
  [Client  3] Received edge weights. Set local model to edge weights.
[C3] Test set: samples=750, class_dist={4: 80, 6: 65, 7: 146, 14: 82, 21: 76, 35: 63, 38: 70, 65: 89, 80: 79}
  [Client  9] Received edge weights. Set local model to edge weights.
[C9] Test set: samples=750, class_dist={2: 167, 3: 151, 15: 78, 27: 67, 55: 68, 67: 71, 77: 66, 79: 82}
  [Client  7] Received edge weights. Set local model to edge weights.
[C7] Test set: samples=750, class_dist={24: 68, 31: 72, 36: 73, 45: 74, 46: 76, 50: 79, 67: 92, 73: 75, 74: 61, 80: 80}
  [Client  4] Starting Hier-pFedMe | λ2=35.0, η2=0.02, inner_steps=1, epochs=5, batches/epoch=141  [Client  8] Starting Hier-pFedMe | λ2=35.0, η2=0.02, inner_steps=1, epochs=5, batches/epoch=141  [Client  0] Starting Hier-pFedMe | λ2=35.0, η2=0.02, inner_steps=1, epochs=5, batches/epoch=141  [Client  1] Starting Hier-pFedMe | λ2=35.0, η2=0.02, inner_steps=1, epochs=5, batches/epoch=141



  [Client  8] Round 8 | Hier-pFedMe(λ2=35.0, K=1) | loss=0.1400
  [Client  5] Starting Hier-pFedMe | λ2=35.0, η2=0.02, inner_steps=1, epochs=5, batches/epoch=141
  [Client  0] Round 8 | Hier-pFedMe(λ2=35.0, K=1) | loss=0.1621  [Client  1] Round 8 | Hier-pFedMe(λ2=35.0, K=1) | loss=0.1475

  [Client  2] Starting Hier-pFedMe | λ2=35.0, η2=0.02, inner_steps=1, epochs=5, batches/epoch=141  [Client  6] Starting Hier-pFedMe | λ2=35.0, η2=0.02, inner_steps=1, epochs=5, batches/epoch=141  [Client  4] Round 8 | Hier-pFedMe(λ2=35.0, K=1) | loss=0.1571


  [Client  3] Starting Hier-pFedMe | λ2=35.0, η2=0.02, inner_steps=1, epochs=5, batches/epoch=141
  [Client  5] Round 8 | Hier-pFedMe(λ2=35.0, K=1) | loss=0.1589
  [Client  9] Starting Hier-pFedMe | λ2=35.0, η2=0.02, inner_steps=1, epochs=5, batches/epoch=141  [Client  3] Round 8 | Hier-pFedMe(λ2=35.0, K=1) | loss=0.1672

  [Client  7] Starting Hier-pFedMe | λ2=35.0, η2=0.02, inner_steps=1, epochs=5, batches/epoch=141
  [Client  2] Round 8 | Hier-pFedMe(λ2=35.0, K=1) | loss=0.1806
  [Client  6] Round 8 | Hier-pFedMe(λ2=35.0, K=1) | loss=0.1638
  [Client  9] Round 8 | Hier-pFedMe(λ2=35.0, K=1) | loss=0.1450
  [Client  7] Round 8 | Hier-pFedMe(λ2=35.0, K=1) | loss=0.1566
  [Edge 0] G8 | E3 | loss=0.1579
  [Edge 0] G8 | E4 | Hier-pFedMe | Selected 10/10
  [Client  6] Received edge weights. Set local model to edge weights.
[C6] Test set: samples=750, class_dist={11: 70, 18: 85, 21: 73, 32: 89, 44: 80, 46: 73, 78: 127, 88: 85, 97: 68}
  [Client  8] Received edge weights. Set local model to edge weights.
[C8] Test set: samples=750, class_dist={1: 60, 14: 77, 24: 79, 26: 71, 30: 76, 65: 78, 75: 62, 88: 91, 93: 73, 95: 83}
  [Client  2] Received edge weights. Set local model to edge weights.
[C2] Test set: samples=750, class_dist={35: 80, 36: 63, 38: 79, 42: 77, 50: 77, 64: 79, 72: 80, 77: 72, 97: 72, 98: 71}
  [Client  1] Received edge weights. Set local model to edge weights.
[C1] Test set: samples=750, class_dist={1: 75, 11: 80, 26: 83, 27: 68, 29: 75, 32: 70, 73: 71, 75: 79, 99: 149}
  [Client  9] Received edge weights. Set local model to edge weights.
[C9] Test set: samples=750, class_dist={2: 167, 3: 151, 15: 78, 27: 67, 55: 68, 67: 71, 77: 66, 79: 82}
  [Client  3] Received edge weights. Set local model to edge weights.
[C3] Test set: samples=750, class_dist={4: 80, 6: 65, 7: 146, 14: 82, 21: 76, 35: 63, 38: 70, 65: 89, 80: 79}
  [Client  0] Received edge weights. Set local model to edge weights.
[C0] Test set: samples=750, class_dist={6: 83, 18: 67, 29: 71, 30: 73, 34: 78, 43: 77, 44: 71, 55: 71, 64: 82, 66: 77}
  [Client  4] Received edge weights. Set local model to edge weights.
[C4] Test set: samples=750, class_dist={19: 72, 31: 69, 42: 76, 43: 75, 63: 80, 66: 80, 72: 74, 79: 81, 91: 77, 98: 66}
  [Client  5] Received edge weights. Set local model to edge weights.
[C5] Test set: samples=750, class_dist={4: 76, 15: 79, 19: 73, 34: 66, 45: 81, 63: 90, 74: 77, 91: 69, 93: 86, 95: 53}
  [Client  7] Received edge weights. Set local model to edge weights.
[C7] Test set: samples=750, class_dist={24: 68, 31: 72, 36: 73, 45: 74, 46: 76, 50: 79, 67: 92, 73: 75, 74: 61, 80: 80}
  [Client  6] Starting Hier-pFedMe | λ2=35.0, η2=0.02, inner_steps=1, epochs=5, batches/epoch=141  [Client  8] Starting Hier-pFedMe | λ2=35.0, η2=0.02, inner_steps=1, epochs=5, batches/epoch=141
  [Client  2] Starting Hier-pFedMe | λ2=35.0, η2=0.02, inner_steps=1, epochs=5, batches/epoch=141  [Client  1] Starting Hier-pFedMe | λ2=35.0, η2=0.02, inner_steps=1, epochs=5, batches/epoch=141


  [Client  2] Round 8 | Hier-pFedMe(λ2=35.0, K=1) | loss=0.1560
  [Client  8] Round 8 | Hier-pFedMe(λ2=35.0, K=1) | loss=0.1192  [Client  9] Starting Hier-pFedMe | λ2=35.0, η2=0.02, inner_steps=1, epochs=5, batches/epoch=141  [Client  1] Round 8 | Hier-pFedMe(λ2=35.0, K=1) | loss=0.1310

  [Client  6] Round 8 | Hier-pFedMe(λ2=35.0, K=1) | loss=0.1408
  [Client  3] Starting Hier-pFedMe | λ2=35.0, η2=0.02, inner_steps=1, epochs=5, batches/epoch=141
  [Client  0] Starting Hier-pFedMe | λ2=35.0, η2=0.02, inner_steps=1, epochs=5, batches/epoch=141

  [Client  4] Starting Hier-pFedMe | λ2=35.0, η2=0.02, inner_steps=1, epochs=5, batches/epoch=141
  [Client  3] Round 8 | Hier-pFedMe(λ2=35.0, K=1) | loss=0.1523  [Client  4] Round 8 | Hier-pFedMe(λ2=35.0, K=1) | loss=0.1365
  [Client  0] Round 8 | Hier-pFedMe(λ2=35.0, K=1) | loss=0.1463
  [Client  5] Starting Hier-pFedMe | λ2=35.0, η2=0.02, inner_steps=1, epochs=5, batches/epoch=141

  [Client  7] Starting Hier-pFedMe | λ2=35.0, η2=0.02, inner_steps=1, epochs=5, batches/epoch=141
  [Client  9] Round 8 | Hier-pFedMe(λ2=35.0, K=1) | loss=0.1296
  [Client  5] Round 8 | Hier-pFedMe(λ2=35.0, K=1) | loss=0.1296
  [Client  7] Round 8 | Hier-pFedMe(λ2=35.0, K=1) | loss=0.1525
  [Edge 0] G8 | E4 | loss=0.1394
  [Edge 0] G8 | E5 | Hier-pFedMe | Selected 10/10
  [Client  6] Received edge weights. Set local model to edge weights.
[C6] Test set: samples=750, class_dist={11: 70, 18: 85, 21: 73, 32: 89, 44: 80, 46: 73, 78: 127, 88: 85, 97: 68}
  [Client  2] Received edge weights. Set local model to edge weights.
[C2] Test set: samples=750, class_dist={35: 80, 36: 63, 38: 79, 42: 77, 50: 77, 64: 79, 72: 80, 77: 72, 97: 72, 98: 71}
  [Client  0] Received edge weights. Set local model to edge weights.
[C0] Test set: samples=750, class_dist={6: 83, 18: 67, 29: 71, 30: 73, 34: 78, 43: 77, 44: 71, 55: 71, 64: 82, 66: 77}
  [Client  3] Received edge weights. Set local model to edge weights.
[C3] Test set: samples=750, class_dist={4: 80, 6: 65, 7: 146, 14: 82, 21: 76, 35: 63, 38: 70, 65: 89, 80: 79}
  [Client  8] Received edge weights. Set local model to edge weights.
[C8] Test set: samples=750, class_dist={1: 60, 14: 77, 24: 79, 26: 71, 30: 76, 65: 78, 75: 62, 88: 91, 93: 73, 95: 83}
  [Client  7] Received edge weights. Set local model to edge weights.
[C7] Test set: samples=750, class_dist={24: 68, 31: 72, 36: 73, 45: 74, 46: 76, 50: 79, 67: 92, 73: 75, 74: 61, 80: 80}
  [Client  4] Received edge weights. Set local model to edge weights.
[C4] Test set: samples=750, class_dist={19: 72, 31: 69, 42: 76, 43: 75, 63: 80, 66: 80, 72: 74, 79: 81, 91: 77, 98: 66}
  [Client  1] Received edge weights. Set local model to edge weights.
[C1] Test set: samples=750, class_dist={1: 75, 11: 80, 26: 83, 27: 68, 29: 75, 32: 70, 73: 71, 75: 79, 99: 149}
  [Client  5] Received edge weights. Set local model to edge weights.
[C5] Test set: samples=750, class_dist={4: 76, 15: 79, 19: 73, 34: 66, 45: 81, 63: 90, 74: 77, 91: 69, 93: 86, 95: 53}
  [Client  9] Received edge weights. Set local model to edge weights.
[C9] Test set: samples=750, class_dist={2: 167, 3: 151, 15: 78, 27: 67, 55: 68, 67: 71, 77: 66, 79: 82}
  [Client  6] Starting Hier-pFedMe | λ2=35.0, η2=0.02, inner_steps=1, epochs=5, batches/epoch=141
  [Client  2] Starting Hier-pFedMe | λ2=35.0, η2=0.02, inner_steps=1, epochs=5, batches/epoch=141  [Client  0] Starting Hier-pFedMe | λ2=35.0, η2=0.02, inner_steps=1, epochs=5, batches/epoch=141  [Client  3] Starting Hier-pFedMe | λ2=35.0, η2=0.02, inner_steps=1, epochs=5, batches/epoch=141


  [Client  6] Round 8 | Hier-pFedMe(λ2=35.0, K=1) | loss=0.1309
  [Client  8] Starting Hier-pFedMe | λ2=35.0, η2=0.02, inner_steps=1, epochs=5, batches/epoch=141
  [Client  3] Round 8 | Hier-pFedMe(λ2=35.0, K=1) | loss=0.1317
  [Client  7] Starting Hier-pFedMe | λ2=35.0, η2=0.02, inner_steps=1, epochs=5, batches/epoch=141
  [Client  0] Round 8 | Hier-pFedMe(λ2=35.0, K=1) | loss=0.1332
  [Client  2] Round 8 | Hier-pFedMe(λ2=35.0, K=1) | loss=0.1400  [Client  4] Starting Hier-pFedMe | λ2=35.0, η2=0.02, inner_steps=1, epochs=5, batches/epoch=141

  [Client  1] Starting Hier-pFedMe | λ2=35.0, η2=0.02, inner_steps=1, epochs=5, batches/epoch=141
  [Client  8] Round 8 | Hier-pFedMe(λ2=35.0, K=1) | loss=0.1202
  [Client  5] Starting Hier-pFedMe | λ2=35.0, η2=0.02, inner_steps=1, epochs=5, batches/epoch=141
  [Client  7] Round 8 | Hier-pFedMe(λ2=35.0, K=1) | loss=0.1290
  [Client  9] Starting Hier-pFedMe | λ2=35.0, η2=0.02, inner_steps=1, epochs=5, batches/epoch=141
  [Client  4] Round 8 | Hier-pFedMe(λ2=35.0, K=1) | loss=0.1270  [Client  1] Round 8 | Hier-pFedMe(λ2=35.0, K=1) | loss=0.1154

  [Client  5] Round 8 | Hier-pFedMe(λ2=35.0, K=1) | loss=0.1436
  [Client  9] Round 8 | Hier-pFedMe(λ2=35.0, K=1) | loss=0.1136
  [Edge 0] G8 | E5 | loss=0.1285
  [Edge 1] G8 | E1 | Hier-pFedMe | Selected 10/10
  [Client 15] Received edge weights. Set local model to edge weights.
[C15] Test set: samples=750, class_dist={25: 79, 28: 75, 33: 65, 39: 81, 47: 75, 53: 72, 60: 73, 81: 75, 90: 77, 94: 78}
  [Client 17] Received edge weights. Set local model to edge weights.
[C17] Test set: samples=750, class_dist={49: 73, 56: 69, 58: 67, 60: 82, 61: 143, 69: 96, 71: 151, 85: 69}
  [Client 19] Received edge weights. Set local model to edge weights.
[C19] Test set: samples=750, class_dist={0: 66, 13: 168, 23: 137, 51: 86, 68: 65, 70: 82, 81: 64, 89: 82}
  [Client 11] Received edge weights. Set local model to edge weights.
[C11] Test set: samples=750, class_dist={10: 175, 12: 136, 16: 85, 17: 77, 37: 65, 40: 70, 82: 70, 87: 72}
  [Client 14] Received edge weights. Set local model to edge weights.
[C14] Test set: samples=750, class_dist={22: 68, 33: 80, 40: 81, 49: 71, 56: 79, 62: 143, 83: 80, 85: 69, 87: 79}
  [Client 12] Received edge weights. Set local model to edge weights.
[C12] Test set: samples=750, class_dist={17: 72, 41: 154, 47: 72, 48: 78, 54: 85, 58: 68, 69: 83, 83: 72, 96: 66}
  [Client 16] Received edge weights. Set local model to edge weights.
[C16] Test set: samples=750, class_dist={20: 75, 22: 88, 28: 62, 52: 153, 53: 84, 59: 67, 70: 71, 76: 65, 82: 85}
  [Client 10] Received edge weights. Set local model to edge weights.
[C10] Test set: samples=750, class_dist={5: 74, 9: 72, 51: 87, 54: 76, 57: 149, 84: 72, 89: 78, 92: 60, 94: 82}
  [Client 13] Received edge weights. Set local model to edge weights.
[C13] Test set: samples=750, class_dist={8: 68, 9: 75, 20: 73, 37: 78, 39: 76, 48: 73, 59: 78, 68: 74, 86: 80, 90: 75}
  [Client 18] Received edge weights. Set local model to edge weights.
[C18] Test set: samples=750, class_dist={0: 71, 5: 79, 8: 79, 16: 71, 25: 72, 76: 70, 84: 81, 86: 67, 92: 81, 96: 79}
  [Client 15] Starting Hier-pFedMe | λ2=35.0, η2=0.02, inner_steps=1, epochs=5, batches/epoch=141
  [Client 17] Starting Hier-pFedMe | λ2=35.0, η2=0.02, inner_steps=1, epochs=5, batches/epoch=141  [Client 19] Starting Hier-pFedMe | λ2=35.0, η2=0.02, inner_steps=1, epochs=5, batches/epoch=141  [Client 11] Starting Hier-pFedMe | λ2=35.0, η2=0.02, inner_steps=1, epochs=5, batches/epoch=141


  [Client 15] Round 8 | Hier-pFedMe(λ2=35.0, K=1) | loss=0.1881
  [Client 14] Starting Hier-pFedMe | λ2=35.0, η2=0.02, inner_steps=1, epochs=5, batches/epoch=141
  [Client 17] Round 8 | Hier-pFedMe(λ2=35.0, K=1) | loss=0.1638  [Client 19] Round 8 | Hier-pFedMe(λ2=35.0, K=1) | loss=0.1438
  [Client 11] Round 8 | Hier-pFedMe(λ2=35.0, K=1) | loss=0.2038

  [Client 12] Starting Hier-pFedMe | λ2=35.0, η2=0.02, inner_steps=1, epochs=5, batches/epoch=141  [Client 16] Starting Hier-pFedMe | λ2=35.0, η2=0.02, inner_steps=1, epochs=5, batches/epoch=141
  [Client 10] Starting Hier-pFedMe | λ2=35.0, η2=0.02, inner_steps=1, epochs=5, batches/epoch=141

  [Client 14] Round 8 | Hier-pFedMe(λ2=35.0, K=1) | loss=0.1764
  [Client 13] Starting Hier-pFedMe | λ2=35.0, η2=0.02, inner_steps=1, epochs=5, batches/epoch=141
  [Client 16] Round 8 | Hier-pFedMe(λ2=35.0, K=1) | loss=0.1519
  [Client 18] Starting Hier-pFedMe | λ2=35.0, η2=0.02, inner_steps=1, epochs=5, batches/epoch=141
  [Client 10] Round 8 | Hier-pFedMe(λ2=35.0, K=1) | loss=0.2045
  [Client 12] Round 8 | Hier-pFedMe(λ2=35.0, K=1) | loss=0.1621
  [Client 13] Round 8 | Hier-pFedMe(λ2=35.0, K=1) | loss=0.1896
  [Client 18] Round 8 | Hier-pFedMe(λ2=35.0, K=1) | loss=0.2028
  [Edge 1] G8 | E1 | loss=0.1787
  [Edge 1] G8 | E2 | Hier-pFedMe | Selected 10/10
  [Client 15] Received edge weights. Set local model to edge weights.
[C15] Test set: samples=750, class_dist={25: 79, 28: 75, 33: 65, 39: 81, 47: 75, 53: 72, 60: 73, 81: 75, 90: 77, 94: 78}
  [Client 13] Received edge weights. Set local model to edge weights.
[C13] Test set: samples=750, class_dist={8: 68, 9: 75, 20: 73, 37: 78, 39: 76, 48: 73, 59: 78, 68: 74, 86: 80, 90: 75}
  [Client 14] Received edge weights. Set local model to edge weights.
[C14] Test set: samples=750, class_dist={22: 68, 33: 80, 40: 81, 49: 71, 56: 79, 62: 143, 83: 80, 85: 69, 87: 79}
  [Client 12] Received edge weights. Set local model to edge weights.
[C12] Test set: samples=750, class_dist={17: 72, 41: 154, 47: 72, 48: 78, 54: 85, 58: 68, 69: 83, 83: 72, 96: 66}
  [Client 18] Received edge weights. Set local model to edge weights.
[C18] Test set: samples=750, class_dist={0: 71, 5: 79, 8: 79, 16: 71, 25: 72, 76: 70, 84: 81, 86: 67, 92: 81, 96: 79}
  [Client 19] Received edge weights. Set local model to edge weights.
[C19] Test set: samples=750, class_dist={0: 66, 13: 168, 23: 137, 51: 86, 68: 65, 70: 82, 81: 64, 89: 82}
  [Client 10] Received edge weights. Set local model to edge weights.
[C10] Test set: samples=750, class_dist={5: 74, 9: 72, 51: 87, 54: 76, 57: 149, 84: 72, 89: 78, 92: 60, 94: 82}
  [Client 17] Received edge weights. Set local model to edge weights.
[C17] Test set: samples=750, class_dist={49: 73, 56: 69, 58: 67, 60: 82, 61: 143, 69: 96, 71: 151, 85: 69}
  [Client 16] Received edge weights. Set local model to edge weights.
[C16] Test set: samples=750, class_dist={20: 75, 22: 88, 28: 62, 52: 153, 53: 84, 59: 67, 70: 71, 76: 65, 82: 85}
  [Client 11] Received edge weights. Set local model to edge weights.
[C11] Test set: samples=750, class_dist={10: 175, 12: 136, 16: 85, 17: 77, 37: 65, 40: 70, 82: 70, 87: 72}
  [Client 15] Starting Hier-pFedMe | λ2=35.0, η2=0.02, inner_steps=1, epochs=5, batches/epoch=141  [Client 13] Starting Hier-pFedMe | λ2=35.0, η2=0.02, inner_steps=1, epochs=5, batches/epoch=141  [Client 14] Starting Hier-pFedMe | λ2=35.0, η2=0.02, inner_steps=1, epochs=5, batches/epoch=141
  [Client 12] Starting Hier-pFedMe | λ2=35.0, η2=0.02, inner_steps=1, epochs=5, batches/epoch=141


  [Client 15] Round 8 | Hier-pFedMe(λ2=35.0, K=1) | loss=0.1301
  [Client 18] Starting Hier-pFedMe | λ2=35.0, η2=0.02, inner_steps=1, epochs=5, batches/epoch=141
  [Client 14] Round 8 | Hier-pFedMe(λ2=35.0, K=1) | loss=0.1263
  [Client 19] Starting Hier-pFedMe | λ2=35.0, η2=0.02, inner_steps=1, epochs=5, batches/epoch=141
  [Client 12] Round 8 | Hier-pFedMe(λ2=35.0, K=1) | loss=0.1170
  [Client 13] Round 8 | Hier-pFedMe(λ2=35.0, K=1) | loss=0.1370
  [Client 10] Starting Hier-pFedMe | λ2=35.0, η2=0.02, inner_steps=1, epochs=5, batches/epoch=141  [Client 17] Starting Hier-pFedMe | λ2=35.0, η2=0.02, inner_steps=1, epochs=5, batches/epoch=141

  [Client 19] Round 8 | Hier-pFedMe(λ2=35.0, K=1) | loss=0.1106  [Client 18] Round 8 | Hier-pFedMe(λ2=35.0, K=1) | loss=0.1672

  [Client 16] Starting Hier-pFedMe | λ2=35.0, η2=0.02, inner_steps=1, epochs=5, batches/epoch=141
  [Client 10] Round 8 | Hier-pFedMe(λ2=35.0, K=1) | loss=0.1734  [Client 11] Starting Hier-pFedMe | λ2=35.0, η2=0.02, inner_steps=1, epochs=5, batches/epoch=141  [Client 17] Round 8 | Hier-pFedMe(λ2=35.0, K=1) | loss=0.1210


  [Client 16] Round 8 | Hier-pFedMe(λ2=35.0, K=1) | loss=0.1191
  [Client 11] Round 8 | Hier-pFedMe(λ2=35.0, K=1) | loss=0.1546
  [Edge 1] G8 | E2 | loss=0.1356
  [Edge 1] G8 | E3 | Hier-pFedMe | Selected 10/10
  [Client 16] Received edge weights. Set local model to edge weights.
[C16] Test set: samples=750, class_dist={20: 75, 22: 88, 28: 62, 52: 153, 53: 84, 59: 67, 70: 71, 76: 65, 82: 85}
  [Client 11] Received edge weights. Set local model to edge weights.
[C11] Test set: samples=750, class_dist={10: 175, 12: 136, 16: 85, 17: 77, 37: 65, 40: 70, 82: 70, 87: 72}
  [Client 10] Received edge weights. Set local model to edge weights.
[C10] Test set: samples=750, class_dist={5: 74, 9: 72, 51: 87, 54: 76, 57: 149, 84: 72, 89: 78, 92: 60, 94: 82}
  [Client 13] Received edge weights. Set local model to edge weights.
[C13] Test set: samples=750, class_dist={8: 68, 9: 75, 20: 73, 37: 78, 39: 76, 48: 73, 59: 78, 68: 74, 86: 80, 90: 75}
  [Client 18] Received edge weights. Set local model to edge weights.
[C18] Test set: samples=750, class_dist={0: 71, 5: 79, 8: 79, 16: 71, 25: 72, 76: 70, 84: 81, 86: 67, 92: 81, 96: 79}
  [Client 12] Received edge weights. Set local model to edge weights.
[C12] Test set: samples=750, class_dist={17: 72, 41: 154, 47: 72, 48: 78, 54: 85, 58: 68, 69: 83, 83: 72, 96: 66}
  [Client 14] Received edge weights. Set local model to edge weights.
[C14] Test set: samples=750, class_dist={22: 68, 33: 80, 40: 81, 49: 71, 56: 79, 62: 143, 83: 80, 85: 69, 87: 79}
  [Client 17] Received edge weights. Set local model to edge weights.
[C17] Test set: samples=750, class_dist={49: 73, 56: 69, 58: 67, 60: 82, 61: 143, 69: 96, 71: 151, 85: 69}
  [Client 19] Received edge weights. Set local model to edge weights.
[C19] Test set: samples=750, class_dist={0: 66, 13: 168, 23: 137, 51: 86, 68: 65, 70: 82, 81: 64, 89: 82}
  [Client 15] Received edge weights. Set local model to edge weights.
[C15] Test set: samples=750, class_dist={25: 79, 28: 75, 33: 65, 39: 81, 47: 75, 53: 72, 60: 73, 81: 75, 90: 77, 94: 78}
  [Client 16] Starting Hier-pFedMe | λ2=35.0, η2=0.02, inner_steps=1, epochs=5, batches/epoch=141  [Client 11] Starting Hier-pFedMe | λ2=35.0, η2=0.02, inner_steps=1, epochs=5, batches/epoch=141
  [Client 13] Starting Hier-pFedMe | λ2=35.0, η2=0.02, inner_steps=1, epochs=5, batches/epoch=141
  [Client 10] Starting Hier-pFedMe | λ2=35.0, η2=0.02, inner_steps=1, epochs=5, batches/epoch=141

  [Client 10] Round 8 | Hier-pFedMe(λ2=35.0, K=1) | loss=0.1452  [Client 11] Round 8 | Hier-pFedMe(λ2=35.0, K=1) | loss=0.1436  [Client 16] Round 8 | Hier-pFedMe(λ2=35.0, K=1) | loss=0.1029


  [Client 13] Round 8 | Hier-pFedMe(λ2=35.0, K=1) | loss=0.1201  [Client 18] Starting Hier-pFedMe | λ2=35.0, η2=0.02, inner_steps=1, epochs=5, batches/epoch=141
  [Client 12] Starting Hier-pFedMe | λ2=35.0, η2=0.02, inner_steps=1, epochs=5, batches/epoch=141
  [Client 14] Starting Hier-pFedMe | λ2=35.0, η2=0.02, inner_steps=1, epochs=5, batches/epoch=141

  [Client 17] Starting Hier-pFedMe | λ2=35.0, η2=0.02, inner_steps=1, epochs=5, batches/epoch=141
  [Client 12] Round 8 | Hier-pFedMe(λ2=35.0, K=1) | loss=0.1069
  [Client 17] Round 8 | Hier-pFedMe(λ2=35.0, K=1) | loss=0.0942  [Client 19] Starting Hier-pFedMe | λ2=35.0, η2=0.02, inner_steps=1, epochs=5, batches/epoch=141

  [Client 15] Starting Hier-pFedMe | λ2=35.0, η2=0.02, inner_steps=1, epochs=5, batches/epoch=141
  [Client 14] Round 8 | Hier-pFedMe(λ2=35.0, K=1) | loss=0.1285
  [Client 18] Round 8 | Hier-pFedMe(λ2=35.0, K=1) | loss=0.1442
  [Client 15] Round 8 | Hier-pFedMe(λ2=35.0, K=1) | loss=0.1191
  [Client 19] Round 8 | Hier-pFedMe(λ2=35.0, K=1) | loss=0.0910
  [Edge 1] G8 | E3 | loss=0.1196
  [Edge 1] G8 | E4 | Hier-pFedMe | Selected 10/10
  [Client 19] Received edge weights. Set local model to edge weights.
[C19] Test set: samples=750, class_dist={0: 66, 13: 168, 23: 137, 51: 86, 68: 65, 70: 82, 81: 64, 89: 82}
  [Client 18] Received edge weights. Set local model to edge weights.
[C18] Test set: samples=750, class_dist={0: 71, 5: 79, 8: 79, 16: 71, 25: 72, 76: 70, 84: 81, 86: 67, 92: 81, 96: 79}
  [Client 11] Received edge weights. Set local model to edge weights.
[C11] Test set: samples=750, class_dist={10: 175, 12: 136, 16: 85, 17: 77, 37: 65, 40: 70, 82: 70, 87: 72}
  [Client 14] Received edge weights. Set local model to edge weights.
[C14] Test set: samples=750, class_dist={22: 68, 33: 80, 40: 81, 49: 71, 56: 79, 62: 143, 83: 80, 85: 69, 87: 79}
  [Client 10] Received edge weights. Set local model to edge weights.
[C10] Test set: samples=750, class_dist={5: 74, 9: 72, 51: 87, 54: 76, 57: 149, 84: 72, 89: 78, 92: 60, 94: 82}
  [Client 13] Received edge weights. Set local model to edge weights.
[C13] Test set: samples=750, class_dist={8: 68, 9: 75, 20: 73, 37: 78, 39: 76, 48: 73, 59: 78, 68: 74, 86: 80, 90: 75}
  [Client 17] Received edge weights. Set local model to edge weights.
[C17] Test set: samples=750, class_dist={49: 73, 56: 69, 58: 67, 60: 82, 61: 143, 69: 96, 71: 151, 85: 69}
  [Client 15] Received edge weights. Set local model to edge weights.
[C15] Test set: samples=750, class_dist={25: 79, 28: 75, 33: 65, 39: 81, 47: 75, 53: 72, 60: 73, 81: 75, 90: 77, 94: 78}
  [Client 16] Received edge weights. Set local model to edge weights.
[C16] Test set: samples=750, class_dist={20: 75, 22: 88, 28: 62, 52: 153, 53: 84, 59: 67, 70: 71, 76: 65, 82: 85}
  [Client 12] Received edge weights. Set local model to edge weights.
[C12] Test set: samples=750, class_dist={17: 72, 41: 154, 47: 72, 48: 78, 54: 85, 58: 68, 69: 83, 83: 72, 96: 66}
  [Client 19] Starting Hier-pFedMe | λ2=35.0, η2=0.02, inner_steps=1, epochs=5, batches/epoch=141  [Client 18] Starting Hier-pFedMe | λ2=35.0, η2=0.02, inner_steps=1, epochs=5, batches/epoch=141  [Client 14] Starting Hier-pFedMe | λ2=35.0, η2=0.02, inner_steps=1, epochs=5, batches/epoch=141
  [Client 11] Starting Hier-pFedMe | λ2=35.0, η2=0.02, inner_steps=1, epochs=5, batches/epoch=141


  [Client 18] Round 8 | Hier-pFedMe(λ2=35.0, K=1) | loss=0.1253
  [Client 10] Starting Hier-pFedMe | λ2=35.0, η2=0.02, inner_steps=1, epochs=5, batches/epoch=141
  [Client 14] Round 8 | Hier-pFedMe(λ2=35.0, K=1) | loss=0.1049
  [Client 19] Round 8 | Hier-pFedMe(λ2=35.0, K=1) | loss=0.0732  [Client 13] Starting Hier-pFedMe | λ2=35.0, η2=0.02, inner_steps=1, epochs=5, batches/epoch=141

  [Client 11] Round 8 | Hier-pFedMe(λ2=35.0, K=1) | loss=0.1206
  [Client 17] Starting Hier-pFedMe | λ2=35.0, η2=0.02, inner_steps=1, epochs=5, batches/epoch=141  [Client 15] Starting Hier-pFedMe | λ2=35.0, η2=0.02, inner_steps=1, epochs=5, batches/epoch=141

  [Client 15] Round 8 | Hier-pFedMe(λ2=35.0, K=1) | loss=0.0998
  [Client 16] Starting Hier-pFedMe | λ2=35.0, η2=0.02, inner_steps=1, epochs=5, batches/epoch=141  [Client 10] Round 8 | Hier-pFedMe(λ2=35.0, K=1) | loss=0.1227

  [Client 12] Starting Hier-pFedMe | λ2=35.0, η2=0.02, inner_steps=1, epochs=5, batches/epoch=141
  [Client 13] Round 8 | Hier-pFedMe(λ2=35.0, K=1) | loss=0.1070
  [Client 17] Round 8 | Hier-pFedMe(λ2=35.0, K=1) | loss=0.0986
  [Client 16] Round 8 | Hier-pFedMe(λ2=35.0, K=1) | loss=0.0866
  [Client 12] Round 8 | Hier-pFedMe(λ2=35.0, K=1) | loss=0.0876
  [Edge 1] G8 | E4 | loss=0.1026
  [Edge 1] G8 | E5 | Hier-pFedMe | Selected 10/10
  [Client 17] Received edge weights. Set local model to edge weights.
[C17] Test set: samples=750, class_dist={49: 73, 56: 69, 58: 67, 60: 82, 61: 143, 69: 96, 71: 151, 85: 69}
  [Client 13] Received edge weights. Set local model to edge weights.
[C13] Test set: samples=750, class_dist={8: 68, 9: 75, 20: 73, 37: 78, 39: 76, 48: 73, 59: 78, 68: 74, 86: 80, 90: 75}
  [Client 14] Received edge weights. Set local model to edge weights.
[C14] Test set: samples=750, class_dist={22: 68, 33: 80, 40: 81, 49: 71, 56: 79, 62: 143, 83: 80, 85: 69, 87: 79}
  [Client 19] Received edge weights. Set local model to edge weights.
[C19] Test set: samples=750, class_dist={0: 66, 13: 168, 23: 137, 51: 86, 68: 65, 70: 82, 81: 64, 89: 82}
  [Client 16] Received edge weights. Set local model to edge weights.
[C16] Test set: samples=750, class_dist={20: 75, 22: 88, 28: 62, 52: 153, 53: 84, 59: 67, 70: 71, 76: 65, 82: 85}
  [Client 10] Received edge weights. Set local model to edge weights.
[C10] Test set: samples=750, class_dist={5: 74, 9: 72, 51: 87, 54: 76, 57: 149, 84: 72, 89: 78, 92: 60, 94: 82}
  [Client 12] Received edge weights. Set local model to edge weights.
[C12] Test set: samples=750, class_dist={17: 72, 41: 154, 47: 72, 48: 78, 54: 85, 58: 68, 69: 83, 83: 72, 96: 66}
  [Client 11] Received edge weights. Set local model to edge weights.
[C11] Test set: samples=750, class_dist={10: 175, 12: 136, 16: 85, 17: 77, 37: 65, 40: 70, 82: 70, 87: 72}
  [Client 18] Received edge weights. Set local model to edge weights.
[C18] Test set: samples=750, class_dist={0: 71, 5: 79, 8: 79, 16: 71, 25: 72, 76: 70, 84: 81, 86: 67, 92: 81, 96: 79}
  [Client 15] Received edge weights. Set local model to edge weights.
[C15] Test set: samples=750, class_dist={25: 79, 28: 75, 33: 65, 39: 81, 47: 75, 53: 72, 60: 73, 81: 75, 90: 77, 94: 78}
  [Client 13] Starting Hier-pFedMe | λ2=35.0, η2=0.02, inner_steps=1, epochs=5, batches/epoch=141  [Client 17] Starting Hier-pFedMe | λ2=35.0, η2=0.02, inner_steps=1, epochs=5, batches/epoch=141  [Client 14] Starting Hier-pFedMe | λ2=35.0, η2=0.02, inner_steps=1, epochs=5, batches/epoch=141  [Client 19] Starting Hier-pFedMe | λ2=35.0, η2=0.02, inner_steps=1, epochs=5, batches/epoch=141



  [Client 14] Round 8 | Hier-pFedMe(λ2=35.0, K=1) | loss=0.0869
  [Client 19] Round 8 | Hier-pFedMe(λ2=35.0, K=1) | loss=0.0664
  [Client 13] Round 8 | Hier-pFedMe(λ2=35.0, K=1) | loss=0.0971  [Client 16] Starting Hier-pFedMe | λ2=35.0, η2=0.02, inner_steps=1, epochs=5, batches/epoch=141  [Client 10] Starting Hier-pFedMe | λ2=35.0, η2=0.02, inner_steps=1, epochs=5, batches/epoch=141  [Client 17] Round 8 | Hier-pFedMe(λ2=35.0, K=1) | loss=0.0862



  [Client 12] Starting Hier-pFedMe | λ2=35.0, η2=0.02, inner_steps=1, epochs=5, batches/epoch=141  [Client 11] Starting Hier-pFedMe | λ2=35.0, η2=0.02, inner_steps=1, epochs=5, batches/epoch=141

  [Client 10] Round 8 | Hier-pFedMe(λ2=35.0, K=1) | loss=0.0973  [Client 16] Round 8 | Hier-pFedMe(λ2=35.0, K=1) | loss=0.0778
  [Client 12] Round 8 | Hier-pFedMe(λ2=35.0, K=1) | loss=0.0749
  [Client 18] Starting Hier-pFedMe | λ2=35.0, η2=0.02, inner_steps=1, epochs=5, batches/epoch=141
  [Client 15] Starting Hier-pFedMe | λ2=35.0, η2=0.02, inner_steps=1, epochs=5, batches/epoch=141
  [Client 11] Round 8 | Hier-pFedMe(λ2=35.0, K=1) | loss=0.1047

  [Client 18] Round 8 | Hier-pFedMe(λ2=35.0, K=1) | loss=0.1136  [Client 15] Round 8 | Hier-pFedMe(λ2=35.0, K=1) | loss=0.0873

  [Edge 1] G8 | E5 | loss=0.0892
  [Cloud] Using Hier-pFedMe global aggregation (式 9).
[C0] n=750 | classes=[6, 18, 29, 30, 34, 43, 44, 55, 64, 66] | acc=0.4627 | per_class={6: '0.45', 18: '0.48', 29: '0.49', 30: '0.74', 34: '0.44', 43: '0.53', 44: '0.27', 55: '0.30', 64: '0.38', 66: '0.56'}
[C1] n=750 | classes=[1, 11, 26, 27, 29, 32, 73, 75, 99] | acc=0.6213 | per_class={1: '0.68', 11: '0.61', 26: '0.45', 27: '0.57', 29: '0.59', 32: '0.54', 73: '0.66', 75: '0.76', 99: '0.68'}
[C2] n=750 | classes=[35, 36, 38, 42, 50, 64, 72, 77, 97, 98] | acc=0.3947 | per_class={35: '0.36', 36: '0.52', 38: '0.37', 42: '0.43', 50: '0.26', 64: '0.27', 72: '0.51', 77: '0.43', 97: '0.50', 98: '0.32'}
[C3] n=750 | classes=[4, 6, 7, 14, 21, 35, 38, 65, 80] | acc=0.4747 | per_class={4: '0.33', 6: '0.40', 7: '0.69', 14: '0.37', 21: '0.66', 35: '0.68', 38: '0.46', 65: '0.36', 80: '0.20'}
[C4] n=750 | classes=[19, 31, 42, 43, 63, 66, 72, 79, 91, 98] | acc=0.5320 | per_class={19: '0.51', 31: '0.42', 42: '0.54', 43: '0.55', 63: '0.41', 66: '0.38', 72: '0.55', 79: '0.60', 91: '0.69', 98: '0.68'}
[C5] n=750 | classes=[4, 15, 19, 34, 45, 63, 74, 91, 93, 95] | acc=0.4867 | per_class={4: '0.39', 15: '0.49', 19: '0.34', 34: '0.45', 45: '0.54', 63: '0.41', 74: '0.44', 91: '0.61', 93: '0.51', 95: '0.75'}
[C6] n=750 | classes=[11, 18, 21, 32, 44, 46, 78, 88, 97] | acc=0.4973 | per_class={11: '0.43', 18: '0.48', 21: '0.73', 32: '0.60', 44: '0.41', 46: '0.26', 78: '0.56', 88: '0.48', 97: '0.47'}
[C7] n=750 | classes=[24, 31, 36, 45, 46, 50, 67, 73, 74, 80] | acc=0.5187 | per_class={24: '0.82', 31: '0.60', 36: '0.67', 45: '0.50', 46: '0.42', 50: '0.24', 67: '0.47', 73: '0.69', 74: '0.41', 80: '0.41'}
[C8] n=750 | classes=[1, 14, 24, 26, 30, 65, 75, 88, 93, 95] | acc=0.5547 | per_class={1: '0.62', 14: '0.56', 24: '0.77', 26: '0.48', 30: '0.50', 65: '0.49', 75: '0.66', 88: '0.59', 93: '0.30', 95: '0.58'}
[C9] n=750 | classes=[2, 3, 15, 27, 55, 67, 77, 79] | acc=0.5667 | per_class={2: '0.70', 3: '0.65', 15: '0.42', 27: '0.61', 55: '0.26', 67: '0.68', 77: '0.36', 79: '0.56'}
[C10] n=750 | classes=[5, 9, 51, 54, 57, 84, 89, 92, 94] | acc=0.6107 | per_class={5: '0.53', 9: '0.54', 51: '0.64', 54: '0.54', 57: '0.70', 84: '0.36', 89: '0.74', 92: '0.60', 94: '0.72'}
[C11] n=750 | classes=[10, 12, 16, 17, 37, 40, 82, 87] | acc=0.6293 | per_class={10: '0.74', 12: '0.70', 16: '0.44', 17: '0.66', 37: '0.43', 40: '0.57', 82: '0.90', 87: '0.40'}
[C12] n=750 | classes=[17, 41, 47, 48, 54, 58, 69, 83, 96] | acc=0.7453 | per_class={17: '0.82', 41: '0.79', 47: '0.65', 48: '0.67', 54: '0.76', 58: '0.74', 69: '0.80', 83: '0.78', 96: '0.65'}
[C13] n=750 | classes=[8, 9, 20, 37, 39, 48, 59, 68, 86, 90] | acc=0.6280 | per_class={8: '0.56', 9: '0.67', 20: '0.78', 37: '0.49', 39: '0.64', 48: '0.59', 59: '0.72', 68: '0.91', 86: '0.50', 90: '0.44'}
[C14] n=750 | classes=[22, 33, 40, 49, 56, 62, 83, 85, 87] | acc=0.7227 | per_class={22: '0.57', 33: '0.74', 40: '0.57', 49: '0.90', 56: '0.89', 62: '0.88', 83: '0.57', 85: '0.75', 87: '0.51'}
[C15] n=750 | classes=[25, 28, 33, 39, 47, 53, 60, 81, 90, 94] | acc=0.6827 | per_class={25: '0.41', 28: '0.73', 33: '0.65', 39: '0.68', 47: '0.80', 53: '0.89', 60: '0.92', 81: '0.52', 90: '0.55', 94: '0.72'}
[C16] n=750 | classes=[20, 22, 28, 52, 53, 59, 70, 76, 82] | acc=0.7747 | per_class={20: '0.81', 22: '0.67', 28: '0.69', 52: '0.84', 53: '0.89', 59: '0.46', 70: '0.75', 76: '0.88', 82: '0.87'}
[C17] n=750 | classes=[49, 56, 58, 60, 61, 69, 71, 85] | acc=0.7560 | per_class={49: '0.66', 56: '0.83', 58: '0.64', 60: '0.73', 61: '0.92', 69: '0.69', 71: '0.75', 85: '0.68'}
[C18] n=750 | classes=[0, 5, 8, 16, 25, 76, 84, 86, 92, 96] | acc=0.6267 | per_class={0: '0.76', 5: '0.47', 8: '0.68', 16: '0.44', 25: '0.46', 76: '0.87', 84: '0.44', 86: '0.58', 92: '0.70', 96: '0.86'}
[C19] n=750 | classes=[0, 13, 23, 51, 68, 70, 81, 89] | acc=0.7040 | per_class={0: '0.85', 13: '0.62', 23: '0.85', 51: '0.73', 68: '0.85', 70: '0.71', 81: '0.38', 89: '0.61'}
  [Cloud] GM=0.1751 | EM=0.2701 PM=0.5995 | loss=4.5503 | time=117.8s | comm=719.6MB (total=5757MB)

[Round   9] Broadcasting to 2 edges...
  [Edge 0] W_n reset to global weights for new round.
  [Edge 1] W_n reset to global weights for new round.
  [Edge 0] G9 | E1 | Hier-pFedMe | Selected 10/10
  [Client  9] Received edge weights. Set local model to edge weights.
[C9] Test set: samples=750, class_dist={2: 167, 3: 151, 15: 78, 27: 67, 55: 68, 67: 71, 77: 66, 79: 82}
  [Client  8] Received edge weights. Set local model to edge weights.
[C8] Test set: samples=750, class_dist={1: 60, 14: 77, 24: 79, 26: 71, 30: 76, 65: 78, 75: 62, 88: 91, 93: 73, 95: 83}
  [Client  2] Received edge weights. Set local model to edge weights.
[C2] Test set: samples=750, class_dist={35: 80, 36: 63, 38: 79, 42: 77, 50: 77, 64: 79, 72: 80, 77: 72, 97: 72, 98: 71}
  [Client  5] Received edge weights. Set local model to edge weights.
[C5] Test set: samples=750, class_dist={4: 76, 15: 79, 19: 73, 34: 66, 45: 81, 63: 90, 74: 77, 91: 69, 93: 86, 95: 53}
  [Client  1] Received edge weights. Set local model to edge weights.
[C1] Test set: samples=750, class_dist={1: 75, 11: 80, 26: 83, 27: 68, 29: 75, 32: 70, 73: 71, 75: 79, 99: 149}
  [Client  3] Received edge weights. Set local model to edge weights.
[C3] Test set: samples=750, class_dist={4: 80, 6: 65, 7: 146, 14: 82, 21: 76, 35: 63, 38: 70, 65: 89, 80: 79}
  [Client  0] Received edge weights. Set local model to edge weights.
[C0] Test set: samples=750, class_dist={6: 83, 18: 67, 29: 71, 30: 73, 34: 78, 43: 77, 44: 71, 55: 71, 64: 82, 66: 77}
  [Client  6] Received edge weights. Set local model to edge weights.
[C6] Test set: samples=750, class_dist={11: 70, 18: 85, 21: 73, 32: 89, 44: 80, 46: 73, 78: 127, 88: 85, 97: 68}
  [Client  7] Received edge weights. Set local model to edge weights.
[C7] Test set: samples=750, class_dist={24: 68, 31: 72, 36: 73, 45: 74, 46: 76, 50: 79, 67: 92, 73: 75, 74: 61, 80: 80}
  [Client  4] Received edge weights. Set local model to edge weights.
[C4] Test set: samples=750, class_dist={19: 72, 31: 69, 42: 76, 43: 75, 63: 80, 66: 80, 72: 74, 79: 81, 91: 77, 98: 66}
  [Client  9] Starting Hier-pFedMe | λ2=35.0, η2=0.02, inner_steps=1, epochs=5, batches/epoch=141  [Client  8] Starting Hier-pFedMe | λ2=35.0, η2=0.02, inner_steps=1, epochs=5, batches/epoch=141  [Client  2] Starting Hier-pFedMe | λ2=35.0, η2=0.02, inner_steps=1, epochs=5, batches/epoch=141  [Client  5] Starting Hier-pFedMe | λ2=35.0, η2=0.02, inner_steps=1, epochs=5, batches/epoch=141



  [Client  8] Round 9 | Hier-pFedMe(λ2=35.0, K=1) | loss=0.1522
  [Client  1] Starting Hier-pFedMe | λ2=35.0, η2=0.02, inner_steps=1, epochs=5, batches/epoch=141
  [Client  9] Round 9 | Hier-pFedMe(λ2=35.0, K=1) | loss=0.1662
  [Client  3] Starting Hier-pFedMe | λ2=35.0, η2=0.02, inner_steps=1, epochs=5, batches/epoch=141
  [Client  2] Round 9 | Hier-pFedMe(λ2=35.0, K=1) | loss=0.2086  [Client  5] Round 9 | Hier-pFedMe(λ2=35.0, K=1) | loss=0.1940

  [Client  0] Starting Hier-pFedMe | λ2=35.0, η2=0.02, inner_steps=1, epochs=5, batches/epoch=141  [Client  6] Starting Hier-pFedMe | λ2=35.0, η2=0.02, inner_steps=1, epochs=5, batches/epoch=141

  [Client  0] Round 9 | Hier-pFedMe(λ2=35.0, K=1) | loss=0.1917
  [Client  1] Round 9 | Hier-pFedMe(λ2=35.0, K=1) | loss=0.1674
  [Client  7] Starting Hier-pFedMe | λ2=35.0, η2=0.02, inner_steps=1, epochs=5, batches/epoch=141  [Client  4] Starting Hier-pFedMe | λ2=35.0, η2=0.02, inner_steps=1, epochs=5, batches/epoch=141

  [Client  6] Round 9 | Hier-pFedMe(λ2=35.0, K=1) | loss=0.1967
  [Client  3] Round 9 | Hier-pFedMe(λ2=35.0, K=1) | loss=0.1939
  [Client  4] Round 9 | Hier-pFedMe(λ2=35.0, K=1) | loss=0.1870
  [Client  7] Round 9 | Hier-pFedMe(λ2=35.0, K=1) | loss=0.1879
  [Edge 0] G9 | E1 | loss=0.1846
  [Edge 0] G9 | E2 | Hier-pFedMe | Selected 10/10
  [Client  7] Received edge weights. Set local model to edge weights.
[C7] Test set: samples=750, class_dist={24: 68, 31: 72, 36: 73, 45: 74, 46: 76, 50: 79, 67: 92, 73: 75, 74: 61, 80: 80}
  [Client  6] Received edge weights. Set local model to edge weights.
[C6] Test set: samples=750, class_dist={11: 70, 18: 85, 21: 73, 32: 89, 44: 80, 46: 73, 78: 127, 88: 85, 97: 68}
  [Client  9] Received edge weights. Set local model to edge weights.
[C9] Test set: samples=750, class_dist={2: 167, 3: 151, 15: 78, 27: 67, 55: 68, 67: 71, 77: 66, 79: 82}
  [Client  4] Received edge weights. Set local model to edge weights.
[C4] Test set: samples=750, class_dist={19: 72, 31: 69, 42: 76, 43: 75, 63: 80, 66: 80, 72: 74, 79: 81, 91: 77, 98: 66}
  [Client  8] Received edge weights. Set local model to edge weights.
[C8] Test set: samples=750, class_dist={1: 60, 14: 77, 24: 79, 26: 71, 30: 76, 65: 78, 75: 62, 88: 91, 93: 73, 95: 83}
  [Client  1] Received edge weights. Set local model to edge weights.
[C1] Test set: samples=750, class_dist={1: 75, 11: 80, 26: 83, 27: 68, 29: 75, 32: 70, 73: 71, 75: 79, 99: 149}
  [Client  0] Received edge weights. Set local model to edge weights.
[C0] Test set: samples=750, class_dist={6: 83, 18: 67, 29: 71, 30: 73, 34: 78, 43: 77, 44: 71, 55: 71, 64: 82, 66: 77}
  [Client  2] Received edge weights. Set local model to edge weights.
[C2] Test set: samples=750, class_dist={35: 80, 36: 63, 38: 79, 42: 77, 50: 77, 64: 79, 72: 80, 77: 72, 97: 72, 98: 71}
  [Client  3] Received edge weights. Set local model to edge weights.
[C3] Test set: samples=750, class_dist={4: 80, 6: 65, 7: 146, 14: 82, 21: 76, 35: 63, 38: 70, 65: 89, 80: 79}
  [Client  5] Received edge weights. Set local model to edge weights.
[C5] Test set: samples=750, class_dist={4: 76, 15: 79, 19: 73, 34: 66, 45: 81, 63: 90, 74: 77, 91: 69, 93: 86, 95: 53}
  [Client  7] Starting Hier-pFedMe | λ2=35.0, η2=0.02, inner_steps=1, epochs=5, batches/epoch=141
  [Client  6] Starting Hier-pFedMe | λ2=35.0, η2=0.02, inner_steps=1, epochs=5, batches/epoch=141  [Client  9] Starting Hier-pFedMe | λ2=35.0, η2=0.02, inner_steps=1, epochs=5, batches/epoch=141
  [Client  4] Starting Hier-pFedMe | λ2=35.0, η2=0.02, inner_steps=1, epochs=5, batches/epoch=141

  [Client  4] Round 9 | Hier-pFedMe(λ2=35.0, K=1) | loss=0.1380  [Client  9] Round 9 | Hier-pFedMe(λ2=35.0, K=1) | loss=0.1382

  [Client  6] Round 9 | Hier-pFedMe(λ2=35.0, K=1) | loss=0.1456
  [Client  7] Round 9 | Hier-pFedMe(λ2=35.0, K=1) | loss=0.1487  [Client  8] Starting Hier-pFedMe | λ2=35.0, η2=0.02, inner_steps=1, epochs=5, batches/epoch=141  [Client  1] Starting Hier-pFedMe | λ2=35.0, η2=0.02, inner_steps=1, epochs=5, batches/epoch=141  [Client  0] Starting Hier-pFedMe | λ2=35.0, η2=0.02, inner_steps=1, epochs=5, batches/epoch=141



  [Client  2] Starting Hier-pFedMe | λ2=35.0, η2=0.02, inner_steps=1, epochs=5, batches/epoch=141
  [Client  1] Round 9 | Hier-pFedMe(λ2=35.0, K=1) | loss=0.1301
  [Client  3] Starting Hier-pFedMe | λ2=35.0, η2=0.02, inner_steps=1, epochs=5, batches/epoch=141
  [Client  8] Round 9 | Hier-pFedMe(λ2=35.0, K=1) | loss=0.1272
  [Client  5] Starting Hier-pFedMe | λ2=35.0, η2=0.02, inner_steps=1, epochs=5, batches/epoch=141
  [Client  0] Round 9 | Hier-pFedMe(λ2=35.0, K=1) | loss=0.1499  [Client  2] Round 9 | Hier-pFedMe(λ2=35.0, K=1) | loss=0.1653

  [Client  5] Round 9 | Hier-pFedMe(λ2=35.0, K=1) | loss=0.1415
  [Client  3] Round 9 | Hier-pFedMe(λ2=35.0, K=1) | loss=0.1441
  [Edge 0] G9 | E2 | loss=0.1429
  [Edge 0] G9 | E3 | Hier-pFedMe | Selected 10/10
  [Client  7] Received edge weights. Set local model to edge weights.
[C7] Test set: samples=750, class_dist={24: 68, 31: 72, 36: 73, 45: 74, 46: 76, 50: 79, 67: 92, 73: 75, 74: 61, 80: 80}
  [Client  0] Received edge weights. Set local model to edge weights.
[C0] Test set: samples=750, class_dist={6: 83, 18: 67, 29: 71, 30: 73, 34: 78, 43: 77, 44: 71, 55: 71, 64: 82, 66: 77}
  [Client  1] Received edge weights. Set local model to edge weights.
[C1] Test set: samples=750, class_dist={1: 75, 11: 80, 26: 83, 27: 68, 29: 75, 32: 70, 73: 71, 75: 79, 99: 149}
  [Client  8] Received edge weights. Set local model to edge weights.
[C8] Test set: samples=750, class_dist={1: 60, 14: 77, 24: 79, 26: 71, 30: 76, 65: 78, 75: 62, 88: 91, 93: 73, 95: 83}
  [Client  3] Received edge weights. Set local model to edge weights.
[C3] Test set: samples=750, class_dist={4: 80, 6: 65, 7: 146, 14: 82, 21: 76, 35: 63, 38: 70, 65: 89, 80: 79}
  [Client  9] Received edge weights. Set local model to edge weights.
[C9] Test set: samples=750, class_dist={2: 167, 3: 151, 15: 78, 27: 67, 55: 68, 67: 71, 77: 66, 79: 82}
  [Client  5] Received edge weights. Set local model to edge weights.
[C5] Test set: samples=750, class_dist={4: 76, 15: 79, 19: 73, 34: 66, 45: 81, 63: 90, 74: 77, 91: 69, 93: 86, 95: 53}
  [Client  4] Received edge weights. Set local model to edge weights.
[C4] Test set: samples=750, class_dist={19: 72, 31: 69, 42: 76, 43: 75, 63: 80, 66: 80, 72: 74, 79: 81, 91: 77, 98: 66}
  [Client  2] Received edge weights. Set local model to edge weights.
[C2] Test set: samples=750, class_dist={35: 80, 36: 63, 38: 79, 42: 77, 50: 77, 64: 79, 72: 80, 77: 72, 97: 72, 98: 71}
  [Client  6] Received edge weights. Set local model to edge weights.
[C6] Test set: samples=750, class_dist={11: 70, 18: 85, 21: 73, 32: 89, 44: 80, 46: 73, 78: 127, 88: 85, 97: 68}
  [Client  0] Starting Hier-pFedMe | λ2=35.0, η2=0.02, inner_steps=1, epochs=5, batches/epoch=141  [Client  7] Starting Hier-pFedMe | λ2=35.0, η2=0.02, inner_steps=1, epochs=5, batches/epoch=141  [Client  1] Starting Hier-pFedMe | λ2=35.0, η2=0.02, inner_steps=1, epochs=5, batches/epoch=141  [Client  8] Starting Hier-pFedMe | λ2=35.0, η2=0.02, inner_steps=1, epochs=5, batches/epoch=141



  [Client  0] Round 9 | Hier-pFedMe(λ2=35.0, K=1) | loss=0.1488
  [Client  3] Starting Hier-pFedMe | λ2=35.0, η2=0.02, inner_steps=1, epochs=5, batches/epoch=141
  [Client  1] Round 9 | Hier-pFedMe(λ2=35.0, K=1) | loss=0.1052
  [Client  7] Round 9 | Hier-pFedMe(λ2=35.0, K=1) | loss=0.1332
  [Client  9] Starting Hier-pFedMe | λ2=35.0, η2=0.02, inner_steps=1, epochs=5, batches/epoch=141  [Client  5] Starting Hier-pFedMe | λ2=35.0, η2=0.02, inner_steps=1, epochs=5, batches/epoch=141

  [Client  8] Round 9 | Hier-pFedMe(λ2=35.0, K=1) | loss=0.1066
  [Client  4] Starting Hier-pFedMe | λ2=35.0, η2=0.02, inner_steps=1, epochs=5, batches/epoch=141
  [Client  5] Round 9 | Hier-pFedMe(λ2=35.0, K=1) | loss=0.1398
  [Client  2] Starting Hier-pFedMe | λ2=35.0, η2=0.02, inner_steps=1, epochs=5, batches/epoch=141  [Client  9] Round 9 | Hier-pFedMe(λ2=35.0, K=1) | loss=0.1208

  [Client  3] Round 9 | Hier-pFedMe(λ2=35.0, K=1) | loss=0.1342  [Client  4] Round 9 | Hier-pFedMe(λ2=35.0, K=1) | loss=0.1228
  [Client  6] Starting Hier-pFedMe | λ2=35.0, η2=0.02, inner_steps=1, epochs=5, batches/epoch=141

  [Client  2] Round 9 | Hier-pFedMe(λ2=35.0, K=1) | loss=0.1399
  [Client  6] Round 9 | Hier-pFedMe(λ2=35.0, K=1) | loss=0.1164
  [Edge 0] G9 | E3 | loss=0.1268
  [Edge 0] G9 | E4 | Hier-pFedMe | Selected 10/10
  [Client  5] Received edge weights. Set local model to edge weights.
[C5] Test set: samples=750, class_dist={4: 76, 15: 79, 19: 73, 34: 66, 45: 81, 63: 90, 74: 77, 91: 69, 93: 86, 95: 53}
  [Client  0] Received edge weights. Set local model to edge weights.
[C0] Test set: samples=750, class_dist={6: 83, 18: 67, 29: 71, 30: 73, 34: 78, 43: 77, 44: 71, 55: 71, 64: 82, 66: 77}
  [Client  3] Received edge weights. Set local model to edge weights.
[C3] Test set: samples=750, class_dist={4: 80, 6: 65, 7: 146, 14: 82, 21: 76, 35: 63, 38: 70, 65: 89, 80: 79}
  [Client  4] Received edge weights. Set local model to edge weights.
[C4] Test set: samples=750, class_dist={19: 72, 31: 69, 42: 76, 43: 75, 63: 80, 66: 80, 72: 74, 79: 81, 91: 77, 98: 66}
  [Client  2] Received edge weights. Set local model to edge weights.
[C2] Test set: samples=750, class_dist={35: 80, 36: 63, 38: 79, 42: 77, 50: 77, 64: 79, 72: 80, 77: 72, 97: 72, 98: 71}
  [Client  7] Received edge weights. Set local model to edge weights.
[C7] Test set: samples=750, class_dist={24: 68, 31: 72, 36: 73, 45: 74, 46: 76, 50: 79, 67: 92, 73: 75, 74: 61, 80: 80}
  [Client  8] Received edge weights. Set local model to edge weights.
[C8] Test set: samples=750, class_dist={1: 60, 14: 77, 24: 79, 26: 71, 30: 76, 65: 78, 75: 62, 88: 91, 93: 73, 95: 83}
  [Client  1] Received edge weights. Set local model to edge weights.
[C1] Test set: samples=750, class_dist={1: 75, 11: 80, 26: 83, 27: 68, 29: 75, 32: 70, 73: 71, 75: 79, 99: 149}
  [Client  9] Received edge weights. Set local model to edge weights.
[C9] Test set: samples=750, class_dist={2: 167, 3: 151, 15: 78, 27: 67, 55: 68, 67: 71, 77: 66, 79: 82}
  [Client  6] Received edge weights. Set local model to edge weights.
[C6] Test set: samples=750, class_dist={11: 70, 18: 85, 21: 73, 32: 89, 44: 80, 46: 73, 78: 127, 88: 85, 97: 68}
  [Client  5] Starting Hier-pFedMe | λ2=35.0, η2=0.02, inner_steps=1, epochs=5, batches/epoch=141
  [Client  0] Starting Hier-pFedMe | λ2=35.0, η2=0.02, inner_steps=1, epochs=5, batches/epoch=141
  [Client  4] Starting Hier-pFedMe | λ2=35.0, η2=0.02, inner_steps=1, epochs=5, batches/epoch=141
  [Client  3] Starting Hier-pFedMe | λ2=35.0, η2=0.02, inner_steps=1, epochs=5, batches/epoch=141
  [Client  5] Round 9 | Hier-pFedMe(λ2=35.0, K=1) | loss=0.1022  [Client  3] Round 9 | Hier-pFedMe(λ2=35.0, K=1) | loss=0.1266

  [Client  2] Starting Hier-pFedMe | λ2=35.0, η2=0.02, inner_steps=1, epochs=5, batches/epoch=141  [Client  7] Starting Hier-pFedMe | λ2=35.0, η2=0.02, inner_steps=1, epochs=5, batches/epoch=141

  [Client  4] Round 9 | Hier-pFedMe(λ2=35.0, K=1) | loss=0.1152
  [Client  8] Starting Hier-pFedMe | λ2=35.0, η2=0.02, inner_steps=1, epochs=5, batches/epoch=141
  [Client  0] Round 9 | Hier-pFedMe(λ2=35.0, K=1) | loss=0.1208
  [Client  1] Starting Hier-pFedMe | λ2=35.0, η2=0.02, inner_steps=1, epochs=5, batches/epoch=141
  [Client  7] Round 9 | Hier-pFedMe(λ2=35.0, K=1) | loss=0.1147
  [Client  9] Starting Hier-pFedMe | λ2=35.0, η2=0.02, inner_steps=1, epochs=5, batches/epoch=141
  [Client  8] Round 9 | Hier-pFedMe(λ2=35.0, K=1) | loss=0.0964
  [Client  6] Starting Hier-pFedMe | λ2=35.0, η2=0.02, inner_steps=1, epochs=5, batches/epoch=141
  [Client  1] Round 9 | Hier-pFedMe(λ2=35.0, K=1) | loss=0.0940
  [Client  2] Round 9 | Hier-pFedMe(λ2=35.0, K=1) | loss=0.1241
  [Client  9] Round 9 | Hier-pFedMe(λ2=35.0, K=1) | loss=0.0983
  [Client  6] Round 9 | Hier-pFedMe(λ2=35.0, K=1) | loss=0.1166
  [Edge 0] G9 | E4 | loss=0.1109
  [Edge 0] G9 | E5 | Hier-pFedMe | Selected 10/10
  [Client  1] Received edge weights. Set local model to edge weights.
[C1] Test set: samples=750, class_dist={1: 75, 11: 80, 26: 83, 27: 68, 29: 75, 32: 70, 73: 71, 75: 79, 99: 149}
  [Client  2] Received edge weights. Set local model to edge weights.
[C2] Test set: samples=750, class_dist={35: 80, 36: 63, 38: 79, 42: 77, 50: 77, 64: 79, 72: 80, 77: 72, 97: 72, 98: 71}
  [Client  6] Received edge weights. Set local model to edge weights.
[C6] Test set: samples=750, class_dist={11: 70, 18: 85, 21: 73, 32: 89, 44: 80, 46: 73, 78: 127, 88: 85, 97: 68}
  [Client  9] Received edge weights. Set local model to edge weights.
[C9] Test set: samples=750, class_dist={2: 167, 3: 151, 15: 78, 27: 67, 55: 68, 67: 71, 77: 66, 79: 82}
  [Client  4] Received edge weights. Set local model to edge weights.
[C4] Test set: samples=750, class_dist={19: 72, 31: 69, 42: 76, 43: 75, 63: 80, 66: 80, 72: 74, 79: 81, 91: 77, 98: 66}
  [Client  5] Received edge weights. Set local model to edge weights.
[C5] Test set: samples=750, class_dist={4: 76, 15: 79, 19: 73, 34: 66, 45: 81, 63: 90, 74: 77, 91: 69, 93: 86, 95: 53}
  [Client  8] Received edge weights. Set local model to edge weights.
[C8] Test set: samples=750, class_dist={1: 60, 14: 77, 24: 79, 26: 71, 30: 76, 65: 78, 75: 62, 88: 91, 93: 73, 95: 83}
  [Client  3] Received edge weights. Set local model to edge weights.
[C3] Test set: samples=750, class_dist={4: 80, 6: 65, 7: 146, 14: 82, 21: 76, 35: 63, 38: 70, 65: 89, 80: 79}
  [Client  7] Received edge weights. Set local model to edge weights.
[C7] Test set: samples=750, class_dist={24: 68, 31: 72, 36: 73, 45: 74, 46: 76, 50: 79, 67: 92, 73: 75, 74: 61, 80: 80}
  [Client  0] Received edge weights. Set local model to edge weights.
[C0] Test set: samples=750, class_dist={6: 83, 18: 67, 29: 71, 30: 73, 34: 78, 43: 77, 44: 71, 55: 71, 64: 82, 66: 77}
  [Client  2] Starting Hier-pFedMe | λ2=35.0, η2=0.02, inner_steps=1, epochs=5, batches/epoch=141
  [Client  1] Starting Hier-pFedMe | λ2=35.0, η2=0.02, inner_steps=1, epochs=5, batches/epoch=141
  [Client  6] Starting Hier-pFedMe | λ2=35.0, η2=0.02, inner_steps=1, epochs=5, batches/epoch=141
  [Client  9] Starting Hier-pFedMe | λ2=35.0, η2=0.02, inner_steps=1, epochs=5, batches/epoch=141
  [Client  6] Round 9 | Hier-pFedMe(λ2=35.0, K=1) | loss=0.0998
  [Client  4] Starting Hier-pFedMe | λ2=35.0, η2=0.02, inner_steps=1, epochs=5, batches/epoch=141  [Client  2] Round 9 | Hier-pFedMe(λ2=35.0, K=1) | loss=0.1053

  [Client  1] Round 9 | Hier-pFedMe(λ2=35.0, K=1) | loss=0.0839  [Client  5] Starting Hier-pFedMe | λ2=35.0, η2=0.02, inner_steps=1, epochs=5, batches/epoch=141

  [Client  8] Starting Hier-pFedMe | λ2=35.0, η2=0.02, inner_steps=1, epochs=5, batches/epoch=141
  [Client  9] Round 9 | Hier-pFedMe(λ2=35.0, K=1) | loss=0.0805
  [Client  3] Starting Hier-pFedMe | λ2=35.0, η2=0.02, inner_steps=1, epochs=5, batches/epoch=141
  [Client  4] Round 9 | Hier-pFedMe(λ2=35.0, K=1) | loss=0.1002
  [Client  7] Starting Hier-pFedMe | λ2=35.0, η2=0.02, inner_steps=1, epochs=5, batches/epoch=141
  [Client  5] Round 9 | Hier-pFedMe(λ2=35.0, K=1) | loss=0.0880
  [Client  8] Round 9 | Hier-pFedMe(λ2=35.0, K=1) | loss=0.0993
  [Client  0] Starting Hier-pFedMe | λ2=35.0, η2=0.02, inner_steps=1, epochs=5, batches/epoch=141
  [Client  3] Round 9 | Hier-pFedMe(λ2=35.0, K=1) | loss=0.1060
  [Client  7] Round 9 | Hier-pFedMe(λ2=35.0, K=1) | loss=0.1173
  [Client  0] Round 9 | Hier-pFedMe(λ2=35.0, K=1) | loss=0.0981
  [Edge 0] G9 | E5 | loss=0.0978
  [Edge 1] G9 | E1 | Hier-pFedMe | Selected 10/10
  [Client 15] Received edge weights. Set local model to edge weights.
[C15] Test set: samples=750, class_dist={25: 79, 28: 75, 33: 65, 39: 81, 47: 75, 53: 72, 60: 73, 81: 75, 90: 77, 94: 78}
  [Client 11] Received edge weights. Set local model to edge weights.
[C11] Test set: samples=750, class_dist={10: 175, 12: 136, 16: 85, 17: 77, 37: 65, 40: 70, 82: 70, 87: 72}
  [Client 19] Received edge weights. Set local model to edge weights.
[C19] Test set: samples=750, class_dist={0: 66, 13: 168, 23: 137, 51: 86, 68: 65, 70: 82, 81: 64, 89: 82}
  [Client 12] Received edge weights. Set local model to edge weights.
[C12] Test set: samples=750, class_dist={17: 72, 41: 154, 47: 72, 48: 78, 54: 85, 58: 68, 69: 83, 83: 72, 96: 66}
  [Client 13] Received edge weights. Set local model to edge weights.
[C13] Test set: samples=750, class_dist={8: 68, 9: 75, 20: 73, 37: 78, 39: 76, 48: 73, 59: 78, 68: 74, 86: 80, 90: 75}
  [Client 14] Received edge weights. Set local model to edge weights.
[C14] Test set: samples=750, class_dist={22: 68, 33: 80, 40: 81, 49: 71, 56: 79, 62: 143, 83: 80, 85: 69, 87: 79}
  [Client 17] Received edge weights. Set local model to edge weights.
[C17] Test set: samples=750, class_dist={49: 73, 56: 69, 58: 67, 60: 82, 61: 143, 69: 96, 71: 151, 85: 69}
  [Client 10] Received edge weights. Set local model to edge weights.
[C10] Test set: samples=750, class_dist={5: 74, 9: 72, 51: 87, 54: 76, 57: 149, 84: 72, 89: 78, 92: 60, 94: 82}
  [Client 18] Received edge weights. Set local model to edge weights.
[C18] Test set: samples=750, class_dist={0: 71, 5: 79, 8: 79, 16: 71, 25: 72, 76: 70, 84: 81, 86: 67, 92: 81, 96: 79}
  [Client 16] Received edge weights. Set local model to edge weights.
[C16] Test set: samples=750, class_dist={20: 75, 22: 88, 28: 62, 52: 153, 53: 84, 59: 67, 70: 71, 76: 65, 82: 85}
  [Client 15] Starting Hier-pFedMe | λ2=35.0, η2=0.02, inner_steps=1, epochs=5, batches/epoch=141  [Client 19] Starting Hier-pFedMe | λ2=35.0, η2=0.02, inner_steps=1, epochs=5, batches/epoch=141  [Client 11] Starting Hier-pFedMe | λ2=35.0, η2=0.02, inner_steps=1, epochs=5, batches/epoch=141  [Client 12] Starting Hier-pFedMe | λ2=35.0, η2=0.02, inner_steps=1, epochs=5, batches/epoch=141



  [Client 15] Round 9 | Hier-pFedMe(λ2=35.0, K=1) | loss=0.1437
  [Client 13] Starting Hier-pFedMe | λ2=35.0, η2=0.02, inner_steps=1, epochs=5, batches/epoch=141
  [Client 19] Round 9 | Hier-pFedMe(λ2=35.0, K=1) | loss=0.1290
  [Client 11] Round 9 | Hier-pFedMe(λ2=35.0, K=1) | loss=0.1665
  [Client 14] Starting Hier-pFedMe | λ2=35.0, η2=0.02, inner_steps=1, epochs=5, batches/epoch=141
  [Client 17] Starting Hier-pFedMe | λ2=35.0, η2=0.02, inner_steps=1, epochs=5, batches/epoch=141
  [Client 12] Round 9 | Hier-pFedMe(λ2=35.0, K=1) | loss=0.1317
  [Client 10] Starting Hier-pFedMe | λ2=35.0, η2=0.02, inner_steps=1, epochs=5, batches/epoch=141
  [Client 13] Round 9 | Hier-pFedMe(λ2=35.0, K=1) | loss=0.1628
  [Client 18] Starting Hier-pFedMe | λ2=35.0, η2=0.02, inner_steps=1, epochs=5, batches/epoch=141
  [Client 17] Round 9 | Hier-pFedMe(λ2=35.0, K=1) | loss=0.1364  [Client 10] Round 9 | Hier-pFedMe(λ2=35.0, K=1) | loss=0.1827

  [Client 14] Round 9 | Hier-pFedMe(λ2=35.0, K=1) | loss=0.1546
  [Client 16] Starting Hier-pFedMe | λ2=35.0, η2=0.02, inner_steps=1, epochs=5, batches/epoch=141
  [Client 18] Round 9 | Hier-pFedMe(λ2=35.0, K=1) | loss=0.1780
  [Client 16] Round 9 | Hier-pFedMe(λ2=35.0, K=1) | loss=0.1394
  [Edge 1] G9 | E1 | loss=0.1525
  [Edge 1] G9 | E2 | Hier-pFedMe | Selected 10/10
  [Client 15] Received edge weights. Set local model to edge weights.
[C15] Test set: samples=750, class_dist={25: 79, 28: 75, 33: 65, 39: 81, 47: 75, 53: 72, 60: 73, 81: 75, 90: 77, 94: 78}
  [Client 14] Received edge weights. Set local model to edge weights.
[C14] Test set: samples=750, class_dist={22: 68, 33: 80, 40: 81, 49: 71, 56: 79, 62: 143, 83: 80, 85: 69, 87: 79}
  [Client 17] Received edge weights. Set local model to edge weights.
[C17] Test set: samples=750, class_dist={49: 73, 56: 69, 58: 67, 60: 82, 61: 143, 69: 96, 71: 151, 85: 69}
  [Client 10] Received edge weights. Set local model to edge weights.
[C10] Test set: samples=750, class_dist={5: 74, 9: 72, 51: 87, 54: 76, 57: 149, 84: 72, 89: 78, 92: 60, 94: 82}
  [Client 18] Received edge weights. Set local model to edge weights.
[C18] Test set: samples=750, class_dist={0: 71, 5: 79, 8: 79, 16: 71, 25: 72, 76: 70, 84: 81, 86: 67, 92: 81, 96: 79}
  [Client 16] Received edge weights. Set local model to edge weights.
[C16] Test set: samples=750, class_dist={20: 75, 22: 88, 28: 62, 52: 153, 53: 84, 59: 67, 70: 71, 76: 65, 82: 85}
  [Client 12] Received edge weights. Set local model to edge weights.
[C12] Test set: samples=750, class_dist={17: 72, 41: 154, 47: 72, 48: 78, 54: 85, 58: 68, 69: 83, 83: 72, 96: 66}
  [Client 11] Received edge weights. Set local model to edge weights.
[C11] Test set: samples=750, class_dist={10: 175, 12: 136, 16: 85, 17: 77, 37: 65, 40: 70, 82: 70, 87: 72}
  [Client 19] Received edge weights. Set local model to edge weights.
[C19] Test set: samples=750, class_dist={0: 66, 13: 168, 23: 137, 51: 86, 68: 65, 70: 82, 81: 64, 89: 82}
  [Client 13] Received edge weights. Set local model to edge weights.
[C13] Test set: samples=750, class_dist={8: 68, 9: 75, 20: 73, 37: 78, 39: 76, 48: 73, 59: 78, 68: 74, 86: 80, 90: 75}
  [Client 15] Starting Hier-pFedMe | λ2=35.0, η2=0.02, inner_steps=1, epochs=5, batches/epoch=141
  [Client 14] Starting Hier-pFedMe | λ2=35.0, η2=0.02, inner_steps=1, epochs=5, batches/epoch=141  [Client 17] Starting Hier-pFedMe | λ2=35.0, η2=0.02, inner_steps=1, epochs=5, batches/epoch=141
  [Client 10] Starting Hier-pFedMe | λ2=35.0, η2=0.02, inner_steps=1, epochs=5, batches/epoch=141

  [Client 17] Round 9 | Hier-pFedMe(λ2=35.0, K=1) | loss=0.0990
  [Client 18] Starting Hier-pFedMe | λ2=35.0, η2=0.02, inner_steps=1, epochs=5, batches/epoch=141
  [Client 10] Round 9 | Hier-pFedMe(λ2=35.0, K=1) | loss=0.1333
  [Client 15] Round 9 | Hier-pFedMe(λ2=35.0, K=1) | loss=0.1121  [Client 16] Starting Hier-pFedMe | λ2=35.0, η2=0.02, inner_steps=1, epochs=5, batches/epoch=141

  [Client 12] Starting Hier-pFedMe | λ2=35.0, η2=0.02, inner_steps=1, epochs=5, batches/epoch=141
  [Client 14] Round 9 | Hier-pFedMe(λ2=35.0, K=1) | loss=0.1104
  [Client 11] Starting Hier-pFedMe | λ2=35.0, η2=0.02, inner_steps=1, epochs=5, batches/epoch=141
  [Client 18] Round 9 | Hier-pFedMe(λ2=35.0, K=1) | loss=0.1204  [Client 12] Round 9 | Hier-pFedMe(λ2=35.0, K=1) | loss=0.0975

  [Client 16] Round 9 | Hier-pFedMe(λ2=35.0, K=1) | loss=0.0917  [Client 19] Starting Hier-pFedMe | λ2=35.0, η2=0.02, inner_steps=1, epochs=5, batches/epoch=141
  [Client 13] Starting Hier-pFedMe | λ2=35.0, η2=0.02, inner_steps=1, epochs=5, batches/epoch=141

  [Client 11] Round 9 | Hier-pFedMe(λ2=35.0, K=1) | loss=0.1325
  [Client 19] Round 9 | Hier-pFedMe(λ2=35.0, K=1) | loss=0.0842
  [Client 13] Round 9 | Hier-pFedMe(λ2=35.0, K=1) | loss=0.1007
  [Edge 1] G9 | E2 | loss=0.1082
  [Edge 1] G9 | E3 | Hier-pFedMe | Selected 10/10
  [Client 15] Received edge weights. Set local model to edge weights.
[C15] Test set: samples=750, class_dist={25: 79, 28: 75, 33: 65, 39: 81, 47: 75, 53: 72, 60: 73, 81: 75, 90: 77, 94: 78}
  [Client 10] Received edge weights. Set local model to edge weights.
[C10] Test set: samples=750, class_dist={5: 74, 9: 72, 51: 87, 54: 76, 57: 149, 84: 72, 89: 78, 92: 60, 94: 82}
  [Client 12] Received edge weights. Set local model to edge weights.
[C12] Test set: samples=750, class_dist={17: 72, 41: 154, 47: 72, 48: 78, 54: 85, 58: 68, 69: 83, 83: 72, 96: 66}
  [Client 16] Received edge weights. Set local model to edge weights.
[C16] Test set: samples=750, class_dist={20: 75, 22: 88, 28: 62, 52: 153, 53: 84, 59: 67, 70: 71, 76: 65, 82: 85}
  [Client 19] Received edge weights. Set local model to edge weights.
[C19] Test set: samples=750, class_dist={0: 66, 13: 168, 23: 137, 51: 86, 68: 65, 70: 82, 81: 64, 89: 82}
  [Client 13] Received edge weights. Set local model to edge weights.
[C13] Test set: samples=750, class_dist={8: 68, 9: 75, 20: 73, 37: 78, 39: 76, 48: 73, 59: 78, 68: 74, 86: 80, 90: 75}
  [Client 17] Received edge weights. Set local model to edge weights.
[C17] Test set: samples=750, class_dist={49: 73, 56: 69, 58: 67, 60: 82, 61: 143, 69: 96, 71: 151, 85: 69}
  [Client 14] Received edge weights. Set local model to edge weights.
[C14] Test set: samples=750, class_dist={22: 68, 33: 80, 40: 81, 49: 71, 56: 79, 62: 143, 83: 80, 85: 69, 87: 79}
  [Client 18] Received edge weights. Set local model to edge weights.
[C18] Test set: samples=750, class_dist={0: 71, 5: 79, 8: 79, 16: 71, 25: 72, 76: 70, 84: 81, 86: 67, 92: 81, 96: 79}
  [Client 11] Received edge weights. Set local model to edge weights.
[C11] Test set: samples=750, class_dist={10: 175, 12: 136, 16: 85, 17: 77, 37: 65, 40: 70, 82: 70, 87: 72}
  [Client 15] Starting Hier-pFedMe | λ2=35.0, η2=0.02, inner_steps=1, epochs=5, batches/epoch=141  [Client 10] Starting Hier-pFedMe | λ2=35.0, η2=0.02, inner_steps=1, epochs=5, batches/epoch=141
  [Client 12] Starting Hier-pFedMe | λ2=35.0, η2=0.02, inner_steps=1, epochs=5, batches/epoch=141
  [Client 16] Starting Hier-pFedMe | λ2=35.0, η2=0.02, inner_steps=1, epochs=5, batches/epoch=141

  [Client 15] Round 9 | Hier-pFedMe(λ2=35.0, K=1) | loss=0.0874  [Client 16] Round 9 | Hier-pFedMe(λ2=35.0, K=1) | loss=0.0819

  [Client 12] Round 9 | Hier-pFedMe(λ2=35.0, K=1) | loss=0.0837
  [Client 19] Starting Hier-pFedMe | λ2=35.0, η2=0.02, inner_steps=1, epochs=5, batches/epoch=141  [Client 13] Starting Hier-pFedMe | λ2=35.0, η2=0.02, inner_steps=1, epochs=5, batches/epoch=141
  [Client 10] Round 9 | Hier-pFedMe(λ2=35.0, K=1) | loss=0.1137  [Client 17] Starting Hier-pFedMe | λ2=35.0, η2=0.02, inner_steps=1, epochs=5, batches/epoch=141


  [Client 14] Starting Hier-pFedMe | λ2=35.0, η2=0.02, inner_steps=1, epochs=5, batches/epoch=141
  [Client 13] Round 9 | Hier-pFedMe(λ2=35.0, K=1) | loss=0.1070
  [Client 17] Round 9 | Hier-pFedMe(λ2=35.0, K=1) | loss=0.0776  [Client 18] Starting Hier-pFedMe | λ2=35.0, η2=0.02, inner_steps=1, epochs=5, batches/epoch=141
  [Client 14] Round 9 | Hier-pFedMe(λ2=35.0, K=1) | loss=0.0948
  [Client 19] Round 9 | Hier-pFedMe(λ2=35.0, K=1) | loss=0.0758

  [Client 11] Starting Hier-pFedMe | λ2=35.0, η2=0.02, inner_steps=1, epochs=5, batches/epoch=141
  [Client 18] Round 9 | Hier-pFedMe(λ2=35.0, K=1) | loss=0.1147
  [Client 11] Round 9 | Hier-pFedMe(λ2=35.0, K=1) | loss=0.1123
  [Edge 1] G9 | E3 | loss=0.0949
  [Edge 1] G9 | E4 | Hier-pFedMe | Selected 10/10
  [Client 16] Received edge weights. Set local model to edge weights.
[C16] Test set: samples=750, class_dist={20: 75, 22: 88, 28: 62, 52: 153, 53: 84, 59: 67, 70: 71, 76: 65, 82: 85}
  [Client 19] Received edge weights. Set local model to edge weights.
[C19] Test set: samples=750, class_dist={0: 66, 13: 168, 23: 137, 51: 86, 68: 65, 70: 82, 81: 64, 89: 82}
  [Client 18] Received edge weights. Set local model to edge weights.
[C18] Test set: samples=750, class_dist={0: 71, 5: 79, 8: 79, 16: 71, 25: 72, 76: 70, 84: 81, 86: 67, 92: 81, 96: 79}
  [Client 13] Received edge weights. Set local model to edge weights.
[C13] Test set: samples=750, class_dist={8: 68, 9: 75, 20: 73, 37: 78, 39: 76, 48: 73, 59: 78, 68: 74, 86: 80, 90: 75}
  [Client 14] Received edge weights. Set local model to edge weights.
[C14] Test set: samples=750, class_dist={22: 68, 33: 80, 40: 81, 49: 71, 56: 79, 62: 143, 83: 80, 85: 69, 87: 79}
  [Client 12] Received edge weights. Set local model to edge weights.
[C12] Test set: samples=750, class_dist={17: 72, 41: 154, 47: 72, 48: 78, 54: 85, 58: 68, 69: 83, 83: 72, 96: 66}
  [Client 11] Received edge weights. Set local model to edge weights.
[C11] Test set: samples=750, class_dist={10: 175, 12: 136, 16: 85, 17: 77, 37: 65, 40: 70, 82: 70, 87: 72}
  [Client 17] Received edge weights. Set local model to edge weights.
[C17] Test set: samples=750, class_dist={49: 73, 56: 69, 58: 67, 60: 82, 61: 143, 69: 96, 71: 151, 85: 69}
  [Client 10] Received edge weights. Set local model to edge weights.
[C10] Test set: samples=750, class_dist={5: 74, 9: 72, 51: 87, 54: 76, 57: 149, 84: 72, 89: 78, 92: 60, 94: 82}
  [Client 15] Received edge weights. Set local model to edge weights.
[C15] Test set: samples=750, class_dist={25: 79, 28: 75, 33: 65, 39: 81, 47: 75, 53: 72, 60: 73, 81: 75, 90: 77, 94: 78}
  [Client 16] Starting Hier-pFedMe | λ2=35.0, η2=0.02, inner_steps=1, epochs=5, batches/epoch=141  [Client 19] Starting Hier-pFedMe | λ2=35.0, η2=0.02, inner_steps=1, epochs=5, batches/epoch=141  [Client 18] Starting Hier-pFedMe | λ2=35.0, η2=0.02, inner_steps=1, epochs=5, batches/epoch=141  [Client 13] Starting Hier-pFedMe | λ2=35.0, η2=0.02, inner_steps=1, epochs=5, batches/epoch=141



  [Client 18] Round 9 | Hier-pFedMe(λ2=35.0, K=1) | loss=0.0976
  [Client 14] Starting Hier-pFedMe | λ2=35.0, η2=0.02, inner_steps=1, epochs=5, batches/epoch=141
  [Client 13] Round 9 | Hier-pFedMe(λ2=35.0, K=1) | loss=0.0814
  [Client 16] Round 9 | Hier-pFedMe(λ2=35.0, K=1) | loss=0.0724  [Client 12] Starting Hier-pFedMe | λ2=35.0, η2=0.02, inner_steps=1, epochs=5, batches/epoch=141

  [Client 19] Round 9 | Hier-pFedMe(λ2=35.0, K=1) | loss=0.0665
  [Client 11] Starting Hier-pFedMe | λ2=35.0, η2=0.02, inner_steps=1, epochs=5, batches/epoch=141
  [Client 17] Starting Hier-pFedMe | λ2=35.0, η2=0.02, inner_steps=1, epochs=5, batches/epoch=141
  [Client 12] Round 9 | Hier-pFedMe(λ2=35.0, K=1) | loss=0.0690
  [Client 10] Starting Hier-pFedMe | λ2=35.0, η2=0.02, inner_steps=1, epochs=5, batches/epoch=141
  [Client 14] Round 9 | Hier-pFedMe(λ2=35.0, K=1) | loss=0.0668
  [Client 15] Starting Hier-pFedMe | λ2=35.0, η2=0.02, inner_steps=1, epochs=5, batches/epoch=141
  [Client 17] Round 9 | Hier-pFedMe(λ2=35.0, K=1) | loss=0.0750
  [Client 11] Round 9 | Hier-pFedMe(λ2=35.0, K=1) | loss=0.0927
  [Client 10] Round 9 | Hier-pFedMe(λ2=35.0, K=1) | loss=0.1017
  [Client 15] Round 9 | Hier-pFedMe(λ2=35.0, K=1) | loss=0.0847
  [Edge 1] G9 | E4 | loss=0.0808
  [Edge 1] G9 | E5 | Hier-pFedMe | Selected 10/10
  [Client 15] Received edge weights. Set local model to edge weights.
[C15] Test set: samples=750, class_dist={25: 79, 28: 75, 33: 65, 39: 81, 47: 75, 53: 72, 60: 73, 81: 75, 90: 77, 94: 78}
  [Client 17] Received edge weights. Set local model to edge weights.
[C17] Test set: samples=750, class_dist={49: 73, 56: 69, 58: 67, 60: 82, 61: 143, 69: 96, 71: 151, 85: 69}
  [Client 13] Received edge weights. Set local model to edge weights.
[C13] Test set: samples=750, class_dist={8: 68, 9: 75, 20: 73, 37: 78, 39: 76, 48: 73, 59: 78, 68: 74, 86: 80, 90: 75}
  [Client 16] Received edge weights. Set local model to edge weights.
[C16] Test set: samples=750, class_dist={20: 75, 22: 88, 28: 62, 52: 153, 53: 84, 59: 67, 70: 71, 76: 65, 82: 85}
  [Client 18] Received edge weights. Set local model to edge weights.
[C18] Test set: samples=750, class_dist={0: 71, 5: 79, 8: 79, 16: 71, 25: 72, 76: 70, 84: 81, 86: 67, 92: 81, 96: 79}
  [Client 14] Received edge weights. Set local model to edge weights.
[C14] Test set: samples=750, class_dist={22: 68, 33: 80, 40: 81, 49: 71, 56: 79, 62: 143, 83: 80, 85: 69, 87: 79}
  [Client 12] Received edge weights. Set local model to edge weights.
[C12] Test set: samples=750, class_dist={17: 72, 41: 154, 47: 72, 48: 78, 54: 85, 58: 68, 69: 83, 83: 72, 96: 66}
  [Client 19] Received edge weights. Set local model to edge weights.
[C19] Test set: samples=750, class_dist={0: 66, 13: 168, 23: 137, 51: 86, 68: 65, 70: 82, 81: 64, 89: 82}
  [Client 11] Received edge weights. Set local model to edge weights.
[C11] Test set: samples=750, class_dist={10: 175, 12: 136, 16: 85, 17: 77, 37: 65, 40: 70, 82: 70, 87: 72}
  [Client 10] Received edge weights. Set local model to edge weights.
[C10] Test set: samples=750, class_dist={5: 74, 9: 72, 51: 87, 54: 76, 57: 149, 84: 72, 89: 78, 92: 60, 94: 82}
  [Client 15] Starting Hier-pFedMe | λ2=35.0, η2=0.02, inner_steps=1, epochs=5, batches/epoch=141  [Client 17] Starting Hier-pFedMe | λ2=35.0, η2=0.02, inner_steps=1, epochs=5, batches/epoch=141  [Client 13] Starting Hier-pFedMe | λ2=35.0, η2=0.02, inner_steps=1, epochs=5, batches/epoch=141
  [Client 16] Starting Hier-pFedMe | λ2=35.0, η2=0.02, inner_steps=1, epochs=5, batches/epoch=141


  [Client 16] Round 9 | Hier-pFedMe(λ2=35.0, K=1) | loss=0.0594
  [Client 18] Starting Hier-pFedMe | λ2=35.0, η2=0.02, inner_steps=1, epochs=5, batches/epoch=141
  [Client 15] Round 9 | Hier-pFedMe(λ2=35.0, K=1) | loss=0.0784
  [Client 17] Round 9 | Hier-pFedMe(λ2=35.0, K=1) | loss=0.0724  [Client 14] Starting Hier-pFedMe | λ2=35.0, η2=0.02, inner_steps=1, epochs=5, batches/epoch=141

  [Client 12] Starting Hier-pFedMe | λ2=35.0, η2=0.02, inner_steps=1, epochs=5, batches/epoch=141
  [Client 13] Round 9 | Hier-pFedMe(λ2=35.0, K=1) | loss=0.0665
  [Client 19] Starting Hier-pFedMe | λ2=35.0, η2=0.02, inner_steps=1, epochs=5, batches/epoch=141
  [Client 18] Round 9 | Hier-pFedMe(λ2=35.0, K=1) | loss=0.0893
  [Client 11] Starting Hier-pFedMe | λ2=35.0, η2=0.02, inner_steps=1, epochs=5, batches/epoch=141  [Client 12] Round 9 | Hier-pFedMe(λ2=35.0, K=1) | loss=0.0583

  [Client 14] Round 9 | Hier-pFedMe(λ2=35.0, K=1) | loss=0.0713
  [Client 10] Starting Hier-pFedMe | λ2=35.0, η2=0.02, inner_steps=1, epochs=5, batches/epoch=141
  [Client 19] Round 9 | Hier-pFedMe(λ2=35.0, K=1) | loss=0.0561
  [Client 11] Round 9 | Hier-pFedMe(λ2=35.0, K=1) | loss=0.0753  [Client 10] Round 9 | Hier-pFedMe(λ2=35.0, K=1) | loss=0.0953

  [Edge 1] G9 | E5 | loss=0.0722
  [Cloud] Using Hier-pFedMe global aggregation (式 9).
[C0] n=750 | classes=[6, 18, 29, 30, 34, 43, 44, 55, 64, 66] | acc=0.4627 | per_class={6: '0.43', 18: '0.48', 29: '0.49', 30: '0.77', 34: '0.47', 43: '0.51', 44: '0.32', 55: '0.31', 64: '0.38', 66: '0.47'}
[C1] n=750 | classes=[1, 11, 26, 27, 29, 32, 73, 75, 99] | acc=0.6347 | per_class={1: '0.69', 11: '0.60', 26: '0.46', 27: '0.54', 29: '0.59', 32: '0.53', 73: '0.68', 75: '0.82', 99: '0.72'}
[C2] n=750 | classes=[35, 36, 38, 42, 50, 64, 72, 77, 97, 98] | acc=0.4067 | per_class={35: '0.39', 36: '0.52', 38: '0.39', 42: '0.48', 50: '0.27', 64: '0.37', 72: '0.50', 77: '0.36', 97: '0.44', 98: '0.35'}
[C3] n=750 | classes=[4, 6, 7, 14, 21, 35, 38, 65, 80] | acc=0.4800 | per_class={4: '0.38', 6: '0.42', 7: '0.71', 14: '0.40', 21: '0.64', 35: '0.63', 38: '0.43', 65: '0.36', 80: '0.20'}
[C4] n=750 | classes=[19, 31, 42, 43, 63, 66, 72, 79, 91, 98] | acc=0.5333 | per_class={19: '0.50', 31: '0.45', 42: '0.49', 43: '0.59', 63: '0.44', 66: '0.38', 72: '0.57', 79: '0.58', 91: '0.73', 98: '0.64'}
[C5] n=750 | classes=[4, 15, 19, 34, 45, 63, 74, 91, 93, 95] | acc=0.5027 | per_class={4: '0.42', 15: '0.47', 19: '0.40', 34: '0.50', 45: '0.57', 63: '0.44', 74: '0.47', 91: '0.61', 93: '0.45', 95: '0.81'}
[C6] n=750 | classes=[11, 18, 21, 32, 44, 46, 78, 88, 97] | acc=0.4760 | per_class={11: '0.39', 18: '0.49', 21: '0.71', 32: '0.61', 44: '0.36', 46: '0.25', 78: '0.54', 88: '0.40', 97: '0.49'}
[C7] n=750 | classes=[24, 31, 36, 45, 46, 50, 67, 73, 74, 80] | acc=0.5187 | per_class={24: '0.78', 31: '0.60', 36: '0.67', 45: '0.47', 46: '0.47', 50: '0.28', 67: '0.43', 73: '0.68', 74: '0.41', 80: '0.44'}
[C8] n=750 | classes=[1, 14, 24, 26, 30, 65, 75, 88, 93, 95] | acc=0.5733 | per_class={1: '0.63', 14: '0.65', 24: '0.82', 26: '0.49', 30: '0.57', 65: '0.47', 75: '0.65', 88: '0.53', 93: '0.32', 95: '0.61'}
[C9] n=750 | classes=[2, 3, 15, 27, 55, 67, 77, 79] | acc=0.5733 | per_class={2: '0.73', 3: '0.65', 15: '0.45', 27: '0.61', 55: '0.22', 67: '0.72', 77: '0.39', 79: '0.51'}
[C10] n=750 | classes=[5, 9, 51, 54, 57, 84, 89, 92, 94] | acc=0.6093 | per_class={5: '0.51', 9: '0.53', 51: '0.66', 54: '0.51', 57: '0.67', 84: '0.40', 89: '0.72', 92: '0.62', 94: '0.77'}
[C11] n=750 | classes=[10, 12, 16, 17, 37, 40, 82, 87] | acc=0.6133 | per_class={10: '0.73', 12: '0.66', 16: '0.41', 17: '0.68', 37: '0.40', 40: '0.53', 82: '0.90', 87: '0.42'}
[C12] n=750 | classes=[17, 41, 47, 48, 54, 58, 69, 83, 96] | acc=0.7293 | per_class={17: '0.81', 41: '0.79', 47: '0.69', 48: '0.63', 54: '0.72', 58: '0.72', 69: '0.72', 83: '0.78', 96: '0.64'}
[C13] n=750 | classes=[8, 9, 20, 37, 39, 48, 59, 68, 86, 90] | acc=0.6307 | per_class={8: '0.51', 9: '0.68', 20: '0.75', 37: '0.54', 39: '0.63', 48: '0.58', 59: '0.74', 68: '0.88', 86: '0.55', 90: '0.44'}
[C14] n=750 | classes=[22, 33, 40, 49, 56, 62, 83, 85, 87] | acc=0.7187 | per_class={22: '0.54', 33: '0.72', 40: '0.59', 49: '0.87', 56: '0.87', 62: '0.88', 83: '0.59', 85: '0.77', 87: '0.49'}
[C15] n=750 | classes=[25, 28, 33, 39, 47, 53, 60, 81, 90, 94] | acc=0.6827 | per_class={25: '0.48', 28: '0.64', 33: '0.65', 39: '0.64', 47: '0.84', 53: '0.89', 60: '0.92', 81: '0.52', 90: '0.58', 94: '0.69'}
[C16] n=750 | classes=[20, 22, 28, 52, 53, 59, 70, 76, 82] | acc=0.7787 | per_class={20: '0.83', 22: '0.65', 28: '0.68', 52: '0.87', 53: '0.89', 59: '0.46', 70: '0.76', 76: '0.89', 82: '0.85'}
[C17] n=750 | classes=[49, 56, 58, 60, 61, 69, 71, 85] | acc=0.7667 | per_class={49: '0.68', 56: '0.81', 58: '0.64', 60: '0.73', 61: '0.94', 69: '0.70', 71: '0.77', 85: '0.70'}
[C18] n=750 | classes=[0, 5, 8, 16, 25, 76, 84, 86, 92, 96] | acc=0.6267 | per_class={0: '0.76', 5: '0.49', 8: '0.72', 16: '0.39', 25: '0.46', 76: '0.81', 84: '0.44', 86: '0.60', 92: '0.73', 96: '0.85'}
[C19] n=750 | classes=[0, 13, 23, 51, 68, 70, 81, 89] | acc=0.6960 | per_class={0: '0.82', 13: '0.63', 23: '0.85', 51: '0.70', 68: '0.85', 70: '0.72', 81: '0.34', 89: '0.60'}
  [Cloud] GM=0.1795 | EM=0.2705 PM=0.6007 | loss=4.7040 | time=117.9s | comm=719.6MB (total=6476MB)

[Round  10] Broadcasting to 2 edges...
  [Edge 0] W_n reset to global weights for new round.
  [Edge 1] W_n reset to global weights for new round.
  [Edge 0] G10 | E1 | Hier-pFedMe | Selected 10/10
  [Client  6] Received edge weights. Set local model to edge weights.
[C6] Test set: samples=750, class_dist={11: 70, 18: 85, 21: 73, 32: 89, 44: 80, 46: 73, 78: 127, 88: 85, 97: 68}
  [Client  3] Received edge weights. Set local model to edge weights.
[C3] Test set: samples=750, class_dist={4: 80, 6: 65, 7: 146, 14: 82, 21: 76, 35: 63, 38: 70, 65: 89, 80: 79}
  [Client  0] Received edge weights. Set local model to edge weights.
[C0] Test set: samples=750, class_dist={6: 83, 18: 67, 29: 71, 30: 73, 34: 78, 43: 77, 44: 71, 55: 71, 64: 82, 66: 77}
  [Client  4] Received edge weights. Set local model to edge weights.
[C4] Test set: samples=750, class_dist={19: 72, 31: 69, 42: 76, 43: 75, 63: 80, 66: 80, 72: 74, 79: 81, 91: 77, 98: 66}
  [Client  7] Received edge weights. Set local model to edge weights.
[C7] Test set: samples=750, class_dist={24: 68, 31: 72, 36: 73, 45: 74, 46: 76, 50: 79, 67: 92, 73: 75, 74: 61, 80: 80}
  [Client  1] Received edge weights. Set local model to edge weights.
[C1] Test set: samples=750, class_dist={1: 75, 11: 80, 26: 83, 27: 68, 29: 75, 32: 70, 73: 71, 75: 79, 99: 149}
  [Client  5] Received edge weights. Set local model to edge weights.
[C5] Test set: samples=750, class_dist={4: 76, 15: 79, 19: 73, 34: 66, 45: 81, 63: 90, 74: 77, 91: 69, 93: 86, 95: 53}
  [Client  2] Received edge weights. Set local model to edge weights.
[C2] Test set: samples=750, class_dist={35: 80, 36: 63, 38: 79, 42: 77, 50: 77, 64: 79, 72: 80, 77: 72, 97: 72, 98: 71}
  [Client  9] Received edge weights. Set local model to edge weights.
[C9] Test set: samples=750, class_dist={2: 167, 3: 151, 15: 78, 27: 67, 55: 68, 67: 71, 77: 66, 79: 82}
  [Client  8] Received edge weights. Set local model to edge weights.
[C8] Test set: samples=750, class_dist={1: 60, 14: 77, 24: 79, 26: 71, 30: 76, 65: 78, 75: 62, 88: 91, 93: 73, 95: 83}
  [Client  6] Starting Hier-pFedMe | λ2=35.0, η2=0.02, inner_steps=1, epochs=5, batches/epoch=141  [Client  3] Starting Hier-pFedMe | λ2=35.0, η2=0.02, inner_steps=1, epochs=5, batches/epoch=141

  [Client  4] Starting Hier-pFedMe | λ2=35.0, η2=0.02, inner_steps=1, epochs=5, batches/epoch=141  [Client  0] Starting Hier-pFedMe | λ2=35.0, η2=0.02, inner_steps=1, epochs=5, batches/epoch=141

  [Client  4] Round 10 | Hier-pFedMe(λ2=35.0, K=1) | loss=0.1493
  [Client  7] Starting Hier-pFedMe | λ2=35.0, η2=0.02, inner_steps=1, epochs=5, batches/epoch=141
  [Client  3] Round 10 | Hier-pFedMe(λ2=35.0, K=1) | loss=0.1500
  [Client  1] Starting Hier-pFedMe | λ2=35.0, η2=0.02, inner_steps=1, epochs=5, batches/epoch=141
  [Client  0] Round 10 | Hier-pFedMe(λ2=35.0, K=1) | loss=0.1660
  [Client  5] Starting Hier-pFedMe | λ2=35.0, η2=0.02, inner_steps=1, epochs=5, batches/epoch=141
  [Client  6] Round 10 | Hier-pFedMe(λ2=35.0, K=1) | loss=0.1599
  [Client  2] Starting Hier-pFedMe | λ2=35.0, η2=0.02, inner_steps=1, epochs=5, batches/epoch=141
  [Client  2] Round 10 | Hier-pFedMe(λ2=35.0, K=1) | loss=0.1703
  [Client  9] Starting Hier-pFedMe | λ2=35.0, η2=0.02, inner_steps=1, epochs=5, batches/epoch=141
  [Client  5] Round 10 | Hier-pFedMe(λ2=35.0, K=1) | loss=0.1657
  [Client  8] Starting Hier-pFedMe | λ2=35.0, η2=0.02, inner_steps=1, epochs=5, batches/epoch=141
  [Client  7] Round 10 | Hier-pFedMe(λ2=35.0, K=1) | loss=0.1612
  [Client  1] Round 10 | Hier-pFedMe(λ2=35.0, K=1) | loss=0.1431
  [Client  8] Round 10 | Hier-pFedMe(λ2=35.0, K=1) | loss=0.1432
  [Client  9] Round 10 | Hier-pFedMe(λ2=35.0, K=1) | loss=0.1462
  [Edge 0] G10 | E1 | loss=0.1555
  [Edge 0] G10 | E2 | Hier-pFedMe | Selected 10/10
  [Client  4] Received edge weights. Set local model to edge weights.
[C4] Test set: samples=750, class_dist={19: 72, 31: 69, 42: 76, 43: 75, 63: 80, 66: 80, 72: 74, 79: 81, 91: 77, 98: 66}
  [Client  5] Received edge weights. Set local model to edge weights.
[C5] Test set: samples=750, class_dist={4: 76, 15: 79, 19: 73, 34: 66, 45: 81, 63: 90, 74: 77, 91: 69, 93: 86, 95: 53}
  [Client  2] Received edge weights. Set local model to edge weights.
[C2] Test set: samples=750, class_dist={35: 80, 36: 63, 38: 79, 42: 77, 50: 77, 64: 79, 72: 80, 77: 72, 97: 72, 98: 71}
  [Client  8] Received edge weights. Set local model to edge weights.
[C8] Test set: samples=750, class_dist={1: 60, 14: 77, 24: 79, 26: 71, 30: 76, 65: 78, 75: 62, 88: 91, 93: 73, 95: 83}
  [Client  1] Received edge weights. Set local model to edge weights.
[C1] Test set: samples=750, class_dist={1: 75, 11: 80, 26: 83, 27: 68, 29: 75, 32: 70, 73: 71, 75: 79, 99: 149}
  [Client  9] Received edge weights. Set local model to edge weights.
[C9] Test set: samples=750, class_dist={2: 167, 3: 151, 15: 78, 27: 67, 55: 68, 67: 71, 77: 66, 79: 82}
  [Client  3] Received edge weights. Set local model to edge weights.
[C3] Test set: samples=750, class_dist={4: 80, 6: 65, 7: 146, 14: 82, 21: 76, 35: 63, 38: 70, 65: 89, 80: 79}
  [Client  0] Received edge weights. Set local model to edge weights.
[C0] Test set: samples=750, class_dist={6: 83, 18: 67, 29: 71, 30: 73, 34: 78, 43: 77, 44: 71, 55: 71, 64: 82, 66: 77}
  [Client  7] Received edge weights. Set local model to edge weights.
[C7] Test set: samples=750, class_dist={24: 68, 31: 72, 36: 73, 45: 74, 46: 76, 50: 79, 67: 92, 73: 75, 74: 61, 80: 80}
  [Client  6] Received edge weights. Set local model to edge weights.
[C6] Test set: samples=750, class_dist={11: 70, 18: 85, 21: 73, 32: 89, 44: 80, 46: 73, 78: 127, 88: 85, 97: 68}
  [Client  4] Starting Hier-pFedMe | λ2=35.0, η2=0.02, inner_steps=1, epochs=5, batches/epoch=141  [Client  5] Starting Hier-pFedMe | λ2=35.0, η2=0.02, inner_steps=1, epochs=5, batches/epoch=141

  [Client  8] Starting Hier-pFedMe | λ2=35.0, η2=0.02, inner_steps=1, epochs=5, batches/epoch=141
  [Client  2] Starting Hier-pFedMe | λ2=35.0, η2=0.02, inner_steps=1, epochs=5, batches/epoch=141
  [Client  5] Round 10 | Hier-pFedMe(λ2=35.0, K=1) | loss=0.1201
  [Client  1] Starting Hier-pFedMe | λ2=35.0, η2=0.02, inner_steps=1, epochs=5, batches/epoch=141
  [Client  2] Round 10 | Hier-pFedMe(λ2=35.0, K=1) | loss=0.1298
  [Client  9] Starting Hier-pFedMe | λ2=35.0, η2=0.02, inner_steps=1, epochs=5, batches/epoch=141
  [Client  4] Round 10 | Hier-pFedMe(λ2=35.0, K=1) | loss=0.1095
  [Client  3] Starting Hier-pFedMe | λ2=35.0, η2=0.02, inner_steps=1, epochs=5, batches/epoch=141
  [Client  8] Round 10 | Hier-pFedMe(λ2=35.0, K=1) | loss=0.0923
  [Client  0] Starting Hier-pFedMe | λ2=35.0, η2=0.02, inner_steps=1, epochs=5, batches/epoch=141
  [Client  1] Round 10 | Hier-pFedMe(λ2=35.0, K=1) | loss=0.1064
  [Client  7] Starting Hier-pFedMe | λ2=35.0, η2=0.02, inner_steps=1, epochs=5, batches/epoch=141
  [Client  3] Round 10 | Hier-pFedMe(λ2=35.0, K=1) | loss=0.1209
  [Client  6] Starting Hier-pFedMe | λ2=35.0, η2=0.02, inner_steps=1, epochs=5, batches/epoch=141
  [Client  0] Round 10 | Hier-pFedMe(λ2=35.0, K=1) | loss=0.1199
  [Client  9] Round 10 | Hier-pFedMe(λ2=35.0, K=1) | loss=0.1074
  [Client  6] Round 10 | Hier-pFedMe(λ2=35.0, K=1) | loss=0.1106
  [Client  7] Round 10 | Hier-pFedMe(λ2=35.0, K=1) | loss=0.1218
  [Edge 0] G10 | E2 | loss=0.1139
  [Edge 0] G10 | E3 | Hier-pFedMe | Selected 10/10
  [Client  3] Received edge weights. Set local model to edge weights.
[C3] Test set: samples=750, class_dist={4: 80, 6: 65, 7: 146, 14: 82, 21: 76, 35: 63, 38: 70, 65: 89, 80: 79}
  [Client  1] Received edge weights. Set local model to edge weights.
[C1] Test set: samples=750, class_dist={1: 75, 11: 80, 26: 83, 27: 68, 29: 75, 32: 70, 73: 71, 75: 79, 99: 149}
  [Client  2] Received edge weights. Set local model to edge weights.
[C2] Test set: samples=750, class_dist={35: 80, 36: 63, 38: 79, 42: 77, 50: 77, 64: 79, 72: 80, 77: 72, 97: 72, 98: 71}
  [Client  9] Received edge weights. Set local model to edge weights.
[C9] Test set: samples=750, class_dist={2: 167, 3: 151, 15: 78, 27: 67, 55: 68, 67: 71, 77: 66, 79: 82}
  [Client  0] Received edge weights. Set local model to edge weights.
[C0] Test set: samples=750, class_dist={6: 83, 18: 67, 29: 71, 30: 73, 34: 78, 43: 77, 44: 71, 55: 71, 64: 82, 66: 77}
  [Client  4] Received edge weights. Set local model to edge weights.
[C4] Test set: samples=750, class_dist={19: 72, 31: 69, 42: 76, 43: 75, 63: 80, 66: 80, 72: 74, 79: 81, 91: 77, 98: 66}
  [Client  5] Received edge weights. Set local model to edge weights.
[C5] Test set: samples=750, class_dist={4: 76, 15: 79, 19: 73, 34: 66, 45: 81, 63: 90, 74: 77, 91: 69, 93: 86, 95: 53}
  [Client  8] Received edge weights. Set local model to edge weights.
[C8] Test set: samples=750, class_dist={1: 60, 14: 77, 24: 79, 26: 71, 30: 76, 65: 78, 75: 62, 88: 91, 93: 73, 95: 83}
  [Client  7] Received edge weights. Set local model to edge weights.
[C7] Test set: samples=750, class_dist={24: 68, 31: 72, 36: 73, 45: 74, 46: 76, 50: 79, 67: 92, 73: 75, 74: 61, 80: 80}
  [Client  6] Received edge weights. Set local model to edge weights.
[C6] Test set: samples=750, class_dist={11: 70, 18: 85, 21: 73, 32: 89, 44: 80, 46: 73, 78: 127, 88: 85, 97: 68}
  [Client  3] Starting Hier-pFedMe | λ2=35.0, η2=0.02, inner_steps=1, epochs=5, batches/epoch=141  [Client  1] Starting Hier-pFedMe | λ2=35.0, η2=0.02, inner_steps=1, epochs=5, batches/epoch=141
  [Client  2] Starting Hier-pFedMe | λ2=35.0, η2=0.02, inner_steps=1, epochs=5, batches/epoch=141

  [Client  9] Starting Hier-pFedMe | λ2=35.0, η2=0.02, inner_steps=1, epochs=5, batches/epoch=141
  [Client  2] Round 10 | Hier-pFedMe(λ2=35.0, K=1) | loss=0.1049
  [Client  0] Starting Hier-pFedMe | λ2=35.0, η2=0.02, inner_steps=1, epochs=5, batches/epoch=141
  [Client  1] Round 10 | Hier-pFedMe(λ2=35.0, K=1) | loss=0.1096
  [Client  4] Starting Hier-pFedMe | λ2=35.0, η2=0.02, inner_steps=1, epochs=5, batches/epoch=141
  [Client  9] Round 10 | Hier-pFedMe(λ2=35.0, K=1) | loss=0.0904
  [Client  5] Starting Hier-pFedMe | λ2=35.0, η2=0.02, inner_steps=1, epochs=5, batches/epoch=141
  [Client  3] Round 10 | Hier-pFedMe(λ2=35.0, K=1) | loss=0.1010
  [Client  8] Starting Hier-pFedMe | λ2=35.0, η2=0.02, inner_steps=1, epochs=5, batches/epoch=141
  [Client  0] Round 10 | Hier-pFedMe(λ2=35.0, K=1) | loss=0.1089
  [Client  7] Starting Hier-pFedMe | λ2=35.0, η2=0.02, inner_steps=1, epochs=5, batches/epoch=141
  [Client  8] Round 10 | Hier-pFedMe(λ2=35.0, K=1) | loss=0.0953
  [Client  6] Starting Hier-pFedMe | λ2=35.0, η2=0.02, inner_steps=1, epochs=5, batches/epoch=141
  [Client  4] Round 10 | Hier-pFedMe(λ2=35.0, K=1) | loss=0.1005
  [Client  5] Round 10 | Hier-pFedMe(λ2=35.0, K=1) | loss=0.0940
  [Client  7] Round 10 | Hier-pFedMe(λ2=35.0, K=1) | loss=0.1021
  [Client  6] Round 10 | Hier-pFedMe(λ2=35.0, K=1) | loss=0.1045
  [Edge 0] G10 | E3 | loss=0.1011
  [Edge 0] G10 | E4 | Hier-pFedMe | Selected 10/10
  [Client  7] Received edge weights. Set local model to edge weights.
[C7] Test set: samples=750, class_dist={24: 68, 31: 72, 36: 73, 45: 74, 46: 76, 50: 79, 67: 92, 73: 75, 74: 61, 80: 80}
  [Client  2] Received edge weights. Set local model to edge weights.
[C2] Test set: samples=750, class_dist={35: 80, 36: 63, 38: 79, 42: 77, 50: 77, 64: 79, 72: 80, 77: 72, 97: 72, 98: 71}
  [Client  9] Received edge weights. Set local model to edge weights.
[C9] Test set: samples=750, class_dist={2: 167, 3: 151, 15: 78, 27: 67, 55: 68, 67: 71, 77: 66, 79: 82}
  [Client  4] Received edge weights. Set local model to edge weights.
[C4] Test set: samples=750, class_dist={19: 72, 31: 69, 42: 76, 43: 75, 63: 80, 66: 80, 72: 74, 79: 81, 91: 77, 98: 66}
  [Client  1] Received edge weights. Set local model to edge weights.
[C1] Test set: samples=750, class_dist={1: 75, 11: 80, 26: 83, 27: 68, 29: 75, 32: 70, 73: 71, 75: 79, 99: 149}
  [Client  3] Received edge weights. Set local model to edge weights.
[C3] Test set: samples=750, class_dist={4: 80, 6: 65, 7: 146, 14: 82, 21: 76, 35: 63, 38: 70, 65: 89, 80: 79}
  [Client  6] Received edge weights. Set local model to edge weights.
[C6] Test set: samples=750, class_dist={11: 70, 18: 85, 21: 73, 32: 89, 44: 80, 46: 73, 78: 127, 88: 85, 97: 68}
  [Client  0] Received edge weights. Set local model to edge weights.
[C0] Test set: samples=750, class_dist={6: 83, 18: 67, 29: 71, 30: 73, 34: 78, 43: 77, 44: 71, 55: 71, 64: 82, 66: 77}
  [Client  5] Received edge weights. Set local model to edge weights.
[C5] Test set: samples=750, class_dist={4: 76, 15: 79, 19: 73, 34: 66, 45: 81, 63: 90, 74: 77, 91: 69, 93: 86, 95: 53}
  [Client  8] Received edge weights. Set local model to edge weights.
[C8] Test set: samples=750, class_dist={1: 60, 14: 77, 24: 79, 26: 71, 30: 76, 65: 78, 75: 62, 88: 91, 93: 73, 95: 83}
  [Client  7] Starting Hier-pFedMe | λ2=35.0, η2=0.02, inner_steps=1, epochs=5, batches/epoch=141
  [Client  2] Starting Hier-pFedMe | λ2=35.0, η2=0.02, inner_steps=1, epochs=5, batches/epoch=141
  [Client  9] Starting Hier-pFedMe | λ2=35.0, η2=0.02, inner_steps=1, epochs=5, batches/epoch=141
  [Client  4] Starting Hier-pFedMe | λ2=35.0, η2=0.02, inner_steps=1, epochs=5, batches/epoch=141
  [Client  9] Round 10 | Hier-pFedMe(λ2=35.0, K=1) | loss=0.0802
  [Client  1] Starting Hier-pFedMe | λ2=35.0, η2=0.02, inner_steps=1, epochs=5, batches/epoch=141
  [Client  2] Round 10 | Hier-pFedMe(λ2=35.0, K=1) | loss=0.0980  [Client  4] Round 10 | Hier-pFedMe(λ2=35.0, K=1) | loss=0.0868

  [Client  3] Starting Hier-pFedMe | λ2=35.0, η2=0.02, inner_steps=1, epochs=5, batches/epoch=141
  [Client  6] Starting Hier-pFedMe | λ2=35.0, η2=0.02, inner_steps=1, epochs=5, batches/epoch=141
  [Client  7] Round 10 | Hier-pFedMe(λ2=35.0, K=1) | loss=0.0953
  [Client  0] Starting Hier-pFedMe | λ2=35.0, η2=0.02, inner_steps=1, epochs=5, batches/epoch=141
  [Client  1] Round 10 | Hier-pFedMe(λ2=35.0, K=1) | loss=0.0825
  [Client  5] Starting Hier-pFedMe | λ2=35.0, η2=0.02, inner_steps=1, epochs=5, batches/epoch=141
  [Client  3] Round 10 | Hier-pFedMe(λ2=35.0, K=1) | loss=0.0829
  [Client  8] Starting Hier-pFedMe | λ2=35.0, η2=0.02, inner_steps=1, epochs=5, batches/epoch=141
  [Client  6] Round 10 | Hier-pFedMe(λ2=35.0, K=1) | loss=0.0816
  [Client  0] Round 10 | Hier-pFedMe(λ2=35.0, K=1) | loss=0.0886
  [Client  5] Round 10 | Hier-pFedMe(λ2=35.0, K=1) | loss=0.0981
  [Client  8] Round 10 | Hier-pFedMe(λ2=35.0, K=1) | loss=0.0666
  [Edge 0] G10 | E4 | loss=0.0861
  [Edge 0] G10 | E5 | Hier-pFedMe | Selected 10/10
  [Client  9] Received edge weights. Set local model to edge weights.
[C9] Test set: samples=750, class_dist={2: 167, 3: 151, 15: 78, 27: 67, 55: 68, 67: 71, 77: 66, 79: 82}
  [Client  7] Received edge weights. Set local model to edge weights.
[C7] Test set: samples=750, class_dist={24: 68, 31: 72, 36: 73, 45: 74, 46: 76, 50: 79, 67: 92, 73: 75, 74: 61, 80: 80}
  [Client  3] Received edge weights. Set local model to edge weights.
[C3] Test set: samples=750, class_dist={4: 80, 6: 65, 7: 146, 14: 82, 21: 76, 35: 63, 38: 70, 65: 89, 80: 79}
  [Client  4] Received edge weights. Set local model to edge weights.
[C4] Test set: samples=750, class_dist={19: 72, 31: 69, 42: 76, 43: 75, 63: 80, 66: 80, 72: 74, 79: 81, 91: 77, 98: 66}
  [Client  2] Received edge weights. Set local model to edge weights.
[C2] Test set: samples=750, class_dist={35: 80, 36: 63, 38: 79, 42: 77, 50: 77, 64: 79, 72: 80, 77: 72, 97: 72, 98: 71}
  [Client  1] Received edge weights. Set local model to edge weights.
[C1] Test set: samples=750, class_dist={1: 75, 11: 80, 26: 83, 27: 68, 29: 75, 32: 70, 73: 71, 75: 79, 99: 149}
  [Client  6] Received edge weights. Set local model to edge weights.
[C6] Test set: samples=750, class_dist={11: 70, 18: 85, 21: 73, 32: 89, 44: 80, 46: 73, 78: 127, 88: 85, 97: 68}
  [Client  5] Received edge weights. Set local model to edge weights.
[C5] Test set: samples=750, class_dist={4: 76, 15: 79, 19: 73, 34: 66, 45: 81, 63: 90, 74: 77, 91: 69, 93: 86, 95: 53}
  [Client  8] Received edge weights. Set local model to edge weights.
[C8] Test set: samples=750, class_dist={1: 60, 14: 77, 24: 79, 26: 71, 30: 76, 65: 78, 75: 62, 88: 91, 93: 73, 95: 83}
  [Client  0] Received edge weights. Set local model to edge weights.
[C0] Test set: samples=750, class_dist={6: 83, 18: 67, 29: 71, 30: 73, 34: 78, 43: 77, 44: 71, 55: 71, 64: 82, 66: 77}
  [Client  9] Starting Hier-pFedMe | λ2=35.0, η2=0.02, inner_steps=1, epochs=5, batches/epoch=141  [Client  7] Starting Hier-pFedMe | λ2=35.0, η2=0.02, inner_steps=1, epochs=5, batches/epoch=141

  [Client  3] Starting Hier-pFedMe | λ2=35.0, η2=0.02, inner_steps=1, epochs=5, batches/epoch=141  [Client  4] Starting Hier-pFedMe | λ2=35.0, η2=0.02, inner_steps=1, epochs=5, batches/epoch=141

  [Client  3] Round 10 | Hier-pFedMe(λ2=35.0, K=1) | loss=0.0836
  [Client  2] Starting Hier-pFedMe | λ2=35.0, η2=0.02, inner_steps=1, epochs=5, batches/epoch=141
  [Client  7] Round 10 | Hier-pFedMe(λ2=35.0, K=1) | loss=0.0875
  [Client  1] Starting Hier-pFedMe | λ2=35.0, η2=0.02, inner_steps=1, epochs=5, batches/epoch=141
  [Client  9] Round 10 | Hier-pFedMe(λ2=35.0, K=1) | loss=0.0639
  [Client  6] Starting Hier-pFedMe | λ2=35.0, η2=0.02, inner_steps=1, epochs=5, batches/epoch=141
  [Client  4] Round 10 | Hier-pFedMe(λ2=35.0, K=1) | loss=0.0720
  [Client  5] Starting Hier-pFedMe | λ2=35.0, η2=0.02, inner_steps=1, epochs=5, batches/epoch=141
  [Client  2] Round 10 | Hier-pFedMe(λ2=35.0, K=1) | loss=0.0934
  [Client  8] Starting Hier-pFedMe | λ2=35.0, η2=0.02, inner_steps=1, epochs=5, batches/epoch=141
  [Client  1] Round 10 | Hier-pFedMe(λ2=35.0, K=1) | loss=0.0593
  [Client  0] Starting Hier-pFedMe | λ2=35.0, η2=0.02, inner_steps=1, epochs=5, batches/epoch=141
  [Client  6] Round 10 | Hier-pFedMe(λ2=35.0, K=1) | loss=0.0819
  [Client  5] Round 10 | Hier-pFedMe(λ2=35.0, K=1) | loss=0.0807
  [Client  8] Round 10 | Hier-pFedMe(λ2=35.0, K=1) | loss=0.0589
  [Client  0] Round 10 | Hier-pFedMe(λ2=35.0, K=1) | loss=0.0801
  [Edge 0] G10 | E5 | loss=0.0761
  [Edge 1] G10 | E1 | Hier-pFedMe | Selected 10/10
  [Client 16] Received edge weights. Set local model to edge weights.
[C16] Test set: samples=750, class_dist={20: 75, 22: 88, 28: 62, 52: 153, 53: 84, 59: 67, 70: 71, 76: 65, 82: 85}
  [Client 15] Received edge weights. Set local model to edge weights.
[C15] Test set: samples=750, class_dist={25: 79, 28: 75, 33: 65, 39: 81, 47: 75, 53: 72, 60: 73, 81: 75, 90: 77, 94: 78}
  [Client 13] Received edge weights. Set local model to edge weights.
[C13] Test set: samples=750, class_dist={8: 68, 9: 75, 20: 73, 37: 78, 39: 76, 48: 73, 59: 78, 68: 74, 86: 80, 90: 75}
  [Client 12] Received edge weights. Set local model to edge weights.
[C12] Test set: samples=750, class_dist={17: 72, 41: 154, 47: 72, 48: 78, 54: 85, 58: 68, 69: 83, 83: 72, 96: 66}
  [Client 10] Received edge weights. Set local model to edge weights.
[C10] Test set: samples=750, class_dist={5: 74, 9: 72, 51: 87, 54: 76, 57: 149, 84: 72, 89: 78, 92: 60, 94: 82}
  [Client 11] Received edge weights. Set local model to edge weights.
[C11] Test set: samples=750, class_dist={10: 175, 12: 136, 16: 85, 17: 77, 37: 65, 40: 70, 82: 70, 87: 72}
  [Client 14] Received edge weights. Set local model to edge weights.
[C14] Test set: samples=750, class_dist={22: 68, 33: 80, 40: 81, 49: 71, 56: 79, 62: 143, 83: 80, 85: 69, 87: 79}
  [Client 19] Received edge weights. Set local model to edge weights.
[C19] Test set: samples=750, class_dist={0: 66, 13: 168, 23: 137, 51: 86, 68: 65, 70: 82, 81: 64, 89: 82}
  [Client 17] Received edge weights. Set local model to edge weights.
[C17] Test set: samples=750, class_dist={49: 73, 56: 69, 58: 67, 60: 82, 61: 143, 69: 96, 71: 151, 85: 69}
  [Client 18] Received edge weights. Set local model to edge weights.
[C18] Test set: samples=750, class_dist={0: 71, 5: 79, 8: 79, 16: 71, 25: 72, 76: 70, 84: 81, 86: 67, 92: 81, 96: 79}
  [Client 16] Starting Hier-pFedMe | λ2=35.0, η2=0.02, inner_steps=1, epochs=5, batches/epoch=141
  [Client 15] Starting Hier-pFedMe | λ2=35.0, η2=0.02, inner_steps=1, epochs=5, batches/epoch=141  [Client 13] Starting Hier-pFedMe | λ2=35.0, η2=0.02, inner_steps=1, epochs=5, batches/epoch=141  [Client 12] Starting Hier-pFedMe | λ2=35.0, η2=0.02, inner_steps=1, epochs=5, batches/epoch=141


  [Client 16] Round 10 | Hier-pFedMe(λ2=35.0, K=1) | loss=0.1131
  [Client 10] Starting Hier-pFedMe | λ2=35.0, η2=0.02, inner_steps=1, epochs=5, batches/epoch=141
  [Client 15] Round 10 | Hier-pFedMe(λ2=35.0, K=1) | loss=0.1403
  [Client 11] Starting Hier-pFedMe | λ2=35.0, η2=0.02, inner_steps=1, epochs=5, batches/epoch=141
  [Client 13] Round 10 | Hier-pFedMe(λ2=35.0, K=1) | loss=0.1307
  [Client 14] Starting Hier-pFedMe | λ2=35.0, η2=0.02, inner_steps=1, epochs=5, batches/epoch=141
  [Client 12] Round 10 | Hier-pFedMe(λ2=35.0, K=1) | loss=0.1217
  [Client 19] Starting Hier-pFedMe | λ2=35.0, η2=0.02, inner_steps=1, epochs=5, batches/epoch=141
  [Client 10] Round 10 | Hier-pFedMe(λ2=35.0, K=1) | loss=0.1602
  [Client 17] Starting Hier-pFedMe | λ2=35.0, η2=0.02, inner_steps=1, epochs=5, batches/epoch=141
  [Client 11] Round 10 | Hier-pFedMe(λ2=35.0, K=1) | loss=0.1516
  [Client 18] Starting Hier-pFedMe | λ2=35.0, η2=0.02, inner_steps=1, epochs=5, batches/epoch=141
  [Client 19] Round 10 | Hier-pFedMe(λ2=35.0, K=1) | loss=0.1136
  [Client 14] Round 10 | Hier-pFedMe(λ2=35.0, K=1) | loss=0.1322
  [Client 17] Round 10 | Hier-pFedMe(λ2=35.0, K=1) | loss=0.1271
  [Client 18] Round 10 | Hier-pFedMe(λ2=35.0, K=1) | loss=0.1612
  [Edge 1] G10 | E1 | loss=0.1352
  [Edge 1] G10 | E2 | Hier-pFedMe | Selected 10/10
  [Client 14] Received edge weights. Set local model to edge weights.
[C14] Test set: samples=750, class_dist={22: 68, 33: 80, 40: 81, 49: 71, 56: 79, 62: 143, 83: 80, 85: 69, 87: 79}
  [Client 16] Received edge weights. Set local model to edge weights.
[C16] Test set: samples=750, class_dist={20: 75, 22: 88, 28: 62, 52: 153, 53: 84, 59: 67, 70: 71, 76: 65, 82: 85}
  [Client 12] Received edge weights. Set local model to edge weights.
[C12] Test set: samples=750, class_dist={17: 72, 41: 154, 47: 72, 48: 78, 54: 85, 58: 68, 69: 83, 83: 72, 96: 66}
  [Client 18] Received edge weights. Set local model to edge weights.
[C18] Test set: samples=750, class_dist={0: 71, 5: 79, 8: 79, 16: 71, 25: 72, 76: 70, 84: 81, 86: 67, 92: 81, 96: 79}
  [Client 13] Received edge weights. Set local model to edge weights.
[C13] Test set: samples=750, class_dist={8: 68, 9: 75, 20: 73, 37: 78, 39: 76, 48: 73, 59: 78, 68: 74, 86: 80, 90: 75}
  [Client 10] Received edge weights. Set local model to edge weights.
[C10] Test set: samples=750, class_dist={5: 74, 9: 72, 51: 87, 54: 76, 57: 149, 84: 72, 89: 78, 92: 60, 94: 82}
  [Client 19] Received edge weights. Set local model to edge weights.
[C19] Test set: samples=750, class_dist={0: 66, 13: 168, 23: 137, 51: 86, 68: 65, 70: 82, 81: 64, 89: 82}
  [Client 15] Received edge weights. Set local model to edge weights.
[C15] Test set: samples=750, class_dist={25: 79, 28: 75, 33: 65, 39: 81, 47: 75, 53: 72, 60: 73, 81: 75, 90: 77, 94: 78}
  [Client 17] Received edge weights. Set local model to edge weights.
[C17] Test set: samples=750, class_dist={49: 73, 56: 69, 58: 67, 60: 82, 61: 143, 69: 96, 71: 151, 85: 69}
  [Client 11] Received edge weights. Set local model to edge weights.
[C11] Test set: samples=750, class_dist={10: 175, 12: 136, 16: 85, 17: 77, 37: 65, 40: 70, 82: 70, 87: 72}
  [Client 16] Starting Hier-pFedMe | λ2=35.0, η2=0.02, inner_steps=1, epochs=5, batches/epoch=141
  [Client 12] Starting Hier-pFedMe | λ2=35.0, η2=0.02, inner_steps=1, epochs=5, batches/epoch=141
  [Client 14] Starting Hier-pFedMe | λ2=35.0, η2=0.02, inner_steps=1, epochs=5, batches/epoch=141  [Client 18] Starting Hier-pFedMe | λ2=35.0, η2=0.02, inner_steps=1, epochs=5, batches/epoch=141

  [Client 18] Round 10 | Hier-pFedMe(λ2=35.0, K=1) | loss=0.0986
  [Client 13] Starting Hier-pFedMe | λ2=35.0, η2=0.02, inner_steps=1, epochs=5, batches/epoch=141
  [Client 16] Round 10 | Hier-pFedMe(λ2=35.0, K=1) | loss=0.0700  [Client 14] Round 10 | Hier-pFedMe(λ2=35.0, K=1) | loss=0.0797

  [Client 10] Starting Hier-pFedMe | λ2=35.0, η2=0.02, inner_steps=1, epochs=5, batches/epoch=141  [Client 19] Starting Hier-pFedMe | λ2=35.0, η2=0.02, inner_steps=1, epochs=5, batches/epoch=141

  [Client 12] Round 10 | Hier-pFedMe(λ2=35.0, K=1) | loss=0.0651
  [Client 15] Starting Hier-pFedMe | λ2=35.0, η2=0.02, inner_steps=1, epochs=5, batches/epoch=141
  [Client 13] Round 10 | Hier-pFedMe(λ2=35.0, K=1) | loss=0.0959
  [Client 17] Starting Hier-pFedMe | λ2=35.0, η2=0.02, inner_steps=1, epochs=5, batches/epoch=141
  [Client 19] Round 10 | Hier-pFedMe(λ2=35.0, K=1) | loss=0.0662
  [Client 11] Starting Hier-pFedMe | λ2=35.0, η2=0.02, inner_steps=1, epochs=5, batches/epoch=141
  [Client 10] Round 10 | Hier-pFedMe(λ2=35.0, K=1) | loss=0.1075
  [Client 15] Round 10 | Hier-pFedMe(λ2=35.0, K=1) | loss=0.0755
  [Client 17] Round 10 | Hier-pFedMe(λ2=35.0, K=1) | loss=0.0806
  [Client 11] Round 10 | Hier-pFedMe(λ2=35.0, K=1) | loss=0.1060
  [Edge 1] G10 | E2 | loss=0.0845
  [Edge 1] G10 | E3 | Hier-pFedMe | Selected 10/10
  [Client 15] Received edge weights. Set local model to edge weights.
[C15] Test set: samples=750, class_dist={25: 79, 28: 75, 33: 65, 39: 81, 47: 75, 53: 72, 60: 73, 81: 75, 90: 77, 94: 78}
  [Client 12] Received edge weights. Set local model to edge weights.
[C12] Test set: samples=750, class_dist={17: 72, 41: 154, 47: 72, 48: 78, 54: 85, 58: 68, 69: 83, 83: 72, 96: 66}
  [Client 13] Received edge weights. Set local model to edge weights.
[C13] Test set: samples=750, class_dist={8: 68, 9: 75, 20: 73, 37: 78, 39: 76, 48: 73, 59: 78, 68: 74, 86: 80, 90: 75}
  [Client 19] Received edge weights. Set local model to edge weights.
[C19] Test set: samples=750, class_dist={0: 66, 13: 168, 23: 137, 51: 86, 68: 65, 70: 82, 81: 64, 89: 82}
  [Client 16] Received edge weights. Set local model to edge weights.
[C16] Test set: samples=750, class_dist={20: 75, 22: 88, 28: 62, 52: 153, 53: 84, 59: 67, 70: 71, 76: 65, 82: 85}
  [Client 10] Received edge weights. Set local model to edge weights.
[C10] Test set: samples=750, class_dist={5: 74, 9: 72, 51: 87, 54: 76, 57: 149, 84: 72, 89: 78, 92: 60, 94: 82}
  [Client 18] Received edge weights. Set local model to edge weights.
[C18] Test set: samples=750, class_dist={0: 71, 5: 79, 8: 79, 16: 71, 25: 72, 76: 70, 84: 81, 86: 67, 92: 81, 96: 79}
  [Client 11] Received edge weights. Set local model to edge weights.
[C11] Test set: samples=750, class_dist={10: 175, 12: 136, 16: 85, 17: 77, 37: 65, 40: 70, 82: 70, 87: 72}
  [Client 17] Received edge weights. Set local model to edge weights.
[C17] Test set: samples=750, class_dist={49: 73, 56: 69, 58: 67, 60: 82, 61: 143, 69: 96, 71: 151, 85: 69}
  [Client 14] Received edge weights. Set local model to edge weights.
[C14] Test set: samples=750, class_dist={22: 68, 33: 80, 40: 81, 49: 71, 56: 79, 62: 143, 83: 80, 85: 69, 87: 79}
  [Client 15] Starting Hier-pFedMe | λ2=35.0, η2=0.02, inner_steps=1, epochs=5, batches/epoch=141
  [Client 12] Starting Hier-pFedMe | λ2=35.0, η2=0.02, inner_steps=1, epochs=5, batches/epoch=141  [Client 19] Starting Hier-pFedMe | λ2=35.0, η2=0.02, inner_steps=1, epochs=5, batches/epoch=141  [Client 13] Starting Hier-pFedMe | λ2=35.0, η2=0.02, inner_steps=1, epochs=5, batches/epoch=141


  [Client 13] Round 10 | Hier-pFedMe(λ2=35.0, K=1) | loss=0.0824
  [Client 15] Round 10 | Hier-pFedMe(λ2=35.0, K=1) | loss=0.0787
  [Client 16] Starting Hier-pFedMe | λ2=35.0, η2=0.02, inner_steps=1, epochs=5, batches/epoch=141
  [Client 10] Starting Hier-pFedMe | λ2=35.0, η2=0.02, inner_steps=1, epochs=5, batches/epoch=141
  [Client 19] Round 10 | Hier-pFedMe(λ2=35.0, K=1) | loss=0.0635
  [Client 12] Round 10 | Hier-pFedMe(λ2=35.0, K=1) | loss=0.0635  [Client 18] Starting Hier-pFedMe | λ2=35.0, η2=0.02, inner_steps=1, epochs=5, batches/epoch=141

  [Client 11] Starting Hier-pFedMe | λ2=35.0, η2=0.02, inner_steps=1, epochs=5, batches/epoch=141
  [Client 10] Round 10 | Hier-pFedMe(λ2=35.0, K=1) | loss=0.0958
  [Client 16] Round 10 | Hier-pFedMe(λ2=35.0, K=1) | loss=0.0718
  [Client 17] Starting Hier-pFedMe | λ2=35.0, η2=0.02, inner_steps=1, epochs=5, batches/epoch=141  [Client 14] Starting Hier-pFedMe | λ2=35.0, η2=0.02, inner_steps=1, epochs=5, batches/epoch=141

  [Client 11] Round 10 | Hier-pFedMe(λ2=35.0, K=1) | loss=0.0932
  [Client 18] Round 10 | Hier-pFedMe(λ2=35.0, K=1) | loss=0.0857
  [Client 14] Round 10 | Hier-pFedMe(λ2=35.0, K=1) | loss=0.0784
  [Client 17] Round 10 | Hier-pFedMe(λ2=35.0, K=1) | loss=0.0658
  [Edge 1] G10 | E3 | loss=0.0779
  [Edge 1] G10 | E4 | Hier-pFedMe | Selected 10/10
  [Client 17] Received edge weights. Set local model to edge weights.
[C17] Test set: samples=750, class_dist={49: 73, 56: 69, 58: 67, 60: 82, 61: 143, 69: 96, 71: 151, 85: 69}
  [Client 18] Received edge weights. Set local model to edge weights.
[C18] Test set: samples=750, class_dist={0: 71, 5: 79, 8: 79, 16: 71, 25: 72, 76: 70, 84: 81, 86: 67, 92: 81, 96: 79}
  [Client 12] Received edge weights. Set local model to edge weights.
[C12] Test set: samples=750, class_dist={17: 72, 41: 154, 47: 72, 48: 78, 54: 85, 58: 68, 69: 83, 83: 72, 96: 66}
  [Client 19] Received edge weights. Set local model to edge weights.
[C19] Test set: samples=750, class_dist={0: 66, 13: 168, 23: 137, 51: 86, 68: 65, 70: 82, 81: 64, 89: 82}
  [Client 11] Received edge weights. Set local model to edge weights.
[C11] Test set: samples=750, class_dist={10: 175, 12: 136, 16: 85, 17: 77, 37: 65, 40: 70, 82: 70, 87: 72}
  [Client 15] Received edge weights. Set local model to edge weights.
[C15] Test set: samples=750, class_dist={25: 79, 28: 75, 33: 65, 39: 81, 47: 75, 53: 72, 60: 73, 81: 75, 90: 77, 94: 78}
  [Client 14] Received edge weights. Set local model to edge weights.
[C14] Test set: samples=750, class_dist={22: 68, 33: 80, 40: 81, 49: 71, 56: 79, 62: 143, 83: 80, 85: 69, 87: 79}
  [Client 16] Received edge weights. Set local model to edge weights.
[C16] Test set: samples=750, class_dist={20: 75, 22: 88, 28: 62, 52: 153, 53: 84, 59: 67, 70: 71, 76: 65, 82: 85}
  [Client 13] Received edge weights. Set local model to edge weights.
[C13] Test set: samples=750, class_dist={8: 68, 9: 75, 20: 73, 37: 78, 39: 76, 48: 73, 59: 78, 68: 74, 86: 80, 90: 75}
  [Client 10] Received edge weights. Set local model to edge weights.
[C10] Test set: samples=750, class_dist={5: 74, 9: 72, 51: 87, 54: 76, 57: 149, 84: 72, 89: 78, 92: 60, 94: 82}
  [Client 17] Starting Hier-pFedMe | λ2=35.0, η2=0.02, inner_steps=1, epochs=5, batches/epoch=141  [Client 18] Starting Hier-pFedMe | λ2=35.0, η2=0.02, inner_steps=1, epochs=5, batches/epoch=141
  [Client 12] Starting Hier-pFedMe | λ2=35.0, η2=0.02, inner_steps=1, epochs=5, batches/epoch=141
  [Client 19] Starting Hier-pFedMe | λ2=35.0, η2=0.02, inner_steps=1, epochs=5, batches/epoch=141

  [Client 12] Round 10 | Hier-pFedMe(λ2=35.0, K=1) | loss=0.0505
  [Client 11] Starting Hier-pFedMe | λ2=35.0, η2=0.02, inner_steps=1, epochs=5, batches/epoch=141
  [Client 18] Round 10 | Hier-pFedMe(λ2=35.0, K=1) | loss=0.0869
  [Client 15] Starting Hier-pFedMe | λ2=35.0, η2=0.02, inner_steps=1, epochs=5, batches/epoch=141
  [Client 19] Round 10 | Hier-pFedMe(λ2=35.0, K=1) | loss=0.0397
  [Client 14] Starting Hier-pFedMe | λ2=35.0, η2=0.02, inner_steps=1, epochs=5, batches/epoch=141
  [Client 17] Round 10 | Hier-pFedMe(λ2=35.0, K=1) | loss=0.0545
  [Client 16] Starting Hier-pFedMe | λ2=35.0, η2=0.02, inner_steps=1, epochs=5, batches/epoch=141
  [Client 11] Round 10 | Hier-pFedMe(λ2=35.0, K=1) | loss=0.0721
  [Client 13] Starting Hier-pFedMe | λ2=35.0, η2=0.02, inner_steps=1, epochs=5, batches/epoch=141
  [Client 16] Round 10 | Hier-pFedMe(λ2=35.0, K=1) | loss=0.0662
  [Client 10] Starting Hier-pFedMe | λ2=35.0, η2=0.02, inner_steps=1, epochs=5, batches/epoch=141
  [Client 15] Round 10 | Hier-pFedMe(λ2=35.0, K=1) | loss=0.0580
  [Client 14] Round 10 | Hier-pFedMe(λ2=35.0, K=1) | loss=0.0739
  [Client 13] Round 10 | Hier-pFedMe(λ2=35.0, K=1) | loss=0.0697
  [Client 10] Round 10 | Hier-pFedMe(λ2=35.0, K=1) | loss=0.0738
  [Edge 1] G10 | E4 | loss=0.0645
  [Edge 1] G10 | E5 | Hier-pFedMe | Selected 10/10
  [Client 10] Received edge weights. Set local model to edge weights.
[C10] Test set: samples=750, class_dist={5: 74, 9: 72, 51: 87, 54: 76, 57: 149, 84: 72, 89: 78, 92: 60, 94: 82}
  [Client 15] Received edge weights. Set local model to edge weights.
[C15] Test set: samples=750, class_dist={25: 79, 28: 75, 33: 65, 39: 81, 47: 75, 53: 72, 60: 73, 81: 75, 90: 77, 94: 78}
  [Client 18] Received edge weights. Set local model to edge weights.
[C18] Test set: samples=750, class_dist={0: 71, 5: 79, 8: 79, 16: 71, 25: 72, 76: 70, 84: 81, 86: 67, 92: 81, 96: 79}
  [Client 14] Received edge weights. Set local model to edge weights.
[C14] Test set: samples=750, class_dist={22: 68, 33: 80, 40: 81, 49: 71, 56: 79, 62: 143, 83: 80, 85: 69, 87: 79}
  [Client 12] Received edge weights. Set local model to edge weights.
[C12] Test set: samples=750, class_dist={17: 72, 41: 154, 47: 72, 48: 78, 54: 85, 58: 68, 69: 83, 83: 72, 96: 66}
  [Client 19] Received edge weights. Set local model to edge weights.
[C19] Test set: samples=750, class_dist={0: 66, 13: 168, 23: 137, 51: 86, 68: 65, 70: 82, 81: 64, 89: 82}
  [Client 16] Received edge weights. Set local model to edge weights.
[C16] Test set: samples=750, class_dist={20: 75, 22: 88, 28: 62, 52: 153, 53: 84, 59: 67, 70: 71, 76: 65, 82: 85}
  [Client 11] Received edge weights. Set local model to edge weights.
[C11] Test set: samples=750, class_dist={10: 175, 12: 136, 16: 85, 17: 77, 37: 65, 40: 70, 82: 70, 87: 72}
  [Client 17] Received edge weights. Set local model to edge weights.
[C17] Test set: samples=750, class_dist={49: 73, 56: 69, 58: 67, 60: 82, 61: 143, 69: 96, 71: 151, 85: 69}
  [Client 13] Received edge weights. Set local model to edge weights.
[C13] Test set: samples=750, class_dist={8: 68, 9: 75, 20: 73, 37: 78, 39: 76, 48: 73, 59: 78, 68: 74, 86: 80, 90: 75}
  [Client 15] Starting Hier-pFedMe | λ2=35.0, η2=0.02, inner_steps=1, epochs=5, batches/epoch=141  [Client 10] Starting Hier-pFedMe | λ2=35.0, η2=0.02, inner_steps=1, epochs=5, batches/epoch=141

  [Client 18] Starting Hier-pFedMe | λ2=35.0, η2=0.02, inner_steps=1, epochs=5, batches/epoch=141  [Client 14] Starting Hier-pFedMe | λ2=35.0, η2=0.02, inner_steps=1, epochs=5, batches/epoch=141

  [Client 18] Round 10 | Hier-pFedMe(λ2=35.0, K=1) | loss=0.0638
  [Client 12] Starting Hier-pFedMe | λ2=35.0, η2=0.02, inner_steps=1, epochs=5, batches/epoch=141
  [Client 15] Round 10 | Hier-pFedMe(λ2=35.0, K=1) | loss=0.0534
  [Client 19] Starting Hier-pFedMe | λ2=35.0, η2=0.02, inner_steps=1, epochs=5, batches/epoch=141
  [Client 14] Round 10 | Hier-pFedMe(λ2=35.0, K=1) | loss=0.0645
  [Client 16] Starting Hier-pFedMe | λ2=35.0, η2=0.02, inner_steps=1, epochs=5, batches/epoch=141
  [Client 10] Round 10 | Hier-pFedMe(λ2=35.0, K=1) | loss=0.0674
  [Client 11] Starting Hier-pFedMe | λ2=35.0, η2=0.02, inner_steps=1, epochs=5, batches/epoch=141
  [Client 12] Round 10 | Hier-pFedMe(λ2=35.0, K=1) | loss=0.0617
  [Client 17] Starting Hier-pFedMe | λ2=35.0, η2=0.02, inner_steps=1, epochs=5, batches/epoch=141
  [Client 19] Round 10 | Hier-pFedMe(λ2=35.0, K=1) | loss=0.0492
  [Client 13] Starting Hier-pFedMe | λ2=35.0, η2=0.02, inner_steps=1, epochs=5, batches/epoch=141
  [Client 16] Round 10 | Hier-pFedMe(λ2=35.0, K=1) | loss=0.0493
  [Client 11] Round 10 | Hier-pFedMe(λ2=35.0, K=1) | loss=0.0772
  [Client 17] Round 10 | Hier-pFedMe(λ2=35.0, K=1) | loss=0.0551
  [Client 13] Round 10 | Hier-pFedMe(λ2=35.0, K=1) | loss=0.0622
  [Edge 1] G10 | E5 | loss=0.0604
  [Cloud] Using Hier-pFedMe global aggregation (式 9).
[C0] n=750 | classes=[6, 18, 29, 30, 34, 43, 44, 55, 64, 66] | acc=0.4587 | per_class={6: '0.42', 18: '0.45', 29: '0.54', 30: '0.73', 34: '0.45', 43: '0.48', 44: '0.31', 55: '0.30', 64: '0.38', 66: '0.55'}
[C1] n=750 | classes=[1, 11, 26, 27, 29, 32, 73, 75, 99] | acc=0.6240 | per_class={1: '0.69', 11: '0.59', 26: '0.48', 27: '0.54', 29: '0.56', 32: '0.49', 73: '0.68', 75: '0.78', 99: '0.71'}
[C2] n=750 | classes=[35, 36, 38, 42, 50, 64, 72, 77, 97, 98] | acc=0.3973 | per_class={35: '0.39', 36: '0.51', 38: '0.39', 42: '0.47', 50: '0.22', 64: '0.35', 72: '0.49', 77: '0.40', 97: '0.50', 98: '0.27'}
[C3] n=750 | classes=[4, 6, 7, 14, 21, 35, 38, 65, 80] | acc=0.4893 | per_class={4: '0.38', 6: '0.45', 7: '0.70', 14: '0.40', 21: '0.63', 35: '0.63', 38: '0.43', 65: '0.35', 80: '0.30'}
[C4] n=750 | classes=[19, 31, 42, 43, 63, 66, 72, 79, 91, 98] | acc=0.5213 | per_class={19: '0.50', 31: '0.42', 42: '0.47', 43: '0.55', 63: '0.46', 66: '0.41', 72: '0.50', 79: '0.56', 91: '0.70', 98: '0.65'}
[C5] n=750 | classes=[4, 15, 19, 34, 45, 63, 74, 91, 93, 95] | acc=0.4880 | per_class={4: '0.37', 15: '0.52', 19: '0.36', 34: '0.52', 45: '0.52', 63: '0.47', 74: '0.40', 91: '0.61', 93: '0.43', 95: '0.81'}
[C6] n=750 | classes=[11, 18, 21, 32, 44, 46, 78, 88, 97] | acc=0.4880 | per_class={11: '0.40', 18: '0.46', 21: '0.64', 32: '0.62', 44: '0.34', 46: '0.27', 78: '0.57', 88: '0.51', 97: '0.50'}
[C7] n=750 | classes=[24, 31, 36, 45, 46, 50, 67, 73, 74, 80] | acc=0.5160 | per_class={24: '0.79', 31: '0.62', 36: '0.64', 45: '0.42', 46: '0.47', 50: '0.24', 67: '0.46', 73: '0.68', 74: '0.46', 80: '0.42'}
[C8] n=750 | classes=[1, 14, 24, 26, 30, 65, 75, 88, 93, 95] | acc=0.5653 | per_class={1: '0.73', 14: '0.61', 24: '0.84', 26: '0.49', 30: '0.53', 65: '0.46', 75: '0.68', 88: '0.51', 93: '0.27', 95: '0.58'}
[C9] n=750 | classes=[2, 3, 15, 27, 55, 67, 77, 79] | acc=0.5573 | per_class={2: '0.72', 3: '0.60', 15: '0.45', 27: '0.63', 55: '0.24', 67: '0.68', 77: '0.38', 79: '0.49'}
[C10] n=750 | classes=[5, 9, 51, 54, 57, 84, 89, 92, 94] | acc=0.6160 | per_class={5: '0.54', 9: '0.54', 51: '0.68', 54: '0.46', 57: '0.69', 84: '0.40', 89: '0.72', 92: '0.65', 94: '0.76'}
[C11] n=750 | classes=[10, 12, 16, 17, 37, 40, 82, 87] | acc=0.6187 | per_class={10: '0.71', 12: '0.69', 16: '0.41', 17: '0.66', 37: '0.38', 40: '0.54', 82: '0.91', 87: '0.44'}
[C12] n=750 | classes=[17, 41, 47, 48, 54, 58, 69, 83, 96] | acc=0.7413 | per_class={17: '0.82', 41: '0.78', 47: '0.69', 48: '0.67', 54: '0.72', 58: '0.69', 69: '0.77', 83: '0.83', 96: '0.65'}
[C13] n=750 | classes=[8, 9, 20, 37, 39, 48, 59, 68, 86, 90] | acc=0.6253 | per_class={8: '0.54', 9: '0.64', 20: '0.77', 37: '0.54', 39: '0.63', 48: '0.56', 59: '0.74', 68: '0.89', 86: '0.49', 90: '0.45'}
[C14] n=750 | classes=[22, 33, 40, 49, 56, 62, 83, 85, 87] | acc=0.7107 | per_class={22: '0.56', 33: '0.75', 40: '0.54', 49: '0.90', 56: '0.87', 62: '0.86', 83: '0.53', 85: '0.77', 87: '0.51'}
[C15] n=750 | classes=[25, 28, 33, 39, 47, 53, 60, 81, 90, 94] | acc=0.6840 | per_class={25: '0.44', 28: '0.65', 33: '0.69', 39: '0.67', 47: '0.81', 53: '0.90', 60: '0.92', 81: '0.55', 90: '0.56', 94: '0.68'}
[C16] n=750 | classes=[20, 22, 28, 52, 53, 59, 70, 76, 82] | acc=0.7733 | per_class={20: '0.83', 22: '0.65', 28: '0.69', 52: '0.84', 53: '0.90', 59: '0.48', 70: '0.76', 76: '0.83', 82: '0.86'}
[C17] n=750 | classes=[49, 56, 58, 60, 61, 69, 71, 85] | acc=0.7640 | per_class={49: '0.67', 56: '0.81', 58: '0.66', 60: '0.72', 61: '0.92', 69: '0.71', 71: '0.78', 85: '0.68'}
[C18] n=750 | classes=[0, 5, 8, 16, 25, 76, 84, 86, 92, 96] | acc=0.6213 | per_class={0: '0.80', 5: '0.52', 8: '0.66', 16: '0.34', 25: '0.42', 76: '0.81', 84: '0.44', 86: '0.63', 92: '0.73', 96: '0.86'}
[C19] n=750 | classes=[0, 13, 23, 51, 68, 70, 81, 89] | acc=0.6973 | per_class={0: '0.83', 13: '0.64', 23: '0.84', 51: '0.69', 68: '0.80', 70: '0.77', 81: '0.34', 89: '0.60'}
  [Cloud] GM=0.1836 | EM=0.2725 PM=0.5979 | loss=4.8560 | time=116.5s | comm=719.6MB (total=7196MB)

[Round  11] Broadcasting to 2 edges...
  [Edge 0] W_n reset to global weights for new round.
  [Edge 1] W_n reset to global weights for new round.
  [Edge 0] G11 | E1 | Hier-pFedMe | Selected 10/10
  [Client  2] Received edge weights. Set local model to edge weights.
[C2] Test set: samples=750, class_dist={35: 80, 36: 63, 38: 79, 42: 77, 50: 77, 64: 79, 72: 80, 77: 72, 97: 72, 98: 71}
  [Client  0] Received edge weights. Set local model to edge weights.
[C0] Test set: samples=750, class_dist={6: 83, 18: 67, 29: 71, 30: 73, 34: 78, 43: 77, 44: 71, 55: 71, 64: 82, 66: 77}
  [Client  8] Received edge weights. Set local model to edge weights.
[C8] Test set: samples=750, class_dist={1: 60, 14: 77, 24: 79, 26: 71, 30: 76, 65: 78, 75: 62, 88: 91, 93: 73, 95: 83}
  [Client  1] Received edge weights. Set local model to edge weights.
[C1] Test set: samples=750, class_dist={1: 75, 11: 80, 26: 83, 27: 68, 29: 75, 32: 70, 73: 71, 75: 79, 99: 149}
  [Client  6] Received edge weights. Set local model to edge weights.
[C6] Test set: samples=750, class_dist={11: 70, 18: 85, 21: 73, 32: 89, 44: 80, 46: 73, 78: 127, 88: 85, 97: 68}
  [Client  3] Received edge weights. Set local model to edge weights.
[C3] Test set: samples=750, class_dist={4: 80, 6: 65, 7: 146, 14: 82, 21: 76, 35: 63, 38: 70, 65: 89, 80: 79}
  [Client  4] Received edge weights. Set local model to edge weights.
[C4] Test set: samples=750, class_dist={19: 72, 31: 69, 42: 76, 43: 75, 63: 80, 66: 80, 72: 74, 79: 81, 91: 77, 98: 66}
  [Client  5] Received edge weights. Set local model to edge weights.
[C5] Test set: samples=750, class_dist={4: 76, 15: 79, 19: 73, 34: 66, 45: 81, 63: 90, 74: 77, 91: 69, 93: 86, 95: 53}
  [Client  9] Received edge weights. Set local model to edge weights.
[C9] Test set: samples=750, class_dist={2: 167, 3: 151, 15: 78, 27: 67, 55: 68, 67: 71, 77: 66, 79: 82}
  [Client  7] Received edge weights. Set local model to edge weights.
[C7] Test set: samples=750, class_dist={24: 68, 31: 72, 36: 73, 45: 74, 46: 76, 50: 79, 67: 92, 73: 75, 74: 61, 80: 80}
  [Client  2] Starting Hier-pFedMe | λ2=35.0, η2=0.02, inner_steps=1, epochs=5, batches/epoch=141
  [Client  8] Starting Hier-pFedMe | λ2=35.0, η2=0.02, inner_steps=1, epochs=5, batches/epoch=141  [Client  0] Starting Hier-pFedMe | λ2=35.0, η2=0.02, inner_steps=1, epochs=5, batches/epoch=141

  [Client  1] Starting Hier-pFedMe | λ2=35.0, η2=0.02, inner_steps=1, epochs=5, batches/epoch=141
  [Client  8] Round 11 | Hier-pFedMe(λ2=35.0, K=1) | loss=0.1207
  [Client  6] Starting Hier-pFedMe | λ2=35.0, η2=0.02, inner_steps=1, epochs=5, batches/epoch=141  [Client  2] Round 11 | Hier-pFedMe(λ2=35.0, K=1) | loss=0.1419
  [Client  3] Starting Hier-pFedMe | λ2=35.0, η2=0.02, inner_steps=1, epochs=5, batches/epoch=141

  [Client  0] Round 11 | Hier-pFedMe(λ2=35.0, K=1) | loss=0.1404
  [Client  4] Starting Hier-pFedMe | λ2=35.0, η2=0.02, inner_steps=1, epochs=5, batches/epoch=141
  [Client  1] Round 11 | Hier-pFedMe(λ2=35.0, K=1) | loss=0.1200
  [Client  5] Starting Hier-pFedMe | λ2=35.0, η2=0.02, inner_steps=1, epochs=5, batches/epoch=141
  [Client  3] Round 11 | Hier-pFedMe(λ2=35.0, K=1) | loss=0.1347
  [Client  9] Starting Hier-pFedMe | λ2=35.0, η2=0.02, inner_steps=1, epochs=5, batches/epoch=141
  [Client  4] Round 11 | Hier-pFedMe(λ2=35.0, K=1) | loss=0.1314
  [Client  7] Starting Hier-pFedMe | λ2=35.0, η2=0.02, inner_steps=1, epochs=5, batches/epoch=141
  [Client  5] Round 11 | Hier-pFedMe(λ2=35.0, K=1) | loss=0.1324
  [Client  6] Round 11 | Hier-pFedMe(λ2=35.0, K=1) | loss=0.1382
  [Client  7] Round 11 | Hier-pFedMe(λ2=35.0, K=1) | loss=0.1339
  [Client  9] Round 11 | Hier-pFedMe(λ2=35.0, K=1) | loss=0.1211
  [Edge 0] G11 | E1 | loss=0.1315
  [Edge 0] G11 | E2 | Hier-pFedMe | Selected 10/10
  [Client  4] Received edge weights. Set local model to edge weights.
[C4] Test set: samples=750, class_dist={19: 72, 31: 69, 42: 76, 43: 75, 63: 80, 66: 80, 72: 74, 79: 81, 91: 77, 98: 66}
  [Client  2] Received edge weights. Set local model to edge weights.
[C2] Test set: samples=750, class_dist={35: 80, 36: 63, 38: 79, 42: 77, 50: 77, 64: 79, 72: 80, 77: 72, 97: 72, 98: 71}
  [Client  0] Received edge weights. Set local model to edge weights.
[C0] Test set: samples=750, class_dist={6: 83, 18: 67, 29: 71, 30: 73, 34: 78, 43: 77, 44: 71, 55: 71, 64: 82, 66: 77}
  [Client  8] Received edge weights. Set local model to edge weights.
[C8] Test set: samples=750, class_dist={1: 60, 14: 77, 24: 79, 26: 71, 30: 76, 65: 78, 75: 62, 88: 91, 93: 73, 95: 83}
  [Client  5] Received edge weights. Set local model to edge weights.
[C5] Test set: samples=750, class_dist={4: 76, 15: 79, 19: 73, 34: 66, 45: 81, 63: 90, 74: 77, 91: 69, 93: 86, 95: 53}
  [Client  7] Received edge weights. Set local model to edge weights.
[C7] Test set: samples=750, class_dist={24: 68, 31: 72, 36: 73, 45: 74, 46: 76, 50: 79, 67: 92, 73: 75, 74: 61, 80: 80}
  [Client  1] Received edge weights. Set local model to edge weights.
[C1] Test set: samples=750, class_dist={1: 75, 11: 80, 26: 83, 27: 68, 29: 75, 32: 70, 73: 71, 75: 79, 99: 149}
  [Client  6] Received edge weights. Set local model to edge weights.
[C6] Test set: samples=750, class_dist={11: 70, 18: 85, 21: 73, 32: 89, 44: 80, 46: 73, 78: 127, 88: 85, 97: 68}
  [Client  9] Received edge weights. Set local model to edge weights.
[C9] Test set: samples=750, class_dist={2: 167, 3: 151, 15: 78, 27: 67, 55: 68, 67: 71, 77: 66, 79: 82}
  [Client  3] Received edge weights. Set local model to edge weights.
[C3] Test set: samples=750, class_dist={4: 80, 6: 65, 7: 146, 14: 82, 21: 76, 35: 63, 38: 70, 65: 89, 80: 79}
  [Client  4] Starting Hier-pFedMe | λ2=35.0, η2=0.02, inner_steps=1, epochs=5, batches/epoch=141  [Client  2] Starting Hier-pFedMe | λ2=35.0, η2=0.02, inner_steps=1, epochs=5, batches/epoch=141

  [Client  0] Starting Hier-pFedMe | λ2=35.0, η2=0.02, inner_steps=1, epochs=5, batches/epoch=141  [Client  8] Starting Hier-pFedMe | λ2=35.0, η2=0.02, inner_steps=1, epochs=5, batches/epoch=141

  [Client  8] Round 11 | Hier-pFedMe(λ2=35.0, K=1) | loss=0.0664
  [Client  5] Starting Hier-pFedMe | λ2=35.0, η2=0.02, inner_steps=1, epochs=5, batches/epoch=141
  [Client  2] Round 11 | Hier-pFedMe(λ2=35.0, K=1) | loss=0.1025
  [Client  7] Starting Hier-pFedMe | λ2=35.0, η2=0.02, inner_steps=1, epochs=5, batches/epoch=141
  [Client  0] Round 11 | Hier-pFedMe(λ2=35.0, K=1) | loss=0.0864
  [Client  1] Starting Hier-pFedMe | λ2=35.0, η2=0.02, inner_steps=1, epochs=5, batches/epoch=141
  [Client  4] Round 11 | Hier-pFedMe(λ2=35.0, K=1) | loss=0.0934
  [Client  6] Starting Hier-pFedMe | λ2=35.0, η2=0.02, inner_steps=1, epochs=5, batches/epoch=141
  [Client  5] Round 11 | Hier-pFedMe(λ2=35.0, K=1) | loss=0.0934
  [Client  9] Starting Hier-pFedMe | λ2=35.0, η2=0.02, inner_steps=1, epochs=5, batches/epoch=141
  [Client  7] Round 11 | Hier-pFedMe(λ2=35.0, K=1) | loss=0.0796
  [Client  3] Starting Hier-pFedMe | λ2=35.0, η2=0.02, inner_steps=1, epochs=5, batches/epoch=141
  [Client  1] Round 11 | Hier-pFedMe(λ2=35.0, K=1) | loss=0.0817
  [Client  6] Round 11 | Hier-pFedMe(λ2=35.0, K=1) | loss=0.0774
  [Client  9] Round 11 | Hier-pFedMe(λ2=35.0, K=1) | loss=0.0743
  [Client  3] Round 11 | Hier-pFedMe(λ2=35.0, K=1) | loss=0.0836
  [Edge 0] G11 | E2 | loss=0.0839
  [Edge 0] G11 | E3 | Hier-pFedMe | Selected 10/10
  [Client  8] Received edge weights. Set local model to edge weights.
[C8] Test set: samples=750, class_dist={1: 60, 14: 77, 24: 79, 26: 71, 30: 76, 65: 78, 75: 62, 88: 91, 93: 73, 95: 83}
  [Client  3] Received edge weights. Set local model to edge weights.
[C3] Test set: samples=750, class_dist={4: 80, 6: 65, 7: 146, 14: 82, 21: 76, 35: 63, 38: 70, 65: 89, 80: 79}
  [Client  0] Received edge weights. Set local model to edge weights.
[C0] Test set: samples=750, class_dist={6: 83, 18: 67, 29: 71, 30: 73, 34: 78, 43: 77, 44: 71, 55: 71, 64: 82, 66: 77}
  [Client  1] Received edge weights. Set local model to edge weights.
[C1] Test set: samples=750, class_dist={1: 75, 11: 80, 26: 83, 27: 68, 29: 75, 32: 70, 73: 71, 75: 79, 99: 149}
  [Client  9] Received edge weights. Set local model to edge weights.
[C9] Test set: samples=750, class_dist={2: 167, 3: 151, 15: 78, 27: 67, 55: 68, 67: 71, 77: 66, 79: 82}
  [Client  7] Received edge weights. Set local model to edge weights.
[C7] Test set: samples=750, class_dist={24: 68, 31: 72, 36: 73, 45: 74, 46: 76, 50: 79, 67: 92, 73: 75, 74: 61, 80: 80}
  [Client  2] Received edge weights. Set local model to edge weights.
[C2] Test set: samples=750, class_dist={35: 80, 36: 63, 38: 79, 42: 77, 50: 77, 64: 79, 72: 80, 77: 72, 97: 72, 98: 71}
  [Client  5] Received edge weights. Set local model to edge weights.
[C5] Test set: samples=750, class_dist={4: 76, 15: 79, 19: 73, 34: 66, 45: 81, 63: 90, 74: 77, 91: 69, 93: 86, 95: 53}
  [Client  4] Received edge weights. Set local model to edge weights.
[C4] Test set: samples=750, class_dist={19: 72, 31: 69, 42: 76, 43: 75, 63: 80, 66: 80, 72: 74, 79: 81, 91: 77, 98: 66}
  [Client  6] Received edge weights. Set local model to edge weights.
[C6] Test set: samples=750, class_dist={11: 70, 18: 85, 21: 73, 32: 89, 44: 80, 46: 73, 78: 127, 88: 85, 97: 68}
  [Client  3] Starting Hier-pFedMe | λ2=35.0, η2=0.02, inner_steps=1, epochs=5, batches/epoch=141  [Client  8] Starting Hier-pFedMe | λ2=35.0, η2=0.02, inner_steps=1, epochs=5, batches/epoch=141

  [Client  0] Starting Hier-pFedMe | λ2=35.0, η2=0.02, inner_steps=1, epochs=5, batches/epoch=141
  [Client  1] Starting Hier-pFedMe | λ2=35.0, η2=0.02, inner_steps=1, epochs=5, batches/epoch=141
  [Client  8] Round 11 | Hier-pFedMe(λ2=35.0, K=1) | loss=0.0683
  [Client  9] Starting Hier-pFedMe | λ2=35.0, η2=0.02, inner_steps=1, epochs=5, batches/epoch=141
  [Client  0] Round 11 | Hier-pFedMe(λ2=35.0, K=1) | loss=0.0719
  [Client  7] Starting Hier-pFedMe | λ2=35.0, η2=0.02, inner_steps=1, epochs=5, batches/epoch=141
  [Client  3] Round 11 | Hier-pFedMe(λ2=35.0, K=1) | loss=0.0918
  [Client  2] Starting Hier-pFedMe | λ2=35.0, η2=0.02, inner_steps=1, epochs=5, batches/epoch=141
  [Client  1] Round 11 | Hier-pFedMe(λ2=35.0, K=1) | loss=0.0684
  [Client  5] Starting Hier-pFedMe | λ2=35.0, η2=0.02, inner_steps=1, epochs=5, batches/epoch=141
  [Client  5] Round 11 | Hier-pFedMe(λ2=35.0, K=1) | loss=0.0916
  [Client  4] Starting Hier-pFedMe | λ2=35.0, η2=0.02, inner_steps=1, epochs=5, batches/epoch=141
  [Client  2] Round 11 | Hier-pFedMe(λ2=35.0, K=1) | loss=0.0818
  [Client  6] Starting Hier-pFedMe | λ2=35.0, η2=0.02, inner_steps=1, epochs=5, batches/epoch=141
  [Client  7] Round 11 | Hier-pFedMe(λ2=35.0, K=1) | loss=0.0800
  [Client  9] Round 11 | Hier-pFedMe(λ2=35.0, K=1) | loss=0.0815
  [Client  4] Round 11 | Hier-pFedMe(λ2=35.0, K=1) | loss=0.0754
  [Client  6] Round 11 | Hier-pFedMe(λ2=35.0, K=1) | loss=0.0855
  [Edge 0] G11 | E3 | loss=0.0796
  [Edge 0] G11 | E4 | Hier-pFedMe | Selected 10/10
  [Client  8] Received edge weights. Set local model to edge weights.
[C8] Test set: samples=750, class_dist={1: 60, 14: 77, 24: 79, 26: 71, 30: 76, 65: 78, 75: 62, 88: 91, 93: 73, 95: 83}
  [Client  3] Received edge weights. Set local model to edge weights.
[C3] Test set: samples=750, class_dist={4: 80, 6: 65, 7: 146, 14: 82, 21: 76, 35: 63, 38: 70, 65: 89, 80: 79}
  [Client  0] Received edge weights. Set local model to edge weights.
[C0] Test set: samples=750, class_dist={6: 83, 18: 67, 29: 71, 30: 73, 34: 78, 43: 77, 44: 71, 55: 71, 64: 82, 66: 77}
  [Client  6] Received edge weights. Set local model to edge weights.
[C6] Test set: samples=750, class_dist={11: 70, 18: 85, 21: 73, 32: 89, 44: 80, 46: 73, 78: 127, 88: 85, 97: 68}
  [Client  5] Received edge weights. Set local model to edge weights.
[C5] Test set: samples=750, class_dist={4: 76, 15: 79, 19: 73, 34: 66, 45: 81, 63: 90, 74: 77, 91: 69, 93: 86, 95: 53}
  [Client  2] Received edge weights. Set local model to edge weights.
[C2] Test set: samples=750, class_dist={35: 80, 36: 63, 38: 79, 42: 77, 50: 77, 64: 79, 72: 80, 77: 72, 97: 72, 98: 71}
  [Client  1] Received edge weights. Set local model to edge weights.
[C1] Test set: samples=750, class_dist={1: 75, 11: 80, 26: 83, 27: 68, 29: 75, 32: 70, 73: 71, 75: 79, 99: 149}
  [Client  7] Received edge weights. Set local model to edge weights.
[C7] Test set: samples=750, class_dist={24: 68, 31: 72, 36: 73, 45: 74, 46: 76, 50: 79, 67: 92, 73: 75, 74: 61, 80: 80}
  [Client  4] Received edge weights. Set local model to edge weights.
[C4] Test set: samples=750, class_dist={19: 72, 31: 69, 42: 76, 43: 75, 63: 80, 66: 80, 72: 74, 79: 81, 91: 77, 98: 66}
  [Client  9] Received edge weights. Set local model to edge weights.
[C9] Test set: samples=750, class_dist={2: 167, 3: 151, 15: 78, 27: 67, 55: 68, 67: 71, 77: 66, 79: 82}
  [Client  8] Starting Hier-pFedMe | λ2=35.0, η2=0.02, inner_steps=1, epochs=5, batches/epoch=141
  [Client  3] Starting Hier-pFedMe | λ2=35.0, η2=0.02, inner_steps=1, epochs=5, batches/epoch=141  [Client  0] Starting Hier-pFedMe | λ2=35.0, η2=0.02, inner_steps=1, epochs=5, batches/epoch=141  [Client  6] Starting Hier-pFedMe | λ2=35.0, η2=0.02, inner_steps=1, epochs=5, batches/epoch=141


  [Client  6] Round 11 | Hier-pFedMe(λ2=35.0, K=1) | loss=0.0602
  [Client  5] Starting Hier-pFedMe | λ2=35.0, η2=0.02, inner_steps=1, epochs=5, batches/epoch=141
  [Client  8] Round 11 | Hier-pFedMe(λ2=35.0, K=1) | loss=0.0786
  [Client  2] Starting Hier-pFedMe | λ2=35.0, η2=0.02, inner_steps=1, epochs=5, batches/epoch=141
  [Client  0] Round 11 | Hier-pFedMe(λ2=35.0, K=1) | loss=0.0768
  [Client  1] Starting Hier-pFedMe | λ2=35.0, η2=0.02, inner_steps=1, epochs=5, batches/epoch=141  [Client  3] Round 11 | Hier-pFedMe(λ2=35.0, K=1) | loss=0.0814

  [Client  7] Starting Hier-pFedMe | λ2=35.0, η2=0.02, inner_steps=1, epochs=5, batches/epoch=141
  [Client  5] Round 11 | Hier-pFedMe(λ2=35.0, K=1) | loss=0.0519
  [Client  4] Starting Hier-pFedMe | λ2=35.0, η2=0.02, inner_steps=1, epochs=5, batches/epoch=141
  [Client  2] Round 11 | Hier-pFedMe(λ2=35.0, K=1) | loss=0.0706
  [Client  9] Starting Hier-pFedMe | λ2=35.0, η2=0.02, inner_steps=1, epochs=5, batches/epoch=141
  [Client  7] Round 11 | Hier-pFedMe(λ2=35.0, K=1) | loss=0.0616
  [Client  1] Round 11 | Hier-pFedMe(λ2=35.0, K=1) | loss=0.0608
  [Client  4] Round 11 | Hier-pFedMe(λ2=35.0, K=1) | loss=0.0500
  [Client  9] Round 11 | Hier-pFedMe(λ2=35.0, K=1) | loss=0.0530
  [Edge 0] G11 | E4 | loss=0.0645
  [Edge 0] G11 | E5 | Hier-pFedMe | Selected 10/10
  [Client  6] Received edge weights. Set local model to edge weights.
[C6] Test set: samples=750, class_dist={11: 70, 18: 85, 21: 73, 32: 89, 44: 80, 46: 73, 78: 127, 88: 85, 97: 68}
  [Client  7] Received edge weights. Set local model to edge weights.
[C7] Test set: samples=750, class_dist={24: 68, 31: 72, 36: 73, 45: 74, 46: 76, 50: 79, 67: 92, 73: 75, 74: 61, 80: 80}
  [Client  9] Received edge weights. Set local model to edge weights.
[C9] Test set: samples=750, class_dist={2: 167, 3: 151, 15: 78, 27: 67, 55: 68, 67: 71, 77: 66, 79: 82}
  [Client  5] Received edge weights. Set local model to edge weights.
[C5] Test set: samples=750, class_dist={4: 76, 15: 79, 19: 73, 34: 66, 45: 81, 63: 90, 74: 77, 91: 69, 93: 86, 95: 53}
  [Client  0] Received edge weights. Set local model to edge weights.
[C0] Test set: samples=750, class_dist={6: 83, 18: 67, 29: 71, 30: 73, 34: 78, 43: 77, 44: 71, 55: 71, 64: 82, 66: 77}
  [Client  2] Received edge weights. Set local model to edge weights.
[C2] Test set: samples=750, class_dist={35: 80, 36: 63, 38: 79, 42: 77, 50: 77, 64: 79, 72: 80, 77: 72, 97: 72, 98: 71}
  [Client  8] Received edge weights. Set local model to edge weights.
[C8] Test set: samples=750, class_dist={1: 60, 14: 77, 24: 79, 26: 71, 30: 76, 65: 78, 75: 62, 88: 91, 93: 73, 95: 83}
  [Client  1] Received edge weights. Set local model to edge weights.
[C1] Test set: samples=750, class_dist={1: 75, 11: 80, 26: 83, 27: 68, 29: 75, 32: 70, 73: 71, 75: 79, 99: 149}
  [Client  4] Received edge weights. Set local model to edge weights.
[C4] Test set: samples=750, class_dist={19: 72, 31: 69, 42: 76, 43: 75, 63: 80, 66: 80, 72: 74, 79: 81, 91: 77, 98: 66}
  [Client  3] Received edge weights. Set local model to edge weights.
[C3] Test set: samples=750, class_dist={4: 80, 6: 65, 7: 146, 14: 82, 21: 76, 35: 63, 38: 70, 65: 89, 80: 79}
  [Client  6] Starting Hier-pFedMe | λ2=35.0, η2=0.02, inner_steps=1, epochs=5, batches/epoch=141
  [Client  7] Starting Hier-pFedMe | λ2=35.0, η2=0.02, inner_steps=1, epochs=5, batches/epoch=141  [Client  9] Starting Hier-pFedMe | λ2=35.0, η2=0.02, inner_steps=1, epochs=5, batches/epoch=141  [Client  5] Starting Hier-pFedMe | λ2=35.0, η2=0.02, inner_steps=1, epochs=5, batches/epoch=141


  [Client  6] Round 11 | Hier-pFedMe(λ2=35.0, K=1) | loss=0.0463
  [Client  0] Starting Hier-pFedMe | λ2=35.0, η2=0.02, inner_steps=1, epochs=5, batches/epoch=141
  [Client  7] Round 11 | Hier-pFedMe(λ2=35.0, K=1) | loss=0.0741
  [Client  2] Starting Hier-pFedMe | λ2=35.0, η2=0.02, inner_steps=1, epochs=5, batches/epoch=141
  [Client  5] Round 11 | Hier-pFedMe(λ2=35.0, K=1) | loss=0.0544
  [Client  8] Starting Hier-pFedMe | λ2=35.0, η2=0.02, inner_steps=1, epochs=5, batches/epoch=141
  [Client  9] Round 11 | Hier-pFedMe(λ2=35.0, K=1) | loss=0.0478
  [Client  1] Starting Hier-pFedMe | λ2=35.0, η2=0.02, inner_steps=1, epochs=5, batches/epoch=141
  [Client  0] Round 11 | Hier-pFedMe(λ2=35.0, K=1) | loss=0.0556
  [Client  4] Starting Hier-pFedMe | λ2=35.0, η2=0.02, inner_steps=1, epochs=5, batches/epoch=141
  [Client  1] Round 11 | Hier-pFedMe(λ2=35.0, K=1) | loss=0.0475
  [Client  3] Starting Hier-pFedMe | λ2=35.0, η2=0.02, inner_steps=1, epochs=5, batches/epoch=141
  [Client  2] Round 11 | Hier-pFedMe(λ2=35.0, K=1) | loss=0.0757
  [Client  8] Round 11 | Hier-pFedMe(λ2=35.0, K=1) | loss=0.0456
  [Client  4] Round 11 | Hier-pFedMe(λ2=35.0, K=1) | loss=0.0768
  [Client  3] Round 11 | Hier-pFedMe(λ2=35.0, K=1) | loss=0.0621
  [Edge 0] G11 | E5 | loss=0.0586
  [Edge 1] G11 | E1 | Hier-pFedMe | Selected 10/10
  [Client 12] Received edge weights. Set local model to edge weights.
[C12] Test set: samples=750, class_dist={17: 72, 41: 154, 47: 72, 48: 78, 54: 85, 58: 68, 69: 83, 83: 72, 96: 66}
  [Client 18] Received edge weights. Set local model to edge weights.
[C18] Test set: samples=750, class_dist={0: 71, 5: 79, 8: 79, 16: 71, 25: 72, 76: 70, 84: 81, 86: 67, 92: 81, 96: 79}
  [Client 15] Received edge weights. Set local model to edge weights.
[C15] Test set: samples=750, class_dist={25: 79, 28: 75, 33: 65, 39: 81, 47: 75, 53: 72, 60: 73, 81: 75, 90: 77, 94: 78}
  [Client 13] Received edge weights. Set local model to edge weights.
[C13] Test set: samples=750, class_dist={8: 68, 9: 75, 20: 73, 37: 78, 39: 76, 48: 73, 59: 78, 68: 74, 86: 80, 90: 75}
  [Client 10] Received edge weights. Set local model to edge weights.
[C10] Test set: samples=750, class_dist={5: 74, 9: 72, 51: 87, 54: 76, 57: 149, 84: 72, 89: 78, 92: 60, 94: 82}
  [Client 14] Received edge weights. Set local model to edge weights.
[C14] Test set: samples=750, class_dist={22: 68, 33: 80, 40: 81, 49: 71, 56: 79, 62: 143, 83: 80, 85: 69, 87: 79}
  [Client 11] Received edge weights. Set local model to edge weights.
[C11] Test set: samples=750, class_dist={10: 175, 12: 136, 16: 85, 17: 77, 37: 65, 40: 70, 82: 70, 87: 72}
  [Client 16] Received edge weights. Set local model to edge weights.
[C16] Test set: samples=750, class_dist={20: 75, 22: 88, 28: 62, 52: 153, 53: 84, 59: 67, 70: 71, 76: 65, 82: 85}
  [Client 17] Received edge weights. Set local model to edge weights.
[C17] Test set: samples=750, class_dist={49: 73, 56: 69, 58: 67, 60: 82, 61: 143, 69: 96, 71: 151, 85: 69}
  [Client 19] Received edge weights. Set local model to edge weights.
[C19] Test set: samples=750, class_dist={0: 66, 13: 168, 23: 137, 51: 86, 68: 65, 70: 82, 81: 64, 89: 82}
  [Client 12] Starting Hier-pFedMe | λ2=35.0, η2=0.02, inner_steps=1, epochs=5, batches/epoch=141  [Client 18] Starting Hier-pFedMe | λ2=35.0, η2=0.02, inner_steps=1, epochs=5, batches/epoch=141

  [Client 15] Starting Hier-pFedMe | λ2=35.0, η2=0.02, inner_steps=1, epochs=5, batches/epoch=141  [Client 13] Starting Hier-pFedMe | λ2=35.0, η2=0.02, inner_steps=1, epochs=5, batches/epoch=141

  [Client 12] Round 11 | Hier-pFedMe(λ2=35.0, K=1) | loss=0.1076  [Client 13] Round 11 | Hier-pFedMe(λ2=35.0, K=1) | loss=0.1214

  [Client 10] Starting Hier-pFedMe | λ2=35.0, η2=0.02, inner_steps=1, epochs=5, batches/epoch=141
  [Client 14] Starting Hier-pFedMe | λ2=35.0, η2=0.02, inner_steps=1, epochs=5, batches/epoch=141
  [Client 18] Round 11 | Hier-pFedMe(λ2=35.0, K=1) | loss=0.1317
  [Client 11] Starting Hier-pFedMe | λ2=35.0, η2=0.02, inner_steps=1, epochs=5, batches/epoch=141
  [Client 15] Round 11 | Hier-pFedMe(λ2=35.0, K=1) | loss=0.1177
  [Client 16] Starting Hier-pFedMe | λ2=35.0, η2=0.02, inner_steps=1, epochs=5, batches/epoch=141
  [Client 14] Round 11 | Hier-pFedMe(λ2=35.0, K=1) | loss=0.1192
  [Client 17] Starting Hier-pFedMe | λ2=35.0, η2=0.02, inner_steps=1, epochs=5, batches/epoch=141
  [Client 10] Round 11 | Hier-pFedMe(λ2=35.0, K=1) | loss=0.1371
  [Client 19] Starting Hier-pFedMe | λ2=35.0, η2=0.02, inner_steps=1, epochs=5, batches/epoch=141
  [Client 11] Round 11 | Hier-pFedMe(λ2=35.0, K=1) | loss=0.1280
  [Client 16] Round 11 | Hier-pFedMe(λ2=35.0, K=1) | loss=0.1105
  [Client 17] Round 11 | Hier-pFedMe(λ2=35.0, K=1) | loss=0.0978
  [Client 19] Round 11 | Hier-pFedMe(λ2=35.0, K=1) | loss=0.0877
  [Edge 1] G11 | E1 | loss=0.1159
  [Edge 1] G11 | E2 | Hier-pFedMe | Selected 10/10
  [Client 11] Received edge weights. Set local model to edge weights.
[C11] Test set: samples=750, class_dist={10: 175, 12: 136, 16: 85, 17: 77, 37: 65, 40: 70, 82: 70, 87: 72}
  [Client 17] Received edge weights. Set local model to edge weights.
[C17] Test set: samples=750, class_dist={49: 73, 56: 69, 58: 67, 60: 82, 61: 143, 69: 96, 71: 151, 85: 69}
  [Client 16] Received edge weights. Set local model to edge weights.
[C16] Test set: samples=750, class_dist={20: 75, 22: 88, 28: 62, 52: 153, 53: 84, 59: 67, 70: 71, 76: 65, 82: 85}
  [Client 15] Received edge weights. Set local model to edge weights.
[C15] Test set: samples=750, class_dist={25: 79, 28: 75, 33: 65, 39: 81, 47: 75, 53: 72, 60: 73, 81: 75, 90: 77, 94: 78}
  [Client 13] Received edge weights. Set local model to edge weights.
[C13] Test set: samples=750, class_dist={8: 68, 9: 75, 20: 73, 37: 78, 39: 76, 48: 73, 59: 78, 68: 74, 86: 80, 90: 75}
  [Client 10] Received edge weights. Set local model to edge weights.
[C10] Test set: samples=750, class_dist={5: 74, 9: 72, 51: 87, 54: 76, 57: 149, 84: 72, 89: 78, 92: 60, 94: 82}
  [Client 18] Received edge weights. Set local model to edge weights.
[C18] Test set: samples=750, class_dist={0: 71, 5: 79, 8: 79, 16: 71, 25: 72, 76: 70, 84: 81, 86: 67, 92: 81, 96: 79}
  [Client 14] Received edge weights. Set local model to edge weights.
[C14] Test set: samples=750, class_dist={22: 68, 33: 80, 40: 81, 49: 71, 56: 79, 62: 143, 83: 80, 85: 69, 87: 79}
  [Client 12] Received edge weights. Set local model to edge weights.
[C12] Test set: samples=750, class_dist={17: 72, 41: 154, 47: 72, 48: 78, 54: 85, 58: 68, 69: 83, 83: 72, 96: 66}
  [Client 19] Received edge weights. Set local model to edge weights.
[C19] Test set: samples=750, class_dist={0: 66, 13: 168, 23: 137, 51: 86, 68: 65, 70: 82, 81: 64, 89: 82}
  [Client 11] Starting Hier-pFedMe | λ2=35.0, η2=0.02, inner_steps=1, epochs=5, batches/epoch=141
  [Client 17] Starting Hier-pFedMe | λ2=35.0, η2=0.02, inner_steps=1, epochs=5, batches/epoch=141  [Client 16] Starting Hier-pFedMe | λ2=35.0, η2=0.02, inner_steps=1, epochs=5, batches/epoch=141

  [Client 15] Starting Hier-pFedMe | λ2=35.0, η2=0.02, inner_steps=1, epochs=5, batches/epoch=141
  [Client 16] Round 11 | Hier-pFedMe(λ2=35.0, K=1) | loss=0.0581
  [Client 13] Starting Hier-pFedMe | λ2=35.0, η2=0.02, inner_steps=1, epochs=5, batches/epoch=141
  [Client 11] Round 11 | Hier-pFedMe(λ2=35.0, K=1) | loss=0.0773
  [Client 10] Starting Hier-pFedMe | λ2=35.0, η2=0.02, inner_steps=1, epochs=5, batches/epoch=141
  [Client 15] Round 11 | Hier-pFedMe(λ2=35.0, K=1) | loss=0.0611
  [Client 18] Starting Hier-pFedMe | λ2=35.0, η2=0.02, inner_steps=1, epochs=5, batches/epoch=141
  [Client 17] Round 11 | Hier-pFedMe(λ2=35.0, K=1) | loss=0.0738
  [Client 14] Starting Hier-pFedMe | λ2=35.0, η2=0.02, inner_steps=1, epochs=5, batches/epoch=141
  [Client 13] Round 11 | Hier-pFedMe(λ2=35.0, K=1) | loss=0.0743
  [Client 12] Starting Hier-pFedMe | λ2=35.0, η2=0.02, inner_steps=1, epochs=5, batches/epoch=141
  [Client 18] Round 11 | Hier-pFedMe(λ2=35.0, K=1) | loss=0.0729
  [Client 19] Starting Hier-pFedMe | λ2=35.0, η2=0.02, inner_steps=1, epochs=5, batches/epoch=141
  [Client 14] Round 11 | Hier-pFedMe(λ2=35.0, K=1) | loss=0.0629
  [Client 10] Round 11 | Hier-pFedMe(λ2=35.0, K=1) | loss=0.0866
  [Client 12] Round 11 | Hier-pFedMe(λ2=35.0, K=1) | loss=0.0533
  [Client 19] Round 11 | Hier-pFedMe(λ2=35.0, K=1) | loss=0.0469
  [Edge 1] G11 | E2 | loss=0.0667
  [Edge 1] G11 | E3 | Hier-pFedMe | Selected 10/10
  [Client 10] Received edge weights. Set local model to edge weights.
[C10] Test set: samples=750, class_dist={5: 74, 9: 72, 51: 87, 54: 76, 57: 149, 84: 72, 89: 78, 92: 60, 94: 82}
  [Client 12] Received edge weights. Set local model to edge weights.
[C12] Test set: samples=750, class_dist={17: 72, 41: 154, 47: 72, 48: 78, 54: 85, 58: 68, 69: 83, 83: 72, 96: 66}
  [Client 14] Received edge weights. Set local model to edge weights.
[C14] Test set: samples=750, class_dist={22: 68, 33: 80, 40: 81, 49: 71, 56: 79, 62: 143, 83: 80, 85: 69, 87: 79}
  [Client 16] Received edge weights. Set local model to edge weights.
[C16] Test set: samples=750, class_dist={20: 75, 22: 88, 28: 62, 52: 153, 53: 84, 59: 67, 70: 71, 76: 65, 82: 85}
  [Client 18] Received edge weights. Set local model to edge weights.
[C18] Test set: samples=750, class_dist={0: 71, 5: 79, 8: 79, 16: 71, 25: 72, 76: 70, 84: 81, 86: 67, 92: 81, 96: 79}
  [Client 11] Received edge weights. Set local model to edge weights.
[C11] Test set: samples=750, class_dist={10: 175, 12: 136, 16: 85, 17: 77, 37: 65, 40: 70, 82: 70, 87: 72}
  [Client 13] Received edge weights. Set local model to edge weights.
[C13] Test set: samples=750, class_dist={8: 68, 9: 75, 20: 73, 37: 78, 39: 76, 48: 73, 59: 78, 68: 74, 86: 80, 90: 75}
  [Client 15] Received edge weights. Set local model to edge weights.
[C15] Test set: samples=750, class_dist={25: 79, 28: 75, 33: 65, 39: 81, 47: 75, 53: 72, 60: 73, 81: 75, 90: 77, 94: 78}
  [Client 17] Received edge weights. Set local model to edge weights.
[C17] Test set: samples=750, class_dist={49: 73, 56: 69, 58: 67, 60: 82, 61: 143, 69: 96, 71: 151, 85: 69}
  [Client 19] Received edge weights. Set local model to edge weights.
[C19] Test set: samples=750, class_dist={0: 66, 13: 168, 23: 137, 51: 86, 68: 65, 70: 82, 81: 64, 89: 82}
  [Client 10] Starting Hier-pFedMe | λ2=35.0, η2=0.02, inner_steps=1, epochs=5, batches/epoch=141
  [Client 12] Starting Hier-pFedMe | λ2=35.0, η2=0.02, inner_steps=1, epochs=5, batches/epoch=141
  [Client 14] Starting Hier-pFedMe | λ2=35.0, η2=0.02, inner_steps=1, epochs=5, batches/epoch=141
  [Client 16] Starting Hier-pFedMe | λ2=35.0, η2=0.02, inner_steps=1, epochs=5, batches/epoch=141
  [Client 12] Round 11 | Hier-pFedMe(λ2=35.0, K=1) | loss=0.0470
  [Client 18] Starting Hier-pFedMe | λ2=35.0, η2=0.02, inner_steps=1, epochs=5, batches/epoch=141
  [Client 14] Round 11 | Hier-pFedMe(λ2=35.0, K=1) | loss=0.0679
  [Client 11] Starting Hier-pFedMe | λ2=35.0, η2=0.02, inner_steps=1, epochs=5, batches/epoch=141
  [Client 10] Round 11 | Hier-pFedMe(λ2=35.0, K=1) | loss=0.0634
  [Client 13] Starting Hier-pFedMe | λ2=35.0, η2=0.02, inner_steps=1, epochs=5, batches/epoch=141
  [Client 16] Round 11 | Hier-pFedMe(λ2=35.0, K=1) | loss=0.0585
  [Client 15] Starting Hier-pFedMe | λ2=35.0, η2=0.02, inner_steps=1, epochs=5, batches/epoch=141
  [Client 11] Round 11 | Hier-pFedMe(λ2=35.0, K=1) | loss=0.0745
  [Client 17] Starting Hier-pFedMe | λ2=35.0, η2=0.02, inner_steps=1, epochs=5, batches/epoch=141
  [Client 18] Round 11 | Hier-pFedMe(λ2=35.0, K=1) | loss=0.0527
  [Client 19] Starting Hier-pFedMe | λ2=35.0, η2=0.02, inner_steps=1, epochs=5, batches/epoch=141
  [Client 13] Round 11 | Hier-pFedMe(λ2=35.0, K=1) | loss=0.0664
  [Client 15] Round 11 | Hier-pFedMe(λ2=35.0, K=1) | loss=0.0688
  [Client 17] Round 11 | Hier-pFedMe(λ2=35.0, K=1) | loss=0.0601
  [Client 19] Round 11 | Hier-pFedMe(λ2=35.0, K=1) | loss=0.0401
  [Edge 1] G11 | E3 | loss=0.0599
  [Edge 1] G11 | E4 | Hier-pFedMe | Selected 10/10
  [Client 16] Received edge weights. Set local model to edge weights.
[C16] Test set: samples=750, class_dist={20: 75, 22: 88, 28: 62, 52: 153, 53: 84, 59: 67, 70: 71, 76: 65, 82: 85}
  [Client 12] Received edge weights. Set local model to edge weights.
[C12] Test set: samples=750, class_dist={17: 72, 41: 154, 47: 72, 48: 78, 54: 85, 58: 68, 69: 83, 83: 72, 96: 66}
  [Client 17] Received edge weights. Set local model to edge weights.
[C17] Test set: samples=750, class_dist={49: 73, 56: 69, 58: 67, 60: 82, 61: 143, 69: 96, 71: 151, 85: 69}
  [Client 13] Received edge weights. Set local model to edge weights.
[C13] Test set: samples=750, class_dist={8: 68, 9: 75, 20: 73, 37: 78, 39: 76, 48: 73, 59: 78, 68: 74, 86: 80, 90: 75}
  [Client 10] Received edge weights. Set local model to edge weights.
[C10] Test set: samples=750, class_dist={5: 74, 9: 72, 51: 87, 54: 76, 57: 149, 84: 72, 89: 78, 92: 60, 94: 82}
  [Client 14] Received edge weights. Set local model to edge weights.
[C14] Test set: samples=750, class_dist={22: 68, 33: 80, 40: 81, 49: 71, 56: 79, 62: 143, 83: 80, 85: 69, 87: 79}
  [Client 19] Received edge weights. Set local model to edge weights.
[C19] Test set: samples=750, class_dist={0: 66, 13: 168, 23: 137, 51: 86, 68: 65, 70: 82, 81: 64, 89: 82}
  [Client 18] Received edge weights. Set local model to edge weights.
[C18] Test set: samples=750, class_dist={0: 71, 5: 79, 8: 79, 16: 71, 25: 72, 76: 70, 84: 81, 86: 67, 92: 81, 96: 79}
  [Client 15] Received edge weights. Set local model to edge weights.
[C15] Test set: samples=750, class_dist={25: 79, 28: 75, 33: 65, 39: 81, 47: 75, 53: 72, 60: 73, 81: 75, 90: 77, 94: 78}
  [Client 11] Received edge weights. Set local model to edge weights.
[C11] Test set: samples=750, class_dist={10: 175, 12: 136, 16: 85, 17: 77, 37: 65, 40: 70, 82: 70, 87: 72}
  [Client 16] Starting Hier-pFedMe | λ2=35.0, η2=0.02, inner_steps=1, epochs=5, batches/epoch=141
  [Client 17] Starting Hier-pFedMe | λ2=35.0, η2=0.02, inner_steps=1, epochs=5, batches/epoch=141
  [Client 12] Starting Hier-pFedMe | λ2=35.0, η2=0.02, inner_steps=1, epochs=5, batches/epoch=141
  [Client 13] Starting Hier-pFedMe | λ2=35.0, η2=0.02, inner_steps=1, epochs=5, batches/epoch=141
  [Client 16] Round 11 | Hier-pFedMe(λ2=35.0, K=1) | loss=0.0387
  [Client 10] Starting Hier-pFedMe | λ2=35.0, η2=0.02, inner_steps=1, epochs=5, batches/epoch=141
  [Client 17] Round 11 | Hier-pFedMe(λ2=35.0, K=1) | loss=0.0495
  [Client 14] Starting Hier-pFedMe | λ2=35.0, η2=0.02, inner_steps=1, epochs=5, batches/epoch=141
  [Client 12] Round 11 | Hier-pFedMe(λ2=35.0, K=1) | loss=0.0388
  [Client 19] Starting Hier-pFedMe | λ2=35.0, η2=0.02, inner_steps=1, epochs=5, batches/epoch=141
  [Client 13] Round 11 | Hier-pFedMe(λ2=35.0, K=1) | loss=0.0531
  [Client 18] Starting Hier-pFedMe | λ2=35.0, η2=0.02, inner_steps=1, epochs=5, batches/epoch=141
  [Client 10] Round 11 | Hier-pFedMe(λ2=35.0, K=1) | loss=0.0929
  [Client 15] Starting Hier-pFedMe | λ2=35.0, η2=0.02, inner_steps=1, epochs=5, batches/epoch=141
  [Client 18] Round 11 | Hier-pFedMe(λ2=35.0, K=1) | loss=0.0449
  [Client 11] Starting Hier-pFedMe | λ2=35.0, η2=0.02, inner_steps=1, epochs=5, batches/epoch=141
  [Client 19] Round 11 | Hier-pFedMe(λ2=35.0, K=1) | loss=0.0468
  [Client 14] Round 11 | Hier-pFedMe(λ2=35.0, K=1) | loss=0.0430
  [Client 11] Round 11 | Hier-pFedMe(λ2=35.0, K=1) | loss=0.0625
  [Client 15] Round 11 | Hier-pFedMe(λ2=35.0, K=1) | loss=0.0591
  [Edge 1] G11 | E4 | loss=0.0529
  [Edge 1] G11 | E5 | Hier-pFedMe | Selected 10/10
  [Client 11] Received edge weights. Set local model to edge weights.
[C11] Test set: samples=750, class_dist={10: 175, 12: 136, 16: 85, 17: 77, 37: 65, 40: 70, 82: 70, 87: 72}
  [Client 19] Received edge weights. Set local model to edge weights.
[C19] Test set: samples=750, class_dist={0: 66, 13: 168, 23: 137, 51: 86, 68: 65, 70: 82, 81: 64, 89: 82}
  [Client 17] Received edge weights. Set local model to edge weights.
[C17] Test set: samples=750, class_dist={49: 73, 56: 69, 58: 67, 60: 82, 61: 143, 69: 96, 71: 151, 85: 69}
  [Client 15] Received edge weights. Set local model to edge weights.
[C15] Test set: samples=750, class_dist={25: 79, 28: 75, 33: 65, 39: 81, 47: 75, 53: 72, 60: 73, 81: 75, 90: 77, 94: 78}
  [Client 16] Received edge weights. Set local model to edge weights.
[C16] Test set: samples=750, class_dist={20: 75, 22: 88, 28: 62, 52: 153, 53: 84, 59: 67, 70: 71, 76: 65, 82: 85}
  [Client 13] Received edge weights. Set local model to edge weights.
[C13] Test set: samples=750, class_dist={8: 68, 9: 75, 20: 73, 37: 78, 39: 76, 48: 73, 59: 78, 68: 74, 86: 80, 90: 75}
  [Client 18] Received edge weights. Set local model to edge weights.
[C18] Test set: samples=750, class_dist={0: 71, 5: 79, 8: 79, 16: 71, 25: 72, 76: 70, 84: 81, 86: 67, 92: 81, 96: 79}
  [Client 12] Received edge weights. Set local model to edge weights.
[C12] Test set: samples=750, class_dist={17: 72, 41: 154, 47: 72, 48: 78, 54: 85, 58: 68, 69: 83, 83: 72, 96: 66}
  [Client 10] Received edge weights. Set local model to edge weights.
[C10] Test set: samples=750, class_dist={5: 74, 9: 72, 51: 87, 54: 76, 57: 149, 84: 72, 89: 78, 92: 60, 94: 82}
  [Client 14] Received edge weights. Set local model to edge weights.
[C14] Test set: samples=750, class_dist={22: 68, 33: 80, 40: 81, 49: 71, 56: 79, 62: 143, 83: 80, 85: 69, 87: 79}
  [Client 11] Starting Hier-pFedMe | λ2=35.0, η2=0.02, inner_steps=1, epochs=5, batches/epoch=141
  [Client 19] Starting Hier-pFedMe | λ2=35.0, η2=0.02, inner_steps=1, epochs=5, batches/epoch=141
  [Client 17] Starting Hier-pFedMe | λ2=35.0, η2=0.02, inner_steps=1, epochs=5, batches/epoch=141
  [Client 15] Starting Hier-pFedMe | λ2=35.0, η2=0.02, inner_steps=1, epochs=5, batches/epoch=141
  [Client 11] Round 11 | Hier-pFedMe(λ2=35.0, K=1) | loss=0.0464
  [Client 16] Starting Hier-pFedMe | λ2=35.0, η2=0.02, inner_steps=1, epochs=5, batches/epoch=141
  [Client 15] Round 11 | Hier-pFedMe(λ2=35.0, K=1) | loss=0.0302
  [Client 19] Round 11 | Hier-pFedMe(λ2=35.0, K=1) | loss=0.0413
  [Client 13] Starting Hier-pFedMe | λ2=35.0, η2=0.02, inner_steps=1, epochs=5, batches/epoch=141
  [Client 18] Starting Hier-pFedMe | λ2=35.0, η2=0.02, inner_steps=1, epochs=5, batches/epoch=141
  [Client 17] Round 11 | Hier-pFedMe(λ2=35.0, K=1) | loss=0.0422
  [Client 12] Starting Hier-pFedMe | λ2=35.0, η2=0.02, inner_steps=1, epochs=5, batches/epoch=141
  [Client 13] Round 11 | Hier-pFedMe(λ2=35.0, K=1) | loss=0.0416
  [Client 10] Starting Hier-pFedMe | λ2=35.0, η2=0.02, inner_steps=1, epochs=5, batches/epoch=141
  [Client 12] Round 11 | Hier-pFedMe(λ2=35.0, K=1) | loss=0.0349
  [Client 14] Starting Hier-pFedMe | λ2=35.0, η2=0.02, inner_steps=1, epochs=5, batches/epoch=141
  [Client 16] Round 11 | Hier-pFedMe(λ2=35.0, K=1) | loss=0.0349
  [Client 18] Round 11 | Hier-pFedMe(λ2=35.0, K=1) | loss=0.0333
  [Client 10] Round 11 | Hier-pFedMe(λ2=35.0, K=1) | loss=0.0424
  [Client 14] Round 11 | Hier-pFedMe(λ2=35.0, K=1) | loss=0.0695
  [Edge 1] G11 | E5 | loss=0.0417
  [Cloud] Using Hier-pFedMe global aggregation (式 9).
[C0] n=750 | classes=[6, 18, 29, 30, 34, 43, 44, 55, 64, 66] | acc=0.4587 | per_class={6: '0.41', 18: '0.49', 29: '0.54', 30: '0.70', 34: '0.45', 43: '0.52', 44: '0.28', 55: '0.34', 64: '0.35', 66: '0.52'}
[C1] n=750 | classes=[1, 11, 26, 27, 29, 32, 73, 75, 99] | acc=0.6240 | per_class={1: '0.72', 11: '0.56', 26: '0.46', 27: '0.53', 29: '0.60', 32: '0.49', 73: '0.68', 75: '0.80', 99: '0.70'}
[C2] n=750 | classes=[35, 36, 38, 42, 50, 64, 72, 77, 97, 98] | acc=0.4000 | per_class={35: '0.33', 36: '0.52', 38: '0.38', 42: '0.52', 50: '0.31', 64: '0.33', 72: '0.51', 77: '0.39', 97: '0.43', 98: '0.30'}
[C3] n=750 | classes=[4, 6, 7, 14, 21, 35, 38, 65, 80] | acc=0.4907 | per_class={4: '0.33', 6: '0.43', 7: '0.70', 14: '0.46', 21: '0.66', 35: '0.63', 38: '0.39', 65: '0.38', 80: '0.29'}
[C4] n=750 | classes=[19, 31, 42, 43, 63, 66, 72, 79, 91, 98] | acc=0.5200 | per_class={19: '0.58', 31: '0.36', 42: '0.51', 43: '0.49', 63: '0.49', 66: '0.34', 72: '0.53', 79: '0.56', 91: '0.71', 98: '0.64'}
[C5] n=750 | classes=[4, 15, 19, 34, 45, 63, 74, 91, 93, 95] | acc=0.4947 | per_class={4: '0.34', 15: '0.52', 19: '0.37', 34: '0.52', 45: '0.59', 63: '0.44', 74: '0.44', 91: '0.59', 93: '0.45', 95: '0.77'}
[C6] n=750 | classes=[11, 18, 21, 32, 44, 46, 78, 88, 97] | acc=0.4880 | per_class={11: '0.41', 18: '0.44', 21: '0.66', 32: '0.61', 44: '0.41', 46: '0.26', 78: '0.54', 88: '0.54', 97: '0.47'}
[C7] n=750 | classes=[24, 31, 36, 45, 46, 50, 67, 73, 74, 80] | acc=0.5133 | per_class={24: '0.79', 31: '0.62', 36: '0.64', 45: '0.47', 46: '0.49', 50: '0.20', 67: '0.46', 73: '0.68', 74: '0.39', 80: '0.42'}
[C8] n=750 | classes=[1, 14, 24, 26, 30, 65, 75, 88, 93, 95] | acc=0.5640 | per_class={1: '0.72', 14: '0.62', 24: '0.80', 26: '0.52', 30: '0.55', 65: '0.45', 75: '0.63', 88: '0.49', 93: '0.32', 95: '0.58'}
[C9] n=750 | classes=[2, 3, 15, 27, 55, 67, 77, 79] | acc=0.5653 | per_class={2: '0.72', 3: '0.62', 15: '0.42', 27: '0.63', 55: '0.21', 67: '0.68', 77: '0.36', 79: '0.59'}
[C10] n=750 | classes=[5, 9, 51, 54, 57, 84, 89, 92, 94] | acc=0.5960 | per_class={5: '0.49', 9: '0.50', 51: '0.67', 54: '0.53', 57: '0.68', 84: '0.39', 89: '0.69', 92: '0.57', 94: '0.73'}
[C11] n=750 | classes=[10, 12, 16, 17, 37, 40, 82, 87] | acc=0.6147 | per_class={10: '0.72', 12: '0.71', 16: '0.38', 17: '0.66', 37: '0.42', 40: '0.53', 82: '0.91', 87: '0.39'}
[C12] n=750 | classes=[17, 41, 47, 48, 54, 58, 69, 83, 96] | acc=0.7400 | per_class={17: '0.81', 41: '0.79', 47: '0.71', 48: '0.65', 54: '0.73', 58: '0.71', 69: '0.78', 83: '0.76', 96: '0.67'}
[C13] n=750 | classes=[8, 9, 20, 37, 39, 48, 59, 68, 86, 90] | acc=0.6400 | per_class={8: '0.56', 9: '0.64', 20: '0.75', 37: '0.58', 39: '0.66', 48: '0.58', 59: '0.73', 68: '0.88', 86: '0.57', 90: '0.45'}
[C14] n=750 | classes=[22, 33, 40, 49, 56, 62, 83, 85, 87] | acc=0.6960 | per_class={22: '0.50', 33: '0.68', 40: '0.52', 49: '0.90', 56: '0.86', 62: '0.88', 83: '0.53', 85: '0.77', 87: '0.49'}
[C15] n=750 | classes=[25, 28, 33, 39, 47, 53, 60, 81, 90, 94] | acc=0.6733 | per_class={25: '0.41', 28: '0.61', 33: '0.71', 39: '0.65', 47: '0.84', 53: '0.89', 60: '0.92', 81: '0.48', 90: '0.55', 94: '0.72'}
[C16] n=750 | classes=[20, 22, 28, 52, 53, 59, 70, 76, 82] | acc=0.7747 | per_class={20: '0.84', 22: '0.68', 28: '0.68', 52: '0.84', 53: '0.88', 59: '0.49', 70: '0.77', 76: '0.85', 82: '0.82'}
[C17] n=750 | classes=[49, 56, 58, 60, 61, 69, 71, 85] | acc=0.7653 | per_class={49: '0.66', 56: '0.78', 58: '0.73', 60: '0.73', 61: '0.92', 69: '0.70', 71: '0.77', 85: '0.68'}
[C18] n=750 | classes=[0, 5, 8, 16, 25, 76, 84, 86, 92, 96] | acc=0.6200 | per_class={0: '0.77', 5: '0.44', 8: '0.67', 16: '0.42', 25: '0.44', 76: '0.84', 84: '0.47', 86: '0.55', 92: '0.73', 96: '0.85'}
[C19] n=750 | classes=[0, 13, 23, 51, 68, 70, 81, 89] | acc=0.6933 | per_class={0: '0.85', 13: '0.63', 23: '0.83', 51: '0.71', 68: '0.83', 70: '0.72', 81: '0.34', 89: '0.59'}
  [Cloud] GM=0.1845 | EM=0.2698 PM=0.5966 | loss=5.0399 | time=116.5s | comm=719.6MB (total=7916MB)

[Round  12] Broadcasting to 2 edges...
  [Edge 0] W_n reset to global weights for new round.
  [Edge 1] W_n reset to global weights for new round.
  [Edge 0] G12 | E1 | Hier-pFedMe | Selected 10/10
  [Client  9] Received edge weights. Set local model to edge weights.
[C9] Test set: samples=750, class_dist={2: 167, 3: 151, 15: 78, 27: 67, 55: 68, 67: 71, 77: 66, 79: 82}
  [Client  0] Received edge weights. Set local model to edge weights.
[C0] Test set: samples=750, class_dist={6: 83, 18: 67, 29: 71, 30: 73, 34: 78, 43: 77, 44: 71, 55: 71, 64: 82, 66: 77}
  [Client  5] Received edge weights. Set local model to edge weights.
[C5] Test set: samples=750, class_dist={4: 76, 15: 79, 19: 73, 34: 66, 45: 81, 63: 90, 74: 77, 91: 69, 93: 86, 95: 53}
  [Client  7] Received edge weights. Set local model to edge weights.
[C7] Test set: samples=750, class_dist={24: 68, 31: 72, 36: 73, 45: 74, 46: 76, 50: 79, 67: 92, 73: 75, 74: 61, 80: 80}
  [Client  4] Received edge weights. Set local model to edge weights.
[C4] Test set: samples=750, class_dist={19: 72, 31: 69, 42: 76, 43: 75, 63: 80, 66: 80, 72: 74, 79: 81, 91: 77, 98: 66}
  [Client  6] Received edge weights. Set local model to edge weights.
[C6] Test set: samples=750, class_dist={11: 70, 18: 85, 21: 73, 32: 89, 44: 80, 46: 73, 78: 127, 88: 85, 97: 68}
  [Client  1] Received edge weights. Set local model to edge weights.
[C1] Test set: samples=750, class_dist={1: 75, 11: 80, 26: 83, 27: 68, 29: 75, 32: 70, 73: 71, 75: 79, 99: 149}
  [Client  3] Received edge weights. Set local model to edge weights.
[C3] Test set: samples=750, class_dist={4: 80, 6: 65, 7: 146, 14: 82, 21: 76, 35: 63, 38: 70, 65: 89, 80: 79}
  [Client  2] Received edge weights. Set local model to edge weights.
[C2] Test set: samples=750, class_dist={35: 80, 36: 63, 38: 79, 42: 77, 50: 77, 64: 79, 72: 80, 77: 72, 97: 72, 98: 71}
  [Client  8] Received edge weights. Set local model to edge weights.
[C8] Test set: samples=750, class_dist={1: 60, 14: 77, 24: 79, 26: 71, 30: 76, 65: 78, 75: 62, 88: 91, 93: 73, 95: 83}
  [Client  9] Starting Hier-pFedMe | λ2=35.0, η2=0.02, inner_steps=1, epochs=5, batches/epoch=141  [Client  0] Starting Hier-pFedMe | λ2=35.0, η2=0.02, inner_steps=1, epochs=5, batches/epoch=141
  [Client  5] Starting Hier-pFedMe | λ2=35.0, η2=0.02, inner_steps=1, epochs=5, batches/epoch=141  [Client  7] Starting Hier-pFedMe | λ2=35.0, η2=0.02, inner_steps=1, epochs=5, batches/epoch=141


  [Client  0] Round 12 | Hier-pFedMe(λ2=35.0, K=1) | loss=0.1108
  [Client  4] Starting Hier-pFedMe | λ2=35.0, η2=0.02, inner_steps=1, epochs=5, batches/epoch=141
  [Client  5] Round 12 | Hier-pFedMe(λ2=35.0, K=1) | loss=0.1098
  [Client  6] Starting Hier-pFedMe | λ2=35.0, η2=0.02, inner_steps=1, epochs=5, batches/epoch=141
  [Client  9] Round 12 | Hier-pFedMe(λ2=35.0, K=1) | loss=0.1004
  [Client  1] Starting Hier-pFedMe | λ2=35.0, η2=0.02, inner_steps=1, epochs=5, batches/epoch=141
  [Client  7] Round 12 | Hier-pFedMe(λ2=35.0, K=1) | loss=0.1152
  [Client  3] Starting Hier-pFedMe | λ2=35.0, η2=0.02, inner_steps=1, epochs=5, batches/epoch=141
  [Client  4] Round 12 | Hier-pFedMe(λ2=35.0, K=1) | loss=0.1122
  [Client  2] Starting Hier-pFedMe | λ2=35.0, η2=0.02, inner_steps=1, epochs=5, batches/epoch=141
  [Client  6] Round 12 | Hier-pFedMe(λ2=35.0, K=1) | loss=0.1094
  [Client  8] Starting Hier-pFedMe | λ2=35.0, η2=0.02, inner_steps=1, epochs=5, batches/epoch=141
  [Client  3] Round 12 | Hier-pFedMe(λ2=35.0, K=1) | loss=0.1089
  [Client  1] Round 12 | Hier-pFedMe(λ2=35.0, K=1) | loss=0.0936
  [Client  2] Round 12 | Hier-pFedMe(λ2=35.0, K=1) | loss=0.1192
  [Client  8] Round 12 | Hier-pFedMe(λ2=35.0, K=1) | loss=0.0999
  [Edge 0] G12 | E1 | loss=0.1079
  [Edge 0] G12 | E2 | Hier-pFedMe | Selected 10/10
  [Client  2] Received edge weights. Set local model to edge weights.
[C2] Test set: samples=750, class_dist={35: 80, 36: 63, 38: 79, 42: 77, 50: 77, 64: 79, 72: 80, 77: 72, 97: 72, 98: 71}
  [Client  3] Received edge weights. Set local model to edge weights.
[C3] Test set: samples=750, class_dist={4: 80, 6: 65, 7: 146, 14: 82, 21: 76, 35: 63, 38: 70, 65: 89, 80: 79}
  [Client  6] Received edge weights. Set local model to edge weights.
[C6] Test set: samples=750, class_dist={11: 70, 18: 85, 21: 73, 32: 89, 44: 80, 46: 73, 78: 127, 88: 85, 97: 68}
  [Client  7] Received edge weights. Set local model to edge weights.
[C7] Test set: samples=750, class_dist={24: 68, 31: 72, 36: 73, 45: 74, 46: 76, 50: 79, 67: 92, 73: 75, 74: 61, 80: 80}
  [Client  5] Received edge weights. Set local model to edge weights.
[C5] Test set: samples=750, class_dist={4: 76, 15: 79, 19: 73, 34: 66, 45: 81, 63: 90, 74: 77, 91: 69, 93: 86, 95: 53}
  [Client  0] Received edge weights. Set local model to edge weights.
[C0] Test set: samples=750, class_dist={6: 83, 18: 67, 29: 71, 30: 73, 34: 78, 43: 77, 44: 71, 55: 71, 64: 82, 66: 77}
  [Client  4] Received edge weights. Set local model to edge weights.
[C4] Test set: samples=750, class_dist={19: 72, 31: 69, 42: 76, 43: 75, 63: 80, 66: 80, 72: 74, 79: 81, 91: 77, 98: 66}
  [Client  9] Received edge weights. Set local model to edge weights.
[C9] Test set: samples=750, class_dist={2: 167, 3: 151, 15: 78, 27: 67, 55: 68, 67: 71, 77: 66, 79: 82}
  [Client  1] Received edge weights. Set local model to edge weights.
[C1] Test set: samples=750, class_dist={1: 75, 11: 80, 26: 83, 27: 68, 29: 75, 32: 70, 73: 71, 75: 79, 99: 149}
  [Client  8] Received edge weights. Set local model to edge weights.
[C8] Test set: samples=750, class_dist={1: 60, 14: 77, 24: 79, 26: 71, 30: 76, 65: 78, 75: 62, 88: 91, 93: 73, 95: 83}
  [Client  2] Starting Hier-pFedMe | λ2=35.0, η2=0.02, inner_steps=1, epochs=5, batches/epoch=141  [Client  3] Starting Hier-pFedMe | λ2=35.0, η2=0.02, inner_steps=1, epochs=5, batches/epoch=141

  [Client  6] Starting Hier-pFedMe | λ2=35.0, η2=0.02, inner_steps=1, epochs=5, batches/epoch=141
  [Client  7] Starting Hier-pFedMe | λ2=35.0, η2=0.02, inner_steps=1, epochs=5, batches/epoch=141
  [Client  7] Round 12 | Hier-pFedMe(λ2=35.0, K=1) | loss=0.0833
  [Client  5] Starting Hier-pFedMe | λ2=35.0, η2=0.02, inner_steps=1, epochs=5, batches/epoch=141
  [Client  3] Round 12 | Hier-pFedMe(λ2=35.0, K=1) | loss=0.0624
  [Client  0] Starting Hier-pFedMe | λ2=35.0, η2=0.02, inner_steps=1, epochs=5, batches/epoch=141
  [Client  2] Round 12 | Hier-pFedMe(λ2=35.0, K=1) | loss=0.0601
  [Client  4] Starting Hier-pFedMe | λ2=35.0, η2=0.02, inner_steps=1, epochs=5, batches/epoch=141
  [Client  6] Round 12 | Hier-pFedMe(λ2=35.0, K=1) | loss=0.0858
  [Client  9] Starting Hier-pFedMe | λ2=35.0, η2=0.02, inner_steps=1, epochs=5, batches/epoch=141
  [Client  5] Round 12 | Hier-pFedMe(λ2=35.0, K=1) | loss=0.0604
  [Client  1] Starting Hier-pFedMe | λ2=35.0, η2=0.02, inner_steps=1, epochs=5, batches/epoch=141
  [Client  0] Round 12 | Hier-pFedMe(λ2=35.0, K=1) | loss=0.0723
  [Client  8] Starting Hier-pFedMe | λ2=35.0, η2=0.02, inner_steps=1, epochs=5, batches/epoch=141
  [Client  4] Round 12 | Hier-pFedMe(λ2=35.0, K=1) | loss=0.0520
  [Client  9] Round 12 | Hier-pFedMe(λ2=35.0, K=1) | loss=0.0632
  [Client  8] Round 12 | Hier-pFedMe(λ2=35.0, K=1) | loss=0.0446
  [Client  1] Round 12 | Hier-pFedMe(λ2=35.0, K=1) | loss=0.0530
  [Edge 0] G12 | E2 | loss=0.0637
  [Edge 0] G12 | E3 | Hier-pFedMe | Selected 10/10
  [Client  4] Received edge weights. Set local model to edge weights.
[C4] Test set: samples=750, class_dist={19: 72, 31: 69, 42: 76, 43: 75, 63: 80, 66: 80, 72: 74, 79: 81, 91: 77, 98: 66}
  [Client  3] Received edge weights. Set local model to edge weights.
[C3] Test set: samples=750, class_dist={4: 80, 6: 65, 7: 146, 14: 82, 21: 76, 35: 63, 38: 70, 65: 89, 80: 79}
  [Client  5] Received edge weights. Set local model to edge weights.
[C5] Test set: samples=750, class_dist={4: 76, 15: 79, 19: 73, 34: 66, 45: 81, 63: 90, 74: 77, 91: 69, 93: 86, 95: 53}
  [Client  1] Received edge weights. Set local model to edge weights.
[C1] Test set: samples=750, class_dist={1: 75, 11: 80, 26: 83, 27: 68, 29: 75, 32: 70, 73: 71, 75: 79, 99: 149}
  [Client  7] Received edge weights. Set local model to edge weights.
[C7] Test set: samples=750, class_dist={24: 68, 31: 72, 36: 73, 45: 74, 46: 76, 50: 79, 67: 92, 73: 75, 74: 61, 80: 80}
  [Client  9] Received edge weights. Set local model to edge weights.
[C9] Test set: samples=750, class_dist={2: 167, 3: 151, 15: 78, 27: 67, 55: 68, 67: 71, 77: 66, 79: 82}
  [Client  6] Received edge weights. Set local model to edge weights.
[C6] Test set: samples=750, class_dist={11: 70, 18: 85, 21: 73, 32: 89, 44: 80, 46: 73, 78: 127, 88: 85, 97: 68}
  [Client  2] Received edge weights. Set local model to edge weights.
[C2] Test set: samples=750, class_dist={35: 80, 36: 63, 38: 79, 42: 77, 50: 77, 64: 79, 72: 80, 77: 72, 97: 72, 98: 71}
  [Client  8] Received edge weights. Set local model to edge weights.
[C8] Test set: samples=750, class_dist={1: 60, 14: 77, 24: 79, 26: 71, 30: 76, 65: 78, 75: 62, 88: 91, 93: 73, 95: 83}
  [Client  0] Received edge weights. Set local model to edge weights.
[C0] Test set: samples=750, class_dist={6: 83, 18: 67, 29: 71, 30: 73, 34: 78, 43: 77, 44: 71, 55: 71, 64: 82, 66: 77}
  [Client  4] Starting Hier-pFedMe | λ2=35.0, η2=0.02, inner_steps=1, epochs=5, batches/epoch=141
  [Client  3] Starting Hier-pFedMe | λ2=35.0, η2=0.02, inner_steps=1, epochs=5, batches/epoch=141
  [Client  1] Starting Hier-pFedMe | λ2=35.0, η2=0.02, inner_steps=1, epochs=5, batches/epoch=141
  [Client  5] Starting Hier-pFedMe | λ2=35.0, η2=0.02, inner_steps=1, epochs=5, batches/epoch=141
  [Client  5] Round 12 | Hier-pFedMe(λ2=35.0, K=1) | loss=0.0497
  [Client  7] Starting Hier-pFedMe | λ2=35.0, η2=0.02, inner_steps=1, epochs=5, batches/epoch=141
  [Client  1] Round 12 | Hier-pFedMe(λ2=35.0, K=1) | loss=0.0536
  [Client  9] Starting Hier-pFedMe | λ2=35.0, η2=0.02, inner_steps=1, epochs=5, batches/epoch=141
  [Client  4] Round 12 | Hier-pFedMe(λ2=35.0, K=1) | loss=0.0546
  [Client  6] Starting Hier-pFedMe | λ2=35.0, η2=0.02, inner_steps=1, epochs=5, batches/epoch=141
  [Client  3] Round 12 | Hier-pFedMe(λ2=35.0, K=1) | loss=0.0621
  [Client  2] Starting Hier-pFedMe | λ2=35.0, η2=0.02, inner_steps=1, epochs=5, batches/epoch=141
  [Client  6] Round 12 | Hier-pFedMe(λ2=35.0, K=1) | loss=0.0562
  [Client  8] Starting Hier-pFedMe | λ2=35.0, η2=0.02, inner_steps=1, epochs=5, batches/epoch=141
  [Client  9] Round 12 | Hier-pFedMe(λ2=35.0, K=1) | loss=0.0715
  [Client  0] Starting Hier-pFedMe | λ2=35.0, η2=0.02, inner_steps=1, epochs=5, batches/epoch=141
  [Client  7] Round 12 | Hier-pFedMe(λ2=35.0, K=1) | loss=0.0577
  [Client  2] Round 12 | Hier-pFedMe(λ2=35.0, K=1) | loss=0.0657
  [Client  8] Round 12 | Hier-pFedMe(λ2=35.0, K=1) | loss=0.0520
  [Client  0] Round 12 | Hier-pFedMe(λ2=35.0, K=1) | loss=0.0583
  [Edge 0] G12 | E3 | loss=0.0581
  [Edge 0] G12 | E4 | Hier-pFedMe | Selected 10/10
  [Client  5] Received edge weights. Set local model to edge weights.
[C5] Test set: samples=750, class_dist={4: 76, 15: 79, 19: 73, 34: 66, 45: 81, 63: 90, 74: 77, 91: 69, 93: 86, 95: 53}
  [Client  8] Received edge weights. Set local model to edge weights.
[C8] Test set: samples=750, class_dist={1: 60, 14: 77, 24: 79, 26: 71, 30: 76, 65: 78, 75: 62, 88: 91, 93: 73, 95: 83}
  [Client  3] Received edge weights. Set local model to edge weights.
[C3] Test set: samples=750, class_dist={4: 80, 6: 65, 7: 146, 14: 82, 21: 76, 35: 63, 38: 70, 65: 89, 80: 79}
  [Client  2] Received edge weights. Set local model to edge weights.
[C2] Test set: samples=750, class_dist={35: 80, 36: 63, 38: 79, 42: 77, 50: 77, 64: 79, 72: 80, 77: 72, 97: 72, 98: 71}
  [Client  4] Received edge weights. Set local model to edge weights.
[C4] Test set: samples=750, class_dist={19: 72, 31: 69, 42: 76, 43: 75, 63: 80, 66: 80, 72: 74, 79: 81, 91: 77, 98: 66}
  [Client  7] Received edge weights. Set local model to edge weights.
[C7] Test set: samples=750, class_dist={24: 68, 31: 72, 36: 73, 45: 74, 46: 76, 50: 79, 67: 92, 73: 75, 74: 61, 80: 80}
  [Client  9] Received edge weights. Set local model to edge weights.
[C9] Test set: samples=750, class_dist={2: 167, 3: 151, 15: 78, 27: 67, 55: 68, 67: 71, 77: 66, 79: 82}
  [Client  6] Received edge weights. Set local model to edge weights.
[C6] Test set: samples=750, class_dist={11: 70, 18: 85, 21: 73, 32: 89, 44: 80, 46: 73, 78: 127, 88: 85, 97: 68}
  [Client  1] Received edge weights. Set local model to edge weights.
[C1] Test set: samples=750, class_dist={1: 75, 11: 80, 26: 83, 27: 68, 29: 75, 32: 70, 73: 71, 75: 79, 99: 149}
  [Client  0] Received edge weights. Set local model to edge weights.
[C0] Test set: samples=750, class_dist={6: 83, 18: 67, 29: 71, 30: 73, 34: 78, 43: 77, 44: 71, 55: 71, 64: 82, 66: 77}
  [Client  5] Starting Hier-pFedMe | λ2=35.0, η2=0.02, inner_steps=1, epochs=5, batches/epoch=141  [Client  8] Starting Hier-pFedMe | λ2=35.0, η2=0.02, inner_steps=1, epochs=5, batches/epoch=141  [Client  3] Starting Hier-pFedMe | λ2=35.0, η2=0.02, inner_steps=1, epochs=5, batches/epoch=141


  [Client  2] Starting Hier-pFedMe | λ2=35.0, η2=0.02, inner_steps=1, epochs=5, batches/epoch=141
  [Client  2] Round 12 | Hier-pFedMe(λ2=35.0, K=1) | loss=0.0678
  [Client  4] Starting Hier-pFedMe | λ2=35.0, η2=0.02, inner_steps=1, epochs=5, batches/epoch=141
  [Client  5] Round 12 | Hier-pFedMe(λ2=35.0, K=1) | loss=0.0457
  [Client  7] Starting Hier-pFedMe | λ2=35.0, η2=0.02, inner_steps=1, epochs=5, batches/epoch=141
  [Client  8] Round 12 | Hier-pFedMe(λ2=35.0, K=1) | loss=0.0374
  [Client  9] Starting Hier-pFedMe | λ2=35.0, η2=0.02, inner_steps=1, epochs=5, batches/epoch=141
  [Client  3] Round 12 | Hier-pFedMe(λ2=35.0, K=1) | loss=0.0666
  [Client  6] Starting Hier-pFedMe | λ2=35.0, η2=0.02, inner_steps=1, epochs=5, batches/epoch=141
  [Client  4] Round 12 | Hier-pFedMe(λ2=35.0, K=1) | loss=0.0441
  [Client  1] Starting Hier-pFedMe | λ2=35.0, η2=0.02, inner_steps=1, epochs=5, batches/epoch=141
  [Client  6] Round 12 | Hier-pFedMe(λ2=35.0, K=1) | loss=0.0509
  [Client  7] Round 12 | Hier-pFedMe(λ2=35.0, K=1) | loss=0.0574  [Client  0] Starting Hier-pFedMe | λ2=35.0, η2=0.02, inner_steps=1, epochs=5, batches/epoch=141

  [Client  9] Round 12 | Hier-pFedMe(λ2=35.0, K=1) | loss=0.0485
  [Client  1] Round 12 | Hier-pFedMe(λ2=35.0, K=1) | loss=0.0489
  [Client  0] Round 12 | Hier-pFedMe(λ2=35.0, K=1) | loss=0.0523
  [Edge 0] G12 | E4 | loss=0.0520
  [Edge 0] G12 | E5 | Hier-pFedMe | Selected 10/10
  [Client  7] Received edge weights. Set local model to edge weights.
[C7] Test set: samples=750, class_dist={24: 68, 31: 72, 36: 73, 45: 74, 46: 76, 50: 79, 67: 92, 73: 75, 74: 61, 80: 80}
  [Client  1] Received edge weights. Set local model to edge weights.
[C1] Test set: samples=750, class_dist={1: 75, 11: 80, 26: 83, 27: 68, 29: 75, 32: 70, 73: 71, 75: 79, 99: 149}
  [Client  5] Received edge weights. Set local model to edge weights.
[C5] Test set: samples=750, class_dist={4: 76, 15: 79, 19: 73, 34: 66, 45: 81, 63: 90, 74: 77, 91: 69, 93: 86, 95: 53}
  [Client  8] Received edge weights. Set local model to edge weights.
[C8] Test set: samples=750, class_dist={1: 60, 14: 77, 24: 79, 26: 71, 30: 76, 65: 78, 75: 62, 88: 91, 93: 73, 95: 83}
  [Client  4] Received edge weights. Set local model to edge weights.
[C4] Test set: samples=750, class_dist={19: 72, 31: 69, 42: 76, 43: 75, 63: 80, 66: 80, 72: 74, 79: 81, 91: 77, 98: 66}
  [Client  3] Received edge weights. Set local model to edge weights.
[C3] Test set: samples=750, class_dist={4: 80, 6: 65, 7: 146, 14: 82, 21: 76, 35: 63, 38: 70, 65: 89, 80: 79}
  [Client  2] Received edge weights. Set local model to edge weights.
[C2] Test set: samples=750, class_dist={35: 80, 36: 63, 38: 79, 42: 77, 50: 77, 64: 79, 72: 80, 77: 72, 97: 72, 98: 71}
  [Client  6] Received edge weights. Set local model to edge weights.
[C6] Test set: samples=750, class_dist={11: 70, 18: 85, 21: 73, 32: 89, 44: 80, 46: 73, 78: 127, 88: 85, 97: 68}
  [Client  9] Received edge weights. Set local model to edge weights.
[C9] Test set: samples=750, class_dist={2: 167, 3: 151, 15: 78, 27: 67, 55: 68, 67: 71, 77: 66, 79: 82}
  [Client  0] Received edge weights. Set local model to edge weights.
[C0] Test set: samples=750, class_dist={6: 83, 18: 67, 29: 71, 30: 73, 34: 78, 43: 77, 44: 71, 55: 71, 64: 82, 66: 77}
  [Client  7] Starting Hier-pFedMe | λ2=35.0, η2=0.02, inner_steps=1, epochs=5, batches/epoch=141
  [Client  1] Starting Hier-pFedMe | λ2=35.0, η2=0.02, inner_steps=1, epochs=5, batches/epoch=141  [Client  5] Starting Hier-pFedMe | λ2=35.0, η2=0.02, inner_steps=1, epochs=5, batches/epoch=141  [Client  8] Starting Hier-pFedMe | λ2=35.0, η2=0.02, inner_steps=1, epochs=5, batches/epoch=141


  [Client  1] Round 12 | Hier-pFedMe(λ2=35.0, K=1) | loss=0.0475
  [Client  4] Starting Hier-pFedMe | λ2=35.0, η2=0.02, inner_steps=1, epochs=5, batches/epoch=141
  [Client  8] Round 12 | Hier-pFedMe(λ2=35.0, K=1) | loss=0.0382
  [Client  3] Starting Hier-pFedMe | λ2=35.0, η2=0.02, inner_steps=1, epochs=5, batches/epoch=141
  [Client  5] Round 12 | Hier-pFedMe(λ2=35.0, K=1) | loss=0.0502
  [Client  2] Starting Hier-pFedMe | λ2=35.0, η2=0.02, inner_steps=1, epochs=5, batches/epoch=141
  [Client  7] Round 12 | Hier-pFedMe(λ2=35.0, K=1) | loss=0.0490
  [Client  6] Starting Hier-pFedMe | λ2=35.0, η2=0.02, inner_steps=1, epochs=5, batches/epoch=141
  [Client  4] Round 12 | Hier-pFedMe(λ2=35.0, K=1) | loss=0.0628
  [Client  9] Starting Hier-pFedMe | λ2=35.0, η2=0.02, inner_steps=1, epochs=5, batches/epoch=141
  [Client  6] Round 12 | Hier-pFedMe(λ2=35.0, K=1) | loss=0.0439
  [Client  0] Starting Hier-pFedMe | λ2=35.0, η2=0.02, inner_steps=1, epochs=5, batches/epoch=141
  [Client  2] Round 12 | Hier-pFedMe(λ2=35.0, K=1) | loss=0.0364
  [Client  3] Round 12 | Hier-pFedMe(λ2=35.0, K=1) | loss=0.0364
  [Client  9] Round 12 | Hier-pFedMe(λ2=35.0, K=1) | loss=0.0469
  [Client  0] Round 12 | Hier-pFedMe(λ2=35.0, K=1) | loss=0.0390
  [Edge 0] G12 | E5 | loss=0.0450
  [Edge 1] G12 | E1 | Hier-pFedMe | Selected 10/10
  [Client 11] Received edge weights. Set local model to edge weights.
[C11] Test set: samples=750, class_dist={10: 175, 12: 136, 16: 85, 17: 77, 37: 65, 40: 70, 82: 70, 87: 72}
  [Client 18] Received edge weights. Set local model to edge weights.
[C18] Test set: samples=750, class_dist={0: 71, 5: 79, 8: 79, 16: 71, 25: 72, 76: 70, 84: 81, 86: 67, 92: 81, 96: 79}
  [Client 16] Received edge weights. Set local model to edge weights.
[C16] Test set: samples=750, class_dist={20: 75, 22: 88, 28: 62, 52: 153, 53: 84, 59: 67, 70: 71, 76: 65, 82: 85}
  [Client 12] Received edge weights. Set local model to edge weights.
[C12] Test set: samples=750, class_dist={17: 72, 41: 154, 47: 72, 48: 78, 54: 85, 58: 68, 69: 83, 83: 72, 96: 66}
  [Client 10] Received edge weights. Set local model to edge weights.
[C10] Test set: samples=750, class_dist={5: 74, 9: 72, 51: 87, 54: 76, 57: 149, 84: 72, 89: 78, 92: 60, 94: 82}
  [Client 13] Received edge weights. Set local model to edge weights.
[C13] Test set: samples=750, class_dist={8: 68, 9: 75, 20: 73, 37: 78, 39: 76, 48: 73, 59: 78, 68: 74, 86: 80, 90: 75}
  [Client 19] Received edge weights. Set local model to edge weights.
[C19] Test set: samples=750, class_dist={0: 66, 13: 168, 23: 137, 51: 86, 68: 65, 70: 82, 81: 64, 89: 82}
  [Client 17] Received edge weights. Set local model to edge weights.
[C17] Test set: samples=750, class_dist={49: 73, 56: 69, 58: 67, 60: 82, 61: 143, 69: 96, 71: 151, 85: 69}
  [Client 14] Received edge weights. Set local model to edge weights.
[C14] Test set: samples=750, class_dist={22: 68, 33: 80, 40: 81, 49: 71, 56: 79, 62: 143, 83: 80, 85: 69, 87: 79}
  [Client 15] Received edge weights. Set local model to edge weights.
[C15] Test set: samples=750, class_dist={25: 79, 28: 75, 33: 65, 39: 81, 47: 75, 53: 72, 60: 73, 81: 75, 90: 77, 94: 78}
  [Client 16] Starting Hier-pFedMe | λ2=35.0, η2=0.02, inner_steps=1, epochs=5, batches/epoch=141  [Client 11] Starting Hier-pFedMe | λ2=35.0, η2=0.02, inner_steps=1, epochs=5, batches/epoch=141  [Client 18] Starting Hier-pFedMe | λ2=35.0, η2=0.02, inner_steps=1, epochs=5, batches/epoch=141


  [Client 12] Starting Hier-pFedMe | λ2=35.0, η2=0.02, inner_steps=1, epochs=5, batches/epoch=141
  [Client 18] Round 12 | Hier-pFedMe(λ2=35.0, K=1) | loss=0.1200
  [Client 10] Starting Hier-pFedMe | λ2=35.0, η2=0.02, inner_steps=1, epochs=5, batches/epoch=141
  [Client 11] Round 12 | Hier-pFedMe(λ2=35.0, K=1) | loss=0.1141
  [Client 13] Starting Hier-pFedMe | λ2=35.0, η2=0.02, inner_steps=1, epochs=5, batches/epoch=141
  [Client 12] Round 12 | Hier-pFedMe(λ2=35.0, K=1) | loss=0.1043
  [Client 19] Starting Hier-pFedMe | λ2=35.0, η2=0.02, inner_steps=1, epochs=5, batches/epoch=141
  [Client 16] Round 12 | Hier-pFedMe(λ2=35.0, K=1) | loss=0.0943
  [Client 17] Starting Hier-pFedMe | λ2=35.0, η2=0.02, inner_steps=1, epochs=5, batches/epoch=141
  [Client 13] Round 12 | Hier-pFedMe(λ2=35.0, K=1) | loss=0.1073
  [Client 14] Starting Hier-pFedMe | λ2=35.0, η2=0.02, inner_steps=1, epochs=5, batches/epoch=141
  [Client 10] Round 12 | Hier-pFedMe(λ2=35.0, K=1) | loss=0.1288
  [Client 15] Starting Hier-pFedMe | λ2=35.0, η2=0.02, inner_steps=1, epochs=5, batches/epoch=141
  [Client 19] Round 12 | Hier-pFedMe(λ2=35.0, K=1) | loss=0.0840
  [Client 17] Round 12 | Hier-pFedMe(λ2=35.0, K=1) | loss=0.1079
  [Client 14] Round 12 | Hier-pFedMe(λ2=35.0, K=1) | loss=0.1070
  [Client 15] Round 12 | Hier-pFedMe(λ2=35.0, K=1) | loss=0.0920
  [Edge 1] G12 | E1 | loss=0.1060
  [Edge 1] G12 | E2 | Hier-pFedMe | Selected 10/10
  [Client 19] Received edge weights. Set local model to edge weights.
[C19] Test set: samples=750, class_dist={0: 66, 13: 168, 23: 137, 51: 86, 68: 65, 70: 82, 81: 64, 89: 82}
  [Client 13] Received edge weights. Set local model to edge weights.
[C13] Test set: samples=750, class_dist={8: 68, 9: 75, 20: 73, 37: 78, 39: 76, 48: 73, 59: 78, 68: 74, 86: 80, 90: 75}
  [Client 17] Received edge weights. Set local model to edge weights.
[C17] Test set: samples=750, class_dist={49: 73, 56: 69, 58: 67, 60: 82, 61: 143, 69: 96, 71: 151, 85: 69}
  [Client 18] Received edge weights. Set local model to edge weights.
[C18] Test set: samples=750, class_dist={0: 71, 5: 79, 8: 79, 16: 71, 25: 72, 76: 70, 84: 81, 86: 67, 92: 81, 96: 79}
  [Client 14] Received edge weights. Set local model to edge weights.
[C14] Test set: samples=750, class_dist={22: 68, 33: 80, 40: 81, 49: 71, 56: 79, 62: 143, 83: 80, 85: 69, 87: 79}
  [Client 16] Received edge weights. Set local model to edge weights.
[C16] Test set: samples=750, class_dist={20: 75, 22: 88, 28: 62, 52: 153, 53: 84, 59: 67, 70: 71, 76: 65, 82: 85}
  [Client 15] Received edge weights. Set local model to edge weights.
[C15] Test set: samples=750, class_dist={25: 79, 28: 75, 33: 65, 39: 81, 47: 75, 53: 72, 60: 73, 81: 75, 90: 77, 94: 78}
  [Client 11] Received edge weights. Set local model to edge weights.
[C11] Test set: samples=750, class_dist={10: 175, 12: 136, 16: 85, 17: 77, 37: 65, 40: 70, 82: 70, 87: 72}
  [Client 10] Received edge weights. Set local model to edge weights.
[C10] Test set: samples=750, class_dist={5: 74, 9: 72, 51: 87, 54: 76, 57: 149, 84: 72, 89: 78, 92: 60, 94: 82}
  [Client 12] Received edge weights. Set local model to edge weights.
[C12] Test set: samples=750, class_dist={17: 72, 41: 154, 47: 72, 48: 78, 54: 85, 58: 68, 69: 83, 83: 72, 96: 66}
  [Client 19] Starting Hier-pFedMe | λ2=35.0, η2=0.02, inner_steps=1, epochs=5, batches/epoch=141
  [Client 13] Starting Hier-pFedMe | λ2=35.0, η2=0.02, inner_steps=1, epochs=5, batches/epoch=141
  [Client 17] Starting Hier-pFedMe | λ2=35.0, η2=0.02, inner_steps=1, epochs=5, batches/epoch=141
  [Client 18] Starting Hier-pFedMe | λ2=35.0, η2=0.02, inner_steps=1, epochs=5, batches/epoch=141
  [Client 18] Round 12 | Hier-pFedMe(λ2=35.0, K=1) | loss=0.0603
  [Client 14] Starting Hier-pFedMe | λ2=35.0, η2=0.02, inner_steps=1, epochs=5, batches/epoch=141
  [Client 19] Round 12 | Hier-pFedMe(λ2=35.0, K=1) | loss=0.0459
  [Client 16] Starting Hier-pFedMe | λ2=35.0, η2=0.02, inner_steps=1, epochs=5, batches/epoch=141
  [Client 13] Round 12 | Hier-pFedMe(λ2=35.0, K=1) | loss=0.0585
  [Client 15] Starting Hier-pFedMe | λ2=35.0, η2=0.02, inner_steps=1, epochs=5, batches/epoch=141
  [Client 17] Round 12 | Hier-pFedMe(λ2=35.0, K=1) | loss=0.0487
  [Client 11] Starting Hier-pFedMe | λ2=35.0, η2=0.02, inner_steps=1, epochs=5, batches/epoch=141
  [Client 16] Round 12 | Hier-pFedMe(λ2=35.0, K=1) | loss=0.0528
  [Client 10] Starting Hier-pFedMe | λ2=35.0, η2=0.02, inner_steps=1, epochs=5, batches/epoch=141
  [Client 14] Round 12 | Hier-pFedMe(λ2=35.0, K=1) | loss=0.0470
  [Client 12] Starting Hier-pFedMe | λ2=35.0, η2=0.02, inner_steps=1, epochs=5, batches/epoch=141
  [Client 15] Round 12 | Hier-pFedMe(λ2=35.0, K=1) | loss=0.0494
  [Client 11] Round 12 | Hier-pFedMe(λ2=35.0, K=1) | loss=0.0684
  [Client 10] Round 12 | Hier-pFedMe(λ2=35.0, K=1) | loss=0.0865
  [Client 12] Round 12 | Hier-pFedMe(λ2=35.0, K=1) | loss=0.0341
  [Edge 1] G12 | E2 | loss=0.0552
  [Edge 1] G12 | E3 | Hier-pFedMe | Selected 10/10
  [Client 19] Received edge weights. Set local model to edge weights.
[C19] Test set: samples=750, class_dist={0: 66, 13: 168, 23: 137, 51: 86, 68: 65, 70: 82, 81: 64, 89: 82}
  [Client 17] Received edge weights. Set local model to edge weights.
[C17] Test set: samples=750, class_dist={49: 73, 56: 69, 58: 67, 60: 82, 61: 143, 69: 96, 71: 151, 85: 69}
  [Client 16] Received edge weights. Set local model to edge weights.
[C16] Test set: samples=750, class_dist={20: 75, 22: 88, 28: 62, 52: 153, 53: 84, 59: 67, 70: 71, 76: 65, 82: 85}
  [Client 10] Received edge weights. Set local model to edge weights.
[C10] Test set: samples=750, class_dist={5: 74, 9: 72, 51: 87, 54: 76, 57: 149, 84: 72, 89: 78, 92: 60, 94: 82}
  [Client 18] Received edge weights. Set local model to edge weights.
[C18] Test set: samples=750, class_dist={0: 71, 5: 79, 8: 79, 16: 71, 25: 72, 76: 70, 84: 81, 86: 67, 92: 81, 96: 79}
  [Client 11] Received edge weights. Set local model to edge weights.
[C11] Test set: samples=750, class_dist={10: 175, 12: 136, 16: 85, 17: 77, 37: 65, 40: 70, 82: 70, 87: 72}
  [Client 15] Received edge weights. Set local model to edge weights.
[C15] Test set: samples=750, class_dist={25: 79, 28: 75, 33: 65, 39: 81, 47: 75, 53: 72, 60: 73, 81: 75, 90: 77, 94: 78}
  [Client 13] Received edge weights. Set local model to edge weights.
[C13] Test set: samples=750, class_dist={8: 68, 9: 75, 20: 73, 37: 78, 39: 76, 48: 73, 59: 78, 68: 74, 86: 80, 90: 75}
  [Client 12] Received edge weights. Set local model to edge weights.
[C12] Test set: samples=750, class_dist={17: 72, 41: 154, 47: 72, 48: 78, 54: 85, 58: 68, 69: 83, 83: 72, 96: 66}
  [Client 14] Received edge weights. Set local model to edge weights.
[C14] Test set: samples=750, class_dist={22: 68, 33: 80, 40: 81, 49: 71, 56: 79, 62: 143, 83: 80, 85: 69, 87: 79}
  [Client 19] Starting Hier-pFedMe | λ2=35.0, η2=0.02, inner_steps=1, epochs=5, batches/epoch=141  [Client 17] Starting Hier-pFedMe | λ2=35.0, η2=0.02, inner_steps=1, epochs=5, batches/epoch=141

  [Client 10] Starting Hier-pFedMe | λ2=35.0, η2=0.02, inner_steps=1, epochs=5, batches/epoch=141
  [Client 16] Starting Hier-pFedMe | λ2=35.0, η2=0.02, inner_steps=1, epochs=5, batches/epoch=141
  [Client 17] Round 12 | Hier-pFedMe(λ2=35.0, K=1) | loss=0.0410
  [Client 18] Starting Hier-pFedMe | λ2=35.0, η2=0.02, inner_steps=1, epochs=5, batches/epoch=141
  [Client 19] Round 12 | Hier-pFedMe(λ2=35.0, K=1) | loss=0.0284
  [Client 11] Starting Hier-pFedMe | λ2=35.0, η2=0.02, inner_steps=1, epochs=5, batches/epoch=141
  [Client 16] Round 12 | Hier-pFedMe(λ2=35.0, K=1) | loss=0.0466
  [Client 15] Starting Hier-pFedMe | λ2=35.0, η2=0.02, inner_steps=1, epochs=5, batches/epoch=141
  [Client 10] Round 12 | Hier-pFedMe(λ2=35.0, K=1) | loss=0.0454
  [Client 13] Starting Hier-pFedMe | λ2=35.0, η2=0.02, inner_steps=1, epochs=5, batches/epoch=141
  [Client 18] Round 12 | Hier-pFedMe(λ2=35.0, K=1) | loss=0.0557
  [Client 12] Starting Hier-pFedMe | λ2=35.0, η2=0.02, inner_steps=1, epochs=5, batches/epoch=141
  [Client 11] Round 12 | Hier-pFedMe(λ2=35.0, K=1) | loss=0.0627
  [Client 14] Starting Hier-pFedMe | λ2=35.0, η2=0.02, inner_steps=1, epochs=5, batches/epoch=141
  [Client 13] Round 12 | Hier-pFedMe(λ2=35.0, K=1) | loss=0.0533
  [Client 15] Round 12 | Hier-pFedMe(λ2=35.0, K=1) | loss=0.0430
  [Client 12] Round 12 | Hier-pFedMe(λ2=35.0, K=1) | loss=0.0351
  [Client 14] Round 12 | Hier-pFedMe(λ2=35.0, K=1) | loss=0.0538
  [Edge 1] G12 | E3 | loss=0.0465
  [Edge 1] G12 | E4 | Hier-pFedMe | Selected 10/10
  [Client 19] Received edge weights. Set local model to edge weights.
[C19] Test set: samples=750, class_dist={0: 66, 13: 168, 23: 137, 51: 86, 68: 65, 70: 82, 81: 64, 89: 82}
  [Client 13] Received edge weights. Set local model to edge weights.
[C13] Test set: samples=750, class_dist={8: 68, 9: 75, 20: 73, 37: 78, 39: 76, 48: 73, 59: 78, 68: 74, 86: 80, 90: 75}
  [Client 12] Received edge weights. Set local model to edge weights.
[C12] Test set: samples=750, class_dist={17: 72, 41: 154, 47: 72, 48: 78, 54: 85, 58: 68, 69: 83, 83: 72, 96: 66}
  [Client 16] Received edge weights. Set local model to edge weights.
[C16] Test set: samples=750, class_dist={20: 75, 22: 88, 28: 62, 52: 153, 53: 84, 59: 67, 70: 71, 76: 65, 82: 85}
  [Client 10] Received edge weights. Set local model to edge weights.
[C10] Test set: samples=750, class_dist={5: 74, 9: 72, 51: 87, 54: 76, 57: 149, 84: 72, 89: 78, 92: 60, 94: 82}
  [Client 18] Received edge weights. Set local model to edge weights.
[C18] Test set: samples=750, class_dist={0: 71, 5: 79, 8: 79, 16: 71, 25: 72, 76: 70, 84: 81, 86: 67, 92: 81, 96: 79}
  [Client 11] Received edge weights. Set local model to edge weights.
[C11] Test set: samples=750, class_dist={10: 175, 12: 136, 16: 85, 17: 77, 37: 65, 40: 70, 82: 70, 87: 72}
  [Client 17] Received edge weights. Set local model to edge weights.
[C17] Test set: samples=750, class_dist={49: 73, 56: 69, 58: 67, 60: 82, 61: 143, 69: 96, 71: 151, 85: 69}
  [Client 15] Received edge weights. Set local model to edge weights.
[C15] Test set: samples=750, class_dist={25: 79, 28: 75, 33: 65, 39: 81, 47: 75, 53: 72, 60: 73, 81: 75, 90: 77, 94: 78}
  [Client 14] Received edge weights. Set local model to edge weights.
[C14] Test set: samples=750, class_dist={22: 68, 33: 80, 40: 81, 49: 71, 56: 79, 62: 143, 83: 80, 85: 69, 87: 79}
  [Client 19] Starting Hier-pFedMe | λ2=35.0, η2=0.02, inner_steps=1, epochs=5, batches/epoch=141
  [Client 13] Starting Hier-pFedMe | λ2=35.0, η2=0.02, inner_steps=1, epochs=5, batches/epoch=141  [Client 12] Starting Hier-pFedMe | λ2=35.0, η2=0.02, inner_steps=1, epochs=5, batches/epoch=141  [Client 16] Starting Hier-pFedMe | λ2=35.0, η2=0.02, inner_steps=1, epochs=5, batches/epoch=141


  [Client 12] Round 12 | Hier-pFedMe(λ2=35.0, K=1) | loss=0.0291
  [Client 10] Starting Hier-pFedMe | λ2=35.0, η2=0.02, inner_steps=1, epochs=5, batches/epoch=141
  [Client 13] Round 12 | Hier-pFedMe(λ2=35.0, K=1) | loss=0.0388
  [Client 18] Starting Hier-pFedMe | λ2=35.0, η2=0.02, inner_steps=1, epochs=5, batches/epoch=141
  [Client 16] Round 12 | Hier-pFedMe(λ2=35.0, K=1) | loss=0.0337
  [Client 11] Starting Hier-pFedMe | λ2=35.0, η2=0.02, inner_steps=1, epochs=5, batches/epoch=141
  [Client 19] Round 12 | Hier-pFedMe(λ2=35.0, K=1) | loss=0.0341
  [Client 17] Starting Hier-pFedMe | λ2=35.0, η2=0.02, inner_steps=1, epochs=5, batches/epoch=141
  [Client 18] Round 12 | Hier-pFedMe(λ2=35.0, K=1) | loss=0.0313
  [Client 15] Starting Hier-pFedMe | λ2=35.0, η2=0.02, inner_steps=1, epochs=5, batches/epoch=141
  [Client 10] Round 12 | Hier-pFedMe(λ2=35.0, K=1) | loss=0.0516
  [Client 14] Starting Hier-pFedMe | λ2=35.0, η2=0.02, inner_steps=1, epochs=5, batches/epoch=141
  [Client 17] Round 12 | Hier-pFedMe(λ2=35.0, K=1) | loss=0.0452
  [Client 11] Round 12 | Hier-pFedMe(λ2=35.0, K=1) | loss=0.0445
  [Client 14] Round 12 | Hier-pFedMe(λ2=35.0, K=1) | loss=0.0378
  [Client 15] Round 12 | Hier-pFedMe(λ2=35.0, K=1) | loss=0.0408
  [Edge 1] G12 | E4 | loss=0.0387
  [Edge 1] G12 | E5 | Hier-pFedMe | Selected 10/10
  [Client 15] Received edge weights. Set local model to edge weights.
[C15] Test set: samples=750, class_dist={25: 79, 28: 75, 33: 65, 39: 81, 47: 75, 53: 72, 60: 73, 81: 75, 90: 77, 94: 78}
  [Client 14] Received edge weights. Set local model to edge weights.
[C14] Test set: samples=750, class_dist={22: 68, 33: 80, 40: 81, 49: 71, 56: 79, 62: 143, 83: 80, 85: 69, 87: 79}
  [Client 19] Received edge weights. Set local model to edge weights.
[C19] Test set: samples=750, class_dist={0: 66, 13: 168, 23: 137, 51: 86, 68: 65, 70: 82, 81: 64, 89: 82}
  [Client 16] Received edge weights. Set local model to edge weights.
[C16] Test set: samples=750, class_dist={20: 75, 22: 88, 28: 62, 52: 153, 53: 84, 59: 67, 70: 71, 76: 65, 82: 85}
  [Client 12] Received edge weights. Set local model to edge weights.
[C12] Test set: samples=750, class_dist={17: 72, 41: 154, 47: 72, 48: 78, 54: 85, 58: 68, 69: 83, 83: 72, 96: 66}
  [Client 13] Received edge weights. Set local model to edge weights.
[C13] Test set: samples=750, class_dist={8: 68, 9: 75, 20: 73, 37: 78, 39: 76, 48: 73, 59: 78, 68: 74, 86: 80, 90: 75}
  [Client 18] Received edge weights. Set local model to edge weights.
[C18] Test set: samples=750, class_dist={0: 71, 5: 79, 8: 79, 16: 71, 25: 72, 76: 70, 84: 81, 86: 67, 92: 81, 96: 79}
  [Client 17] Received edge weights. Set local model to edge weights.
[C17] Test set: samples=750, class_dist={49: 73, 56: 69, 58: 67, 60: 82, 61: 143, 69: 96, 71: 151, 85: 69}
  [Client 11] Received edge weights. Set local model to edge weights.
[C11] Test set: samples=750, class_dist={10: 175, 12: 136, 16: 85, 17: 77, 37: 65, 40: 70, 82: 70, 87: 72}
  [Client 10] Received edge weights. Set local model to edge weights.
[C10] Test set: samples=750, class_dist={5: 74, 9: 72, 51: 87, 54: 76, 57: 149, 84: 72, 89: 78, 92: 60, 94: 82}
  [Client 15] Starting Hier-pFedMe | λ2=35.0, η2=0.02, inner_steps=1, epochs=5, batches/epoch=141
  [Client 14] Starting Hier-pFedMe | λ2=35.0, η2=0.02, inner_steps=1, epochs=5, batches/epoch=141  [Client 19] Starting Hier-pFedMe | λ2=35.0, η2=0.02, inner_steps=1, epochs=5, batches/epoch=141

  [Client 16] Starting Hier-pFedMe | λ2=35.0, η2=0.02, inner_steps=1, epochs=5, batches/epoch=141
  [Client 19] Round 12 | Hier-pFedMe(λ2=35.0, K=1) | loss=0.0230
  [Client 12] Starting Hier-pFedMe | λ2=35.0, η2=0.02, inner_steps=1, epochs=5, batches/epoch=141
  [Client 16] Round 12 | Hier-pFedMe(λ2=35.0, K=1) | loss=0.0276
  [Client 13] Starting Hier-pFedMe | λ2=35.0, η2=0.02, inner_steps=1, epochs=5, batches/epoch=141
  [Client 15] Round 12 | Hier-pFedMe(λ2=35.0, K=1) | loss=0.0479
  [Client 18] Starting Hier-pFedMe | λ2=35.0, η2=0.02, inner_steps=1, epochs=5, batches/epoch=141
  [Client 14] Round 12 | Hier-pFedMe(λ2=35.0, K=1) | loss=0.0395
  [Client 17] Starting Hier-pFedMe | λ2=35.0, η2=0.02, inner_steps=1, epochs=5, batches/epoch=141
  [Client 12] Round 12 | Hier-pFedMe(λ2=35.0, K=1) | loss=0.0369
  [Client 11] Starting Hier-pFedMe | λ2=35.0, η2=0.02, inner_steps=1, epochs=5, batches/epoch=141
  [Client 18] Round 12 | Hier-pFedMe(λ2=35.0, K=1) | loss=0.0694
  [Client 10] Starting Hier-pFedMe | λ2=35.0, η2=0.02, inner_steps=1, epochs=5, batches/epoch=141
  [Client 13] Round 12 | Hier-pFedMe(λ2=35.0, K=1) | loss=0.0414
  [Client 17] Round 12 | Hier-pFedMe(λ2=35.0, K=1) | loss=0.0364
  [Client 11] Round 12 | Hier-pFedMe(λ2=35.0, K=1) | loss=0.0296
  [Client 10] Round 12 | Hier-pFedMe(λ2=35.0, K=1) | loss=0.0419
  [Edge 1] G12 | E5 | loss=0.0394
  [Cloud] Using Hier-pFedMe global aggregation (式 9).
[C0] n=750 | classes=[6, 18, 29, 30, 34, 43, 44, 55, 64, 66] | acc=0.4547 | per_class={6: '0.47', 18: '0.49', 29: '0.48', 30: '0.68', 34: '0.44', 43: '0.49', 44: '0.28', 55: '0.31', 64: '0.38', 66: '0.52'}
[C1] n=750 | classes=[1, 11, 26, 27, 29, 32, 73, 75, 99] | acc=0.6213 | per_class={1: '0.68', 11: '0.60', 26: '0.49', 27: '0.49', 29: '0.59', 32: '0.47', 73: '0.70', 75: '0.78', 99: '0.70'}
[C2] n=750 | classes=[35, 36, 38, 42, 50, 64, 72, 77, 97, 98] | acc=0.4107 | per_class={35: '0.42', 36: '0.52', 38: '0.39', 42: '0.49', 50: '0.29', 64: '0.32', 72: '0.50', 77: '0.43', 97: '0.44', 98: '0.31'}
[C3] n=750 | classes=[4, 6, 7, 14, 21, 35, 38, 65, 80] | acc=0.4773 | per_class={4: '0.35', 6: '0.42', 7: '0.72', 14: '0.39', 21: '0.64', 35: '0.63', 38: '0.39', 65: '0.33', 80: '0.27'}
[C4] n=750 | classes=[19, 31, 42, 43, 63, 66, 72, 79, 91, 98] | acc=0.5133 | per_class={19: '0.46', 31: '0.38', 42: '0.50', 43: '0.51', 63: '0.46', 66: '0.36', 72: '0.54', 79: '0.59', 91: '0.71', 98: '0.62'}
[C5] n=750 | classes=[4, 15, 19, 34, 45, 63, 74, 91, 93, 95] | acc=0.4893 | per_class={4: '0.37', 15: '0.49', 19: '0.38', 34: '0.45', 45: '0.60', 63: '0.46', 74: '0.42', 91: '0.59', 93: '0.45', 95: '0.75'}
[C6] n=750 | classes=[11, 18, 21, 32, 44, 46, 78, 88, 97] | acc=0.4733 | per_class={11: '0.40', 18: '0.46', 21: '0.67', 32: '0.57', 44: '0.39', 46: '0.29', 78: '0.54', 88: '0.47', 97: '0.40'}
[C7] n=750 | classes=[24, 31, 36, 45, 46, 50, 67, 73, 74, 80] | acc=0.5227 | per_class={24: '0.78', 31: '0.65', 36: '0.63', 45: '0.53', 46: '0.46', 50: '0.23', 67: '0.47', 73: '0.67', 74: '0.41', 80: '0.45'}
[C8] n=750 | classes=[1, 14, 24, 26, 30, 65, 75, 88, 93, 95] | acc=0.5827 | per_class={1: '0.75', 14: '0.65', 24: '0.82', 26: '0.45', 30: '0.58', 65: '0.47', 75: '0.65', 88: '0.53', 93: '0.40', 95: '0.57'}
[C9] n=750 | classes=[2, 3, 15, 27, 55, 67, 77, 79] | acc=0.5573 | per_class={2: '0.71', 3: '0.63', 15: '0.44', 27: '0.61', 55: '0.21', 67: '0.70', 77: '0.35', 79: '0.52'}
[C10] n=750 | classes=[5, 9, 51, 54, 57, 84, 89, 92, 94] | acc=0.6080 | per_class={5: '0.51', 9: '0.58', 51: '0.66', 54: '0.49', 57: '0.68', 84: '0.38', 89: '0.73', 92: '0.58', 94: '0.76'}
[C11] n=750 | classes=[10, 12, 16, 17, 37, 40, 82, 87] | acc=0.6027 | per_class={10: '0.73', 12: '0.64', 16: '0.41', 17: '0.64', 37: '0.35', 40: '0.53', 82: '0.91', 87: '0.40'}
[C12] n=750 | classes=[17, 41, 47, 48, 54, 58, 69, 83, 96] | acc=0.7333 | per_class={17: '0.83', 41: '0.78', 47: '0.72', 48: '0.65', 54: '0.69', 58: '0.75', 69: '0.77', 83: '0.75', 96: '0.59'}
[C13] n=750 | classes=[8, 9, 20, 37, 39, 48, 59, 68, 86, 90] | acc=0.6360 | per_class={8: '0.57', 9: '0.71', 20: '0.79', 37: '0.53', 39: '0.63', 48: '0.63', 59: '0.77', 68: '0.85', 86: '0.47', 90: '0.41'}
[C14] n=750 | classes=[22, 33, 40, 49, 56, 62, 83, 85, 87] | acc=0.6987 | per_class={22: '0.54', 33: '0.68', 40: '0.56', 49: '0.94', 56: '0.87', 62: '0.86', 83: '0.51', 85: '0.72', 87: '0.48'}
[C15] n=750 | classes=[25, 28, 33, 39, 47, 53, 60, 81, 90, 94] | acc=0.6720 | per_class={25: '0.43', 28: '0.65', 33: '0.65', 39: '0.64', 47: '0.83', 53: '0.92', 60: '0.90', 81: '0.47', 90: '0.55', 94: '0.72'}
[C16] n=750 | classes=[20, 22, 28, 52, 53, 59, 70, 76, 82] | acc=0.7573 | per_class={20: '0.80', 22: '0.66', 28: '0.63', 52: '0.82', 53: '0.89', 59: '0.48', 70: '0.72', 76: '0.85', 82: '0.86'}
[C17] n=750 | classes=[49, 56, 58, 60, 61, 69, 71, 85] | acc=0.7547 | per_class={49: '0.62', 56: '0.81', 58: '0.63', 60: '0.71', 61: '0.93', 69: '0.70', 71: '0.77', 85: '0.71'}
[C18] n=750 | classes=[0, 5, 8, 16, 25, 76, 84, 86, 92, 96] | acc=0.6187 | per_class={0: '0.76', 5: '0.44', 8: '0.66', 16: '0.42', 25: '0.43', 76: '0.84', 84: '0.47', 86: '0.60', 92: '0.72', 96: '0.85'}
[C19] n=750 | classes=[0, 13, 23, 51, 68, 70, 81, 89] | acc=0.7027 | per_class={0: '0.82', 13: '0.64', 23: '0.84', 51: '0.71', 68: '0.83', 70: '0.77', 81: '0.36', 89: '0.61'}
  [Cloud] GM=0.1858 | EM=0.2709 PM=0.5943 | loss=5.1982 | time=116.1s | comm=719.6MB (total=8635MB)

[Round  13] Broadcasting to 2 edges...
  [Edge 0] W_n reset to global weights for new round.
  [Edge 1] W_n reset to global weights for new round.
  [Edge 0] G13 | E1 | Hier-pFedMe | Selected 10/10
  [Client  0] Received edge weights. Set local model to edge weights.
[C0] Test set: samples=750, class_dist={6: 83, 18: 67, 29: 71, 30: 73, 34: 78, 43: 77, 44: 71, 55: 71, 64: 82, 66: 77}
  [Client  2] Received edge weights. Set local model to edge weights.
[C2] Test set: samples=750, class_dist={35: 80, 36: 63, 38: 79, 42: 77, 50: 77, 64: 79, 72: 80, 77: 72, 97: 72, 98: 71}
  [Client  1] Received edge weights. Set local model to edge weights.
[C1] Test set: samples=750, class_dist={1: 75, 11: 80, 26: 83, 27: 68, 29: 75, 32: 70, 73: 71, 75: 79, 99: 149}
  [Client  5] Received edge weights. Set local model to edge weights.
[C5] Test set: samples=750, class_dist={4: 76, 15: 79, 19: 73, 34: 66, 45: 81, 63: 90, 74: 77, 91: 69, 93: 86, 95: 53}
  [Client  3] Received edge weights. Set local model to edge weights.
[C3] Test set: samples=750, class_dist={4: 80, 6: 65, 7: 146, 14: 82, 21: 76, 35: 63, 38: 70, 65: 89, 80: 79}
  [Client  7] Received edge weights. Set local model to edge weights.
[C7] Test set: samples=750, class_dist={24: 68, 31: 72, 36: 73, 45: 74, 46: 76, 50: 79, 67: 92, 73: 75, 74: 61, 80: 80}
  [Client  6] Received edge weights. Set local model to edge weights.
[C6] Test set: samples=750, class_dist={11: 70, 18: 85, 21: 73, 32: 89, 44: 80, 46: 73, 78: 127, 88: 85, 97: 68}
  [Client  4] Received edge weights. Set local model to edge weights.
[C4] Test set: samples=750, class_dist={19: 72, 31: 69, 42: 76, 43: 75, 63: 80, 66: 80, 72: 74, 79: 81, 91: 77, 98: 66}
  [Client  8] Received edge weights. Set local model to edge weights.
[C8] Test set: samples=750, class_dist={1: 60, 14: 77, 24: 79, 26: 71, 30: 76, 65: 78, 75: 62, 88: 91, 93: 73, 95: 83}
  [Client  9] Received edge weights. Set local model to edge weights.
[C9] Test set: samples=750, class_dist={2: 167, 3: 151, 15: 78, 27: 67, 55: 68, 67: 71, 77: 66, 79: 82}
  [Client  0] Starting Hier-pFedMe | λ2=35.0, η2=0.02, inner_steps=1, epochs=5, batches/epoch=141  [Client  2] Starting Hier-pFedMe | λ2=35.0, η2=0.02, inner_steps=1, epochs=5, batches/epoch=141

  [Client  1] Starting Hier-pFedMe | λ2=35.0, η2=0.02, inner_steps=1, epochs=5, batches/epoch=141
  [Client  5] Starting Hier-pFedMe | λ2=35.0, η2=0.02, inner_steps=1, epochs=5, batches/epoch=141
  [Client  2] Round 13 | Hier-pFedMe(λ2=35.0, K=1) | loss=0.1028
  [Client  3] Starting Hier-pFedMe | λ2=35.0, η2=0.02, inner_steps=1, epochs=5, batches/epoch=141
  [Client  1] Round 13 | Hier-pFedMe(λ2=35.0, K=1) | loss=0.0929
  [Client  7] Starting Hier-pFedMe | λ2=35.0, η2=0.02, inner_steps=1, epochs=5, batches/epoch=141
  [Client  0] Round 13 | Hier-pFedMe(λ2=35.0, K=1) | loss=0.1042
  [Client  6] Starting Hier-pFedMe | λ2=35.0, η2=0.02, inner_steps=1, epochs=5, batches/epoch=141
  [Client  5] Round 13 | Hier-pFedMe(λ2=35.0, K=1) | loss=0.0943
  [Client  4] Starting Hier-pFedMe | λ2=35.0, η2=0.02, inner_steps=1, epochs=5, batches/epoch=141
  [Client  7] Round 13 | Hier-pFedMe(λ2=35.0, K=1) | loss=0.0931
  [Client  8] Starting Hier-pFedMe | λ2=35.0, η2=0.02, inner_steps=1, epochs=5, batches/epoch=141
  [Client  6] Round 13 | Hier-pFedMe(λ2=35.0, K=1) | loss=0.0963
  [Client  9] Starting Hier-pFedMe | λ2=35.0, η2=0.02, inner_steps=1, epochs=5, batches/epoch=141
  [Client  3] Round 13 | Hier-pFedMe(λ2=35.0, K=1) | loss=0.1081
  [Client  4] Round 13 | Hier-pFedMe(λ2=35.0, K=1) | loss=0.0766
  [Client  8] Round 13 | Hier-pFedMe(λ2=35.0, K=1) | loss=0.0751
  [Client  9] Round 13 | Hier-pFedMe(λ2=35.0, K=1) | loss=0.0778
  [Edge 0] G13 | E1 | loss=0.0921
  [Edge 0] G13 | E2 | Hier-pFedMe | Selected 10/10
  [Client  7] Received edge weights. Set local model to edge weights.
[C7] Test set: samples=750, class_dist={24: 68, 31: 72, 36: 73, 45: 74, 46: 76, 50: 79, 67: 92, 73: 75, 74: 61, 80: 80}
  [Client  0] Received edge weights. Set local model to edge weights.
[C0] Test set: samples=750, class_dist={6: 83, 18: 67, 29: 71, 30: 73, 34: 78, 43: 77, 44: 71, 55: 71, 64: 82, 66: 77}
  [Client  6] Received edge weights. Set local model to edge weights.
[C6] Test set: samples=750, class_dist={11: 70, 18: 85, 21: 73, 32: 89, 44: 80, 46: 73, 78: 127, 88: 85, 97: 68}
  [Client  2] Received edge weights. Set local model to edge weights.
[C2] Test set: samples=750, class_dist={35: 80, 36: 63, 38: 79, 42: 77, 50: 77, 64: 79, 72: 80, 77: 72, 97: 72, 98: 71}
  [Client  1] Received edge weights. Set local model to edge weights.
[C1] Test set: samples=750, class_dist={1: 75, 11: 80, 26: 83, 27: 68, 29: 75, 32: 70, 73: 71, 75: 79, 99: 149}
  [Client  8] Received edge weights. Set local model to edge weights.
[C8] Test set: samples=750, class_dist={1: 60, 14: 77, 24: 79, 26: 71, 30: 76, 65: 78, 75: 62, 88: 91, 93: 73, 95: 83}
  [Client  9] Received edge weights. Set local model to edge weights.
[C9] Test set: samples=750, class_dist={2: 167, 3: 151, 15: 78, 27: 67, 55: 68, 67: 71, 77: 66, 79: 82}
  [Client  3] Received edge weights. Set local model to edge weights.
[C3] Test set: samples=750, class_dist={4: 80, 6: 65, 7: 146, 14: 82, 21: 76, 35: 63, 38: 70, 65: 89, 80: 79}
  [Client  5] Received edge weights. Set local model to edge weights.
[C5] Test set: samples=750, class_dist={4: 76, 15: 79, 19: 73, 34: 66, 45: 81, 63: 90, 74: 77, 91: 69, 93: 86, 95: 53}
  [Client  4] Received edge weights. Set local model to edge weights.
[C4] Test set: samples=750, class_dist={19: 72, 31: 69, 42: 76, 43: 75, 63: 80, 66: 80, 72: 74, 79: 81, 91: 77, 98: 66}
  [Client  7] Starting Hier-pFedMe | λ2=35.0, η2=0.02, inner_steps=1, epochs=5, batches/epoch=141
  [Client  0] Starting Hier-pFedMe | λ2=35.0, η2=0.02, inner_steps=1, epochs=5, batches/epoch=141  [Client  6] Starting Hier-pFedMe | λ2=35.0, η2=0.02, inner_steps=1, epochs=5, batches/epoch=141

  [Client  2] Starting Hier-pFedMe | λ2=35.0, η2=0.02, inner_steps=1, epochs=5, batches/epoch=141
  [Client  0] Round 13 | Hier-pFedMe(λ2=35.0, K=1) | loss=0.0491  [Client  7] Round 13 | Hier-pFedMe(λ2=35.0, K=1) | loss=0.0657

  [Client  1] Starting Hier-pFedMe | λ2=35.0, η2=0.02, inner_steps=1, epochs=5, batches/epoch=141
  [Client  8] Starting Hier-pFedMe | λ2=35.0, η2=0.02, inner_steps=1, epochs=5, batches/epoch=141
  [Client  2] Round 13 | Hier-pFedMe(λ2=35.0, K=1) | loss=0.0491
  [Client  9] Starting Hier-pFedMe | λ2=35.0, η2=0.02, inner_steps=1, epochs=5, batches/epoch=141
  [Client  6] Round 13 | Hier-pFedMe(λ2=35.0, K=1) | loss=0.0495
  [Client  3] Starting Hier-pFedMe | λ2=35.0, η2=0.02, inner_steps=1, epochs=5, batches/epoch=141
  [Client  1] Round 13 | Hier-pFedMe(λ2=35.0, K=1) | loss=0.0524
  [Client  5] Starting Hier-pFedMe | λ2=35.0, η2=0.02, inner_steps=1, epochs=5, batches/epoch=141
  [Client  8] Round 13 | Hier-pFedMe(λ2=35.0, K=1) | loss=0.0500
  [Client  4] Starting Hier-pFedMe | λ2=35.0, η2=0.02, inner_steps=1, epochs=5, batches/epoch=141
  [Client  3] Round 13 | Hier-pFedMe(λ2=35.0, K=1) | loss=0.0502
  [Client  9] Round 13 | Hier-pFedMe(λ2=35.0, K=1) | loss=0.0400
  [Client  5] Round 13 | Hier-pFedMe(λ2=35.0, K=1) | loss=0.0379
  [Client  4] Round 13 | Hier-pFedMe(λ2=35.0, K=1) | loss=0.0471
  [Edge 0] G13 | E2 | loss=0.0491
  [Edge 0] G13 | E3 | Hier-pFedMe | Selected 10/10
  [Client  4] Received edge weights. Set local model to edge weights.
[C4] Test set: samples=750, class_dist={19: 72, 31: 69, 42: 76, 43: 75, 63: 80, 66: 80, 72: 74, 79: 81, 91: 77, 98: 66}
  [Client  5] Received edge weights. Set local model to edge weights.
[C5] Test set: samples=750, class_dist={4: 76, 15: 79, 19: 73, 34: 66, 45: 81, 63: 90, 74: 77, 91: 69, 93: 86, 95: 53}
  [Client  2] Received edge weights. Set local model to edge weights.
[C2] Test set: samples=750, class_dist={35: 80, 36: 63, 38: 79, 42: 77, 50: 77, 64: 79, 72: 80, 77: 72, 97: 72, 98: 71}
  [Client  1] Received edge weights. Set local model to edge weights.
[C1] Test set: samples=750, class_dist={1: 75, 11: 80, 26: 83, 27: 68, 29: 75, 32: 70, 73: 71, 75: 79, 99: 149}
  [Client  6] Received edge weights. Set local model to edge weights.
[C6] Test set: samples=750, class_dist={11: 70, 18: 85, 21: 73, 32: 89, 44: 80, 46: 73, 78: 127, 88: 85, 97: 68}
  [Client  8] Received edge weights. Set local model to edge weights.
[C8] Test set: samples=750, class_dist={1: 60, 14: 77, 24: 79, 26: 71, 30: 76, 65: 78, 75: 62, 88: 91, 93: 73, 95: 83}
  [Client  3] Received edge weights. Set local model to edge weights.
[C3] Test set: samples=750, class_dist={4: 80, 6: 65, 7: 146, 14: 82, 21: 76, 35: 63, 38: 70, 65: 89, 80: 79}
  [Client  0] Received edge weights. Set local model to edge weights.
[C0] Test set: samples=750, class_dist={6: 83, 18: 67, 29: 71, 30: 73, 34: 78, 43: 77, 44: 71, 55: 71, 64: 82, 66: 77}
  [Client  9] Received edge weights. Set local model to edge weights.
[C9] Test set: samples=750, class_dist={2: 167, 3: 151, 15: 78, 27: 67, 55: 68, 67: 71, 77: 66, 79: 82}
  [Client  7] Received edge weights. Set local model to edge weights.
[C7] Test set: samples=750, class_dist={24: 68, 31: 72, 36: 73, 45: 74, 46: 76, 50: 79, 67: 92, 73: 75, 74: 61, 80: 80}
  [Client  4] Starting Hier-pFedMe | λ2=35.0, η2=0.02, inner_steps=1, epochs=5, batches/epoch=141  [Client  5] Starting Hier-pFedMe | λ2=35.0, η2=0.02, inner_steps=1, epochs=5, batches/epoch=141

  [Client  1] Starting Hier-pFedMe | λ2=35.0, η2=0.02, inner_steps=1, epochs=5, batches/epoch=141  [Client  2] Starting Hier-pFedMe | λ2=35.0, η2=0.02, inner_steps=1, epochs=5, batches/epoch=141

  [Client  4] Round 13 | Hier-pFedMe(λ2=35.0, K=1) | loss=0.0470
  [Client  6] Starting Hier-pFedMe | λ2=35.0, η2=0.02, inner_steps=1, epochs=5, batches/epoch=141
  [Client  2] Round 13 | Hier-pFedMe(λ2=35.0, K=1) | loss=0.0692
  [Client  8] Starting Hier-pFedMe | λ2=35.0, η2=0.02, inner_steps=1, epochs=5, batches/epoch=141
  [Client  1] Round 13 | Hier-pFedMe(λ2=35.0, K=1) | loss=0.0362
  [Client  3] Starting Hier-pFedMe | λ2=35.0, η2=0.02, inner_steps=1, epochs=5, batches/epoch=141
  [Client  5] Round 13 | Hier-pFedMe(λ2=35.0, K=1) | loss=0.0594
  [Client  0] Starting Hier-pFedMe | λ2=35.0, η2=0.02, inner_steps=1, epochs=5, batches/epoch=141
  [Client  8] Round 13 | Hier-pFedMe(λ2=35.0, K=1) | loss=0.0267
  [Client  9] Starting Hier-pFedMe | λ2=35.0, η2=0.02, inner_steps=1, epochs=5, batches/epoch=141
  [Client  3] Round 13 | Hier-pFedMe(λ2=35.0, K=1) | loss=0.0474  [Client  6] Round 13 | Hier-pFedMe(λ2=35.0, K=1) | loss=0.0481

  [Client  7] Starting Hier-pFedMe | λ2=35.0, η2=0.02, inner_steps=1, epochs=5, batches/epoch=141
  [Client  0] Round 13 | Hier-pFedMe(λ2=35.0, K=1) | loss=0.0373
  [Client  9] Round 13 | Hier-pFedMe(λ2=35.0, K=1) | loss=0.0409
  [Client  7] Round 13 | Hier-pFedMe(λ2=35.0, K=1) | loss=0.0543
  [Edge 0] G13 | E3 | loss=0.0466
  [Edge 0] G13 | E4 | Hier-pFedMe | Selected 10/10
  [Client  8] Received edge weights. Set local model to edge weights.
[C8] Test set: samples=750, class_dist={1: 60, 14: 77, 24: 79, 26: 71, 30: 76, 65: 78, 75: 62, 88: 91, 93: 73, 95: 83}
  [Client  3] Received edge weights. Set local model to edge weights.
[C3] Test set: samples=750, class_dist={4: 80, 6: 65, 7: 146, 14: 82, 21: 76, 35: 63, 38: 70, 65: 89, 80: 79}
  [Client  9] Received edge weights. Set local model to edge weights.
[C9] Test set: samples=750, class_dist={2: 167, 3: 151, 15: 78, 27: 67, 55: 68, 67: 71, 77: 66, 79: 82}
  [Client  2] Received edge weights. Set local model to edge weights.
[C2] Test set: samples=750, class_dist={35: 80, 36: 63, 38: 79, 42: 77, 50: 77, 64: 79, 72: 80, 77: 72, 97: 72, 98: 71}
  [Client  0] Received edge weights. Set local model to edge weights.
[C0] Test set: samples=750, class_dist={6: 83, 18: 67, 29: 71, 30: 73, 34: 78, 43: 77, 44: 71, 55: 71, 64: 82, 66: 77}
  [Client  4] Received edge weights. Set local model to edge weights.
[C4] Test set: samples=750, class_dist={19: 72, 31: 69, 42: 76, 43: 75, 63: 80, 66: 80, 72: 74, 79: 81, 91: 77, 98: 66}
  [Client  7] Received edge weights. Set local model to edge weights.
[C7] Test set: samples=750, class_dist={24: 68, 31: 72, 36: 73, 45: 74, 46: 76, 50: 79, 67: 92, 73: 75, 74: 61, 80: 80}
  [Client  5] Received edge weights. Set local model to edge weights.
[C5] Test set: samples=750, class_dist={4: 76, 15: 79, 19: 73, 34: 66, 45: 81, 63: 90, 74: 77, 91: 69, 93: 86, 95: 53}
  [Client  6] Received edge weights. Set local model to edge weights.
[C6] Test set: samples=750, class_dist={11: 70, 18: 85, 21: 73, 32: 89, 44: 80, 46: 73, 78: 127, 88: 85, 97: 68}
  [Client  1] Received edge weights. Set local model to edge weights.
[C1] Test set: samples=750, class_dist={1: 75, 11: 80, 26: 83, 27: 68, 29: 75, 32: 70, 73: 71, 75: 79, 99: 149}
  [Client  8] Starting Hier-pFedMe | λ2=35.0, η2=0.02, inner_steps=1, epochs=5, batches/epoch=141  [Client  3] Starting Hier-pFedMe | λ2=35.0, η2=0.02, inner_steps=1, epochs=5, batches/epoch=141

  [Client  9] Starting Hier-pFedMe | λ2=35.0, η2=0.02, inner_steps=1, epochs=5, batches/epoch=141
  [Client  2] Starting Hier-pFedMe | λ2=35.0, η2=0.02, inner_steps=1, epochs=5, batches/epoch=141
  [Client  2] Round 13 | Hier-pFedMe(λ2=35.0, K=1) | loss=0.0351
  [Client  0] Starting Hier-pFedMe | λ2=35.0, η2=0.02, inner_steps=1, epochs=5, batches/epoch=141
  [Client  8] Round 13 | Hier-pFedMe(λ2=35.0, K=1) | loss=0.0340
  [Client  4] Starting Hier-pFedMe | λ2=35.0, η2=0.02, inner_steps=1, epochs=5, batches/epoch=141
  [Client  3] Round 13 | Hier-pFedMe(λ2=35.0, K=1) | loss=0.0502
  [Client  7] Starting Hier-pFedMe | λ2=35.0, η2=0.02, inner_steps=1, epochs=5, batches/epoch=141
  [Client  9] Round 13 | Hier-pFedMe(λ2=35.0, K=1) | loss=0.0460
  [Client  5] Starting Hier-pFedMe | λ2=35.0, η2=0.02, inner_steps=1, epochs=5, batches/epoch=141
  [Client  0] Round 13 | Hier-pFedMe(λ2=35.0, K=1) | loss=0.0414
  [Client  6] Starting Hier-pFedMe | λ2=35.0, η2=0.02, inner_steps=1, epochs=5, batches/epoch=141
  [Client  4] Round 13 | Hier-pFedMe(λ2=35.0, K=1) | loss=0.0383
  [Client  1] Starting Hier-pFedMe | λ2=35.0, η2=0.02, inner_steps=1, epochs=5, batches/epoch=141
  [Client  7] Round 13 | Hier-pFedMe(λ2=35.0, K=1) | loss=0.0336
  [Client  5] Round 13 | Hier-pFedMe(λ2=35.0, K=1) | loss=0.0519
  [Client  6] Round 13 | Hier-pFedMe(λ2=35.0, K=1) | loss=0.0347
  [Client  1] Round 13 | Hier-pFedMe(λ2=35.0, K=1) | loss=0.0422
  [Edge 0] G13 | E4 | loss=0.0408
  [Edge 0] G13 | E5 | Hier-pFedMe | Selected 10/10
  [Client  2] Received edge weights. Set local model to edge weights.
[C2] Test set: samples=750, class_dist={35: 80, 36: 63, 38: 79, 42: 77, 50: 77, 64: 79, 72: 80, 77: 72, 97: 72, 98: 71}
  [Client  4] Received edge weights. Set local model to edge weights.
[C4] Test set: samples=750, class_dist={19: 72, 31: 69, 42: 76, 43: 75, 63: 80, 66: 80, 72: 74, 79: 81, 91: 77, 98: 66}
  [Client  6] Received edge weights. Set local model to edge weights.
[C6] Test set: samples=750, class_dist={11: 70, 18: 85, 21: 73, 32: 89, 44: 80, 46: 73, 78: 127, 88: 85, 97: 68}
  [Client  3] Received edge weights. Set local model to edge weights.
[C3] Test set: samples=750, class_dist={4: 80, 6: 65, 7: 146, 14: 82, 21: 76, 35: 63, 38: 70, 65: 89, 80: 79}
  [Client  0] Received edge weights. Set local model to edge weights.
[C0] Test set: samples=750, class_dist={6: 83, 18: 67, 29: 71, 30: 73, 34: 78, 43: 77, 44: 71, 55: 71, 64: 82, 66: 77}
  [Client  1] Received edge weights. Set local model to edge weights.
[C1] Test set: samples=750, class_dist={1: 75, 11: 80, 26: 83, 27: 68, 29: 75, 32: 70, 73: 71, 75: 79, 99: 149}
  [Client  8] Received edge weights. Set local model to edge weights.
[C8] Test set: samples=750, class_dist={1: 60, 14: 77, 24: 79, 26: 71, 30: 76, 65: 78, 75: 62, 88: 91, 93: 73, 95: 83}
  [Client  9] Received edge weights. Set local model to edge weights.
[C9] Test set: samples=750, class_dist={2: 167, 3: 151, 15: 78, 27: 67, 55: 68, 67: 71, 77: 66, 79: 82}
  [Client  5] Received edge weights. Set local model to edge weights.
[C5] Test set: samples=750, class_dist={4: 76, 15: 79, 19: 73, 34: 66, 45: 81, 63: 90, 74: 77, 91: 69, 93: 86, 95: 53}
  [Client  7] Received edge weights. Set local model to edge weights.
[C7] Test set: samples=750, class_dist={24: 68, 31: 72, 36: 73, 45: 74, 46: 76, 50: 79, 67: 92, 73: 75, 74: 61, 80: 80}
  [Client  4] Starting Hier-pFedMe | λ2=35.0, η2=0.02, inner_steps=1, epochs=5, batches/epoch=141
  [Client  3] Starting Hier-pFedMe | λ2=35.0, η2=0.02, inner_steps=1, epochs=5, batches/epoch=141  [Client  6] Starting Hier-pFedMe | λ2=35.0, η2=0.02, inner_steps=1, epochs=5, batches/epoch=141

  [Client  2] Starting Hier-pFedMe | λ2=35.0, η2=0.02, inner_steps=1, epochs=5, batches/epoch=141
  [Client  2] Round 13 | Hier-pFedMe(λ2=35.0, K=1) | loss=0.0455
  [Client  0] Starting Hier-pFedMe | λ2=35.0, η2=0.02, inner_steps=1, epochs=5, batches/epoch=141
  [Client  3] Round 13 | Hier-pFedMe(λ2=35.0, K=1) | loss=0.0523
  [Client  1] Starting Hier-pFedMe | λ2=35.0, η2=0.02, inner_steps=1, epochs=5, batches/epoch=141
  [Client  6] Round 13 | Hier-pFedMe(λ2=35.0, K=1) | loss=0.0574
  [Client  8] Starting Hier-pFedMe | λ2=35.0, η2=0.02, inner_steps=1, epochs=5, batches/epoch=141
  [Client  4] Round 13 | Hier-pFedMe(λ2=35.0, K=1) | loss=0.0360
  [Client  9] Starting Hier-pFedMe | λ2=35.0, η2=0.02, inner_steps=1, epochs=5, batches/epoch=141
  [Client  1] Round 13 | Hier-pFedMe(λ2=35.0, K=1) | loss=0.0344
  [Client  5] Starting Hier-pFedMe | λ2=35.0, η2=0.02, inner_steps=1, epochs=5, batches/epoch=141
  [Client  0] Round 13 | Hier-pFedMe(λ2=35.0, K=1) | loss=0.0343
  [Client  7] Starting Hier-pFedMe | λ2=35.0, η2=0.02, inner_steps=1, epochs=5, batches/epoch=141
  [Client  8] Round 13 | Hier-pFedMe(λ2=35.0, K=1) | loss=0.0519
  [Client  9] Round 13 | Hier-pFedMe(λ2=35.0, K=1) | loss=0.0392
  [Client  7] Round 13 | Hier-pFedMe(λ2=35.0, K=1) | loss=0.0591
  [Client  5] Round 13 | Hier-pFedMe(λ2=35.0, K=1) | loss=0.0296
  [Edge 0] G13 | E5 | loss=0.0440
  [Edge 1] G13 | E1 | Hier-pFedMe | Selected 10/10
  [Client 19] Received edge weights. Set local model to edge weights.
[C19] Test set: samples=750, class_dist={0: 66, 13: 168, 23: 137, 51: 86, 68: 65, 70: 82, 81: 64, 89: 82}
  [Client 14] Received edge weights. Set local model to edge weights.
[C14] Test set: samples=750, class_dist={22: 68, 33: 80, 40: 81, 49: 71, 56: 79, 62: 143, 83: 80, 85: 69, 87: 79}
  [Client 16] Received edge weights. Set local model to edge weights.
[C16] Test set: samples=750, class_dist={20: 75, 22: 88, 28: 62, 52: 153, 53: 84, 59: 67, 70: 71, 76: 65, 82: 85}
  [Client 15] Received edge weights. Set local model to edge weights.
[C15] Test set: samples=750, class_dist={25: 79, 28: 75, 33: 65, 39: 81, 47: 75, 53: 72, 60: 73, 81: 75, 90: 77, 94: 78}
  [Client 13] Received edge weights. Set local model to edge weights.
[C13] Test set: samples=750, class_dist={8: 68, 9: 75, 20: 73, 37: 78, 39: 76, 48: 73, 59: 78, 68: 74, 86: 80, 90: 75}
  [Client 18] Received edge weights. Set local model to edge weights.
[C18] Test set: samples=750, class_dist={0: 71, 5: 79, 8: 79, 16: 71, 25: 72, 76: 70, 84: 81, 86: 67, 92: 81, 96: 79}
  [Client 10] Received edge weights. Set local model to edge weights.
[C10] Test set: samples=750, class_dist={5: 74, 9: 72, 51: 87, 54: 76, 57: 149, 84: 72, 89: 78, 92: 60, 94: 82}
  [Client 12] Received edge weights. Set local model to edge weights.
[C12] Test set: samples=750, class_dist={17: 72, 41: 154, 47: 72, 48: 78, 54: 85, 58: 68, 69: 83, 83: 72, 96: 66}
  [Client 17] Received edge weights. Set local model to edge weights.
[C17] Test set: samples=750, class_dist={49: 73, 56: 69, 58: 67, 60: 82, 61: 143, 69: 96, 71: 151, 85: 69}
  [Client 11] Received edge weights. Set local model to edge weights.
[C11] Test set: samples=750, class_dist={10: 175, 12: 136, 16: 85, 17: 77, 37: 65, 40: 70, 82: 70, 87: 72}
  [Client 19] Starting Hier-pFedMe | λ2=35.0, η2=0.02, inner_steps=1, epochs=5, batches/epoch=141  [Client 14] Starting Hier-pFedMe | λ2=35.0, η2=0.02, inner_steps=1, epochs=5, batches/epoch=141

  [Client 16] Starting Hier-pFedMe | λ2=35.0, η2=0.02, inner_steps=1, epochs=5, batches/epoch=141
  [Client 15] Starting Hier-pFedMe | λ2=35.0, η2=0.02, inner_steps=1, epochs=5, batches/epoch=141
  [Client 15] Round 13 | Hier-pFedMe(λ2=35.0, K=1) | loss=0.0960
  [Client 13] Starting Hier-pFedMe | λ2=35.0, η2=0.02, inner_steps=1, epochs=5, batches/epoch=141
  [Client 14] Round 13 | Hier-pFedMe(λ2=35.0, K=1) | loss=0.0941  [Client 16] Round 13 | Hier-pFedMe(λ2=35.0, K=1) | loss=0.0851

  [Client 18] Starting Hier-pFedMe | λ2=35.0, η2=0.02, inner_steps=1, epochs=5, batches/epoch=141  [Client 10] Starting Hier-pFedMe | λ2=35.0, η2=0.02, inner_steps=1, epochs=5, batches/epoch=141

  [Client 19] Round 13 | Hier-pFedMe(λ2=35.0, K=1) | loss=0.0793
  [Client 12] Starting Hier-pFedMe | λ2=35.0, η2=0.02, inner_steps=1, epochs=5, batches/epoch=141
  [Client 13] Round 13 | Hier-pFedMe(λ2=35.0, K=1) | loss=0.0970
  [Client 17] Starting Hier-pFedMe | λ2=35.0, η2=0.02, inner_steps=1, epochs=5, batches/epoch=141
  [Client 18] Round 13 | Hier-pFedMe(λ2=35.0, K=1) | loss=0.0886
  [Client 11] Starting Hier-pFedMe | λ2=35.0, η2=0.02, inner_steps=1, epochs=5, batches/epoch=141
  [Client 12] Round 13 | Hier-pFedMe(λ2=35.0, K=1) | loss=0.0752
  [Client 10] Round 13 | Hier-pFedMe(λ2=35.0, K=1) | loss=0.1133
  [Client 17] Round 13 | Hier-pFedMe(λ2=35.0, K=1) | loss=0.0829
  [Client 11] Round 13 | Hier-pFedMe(λ2=35.0, K=1) | loss=0.1081
  [Edge 1] G13 | E1 | loss=0.0920
  [Edge 1] G13 | E2 | Hier-pFedMe | Selected 10/10
  [Client 17] Received edge weights. Set local model to edge weights.
[C17] Test set: samples=750, class_dist={49: 73, 56: 69, 58: 67, 60: 82, 61: 143, 69: 96, 71: 151, 85: 69}
  [Client 10] Received edge weights. Set local model to edge weights.
[C10] Test set: samples=750, class_dist={5: 74, 9: 72, 51: 87, 54: 76, 57: 149, 84: 72, 89: 78, 92: 60, 94: 82}
  [Client 16] Received edge weights. Set local model to edge weights.
[C16] Test set: samples=750, class_dist={20: 75, 22: 88, 28: 62, 52: 153, 53: 84, 59: 67, 70: 71, 76: 65, 82: 85}
  [Client 18] Received edge weights. Set local model to edge weights.
[C18] Test set: samples=750, class_dist={0: 71, 5: 79, 8: 79, 16: 71, 25: 72, 76: 70, 84: 81, 86: 67, 92: 81, 96: 79}
  [Client 19] Received edge weights. Set local model to edge weights.
[C19] Test set: samples=750, class_dist={0: 66, 13: 168, 23: 137, 51: 86, 68: 65, 70: 82, 81: 64, 89: 82}
  [Client 14] Received edge weights. Set local model to edge weights.
[C14] Test set: samples=750, class_dist={22: 68, 33: 80, 40: 81, 49: 71, 56: 79, 62: 143, 83: 80, 85: 69, 87: 79}
  [Client 13] Received edge weights. Set local model to edge weights.
[C13] Test set: samples=750, class_dist={8: 68, 9: 75, 20: 73, 37: 78, 39: 76, 48: 73, 59: 78, 68: 74, 86: 80, 90: 75}
  [Client 11] Received edge weights. Set local model to edge weights.
[C11] Test set: samples=750, class_dist={10: 175, 12: 136, 16: 85, 17: 77, 37: 65, 40: 70, 82: 70, 87: 72}
  [Client 12] Received edge weights. Set local model to edge weights.
[C12] Test set: samples=750, class_dist={17: 72, 41: 154, 47: 72, 48: 78, 54: 85, 58: 68, 69: 83, 83: 72, 96: 66}
  [Client 15] Received edge weights. Set local model to edge weights.
[C15] Test set: samples=750, class_dist={25: 79, 28: 75, 33: 65, 39: 81, 47: 75, 53: 72, 60: 73, 81: 75, 90: 77, 94: 78}
  [Client 17] Starting Hier-pFedMe | λ2=35.0, η2=0.02, inner_steps=1, epochs=5, batches/epoch=141  [Client 10] Starting Hier-pFedMe | λ2=35.0, η2=0.02, inner_steps=1, epochs=5, batches/epoch=141

  [Client 16] Starting Hier-pFedMe | λ2=35.0, η2=0.02, inner_steps=1, epochs=5, batches/epoch=141
  [Client 18] Starting Hier-pFedMe | λ2=35.0, η2=0.02, inner_steps=1, epochs=5, batches/epoch=141
  [Client 10] Round 13 | Hier-pFedMe(λ2=35.0, K=1) | loss=0.0319
  [Client 19] Starting Hier-pFedMe | λ2=35.0, η2=0.02, inner_steps=1, epochs=5, batches/epoch=141
  [Client 17] Round 13 | Hier-pFedMe(λ2=35.0, K=1) | loss=0.0412
  [Client 14] Starting Hier-pFedMe | λ2=35.0, η2=0.02, inner_steps=1, epochs=5, batches/epoch=141
  [Client 18] Round 13 | Hier-pFedMe(λ2=35.0, K=1) | loss=0.0493
  [Client 13] Starting Hier-pFedMe | λ2=35.0, η2=0.02, inner_steps=1, epochs=5, batches/epoch=141
  [Client 16] Round 13 | Hier-pFedMe(λ2=35.0, K=1) | loss=0.0361
  [Client 11] Starting Hier-pFedMe | λ2=35.0, η2=0.02, inner_steps=1, epochs=5, batches/epoch=141
  [Client 14] Round 13 | Hier-pFedMe(λ2=35.0, K=1) | loss=0.0568
  [Client 12] Starting Hier-pFedMe | λ2=35.0, η2=0.02, inner_steps=1, epochs=5, batches/epoch=141
  [Client 19] Round 13 | Hier-pFedMe(λ2=35.0, K=1) | loss=0.0298
  [Client 15] Starting Hier-pFedMe | λ2=35.0, η2=0.02, inner_steps=1, epochs=5, batches/epoch=141
  [Client 13] Round 13 | Hier-pFedMe(λ2=35.0, K=1) | loss=0.0362
  [Client 11] Round 13 | Hier-pFedMe(λ2=35.0, K=1) | loss=0.0413
  [Client 12] Round 13 | Hier-pFedMe(λ2=35.0, K=1) | loss=0.0343
  [Client 15] Round 13 | Hier-pFedMe(λ2=35.0, K=1) | loss=0.0370
  [Edge 1] G13 | E2 | loss=0.0394
  [Edge 1] G13 | E3 | Hier-pFedMe | Selected 10/10
  [Client 10] Received edge weights. Set local model to edge weights.
[C10] Test set: samples=750, class_dist={5: 74, 9: 72, 51: 87, 54: 76, 57: 149, 84: 72, 89: 78, 92: 60, 94: 82}
  [Client 18] Received edge weights. Set local model to edge weights.
[C18] Test set: samples=750, class_dist={0: 71, 5: 79, 8: 79, 16: 71, 25: 72, 76: 70, 84: 81, 86: 67, 92: 81, 96: 79}
  [Client 14] Received edge weights. Set local model to edge weights.
[C14] Test set: samples=750, class_dist={22: 68, 33: 80, 40: 81, 49: 71, 56: 79, 62: 143, 83: 80, 85: 69, 87: 79}
  [Client 16] Received edge weights. Set local model to edge weights.
[C16] Test set: samples=750, class_dist={20: 75, 22: 88, 28: 62, 52: 153, 53: 84, 59: 67, 70: 71, 76: 65, 82: 85}
  [Client 19] Received edge weights. Set local model to edge weights.
[C19] Test set: samples=750, class_dist={0: 66, 13: 168, 23: 137, 51: 86, 68: 65, 70: 82, 81: 64, 89: 82}
  [Client 13] Received edge weights. Set local model to edge weights.
[C13] Test set: samples=750, class_dist={8: 68, 9: 75, 20: 73, 37: 78, 39: 76, 48: 73, 59: 78, 68: 74, 86: 80, 90: 75}
  [Client 15] Received edge weights. Set local model to edge weights.
[C15] Test set: samples=750, class_dist={25: 79, 28: 75, 33: 65, 39: 81, 47: 75, 53: 72, 60: 73, 81: 75, 90: 77, 94: 78}
  [Client 11] Received edge weights. Set local model to edge weights.
[C11] Test set: samples=750, class_dist={10: 175, 12: 136, 16: 85, 17: 77, 37: 65, 40: 70, 82: 70, 87: 72}
  [Client 12] Received edge weights. Set local model to edge weights.
[C12] Test set: samples=750, class_dist={17: 72, 41: 154, 47: 72, 48: 78, 54: 85, 58: 68, 69: 83, 83: 72, 96: 66}
  [Client 17] Received edge weights. Set local model to edge weights.
[C17] Test set: samples=750, class_dist={49: 73, 56: 69, 58: 67, 60: 82, 61: 143, 69: 96, 71: 151, 85: 69}
  [Client 10] Starting Hier-pFedMe | λ2=35.0, η2=0.02, inner_steps=1, epochs=5, batches/epoch=141  [Client 18] Starting Hier-pFedMe | λ2=35.0, η2=0.02, inner_steps=1, epochs=5, batches/epoch=141

  [Client 14] Starting Hier-pFedMe | λ2=35.0, η2=0.02, inner_steps=1, epochs=5, batches/epoch=141
  [Client 16] Starting Hier-pFedMe | λ2=35.0, η2=0.02, inner_steps=1, epochs=5, batches/epoch=141
  [Client 10] Round 13 | Hier-pFedMe(λ2=35.0, K=1) | loss=0.0642
  [Client 19] Starting Hier-pFedMe | λ2=35.0, η2=0.02, inner_steps=1, epochs=5, batches/epoch=141
  [Client 18] Round 13 | Hier-pFedMe(λ2=35.0, K=1) | loss=0.0378
  [Client 13] Starting Hier-pFedMe | λ2=35.0, η2=0.02, inner_steps=1, epochs=5, batches/epoch=141
  [Client 16] Round 13 | Hier-pFedMe(λ2=35.0, K=1) | loss=0.0483
  [Client 15] Starting Hier-pFedMe | λ2=35.0, η2=0.02, inner_steps=1, epochs=5, batches/epoch=141
  [Client 14] Round 13 | Hier-pFedMe(λ2=35.0, K=1) | loss=0.0551
  [Client 11] Starting Hier-pFedMe | λ2=35.0, η2=0.02, inner_steps=1, epochs=5, batches/epoch=141
  [Client 19] Round 13 | Hier-pFedMe(λ2=35.0, K=1) | loss=0.0270
  [Client 12] Starting Hier-pFedMe | λ2=35.0, η2=0.02, inner_steps=1, epochs=5, batches/epoch=141
  [Client 13] Round 13 | Hier-pFedMe(λ2=35.0, K=1) | loss=0.0580
  [Client 17] Starting Hier-pFedMe | λ2=35.0, η2=0.02, inner_steps=1, epochs=5, batches/epoch=141
  [Client 15] Round 13 | Hier-pFedMe(λ2=35.0, K=1) | loss=0.0443
  [Client 11] Round 13 | Hier-pFedMe(λ2=35.0, K=1) | loss=0.0524
  [Client 12] Round 13 | Hier-pFedMe(λ2=35.0, K=1) | loss=0.0243
  [Client 17] Round 13 | Hier-pFedMe(λ2=35.0, K=1) | loss=0.0461
  [Edge 1] G13 | E3 | loss=0.0458
  [Edge 1] G13 | E4 | Hier-pFedMe | Selected 10/10
  [Client 16] Received edge weights. Set local model to edge weights.
[C16] Test set: samples=750, class_dist={20: 75, 22: 88, 28: 62, 52: 153, 53: 84, 59: 67, 70: 71, 76: 65, 82: 85}
  [Client 10] Received edge weights. Set local model to edge weights.
[C10] Test set: samples=750, class_dist={5: 74, 9: 72, 51: 87, 54: 76, 57: 149, 84: 72, 89: 78, 92: 60, 94: 82}
  [Client 17] Received edge weights. Set local model to edge weights.
[C17] Test set: samples=750, class_dist={49: 73, 56: 69, 58: 67, 60: 82, 61: 143, 69: 96, 71: 151, 85: 69}
  [Client 18] Received edge weights. Set local model to edge weights.
[C18] Test set: samples=750, class_dist={0: 71, 5: 79, 8: 79, 16: 71, 25: 72, 76: 70, 84: 81, 86: 67, 92: 81, 96: 79}
  [Client 12] Received edge weights. Set local model to edge weights.
[C12] Test set: samples=750, class_dist={17: 72, 41: 154, 47: 72, 48: 78, 54: 85, 58: 68, 69: 83, 83: 72, 96: 66}
  [Client 11] Received edge weights. Set local model to edge weights.
[C11] Test set: samples=750, class_dist={10: 175, 12: 136, 16: 85, 17: 77, 37: 65, 40: 70, 82: 70, 87: 72}
  [Client 13] Received edge weights. Set local model to edge weights.
[C13] Test set: samples=750, class_dist={8: 68, 9: 75, 20: 73, 37: 78, 39: 76, 48: 73, 59: 78, 68: 74, 86: 80, 90: 75}
  [Client 14] Received edge weights. Set local model to edge weights.
[C14] Test set: samples=750, class_dist={22: 68, 33: 80, 40: 81, 49: 71, 56: 79, 62: 143, 83: 80, 85: 69, 87: 79}
  [Client 19] Received edge weights. Set local model to edge weights.
[C19] Test set: samples=750, class_dist={0: 66, 13: 168, 23: 137, 51: 86, 68: 65, 70: 82, 81: 64, 89: 82}
  [Client 15] Received edge weights. Set local model to edge weights.
[C15] Test set: samples=750, class_dist={25: 79, 28: 75, 33: 65, 39: 81, 47: 75, 53: 72, 60: 73, 81: 75, 90: 77, 94: 78}
  [Client 16] Starting Hier-pFedMe | λ2=35.0, η2=0.02, inner_steps=1, epochs=5, batches/epoch=141  [Client 10] Starting Hier-pFedMe | λ2=35.0, η2=0.02, inner_steps=1, epochs=5, batches/epoch=141

  [Client 18] Starting Hier-pFedMe | λ2=35.0, η2=0.02, inner_steps=1, epochs=5, batches/epoch=141  [Client 17] Starting Hier-pFedMe | λ2=35.0, η2=0.02, inner_steps=1, epochs=5, batches/epoch=141

  [Client 16] Round 13 | Hier-pFedMe(λ2=35.0, K=1) | loss=0.0295
  [Client 12] Starting Hier-pFedMe | λ2=35.0, η2=0.02, inner_steps=1, epochs=5, batches/epoch=141
  [Client 17] Round 13 | Hier-pFedMe(λ2=35.0, K=1) | loss=0.0370
  [Client 10] Round 13 | Hier-pFedMe(λ2=35.0, K=1) | loss=0.0300
  [Client 11] Starting Hier-pFedMe | λ2=35.0, η2=0.02, inner_steps=1, epochs=5, batches/epoch=141  [Client 13] Starting Hier-pFedMe | λ2=35.0, η2=0.02, inner_steps=1, epochs=5, batches/epoch=141

  [Client 18] Round 13 | Hier-pFedMe(λ2=35.0, K=1) | loss=0.0287
  [Client 14] Starting Hier-pFedMe | λ2=35.0, η2=0.02, inner_steps=1, epochs=5, batches/epoch=141
  [Client 13] Round 13 | Hier-pFedMe(λ2=35.0, K=1) | loss=0.0265
  [Client 19] Starting Hier-pFedMe | λ2=35.0, η2=0.02, inner_steps=1, epochs=5, batches/epoch=141
  [Client 12] Round 13 | Hier-pFedMe(λ2=35.0, K=1) | loss=0.0206
  [Client 15] Starting Hier-pFedMe | λ2=35.0, η2=0.02, inner_steps=1, epochs=5, batches/epoch=141
  [Client 11] Round 13 | Hier-pFedMe(λ2=35.0, K=1) | loss=0.0404
  [Client 14] Round 13 | Hier-pFedMe(λ2=35.0, K=1) | loss=0.0302
  [Client 15] Round 13 | Hier-pFedMe(λ2=35.0, K=1) | loss=0.0283
  [Client 19] Round 13 | Hier-pFedMe(λ2=35.0, K=1) | loss=0.0177
  [Edge 1] G13 | E4 | loss=0.0289
  [Edge 1] G13 | E5 | Hier-pFedMe | Selected 10/10
  [Client 17] Received edge weights. Set local model to edge weights.
[C17] Test set: samples=750, class_dist={49: 73, 56: 69, 58: 67, 60: 82, 61: 143, 69: 96, 71: 151, 85: 69}
  [Client 12] Received edge weights. Set local model to edge weights.
[C12] Test set: samples=750, class_dist={17: 72, 41: 154, 47: 72, 48: 78, 54: 85, 58: 68, 69: 83, 83: 72, 96: 66}
  [Client 14] Received edge weights. Set local model to edge weights.
[C14] Test set: samples=750, class_dist={22: 68, 33: 80, 40: 81, 49: 71, 56: 79, 62: 143, 83: 80, 85: 69, 87: 79}
  [Client 15] Received edge weights. Set local model to edge weights.
[C15] Test set: samples=750, class_dist={25: 79, 28: 75, 33: 65, 39: 81, 47: 75, 53: 72, 60: 73, 81: 75, 90: 77, 94: 78}
  [Client 16] Received edge weights. Set local model to edge weights.
[C16] Test set: samples=750, class_dist={20: 75, 22: 88, 28: 62, 52: 153, 53: 84, 59: 67, 70: 71, 76: 65, 82: 85}
  [Client 19] Received edge weights. Set local model to edge weights.
[C19] Test set: samples=750, class_dist={0: 66, 13: 168, 23: 137, 51: 86, 68: 65, 70: 82, 81: 64, 89: 82}
  [Client 10] Received edge weights. Set local model to edge weights.
[C10] Test set: samples=750, class_dist={5: 74, 9: 72, 51: 87, 54: 76, 57: 149, 84: 72, 89: 78, 92: 60, 94: 82}
  [Client 13] Received edge weights. Set local model to edge weights.
[C13] Test set: samples=750, class_dist={8: 68, 9: 75, 20: 73, 37: 78, 39: 76, 48: 73, 59: 78, 68: 74, 86: 80, 90: 75}
  [Client 18] Received edge weights. Set local model to edge weights.
[C18] Test set: samples=750, class_dist={0: 71, 5: 79, 8: 79, 16: 71, 25: 72, 76: 70, 84: 81, 86: 67, 92: 81, 96: 79}
  [Client 11] Received edge weights. Set local model to edge weights.
[C11] Test set: samples=750, class_dist={10: 175, 12: 136, 16: 85, 17: 77, 37: 65, 40: 70, 82: 70, 87: 72}
  [Client 17] Starting Hier-pFedMe | λ2=35.0, η2=0.02, inner_steps=1, epochs=5, batches/epoch=141  [Client 12] Starting Hier-pFedMe | λ2=35.0, η2=0.02, inner_steps=1, epochs=5, batches/epoch=141
  [Client 14] Starting Hier-pFedMe | λ2=35.0, η2=0.02, inner_steps=1, epochs=5, batches/epoch=141
  [Client 15] Starting Hier-pFedMe | λ2=35.0, η2=0.02, inner_steps=1, epochs=5, batches/epoch=141

  [Client 17] Round 13 | Hier-pFedMe(λ2=35.0, K=1) | loss=0.0400
  [Client 16] Starting Hier-pFedMe | λ2=35.0, η2=0.02, inner_steps=1, epochs=5, batches/epoch=141
  [Client 12] Round 13 | Hier-pFedMe(λ2=35.0, K=1) | loss=0.0268
  [Client 19] Starting Hier-pFedMe | λ2=35.0, η2=0.02, inner_steps=1, epochs=5, batches/epoch=141
  [Client 15] Round 13 | Hier-pFedMe(λ2=35.0, K=1) | loss=0.0333
  [Client 10] Starting Hier-pFedMe | λ2=35.0, η2=0.02, inner_steps=1, epochs=5, batches/epoch=141
  [Client 14] Round 13 | Hier-pFedMe(λ2=35.0, K=1) | loss=0.0227
  [Client 13] Starting Hier-pFedMe | λ2=35.0, η2=0.02, inner_steps=1, epochs=5, batches/epoch=141
  [Client 16] Round 13 | Hier-pFedMe(λ2=35.0, K=1) | loss=0.0385
  [Client 18] Starting Hier-pFedMe | λ2=35.0, η2=0.02, inner_steps=1, epochs=5, batches/epoch=141
  [Client 10] Round 13 | Hier-pFedMe(λ2=35.0, K=1) | loss=0.0439
  [Client 11] Starting Hier-pFedMe | λ2=35.0, η2=0.02, inner_steps=1, epochs=5, batches/epoch=141
  [Client 13] Round 13 | Hier-pFedMe(λ2=35.0, K=1) | loss=0.0273
  [Client 19] Round 13 | Hier-pFedMe(λ2=35.0, K=1) | loss=0.0149
  [Client 11] Round 13 | Hier-pFedMe(λ2=35.0, K=1) | loss=0.0455
  [Client 18] Round 13 | Hier-pFedMe(λ2=35.0, K=1) | loss=0.0327
  [Edge 1] G13 | E5 | loss=0.0326
  [Cloud] Using Hier-pFedMe global aggregation (式 9).
[C0] n=750 | classes=[6, 18, 29, 30, 34, 43, 44, 55, 64, 66] | acc=0.4560 | per_class={6: '0.41', 18: '0.48', 29: '0.49', 30: '0.68', 34: '0.45', 43: '0.49', 44: '0.32', 55: '0.31', 64: '0.38', 66: '0.55'}
[C1] n=750 | classes=[1, 11, 26, 27, 29, 32, 73, 75, 99] | acc=0.6133 | per_class={1: '0.68', 11: '0.55', 26: '0.47', 27: '0.50', 29: '0.59', 32: '0.49', 73: '0.68', 75: '0.81', 99: '0.68'}
[C2] n=750 | classes=[35, 36, 38, 42, 50, 64, 72, 77, 97, 98] | acc=0.4107 | per_class={35: '0.35', 36: '0.52', 38: '0.42', 42: '0.51', 50: '0.34', 64: '0.34', 72: '0.47', 77: '0.40', 97: '0.47', 98: '0.30'}
[C3] n=750 | classes=[4, 6, 7, 14, 21, 35, 38, 65, 80] | acc=0.4880 | per_class={4: '0.31', 6: '0.42', 7: '0.74', 14: '0.40', 21: '0.64', 35: '0.63', 38: '0.39', 65: '0.37', 80: '0.30'}
[C4] n=750 | classes=[19, 31, 42, 43, 63, 66, 72, 79, 91, 98] | acc=0.5240 | per_class={19: '0.53', 31: '0.42', 42: '0.53', 43: '0.55', 63: '0.51', 66: '0.34', 72: '0.49', 79: '0.57', 91: '0.69', 98: '0.64'}
[C5] n=750 | classes=[4, 15, 19, 34, 45, 63, 74, 91, 93, 95] | acc=0.4920 | per_class={4: '0.38', 15: '0.53', 19: '0.38', 34: '0.47', 45: '0.57', 63: '0.46', 74: '0.42', 91: '0.58', 93: '0.47', 95: '0.75'}
[C6] n=750 | classes=[11, 18, 21, 32, 44, 46, 78, 88, 97] | acc=0.4880 | per_class={11: '0.39', 18: '0.48', 21: '0.66', 32: '0.58', 44: '0.41', 46: '0.27', 78: '0.58', 88: '0.46', 97: '0.47'}
[C7] n=750 | classes=[24, 31, 36, 45, 46, 50, 67, 73, 74, 80] | acc=0.5280 | per_class={24: '0.78', 31: '0.62', 36: '0.63', 45: '0.50', 46: '0.53', 50: '0.25', 67: '0.46', 73: '0.73', 74: '0.39', 80: '0.42'}
[C8] n=750 | classes=[1, 14, 24, 26, 30, 65, 75, 88, 93, 95] | acc=0.5760 | per_class={1: '0.75', 14: '0.61', 24: '0.84', 26: '0.46', 30: '0.55', 65: '0.42', 75: '0.66', 88: '0.54', 93: '0.37', 95: '0.59'}
[C9] n=750 | classes=[2, 3, 15, 27, 55, 67, 77, 79] | acc=0.5613 | per_class={2: '0.71', 3: '0.63', 15: '0.44', 27: '0.63', 55: '0.22', 67: '0.66', 77: '0.41', 79: '0.52'}
[C10] n=750 | classes=[5, 9, 51, 54, 57, 84, 89, 92, 94] | acc=0.6053 | per_class={5: '0.46', 9: '0.57', 51: '0.66', 54: '0.49', 57: '0.71', 84: '0.36', 89: '0.71', 92: '0.60', 94: '0.76'}
[C11] n=750 | classes=[10, 12, 16, 17, 37, 40, 82, 87] | acc=0.6160 | per_class={10: '0.70', 12: '0.66', 16: '0.42', 17: '0.68', 37: '0.46', 40: '0.53', 82: '0.91', 87: '0.42'}
[C12] n=750 | classes=[17, 41, 47, 48, 54, 58, 69, 83, 96] | acc=0.7427 | per_class={17: '0.82', 41: '0.79', 47: '0.71', 48: '0.68', 54: '0.71', 58: '0.74', 69: '0.77', 83: '0.82', 96: '0.61'}
[C13] n=750 | classes=[8, 9, 20, 37, 39, 48, 59, 68, 86, 90] | acc=0.6213 | per_class={8: '0.56', 9: '0.64', 20: '0.78', 37: '0.45', 39: '0.62', 48: '0.58', 59: '0.74', 68: '0.89', 86: '0.51', 90: '0.45'}
[C14] n=750 | classes=[22, 33, 40, 49, 56, 62, 83, 85, 87] | acc=0.7067 | per_class={22: '0.54', 33: '0.71', 40: '0.59', 49: '0.89', 56: '0.86', 62: '0.86', 83: '0.55', 85: '0.74', 87: '0.49'}
[C15] n=750 | classes=[25, 28, 33, 39, 47, 53, 60, 81, 90, 94] | acc=0.6680 | per_class={25: '0.41', 28: '0.64', 33: '0.66', 39: '0.59', 47: '0.84', 53: '0.85', 60: '0.90', 81: '0.53', 90: '0.58', 94: '0.71'}
[C16] n=750 | classes=[20, 22, 28, 52, 53, 59, 70, 76, 82] | acc=0.7667 | per_class={20: '0.83', 22: '0.65', 28: '0.66', 52: '0.84', 53: '0.85', 59: '0.54', 70: '0.72', 76: '0.86', 82: '0.85'}
[C17] n=750 | classes=[49, 56, 58, 60, 61, 69, 71, 85] | acc=0.7507 | per_class={49: '0.66', 56: '0.78', 58: '0.63', 60: '0.71', 61: '0.91', 69: '0.71', 71: '0.75', 85: '0.71'}
[C18] n=750 | classes=[0, 5, 8, 16, 25, 76, 84, 86, 92, 96] | acc=0.6173 | per_class={0: '0.79', 5: '0.47', 8: '0.63', 16: '0.37', 25: '0.42', 76: '0.84', 84: '0.42', 86: '0.64', 92: '0.73', 96: '0.87'}
[C19] n=750 | classes=[0, 13, 23, 51, 68, 70, 81, 89] | acc=0.6960 | per_class={0: '0.82', 13: '0.61', 23: '0.85', 51: '0.69', 68: '0.85', 70: '0.74', 81: '0.34', 89: '0.65'}
  [Cloud] GM=0.1891 | EM=0.2705 PM=0.5964 | loss=5.3435 | time=116.5s | comm=719.6MB (total=9355MB)

[Round  14] Broadcasting to 2 edges...
  [Edge 0] W_n reset to global weights for new round.
  [Edge 1] W_n reset to global weights for new round.
  [Edge 0] G14 | E1 | Hier-pFedMe | Selected 10/10
  [Client  1] Received edge weights. Set local model to edge weights.
[C1] Test set: samples=750, class_dist={1: 75, 11: 80, 26: 83, 27: 68, 29: 75, 32: 70, 73: 71, 75: 79, 99: 149}
  [Client  2] Received edge weights. Set local model to edge weights.
[C2] Test set: samples=750, class_dist={35: 80, 36: 63, 38: 79, 42: 77, 50: 77, 64: 79, 72: 80, 77: 72, 97: 72, 98: 71}
  [Client  9] Received edge weights. Set local model to edge weights.
[C9] Test set: samples=750, class_dist={2: 167, 3: 151, 15: 78, 27: 67, 55: 68, 67: 71, 77: 66, 79: 82}
  [Client  5] Received edge weights. Set local model to edge weights.
[C5] Test set: samples=750, class_dist={4: 76, 15: 79, 19: 73, 34: 66, 45: 81, 63: 90, 74: 77, 91: 69, 93: 86, 95: 53}
  [Client  0] Received edge weights. Set local model to edge weights.
[C0] Test set: samples=750, class_dist={6: 83, 18: 67, 29: 71, 30: 73, 34: 78, 43: 77, 44: 71, 55: 71, 64: 82, 66: 77}
  [Client  4] Received edge weights. Set local model to edge weights.
[C4] Test set: samples=750, class_dist={19: 72, 31: 69, 42: 76, 43: 75, 63: 80, 66: 80, 72: 74, 79: 81, 91: 77, 98: 66}
  [Client  8] Received edge weights. Set local model to edge weights.
[C8] Test set: samples=750, class_dist={1: 60, 14: 77, 24: 79, 26: 71, 30: 76, 65: 78, 75: 62, 88: 91, 93: 73, 95: 83}
  [Client  3] Received edge weights. Set local model to edge weights.
[C3] Test set: samples=750, class_dist={4: 80, 6: 65, 7: 146, 14: 82, 21: 76, 35: 63, 38: 70, 65: 89, 80: 79}
  [Client  6] Received edge weights. Set local model to edge weights.
[C6] Test set: samples=750, class_dist={11: 70, 18: 85, 21: 73, 32: 89, 44: 80, 46: 73, 78: 127, 88: 85, 97: 68}
  [Client  7] Received edge weights. Set local model to edge weights.
[C7] Test set: samples=750, class_dist={24: 68, 31: 72, 36: 73, 45: 74, 46: 76, 50: 79, 67: 92, 73: 75, 74: 61, 80: 80}
  [Client  1] Starting Hier-pFedMe | λ2=35.0, η2=0.02, inner_steps=1, epochs=5, batches/epoch=141
  [Client  2] Starting Hier-pFedMe | λ2=35.0, η2=0.02, inner_steps=1, epochs=5, batches/epoch=141
  [Client  9] Starting Hier-pFedMe | λ2=35.0, η2=0.02, inner_steps=1, epochs=5, batches/epoch=141
  [Client  5] Starting Hier-pFedMe | λ2=35.0, η2=0.02, inner_steps=1, epochs=5, batches/epoch=141
  [Client  5] Round 14 | Hier-pFedMe(λ2=35.0, K=1) | loss=0.0796  [Client  2] Round 14 | Hier-pFedMe(λ2=35.0, K=1) | loss=0.0787
  [Client  0] Starting Hier-pFedMe | λ2=35.0, η2=0.02, inner_steps=1, epochs=5, batches/epoch=141

  [Client  4] Starting Hier-pFedMe | λ2=35.0, η2=0.02, inner_steps=1, epochs=5, batches/epoch=141
  [Client  9] Round 14 | Hier-pFedMe(λ2=35.0, K=1) | loss=0.0694
  [Client  8] Starting Hier-pFedMe | λ2=35.0, η2=0.02, inner_steps=1, epochs=5, batches/epoch=141
  [Client  1] Round 14 | Hier-pFedMe(λ2=35.0, K=1) | loss=0.0927
  [Client  3] Starting Hier-pFedMe | λ2=35.0, η2=0.02, inner_steps=1, epochs=5, batches/epoch=141
  [Client  4] Round 14 | Hier-pFedMe(λ2=35.0, K=1) | loss=0.0994
  [Client  6] Starting Hier-pFedMe | λ2=35.0, η2=0.02, inner_steps=1, epochs=5, batches/epoch=141
  [Client  8] Round 14 | Hier-pFedMe(λ2=35.0, K=1) | loss=0.0693
  [Client  7] Starting Hier-pFedMe | λ2=35.0, η2=0.02, inner_steps=1, epochs=5, batches/epoch=141
  [Client  0] Round 14 | Hier-pFedMe(λ2=35.0, K=1) | loss=0.0743
  [Client  3] Round 14 | Hier-pFedMe(λ2=35.0, K=1) | loss=0.0916
  [Client  6] Round 14 | Hier-pFedMe(λ2=35.0, K=1) | loss=0.0853
  [Client  7] Round 14 | Hier-pFedMe(λ2=35.0, K=1) | loss=0.0803
  [Edge 0] G14 | E1 | loss=0.0821
  [Edge 0] G14 | E2 | Hier-pFedMe | Selected 10/10
  [Client  1] Received edge weights. Set local model to edge weights.
[C1] Test set: samples=750, class_dist={1: 75, 11: 80, 26: 83, 27: 68, 29: 75, 32: 70, 73: 71, 75: 79, 99: 149}
  [Client  8] Received edge weights. Set local model to edge weights.
[C8] Test set: samples=750, class_dist={1: 60, 14: 77, 24: 79, 26: 71, 30: 76, 65: 78, 75: 62, 88: 91, 93: 73, 95: 83}
  [Client  7] Received edge weights. Set local model to edge weights.
[C7] Test set: samples=750, class_dist={24: 68, 31: 72, 36: 73, 45: 74, 46: 76, 50: 79, 67: 92, 73: 75, 74: 61, 80: 80}
  [Client  3] Received edge weights. Set local model to edge weights.
[C3] Test set: samples=750, class_dist={4: 80, 6: 65, 7: 146, 14: 82, 21: 76, 35: 63, 38: 70, 65: 89, 80: 79}
  [Client  6] Received edge weights. Set local model to edge weights.
[C6] Test set: samples=750, class_dist={11: 70, 18: 85, 21: 73, 32: 89, 44: 80, 46: 73, 78: 127, 88: 85, 97: 68}
  [Client  0] Received edge weights. Set local model to edge weights.
[C0] Test set: samples=750, class_dist={6: 83, 18: 67, 29: 71, 30: 73, 34: 78, 43: 77, 44: 71, 55: 71, 64: 82, 66: 77}
  [Client  4] Received edge weights. Set local model to edge weights.
[C4] Test set: samples=750, class_dist={19: 72, 31: 69, 42: 76, 43: 75, 63: 80, 66: 80, 72: 74, 79: 81, 91: 77, 98: 66}
  [Client  5] Received edge weights. Set local model to edge weights.
[C5] Test set: samples=750, class_dist={4: 76, 15: 79, 19: 73, 34: 66, 45: 81, 63: 90, 74: 77, 91: 69, 93: 86, 95: 53}
  [Client  9] Received edge weights. Set local model to edge weights.
[C9] Test set: samples=750, class_dist={2: 167, 3: 151, 15: 78, 27: 67, 55: 68, 67: 71, 77: 66, 79: 82}
  [Client  2] Received edge weights. Set local model to edge weights.
[C2] Test set: samples=750, class_dist={35: 80, 36: 63, 38: 79, 42: 77, 50: 77, 64: 79, 72: 80, 77: 72, 97: 72, 98: 71}
  [Client  1] Starting Hier-pFedMe | λ2=35.0, η2=0.02, inner_steps=1, epochs=5, batches/epoch=141  [Client  8] Starting Hier-pFedMe | λ2=35.0, η2=0.02, inner_steps=1, epochs=5, batches/epoch=141
  [Client  7] Starting Hier-pFedMe | λ2=35.0, η2=0.02, inner_steps=1, epochs=5, batches/epoch=141

  [Client  3] Starting Hier-pFedMe | λ2=35.0, η2=0.02, inner_steps=1, epochs=5, batches/epoch=141
  [Client  1] Round 14 | Hier-pFedMe(λ2=35.0, K=1) | loss=0.0411
  [Client  6] Starting Hier-pFedMe | λ2=35.0, η2=0.02, inner_steps=1, epochs=5, batches/epoch=141
  [Client  7] Round 14 | Hier-pFedMe(λ2=35.0, K=1) | loss=0.0353
  [Client  0] Starting Hier-pFedMe | λ2=35.0, η2=0.02, inner_steps=1, epochs=5, batches/epoch=141
  [Client  8] Round 14 | Hier-pFedMe(λ2=35.0, K=1) | loss=0.0266
  [Client  4] Starting Hier-pFedMe | λ2=35.0, η2=0.02, inner_steps=1, epochs=5, batches/epoch=141
  [Client  3] Round 14 | Hier-pFedMe(λ2=35.0, K=1) | loss=0.0318
  [Client  5] Starting Hier-pFedMe | λ2=35.0, η2=0.02, inner_steps=1, epochs=5, batches/epoch=141
  [Client  6] Round 14 | Hier-pFedMe(λ2=35.0, K=1) | loss=0.0328
  [Client  9] Starting Hier-pFedMe | λ2=35.0, η2=0.02, inner_steps=1, epochs=5, batches/epoch=141
  [Client  0] Round 14 | Hier-pFedMe(λ2=35.0, K=1) | loss=0.0506
  [Client  2] Starting Hier-pFedMe | λ2=35.0, η2=0.02, inner_steps=1, epochs=5, batches/epoch=141
  [Client  5] Round 14 | Hier-pFedMe(λ2=35.0, K=1) | loss=0.0328
  [Client  4] Round 14 | Hier-pFedMe(λ2=35.0, K=1) | loss=0.0358
  [Client  9] Round 14 | Hier-pFedMe(λ2=35.0, K=1) | loss=0.0329
  [Client  2] Round 14 | Hier-pFedMe(λ2=35.0, K=1) | loss=0.0453
  [Edge 0] G14 | E2 | loss=0.0365
  [Edge 0] G14 | E3 | Hier-pFedMe | Selected 10/10
  [Client  4] Received edge weights. Set local model to edge weights.
[C4] Test set: samples=750, class_dist={19: 72, 31: 69, 42: 76, 43: 75, 63: 80, 66: 80, 72: 74, 79: 81, 91: 77, 98: 66}
  [Client  6] Received edge weights. Set local model to edge weights.
[C6] Test set: samples=750, class_dist={11: 70, 18: 85, 21: 73, 32: 89, 44: 80, 46: 73, 78: 127, 88: 85, 97: 68}
  [Client  5] Received edge weights. Set local model to edge weights.
[C5] Test set: samples=750, class_dist={4: 76, 15: 79, 19: 73, 34: 66, 45: 81, 63: 90, 74: 77, 91: 69, 93: 86, 95: 53}
  [Client  2] Received edge weights. Set local model to edge weights.
[C2] Test set: samples=750, class_dist={35: 80, 36: 63, 38: 79, 42: 77, 50: 77, 64: 79, 72: 80, 77: 72, 97: 72, 98: 71}
  [Client  7] Received edge weights. Set local model to edge weights.
[C7] Test set: samples=750, class_dist={24: 68, 31: 72, 36: 73, 45: 74, 46: 76, 50: 79, 67: 92, 73: 75, 74: 61, 80: 80}
  [Client  8] Received edge weights. Set local model to edge weights.
[C8] Test set: samples=750, class_dist={1: 60, 14: 77, 24: 79, 26: 71, 30: 76, 65: 78, 75: 62, 88: 91, 93: 73, 95: 83}
  [Client  1] Received edge weights. Set local model to edge weights.
[C1] Test set: samples=750, class_dist={1: 75, 11: 80, 26: 83, 27: 68, 29: 75, 32: 70, 73: 71, 75: 79, 99: 149}
  [Client  0] Received edge weights. Set local model to edge weights.
[C0] Test set: samples=750, class_dist={6: 83, 18: 67, 29: 71, 30: 73, 34: 78, 43: 77, 44: 71, 55: 71, 64: 82, 66: 77}
  [Client  3] Received edge weights. Set local model to edge weights.
[C3] Test set: samples=750, class_dist={4: 80, 6: 65, 7: 146, 14: 82, 21: 76, 35: 63, 38: 70, 65: 89, 80: 79}
  [Client  9] Received edge weights. Set local model to edge weights.
[C9] Test set: samples=750, class_dist={2: 167, 3: 151, 15: 78, 27: 67, 55: 68, 67: 71, 77: 66, 79: 82}
  [Client  4] Starting Hier-pFedMe | λ2=35.0, η2=0.02, inner_steps=1, epochs=5, batches/epoch=141  [Client  6] Starting Hier-pFedMe | λ2=35.0, η2=0.02, inner_steps=1, epochs=5, batches/epoch=141

  [Client  5] Starting Hier-pFedMe | λ2=35.0, η2=0.02, inner_steps=1, epochs=5, batches/epoch=141
  [Client  2] Starting Hier-pFedMe | λ2=35.0, η2=0.02, inner_steps=1, epochs=5, batches/epoch=141
  [Client  6] Round 14 | Hier-pFedMe(λ2=35.0, K=1) | loss=0.0449  [Client  4] Round 14 | Hier-pFedMe(λ2=35.0, K=1) | loss=0.0356

  [Client  5] Round 14 | Hier-pFedMe(λ2=35.0, K=1) | loss=0.0373  [Client  7] Starting Hier-pFedMe | λ2=35.0, η2=0.02, inner_steps=1, epochs=5, batches/epoch=141
  [Client  8] Starting Hier-pFedMe | λ2=35.0, η2=0.02, inner_steps=1, epochs=5, batches/epoch=141

  [Client  2] Round 14 | Hier-pFedMe(λ2=35.0, K=1) | loss=0.0493
  [Client  1] Starting Hier-pFedMe | λ2=35.0, η2=0.02, inner_steps=1, epochs=5, batches/epoch=141  [Client  0] Starting Hier-pFedMe | λ2=35.0, η2=0.02, inner_steps=1, epochs=5, batches/epoch=141

  [Client  8] Round 14 | Hier-pFedMe(λ2=35.0, K=1) | loss=0.0273
  [Client  3] Starting Hier-pFedMe | λ2=35.0, η2=0.02, inner_steps=1, epochs=5, batches/epoch=141
  [Client  7] Round 14 | Hier-pFedMe(λ2=35.0, K=1) | loss=0.0490
  [Client  9] Starting Hier-pFedMe | λ2=35.0, η2=0.02, inner_steps=1, epochs=5, batches/epoch=141
  [Client  0] Round 14 | Hier-pFedMe(λ2=35.0, K=1) | loss=0.0391
  [Client  1] Round 14 | Hier-pFedMe(λ2=35.0, K=1) | loss=0.0454
  [Client  3] Round 14 | Hier-pFedMe(λ2=35.0, K=1) | loss=0.0299
  [Client  9] Round 14 | Hier-pFedMe(λ2=35.0, K=1) | loss=0.0395
  [Edge 0] G14 | E3 | loss=0.0397
  [Edge 0] G14 | E4 | Hier-pFedMe | Selected 10/10
  [Client  2] Received edge weights. Set local model to edge weights.
[C2] Test set: samples=750, class_dist={35: 80, 36: 63, 38: 79, 42: 77, 50: 77, 64: 79, 72: 80, 77: 72, 97: 72, 98: 71}
  [Client  1] Received edge weights. Set local model to edge weights.
[C1] Test set: samples=750, class_dist={1: 75, 11: 80, 26: 83, 27: 68, 29: 75, 32: 70, 73: 71, 75: 79, 99: 149}
  [Client  4] Received edge weights. Set local model to edge weights.
[C4] Test set: samples=750, class_dist={19: 72, 31: 69, 42: 76, 43: 75, 63: 80, 66: 80, 72: 74, 79: 81, 91: 77, 98: 66}
  [Client  5] Received edge weights. Set local model to edge weights.
[C5] Test set: samples=750, class_dist={4: 76, 15: 79, 19: 73, 34: 66, 45: 81, 63: 90, 74: 77, 91: 69, 93: 86, 95: 53}
  [Client  7] Received edge weights. Set local model to edge weights.
[C7] Test set: samples=750, class_dist={24: 68, 31: 72, 36: 73, 45: 74, 46: 76, 50: 79, 67: 92, 73: 75, 74: 61, 80: 80}
  [Client  6] Received edge weights. Set local model to edge weights.
[C6] Test set: samples=750, class_dist={11: 70, 18: 85, 21: 73, 32: 89, 44: 80, 46: 73, 78: 127, 88: 85, 97: 68}
  [Client  8] Received edge weights. Set local model to edge weights.
[C8] Test set: samples=750, class_dist={1: 60, 14: 77, 24: 79, 26: 71, 30: 76, 65: 78, 75: 62, 88: 91, 93: 73, 95: 83}
  [Client  0] Received edge weights. Set local model to edge weights.
[C0] Test set: samples=750, class_dist={6: 83, 18: 67, 29: 71, 30: 73, 34: 78, 43: 77, 44: 71, 55: 71, 64: 82, 66: 77}
  [Client  3] Received edge weights. Set local model to edge weights.
[C3] Test set: samples=750, class_dist={4: 80, 6: 65, 7: 146, 14: 82, 21: 76, 35: 63, 38: 70, 65: 89, 80: 79}
  [Client  9] Received edge weights. Set local model to edge weights.
[C9] Test set: samples=750, class_dist={2: 167, 3: 151, 15: 78, 27: 67, 55: 68, 67: 71, 77: 66, 79: 82}
  [Client  1] Starting Hier-pFedMe | λ2=35.0, η2=0.02, inner_steps=1, epochs=5, batches/epoch=141
  [Client  2] Starting Hier-pFedMe | λ2=35.0, η2=0.02, inner_steps=1, epochs=5, batches/epoch=141
  [Client  4] Starting Hier-pFedMe | λ2=35.0, η2=0.02, inner_steps=1, epochs=5, batches/epoch=141  [Client  5] Starting Hier-pFedMe | λ2=35.0, η2=0.02, inner_steps=1, epochs=5, batches/epoch=141

  [Client  1] Round 14 | Hier-pFedMe(λ2=35.0, K=1) | loss=0.0281
  [Client  2] Round 14 | Hier-pFedMe(λ2=35.0, K=1) | loss=0.0301  [Client  7] Starting Hier-pFedMe | λ2=35.0, η2=0.02, inner_steps=1, epochs=5, batches/epoch=141

  [Client  6] Starting Hier-pFedMe | λ2=35.0, η2=0.02, inner_steps=1, epochs=5, batches/epoch=141
  [Client  5] Round 14 | Hier-pFedMe(λ2=35.0, K=1) | loss=0.0391
  [Client  4] Round 14 | Hier-pFedMe(λ2=35.0, K=1) | loss=0.0239
  [Client  8] Starting Hier-pFedMe | λ2=35.0, η2=0.02, inner_steps=1, epochs=5, batches/epoch=141
  [Client  0] Starting Hier-pFedMe | λ2=35.0, η2=0.02, inner_steps=1, epochs=5, batches/epoch=141
  [Client  7] Round 14 | Hier-pFedMe(λ2=35.0, K=1) | loss=0.0272  [Client  8] Round 14 | Hier-pFedMe(λ2=35.0, K=1) | loss=0.0318

  [Client  6] Round 14 | Hier-pFedMe(λ2=35.0, K=1) | loss=0.0308  [Client  0] Round 14 | Hier-pFedMe(λ2=35.0, K=1) | loss=0.0232  [Client  3] Starting Hier-pFedMe | λ2=35.0, η2=0.02, inner_steps=1, epochs=5, batches/epoch=141  [Client  9] Starting Hier-pFedMe | λ2=35.0, η2=0.02, inner_steps=1, epochs=5, batches/epoch=141



  [Client  3] Round 14 | Hier-pFedMe(λ2=35.0, K=1) | loss=0.0500
  [Client  9] Round 14 | Hier-pFedMe(λ2=35.0, K=1) | loss=0.0244
  [Edge 0] G14 | E4 | loss=0.0309
  [Edge 0] G14 | E5 | Hier-pFedMe | Selected 10/10
  [Client  1] Received edge weights. Set local model to edge weights.
[C1] Test set: samples=750, class_dist={1: 75, 11: 80, 26: 83, 27: 68, 29: 75, 32: 70, 73: 71, 75: 79, 99: 149}
  [Client  4] Received edge weights. Set local model to edge weights.
[C4] Test set: samples=750, class_dist={19: 72, 31: 69, 42: 76, 43: 75, 63: 80, 66: 80, 72: 74, 79: 81, 91: 77, 98: 66}
  [Client  0] Received edge weights. Set local model to edge weights.
[C0] Test set: samples=750, class_dist={6: 83, 18: 67, 29: 71, 30: 73, 34: 78, 43: 77, 44: 71, 55: 71, 64: 82, 66: 77}
  [Client  7] Received edge weights. Set local model to edge weights.
[C7] Test set: samples=750, class_dist={24: 68, 31: 72, 36: 73, 45: 74, 46: 76, 50: 79, 67: 92, 73: 75, 74: 61, 80: 80}
  [Client  6] Received edge weights. Set local model to edge weights.
[C6] Test set: samples=750, class_dist={11: 70, 18: 85, 21: 73, 32: 89, 44: 80, 46: 73, 78: 127, 88: 85, 97: 68}
  [Client  9] Received edge weights. Set local model to edge weights.
[C9] Test set: samples=750, class_dist={2: 167, 3: 151, 15: 78, 27: 67, 55: 68, 67: 71, 77: 66, 79: 82}
  [Client  3] Received edge weights. Set local model to edge weights.
[C3] Test set: samples=750, class_dist={4: 80, 6: 65, 7: 146, 14: 82, 21: 76, 35: 63, 38: 70, 65: 89, 80: 79}
  [Client  2] Received edge weights. Set local model to edge weights.
[C2] Test set: samples=750, class_dist={35: 80, 36: 63, 38: 79, 42: 77, 50: 77, 64: 79, 72: 80, 77: 72, 97: 72, 98: 71}
  [Client  8] Received edge weights. Set local model to edge weights.
[C8] Test set: samples=750, class_dist={1: 60, 14: 77, 24: 79, 26: 71, 30: 76, 65: 78, 75: 62, 88: 91, 93: 73, 95: 83}
  [Client  5] Received edge weights. Set local model to edge weights.
[C5] Test set: samples=750, class_dist={4: 76, 15: 79, 19: 73, 34: 66, 45: 81, 63: 90, 74: 77, 91: 69, 93: 86, 95: 53}
  [Client  4] Starting Hier-pFedMe | λ2=35.0, η2=0.02, inner_steps=1, epochs=5, batches/epoch=141
  [Client  1] Starting Hier-pFedMe | λ2=35.0, η2=0.02, inner_steps=1, epochs=5, batches/epoch=141  [Client  0] Starting Hier-pFedMe | λ2=35.0, η2=0.02, inner_steps=1, epochs=5, batches/epoch=141  [Client  7] Starting Hier-pFedMe | λ2=35.0, η2=0.02, inner_steps=1, epochs=5, batches/epoch=141


  [Client  1] Round 14 | Hier-pFedMe(λ2=35.0, K=1) | loss=0.0345
  [Client  0] Round 14 | Hier-pFedMe(λ2=35.0, K=1) | loss=0.0380  [Client  7] Round 14 | Hier-pFedMe(λ2=35.0, K=1) | loss=0.0444
  [Client  6] Starting Hier-pFedMe | λ2=35.0, η2=0.02, inner_steps=1, epochs=5, batches/epoch=141
  [Client  4] Round 14 | Hier-pFedMe(λ2=35.0, K=1) | loss=0.0207  [Client  9] Starting Hier-pFedMe | λ2=35.0, η2=0.02, inner_steps=1, epochs=5, batches/epoch=141
  [Client  3] Starting Hier-pFedMe | λ2=35.0, η2=0.02, inner_steps=1, epochs=5, batches/epoch=141


  [Client  2] Starting Hier-pFedMe | λ2=35.0, η2=0.02, inner_steps=1, epochs=5, batches/epoch=141
  [Client  6] Round 14 | Hier-pFedMe(λ2=35.0, K=1) | loss=0.0238
  [Client  8] Starting Hier-pFedMe | λ2=35.0, η2=0.02, inner_steps=1, epochs=5, batches/epoch=141
  [Client  9] Round 14 | Hier-pFedMe(λ2=35.0, K=1) | loss=0.0387
  [Client  5] Starting Hier-pFedMe | λ2=35.0, η2=0.02, inner_steps=1, epochs=5, batches/epoch=141
  [Client  3] Round 14 | Hier-pFedMe(λ2=35.0, K=1) | loss=0.0237
  [Client  2] Round 14 | Hier-pFedMe(λ2=35.0, K=1) | loss=0.0323
  [Client  8] Round 14 | Hier-pFedMe(λ2=35.0, K=1) | loss=0.0251
  [Client  5] Round 14 | Hier-pFedMe(λ2=35.0, K=1) | loss=0.0275
  [Edge 0] G14 | E5 | loss=0.0309
  [Edge 1] G14 | E1 | Hier-pFedMe | Selected 10/10
  [Client 18] Received edge weights. Set local model to edge weights.
[C18] Test set: samples=750, class_dist={0: 71, 5: 79, 8: 79, 16: 71, 25: 72, 76: 70, 84: 81, 86: 67, 92: 81, 96: 79}
  [Client 11] Received edge weights. Set local model to edge weights.
[C11] Test set: samples=750, class_dist={10: 175, 12: 136, 16: 85, 17: 77, 37: 65, 40: 70, 82: 70, 87: 72}
  [Client 19] Received edge weights. Set local model to edge weights.
[C19] Test set: samples=750, class_dist={0: 66, 13: 168, 23: 137, 51: 86, 68: 65, 70: 82, 81: 64, 89: 82}
  [Client 10] Received edge weights. Set local model to edge weights.
[C10] Test set: samples=750, class_dist={5: 74, 9: 72, 51: 87, 54: 76, 57: 149, 84: 72, 89: 78, 92: 60, 94: 82}
  [Client 15] Received edge weights. Set local model to edge weights.
[C15] Test set: samples=750, class_dist={25: 79, 28: 75, 33: 65, 39: 81, 47: 75, 53: 72, 60: 73, 81: 75, 90: 77, 94: 78}
  [Client 12] Received edge weights. Set local model to edge weights.
[C12] Test set: samples=750, class_dist={17: 72, 41: 154, 47: 72, 48: 78, 54: 85, 58: 68, 69: 83, 83: 72, 96: 66}
  [Client 14] Received edge weights. Set local model to edge weights.
[C14] Test set: samples=750, class_dist={22: 68, 33: 80, 40: 81, 49: 71, 56: 79, 62: 143, 83: 80, 85: 69, 87: 79}
  [Client 13] Received edge weights. Set local model to edge weights.
[C13] Test set: samples=750, class_dist={8: 68, 9: 75, 20: 73, 37: 78, 39: 76, 48: 73, 59: 78, 68: 74, 86: 80, 90: 75}
  [Client 16] Received edge weights. Set local model to edge weights.
[C16] Test set: samples=750, class_dist={20: 75, 22: 88, 28: 62, 52: 153, 53: 84, 59: 67, 70: 71, 76: 65, 82: 85}
  [Client 17] Received edge weights. Set local model to edge weights.
[C17] Test set: samples=750, class_dist={49: 73, 56: 69, 58: 67, 60: 82, 61: 143, 69: 96, 71: 151, 85: 69}
  [Client 11] Starting Hier-pFedMe | λ2=35.0, η2=0.02, inner_steps=1, epochs=5, batches/epoch=141  [Client 18] Starting Hier-pFedMe | λ2=35.0, η2=0.02, inner_steps=1, epochs=5, batches/epoch=141

  [Client 19] Starting Hier-pFedMe | λ2=35.0, η2=0.02, inner_steps=1, epochs=5, batches/epoch=141
  [Client 10] Starting Hier-pFedMe | λ2=35.0, η2=0.02, inner_steps=1, epochs=5, batches/epoch=141
  [Client 11] Round 14 | Hier-pFedMe(λ2=35.0, K=1) | loss=0.0804
  [Client 15] Starting Hier-pFedMe | λ2=35.0, η2=0.02, inner_steps=1, epochs=5, batches/epoch=141
  [Client 18] Round 14 | Hier-pFedMe(λ2=35.0, K=1) | loss=0.0688
  [Client 12] Starting Hier-pFedMe | λ2=35.0, η2=0.02, inner_steps=1, epochs=5, batches/epoch=141
  [Client 10] Round 14 | Hier-pFedMe(λ2=35.0, K=1) | loss=0.1000
  [Client 14] Starting Hier-pFedMe | λ2=35.0, η2=0.02, inner_steps=1, epochs=5, batches/epoch=141
  [Client 19] Round 14 | Hier-pFedMe(λ2=35.0, K=1) | loss=0.0659
  [Client 13] Starting Hier-pFedMe | λ2=35.0, η2=0.02, inner_steps=1, epochs=5, batches/epoch=141
  [Client 15] Round 14 | Hier-pFedMe(λ2=35.0, K=1) | loss=0.0631
  [Client 16] Starting Hier-pFedMe | λ2=35.0, η2=0.02, inner_steps=1, epochs=5, batches/epoch=141
  [Client 12] Round 14 | Hier-pFedMe(λ2=35.0, K=1) | loss=0.0776
  [Client 17] Starting Hier-pFedMe | λ2=35.0, η2=0.02, inner_steps=1, epochs=5, batches/epoch=141
  [Client 14] Round 14 | Hier-pFedMe(λ2=35.0, K=1) | loss=0.0771
  [Client 13] Round 14 | Hier-pFedMe(λ2=35.0, K=1) | loss=0.0835
  [Client 16] Round 14 | Hier-pFedMe(λ2=35.0, K=1) | loss=0.0704
  [Client 17] Round 14 | Hier-pFedMe(λ2=35.0, K=1) | loss=0.0762
  [Edge 1] G14 | E1 | loss=0.0763
  [Edge 1] G14 | E2 | Hier-pFedMe | Selected 10/10
  [Client 16] Received edge weights. Set local model to edge weights.
[C16] Test set: samples=750, class_dist={20: 75, 22: 88, 28: 62, 52: 153, 53: 84, 59: 67, 70: 71, 76: 65, 82: 85}
  [Client 13] Received edge weights. Set local model to edge weights.
[C13] Test set: samples=750, class_dist={8: 68, 9: 75, 20: 73, 37: 78, 39: 76, 48: 73, 59: 78, 68: 74, 86: 80, 90: 75}
  [Client 19] Received edge weights. Set local model to edge weights.
[C19] Test set: samples=750, class_dist={0: 66, 13: 168, 23: 137, 51: 86, 68: 65, 70: 82, 81: 64, 89: 82}
  [Client 10] Received edge weights. Set local model to edge weights.
[C10] Test set: samples=750, class_dist={5: 74, 9: 72, 51: 87, 54: 76, 57: 149, 84: 72, 89: 78, 92: 60, 94: 82}
  [Client 17] Received edge weights. Set local model to edge weights.
[C17] Test set: samples=750, class_dist={49: 73, 56: 69, 58: 67, 60: 82, 61: 143, 69: 96, 71: 151, 85: 69}
  [Client 12] Received edge weights. Set local model to edge weights.
[C12] Test set: samples=750, class_dist={17: 72, 41: 154, 47: 72, 48: 78, 54: 85, 58: 68, 69: 83, 83: 72, 96: 66}
  [Client 18] Received edge weights. Set local model to edge weights.
[C18] Test set: samples=750, class_dist={0: 71, 5: 79, 8: 79, 16: 71, 25: 72, 76: 70, 84: 81, 86: 67, 92: 81, 96: 79}
  [Client 11] Received edge weights. Set local model to edge weights.
[C11] Test set: samples=750, class_dist={10: 175, 12: 136, 16: 85, 17: 77, 37: 65, 40: 70, 82: 70, 87: 72}
  [Client 15] Received edge weights. Set local model to edge weights.
[C15] Test set: samples=750, class_dist={25: 79, 28: 75, 33: 65, 39: 81, 47: 75, 53: 72, 60: 73, 81: 75, 90: 77, 94: 78}
  [Client 14] Received edge weights. Set local model to edge weights.
[C14] Test set: samples=750, class_dist={22: 68, 33: 80, 40: 81, 49: 71, 56: 79, 62: 143, 83: 80, 85: 69, 87: 79}
  [Client 16] Starting Hier-pFedMe | λ2=35.0, η2=0.02, inner_steps=1, epochs=5, batches/epoch=141
  [Client 13] Starting Hier-pFedMe | λ2=35.0, η2=0.02, inner_steps=1, epochs=5, batches/epoch=141
  [Client 19] Starting Hier-pFedMe | λ2=35.0, η2=0.02, inner_steps=1, epochs=5, batches/epoch=141
  [Client 10] Starting Hier-pFedMe | λ2=35.0, η2=0.02, inner_steps=1, epochs=5, batches/epoch=141
  [Client 10] Round 14 | Hier-pFedMe(λ2=35.0, K=1) | loss=0.0308
  [Client 17] Starting Hier-pFedMe | λ2=35.0, η2=0.02, inner_steps=1, epochs=5, batches/epoch=141
  [Client 16] Round 14 | Hier-pFedMe(λ2=35.0, K=1) | loss=0.0222
  [Client 12] Starting Hier-pFedMe | λ2=35.0, η2=0.02, inner_steps=1, epochs=5, batches/epoch=141
  [Client 19] Round 14 | Hier-pFedMe(λ2=35.0, K=1) | loss=0.0231
  [Client 18] Starting Hier-pFedMe | λ2=35.0, η2=0.02, inner_steps=1, epochs=5, batches/epoch=141
  [Client 13] Round 14 | Hier-pFedMe(λ2=35.0, K=1) | loss=0.0322
  [Client 11] Starting Hier-pFedMe | λ2=35.0, η2=0.02, inner_steps=1, epochs=5, batches/epoch=141
  [Client 17] Round 14 | Hier-pFedMe(λ2=35.0, K=1) | loss=0.0472
  [Client 15] Starting Hier-pFedMe | λ2=35.0, η2=0.02, inner_steps=1, epochs=5, batches/epoch=141
  [Client 18] Round 14 | Hier-pFedMe(λ2=35.0, K=1) | loss=0.0360
  [Client 14] Starting Hier-pFedMe | λ2=35.0, η2=0.02, inner_steps=1, epochs=5, batches/epoch=141  [Client 12] Round 14 | Hier-pFedMe(λ2=35.0, K=1) | loss=0.0211

  [Client 11] Round 14 | Hier-pFedMe(λ2=35.0, K=1) | loss=0.0275
  [Client 15] Round 14 | Hier-pFedMe(λ2=35.0, K=1) | loss=0.0359
  [Client 14] Round 14 | Hier-pFedMe(λ2=35.0, K=1) | loss=0.0267
  [Edge 1] G14 | E2 | loss=0.0303
  [Edge 1] G14 | E3 | Hier-pFedMe | Selected 10/10
  [Client 10] Received edge weights. Set local model to edge weights.
[C10] Test set: samples=750, class_dist={5: 74, 9: 72, 51: 87, 54: 76, 57: 149, 84: 72, 89: 78, 92: 60, 94: 82}
  [Client 17] Received edge weights. Set local model to edge weights.
[C17] Test set: samples=750, class_dist={49: 73, 56: 69, 58: 67, 60: 82, 61: 143, 69: 96, 71: 151, 85: 69}
  [Client 19] Received edge weights. Set local model to edge weights.
[C19] Test set: samples=750, class_dist={0: 66, 13: 168, 23: 137, 51: 86, 68: 65, 70: 82, 81: 64, 89: 82}
  [Client 14] Received edge weights. Set local model to edge weights.
[C14] Test set: samples=750, class_dist={22: 68, 33: 80, 40: 81, 49: 71, 56: 79, 62: 143, 83: 80, 85: 69, 87: 79}
  [Client 16] Received edge weights. Set local model to edge weights.
[C16] Test set: samples=750, class_dist={20: 75, 22: 88, 28: 62, 52: 153, 53: 84, 59: 67, 70: 71, 76: 65, 82: 85}
  [Client 11] Received edge weights. Set local model to edge weights.
[C11] Test set: samples=750, class_dist={10: 175, 12: 136, 16: 85, 17: 77, 37: 65, 40: 70, 82: 70, 87: 72}
  [Client 15] Received edge weights. Set local model to edge weights.
[C15] Test set: samples=750, class_dist={25: 79, 28: 75, 33: 65, 39: 81, 47: 75, 53: 72, 60: 73, 81: 75, 90: 77, 94: 78}
  [Client 18] Received edge weights. Set local model to edge weights.
[C18] Test set: samples=750, class_dist={0: 71, 5: 79, 8: 79, 16: 71, 25: 72, 76: 70, 84: 81, 86: 67, 92: 81, 96: 79}
  [Client 13] Received edge weights. Set local model to edge weights.
[C13] Test set: samples=750, class_dist={8: 68, 9: 75, 20: 73, 37: 78, 39: 76, 48: 73, 59: 78, 68: 74, 86: 80, 90: 75}
  [Client 12] Received edge weights. Set local model to edge weights.
[C12] Test set: samples=750, class_dist={17: 72, 41: 154, 47: 72, 48: 78, 54: 85, 58: 68, 69: 83, 83: 72, 96: 66}
  [Client 10] Starting Hier-pFedMe | λ2=35.0, η2=0.02, inner_steps=1, epochs=5, batches/epoch=141
  [Client 17] Starting Hier-pFedMe | λ2=35.0, η2=0.02, inner_steps=1, epochs=5, batches/epoch=141
  [Client 19] Starting Hier-pFedMe | λ2=35.0, η2=0.02, inner_steps=1, epochs=5, batches/epoch=141  [Client 14] Starting Hier-pFedMe | λ2=35.0, η2=0.02, inner_steps=1, epochs=5, batches/epoch=141

  [Client 17] Round 14 | Hier-pFedMe(λ2=35.0, K=1) | loss=0.0397
  [Client 16] Starting Hier-pFedMe | λ2=35.0, η2=0.02, inner_steps=1, epochs=5, batches/epoch=141
  [Client 10] Round 14 | Hier-pFedMe(λ2=35.0, K=1) | loss=0.0633
  [Client 11] Starting Hier-pFedMe | λ2=35.0, η2=0.02, inner_steps=1, epochs=5, batches/epoch=141
  [Client 19] Round 14 | Hier-pFedMe(λ2=35.0, K=1) | loss=0.0255
  [Client 15] Starting Hier-pFedMe | λ2=35.0, η2=0.02, inner_steps=1, epochs=5, batches/epoch=141
  [Client 14] Round 14 | Hier-pFedMe(λ2=35.0, K=1) | loss=0.0491
  [Client 18] Starting Hier-pFedMe | λ2=35.0, η2=0.02, inner_steps=1, epochs=5, batches/epoch=141
  [Client 16] Round 14 | Hier-pFedMe(λ2=35.0, K=1) | loss=0.0506
  [Client 13] Starting Hier-pFedMe | λ2=35.0, η2=0.02, inner_steps=1, epochs=5, batches/epoch=141
  [Client 11] Round 14 | Hier-pFedMe(λ2=35.0, K=1) | loss=0.0487
  [Client 12] Starting Hier-pFedMe | λ2=35.0, η2=0.02, inner_steps=1, epochs=5, batches/epoch=141
  [Client 15] Round 14 | Hier-pFedMe(λ2=35.0, K=1) | loss=0.0374
  [Client 18] Round 14 | Hier-pFedMe(λ2=35.0, K=1) | loss=0.0364
  [Client 13] Round 14 | Hier-pFedMe(λ2=35.0, K=1) | loss=0.0269
  [Client 12] Round 14 | Hier-pFedMe(λ2=35.0, K=1) | loss=0.0180
  [Edge 1] G14 | E3 | loss=0.0396
  [Edge 1] G14 | E4 | Hier-pFedMe | Selected 10/10
  [Client 12] Received edge weights. Set local model to edge weights.
[C12] Test set: samples=750, class_dist={17: 72, 41: 154, 47: 72, 48: 78, 54: 85, 58: 68, 69: 83, 83: 72, 96: 66}
  [Client 13] Received edge weights. Set local model to edge weights.
[C13] Test set: samples=750, class_dist={8: 68, 9: 75, 20: 73, 37: 78, 39: 76, 48: 73, 59: 78, 68: 74, 86: 80, 90: 75}
  [Client 17] Received edge weights. Set local model to edge weights.
[C17] Test set: samples=750, class_dist={49: 73, 56: 69, 58: 67, 60: 82, 61: 143, 69: 96, 71: 151, 85: 69}
  [Client 16] Received edge weights. Set local model to edge weights.
[C16] Test set: samples=750, class_dist={20: 75, 22: 88, 28: 62, 52: 153, 53: 84, 59: 67, 70: 71, 76: 65, 82: 85}
  [Client 10] Received edge weights. Set local model to edge weights.
[C10] Test set: samples=750, class_dist={5: 74, 9: 72, 51: 87, 54: 76, 57: 149, 84: 72, 89: 78, 92: 60, 94: 82}
  [Client 19] Received edge weights. Set local model to edge weights.
[C19] Test set: samples=750, class_dist={0: 66, 13: 168, 23: 137, 51: 86, 68: 65, 70: 82, 81: 64, 89: 82}
  [Client 15] Received edge weights. Set local model to edge weights.
[C15] Test set: samples=750, class_dist={25: 79, 28: 75, 33: 65, 39: 81, 47: 75, 53: 72, 60: 73, 81: 75, 90: 77, 94: 78}
  [Client 18] Received edge weights. Set local model to edge weights.
[C18] Test set: samples=750, class_dist={0: 71, 5: 79, 8: 79, 16: 71, 25: 72, 76: 70, 84: 81, 86: 67, 92: 81, 96: 79}
  [Client 14] Received edge weights. Set local model to edge weights.
[C14] Test set: samples=750, class_dist={22: 68, 33: 80, 40: 81, 49: 71, 56: 79, 62: 143, 83: 80, 85: 69, 87: 79}
  [Client 11] Received edge weights. Set local model to edge weights.
[C11] Test set: samples=750, class_dist={10: 175, 12: 136, 16: 85, 17: 77, 37: 65, 40: 70, 82: 70, 87: 72}
  [Client 12] Starting Hier-pFedMe | λ2=35.0, η2=0.02, inner_steps=1, epochs=5, batches/epoch=141  [Client 13] Starting Hier-pFedMe | λ2=35.0, η2=0.02, inner_steps=1, epochs=5, batches/epoch=141  [Client 17] Starting Hier-pFedMe | λ2=35.0, η2=0.02, inner_steps=1, epochs=5, batches/epoch=141  [Client 16] Starting Hier-pFedMe | λ2=35.0, η2=0.02, inner_steps=1, epochs=5, batches/epoch=141



  [Client 17] Round 14 | Hier-pFedMe(λ2=35.0, K=1) | loss=0.0277  [Client 16] Round 14 | Hier-pFedMe(λ2=35.0, K=1) | loss=0.0166

  [Client 10] Starting Hier-pFedMe | λ2=35.0, η2=0.02, inner_steps=1, epochs=5, batches/epoch=141
  [Client 19] Starting Hier-pFedMe | λ2=35.0, η2=0.02, inner_steps=1, epochs=5, batches/epoch=141
  [Client 12] Round 14 | Hier-pFedMe(λ2=35.0, K=1) | loss=0.0259
  [Client 15] Starting Hier-pFedMe | λ2=35.0, η2=0.02, inner_steps=1, epochs=5, batches/epoch=141
  [Client 13] Round 14 | Hier-pFedMe(λ2=35.0, K=1) | loss=0.0313
  [Client 18] Starting Hier-pFedMe | λ2=35.0, η2=0.02, inner_steps=1, epochs=5, batches/epoch=141
  [Client 10] Round 14 | Hier-pFedMe(λ2=35.0, K=1) | loss=0.0283
  [Client 14] Starting Hier-pFedMe | λ2=35.0, η2=0.02, inner_steps=1, epochs=5, batches/epoch=141
  [Client 19] Round 14 | Hier-pFedMe(λ2=35.0, K=1) | loss=0.0152
  [Client 18] Round 14 | Hier-pFedMe(λ2=35.0, K=1) | loss=0.0224
  [Client 11] Starting Hier-pFedMe | λ2=35.0, η2=0.02, inner_steps=1, epochs=5, batches/epoch=141
  [Client 15] Round 14 | Hier-pFedMe(λ2=35.0, K=1) | loss=0.0206
  [Client 14] Round 14 | Hier-pFedMe(λ2=35.0, K=1) | loss=0.0196
  [Client 11] Round 14 | Hier-pFedMe(λ2=35.0, K=1) | loss=0.0264
  [Edge 1] G14 | E4 | loss=0.0234
  [Edge 1] G14 | E5 | Hier-pFedMe | Selected 10/10
  [Client 15] Received edge weights. Set local model to edge weights.
[C15] Test set: samples=750, class_dist={25: 79, 28: 75, 33: 65, 39: 81, 47: 75, 53: 72, 60: 73, 81: 75, 90: 77, 94: 78}
  [Client 12] Received edge weights. Set local model to edge weights.
[C12] Test set: samples=750, class_dist={17: 72, 41: 154, 47: 72, 48: 78, 54: 85, 58: 68, 69: 83, 83: 72, 96: 66}
  [Client 10] Received edge weights. Set local model to edge weights.
[C10] Test set: samples=750, class_dist={5: 74, 9: 72, 51: 87, 54: 76, 57: 149, 84: 72, 89: 78, 92: 60, 94: 82}
  [Client 17] Received edge weights. Set local model to edge weights.
[C17] Test set: samples=750, class_dist={49: 73, 56: 69, 58: 67, 60: 82, 61: 143, 69: 96, 71: 151, 85: 69}
  [Client 14] Received edge weights. Set local model to edge weights.
[C14] Test set: samples=750, class_dist={22: 68, 33: 80, 40: 81, 49: 71, 56: 79, 62: 143, 83: 80, 85: 69, 87: 79}
  [Client 18] Received edge weights. Set local model to edge weights.
[C18] Test set: samples=750, class_dist={0: 71, 5: 79, 8: 79, 16: 71, 25: 72, 76: 70, 84: 81, 86: 67, 92: 81, 96: 79}
  [Client 19] Received edge weights. Set local model to edge weights.
[C19] Test set: samples=750, class_dist={0: 66, 13: 168, 23: 137, 51: 86, 68: 65, 70: 82, 81: 64, 89: 82}
  [Client 13] Received edge weights. Set local model to edge weights.
[C13] Test set: samples=750, class_dist={8: 68, 9: 75, 20: 73, 37: 78, 39: 76, 48: 73, 59: 78, 68: 74, 86: 80, 90: 75}
  [Client 16] Received edge weights. Set local model to edge weights.
[C16] Test set: samples=750, class_dist={20: 75, 22: 88, 28: 62, 52: 153, 53: 84, 59: 67, 70: 71, 76: 65, 82: 85}
  [Client 11] Received edge weights. Set local model to edge weights.
[C11] Test set: samples=750, class_dist={10: 175, 12: 136, 16: 85, 17: 77, 37: 65, 40: 70, 82: 70, 87: 72}
  [Client 15] Starting Hier-pFedMe | λ2=35.0, η2=0.02, inner_steps=1, epochs=5, batches/epoch=141  [Client 12] Starting Hier-pFedMe | λ2=35.0, η2=0.02, inner_steps=1, epochs=5, batches/epoch=141  [Client 10] Starting Hier-pFedMe | λ2=35.0, η2=0.02, inner_steps=1, epochs=5, batches/epoch=141  [Client 17] Starting Hier-pFedMe | λ2=35.0, η2=0.02, inner_steps=1, epochs=5, batches/epoch=141



  [Client 17] Round 14 | Hier-pFedMe(λ2=35.0, K=1) | loss=0.0340  [Client 15] Round 14 | Hier-pFedMe(λ2=35.0, K=1) | loss=0.0292

  [Client 12] Round 14 | Hier-pFedMe(λ2=35.0, K=1) | loss=0.0167  [Client 14] Starting Hier-pFedMe | λ2=35.0, η2=0.02, inner_steps=1, epochs=5, batches/epoch=141
  [Client 18] Starting Hier-pFedMe | λ2=35.0, η2=0.02, inner_steps=1, epochs=5, batches/epoch=141
  [Client 10] Round 14 | Hier-pFedMe(λ2=35.0, K=1) | loss=0.0186
  [Client 19] Starting Hier-pFedMe | λ2=35.0, η2=0.02, inner_steps=1, epochs=5, batches/epoch=141

  [Client 13] Starting Hier-pFedMe | λ2=35.0, η2=0.02, inner_steps=1, epochs=5, batches/epoch=141
  [Client 14] Round 14 | Hier-pFedMe(λ2=35.0, K=1) | loss=0.0411
  [Client 16] Starting Hier-pFedMe | λ2=35.0, η2=0.02, inner_steps=1, epochs=5, batches/epoch=141
  [Client 18] Round 14 | Hier-pFedMe(λ2=35.0, K=1) | loss=0.0231
  [Client 11] Starting Hier-pFedMe | λ2=35.0, η2=0.02, inner_steps=1, epochs=5, batches/epoch=141  [Client 19] Round 14 | Hier-pFedMe(λ2=35.0, K=1) | loss=0.0151

  [Client 13] Round 14 | Hier-pFedMe(λ2=35.0, K=1) | loss=0.0365
  [Client 16] Round 14 | Hier-pFedMe(λ2=35.0, K=1) | loss=0.0259
  [Client 11] Round 14 | Hier-pFedMe(λ2=35.0, K=1) | loss=0.0331
  [Edge 1] G14 | E5 | loss=0.0273
  [Cloud] Using Hier-pFedMe global aggregation (式 9).
[C0] n=750 | classes=[6, 18, 29, 30, 34, 43, 44, 55, 64, 66] | acc=0.4627 | per_class={6: '0.42', 18: '0.46', 29: '0.49', 30: '0.71', 34: '0.47', 43: '0.48', 44: '0.30', 55: '0.34', 64: '0.40', 66: '0.55'}
[C1] n=750 | classes=[1, 11, 26, 27, 29, 32, 73, 75, 99] | acc=0.6200 | per_class={1: '0.71', 11: '0.57', 26: '0.47', 27: '0.50', 29: '0.59', 32: '0.50', 73: '0.68', 75: '0.86', 99: '0.66'}
[C2] n=750 | classes=[35, 36, 38, 42, 50, 64, 72, 77, 97, 98] | acc=0.4013 | per_class={35: '0.39', 36: '0.54', 38: '0.38', 42: '0.49', 50: '0.29', 64: '0.29', 72: '0.50', 77: '0.35', 97: '0.47', 98: '0.34'}
[C3] n=750 | classes=[4, 6, 7, 14, 21, 35, 38, 65, 80] | acc=0.4827 | per_class={4: '0.34', 6: '0.42', 7: '0.73', 14: '0.38', 21: '0.63', 35: '0.62', 38: '0.39', 65: '0.37', 80: '0.30'}
[C4] n=750 | classes=[19, 31, 42, 43, 63, 66, 72, 79, 91, 98] | acc=0.5173 | per_class={19: '0.49', 31: '0.41', 42: '0.50', 43: '0.53', 63: '0.49', 66: '0.38', 72: '0.54', 79: '0.51', 91: '0.69', 98: '0.67'}
[C5] n=750 | classes=[4, 15, 19, 34, 45, 63, 74, 91, 93, 95] | acc=0.4867 | per_class={4: '0.39', 15: '0.48', 19: '0.37', 34: '0.50', 45: '0.56', 63: '0.42', 74: '0.42', 91: '0.59', 93: '0.48', 95: '0.75'}
[C6] n=750 | classes=[11, 18, 21, 32, 44, 46, 78, 88, 97] | acc=0.4907 | per_class={11: '0.43', 18: '0.53', 21: '0.62', 32: '0.62', 44: '0.40', 46: '0.25', 78: '0.54', 88: '0.47', 97: '0.51'}
[C7] n=750 | classes=[24, 31, 36, 45, 46, 50, 67, 73, 74, 80] | acc=0.5133 | per_class={24: '0.79', 31: '0.62', 36: '0.63', 45: '0.45', 46: '0.46', 50: '0.25', 67: '0.45', 73: '0.63', 74: '0.43', 80: '0.47'}
[C8] n=750 | classes=[1, 14, 24, 26, 30, 65, 75, 88, 93, 95] | acc=0.5680 | per_class={1: '0.73', 14: '0.58', 24: '0.84', 26: '0.51', 30: '0.57', 65: '0.41', 75: '0.69', 88: '0.52', 93: '0.32', 95: '0.57'}
[C9] n=750 | classes=[2, 3, 15, 27, 55, 67, 77, 79] | acc=0.5547 | per_class={2: '0.72', 3: '0.61', 15: '0.45', 27: '0.61', 55: '0.24', 67: '0.66', 77: '0.32', 79: '0.52'}
[C10] n=750 | classes=[5, 9, 51, 54, 57, 84, 89, 92, 94] | acc=0.6040 | per_class={5: '0.47', 9: '0.57', 51: '0.64', 54: '0.54', 57: '0.66', 84: '0.38', 89: '0.74', 92: '0.55', 94: '0.77'}
[C11] n=750 | classes=[10, 12, 16, 17, 37, 40, 82, 87] | acc=0.6160 | per_class={10: '0.71', 12: '0.66', 16: '0.47', 17: '0.66', 37: '0.35', 40: '0.50', 82: '0.90', 87: '0.49'}
[C12] n=750 | classes=[17, 41, 47, 48, 54, 58, 69, 83, 96] | acc=0.7320 | per_class={17: '0.81', 41: '0.78', 47: '0.68', 48: '0.64', 54: '0.73', 58: '0.72', 69: '0.75', 83: '0.82', 96: '0.61'}
[C13] n=750 | classes=[8, 9, 20, 37, 39, 48, 59, 68, 86, 90] | acc=0.6347 | per_class={8: '0.63', 9: '0.65', 20: '0.78', 37: '0.46', 39: '0.63', 48: '0.60', 59: '0.74', 68: '0.85', 86: '0.55', 90: '0.45'}
[C14] n=750 | classes=[22, 33, 40, 49, 56, 62, 83, 85, 87] | acc=0.7040 | per_class={22: '0.53', 33: '0.71', 40: '0.58', 49: '0.92', 56: '0.85', 62: '0.87', 83: '0.54', 85: '0.74', 87: '0.48'}
[C15] n=750 | classes=[25, 28, 33, 39, 47, 53, 60, 81, 90, 94] | acc=0.6680 | per_class={25: '0.44', 28: '0.63', 33: '0.63', 39: '0.62', 47: '0.83', 53: '0.89', 60: '0.93', 81: '0.48', 90: '0.57', 94: '0.69'}
[C16] n=750 | classes=[20, 22, 28, 52, 53, 59, 70, 76, 82] | acc=0.7733 | per_class={20: '0.83', 22: '0.65', 28: '0.66', 52: '0.85', 53: '0.88', 59: '0.48', 70: '0.77', 76: '0.86', 82: '0.86'}
[C17] n=750 | classes=[49, 56, 58, 60, 61, 69, 71, 85] | acc=0.7533 | per_class={49: '0.63', 56: '0.78', 58: '0.64', 60: '0.70', 61: '0.94', 69: '0.70', 71: '0.78', 85: '0.67'}
[C18] n=750 | classes=[0, 5, 8, 16, 25, 76, 84, 86, 92, 96] | acc=0.6147 | per_class={0: '0.77', 5: '0.46', 8: '0.67', 16: '0.39', 25: '0.44', 76: '0.83', 84: '0.41', 86: '0.60', 92: '0.73', 96: '0.85'}
[C19] n=750 | classes=[0, 13, 23, 51, 68, 70, 81, 89] | acc=0.7053 | per_class={0: '0.85', 13: '0.64', 23: '0.84', 51: '0.70', 68: '0.86', 70: '0.72', 81: '0.34', 89: '0.65'}
  [Cloud] GM=0.1898 | EM=0.2711 PM=0.5951 | loss=5.5010 | time=117.7s | comm=719.6MB (total=10074MB)

[Round  15] Broadcasting to 2 edges...
  [Edge 0] W_n reset to global weights for new round.
  [Edge 1] W_n reset to global weights for new round.
  [Edge 0] G15 | E1 | Hier-pFedMe | Selected 10/10
  [Client  9] Received edge weights. Set local model to edge weights.
[C9] Test set: samples=750, class_dist={2: 167, 3: 151, 15: 78, 27: 67, 55: 68, 67: 71, 77: 66, 79: 82}
  [Client  2] Received edge weights. Set local model to edge weights.
[C2] Test set: samples=750, class_dist={35: 80, 36: 63, 38: 79, 42: 77, 50: 77, 64: 79, 72: 80, 77: 72, 97: 72, 98: 71}
  [Client  4] Received edge weights. Set local model to edge weights.
[C4] Test set: samples=750, class_dist={19: 72, 31: 69, 42: 76, 43: 75, 63: 80, 66: 80, 72: 74, 79: 81, 91: 77, 98: 66}
  [Client  8] Received edge weights. Set local model to edge weights.
[C8] Test set: samples=750, class_dist={1: 60, 14: 77, 24: 79, 26: 71, 30: 76, 65: 78, 75: 62, 88: 91, 93: 73, 95: 83}
  [Client  6] Received edge weights. Set local model to edge weights.
[C6] Test set: samples=750, class_dist={11: 70, 18: 85, 21: 73, 32: 89, 44: 80, 46: 73, 78: 127, 88: 85, 97: 68}
  [Client  1] Received edge weights. Set local model to edge weights.
[C1] Test set: samples=750, class_dist={1: 75, 11: 80, 26: 83, 27: 68, 29: 75, 32: 70, 73: 71, 75: 79, 99: 149}
  [Client  5] Received edge weights. Set local model to edge weights.
[C5] Test set: samples=750, class_dist={4: 76, 15: 79, 19: 73, 34: 66, 45: 81, 63: 90, 74: 77, 91: 69, 93: 86, 95: 53}
  [Client  7] Received edge weights. Set local model to edge weights.
[C7] Test set: samples=750, class_dist={24: 68, 31: 72, 36: 73, 45: 74, 46: 76, 50: 79, 67: 92, 73: 75, 74: 61, 80: 80}
  [Client  0] Received edge weights. Set local model to edge weights.
[C0] Test set: samples=750, class_dist={6: 83, 18: 67, 29: 71, 30: 73, 34: 78, 43: 77, 44: 71, 55: 71, 64: 82, 66: 77}
  [Client  3] Received edge weights. Set local model to edge weights.
[C3] Test set: samples=750, class_dist={4: 80, 6: 65, 7: 146, 14: 82, 21: 76, 35: 63, 38: 70, 65: 89, 80: 79}
  [Client  9] Starting Hier-pFedMe | λ2=35.0, η2=0.02, inner_steps=1, epochs=5, batches/epoch=141
  [Client  4] Starting Hier-pFedMe | λ2=35.0, η2=0.02, inner_steps=1, epochs=5, batches/epoch=141
  [Client  2] Starting Hier-pFedMe | λ2=35.0, η2=0.02, inner_steps=1, epochs=5, batches/epoch=141  [Client  8] Starting Hier-pFedMe | λ2=35.0, η2=0.02, inner_steps=1, epochs=5, batches/epoch=141

  [Client  2] Round 15 | Hier-pFedMe(λ2=35.0, K=1) | loss=0.0728
  [Client  6] Starting Hier-pFedMe | λ2=35.0, η2=0.02, inner_steps=1, epochs=5, batches/epoch=141
  [Client  9] Round 15 | Hier-pFedMe(λ2=35.0, K=1) | loss=0.0568
  [Client  1] Starting Hier-pFedMe | λ2=35.0, η2=0.02, inner_steps=1, epochs=5, batches/epoch=141
  [Client  8] Round 15 | Hier-pFedMe(λ2=35.0, K=1) | loss=0.0610
  [Client  5] Starting Hier-pFedMe | λ2=35.0, η2=0.02, inner_steps=1, epochs=5, batches/epoch=141
  [Client  4] Round 15 | Hier-pFedMe(λ2=35.0, K=1) | loss=0.0741
  [Client  7] Starting Hier-pFedMe | λ2=35.0, η2=0.02, inner_steps=1, epochs=5, batches/epoch=141
  [Client  1] Round 15 | Hier-pFedMe(λ2=35.0, K=1) | loss=0.0701
  [Client  0] Starting Hier-pFedMe | λ2=35.0, η2=0.02, inner_steps=1, epochs=5, batches/epoch=141
  [Client  5] Round 15 | Hier-pFedMe(λ2=35.0, K=1) | loss=0.0739
  [Client  3] Starting Hier-pFedMe | λ2=35.0, η2=0.02, inner_steps=1, epochs=5, batches/epoch=141
  [Client  6] Round 15 | Hier-pFedMe(λ2=35.0, K=1) | loss=0.0607
  [Client  7] Round 15 | Hier-pFedMe(λ2=35.0, K=1) | loss=0.0732
  [Client  0] Round 15 | Hier-pFedMe(λ2=35.0, K=1) | loss=0.0839
  [Client  3] Round 15 | Hier-pFedMe(λ2=35.0, K=1) | loss=0.0850
  [Edge 0] G15 | E1 | loss=0.0711
  [Edge 0] G15 | E2 | Hier-pFedMe | Selected 10/10
  [Client  8] Received edge weights. Set local model to edge weights.
[C8] Test set: samples=750, class_dist={1: 60, 14: 77, 24: 79, 26: 71, 30: 76, 65: 78, 75: 62, 88: 91, 93: 73, 95: 83}
  [Client  4] Received edge weights. Set local model to edge weights.
[C4] Test set: samples=750, class_dist={19: 72, 31: 69, 42: 76, 43: 75, 63: 80, 66: 80, 72: 74, 79: 81, 91: 77, 98: 66}
  [Client  9] Received edge weights. Set local model to edge weights.
[C9] Test set: samples=750, class_dist={2: 167, 3: 151, 15: 78, 27: 67, 55: 68, 67: 71, 77: 66, 79: 82}
  [Client  6] Received edge weights. Set local model to edge weights.
[C6] Test set: samples=750, class_dist={11: 70, 18: 85, 21: 73, 32: 89, 44: 80, 46: 73, 78: 127, 88: 85, 97: 68}
  [Client  7] Received edge weights. Set local model to edge weights.
[C7] Test set: samples=750, class_dist={24: 68, 31: 72, 36: 73, 45: 74, 46: 76, 50: 79, 67: 92, 73: 75, 74: 61, 80: 80}
  [Client  2] Received edge weights. Set local model to edge weights.
[C2] Test set: samples=750, class_dist={35: 80, 36: 63, 38: 79, 42: 77, 50: 77, 64: 79, 72: 80, 77: 72, 97: 72, 98: 71}
  [Client  3] Received edge weights. Set local model to edge weights.
[C3] Test set: samples=750, class_dist={4: 80, 6: 65, 7: 146, 14: 82, 21: 76, 35: 63, 38: 70, 65: 89, 80: 79}
  [Client  5] Received edge weights. Set local model to edge weights.
[C5] Test set: samples=750, class_dist={4: 76, 15: 79, 19: 73, 34: 66, 45: 81, 63: 90, 74: 77, 91: 69, 93: 86, 95: 53}
  [Client  1] Received edge weights. Set local model to edge weights.
[C1] Test set: samples=750, class_dist={1: 75, 11: 80, 26: 83, 27: 68, 29: 75, 32: 70, 73: 71, 75: 79, 99: 149}
  [Client  0] Received edge weights. Set local model to edge weights.
[C0] Test set: samples=750, class_dist={6: 83, 18: 67, 29: 71, 30: 73, 34: 78, 43: 77, 44: 71, 55: 71, 64: 82, 66: 77}
  [Client  8] Starting Hier-pFedMe | λ2=35.0, η2=0.02, inner_steps=1, epochs=5, batches/epoch=141  [Client  4] Starting Hier-pFedMe | λ2=35.0, η2=0.02, inner_steps=1, epochs=5, batches/epoch=141

  [Client  9] Starting Hier-pFedMe | λ2=35.0, η2=0.02, inner_steps=1, epochs=5, batches/epoch=141
  [Client  6] Starting Hier-pFedMe | λ2=35.0, η2=0.02, inner_steps=1, epochs=5, batches/epoch=141
  [Client  6] Round 15 | Hier-pFedMe(λ2=35.0, K=1) | loss=0.0227
  [Client  7] Starting Hier-pFedMe | λ2=35.0, η2=0.02, inner_steps=1, epochs=5, batches/epoch=141
  [Client  8] Round 15 | Hier-pFedMe(λ2=35.0, K=1) | loss=0.0272
  [Client  2] Starting Hier-pFedMe | λ2=35.0, η2=0.02, inner_steps=1, epochs=5, batches/epoch=141
  [Client  4] Round 15 | Hier-pFedMe(λ2=35.0, K=1) | loss=0.0226
  [Client  3] Starting Hier-pFedMe | λ2=35.0, η2=0.02, inner_steps=1, epochs=5, batches/epoch=141
  [Client  9] Round 15 | Hier-pFedMe(λ2=35.0, K=1) | loss=0.0258
  [Client  5] Starting Hier-pFedMe | λ2=35.0, η2=0.02, inner_steps=1, epochs=5, batches/epoch=141
  [Client  7] Round 15 | Hier-pFedMe(λ2=35.0, K=1) | loss=0.0320
  [Client  1] Starting Hier-pFedMe | λ2=35.0, η2=0.02, inner_steps=1, epochs=5, batches/epoch=141
  [Client  5] Round 15 | Hier-pFedMe(λ2=35.0, K=1) | loss=0.0258
  [Client  0] Starting Hier-pFedMe | λ2=35.0, η2=0.02, inner_steps=1, epochs=5, batches/epoch=141
  [Client  3] Round 15 | Hier-pFedMe(λ2=35.0, K=1) | loss=0.0345
  [Client  2] Round 15 | Hier-pFedMe(λ2=35.0, K=1) | loss=0.0329
  [Client  0] Round 15 | Hier-pFedMe(λ2=35.0, K=1) | loss=0.0374
  [Client  1] Round 15 | Hier-pFedMe(λ2=35.0, K=1) | loss=0.0233
  [Edge 0] G15 | E2 | loss=0.0284
  [Edge 0] G15 | E3 | Hier-pFedMe | Selected 10/10
  [Client  0] Received edge weights. Set local model to edge weights.
[C0] Test set: samples=750, class_dist={6: 83, 18: 67, 29: 71, 30: 73, 34: 78, 43: 77, 44: 71, 55: 71, 64: 82, 66: 77}
  [Client  1] Received edge weights. Set local model to edge weights.
[C1] Test set: samples=750, class_dist={1: 75, 11: 80, 26: 83, 27: 68, 29: 75, 32: 70, 73: 71, 75: 79, 99: 149}
  [Client  4] Received edge weights. Set local model to edge weights.
[C4] Test set: samples=750, class_dist={19: 72, 31: 69, 42: 76, 43: 75, 63: 80, 66: 80, 72: 74, 79: 81, 91: 77, 98: 66}
  [Client  3] Received edge weights. Set local model to edge weights.
[C3] Test set: samples=750, class_dist={4: 80, 6: 65, 7: 146, 14: 82, 21: 76, 35: 63, 38: 70, 65: 89, 80: 79}
  [Client  2] Received edge weights. Set local model to edge weights.
[C2] Test set: samples=750, class_dist={35: 80, 36: 63, 38: 79, 42: 77, 50: 77, 64: 79, 72: 80, 77: 72, 97: 72, 98: 71}
  [Client  8] Received edge weights. Set local model to edge weights.
[C8] Test set: samples=750, class_dist={1: 60, 14: 77, 24: 79, 26: 71, 30: 76, 65: 78, 75: 62, 88: 91, 93: 73, 95: 83}
  [Client  5] Received edge weights. Set local model to edge weights.
[C5] Test set: samples=750, class_dist={4: 76, 15: 79, 19: 73, 34: 66, 45: 81, 63: 90, 74: 77, 91: 69, 93: 86, 95: 53}
  [Client  9] Received edge weights. Set local model to edge weights.
[C9] Test set: samples=750, class_dist={2: 167, 3: 151, 15: 78, 27: 67, 55: 68, 67: 71, 77: 66, 79: 82}
  [Client  6] Received edge weights. Set local model to edge weights.
[C6] Test set: samples=750, class_dist={11: 70, 18: 85, 21: 73, 32: 89, 44: 80, 46: 73, 78: 127, 88: 85, 97: 68}
  [Client  7] Received edge weights. Set local model to edge weights.
[C7] Test set: samples=750, class_dist={24: 68, 31: 72, 36: 73, 45: 74, 46: 76, 50: 79, 67: 92, 73: 75, 74: 61, 80: 80}
  [Client  0] Starting Hier-pFedMe | λ2=35.0, η2=0.02, inner_steps=1, epochs=5, batches/epoch=141  [Client  1] Starting Hier-pFedMe | λ2=35.0, η2=0.02, inner_steps=1, epochs=5, batches/epoch=141

  [Client  4] Starting Hier-pFedMe | λ2=35.0, η2=0.02, inner_steps=1, epochs=5, batches/epoch=141
  [Client  3] Starting Hier-pFedMe | λ2=35.0, η2=0.02, inner_steps=1, epochs=5, batches/epoch=141
  [Client  4] Round 15 | Hier-pFedMe(λ2=35.0, K=1) | loss=0.0357
  [Client  2] Starting Hier-pFedMe | λ2=35.0, η2=0.02, inner_steps=1, epochs=5, batches/epoch=141
  [Client  1] Round 15 | Hier-pFedMe(λ2=35.0, K=1) | loss=0.0391
  [Client  8] Starting Hier-pFedMe | λ2=35.0, η2=0.02, inner_steps=1, epochs=5, batches/epoch=141
  [Client  0] Round 15 | Hier-pFedMe(λ2=35.0, K=1) | loss=0.0313
  [Client  5] Starting Hier-pFedMe | λ2=35.0, η2=0.02, inner_steps=1, epochs=5, batches/epoch=141
  [Client  3] Round 15 | Hier-pFedMe(λ2=35.0, K=1) | loss=0.0409
  [Client  9] Starting Hier-pFedMe | λ2=35.0, η2=0.02, inner_steps=1, epochs=5, batches/epoch=141
  [Client  2] Round 15 | Hier-pFedMe(λ2=35.0, K=1) | loss=0.0505
  [Client  6] Starting Hier-pFedMe | λ2=35.0, η2=0.02, inner_steps=1, epochs=5, batches/epoch=141  [Client  5] Round 15 | Hier-pFedMe(λ2=35.0, K=1) | loss=0.0384

  [Client  9] Round 15 | Hier-pFedMe(λ2=35.0, K=1) | loss=0.0286  [Client  7] Starting Hier-pFedMe | λ2=35.0, η2=0.02, inner_steps=1, epochs=5, batches/epoch=141
  [Client  8] Round 15 | Hier-pFedMe(λ2=35.0, K=1) | loss=0.0305

  [Client  6] Round 15 | Hier-pFedMe(λ2=35.0, K=1) | loss=0.0323
  [Client  7] Round 15 | Hier-pFedMe(λ2=35.0, K=1) | loss=0.0371
  [Edge 0] G15 | E3 | loss=0.0364
  [Edge 0] G15 | E4 | Hier-pFedMe | Selected 10/10
  [Client  0] Received edge weights. Set local model to edge weights.
[C0] Test set: samples=750, class_dist={6: 83, 18: 67, 29: 71, 30: 73, 34: 78, 43: 77, 44: 71, 55: 71, 64: 82, 66: 77}
  [Client  2] Received edge weights. Set local model to edge weights.
[C2] Test set: samples=750, class_dist={35: 80, 36: 63, 38: 79, 42: 77, 50: 77, 64: 79, 72: 80, 77: 72, 97: 72, 98: 71}
  [Client  1] Received edge weights. Set local model to edge weights.
[C1] Test set: samples=750, class_dist={1: 75, 11: 80, 26: 83, 27: 68, 29: 75, 32: 70, 73: 71, 75: 79, 99: 149}
  [Client  6] Received edge weights. Set local model to edge weights.
[C6] Test set: samples=750, class_dist={11: 70, 18: 85, 21: 73, 32: 89, 44: 80, 46: 73, 78: 127, 88: 85, 97: 68}
  [Client  5] Received edge weights. Set local model to edge weights.
[C5] Test set: samples=750, class_dist={4: 76, 15: 79, 19: 73, 34: 66, 45: 81, 63: 90, 74: 77, 91: 69, 93: 86, 95: 53}
  [Client  4] Received edge weights. Set local model to edge weights.
[C4] Test set: samples=750, class_dist={19: 72, 31: 69, 42: 76, 43: 75, 63: 80, 66: 80, 72: 74, 79: 81, 91: 77, 98: 66}
  [Client  8] Received edge weights. Set local model to edge weights.
[C8] Test set: samples=750, class_dist={1: 60, 14: 77, 24: 79, 26: 71, 30: 76, 65: 78, 75: 62, 88: 91, 93: 73, 95: 83}
  [Client  9] Received edge weights. Set local model to edge weights.
[C9] Test set: samples=750, class_dist={2: 167, 3: 151, 15: 78, 27: 67, 55: 68, 67: 71, 77: 66, 79: 82}
  [Client  3] Received edge weights. Set local model to edge weights.
[C3] Test set: samples=750, class_dist={4: 80, 6: 65, 7: 146, 14: 82, 21: 76, 35: 63, 38: 70, 65: 89, 80: 79}
  [Client  7] Received edge weights. Set local model to edge weights.
[C7] Test set: samples=750, class_dist={24: 68, 31: 72, 36: 73, 45: 74, 46: 76, 50: 79, 67: 92, 73: 75, 74: 61, 80: 80}
  [Client  0] Starting Hier-pFedMe | λ2=35.0, η2=0.02, inner_steps=1, epochs=5, batches/epoch=141
  [Client  1] Starting Hier-pFedMe | λ2=35.0, η2=0.02, inner_steps=1, epochs=5, batches/epoch=141  [Client  2] Starting Hier-pFedMe | λ2=35.0, η2=0.02, inner_steps=1, epochs=5, batches/epoch=141  [Client  6] Starting Hier-pFedMe | λ2=35.0, η2=0.02, inner_steps=1, epochs=5, batches/epoch=141


  [Client  2] Round 15 | Hier-pFedMe(λ2=35.0, K=1) | loss=0.0280
  [Client  6] Round 15 | Hier-pFedMe(λ2=35.0, K=1) | loss=0.0191  [Client  5] Starting Hier-pFedMe | λ2=35.0, η2=0.02, inner_steps=1, epochs=5, batches/epoch=141

  [Client  0] Round 15 | Hier-pFedMe(λ2=35.0, K=1) | loss=0.0244  [Client  4] Starting Hier-pFedMe | λ2=35.0, η2=0.02, inner_steps=1, epochs=5, batches/epoch=141

  [Client  8] Starting Hier-pFedMe | λ2=35.0, η2=0.02, inner_steps=1, epochs=5, batches/epoch=141
  [Client  1] Round 15 | Hier-pFedMe(λ2=35.0, K=1) | loss=0.0256
  [Client  9] Starting Hier-pFedMe | λ2=35.0, η2=0.02, inner_steps=1, epochs=5, batches/epoch=141
  [Client  8] Round 15 | Hier-pFedMe(λ2=35.0, K=1) | loss=0.0174  [Client  4] Round 15 | Hier-pFedMe(λ2=35.0, K=1) | loss=0.0299

  [Client  5] Round 15 | Hier-pFedMe(λ2=35.0, K=1) | loss=0.0188  [Client  3] Starting Hier-pFedMe | λ2=35.0, η2=0.02, inner_steps=1, epochs=5, batches/epoch=141
  [Client  7] Starting Hier-pFedMe | λ2=35.0, η2=0.02, inner_steps=1, epochs=5, batches/epoch=141
  [Client  9] Round 15 | Hier-pFedMe(λ2=35.0, K=1) | loss=0.0241

  [Client  3] Round 15 | Hier-pFedMe(λ2=35.0, K=1) | loss=0.0252  [Client  7] Round 15 | Hier-pFedMe(λ2=35.0, K=1) | loss=0.0256

  [Edge 0] G15 | E4 | loss=0.0238
  [Edge 0] G15 | E5 | Hier-pFedMe | Selected 10/10
  [Client  8] Received edge weights. Set local model to edge weights.
[C8] Test set: samples=750, class_dist={1: 60, 14: 77, 24: 79, 26: 71, 30: 76, 65: 78, 75: 62, 88: 91, 93: 73, 95: 83}
  [Client  4] Received edge weights. Set local model to edge weights.
[C4] Test set: samples=750, class_dist={19: 72, 31: 69, 42: 76, 43: 75, 63: 80, 66: 80, 72: 74, 79: 81, 91: 77, 98: 66}
  [Client  7] Received edge weights. Set local model to edge weights.
[C7] Test set: samples=750, class_dist={24: 68, 31: 72, 36: 73, 45: 74, 46: 76, 50: 79, 67: 92, 73: 75, 74: 61, 80: 80}
  [Client  1] Received edge weights. Set local model to edge weights.
[C1] Test set: samples=750, class_dist={1: 75, 11: 80, 26: 83, 27: 68, 29: 75, 32: 70, 73: 71, 75: 79, 99: 149}
  [Client  6] Received edge weights. Set local model to edge weights.
[C6] Test set: samples=750, class_dist={11: 70, 18: 85, 21: 73, 32: 89, 44: 80, 46: 73, 78: 127, 88: 85, 97: 68}
  [Client  2] Received edge weights. Set local model to edge weights.
[C2] Test set: samples=750, class_dist={35: 80, 36: 63, 38: 79, 42: 77, 50: 77, 64: 79, 72: 80, 77: 72, 97: 72, 98: 71}
  [Client  5] Received edge weights. Set local model to edge weights.
[C5] Test set: samples=750, class_dist={4: 76, 15: 79, 19: 73, 34: 66, 45: 81, 63: 90, 74: 77, 91: 69, 93: 86, 95: 53}
  [Client  0] Received edge weights. Set local model to edge weights.
[C0] Test set: samples=750, class_dist={6: 83, 18: 67, 29: 71, 30: 73, 34: 78, 43: 77, 44: 71, 55: 71, 64: 82, 66: 77}
  [Client  9] Received edge weights. Set local model to edge weights.
[C9] Test set: samples=750, class_dist={2: 167, 3: 151, 15: 78, 27: 67, 55: 68, 67: 71, 77: 66, 79: 82}
  [Client  3] Received edge weights. Set local model to edge weights.
[C3] Test set: samples=750, class_dist={4: 80, 6: 65, 7: 146, 14: 82, 21: 76, 35: 63, 38: 70, 65: 89, 80: 79}
  [Client  8] Starting Hier-pFedMe | λ2=35.0, η2=0.02, inner_steps=1, epochs=5, batches/epoch=141  [Client  7] Starting Hier-pFedMe | λ2=35.0, η2=0.02, inner_steps=1, epochs=5, batches/epoch=141  [Client  4] Starting Hier-pFedMe | λ2=35.0, η2=0.02, inner_steps=1, epochs=5, batches/epoch=141
  [Client  1] Starting Hier-pFedMe | λ2=35.0, η2=0.02, inner_steps=1, epochs=5, batches/epoch=141


  [Client  7] Round 15 | Hier-pFedMe(λ2=35.0, K=1) | loss=0.0359
  [Client  6] Starting Hier-pFedMe | λ2=35.0, η2=0.02, inner_steps=1, epochs=5, batches/epoch=141
  [Client  4] Round 15 | Hier-pFedMe(λ2=35.0, K=1) | loss=0.0284  [Client  8] Round 15 | Hier-pFedMe(λ2=35.0, K=1) | loss=0.0311

  [Client  2] Starting Hier-pFedMe | λ2=35.0, η2=0.02, inner_steps=1, epochs=5, batches/epoch=141  [Client  5] Starting Hier-pFedMe | λ2=35.0, η2=0.02, inner_steps=1, epochs=5, batches/epoch=141
  [Client  1] Round 15 | Hier-pFedMe(λ2=35.0, K=1) | loss=0.0352

  [Client  0] Starting Hier-pFedMe | λ2=35.0, η2=0.02, inner_steps=1, epochs=5, batches/epoch=141
  [Client  6] Round 15 | Hier-pFedMe(λ2=35.0, K=1) | loss=0.0200
  [Client  9] Starting Hier-pFedMe | λ2=35.0, η2=0.02, inner_steps=1, epochs=5, batches/epoch=141
  [Client  5] Round 15 | Hier-pFedMe(λ2=35.0, K=1) | loss=0.0233
  [Client  3] Starting Hier-pFedMe | λ2=35.0, η2=0.02, inner_steps=1, epochs=5, batches/epoch=141
  [Client  2] Round 15 | Hier-pFedMe(λ2=35.0, K=1) | loss=0.0215
  [Client  0] Round 15 | Hier-pFedMe(λ2=35.0, K=1) | loss=0.0348
  [Client  9] Round 15 | Hier-pFedMe(λ2=35.0, K=1) | loss=0.0338
  [Client  3] Round 15 | Hier-pFedMe(λ2=35.0, K=1) | loss=0.0252
  [Edge 0] G15 | E5 | loss=0.0289
  [Edge 1] G15 | E1 | Hier-pFedMe | Selected 10/10
  [Client 12] Received edge weights. Set local model to edge weights.
[C12] Test set: samples=750, class_dist={17: 72, 41: 154, 47: 72, 48: 78, 54: 85, 58: 68, 69: 83, 83: 72, 96: 66}
  [Client 15] Received edge weights. Set local model to edge weights.
[C15] Test set: samples=750, class_dist={25: 79, 28: 75, 33: 65, 39: 81, 47: 75, 53: 72, 60: 73, 81: 75, 90: 77, 94: 78}
  [Client 13] Received edge weights. Set local model to edge weights.
[C13] Test set: samples=750, class_dist={8: 68, 9: 75, 20: 73, 37: 78, 39: 76, 48: 73, 59: 78, 68: 74, 86: 80, 90: 75}
  [Client 10] Received edge weights. Set local model to edge weights.
[C10] Test set: samples=750, class_dist={5: 74, 9: 72, 51: 87, 54: 76, 57: 149, 84: 72, 89: 78, 92: 60, 94: 82}
  [Client 14] Received edge weights. Set local model to edge weights.
[C14] Test set: samples=750, class_dist={22: 68, 33: 80, 40: 81, 49: 71, 56: 79, 62: 143, 83: 80, 85: 69, 87: 79}
  [Client 11] Received edge weights. Set local model to edge weights.
[C11] Test set: samples=750, class_dist={10: 175, 12: 136, 16: 85, 17: 77, 37: 65, 40: 70, 82: 70, 87: 72}
  [Client 18] Received edge weights. Set local model to edge weights.
[C18] Test set: samples=750, class_dist={0: 71, 5: 79, 8: 79, 16: 71, 25: 72, 76: 70, 84: 81, 86: 67, 92: 81, 96: 79}
  [Client 16] Received edge weights. Set local model to edge weights.
[C16] Test set: samples=750, class_dist={20: 75, 22: 88, 28: 62, 52: 153, 53: 84, 59: 67, 70: 71, 76: 65, 82: 85}
  [Client 17] Received edge weights. Set local model to edge weights.
[C17] Test set: samples=750, class_dist={49: 73, 56: 69, 58: 67, 60: 82, 61: 143, 69: 96, 71: 151, 85: 69}
  [Client 19] Received edge weights. Set local model to edge weights.
[C19] Test set: samples=750, class_dist={0: 66, 13: 168, 23: 137, 51: 86, 68: 65, 70: 82, 81: 64, 89: 82}
  [Client 12] Starting Hier-pFedMe | λ2=35.0, η2=0.02, inner_steps=1, epochs=5, batches/epoch=141  [Client 15] Starting Hier-pFedMe | λ2=35.0, η2=0.02, inner_steps=1, epochs=5, batches/epoch=141  [Client 13] Starting Hier-pFedMe | λ2=35.0, η2=0.02, inner_steps=1, epochs=5, batches/epoch=141
  [Client 10] Starting Hier-pFedMe | λ2=35.0, η2=0.02, inner_steps=1, epochs=5, batches/epoch=141


  [Client 10] Round 15 | Hier-pFedMe(λ2=35.0, K=1) | loss=0.0918
  [Client 15] Round 15 | Hier-pFedMe(λ2=35.0, K=1) | loss=0.0712  [Client 14] Starting Hier-pFedMe | λ2=35.0, η2=0.02, inner_steps=1, epochs=5, batches/epoch=141

  [Client 11] Starting Hier-pFedMe | λ2=35.0, η2=0.02, inner_steps=1, epochs=5, batches/epoch=141
  [Client 12] Round 15 | Hier-pFedMe(λ2=35.0, K=1) | loss=0.0753
  [Client 18] Starting Hier-pFedMe | λ2=35.0, η2=0.02, inner_steps=1, epochs=5, batches/epoch=141
  [Client 13] Round 15 | Hier-pFedMe(λ2=35.0, K=1) | loss=0.0693
  [Client 16] Starting Hier-pFedMe | λ2=35.0, η2=0.02, inner_steps=1, epochs=5, batches/epoch=141
  [Client 11] Round 15 | Hier-pFedMe(λ2=35.0, K=1) | loss=0.0774
  [Client 17] Starting Hier-pFedMe | λ2=35.0, η2=0.02, inner_steps=1, epochs=5, batches/epoch=141
  [Client 14] Round 15 | Hier-pFedMe(λ2=35.0, K=1) | loss=0.0787
  [Client 19] Starting Hier-pFedMe | λ2=35.0, η2=0.02, inner_steps=1, epochs=5, batches/epoch=141
  [Client 18] Round 15 | Hier-pFedMe(λ2=35.0, K=1) | loss=0.0719
  [Client 16] Round 15 | Hier-pFedMe(λ2=35.0, K=1) | loss=0.0609
  [Client 17] Round 15 | Hier-pFedMe(λ2=35.0, K=1) | loss=0.0684
  [Client 19] Round 15 | Hier-pFedMe(λ2=35.0, K=1) | loss=0.0751
  [Edge 1] G15 | E1 | loss=0.0740
  [Edge 1] G15 | E2 | Hier-pFedMe | Selected 10/10
  [Client 12] Received edge weights. Set local model to edge weights.
[C12] Test set: samples=750, class_dist={17: 72, 41: 154, 47: 72, 48: 78, 54: 85, 58: 68, 69: 83, 83: 72, 96: 66}
  [Client 16] Received edge weights. Set local model to edge weights.
[C16] Test set: samples=750, class_dist={20: 75, 22: 88, 28: 62, 52: 153, 53: 84, 59: 67, 70: 71, 76: 65, 82: 85}
  [Client 11] Received edge weights. Set local model to edge weights.
[C11] Test set: samples=750, class_dist={10: 175, 12: 136, 16: 85, 17: 77, 37: 65, 40: 70, 82: 70, 87: 72}
  [Client 17] Received edge weights. Set local model to edge weights.
[C17] Test set: samples=750, class_dist={49: 73, 56: 69, 58: 67, 60: 82, 61: 143, 69: 96, 71: 151, 85: 69}
  [Client 18] Received edge weights. Set local model to edge weights.
[C18] Test set: samples=750, class_dist={0: 71, 5: 79, 8: 79, 16: 71, 25: 72, 76: 70, 84: 81, 86: 67, 92: 81, 96: 79}
  [Client 14] Received edge weights. Set local model to edge weights.
[C14] Test set: samples=750, class_dist={22: 68, 33: 80, 40: 81, 49: 71, 56: 79, 62: 143, 83: 80, 85: 69, 87: 79}
  [Client 15] Received edge weights. Set local model to edge weights.
[C15] Test set: samples=750, class_dist={25: 79, 28: 75, 33: 65, 39: 81, 47: 75, 53: 72, 60: 73, 81: 75, 90: 77, 94: 78}
  [Client 13] Received edge weights. Set local model to edge weights.
[C13] Test set: samples=750, class_dist={8: 68, 9: 75, 20: 73, 37: 78, 39: 76, 48: 73, 59: 78, 68: 74, 86: 80, 90: 75}
  [Client 10] Received edge weights. Set local model to edge weights.
[C10] Test set: samples=750, class_dist={5: 74, 9: 72, 51: 87, 54: 76, 57: 149, 84: 72, 89: 78, 92: 60, 94: 82}
  [Client 19] Received edge weights. Set local model to edge weights.
[C19] Test set: samples=750, class_dist={0: 66, 13: 168, 23: 137, 51: 86, 68: 65, 70: 82, 81: 64, 89: 82}
  [Client 12] Starting Hier-pFedMe | λ2=35.0, η2=0.02, inner_steps=1, epochs=5, batches/epoch=141  [Client 16] Starting Hier-pFedMe | λ2=35.0, η2=0.02, inner_steps=1, epochs=5, batches/epoch=141
  [Client 17] Starting Hier-pFedMe | λ2=35.0, η2=0.02, inner_steps=1, epochs=5, batches/epoch=141  [Client 11] Starting Hier-pFedMe | λ2=35.0, η2=0.02, inner_steps=1, epochs=5, batches/epoch=141


  [Client 17] Round 15 | Hier-pFedMe(λ2=35.0, K=1) | loss=0.0286  [Client 12] Round 15 | Hier-pFedMe(λ2=35.0, K=1) | loss=0.0175  [Client 11] Round 15 | Hier-pFedMe(λ2=35.0, K=1) | loss=0.0209


  [Client 18] Starting Hier-pFedMe | λ2=35.0, η2=0.02, inner_steps=1, epochs=5, batches/epoch=141  [Client 16] Round 15 | Hier-pFedMe(λ2=35.0, K=1) | loss=0.0182  [Client 14] Starting Hier-pFedMe | λ2=35.0, η2=0.02, inner_steps=1, epochs=5, batches/epoch=141  [Client 15] Starting Hier-pFedMe | λ2=35.0, η2=0.02, inner_steps=1, epochs=5, batches/epoch=141



  [Client 13] Starting Hier-pFedMe | λ2=35.0, η2=0.02, inner_steps=1, epochs=5, batches/epoch=141
  [Client 15] Round 15 | Hier-pFedMe(λ2=35.0, K=1) | loss=0.0260  [Client 18] Round 15 | Hier-pFedMe(λ2=35.0, K=1) | loss=0.0210

  [Client 10] Starting Hier-pFedMe | λ2=35.0, η2=0.02, inner_steps=1, epochs=5, batches/epoch=141  [Client 19] Starting Hier-pFedMe | λ2=35.0, η2=0.02, inner_steps=1, epochs=5, batches/epoch=141

  [Client 13] Round 15 | Hier-pFedMe(λ2=35.0, K=1) | loss=0.0271
  [Client 14] Round 15 | Hier-pFedMe(λ2=35.0, K=1) | loss=0.0230
  [Client 10] Round 15 | Hier-pFedMe(λ2=35.0, K=1) | loss=0.0174
  [Client 19] Round 15 | Hier-pFedMe(λ2=35.0, K=1) | loss=0.0173
  [Edge 1] G15 | E2 | loss=0.0217
  [Edge 1] G15 | E3 | Hier-pFedMe | Selected 10/10
  [Client 18] Received edge weights. Set local model to edge weights.
[C18] Test set: samples=750, class_dist={0: 71, 5: 79, 8: 79, 16: 71, 25: 72, 76: 70, 84: 81, 86: 67, 92: 81, 96: 79}
  [Client 10] Received edge weights. Set local model to edge weights.
[C10] Test set: samples=750, class_dist={5: 74, 9: 72, 51: 87, 54: 76, 57: 149, 84: 72, 89: 78, 92: 60, 94: 82}
  [Client 19] Received edge weights. Set local model to edge weights.
[C19] Test set: samples=750, class_dist={0: 66, 13: 168, 23: 137, 51: 86, 68: 65, 70: 82, 81: 64, 89: 82}
  [Client 16] Received edge weights. Set local model to edge weights.
[C16] Test set: samples=750, class_dist={20: 75, 22: 88, 28: 62, 52: 153, 53: 84, 59: 67, 70: 71, 76: 65, 82: 85}
  [Client 15] Received edge weights. Set local model to edge weights.
[C15] Test set: samples=750, class_dist={25: 79, 28: 75, 33: 65, 39: 81, 47: 75, 53: 72, 60: 73, 81: 75, 90: 77, 94: 78}
  [Client 13] Received edge weights. Set local model to edge weights.
[C13] Test set: samples=750, class_dist={8: 68, 9: 75, 20: 73, 37: 78, 39: 76, 48: 73, 59: 78, 68: 74, 86: 80, 90: 75}
  [Client 14] Received edge weights. Set local model to edge weights.
[C14] Test set: samples=750, class_dist={22: 68, 33: 80, 40: 81, 49: 71, 56: 79, 62: 143, 83: 80, 85: 69, 87: 79}
  [Client 17] Received edge weights. Set local model to edge weights.
[C17] Test set: samples=750, class_dist={49: 73, 56: 69, 58: 67, 60: 82, 61: 143, 69: 96, 71: 151, 85: 69}
  [Client 11] Received edge weights. Set local model to edge weights.
[C11] Test set: samples=750, class_dist={10: 175, 12: 136, 16: 85, 17: 77, 37: 65, 40: 70, 82: 70, 87: 72}
  [Client 12] Received edge weights. Set local model to edge weights.
[C12] Test set: samples=750, class_dist={17: 72, 41: 154, 47: 72, 48: 78, 54: 85, 58: 68, 69: 83, 83: 72, 96: 66}
  [Client 18] Starting Hier-pFedMe | λ2=35.0, η2=0.02, inner_steps=1, epochs=5, batches/epoch=141  [Client 10] Starting Hier-pFedMe | λ2=35.0, η2=0.02, inner_steps=1, epochs=5, batches/epoch=141  [Client 19] Starting Hier-pFedMe | λ2=35.0, η2=0.02, inner_steps=1, epochs=5, batches/epoch=141  [Client 16] Starting Hier-pFedMe | λ2=35.0, η2=0.02, inner_steps=1, epochs=5, batches/epoch=141



  [Client 16] Round 15 | Hier-pFedMe(λ2=35.0, K=1) | loss=0.0313  [Client 10] Round 15 | Hier-pFedMe(λ2=35.0, K=1) | loss=0.0276

  [Client 18] Round 15 | Hier-pFedMe(λ2=35.0, K=1) | loss=0.0288
  [Client 15] Starting Hier-pFedMe | λ2=35.0, η2=0.02, inner_steps=1, epochs=5, batches/epoch=141
  [Client 13] Starting Hier-pFedMe | λ2=35.0, η2=0.02, inner_steps=1, epochs=5, batches/epoch=141  [Client 19] Round 15 | Hier-pFedMe(λ2=35.0, K=1) | loss=0.0195  [Client 14] Starting Hier-pFedMe | λ2=35.0, η2=0.02, inner_steps=1, epochs=5, batches/epoch=141


  [Client 17] Starting Hier-pFedMe | λ2=35.0, η2=0.02, inner_steps=1, epochs=5, batches/epoch=141
  [Client 15] Round 15 | Hier-pFedMe(λ2=35.0, K=1) | loss=0.0236
  [Client 11] Starting Hier-pFedMe | λ2=35.0, η2=0.02, inner_steps=1, epochs=5, batches/epoch=141
  [Client 17] Round 15 | Hier-pFedMe(λ2=35.0, K=1) | loss=0.0301
  [Client 13] Round 15 | Hier-pFedMe(λ2=35.0, K=1) | loss=0.0307  [Client 12] Starting Hier-pFedMe | λ2=35.0, η2=0.02, inner_steps=1, epochs=5, batches/epoch=141

  [Client 14] Round 15 | Hier-pFedMe(λ2=35.0, K=1) | loss=0.0200
  [Client 11] Round 15 | Hier-pFedMe(λ2=35.0, K=1) | loss=0.0339
  [Client 12] Round 15 | Hier-pFedMe(λ2=35.0, K=1) | loss=0.0207
  [Edge 1] G15 | E3 | loss=0.0266
  [Edge 1] G15 | E4 | Hier-pFedMe | Selected 10/10
  [Client 17] Received edge weights. Set local model to edge weights.
[C17] Test set: samples=750, class_dist={49: 73, 56: 69, 58: 67, 60: 82, 61: 143, 69: 96, 71: 151, 85: 69}
  [Client 10] Received edge weights. Set local model to edge weights.
[C10] Test set: samples=750, class_dist={5: 74, 9: 72, 51: 87, 54: 76, 57: 149, 84: 72, 89: 78, 92: 60, 94: 82}
  [Client 12] Received edge weights. Set local model to edge weights.
[C12] Test set: samples=750, class_dist={17: 72, 41: 154, 47: 72, 48: 78, 54: 85, 58: 68, 69: 83, 83: 72, 96: 66}
  [Client 11] Received edge weights. Set local model to edge weights.
[C11] Test set: samples=750, class_dist={10: 175, 12: 136, 16: 85, 17: 77, 37: 65, 40: 70, 82: 70, 87: 72}
  [Client 18] Received edge weights. Set local model to edge weights.
[C18] Test set: samples=750, class_dist={0: 71, 5: 79, 8: 79, 16: 71, 25: 72, 76: 70, 84: 81, 86: 67, 92: 81, 96: 79}
  [Client 15] Received edge weights. Set local model to edge weights.
[C15] Test set: samples=750, class_dist={25: 79, 28: 75, 33: 65, 39: 81, 47: 75, 53: 72, 60: 73, 81: 75, 90: 77, 94: 78}
  [Client 16] Received edge weights. Set local model to edge weights.
[C16] Test set: samples=750, class_dist={20: 75, 22: 88, 28: 62, 52: 153, 53: 84, 59: 67, 70: 71, 76: 65, 82: 85}
  [Client 19] Received edge weights. Set local model to edge weights.
[C19] Test set: samples=750, class_dist={0: 66, 13: 168, 23: 137, 51: 86, 68: 65, 70: 82, 81: 64, 89: 82}
  [Client 13] Received edge weights. Set local model to edge weights.
[C13] Test set: samples=750, class_dist={8: 68, 9: 75, 20: 73, 37: 78, 39: 76, 48: 73, 59: 78, 68: 74, 86: 80, 90: 75}
  [Client 14] Received edge weights. Set local model to edge weights.
[C14] Test set: samples=750, class_dist={22: 68, 33: 80, 40: 81, 49: 71, 56: 79, 62: 143, 83: 80, 85: 69, 87: 79}
  [Client 17] Starting Hier-pFedMe | λ2=35.0, η2=0.02, inner_steps=1, epochs=5, batches/epoch=141  [Client 10] Starting Hier-pFedMe | λ2=35.0, η2=0.02, inner_steps=1, epochs=5, batches/epoch=141  [Client 11] Starting Hier-pFedMe | λ2=35.0, η2=0.02, inner_steps=1, epochs=5, batches/epoch=141
  [Client 12] Starting Hier-pFedMe | λ2=35.0, η2=0.02, inner_steps=1, epochs=5, batches/epoch=141


  [Client 11] Round 15 | Hier-pFedMe(λ2=35.0, K=1) | loss=0.0211
  [Client 12] Round 15 | Hier-pFedMe(λ2=35.0, K=1) | loss=0.0171
  [Client 18] Starting Hier-pFedMe | λ2=35.0, η2=0.02, inner_steps=1, epochs=5, batches/epoch=141  [Client 15] Starting Hier-pFedMe | λ2=35.0, η2=0.02, inner_steps=1, epochs=5, batches/epoch=141

  [Client 10] Round 15 | Hier-pFedMe(λ2=35.0, K=1) | loss=0.0230  [Client 17] Round 15 | Hier-pFedMe(λ2=35.0, K=1) | loss=0.0315

  [Client 16] Starting Hier-pFedMe | λ2=35.0, η2=0.02, inner_steps=1, epochs=5, batches/epoch=141
  [Client 19] Starting Hier-pFedMe | λ2=35.0, η2=0.02, inner_steps=1, epochs=5, batches/epoch=141
  [Client 18] Round 15 | Hier-pFedMe(λ2=35.0, K=1) | loss=0.0143
  [Client 15] Round 15 | Hier-pFedMe(λ2=35.0, K=1) | loss=0.0191  [Client 13] Starting Hier-pFedMe | λ2=35.0, η2=0.02, inner_steps=1, epochs=5, batches/epoch=141

  [Client 14] Starting Hier-pFedMe | λ2=35.0, η2=0.02, inner_steps=1, epochs=5, batches/epoch=141  [Client 16] Round 15 | Hier-pFedMe(λ2=35.0, K=1) | loss=0.0198

  [Client 19] Round 15 | Hier-pFedMe(λ2=35.0, K=1) | loss=0.0143
  [Client 14] Round 15 | Hier-pFedMe(λ2=35.0, K=1) | loss=0.0456  [Client 13] Round 15 | Hier-pFedMe(λ2=35.0, K=1) | loss=0.0301

  [Edge 1] G15 | E4 | loss=0.0236
  [Edge 1] G15 | E5 | Hier-pFedMe | Selected 10/10
  [Client 10] Received edge weights. Set local model to edge weights.
[C10] Test set: samples=750, class_dist={5: 74, 9: 72, 51: 87, 54: 76, 57: 149, 84: 72, 89: 78, 92: 60, 94: 82}
  [Client 19] Received edge weights. Set local model to edge weights.
[C19] Test set: samples=750, class_dist={0: 66, 13: 168, 23: 137, 51: 86, 68: 65, 70: 82, 81: 64, 89: 82}
  [Client 13] Received edge weights. Set local model to edge weights.
[C13] Test set: samples=750, class_dist={8: 68, 9: 75, 20: 73, 37: 78, 39: 76, 48: 73, 59: 78, 68: 74, 86: 80, 90: 75}
  [Client 17] Received edge weights. Set local model to edge weights.
[C17] Test set: samples=750, class_dist={49: 73, 56: 69, 58: 67, 60: 82, 61: 143, 69: 96, 71: 151, 85: 69}
  [Client 15] Received edge weights. Set local model to edge weights.
[C15] Test set: samples=750, class_dist={25: 79, 28: 75, 33: 65, 39: 81, 47: 75, 53: 72, 60: 73, 81: 75, 90: 77, 94: 78}
  [Client 12] Received edge weights. Set local model to edge weights.
[C12] Test set: samples=750, class_dist={17: 72, 41: 154, 47: 72, 48: 78, 54: 85, 58: 68, 69: 83, 83: 72, 96: 66}
  [Client 14] Received edge weights. Set local model to edge weights.
[C14] Test set: samples=750, class_dist={22: 68, 33: 80, 40: 81, 49: 71, 56: 79, 62: 143, 83: 80, 85: 69, 87: 79}
  [Client 16] Received edge weights. Set local model to edge weights.
[C16] Test set: samples=750, class_dist={20: 75, 22: 88, 28: 62, 52: 153, 53: 84, 59: 67, 70: 71, 76: 65, 82: 85}
  [Client 11] Received edge weights. Set local model to edge weights.
[C11] Test set: samples=750, class_dist={10: 175, 12: 136, 16: 85, 17: 77, 37: 65, 40: 70, 82: 70, 87: 72}
  [Client 18] Received edge weights. Set local model to edge weights.
[C18] Test set: samples=750, class_dist={0: 71, 5: 79, 8: 79, 16: 71, 25: 72, 76: 70, 84: 81, 86: 67, 92: 81, 96: 79}
  [Client 10] Starting Hier-pFedMe | λ2=35.0, η2=0.02, inner_steps=1, epochs=5, batches/epoch=141  [Client 19] Starting Hier-pFedMe | λ2=35.0, η2=0.02, inner_steps=1, epochs=5, batches/epoch=141
  [Client 13] Starting Hier-pFedMe | λ2=35.0, η2=0.02, inner_steps=1, epochs=5, batches/epoch=141  [Client 17] Starting Hier-pFedMe | λ2=35.0, η2=0.02, inner_steps=1, epochs=5, batches/epoch=141


  [Client 19] Round 15 | Hier-pFedMe(λ2=35.0, K=1) | loss=0.0189
  [Client 15] Starting Hier-pFedMe | λ2=35.0, η2=0.02, inner_steps=1, epochs=5, batches/epoch=141  [Client 13] Round 15 | Hier-pFedMe(λ2=35.0, K=1) | loss=0.0209

  [Client 12] Starting Hier-pFedMe | λ2=35.0, η2=0.02, inner_steps=1, epochs=5, batches/epoch=141
  [Client 10] Round 15 | Hier-pFedMe(λ2=35.0, K=1) | loss=0.0424  [Client 17] Round 15 | Hier-pFedMe(λ2=35.0, K=1) | loss=0.0239

  [Client 14] Starting Hier-pFedMe | λ2=35.0, η2=0.02, inner_steps=1, epochs=5, batches/epoch=141
  [Client 16] Starting Hier-pFedMe | λ2=35.0, η2=0.02, inner_steps=1, epochs=5, batches/epoch=141
  [Client 15] Round 15 | Hier-pFedMe(λ2=35.0, K=1) | loss=0.0222
  [Client 11] Starting Hier-pFedMe | λ2=35.0, η2=0.02, inner_steps=1, epochs=5, batches/epoch=141
  [Client 12] Round 15 | Hier-pFedMe(λ2=35.0, K=1) | loss=0.0157  [Client 14] Round 15 | Hier-pFedMe(λ2=35.0, K=1) | loss=0.0150

  [Client 18] Starting Hier-pFedMe | λ2=35.0, η2=0.02, inner_steps=1, epochs=5, batches/epoch=141
  [Client 16] Round 15 | Hier-pFedMe(λ2=35.0, K=1) | loss=0.0166
  [Client 11] Round 15 | Hier-pFedMe(λ2=35.0, K=1) | loss=0.0165
  [Client 18] Round 15 | Hier-pFedMe(λ2=35.0, K=1) | loss=0.0300
  [Edge 1] G15 | E5 | loss=0.0222
  [Cloud] Using Hier-pFedMe global aggregation (式 9).
[C0] n=750 | classes=[6, 18, 29, 30, 34, 43, 44, 55, 64, 66] | acc=0.4613 | per_class={6: '0.43', 18: '0.48', 29: '0.51', 30: '0.70', 34: '0.42', 43: '0.48', 44: '0.27', 55: '0.37', 64: '0.37', 66: '0.60'}
[C1] n=750 | classes=[1, 11, 26, 27, 29, 32, 73, 75, 99] | acc=0.6267 | per_class={1: '0.68', 11: '0.59', 26: '0.49', 27: '0.53', 29: '0.60', 32: '0.50', 73: '0.70', 75: '0.80', 99: '0.68'}
[C2] n=750 | classes=[35, 36, 38, 42, 50, 64, 72, 77, 97, 98] | acc=0.4160 | per_class={35: '0.40', 36: '0.51', 38: '0.39', 42: '0.52', 50: '0.30', 64: '0.33', 72: '0.47', 77: '0.43', 97: '0.50', 98: '0.32'}
[C3] n=750 | classes=[4, 6, 7, 14, 21, 35, 38, 65, 80] | acc=0.4733 | per_class={4: '0.31', 6: '0.38', 7: '0.69', 14: '0.41', 21: '0.61', 35: '0.62', 38: '0.39', 65: '0.37', 80: '0.32'}
[C4] n=750 | classes=[19, 31, 42, 43, 63, 66, 72, 79, 91, 98] | acc=0.5133 | per_class={19: '0.49', 31: '0.39', 42: '0.47', 43: '0.53', 63: '0.50', 66: '0.38', 72: '0.51', 79: '0.53', 91: '0.70', 98: '0.64'}
[C5] n=750 | classes=[4, 15, 19, 34, 45, 63, 74, 91, 93, 95] | acc=0.4853 | per_class={4: '0.36', 15: '0.49', 19: '0.38', 34: '0.50', 45: '0.57', 63: '0.46', 74: '0.42', 91: '0.59', 93: '0.45', 95: '0.72'}
[C6] n=750 | classes=[11, 18, 21, 32, 44, 46, 78, 88, 97] | acc=0.4840 | per_class={11: '0.39', 18: '0.49', 21: '0.63', 32: '0.60', 44: '0.38', 46: '0.30', 78: '0.55', 88: '0.49', 97: '0.46'}
[C7] n=750 | classes=[24, 31, 36, 45, 46, 50, 67, 73, 74, 80] | acc=0.5133 | per_class={24: '0.76', 31: '0.60', 36: '0.60', 45: '0.49', 46: '0.49', 50: '0.16', 67: '0.49', 73: '0.69', 74: '0.43', 80: '0.46'}
[C8] n=750 | classes=[1, 14, 24, 26, 30, 65, 75, 88, 93, 95] | acc=0.5747 | per_class={1: '0.70', 14: '0.65', 24: '0.80', 26: '0.52', 30: '0.54', 65: '0.46', 75: '0.66', 88: '0.51', 93: '0.36', 95: '0.59'}
[C9] n=750 | classes=[2, 3, 15, 27, 55, 67, 77, 79] | acc=0.5640 | per_class={2: '0.72', 3: '0.65', 15: '0.42', 27: '0.60', 55: '0.22', 67: '0.68', 77: '0.41', 79: '0.51'}
[C10] n=750 | classes=[5, 9, 51, 54, 57, 84, 89, 92, 94] | acc=0.6080 | per_class={5: '0.47', 9: '0.60', 51: '0.63', 54: '0.51', 57: '0.67', 84: '0.39', 89: '0.74', 92: '0.63', 94: '0.73'}
[C11] n=750 | classes=[10, 12, 16, 17, 37, 40, 82, 87] | acc=0.6013 | per_class={10: '0.72', 12: '0.65', 16: '0.40', 17: '0.65', 37: '0.38', 40: '0.50', 82: '0.90', 87: '0.40'}
[C12] n=750 | classes=[17, 41, 47, 48, 54, 58, 69, 83, 96] | acc=0.7373 | per_class={17: '0.86', 41: '0.79', 47: '0.71', 48: '0.65', 54: '0.72', 58: '0.72', 69: '0.75', 83: '0.81', 96: '0.56'}
[C13] n=750 | classes=[8, 9, 20, 37, 39, 48, 59, 68, 86, 90] | acc=0.6267 | per_class={8: '0.59', 9: '0.68', 20: '0.78', 37: '0.47', 39: '0.63', 48: '0.56', 59: '0.73', 68: '0.89', 86: '0.49', 90: '0.45'}
[C14] n=750 | classes=[22, 33, 40, 49, 56, 62, 83, 85, 87] | acc=0.7107 | per_class={22: '0.53', 33: '0.68', 40: '0.59', 49: '0.87', 56: '0.89', 62: '0.89', 83: '0.56', 85: '0.77', 87: '0.48'}
[C15] n=750 | classes=[25, 28, 33, 39, 47, 53, 60, 81, 90, 94] | acc=0.6787 | per_class={25: '0.44', 28: '0.60', 33: '0.66', 39: '0.65', 47: '0.84', 53: '0.90', 60: '0.92', 81: '0.48', 90: '0.60', 94: '0.72'}
[C16] n=750 | classes=[20, 22, 28, 52, 53, 59, 70, 76, 82] | acc=0.7787 | per_class={20: '0.83', 22: '0.69', 28: '0.63', 52: '0.84', 53: '0.89', 59: '0.42', 70: '0.80', 76: '0.88', 82: '0.89'}
[C17] n=750 | classes=[49, 56, 58, 60, 61, 69, 71, 85] | acc=0.7587 | per_class={49: '0.63', 56: '0.80', 58: '0.64', 60: '0.71', 61: '0.94', 69: '0.69', 71: '0.79', 85: '0.70'}
[C18] n=750 | classes=[0, 5, 8, 16, 25, 76, 84, 86, 92, 96] | acc=0.6147 | per_class={0: '0.77', 5: '0.46', 8: '0.63', 16: '0.39', 25: '0.46', 76: '0.80', 84: '0.47', 86: '0.63', 92: '0.69', 96: '0.85'}
[C19] n=750 | classes=[0, 13, 23, 51, 68, 70, 81, 89] | acc=0.6987 | per_class={0: '0.82', 13: '0.64', 23: '0.83', 51: '0.70', 68: '0.85', 70: '0.74', 81: '0.34', 89: '0.61'}
  [Cloud] GM=0.1927 | EM=0.2722 PM=0.5963 | loss=5.6232 | time=117.5s | comm=719.6MB (total=10794MB)

[Round  16] Broadcasting to 2 edges...
  [Edge 0] W_n reset to global weights for new round.
  [Edge 1] W_n reset to global weights for new round.
  [Edge 0] G16 | E1 | Hier-pFedMe | Selected 10/10
  [Client  3] Received edge weights. Set local model to edge weights.
[C3] Test set: samples=750, class_dist={4: 80, 6: 65, 7: 146, 14: 82, 21: 76, 35: 63, 38: 70, 65: 89, 80: 79}
  [Client  7] Received edge weights. Set local model to edge weights.
[C7] Test set: samples=750, class_dist={24: 68, 31: 72, 36: 73, 45: 74, 46: 76, 50: 79, 67: 92, 73: 75, 74: 61, 80: 80}
  [Client  1] Received edge weights. Set local model to edge weights.
[C1] Test set: samples=750, class_dist={1: 75, 11: 80, 26: 83, 27: 68, 29: 75, 32: 70, 73: 71, 75: 79, 99: 149}
  [Client  2] Received edge weights. Set local model to edge weights.
[C2] Test set: samples=750, class_dist={35: 80, 36: 63, 38: 79, 42: 77, 50: 77, 64: 79, 72: 80, 77: 72, 97: 72, 98: 71}
  [Client  6] Received edge weights. Set local model to edge weights.
[C6] Test set: samples=750, class_dist={11: 70, 18: 85, 21: 73, 32: 89, 44: 80, 46: 73, 78: 127, 88: 85, 97: 68}
  [Client  4] Received edge weights. Set local model to edge weights.
[C4] Test set: samples=750, class_dist={19: 72, 31: 69, 42: 76, 43: 75, 63: 80, 66: 80, 72: 74, 79: 81, 91: 77, 98: 66}
  [Client  8] Received edge weights. Set local model to edge weights.
[C8] Test set: samples=750, class_dist={1: 60, 14: 77, 24: 79, 26: 71, 30: 76, 65: 78, 75: 62, 88: 91, 93: 73, 95: 83}
  [Client  9] Received edge weights. Set local model to edge weights.
[C9] Test set: samples=750, class_dist={2: 167, 3: 151, 15: 78, 27: 67, 55: 68, 67: 71, 77: 66, 79: 82}
  [Client  0] Received edge weights. Set local model to edge weights.
[C0] Test set: samples=750, class_dist={6: 83, 18: 67, 29: 71, 30: 73, 34: 78, 43: 77, 44: 71, 55: 71, 64: 82, 66: 77}
  [Client  5] Received edge weights. Set local model to edge weights.
[C5] Test set: samples=750, class_dist={4: 76, 15: 79, 19: 73, 34: 66, 45: 81, 63: 90, 74: 77, 91: 69, 93: 86, 95: 53}
  [Client  3] Starting Hier-pFedMe | λ2=35.0, η2=0.02, inner_steps=1, epochs=5, batches/epoch=141  [Client  7] Starting Hier-pFedMe | λ2=35.0, η2=0.02, inner_steps=1, epochs=5, batches/epoch=141
  [Client  1] Starting Hier-pFedMe | λ2=35.0, η2=0.02, inner_steps=1, epochs=5, batches/epoch=141
  [Client  2] Starting Hier-pFedMe | λ2=35.0, η2=0.02, inner_steps=1, epochs=5, batches/epoch=141

  [Client  2] Round 16 | Hier-pFedMe(λ2=35.0, K=1) | loss=0.0710  [Client  3] Round 16 | Hier-pFedMe(λ2=35.0, K=1) | loss=0.0656
  [Client  1] Round 16 | Hier-pFedMe(λ2=35.0, K=1) | loss=0.0463
  [Client  7] Round 16 | Hier-pFedMe(λ2=35.0, K=1) | loss=0.0783
  [Client  6] Starting Hier-pFedMe | λ2=35.0, η2=0.02, inner_steps=1, epochs=5, batches/epoch=141  [Client  4] Starting Hier-pFedMe | λ2=35.0, η2=0.02, inner_steps=1, epochs=5, batches/epoch=141
  [Client  8] Starting Hier-pFedMe | λ2=35.0, η2=0.02, inner_steps=1, epochs=5, batches/epoch=141

  [Client  9] Starting Hier-pFedMe | λ2=35.0, η2=0.02, inner_steps=1, epochs=5, batches/epoch=141

  [Client  4] Round 16 | Hier-pFedMe(λ2=35.0, K=1) | loss=0.0590
  [Client  0] Starting Hier-pFedMe | λ2=35.0, η2=0.02, inner_steps=1, epochs=5, batches/epoch=141
  [Client  6] Round 16 | Hier-pFedMe(λ2=35.0, K=1) | loss=0.0479
  [Client  8] Round 16 | Hier-pFedMe(λ2=35.0, K=1) | loss=0.0389
  [Client  5] Starting Hier-pFedMe | λ2=35.0, η2=0.02, inner_steps=1, epochs=5, batches/epoch=141
  [Client  9] Round 16 | Hier-pFedMe(λ2=35.0, K=1) | loss=0.0346
  [Client  0] Round 16 | Hier-pFedMe(λ2=35.0, K=1) | loss=0.0634
  [Client  5] Round 16 | Hier-pFedMe(λ2=35.0, K=1) | loss=0.0580
  [Edge 0] G16 | E1 | loss=0.0563
  [Edge 0] G16 | E2 | Hier-pFedMe | Selected 10/10
  [Client  8] Received edge weights. Set local model to edge weights.
[C8] Test set: samples=750, class_dist={1: 60, 14: 77, 24: 79, 26: 71, 30: 76, 65: 78, 75: 62, 88: 91, 93: 73, 95: 83}
  [Client  0] Received edge weights. Set local model to edge weights.
[C0] Test set: samples=750, class_dist={6: 83, 18: 67, 29: 71, 30: 73, 34: 78, 43: 77, 44: 71, 55: 71, 64: 82, 66: 77}
  [Client  6] Received edge weights. Set local model to edge weights.
[C6] Test set: samples=750, class_dist={11: 70, 18: 85, 21: 73, 32: 89, 44: 80, 46: 73, 78: 127, 88: 85, 97: 68}
  [Client  9] Received edge weights. Set local model to edge weights.
[C9] Test set: samples=750, class_dist={2: 167, 3: 151, 15: 78, 27: 67, 55: 68, 67: 71, 77: 66, 79: 82}
  [Client  3] Received edge weights. Set local model to edge weights.
[C3] Test set: samples=750, class_dist={4: 80, 6: 65, 7: 146, 14: 82, 21: 76, 35: 63, 38: 70, 65: 89, 80: 79}
  [Client  7] Received edge weights. Set local model to edge weights.
[C7] Test set: samples=750, class_dist={24: 68, 31: 72, 36: 73, 45: 74, 46: 76, 50: 79, 67: 92, 73: 75, 74: 61, 80: 80}
  [Client  2] Received edge weights. Set local model to edge weights.
[C2] Test set: samples=750, class_dist={35: 80, 36: 63, 38: 79, 42: 77, 50: 77, 64: 79, 72: 80, 77: 72, 97: 72, 98: 71}
  [Client  5] Received edge weights. Set local model to edge weights.
[C5] Test set: samples=750, class_dist={4: 76, 15: 79, 19: 73, 34: 66, 45: 81, 63: 90, 74: 77, 91: 69, 93: 86, 95: 53}
  [Client  1] Received edge weights. Set local model to edge weights.
[C1] Test set: samples=750, class_dist={1: 75, 11: 80, 26: 83, 27: 68, 29: 75, 32: 70, 73: 71, 75: 79, 99: 149}
  [Client  4] Received edge weights. Set local model to edge weights.
[C4] Test set: samples=750, class_dist={19: 72, 31: 69, 42: 76, 43: 75, 63: 80, 66: 80, 72: 74, 79: 81, 91: 77, 98: 66}
  [Client  0] Starting Hier-pFedMe | λ2=35.0, η2=0.02, inner_steps=1, epochs=5, batches/epoch=141
  [Client  8] Starting Hier-pFedMe | λ2=35.0, η2=0.02, inner_steps=1, epochs=5, batches/epoch=141  [Client  6] Starting Hier-pFedMe | λ2=35.0, η2=0.02, inner_steps=1, epochs=5, batches/epoch=141  [Client  9] Starting Hier-pFedMe | λ2=35.0, η2=0.02, inner_steps=1, epochs=5, batches/epoch=141


  [Client  0] Round 16 | Hier-pFedMe(λ2=35.0, K=1) | loss=0.0254
  [Client  6] Round 16 | Hier-pFedMe(λ2=35.0, K=1) | loss=0.0404
  [Client  3] Starting Hier-pFedMe | λ2=35.0, η2=0.02, inner_steps=1, epochs=5, batches/epoch=141
  [Client  8] Round 16 | Hier-pFedMe(λ2=35.0, K=1) | loss=0.0194
  [Client  7] Starting Hier-pFedMe | λ2=35.0, η2=0.02, inner_steps=1, epochs=5, batches/epoch=141
  [Client  2] Starting Hier-pFedMe | λ2=35.0, η2=0.02, inner_steps=1, epochs=5, batches/epoch=141
  [Client  9] Round 16 | Hier-pFedMe(λ2=35.0, K=1) | loss=0.0309
  [Client  5] Starting Hier-pFedMe | λ2=35.0, η2=0.02, inner_steps=1, epochs=5, batches/epoch=141
  [Client  7] Round 16 | Hier-pFedMe(λ2=35.0, K=1) | loss=0.0274
  [Client  1] Starting Hier-pFedMe | λ2=35.0, η2=0.02, inner_steps=1, epochs=5, batches/epoch=141
  [Client  2] Round 16 | Hier-pFedMe(λ2=35.0, K=1) | loss=0.0270  [Client  3] Round 16 | Hier-pFedMe(λ2=35.0, K=1) | loss=0.0234

  [Client  4] Starting Hier-pFedMe | λ2=35.0, η2=0.02, inner_steps=1, epochs=5, batches/epoch=141
  [Client  5] Round 16 | Hier-pFedMe(λ2=35.0, K=1) | loss=0.0226
  [Client  1] Round 16 | Hier-pFedMe(λ2=35.0, K=1) | loss=0.0312
  [Client  4] Round 16 | Hier-pFedMe(λ2=35.0, K=1) | loss=0.0206
  [Edge 0] G16 | E2 | loss=0.0268
  [Edge 0] G16 | E3 | Hier-pFedMe | Selected 10/10
  [Client  6] Received edge weights. Set local model to edge weights.
[C6] Test set: samples=750, class_dist={11: 70, 18: 85, 21: 73, 32: 89, 44: 80, 46: 73, 78: 127, 88: 85, 97: 68}
  [Client  3] Received edge weights. Set local model to edge weights.
[C3] Test set: samples=750, class_dist={4: 80, 6: 65, 7: 146, 14: 82, 21: 76, 35: 63, 38: 70, 65: 89, 80: 79}
  [Client  9] Received edge weights. Set local model to edge weights.
[C9] Test set: samples=750, class_dist={2: 167, 3: 151, 15: 78, 27: 67, 55: 68, 67: 71, 77: 66, 79: 82}
  [Client  7] Received edge weights. Set local model to edge weights.
[C7] Test set: samples=750, class_dist={24: 68, 31: 72, 36: 73, 45: 74, 46: 76, 50: 79, 67: 92, 73: 75, 74: 61, 80: 80}
  [Client  5] Received edge weights. Set local model to edge weights.
[C5] Test set: samples=750, class_dist={4: 76, 15: 79, 19: 73, 34: 66, 45: 81, 63: 90, 74: 77, 91: 69, 93: 86, 95: 53}
  [Client  2] Received edge weights. Set local model to edge weights.
[C2] Test set: samples=750, class_dist={35: 80, 36: 63, 38: 79, 42: 77, 50: 77, 64: 79, 72: 80, 77: 72, 97: 72, 98: 71}
  [Client  1] Received edge weights. Set local model to edge weights.
[C1] Test set: samples=750, class_dist={1: 75, 11: 80, 26: 83, 27: 68, 29: 75, 32: 70, 73: 71, 75: 79, 99: 149}
  [Client  8] Received edge weights. Set local model to edge weights.
[C8] Test set: samples=750, class_dist={1: 60, 14: 77, 24: 79, 26: 71, 30: 76, 65: 78, 75: 62, 88: 91, 93: 73, 95: 83}
  [Client  4] Received edge weights. Set local model to edge weights.
[C4] Test set: samples=750, class_dist={19: 72, 31: 69, 42: 76, 43: 75, 63: 80, 66: 80, 72: 74, 79: 81, 91: 77, 98: 66}
  [Client  0] Received edge weights. Set local model to edge weights.
[C0] Test set: samples=750, class_dist={6: 83, 18: 67, 29: 71, 30: 73, 34: 78, 43: 77, 44: 71, 55: 71, 64: 82, 66: 77}
  [Client  6] Starting Hier-pFedMe | λ2=35.0, η2=0.02, inner_steps=1, epochs=5, batches/epoch=141  [Client  3] Starting Hier-pFedMe | λ2=35.0, η2=0.02, inner_steps=1, epochs=5, batches/epoch=141  [Client  9] Starting Hier-pFedMe | λ2=35.0, η2=0.02, inner_steps=1, epochs=5, batches/epoch=141  [Client  7] Starting Hier-pFedMe | λ2=35.0, η2=0.02, inner_steps=1, epochs=5, batches/epoch=141



  [Client  9] Round 16 | Hier-pFedMe(λ2=35.0, K=1) | loss=0.0225
  [Client  6] Round 16 | Hier-pFedMe(λ2=35.0, K=1) | loss=0.0372
  [Client  5] Starting Hier-pFedMe | λ2=35.0, η2=0.02, inner_steps=1, epochs=5, batches/epoch=141  [Client  2] Starting Hier-pFedMe | λ2=35.0, η2=0.02, inner_steps=1, epochs=5, batches/epoch=141

  [Client  3] Round 16 | Hier-pFedMe(λ2=35.0, K=1) | loss=0.0241
  [Client  1] Starting Hier-pFedMe | λ2=35.0, η2=0.02, inner_steps=1, epochs=5, batches/epoch=141
  [Client  7] Round 16 | Hier-pFedMe(λ2=35.0, K=1) | loss=0.0238
  [Client  8] Starting Hier-pFedMe | λ2=35.0, η2=0.02, inner_steps=1, epochs=5, batches/epoch=141
  [Client  5] Round 16 | Hier-pFedMe(λ2=35.0, K=1) | loss=0.0360
  [Client  4] Starting Hier-pFedMe | λ2=35.0, η2=0.02, inner_steps=1, epochs=5, batches/epoch=141
  [Client  2] Round 16 | Hier-pFedMe(λ2=35.0, K=1) | loss=0.0195
  [Client  0] Starting Hier-pFedMe | λ2=35.0, η2=0.02, inner_steps=1, epochs=5, batches/epoch=141
  [Client  8] Round 16 | Hier-pFedMe(λ2=35.0, K=1) | loss=0.0284
  [Client  1] Round 16 | Hier-pFedMe(λ2=35.0, K=1) | loss=0.0334
  [Client  4] Round 16 | Hier-pFedMe(λ2=35.0, K=1) | loss=0.0337
  [Client  0] Round 16 | Hier-pFedMe(λ2=35.0, K=1) | loss=0.0308
  [Edge 0] G16 | E3 | loss=0.0289
  [Edge 0] G16 | E4 | Hier-pFedMe | Selected 10/10
  [Client  5] Received edge weights. Set local model to edge weights.
[C5] Test set: samples=750, class_dist={4: 76, 15: 79, 19: 73, 34: 66, 45: 81, 63: 90, 74: 77, 91: 69, 93: 86, 95: 53}
  [Client  6] Received edge weights. Set local model to edge weights.
[C6] Test set: samples=750, class_dist={11: 70, 18: 85, 21: 73, 32: 89, 44: 80, 46: 73, 78: 127, 88: 85, 97: 68}
  [Client  0] Received edge weights. Set local model to edge weights.
[C0] Test set: samples=750, class_dist={6: 83, 18: 67, 29: 71, 30: 73, 34: 78, 43: 77, 44: 71, 55: 71, 64: 82, 66: 77}
  [Client  4] Received edge weights. Set local model to edge weights.
[C4] Test set: samples=750, class_dist={19: 72, 31: 69, 42: 76, 43: 75, 63: 80, 66: 80, 72: 74, 79: 81, 91: 77, 98: 66}
  [Client  7] Received edge weights. Set local model to edge weights.
[C7] Test set: samples=750, class_dist={24: 68, 31: 72, 36: 73, 45: 74, 46: 76, 50: 79, 67: 92, 73: 75, 74: 61, 80: 80}
  [Client  2] Received edge weights. Set local model to edge weights.
[C2] Test set: samples=750, class_dist={35: 80, 36: 63, 38: 79, 42: 77, 50: 77, 64: 79, 72: 80, 77: 72, 97: 72, 98: 71}
  [Client  8] Received edge weights. Set local model to edge weights.
[C8] Test set: samples=750, class_dist={1: 60, 14: 77, 24: 79, 26: 71, 30: 76, 65: 78, 75: 62, 88: 91, 93: 73, 95: 83}
  [Client  3] Received edge weights. Set local model to edge weights.
[C3] Test set: samples=750, class_dist={4: 80, 6: 65, 7: 146, 14: 82, 21: 76, 35: 63, 38: 70, 65: 89, 80: 79}
  [Client  9] Received edge weights. Set local model to edge weights.
[C9] Test set: samples=750, class_dist={2: 167, 3: 151, 15: 78, 27: 67, 55: 68, 67: 71, 77: 66, 79: 82}
  [Client  1] Received edge weights. Set local model to edge weights.
[C1] Test set: samples=750, class_dist={1: 75, 11: 80, 26: 83, 27: 68, 29: 75, 32: 70, 73: 71, 75: 79, 99: 149}
  [Client  5] Starting Hier-pFedMe | λ2=35.0, η2=0.02, inner_steps=1, epochs=5, batches/epoch=141  [Client  6] Starting Hier-pFedMe | λ2=35.0, η2=0.02, inner_steps=1, epochs=5, batches/epoch=141
  [Client  0] Starting Hier-pFedMe | λ2=35.0, η2=0.02, inner_steps=1, epochs=5, batches/epoch=141  [Client  4] Starting Hier-pFedMe | λ2=35.0, η2=0.02, inner_steps=1, epochs=5, batches/epoch=141


  [Client  6] Round 16 | Hier-pFedMe(λ2=35.0, K=1) | loss=0.0281
  [Client  7] Starting Hier-pFedMe | λ2=35.0, η2=0.02, inner_steps=1, epochs=5, batches/epoch=141  [Client  5] Round 16 | Hier-pFedMe(λ2=35.0, K=1) | loss=0.0194

  [Client  2] Starting Hier-pFedMe | λ2=35.0, η2=0.02, inner_steps=1, epochs=5, batches/epoch=141
  [Client  4] Round 16 | Hier-pFedMe(λ2=35.0, K=1) | loss=0.0337
  [Client  8] Starting Hier-pFedMe | λ2=35.0, η2=0.02, inner_steps=1, epochs=5, batches/epoch=141  [Client  0] Round 16 | Hier-pFedMe(λ2=35.0, K=1) | loss=0.0206

  [Client  3] Starting Hier-pFedMe | λ2=35.0, η2=0.02, inner_steps=1, epochs=5, batches/epoch=141
  [Client  7] Round 16 | Hier-pFedMe(λ2=35.0, K=1) | loss=0.0197  [Client  8] Round 16 | Hier-pFedMe(λ2=35.0, K=1) | loss=0.0201

  [Client  9] Starting Hier-pFedMe | λ2=35.0, η2=0.02, inner_steps=1, epochs=5, batches/epoch=141
  [Client  1] Starting Hier-pFedMe | λ2=35.0, η2=0.02, inner_steps=1, epochs=5, batches/epoch=141
  [Client  2] Round 16 | Hier-pFedMe(λ2=35.0, K=1) | loss=0.0221
  [Client  3] Round 16 | Hier-pFedMe(λ2=35.0, K=1) | loss=0.0371
  [Client  9] Round 16 | Hier-pFedMe(λ2=35.0, K=1) | loss=0.0199
  [Client  1] Round 16 | Hier-pFedMe(λ2=35.0, K=1) | loss=0.0154
  [Edge 0] G16 | E4 | loss=0.0236
  [Edge 0] G16 | E5 | Hier-pFedMe | Selected 10/10
  [Client  2] Received edge weights. Set local model to edge weights.
[C2] Test set: samples=750, class_dist={35: 80, 36: 63, 38: 79, 42: 77, 50: 77, 64: 79, 72: 80, 77: 72, 97: 72, 98: 71}
  [Client  8] Received edge weights. Set local model to edge weights.
[C8] Test set: samples=750, class_dist={1: 60, 14: 77, 24: 79, 26: 71, 30: 76, 65: 78, 75: 62, 88: 91, 93: 73, 95: 83}
  [Client  9] Received edge weights. Set local model to edge weights.
[C9] Test set: samples=750, class_dist={2: 167, 3: 151, 15: 78, 27: 67, 55: 68, 67: 71, 77: 66, 79: 82}
  [Client  3] Received edge weights. Set local model to edge weights.
[C3] Test set: samples=750, class_dist={4: 80, 6: 65, 7: 146, 14: 82, 21: 76, 35: 63, 38: 70, 65: 89, 80: 79}
  [Client  5] Received edge weights. Set local model to edge weights.
[C5] Test set: samples=750, class_dist={4: 76, 15: 79, 19: 73, 34: 66, 45: 81, 63: 90, 74: 77, 91: 69, 93: 86, 95: 53}
  [Client  7] Received edge weights. Set local model to edge weights.
[C7] Test set: samples=750, class_dist={24: 68, 31: 72, 36: 73, 45: 74, 46: 76, 50: 79, 67: 92, 73: 75, 74: 61, 80: 80}
  [Client  6] Received edge weights. Set local model to edge weights.
[C6] Test set: samples=750, class_dist={11: 70, 18: 85, 21: 73, 32: 89, 44: 80, 46: 73, 78: 127, 88: 85, 97: 68}
  [Client  4] Received edge weights. Set local model to edge weights.
[C4] Test set: samples=750, class_dist={19: 72, 31: 69, 42: 76, 43: 75, 63: 80, 66: 80, 72: 74, 79: 81, 91: 77, 98: 66}
  [Client  0] Received edge weights. Set local model to edge weights.
[C0] Test set: samples=750, class_dist={6: 83, 18: 67, 29: 71, 30: 73, 34: 78, 43: 77, 44: 71, 55: 71, 64: 82, 66: 77}
  [Client  1] Received edge weights. Set local model to edge weights.
[C1] Test set: samples=750, class_dist={1: 75, 11: 80, 26: 83, 27: 68, 29: 75, 32: 70, 73: 71, 75: 79, 99: 149}
  [Client  8] Starting Hier-pFedMe | λ2=35.0, η2=0.02, inner_steps=1, epochs=5, batches/epoch=141  [Client  2] Starting Hier-pFedMe | λ2=35.0, η2=0.02, inner_steps=1, epochs=5, batches/epoch=141
  [Client  9] Starting Hier-pFedMe | λ2=35.0, η2=0.02, inner_steps=1, epochs=5, batches/epoch=141  [Client  3] Starting Hier-pFedMe | λ2=35.0, η2=0.02, inner_steps=1, epochs=5, batches/epoch=141


  [Client  2] Round 16 | Hier-pFedMe(λ2=35.0, K=1) | loss=0.0258
  [Client  5] Starting Hier-pFedMe | λ2=35.0, η2=0.02, inner_steps=1, epochs=5, batches/epoch=141
  [Client  9] Round 16 | Hier-pFedMe(λ2=35.0, K=1) | loss=0.0252
  [Client  3] Round 16 | Hier-pFedMe(λ2=35.0, K=1) | loss=0.0365
  [Client  7] Starting Hier-pFedMe | λ2=35.0, η2=0.02, inner_steps=1, epochs=5, batches/epoch=141
  [Client  6] Starting Hier-pFedMe | λ2=35.0, η2=0.02, inner_steps=1, epochs=5, batches/epoch=141
  [Client  8] Round 16 | Hier-pFedMe(λ2=35.0, K=1) | loss=0.0129
  [Client  4] Starting Hier-pFedMe | λ2=35.0, η2=0.02, inner_steps=1, epochs=5, batches/epoch=141
  [Client  5] Round 16 | Hier-pFedMe(λ2=35.0, K=1) | loss=0.0166
  [Client  0] Starting Hier-pFedMe | λ2=35.0, η2=0.02, inner_steps=1, epochs=5, batches/epoch=141
  [Client  7] Round 16 | Hier-pFedMe(λ2=35.0, K=1) | loss=0.0417
  [Client  1] Starting Hier-pFedMe | λ2=35.0, η2=0.02, inner_steps=1, epochs=5, batches/epoch=141
  [Client  6] Round 16 | Hier-pFedMe(λ2=35.0, K=1) | loss=0.0222
  [Client  4] Round 16 | Hier-pFedMe(λ2=35.0, K=1) | loss=0.0154
  [Client  0] Round 16 | Hier-pFedMe(λ2=35.0, K=1) | loss=0.0216
  [Client  1] Round 16 | Hier-pFedMe(λ2=35.0, K=1) | loss=0.0277
  [Edge 0] G16 | E5 | loss=0.0246
  [Edge 1] G16 | E1 | Hier-pFedMe | Selected 10/10
  [Client 13] Received edge weights. Set local model to edge weights.
[C13] Test set: samples=750, class_dist={8: 68, 9: 75, 20: 73, 37: 78, 39: 76, 48: 73, 59: 78, 68: 74, 86: 80, 90: 75}
  [Client 19] Received edge weights. Set local model to edge weights.
[C19] Test set: samples=750, class_dist={0: 66, 13: 168, 23: 137, 51: 86, 68: 65, 70: 82, 81: 64, 89: 82}
  [Client 12] Received edge weights. Set local model to edge weights.
[C12] Test set: samples=750, class_dist={17: 72, 41: 154, 47: 72, 48: 78, 54: 85, 58: 68, 69: 83, 83: 72, 96: 66}
  [Client 15] Received edge weights. Set local model to edge weights.
[C15] Test set: samples=750, class_dist={25: 79, 28: 75, 33: 65, 39: 81, 47: 75, 53: 72, 60: 73, 81: 75, 90: 77, 94: 78}
  [Client 18] Received edge weights. Set local model to edge weights.
[C18] Test set: samples=750, class_dist={0: 71, 5: 79, 8: 79, 16: 71, 25: 72, 76: 70, 84: 81, 86: 67, 92: 81, 96: 79}
  [Client 11] Received edge weights. Set local model to edge weights.
[C11] Test set: samples=750, class_dist={10: 175, 12: 136, 16: 85, 17: 77, 37: 65, 40: 70, 82: 70, 87: 72}
  [Client 17] Received edge weights. Set local model to edge weights.
[C17] Test set: samples=750, class_dist={49: 73, 56: 69, 58: 67, 60: 82, 61: 143, 69: 96, 71: 151, 85: 69}
  [Client 10] Received edge weights. Set local model to edge weights.
[C10] Test set: samples=750, class_dist={5: 74, 9: 72, 51: 87, 54: 76, 57: 149, 84: 72, 89: 78, 92: 60, 94: 82}
  [Client 16] Received edge weights. Set local model to edge weights.
[C16] Test set: samples=750, class_dist={20: 75, 22: 88, 28: 62, 52: 153, 53: 84, 59: 67, 70: 71, 76: 65, 82: 85}
  [Client 14] Received edge weights. Set local model to edge weights.
[C14] Test set: samples=750, class_dist={22: 68, 33: 80, 40: 81, 49: 71, 56: 79, 62: 143, 83: 80, 85: 69, 87: 79}
  [Client 13] Starting Hier-pFedMe | λ2=35.0, η2=0.02, inner_steps=1, epochs=5, batches/epoch=141  [Client 19] Starting Hier-pFedMe | λ2=35.0, η2=0.02, inner_steps=1, epochs=5, batches/epoch=141  [Client 15] Starting Hier-pFedMe | λ2=35.0, η2=0.02, inner_steps=1, epochs=5, batches/epoch=141  [Client 12] Starting Hier-pFedMe | λ2=35.0, η2=0.02, inner_steps=1, epochs=5, batches/epoch=141



  [Client 13] Round 16 | Hier-pFedMe(λ2=35.0, K=1) | loss=0.0665
  [Client 18] Starting Hier-pFedMe | λ2=35.0, η2=0.02, inner_steps=1, epochs=5, batches/epoch=141
  [Client 15] Round 16 | Hier-pFedMe(λ2=35.0, K=1) | loss=0.0692
  [Client 11] Starting Hier-pFedMe | λ2=35.0, η2=0.02, inner_steps=1, epochs=5, batches/epoch=141
  [Client 19] Round 16 | Hier-pFedMe(λ2=35.0, K=1) | loss=0.0536
  [Client 12] Round 16 | Hier-pFedMe(λ2=35.0, K=1) | loss=0.0830
  [Client 17] Starting Hier-pFedMe | λ2=35.0, η2=0.02, inner_steps=1, epochs=5, batches/epoch=141  [Client 10] Starting Hier-pFedMe | λ2=35.0, η2=0.02, inner_steps=1, epochs=5, batches/epoch=141

  [Client 18] Round 16 | Hier-pFedMe(λ2=35.0, K=1) | loss=0.0689
  [Client 16] Starting Hier-pFedMe | λ2=35.0, η2=0.02, inner_steps=1, epochs=5, batches/epoch=141
  [Client 11] Round 16 | Hier-pFedMe(λ2=35.0, K=1) | loss=0.0684
  [Client 14] Starting Hier-pFedMe | λ2=35.0, η2=0.02, inner_steps=1, epochs=5, batches/epoch=141
  [Client 17] Round 16 | Hier-pFedMe(λ2=35.0, K=1) | loss=0.0452
  [Client 10] Round 16 | Hier-pFedMe(λ2=35.0, K=1) | loss=0.0631
  [Client 16] Round 16 | Hier-pFedMe(λ2=35.0, K=1) | loss=0.0561
  [Client 14] Round 16 | Hier-pFedMe(λ2=35.0, K=1) | loss=0.0524
  [Edge 1] G16 | E1 | loss=0.0627
  [Edge 1] G16 | E2 | Hier-pFedMe | Selected 10/10
  [Client 15] Received edge weights. Set local model to edge weights.
[C15] Test set: samples=750, class_dist={25: 79, 28: 75, 33: 65, 39: 81, 47: 75, 53: 72, 60: 73, 81: 75, 90: 77, 94: 78}
  [Client 12] Received edge weights. Set local model to edge weights.
[C12] Test set: samples=750, class_dist={17: 72, 41: 154, 47: 72, 48: 78, 54: 85, 58: 68, 69: 83, 83: 72, 96: 66}
  [Client 16] Received edge weights. Set local model to edge weights.
[C16] Test set: samples=750, class_dist={20: 75, 22: 88, 28: 62, 52: 153, 53: 84, 59: 67, 70: 71, 76: 65, 82: 85}
  [Client 13] Received edge weights. Set local model to edge weights.
[C13] Test set: samples=750, class_dist={8: 68, 9: 75, 20: 73, 37: 78, 39: 76, 48: 73, 59: 78, 68: 74, 86: 80, 90: 75}
  [Client 18] Received edge weights. Set local model to edge weights.
[C18] Test set: samples=750, class_dist={0: 71, 5: 79, 8: 79, 16: 71, 25: 72, 76: 70, 84: 81, 86: 67, 92: 81, 96: 79}
  [Client 10] Received edge weights. Set local model to edge weights.
[C10] Test set: samples=750, class_dist={5: 74, 9: 72, 51: 87, 54: 76, 57: 149, 84: 72, 89: 78, 92: 60, 94: 82}
  [Client 17] Received edge weights. Set local model to edge weights.
[C17] Test set: samples=750, class_dist={49: 73, 56: 69, 58: 67, 60: 82, 61: 143, 69: 96, 71: 151, 85: 69}
  [Client 11] Received edge weights. Set local model to edge weights.
[C11] Test set: samples=750, class_dist={10: 175, 12: 136, 16: 85, 17: 77, 37: 65, 40: 70, 82: 70, 87: 72}
  [Client 14] Received edge weights. Set local model to edge weights.
[C14] Test set: samples=750, class_dist={22: 68, 33: 80, 40: 81, 49: 71, 56: 79, 62: 143, 83: 80, 85: 69, 87: 79}
  [Client 19] Received edge weights. Set local model to edge weights.
[C19] Test set: samples=750, class_dist={0: 66, 13: 168, 23: 137, 51: 86, 68: 65, 70: 82, 81: 64, 89: 82}
  [Client 15] Starting Hier-pFedMe | λ2=35.0, η2=0.02, inner_steps=1, epochs=5, batches/epoch=141  [Client 13] Starting Hier-pFedMe | λ2=35.0, η2=0.02, inner_steps=1, epochs=5, batches/epoch=141  [Client 12] Starting Hier-pFedMe | λ2=35.0, η2=0.02, inner_steps=1, epochs=5, batches/epoch=141
  [Client 16] Starting Hier-pFedMe | λ2=35.0, η2=0.02, inner_steps=1, epochs=5, batches/epoch=141


  [Client 12] Round 16 | Hier-pFedMe(λ2=35.0, K=1) | loss=0.0155
  [Client 18] Starting Hier-pFedMe | λ2=35.0, η2=0.02, inner_steps=1, epochs=5, batches/epoch=141
  [Client 16] Round 16 | Hier-pFedMe(λ2=35.0, K=1) | loss=0.0255
  [Client 10] Starting Hier-pFedMe | λ2=35.0, η2=0.02, inner_steps=1, epochs=5, batches/epoch=141  [Client 15] Round 16 | Hier-pFedMe(λ2=35.0, K=1) | loss=0.0203

  [Client 17] Starting Hier-pFedMe | λ2=35.0, η2=0.02, inner_steps=1, epochs=5, batches/epoch=141
  [Client 13] Round 16 | Hier-pFedMe(λ2=35.0, K=1) | loss=0.0176
  [Client 11] Starting Hier-pFedMe | λ2=35.0, η2=0.02, inner_steps=1, epochs=5, batches/epoch=141
  [Client 18] Round 16 | Hier-pFedMe(λ2=35.0, K=1) | loss=0.0275
  [Client 10] Round 16 | Hier-pFedMe(λ2=35.0, K=1) | loss=0.0169  [Client 14] Starting Hier-pFedMe | λ2=35.0, η2=0.02, inner_steps=1, epochs=5, batches/epoch=141

  [Client 19] Starting Hier-pFedMe | λ2=35.0, η2=0.02, inner_steps=1, epochs=5, batches/epoch=141
  [Client 17] Round 16 | Hier-pFedMe(λ2=35.0, K=1) | loss=0.0223
  [Client 11] Round 16 | Hier-pFedMe(λ2=35.0, K=1) | loss=0.0177
  [Client 14] Round 16 | Hier-pFedMe(λ2=35.0, K=1) | loss=0.0294
  [Client 19] Round 16 | Hier-pFedMe(λ2=35.0, K=1) | loss=0.0133
  [Edge 1] G16 | E2 | loss=0.0206
  [Edge 1] G16 | E3 | Hier-pFedMe | Selected 10/10
  [Client 19] Received edge weights. Set local model to edge weights.
[C19] Test set: samples=750, class_dist={0: 66, 13: 168, 23: 137, 51: 86, 68: 65, 70: 82, 81: 64, 89: 82}
  [Client 13] Received edge weights. Set local model to edge weights.
[C13] Test set: samples=750, class_dist={8: 68, 9: 75, 20: 73, 37: 78, 39: 76, 48: 73, 59: 78, 68: 74, 86: 80, 90: 75}
  [Client 10] Received edge weights. Set local model to edge weights.
[C10] Test set: samples=750, class_dist={5: 74, 9: 72, 51: 87, 54: 76, 57: 149, 84: 72, 89: 78, 92: 60, 94: 82}
  [Client 16] Received edge weights. Set local model to edge weights.
[C16] Test set: samples=750, class_dist={20: 75, 22: 88, 28: 62, 52: 153, 53: 84, 59: 67, 70: 71, 76: 65, 82: 85}
  [Client 14] Received edge weights. Set local model to edge weights.
[C14] Test set: samples=750, class_dist={22: 68, 33: 80, 40: 81, 49: 71, 56: 79, 62: 143, 83: 80, 85: 69, 87: 79}
  [Client 18] Received edge weights. Set local model to edge weights.
[C18] Test set: samples=750, class_dist={0: 71, 5: 79, 8: 79, 16: 71, 25: 72, 76: 70, 84: 81, 86: 67, 92: 81, 96: 79}
  [Client 15] Received edge weights. Set local model to edge weights.
[C15] Test set: samples=750, class_dist={25: 79, 28: 75, 33: 65, 39: 81, 47: 75, 53: 72, 60: 73, 81: 75, 90: 77, 94: 78}
  [Client 11] Received edge weights. Set local model to edge weights.
[C11] Test set: samples=750, class_dist={10: 175, 12: 136, 16: 85, 17: 77, 37: 65, 40: 70, 82: 70, 87: 72}
  [Client 12] Received edge weights. Set local model to edge weights.
[C12] Test set: samples=750, class_dist={17: 72, 41: 154, 47: 72, 48: 78, 54: 85, 58: 68, 69: 83, 83: 72, 96: 66}
  [Client 17] Received edge weights. Set local model to edge weights.
[C17] Test set: samples=750, class_dist={49: 73, 56: 69, 58: 67, 60: 82, 61: 143, 69: 96, 71: 151, 85: 69}
  [Client 13] Starting Hier-pFedMe | λ2=35.0, η2=0.02, inner_steps=1, epochs=5, batches/epoch=141
  [Client 16] Starting Hier-pFedMe | λ2=35.0, η2=0.02, inner_steps=1, epochs=5, batches/epoch=141  [Client 10] Starting Hier-pFedMe | λ2=35.0, η2=0.02, inner_steps=1, epochs=5, batches/epoch=141  [Client 19] Starting Hier-pFedMe | λ2=35.0, η2=0.02, inner_steps=1, epochs=5, batches/epoch=141


  [Client 13] Round 16 | Hier-pFedMe(λ2=35.0, K=1) | loss=0.0160
  [Client 14] Starting Hier-pFedMe | λ2=35.0, η2=0.02, inner_steps=1, epochs=5, batches/epoch=141
  [Client 19] Round 16 | Hier-pFedMe(λ2=35.0, K=1) | loss=0.0130  [Client 10] Round 16 | Hier-pFedMe(λ2=35.0, K=1) | loss=0.0290
  [Client 16] Round 16 | Hier-pFedMe(λ2=35.0, K=1) | loss=0.0194
  [Client 18] Starting Hier-pFedMe | λ2=35.0, η2=0.02, inner_steps=1, epochs=5, batches/epoch=141
  [Client 15] Starting Hier-pFedMe | λ2=35.0, η2=0.02, inner_steps=1, epochs=5, batches/epoch=141

  [Client 11] Starting Hier-pFedMe | λ2=35.0, η2=0.02, inner_steps=1, epochs=5, batches/epoch=141
  [Client 14] Round 16 | Hier-pFedMe(λ2=35.0, K=1) | loss=0.0319
  [Client 12] Starting Hier-pFedMe | λ2=35.0, η2=0.02, inner_steps=1, epochs=5, batches/epoch=141
  [Client 15] Round 16 | Hier-pFedMe(λ2=35.0, K=1) | loss=0.0315
  [Client 17] Starting Hier-pFedMe | λ2=35.0, η2=0.02, inner_steps=1, epochs=5, batches/epoch=141
  [Client 18] Round 16 | Hier-pFedMe(λ2=35.0, K=1) | loss=0.0216  [Client 11] Round 16 | Hier-pFedMe(λ2=35.0, K=1) | loss=0.0449

  [Client 12] Round 16 | Hier-pFedMe(λ2=35.0, K=1) | loss=0.0172
  [Client 17] Round 16 | Hier-pFedMe(λ2=35.0, K=1) | loss=0.0242
  [Edge 1] G16 | E3 | loss=0.0249
  [Edge 1] G16 | E4 | Hier-pFedMe | Selected 10/10
  [Client 16] Received edge weights. Set local model to edge weights.
[C16] Test set: samples=750, class_dist={20: 75, 22: 88, 28: 62, 52: 153, 53: 84, 59: 67, 70: 71, 76: 65, 82: 85}
  [Client 10] Received edge weights. Set local model to edge weights.
[C10] Test set: samples=750, class_dist={5: 74, 9: 72, 51: 87, 54: 76, 57: 149, 84: 72, 89: 78, 92: 60, 94: 82}
  [Client 17] Received edge weights. Set local model to edge weights.
[C17] Test set: samples=750, class_dist={49: 73, 56: 69, 58: 67, 60: 82, 61: 143, 69: 96, 71: 151, 85: 69}
  [Client 18] Received edge weights. Set local model to edge weights.
[C18] Test set: samples=750, class_dist={0: 71, 5: 79, 8: 79, 16: 71, 25: 72, 76: 70, 84: 81, 86: 67, 92: 81, 96: 79}
  [Client 14] Received edge weights. Set local model to edge weights.
[C14] Test set: samples=750, class_dist={22: 68, 33: 80, 40: 81, 49: 71, 56: 79, 62: 143, 83: 80, 85: 69, 87: 79}
  [Client 11] Received edge weights. Set local model to edge weights.
[C11] Test set: samples=750, class_dist={10: 175, 12: 136, 16: 85, 17: 77, 37: 65, 40: 70, 82: 70, 87: 72}
  [Client 13] Received edge weights. Set local model to edge weights.
[C13] Test set: samples=750, class_dist={8: 68, 9: 75, 20: 73, 37: 78, 39: 76, 48: 73, 59: 78, 68: 74, 86: 80, 90: 75}
  [Client 19] Received edge weights. Set local model to edge weights.
[C19] Test set: samples=750, class_dist={0: 66, 13: 168, 23: 137, 51: 86, 68: 65, 70: 82, 81: 64, 89: 82}
  [Client 12] Received edge weights. Set local model to edge weights.
[C12] Test set: samples=750, class_dist={17: 72, 41: 154, 47: 72, 48: 78, 54: 85, 58: 68, 69: 83, 83: 72, 96: 66}
  [Client 15] Received edge weights. Set local model to edge weights.
[C15] Test set: samples=750, class_dist={25: 79, 28: 75, 33: 65, 39: 81, 47: 75, 53: 72, 60: 73, 81: 75, 90: 77, 94: 78}
  [Client 16] Starting Hier-pFedMe | λ2=35.0, η2=0.02, inner_steps=1, epochs=5, batches/epoch=141  [Client 10] Starting Hier-pFedMe | λ2=35.0, η2=0.02, inner_steps=1, epochs=5, batches/epoch=141  [Client 17] Starting Hier-pFedMe | λ2=35.0, η2=0.02, inner_steps=1, epochs=5, batches/epoch=141  [Client 18] Starting Hier-pFedMe | λ2=35.0, η2=0.02, inner_steps=1, epochs=5, batches/epoch=141



  [Client 16] Round 16 | Hier-pFedMe(λ2=35.0, K=1) | loss=0.0124
  [Client 14] Starting Hier-pFedMe | λ2=35.0, η2=0.02, inner_steps=1, epochs=5, batches/epoch=141
  [Client 10] Round 16 | Hier-pFedMe(λ2=35.0, K=1) | loss=0.0116
  [Client 11] Starting Hier-pFedMe | λ2=35.0, η2=0.02, inner_steps=1, epochs=5, batches/epoch=141
  [Client 17] Round 16 | Hier-pFedMe(λ2=35.0, K=1) | loss=0.0327
  [Client 13] Starting Hier-pFedMe | λ2=35.0, η2=0.02, inner_steps=1, epochs=5, batches/epoch=141
  [Client 18] Round 16 | Hier-pFedMe(λ2=35.0, K=1) | loss=0.0338
  [Client 19] Starting Hier-pFedMe | λ2=35.0, η2=0.02, inner_steps=1, epochs=5, batches/epoch=141
  [Client 14] Round 16 | Hier-pFedMe(λ2=35.0, K=1) | loss=0.0209
  [Client 12] Starting Hier-pFedMe | λ2=35.0, η2=0.02, inner_steps=1, epochs=5, batches/epoch=141
  [Client 11] Round 16 | Hier-pFedMe(λ2=35.0, K=1) | loss=0.0268
  [Client 15] Starting Hier-pFedMe | λ2=35.0, η2=0.02, inner_steps=1, epochs=5, batches/epoch=141  [Client 13] Round 16 | Hier-pFedMe(λ2=35.0, K=1) | loss=0.0209

  [Client 19] Round 16 | Hier-pFedMe(λ2=35.0, K=1) | loss=0.0111
  [Client 12] Round 16 | Hier-pFedMe(λ2=35.0, K=1) | loss=0.0140
  [Client 15] Round 16 | Hier-pFedMe(λ2=35.0, K=1) | loss=0.0203
  [Edge 1] G16 | E4 | loss=0.0204
  [Edge 1] G16 | E5 | Hier-pFedMe | Selected 10/10
  [Client 18] Received edge weights. Set local model to edge weights.
[C18] Test set: samples=750, class_dist={0: 71, 5: 79, 8: 79, 16: 71, 25: 72, 76: 70, 84: 81, 86: 67, 92: 81, 96: 79}
  [Client 14] Received edge weights. Set local model to edge weights.
[C14] Test set: samples=750, class_dist={22: 68, 33: 80, 40: 81, 49: 71, 56: 79, 62: 143, 83: 80, 85: 69, 87: 79}
  [Client 16] Received edge weights. Set local model to edge weights.
[C16] Test set: samples=750, class_dist={20: 75, 22: 88, 28: 62, 52: 153, 53: 84, 59: 67, 70: 71, 76: 65, 82: 85}
  [Client 10] Received edge weights. Set local model to edge weights.
[C10] Test set: samples=750, class_dist={5: 74, 9: 72, 51: 87, 54: 76, 57: 149, 84: 72, 89: 78, 92: 60, 94: 82}
  [Client 12] Received edge weights. Set local model to edge weights.
[C12] Test set: samples=750, class_dist={17: 72, 41: 154, 47: 72, 48: 78, 54: 85, 58: 68, 69: 83, 83: 72, 96: 66}
  [Client 19] Received edge weights. Set local model to edge weights.
[C19] Test set: samples=750, class_dist={0: 66, 13: 168, 23: 137, 51: 86, 68: 65, 70: 82, 81: 64, 89: 82}
  [Client 17] Received edge weights. Set local model to edge weights.
[C17] Test set: samples=750, class_dist={49: 73, 56: 69, 58: 67, 60: 82, 61: 143, 69: 96, 71: 151, 85: 69}
  [Client 15] Received edge weights. Set local model to edge weights.
[C15] Test set: samples=750, class_dist={25: 79, 28: 75, 33: 65, 39: 81, 47: 75, 53: 72, 60: 73, 81: 75, 90: 77, 94: 78}
  [Client 11] Received edge weights. Set local model to edge weights.
[C11] Test set: samples=750, class_dist={10: 175, 12: 136, 16: 85, 17: 77, 37: 65, 40: 70, 82: 70, 87: 72}
  [Client 13] Received edge weights. Set local model to edge weights.
[C13] Test set: samples=750, class_dist={8: 68, 9: 75, 20: 73, 37: 78, 39: 76, 48: 73, 59: 78, 68: 74, 86: 80, 90: 75}
  [Client 18] Starting Hier-pFedMe | λ2=35.0, η2=0.02, inner_steps=1, epochs=5, batches/epoch=141  [Client 14] Starting Hier-pFedMe | λ2=35.0, η2=0.02, inner_steps=1, epochs=5, batches/epoch=141  [Client 16] Starting Hier-pFedMe | λ2=35.0, η2=0.02, inner_steps=1, epochs=5, batches/epoch=141  [Client 10] Starting Hier-pFedMe | λ2=35.0, η2=0.02, inner_steps=1, epochs=5, batches/epoch=141



  [Client 16] Round 16 | Hier-pFedMe(λ2=35.0, K=1) | loss=0.0219
  [Client 12] Starting Hier-pFedMe | λ2=35.0, η2=0.02, inner_steps=1, epochs=5, batches/epoch=141
  [Client 18] Round 16 | Hier-pFedMe(λ2=35.0, K=1) | loss=0.0130  [Client 14] Round 16 | Hier-pFedMe(λ2=35.0, K=1) | loss=0.0279

  [Client 19] Starting Hier-pFedMe | λ2=35.0, η2=0.02, inner_steps=1, epochs=5, batches/epoch=141  [Client 10] Round 16 | Hier-pFedMe(λ2=35.0, K=1) | loss=0.0224  [Client 17] Starting Hier-pFedMe | λ2=35.0, η2=0.02, inner_steps=1, epochs=5, batches/epoch=141


  [Client 15] Starting Hier-pFedMe | λ2=35.0, η2=0.02, inner_steps=1, epochs=5, batches/epoch=141
  [Client 12] Round 16 | Hier-pFedMe(λ2=35.0, K=1) | loss=0.0182
  [Client 11] Starting Hier-pFedMe | λ2=35.0, η2=0.02, inner_steps=1, epochs=5, batches/epoch=141
  [Client 15] Round 16 | Hier-pFedMe(λ2=35.0, K=1) | loss=0.0181
  [Client 13] Starting Hier-pFedMe | λ2=35.0, η2=0.02, inner_steps=1, epochs=5, batches/epoch=141
  [Client 17] Round 16 | Hier-pFedMe(λ2=35.0, K=1) | loss=0.0315
  [Client 19] Round 16 | Hier-pFedMe(λ2=35.0, K=1) | loss=0.0145
  [Client 11] Round 16 | Hier-pFedMe(λ2=35.0, K=1) | loss=0.0305
  [Client 13] Round 16 | Hier-pFedMe(λ2=35.0, K=1) | loss=0.0150
  [Edge 1] G16 | E5 | loss=0.0213
  [Cloud] Using Hier-pFedMe global aggregation (式 9).
[C0] n=750 | classes=[6, 18, 29, 30, 34, 43, 44, 55, 64, 66] | acc=0.4493 | per_class={6: '0.45', 18: '0.43', 29: '0.49', 30: '0.70', 34: '0.41', 43: '0.49', 44: '0.27', 55: '0.27', 64: '0.37', 66: '0.61'}
[C1] n=750 | classes=[1, 11, 26, 27, 29, 32, 73, 75, 99] | acc=0.6040 | per_class={1: '0.65', 11: '0.55', 26: '0.47', 27: '0.49', 29: '0.57', 32: '0.49', 73: '0.69', 75: '0.81', 99: '0.66'}
[C2] n=750 | classes=[35, 36, 38, 42, 50, 64, 72, 77, 97, 98] | acc=0.4000 | per_class={35: '0.38', 36: '0.57', 38: '0.39', 42: '0.48', 50: '0.31', 64: '0.33', 72: '0.47', 77: '0.35', 97: '0.46', 98: '0.28'}
[C3] n=750 | classes=[4, 6, 7, 14, 21, 35, 38, 65, 80] | acc=0.4800 | per_class={4: '0.29', 6: '0.45', 7: '0.68', 14: '0.40', 21: '0.64', 35: '0.62', 38: '0.43', 65: '0.37', 80: '0.30'}
[C4] n=750 | classes=[19, 31, 42, 43, 63, 66, 72, 79, 91, 98] | acc=0.5200 | per_class={19: '0.50', 31: '0.38', 42: '0.51', 43: '0.53', 63: '0.47', 66: '0.38', 72: '0.53', 79: '0.54', 91: '0.70', 98: '0.67'}
[C5] n=750 | classes=[4, 15, 19, 34, 45, 63, 74, 91, 93, 95] | acc=0.4947 | per_class={4: '0.39', 15: '0.49', 19: '0.38', 34: '0.44', 45: '0.62', 63: '0.46', 74: '0.43', 91: '0.59', 93: '0.47', 95: '0.75'}
[C6] n=750 | classes=[11, 18, 21, 32, 44, 46, 78, 88, 97] | acc=0.4747 | per_class={11: '0.40', 18: '0.48', 21: '0.63', 32: '0.58', 44: '0.36', 46: '0.23', 78: '0.55', 88: '0.49', 97: '0.46'}
[C7] n=750 | classes=[24, 31, 36, 45, 46, 50, 67, 73, 74, 80] | acc=0.5120 | per_class={24: '0.75', 31: '0.61', 36: '0.60', 45: '0.53', 46: '0.43', 50: '0.27', 67: '0.42', 73: '0.68', 74: '0.43', 80: '0.45'}
[C8] n=750 | classes=[1, 14, 24, 26, 30, 65, 75, 88, 93, 95] | acc=0.5587 | per_class={1: '0.70', 14: '0.61', 24: '0.85', 26: '0.52', 30: '0.53', 65: '0.45', 75: '0.66', 88: '0.49', 93: '0.29', 95: '0.53'}
[C9] n=750 | classes=[2, 3, 15, 27, 55, 67, 77, 79] | acc=0.5560 | per_class={2: '0.69', 3: '0.64', 15: '0.44', 27: '0.61', 55: '0.22', 67: '0.68', 77: '0.38', 79: '0.50'}
[C10] n=750 | classes=[5, 9, 51, 54, 57, 84, 89, 92, 94] | acc=0.6000 | per_class={5: '0.53', 9: '0.54', 51: '0.61', 54: '0.53', 57: '0.66', 84: '0.39', 89: '0.74', 92: '0.58', 94: '0.72'}
[C11] n=750 | classes=[10, 12, 16, 17, 37, 40, 82, 87] | acc=0.6000 | per_class={10: '0.70', 12: '0.65', 16: '0.44', 17: '0.68', 37: '0.31', 40: '0.53', 82: '0.91', 87: '0.40'}
[C12] n=750 | classes=[17, 41, 47, 48, 54, 58, 69, 83, 96] | acc=0.7347 | per_class={17: '0.83', 41: '0.77', 47: '0.69', 48: '0.62', 54: '0.73', 58: '0.74', 69: '0.76', 83: '0.82', 96: '0.62'}
[C13] n=750 | classes=[8, 9, 20, 37, 39, 48, 59, 68, 86, 90] | acc=0.6080 | per_class={8: '0.51', 9: '0.63', 20: '0.73', 37: '0.51', 39: '0.66', 48: '0.55', 59: '0.73', 68: '0.85', 86: '0.45', 90: '0.47'}
[C14] n=750 | classes=[22, 33, 40, 49, 56, 62, 83, 85, 87] | acc=0.7040 | per_class={22: '0.53', 33: '0.69', 40: '0.57', 49: '0.92', 56: '0.87', 62: '0.87', 83: '0.55', 85: '0.74', 87: '0.47'}
[C15] n=750 | classes=[25, 28, 33, 39, 47, 53, 60, 81, 90, 94] | acc=0.6747 | per_class={25: '0.43', 28: '0.63', 33: '0.65', 39: '0.60', 47: '0.83', 53: '0.93', 60: '0.92', 81: '0.52', 90: '0.56', 94: '0.72'}
[C16] n=750 | classes=[20, 22, 28, 52, 53, 59, 70, 76, 82] | acc=0.7640 | per_class={20: '0.80', 22: '0.61', 28: '0.65', 52: '0.84', 53: '0.89', 59: '0.45', 70: '0.79', 76: '0.86', 82: '0.86'}
[C17] n=750 | classes=[49, 56, 58, 60, 61, 69, 71, 85] | acc=0.7467 | per_class={49: '0.63', 56: '0.78', 58: '0.66', 60: '0.72', 61: '0.92', 69: '0.69', 71: '0.74', 85: '0.68'}
[C18] n=750 | classes=[0, 5, 8, 16, 25, 76, 84, 86, 92, 96] | acc=0.6253 | per_class={0: '0.75', 5: '0.51', 8: '0.66', 16: '0.38', 25: '0.46', 76: '0.83', 84: '0.40', 86: '0.63', 92: '0.77', 96: '0.89'}
[C19] n=750 | classes=[0, 13, 23, 51, 68, 70, 81, 89] | acc=0.6880 | per_class={0: '0.82', 13: '0.60', 23: '0.83', 51: '0.70', 68: '0.83', 70: '0.74', 81: '0.34', 89: '0.61'}
  [Cloud] GM=0.1934 | EM=0.2727 PM=0.5897 | loss=5.7254 | time=117.4s | comm=719.6MB (total=11514MB)

[Round  17] Broadcasting to 2 edges...
  [Edge 0] W_n reset to global weights for new round.
  [Edge 1] W_n reset to global weights for new round.
  [Edge 0] G17 | E1 | Hier-pFedMe | Selected 10/10
  [Client  4] Received edge weights. Set local model to edge weights.
[C4] Test set: samples=750, class_dist={19: 72, 31: 69, 42: 76, 43: 75, 63: 80, 66: 80, 72: 74, 79: 81, 91: 77, 98: 66}
  [Client  7] Received edge weights. Set local model to edge weights.
[C7] Test set: samples=750, class_dist={24: 68, 31: 72, 36: 73, 45: 74, 46: 76, 50: 79, 67: 92, 73: 75, 74: 61, 80: 80}
  [Client  6] Received edge weights. Set local model to edge weights.
[C6] Test set: samples=750, class_dist={11: 70, 18: 85, 21: 73, 32: 89, 44: 80, 46: 73, 78: 127, 88: 85, 97: 68}
  [Client  0] Received edge weights. Set local model to edge weights.
[C0] Test set: samples=750, class_dist={6: 83, 18: 67, 29: 71, 30: 73, 34: 78, 43: 77, 44: 71, 55: 71, 64: 82, 66: 77}
  [Client  3] Received edge weights. Set local model to edge weights.
[C3] Test set: samples=750, class_dist={4: 80, 6: 65, 7: 146, 14: 82, 21: 76, 35: 63, 38: 70, 65: 89, 80: 79}
  [Client  9] Received edge weights. Set local model to edge weights.
[C9] Test set: samples=750, class_dist={2: 167, 3: 151, 15: 78, 27: 67, 55: 68, 67: 71, 77: 66, 79: 82}
  [Client  1] Received edge weights. Set local model to edge weights.
[C1] Test set: samples=750, class_dist={1: 75, 11: 80, 26: 83, 27: 68, 29: 75, 32: 70, 73: 71, 75: 79, 99: 149}
  [Client  8] Received edge weights. Set local model to edge weights.
[C8] Test set: samples=750, class_dist={1: 60, 14: 77, 24: 79, 26: 71, 30: 76, 65: 78, 75: 62, 88: 91, 93: 73, 95: 83}
  [Client  2] Received edge weights. Set local model to edge weights.
[C2] Test set: samples=750, class_dist={35: 80, 36: 63, 38: 79, 42: 77, 50: 77, 64: 79, 72: 80, 77: 72, 97: 72, 98: 71}
  [Client  5] Received edge weights. Set local model to edge weights.
[C5] Test set: samples=750, class_dist={4: 76, 15: 79, 19: 73, 34: 66, 45: 81, 63: 90, 74: 77, 91: 69, 93: 86, 95: 53}
  [Client  4] Starting Hier-pFedMe | λ2=35.0, η2=0.02, inner_steps=1, epochs=5, batches/epoch=141  [Client  0] Starting Hier-pFedMe | λ2=35.0, η2=0.02, inner_steps=1, epochs=5, batches/epoch=141
  [Client  7] Starting Hier-pFedMe | λ2=35.0, η2=0.02, inner_steps=1, epochs=5, batches/epoch=141

  [Client  6] Starting Hier-pFedMe | λ2=35.0, η2=0.02, inner_steps=1, epochs=5, batches/epoch=141
  [Client  0] Round 17 | Hier-pFedMe(λ2=35.0, K=1) | loss=0.0491
  [Client  3] Starting Hier-pFedMe | λ2=35.0, η2=0.02, inner_steps=1, epochs=5, batches/epoch=141
  [Client  4] Round 17 | Hier-pFedMe(λ2=35.0, K=1) | loss=0.0526
  [Client  7] Round 17 | Hier-pFedMe(λ2=35.0, K=1) | loss=0.0424  [Client  6] Round 17 | Hier-pFedMe(λ2=35.0, K=1) | loss=0.0577
  [Client  9] Starting Hier-pFedMe | λ2=35.0, η2=0.02, inner_steps=1, epochs=5, batches/epoch=141
  [Client  1] Starting Hier-pFedMe | λ2=35.0, η2=0.02, inner_steps=1, epochs=5, batches/epoch=141

  [Client  8] Starting Hier-pFedMe | λ2=35.0, η2=0.02, inner_steps=1, epochs=5, batches/epoch=141
  [Client  3] Round 17 | Hier-pFedMe(λ2=35.0, K=1) | loss=0.0547
  [Client  2] Starting Hier-pFedMe | λ2=35.0, η2=0.02, inner_steps=1, epochs=5, batches/epoch=141
  [Client  1] Round 17 | Hier-pFedMe(λ2=35.0, K=1) | loss=0.0467
  [Client  5] Starting Hier-pFedMe | λ2=35.0, η2=0.02, inner_steps=1, epochs=5, batches/epoch=141
  [Client  8] Round 17 | Hier-pFedMe(λ2=35.0, K=1) | loss=0.0364
  [Client  9] Round 17 | Hier-pFedMe(λ2=35.0, K=1) | loss=0.0473
  [Client  2] Round 17 | Hier-pFedMe(λ2=35.0, K=1) | loss=0.0662
  [Client  5] Round 17 | Hier-pFedMe(λ2=35.0, K=1) | loss=0.0561
  [Edge 0] G17 | E1 | loss=0.0509
  [Edge 0] G17 | E2 | Hier-pFedMe | Selected 10/10
  [Client  0] Received edge weights. Set local model to edge weights.
[C0] Test set: samples=750, class_dist={6: 83, 18: 67, 29: 71, 30: 73, 34: 78, 43: 77, 44: 71, 55: 71, 64: 82, 66: 77}
  [Client  7] Received edge weights. Set local model to edge weights.
[C7] Test set: samples=750, class_dist={24: 68, 31: 72, 36: 73, 45: 74, 46: 76, 50: 79, 67: 92, 73: 75, 74: 61, 80: 80}
  [Client  2] Received edge weights. Set local model to edge weights.
[C2] Test set: samples=750, class_dist={35: 80, 36: 63, 38: 79, 42: 77, 50: 77, 64: 79, 72: 80, 77: 72, 97: 72, 98: 71}
  [Client  3] Received edge weights. Set local model to edge weights.
[C3] Test set: samples=750, class_dist={4: 80, 6: 65, 7: 146, 14: 82, 21: 76, 35: 63, 38: 70, 65: 89, 80: 79}
  [Client  6] Received edge weights. Set local model to edge weights.
[C6] Test set: samples=750, class_dist={11: 70, 18: 85, 21: 73, 32: 89, 44: 80, 46: 73, 78: 127, 88: 85, 97: 68}
  [Client  1] Received edge weights. Set local model to edge weights.
[C1] Test set: samples=750, class_dist={1: 75, 11: 80, 26: 83, 27: 68, 29: 75, 32: 70, 73: 71, 75: 79, 99: 149}
  [Client  4] Received edge weights. Set local model to edge weights.
[C4] Test set: samples=750, class_dist={19: 72, 31: 69, 42: 76, 43: 75, 63: 80, 66: 80, 72: 74, 79: 81, 91: 77, 98: 66}
  [Client  5] Received edge weights. Set local model to edge weights.
[C5] Test set: samples=750, class_dist={4: 76, 15: 79, 19: 73, 34: 66, 45: 81, 63: 90, 74: 77, 91: 69, 93: 86, 95: 53}
  [Client  8] Received edge weights. Set local model to edge weights.
[C8] Test set: samples=750, class_dist={1: 60, 14: 77, 24: 79, 26: 71, 30: 76, 65: 78, 75: 62, 88: 91, 93: 73, 95: 83}
  [Client  9] Received edge weights. Set local model to edge weights.
[C9] Test set: samples=750, class_dist={2: 167, 3: 151, 15: 78, 27: 67, 55: 68, 67: 71, 77: 66, 79: 82}
  [Client  0] Starting Hier-pFedMe | λ2=35.0, η2=0.02, inner_steps=1, epochs=5, batches/epoch=141  [Client  2] Starting Hier-pFedMe | λ2=35.0, η2=0.02, inner_steps=1, epochs=5, batches/epoch=141  [Client  3] Starting Hier-pFedMe | λ2=35.0, η2=0.02, inner_steps=1, epochs=5, batches/epoch=141
  [Client  7] Starting Hier-pFedMe | λ2=35.0, η2=0.02, inner_steps=1, epochs=5, batches/epoch=141


  [Client  0] Round 17 | Hier-pFedMe(λ2=35.0, K=1) | loss=0.0207
  [Client  6] Starting Hier-pFedMe | λ2=35.0, η2=0.02, inner_steps=1, epochs=5, batches/epoch=141
  [Client  7] Round 17 | Hier-pFedMe(λ2=35.0, K=1) | loss=0.0277
  [Client  3] Round 17 | Hier-pFedMe(λ2=35.0, K=1) | loss=0.0197  [Client  1] Starting Hier-pFedMe | λ2=35.0, η2=0.02, inner_steps=1, epochs=5, batches/epoch=141

  [Client  4] Starting Hier-pFedMe | λ2=35.0, η2=0.02, inner_steps=1, epochs=5, batches/epoch=141
  [Client  2] Round 17 | Hier-pFedMe(λ2=35.0, K=1) | loss=0.0220
  [Client  5] Starting Hier-pFedMe | λ2=35.0, η2=0.02, inner_steps=1, epochs=5, batches/epoch=141
  [Client  6] Round 17 | Hier-pFedMe(λ2=35.0, K=1) | loss=0.0161
  [Client  8] Starting Hier-pFedMe | λ2=35.0, η2=0.02, inner_steps=1, epochs=5, batches/epoch=141
  [Client  4] Round 17 | Hier-pFedMe(λ2=35.0, K=1) | loss=0.0236
  [Client  9] Starting Hier-pFedMe | λ2=35.0, η2=0.02, inner_steps=1, epochs=5, batches/epoch=141
  [Client  1] Round 17 | Hier-pFedMe(λ2=35.0, K=1) | loss=0.0224
  [Client  5] Round 17 | Hier-pFedMe(λ2=35.0, K=1) | loss=0.0197
  [Client  8] Round 17 | Hier-pFedMe(λ2=35.0, K=1) | loss=0.0191
  [Client  9] Round 17 | Hier-pFedMe(λ2=35.0, K=1) | loss=0.0215
  [Edge 0] G17 | E2 | loss=0.0212
  [Edge 0] G17 | E3 | Hier-pFedMe | Selected 10/10
  [Client  1] Received edge weights. Set local model to edge weights.
[C1] Test set: samples=750, class_dist={1: 75, 11: 80, 26: 83, 27: 68, 29: 75, 32: 70, 73: 71, 75: 79, 99: 149}
  [Client  8] Received edge weights. Set local model to edge weights.
[C8] Test set: samples=750, class_dist={1: 60, 14: 77, 24: 79, 26: 71, 30: 76, 65: 78, 75: 62, 88: 91, 93: 73, 95: 83}
  [Client  4] Received edge weights. Set local model to edge weights.
[C4] Test set: samples=750, class_dist={19: 72, 31: 69, 42: 76, 43: 75, 63: 80, 66: 80, 72: 74, 79: 81, 91: 77, 98: 66}
  [Client  5] Received edge weights. Set local model to edge weights.
[C5] Test set: samples=750, class_dist={4: 76, 15: 79, 19: 73, 34: 66, 45: 81, 63: 90, 74: 77, 91: 69, 93: 86, 95: 53}
  [Client  3] Received edge weights. Set local model to edge weights.
[C3] Test set: samples=750, class_dist={4: 80, 6: 65, 7: 146, 14: 82, 21: 76, 35: 63, 38: 70, 65: 89, 80: 79}
  [Client  6] Received edge weights. Set local model to edge weights.
[C6] Test set: samples=750, class_dist={11: 70, 18: 85, 21: 73, 32: 89, 44: 80, 46: 73, 78: 127, 88: 85, 97: 68}
  [Client  0] Received edge weights. Set local model to edge weights.
[C0] Test set: samples=750, class_dist={6: 83, 18: 67, 29: 71, 30: 73, 34: 78, 43: 77, 44: 71, 55: 71, 64: 82, 66: 77}
  [Client  7] Received edge weights. Set local model to edge weights.
[C7] Test set: samples=750, class_dist={24: 68, 31: 72, 36: 73, 45: 74, 46: 76, 50: 79, 67: 92, 73: 75, 74: 61, 80: 80}
  [Client  2] Received edge weights. Set local model to edge weights.
[C2] Test set: samples=750, class_dist={35: 80, 36: 63, 38: 79, 42: 77, 50: 77, 64: 79, 72: 80, 77: 72, 97: 72, 98: 71}
  [Client  9] Received edge weights. Set local model to edge weights.
[C9] Test set: samples=750, class_dist={2: 167, 3: 151, 15: 78, 27: 67, 55: 68, 67: 71, 77: 66, 79: 82}
  [Client  1] Starting Hier-pFedMe | λ2=35.0, η2=0.02, inner_steps=1, epochs=5, batches/epoch=141
  [Client  8] Starting Hier-pFedMe | λ2=35.0, η2=0.02, inner_steps=1, epochs=5, batches/epoch=141  [Client  4] Starting Hier-pFedMe | λ2=35.0, η2=0.02, inner_steps=1, epochs=5, batches/epoch=141  [Client  5] Starting Hier-pFedMe | λ2=35.0, η2=0.02, inner_steps=1, epochs=5, batches/epoch=141


  [Client  8] Round 17 | Hier-pFedMe(λ2=35.0, K=1) | loss=0.0246
  [Client  3] Starting Hier-pFedMe | λ2=35.0, η2=0.02, inner_steps=1, epochs=5, batches/epoch=141
  [Client  1] Round 17 | Hier-pFedMe(λ2=35.0, K=1) | loss=0.0236  [Client  5] Round 17 | Hier-pFedMe(λ2=35.0, K=1) | loss=0.0171

  [Client  6] Starting Hier-pFedMe | λ2=35.0, η2=0.02, inner_steps=1, epochs=5, batches/epoch=141  [Client  4] Round 17 | Hier-pFedMe(λ2=35.0, K=1) | loss=0.0170  [Client  0] Starting Hier-pFedMe | λ2=35.0, η2=0.02, inner_steps=1, epochs=5, batches/epoch=141


  [Client  7] Starting Hier-pFedMe | λ2=35.0, η2=0.02, inner_steps=1, epochs=5, batches/epoch=141
  [Client  3] Round 17 | Hier-pFedMe(λ2=35.0, K=1) | loss=0.0406
  [Client  2] Starting Hier-pFedMe | λ2=35.0, η2=0.02, inner_steps=1, epochs=5, batches/epoch=141
  [Client  0] Round 17 | Hier-pFedMe(λ2=35.0, K=1) | loss=0.0258
  [Client  9] Starting Hier-pFedMe | λ2=35.0, η2=0.02, inner_steps=1, epochs=5, batches/epoch=141
  [Client  6] Round 17 | Hier-pFedMe(λ2=35.0, K=1) | loss=0.0259
  [Client  7] Round 17 | Hier-pFedMe(λ2=35.0, K=1) | loss=0.0333
  [Client  2] Round 17 | Hier-pFedMe(λ2=35.0, K=1) | loss=0.0293
  [Client  9] Round 17 | Hier-pFedMe(λ2=35.0, K=1) | loss=0.0374
  [Edge 0] G17 | E3 | loss=0.0275
  [Edge 0] G17 | E4 | Hier-pFedMe | Selected 10/10
  [Client  4] Received edge weights. Set local model to edge weights.
[C4] Test set: samples=750, class_dist={19: 72, 31: 69, 42: 76, 43: 75, 63: 80, 66: 80, 72: 74, 79: 81, 91: 77, 98: 66}
  [Client  0] Received edge weights. Set local model to edge weights.
[C0] Test set: samples=750, class_dist={6: 83, 18: 67, 29: 71, 30: 73, 34: 78, 43: 77, 44: 71, 55: 71, 64: 82, 66: 77}
  [Client  7] Received edge weights. Set local model to edge weights.
[C7] Test set: samples=750, class_dist={24: 68, 31: 72, 36: 73, 45: 74, 46: 76, 50: 79, 67: 92, 73: 75, 74: 61, 80: 80}
  [Client  1] Received edge weights. Set local model to edge weights.
[C1] Test set: samples=750, class_dist={1: 75, 11: 80, 26: 83, 27: 68, 29: 75, 32: 70, 73: 71, 75: 79, 99: 149}
  [Client  2] Received edge weights. Set local model to edge weights.
[C2] Test set: samples=750, class_dist={35: 80, 36: 63, 38: 79, 42: 77, 50: 77, 64: 79, 72: 80, 77: 72, 97: 72, 98: 71}
  [Client  5] Received edge weights. Set local model to edge weights.
[C5] Test set: samples=750, class_dist={4: 76, 15: 79, 19: 73, 34: 66, 45: 81, 63: 90, 74: 77, 91: 69, 93: 86, 95: 53}
  [Client  8] Received edge weights. Set local model to edge weights.
[C8] Test set: samples=750, class_dist={1: 60, 14: 77, 24: 79, 26: 71, 30: 76, 65: 78, 75: 62, 88: 91, 93: 73, 95: 83}
  [Client  6] Received edge weights. Set local model to edge weights.
[C6] Test set: samples=750, class_dist={11: 70, 18: 85, 21: 73, 32: 89, 44: 80, 46: 73, 78: 127, 88: 85, 97: 68}
  [Client  9] Received edge weights. Set local model to edge weights.
[C9] Test set: samples=750, class_dist={2: 167, 3: 151, 15: 78, 27: 67, 55: 68, 67: 71, 77: 66, 79: 82}
  [Client  3] Received edge weights. Set local model to edge weights.
[C3] Test set: samples=750, class_dist={4: 80, 6: 65, 7: 146, 14: 82, 21: 76, 35: 63, 38: 70, 65: 89, 80: 79}
  [Client  4] Starting Hier-pFedMe | λ2=35.0, η2=0.02, inner_steps=1, epochs=5, batches/epoch=141  [Client  0] Starting Hier-pFedMe | λ2=35.0, η2=0.02, inner_steps=1, epochs=5, batches/epoch=141  [Client  7] Starting Hier-pFedMe | λ2=35.0, η2=0.02, inner_steps=1, epochs=5, batches/epoch=141
  [Client  1] Starting Hier-pFedMe | λ2=35.0, η2=0.02, inner_steps=1, epochs=5, batches/epoch=141


  [Client  7] Round 17 | Hier-pFedMe(λ2=35.0, K=1) | loss=0.0184  [Client  4] Round 17 | Hier-pFedMe(λ2=35.0, K=1) | loss=0.0162  [Client  0] Round 17 | Hier-pFedMe(λ2=35.0, K=1) | loss=0.0167

  [Client  1] Round 17 | Hier-pFedMe(λ2=35.0, K=1) | loss=0.0219
  [Client  2] Starting Hier-pFedMe | λ2=35.0, η2=0.02, inner_steps=1, epochs=5, batches/epoch=141  [Client  5] Starting Hier-pFedMe | λ2=35.0, η2=0.02, inner_steps=1, epochs=5, batches/epoch=141
  [Client  8] Starting Hier-pFedMe | λ2=35.0, η2=0.02, inner_steps=1, epochs=5, batches/epoch=141

  [Client  6] Starting Hier-pFedMe | λ2=35.0, η2=0.02, inner_steps=1, epochs=5, batches/epoch=141

  [Client  2] Round 17 | Hier-pFedMe(λ2=35.0, K=1) | loss=0.0171
  [Client  9] Starting Hier-pFedMe | λ2=35.0, η2=0.02, inner_steps=1, epochs=5, batches/epoch=141
  [Client  5] Round 17 | Hier-pFedMe(λ2=35.0, K=1) | loss=0.0160
  [Client  3] Starting Hier-pFedMe | λ2=35.0, η2=0.02, inner_steps=1, epochs=5, batches/epoch=141
  [Client  6] Round 17 | Hier-pFedMe(λ2=35.0, K=1) | loss=0.0172
  [Client  8] Round 17 | Hier-pFedMe(λ2=35.0, K=1) | loss=0.0183
  [Client  9] Round 17 | Hier-pFedMe(λ2=35.0, K=1) | loss=0.0191
  [Client  3] Round 17 | Hier-pFedMe(λ2=35.0, K=1) | loss=0.0251
  [Edge 0] G17 | E4 | loss=0.0186
  [Edge 0] G17 | E5 | Hier-pFedMe | Selected 10/10
  [Client  0] Received edge weights. Set local model to edge weights.
[C0] Test set: samples=750, class_dist={6: 83, 18: 67, 29: 71, 30: 73, 34: 78, 43: 77, 44: 71, 55: 71, 64: 82, 66: 77}
  [Client  3] Received edge weights. Set local model to edge weights.
[C3] Test set: samples=750, class_dist={4: 80, 6: 65, 7: 146, 14: 82, 21: 76, 35: 63, 38: 70, 65: 89, 80: 79}
  [Client  5] Received edge weights. Set local model to edge weights.
[C5] Test set: samples=750, class_dist={4: 76, 15: 79, 19: 73, 34: 66, 45: 81, 63: 90, 74: 77, 91: 69, 93: 86, 95: 53}
  [Client  1] Received edge weights. Set local model to edge weights.
[C1] Test set: samples=750, class_dist={1: 75, 11: 80, 26: 83, 27: 68, 29: 75, 32: 70, 73: 71, 75: 79, 99: 149}
  [Client  7] Received edge weights. Set local model to edge weights.
[C7] Test set: samples=750, class_dist={24: 68, 31: 72, 36: 73, 45: 74, 46: 76, 50: 79, 67: 92, 73: 75, 74: 61, 80: 80}
  [Client  8] Received edge weights. Set local model to edge weights.
[C8] Test set: samples=750, class_dist={1: 60, 14: 77, 24: 79, 26: 71, 30: 76, 65: 78, 75: 62, 88: 91, 93: 73, 95: 83}
  [Client  4] Received edge weights. Set local model to edge weights.
[C4] Test set: samples=750, class_dist={19: 72, 31: 69, 42: 76, 43: 75, 63: 80, 66: 80, 72: 74, 79: 81, 91: 77, 98: 66}
  [Client  9] Received edge weights. Set local model to edge weights.
[C9] Test set: samples=750, class_dist={2: 167, 3: 151, 15: 78, 27: 67, 55: 68, 67: 71, 77: 66, 79: 82}
  [Client  6] Received edge weights. Set local model to edge weights.
[C6] Test set: samples=750, class_dist={11: 70, 18: 85, 21: 73, 32: 89, 44: 80, 46: 73, 78: 127, 88: 85, 97: 68}
  [Client  2] Received edge weights. Set local model to edge weights.
[C2] Test set: samples=750, class_dist={35: 80, 36: 63, 38: 79, 42: 77, 50: 77, 64: 79, 72: 80, 77: 72, 97: 72, 98: 71}
  [Client  3] Starting Hier-pFedMe | λ2=35.0, η2=0.02, inner_steps=1, epochs=5, batches/epoch=141
  [Client  0] Starting Hier-pFedMe | λ2=35.0, η2=0.02, inner_steps=1, epochs=5, batches/epoch=141
  [Client  1] Starting Hier-pFedMe | λ2=35.0, η2=0.02, inner_steps=1, epochs=5, batches/epoch=141  [Client  5] Starting Hier-pFedMe | λ2=35.0, η2=0.02, inner_steps=1, epochs=5, batches/epoch=141

  [Client  0] Round 17 | Hier-pFedMe(λ2=35.0, K=1) | loss=0.0186
  [Client  7] Starting Hier-pFedMe | λ2=35.0, η2=0.02, inner_steps=1, epochs=5, batches/epoch=141
  [Client  3] Round 17 | Hier-pFedMe(λ2=35.0, K=1) | loss=0.0185
  [Client  5] Round 17 | Hier-pFedMe(λ2=35.0, K=1) | loss=0.0163
  [Client  1] Round 17 | Hier-pFedMe(λ2=35.0, K=1) | loss=0.0195
  [Client  8] Starting Hier-pFedMe | λ2=35.0, η2=0.02, inner_steps=1, epochs=5, batches/epoch=141  [Client  4] Starting Hier-pFedMe | λ2=35.0, η2=0.02, inner_steps=1, epochs=5, batches/epoch=141
  [Client  9] Starting Hier-pFedMe | λ2=35.0, η2=0.02, inner_steps=1, epochs=5, batches/epoch=141

  [Client  7] Round 17 | Hier-pFedMe(λ2=35.0, K=1) | loss=0.0300
  [Client  6] Starting Hier-pFedMe | λ2=35.0, η2=0.02, inner_steps=1, epochs=5, batches/epoch=141
  [Client  4] Round 17 | Hier-pFedMe(λ2=35.0, K=1) | loss=0.0189
  [Client  2] Starting Hier-pFedMe | λ2=35.0, η2=0.02, inner_steps=1, epochs=5, batches/epoch=141
  [Client  9] Round 17 | Hier-pFedMe(λ2=35.0, K=1) | loss=0.0195  [Client  8] Round 17 | Hier-pFedMe(λ2=35.0, K=1) | loss=0.0257

  [Client  6] Round 17 | Hier-pFedMe(λ2=35.0, K=1) | loss=0.0307
  [Client  2] Round 17 | Hier-pFedMe(λ2=35.0, K=1) | loss=0.0336
  [Edge 0] G17 | E5 | loss=0.0231
  [Edge 1] G17 | E1 | Hier-pFedMe | Selected 10/10
  [Client 17] Received edge weights. Set local model to edge weights.
[C17] Test set: samples=750, class_dist={49: 73, 56: 69, 58: 67, 60: 82, 61: 143, 69: 96, 71: 151, 85: 69}
  [Client 11] Received edge weights. Set local model to edge weights.
[C11] Test set: samples=750, class_dist={10: 175, 12: 136, 16: 85, 17: 77, 37: 65, 40: 70, 82: 70, 87: 72}
  [Client 18] Received edge weights. Set local model to edge weights.
[C18] Test set: samples=750, class_dist={0: 71, 5: 79, 8: 79, 16: 71, 25: 72, 76: 70, 84: 81, 86: 67, 92: 81, 96: 79}
  [Client 14] Received edge weights. Set local model to edge weights.
[C14] Test set: samples=750, class_dist={22: 68, 33: 80, 40: 81, 49: 71, 56: 79, 62: 143, 83: 80, 85: 69, 87: 79}
  [Client 15] Received edge weights. Set local model to edge weights.
[C15] Test set: samples=750, class_dist={25: 79, 28: 75, 33: 65, 39: 81, 47: 75, 53: 72, 60: 73, 81: 75, 90: 77, 94: 78}
  [Client 12] Received edge weights. Set local model to edge weights.
[C12] Test set: samples=750, class_dist={17: 72, 41: 154, 47: 72, 48: 78, 54: 85, 58: 68, 69: 83, 83: 72, 96: 66}
  [Client 13] Received edge weights. Set local model to edge weights.
[C13] Test set: samples=750, class_dist={8: 68, 9: 75, 20: 73, 37: 78, 39: 76, 48: 73, 59: 78, 68: 74, 86: 80, 90: 75}
  [Client 10] Received edge weights. Set local model to edge weights.
[C10] Test set: samples=750, class_dist={5: 74, 9: 72, 51: 87, 54: 76, 57: 149, 84: 72, 89: 78, 92: 60, 94: 82}
  [Client 16] Received edge weights. Set local model to edge weights.
[C16] Test set: samples=750, class_dist={20: 75, 22: 88, 28: 62, 52: 153, 53: 84, 59: 67, 70: 71, 76: 65, 82: 85}
  [Client 19] Received edge weights. Set local model to edge weights.
[C19] Test set: samples=750, class_dist={0: 66, 13: 168, 23: 137, 51: 86, 68: 65, 70: 82, 81: 64, 89: 82}
  [Client 17] Starting Hier-pFedMe | λ2=35.0, η2=0.02, inner_steps=1, epochs=5, batches/epoch=141  [Client 11] Starting Hier-pFedMe | λ2=35.0, η2=0.02, inner_steps=1, epochs=5, batches/epoch=141
  [Client 18] Starting Hier-pFedMe | λ2=35.0, η2=0.02, inner_steps=1, epochs=5, batches/epoch=141  [Client 14] Starting Hier-pFedMe | λ2=35.0, η2=0.02, inner_steps=1, epochs=5, batches/epoch=141


  [Client 11] Round 17 | Hier-pFedMe(λ2=35.0, K=1) | loss=0.0688
  [Client 15] Starting Hier-pFedMe | λ2=35.0, η2=0.02, inner_steps=1, epochs=5, batches/epoch=141
  [Client 14] Round 17 | Hier-pFedMe(λ2=35.0, K=1) | loss=0.0698
  [Client 12] Starting Hier-pFedMe | λ2=35.0, η2=0.02, inner_steps=1, epochs=5, batches/epoch=141
  [Client 17] Round 17 | Hier-pFedMe(λ2=35.0, K=1) | loss=0.0485
  [Client 13] Starting Hier-pFedMe | λ2=35.0, η2=0.02, inner_steps=1, epochs=5, batches/epoch=141
  [Client 18] Round 17 | Hier-pFedMe(λ2=35.0, K=1) | loss=0.0393
  [Client 10] Starting Hier-pFedMe | λ2=35.0, η2=0.02, inner_steps=1, epochs=5, batches/epoch=141
  [Client 15] Round 17 | Hier-pFedMe(λ2=35.0, K=1) | loss=0.0567  [Client 13] Round 17 | Hier-pFedMe(λ2=35.0, K=1) | loss=0.0490

  [Client 16] Starting Hier-pFedMe | λ2=35.0, η2=0.02, inner_steps=1, epochs=5, batches/epoch=141
  [Client 12] Round 17 | Hier-pFedMe(λ2=35.0, K=1) | loss=0.0572  [Client 19] Starting Hier-pFedMe | λ2=35.0, η2=0.02, inner_steps=1, epochs=5, batches/epoch=141

  [Client 10] Round 17 | Hier-pFedMe(λ2=35.0, K=1) | loss=0.0800
  [Client 16] Round 17 | Hier-pFedMe(λ2=35.0, K=1) | loss=0.0582
  [Client 19] Round 17 | Hier-pFedMe(λ2=35.0, K=1) | loss=0.0554
  [Edge 1] G17 | E1 | loss=0.0583
  [Edge 1] G17 | E2 | Hier-pFedMe | Selected 10/10
  [Client 17] Received edge weights. Set local model to edge weights.
[C17] Test set: samples=750, class_dist={49: 73, 56: 69, 58: 67, 60: 82, 61: 143, 69: 96, 71: 151, 85: 69}
  [Client 15] Received edge weights. Set local model to edge weights.
[C15] Test set: samples=750, class_dist={25: 79, 28: 75, 33: 65, 39: 81, 47: 75, 53: 72, 60: 73, 81: 75, 90: 77, 94: 78}
  [Client 10] Received edge weights. Set local model to edge weights.
[C10] Test set: samples=750, class_dist={5: 74, 9: 72, 51: 87, 54: 76, 57: 149, 84: 72, 89: 78, 92: 60, 94: 82}
  [Client 11] Received edge weights. Set local model to edge weights.
[C11] Test set: samples=750, class_dist={10: 175, 12: 136, 16: 85, 17: 77, 37: 65, 40: 70, 82: 70, 87: 72}
  [Client 19] Received edge weights. Set local model to edge weights.
[C19] Test set: samples=750, class_dist={0: 66, 13: 168, 23: 137, 51: 86, 68: 65, 70: 82, 81: 64, 89: 82}
  [Client 14] Received edge weights. Set local model to edge weights.
[C14] Test set: samples=750, class_dist={22: 68, 33: 80, 40: 81, 49: 71, 56: 79, 62: 143, 83: 80, 85: 69, 87: 79}
  [Client 13] Received edge weights. Set local model to edge weights.
[C13] Test set: samples=750, class_dist={8: 68, 9: 75, 20: 73, 37: 78, 39: 76, 48: 73, 59: 78, 68: 74, 86: 80, 90: 75}
  [Client 18] Received edge weights. Set local model to edge weights.
[C18] Test set: samples=750, class_dist={0: 71, 5: 79, 8: 79, 16: 71, 25: 72, 76: 70, 84: 81, 86: 67, 92: 81, 96: 79}
  [Client 12] Received edge weights. Set local model to edge weights.
[C12] Test set: samples=750, class_dist={17: 72, 41: 154, 47: 72, 48: 78, 54: 85, 58: 68, 69: 83, 83: 72, 96: 66}
  [Client 16] Received edge weights. Set local model to edge weights.
[C16] Test set: samples=750, class_dist={20: 75, 22: 88, 28: 62, 52: 153, 53: 84, 59: 67, 70: 71, 76: 65, 82: 85}
  [Client 17] Starting Hier-pFedMe | λ2=35.0, η2=0.02, inner_steps=1, epochs=5, batches/epoch=141  [Client 15] Starting Hier-pFedMe | λ2=35.0, η2=0.02, inner_steps=1, epochs=5, batches/epoch=141
  [Client 10] Starting Hier-pFedMe | λ2=35.0, η2=0.02, inner_steps=1, epochs=5, batches/epoch=141
  [Client 11] Starting Hier-pFedMe | λ2=35.0, η2=0.02, inner_steps=1, epochs=5, batches/epoch=141

  [Client 15] Round 17 | Hier-pFedMe(λ2=35.0, K=1) | loss=0.0202
  [Client 19] Starting Hier-pFedMe | λ2=35.0, η2=0.02, inner_steps=1, epochs=5, batches/epoch=141
  [Client 11] Round 17 | Hier-pFedMe(λ2=35.0, K=1) | loss=0.0157  [Client 17] Round 17 | Hier-pFedMe(λ2=35.0, K=1) | loss=0.0202

  [Client 14] Starting Hier-pFedMe | λ2=35.0, η2=0.02, inner_steps=1, epochs=5, batches/epoch=141
  [Client 10] Round 17 | Hier-pFedMe(λ2=35.0, K=1) | loss=0.0177  [Client 13] Starting Hier-pFedMe | λ2=35.0, η2=0.02, inner_steps=1, epochs=5, batches/epoch=141

  [Client 18] Starting Hier-pFedMe | λ2=35.0, η2=0.02, inner_steps=1, epochs=5, batches/epoch=141
  [Client 19] Round 17 | Hier-pFedMe(λ2=35.0, K=1) | loss=0.0112
  [Client 12] Starting Hier-pFedMe | λ2=35.0, η2=0.02, inner_steps=1, epochs=5, batches/epoch=141
  [Client 14] Round 17 | Hier-pFedMe(λ2=35.0, K=1) | loss=0.0130
  [Client 16] Starting Hier-pFedMe | λ2=35.0, η2=0.02, inner_steps=1, epochs=5, batches/epoch=141
  [Client 13] Round 17 | Hier-pFedMe(λ2=35.0, K=1) | loss=0.0169
  [Client 18] Round 17 | Hier-pFedMe(λ2=35.0, K=1) | loss=0.0168
  [Client 12] Round 17 | Hier-pFedMe(λ2=35.0, K=1) | loss=0.0158
  [Client 16] Round 17 | Hier-pFedMe(λ2=35.0, K=1) | loss=0.0128
  [Edge 1] G17 | E2 | loss=0.0160
  [Edge 1] G17 | E3 | Hier-pFedMe | Selected 10/10
  [Client 14] Received edge weights. Set local model to edge weights.
[C14] Test set: samples=750, class_dist={22: 68, 33: 80, 40: 81, 49: 71, 56: 79, 62: 143, 83: 80, 85: 69, 87: 79}
  [Client 10] Received edge weights. Set local model to edge weights.
[C10] Test set: samples=750, class_dist={5: 74, 9: 72, 51: 87, 54: 76, 57: 149, 84: 72, 89: 78, 92: 60, 94: 82}
  [Client 17] Received edge weights. Set local model to edge weights.
[C17] Test set: samples=750, class_dist={49: 73, 56: 69, 58: 67, 60: 82, 61: 143, 69: 96, 71: 151, 85: 69}
  [Client 19] Received edge weights. Set local model to edge weights.
[C19] Test set: samples=750, class_dist={0: 66, 13: 168, 23: 137, 51: 86, 68: 65, 70: 82, 81: 64, 89: 82}
  [Client 13] Received edge weights. Set local model to edge weights.
[C13] Test set: samples=750, class_dist={8: 68, 9: 75, 20: 73, 37: 78, 39: 76, 48: 73, 59: 78, 68: 74, 86: 80, 90: 75}
  [Client 16] Received edge weights. Set local model to edge weights.
[C16] Test set: samples=750, class_dist={20: 75, 22: 88, 28: 62, 52: 153, 53: 84, 59: 67, 70: 71, 76: 65, 82: 85}
  [Client 11] Received edge weights. Set local model to edge weights.
[C11] Test set: samples=750, class_dist={10: 175, 12: 136, 16: 85, 17: 77, 37: 65, 40: 70, 82: 70, 87: 72}
  [Client 12] Received edge weights. Set local model to edge weights.
[C12] Test set: samples=750, class_dist={17: 72, 41: 154, 47: 72, 48: 78, 54: 85, 58: 68, 69: 83, 83: 72, 96: 66}
  [Client 15] Received edge weights. Set local model to edge weights.
[C15] Test set: samples=750, class_dist={25: 79, 28: 75, 33: 65, 39: 81, 47: 75, 53: 72, 60: 73, 81: 75, 90: 77, 94: 78}
  [Client 18] Received edge weights. Set local model to edge weights.
[C18] Test set: samples=750, class_dist={0: 71, 5: 79, 8: 79, 16: 71, 25: 72, 76: 70, 84: 81, 86: 67, 92: 81, 96: 79}
  [Client 14] Starting Hier-pFedMe | λ2=35.0, η2=0.02, inner_steps=1, epochs=5, batches/epoch=141  [Client 10] Starting Hier-pFedMe | λ2=35.0, η2=0.02, inner_steps=1, epochs=5, batches/epoch=141
  [Client 17] Starting Hier-pFedMe | λ2=35.0, η2=0.02, inner_steps=1, epochs=5, batches/epoch=141
  [Client 19] Starting Hier-pFedMe | λ2=35.0, η2=0.02, inner_steps=1, epochs=5, batches/epoch=141

  [Client 14] Round 17 | Hier-pFedMe(λ2=35.0, K=1) | loss=0.0231  [Client 10] Round 17 | Hier-pFedMe(λ2=35.0, K=1) | loss=0.0181

  [Client 13] Starting Hier-pFedMe | λ2=35.0, η2=0.02, inner_steps=1, epochs=5, batches/epoch=141  [Client 16] Starting Hier-pFedMe | λ2=35.0, η2=0.02, inner_steps=1, epochs=5, batches/epoch=141  [Client 19] Round 17 | Hier-pFedMe(λ2=35.0, K=1) | loss=0.0103  [Client 17] Round 17 | Hier-pFedMe(λ2=35.0, K=1) | loss=0.0281



  [Client 11] Starting Hier-pFedMe | λ2=35.0, η2=0.02, inner_steps=1, epochs=5, batches/epoch=141
  [Client 12] Starting Hier-pFedMe | λ2=35.0, η2=0.02, inner_steps=1, epochs=5, batches/epoch=141
  [Client 16] Round 17 | Hier-pFedMe(λ2=35.0, K=1) | loss=0.0169  [Client 13] Round 17 | Hier-pFedMe(λ2=35.0, K=1) | loss=0.0145

  [Client 11] Round 17 | Hier-pFedMe(λ2=35.0, K=1) | loss=0.0285  [Client 15] Starting Hier-pFedMe | λ2=35.0, η2=0.02, inner_steps=1, epochs=5, batches/epoch=141  [Client 18] Starting Hier-pFedMe | λ2=35.0, η2=0.02, inner_steps=1, epochs=5, batches/epoch=141


  [Client 12] Round 17 | Hier-pFedMe(λ2=35.0, K=1) | loss=0.0176
  [Client 18] Round 17 | Hier-pFedMe(λ2=35.0, K=1) | loss=0.0245
  [Client 15] Round 17 | Hier-pFedMe(λ2=35.0, K=1) | loss=0.0179
  [Edge 1] G17 | E3 | loss=0.0200
  [Edge 1] G17 | E4 | Hier-pFedMe | Selected 10/10
  [Client 18] Received edge weights. Set local model to edge weights.
[C18] Test set: samples=750, class_dist={0: 71, 5: 79, 8: 79, 16: 71, 25: 72, 76: 70, 84: 81, 86: 67, 92: 81, 96: 79}
  [Client 15] Received edge weights. Set local model to edge weights.
[C15] Test set: samples=750, class_dist={25: 79, 28: 75, 33: 65, 39: 81, 47: 75, 53: 72, 60: 73, 81: 75, 90: 77, 94: 78}
  [Client 10] Received edge weights. Set local model to edge weights.
[C10] Test set: samples=750, class_dist={5: 74, 9: 72, 51: 87, 54: 76, 57: 149, 84: 72, 89: 78, 92: 60, 94: 82}
  [Client 17] Received edge weights. Set local model to edge weights.
[C17] Test set: samples=750, class_dist={49: 73, 56: 69, 58: 67, 60: 82, 61: 143, 69: 96, 71: 151, 85: 69}
  [Client 16] Received edge weights. Set local model to edge weights.
[C16] Test set: samples=750, class_dist={20: 75, 22: 88, 28: 62, 52: 153, 53: 84, 59: 67, 70: 71, 76: 65, 82: 85}
  [Client 14] Received edge weights. Set local model to edge weights.
[C14] Test set: samples=750, class_dist={22: 68, 33: 80, 40: 81, 49: 71, 56: 79, 62: 143, 83: 80, 85: 69, 87: 79}
  [Client 19] Received edge weights. Set local model to edge weights.
[C19] Test set: samples=750, class_dist={0: 66, 13: 168, 23: 137, 51: 86, 68: 65, 70: 82, 81: 64, 89: 82}
  [Client 11] Received edge weights. Set local model to edge weights.
[C11] Test set: samples=750, class_dist={10: 175, 12: 136, 16: 85, 17: 77, 37: 65, 40: 70, 82: 70, 87: 72}
  [Client 12] Received edge weights. Set local model to edge weights.
[C12] Test set: samples=750, class_dist={17: 72, 41: 154, 47: 72, 48: 78, 54: 85, 58: 68, 69: 83, 83: 72, 96: 66}
  [Client 13] Received edge weights. Set local model to edge weights.
[C13] Test set: samples=750, class_dist={8: 68, 9: 75, 20: 73, 37: 78, 39: 76, 48: 73, 59: 78, 68: 74, 86: 80, 90: 75}
  [Client 18] Starting Hier-pFedMe | λ2=35.0, η2=0.02, inner_steps=1, epochs=5, batches/epoch=141
  [Client 15] Starting Hier-pFedMe | λ2=35.0, η2=0.02, inner_steps=1, epochs=5, batches/epoch=141  [Client 10] Starting Hier-pFedMe | λ2=35.0, η2=0.02, inner_steps=1, epochs=5, batches/epoch=141
  [Client 17] Starting Hier-pFedMe | λ2=35.0, η2=0.02, inner_steps=1, epochs=5, batches/epoch=141

  [Client 18] Round 17 | Hier-pFedMe(λ2=35.0, K=1) | loss=0.0138
  [Client 10] Round 17 | Hier-pFedMe(λ2=35.0, K=1) | loss=0.0426
  [Client 16] Starting Hier-pFedMe | λ2=35.0, η2=0.02, inner_steps=1, epochs=5, batches/epoch=141
  [Client 17] Round 17 | Hier-pFedMe(λ2=35.0, K=1) | loss=0.0197  [Client 14] Starting Hier-pFedMe | λ2=35.0, η2=0.02, inner_steps=1, epochs=5, batches/epoch=141

  [Client 19] Starting Hier-pFedMe | λ2=35.0, η2=0.02, inner_steps=1, epochs=5, batches/epoch=141
  [Client 15] Round 17 | Hier-pFedMe(λ2=35.0, K=1) | loss=0.0137
  [Client 11] Starting Hier-pFedMe | λ2=35.0, η2=0.02, inner_steps=1, epochs=5, batches/epoch=141
  [Client 14] Round 17 | Hier-pFedMe(λ2=35.0, K=1) | loss=0.0137  [Client 16] Round 17 | Hier-pFedMe(λ2=35.0, K=1) | loss=0.0352

  [Client 19] Round 17 | Hier-pFedMe(λ2=35.0, K=1) | loss=0.0125
  [Client 12] Starting Hier-pFedMe | λ2=35.0, η2=0.02, inner_steps=1, epochs=5, batches/epoch=141  [Client 13] Starting Hier-pFedMe | λ2=35.0, η2=0.02, inner_steps=1, epochs=5, batches/epoch=141

  [Client 11] Round 17 | Hier-pFedMe(λ2=35.0, K=1) | loss=0.0164
  [Client 13] Round 17 | Hier-pFedMe(λ2=35.0, K=1) | loss=0.0226  [Client 12] Round 17 | Hier-pFedMe(λ2=35.0, K=1) | loss=0.0132

  [Edge 1] G17 | E4 | loss=0.0203
  [Edge 1] G17 | E5 | Hier-pFedMe | Selected 10/10
  [Client 11] Received edge weights. Set local model to edge weights.
[C11] Test set: samples=750, class_dist={10: 175, 12: 136, 16: 85, 17: 77, 37: 65, 40: 70, 82: 70, 87: 72}
  [Client 17] Received edge weights. Set local model to edge weights.
[C17] Test set: samples=750, class_dist={49: 73, 56: 69, 58: 67, 60: 82, 61: 143, 69: 96, 71: 151, 85: 69}
  [Client 13] Received edge weights. Set local model to edge weights.
[C13] Test set: samples=750, class_dist={8: 68, 9: 75, 20: 73, 37: 78, 39: 76, 48: 73, 59: 78, 68: 74, 86: 80, 90: 75}
  [Client 12] Received edge weights. Set local model to edge weights.
[C12] Test set: samples=750, class_dist={17: 72, 41: 154, 47: 72, 48: 78, 54: 85, 58: 68, 69: 83, 83: 72, 96: 66}
  [Client 19] Received edge weights. Set local model to edge weights.
[C19] Test set: samples=750, class_dist={0: 66, 13: 168, 23: 137, 51: 86, 68: 65, 70: 82, 81: 64, 89: 82}
  [Client 14] Received edge weights. Set local model to edge weights.
[C14] Test set: samples=750, class_dist={22: 68, 33: 80, 40: 81, 49: 71, 56: 79, 62: 143, 83: 80, 85: 69, 87: 79}
  [Client 16] Received edge weights. Set local model to edge weights.
[C16] Test set: samples=750, class_dist={20: 75, 22: 88, 28: 62, 52: 153, 53: 84, 59: 67, 70: 71, 76: 65, 82: 85}
  [Client 15] Received edge weights. Set local model to edge weights.
[C15] Test set: samples=750, class_dist={25: 79, 28: 75, 33: 65, 39: 81, 47: 75, 53: 72, 60: 73, 81: 75, 90: 77, 94: 78}
  [Client 18] Received edge weights. Set local model to edge weights.
[C18] Test set: samples=750, class_dist={0: 71, 5: 79, 8: 79, 16: 71, 25: 72, 76: 70, 84: 81, 86: 67, 92: 81, 96: 79}
  [Client 10] Received edge weights. Set local model to edge weights.
[C10] Test set: samples=750, class_dist={5: 74, 9: 72, 51: 87, 54: 76, 57: 149, 84: 72, 89: 78, 92: 60, 94: 82}
  [Client 11] Starting Hier-pFedMe | λ2=35.0, η2=0.02, inner_steps=1, epochs=5, batches/epoch=141  [Client 17] Starting Hier-pFedMe | λ2=35.0, η2=0.02, inner_steps=1, epochs=5, batches/epoch=141  [Client 13] Starting Hier-pFedMe | λ2=35.0, η2=0.02, inner_steps=1, epochs=5, batches/epoch=141  [Client 12] Starting Hier-pFedMe | λ2=35.0, η2=0.02, inner_steps=1, epochs=5, batches/epoch=141



  [Client 11] Round 17 | Hier-pFedMe(λ2=35.0, K=1) | loss=0.0234
  [Client 17] Round 17 | Hier-pFedMe(λ2=35.0, K=1) | loss=0.0172
  [Client 19] Starting Hier-pFedMe | λ2=35.0, η2=0.02, inner_steps=1, epochs=5, batches/epoch=141  [Client 13] Round 17 | Hier-pFedMe(λ2=35.0, K=1) | loss=0.0140  [Client 14] Starting Hier-pFedMe | λ2=35.0, η2=0.02, inner_steps=1, epochs=5, batches/epoch=141


  [Client 16] Starting Hier-pFedMe | λ2=35.0, η2=0.02, inner_steps=1, epochs=5, batches/epoch=141
  [Client 12] Round 17 | Hier-pFedMe(λ2=35.0, K=1) | loss=0.0097
  [Client 15] Starting Hier-pFedMe | λ2=35.0, η2=0.02, inner_steps=1, epochs=5, batches/epoch=141
  [Client 16] Round 17 | Hier-pFedMe(λ2=35.0, K=1) | loss=0.0226
  [Client 14] Round 17 | Hier-pFedMe(λ2=35.0, K=1) | loss=0.0108
  [Client 18] Starting Hier-pFedMe | λ2=35.0, η2=0.02, inner_steps=1, epochs=5, batches/epoch=141
  [Client 10] Starting Hier-pFedMe | λ2=35.0, η2=0.02, inner_steps=1, epochs=5, batches/epoch=141
  [Client 19] Round 17 | Hier-pFedMe(λ2=35.0, K=1) | loss=0.0127  [Client 15] Round 17 | Hier-pFedMe(λ2=35.0, K=1) | loss=0.0236

  [Client 10] Round 17 | Hier-pFedMe(λ2=35.0, K=1) | loss=0.0112
  [Client 18] Round 17 | Hier-pFedMe(λ2=35.0, K=1) | loss=0.0130
  [Edge 1] G17 | E5 | loss=0.0158
  [Cloud] Using Hier-pFedMe global aggregation (式 9).
[C0] n=750 | classes=[6, 18, 29, 30, 34, 43, 44, 55, 64, 66] | acc=0.4453 | per_class={6: '0.45', 18: '0.45', 29: '0.45', 30: '0.70', 34: '0.42', 43: '0.47', 44: '0.28', 55: '0.31', 64: '0.38', 66: '0.55'}
[C1] n=750 | classes=[1, 11, 26, 27, 29, 32, 73, 75, 99] | acc=0.6120 | per_class={1: '0.69', 11: '0.56', 26: '0.48', 27: '0.47', 29: '0.56', 32: '0.49', 73: '0.70', 75: '0.81', 99: '0.67'}
[C2] n=750 | classes=[35, 36, 38, 42, 50, 64, 72, 77, 97, 98] | acc=0.3973 | per_class={35: '0.38', 36: '0.49', 38: '0.38', 42: '0.51', 50: '0.29', 64: '0.32', 72: '0.50', 77: '0.39', 97: '0.44', 98: '0.30'}
[C3] n=750 | classes=[4, 6, 7, 14, 21, 35, 38, 65, 80] | acc=0.4720 | per_class={4: '0.33', 6: '0.43', 7: '0.67', 14: '0.38', 21: '0.61', 35: '0.63', 38: '0.40', 65: '0.39', 80: '0.28'}
[C4] n=750 | classes=[19, 31, 42, 43, 63, 66, 72, 79, 91, 98] | acc=0.5107 | per_class={19: '0.47', 31: '0.42', 42: '0.47', 43: '0.56', 63: '0.49', 66: '0.35', 72: '0.51', 79: '0.54', 91: '0.68', 98: '0.62'}
[C5] n=750 | classes=[4, 15, 19, 34, 45, 63, 74, 91, 93, 95] | acc=0.4800 | per_class={4: '0.34', 15: '0.49', 19: '0.37', 34: '0.42', 45: '0.59', 63: '0.44', 74: '0.42', 91: '0.59', 93: '0.45', 95: '0.75'}
[C6] n=750 | classes=[11, 18, 21, 32, 44, 46, 78, 88, 97] | acc=0.4787 | per_class={11: '0.37', 18: '0.49', 21: '0.63', 32: '0.54', 44: '0.40', 46: '0.26', 78: '0.53', 88: '0.52', 97: '0.51'}
[C7] n=750 | classes=[24, 31, 36, 45, 46, 50, 67, 73, 74, 80] | acc=0.5053 | per_class={24: '0.76', 31: '0.58', 36: '0.62', 45: '0.46', 46: '0.46', 50: '0.22', 67: '0.47', 73: '0.67', 74: '0.43', 80: '0.44'}
[C8] n=750 | classes=[1, 14, 24, 26, 30, 65, 75, 88, 93, 95] | acc=0.5733 | per_class={1: '0.68', 14: '0.70', 24: '0.82', 26: '0.48', 30: '0.53', 65: '0.44', 75: '0.69', 88: '0.52', 93: '0.34', 95: '0.57'}
[C9] n=750 | classes=[2, 3, 15, 27, 55, 67, 77, 79] | acc=0.5547 | per_class={2: '0.71', 3: '0.63', 15: '0.45', 27: '0.60', 55: '0.22', 67: '0.72', 77: '0.36', 79: '0.46'}
[C10] n=750 | classes=[5, 9, 51, 54, 57, 84, 89, 92, 94] | acc=0.6013 | per_class={5: '0.47', 9: '0.57', 51: '0.62', 54: '0.54', 57: '0.68', 84: '0.40', 89: '0.71', 92: '0.60', 94: '0.72'}
[C11] n=750 | classes=[10, 12, 16, 17, 37, 40, 82, 87] | acc=0.5960 | per_class={10: '0.69', 12: '0.64', 16: '0.40', 17: '0.65', 37: '0.38', 40: '0.54', 82: '0.89', 87: '0.43'}
[C12] n=750 | classes=[17, 41, 47, 48, 54, 58, 69, 83, 96] | acc=0.7173 | per_class={17: '0.81', 41: '0.75', 47: '0.72', 48: '0.64', 54: '0.71', 58: '0.71', 69: '0.75', 83: '0.76', 96: '0.56'}
[C13] n=750 | classes=[8, 9, 20, 37, 39, 48, 59, 68, 86, 90] | acc=0.6173 | per_class={8: '0.54', 9: '0.69', 20: '0.73', 37: '0.47', 39: '0.61', 48: '0.53', 59: '0.74', 68: '0.85', 86: '0.51', 90: '0.49'}
[C14] n=750 | classes=[22, 33, 40, 49, 56, 62, 83, 85, 87] | acc=0.7067 | per_class={22: '0.51', 33: '0.68', 40: '0.59', 49: '0.89', 56: '0.89', 62: '0.88', 83: '0.53', 85: '0.80', 87: '0.47'}
[C15] n=750 | classes=[25, 28, 33, 39, 47, 53, 60, 81, 90, 94] | acc=0.6720 | per_class={25: '0.37', 28: '0.65', 33: '0.71', 39: '0.64', 47: '0.84', 53: '0.86', 60: '0.93', 81: '0.51', 90: '0.56', 94: '0.69'}
[C16] n=750 | classes=[20, 22, 28, 52, 53, 59, 70, 76, 82] | acc=0.7573 | per_class={20: '0.75', 22: '0.68', 28: '0.68', 52: '0.82', 53: '0.87', 59: '0.48', 70: '0.76', 76: '0.83', 82: '0.84'}
[C17] n=750 | classes=[49, 56, 58, 60, 61, 69, 71, 85] | acc=0.7573 | per_class={49: '0.63', 56: '0.80', 58: '0.66', 60: '0.74', 61: '0.92', 69: '0.71', 71: '0.76', 85: '0.68'}
[C18] n=750 | classes=[0, 5, 8, 16, 25, 76, 84, 86, 92, 96] | acc=0.6120 | per_class={0: '0.77', 5: '0.41', 8: '0.65', 16: '0.38', 25: '0.42', 76: '0.84', 84: '0.47', 86: '0.60', 92: '0.72', 96: '0.87'}
[C19] n=750 | classes=[0, 13, 23, 51, 68, 70, 81, 89] | acc=0.6893 | per_class={0: '0.80', 13: '0.65', 23: '0.83', 51: '0.69', 68: '0.85', 70: '0.71', 81: '0.33', 89: '0.59'}
  [Cloud] GM=0.1951 | EM=0.2709 PM=0.5878 | loss=5.8464 | time=117.6s | comm=719.6MB (total=12233MB)

[Round  18] Broadcasting to 2 edges...
  [Edge 0] W_n reset to global weights for new round.
  [Edge 1] W_n reset to global weights for new round.
  [Edge 0] G18 | E1 | Hier-pFedMe | Selected 10/10
  [Client  3] Received edge weights. Set local model to edge weights.
[C3] Test set: samples=750, class_dist={4: 80, 6: 65, 7: 146, 14: 82, 21: 76, 35: 63, 38: 70, 65: 89, 80: 79}
  [Client  7] Received edge weights. Set local model to edge weights.
[C7] Test set: samples=750, class_dist={24: 68, 31: 72, 36: 73, 45: 74, 46: 76, 50: 79, 67: 92, 73: 75, 74: 61, 80: 80}
  [Client  4] Received edge weights. Set local model to edge weights.
[C4] Test set: samples=750, class_dist={19: 72, 31: 69, 42: 76, 43: 75, 63: 80, 66: 80, 72: 74, 79: 81, 91: 77, 98: 66}
  [Client  0] Received edge weights. Set local model to edge weights.
[C0] Test set: samples=750, class_dist={6: 83, 18: 67, 29: 71, 30: 73, 34: 78, 43: 77, 44: 71, 55: 71, 64: 82, 66: 77}
  [Client  5] Received edge weights. Set local model to edge weights.
[C5] Test set: samples=750, class_dist={4: 76, 15: 79, 19: 73, 34: 66, 45: 81, 63: 90, 74: 77, 91: 69, 93: 86, 95: 53}
  [Client  9] Received edge weights. Set local model to edge weights.
[C9] Test set: samples=750, class_dist={2: 167, 3: 151, 15: 78, 27: 67, 55: 68, 67: 71, 77: 66, 79: 82}
  [Client  6] Received edge weights. Set local model to edge weights.
[C6] Test set: samples=750, class_dist={11: 70, 18: 85, 21: 73, 32: 89, 44: 80, 46: 73, 78: 127, 88: 85, 97: 68}
  [Client  2] Received edge weights. Set local model to edge weights.
[C2] Test set: samples=750, class_dist={35: 80, 36: 63, 38: 79, 42: 77, 50: 77, 64: 79, 72: 80, 77: 72, 97: 72, 98: 71}
  [Client  1] Received edge weights. Set local model to edge weights.
[C1] Test set: samples=750, class_dist={1: 75, 11: 80, 26: 83, 27: 68, 29: 75, 32: 70, 73: 71, 75: 79, 99: 149}
  [Client  8] Received edge weights. Set local model to edge weights.
[C8] Test set: samples=750, class_dist={1: 60, 14: 77, 24: 79, 26: 71, 30: 76, 65: 78, 75: 62, 88: 91, 93: 73, 95: 83}
  [Client  7] Starting Hier-pFedMe | λ2=35.0, η2=0.02, inner_steps=1, epochs=5, batches/epoch=141
  [Client  3] Starting Hier-pFedMe | λ2=35.0, η2=0.02, inner_steps=1, epochs=5, batches/epoch=141  [Client  0] Starting Hier-pFedMe | λ2=35.0, η2=0.02, inner_steps=1, epochs=5, batches/epoch=141  [Client  4] Starting Hier-pFedMe | λ2=35.0, η2=0.02, inner_steps=1, epochs=5, batches/epoch=141


  [Client  7] Round 18 | Hier-pFedMe(λ2=35.0, K=1) | loss=0.0584
  [Client  5] Starting Hier-pFedMe | λ2=35.0, η2=0.02, inner_steps=1, epochs=5, batches/epoch=141
  [Client  4] Round 18 | Hier-pFedMe(λ2=35.0, K=1) | loss=0.0332
  [Client  9] Starting Hier-pFedMe | λ2=35.0, η2=0.02, inner_steps=1, epochs=5, batches/epoch=141
  [Client  3] Round 18 | Hier-pFedMe(λ2=35.0, K=1) | loss=0.0696
  [Client  0] Round 18 | Hier-pFedMe(λ2=35.0, K=1) | loss=0.0557
  [Client  6] Starting Hier-pFedMe | λ2=35.0, η2=0.02, inner_steps=1, epochs=5, batches/epoch=141
  [Client  2] Starting Hier-pFedMe | λ2=35.0, η2=0.02, inner_steps=1, epochs=5, batches/epoch=141
  [Client  5] Round 18 | Hier-pFedMe(λ2=35.0, K=1) | loss=0.0564
  [Client  1] Starting Hier-pFedMe | λ2=35.0, η2=0.02, inner_steps=1, epochs=5, batches/epoch=141
  [Client  2] Round 18 | Hier-pFedMe(λ2=35.0, K=1) | loss=0.0412
  [Client  8] Starting Hier-pFedMe | λ2=35.0, η2=0.02, inner_steps=1, epochs=5, batches/epoch=141  [Client  6] Round 18 | Hier-pFedMe(λ2=35.0, K=1) | loss=0.0384

  [Client  9] Round 18 | Hier-pFedMe(λ2=35.0, K=1) | loss=0.0338
  [Client  1] Round 18 | Hier-pFedMe(λ2=35.0, K=1) | loss=0.0312
  [Client  8] Round 18 | Hier-pFedMe(λ2=35.0, K=1) | loss=0.0354
  [Edge 0] G18 | E1 | loss=0.0453
  [Edge 0] G18 | E2 | Hier-pFedMe | Selected 10/10
  [Client  7] Received edge weights. Set local model to edge weights.
[C7] Test set: samples=750, class_dist={24: 68, 31: 72, 36: 73, 45: 74, 46: 76, 50: 79, 67: 92, 73: 75, 74: 61, 80: 80}
  [Client  1] Received edge weights. Set local model to edge weights.
[C1] Test set: samples=750, class_dist={1: 75, 11: 80, 26: 83, 27: 68, 29: 75, 32: 70, 73: 71, 75: 79, 99: 149}
  [Client  5] Received edge weights. Set local model to edge weights.
[C5] Test set: samples=750, class_dist={4: 76, 15: 79, 19: 73, 34: 66, 45: 81, 63: 90, 74: 77, 91: 69, 93: 86, 95: 53}
  [Client  9] Received edge weights. Set local model to edge weights.
[C9] Test set: samples=750, class_dist={2: 167, 3: 151, 15: 78, 27: 67, 55: 68, 67: 71, 77: 66, 79: 82}
  [Client  6] Received edge weights. Set local model to edge weights.
[C6] Test set: samples=750, class_dist={11: 70, 18: 85, 21: 73, 32: 89, 44: 80, 46: 73, 78: 127, 88: 85, 97: 68}
  [Client  4] Received edge weights. Set local model to edge weights.
[C4] Test set: samples=750, class_dist={19: 72, 31: 69, 42: 76, 43: 75, 63: 80, 66: 80, 72: 74, 79: 81, 91: 77, 98: 66}
  [Client  2] Received edge weights. Set local model to edge weights.
[C2] Test set: samples=750, class_dist={35: 80, 36: 63, 38: 79, 42: 77, 50: 77, 64: 79, 72: 80, 77: 72, 97: 72, 98: 71}
  [Client  3] Received edge weights. Set local model to edge weights.
[C3] Test set: samples=750, class_dist={4: 80, 6: 65, 7: 146, 14: 82, 21: 76, 35: 63, 38: 70, 65: 89, 80: 79}
  [Client  8] Received edge weights. Set local model to edge weights.
[C8] Test set: samples=750, class_dist={1: 60, 14: 77, 24: 79, 26: 71, 30: 76, 65: 78, 75: 62, 88: 91, 93: 73, 95: 83}
  [Client  0] Received edge weights. Set local model to edge weights.
[C0] Test set: samples=750, class_dist={6: 83, 18: 67, 29: 71, 30: 73, 34: 78, 43: 77, 44: 71, 55: 71, 64: 82, 66: 77}
  [Client  7] Starting Hier-pFedMe | λ2=35.0, η2=0.02, inner_steps=1, epochs=5, batches/epoch=141  [Client  1] Starting Hier-pFedMe | λ2=35.0, η2=0.02, inner_steps=1, epochs=5, batches/epoch=141  [Client  9] Starting Hier-pFedMe | λ2=35.0, η2=0.02, inner_steps=1, epochs=5, batches/epoch=141  [Client  5] Starting Hier-pFedMe | λ2=35.0, η2=0.02, inner_steps=1, epochs=5, batches/epoch=141



  [Client  9] Round 18 | Hier-pFedMe(λ2=35.0, K=1) | loss=0.0207
  [Client  6] Starting Hier-pFedMe | λ2=35.0, η2=0.02, inner_steps=1, epochs=5, batches/epoch=141
  [Client  7] Round 18 | Hier-pFedMe(λ2=35.0, K=1) | loss=0.0212
  [Client  5] Round 18 | Hier-pFedMe(λ2=35.0, K=1) | loss=0.0214  [Client  1] Round 18 | Hier-pFedMe(λ2=35.0, K=1) | loss=0.0186  [Client  4] Starting Hier-pFedMe | λ2=35.0, η2=0.02, inner_steps=1, epochs=5, batches/epoch=141


  [Client  2] Starting Hier-pFedMe | λ2=35.0, η2=0.02, inner_steps=1, epochs=5, batches/epoch=141
  [Client  3] Starting Hier-pFedMe | λ2=35.0, η2=0.02, inner_steps=1, epochs=5, batches/epoch=141
  [Client  6] Round 18 | Hier-pFedMe(λ2=35.0, K=1) | loss=0.0198
  [Client  8] Starting Hier-pFedMe | λ2=35.0, η2=0.02, inner_steps=1, epochs=5, batches/epoch=141
  [Client  4] Round 18 | Hier-pFedMe(λ2=35.0, K=1) | loss=0.0148
  [Client  0] Starting Hier-pFedMe | λ2=35.0, η2=0.02, inner_steps=1, epochs=5, batches/epoch=141
  [Client  3] Round 18 | Hier-pFedMe(λ2=35.0, K=1) | loss=0.0196
  [Client  2] Round 18 | Hier-pFedMe(λ2=35.0, K=1) | loss=0.0190
  [Client  8] Round 18 | Hier-pFedMe(λ2=35.0, K=1) | loss=0.0153
  [Client  0] Round 18 | Hier-pFedMe(λ2=35.0, K=1) | loss=0.0241
  [Edge 0] G18 | E2 | loss=0.0194
  [Edge 0] G18 | E3 | Hier-pFedMe | Selected 10/10
  [Client  5] Received edge weights. Set local model to edge weights.
[C5] Test set: samples=750, class_dist={4: 76, 15: 79, 19: 73, 34: 66, 45: 81, 63: 90, 74: 77, 91: 69, 93: 86, 95: 53}
  [Client  8] Received edge weights. Set local model to edge weights.
[C8] Test set: samples=750, class_dist={1: 60, 14: 77, 24: 79, 26: 71, 30: 76, 65: 78, 75: 62, 88: 91, 93: 73, 95: 83}
  [Client  4] Received edge weights. Set local model to edge weights.
[C4] Test set: samples=750, class_dist={19: 72, 31: 69, 42: 76, 43: 75, 63: 80, 66: 80, 72: 74, 79: 81, 91: 77, 98: 66}
  [Client  1] Received edge weights. Set local model to edge weights.
[C1] Test set: samples=750, class_dist={1: 75, 11: 80, 26: 83, 27: 68, 29: 75, 32: 70, 73: 71, 75: 79, 99: 149}
  [Client  6] Received edge weights. Set local model to edge weights.
[C6] Test set: samples=750, class_dist={11: 70, 18: 85, 21: 73, 32: 89, 44: 80, 46: 73, 78: 127, 88: 85, 97: 68}
  [Client  0] Received edge weights. Set local model to edge weights.
[C0] Test set: samples=750, class_dist={6: 83, 18: 67, 29: 71, 30: 73, 34: 78, 43: 77, 44: 71, 55: 71, 64: 82, 66: 77}
  [Client  7] Received edge weights. Set local model to edge weights.
[C7] Test set: samples=750, class_dist={24: 68, 31: 72, 36: 73, 45: 74, 46: 76, 50: 79, 67: 92, 73: 75, 74: 61, 80: 80}
  [Client  9] Received edge weights. Set local model to edge weights.
[C9] Test set: samples=750, class_dist={2: 167, 3: 151, 15: 78, 27: 67, 55: 68, 67: 71, 77: 66, 79: 82}
  [Client  2] Received edge weights. Set local model to edge weights.
[C2] Test set: samples=750, class_dist={35: 80, 36: 63, 38: 79, 42: 77, 50: 77, 64: 79, 72: 80, 77: 72, 97: 72, 98: 71}
  [Client  3] Received edge weights. Set local model to edge weights.
[C3] Test set: samples=750, class_dist={4: 80, 6: 65, 7: 146, 14: 82, 21: 76, 35: 63, 38: 70, 65: 89, 80: 79}
  [Client  5] Starting Hier-pFedMe | λ2=35.0, η2=0.02, inner_steps=1, epochs=5, batches/epoch=141  [Client  1] Starting Hier-pFedMe | λ2=35.0, η2=0.02, inner_steps=1, epochs=5, batches/epoch=141  [Client  8] Starting Hier-pFedMe | λ2=35.0, η2=0.02, inner_steps=1, epochs=5, batches/epoch=141  [Client  4] Starting Hier-pFedMe | λ2=35.0, η2=0.02, inner_steps=1, epochs=5, batches/epoch=141



  [Client  4] Round 18 | Hier-pFedMe(λ2=35.0, K=1) | loss=0.0174
  [Client  6] Starting Hier-pFedMe | λ2=35.0, η2=0.02, inner_steps=1, epochs=5, batches/epoch=141
  [Client  5] Round 18 | Hier-pFedMe(λ2=35.0, K=1) | loss=0.0161
  [Client  1] Round 18 | Hier-pFedMe(λ2=35.0, K=1) | loss=0.0169  [Client  0] Starting Hier-pFedMe | λ2=35.0, η2=0.02, inner_steps=1, epochs=5, batches/epoch=141

  [Client  7] Starting Hier-pFedMe | λ2=35.0, η2=0.02, inner_steps=1, epochs=5, batches/epoch=141
  [Client  8] Round 18 | Hier-pFedMe(λ2=35.0, K=1) | loss=0.0210
  [Client  9] Starting Hier-pFedMe | λ2=35.0, η2=0.02, inner_steps=1, epochs=5, batches/epoch=141
  [Client  6] Round 18 | Hier-pFedMe(λ2=35.0, K=1) | loss=0.0185
  [Client  2] Starting Hier-pFedMe | λ2=35.0, η2=0.02, inner_steps=1, epochs=5, batches/epoch=141
  [Client  0] Round 18 | Hier-pFedMe(λ2=35.0, K=1) | loss=0.0170
  [Client  7] Round 18 | Hier-pFedMe(λ2=35.0, K=1) | loss=0.0236  [Client  3] Starting Hier-pFedMe | λ2=35.0, η2=0.02, inner_steps=1, epochs=5, batches/epoch=141

  [Client  9] Round 18 | Hier-pFedMe(λ2=35.0, K=1) | loss=0.0183
  [Client  2] Round 18 | Hier-pFedMe(λ2=35.0, K=1) | loss=0.0163
  [Client  3] Round 18 | Hier-pFedMe(λ2=35.0, K=1) | loss=0.0324
  [Edge 0] G18 | E3 | loss=0.0198
  [Edge 0] G18 | E4 | Hier-pFedMe | Selected 10/10
  [Client  7] Received edge weights. Set local model to edge weights.
[C7] Test set: samples=750, class_dist={24: 68, 31: 72, 36: 73, 45: 74, 46: 76, 50: 79, 67: 92, 73: 75, 74: 61, 80: 80}
  [Client  9] Received edge weights. Set local model to edge weights.
[C9] Test set: samples=750, class_dist={2: 167, 3: 151, 15: 78, 27: 67, 55: 68, 67: 71, 77: 66, 79: 82}
  [Client  6] Received edge weights. Set local model to edge weights.
[C6] Test set: samples=750, class_dist={11: 70, 18: 85, 21: 73, 32: 89, 44: 80, 46: 73, 78: 127, 88: 85, 97: 68}
  [Client  1] Received edge weights. Set local model to edge weights.
[C1] Test set: samples=750, class_dist={1: 75, 11: 80, 26: 83, 27: 68, 29: 75, 32: 70, 73: 71, 75: 79, 99: 149}
  [Client  3] Received edge weights. Set local model to edge weights.
[C3] Test set: samples=750, class_dist={4: 80, 6: 65, 7: 146, 14: 82, 21: 76, 35: 63, 38: 70, 65: 89, 80: 79}
  [Client  0] Received edge weights. Set local model to edge weights.
[C0] Test set: samples=750, class_dist={6: 83, 18: 67, 29: 71, 30: 73, 34: 78, 43: 77, 44: 71, 55: 71, 64: 82, 66: 77}
  [Client  8] Received edge weights. Set local model to edge weights.
[C8] Test set: samples=750, class_dist={1: 60, 14: 77, 24: 79, 26: 71, 30: 76, 65: 78, 75: 62, 88: 91, 93: 73, 95: 83}
  [Client  2] Received edge weights. Set local model to edge weights.
[C2] Test set: samples=750, class_dist={35: 80, 36: 63, 38: 79, 42: 77, 50: 77, 64: 79, 72: 80, 77: 72, 97: 72, 98: 71}
  [Client  4] Received edge weights. Set local model to edge weights.
[C4] Test set: samples=750, class_dist={19: 72, 31: 69, 42: 76, 43: 75, 63: 80, 66: 80, 72: 74, 79: 81, 91: 77, 98: 66}
  [Client  5] Received edge weights. Set local model to edge weights.
[C5] Test set: samples=750, class_dist={4: 76, 15: 79, 19: 73, 34: 66, 45: 81, 63: 90, 74: 77, 91: 69, 93: 86, 95: 53}
  [Client  9] Starting Hier-pFedMe | λ2=35.0, η2=0.02, inner_steps=1, epochs=5, batches/epoch=141  [Client  7] Starting Hier-pFedMe | λ2=35.0, η2=0.02, inner_steps=1, epochs=5, batches/epoch=141  [Client  6] Starting Hier-pFedMe | λ2=35.0, η2=0.02, inner_steps=1, epochs=5, batches/epoch=141  [Client  1] Starting Hier-pFedMe | λ2=35.0, η2=0.02, inner_steps=1, epochs=5, batches/epoch=141



  [Client  1] Round 18 | Hier-pFedMe(λ2=35.0, K=1) | loss=0.0187
  [Client  3] Starting Hier-pFedMe | λ2=35.0, η2=0.02, inner_steps=1, epochs=5, batches/epoch=141
  [Client  9] Round 18 | Hier-pFedMe(λ2=35.0, K=1) | loss=0.0156
  [Client  0] Starting Hier-pFedMe | λ2=35.0, η2=0.02, inner_steps=1, epochs=5, batches/epoch=141
  [Client  7] Round 18 | Hier-pFedMe(λ2=35.0, K=1) | loss=0.0172
  [Client  6] Round 18 | Hier-pFedMe(λ2=35.0, K=1) | loss=0.0153  [Client  8] Starting Hier-pFedMe | λ2=35.0, η2=0.02, inner_steps=1, epochs=5, batches/epoch=141

  [Client  2] Starting Hier-pFedMe | λ2=35.0, η2=0.02, inner_steps=1, epochs=5, batches/epoch=141
  [Client  3] Round 18 | Hier-pFedMe(λ2=35.0, K=1) | loss=0.0161
  [Client  4] Starting Hier-pFedMe | λ2=35.0, η2=0.02, inner_steps=1, epochs=5, batches/epoch=141
  [Client  0] Round 18 | Hier-pFedMe(λ2=35.0, K=1) | loss=0.0151
  [Client  5] Starting Hier-pFedMe | λ2=35.0, η2=0.02, inner_steps=1, epochs=5, batches/epoch=141
  [Client  8] Round 18 | Hier-pFedMe(λ2=35.0, K=1) | loss=0.0129
  [Client  2] Round 18 | Hier-pFedMe(λ2=35.0, K=1) | loss=0.0165
  [Client  5] Round 18 | Hier-pFedMe(λ2=35.0, K=1) | loss=0.0144
  [Client  4] Round 18 | Hier-pFedMe(λ2=35.0, K=1) | loss=0.0160
  [Edge 0] G18 | E4 | loss=0.0158
  [Edge 0] G18 | E5 | Hier-pFedMe | Selected 10/10
  [Client  4] Received edge weights. Set local model to edge weights.
[C4] Test set: samples=750, class_dist={19: 72, 31: 69, 42: 76, 43: 75, 63: 80, 66: 80, 72: 74, 79: 81, 91: 77, 98: 66}
  [Client  1] Received edge weights. Set local model to edge weights.
[C1] Test set: samples=750, class_dist={1: 75, 11: 80, 26: 83, 27: 68, 29: 75, 32: 70, 73: 71, 75: 79, 99: 149}
  [Client  0] Received edge weights. Set local model to edge weights.
[C0] Test set: samples=750, class_dist={6: 83, 18: 67, 29: 71, 30: 73, 34: 78, 43: 77, 44: 71, 55: 71, 64: 82, 66: 77}
  [Client  8] Received edge weights. Set local model to edge weights.
[C8] Test set: samples=750, class_dist={1: 60, 14: 77, 24: 79, 26: 71, 30: 76, 65: 78, 75: 62, 88: 91, 93: 73, 95: 83}
  [Client  9] Received edge weights. Set local model to edge weights.
[C9] Test set: samples=750, class_dist={2: 167, 3: 151, 15: 78, 27: 67, 55: 68, 67: 71, 77: 66, 79: 82}
  [Client  7] Received edge weights. Set local model to edge weights.
[C7] Test set: samples=750, class_dist={24: 68, 31: 72, 36: 73, 45: 74, 46: 76, 50: 79, 67: 92, 73: 75, 74: 61, 80: 80}
  [Client  6] Received edge weights. Set local model to edge weights.
[C6] Test set: samples=750, class_dist={11: 70, 18: 85, 21: 73, 32: 89, 44: 80, 46: 73, 78: 127, 88: 85, 97: 68}
  [Client  5] Received edge weights. Set local model to edge weights.
[C5] Test set: samples=750, class_dist={4: 76, 15: 79, 19: 73, 34: 66, 45: 81, 63: 90, 74: 77, 91: 69, 93: 86, 95: 53}
  [Client  3] Received edge weights. Set local model to edge weights.
[C3] Test set: samples=750, class_dist={4: 80, 6: 65, 7: 146, 14: 82, 21: 76, 35: 63, 38: 70, 65: 89, 80: 79}
  [Client  2] Received edge weights. Set local model to edge weights.
[C2] Test set: samples=750, class_dist={35: 80, 36: 63, 38: 79, 42: 77, 50: 77, 64: 79, 72: 80, 77: 72, 97: 72, 98: 71}
  [Client  8] Starting Hier-pFedMe | λ2=35.0, η2=0.02, inner_steps=1, epochs=5, batches/epoch=141  [Client  0] Starting Hier-pFedMe | λ2=35.0, η2=0.02, inner_steps=1, epochs=5, batches/epoch=141  [Client  4] Starting Hier-pFedMe | λ2=35.0, η2=0.02, inner_steps=1, epochs=5, batches/epoch=141
  [Client  1] Starting Hier-pFedMe | λ2=35.0, η2=0.02, inner_steps=1, epochs=5, batches/epoch=141


  [Client  4] Round 18 | Hier-pFedMe(λ2=35.0, K=1) | loss=0.0108
  [Client  1] Round 18 | Hier-pFedMe(λ2=35.0, K=1) | loss=0.0170  [Client  9] Starting Hier-pFedMe | λ2=35.0, η2=0.02, inner_steps=1, epochs=5, batches/epoch=141  [Client  0] Round 18 | Hier-pFedMe(λ2=35.0, K=1) | loss=0.0163

  [Client  8] Round 18 | Hier-pFedMe(λ2=35.0, K=1) | loss=0.0281

  [Client  7] Starting Hier-pFedMe | λ2=35.0, η2=0.02, inner_steps=1, epochs=5, batches/epoch=141
  [Client  6] Starting Hier-pFedMe | λ2=35.0, η2=0.02, inner_steps=1, epochs=5, batches/epoch=141  [Client  5] Starting Hier-pFedMe | λ2=35.0, η2=0.02, inner_steps=1, epochs=5, batches/epoch=141

  [Client  5] Round 18 | Hier-pFedMe(λ2=35.0, K=1) | loss=0.0158
  [Client  9] Round 18 | Hier-pFedMe(λ2=35.0, K=1) | loss=0.0135  [Client  3] Starting Hier-pFedMe | λ2=35.0, η2=0.02, inner_steps=1, epochs=5, batches/epoch=141

  [Client  7] Round 18 | Hier-pFedMe(λ2=35.0, K=1) | loss=0.0193
  [Client  6] Round 18 | Hier-pFedMe(λ2=35.0, K=1) | loss=0.0175
  [Client  2] Starting Hier-pFedMe | λ2=35.0, η2=0.02, inner_steps=1, epochs=5, batches/epoch=141
  [Client  3] Round 18 | Hier-pFedMe(λ2=35.0, K=1) | loss=0.0134
  [Client  2] Round 18 | Hier-pFedMe(λ2=35.0, K=1) | loss=0.0168
  [Edge 0] G18 | E5 | loss=0.0169
  [Edge 1] G18 | E1 | Hier-pFedMe | Selected 10/10
  [Client 13] Received edge weights. Set local model to edge weights.
[C13] Test set: samples=750, class_dist={8: 68, 9: 75, 20: 73, 37: 78, 39: 76, 48: 73, 59: 78, 68: 74, 86: 80, 90: 75}
  [Client 15] Received edge weights. Set local model to edge weights.
[C15] Test set: samples=750, class_dist={25: 79, 28: 75, 33: 65, 39: 81, 47: 75, 53: 72, 60: 73, 81: 75, 90: 77, 94: 78}
  [Client 10] Received edge weights. Set local model to edge weights.
[C10] Test set: samples=750, class_dist={5: 74, 9: 72, 51: 87, 54: 76, 57: 149, 84: 72, 89: 78, 92: 60, 94: 82}
  [Client 18] Received edge weights. Set local model to edge weights.
[C18] Test set: samples=750, class_dist={0: 71, 5: 79, 8: 79, 16: 71, 25: 72, 76: 70, 84: 81, 86: 67, 92: 81, 96: 79}
  [Client 11] Received edge weights. Set local model to edge weights.
[C11] Test set: samples=750, class_dist={10: 175, 12: 136, 16: 85, 17: 77, 37: 65, 40: 70, 82: 70, 87: 72}
  [Client 12] Received edge weights. Set local model to edge weights.
[C12] Test set: samples=750, class_dist={17: 72, 41: 154, 47: 72, 48: 78, 54: 85, 58: 68, 69: 83, 83: 72, 96: 66}
  [Client 17] Received edge weights. Set local model to edge weights.
[C17] Test set: samples=750, class_dist={49: 73, 56: 69, 58: 67, 60: 82, 61: 143, 69: 96, 71: 151, 85: 69}
  [Client 14] Received edge weights. Set local model to edge weights.
[C14] Test set: samples=750, class_dist={22: 68, 33: 80, 40: 81, 49: 71, 56: 79, 62: 143, 83: 80, 85: 69, 87: 79}
  [Client 19] Received edge weights. Set local model to edge weights.
[C19] Test set: samples=750, class_dist={0: 66, 13: 168, 23: 137, 51: 86, 68: 65, 70: 82, 81: 64, 89: 82}
  [Client 16] Received edge weights. Set local model to edge weights.
[C16] Test set: samples=750, class_dist={20: 75, 22: 88, 28: 62, 52: 153, 53: 84, 59: 67, 70: 71, 76: 65, 82: 85}
  [Client 13] Starting Hier-pFedMe | λ2=35.0, η2=0.02, inner_steps=1, epochs=5, batches/epoch=141  [Client 15] Starting Hier-pFedMe | λ2=35.0, η2=0.02, inner_steps=1, epochs=5, batches/epoch=141  [Client 10] Starting Hier-pFedMe | λ2=35.0, η2=0.02, inner_steps=1, epochs=5, batches/epoch=141  [Client 18] Starting Hier-pFedMe | λ2=35.0, η2=0.02, inner_steps=1, epochs=5, batches/epoch=141



  [Client 13] Round 18 | Hier-pFedMe(λ2=35.0, K=1) | loss=0.0499
  [Client 15] Round 18 | Hier-pFedMe(λ2=35.0, K=1) | loss=0.0386
  [Client 11] Starting Hier-pFedMe | λ2=35.0, η2=0.02, inner_steps=1, epochs=5, batches/epoch=141
  [Client 10] Round 18 | Hier-pFedMe(λ2=35.0, K=1) | loss=0.0619  [Client 12] Starting Hier-pFedMe | λ2=35.0, η2=0.02, inner_steps=1, epochs=5, batches/epoch=141

  [Client 17] Starting Hier-pFedMe | λ2=35.0, η2=0.02, inner_steps=1, epochs=5, batches/epoch=141
  [Client 18] Round 18 | Hier-pFedMe(λ2=35.0, K=1) | loss=0.0331
  [Client 14] Starting Hier-pFedMe | λ2=35.0, η2=0.02, inner_steps=1, epochs=5, batches/epoch=141
  [Client 17] Round 18 | Hier-pFedMe(λ2=35.0, K=1) | loss=0.0482
  [Client 19] Starting Hier-pFedMe | λ2=35.0, η2=0.02, inner_steps=1, epochs=5, batches/epoch=141  [Client 11] Round 18 | Hier-pFedMe(λ2=35.0, K=1) | loss=0.0468

  [Client 16] Starting Hier-pFedMe | λ2=35.0, η2=0.02, inner_steps=1, epochs=5, batches/epoch=141
  [Client 12] Round 18 | Hier-pFedMe(λ2=35.0, K=1) | loss=0.0440
  [Client 14] Round 18 | Hier-pFedMe(λ2=35.0, K=1) | loss=0.0457
  [Client 16] Round 18 | Hier-pFedMe(λ2=35.0, K=1) | loss=0.0335  [Client 19] Round 18 | Hier-pFedMe(λ2=35.0, K=1) | loss=0.0261

  [Edge 1] G18 | E1 | loss=0.0428
  [Edge 1] G18 | E2 | Hier-pFedMe | Selected 10/10
  [Client 19] Received edge weights. Set local model to edge weights.
[C19] Test set: samples=750, class_dist={0: 66, 13: 168, 23: 137, 51: 86, 68: 65, 70: 82, 81: 64, 89: 82}
  [Client 11] Received edge weights. Set local model to edge weights.
[C11] Test set: samples=750, class_dist={10: 175, 12: 136, 16: 85, 17: 77, 37: 65, 40: 70, 82: 70, 87: 72}
  [Client 12] Received edge weights. Set local model to edge weights.
[C12] Test set: samples=750, class_dist={17: 72, 41: 154, 47: 72, 48: 78, 54: 85, 58: 68, 69: 83, 83: 72, 96: 66}
  [Client 15] Received edge weights. Set local model to edge weights.
[C15] Test set: samples=750, class_dist={25: 79, 28: 75, 33: 65, 39: 81, 47: 75, 53: 72, 60: 73, 81: 75, 90: 77, 94: 78}
  [Client 17] Received edge weights. Set local model to edge weights.
[C17] Test set: samples=750, class_dist={49: 73, 56: 69, 58: 67, 60: 82, 61: 143, 69: 96, 71: 151, 85: 69}
  [Client 18] Received edge weights. Set local model to edge weights.
[C18] Test set: samples=750, class_dist={0: 71, 5: 79, 8: 79, 16: 71, 25: 72, 76: 70, 84: 81, 86: 67, 92: 81, 96: 79}
  [Client 10] Received edge weights. Set local model to edge weights.
[C10] Test set: samples=750, class_dist={5: 74, 9: 72, 51: 87, 54: 76, 57: 149, 84: 72, 89: 78, 92: 60, 94: 82}
  [Client 16] Received edge weights. Set local model to edge weights.
[C16] Test set: samples=750, class_dist={20: 75, 22: 88, 28: 62, 52: 153, 53: 84, 59: 67, 70: 71, 76: 65, 82: 85}
  [Client 14] Received edge weights. Set local model to edge weights.
[C14] Test set: samples=750, class_dist={22: 68, 33: 80, 40: 81, 49: 71, 56: 79, 62: 143, 83: 80, 85: 69, 87: 79}
  [Client 13] Received edge weights. Set local model to edge weights.
[C13] Test set: samples=750, class_dist={8: 68, 9: 75, 20: 73, 37: 78, 39: 76, 48: 73, 59: 78, 68: 74, 86: 80, 90: 75}
  [Client 19] Starting Hier-pFedMe | λ2=35.0, η2=0.02, inner_steps=1, epochs=5, batches/epoch=141  [Client 11] Starting Hier-pFedMe | λ2=35.0, η2=0.02, inner_steps=1, epochs=5, batches/epoch=141
  [Client 12] Starting Hier-pFedMe | λ2=35.0, η2=0.02, inner_steps=1, epochs=5, batches/epoch=141  [Client 15] Starting Hier-pFedMe | λ2=35.0, η2=0.02, inner_steps=1, epochs=5, batches/epoch=141


  [Client 11] Round 18 | Hier-pFedMe(λ2=35.0, K=1) | loss=0.0219
  [Client 17] Starting Hier-pFedMe | λ2=35.0, η2=0.02, inner_steps=1, epochs=5, batches/epoch=141
  [Client 15] Round 18 | Hier-pFedMe(λ2=35.0, K=1) | loss=0.0170
  [Client 18] Starting Hier-pFedMe | λ2=35.0, η2=0.02, inner_steps=1, epochs=5, batches/epoch=141
  [Client 19] Round 18 | Hier-pFedMe(λ2=35.0, K=1) | loss=0.0128
  [Client 10] Starting Hier-pFedMe | λ2=35.0, η2=0.02, inner_steps=1, epochs=5, batches/epoch=141
  [Client 12] Round 18 | Hier-pFedMe(λ2=35.0, K=1) | loss=0.0111
  [Client 16] Starting Hier-pFedMe | λ2=35.0, η2=0.02, inner_steps=1, epochs=5, batches/epoch=141
  [Client 17] Round 18 | Hier-pFedMe(λ2=35.0, K=1) | loss=0.0228
  [Client 18] Round 18 | Hier-pFedMe(λ2=35.0, K=1) | loss=0.0149
  [Client 14] Starting Hier-pFedMe | λ2=35.0, η2=0.02, inner_steps=1, epochs=5, batches/epoch=141  [Client 10] Round 18 | Hier-pFedMe(λ2=35.0, K=1) | loss=0.0126  [Client 13] Starting Hier-pFedMe | λ2=35.0, η2=0.02, inner_steps=1, epochs=5, batches/epoch=141


  [Client 16] Round 18 | Hier-pFedMe(λ2=35.0, K=1) | loss=0.0216
  [Client 14] Round 18 | Hier-pFedMe(λ2=35.0, K=1) | loss=0.0159
  [Client 13] Round 18 | Hier-pFedMe(λ2=35.0, K=1) | loss=0.0157
  [Edge 1] G18 | E2 | loss=0.0166
  [Edge 1] G18 | E3 | Hier-pFedMe | Selected 10/10
  [Client 15] Received edge weights. Set local model to edge weights.
[C15] Test set: samples=750, class_dist={25: 79, 28: 75, 33: 65, 39: 81, 47: 75, 53: 72, 60: 73, 81: 75, 90: 77, 94: 78}
  [Client 12] Received edge weights. Set local model to edge weights.
[C12] Test set: samples=750, class_dist={17: 72, 41: 154, 47: 72, 48: 78, 54: 85, 58: 68, 69: 83, 83: 72, 96: 66}
  [Client 10] Received edge weights. Set local model to edge weights.
[C10] Test set: samples=750, class_dist={5: 74, 9: 72, 51: 87, 54: 76, 57: 149, 84: 72, 89: 78, 92: 60, 94: 82}
  [Client 13] Received edge weights. Set local model to edge weights.
[C13] Test set: samples=750, class_dist={8: 68, 9: 75, 20: 73, 37: 78, 39: 76, 48: 73, 59: 78, 68: 74, 86: 80, 90: 75}
  [Client 16] Received edge weights. Set local model to edge weights.
[C16] Test set: samples=750, class_dist={20: 75, 22: 88, 28: 62, 52: 153, 53: 84, 59: 67, 70: 71, 76: 65, 82: 85}
  [Client 19] Received edge weights. Set local model to edge weights.
[C19] Test set: samples=750, class_dist={0: 66, 13: 168, 23: 137, 51: 86, 68: 65, 70: 82, 81: 64, 89: 82}
  [Client 14] Received edge weights. Set local model to edge weights.
[C14] Test set: samples=750, class_dist={22: 68, 33: 80, 40: 81, 49: 71, 56: 79, 62: 143, 83: 80, 85: 69, 87: 79}
  [Client 18] Received edge weights. Set local model to edge weights.
[C18] Test set: samples=750, class_dist={0: 71, 5: 79, 8: 79, 16: 71, 25: 72, 76: 70, 84: 81, 86: 67, 92: 81, 96: 79}
  [Client 17] Received edge weights. Set local model to edge weights.
[C17] Test set: samples=750, class_dist={49: 73, 56: 69, 58: 67, 60: 82, 61: 143, 69: 96, 71: 151, 85: 69}
  [Client 11] Received edge weights. Set local model to edge weights.
[C11] Test set: samples=750, class_dist={10: 175, 12: 136, 16: 85, 17: 77, 37: 65, 40: 70, 82: 70, 87: 72}
  [Client 12] Starting Hier-pFedMe | λ2=35.0, η2=0.02, inner_steps=1, epochs=5, batches/epoch=141
  [Client 10] Starting Hier-pFedMe | λ2=35.0, η2=0.02, inner_steps=1, epochs=5, batches/epoch=141
  [Client 13] Starting Hier-pFedMe | λ2=35.0, η2=0.02, inner_steps=1, epochs=5, batches/epoch=141
  [Client 15] Starting Hier-pFedMe | λ2=35.0, η2=0.02, inner_steps=1, epochs=5, batches/epoch=141
  [Client 10] Round 18 | Hier-pFedMe(λ2=35.0, K=1) | loss=0.0188  [Client 12] Round 18 | Hier-pFedMe(λ2=35.0, K=1) | loss=0.0194

  [Client 16] Starting Hier-pFedMe | λ2=35.0, η2=0.02, inner_steps=1, epochs=5, batches/epoch=141
  [Client 19] Starting Hier-pFedMe | λ2=35.0, η2=0.02, inner_steps=1, epochs=5, batches/epoch=141
  [Client 15] Round 18 | Hier-pFedMe(λ2=35.0, K=1) | loss=0.0167
  [Client 14] Starting Hier-pFedMe | λ2=35.0, η2=0.02, inner_steps=1, epochs=5, batches/epoch=141  [Client 13] Round 18 | Hier-pFedMe(λ2=35.0, K=1) | loss=0.0281

  [Client 18] Starting Hier-pFedMe | λ2=35.0, η2=0.02, inner_steps=1, epochs=5, batches/epoch=141
  [Client 19] Round 18 | Hier-pFedMe(λ2=35.0, K=1) | loss=0.0124  [Client 16] Round 18 | Hier-pFedMe(λ2=35.0, K=1) | loss=0.0115

  [Client 17] Starting Hier-pFedMe | λ2=35.0, η2=0.02, inner_steps=1, epochs=5, batches/epoch=141  [Client 11] Starting Hier-pFedMe | λ2=35.0, η2=0.02, inner_steps=1, epochs=5, batches/epoch=141

  [Client 18] Round 18 | Hier-pFedMe(λ2=35.0, K=1) | loss=0.0376
  [Client 14] Round 18 | Hier-pFedMe(λ2=35.0, K=1) | loss=0.0104
  [Client 17] Round 18 | Hier-pFedMe(λ2=35.0, K=1) | loss=0.0192
  [Client 11] Round 18 | Hier-pFedMe(λ2=35.0, K=1) | loss=0.0230
  [Edge 1] G18 | E3 | loss=0.0197
  [Edge 1] G18 | E4 | Hier-pFedMe | Selected 10/10
  [Client 14] Received edge weights. Set local model to edge weights.
[C14] Test set: samples=750, class_dist={22: 68, 33: 80, 40: 81, 49: 71, 56: 79, 62: 143, 83: 80, 85: 69, 87: 79}
  [Client 15] Received edge weights. Set local model to edge weights.
[C15] Test set: samples=750, class_dist={25: 79, 28: 75, 33: 65, 39: 81, 47: 75, 53: 72, 60: 73, 81: 75, 90: 77, 94: 78}
  [Client 13] Received edge weights. Set local model to edge weights.
[C13] Test set: samples=750, class_dist={8: 68, 9: 75, 20: 73, 37: 78, 39: 76, 48: 73, 59: 78, 68: 74, 86: 80, 90: 75}
  [Client 10] Received edge weights. Set local model to edge weights.
[C10] Test set: samples=750, class_dist={5: 74, 9: 72, 51: 87, 54: 76, 57: 149, 84: 72, 89: 78, 92: 60, 94: 82}
  [Client 16] Received edge weights. Set local model to edge weights.
[C16] Test set: samples=750, class_dist={20: 75, 22: 88, 28: 62, 52: 153, 53: 84, 59: 67, 70: 71, 76: 65, 82: 85}
  [Client 11] Received edge weights. Set local model to edge weights.
[C11] Test set: samples=750, class_dist={10: 175, 12: 136, 16: 85, 17: 77, 37: 65, 40: 70, 82: 70, 87: 72}
  [Client 18] Received edge weights. Set local model to edge weights.
[C18] Test set: samples=750, class_dist={0: 71, 5: 79, 8: 79, 16: 71, 25: 72, 76: 70, 84: 81, 86: 67, 92: 81, 96: 79}
  [Client 17] Received edge weights. Set local model to edge weights.
[C17] Test set: samples=750, class_dist={49: 73, 56: 69, 58: 67, 60: 82, 61: 143, 69: 96, 71: 151, 85: 69}
  [Client 19] Received edge weights. Set local model to edge weights.
[C19] Test set: samples=750, class_dist={0: 66, 13: 168, 23: 137, 51: 86, 68: 65, 70: 82, 81: 64, 89: 82}
  [Client 12] Received edge weights. Set local model to edge weights.
[C12] Test set: samples=750, class_dist={17: 72, 41: 154, 47: 72, 48: 78, 54: 85, 58: 68, 69: 83, 83: 72, 96: 66}
  [Client 14] Starting Hier-pFedMe | λ2=35.0, η2=0.02, inner_steps=1, epochs=5, batches/epoch=141  [Client 15] Starting Hier-pFedMe | λ2=35.0, η2=0.02, inner_steps=1, epochs=5, batches/epoch=141  [Client 13] Starting Hier-pFedMe | λ2=35.0, η2=0.02, inner_steps=1, epochs=5, batches/epoch=141  [Client 10] Starting Hier-pFedMe | λ2=35.0, η2=0.02, inner_steps=1, epochs=5, batches/epoch=141



  [Client 14] Round 18 | Hier-pFedMe(λ2=35.0, K=1) | loss=0.0135
  [Client 16] Starting Hier-pFedMe | λ2=35.0, η2=0.02, inner_steps=1, epochs=5, batches/epoch=141
  [Client 15] Round 18 | Hier-pFedMe(λ2=35.0, K=1) | loss=0.0184
  [Client 11] Starting Hier-pFedMe | λ2=35.0, η2=0.02, inner_steps=1, epochs=5, batches/epoch=141
  [Client 10] Round 18 | Hier-pFedMe(λ2=35.0, K=1) | loss=0.0101
  [Client 18] Starting Hier-pFedMe | λ2=35.0, η2=0.02, inner_steps=1, epochs=5, batches/epoch=141
  [Client 13] Round 18 | Hier-pFedMe(λ2=35.0, K=1) | loss=0.0105
  [Client 17] Starting Hier-pFedMe | λ2=35.0, η2=0.02, inner_steps=1, epochs=5, batches/epoch=141
  [Client 11] Round 18 | Hier-pFedMe(λ2=35.0, K=1) | loss=0.0152
  [Client 16] Round 18 | Hier-pFedMe(λ2=35.0, K=1) | loss=0.0203  [Client 19] Starting Hier-pFedMe | λ2=35.0, η2=0.02, inner_steps=1, epochs=5, batches/epoch=141
  [Client 17] Round 18 | Hier-pFedMe(λ2=35.0, K=1) | loss=0.0153
  [Client 12] Starting Hier-pFedMe | λ2=35.0, η2=0.02, inner_steps=1, epochs=5, batches/epoch=141

  [Client 18] Round 18 | Hier-pFedMe(λ2=35.0, K=1) | loss=0.0148
  [Client 19] Round 18 | Hier-pFedMe(λ2=35.0, K=1) | loss=0.0097
  [Client 12] Round 18 | Hier-pFedMe(λ2=35.0, K=1) | loss=0.0118
  [Edge 1] G18 | E4 | loss=0.0140
  [Edge 1] G18 | E5 | Hier-pFedMe | Selected 10/10
  [Client 13] Received edge weights. Set local model to edge weights.
[C13] Test set: samples=750, class_dist={8: 68, 9: 75, 20: 73, 37: 78, 39: 76, 48: 73, 59: 78, 68: 74, 86: 80, 90: 75}
  [Client 12] Received edge weights. Set local model to edge weights.
[C12] Test set: samples=750, class_dist={17: 72, 41: 154, 47: 72, 48: 78, 54: 85, 58: 68, 69: 83, 83: 72, 96: 66}
  [Client 19] Received edge weights. Set local model to edge weights.
[C19] Test set: samples=750, class_dist={0: 66, 13: 168, 23: 137, 51: 86, 68: 65, 70: 82, 81: 64, 89: 82}
  [Client 14] Received edge weights. Set local model to edge weights.
[C14] Test set: samples=750, class_dist={22: 68, 33: 80, 40: 81, 49: 71, 56: 79, 62: 143, 83: 80, 85: 69, 87: 79}
  [Client 18] Received edge weights. Set local model to edge weights.
[C18] Test set: samples=750, class_dist={0: 71, 5: 79, 8: 79, 16: 71, 25: 72, 76: 70, 84: 81, 86: 67, 92: 81, 96: 79}
  [Client 15] Received edge weights. Set local model to edge weights.
[C15] Test set: samples=750, class_dist={25: 79, 28: 75, 33: 65, 39: 81, 47: 75, 53: 72, 60: 73, 81: 75, 90: 77, 94: 78}
  [Client 11] Received edge weights. Set local model to edge weights.
[C11] Test set: samples=750, class_dist={10: 175, 12: 136, 16: 85, 17: 77, 37: 65, 40: 70, 82: 70, 87: 72}
  [Client 16] Received edge weights. Set local model to edge weights.
[C16] Test set: samples=750, class_dist={20: 75, 22: 88, 28: 62, 52: 153, 53: 84, 59: 67, 70: 71, 76: 65, 82: 85}
  [Client 17] Received edge weights. Set local model to edge weights.
[C17] Test set: samples=750, class_dist={49: 73, 56: 69, 58: 67, 60: 82, 61: 143, 69: 96, 71: 151, 85: 69}
  [Client 10] Received edge weights. Set local model to edge weights.
[C10] Test set: samples=750, class_dist={5: 74, 9: 72, 51: 87, 54: 76, 57: 149, 84: 72, 89: 78, 92: 60, 94: 82}
  [Client 13] Starting Hier-pFedMe | λ2=35.0, η2=0.02, inner_steps=1, epochs=5, batches/epoch=141  [Client 12] Starting Hier-pFedMe | λ2=35.0, η2=0.02, inner_steps=1, epochs=5, batches/epoch=141  [Client 19] Starting Hier-pFedMe | λ2=35.0, η2=0.02, inner_steps=1, epochs=5, batches/epoch=141  [Client 14] Starting Hier-pFedMe | λ2=35.0, η2=0.02, inner_steps=1, epochs=5, batches/epoch=141



  [Client 14] Round 18 | Hier-pFedMe(λ2=35.0, K=1) | loss=0.0102  [Client 13] Round 18 | Hier-pFedMe(λ2=35.0, K=1) | loss=0.0112

  [Client 18] Starting Hier-pFedMe | λ2=35.0, η2=0.02, inner_steps=1, epochs=5, batches/epoch=141  [Client 15] Starting Hier-pFedMe | λ2=35.0, η2=0.02, inner_steps=1, epochs=5, batches/epoch=141

  [Client 12] Round 18 | Hier-pFedMe(λ2=35.0, K=1) | loss=0.0103  [Client 19] Round 18 | Hier-pFedMe(λ2=35.0, K=1) | loss=0.0097

  [Client 11] Starting Hier-pFedMe | λ2=35.0, η2=0.02, inner_steps=1, epochs=5, batches/epoch=141  [Client 16] Starting Hier-pFedMe | λ2=35.0, η2=0.02, inner_steps=1, epochs=5, batches/epoch=141

  [Client 15] Round 18 | Hier-pFedMe(λ2=35.0, K=1) | loss=0.0122
  [Client 17] Starting Hier-pFedMe | λ2=35.0, η2=0.02, inner_steps=1, epochs=5, batches/epoch=141
  [Client 18] Round 18 | Hier-pFedMe(λ2=35.0, K=1) | loss=0.0138
  [Client 10] Starting Hier-pFedMe | λ2=35.0, η2=0.02, inner_steps=1, epochs=5, batches/epoch=141
  [Client 11] Round 18 | Hier-pFedMe(λ2=35.0, K=1) | loss=0.0124
  [Client 16] Round 18 | Hier-pFedMe(λ2=35.0, K=1) | loss=0.0151
  [Client 17] Round 18 | Hier-pFedMe(λ2=35.0, K=1) | loss=0.0203
  [Client 10] Round 18 | Hier-pFedMe(λ2=35.0, K=1) | loss=0.0335
  [Edge 1] G18 | E5 | loss=0.0149
  [Cloud] Using Hier-pFedMe global aggregation (式 9).
