This job can be monitored from: https://job.c3se.chalmers.se/alvis/6635787
========================================
Job ID      : 6635787
Job Name    : HierFLcifar10
Node        : alvis5-04
Start Time  : Fri May 15 12:11:01 CEST 2026
Working Dir : /cephyr/users/ziangg/Alvis/tf-dpfl
========================================
[Setup] Python: /cephyr/users/ziangg/Alvis/tf-dpfl/bin/python
[Setup] TF version: 2.15.1
[Setup] GPU available: [PhysicalDevice(name='/physical_device:GPU:0', device_type='GPU')]
[Config] Override: wandb.enabled = True
[Setup] Random seed: 42
[Setup] Loading dataset...
[Data] CIFAR-10 from Mimer: /mimer/NOBACKUP/Datasets/CIFAR
[Setup] Building global model...
Model: "cifar_cnn_3conv"
_________________________________________________________________
 Layer (type)                Output Shape              Param #   
=================================================================
 input_1 (InputLayer)        [(None, 32, 32, 3)]       0         
                                                                 
 conv2d (Conv2D)             (None, 32, 32, 32)        896       
                                                                 
 batch_normalization (Batch  (None, 32, 32, 32)        128       
 Normalization)                                                  
                                                                 
 re_lu (ReLU)                (None, 32, 32, 32)        0         
                                                                 
 conv2d_1 (Conv2D)           (None, 32, 32, 64)        18496     
                                                                 
 batch_normalization_1 (Bat  (None, 32, 32, 64)        256       
 chNormalization)                                                
                                                                 
 re_lu_1 (ReLU)              (None, 32, 32, 64)        0         
                                                                 
 max_pooling2d (MaxPooling2  (None, 16, 16, 64)        0         
 D)                                                              
                                                                 
 conv2d_2 (Conv2D)           (None, 16, 16, 128)       73856     
                                                                 
 batch_normalization_2 (Bat  (None, 16, 16, 128)       512       
 chNormalization)                                                
                                                                 
 re_lu_2 (ReLU)              (None, 16, 16, 128)       0         
                                                                 
 conv2d_3 (Conv2D)           (None, 16, 16, 128)       147584    
                                                                 
 batch_normalization_3 (Bat  (None, 16, 16, 128)       512       
 chNormalization)                                                
                                                                 
 re_lu_3 (ReLU)              (None, 16, 16, 128)       0         
                                                                 
 max_pooling2d_1 (MaxPoolin  (None, 8, 8, 128)         0         
 g2D)                                                            
                                                                 
 spatial_dropout2d (Spatial  (None, 8, 8, 128)         0         
 Dropout2D)                                                      
                                                                 
 conv2d_4 (Conv2D)           (None, 8, 8, 256)         295168    
                                                                 
 batch_normalization_4 (Bat  (None, 8, 8, 256)         1024      
 chNormalization)                                                
                                                                 
 re_lu_4 (ReLU)              (None, 8, 8, 256)         0         
                                                                 
 conv2d_5 (Conv2D)           (None, 8, 8, 256)         590080    
                                                                 
 batch_normalization_5 (Bat  (None, 8, 8, 256)         1024      
 chNormalization)                                                
                                                                 
 re_lu_5 (ReLU)              (None, 8, 8, 256)         0         
                                                                 
 max_pooling2d_2 (MaxPoolin  (None, 4, 4, 256)         0         
 g2D)                                                            
                                                                 
 flatten (Flatten)           (None, 4096)              0         
                                                                 
 dropout (Dropout)           (None, 4096)              0         
                                                                 
 dense (Dense)               (None, 1024)              4195328   
                                                                 
 dense_1 (Dense)             (None, 512)               524800    
                                                                 
 dropout_1 (Dropout)         (None, 512)               0         
                                                                 
 dense_2 (Dense)             (None, 10)                5130      
                                                                 
=================================================================
Total params: 5854794 (22.33 MB)
Trainable params: 5853066 (22.33 MB)
Non-trainable params: 1728 (6.75 KB)
_________________________________________________________________
[Setup] Building clients...

[Superclass-aware partition] 2 edges, 2 classes/client

  Edge 0 (class pool: [2, 3, 4, 5, 6, 7]):
  Client       Samples    Classes held                        Out-of-pool?
  ---------------------------------------------------------------------------
  client_0     4000       [3, 6]                              OK
  client_1     4000       [3, 6]                              OK
  client_2     4000       [2, 5]                              OK
  client_3     4000       [5, 7]                              OK
  client_4     4000       [2, 7]                              OK
  client_5     4000       [2, 4]                              OK
  client_6     4000       [6, 7]                              OK
  client_7     4000       [3, 5]                              OK
  client_8     2000       [4]                                 OK
  client_9     2000       [4]                                 OK

  Edge 1 (class pool: [0, 1, 8, 9]):
  Client       Samples    Classes held                        Out-of-pool?
  ---------------------------------------------------------------------------
  client_10    2400       [8, 9]                              OK
  client_11    2400       [0, 1]                              OK
  client_12    2400       [1, 8]                              OK
  client_13    2400       [0, 8]                              OK
  client_14    2400       [0, 9]                              OK
  client_15    2400       [0, 8]                              OK
  client_16    2400       [1, 8]                              OK
  client_17    2400       [1, 9]                              OK
  client_18    2400       [1, 9]                              OK
  client_19    2400       [0, 9]                              OK

[Train/Test split] 20 clients | avg train=2250, avg test=750 samples (ratio=0.25)
[Setup] 20 clients built (superclass_pathological) | per-client test sets injected
[Setup] Building edge servers...
[Assignment] Using pre-baked superclass assignments | 2 edges
[EdgeServer 0] 10 clients | 27000 samples
[EdgeServer 1] 10 clients | 18000 samples

[Setup] Built 2 edge servers (strategy=superclass_baked)
  Edge 0: 10 clients | 27000 samples
  Edge 1: 10 clients | 18000 samples
[Setup] Building per-edge test datasets (superclass-aware)...
[CloudServer] 2 edges | model: 22.33 MB

====================================================
 HierFAVG Training Start
====================================================

[Round   1] Broadcasting to 2 edges...
  [Edge 0] W_n reset to global weights for new round.
  [Edge 1] W_n reset to global weights for new round.
  [Edge 0] G1 | E1 | Hier-pFedMe | Selected 10/10
  [Client  3] Received edge weights.
  [Client  6] Received edge weights.
  [Client  9] Received edge weights.
  [Client  8] Received edge weights.
  [Client  7] Received edge weights.
  [Client  1] Received edge weights.
  [Client  4] Received edge weights.
  [Client  0] Received edge weights.
  [Client  5] Received edge weights.
  [Client  2] Received edge weights.
  [Client  9] Round 1 | Hier-pFedMe(λ2=35.0,K=3) | loss=0.0000
  [Client  3] Round 1 | Hier-pFedMe(λ2=35.0,K=3) | loss=10.0774
  [Client  8] Round 1 | Hier-pFedMe(λ2=35.0,K=3) | loss=0.0000
  [Client  6] Round 1 | Hier-pFedMe(λ2=35.0,K=3) | loss=19.6833
  [Client  7] Round 1 | Hier-pFedMe(λ2=35.0,K=3) | loss=1.0956
  [Client  1] Round 1 | Hier-pFedMe(λ2=35.0,K=3) | loss=16.4315
  [Client  4] Round 1 | Hier-pFedMe(λ2=35.0,K=3) | loss=14.7610
  [Client  0] Round 1 | Hier-pFedMe(λ2=35.0,K=3) | loss=20.6859
  [Client  5] Round 1 | Hier-pFedMe(λ2=35.0,K=3) | loss=10.7499
  [Client  2] Round 1 | Hier-pFedMe(λ2=35.0,K=3) | loss=22.5272
  [Edge 0] G1 | E1 | loss=12.8902
  [Edge 0] G1 | E2 | Hier-pFedMe | Selected 10/10
  [Client  3] Received edge weights.
  [Client  0] Received edge weights.
  [Client  7] Received edge weights.
  [Client  9] Received edge weights.
  [Client  6] Received edge weights.
  [Client  4] Received edge weights.
  [Client  2] Received edge weights.
  [Client  8] Received edge weights.
  [Client  5] Received edge weights.
  [Client  1] Received edge weights.
  [Client  0] Round 1 | Hier-pFedMe(λ2=35.0,K=3) | loss=0.5598
  [Client  3] Round 1 | Hier-pFedMe(λ2=35.0,K=3) | loss=1.5682
  [Client  9] Round 1 | Hier-pFedMe(λ2=35.0,K=3) | loss=0.0000
  [Client  7] Round 1 | Hier-pFedMe(λ2=35.0,K=3) | loss=9.1942
  [Client  4] Round 1 | Hier-pFedMe(λ2=35.0,K=3) | loss=1.5811
  [Client  2] Round 1 | Hier-pFedMe(λ2=35.0,K=3) | loss=1.3187
  [Client  6] Round 1 | Hier-pFedMe(λ2=35.0,K=3) | loss=0.8464
  [Client  8] Round 1 | Hier-pFedMe(λ2=35.0,K=3) | loss=0.0000
  [Client  5] Round 1 | Hier-pFedMe(λ2=35.0,K=3) | loss=0.5862
  [Client  1] Round 1 | Hier-pFedMe(λ2=35.0,K=3) | loss=0.6694
  [Edge 0] G1 | E2 | loss=1.8138
  [Edge 0] G1 | E3 | Hier-pFedMe | Selected 10/10
  [Client  9] Received edge weights.
  [Client  7] Received edge weights.
  [Client  8] Received edge weights.
  [Client  6] Received edge weights.
  [Client  4] Received edge weights.
  [Client  1] Received edge weights.
  [Client  0] Received edge weights.
  [Client  3] Received edge weights.
  [Client  5] Received edge weights.
  [Client  2] Received edge weights.
  [Client  7] Round 1 | Hier-pFedMe(λ2=35.0,K=3) | loss=0.8876
  [Client  8] Round 1 | Hier-pFedMe(λ2=35.0,K=3) | loss=0.0000
  [Client  6] Round 1 | Hier-pFedMe(λ2=35.0,K=3) | loss=0.4047
  [Client  9] Round 1 | Hier-pFedMe(λ2=35.0,K=3) | loss=0.0001
  [Client  4] Round 1 | Hier-pFedMe(λ2=35.0,K=3) | loss=0.6357
  [Client  1] Round 1 | Hier-pFedMe(λ2=35.0,K=3) | loss=0.5382
  [Client  0] Round 1 | Hier-pFedMe(λ2=35.0,K=3) | loss=0.4937
  [Client  3] Round 1 | Hier-pFedMe(λ2=35.0,K=3) | loss=0.7111
  [Client  5] Round 1 | Hier-pFedMe(λ2=35.0,K=3) | loss=0.7062
  [Client  2] Round 1 | Hier-pFedMe(λ2=35.0,K=3) | loss=0.4699
  [Edge 0] G1 | E3 | loss=0.5386
  [Edge 0] G1 | E4 | Hier-pFedMe | Selected 10/10
  [Client  8] Received edge weights.
  [Client  6] Received edge weights.
  [Client  0] Received edge weights.
  [Client  9] Received edge weights.
  [Client  7] Received edge weights.
  [Client  3] Received edge weights.
  [Client  5] Received edge weights.
  [Client  2] Received edge weights.
  [Client  1] Received edge weights.
  [Client  4] Received edge weights.
  [Client  9] Round 1 | Hier-pFedMe(λ2=35.0,K=3) | loss=0.0043
  [Client  8] Round 1 | Hier-pFedMe(λ2=35.0,K=3) | loss=0.0029
  [Client  0] Round 1 | Hier-pFedMe(λ2=35.0,K=3) | loss=0.3585
  [Client  6] Round 1 | Hier-pFedMe(λ2=35.0,K=3) | loss=0.4065
  [Client  7] Round 1 | Hier-pFedMe(λ2=35.0,K=3) | loss=0.5280
  [Client  5] Round 1 | Hier-pFedMe(λ2=35.0,K=3) | loss=0.5203
  [Client  3] Round 1 | Hier-pFedMe(λ2=35.0,K=3) | loss=0.4822
  [Client  2] Round 1 | Hier-pFedMe(λ2=35.0,K=3) | loss=0.4998
  [Client  1] Round 1 | Hier-pFedMe(λ2=35.0,K=3) | loss=0.4454
  [Client  4] Round 1 | Hier-pFedMe(λ2=35.0,K=3) | loss=0.3274
  [Edge 0] G1 | E4 | loss=0.3968
  [Edge 0] G1 | E5 | Hier-pFedMe | Selected 10/10
  [Client  8] Received edge weights.
  [Client  1] Received edge weights.
  [Client  7] Received edge weights.
  [Client  4] Received edge weights.
  [Client  5] Received edge weights.
  [Client  9] Received edge weights.
  [Client  3] Received edge weights.
  [Client  0] Received edge weights.
  [Client  6] Received edge weights.
  [Client  2] Received edge weights.
  [Client  8] Round 1 | Hier-pFedMe(λ2=35.0,K=3) | loss=0.0002
  [Client  7] Round 1 | Hier-pFedMe(λ2=35.0,K=3) | loss=0.3934
  [Client  1] Round 1 | Hier-pFedMe(λ2=35.0,K=3) | loss=0.3360
  [Client  4] Round 1 | Hier-pFedMe(λ2=35.0,K=3) | loss=0.4793
  [Client  5] Round 1 | Hier-pFedMe(λ2=35.0,K=3) | loss=0.3001
  [Client  9] Round 1 | Hier-pFedMe(λ2=35.0,K=3) | loss=0.0001
  [Client  3] Round 1 | Hier-pFedMe(λ2=35.0,K=3) | loss=0.3272
  [Client  0] Round 1 | Hier-pFedMe(λ2=35.0,K=3) | loss=0.2653
  [Client  6] Round 1 | Hier-pFedMe(λ2=35.0,K=3) | loss=0.4233
  [Client  2] Round 1 | Hier-pFedMe(λ2=35.0,K=3) | loss=0.3258
  [Edge 0] G1 | E5 | loss=0.3167
  [Edge 1] G1 | E1 | Hier-pFedMe | Selected 10/10
  [Client 10] Received edge weights.
  [Client 19] Received edge weights.
  [Client 13] Received edge weights.
  [Client 17] Received edge weights.
  [Client 12] Received edge weights.
  [Client 14] Received edge weights.
  [Client 15] Received edge weights.
  [Client 11] Received edge weights.
  [Client 16] Received edge weights.
  [Client 18] Received edge weights.
  [Client 13] Round 1 | Hier-pFedMe(λ2=35.0,K=3) | loss=16.6861
  [Client 17] Round 1 | Hier-pFedMe(λ2=35.0,K=3) | loss=19.0196
  [Client 10] Round 1 | Hier-pFedMe(λ2=35.0,K=3) | loss=21.7217
  [Client 19] Round 1 | Hier-pFedMe(λ2=35.0,K=3) | loss=6.2828
  [Client 12] Round 1 | Hier-pFedMe(λ2=35.0,K=3) | loss=23.0015
  [Client 14] Round 1 | Hier-pFedMe(λ2=35.0,K=3) | loss=5.2791
  [Client 15] Round 1 | Hier-pFedMe(λ2=35.0,K=3) | loss=17.7583
  [Client 11] Round 1 | Hier-pFedMe(λ2=35.0,K=3) | loss=18.5072
  [Client 16] Round 1 | Hier-pFedMe(λ2=35.0,K=3) | loss=11.9396
  [Client 18] Round 1 | Hier-pFedMe(λ2=35.0,K=3) | loss=16.2857
  [Edge 1] G1 | E1 | loss=15.6482
  [Edge 1] G1 | E2 | Hier-pFedMe | Selected 10/10
  [Client 11] Received edge weights.
  [Client 15] Received edge weights.
  [Client 19] Received edge weights.
  [Client 16] Received edge weights.
  [Client 18] Received edge weights.
  [Client 14] Received edge weights.
  [Client 17] Received edge weights.
  [Client 12] Received edge weights.
  [Client 13] Received edge weights.
  [Client 10] Received edge weights.
  [Client 19] Round 1 | Hier-pFedMe(λ2=35.0,K=3) | loss=0.8972
  [Client 11] Round 1 | Hier-pFedMe(λ2=35.0,K=3) | loss=0.6319
  [Client 15] Round 1 | Hier-pFedMe(λ2=35.0,K=3) | loss=0.6839  [Client 16] Round 1 | Hier-pFedMe(λ2=35.0,K=3) | loss=0.6891

  [Client 18] Round 1 | Hier-pFedMe(λ2=35.0,K=3) | loss=1.4054
  [Client 14] Round 1 | Hier-pFedMe(λ2=35.0,K=3) | loss=4.9766
  [Client 17] Round 1 | Hier-pFedMe(λ2=35.0,K=3) | loss=0.4965
  [Client 12] Round 1 | Hier-pFedMe(λ2=35.0,K=3) | loss=0.4218
  [Client 13] Round 1 | Hier-pFedMe(λ2=35.0,K=3) | loss=0.6886
  [Client 10] Round 1 | Hier-pFedMe(λ2=35.0,K=3) | loss=1.4112
  [Edge 1] G1 | E2 | loss=1.2302
  [Edge 1] G1 | E3 | Hier-pFedMe | Selected 10/10
  [Client 10] Received edge weights.
  [Client 14] Received edge weights.
  [Client 15] Received edge weights.
  [Client 12] Received edge weights.
  [Client 18] Received edge weights.
  [Client 11] Received edge weights.
  [Client 16] Received edge weights.
  [Client 13] Received edge weights.
  [Client 17] Received edge weights.
  [Client 19] Received edge weights.
  [Client 14] Round 1 | Hier-pFedMe(λ2=35.0,K=3) | loss=0.7713  [Client 10] Round 1 | Hier-pFedMe(λ2=35.0,K=3) | loss=0.6657

  [Client 12] Round 1 | Hier-pFedMe(λ2=35.0,K=3) | loss=0.2484  [Client 15] Round 1 | Hier-pFedMe(λ2=35.0,K=3) | loss=0.6341

  [Client 11] Round 1 | Hier-pFedMe(λ2=35.0,K=3) | loss=0.4308
  [Client 18] Round 1 | Hier-pFedMe(λ2=35.0,K=3) | loss=0.7214
  [Client 16] Round 1 | Hier-pFedMe(λ2=35.0,K=3) | loss=0.5315
  [Client 13] Round 1 | Hier-pFedMe(λ2=35.0,K=3) | loss=0.5094
  [Client 17] Round 1 | Hier-pFedMe(λ2=35.0,K=3) | loss=0.5280
  [Client 19] Round 1 | Hier-pFedMe(λ2=35.0,K=3) | loss=0.6394
  [Edge 1] G1 | E3 | loss=0.5680
  [Edge 1] G1 | E4 | Hier-pFedMe | Selected 10/10
  [Client 12] Received edge weights.
  [Client 18] Received edge weights.
  [Client 14] Received edge weights.
  [Client 15] Received edge weights.
  [Client 10] Received edge weights.
  [Client 13] Received edge weights.
  [Client 11] Received edge weights.
  [Client 16] Received edge weights.
  [Client 19] Received edge weights.
  [Client 17] Received edge weights.
  [Client 12] Round 1 | Hier-pFedMe(λ2=35.0,K=3) | loss=0.3796
  [Client 18] Round 1 | Hier-pFedMe(λ2=35.0,K=3) | loss=0.3419  [Client 15] Round 1 | Hier-pFedMe(λ2=35.0,K=3) | loss=0.6132

  [Client 14] Round 1 | Hier-pFedMe(λ2=35.0,K=3) | loss=0.4501
  [Client 10] Round 1 | Hier-pFedMe(λ2=35.0,K=3) | loss=0.1870
  [Client 11] Round 1 | Hier-pFedMe(λ2=35.0,K=3) | loss=0.3380  [Client 13] Round 1 | Hier-pFedMe(λ2=35.0,K=3) | loss=0.4517

  [Client 16] Round 1 | Hier-pFedMe(λ2=35.0,K=3) | loss=0.2358
  [Client 19] Round 1 | Hier-pFedMe(λ2=35.0,K=3) | loss=0.7412
  [Client 17] Round 1 | Hier-pFedMe(λ2=35.0,K=3) | loss=0.4307
  [Edge 1] G1 | E4 | loss=0.4169
  [Edge 1] G1 | E5 | Hier-pFedMe | Selected 10/10
  [Client 13] Received edge weights.
  [Client 16] Received edge weights.
  [Client 18] Received edge weights.
  [Client 19] Received edge weights.
  [Client 17] Received edge weights.
  [Client 15] Received edge weights.
  [Client 12] Received edge weights.
  [Client 14] Received edge weights.
  [Client 11] Received edge weights.
  [Client 10] Received edge weights.
  [Client 19] Round 1 | Hier-pFedMe(λ2=35.0,K=3) | loss=0.2850
  [Client 13] Round 1 | Hier-pFedMe(λ2=35.0,K=3) | loss=0.4490
  [Client 16] Round 1 | Hier-pFedMe(λ2=35.0,K=3) | loss=0.2127
  [Client 18] Round 1 | Hier-pFedMe(λ2=35.0,K=3) | loss=0.8036
  [Client 17] Round 1 | Hier-pFedMe(λ2=35.0,K=3) | loss=0.7681  [Client 12] Round 1 | Hier-pFedMe(λ2=35.0,K=3) | loss=0.3688  [Client 15] Round 1 | Hier-pFedMe(λ2=35.0,K=3) | loss=0.2867


  [Client 14] Round 1 | Hier-pFedMe(λ2=35.0,K=3) | loss=0.4791
  [Client 11] Round 1 | Hier-pFedMe(λ2=35.0,K=3) | loss=0.2463
  [Client 10] Round 1 | Hier-pFedMe(λ2=35.0,K=3) | loss=0.1285
  [Edge 1] G1 | E5 | loss=0.4028
[C0] eval model[0] mean=-0.001849 | θ̃ mean=-0.001849 | edge mean=-0.002162 |local ref=-0.001860
[C0] n=1000 | classes=[3, 6] | acc=0.5410 | per_class={3: '0.18', 6: '0.92'}
[C1] eval model[0] mean=-0.002420 | θ̃ mean=-0.002420 | edge mean=-0.002162 |local ref=-0.002382
[C1] n=1000 | classes=[3, 6] | acc=0.5030 | per_class={3: '0.05', 6: '0.98'}
[C2] eval model[0] mean=-0.002787 | θ̃ mean=-0.002787 | edge mean=-0.002162 |local ref=-0.002707
[C2] n=1000 | classes=[2, 5] | acc=0.5510 | per_class={2: '0.96', 5: '0.13'}
[C3] eval model[0] mean=-0.001853 | θ̃ mean=-0.001853 | edge mean=-0.002162 |local ref=-0.001800
[C3] n=1000 | classes=[5, 7] | acc=0.5100 | per_class={5: '0.88', 7: '0.13'}
[C4] eval model[0] mean=-0.001398 | θ̃ mean=-0.001398 | edge mean=-0.002162 |local ref=-0.001373
[C4] n=1000 | classes=[2, 7] | acc=0.6460 | per_class={2: '0.74', 7: '0.55'}
[C5] eval model[0] mean=-0.002769 | θ̃ mean=-0.002769 | edge mean=-0.002162 |local ref=-0.002704
[C5] n=1000 | classes=[2, 4] | acc=0.4980 | per_class={2: '0.02', 4: '1.00'}
[C6] eval model[0] mean=-0.001919 | θ̃ mean=-0.001919 | edge mean=-0.002162 |local ref=-0.001969
[C6] n=1000 | classes=[6, 7] | acc=0.5290 | per_class={6: '0.05', 7: '0.99'}
[C7] eval model[0] mean=-0.001622 | θ̃ mean=-0.001622 | edge mean=-0.002162 |local ref=-0.001652
[C7] n=1000 | classes=[3, 5] | acc=0.5140 | per_class={3: '0.82', 5: '0.22'}
[C8] eval model[0] mean=-0.001291 | θ̃ mean=-0.001291 | edge mean=-0.002162 |local ref=-0.001378
[C8] n=500 | classes=[4] | acc=1.0000 | per_class={4: '1.00'}
[C9] eval model[0] mean=-0.002358 | θ̃ mean=-0.002358 | edge mean=-0.002162 |local ref=-0.002339
[C9] n=500 | classes=[4] | acc=1.0000 | per_class={4: '1.00'}
[C10] eval model[0] mean=-0.004151 | θ̃ mean=-0.004151 | edge mean=-0.004074 |local ref=-0.004153
[C10] n=600 | classes=[8, 9] | acc=0.5233 | per_class={8: '1.00', 9: '0.07'}
[C11] eval model[0] mean=-0.003831 | θ̃ mean=-0.003831 | edge mean=-0.004074 |local ref=-0.003863
[C11] n=600 | classes=[0, 1] | acc=0.4933 | per_class={0: '0.95', 1: '0.03'}
[C12] eval model[0] mean=-0.003770 | θ̃ mean=-0.003770 | edge mean=-0.004074 |local ref=-0.003798
[C12] n=600 | classes=[1, 8] | acc=0.5433 | per_class={1: '0.11', 8: '1.00'}
[C13] eval model[0] mean=-0.004507 | θ̃ mean=-0.004507 | edge mean=-0.004074 |local ref=-0.004472
[C13] n=600 | classes=[0, 8] | acc=0.5183 | per_class={0: '0.98', 8: '0.02'}
[C14] eval model[0] mean=-0.004827 | θ̃ mean=-0.004827 | edge mean=-0.004074 |local ref=-0.004750
[C14] n=600 | classes=[0, 9] | acc=0.5083 | per_class={0: '0.99', 9: '0.00'}
[C15] eval model[0] mean=-0.004010 | θ̃ mean=-0.004010 | edge mean=-0.004074 |local ref=-0.004052
[C15] n=600 | classes=[0, 8] | acc=0.4917 | per_class={0: '0.02', 8: '0.98'}
[C16] eval model[0] mean=-0.004567 | θ̃ mean=-0.004567 | edge mean=-0.004074 |local ref=-0.004506
[C16] n=600 | classes=[1, 8] | acc=0.5883 | per_class={1: '0.17', 8: '0.98'}
[C17] eval model[0] mean=-0.004757 | θ̃ mean=-0.004757 | edge mean=-0.004074 |local ref=-0.004711
[C17] n=600 | classes=[1, 9] | acc=0.4817 | per_class={1: '1.00', 9: '0.00'}
[C18] eval model[0] mean=-0.003262 | θ̃ mean=-0.003262 | edge mean=-0.004074 |local ref=-0.003338
[C18] n=600 | classes=[1, 9] | acc=0.4767 | per_class={1: '0.00', 9: '1.00'}
[C19] eval model[0] mean=-0.004297 | θ̃ mean=-0.004297 | edge mean=-0.004074 |local ref=-0.004260
[C19] n=600 | classes=[0, 9] | acc=0.5650 | per_class={0: '0.94', 9: '0.23'}
  [Cloud] GM=0.1117 | EM=0.2171 PM=0.5604 | loss=2.3097 | time=82.7s | comm=4556.2MB (total=4556MB)

[Round   2] Broadcasting to 2 edges...
  [Edge 0] W_n reset to global weights for new round.
  [Edge 1] W_n reset to global weights for new round.
  [Edge 0] G2 | E1 | Hier-pFedMe | Selected 10/10
  [Client  9] Received edge weights.
  [Client  2] Received edge weights.
  [Client  6] Received edge weights.
  [Client  8] Received edge weights.
  [Client  5] Received edge weights.
  [Client  1] Received edge weights.
  [Client  4] Received edge weights.
  [Client  0] Received edge weights.
  [Client  7] Received edge weights.
  [Client  3] Received edge weights.
  [Client  6] Round 2 | Hier-pFedMe(λ2=35.0,K=3) | loss=0.5417  [Client  2] Round 2 | Hier-pFedMe(λ2=35.0,K=3) | loss=0.3798

  [Client  8] Round 2 | Hier-pFedMe(λ2=35.0,K=3) | loss=0.0014  [Client  9] Round 2 | Hier-pFedMe(λ2=35.0,K=3) | loss=0.0010

  [Client  5] Round 2 | Hier-pFedMe(λ2=35.0,K=3) | loss=0.4905
  [Client  1] Round 2 | Hier-pFedMe(λ2=35.0,K=3) | loss=0.4168
  [Client  4] Round 2 | Hier-pFedMe(λ2=35.0,K=3) | loss=0.3761
  [Client  0] Round 2 | Hier-pFedMe(λ2=35.0,K=3) | loss=0.2669
  [Client  7] Round 2 | Hier-pFedMe(λ2=35.0,K=3) | loss=0.2123
  [Client  3] Round 2 | Hier-pFedMe(λ2=35.0,K=3) | loss=0.2734
  [Edge 0] G2 | E1 | loss=0.3288
  [Edge 0] G2 | E2 | Hier-pFedMe | Selected 10/10
  [Client  1] Received edge weights.
  [Client  5] Received edge weights.
  [Client  6] Received edge weights.
  [Client  8] Received edge weights.
  [Client  4] Received edge weights.
  [Client  3] Received edge weights.
  [Client  0] Received edge weights.
  [Client  7] Received edge weights.
  [Client  9] Received edge weights.
  [Client  2] Received edge weights.
  [Client  1] Round 2 | Hier-pFedMe(λ2=35.0,K=3) | loss=0.6552
  [Client  5] Round 2 | Hier-pFedMe(λ2=35.0,K=3) | loss=0.3567
  [Client  8] Round 2 | Hier-pFedMe(λ2=35.0,K=3) | loss=0.0001
  [Client  6] Round 2 | Hier-pFedMe(λ2=35.0,K=3) | loss=0.3213
  [Client  4] Round 2 | Hier-pFedMe(λ2=35.0,K=3) | loss=0.3325
  [Client  3] Round 2 | Hier-pFedMe(λ2=35.0,K=3) | loss=0.2584
  [Client  0] Round 2 | Hier-pFedMe(λ2=35.0,K=3) | loss=0.1733
  [Client  7] Round 2 | Hier-pFedMe(λ2=35.0,K=3) | loss=0.2280
  [Client  9] Round 2 | Hier-pFedMe(λ2=35.0,K=3) | loss=0.0001
  [Client  2] Round 2 | Hier-pFedMe(λ2=35.0,K=3) | loss=0.3004
  [Edge 0] G2 | E2 | loss=0.2918
  [Edge 0] G2 | E3 | Hier-pFedMe | Selected 10/10
  [Client  6] Received edge weights.
  [Client  8] Received edge weights.
  [Client  3] Received edge weights.
  [Client  1] Received edge weights.
  [Client  9] Received edge weights.
  [Client  0] Received edge weights.
  [Client  5] Received edge weights.
  [Client  4] Received edge weights.
  [Client  7] Received edge weights.
  [Client  2] Received edge weights.
  [Client  1] Round 2 | Hier-pFedMe(λ2=35.0,K=3) | loss=0.5809  [Client  3] Round 2 | Hier-pFedMe(λ2=35.0,K=3) | loss=1.8926

  [Client  6] Round 2 | Hier-pFedMe(λ2=35.0,K=3) | loss=0.4285  [Client  8] Round 2 | Hier-pFedMe(λ2=35.0,K=3) | loss=0.0000

  [Client  0] Round 2 | Hier-pFedMe(λ2=35.0,K=3) | loss=0.1741  [Client  9] Round 2 | Hier-pFedMe(λ2=35.0,K=3) | loss=0.0000

  [Client  4] Round 2 | Hier-pFedMe(λ2=35.0,K=3) | loss=0.2785
  [Client  5] Round 2 | Hier-pFedMe(λ2=35.0,K=3) | loss=0.3436
  [Client  7] Round 2 | Hier-pFedMe(λ2=35.0,K=3) | loss=1.4415
  [Client  2] Round 2 | Hier-pFedMe(λ2=35.0,K=3) | loss=0.4853
  [Edge 0] G2 | E3 | loss=0.6250
  [Edge 0] G2 | E4 | Hier-pFedMe | Selected 10/10
  [Client  5] Received edge weights.
  [Client  1] Received edge weights.
  [Client  6] Received edge weights.
  [Client  2] Received edge weights.
  [Client  8] Received edge weights.
  [Client  0] Received edge weights.
  [Client  7] Received edge weights.
  [Client  4] Received edge weights.
  [Client  3] Received edge weights.
  [Client  9] Received edge weights.
  [Client  1] Round 2 | Hier-pFedMe(λ2=35.0,K=3) | loss=0.5944
  [Client  5] Round 2 | Hier-pFedMe(λ2=35.0,K=3) | loss=0.2690
  [Client  6] Round 2 | Hier-pFedMe(λ2=35.0,K=3) | loss=0.5450
  [Client  2] Round 2 | Hier-pFedMe(λ2=35.0,K=3) | loss=0.7399
  [Client  8] Round 2 | Hier-pFedMe(λ2=35.0,K=3) | loss=0.0000
  [Client  0] Round 2 | Hier-pFedMe(λ2=35.0,K=3) | loss=0.2472
  [Client  7] Round 2 | Hier-pFedMe(λ2=35.0,K=3) | loss=0.9026
  [Client  4] Round 2 | Hier-pFedMe(λ2=35.0,K=3) | loss=0.2654
  [Client  3] Round 2 | Hier-pFedMe(λ2=35.0,K=3) | loss=0.5803
  [Client  9] Round 2 | Hier-pFedMe(λ2=35.0,K=3) | loss=0.0000
  [Edge 0] G2 | E4 | loss=0.4604
  [Edge 0] G2 | E5 | Hier-pFedMe | Selected 10/10
  [Client  6] Received edge weights.
  [Client  2] Received edge weights.
  [Client  5] Received edge weights.
  [Client  1] Received edge weights.
  [Client  8] Received edge weights.
  [Client  9] Received edge weights.
  [Client  3] Received edge weights.
  [Client  7] Received edge weights.
  [Client  4] Received edge weights.
  [Client  0] Received edge weights.
  [Client  5] Round 2 | Hier-pFedMe(λ2=35.0,K=3) | loss=0.1962
  [Client  1] Round 2 | Hier-pFedMe(λ2=35.0,K=3) | loss=0.3481
  [Client  6] Round 2 | Hier-pFedMe(λ2=35.0,K=3) | loss=0.3985
  [Client  2] Round 2 | Hier-pFedMe(λ2=35.0,K=3) | loss=0.4712
  [Client  8] Round 2 | Hier-pFedMe(λ2=35.0,K=3) | loss=0.0000
  [Client  9] Round 2 | Hier-pFedMe(λ2=35.0,K=3) | loss=0.0001
  [Client  3] Round 2 | Hier-pFedMe(λ2=35.0,K=3) | loss=0.5551
  [Client  7] Round 2 | Hier-pFedMe(λ2=35.0,K=3) | loss=0.6909
  [Client  4] Round 2 | Hier-pFedMe(λ2=35.0,K=3) | loss=0.2953
  [Client  0] Round 2 | Hier-pFedMe(λ2=35.0,K=3) | loss=0.3866
  [Edge 0] G2 | E5 | loss=0.3713
  [Edge 1] G2 | E1 | Hier-pFedMe | Selected 10/10
  [Client 14] Received edge weights.
  [Client 16] Received edge weights.
  [Client 17] Received edge weights.
  [Client 11] Received edge weights.
  [Client 13] Received edge weights.
  [Client 19] Received edge weights.
  [Client 12] Received edge weights.
  [Client 10] Received edge weights.
  [Client 15] Received edge weights.
  [Client 18] Received edge weights.
  [Client 16] Round 2 | Hier-pFedMe(λ2=35.0,K=3) | loss=0.3115  [Client 11] Round 2 | Hier-pFedMe(λ2=35.0,K=3) | loss=0.4635  [Client 17] Round 2 | Hier-pFedMe(λ2=35.0,K=3) | loss=0.4590  [Client 14] Round 2 | Hier-pFedMe(λ2=35.0,K=3) | loss=0.2141



  [Client 13] Round 2 | Hier-pFedMe(λ2=35.0,K=3) | loss=0.3530
  [Client 19] Round 2 | Hier-pFedMe(λ2=35.0,K=3) | loss=0.1456
  [Client 12] Round 2 | Hier-pFedMe(λ2=35.0,K=3) | loss=0.3024
  [Client 10] Round 2 | Hier-pFedMe(λ2=35.0,K=3) | loss=0.3484
  [Client 15] Round 2 | Hier-pFedMe(λ2=35.0,K=3) | loss=0.2654
  [Client 18] Round 2 | Hier-pFedMe(λ2=35.0,K=3) | loss=0.3857
  [Edge 1] G2 | E1 | loss=0.3249
  [Edge 1] G2 | E2 | Hier-pFedMe | Selected 10/10
  [Client 12] Received edge weights.
  [Client 11] Received edge weights.
  [Client 10] Received edge weights.
  [Client 13] Received edge weights.
  [Client 17] Received edge weights.
  [Client 19] Received edge weights.
  [Client 16] Received edge weights.
  [Client 18] Received edge weights.
  [Client 15] Received edge weights.
  [Client 14] Received edge weights.
  [Client 13] Round 2 | Hier-pFedMe(λ2=35.0,K=3) | loss=0.8694
  [Client 12] Round 2 | Hier-pFedMe(λ2=35.0,K=3) | loss=0.4870
  [Client 10] Round 2 | Hier-pFedMe(λ2=35.0,K=3) | loss=0.1381
  [Client 11] Round 2 | Hier-pFedMe(λ2=35.0,K=3) | loss=0.3590
  [Client 17] Round 2 | Hier-pFedMe(λ2=35.0,K=3) | loss=1.2962
  [Client 19] Round 2 | Hier-pFedMe(λ2=35.0,K=3) | loss=0.2059
  [Client 16] Round 2 | Hier-pFedMe(λ2=35.0,K=3) | loss=0.5838
  [Client 18] Round 2 | Hier-pFedMe(λ2=35.0,K=3) | loss=0.4986
  [Client 15] Round 2 | Hier-pFedMe(λ2=35.0,K=3) | loss=0.3552
  [Client 14] Round 2 | Hier-pFedMe(λ2=35.0,K=3) | loss=0.7461
  [Edge 1] G2 | E2 | loss=0.5539
  [Edge 1] G2 | E3 | Hier-pFedMe | Selected 10/10
  [Client 13] Received edge weights.
  [Client 10] Received edge weights.
  [Client 14] Received edge weights.
  [Client 12] Received edge weights.
  [Client 17] Received edge weights.
  [Client 18] Received edge weights.
  [Client 16] Received edge weights.
  [Client 19] Received edge weights.
  [Client 15] Received edge weights.
  [Client 11] Received edge weights.
  [Client 14] Round 2 | Hier-pFedMe(λ2=35.0,K=3) | loss=0.2697  [Client 13] Round 2 | Hier-pFedMe(λ2=35.0,K=3) | loss=0.6263

  [Client 10] Round 2 | Hier-pFedMe(λ2=35.0,K=3) | loss=0.0889
  [Client 12] Round 2 | Hier-pFedMe(λ2=35.0,K=3) | loss=0.2898
  [Client 17] Round 2 | Hier-pFedMe(λ2=35.0,K=3) | loss=0.5664
  [Client 18] Round 2 | Hier-pFedMe(λ2=35.0,K=3) | loss=1.0746
  [Client 16] Round 2 | Hier-pFedMe(λ2=35.0,K=3) | loss=1.1396
  [Client 19] Round 2 | Hier-pFedMe(λ2=35.0,K=3) | loss=0.2377
  [Client 15] Round 2 | Hier-pFedMe(λ2=35.0,K=3) | loss=0.5050
  [Client 11] Round 2 | Hier-pFedMe(λ2=35.0,K=3) | loss=0.3357
  [Edge 1] G2 | E3 | loss=0.5134
  [Edge 1] G2 | E4 | Hier-pFedMe | Selected 10/10
  [Client 11] Received edge weights.
  [Client 15] Received edge weights.
  [Client 14] Received edge weights.
  [Client 19] Received edge weights.
  [Client 12] Received edge weights.
  [Client 17] Received edge weights.
  [Client 10] Received edge weights.
  [Client 13] Received edge weights.
  [Client 16] Received edge weights.
  [Client 18] Received edge weights.
  [Client 15] Round 2 | Hier-pFedMe(λ2=35.0,K=3) | loss=0.3248
  [Client 11] Round 2 | Hier-pFedMe(λ2=35.0,K=3) | loss=0.3394
  [Client 14] Round 2 | Hier-pFedMe(λ2=35.0,K=3) | loss=0.1195
  [Client 19] Round 2 | Hier-pFedMe(λ2=35.0,K=3) | loss=0.2391
  [Client 12] Round 2 | Hier-pFedMe(λ2=35.0,K=3) | loss=0.2309  [Client 17] Round 2 | Hier-pFedMe(λ2=35.0,K=3) | loss=0.5890

  [Client 10] Round 2 | Hier-pFedMe(λ2=35.0,K=3) | loss=0.1960
  [Client 13] Round 2 | Hier-pFedMe(λ2=35.0,K=3) | loss=0.3114
  [Client 16] Round 2 | Hier-pFedMe(λ2=35.0,K=3) | loss=0.2648
  [Client 18] Round 2 | Hier-pFedMe(λ2=35.0,K=3) | loss=0.4580
  [Edge 1] G2 | E4 | loss=0.3073
  [Edge 1] G2 | E5 | Hier-pFedMe | Selected 10/10
  [Client 14] Received edge weights.
  [Client 18] Received edge weights.
  [Client 11] Received edge weights.
  [Client 13] Received edge weights.
  [Client 17] Received edge weights.
  [Client 16] Received edge weights.
  [Client 10] Received edge weights.
  [Client 15] Received edge weights.
  [Client 19] Received edge weights.
  [Client 12] Received edge weights.
  [Client 18] Round 2 | Hier-pFedMe(λ2=35.0,K=3) | loss=0.4530  [Client 13] Round 2 | Hier-pFedMe(λ2=35.0,K=3) | loss=0.3577

  [Client 14] Round 2 | Hier-pFedMe(λ2=35.0,K=3) | loss=0.1374
  [Client 11] Round 2 | Hier-pFedMe(λ2=35.0,K=3) | loss=0.2880
  [Client 17] Round 2 | Hier-pFedMe(λ2=35.0,K=3) | loss=0.5278
  [Client 16] Round 2 | Hier-pFedMe(λ2=35.0,K=3) | loss=0.1834
  [Client 10] Round 2 | Hier-pFedMe(λ2=35.0,K=3) | loss=0.1461
  [Client 15] Round 2 | Hier-pFedMe(λ2=35.0,K=3) | loss=0.3897
  [Client 19] Round 2 | Hier-pFedMe(λ2=35.0,K=3) | loss=0.1260
  [Client 12] Round 2 | Hier-pFedMe(λ2=35.0,K=3) | loss=0.2730
  [Edge 1] G2 | E5 | loss=0.2882
[C0] eval model[0] mean=-0.003245 | θ̃ mean=-0.003245 | edge mean=-0.003215 |local ref=-0.003232
[C0] n=1000 | classes=[3, 6] | acc=0.5450 | per_class={3: '0.13', 6: '0.98'}
[C1] eval model[0] mean=-0.002997 | θ̃ mean=-0.002997 | edge mean=-0.003215 |local ref=-0.003034
[C1] n=1000 | classes=[3, 6] | acc=0.5500 | per_class={3: '0.15', 6: '0.98'}
[C2] eval model[0] mean=-0.003462 | θ̃ mean=-0.003462 | edge mean=-0.003215 |local ref=-0.003440
[C2] n=1000 | classes=[2, 5] | acc=0.5190 | per_class={2: '0.99', 5: '0.04'}
[C3] eval model[0] mean=-0.003627 | θ̃ mean=-0.003627 | edge mean=-0.003215 |local ref=-0.003609
[C3] n=1000 | classes=[5, 7] | acc=0.5450 | per_class={5: '0.70', 7: '0.38'}
[C4] eval model[0] mean=-0.003670 | θ̃ mean=-0.003670 | edge mean=-0.003215 |local ref=-0.003624
[C4] n=1000 | classes=[2, 7] | acc=0.5340 | per_class={2: '0.98', 7: '0.07'}
[C5] eval model[0] mean=-0.003490 | θ̃ mean=-0.003490 | edge mean=-0.003215 |local ref=-0.003421
[C5] n=1000 | classes=[2, 4] | acc=0.5050 | per_class={2: '0.99', 4: '0.00'}
[C6] eval model[0] mean=-0.003015 | θ̃ mean=-0.003015 | edge mean=-0.003215 |local ref=-0.003031
[C6] n=1000 | classes=[6, 7] | acc=0.5130 | per_class={6: '1.00', 7: '0.04'}
[C7] eval model[0] mean=-0.004494 | θ̃ mean=-0.004494 | edge mean=-0.003215 |local ref=-0.004394
[C7] n=1000 | classes=[3, 5] | acc=0.5160 | per_class={3: '0.78', 5: '0.27'}
[C8] eval model[0] mean=-0.003449 | θ̃ mean=-0.003449 | edge mean=-0.003215 |local ref=-0.003426
[C8] n=500 | classes=[4] | acc=1.0000 | per_class={4: '1.00'}
[C9] eval model[0] mean=-0.003407 | θ̃ mean=-0.003407 | edge mean=-0.003215 |local ref=-0.003388
[C9] n=500 | classes=[4] | acc=1.0000 | per_class={4: '1.00'}
[C10] eval model[0] mean=-0.002912 | θ̃ mean=-0.002912 | edge mean=-0.003046 |local ref=-0.002925
[C10] n=600 | classes=[8, 9] | acc=0.5717 | per_class={8: '0.99', 9: '0.17'}
[C11] eval model[0] mean=-0.003345 | θ̃ mean=-0.003345 | edge mean=-0.003046 |local ref=-0.003338
[C11] n=600 | classes=[0, 1] | acc=0.5467 | per_class={0: '0.93', 1: '0.16'}
[C12] eval model[0] mean=-0.002905 | θ̃ mean=-0.002905 | edge mean=-0.003046 |local ref=-0.002920
[C12] n=600 | classes=[1, 8] | acc=0.5367 | per_class={1: '0.10', 8: '0.99'}
[C13] eval model[0] mean=-0.002923 | θ̃ mean=-0.002923 | edge mean=-0.003046 |local ref=-0.002947
[C13] n=600 | classes=[0, 8] | acc=0.6650 | per_class={0: '0.69', 8: '0.63'}
[C14] eval model[0] mean=-0.003102 | θ̃ mean=-0.003102 | edge mean=-0.003046 |local ref=-0.003085
[C14] n=600 | classes=[0, 9] | acc=0.5833 | per_class={0: '0.95', 9: '0.20'}
[C15] eval model[0] mean=-0.002962 | θ̃ mean=-0.002962 | edge mean=-0.003046 |local ref=-0.002972
[C15] n=600 | classes=[0, 8] | acc=0.5400 | per_class={0: '0.26', 8: '0.83'}
[C16] eval model[0] mean=-0.003119 | θ̃ mean=-0.003119 | edge mean=-0.003046 |local ref=-0.003098
[C16] n=600 | classes=[1, 8] | acc=0.5750 | per_class={1: '0.13', 8: '1.00'}
[C17] eval model[0] mean=-0.003416 | θ̃ mean=-0.003416 | edge mean=-0.003046 |local ref=-0.003425
[C17] n=600 | classes=[1, 9] | acc=0.5233 | per_class={1: '0.73', 9: '0.33'}
[C18] eval model[0] mean=-0.003729 | θ̃ mean=-0.003729 | edge mean=-0.003046 |local ref=-0.003686
[C18] n=600 | classes=[1, 9] | acc=0.5117 | per_class={1: '0.91', 9: '0.08'}
[C19] eval model[0] mean=-0.003703 | θ̃ mean=-0.003703 | edge mean=-0.003046 |local ref=-0.003637
[C19] n=600 | classes=[0, 9] | acc=0.6500 | per_class={0: '0.91', 9: '0.42'}
  [Cloud] GM=0.1261 | EM=0.2488 PM=0.5766 | loss=2.2970 | time=47.4s | comm=4556.2MB (total=9112MB)

[Round   3] Broadcasting to 2 edges...
  [Edge 0] W_n reset to global weights for new round.
  [Edge 1] W_n reset to global weights for new round.
  [Edge 0] G3 | E1 | Hier-pFedMe | Selected 10/10
  [Client  9] Received edge weights.
  [Client  4] Received edge weights.
  [Client  3] Received edge weights.
  [Client  6] Received edge weights.
  [Client  1] Received edge weights.
  [Client  5] Received edge weights.
  [Client  0] Received edge weights.
  [Client  7] Received edge weights.
  [Client  8] Received edge weights.
  [Client  2] Received edge weights.
  [Client  4] Round 3 | Hier-pFedMe(λ2=35.0,K=3) | loss=0.2027
  [Client  3] Round 3 | Hier-pFedMe(λ2=35.0,K=3) | loss=0.7056
  [Client  9] Round 3 | Hier-pFedMe(λ2=35.0,K=3) | loss=0.0007
  [Client  6] Round 3 | Hier-pFedMe(λ2=35.0,K=3) | loss=0.5098
  [Client  5] Round 3 | Hier-pFedMe(λ2=35.0,K=3) | loss=0.2744
  [Client  1] Round 3 | Hier-pFedMe(λ2=35.0,K=3) | loss=0.3264
  [Client  0] Round 3 | Hier-pFedMe(λ2=35.0,K=3) | loss=0.2147
  [Client  7] Round 3 | Hier-pFedMe(λ2=35.0,K=3) | loss=0.3778
  [Client  8] Round 3 | Hier-pFedMe(λ2=35.0,K=3) | loss=0.0008
  [Client  2] Round 3 | Hier-pFedMe(λ2=35.0,K=3) | loss=0.2943
  [Edge 0] G3 | E1 | loss=0.3229
  [Edge 0] G3 | E2 | Hier-pFedMe | Selected 10/10
  [Client  4] Received edge weights.
  [Client  9] Received edge weights.
  [Client  5] Received edge weights.
  [Client  6] Received edge weights.
  [Client  7] Received edge weights.
  [Client  1] Received edge weights.
  [Client  8] Received edge weights.
  [Client  0] Received edge weights.
  [Client  3] Received edge weights.
  [Client  2] Received edge weights.
  [Client  9] Round 3 | Hier-pFedMe(λ2=35.0,K=3) | loss=0.0000
  [Client  5] Round 3 | Hier-pFedMe(λ2=35.0,K=3) | loss=0.2798
  [Client  6] Round 3 | Hier-pFedMe(λ2=35.0,K=3) | loss=0.2365
  [Client  4] Round 3 | Hier-pFedMe(λ2=35.0,K=3) | loss=0.2966
  [Client  7] Round 3 | Hier-pFedMe(λ2=35.0,K=3) | loss=0.4244
  [Client  1] Round 3 | Hier-pFedMe(λ2=35.0,K=3) | loss=0.2026
  [Client  8] Round 3 | Hier-pFedMe(λ2=35.0,K=3) | loss=0.0001
  [Client  0] Round 3 | Hier-pFedMe(λ2=35.0,K=3) | loss=0.2399
  [Client  3] Round 3 | Hier-pFedMe(λ2=35.0,K=3) | loss=0.4112
  [Client  2] Round 3 | Hier-pFedMe(λ2=35.0,K=3) | loss=0.2617
  [Edge 0] G3 | E2 | loss=0.2614
  [Edge 0] G3 | E3 | Hier-pFedMe | Selected 10/10
  [Client  7] Received edge weights.
  [Client  6] Received edge weights.
  [Client  5] Received edge weights.
  [Client  9] Received edge weights.
  [Client  4] Received edge weights.
  [Client  1] Received edge weights.
  [Client  2] Received edge weights.
  [Client  0] Received edge weights.
  [Client  3] Received edge weights.
  [Client  8] Received edge weights.
  [Client  9] Round 3 | Hier-pFedMe(λ2=35.0,K=3) | loss=0.0000
  [Client  5] Round 3 | Hier-pFedMe(λ2=35.0,K=3) | loss=0.7016
  [Client  6] Round 3 | Hier-pFedMe(λ2=35.0,K=3) | loss=0.2592
  [Client  7] Round 3 | Hier-pFedMe(λ2=35.0,K=3) | loss=0.2374
  [Client  4] Round 3 | Hier-pFedMe(λ2=35.0,K=3) | loss=0.2892
  [Client  1] Round 3 | Hier-pFedMe(λ2=35.0,K=3) | loss=0.2532
  [Client  2] Round 3 | Hier-pFedMe(λ2=35.0,K=3) | loss=0.2505
  [Client  0] Round 3 | Hier-pFedMe(λ2=35.0,K=3) | loss=0.7111
  [Client  8] Round 3 | Hier-pFedMe(λ2=35.0,K=3) | loss=0.0000
  [Client  3] Round 3 | Hier-pFedMe(λ2=35.0,K=3) | loss=0.2630
  [Edge 0] G3 | E3 | loss=0.3295
  [Edge 0] G3 | E4 | Hier-pFedMe | Selected 10/10
  [Client  7] Received edge weights.
  [Client  0] Received edge weights.
  [Client  8] Received edge weights.
  [Client  1] Received edge weights.
  [Client  2] Received edge weights.
  [Client  3] Received edge weights.
  [Client  9] Received edge weights.
  [Client  6] Received edge weights.
  [Client  5] Received edge weights.
  [Client  4] Received edge weights.
  [Client  7] Round 3 | Hier-pFedMe(λ2=35.0,K=3) | loss=0.5807
  [Client  8] Round 3 | Hier-pFedMe(λ2=35.0,K=3) | loss=0.0000
  [Client  1] Round 3 | Hier-pFedMe(λ2=35.0,K=3) | loss=0.2463  [Client  0] Round 3 | Hier-pFedMe(λ2=35.0,K=3) | loss=0.9703

  [Client  2] Round 3 | Hier-pFedMe(λ2=35.0,K=3) | loss=1.4188  [Client  3] Round 3 | Hier-pFedMe(λ2=35.0,K=3) | loss=1.2551

  [Client  9] Round 3 | Hier-pFedMe(λ2=35.0,K=3) | loss=0.0000  [Client  6] Round 3 | Hier-pFedMe(λ2=35.0,K=3) | loss=0.1258

  [Client  5] Round 3 | Hier-pFedMe(λ2=35.0,K=3) | loss=0.4921
  [Client  4] Round 3 | Hier-pFedMe(λ2=35.0,K=3) | loss=0.9814
  [Edge 0] G3 | E4 | loss=0.6745
  [Edge 0] G3 | E5 | Hier-pFedMe | Selected 10/10
  [Client  4] Received edge weights.
  [Client  5] Received edge weights.
  [Client  9] Received edge weights.
  [Client  0] Received edge weights.
  [Client  3] Received edge weights.
  [Client  7] Received edge weights.
  [Client  2] Received edge weights.
  [Client  6] Received edge weights.
  [Client  1] Received edge weights.
  [Client  8] Received edge weights.
  [Client  4] Round 3 | Hier-pFedMe(λ2=35.0,K=3) | loss=0.3381
  [Client  5] Round 3 | Hier-pFedMe(λ2=35.0,K=3) | loss=0.2975
  [Client  0] Round 3 | Hier-pFedMe(λ2=35.0,K=3) | loss=0.4367  [Client  9] Round 3 | Hier-pFedMe(λ2=35.0,K=3) | loss=0.0000

  [Client  3] Round 3 | Hier-pFedMe(λ2=35.0,K=3) | loss=0.3143
  [Client  7] Round 3 | Hier-pFedMe(λ2=35.0,K=3) | loss=0.3742
  [Client  2] Round 3 | Hier-pFedMe(λ2=35.0,K=3) | loss=0.3628
  [Client  6] Round 3 | Hier-pFedMe(λ2=35.0,K=3) | loss=0.1846
  [Client  1] Round 3 | Hier-pFedMe(λ2=35.0,K=3) | loss=0.2528
  [Client  8] Round 3 | Hier-pFedMe(λ2=35.0,K=3) | loss=0.0000
  [Edge 0] G3 | E5 | loss=0.2846
  [Edge 1] G3 | E1 | Hier-pFedMe | Selected 10/10
  [Client 18] Received edge weights.
  [Client 11] Received edge weights.
  [Client 12] Received edge weights.
  [Client 17] Received edge weights.
  [Client 10] Received edge weights.
  [Client 15] Received edge weights.
  [Client 19] Received edge weights.
  [Client 13] Received edge weights.
  [Client 14] Received edge weights.
  [Client 16] Received edge weights.
  [Client 18] Round 3 | Hier-pFedMe(λ2=35.0,K=3) | loss=0.5976  [Client 12] Round 3 | Hier-pFedMe(λ2=35.0,K=3) | loss=0.2414
  [Client 17] Round 3 | Hier-pFedMe(λ2=35.0,K=3) | loss=0.4720

  [Client 11] Round 3 | Hier-pFedMe(λ2=35.0,K=3) | loss=0.2933
  [Client 15] Round 3 | Hier-pFedMe(λ2=35.0,K=3) | loss=0.2674
  [Client 10] Round 3 | Hier-pFedMe(λ2=35.0,K=3) | loss=0.1354
  [Client 19] Round 3 | Hier-pFedMe(λ2=35.0,K=3) | loss=0.2042
  [Client 13] Round 3 | Hier-pFedMe(λ2=35.0,K=3) | loss=0.2830
  [Client 14] Round 3 | Hier-pFedMe(λ2=35.0,K=3) | loss=0.1494
  [Client 16] Round 3 | Hier-pFedMe(λ2=35.0,K=3) | loss=0.2040
  [Edge 1] G3 | E1 | loss=0.2848
  [Edge 1] G3 | E2 | Hier-pFedMe | Selected 10/10
  [Client 15] Received edge weights.
  [Client 10] Received edge weights.
  [Client 13] Received edge weights.
  [Client 12] Received edge weights.
  [Client 17] Received edge weights.
  [Client 16] Received edge weights.
  [Client 19] Received edge weights.
  [Client 18] Received edge weights.
  [Client 14] Received edge weights.
  [Client 11] Received edge weights.
  [Client 10] Round 3 | Hier-pFedMe(λ2=35.0,K=3) | loss=0.0914  [Client 12] Round 3 | Hier-pFedMe(λ2=35.0,K=3) | loss=0.1154

  [Client 13] Round 3 | Hier-pFedMe(λ2=35.0,K=3) | loss=0.3909
  [Client 15] Round 3 | Hier-pFedMe(λ2=35.0,K=3) | loss=0.9893
  [Client 17] Round 3 | Hier-pFedMe(λ2=35.0,K=3) | loss=1.1786
  [Client 16] Round 3 | Hier-pFedMe(λ2=35.0,K=3) | loss=0.0823
  [Client 19] Round 3 | Hier-pFedMe(λ2=35.0,K=3) | loss=0.1060
  [Client 18] Round 3 | Hier-pFedMe(λ2=35.0,K=3) | loss=0.6355
  [Client 14] Round 3 | Hier-pFedMe(λ2=35.0,K=3) | loss=0.2577  [Client 11] Round 3 | Hier-pFedMe(λ2=35.0,K=3) | loss=0.1962

  [Edge 1] G3 | E2 | loss=0.4043
  [Edge 1] G3 | E3 | Hier-pFedMe | Selected 10/10
  [Client 15] Received edge weights.
  [Client 17] Received edge weights.
  [Client 16] Received edge weights.
  [Client 10] Received edge weights.
  [Client 12] Received edge weights.
  [Client 14] Received edge weights.
  [Client 18] Received edge weights.
  [Client 19] Received edge weights.
  [Client 13] Received edge weights.
  [Client 11] Received edge weights.
  [Client 17] Round 3 | Hier-pFedMe(λ2=35.0,K=3) | loss=0.6383
  [Client 16] Round 3 | Hier-pFedMe(λ2=35.0,K=3) | loss=0.1381
  [Client 15] Round 3 | Hier-pFedMe(λ2=35.0,K=3) | loss=1.6094
  [Client 10] Round 3 | Hier-pFedMe(λ2=35.0,K=3) | loss=0.1024
  [Client 12] Round 3 | Hier-pFedMe(λ2=35.0,K=3) | loss=0.1703
  [Client 14] Round 3 | Hier-pFedMe(λ2=35.0,K=3) | loss=0.5347
  [Client 18] Round 3 | Hier-pFedMe(λ2=35.0,K=3) | loss=0.3584
  [Client 19] Round 3 | Hier-pFedMe(λ2=35.0,K=3) | loss=0.0519
  [Client 13] Round 3 | Hier-pFedMe(λ2=35.0,K=3) | loss=1.8011
  [Client 11] Round 3 | Hier-pFedMe(λ2=35.0,K=3) | loss=1.0385
  [Edge 1] G3 | E3 | loss=0.6443
  [Edge 1] G3 | E4 | Hier-pFedMe | Selected 10/10
  [Client 10] Received edge weights.
  [Client 19] Received edge weights.
  [Client 13] Received edge weights.
  [Client 15] Received edge weights.
  [Client 17] Received edge weights.
  [Client 16] Received edge weights.
  [Client 12] Received edge weights.
  [Client 11] Received edge weights.
  [Client 14] Received edge weights.
  [Client 18] Received edge weights.
  [Client 10] Round 3 | Hier-pFedMe(λ2=35.0,K=3) | loss=0.0299
  [Client 19] Round 3 | Hier-pFedMe(λ2=35.0,K=3) | loss=0.0585
  [Client 13] Round 3 | Hier-pFedMe(λ2=35.0,K=3) | loss=0.4492
  [Client 15] Round 3 | Hier-pFedMe(λ2=35.0,K=3) | loss=0.3229
  [Client 12] Round 3 | Hier-pFedMe(λ2=35.0,K=3) | loss=0.0888  [Client 17] Round 3 | Hier-pFedMe(λ2=35.0,K=3) | loss=0.5067  [Client 16] Round 3 | Hier-pFedMe(λ2=35.0,K=3) | loss=0.2097


  [Client 11] Round 3 | Hier-pFedMe(λ2=35.0,K=3) | loss=0.4563
  [Client 18] Round 3 | Hier-pFedMe(λ2=35.0,K=3) | loss=0.5590
  [Client 14] Round 3 | Hier-pFedMe(λ2=35.0,K=3) | loss=0.1323
  [Edge 1] G3 | E4 | loss=0.2813
  [Edge 1] G3 | E5 | Hier-pFedMe | Selected 10/10
  [Client 12] Received edge weights.
  [Client 14] Received edge weights.
  [Client 13] Received edge weights.
  [Client 10] Received edge weights.
  [Client 19] Received edge weights.
  [Client 11] Received edge weights.
  [Client 17] Received edge weights.
  [Client 15] Received edge weights.
  [Client 18] Received edge weights.
  [Client 16] Received edge weights.
  [Client 12] Round 3 | Hier-pFedMe(λ2=35.0,K=3) | loss=0.1718
  [Client 10] Round 3 | Hier-pFedMe(λ2=35.0,K=3) | loss=0.2291
  [Client 14] Round 3 | Hier-pFedMe(λ2=35.0,K=3) | loss=0.1767
  [Client 13] Round 3 | Hier-pFedMe(λ2=35.0,K=3) | loss=0.2853
  [Client 11] Round 3 | Hier-pFedMe(λ2=35.0,K=3) | loss=0.2790
  [Client 19] Round 3 | Hier-pFedMe(λ2=35.0,K=3) | loss=0.1980
  [Client 17] Round 3 | Hier-pFedMe(λ2=35.0,K=3) | loss=0.2756
  [Client 15] Round 3 | Hier-pFedMe(λ2=35.0,K=3) | loss=0.2546
  [Client 18] Round 3 | Hier-pFedMe(λ2=35.0,K=3) | loss=0.4714
  [Client 16] Round 3 | Hier-pFedMe(λ2=35.0,K=3) | loss=0.1757
  [Edge 1] G3 | E5 | loss=0.2517
[C0] eval model[0] mean=-0.003132 | θ̃ mean=-0.003132 | edge mean=-0.002973 |local ref=-0.003070
[C0] n=1000 | classes=[3, 6] | acc=0.6270 | per_class={3: '0.78', 6: '0.46'}
[C1] eval model[0] mean=-0.003128 | θ̃ mean=-0.003128 | edge mean=-0.002973 |local ref=-0.003109
[C1] n=1000 | classes=[3, 6] | acc=0.5730 | per_class={3: '0.29', 6: '0.87'}
[C2] eval model[0] mean=-0.003530 | θ̃ mean=-0.003530 | edge mean=-0.002973 |local ref=-0.003506
[C2] n=1000 | classes=[2, 5] | acc=0.6150 | per_class={2: '0.31', 5: '0.92'}
[C3] eval model[0] mean=-0.003086 | θ̃ mean=-0.003086 | edge mean=-0.002973 |local ref=-0.003080
[C3] n=1000 | classes=[5, 7] | acc=0.5360 | per_class={5: '0.19', 7: '0.89'}
[C4] eval model[0] mean=-0.002635 | θ̃ mean=-0.002635 | edge mean=-0.002973 |local ref=-0.002650
[C4] n=1000 | classes=[2, 7] | acc=0.6210 | per_class={2: '0.89', 7: '0.34'}
[C5] eval model[0] mean=-0.002902 | θ̃ mean=-0.002902 | edge mean=-0.002973 |local ref=-0.002941
[C5] n=1000 | classes=[2, 4] | acc=0.4900 | per_class={2: '0.16', 4: '0.83'}
[C6] eval model[0] mean=-0.002857 | θ̃ mean=-0.002857 | edge mean=-0.002973 |local ref=-0.002912
[C6] n=1000 | classes=[6, 7] | acc=0.6090 | per_class={6: '1.00', 7: '0.23'}
[C7] eval model[0] mean=-0.003709 | θ̃ mean=-0.003709 | edge mean=-0.002973 |local ref=-0.003674
[C7] n=1000 | classes=[3, 5] | acc=0.5150 | per_class={3: '0.11', 5: '0.89'}
[C8] eval model[0] mean=-0.002453 | θ̃ mean=-0.002453 | edge mean=-0.002973 |local ref=-0.002505
[C8] n=500 | classes=[4] | acc=1.0000 | per_class={4: '1.00'}
[C9] eval model[0] mean=-0.003107 | θ̃ mean=-0.003107 | edge mean=-0.002973 |local ref=-0.003093
[C9] n=500 | classes=[4] | acc=1.0000 | per_class={4: '1.00'}
[C10] eval model[0] mean=-0.004374 | θ̃ mean=-0.004374 | edge mean=-0.003852 |local ref=-0.004263
[C10] n=600 | classes=[8, 9] | acc=0.7367 | per_class={8: '0.87', 9: '0.61'}
[C11] eval model[0] mean=-0.003624 | θ̃ mean=-0.003624 | edge mean=-0.003852 |local ref=-0.003693
[C11] n=600 | classes=[0, 1] | acc=0.6950 | per_class={0: '0.74', 1: '0.65'}
[C12] eval model[0] mean=-0.003470 | θ̃ mean=-0.003470 | edge mean=-0.003852 |local ref=-0.003500
[C12] n=600 | classes=[1, 8] | acc=0.7317 | per_class={1: '0.71', 8: '0.76'}
[C13] eval model[0] mean=-0.003370 | θ̃ mean=-0.003370 | edge mean=-0.003852 |local ref=-0.003421
[C13] n=600 | classes=[0, 8] | acc=0.6133 | per_class={0: '0.73', 8: '0.49'}
[C14] eval model[0] mean=-0.003847 | θ̃ mean=-0.003847 | edge mean=-0.003852 |local ref=-0.003817
[C14] n=600 | classes=[0, 9] | acc=0.7500 | per_class={0: '0.88', 9: '0.61'}
[C15] eval model[0] mean=-0.003583 | θ̃ mean=-0.003583 | edge mean=-0.003852 |local ref=-0.003654
[C15] n=600 | classes=[0, 8] | acc=0.6050 | per_class={0: '0.93', 8: '0.27'}
[C16] eval model[0] mean=-0.004208 | θ̃ mean=-0.004208 | edge mean=-0.003852 |local ref=-0.004169
[C16] n=600 | classes=[1, 8] | acc=0.7517 | per_class={1: '0.64', 8: '0.86'}
[C17] eval model[0] mean=-0.003658 | θ̃ mean=-0.003658 | edge mean=-0.003852 |local ref=-0.003659
[C17] n=600 | classes=[1, 9] | acc=0.5683 | per_class={1: '0.24', 9: '0.87'}
[C18] eval model[0] mean=-0.004276 | θ̃ mean=-0.004276 | edge mean=-0.003852 |local ref=-0.004229
[C18] n=600 | classes=[1, 9] | acc=0.5233 | per_class={1: '0.21', 9: '0.86'}
[C19] eval model[0] mean=-0.003894 | θ̃ mean=-0.003894 | edge mean=-0.003852 |local ref=-0.003881
[C19] n=600 | classes=[0, 9] | acc=0.6933 | per_class={0: '0.91', 9: '0.49'}
  [Cloud] GM=0.1946 | EM=0.3259 PM=0.6391 | loss=2.2089 | time=48.9s | comm=4556.2MB (total=13669MB)

[Round   4] Broadcasting to 2 edges...
  [Edge 0] W_n reset to global weights for new round.
  [Edge 1] W_n reset to global weights for new round.
  [Edge 0] G4 | E1 | Hier-pFedMe | Selected 10/10
  [Client  5] Received edge weights.
  [Client  6] Received edge weights.
  [Client  2] Received edge weights.
  [Client  7] Received edge weights.
  [Client  1] Received edge weights.
  [Client  8] Received edge weights.
  [Client  0] Received edge weights.
  [Client  4] Received edge weights.
  [Client  9] Received edge weights.
  [Client  3] Received edge weights.
  [Client  7] Round 4 | Hier-pFedMe(λ2=35.0,K=3) | loss=0.2659
  [Client  2] Round 4 | Hier-pFedMe(λ2=35.0,K=3) | loss=0.4048
  [Client  6] Round 4 | Hier-pFedMe(λ2=35.0,K=3) | loss=0.2455  [Client  5] Round 4 | Hier-pFedMe(λ2=35.0,K=3) | loss=0.2736

  [Client  1] Round 4 | Hier-pFedMe(λ2=35.0,K=3) | loss=0.3891
  [Client  8] Round 4 | Hier-pFedMe(λ2=35.0,K=3) | loss=0.0006
  [Client  0] Round 4 | Hier-pFedMe(λ2=35.0,K=3) | loss=0.2726
  [Client  4] Round 4 | Hier-pFedMe(λ2=35.0,K=3) | loss=0.3107
  [Client  9] Round 4 | Hier-pFedMe(λ2=35.0,K=3) | loss=0.0007
  [Client  3] Round 4 | Hier-pFedMe(λ2=35.0,K=3) | loss=0.4073
  [Edge 0] G4 | E1 | loss=0.2856
  [Edge 0] G4 | E2 | Hier-pFedMe | Selected 10/10
  [Client  1] Received edge weights.
  [Client  6] Received edge weights.
  [Client  2] Received edge weights.
  [Client  4] Received edge weights.
  [Client  3] Received edge weights.
  [Client  5] Received edge weights.
  [Client  9] Received edge weights.
  [Client  0] Received edge weights.
  [Client  8] Received edge weights.
  [Client  7] Received edge weights.
  [Client  1] Round 4 | Hier-pFedMe(λ2=35.0,K=3) | loss=0.5978
  [Client  2] Round 4 | Hier-pFedMe(λ2=35.0,K=3) | loss=0.1990  [Client  6] Round 4 | Hier-pFedMe(λ2=35.0,K=3) | loss=0.0952

  [Client  4] Round 4 | Hier-pFedMe(λ2=35.0,K=3) | loss=0.2525
  [Client  3] Round 4 | Hier-pFedMe(λ2=35.0,K=3) | loss=0.3126
  [Client  9] Round 4 | Hier-pFedMe(λ2=35.0,K=3) | loss=0.0001  [Client  5] Round 4 | Hier-pFedMe(λ2=35.0,K=3) | loss=0.3171

  [Client  0] Round 4 | Hier-pFedMe(λ2=35.0,K=3) | loss=0.4396
  [Client  8] Round 4 | Hier-pFedMe(λ2=35.0,K=3) | loss=0.0001
  [Client  7] Round 4 | Hier-pFedMe(λ2=35.0,K=3) | loss=0.2470
  [Edge 0] G4 | E2 | loss=0.2734
  [Edge 0] G4 | E3 | Hier-pFedMe | Selected 10/10
  [Client  6] Received edge weights.
  [Client  3] Received edge weights.
  [Client  8] Received edge weights.
  [Client  2] Received edge weights.
  [Client  7] Received edge weights.
  [Client  1] Received edge weights.
  [Client  0] Received edge weights.
  [Client  9] Received edge weights.
  [Client  5] Received edge weights.
  [Client  4] Received edge weights.
  [Client  6] Round 4 | Hier-pFedMe(λ2=35.0,K=3) | loss=0.0810
  [Client  2] Round 4 | Hier-pFedMe(λ2=35.0,K=3) | loss=0.1616
  [Client  3] Round 4 | Hier-pFedMe(λ2=35.0,K=3) | loss=0.2079
  [Client  8] Round 4 | Hier-pFedMe(λ2=35.0,K=3) | loss=0.0000
  [Client  7] Round 4 | Hier-pFedMe(λ2=35.0,K=3) | loss=0.3900
  [Client  1] Round 4 | Hier-pFedMe(λ2=35.0,K=3) | loss=0.1536
  [Client  0] Round 4 | Hier-pFedMe(λ2=35.0,K=3) | loss=0.2899
  [Client  9] Round 4 | Hier-pFedMe(λ2=35.0,K=3) | loss=0.0000
  [Client  5] Round 4 | Hier-pFedMe(λ2=35.0,K=3) | loss=0.3595
  [Client  4] Round 4 | Hier-pFedMe(λ2=35.0,K=3) | loss=0.1616
  [Edge 0] G4 | E3 | loss=0.2006
  [Edge 0] G4 | E4 | Hier-pFedMe | Selected 10/10
  [Client  2] Received edge weights.
  [Client  9] Received edge weights.
  [Client  4] Received edge weights.
  [Client  7] Received edge weights.
  [Client  0] Received edge weights.
  [Client  6] Received edge weights.
  [Client  1] Received edge weights.
  [Client  3] Received edge weights.
  [Client  8] Received edge weights.
  [Client  5] Received edge weights.
  [Client  4] Round 4 | Hier-pFedMe(λ2=35.0,K=3) | loss=0.2504
  [Client  9] Round 4 | Hier-pFedMe(λ2=35.0,K=3) | loss=0.0000  [Client  2] Round 4 | Hier-pFedMe(λ2=35.0,K=3) | loss=0.2371

  [Client  7] Round 4 | Hier-pFedMe(λ2=35.0,K=3) | loss=0.1901
  [Client  0] Round 4 | Hier-pFedMe(λ2=35.0,K=3) | loss=0.3208  [Client  6] Round 4 | Hier-pFedMe(λ2=35.0,K=3) | loss=0.1067

  [Client  1] Round 4 | Hier-pFedMe(λ2=35.0,K=3) | loss=0.2735
  [Client  3] Round 4 | Hier-pFedMe(λ2=35.0,K=3) | loss=0.2264
  [Client  8] Round 4 | Hier-pFedMe(λ2=35.0,K=3) | loss=0.0000
  [Client  5] Round 4 | Hier-pFedMe(λ2=35.0,K=3) | loss=0.3123
  [Edge 0] G4 | E4 | loss=0.2130
  [Edge 0] G4 | E5 | Hier-pFedMe | Selected 10/10
  [Client  8] Received edge weights.
  [Client  1] Received edge weights.
  [Client  4] Received edge weights.
  [Client  2] Received edge weights.
  [Client  5] Received edge weights.
  [Client  9] Received edge weights.
  [Client  0] Received edge weights.
  [Client  3] Received edge weights.
  [Client  7] Received edge weights.
  [Client  6] Received edge weights.
  [Client  8] Round 4 | Hier-pFedMe(λ2=35.0,K=3) | loss=0.0000
  [Client  2] Round 4 | Hier-pFedMe(λ2=35.0,K=3) | loss=0.3626  [Client  4] Round 4 | Hier-pFedMe(λ2=35.0,K=3) | loss=0.1623

  [Client  1] Round 4 | Hier-pFedMe(λ2=35.0,K=3) | loss=0.3204
  [Client  5] Round 4 | Hier-pFedMe(λ2=35.0,K=3) | loss=0.2494
  [Client  9] Round 4 | Hier-pFedMe(λ2=35.0,K=3) | loss=0.0000
  [Client  0] Round 4 | Hier-pFedMe(λ2=35.0,K=3) | loss=0.1107
  [Client  3] Round 4 | Hier-pFedMe(λ2=35.0,K=3) | loss=0.7701
  [Client  7] Round 4 | Hier-pFedMe(λ2=35.0,K=3) | loss=0.3104
  [Client  6] Round 4 | Hier-pFedMe(λ2=35.0,K=3) | loss=0.1525
  [Edge 0] G4 | E5 | loss=0.2709
  [Edge 1] G4 | E1 | Hier-pFedMe | Selected 10/10
  [Client 10] Received edge weights.
  [Client 17] Received edge weights.
  [Client 14] Received edge weights.
  [Client 13] Received edge weights.
  [Client 12] Received edge weights.
  [Client 11] Received edge weights.
  [Client 18] Received edge weights.
  [Client 19] Received edge weights.
  [Client 16] Received edge weights.
  [Client 15] Received edge weights.
  [Client 10] Round 4 | Hier-pFedMe(λ2=35.0,K=3) | loss=0.0882
  [Client 14] Round 4 | Hier-pFedMe(λ2=35.0,K=3) | loss=0.0650
  [Client 13] Round 4 | Hier-pFedMe(λ2=35.0,K=3) | loss=0.2509
  [Client 17] Round 4 | Hier-pFedMe(λ2=35.0,K=3) | loss=0.2876
  [Client 12] Round 4 | Hier-pFedMe(λ2=35.0,K=3) | loss=0.1749
  [Client 11] Round 4 | Hier-pFedMe(λ2=35.0,K=3) | loss=0.2430
  [Client 18] Round 4 | Hier-pFedMe(λ2=35.0,K=3) | loss=0.3298
  [Client 19] Round 4 | Hier-pFedMe(λ2=35.0,K=3) | loss=0.1355
  [Client 16] Round 4 | Hier-pFedMe(λ2=35.0,K=3) | loss=0.2688
  [Client 15] Round 4 | Hier-pFedMe(λ2=35.0,K=3) | loss=0.2061
  [Edge 1] G4 | E1 | loss=0.2050
  [Edge 1] G4 | E2 | Hier-pFedMe | Selected 10/10
  [Client 16] Received edge weights.
  [Client 10] Received edge weights.
  [Client 17] Received edge weights.
  [Client 11] Received edge weights.
  [Client 19] Received edge weights.
  [Client 15] Received edge weights.
  [Client 12] Received edge weights.
  [Client 14] Received edge weights.
  [Client 13] Received edge weights.
  [Client 18] Received edge weights.
  [Client 10] Round 4 | Hier-pFedMe(λ2=35.0,K=3) | loss=0.5102
  [Client 16] Round 4 | Hier-pFedMe(λ2=35.0,K=3) | loss=0.0143
  [Client 11] Round 4 | Hier-pFedMe(λ2=35.0,K=3) | loss=0.1946  [Client 17] Round 4 | Hier-pFedMe(λ2=35.0,K=3) | loss=0.3475

  [Client 19] Round 4 | Hier-pFedMe(λ2=35.0,K=3) | loss=0.1946
  [Client 12] Round 4 | Hier-pFedMe(λ2=35.0,K=3) | loss=0.0501  [Client 15] Round 4 | Hier-pFedMe(λ2=35.0,K=3) | loss=0.3403

  [Client 14] Round 4 | Hier-pFedMe(λ2=35.0,K=3) | loss=0.2158
  [Client 13] Round 4 | Hier-pFedMe(λ2=35.0,K=3) | loss=0.5025
  [Client 18] Round 4 | Hier-pFedMe(λ2=35.0,K=3) | loss=0.4800
  [Edge 1] G4 | E2 | loss=0.2850
  [Edge 1] G4 | E3 | Hier-pFedMe | Selected 10/10
  [Client 14] Received edge weights.
  [Client 10] Received edge weights.
  [Client 12] Received edge weights.
  [Client 18] Received edge weights.
  [Client 16] Received edge weights.
  [Client 17] Received edge weights.
  [Client 19] Received edge weights.
  [Client 11] Received edge weights.
  [Client 15] Received edge weights.
  [Client 13] Received edge weights.
  [Client 12] Round 4 | Hier-pFedMe(λ2=35.0,K=3) | loss=0.4152
  [Client 10] Round 4 | Hier-pFedMe(λ2=35.0,K=3) | loss=0.7427
  [Client 18] Round 4 | Hier-pFedMe(λ2=35.0,K=3) | loss=0.3002
  [Client 14] Round 4 | Hier-pFedMe(λ2=35.0,K=3) | loss=1.3309
  [Client 16] Round 4 | Hier-pFedMe(λ2=35.0,K=3) | loss=0.0514
  [Client 19] Round 4 | Hier-pFedMe(λ2=35.0,K=3) | loss=0.4789
  [Client 17] Round 4 | Hier-pFedMe(λ2=35.0,K=3) | loss=1.7657
  [Client 11] Round 4 | Hier-pFedMe(λ2=35.0,K=3) | loss=0.2460
  [Client 15] Round 4 | Hier-pFedMe(λ2=35.0,K=3) | loss=1.0495
  [Client 13] Round 4 | Hier-pFedMe(λ2=35.0,K=3) | loss=0.2073
  [Edge 1] G4 | E3 | loss=0.6588
  [Edge 1] G4 | E4 | Hier-pFedMe | Selected 10/10
  [Client 19] Received edge weights.
  [Client 17] Received edge weights.
  [Client 10] Received edge weights.
  [Client 14] Received edge weights.
  [Client 16] Received edge weights.
  [Client 18] Received edge weights.
  [Client 13] Received edge weights.
  [Client 11] Received edge weights.
  [Client 15] Received edge weights.
  [Client 12] Received edge weights.
  [Client 17] Round 4 | Hier-pFedMe(λ2=35.0,K=3) | loss=0.6108
  [Client 14] Round 4 | Hier-pFedMe(λ2=35.0,K=3) | loss=0.2106  [Client 10] Round 4 | Hier-pFedMe(λ2=35.0,K=3) | loss=0.3306
  [Client 19] Round 4 | Hier-pFedMe(λ2=35.0,K=3) | loss=0.1393

  [Client 16] Round 4 | Hier-pFedMe(λ2=35.0,K=3) | loss=0.1552
  [Client 18] Round 4 | Hier-pFedMe(λ2=35.0,K=3) | loss=0.3233
  [Client 13] Round 4 | Hier-pFedMe(λ2=35.0,K=3) | loss=0.1538
  [Client 11] Round 4 | Hier-pFedMe(λ2=35.0,K=3) | loss=0.0849
  [Client 12] Round 4 | Hier-pFedMe(λ2=35.0,K=3) | loss=0.6330
  [Client 15] Round 4 | Hier-pFedMe(λ2=35.0,K=3) | loss=0.2266
  [Edge 1] G4 | E4 | loss=0.2868
  [Edge 1] G4 | E5 | Hier-pFedMe | Selected 10/10
  [Client 11] Received edge weights.
  [Client 10] Received edge weights.
  [Client 14] Received edge weights.
  [Client 17] Received edge weights.
  [Client 13] Received edge weights.
  [Client 15] Received edge weights.
  [Client 18] Received edge weights.
  [Client 19] Received edge weights.
  [Client 16] Received edge weights.
  [Client 12] Received edge weights.
  [Client 10] Round 4 | Hier-pFedMe(λ2=35.0,K=3) | loss=0.0675
  [Client 17] Round 4 | Hier-pFedMe(λ2=35.0,K=3) | loss=0.4509
  [Client 14] Round 4 | Hier-pFedMe(λ2=35.0,K=3) | loss=0.0451
  [Client 11] Round 4 | Hier-pFedMe(λ2=35.0,K=3) | loss=0.1942
  [Client 13] Round 4 | Hier-pFedMe(λ2=35.0,K=3) | loss=0.3325  [Client 15] Round 4 | Hier-pFedMe(λ2=35.0,K=3) | loss=0.2470

  [Client 18] Round 4 | Hier-pFedMe(λ2=35.0,K=3) | loss=0.4087
  [Client 19] Round 4 | Hier-pFedMe(λ2=35.0,K=3) | loss=0.1189
  [Client 16] Round 4 | Hier-pFedMe(λ2=35.0,K=3) | loss=0.1258
  [Client 12] Round 4 | Hier-pFedMe(λ2=35.0,K=3) | loss=0.2886
  [Edge 1] G4 | E5 | loss=0.2279
[C0] eval model[0] mean=-0.003425 | θ̃ mean=-0.003425 | edge mean=-0.003463 |local ref=-0.003444
[C0] n=1000 | classes=[3, 6] | acc=0.6440 | per_class={3: '0.47', 6: '0.82'}
[C1] eval model[0] mean=-0.003541 | θ̃ mean=-0.003541 | edge mean=-0.003463 |local ref=-0.003513
[C1] n=1000 | classes=[3, 6] | acc=0.5840 | per_class={3: '0.35', 6: '0.83'}
[C2] eval model[0] mean=-0.003282 | θ̃ mean=-0.003282 | edge mean=-0.003463 |local ref=-0.003306
[C2] n=1000 | classes=[2, 5] | acc=0.6910 | per_class={2: '0.55', 5: '0.84'}
[C3] eval model[0] mean=-0.003867 | θ̃ mean=-0.003867 | edge mean=-0.003463 |local ref=-0.003838
[C3] n=1000 | classes=[5, 7] | acc=0.5360 | per_class={5: '0.96', 7: '0.10'}
[C4] eval model[0] mean=-0.003197 | θ̃ mean=-0.003197 | edge mean=-0.003463 |local ref=-0.003221
[C4] n=1000 | classes=[2, 7] | acc=0.6040 | per_class={2: '0.96', 7: '0.23'}
[C5] eval model[0] mean=-0.003610 | θ̃ mean=-0.003610 | edge mean=-0.003463 |local ref=-0.003580
[C5] n=1000 | classes=[2, 4] | acc=0.5160 | per_class={2: '0.25', 4: '0.79'}
[C6] eval model[0] mean=-0.003340 | θ̃ mean=-0.003340 | edge mean=-0.003463 |local ref=-0.003330
[C6] n=1000 | classes=[6, 7] | acc=0.7440 | per_class={6: '0.81', 7: '0.68'}
[C7] eval model[0] mean=-0.004271 | θ̃ mean=-0.004271 | edge mean=-0.003463 |local ref=-0.004199
[C7] n=1000 | classes=[3, 5] | acc=0.5300 | per_class={3: '0.08', 5: '0.95'}
[C8] eval model[0] mean=-0.003283 | θ̃ mean=-0.003283 | edge mean=-0.003463 |local ref=-0.003301
[C8] n=500 | classes=[4] | acc=1.0000 | per_class={4: '1.00'}
[C9] eval model[0] mean=-0.003471 | θ̃ mean=-0.003471 | edge mean=-0.003463 |local ref=-0.003470
[C9] n=500 | classes=[4] | acc=1.0000 | per_class={4: '1.00'}
[C10] eval model[0] mean=-0.003872 | θ̃ mean=-0.003872 | edge mean=-0.003682 |local ref=-0.003847
[C10] n=600 | classes=[8, 9] | acc=0.8133 | per_class={8: '0.85', 9: '0.78'}
[C11] eval model[0] mean=-0.004238 | θ̃ mean=-0.004238 | edge mean=-0.003682 |local ref=-0.004193
[C11] n=600 | classes=[0, 1] | acc=0.7450 | per_class={0: '0.66', 1: '0.83'}
[C12] eval model[0] mean=-0.004155 | θ̃ mean=-0.004155 | edge mean=-0.003682 |local ref=-0.004129
[C12] n=600 | classes=[1, 8] | acc=0.7383 | per_class={1: '0.94', 8: '0.53'}
[C13] eval model[0] mean=-0.003445 | θ̃ mean=-0.003445 | edge mean=-0.003682 |local ref=-0.003467
[C13] n=600 | classes=[0, 8] | acc=0.5933 | per_class={0: '0.67', 8: '0.51'}
[C14] eval model[0] mean=-0.004249 | θ̃ mean=-0.004249 | edge mean=-0.003682 |local ref=-0.004200
[C14] n=600 | classes=[0, 9] | acc=0.7700 | per_class={0: '0.64', 9: '0.91'}
[C15] eval model[0] mean=-0.004378 | θ̃ mean=-0.004378 | edge mean=-0.003682 |local ref=-0.004275
[C15] n=600 | classes=[0, 8] | acc=0.5950 | per_class={0: '0.83', 8: '0.35'}
[C16] eval model[0] mean=-0.003404 | θ̃ mean=-0.003404 | edge mean=-0.003682 |local ref=-0.003416
[C16] n=600 | classes=[1, 8] | acc=0.8067 | per_class={1: '0.89', 8: '0.73'}
[C17] eval model[0] mean=-0.003276 | θ̃ mean=-0.003276 | edge mean=-0.003682 |local ref=-0.003328
[C17] n=600 | classes=[1, 9] | acc=0.5883 | per_class={1: '0.44', 9: '0.72'}
[C18] eval model[0] mean=-0.003530 | θ̃ mean=-0.003530 | edge mean=-0.003682 |local ref=-0.003535
[C18] n=600 | classes=[1, 9] | acc=0.5833 | per_class={1: '0.44', 9: '0.74'}
[C19] eval model[0] mean=-0.003826 | θ̃ mean=-0.003826 | edge mean=-0.003682 |local ref=-0.003809
[C19] n=600 | classes=[0, 9] | acc=0.8017 | per_class={0: '0.77', 9: '0.83'}
  [Cloud] GM=0.2635 | EM=0.3697 PM=0.6713 | loss=2.1081 | time=49.3s | comm=4556.2MB (total=18225MB)

[Round   5] Broadcasting to 2 edges...
  [Edge 0] W_n reset to global weights for new round.
  [Edge 1] W_n reset to global weights for new round.
  [Edge 0] G5 | E1 | Hier-pFedMe | Selected 10/10
  [Client  0] Received edge weights.
  [Client  2] Received edge weights.
  [Client  1] Received edge weights.
  [Client  8] Received edge weights.
  [Client  7] Received edge weights.
  [Client  6] Received edge weights.
  [Client  9] Received edge weights.
  [Client  4] Received edge weights.
  [Client  3] Received edge weights.
  [Client  5] Received edge weights.
  [Client  2] Round 5 | Hier-pFedMe(λ2=35.0,K=3) | loss=0.1521
  [Client  1] Round 5 | Hier-pFedMe(λ2=35.0,K=3) | loss=0.2223
  [Client  0] Round 5 | Hier-pFedMe(λ2=35.0,K=3) | loss=0.3030
  [Client  8] Round 5 | Hier-pFedMe(λ2=35.0,K=3) | loss=0.0006
  [Client  7] Round 5 | Hier-pFedMe(λ2=35.0,K=3) | loss=0.2536
  [Client  6] Round 5 | Hier-pFedMe(λ2=35.0,K=3) | loss=0.0916
  [Client  9] Round 5 | Hier-pFedMe(λ2=35.0,K=3) | loss=0.0001
  [Client  4] Round 5 | Hier-pFedMe(λ2=35.0,K=3) | loss=0.0678
  [Client  3] Round 5 | Hier-pFedMe(λ2=35.0,K=3) | loss=0.2049
  [Client  5] Round 5 | Hier-pFedMe(λ2=35.0,K=3) | loss=0.2474
  [Edge 0] G5 | E1 | loss=0.1714
  [Edge 0] G5 | E2 | Hier-pFedMe | Selected 10/10
  [Client  9] Received edge weights.
  [Client  1] Received edge weights.
  [Client  7] Received edge weights.
  [Client  5] Received edge weights.
  [Client  3] Received edge weights.
  [Client  0] Received edge weights.
  [Client  2] Received edge weights.
  [Client  8] Received edge weights.
  [Client  4] Received edge weights.
  [Client  6] Received edge weights.
  [Client  7] Round 5 | Hier-pFedMe(λ2=35.0,K=3) | loss=0.2902  [Client  1] Round 5 | Hier-pFedMe(λ2=35.0,K=3) | loss=0.1484

  [Client  9] Round 5 | Hier-pFedMe(λ2=35.0,K=3) | loss=0.0000
  [Client  5] Round 5 | Hier-pFedMe(λ2=35.0,K=3) | loss=0.2675
  [Client  0] Round 5 | Hier-pFedMe(λ2=35.0,K=3) | loss=0.1554
  [Client  3] Round 5 | Hier-pFedMe(λ2=35.0,K=3) | loss=0.5564
  [Client  2] Round 5 | Hier-pFedMe(λ2=35.0,K=3) | loss=0.1056
  [Client  8] Round 5 | Hier-pFedMe(λ2=35.0,K=3) | loss=0.0000
  [Client  4] Round 5 | Hier-pFedMe(λ2=35.0,K=3) | loss=0.0979
  [Client  6] Round 5 | Hier-pFedMe(λ2=35.0,K=3) | loss=0.0958
  [Edge 0] G5 | E2 | loss=0.1908
  [Edge 0] G5 | E3 | Hier-pFedMe | Selected 10/10
  [Client  9] Received edge weights.
  [Client  0] Received edge weights.
  [Client  8] Received edge weights.
  [Client  7] Received edge weights.
  [Client  4] Received edge weights.
  [Client  5] Received edge weights.
  [Client  6] Received edge weights.
  [Client  1] Received edge weights.
  [Client  3] Received edge weights.
  [Client  2] Received edge weights.
  [Client  9] Round 5 | Hier-pFedMe(λ2=35.0,K=3) | loss=0.0000
  [Client  0] Round 5 | Hier-pFedMe(λ2=35.0,K=3) | loss=0.2190
  [Client  8] Round 5 | Hier-pFedMe(λ2=35.0,K=3) | loss=0.0000  [Client  7] Round 5 | Hier-pFedMe(λ2=35.0,K=3) | loss=0.9966

  [Client  4] Round 5 | Hier-pFedMe(λ2=35.0,K=3) | loss=0.1768
  [Client  5] Round 5 | Hier-pFedMe(λ2=35.0,K=3) | loss=0.4826
  [Client  6] Round 5 | Hier-pFedMe(λ2=35.0,K=3) | loss=0.2802
  [Client  1] Round 5 | Hier-pFedMe(λ2=35.0,K=3) | loss=0.1573
  [Client  3] Round 5 | Hier-pFedMe(λ2=35.0,K=3) | loss=0.1292
  [Client  2] Round 5 | Hier-pFedMe(λ2=35.0,K=3) | loss=0.1843
  [Edge 0] G5 | E3 | loss=0.2918
  [Edge 0] G5 | E4 | Hier-pFedMe | Selected 10/10
  [Client  2] Received edge weights.
  [Client  8] Received edge weights.
  [Client  9] Received edge weights.
  [Client  4] Received edge weights.
  [Client  0] Received edge weights.
  [Client  6] Received edge weights.
  [Client  1] Received edge weights.
  [Client  5] Received edge weights.
  [Client  3] Received edge weights.
  [Client  7] Received edge weights.
  [Client  9] Round 5 | Hier-pFedMe(λ2=35.0,K=3) | loss=0.0000
  [Client  8] Round 5 | Hier-pFedMe(λ2=35.0,K=3) | loss=0.0000
  [Client  2] Round 5 | Hier-pFedMe(λ2=35.0,K=3) | loss=0.2505  [Client  4] Round 5 | Hier-pFedMe(λ2=35.0,K=3) | loss=0.1341

  [Client  0] Round 5 | Hier-pFedMe(λ2=35.0,K=3) | loss=0.1544
  [Client  6] Round 5 | Hier-pFedMe(λ2=35.0,K=3) | loss=0.0343
  [Client  1] Round 5 | Hier-pFedMe(λ2=35.0,K=3) | loss=0.1827
  [Client  5] Round 5 | Hier-pFedMe(λ2=35.0,K=3) | loss=0.4479
  [Client  3] Round 5 | Hier-pFedMe(λ2=35.0,K=3) | loss=0.2266
  [Client  7] Round 5 | Hier-pFedMe(λ2=35.0,K=3) | loss=0.4899
  [Edge 0] G5 | E4 | loss=0.2134
  [Edge 0] G5 | E5 | Hier-pFedMe | Selected 10/10
  [Client  6] Received edge weights.
  [Client  3] Received edge weights.
  [Client  0] Received edge weights.
  [Client  7] Received edge weights.
  [Client  1] Received edge weights.
  [Client  5] Received edge weights.
  [Client  2] Received edge weights.
  [Client  8] Received edge weights.
  [Client  9] Received edge weights.
  [Client  4] Received edge weights.
  [Client  3] Round 5 | Hier-pFedMe(λ2=35.0,K=3) | loss=0.1935  [Client  0] Round 5 | Hier-pFedMe(λ2=35.0,K=3) | loss=0.0869

  [Client  6] Round 5 | Hier-pFedMe(λ2=35.0,K=3) | loss=0.0997  [Client  7] Round 5 | Hier-pFedMe(λ2=35.0,K=3) | loss=0.3026

  [Client  1] Round 5 | Hier-pFedMe(λ2=35.0,K=3) | loss=0.3120
  [Client  5] Round 5 | Hier-pFedMe(λ2=35.0,K=3) | loss=0.2780
  [Client  2] Round 5 | Hier-pFedMe(λ2=35.0,K=3) | loss=0.7486
  [Client  8] Round 5 | Hier-pFedMe(λ2=35.0,K=3) | loss=0.0000
  [Client  9] Round 5 | Hier-pFedMe(λ2=35.0,K=3) | loss=0.0000
  [Client  4] Round 5 | Hier-pFedMe(λ2=35.0,K=3) | loss=0.2304
  [Edge 0] G5 | E5 | loss=0.2502
  [Edge 1] G5 | E1 | Hier-pFedMe | Selected 10/10
  [Client 16] Received edge weights.
  [Client 10] Received edge weights.
  [Client 18] Received edge weights.
  [Client 12] Received edge weights.
  [Client 13] Received edge weights.
  [Client 15] Received edge weights.
  [Client 19] Received edge weights.
  [Client 17] Received edge weights.
  [Client 14] Received edge weights.
  [Client 11] Received edge weights.
  [Client 10] Round 5 | Hier-pFedMe(λ2=35.0,K=3) | loss=0.1594
  [Client 18] Round 5 | Hier-pFedMe(λ2=35.0,K=3) | loss=0.3396
  [Client 12] Round 5 | Hier-pFedMe(λ2=35.0,K=3) | loss=0.0873
  [Client 16] Round 5 | Hier-pFedMe(λ2=35.0,K=3) | loss=0.1558
  [Client 13] Round 5 | Hier-pFedMe(λ2=35.0,K=3) | loss=0.2786  [Client 15] Round 5 | Hier-pFedMe(λ2=35.0,K=3) | loss=0.1983

  [Client 19] Round 5 | Hier-pFedMe(λ2=35.0,K=3) | loss=0.1542
  [Client 17] Round 5 | Hier-pFedMe(λ2=35.0,K=3) | loss=0.3937
  [Client 14] Round 5 | Hier-pFedMe(λ2=35.0,K=3) | loss=0.0862
  [Client 11] Round 5 | Hier-pFedMe(λ2=35.0,K=3) | loss=0.1686
  [Edge 1] G5 | E1 | loss=0.2022
  [Edge 1] G5 | E2 | Hier-pFedMe | Selected 10/10
  [Client 10] Received edge weights.
  [Client 12] Received edge weights.
  [Client 19] Received edge weights.
  [Client 15] Received edge weights.
  [Client 14] Received edge weights.
  [Client 13] Received edge weights.
  [Client 16] Received edge weights.
  [Client 11] Received edge weights.
  [Client 17] Received edge weights.
  [Client 18] Received edge weights.
  [Client 15] Round 5 | Hier-pFedMe(λ2=35.0,K=3) | loss=0.1087
  [Client 12] Round 5 | Hier-pFedMe(λ2=35.0,K=3) | loss=0.1848  [Client 19] Round 5 | Hier-pFedMe(λ2=35.0,K=3) | loss=0.0842

  [Client 10] Round 5 | Hier-pFedMe(λ2=35.0,K=3) | loss=0.0253
  [Client 14] Round 5 | Hier-pFedMe(λ2=35.0,K=3) | loss=0.1438
  [Client 13] Round 5 | Hier-pFedMe(λ2=35.0,K=3) | loss=0.2292
  [Client 16] Round 5 | Hier-pFedMe(λ2=35.0,K=3) | loss=0.3600
  [Client 11] Round 5 | Hier-pFedMe(λ2=35.0,K=3) | loss=0.2214
  [Client 17] Round 5 | Hier-pFedMe(λ2=35.0,K=3) | loss=0.9829
  [Client 18] Round 5 | Hier-pFedMe(λ2=35.0,K=3) | loss=0.9666
  [Edge 1] G5 | E2 | loss=0.3307
  [Edge 1] G5 | E3 | Hier-pFedMe | Selected 10/10
  [Client 15] Received edge weights.
  [Client 14] Received edge weights.
  [Client 17] Received edge weights.
  [Client 16] Received edge weights.
  [Client 10] Received edge weights.
  [Client 19] Received edge weights.
  [Client 12] Received edge weights.
  [Client 13] Received edge weights.
  [Client 11] Received edge weights.
  [Client 18] Received edge weights.
  [Client 14] Round 5 | Hier-pFedMe(λ2=35.0,K=3) | loss=0.3456  [Client 16] Round 5 | Hier-pFedMe(λ2=35.0,K=3) | loss=0.6247
  [Client 15] Round 5 | Hier-pFedMe(λ2=35.0,K=3) | loss=0.7167
  [Client 17] Round 5 | Hier-pFedMe(λ2=35.0,K=3) | loss=0.4022

  [Client 19] Round 5 | Hier-pFedMe(λ2=35.0,K=3) | loss=0.1182  [Client 10] Round 5 | Hier-pFedMe(λ2=35.0,K=3) | loss=0.0484

  [Client 13] Round 5 | Hier-pFedMe(λ2=35.0,K=3) | loss=0.2597  [Client 12] Round 5 | Hier-pFedMe(λ2=35.0,K=3) | loss=0.0838

  [Client 11] Round 5 | Hier-pFedMe(λ2=35.0,K=3) | loss=0.0794
  [Client 18] Round 5 | Hier-pFedMe(λ2=35.0,K=3) | loss=0.5589
  [Edge 1] G5 | E3 | loss=0.3237
  [Edge 1] G5 | E4 | Hier-pFedMe | Selected 10/10
  [Client 12] Received edge weights.
  [Client 13] Received edge weights.
  [Client 10] Received edge weights.
  [Client 11] Received edge weights.
  [Client 14] Received edge weights.
  [Client 16] Received edge weights.
  [Client 19] Received edge weights.
  [Client 15] Received edge weights.
  [Client 17] Received edge weights.
  [Client 18] Received edge weights.
  [Client 11] Round 5 | Hier-pFedMe(λ2=35.0,K=3) | loss=0.1275  [Client 13] Round 5 | Hier-pFedMe(λ2=35.0,K=3) | loss=0.2334

  [Client 10] Round 5 | Hier-pFedMe(λ2=35.0,K=3) | loss=0.0869
  [Client 12] Round 5 | Hier-pFedMe(λ2=35.0,K=3) | loss=0.2213
  [Client 14] Round 5 | Hier-pFedMe(λ2=35.0,K=3) | loss=0.8111
  [Client 16] Round 5 | Hier-pFedMe(λ2=35.0,K=3) | loss=0.1994  [Client 19] Round 5 | Hier-pFedMe(λ2=35.0,K=3) | loss=0.0187

  [Client 15] Round 5 | Hier-pFedMe(λ2=35.0,K=3) | loss=0.8136
  [Client 17] Round 5 | Hier-pFedMe(λ2=35.0,K=3) | loss=0.3821
  [Client 18] Round 5 | Hier-pFedMe(λ2=35.0,K=3) | loss=0.2356
  [Edge 1] G5 | E4 | loss=0.3129
  [Edge 1] G5 | E5 | Hier-pFedMe | Selected 10/10
  [Client 12] Received edge weights.
  [Client 13] Received edge weights.
  [Client 17] Received edge weights.
  [Client 16] Received edge weights.
  [Client 19] Received edge weights.
  [Client 10] Received edge weights.
  [Client 18] Received edge weights.
  [Client 14] Received edge weights.
  [Client 11] Received edge weights.
  [Client 15] Received edge weights.
  [Client 13] Round 5 | Hier-pFedMe(λ2=35.0,K=3) | loss=0.1951
  [Client 16] Round 5 | Hier-pFedMe(λ2=35.0,K=3) | loss=0.1786
  [Client 12] Round 5 | Hier-pFedMe(λ2=35.0,K=3) | loss=0.1179  [Client 17] Round 5 | Hier-pFedMe(λ2=35.0,K=3) | loss=0.2908

  [Client 19] Round 5 | Hier-pFedMe(λ2=35.0,K=3) | loss=0.1471
  [Client 10] Round 5 | Hier-pFedMe(λ2=35.0,K=3) | loss=0.0754
  [Client 18] Round 5 | Hier-pFedMe(λ2=35.0,K=3) | loss=0.3081
  [Client 14] Round 5 | Hier-pFedMe(λ2=35.0,K=3) | loss=0.3668
  [Client 11] Round 5 | Hier-pFedMe(λ2=35.0,K=3) | loss=0.0995
  [Client 15] Round 5 | Hier-pFedMe(λ2=35.0,K=3) | loss=0.3504
  [Edge 1] G5 | E5 | loss=0.2130
[C0] eval model[0] mean=-0.003241 | θ̃ mean=-0.003241 | edge mean=-0.003378 |local ref=-0.003286
[C0] n=1000 | classes=[3, 6] | acc=0.6070 | per_class={3: '0.33', 6: '0.89'}
[C1] eval model[0] mean=-0.003733 | θ̃ mean=-0.003733 | edge mean=-0.003378 |local ref=-0.003681
[C1] n=1000 | classes=[3, 6] | acc=0.5160 | per_class={3: '0.09', 6: '0.97'}
[C2] eval model[0] mean=-0.003160 | θ̃ mean=-0.003160 | edge mean=-0.003378 |local ref=-0.003185
[C2] n=1000 | classes=[2, 5] | acc=0.4960 | per_class={2: '0.01', 5: '1.00'}
[C3] eval model[0] mean=-0.003846 | θ̃ mean=-0.003846 | edge mean=-0.003378 |local ref=-0.003799
[C3] n=1000 | classes=[5, 7] | acc=0.5830 | per_class={5: '0.80', 7: '0.36'}
[C4] eval model[0] mean=-0.003415 | θ̃ mean=-0.003415 | edge mean=-0.003378 |local ref=-0.003420
[C4] n=1000 | classes=[2, 7] | acc=0.7290 | per_class={2: '0.59', 7: '0.87'}
[C5] eval model[0] mean=-0.003777 | θ̃ mean=-0.003777 | edge mean=-0.003378 |local ref=-0.003696
[C5] n=1000 | classes=[2, 4] | acc=0.5910 | per_class={2: '0.56', 4: '0.63'}
[C6] eval model[0] mean=-0.003828 | θ̃ mean=-0.003828 | edge mean=-0.003378 |local ref=-0.003733
[C6] n=1000 | classes=[6, 7] | acc=0.7260 | per_class={6: '0.83', 7: '0.63'}
[C7] eval model[0] mean=-0.002928 | θ̃ mean=-0.002928 | edge mean=-0.003378 |local ref=-0.002986
[C7] n=1000 | classes=[3, 5] | acc=0.5350 | per_class={3: '0.13', 5: '0.91'}
[C8] eval model[0] mean=-0.003437 | θ̃ mean=-0.003437 | edge mean=-0.003378 |local ref=-0.003431
[C8] n=500 | classes=[4] | acc=1.0000 | per_class={4: '1.00'}
[C9] eval model[0] mean=-0.003003 | θ̃ mean=-0.003003 | edge mean=-0.003378 |local ref=-0.003041
[C9] n=500 | classes=[4] | acc=1.0000 | per_class={4: '1.00'}
[C10] eval model[0] mean=-0.002776 | θ̃ mean=-0.002776 | edge mean=-0.003627 |local ref=-0.002849
[C10] n=600 | classes=[8, 9] | acc=0.7817 | per_class={8: '0.68', 9: '0.88'}
[C11] eval model[0] mean=-0.002888 | θ̃ mean=-0.002888 | edge mean=-0.003627 |local ref=-0.002952
[C11] n=600 | classes=[0, 1] | acc=0.7833 | per_class={0: '0.72', 1: '0.84'}
[C12] eval model[0] mean=-0.004067 | θ̃ mean=-0.004067 | edge mean=-0.003627 |local ref=-0.004023
[C12] n=600 | classes=[1, 8] | acc=0.7083 | per_class={1: '0.91', 8: '0.49'}
[C13] eval model[0] mean=-0.003717 | θ̃ mean=-0.003717 | edge mean=-0.003627 |local ref=-0.003685
[C13] n=600 | classes=[0, 8] | acc=0.6533 | per_class={0: '0.60', 8: '0.71'}
[C14] eval model[0] mean=-0.004975 | θ̃ mean=-0.004975 | edge mean=-0.003627 |local ref=-0.004837
[C14] n=600 | classes=[0, 9] | acc=0.6650 | per_class={0: '0.36', 9: '0.98'}
[C15] eval model[0] mean=-0.004036 | θ̃ mean=-0.004036 | edge mean=-0.003627 |local ref=-0.004003
[C15] n=600 | classes=[0, 8] | acc=0.6150 | per_class={0: '0.82', 8: '0.40'}
[C16] eval model[0] mean=-0.003388 | θ̃ mean=-0.003388 | edge mean=-0.003627 |local ref=-0.003394
[C16] n=600 | classes=[1, 8] | acc=0.7200 | per_class={1: '0.56', 8: '0.87'}
[C17] eval model[0] mean=-0.004026 | θ̃ mean=-0.004026 | edge mean=-0.003627 |local ref=-0.003988
[C17] n=600 | classes=[1, 9] | acc=0.6167 | per_class={1: '0.57', 9: '0.66'}
[C18] eval model[0] mean=-0.003916 | θ̃ mean=-0.003916 | edge mean=-0.003627 |local ref=-0.003870
[C18] n=600 | classes=[1, 9] | acc=0.5600 | per_class={1: '0.22', 9: '0.93'}
[C19] eval model[0] mean=-0.003979 | θ̃ mean=-0.003979 | edge mean=-0.003627 |local ref=-0.003948
[C19] n=600 | classes=[0, 9] | acc=0.7917 | per_class={0: '0.80', 9: '0.78'}
  [Cloud] GM=0.2692 | EM=0.3767 PM=0.6613 | loss=2.0721 | time=48.8s | comm=4556.2MB (total=22781MB)

[Round   6] Broadcasting to 2 edges...
  [Edge 0] W_n reset to global weights for new round.
  [Edge 1] W_n reset to global weights for new round.
  [Edge 0] G6 | E1 | Hier-pFedMe | Selected 10/10
  [Client  9] Received edge weights.
  [Client  5] Received edge weights.
  [Client  3] Received edge weights.
  [Client  4] Received edge weights.
  [Client  6] Received edge weights.
  [Client  2] Received edge weights.
  [Client  0] Received edge weights.
  [Client  7] Received edge weights.
  [Client  8] Received edge weights.
  [Client  1] Received edge weights.
  [Client  3] Round 6 | Hier-pFedMe(λ2=35.0,K=3) | loss=0.2550
  [Client  9] Round 6 | Hier-pFedMe(λ2=35.0,K=3) | loss=0.0002
  [Client  5] Round 6 | Hier-pFedMe(λ2=35.0,K=3) | loss=0.1553
  [Client  4] Round 6 | Hier-pFedMe(λ2=35.0,K=3) | loss=0.2239
  [Client  6] Round 6 | Hier-pFedMe(λ2=35.0,K=3) | loss=0.2999
  [Client  2] Round 6 | Hier-pFedMe(λ2=35.0,K=3) | loss=0.2455
  [Client  0] Round 6 | Hier-pFedMe(λ2=35.0,K=3) | loss=0.2648
  [Client  7] Round 6 | Hier-pFedMe(λ2=35.0,K=3) | loss=0.3322
  [Client  8] Round 6 | Hier-pFedMe(λ2=35.0,K=3) | loss=0.0002
  [Client  1] Round 6 | Hier-pFedMe(λ2=35.0,K=3) | loss=0.3132
  [Edge 0] G6 | E1 | loss=0.2322
  [Edge 0] G6 | E2 | Hier-pFedMe | Selected 10/10
  [Client  8] Received edge weights.
  [Client  4] Received edge weights.
  [Client  0] Received edge weights.
  [Client  7] Received edge weights.
  [Client  6] Received edge weights.
  [Client  2] Received edge weights.
  [Client  1] Received edge weights.
  [Client  3] Received edge weights.
  [Client  9] Received edge weights.
  [Client  5] Received edge weights.
  [Client  0] Round 6 | Hier-pFedMe(λ2=35.0,K=3) | loss=0.1548
  [Client  4] Round 6 | Hier-pFedMe(λ2=35.0,K=3) | loss=0.1809
  [Client  8] Round 6 | Hier-pFedMe(λ2=35.0,K=3) | loss=0.0000
  [Client  7] Round 6 | Hier-pFedMe(λ2=35.0,K=3) | loss=0.2881
  [Client  6] Round 6 | Hier-pFedMe(λ2=35.0,K=3) | loss=0.1980
  [Client  1] Round 6 | Hier-pFedMe(λ2=35.0,K=3) | loss=0.1613
  [Client  2] Round 6 | Hier-pFedMe(λ2=35.0,K=3) | loss=0.2105
  [Client  3] Round 6 | Hier-pFedMe(λ2=35.0,K=3) | loss=0.2069
  [Client  9] Round 6 | Hier-pFedMe(λ2=35.0,K=3) | loss=0.0000
  [Client  5] Round 6 | Hier-pFedMe(λ2=35.0,K=3) | loss=0.6938
  [Edge 0] G6 | E2 | loss=0.2327
  [Edge 0] G6 | E3 | Hier-pFedMe | Selected 10/10
  [Client  5] Received edge weights.
  [Client  2] Received edge weights.
  [Client  8] Received edge weights.
  [Client  0] Received edge weights.
  [Client  9] Received edge weights.
  [Client  1] Received edge weights.
  [Client  4] Received edge weights.
  [Client  3] Received edge weights.
  [Client  6] Received edge weights.
  [Client  7] Received edge weights.
  [Client  0] Round 6 | Hier-pFedMe(λ2=35.0,K=3) | loss=0.3673
  [Client  5] Round 6 | Hier-pFedMe(λ2=35.0,K=3) | loss=0.8188
  [Client  2] Round 6 | Hier-pFedMe(λ2=35.0,K=3) | loss=0.2373
  [Client  8] Round 6 | Hier-pFedMe(λ2=35.0,K=3) | loss=0.0000
  [Client  4] Round 6 | Hier-pFedMe(λ2=35.0,K=3) | loss=0.2093
  [Client  9] Round 6 | Hier-pFedMe(λ2=35.0,K=3) | loss=0.0000
  [Client  1] Round 6 | Hier-pFedMe(λ2=35.0,K=3) | loss=0.3401
  [Client  3] Round 6 | Hier-pFedMe(λ2=35.0,K=3) | loss=0.2497
  [Client  6] Round 6 | Hier-pFedMe(λ2=35.0,K=3) | loss=0.0744
  [Client  7] Round 6 | Hier-pFedMe(λ2=35.0,K=3) | loss=0.3725
  [Edge 0] G6 | E3 | loss=0.2966
  [Edge 0] G6 | E4 | Hier-pFedMe | Selected 10/10
  [Client  2] Received edge weights.
  [Client  6] Received edge weights.
  [Client  8] Received edge weights.
  [Client  0] Received edge weights.
  [Client  1] Received edge weights.
  [Client  3] Received edge weights.
  [Client  4] Received edge weights.
  [Client  5] Received edge weights.
  [Client  7] Received edge weights.
  [Client  9] Received edge weights.
  [Client  2] Round 6 | Hier-pFedMe(λ2=35.0,K=3) | loss=0.6735
  [Client  6] Round 6 | Hier-pFedMe(λ2=35.0,K=3) | loss=0.0352
  [Client  0] Round 6 | Hier-pFedMe(λ2=35.0,K=3) | loss=0.5704
  [Client  8] Round 6 | Hier-pFedMe(λ2=35.0,K=3) | loss=0.0000
  [Client  1] Round 6 | Hier-pFedMe(λ2=35.0,K=3) | loss=0.3879
  [Client  3] Round 6 | Hier-pFedMe(λ2=35.0,K=3) | loss=0.2519
  [Client  4] Round 6 | Hier-pFedMe(λ2=35.0,K=3) | loss=0.1153
  [Client  5] Round 6 | Hier-pFedMe(λ2=35.0,K=3) | loss=0.2357
  [Client  7] Round 6 | Hier-pFedMe(λ2=35.0,K=3) | loss=0.3219
  [Client  9] Round 6 | Hier-pFedMe(λ2=35.0,K=3) | loss=0.0000
  [Edge 0] G6 | E4 | loss=0.2880
  [Edge 0] G6 | E5 | Hier-pFedMe | Selected 10/10
  [Client  1] Received edge weights.
  [Client  3] Received edge weights.
  [Client  9] Received edge weights.
  [Client  5] Received edge weights.
  [Client  2] Received edge weights.
  [Client  6] Received edge weights.
  [Client  7] Received edge weights.
  [Client  4] Received edge weights.
  [Client  0] Received edge weights.
  [Client  8] Received edge weights.
  [Client  3] Round 6 | Hier-pFedMe(λ2=35.0,K=3) | loss=0.3929
  [Client  1] Round 6 | Hier-pFedMe(λ2=35.0,K=3) | loss=0.2931
  [Client  5] Round 6 | Hier-pFedMe(λ2=35.0,K=3) | loss=0.2961
  [Client  9] Round 6 | Hier-pFedMe(λ2=35.0,K=3) | loss=0.0000
  [Client  2] Round 6 | Hier-pFedMe(λ2=35.0,K=3) | loss=0.4983
  [Client  6] Round 6 | Hier-pFedMe(λ2=35.0,K=3) | loss=0.1290
  [Client  7] Round 6 | Hier-pFedMe(λ2=35.0,K=3) | loss=0.2801
  [Client  4] Round 6 | Hier-pFedMe(λ2=35.0,K=3) | loss=0.1632
  [Client  0] Round 6 | Hier-pFedMe(λ2=35.0,K=3) | loss=0.2164
  [Client  8] Round 6 | Hier-pFedMe(λ2=35.0,K=3) | loss=0.0000
  [Edge 0] G6 | E5 | loss=0.2521
  [Edge 1] G6 | E1 | Hier-pFedMe | Selected 10/10
  [Client 19] Received edge weights.
  [Client 13] Received edge weights.
  [Client 14] Received edge weights.
  [Client 18] Received edge weights.
  [Client 16] Received edge weights.
  [Client 12] Received edge weights.
  [Client 15] Received edge weights.
  [Client 11] Received edge weights.
  [Client 10] Received edge weights.
  [Client 17] Received edge weights.
  [Client 18] Round 6 | Hier-pFedMe(λ2=35.0,K=3) | loss=0.2286
  [Client 19] Round 6 | Hier-pFedMe(λ2=35.0,K=3) | loss=0.1149
  [Client 13] Round 6 | Hier-pFedMe(λ2=35.0,K=3) | loss=0.2108
  [Client 14] Round 6 | Hier-pFedMe(λ2=35.0,K=3) | loss=0.1510
  [Client 16] Round 6 | Hier-pFedMe(λ2=35.0,K=3) | loss=0.1405
  [Client 12] Round 6 | Hier-pFedMe(λ2=35.0,K=3) | loss=0.1416
  [Client 11] Round 6 | Hier-pFedMe(λ2=35.0,K=3) | loss=0.1616
  [Client 15] Round 6 | Hier-pFedMe(λ2=35.0,K=3) | loss=0.1461
  [Client 10] Round 6 | Hier-pFedMe(λ2=35.0,K=3) | loss=0.1067
  [Client 17] Round 6 | Hier-pFedMe(λ2=35.0,K=3) | loss=0.3491
  [Edge 1] G6 | E1 | loss=0.1751
  [Edge 1] G6 | E2 | Hier-pFedMe | Selected 10/10
  [Client 13] Received edge weights.
  [Client 18] Received edge weights.
  [Client 19] Received edge weights.
  [Client 10] Received edge weights.
  [Client 17] Received edge weights.
  [Client 15] Received edge weights.
  [Client 12] Received edge weights.
  [Client 11] Received edge weights.
  [Client 16] Received edge weights.
  [Client 14] Received edge weights.
  [Client 13] Round 6 | Hier-pFedMe(λ2=35.0,K=3) | loss=0.1766
  [Client 10] Round 6 | Hier-pFedMe(λ2=35.0,K=3) | loss=0.1602
  [Client 18] Round 6 | Hier-pFedMe(λ2=35.0,K=3) | loss=0.1444
  [Client 19] Round 6 | Hier-pFedMe(λ2=35.0,K=3) | loss=0.1225
  [Client 17] Round 6 | Hier-pFedMe(λ2=35.0,K=3) | loss=0.2494
  [Client 15] Round 6 | Hier-pFedMe(λ2=35.0,K=3) | loss=0.1304
  [Client 11] Round 6 | Hier-pFedMe(λ2=35.0,K=3) | loss=0.0472
  [Client 12] Round 6 | Hier-pFedMe(λ2=35.0,K=3) | loss=0.1692
  [Client 16] Round 6 | Hier-pFedMe(λ2=35.0,K=3) | loss=0.2050
  [Client 14] Round 6 | Hier-pFedMe(λ2=35.0,K=3) | loss=0.0106
  [Edge 1] G6 | E2 | loss=0.1415
  [Edge 1] G6 | E3 | Hier-pFedMe | Selected 10/10
  [Client 10] Received edge weights.
  [Client 16] Received edge weights.
  [Client 13] Received edge weights.
  [Client 18] Received edge weights.
  [Client 17] Received edge weights.
  [Client 11] Received edge weights.
  [Client 14] Received edge weights.
  [Client 12] Received edge weights.
  [Client 15] Received edge weights.
  [Client 19] Received edge weights.
  [Client 16] Round 6 | Hier-pFedMe(λ2=35.0,K=3) | loss=0.7871
  [Client 18] Round 6 | Hier-pFedMe(λ2=35.0,K=3) | loss=0.2508
  [Client 13] Round 6 | Hier-pFedMe(λ2=35.0,K=3) | loss=0.1496  [Client 10] Round 6 | Hier-pFedMe(λ2=35.0,K=3) | loss=0.0433

  [Client 17] Round 6 | Hier-pFedMe(λ2=35.0,K=3) | loss=0.3010
  [Client 11] Round 6 | Hier-pFedMe(λ2=35.0,K=3) | loss=0.0620
  [Client 14] Round 6 | Hier-pFedMe(λ2=35.0,K=3) | loss=0.0271
  [Client 12] Round 6 | Hier-pFedMe(λ2=35.0,K=3) | loss=0.0101
  [Client 19] Round 6 | Hier-pFedMe(λ2=35.0,K=3) | loss=0.1366
  [Client 15] Round 6 | Hier-pFedMe(λ2=35.0,K=3) | loss=0.3506
  [Edge 1] G6 | E3 | loss=0.2118
  [Edge 1] G6 | E4 | Hier-pFedMe | Selected 10/10
  [Client 17] Received edge weights.
  [Client 15] Received edge weights.
  [Client 19] Received edge weights.
  [Client 10] Received edge weights.
  [Client 14] Received edge weights.
  [Client 12] Received edge weights.
  [Client 18] Received edge weights.
  [Client 16] Received edge weights.
  [Client 11] Received edge weights.
  [Client 13] Received edge weights.
  [Client 10] Round 6 | Hier-pFedMe(λ2=35.0,K=3) | loss=0.4850
  [Client 19] Round 6 | Hier-pFedMe(λ2=35.0,K=3) | loss=0.2928
  [Client 15] Round 6 | Hier-pFedMe(λ2=35.0,K=3) | loss=0.2072
  [Client 17] Round 6 | Hier-pFedMe(λ2=35.0,K=3) | loss=0.2256
  [Client 14] Round 6 | Hier-pFedMe(λ2=35.0,K=3) | loss=0.0916
  [Client 18] Round 6 | Hier-pFedMe(λ2=35.0,K=3) | loss=0.4083
  [Client 12] Round 6 | Hier-pFedMe(λ2=35.0,K=3) | loss=0.0333
  [Client 16] Round 6 | Hier-pFedMe(λ2=35.0,K=3) | loss=0.1235
  [Client 11] Round 6 | Hier-pFedMe(λ2=35.0,K=3) | loss=0.1678
  [Client 13] Round 6 | Hier-pFedMe(λ2=35.0,K=3) | loss=0.1225
  [Edge 1] G6 | E4 | loss=0.2158
  [Edge 1] G6 | E5 | Hier-pFedMe | Selected 10/10
  [Client 11] Received edge weights.
  [Client 17] Received edge weights.
  [Client 18] Received edge weights.
  [Client 12] Received edge weights.
  [Client 19] Received edge weights.
  [Client 14] Received edge weights.
  [Client 16] Received edge weights.
  [Client 15] Received edge weights.
  [Client 10] Received edge weights.
  [Client 13] Received edge weights.
  [Client 11] Round 6 | Hier-pFedMe(λ2=35.0,K=3) | loss=0.0541
  [Client 12] Round 6 | Hier-pFedMe(λ2=35.0,K=3) | loss=0.0970
  [Client 18] Round 6 | Hier-pFedMe(λ2=35.0,K=3) | loss=0.2598
  [Client 17] Round 6 | Hier-pFedMe(λ2=35.0,K=3) | loss=0.6454
  [Client 19] Round 6 | Hier-pFedMe(λ2=35.0,K=3) | loss=0.0614
  [Client 16] Round 6 | Hier-pFedMe(λ2=35.0,K=3) | loss=0.1321
  [Client 14] Round 6 | Hier-pFedMe(λ2=35.0,K=3) | loss=0.0793
  [Client 15] Round 6 | Hier-pFedMe(λ2=35.0,K=3) | loss=0.1699
  [Client 10] Round 6 | Hier-pFedMe(λ2=35.0,K=3) | loss=0.3294
  [Client 13] Round 6 | Hier-pFedMe(λ2=35.0,K=3) | loss=0.1019
  [Edge 1] G6 | E5 | loss=0.1930
[C0] eval model[0] mean=-0.003807 | θ̃ mean=-0.003807 | edge mean=-0.003751 |local ref=-0.003783
[C0] n=1000 | classes=[3, 6] | acc=0.6450 | per_class={3: '0.44', 6: '0.86'}
[C1] eval model[0] mean=-0.003169 | θ̃ mean=-0.003169 | edge mean=-0.003751 |local ref=-0.003235
[C1] n=1000 | classes=[3, 6] | acc=0.6990 | per_class={3: '0.56', 6: '0.85'}
[C2] eval model[0] mean=-0.004071 | θ̃ mean=-0.004071 | edge mean=-0.003751 |local ref=-0.004083
[C2] n=1000 | classes=[2, 5] | acc=0.5530 | per_class={2: '0.15', 5: '0.97'}
[C3] eval model[0] mean=-0.003565 | θ̃ mean=-0.003565 | edge mean=-0.003751 |local ref=-0.003633
[C3] n=1000 | classes=[5, 7] | acc=0.6460 | per_class={5: '0.45', 7: '0.85'}
[C4] eval model[0] mean=-0.003738 | θ̃ mean=-0.003738 | edge mean=-0.003751 |local ref=-0.003727
[C4] n=1000 | classes=[2, 7] | acc=0.6690 | per_class={2: '0.43', 7: '0.92'}
[C5] eval model[0] mean=-0.004102 | θ̃ mean=-0.004102 | edge mean=-0.003751 |local ref=-0.004080
[C5] n=1000 | classes=[2, 4] | acc=0.5360 | per_class={2: '0.25', 4: '0.84'}
[C6] eval model[0] mean=-0.003494 | θ̃ mean=-0.003494 | edge mean=-0.003751 |local ref=-0.003495
[C6] n=1000 | classes=[6, 7] | acc=0.7900 | per_class={6: '0.81', 7: '0.78'}
[C7] eval model[0] mean=-0.003745 | θ̃ mean=-0.003745 | edge mean=-0.003751 |local ref=-0.003729
[C7] n=1000 | classes=[3, 5] | acc=0.5270 | per_class={3: '0.65', 5: '0.41'}
[C8] eval model[0] mean=-0.004045 | θ̃ mean=-0.004045 | edge mean=-0.003751 |local ref=-0.004015
[C8] n=500 | classes=[4] | acc=1.0000 | per_class={4: '1.00'}
[C9] eval model[0] mean=-0.003507 | θ̃ mean=-0.003507 | edge mean=-0.003751 |local ref=-0.003532
[C9] n=500 | classes=[4] | acc=1.0000 | per_class={4: '1.00'}
[C10] eval model[0] mean=-0.004058 | θ̃ mean=-0.004058 | edge mean=-0.003452 |local ref=-0.004007
[C10] n=600 | classes=[8, 9] | acc=0.7483 | per_class={8: '0.53', 9: '0.95'}
[C11] eval model[0] mean=-0.003563 | θ̃ mean=-0.003563 | edge mean=-0.003452 |local ref=-0.003549
[C11] n=600 | classes=[0, 1] | acc=0.7733 | per_class={0: '0.75', 1: '0.80'}
[C12] eval model[0] mean=-0.002606 | θ̃ mean=-0.002606 | edge mean=-0.003452 |local ref=-0.002692
[C12] n=600 | classes=[1, 8] | acc=0.7450 | per_class={1: '0.62', 8: '0.88'}
[C13] eval model[0] mean=-0.003487 | θ̃ mean=-0.003487 | edge mean=-0.003452 |local ref=-0.003450
[C13] n=600 | classes=[0, 8] | acc=0.7033 | per_class={0: '0.63', 8: '0.79'}
[C14] eval model[0] mean=-0.002996 | θ̃ mean=-0.002996 | edge mean=-0.003452 |local ref=-0.003022
[C14] n=600 | classes=[0, 9] | acc=0.7367 | per_class={0: '0.98', 9: '0.48'}
[C15] eval model[0] mean=-0.002923 | θ̃ mean=-0.002923 | edge mean=-0.003452 |local ref=-0.002960
[C15] n=600 | classes=[0, 8] | acc=0.5300 | per_class={0: '0.78', 8: '0.27'}
[C16] eval model[0] mean=-0.003425 | θ̃ mean=-0.003425 | edge mean=-0.003452 |local ref=-0.003466
[C16] n=600 | classes=[1, 8] | acc=0.7983 | per_class={1: '0.91', 8: '0.69'}
[C17] eval model[0] mean=-0.003419 | θ̃ mean=-0.003419 | edge mean=-0.003452 |local ref=-0.003407
[C17] n=600 | classes=[1, 9] | acc=0.5633 | per_class={1: '0.65', 9: '0.49'}
[C18] eval model[0] mean=-0.003347 | θ̃ mean=-0.003347 | edge mean=-0.003452 |local ref=-0.003371
[C18] n=600 | classes=[1, 9] | acc=0.6050 | per_class={1: '0.56', 9: '0.65'}
[C19] eval model[0] mean=-0.003688 | θ̃ mean=-0.003688 | edge mean=-0.003452 |local ref=-0.003661
[C19] n=600 | classes=[0, 9] | acc=0.8050 | per_class={0: '0.75', 9: '0.85'}
  [Cloud] GM=0.3143 | EM=0.3959 PM=0.6847 | loss=2.0156 | time=48.0s | comm=4556.2MB (total=27337MB)

[Round   7] Broadcasting to 2 edges...
  [Edge 0] W_n reset to global weights for new round.
  [Edge 1] W_n reset to global weights for new round.
  [Edge 0] G7 | E1 | Hier-pFedMe | Selected 10/10
  [Client  1] Received edge weights.
  [Client  5] Received edge weights.
  [Client  3] Received edge weights.
  [Client  7] Received edge weights.
  [Client  9] Received edge weights.
  [Client  0] Received edge weights.
  [Client  6] Received edge weights.
  [Client  8] Received edge weights.
  [Client  4] Received edge weights.
  [Client  2] Received edge weights.
  [Client  1] Round 7 | Hier-pFedMe(λ2=35.0,K=3) | loss=0.2743  [Client  3] Round 7 | Hier-pFedMe(λ2=35.0,K=3) | loss=0.3019

  [Client  5] Round 7 | Hier-pFedMe(λ2=35.0,K=3) | loss=0.2220
  [Client  7] Round 7 | Hier-pFedMe(λ2=35.0,K=3) | loss=0.2097
  [Client  9] Round 7 | Hier-pFedMe(λ2=35.0,K=3) | loss=0.0002
  [Client  0] Round 7 | Hier-pFedMe(λ2=35.0,K=3) | loss=0.1665
  [Client  6] Round 7 | Hier-pFedMe(λ2=35.0,K=3) | loss=0.1148
  [Client  8] Round 7 | Hier-pFedMe(λ2=35.0,K=3) | loss=0.0004
  [Client  4] Round 7 | Hier-pFedMe(λ2=35.0,K=3) | loss=0.0598
  [Client  2] Round 7 | Hier-pFedMe(λ2=35.0,K=3) | loss=0.3067
  [Edge 0] G7 | E1 | loss=0.1840
  [Edge 0] G7 | E2 | Hier-pFedMe | Selected 10/10
  [Client  5] Received edge weights.
  [Client  8] Received edge weights.
  [Client  1] Received edge weights.
  [Client  3] Received edge weights.
  [Client  0] Received edge weights.
  [Client  4] Received edge weights.
  [Client  6] Received edge weights.
  [Client  2] Received edge weights.
  [Client  7] Received edge weights.
  [Client  9] Received edge weights.
  [Client  5] Round 7 | Hier-pFedMe(λ2=35.0,K=3) | loss=0.2642
  [Client  1] Round 7 | Hier-pFedMe(λ2=35.0,K=3) | loss=0.1732
  [Client  8] Round 7 | Hier-pFedMe(λ2=35.0,K=3) | loss=0.0000
  [Client  3] Round 7 | Hier-pFedMe(λ2=35.0,K=3) | loss=0.1852
  [Client  0] Round 7 | Hier-pFedMe(λ2=35.0,K=3) | loss=0.1271
  [Client  6] Round 7 | Hier-pFedMe(λ2=35.0,K=3) | loss=0.2093
  [Client  4] Round 7 | Hier-pFedMe(λ2=35.0,K=3) | loss=0.1309
  [Client  2] Round 7 | Hier-pFedMe(λ2=35.0,K=3) | loss=0.2714
  [Client  7] Round 7 | Hier-pFedMe(λ2=35.0,K=3) | loss=0.1872
  [Client  9] Round 7 | Hier-pFedMe(λ2=35.0,K=3) | loss=0.0001
  [Edge 0] G7 | E2 | loss=0.1721
  [Edge 0] G7 | E3 | Hier-pFedMe | Selected 10/10
  [Client  7] Received edge weights.
  [Client  1] Received edge weights.
  [Client  8] Received edge weights.
  [Client  9] Received edge weights.
  [Client  2] Received edge weights.
  [Client  5] Received edge weights.
  [Client  3] Received edge weights.
  [Client  0] Received edge weights.
  [Client  6] Received edge weights.
  [Client  4] Received edge weights.
  [Client  7] Round 7 | Hier-pFedMe(λ2=35.0,K=3) | loss=0.6271
  [Client  1] Round 7 | Hier-pFedMe(λ2=35.0,K=3) | loss=0.0602
  [Client  8] Round 7 | Hier-pFedMe(λ2=35.0,K=3) | loss=0.0000
  [Client  9] Round 7 | Hier-pFedMe(λ2=35.0,K=3) | loss=0.0000
  [Client  5] Round 7 | Hier-pFedMe(λ2=35.0,K=3) | loss=0.2539
  [Client  2] Round 7 | Hier-pFedMe(λ2=35.0,K=3) | loss=0.2313
  [Client  3] Round 7 | Hier-pFedMe(λ2=35.0,K=3) | loss=1.4018
  [Client  0] Round 7 | Hier-pFedMe(λ2=35.0,K=3) | loss=0.1266
  [Client  6] Round 7 | Hier-pFedMe(λ2=35.0,K=3) | loss=0.1068
  [Client  4] Round 7 | Hier-pFedMe(λ2=35.0,K=3) | loss=0.2814
  [Edge 0] G7 | E3 | loss=0.3432
  [Edge 0] G7 | E4 | Hier-pFedMe | Selected 10/10
  [Client  2] Received edge weights.
  [Client  0] Received edge weights.
  [Client  8] Received edge weights.
  [Client  6] Received edge weights.
  [Client  4] Received edge weights.
  [Client  1] Received edge weights.
  [Client  9] Received edge weights.
  [Client  5] Received edge weights.
  [Client  3] Received edge weights.
  [Client  7] Received edge weights.
  [Client  2] Round 7 | Hier-pFedMe(λ2=35.0,K=3) | loss=0.1719
  [Client  6] Round 7 | Hier-pFedMe(λ2=35.0,K=3) | loss=0.0745
  [Client  8] Round 7 | Hier-pFedMe(λ2=35.0,K=3) | loss=0.0000
  [Client  0] Round 7 | Hier-pFedMe(λ2=35.0,K=3) | loss=0.1181
  [Client  4] Round 7 | Hier-pFedMe(λ2=35.0,K=3) | loss=0.1063
  [Client  1] Round 7 | Hier-pFedMe(λ2=35.0,K=3) | loss=0.0998
  [Client  9] Round 7 | Hier-pFedMe(λ2=35.0,K=3) | loss=0.0000
  [Client  5] Round 7 | Hier-pFedMe(λ2=35.0,K=3) | loss=0.4169
  [Client  3] Round 7 | Hier-pFedMe(λ2=35.0,K=3) | loss=0.5013
  [Client  7] Round 7 | Hier-pFedMe(λ2=35.0,K=3) | loss=0.5581
  [Edge 0] G7 | E4 | loss=0.2274
  [Edge 0] G7 | E5 | Hier-pFedMe | Selected 10/10
  [Client  6] Received edge weights.
  [Client  1] Received edge weights.
  [Client  5] Received edge weights.
  [Client  0] Received edge weights.
  [Client  8] Received edge weights.
  [Client  9] Received edge weights.
  [Client  2] Received edge weights.
  [Client  7] Received edge weights.
  [Client  3] Received edge weights.
  [Client  4] Received edge weights.
  [Client  6] Round 7 | Hier-pFedMe(λ2=35.0,K=3) | loss=0.0470
  [Client  1] Round 7 | Hier-pFedMe(λ2=35.0,K=3) | loss=0.0683
  [Client  0] Round 7 | Hier-pFedMe(λ2=35.0,K=3) | loss=0.3398
  [Client  5] Round 7 | Hier-pFedMe(λ2=35.0,K=3) | loss=0.2622
  [Client  8] Round 7 | Hier-pFedMe(λ2=35.0,K=3) | loss=0.0000
  [Client  9] Round 7 | Hier-pFedMe(λ2=35.0,K=3) | loss=0.0000
  [Client  2] Round 7 | Hier-pFedMe(λ2=35.0,K=3) | loss=0.1147
  [Client  7] Round 7 | Hier-pFedMe(λ2=35.0,K=3) | loss=0.4667
  [Client  3] Round 7 | Hier-pFedMe(λ2=35.0,K=3) | loss=0.3601
  [Client  4] Round 7 | Hier-pFedMe(λ2=35.0,K=3) | loss=0.2213
  [Edge 0] G7 | E5 | loss=0.2089
  [Edge 1] G7 | E1 | Hier-pFedMe | Selected 10/10
  [Client 16] Received edge weights.
  [Client 11] Received edge weights.
  [Client 19] Received edge weights.
  [Client 15] Received edge weights.
  [Client 18] Received edge weights.
  [Client 13] Received edge weights.
  [Client 12] Received edge weights.
  [Client 14] Received edge weights.
  [Client 10] Received edge weights.
  [Client 17] Received edge weights.
  [Client 19] Round 7 | Hier-pFedMe(λ2=35.0,K=3) | loss=0.0884
  [Client 15] Round 7 | Hier-pFedMe(λ2=35.0,K=3) | loss=0.2779
  [Client 16] Round 7 | Hier-pFedMe(λ2=35.0,K=3) | loss=0.1188
  [Client 11] Round 7 | Hier-pFedMe(λ2=35.0,K=3) | loss=0.0646
  [Client 18] Round 7 | Hier-pFedMe(λ2=35.0,K=3) | loss=0.1948
  [Client 13] Round 7 | Hier-pFedMe(λ2=35.0,K=3) | loss=0.1107
  [Client 12] Round 7 | Hier-pFedMe(λ2=35.0,K=3) | loss=0.1376
  [Client 14] Round 7 | Hier-pFedMe(λ2=35.0,K=3) | loss=0.0524
  [Client 10] Round 7 | Hier-pFedMe(λ2=35.0,K=3) | loss=0.0280
  [Client 17] Round 7 | Hier-pFedMe(λ2=35.0,K=3) | loss=0.2502
  [Edge 1] G7 | E1 | loss=0.1323
  [Edge 1] G7 | E2 | Hier-pFedMe | Selected 10/10
  [Client 17] Received edge weights.
  [Client 10] Received edge weights.
  [Client 11] Received edge weights.
  [Client 14] Received edge weights.
  [Client 15] Received edge weights.
  [Client 16] Received edge weights.
  [Client 13] Received edge weights.
  [Client 18] Received edge weights.
  [Client 12] Received edge weights.
  [Client 19] Received edge weights.
  [Client 10] Round 7 | Hier-pFedMe(λ2=35.0,K=3) | loss=0.0637
  [Client 11] Round 7 | Hier-pFedMe(λ2=35.0,K=3) | loss=0.1435
  [Client 17] Round 7 | Hier-pFedMe(λ2=35.0,K=3) | loss=0.2541
  [Client 14] Round 7 | Hier-pFedMe(λ2=35.0,K=3) | loss=0.1732
  [Client 15] Round 7 | Hier-pFedMe(λ2=35.0,K=3) | loss=0.2674
  [Client 16] Round 7 | Hier-pFedMe(λ2=35.0,K=3) | loss=0.1601
  [Client 18] Round 7 | Hier-pFedMe(λ2=35.0,K=3) | loss=0.4399
  [Client 13] Round 7 | Hier-pFedMe(λ2=35.0,K=3) | loss=0.1966
  [Client 12] Round 7 | Hier-pFedMe(λ2=35.0,K=3) | loss=0.0436
  [Client 19] Round 7 | Hier-pFedMe(λ2=35.0,K=3) | loss=0.0333
  [Edge 1] G7 | E2 | loss=0.1775
  [Edge 1] G7 | E3 | Hier-pFedMe | Selected 10/10
  [Client 16] Received edge weights.
  [Client 15] Received edge weights.
  [Client 19] Received edge weights.
  [Client 17] Received edge weights.
  [Client 12] Received edge weights.
  [Client 14] Received edge weights.
  [Client 18] Received edge weights.
  [Client 11] Received edge weights.
  [Client 13] Received edge weights.
  [Client 10] Received edge weights.
  [Client 19] Round 7 | Hier-pFedMe(λ2=35.0,K=3) | loss=0.0363
  [Client 16] Round 7 | Hier-pFedMe(λ2=35.0,K=3) | loss=0.2070
  [Client 15] Round 7 | Hier-pFedMe(λ2=35.0,K=3) | loss=0.3041
  [Client 17] Round 7 | Hier-pFedMe(λ2=35.0,K=3) | loss=0.7443
  [Client 12] Round 7 | Hier-pFedMe(λ2=35.0,K=3) | loss=0.1336
  [Client 14] Round 7 | Hier-pFedMe(λ2=35.0,K=3) | loss=0.0618
  [Client 18] Round 7 | Hier-pFedMe(λ2=35.0,K=3) | loss=0.1344
  [Client 11] Round 7 | Hier-pFedMe(λ2=35.0,K=3) | loss=0.0618
  [Client 13] Round 7 | Hier-pFedMe(λ2=35.0,K=3) | loss=0.1573
  [Client 10] Round 7 | Hier-pFedMe(λ2=35.0,K=3) | loss=0.1284
  [Edge 1] G7 | E3 | loss=0.1969
  [Edge 1] G7 | E4 | Hier-pFedMe | Selected 10/10
  [Client 14] Received edge weights.
  [Client 17] Received edge weights.
  [Client 13] Received edge weights.
  [Client 10] Received edge weights.
  [Client 15] Received edge weights.
  [Client 18] Received edge weights.
  [Client 11] Received edge weights.
  [Client 19] Received edge weights.
  [Client 16] Received edge weights.
  [Client 12] Received edge weights.
  [Client 13] Round 7 | Hier-pFedMe(λ2=35.0,K=3) | loss=0.1134
  [Client 10] Round 7 | Hier-pFedMe(λ2=35.0,K=3) | loss=0.0250
  [Client 17] Round 7 | Hier-pFedMe(λ2=35.0,K=3) | loss=0.7165
  [Client 14] Round 7 | Hier-pFedMe(λ2=35.0,K=3) | loss=0.0456
  [Client 15] Round 7 | Hier-pFedMe(λ2=35.0,K=3) | loss=0.0826
  [Client 18] Round 7 | Hier-pFedMe(λ2=35.0,K=3) | loss=0.2990
  [Client 11] Round 7 | Hier-pFedMe(λ2=35.0,K=3) | loss=0.1189
  [Client 19] Round 7 | Hier-pFedMe(λ2=35.0,K=3) | loss=0.0344
  [Client 16] Round 7 | Hier-pFedMe(λ2=35.0,K=3) | loss=0.1093
  [Client 12] Round 7 | Hier-pFedMe(λ2=35.0,K=3) | loss=0.0439
  [Edge 1] G7 | E4 | loss=0.1589
  [Edge 1] G7 | E5 | Hier-pFedMe | Selected 10/10
  [Client 10] Received edge weights.
  [Client 11] Received edge weights.
  [Client 14] Received edge weights.
  [Client 18] Received edge weights.
  [Client 12] Received edge weights.
  [Client 17] Received edge weights.
  [Client 19] Received edge weights.
  [Client 13] Received edge weights.
  [Client 16] Received edge weights.
  [Client 15] Received edge weights.
  [Client 10] Round 7 | Hier-pFedMe(λ2=35.0,K=3) | loss=0.0072
  [Client 14] Round 7 | Hier-pFedMe(λ2=35.0,K=3) | loss=0.0357
  [Client 11] Round 7 | Hier-pFedMe(λ2=35.0,K=3) | loss=0.1869
  [Client 18] Round 7 | Hier-pFedMe(λ2=35.0,K=3) | loss=0.3657
  [Client 12] Round 7 | Hier-pFedMe(λ2=35.0,K=3) | loss=0.0313
  [Client 19] Round 7 | Hier-pFedMe(λ2=35.0,K=3) | loss=0.0397
  [Client 17] Round 7 | Hier-pFedMe(λ2=35.0,K=3) | loss=0.4577
  [Client 13] Round 7 | Hier-pFedMe(λ2=35.0,K=3) | loss=0.0960
  [Client 16] Round 7 | Hier-pFedMe(λ2=35.0,K=3) | loss=0.0286
  [Client 15] Round 7 | Hier-pFedMe(λ2=35.0,K=3) | loss=0.1011
  [Edge 1] G7 | E5 | loss=0.1350
[C0] eval model[0] mean=-0.003805 | θ̃ mean=-0.003805 | edge mean=-0.003694 |local ref=-0.003789
[C0] n=1000 | classes=[3, 6] | acc=0.6570 | per_class={3: '0.47', 6: '0.85'}
[C1] eval model[0] mean=-0.003808 | θ̃ mean=-0.003808 | edge mean=-0.003694 |local ref=-0.003806
[C1] n=1000 | classes=[3, 6] | acc=0.7060 | per_class={3: '0.76', 6: '0.65'}
[C2] eval model[0] mean=-0.003208 | θ̃ mean=-0.003208 | edge mean=-0.003694 |local ref=-0.003244
[C2] n=1000 | classes=[2, 5] | acc=0.5810 | per_class={2: '0.64', 5: '0.52'}
[C3] eval model[0] mean=-0.004097 | θ̃ mean=-0.004097 | edge mean=-0.003694 |local ref=-0.004033
[C3] n=1000 | classes=[5, 7] | acc=0.6590 | per_class={5: '0.75', 7: '0.57'}
[C4] eval model[0] mean=-0.003821 | θ̃ mean=-0.003821 | edge mean=-0.003694 |local ref=-0.003797
[C4] n=1000 | classes=[2, 7] | acc=0.7380 | per_class={2: '0.68', 7: '0.80'}
[C5] eval model[0] mean=-0.003370 | θ̃ mean=-0.003370 | edge mean=-0.003694 |local ref=-0.003415
[C5] n=1000 | classes=[2, 4] | acc=0.5000 | per_class={2: '0.08', 4: '0.93'}
[C6] eval model[0] mean=-0.004279 | θ̃ mean=-0.004279 | edge mean=-0.003694 |local ref=-0.004208
[C6] n=1000 | classes=[6, 7] | acc=0.8100 | per_class={6: '0.82', 7: '0.80'}
[C7] eval model[0] mean=-0.003731 | θ̃ mean=-0.003731 | edge mean=-0.003694 |local ref=-0.003743
[C7] n=1000 | classes=[3, 5] | acc=0.5450 | per_class={3: '0.17', 5: '0.90'}
[C8] eval model[0] mean=-0.003411 | θ̃ mean=-0.003411 | edge mean=-0.003694 |local ref=-0.003440
[C8] n=500 | classes=[4] | acc=1.0000 | per_class={4: '1.00'}
[C9] eval model[0] mean=-0.003487 | θ̃ mean=-0.003487 | edge mean=-0.003694 |local ref=-0.003508
[C9] n=500 | classes=[4] | acc=1.0000 | per_class={4: '1.00'}
[C10] eval model[0] mean=-0.004201 | θ̃ mean=-0.004201 | edge mean=-0.003705 |local ref=-0.004153
[C10] n=600 | classes=[8, 9] | acc=0.8183 | per_class={8: '0.80', 9: '0.84'}
[C11] eval model[0] mean=-0.003953 | θ̃ mean=-0.003953 | edge mean=-0.003705 |local ref=-0.003884
[C11] n=600 | classes=[0, 1] | acc=0.6583 | per_class={0: '0.91', 1: '0.41'}
[C12] eval model[0] mean=-0.003621 | θ̃ mean=-0.003621 | edge mean=-0.003705 |local ref=-0.003636
[C12] n=600 | classes=[1, 8] | acc=0.6833 | per_class={1: '0.53', 8: '0.84'}
[C13] eval model[0] mean=-0.002646 | θ̃ mean=-0.002646 | edge mean=-0.003705 |local ref=-0.002776
[C13] n=600 | classes=[0, 8] | acc=0.6033 | per_class={0: '0.84', 8: '0.35'}
[C14] eval model[0] mean=-0.003190 | θ̃ mean=-0.003190 | edge mean=-0.003705 |local ref=-0.003241
[C14] n=600 | classes=[0, 9] | acc=0.7517 | per_class={0: '0.57', 9: '0.94'}
[C15] eval model[0] mean=-0.003874 | θ̃ mean=-0.003874 | edge mean=-0.003705 |local ref=-0.003873
[C15] n=600 | classes=[0, 8] | acc=0.6567 | per_class={0: '0.77', 8: '0.54'}
[C16] eval model[0] mean=-0.003429 | θ̃ mean=-0.003429 | edge mean=-0.003705 |local ref=-0.003444
[C16] n=600 | classes=[1, 8] | acc=0.7250 | per_class={1: '0.50', 8: '0.94'}
[C17] eval model[0] mean=-0.003361 | θ̃ mean=-0.003361 | edge mean=-0.003705 |local ref=-0.003452
[C17] n=600 | classes=[1, 9] | acc=0.5233 | per_class={1: '0.02', 9: '0.99'}
[C18] eval model[0] mean=-0.003535 | θ̃ mean=-0.003535 | edge mean=-0.003705 |local ref=-0.003558
[C18] n=600 | classes=[1, 9] | acc=0.4917 | per_class={1: '0.03', 9: '1.00'}
[C19] eval model[0] mean=-0.003802 | θ̃ mean=-0.003802 | edge mean=-0.003705 |local ref=-0.003816
[C19] n=600 | classes=[0, 9] | acc=0.7900 | per_class={0: '0.81', 9: '0.77'}
  [Cloud] GM=0.2681 | EM=0.4119 PM=0.6811 | loss=2.0217 | time=47.9s | comm=4556.2MB (total=31893MB)

[Round   8] Broadcasting to 2 edges...
  [Edge 0] W_n reset to global weights for new round.
  [Edge 1] W_n reset to global weights for new round.
  [Edge 0] G8 | E1 | Hier-pFedMe | Selected 10/10
  [Client  6] Received edge weights.
  [Client  1] Received edge weights.
  [Client  5] Received edge weights.
  [Client  7] Received edge weights.
  [Client  3] Received edge weights.
  [Client  8] Received edge weights.
  [Client  0] Received edge weights.
  [Client  4] Received edge weights.
  [Client  9] Received edge weights.
  [Client  2] Received edge weights.
  [Client  5] Round 8 | Hier-pFedMe(λ2=35.0,K=3) | loss=0.3553  [Client  6] Round 8 | Hier-pFedMe(λ2=35.0,K=3) | loss=0.1358

  [Client  1] Round 8 | Hier-pFedMe(λ2=35.0,K=3) | loss=0.3723
  [Client  7] Round 8 | Hier-pFedMe(λ2=35.0,K=3) | loss=0.2462
  [Client  0] Round 8 | Hier-pFedMe(λ2=35.0,K=3) | loss=0.3824
  [Client  3] Round 8 | Hier-pFedMe(λ2=35.0,K=3) | loss=0.3299
  [Client  8] Round 8 | Hier-pFedMe(λ2=35.0,K=3) | loss=0.0002
  [Client  4] Round 8 | Hier-pFedMe(λ2=35.0,K=3) | loss=0.1952
  [Client  9] Round 8 | Hier-pFedMe(λ2=35.0,K=3) | loss=0.0002
  [Client  2] Round 8 | Hier-pFedMe(λ2=35.0,K=3) | loss=0.1493
  [Edge 0] G8 | E1 | loss=0.2407
  [Edge 0] G8 | E2 | Hier-pFedMe | Selected 10/10
  [Client  1] Received edge weights.
  [Client  0] Received edge weights.
  [Client  5] Received edge weights.
  [Client  6] Received edge weights.
  [Client  4] Received edge weights.
  [Client  7] Received edge weights.
  [Client  8] Received edge weights.
  [Client  2] Received edge weights.
  [Client  3] Received edge weights.
  [Client  9] Received edge weights.
  [Client  1] Round 8 | Hier-pFedMe(λ2=35.0,K=3) | loss=0.0825
  [Client  5] Round 8 | Hier-pFedMe(λ2=35.0,K=3) | loss=0.2407
  [Client  6] Round 8 | Hier-pFedMe(λ2=35.0,K=3) | loss=0.0829
  [Client  0] Round 8 | Hier-pFedMe(λ2=35.0,K=3) | loss=0.2371
  [Client  4] Round 8 | Hier-pFedMe(λ2=35.0,K=3) | loss=0.2276
  [Client  7] Round 8 | Hier-pFedMe(λ2=35.0,K=3) | loss=0.2924
  [Client  8] Round 8 | Hier-pFedMe(λ2=35.0,K=3) | loss=0.0005
  [Client  2] Round 8 | Hier-pFedMe(λ2=35.0,K=3) | loss=0.0844
  [Client  3] Round 8 | Hier-pFedMe(λ2=35.0,K=3) | loss=0.4719
  [Client  9] Round 8 | Hier-pFedMe(λ2=35.0,K=3) | loss=0.0003
  [Edge 0] G8 | E2 | loss=0.1911
  [Edge 0] G8 | E3 | Hier-pFedMe | Selected 10/10
  [Client  6] Received edge weights.
  [Client  4] Received edge weights.
  [Client  5] Received edge weights.
  [Client  0] Received edge weights.
  [Client  3] Received edge weights.
  [Client  8] Received edge weights.
  [Client  1] Received edge weights.
  [Client  9] Received edge weights.
  [Client  2] Received edge weights.
  [Client  7] Received edge weights.
  [Client  4] Round 8 | Hier-pFedMe(λ2=35.0,K=3) | loss=0.1255
  [Client  6] Round 8 | Hier-pFedMe(λ2=35.0,K=3) | loss=0.1110
  [Client  5] Round 8 | Hier-pFedMe(λ2=35.0,K=3) | loss=0.1658
  [Client  0] Round 8 | Hier-pFedMe(λ2=35.0,K=3) | loss=0.4275
  [Client  3] Round 8 | Hier-pFedMe(λ2=35.0,K=3) | loss=0.1697
  [Client  1] Round 8 | Hier-pFedMe(λ2=35.0,K=3) | loss=0.0297
  [Client  8] Round 8 | Hier-pFedMe(λ2=35.0,K=3) | loss=0.0000
  [Client  9] Round 8 | Hier-pFedMe(λ2=35.0,K=3) | loss=0.0000
  [Client  2] Round 8 | Hier-pFedMe(λ2=35.0,K=3) | loss=0.1693
  [Client  7] Round 8 | Hier-pFedMe(λ2=35.0,K=3) | loss=0.1193
  [Edge 0] G8 | E3 | loss=0.1464
  [Edge 0] G8 | E4 | Hier-pFedMe | Selected 10/10
  [Client  5] Received edge weights.
  [Client  4] Received edge weights.
  [Client  1] Received edge weights.
  [Client  6] Received edge weights.
  [Client  9] Received edge weights.
  [Client  8] Received edge weights.
  [Client  7] Received edge weights.
  [Client  0] Received edge weights.
  [Client  2] Received edge weights.
  [Client  3] Received edge weights.
  [Client  5] Round 8 | Hier-pFedMe(λ2=35.0,K=3) | loss=0.2429
  [Client  6] Round 8 | Hier-pFedMe(λ2=35.0,K=3) | loss=0.1074
  [Client  1] Round 8 | Hier-pFedMe(λ2=35.0,K=3) | loss=0.0785
  [Client  4] Round 8 | Hier-pFedMe(λ2=35.0,K=3) | loss=0.1308
  [Client  9] Round 8 | Hier-pFedMe(λ2=35.0,K=3) | loss=0.0000
  [Client  8] Round 8 | Hier-pFedMe(λ2=35.0,K=3) | loss=0.0000
  [Client  7] Round 8 | Hier-pFedMe(λ2=35.0,K=3) | loss=0.2446
  [Client  0] Round 8 | Hier-pFedMe(λ2=35.0,K=3) | loss=0.1216
  [Client  2] Round 8 | Hier-pFedMe(λ2=35.0,K=3) | loss=0.0383
  [Client  3] Round 8 | Hier-pFedMe(λ2=35.0,K=3) | loss=0.1478
  [Edge 0] G8 | E4 | loss=0.1235
  [Edge 0] G8 | E5 | Hier-pFedMe | Selected 10/10
  [Client  1] Received edge weights.
  [Client  8] Received edge weights.
  [Client  5] Received edge weights.
  [Client  4] Received edge weights.
  [Client  7] Received edge weights.
  [Client  9] Received edge weights.
  [Client  3] Received edge weights.
  [Client  6] Received edge weights.
  [Client  0] Received edge weights.
  [Client  2] Received edge weights.
  [Client  5] Round 8 | Hier-pFedMe(λ2=35.0,K=3) | loss=0.2334
  [Client  1] Round 8 | Hier-pFedMe(λ2=35.0,K=3) | loss=0.5238
  [Client  4] Round 8 | Hier-pFedMe(λ2=35.0,K=3) | loss=0.0885
  [Client  8] Round 8 | Hier-pFedMe(λ2=35.0,K=3) | loss=0.0000
  [Client  9] Round 8 | Hier-pFedMe(λ2=35.0,K=3) | loss=0.0000
  [Client  7] Round 8 | Hier-pFedMe(λ2=35.0,K=3) | loss=0.1903
  [Client  3] Round 8 | Hier-pFedMe(λ2=35.0,K=3) | loss=0.2293
  [Client  6] Round 8 | Hier-pFedMe(λ2=35.0,K=3) | loss=0.0402
  [Client  0] Round 8 | Hier-pFedMe(λ2=35.0,K=3) | loss=0.1868
  [Client  2] Round 8 | Hier-pFedMe(λ2=35.0,K=3) | loss=0.1089
  [Edge 0] G8 | E5 | loss=0.1779
  [Edge 1] G8 | E1 | Hier-pFedMe | Selected 10/10
  [Client 16] Received edge weights.
  [Client 14] Received edge weights.
  [Client 19] Received edge weights.
  [Client 17] Received edge weights.
  [Client 11] Received edge weights.
  [Client 15] Received edge weights.
  [Client 18] Received edge weights.
  [Client 13] Received edge weights.
  [Client 10] Received edge weights.
  [Client 12] Received edge weights.
  [Client 17] Round 8 | Hier-pFedMe(λ2=35.0,K=3) | loss=0.4644
  [Client 19] Round 8 | Hier-pFedMe(λ2=35.0,K=3) | loss=0.1160
  [Client 16] Round 8 | Hier-pFedMe(λ2=35.0,K=3) | loss=0.1632
  [Client 14] Round 8 | Hier-pFedMe(λ2=35.0,K=3) | loss=0.1575
  [Client 11] Round 8 | Hier-pFedMe(λ2=35.0,K=3) | loss=0.0254
  [Client 15] Round 8 | Hier-pFedMe(λ2=35.0,K=3) | loss=0.1180
  [Client 18] Round 8 | Hier-pFedMe(λ2=35.0,K=3) | loss=0.3075
  [Client 13] Round 8 | Hier-pFedMe(λ2=35.0,K=3) | loss=0.0861
  [Client 10] Round 8 | Hier-pFedMe(λ2=35.0,K=3) | loss=0.0127
  [Client 12] Round 8 | Hier-pFedMe(λ2=35.0,K=3) | loss=0.0508
  [Edge 1] G8 | E1 | loss=0.1502
  [Edge 1] G8 | E2 | Hier-pFedMe | Selected 10/10
  [Client 11] Received edge weights.
  [Client 18] Received edge weights.
  [Client 15] Received edge weights.
  [Client 17] Received edge weights.
  [Client 10] Received edge weights.
  [Client 14] Received edge weights.
  [Client 19] Received edge weights.
  [Client 16] Received edge weights.
  [Client 13] Received edge weights.
  [Client 12] Received edge weights.
  [Client 18] Round 8 | Hier-pFedMe(λ2=35.0,K=3) | loss=0.6561
  [Client 11] Round 8 | Hier-pFedMe(λ2=35.0,K=3) | loss=0.0523
  [Client 15] Round 8 | Hier-pFedMe(λ2=35.0,K=3) | loss=0.1227
  [Client 17] Round 8 | Hier-pFedMe(λ2=35.0,K=3) | loss=0.1992
  [Client 10] Round 8 | Hier-pFedMe(λ2=35.0,K=3) | loss=0.1596
  [Client 19] Round 8 | Hier-pFedMe(λ2=35.0,K=3) | loss=0.0394
  [Client 14] Round 8 | Hier-pFedMe(λ2=35.0,K=3) | loss=0.0537
  [Client 16] Round 8 | Hier-pFedMe(λ2=35.0,K=3) | loss=0.0950
  [Client 13] Round 8 | Hier-pFedMe(λ2=35.0,K=3) | loss=0.2547
  [Client 12] Round 8 | Hier-pFedMe(λ2=35.0,K=3) | loss=0.0681
  [Edge 1] G8 | E2 | loss=0.1701
  [Edge 1] G8 | E3 | Hier-pFedMe | Selected 10/10
  [Client 11] Received edge weights.
  [Client 14] Received edge weights.
  [Client 17] Received edge weights.
  [Client 19] Received edge weights.
  [Client 13] Received edge weights.
  [Client 16] Received edge weights.
  [Client 18] Received edge weights.
  [Client 10] Received edge weights.
  [Client 15] Received edge weights.
  [Client 12] Received edge weights.
  [Client 14] Round 8 | Hier-pFedMe(λ2=35.0,K=3) | loss=0.0986
  [Client 17] Round 8 | Hier-pFedMe(λ2=35.0,K=3) | loss=0.6367
  [Client 11] Round 8 | Hier-pFedMe(λ2=35.0,K=3) | loss=0.0632
  [Client 19] Round 8 | Hier-pFedMe(λ2=35.0,K=3) | loss=0.0057
  [Client 16] Round 8 | Hier-pFedMe(λ2=35.0,K=3) | loss=0.0398
  [Client 13] Round 8 | Hier-pFedMe(λ2=35.0,K=3) | loss=0.1976
  [Client 18] Round 8 | Hier-pFedMe(λ2=35.0,K=3) | loss=0.2824
  [Client 10] Round 8 | Hier-pFedMe(λ2=35.0,K=3) | loss=0.0184
  [Client 15] Round 8 | Hier-pFedMe(λ2=35.0,K=3) | loss=0.0410
  [Client 12] Round 8 | Hier-pFedMe(λ2=35.0,K=3) | loss=0.1605
  [Edge 1] G8 | E3 | loss=0.1544
  [Edge 1] G8 | E4 | Hier-pFedMe | Selected 10/10
  [Client 18] Received edge weights.
  [Client 12] Received edge weights.
  [Client 16] Received edge weights.
  [Client 14] Received edge weights.
  [Client 13] Received edge weights.
  [Client 11] Received edge weights.
  [Client 15] Received edge weights.
  [Client 19] Received edge weights.
  [Client 10] Received edge weights.
  [Client 17] Received edge weights.
  [Client 14] Round 8 | Hier-pFedMe(λ2=35.0,K=3) | loss=0.0379
  [Client 16] Round 8 | Hier-pFedMe(λ2=35.0,K=3) | loss=0.1397
  [Client 12] Round 8 | Hier-pFedMe(λ2=35.0,K=3) | loss=0.2483  [Client 18] Round 8 | Hier-pFedMe(λ2=35.0,K=3) | loss=0.2678

  [Client 13] Round 8 | Hier-pFedMe(λ2=35.0,K=3) | loss=0.1785
  [Client 15] Round 8 | Hier-pFedMe(λ2=35.0,K=3) | loss=0.1250
  [Client 11] Round 8 | Hier-pFedMe(λ2=35.0,K=3) | loss=0.0330
  [Client 19] Round 8 | Hier-pFedMe(λ2=35.0,K=3) | loss=0.0095
  [Client 10] Round 8 | Hier-pFedMe(λ2=35.0,K=3) | loss=0.0300
  [Client 17] Round 8 | Hier-pFedMe(λ2=35.0,K=3) | loss=0.3308
  [Edge 1] G8 | E4 | loss=0.1401
  [Edge 1] G8 | E5 | Hier-pFedMe | Selected 10/10
  [Client 15] Received edge weights.
  [Client 12] Received edge weights.
  [Client 11] Received edge weights.
  [Client 16] Received edge weights.
  [Client 17] Received edge weights.
  [Client 18] Received edge weights.
  [Client 10] Received edge weights.
  [Client 14] Received edge weights.
  [Client 13] Received edge weights.
  [Client 19] Received edge weights.
  [Client 12] Round 8 | Hier-pFedMe(λ2=35.0,K=3) | loss=0.2118
  [Client 15] Round 8 | Hier-pFedMe(λ2=35.0,K=3) | loss=0.2861
  [Client 16] Round 8 | Hier-pFedMe(λ2=35.0,K=3) | loss=0.0311
  [Client 11] Round 8 | Hier-pFedMe(λ2=35.0,K=3) | loss=0.0727
  [Client 17] Round 8 | Hier-pFedMe(λ2=35.0,K=3) | loss=0.2755
  [Client 18] Round 8 | Hier-pFedMe(λ2=35.0,K=3) | loss=0.5414
  [Client 10] Round 8 | Hier-pFedMe(λ2=35.0,K=3) | loss=0.0758
  [Client 14] Round 8 | Hier-pFedMe(λ2=35.0,K=3) | loss=0.0743
  [Client 13] Round 8 | Hier-pFedMe(λ2=35.0,K=3) | loss=0.1313
  [Client 19] Round 8 | Hier-pFedMe(λ2=35.0,K=3) | loss=0.0097
  [Edge 1] G8 | E5 | loss=0.1710
[C0] eval model[0] mean=-0.004576 | θ̃ mean=-0.004576 | edge mean=-0.003808 |local ref=-0.004507
[C0] n=1000 | classes=[3, 6] | acc=0.6810 | per_class={3: '0.66', 6: '0.70'}
[C1] eval model[0] mean=-0.003306 | θ̃ mean=-0.003306 | edge mean=-0.003808 |local ref=-0.003372
[C1] n=1000 | classes=[3, 6] | acc=0.5950 | per_class={3: '0.97', 6: '0.20'}
[C2] eval model[0] mean=-0.003904 | θ̃ mean=-0.003904 | edge mean=-0.003808 |local ref=-0.003880
[C2] n=1000 | classes=[2, 5] | acc=0.7350 | per_class={2: '0.84', 5: '0.62'}
[C3] eval model[0] mean=-0.003569 | θ̃ mean=-0.003569 | edge mean=-0.003808 |local ref=-0.003580
[C3] n=1000 | classes=[5, 7] | acc=0.5660 | per_class={5: '0.45', 7: '0.68'}
[C4] eval model[0] mean=-0.003696 | θ̃ mean=-0.003696 | edge mean=-0.003808 |local ref=-0.003687
[C4] n=1000 | classes=[2, 7] | acc=0.7190 | per_class={2: '0.59', 7: '0.86'}
[C5] eval model[0] mean=-0.003404 | θ̃ mean=-0.003404 | edge mean=-0.003808 |local ref=-0.003475
[C5] n=1000 | classes=[2, 4] | acc=0.5550 | per_class={2: '0.88', 4: '0.22'}
[C6] eval model[0] mean=-0.003556 | θ̃ mean=-0.003556 | edge mean=-0.003808 |local ref=-0.003586
[C6] n=1000 | classes=[6, 7] | acc=0.7460 | per_class={6: '0.71', 7: '0.79'}
[C7] eval model[0] mean=-0.003583 | θ̃ mean=-0.003583 | edge mean=-0.003808 |local ref=-0.003590
[C7] n=1000 | classes=[3, 5] | acc=0.5390 | per_class={3: '0.21', 5: '0.85'}
[C8] eval model[0] mean=-0.004315 | θ̃ mean=-0.004315 | edge mean=-0.003808 |local ref=-0.004264
[C8] n=500 | classes=[4] | acc=1.0000 | per_class={4: '1.00'}
[C9] eval model[0] mean=-0.003799 | θ̃ mean=-0.003799 | edge mean=-0.003808 |local ref=-0.003800
[C9] n=500 | classes=[4] | acc=1.0000 | per_class={4: '1.00'}
[C10] eval model[0] mean=-0.003255 | θ̃ mean=-0.003255 | edge mean=-0.003874 |local ref=-0.003342
[C10] n=600 | classes=[8, 9] | acc=0.7783 | per_class={8: '0.59', 9: '0.96'}
[C11] eval model[0] mean=-0.003849 | θ̃ mean=-0.003849 | edge mean=-0.003874 |local ref=-0.003849
[C11] n=600 | classes=[0, 1] | acc=0.7633 | per_class={0: '0.57', 1: '0.95'}
[C12] eval model[0] mean=-0.003635 | θ̃ mean=-0.003635 | edge mean=-0.003874 |local ref=-0.003652
[C12] n=600 | classes=[1, 8] | acc=0.7383 | per_class={1: '0.96', 8: '0.50'}
[C13] eval model[0] mean=-0.004390 | θ̃ mean=-0.004390 | edge mean=-0.003874 |local ref=-0.004342
[C13] n=600 | classes=[0, 8] | acc=0.7050 | per_class={0: '0.71', 8: '0.70'}
[C14] eval model[0] mean=-0.003535 | θ̃ mean=-0.003535 | edge mean=-0.003874 |local ref=-0.003567
[C14] n=600 | classes=[0, 9] | acc=0.6400 | per_class={0: '0.31', 9: '0.99'}
[C15] eval model[0] mean=-0.004502 | θ̃ mean=-0.004502 | edge mean=-0.003874 |local ref=-0.004447
[C15] n=600 | classes=[0, 8] | acc=0.5467 | per_class={0: '0.11', 8: '0.99'}
[C16] eval model[0] mean=-0.003913 | θ̃ mean=-0.003913 | edge mean=-0.003874 |local ref=-0.003909
[C16] n=600 | classes=[1, 8] | acc=0.6983 | per_class={1: '0.99', 8: '0.42'}
[C17] eval model[0] mean=-0.003144 | θ̃ mean=-0.003144 | edge mean=-0.003874 |local ref=-0.003191
[C17] n=600 | classes=[1, 9] | acc=0.5367 | per_class={1: '0.74', 9: '0.34'}
[C18] eval model[0] mean=-0.004486 | θ̃ mean=-0.004486 | edge mean=-0.003874 |local ref=-0.004425
[C18] n=600 | classes=[1, 9] | acc=0.5667 | per_class={1: '0.27', 9: '0.89'}
[C19] eval model[0] mean=-0.004214 | θ̃ mean=-0.004214 | edge mean=-0.003874 |local ref=-0.004173
[C19] n=600 | classes=[0, 9] | acc=0.6400 | per_class={0: '0.25', 9: '1.00'}
  [Cloud] GM=0.3358 | EM=0.4286 PM=0.6736 | loss=1.9354 | time=48.0s | comm=4556.2MB (total=36450MB)

[Round   9] Broadcasting to 2 edges...
  [Edge 0] W_n reset to global weights for new round.
  [Edge 1] W_n reset to global weights for new round.
  [Edge 0] G9 | E1 | Hier-pFedMe | Selected 10/10
  [Client  3] Received edge weights.
  [Client  2] Received edge weights.
  [Client  5] Received edge weights.
  [Client  0] Received edge weights.
  [Client  1] Received edge weights.
  [Client  9] Received edge weights.
  [Client  6] Received edge weights.
  [Client  8] Received edge weights.
  [Client  7] Received edge weights.
  [Client  4] Received edge weights.
  [Client  3] Round 9 | Hier-pFedMe(λ2=35.0,K=3) | loss=0.2691
  [Client  0] Round 9 | Hier-pFedMe(λ2=35.0,K=3) | loss=0.0797
  [Client  5] Round 9 | Hier-pFedMe(λ2=35.0,K=3) | loss=0.1716
  [Client  2] Round 9 | Hier-pFedMe(λ2=35.0,K=3) | loss=0.0855
  [Client  1] Round 9 | Hier-pFedMe(λ2=35.0,K=3) | loss=0.3916
  [Client  9] Round 9 | Hier-pFedMe(λ2=35.0,K=3) | loss=0.0000
  [Client  6] Round 9 | Hier-pFedMe(λ2=35.0,K=3) | loss=0.0571
  [Client  8] Round 9 | Hier-pFedMe(λ2=35.0,K=3) | loss=0.0001
  [Client  7] Round 9 | Hier-pFedMe(λ2=35.0,K=3) | loss=0.2222
  [Client  4] Round 9 | Hier-pFedMe(λ2=35.0,K=3) | loss=0.0739
  [Edge 0] G9 | E1 | loss=0.1501
  [Edge 0] G9 | E2 | Hier-pFedMe | Selected 10/10
  [Client  5] Received edge weights.
  [Client  7] Received edge weights.
  [Client  0] Received edge weights.
  [Client  6] Received edge weights.
  [Client  4] Received edge weights.
  [Client  8] Received edge weights.
  [Client  1] Received edge weights.
  [Client  2] Received edge weights.
  [Client  3] Received edge weights.
  [Client  9] Received edge weights.
  [Client  7] Round 9 | Hier-pFedMe(λ2=35.0,K=3) | loss=0.5474
  [Client  6] Round 9 | Hier-pFedMe(λ2=35.0,K=3) | loss=0.0737
  [Client  0] Round 9 | Hier-pFedMe(λ2=35.0,K=3) | loss=0.1983
  [Client  5] Round 9 | Hier-pFedMe(λ2=35.0,K=3) | loss=0.1548
  [Client  4] Round 9 | Hier-pFedMe(λ2=35.0,K=3) | loss=0.2389
  [Client  8] Round 9 | Hier-pFedMe(λ2=35.0,K=3) | loss=0.0000
  [Client  1] Round 9 | Hier-pFedMe(λ2=35.0,K=3) | loss=0.2550
  [Client  2] Round 9 | Hier-pFedMe(λ2=35.0,K=3) | loss=0.1162
  [Client  3] Round 9 | Hier-pFedMe(λ2=35.0,K=3) | loss=0.1600
  [Client  9] Round 9 | Hier-pFedMe(λ2=35.0,K=3) | loss=0.0000
  [Edge 0] G9 | E2 | loss=0.1938
  [Edge 0] G9 | E3 | Hier-pFedMe | Selected 10/10
  [Client  8] Received edge weights.
  [Client  3] Received edge weights.
  [Client  4] Received edge weights.
  [Client  0] Received edge weights.
  [Client  9] Received edge weights.
  [Client  7] Received edge weights.
  [Client  2] Received edge weights.
  [Client  5] Received edge weights.
  [Client  6] Received edge weights.
  [Client  1] Received edge weights.
  [Client  4] Round 9 | Hier-pFedMe(λ2=35.0,K=3) | loss=0.1028
  [Client  3] Round 9 | Hier-pFedMe(λ2=35.0,K=3) | loss=0.4106
  [Client  8] Round 9 | Hier-pFedMe(λ2=35.0,K=3) | loss=0.0000
  [Client  0] Round 9 | Hier-pFedMe(λ2=35.0,K=3) | loss=1.2281
  [Client  9] Round 9 | Hier-pFedMe(λ2=35.0,K=3) | loss=0.0000
  [Client  2] Round 9 | Hier-pFedMe(λ2=35.0,K=3) | loss=0.2907
  [Client  7] Round 9 | Hier-pFedMe(λ2=35.0,K=3) | loss=0.9882
  [Client  5] Round 9 | Hier-pFedMe(λ2=35.0,K=3) | loss=0.1872
  [Client  6] Round 9 | Hier-pFedMe(λ2=35.0,K=3) | loss=0.0862
  [Client  1] Round 9 | Hier-pFedMe(λ2=35.0,K=3) | loss=0.5126
  [Edge 0] G9 | E3 | loss=0.4229
  [Edge 0] G9 | E4 | Hier-pFedMe | Selected 10/10
  [Client  4] Received edge weights.
  [Client  3] Received edge weights.
  [Client  0] Received edge weights.
  [Client  8] Received edge weights.
  [Client  6] Received edge weights.
  [Client  2] Received edge weights.
  [Client  9] Received edge weights.
  [Client  5] Received edge weights.
  [Client  1] Received edge weights.
  [Client  7] Received edge weights.
  [Client  0] Round 9 | Hier-pFedMe(λ2=35.0,K=3) | loss=0.1304
  [Client  3] Round 9 | Hier-pFedMe(λ2=35.0,K=3) | loss=0.8849  [Client  4] Round 9 | Hier-pFedMe(λ2=35.0,K=3) | loss=0.1337

  [Client  8] Round 9 | Hier-pFedMe(λ2=35.0,K=3) | loss=0.0000
  [Client  2] Round 9 | Hier-pFedMe(λ2=35.0,K=3) | loss=0.3571
  [Client  6] Round 9 | Hier-pFedMe(λ2=35.0,K=3) | loss=0.0421
  [Client  9] Round 9 | Hier-pFedMe(λ2=35.0,K=3) | loss=0.0000
  [Client  5] Round 9 | Hier-pFedMe(λ2=35.0,K=3) | loss=0.5396
  [Client  7] Round 9 | Hier-pFedMe(λ2=35.0,K=3) | loss=0.3430
  [Client  1] Round 9 | Hier-pFedMe(λ2=35.0,K=3) | loss=0.3292
  [Edge 0] G9 | E4 | loss=0.3067
  [Edge 0] G9 | E5 | Hier-pFedMe | Selected 10/10
  [Client  6] Received edge weights.
  [Client  3] Received edge weights.
  [Client  8] Received edge weights.
  [Client  1] Received edge weights.
  [Client  9] Received edge weights.
  [Client  2] Received edge weights.
  [Client  7] Received edge weights.
  [Client  0] Received edge weights.
  [Client  5] Received edge weights.
  [Client  4] Received edge weights.
  [Client  1] Round 9 | Hier-pFedMe(λ2=35.0,K=3) | loss=0.1626
  [Client  8] Round 9 | Hier-pFedMe(λ2=35.0,K=3) | loss=0.0000
  [Client  3] Round 9 | Hier-pFedMe(λ2=35.0,K=3) | loss=0.1708
  [Client  6] Round 9 | Hier-pFedMe(λ2=35.0,K=3) | loss=0.0411
  [Client  9] Round 9 | Hier-pFedMe(λ2=35.0,K=3) | loss=0.0000
  [Client  7] Round 9 | Hier-pFedMe(λ2=35.0,K=3) | loss=0.3776
  [Client  2] Round 9 | Hier-pFedMe(λ2=35.0,K=3) | loss=0.1514
  [Client  0] Round 9 | Hier-pFedMe(λ2=35.0,K=3) | loss=0.1612
  [Client  5] Round 9 | Hier-pFedMe(λ2=35.0,K=3) | loss=0.3337
  [Client  4] Round 9 | Hier-pFedMe(λ2=35.0,K=3) | loss=0.0726
  [Edge 0] G9 | E5 | loss=0.1635
  [Edge 1] G9 | E1 | Hier-pFedMe | Selected 10/10
  [Client 12] Received edge weights.
  [Client 15] Received edge weights.
  [Client 14] Received edge weights.
  [Client 17] Received edge weights.
  [Client 11] Received edge weights.
  [Client 18] Received edge weights.
  [Client 16] Received edge weights.
  [Client 10] Received edge weights.
  [Client 13] Received edge weights.
  [Client 19] Received edge weights.
  [Client 15] Round 9 | Hier-pFedMe(λ2=35.0,K=3) | loss=0.1877
  [Client 14] Round 9 | Hier-pFedMe(λ2=35.0,K=3) | loss=0.1088
  [Client 17] Round 9 | Hier-pFedMe(λ2=35.0,K=3) | loss=0.1809
  [Client 12] Round 9 | Hier-pFedMe(λ2=35.0,K=3) | loss=0.0902
  [Client 11] Round 9 | Hier-pFedMe(λ2=35.0,K=3) | loss=0.0202
  [Client 18] Round 9 | Hier-pFedMe(λ2=35.0,K=3) | loss=0.3492
  [Client 16] Round 9 | Hier-pFedMe(λ2=35.0,K=3) | loss=0.0246
  [Client 10] Round 9 | Hier-pFedMe(λ2=35.0,K=3) | loss=0.0737
  [Client 13] Round 9 | Hier-pFedMe(λ2=35.0,K=3) | loss=0.1839
  [Client 19] Round 9 | Hier-pFedMe(λ2=35.0,K=3) | loss=0.0250
  [Edge 1] G9 | E1 | loss=0.1244
  [Edge 1] G9 | E2 | Hier-pFedMe | Selected 10/10
  [Client 13] Received edge weights.
  [Client 18] Received edge weights.
  [Client 11] Received edge weights.
  [Client 12] Received edge weights.
  [Client 10] Received edge weights.
  [Client 16] Received edge weights.
  [Client 17] Received edge weights.
  [Client 14] Received edge weights.
  [Client 15] Received edge weights.
  [Client 19] Received edge weights.
  [Client 13] Round 9 | Hier-pFedMe(λ2=35.0,K=3) | loss=0.0818
  [Client 11] Round 9 | Hier-pFedMe(λ2=35.0,K=3) | loss=0.0531
  [Client 18] Round 9 | Hier-pFedMe(λ2=35.0,K=3) | loss=0.6192
  [Client 12] Round 9 | Hier-pFedMe(λ2=35.0,K=3) | loss=0.0587
  [Client 10] Round 9 | Hier-pFedMe(λ2=35.0,K=3) | loss=0.1665
  [Client 17] Round 9 | Hier-pFedMe(λ2=35.0,K=3) | loss=0.3369
  [Client 16] Round 9 | Hier-pFedMe(λ2=35.0,K=3) | loss=0.0208
  [Client 14] Round 9 | Hier-pFedMe(λ2=35.0,K=3) | loss=0.1024
  [Client 15] Round 9 | Hier-pFedMe(λ2=35.0,K=3) | loss=0.2142
  [Client 19] Round 9 | Hier-pFedMe(λ2=35.0,K=3) | loss=0.0183
  [Edge 1] G9 | E2 | loss=0.1672
  [Edge 1] G9 | E3 | Hier-pFedMe | Selected 10/10
  [Client 16] Received edge weights.
  [Client 17] Received edge weights.
  [Client 14] Received edge weights.
  [Client 19] Received edge weights.
  [Client 12] Received edge weights.
  [Client 10] Received edge weights.
  [Client 15] Received edge weights.
  [Client 11] Received edge weights.
  [Client 13] Received edge weights.
  [Client 18] Received edge weights.
  [Client 16] Round 9 | Hier-pFedMe(λ2=35.0,K=3) | loss=0.0347
  [Client 17] Round 9 | Hier-pFedMe(λ2=35.0,K=3) | loss=0.2090
  [Client 19] Round 9 | Hier-pFedMe(λ2=35.0,K=3) | loss=0.0726
  [Client 14] Round 9 | Hier-pFedMe(λ2=35.0,K=3) | loss=0.0502
  [Client 12] Round 9 | Hier-pFedMe(λ2=35.0,K=3) | loss=0.0463
  [Client 15] Round 9 | Hier-pFedMe(λ2=35.0,K=3) | loss=0.1179  [Client 10] Round 9 | Hier-pFedMe(λ2=35.0,K=3) | loss=0.1495

  [Client 11] Round 9 | Hier-pFedMe(λ2=35.0,K=3) | loss=0.0963
  [Client 13] Round 9 | Hier-pFedMe(λ2=35.0,K=3) | loss=0.1943
  [Client 18] Round 9 | Hier-pFedMe(λ2=35.0,K=3) | loss=0.4197
  [Edge 1] G9 | E3 | loss=0.1390
  [Edge 1] G9 | E4 | Hier-pFedMe | Selected 10/10
  [Client 18] Received edge weights.
  [Client 10] Received edge weights.
  [Client 15] Received edge weights.
  [Client 14] Received edge weights.
  [Client 19] Received edge weights.
  [Client 11] Received edge weights.
  [Client 17] Received edge weights.
  [Client 12] Received edge weights.
  [Client 16] Received edge weights.
  [Client 13] Received edge weights.
  [Client 15] Round 9 | Hier-pFedMe(λ2=35.0,K=3) | loss=0.0962
  [Client 18] Round 9 | Hier-pFedMe(λ2=35.0,K=3) | loss=0.2442
  [Client 10] Round 9 | Hier-pFedMe(λ2=35.0,K=3) | loss=0.0391
  [Client 14] Round 9 | Hier-pFedMe(λ2=35.0,K=3) | loss=0.0859
  [Client 19] Round 9 | Hier-pFedMe(λ2=35.0,K=3) | loss=0.0550  [Client 11] Round 9 | Hier-pFedMe(λ2=35.0,K=3) | loss=0.0507

  [Client 17] Round 9 | Hier-pFedMe(λ2=35.0,K=3) | loss=0.2381  [Client 12] Round 9 | Hier-pFedMe(λ2=35.0,K=3) | loss=0.0497

  [Client 16] Round 9 | Hier-pFedMe(λ2=35.0,K=3) | loss=0.0238  [Client 13] Round 9 | Hier-pFedMe(λ2=35.0,K=3) | loss=0.1353

  [Edge 1] G9 | E4 | loss=0.1018
  [Edge 1] G9 | E5 | Hier-pFedMe | Selected 10/10
  [Client 12] Received edge weights.
  [Client 10] Received edge weights.
  [Client 11] Received edge weights.
  [Client 16] Received edge weights.
  [Client 15] Received edge weights.
  [Client 14] Received edge weights.
  [Client 13] Received edge weights.
  [Client 18] Received edge weights.
  [Client 17] Received edge weights.
  [Client 19] Received edge weights.
  [Client 12] Round 9 | Hier-pFedMe(λ2=35.0,K=3) | loss=0.0767
  [Client 10] Round 9 | Hier-pFedMe(λ2=35.0,K=3) | loss=0.0297
  [Client 11] Round 9 | Hier-pFedMe(λ2=35.0,K=3) | loss=0.0623  [Client 16] Round 9 | Hier-pFedMe(λ2=35.0,K=3) | loss=0.0290

  [Client 15] Round 9 | Hier-pFedMe(λ2=35.0,K=3) | loss=0.0927
  [Client 14] Round 9 | Hier-pFedMe(λ2=35.0,K=3) | loss=0.0121
  [Client 13] Round 9 | Hier-pFedMe(λ2=35.0,K=3) | loss=0.0994
  [Client 18] Round 9 | Hier-pFedMe(λ2=35.0,K=3) | loss=0.2191
  [Client 17] Round 9 | Hier-pFedMe(λ2=35.0,K=3) | loss=0.1810
  [Client 19] Round 9 | Hier-pFedMe(λ2=35.0,K=3) | loss=0.0274
  [Edge 1] G9 | E5 | loss=0.0830
[C0] eval model[0] mean=-0.003460 | θ̃ mean=-0.003460 | edge mean=-0.004107 |local ref=-0.003517
[C0] n=1000 | classes=[3, 6] | acc=0.7040 | per_class={3: '0.60', 6: '0.82'}
[C1] eval model[0] mean=-0.003846 | θ̃ mean=-0.003846 | edge mean=-0.004107 |local ref=-0.003878
[C1] n=1000 | classes=[3, 6] | acc=0.6410 | per_class={3: '0.96', 6: '0.30'}
[C2] eval model[0] mean=-0.003745 | θ̃ mean=-0.003745 | edge mean=-0.004107 |local ref=-0.003775
[C2] n=1000 | classes=[2, 5] | acc=0.6640 | per_class={2: '0.45', 5: '0.89'}
[C3] eval model[0] mean=-0.004192 | θ̃ mean=-0.004192 | edge mean=-0.004107 |local ref=-0.004175
[C3] n=1000 | classes=[5, 7] | acc=0.6560 | per_class={5: '0.94', 7: '0.37'}
[C4] eval model[0] mean=-0.004883 | θ̃ mean=-0.004883 | edge mean=-0.004107 |local ref=-0.004766
[C4] n=1000 | classes=[2, 7] | acc=0.7060 | per_class={2: '0.65', 7: '0.77'}
[C5] eval model[0] mean=-0.004488 | θ̃ mean=-0.004488 | edge mean=-0.004107 |local ref=-0.004432
[C5] n=1000 | classes=[2, 4] | acc=0.5310 | per_class={2: '0.31', 4: '0.77'}
[C6] eval model[0] mean=-0.004575 | θ̃ mean=-0.004575 | edge mean=-0.004107 |local ref=-0.004512
[C6] n=1000 | classes=[6, 7] | acc=0.7580 | per_class={6: '0.90', 7: '0.62'}
[C7] eval model[0] mean=-0.003811 | θ̃ mean=-0.003811 | edge mean=-0.004107 |local ref=-0.003835
[C7] n=1000 | classes=[3, 5] | acc=0.5150 | per_class={3: '0.00', 5: '1.00'}
[C8] eval model[0] mean=-0.003932 | θ̃ mean=-0.003932 | edge mean=-0.004107 |local ref=-0.003949
[C8] n=500 | classes=[4] | acc=1.0000 | per_class={4: '1.00'}
[C9] eval model[0] mean=-0.003792 | θ̃ mean=-0.003792 | edge mean=-0.004107 |local ref=-0.003824
[C9] n=500 | classes=[4] | acc=1.0000 | per_class={4: '1.00'}
[C10] eval model[0] mean=-0.003622 | θ̃ mean=-0.003622 | edge mean=-0.003763 |local ref=-0.003620
[C10] n=600 | classes=[8, 9] | acc=0.8233 | per_class={8: '0.84', 9: '0.81'}
[C11] eval model[0] mean=-0.003634 | θ̃ mean=-0.003634 | edge mean=-0.003763 |local ref=-0.003674
[C11] n=600 | classes=[0, 1] | acc=0.7700 | per_class={0: '0.61', 1: '0.93'}
[C12] eval model[0] mean=-0.004116 | θ̃ mean=-0.004116 | edge mean=-0.003763 |local ref=-0.004053
[C12] n=600 | classes=[1, 8] | acc=0.8033 | per_class={1: '0.82', 8: '0.78'}
[C13] eval model[0] mean=-0.005278 | θ̃ mean=-0.005278 | edge mean=-0.003763 |local ref=-0.005092
[C13] n=600 | classes=[0, 8] | acc=0.6967 | per_class={0: '0.54', 8: '0.86'}
[C14] eval model[0] mean=-0.003909 | θ̃ mean=-0.003909 | edge mean=-0.003763 |local ref=-0.003884
[C14] n=600 | classes=[0, 9] | acc=0.6683 | per_class={0: '0.37', 9: '0.98'}
[C15] eval model[0] mean=-0.004147 | θ̃ mean=-0.004147 | edge mean=-0.003763 |local ref=-0.004106
[C15] n=600 | classes=[0, 8] | acc=0.5783 | per_class={0: '0.87', 8: '0.27'}
[C16] eval model[0] mean=-0.003492 | θ̃ mean=-0.003492 | edge mean=-0.003763 |local ref=-0.003523
[C16] n=600 | classes=[1, 8] | acc=0.8000 | per_class={1: '0.97', 8: '0.64'}
[C17] eval model[0] mean=-0.003712 | θ̃ mean=-0.003712 | edge mean=-0.003763 |local ref=-0.003703
[C17] n=600 | classes=[1, 9] | acc=0.6017 | per_class={1: '0.89', 9: '0.33'}
[C18] eval model[0] mean=-0.003522 | θ̃ mean=-0.003522 | edge mean=-0.003763 |local ref=-0.003561
[C18] n=600 | classes=[1, 9] | acc=0.5983 | per_class={1: '0.76', 9: '0.42'}
[C19] eval model[0] mean=-0.004013 | θ̃ mean=-0.004013 | edge mean=-0.003763 |local ref=-0.003982
[C19] n=600 | classes=[0, 9] | acc=0.7950 | per_class={0: '0.66', 9: '0.92'}
  [Cloud] GM=0.2524 | EM=0.4216 PM=0.6971 | loss=2.0591 | time=48.0s | comm=4556.2MB (total=41006MB)

[Round  10] Broadcasting to 2 edges...
  [Edge 0] W_n reset to global weights for new round.
  [Edge 1] W_n reset to global weights for new round.
  [Edge 0] G10 | E1 | Hier-pFedMe | Selected 10/10
  [Client  9] Received edge weights.
  [Client  3] Received edge weights.
  [Client  5] Received edge weights.
  [Client  7] Received edge weights.
  [Client  4] Received edge weights.
  [Client  0] Received edge weights.
  [Client  6] Received edge weights.
  [Client  8] Received edge weights.
  [Client  2] Received edge weights.
  [Client  1] Received edge weights.
  [Client  9] Round 10 | Hier-pFedMe(λ2=35.0,K=3) | loss=0.0006
  [Client  3] Round 10 | Hier-pFedMe(λ2=35.0,K=3) | loss=0.2065  [Client  5] Round 10 | Hier-pFedMe(λ2=35.0,K=3) | loss=0.1904

  [Client  7] Round 10 | Hier-pFedMe(λ2=35.0,K=3) | loss=0.0961
  [Client  4] Round 10 | Hier-pFedMe(λ2=35.0,K=3) | loss=0.0988
  [Client  0] Round 10 | Hier-pFedMe(λ2=35.0,K=3) | loss=0.1103
  [Client  6] Round 10 | Hier-pFedMe(λ2=35.0,K=3) | loss=0.0688
  [Client  8] Round 10 | Hier-pFedMe(λ2=35.0,K=3) | loss=0.0004
  [Client  2] Round 10 | Hier-pFedMe(λ2=35.0,K=3) | loss=0.1209
  [Client  1] Round 10 | Hier-pFedMe(λ2=35.0,K=3) | loss=0.2095
  [Edge 0] G10 | E1 | loss=0.1224
  [Edge 0] G10 | E2 | Hier-pFedMe | Selected 10/10
  [Client  4] Received edge weights.
  [Client  7] Received edge weights.
  [Client  6] Received edge weights.
  [Client  5] Received edge weights.
  [Client  0] Received edge weights.
  [Client  8] Received edge weights.
  [Client  1] Received edge weights.
  [Client  2] Received edge weights.
  [Client  3] Received edge weights.
  [Client  9] Received edge weights.
  [Client  4] Round 10 | Hier-pFedMe(λ2=35.0,K=3) | loss=0.0568
  [Client  5] Round 10 | Hier-pFedMe(λ2=35.0,K=3) | loss=0.2533  [Client  6] Round 10 | Hier-pFedMe(λ2=35.0,K=3) | loss=0.0286

  [Client  7] Round 10 | Hier-pFedMe(λ2=35.0,K=3) | loss=0.1379
  [Client  0] Round 10 | Hier-pFedMe(λ2=35.0,K=3) | loss=0.0799
  [Client  8] Round 10 | Hier-pFedMe(λ2=35.0,K=3) | loss=0.0000
  [Client  1] Round 10 | Hier-pFedMe(λ2=35.0,K=3) | loss=0.0441
  [Client  2] Round 10 | Hier-pFedMe(λ2=35.0,K=3) | loss=0.1095
  [Client  3] Round 10 | Hier-pFedMe(λ2=35.0,K=3) | loss=0.0503
  [Client  9] Round 10 | Hier-pFedMe(λ2=35.0,K=3) | loss=0.0000
  [Edge 0] G10 | E2 | loss=0.0845
  [Edge 0] G10 | E3 | Hier-pFedMe | Selected 10/10
  [Client  2] Received edge weights.
  [Client  8] Received edge weights.
  [Client  1] Received edge weights.
  [Client  3] Received edge weights.
  [Client  7] Received edge weights.
  [Client  4] Received edge weights.
  [Client  0] Received edge weights.
  [Client  9] Received edge weights.
  [Client  5] Received edge weights.
  [Client  6] Received edge weights.
  [Client  2] Round 10 | Hier-pFedMe(λ2=35.0,K=3) | loss=0.1433
  [Client  8] Round 10 | Hier-pFedMe(λ2=35.0,K=3) | loss=0.0000  [Client  1] Round 10 | Hier-pFedMe(λ2=35.0,K=3) | loss=0.0541  [Client  3] Round 10 | Hier-pFedMe(λ2=35.0,K=3) | loss=0.0245


  [Client  7] Round 10 | Hier-pFedMe(λ2=35.0,K=3) | loss=0.1538
  [Client  0] Round 10 | Hier-pFedMe(λ2=35.0,K=3) | loss=0.1392  [Client  4] Round 10 | Hier-pFedMe(λ2=35.0,K=3) | loss=0.0194

  [Client  9] Round 10 | Hier-pFedMe(λ2=35.0,K=3) | loss=0.0000
  [Client  5] Round 10 | Hier-pFedMe(λ2=35.0,K=3) | loss=0.3224
  [Client  6] Round 10 | Hier-pFedMe(λ2=35.0,K=3) | loss=0.0775
  [Edge 0] G10 | E3 | loss=0.1038
  [Edge 0] G10 | E4 | Hier-pFedMe | Selected 10/10
  [Client  4] Received edge weights.
  [Client  1] Received edge weights.
  [Client  0] Received edge weights.
  [Client  6] Received edge weights.
  [Client  5] Received edge weights.
  [Client  9] Received edge weights.
  [Client  3] Received edge weights.
  [Client  2] Received edge weights.
  [Client  8] Received edge weights.
  [Client  7] Received edge weights.
  [Client  4] Round 10 | Hier-pFedMe(λ2=35.0,K=3) | loss=0.0930
  [Client  6] Round 10 | Hier-pFedMe(λ2=35.0,K=3) | loss=0.1742
  [Client  1] Round 10 | Hier-pFedMe(λ2=35.0,K=3) | loss=0.0326
  [Client  0] Round 10 | Hier-pFedMe(λ2=35.0,K=3) | loss=0.5033
  [Client  5] Round 10 | Hier-pFedMe(λ2=35.0,K=3) | loss=0.2261
  [Client  9] Round 10 | Hier-pFedMe(λ2=35.0,K=3) | loss=0.0000
  [Client  2] Round 10 | Hier-pFedMe(λ2=35.0,K=3) | loss=0.0593
  [Client  3] Round 10 | Hier-pFedMe(λ2=35.0,K=3) | loss=0.1240
  [Client  8] Round 10 | Hier-pFedMe(λ2=35.0,K=3) | loss=0.0000
  [Client  7] Round 10 | Hier-pFedMe(λ2=35.0,K=3) | loss=0.5351
  [Edge 0] G10 | E4 | loss=0.1942
  [Edge 0] G10 | E5 | Hier-pFedMe | Selected 10/10
  [Client  2] Received edge weights.
  [Client  6] Received edge weights.
  [Client  0] Received edge weights.
  [Client  4] Received edge weights.
  [Client  5] Received edge weights.
  [Client  8] Received edge weights.
  [Client  7] Received edge weights.
  [Client  3] Received edge weights.
  [Client  9] Received edge weights.
  [Client  1] Received edge weights.
  [Client  2] Round 10 | Hier-pFedMe(λ2=35.0,K=3) | loss=0.0971
  [Client  6] Round 10 | Hier-pFedMe(λ2=35.0,K=3) | loss=0.0698
  [Client  4] Round 10 | Hier-pFedMe(λ2=35.0,K=3) | loss=0.0194  [Client  0] Round 10 | Hier-pFedMe(λ2=35.0,K=3) | loss=0.0562

  [Client  5] Round 10 | Hier-pFedMe(λ2=35.0,K=3) | loss=0.4227  [Client  8] Round 10 | Hier-pFedMe(λ2=35.0,K=3) | loss=0.0000

  [Client  3] Round 10 | Hier-pFedMe(λ2=35.0,K=3) | loss=0.0741
  [Client  7] Round 10 | Hier-pFedMe(λ2=35.0,K=3) | loss=0.7390
  [Client  9] Round 10 | Hier-pFedMe(λ2=35.0,K=3) | loss=0.0000
  [Client  1] Round 10 | Hier-pFedMe(λ2=35.0,K=3) | loss=0.1278
  [Edge 0] G10 | E5 | loss=0.1784
  [Edge 1] G10 | E1 | Hier-pFedMe | Selected 10/10
  [Client 11] Received edge weights.
  [Client 18] Received edge weights.
  [Client 19] Received edge weights.
  [Client 16] Received edge weights.
  [Client 13] Received edge weights.
  [Client 14] Received edge weights.
  [Client 17] Received edge weights.
  [Client 10] Received edge weights.
  [Client 12] Received edge weights.
  [Client 15] Received edge weights.
  [Client 16] Round 10 | Hier-pFedMe(λ2=35.0,K=3) | loss=0.0280
  [Client 18] Round 10 | Hier-pFedMe(λ2=35.0,K=3) | loss=0.2059
  [Client 19] Round 10 | Hier-pFedMe(λ2=35.0,K=3) | loss=0.0476
  [Client 11] Round 10 | Hier-pFedMe(λ2=35.0,K=3) | loss=0.0467
  [Client 13] Round 10 | Hier-pFedMe(λ2=35.0,K=3) | loss=0.0821
  [Client 17] Round 10 | Hier-pFedMe(λ2=35.0,K=3) | loss=0.1793  [Client 14] Round 10 | Hier-pFedMe(λ2=35.0,K=3) | loss=0.1140

  [Client 10] Round 10 | Hier-pFedMe(λ2=35.0,K=3) | loss=0.0229
  [Client 12] Round 10 | Hier-pFedMe(λ2=35.0,K=3) | loss=0.0551
  [Client 15] Round 10 | Hier-pFedMe(λ2=35.0,K=3) | loss=0.0702
  [Edge 1] G10 | E1 | loss=0.0852
  [Edge 1] G10 | E2 | Hier-pFedMe | Selected 10/10
  [Client 18] Received edge weights.
  [Client 10] Received edge weights.
  [Client 14] Received edge weights.
  [Client 16] Received edge weights.
  [Client 13] Received edge weights.
  [Client 19] Received edge weights.
  [Client 12] Received edge weights.
  [Client 17] Received edge weights.
  [Client 15] Received edge weights.
  [Client 11] Received edge weights.
  [Client 14] Round 10 | Hier-pFedMe(λ2=35.0,K=3) | loss=0.0927
  [Client 18] Round 10 | Hier-pFedMe(λ2=35.0,K=3) | loss=0.4051
  [Client 16] Round 10 | Hier-pFedMe(λ2=35.0,K=3) | loss=0.0150
  [Client 10] Round 10 | Hier-pFedMe(λ2=35.0,K=3) | loss=0.0985
  [Client 13] Round 10 | Hier-pFedMe(λ2=35.0,K=3) | loss=0.0456
  [Client 19] Round 10 | Hier-pFedMe(λ2=35.0,K=3) | loss=0.0459
  [Client 12] Round 10 | Hier-pFedMe(λ2=35.0,K=3) | loss=0.1444
  [Client 17] Round 10 | Hier-pFedMe(λ2=35.0,K=3) | loss=0.1939
  [Client 15] Round 10 | Hier-pFedMe(λ2=35.0,K=3) | loss=0.1299
  [Client 11] Round 10 | Hier-pFedMe(λ2=35.0,K=3) | loss=0.0414
  [Edge 1] G10 | E2 | loss=0.1212
  [Edge 1] G10 | E3 | Hier-pFedMe | Selected 10/10
  [Client 16] Received edge weights.
  [Client 10] Received edge weights.
  [Client 12] Received edge weights.
  [Client 15] Received edge weights.
  [Client 11] Received edge weights.
  [Client 18] Received edge weights.
  [Client 17] Received edge weights.
  [Client 19] Received edge weights.
  [Client 13] Received edge weights.
  [Client 14] Received edge weights.
  [Client 15] Round 10 | Hier-pFedMe(λ2=35.0,K=3) | loss=0.1586
  [Client 12] Round 10 | Hier-pFedMe(λ2=35.0,K=3) | loss=0.2545
  [Client 16] Round 10 | Hier-pFedMe(λ2=35.0,K=3) | loss=0.0208  [Client 10] Round 10 | Hier-pFedMe(λ2=35.0,K=3) | loss=0.0489

  [Client 11] Round 10 | Hier-pFedMe(λ2=35.0,K=3) | loss=0.0805
  [Client 18] Round 10 | Hier-pFedMe(λ2=35.0,K=3) | loss=0.1047
  [Client 17] Round 10 | Hier-pFedMe(λ2=35.0,K=3) | loss=0.1846  [Client 19] Round 10 | Hier-pFedMe(λ2=35.0,K=3) | loss=0.0119

  [Client 13] Round 10 | Hier-pFedMe(λ2=35.0,K=3) | loss=0.1250
  [Client 14] Round 10 | Hier-pFedMe(λ2=35.0,K=3) | loss=0.0095
  [Edge 1] G10 | E3 | loss=0.0999
  [Edge 1] G10 | E4 | Hier-pFedMe | Selected 10/10
  [Client 11] Received edge weights.
  [Client 17] Received edge weights.
  [Client 15] Received edge weights.
  [Client 19] Received edge weights.
  [Client 12] Received edge weights.
  [Client 18] Received edge weights.
  [Client 10] Received edge weights.
  [Client 16] Received edge weights.
  [Client 14] Received edge weights.
  [Client 13] Received edge weights.
  [Client 19] Round 10 | Hier-pFedMe(λ2=35.0,K=3) | loss=0.0277
  [Client 15] Round 10 | Hier-pFedMe(λ2=35.0,K=3) | loss=0.0643
  [Client 11] Round 10 | Hier-pFedMe(λ2=35.0,K=3) | loss=0.0505  [Client 17] Round 10 | Hier-pFedMe(λ2=35.0,K=3) | loss=0.3494

  [Client 12] Round 10 | Hier-pFedMe(λ2=35.0,K=3) | loss=0.1349
  [Client 18] Round 10 | Hier-pFedMe(λ2=35.0,K=3) | loss=0.2635
  [Client 10] Round 10 | Hier-pFedMe(λ2=35.0,K=3) | loss=0.0942
  [Client 16] Round 10 | Hier-pFedMe(λ2=35.0,K=3) | loss=0.0456
  [Client 14] Round 10 | Hier-pFedMe(λ2=35.0,K=3) | loss=0.0726
  [Client 13] Round 10 | Hier-pFedMe(λ2=35.0,K=3) | loss=0.1094
  [Edge 1] G10 | E4 | loss=0.1212
  [Edge 1] G10 | E5 | Hier-pFedMe | Selected 10/10
  [Client 16] Received edge weights.
  [Client 10] Received edge weights.
  [Client 13] Received edge weights.
  [Client 19] Received edge weights.
  [Client 15] Received edge weights.
  [Client 18] Received edge weights.
  [Client 11] Received edge weights.
  [Client 12] Received edge weights.
  [Client 14] Received edge weights.
  [Client 17] Received edge weights.
  [Client 13] Round 10 | Hier-pFedMe(λ2=35.0,K=3) | loss=0.1170
  [Client 16] Round 10 | Hier-pFedMe(λ2=35.0,K=3) | loss=0.0370
  [Client 10] Round 10 | Hier-pFedMe(λ2=35.0,K=3) | loss=0.1553
  [Client 19] Round 10 | Hier-pFedMe(λ2=35.0,K=3) | loss=0.0405
  [Client 15] Round 10 | Hier-pFedMe(λ2=35.0,K=3) | loss=0.2051
  [Client 18] Round 10 | Hier-pFedMe(λ2=35.0,K=3) | loss=0.1746
  [Client 11] Round 10 | Hier-pFedMe(λ2=35.0,K=3) | loss=0.0643
  [Client 12] Round 10 | Hier-pFedMe(λ2=35.0,K=3) | loss=0.2470
  [Client 14] Round 10 | Hier-pFedMe(λ2=35.0,K=3) | loss=0.0097  [Client 17] Round 10 | Hier-pFedMe(λ2=35.0,K=3) | loss=0.3477

  [Edge 1] G10 | E5 | loss=0.1398
[C0] eval model[0] mean=-0.004138 | θ̃ mean=-0.004138 | edge mean=-0.003755 |local ref=-0.004111
[C0] n=1000 | classes=[3, 6] | acc=0.6980 | per_class={3: '0.68', 6: '0.72'}
[C1] eval model[0] mean=-0.002862 | θ̃ mean=-0.002862 | edge mean=-0.003755 |local ref=-0.002955
[C1] n=1000 | classes=[3, 6] | acc=0.6140 | per_class={3: '0.34', 6: '0.91'}
[C2] eval model[0] mean=-0.003892 | θ̃ mean=-0.003892 | edge mean=-0.003755 |local ref=-0.003875
[C2] n=1000 | classes=[2, 5] | acc=0.6730 | per_class={2: '0.44', 5: '0.91'}
[C3] eval model[0] mean=-0.003806 | θ̃ mean=-0.003806 | edge mean=-0.003755 |local ref=-0.003791
[C3] n=1000 | classes=[5, 7] | acc=0.6800 | per_class={5: '0.58', 7: '0.78'}
[C4] eval model[0] mean=-0.003753 | θ̃ mean=-0.003753 | edge mean=-0.003755 |local ref=-0.003752
[C4] n=1000 | classes=[2, 7] | acc=0.7420 | per_class={2: '0.58', 7: '0.91'}
[C5] eval model[0] mean=-0.003597 | θ̃ mean=-0.003597 | edge mean=-0.003755 |local ref=-0.003624
[C5] n=1000 | classes=[2, 4] | acc=0.5210 | per_class={2: '0.77', 4: '0.26'}
[C6] eval model[0] mean=-0.004279 | θ̃ mean=-0.004279 | edge mean=-0.003755 |local ref=-0.004232
[C6] n=1000 | classes=[6, 7] | acc=0.8010 | per_class={6: '0.89', 7: '0.71'}
[C7] eval model[0] mean=-0.004571 | θ̃ mean=-0.004571 | edge mean=-0.003755 |local ref=-0.004473
[C7] n=1000 | classes=[3, 5] | acc=0.5300 | per_class={3: '0.12', 5: '0.92'}
[C8] eval model[0] mean=-0.003175 | θ̃ mean=-0.003175 | edge mean=-0.003755 |local ref=-0.003234
[C8] n=500 | classes=[4] | acc=1.0000 | per_class={4: '1.00'}
[C9] eval model[0] mean=-0.003694 | θ̃ mean=-0.003694 | edge mean=-0.003755 |local ref=-0.003700
[C9] n=500 | classes=[4] | acc=1.0000 | per_class={4: '1.00'}
[C10] eval model[0] mean=-0.003985 | θ̃ mean=-0.003985 | edge mean=-0.003679 |local ref=-0.003956
[C10] n=600 | classes=[8, 9] | acc=0.6667 | per_class={8: '0.97', 9: '0.38'}
[C11] eval model[0] mean=-0.004379 | θ̃ mean=-0.004379 | edge mean=-0.003679 |local ref=-0.004307
[C11] n=600 | classes=[0, 1] | acc=0.7183 | per_class={0: '0.73', 1: '0.70'}
[C12] eval model[0] mean=-0.003683 | θ̃ mean=-0.003683 | edge mean=-0.003679 |local ref=-0.003601
[C12] n=600 | classes=[1, 8] | acc=0.7583 | per_class={1: '0.95', 8: '0.55'}
[C13] eval model[0] mean=-0.003547 | θ̃ mean=-0.003547 | edge mean=-0.003679 |local ref=-0.003554
[C13] n=600 | classes=[0, 8] | acc=0.6800 | per_class={0: '0.52', 8: '0.85'}
[C14] eval model[0] mean=-0.004207 | θ̃ mean=-0.004207 | edge mean=-0.003679 |local ref=-0.004158
[C14] n=600 | classes=[0, 9] | acc=0.7100 | per_class={0: '0.46', 9: '0.97'}
[C15] eval model[0] mean=-0.003171 | θ̃ mean=-0.003171 | edge mean=-0.003679 |local ref=-0.003217
[C15] n=600 | classes=[0, 8] | acc=0.6800 | per_class={0: '0.50', 8: '0.86'}
[C16] eval model[0] mean=-0.004290 | θ̃ mean=-0.004290 | edge mean=-0.003679 |local ref=-0.004221
[C16] n=600 | classes=[1, 8] | acc=0.8150 | per_class={1: '0.78', 8: '0.85'}
[C17] eval model[0] mean=-0.004051 | θ̃ mean=-0.004051 | edge mean=-0.003679 |local ref=-0.004035
[C17] n=600 | classes=[1, 9] | acc=0.5900 | per_class={1: '0.20', 9: '0.95'}
[C18] eval model[0] mean=-0.003074 | θ̃ mean=-0.003074 | edge mean=-0.003679 |local ref=-0.003146
[C18] n=600 | classes=[1, 9] | acc=0.5367 | per_class={1: '0.14', 9: '0.97'}
[C19] eval model[0] mean=-0.004421 | θ̃ mean=-0.004421 | edge mean=-0.003679 |local ref=-0.004335
[C19] n=600 | classes=[0, 9] | acc=0.7517 | per_class={0: '0.49', 9: '0.99'}
  [Cloud] GM=0.3605 | EM=0.4394 PM=0.6935 | loss=1.8958 | time=48.9s | comm=4556.2MB (total=45562MB)

[Round  11] Broadcasting to 2 edges...
  [Edge 0] W_n reset to global weights for new round.
  [Edge 1] W_n reset to global weights for new round.
  [Edge 0] G11 | E1 | Hier-pFedMe | Selected 10/10
  [Client  3] Received edge weights.
  [Client  7] Received edge weights.
  [Client  8] Received edge weights.
  [Client  4] Received edge weights.
  [Client  6] Received edge weights.
  [Client  9] Received edge weights.
  [Client  2] Received edge weights.
  [Client  1] Received edge weights.
  [Client  5] Received edge weights.
  [Client  0] Received edge weights.
  [Client  7] Round 11 | Hier-pFedMe(λ2=35.0,K=3) | loss=0.4815
  [Client  3] Round 11 | Hier-pFedMe(λ2=35.0,K=3) | loss=0.0618
  [Client  8] Round 11 | Hier-pFedMe(λ2=35.0,K=3) | loss=0.0000
  [Client  4] Round 11 | Hier-pFedMe(λ2=35.0,K=3) | loss=0.0996
  [Client  9] Round 11 | Hier-pFedMe(λ2=35.0,K=3) | loss=0.0001  [Client  6] Round 11 | Hier-pFedMe(λ2=35.0,K=3) | loss=0.0482

  [Client  2] Round 11 | Hier-pFedMe(λ2=35.0,K=3) | loss=0.0858
  [Client  1] Round 11 | Hier-pFedMe(λ2=35.0,K=3) | loss=0.2021
  [Client  5] Round 11 | Hier-pFedMe(λ2=35.0,K=3) | loss=0.2420
  [Client  0] Round 11 | Hier-pFedMe(λ2=35.0,K=3) | loss=0.1219
  [Edge 0] G11 | E1 | loss=0.1492
  [Edge 0] G11 | E2 | Hier-pFedMe | Selected 10/10
  [Client  8] Received edge weights.
  [Client  9] Received edge weights.
  [Client  2] Received edge weights.
  [Client  0] Received edge weights.
  [Client  1] Received edge weights.
  [Client  7] Received edge weights.
  [Client  3] Received edge weights.
  [Client  4] Received edge weights.
  [Client  5] Received edge weights.
  [Client  6] Received edge weights.
  [Client  0] Round 11 | Hier-pFedMe(λ2=35.0,K=3) | loss=0.1259
  [Client  8] Round 11 | Hier-pFedMe(λ2=35.0,K=3) | loss=0.0000
  [Client  2] Round 11 | Hier-pFedMe(λ2=35.0,K=3) | loss=0.1261
  [Client  9] Round 11 | Hier-pFedMe(λ2=35.0,K=3) | loss=0.0000
  [Client  1] Round 11 | Hier-pFedMe(λ2=35.0,K=3) | loss=0.0632
  [Client  7] Round 11 | Hier-pFedMe(λ2=35.0,K=3) | loss=0.4409
  [Client  3] Round 11 | Hier-pFedMe(λ2=35.0,K=3) | loss=0.1449
  [Client  4] Round 11 | Hier-pFedMe(λ2=35.0,K=3) | loss=0.0929
  [Client  5] Round 11 | Hier-pFedMe(λ2=35.0,K=3) | loss=0.1756
  [Client  6] Round 11 | Hier-pFedMe(λ2=35.0,K=3) | loss=0.0709
  [Edge 0] G11 | E2 | loss=0.1378
  [Edge 0] G11 | E3 | Hier-pFedMe | Selected 10/10
  [Client  7] Received edge weights.
  [Client  5] Received edge weights.
  [Client  6] Received edge weights.
  [Client  2] Received edge weights.
  [Client  9] Received edge weights.
  [Client  8] Received edge weights.
  [Client  1] Received edge weights.
  [Client  0] Received edge weights.
  [Client  4] Received edge weights.
  [Client  3] Received edge weights.
  [Client  7] Round 11 | Hier-pFedMe(λ2=35.0,K=3) | loss=0.5947
  [Client  6] Round 11 | Hier-pFedMe(λ2=35.0,K=3) | loss=0.0406
  [Client  5] Round 11 | Hier-pFedMe(λ2=35.0,K=3) | loss=0.1127
  [Client  2] Round 11 | Hier-pFedMe(λ2=35.0,K=3) | loss=0.1631
  [Client  9] Round 11 | Hier-pFedMe(λ2=35.0,K=3) | loss=0.0000  [Client  8] Round 11 | Hier-pFedMe(λ2=35.0,K=3) | loss=0.0000

  [Client  1] Round 11 | Hier-pFedMe(λ2=35.0,K=3) | loss=0.0622
  [Client  0] Round 11 | Hier-pFedMe(λ2=35.0,K=3) | loss=0.0695
  [Client  3] Round 11 | Hier-pFedMe(λ2=35.0,K=3) | loss=0.1021
  [Client  4] Round 11 | Hier-pFedMe(λ2=35.0,K=3) | loss=0.0081
  [Edge 0] G11 | E3 | loss=0.1281
  [Edge 0] G11 | E4 | Hier-pFedMe | Selected 10/10
  [Client  9] Received edge weights.
  [Client  2] Received edge weights.
  [Client  8] Received edge weights.
  [Client  3] Received edge weights.
  [Client  1] Received edge weights.
  [Client  7] Received edge weights.
  [Client  5] Received edge weights.
  [Client  0] Received edge weights.
  [Client  4] Received edge weights.
  [Client  6] Received edge weights.
  [Client  2] Round 11 | Hier-pFedMe(λ2=35.0,K=3) | loss=0.0940
  [Client  8] Round 11 | Hier-pFedMe(λ2=35.0,K=3) | loss=0.0000  [Client  9] Round 11 | Hier-pFedMe(λ2=35.0,K=3) | loss=0.0000

  [Client  3] Round 11 | Hier-pFedMe(λ2=35.0,K=3) | loss=0.3990
  [Client  1] Round 11 | Hier-pFedMe(λ2=35.0,K=3) | loss=0.1101  [Client  7] Round 11 | Hier-pFedMe(λ2=35.0,K=3) | loss=0.8992

  [Client  5] Round 11 | Hier-pFedMe(λ2=35.0,K=3) | loss=0.6756
  [Client  0] Round 11 | Hier-pFedMe(λ2=35.0,K=3) | loss=0.1273
  [Client  4] Round 11 | Hier-pFedMe(λ2=35.0,K=3) | loss=0.0218
  [Client  6] Round 11 | Hier-pFedMe(λ2=35.0,K=3) | loss=0.0721
  [Edge 0] G11 | E4 | loss=0.2666
  [Edge 0] G11 | E5 | Hier-pFedMe | Selected 10/10
  [Client  2] Received edge weights.
  [Client  4] Received edge weights.
  [Client  6] Received edge weights.
  [Client  7] Received edge weights.
  [Client  9] Received edge weights.
  [Client  8] Received edge weights.
  [Client  5] Received edge weights.
  [Client  3] Received edge weights.
  [Client  1] Received edge weights.
  [Client  0] Received edge weights.
  [Client  2] Round 11 | Hier-pFedMe(λ2=35.0,K=3) | loss=0.0877
  [Client  7] Round 11 | Hier-pFedMe(λ2=35.0,K=3) | loss=0.2051
  [Client  6] Round 11 | Hier-pFedMe(λ2=35.0,K=3) | loss=0.1083
  [Client  4] Round 11 | Hier-pFedMe(λ2=35.0,K=3) | loss=0.1065
  [Client  9] Round 11 | Hier-pFedMe(λ2=35.0,K=3) | loss=0.0000  [Client  8] Round 11 | Hier-pFedMe(λ2=35.0,K=3) | loss=0.0000

  [Client  5] Round 11 | Hier-pFedMe(λ2=35.0,K=3) | loss=0.6529
  [Client  3] Round 11 | Hier-pFedMe(λ2=35.0,K=3) | loss=0.4017
  [Client  1] Round 11 | Hier-pFedMe(λ2=35.0,K=3) | loss=0.0930
  [Client  0] Round 11 | Hier-pFedMe(λ2=35.0,K=3) | loss=0.0452
  [Edge 0] G11 | E5 | loss=0.1889
  [Edge 1] G11 | E1 | Hier-pFedMe | Selected 10/10
  [Client 13] Received edge weights.
  [Client 14] Received edge weights.
  [Client 16] Received edge weights.
  [Client 19] Received edge weights.
  [Client 10] Received edge weights.
  [Client 12] Received edge weights.
  [Client 11] Received edge weights.
  [Client 15] Received edge weights.
  [Client 18] Received edge weights.
  [Client 17] Received edge weights.
  [Client 13] Round 11 | Hier-pFedMe(λ2=35.0,K=3) | loss=0.1947
  [Client 19] Round 11 | Hier-pFedMe(λ2=35.0,K=3) | loss=0.0517
  [Client 14] Round 11 | Hier-pFedMe(λ2=35.0,K=3) | loss=0.0878
  [Client 16] Round 11 | Hier-pFedMe(λ2=35.0,K=3) | loss=0.0387
  [Client 10] Round 11 | Hier-pFedMe(λ2=35.0,K=3) | loss=0.3054
  [Client 12] Round 11 | Hier-pFedMe(λ2=35.0,K=3) | loss=0.0237
  [Client 15] Round 11 | Hier-pFedMe(λ2=35.0,K=3) | loss=0.1421
  [Client 11] Round 11 | Hier-pFedMe(λ2=35.0,K=3) | loss=0.0266
  [Client 18] Round 11 | Hier-pFedMe(λ2=35.0,K=3) | loss=0.5163
  [Client 17] Round 11 | Hier-pFedMe(λ2=35.0,K=3) | loss=0.2321
  [Edge 1] G11 | E1 | loss=0.1619
  [Edge 1] G11 | E2 | Hier-pFedMe | Selected 10/10
  [Client 16] Received edge weights.
  [Client 14] Received edge weights.
  [Client 18] Received edge weights.
  [Client 10] Received edge weights.
  [Client 12] Received edge weights.
  [Client 11] Received edge weights.
  [Client 13] Received edge weights.
  [Client 19] Received edge weights.
  [Client 15] Received edge weights.
  [Client 17] Received edge weights.
  [Client 14] Round 11 | Hier-pFedMe(λ2=35.0,K=3) | loss=0.0210
  [Client 18] Round 11 | Hier-pFedMe(λ2=35.0,K=3) | loss=1.1700  [Client 16] Round 11 | Hier-pFedMe(λ2=35.0,K=3) | loss=0.0289
  [Client 10] Round 11 | Hier-pFedMe(λ2=35.0,K=3) | loss=0.3006

  [Client 12] Round 11 | Hier-pFedMe(λ2=35.0,K=3) | loss=0.0103
  [Client 11] Round 11 | Hier-pFedMe(λ2=35.0,K=3) | loss=0.0220
  [Client 13] Round 11 | Hier-pFedMe(λ2=35.0,K=3) | loss=0.2653
  [Client 19] Round 11 | Hier-pFedMe(λ2=35.0,K=3) | loss=0.0797
  [Client 15] Round 11 | Hier-pFedMe(λ2=35.0,K=3) | loss=0.1426
  [Client 17] Round 11 | Hier-pFedMe(λ2=35.0,K=3) | loss=0.1539
  [Edge 1] G11 | E2 | loss=0.2194
  [Edge 1] G11 | E3 | Hier-pFedMe | Selected 10/10
  [Client 15] Received edge weights.
  [Client 18] Received edge weights.
  [Client 13] Received edge weights.
  [Client 17] Received edge weights.
  [Client 16] Received edge weights.
  [Client 12] Received edge weights.
  [Client 19] Received edge weights.
  [Client 10] Received edge weights.
  [Client 11] Received edge weights.
  [Client 14] Received edge weights.
  [Client 18] Round 11 | Hier-pFedMe(λ2=35.0,K=3) | loss=0.2535  [Client 15] Round 11 | Hier-pFedMe(λ2=35.0,K=3) | loss=0.0927
  [Client 17] Round 11 | Hier-pFedMe(λ2=35.0,K=3) | loss=0.6720
  [Client 13] Round 11 | Hier-pFedMe(λ2=35.0,K=3) | loss=0.5774

  [Client 16] Round 11 | Hier-pFedMe(λ2=35.0,K=3) | loss=0.0810
  [Client 12] Round 11 | Hier-pFedMe(λ2=35.0,K=3) | loss=0.0518
  [Client 19] Round 11 | Hier-pFedMe(λ2=35.0,K=3) | loss=0.0511
  [Client 10] Round 11 | Hier-pFedMe(λ2=35.0,K=3) | loss=0.0613
  [Client 11] Round 11 | Hier-pFedMe(λ2=35.0,K=3) | loss=0.0448
  [Client 14] Round 11 | Hier-pFedMe(λ2=35.0,K=3) | loss=0.0134
  [Edge 1] G11 | E3 | loss=0.1899
  [Edge 1] G11 | E4 | Hier-pFedMe | Selected 10/10
  [Client 11] Received edge weights.
  [Client 10] Received edge weights.
  [Client 19] Received edge weights.
  [Client 17] Received edge weights.
  [Client 15] Received edge weights.
  [Client 16] Received edge weights.
  [Client 12] Received edge weights.
  [Client 13] Received edge weights.
  [Client 14] Received edge weights.
  [Client 18] Received edge weights.
  [Client 17] Round 11 | Hier-pFedMe(λ2=35.0,K=3) | loss=0.2684
  [Client 11] Round 11 | Hier-pFedMe(λ2=35.0,K=3) | loss=0.0584
  [Client 10] Round 11 | Hier-pFedMe(λ2=35.0,K=3) | loss=0.6525
  [Client 19] Round 11 | Hier-pFedMe(λ2=35.0,K=3) | loss=0.0764
  [Client 16] Round 11 | Hier-pFedMe(λ2=35.0,K=3) | loss=0.0286  [Client 15] Round 11 | Hier-pFedMe(λ2=35.0,K=3) | loss=0.2070

  [Client 12] Round 11 | Hier-pFedMe(λ2=35.0,K=3) | loss=0.0200
  [Client 13] Round 11 | Hier-pFedMe(λ2=35.0,K=3) | loss=0.1304
  [Client 14] Round 11 | Hier-pFedMe(λ2=35.0,K=3) | loss=0.0439
  [Client 18] Round 11 | Hier-pFedMe(λ2=35.0,K=3) | loss=0.2108
  [Edge 1] G11 | E4 | loss=0.1696
  [Edge 1] G11 | E5 | Hier-pFedMe | Selected 10/10
  [Client 11] Received edge weights.
  [Client 14] Received edge weights.
  [Client 18] Received edge weights.
  [Client 15] Received edge weights.
  [Client 12] Received edge weights.
  [Client 17] Received edge weights.
  [Client 10] Received edge weights.
  [Client 13] Received edge weights.
  [Client 16] Received edge weights.
  [Client 19] Received edge weights.
  [Client 11] Round 11 | Hier-pFedMe(λ2=35.0,K=3) | loss=0.0545
  [Client 15] Round 11 | Hier-pFedMe(λ2=35.0,K=3) | loss=0.0777
  [Client 14] Round 11 | Hier-pFedMe(λ2=35.0,K=3) | loss=0.0329  [Client 18] Round 11 | Hier-pFedMe(λ2=35.0,K=3) | loss=0.1930

  [Client 12] Round 11 | Hier-pFedMe(λ2=35.0,K=3) | loss=0.1328  [Client 17] Round 11 | Hier-pFedMe(λ2=35.0,K=3) | loss=0.4244

  [Client 10] Round 11 | Hier-pFedMe(λ2=35.0,K=3) | loss=0.0177
  [Client 13] Round 11 | Hier-pFedMe(λ2=35.0,K=3) | loss=0.1574
  [Client 16] Round 11 | Hier-pFedMe(λ2=35.0,K=3) | loss=0.0659
  [Client 19] Round 11 | Hier-pFedMe(λ2=35.0,K=3) | loss=0.0902
  [Edge 1] G11 | E5 | loss=0.1247
[C0] eval model[0] mean=-0.004679 | θ̃ mean=-0.004679 | edge mean=-0.004292 |local ref=-0.004644
[C0] n=1000 | classes=[3, 6] | acc=0.7170 | per_class={3: '0.85', 6: '0.58'}
[C1] eval model[0] mean=-0.004799 | θ̃ mean=-0.004799 | edge mean=-0.004292 |local ref=-0.004753
[C1] n=1000 | classes=[3, 6] | acc=0.6490 | per_class={3: '0.48', 6: '0.83'}
[C2] eval model[0] mean=-0.003979 | θ̃ mean=-0.003979 | edge mean=-0.004292 |local ref=-0.004006
[C2] n=1000 | classes=[2, 5] | acc=0.7060 | per_class={2: '0.79', 5: '0.62'}
[C3] eval model[0] mean=-0.004312 | θ̃ mean=-0.004312 | edge mean=-0.004292 |local ref=-0.004329
[C3] n=1000 | classes=[5, 7] | acc=0.6670 | per_class={5: '0.90', 7: '0.43'}
[C4] eval model[0] mean=-0.003898 | θ̃ mean=-0.003898 | edge mean=-0.004292 |local ref=-0.003909
[C4] n=1000 | classes=[2, 7] | acc=0.7450 | per_class={2: '0.73', 7: '0.76'}
[C5] eval model[0] mean=-0.004134 | θ̃ mean=-0.004134 | edge mean=-0.004292 |local ref=-0.004168
[C5] n=1000 | classes=[2, 4] | acc=0.5890 | per_class={2: '0.55', 4: '0.62'}
[C6] eval model[0] mean=-0.004061 | θ̃ mean=-0.004061 | edge mean=-0.004292 |local ref=-0.004089
[C6] n=1000 | classes=[6, 7] | acc=0.6960 | per_class={6: '0.42', 7: '0.97'}
[C7] eval model[0] mean=-0.006073 | θ̃ mean=-0.006073 | edge mean=-0.004292 |local ref=-0.005856
[C7] n=1000 | classes=[3, 5] | acc=0.5460 | per_class={3: '0.29', 5: '0.79'}
[C8] eval model[0] mean=-0.004062 | θ̃ mean=-0.004062 | edge mean=-0.004292 |local ref=-0.004086
[C8] n=500 | classes=[4] | acc=1.0000 | per_class={4: '1.00'}
[C9] eval model[0] mean=-0.004385 | θ̃ mean=-0.004385 | edge mean=-0.004292 |local ref=-0.004375
[C9] n=500 | classes=[4] | acc=1.0000 | per_class={4: '1.00'}
[C10] eval model[0] mean=-0.004583 | θ̃ mean=-0.004583 | edge mean=-0.004093 |local ref=-0.004535
[C10] n=600 | classes=[8, 9] | acc=0.6417 | per_class={8: '0.98', 9: '0.32'}
[C11] eval model[0] mean=-0.004506 | θ̃ mean=-0.004506 | edge mean=-0.004093 |local ref=-0.004465
[C11] n=600 | classes=[0, 1] | acc=0.7217 | per_class={0: '0.78', 1: '0.67'}
[C12] eval model[0] mean=-0.004221 | θ̃ mean=-0.004221 | edge mean=-0.004093 |local ref=-0.004205
[C12] n=600 | classes=[1, 8] | acc=0.8183 | per_class={1: '0.91', 8: '0.73'}
[C13] eval model[0] mean=-0.004872 | θ̃ mean=-0.004872 | edge mean=-0.004093 |local ref=-0.004795
[C13] n=600 | classes=[0, 8] | acc=0.6700 | per_class={0: '0.69', 8: '0.64'}
[C14] eval model[0] mean=-0.003833 | θ̃ mean=-0.003833 | edge mean=-0.004093 |local ref=-0.003865
[C14] n=600 | classes=[0, 9] | acc=0.8333 | per_class={0: '0.79', 9: '0.88'}
[C15] eval model[0] mean=-0.004490 | θ̃ mean=-0.004490 | edge mean=-0.004093 |local ref=-0.004434
[C15] n=600 | classes=[0, 8] | acc=0.6817 | per_class={0: '0.57', 8: '0.80'}
[C16] eval model[0] mean=-0.003991 | θ̃ mean=-0.003991 | edge mean=-0.004093 |local ref=-0.003983
[C16] n=600 | classes=[1, 8] | acc=0.5400 | per_class={1: '1.00', 8: '0.11'}
[C17] eval model[0] mean=-0.004215 | θ̃ mean=-0.004215 | edge mean=-0.004093 |local ref=-0.004203
[C17] n=600 | classes=[1, 9] | acc=0.6183 | per_class={1: '0.81', 9: '0.44'}
[C18] eval model[0] mean=-0.004033 | θ̃ mean=-0.004033 | edge mean=-0.004093 |local ref=-0.004015
[C18] n=600 | classes=[1, 9] | acc=0.5750 | per_class={1: '0.33', 9: '0.85'}
[C19] eval model[0] mean=-0.003894 | θ̃ mean=-0.003894 | edge mean=-0.004093 |local ref=-0.003923
[C19] n=600 | classes=[0, 9] | acc=0.7783 | per_class={0: '0.79', 9: '0.77'}
  [Cloud] GM=0.3113 | EM=0.4358 PM=0.6961 | loss=1.9338 | time=48.3s | comm=4556.2MB (total=50118MB)

[Round  12] Broadcasting to 2 edges...
  [Edge 0] W_n reset to global weights for new round.
  [Edge 1] W_n reset to global weights for new round.
  [Edge 0] G12 | E1 | Hier-pFedMe | Selected 10/10
  [Client  5] Received edge weights.
  [Client  8] Received edge weights.
  [Client  9] Received edge weights.
  [Client  0] Received edge weights.
  [Client  7] Received edge weights.
  [Client  1] Received edge weights.
  [Client  4] Received edge weights.
  [Client  6] Received edge weights.
  [Client  2] Received edge weights.
  [Client  3] Received edge weights.
  [Client  8] Round 12 | Hier-pFedMe(λ2=35.0,K=3) | loss=0.0005
  [Client  5] Round 12 | Hier-pFedMe(λ2=35.0,K=3) | loss=0.3686
  [Client  9] Round 12 | Hier-pFedMe(λ2=35.0,K=3) | loss=0.0001
  [Client  0] Round 12 | Hier-pFedMe(λ2=35.0,K=3) | loss=0.0479
  [Client  1] Round 12 | Hier-pFedMe(λ2=35.0,K=3) | loss=0.0794
  [Client  7] Round 12 | Hier-pFedMe(λ2=35.0,K=3) | loss=0.1905
  [Client  4] Round 12 | Hier-pFedMe(λ2=35.0,K=3) | loss=0.1846
  [Client  6] Round 12 | Hier-pFedMe(λ2=35.0,K=3) | loss=0.0776
  [Client  2] Round 12 | Hier-pFedMe(λ2=35.0,K=3) | loss=0.0871
  [Client  3] Round 12 | Hier-pFedMe(λ2=35.0,K=3) | loss=0.0679
  [Edge 0] G12 | E1 | loss=0.1227
  [Edge 0] G12 | E2 | Hier-pFedMe | Selected 10/10
  [Client  9] Received edge weights.
  [Client  0] Received edge weights.
  [Client  4] Received edge weights.
  [Client  8] Received edge weights.
  [Client  7] Received edge weights.
  [Client  2] Received edge weights.
  [Client  1] Received edge weights.
  [Client  5] Received edge weights.
  [Client  6] Received edge weights.
  [Client  3] Received edge weights.
  [Client  9] Round 12 | Hier-pFedMe(λ2=35.0,K=3) | loss=0.0000
  [Client  8] Round 12 | Hier-pFedMe(λ2=35.0,K=3) | loss=0.0000
  [Client  4] Round 12 | Hier-pFedMe(λ2=35.0,K=3) | loss=0.1264
  [Client  0] Round 12 | Hier-pFedMe(λ2=35.0,K=3) | loss=0.0464
  [Client  2] Round 12 | Hier-pFedMe(λ2=35.0,K=3) | loss=0.0545
  [Client  7] Round 12 | Hier-pFedMe(λ2=35.0,K=3) | loss=0.1246
  [Client  1] Round 12 | Hier-pFedMe(λ2=35.0,K=3) | loss=0.1389
  [Client  5] Round 12 | Hier-pFedMe(λ2=35.0,K=3) | loss=0.1089
  [Client  6] Round 12 | Hier-pFedMe(λ2=35.0,K=3) | loss=0.0820
  [Client  3] Round 12 | Hier-pFedMe(λ2=35.0,K=3) | loss=0.0653
  [Edge 0] G12 | E2 | loss=0.0830
  [Edge 0] G12 | E3 | Hier-pFedMe | Selected 10/10
  [Client  3] Received edge weights.
  [Client  4] Received edge weights.
  [Client  2] Received edge weights.
  [Client  0] Received edge weights.
  [Client  8] Received edge weights.
  [Client  7] Received edge weights.
  [Client  1] Received edge weights.
  [Client  9] Received edge weights.
  [Client  6] Received edge weights.
  [Client  5] Received edge weights.
  [Client  4] Round 12 | Hier-pFedMe(λ2=35.0,K=3) | loss=0.0444
  [Client  3] Round 12 | Hier-pFedMe(λ2=35.0,K=3) | loss=0.0414
  [Client  2] Round 12 | Hier-pFedMe(λ2=35.0,K=3) | loss=0.2389
  [Client  0] Round 12 | Hier-pFedMe(λ2=35.0,K=3) | loss=0.0253
  [Client  8] Round 12 | Hier-pFedMe(λ2=35.0,K=3) | loss=0.0000
  [Client  7] Round 12 | Hier-pFedMe(λ2=35.0,K=3) | loss=0.1512
  [Client  1] Round 12 | Hier-pFedMe(λ2=35.0,K=3) | loss=0.1178
  [Client  9] Round 12 | Hier-pFedMe(λ2=35.0,K=3) | loss=0.0000
  [Client  6] Round 12 | Hier-pFedMe(λ2=35.0,K=3) | loss=0.0814
  [Client  5] Round 12 | Hier-pFedMe(λ2=35.0,K=3) | loss=0.3462
