This job can be monitored from: https://job.c3se.chalmers.se/alvis/6597626
========================================
Job ID      : 6597626
Job Name    : HierFLcifar10
Node        : alvis10-03
Start Time  : Thu May  7 11:16:19 CEST 2026
Working Dir : /cephyr/users/ziangg/Alvis/tf-dpfl
========================================
[Setup] Python: /cephyr/users/ziangg/Alvis/tf-dpfl/bin/python
[Setup] TF version: 2.15.1
[Setup] GPU available: [PhysicalDevice(name='/physical_device:GPU:0', device_type='GPU')]
[Config] Override: wandb.enabled = True
[Setup] Random seed: 42
[Setup] Loading dataset...
[Data] CIFAR-10 from Mimer: /mimer/NOBACKUP/Datasets/CIFAR
[Setup] Building global model...
Model: "cifar_cnn_3conv"
_________________________________________________________________
 Layer (type)                Output Shape              Param #   
=================================================================
 input_1 (InputLayer)        [(None, 32, 32, 3)]       0         
                                                                 
 conv2d (Conv2D)             (None, 32, 32, 32)        896       
                                                                 
 batch_normalization (Batch  (None, 32, 32, 32)        128       
 Normalization)                                                  
                                                                 
 re_lu (ReLU)                (None, 32, 32, 32)        0         
                                                                 
 conv2d_1 (Conv2D)           (None, 32, 32, 64)        18496     
                                                                 
 batch_normalization_1 (Bat  (None, 32, 32, 64)        256       
 chNormalization)                                                
                                                                 
 re_lu_1 (ReLU)              (None, 32, 32, 64)        0         
                                                                 
 max_pooling2d (MaxPooling2  (None, 16, 16, 64)        0         
 D)                                                              
                                                                 
 conv2d_2 (Conv2D)           (None, 16, 16, 128)       73856     
                                                                 
 batch_normalization_2 (Bat  (None, 16, 16, 128)       512       
 chNormalization)                                                
                                                                 
 re_lu_2 (ReLU)              (None, 16, 16, 128)       0         
                                                                 
 conv2d_3 (Conv2D)           (None, 16, 16, 128)       147584    
                                                                 
 batch_normalization_3 (Bat  (None, 16, 16, 128)       512       
 chNormalization)                                                
                                                                 
 re_lu_3 (ReLU)              (None, 16, 16, 128)       0         
                                                                 
 max_pooling2d_1 (MaxPoolin  (None, 8, 8, 128)         0         
 g2D)                                                            
                                                                 
 spatial_dropout2d (Spatial  (None, 8, 8, 128)         0         
 Dropout2D)                                                      
                                                                 
 conv2d_4 (Conv2D)           (None, 8, 8, 256)         295168    
                                                                 
 batch_normalization_4 (Bat  (None, 8, 8, 256)         1024      
 chNormalization)                                                
                                                                 
 re_lu_4 (ReLU)              (None, 8, 8, 256)         0         
                                                                 
 conv2d_5 (Conv2D)           (None, 8, 8, 256)         590080    
                                                                 
 batch_normalization_5 (Bat  (None, 8, 8, 256)         1024      
 chNormalization)                                                
                                                                 
 re_lu_5 (ReLU)              (None, 8, 8, 256)         0         
                                                                 
 max_pooling2d_2 (MaxPoolin  (None, 4, 4, 256)         0         
 g2D)                                                            
                                                                 
 flatten (Flatten)           (None, 4096)              0         
                                                                 
 dropout (Dropout)           (None, 4096)              0         
                                                                 
 dense (Dense)               (None, 1024)              4195328   
                                                                 
 dense_1 (Dense)             (None, 512)               524800    
                                                                 
 dropout_1 (Dropout)         (None, 512)               0         
                                                                 
 dense_2 (Dense)             (None, 10)                5130      
                                                                 
=================================================================
Total params: 5854794 (22.33 MB)
Trainable params: 5853066 (22.33 MB)
Non-trainable params: 1728 (6.75 KB)
_________________________________________________________________
[Setup] Building clients...

[Superclass-aware partition] 4 edges, 2 classes/client
  Edge class-pool sizes: edge0=2 classes | edge1=4 classes | edge2=2 classes | edge3=2 classes
  Edge     Clients    Avg classes/client     Avg samples/client
----------------------------------------------------------------
  0        5          2.0                    2000
  1        5          1.6                    4000
  2        5          1.6                    2000
  3        5          1.6                    2000

[Test split] 20 per-client test sets, avg 1700 samples each
[Setup] 20 clients built (superclass_pathological) | per-client test sets injected
[Setup] Building edge servers...
[Assignment] Using pre-baked superclass assignments | 4 edges
[EdgeServer 0] 5 clients | 10000 samples
[EdgeServer 1] 5 clients | 20000 samples
[EdgeServer 2] 5 clients | 10000 samples
[EdgeServer 3] 5 clients | 10000 samples

[Setup] Built 4 edge servers (strategy=superclass_baked)
  Edge 0: 5 clients | 10000 samples
  Edge 1: 5 clients | 20000 samples
  Edge 2: 5 clients | 10000 samples
  Edge 3: 5 clients | 10000 samples
[Setup] Building per-edge test datasets (superclass-aware)...
  [Test split] Edge 0: 2000 test samples (2 classes)
  [Test split] Edge 1: 4000 test samples (4 classes)
  [Test split] Edge 2: 2000 test samples (2 classes)
  [Test split] Edge 3: 2000 test samples (2 classes)
[CloudServer] 4 edges | model: 22.33 MB

====================================================
 HierFAVG Training Start
====================================================

[Round   1] Broadcasting to 4 edges...
  [Edge 0] G1 | E1 | Hier-pFedMe | Selected 5/5
  [Client  3] Round 1 | Hier-pFedMe(λ2=35.0) | loss=1.0244
  [Client  1] Round 1 | Hier-pFedMe(λ2=35.0) | loss=1.1724
  [Client  2] Round 1 | Hier-pFedMe(λ2=35.0) | loss=1.0386
  [Client  0] Round 1 | Hier-pFedMe(λ2=35.0) | loss=1.2786
  [Client  4] Round 1 | Hier-pFedMe(λ2=35.0) | loss=1.0009
  [Edge 0] G1 | E1 | loss=1.1030
  [Edge 0] G1 | E2 | Hier-pFedMe | Selected 5/5
  [Client  4] Round 1 | Hier-pFedMe(λ2=35.0) | loss=0.7598
  [Client  2] Round 1 | Hier-pFedMe(λ2=35.0) | loss=0.7824
  [Client  3] Round 1 | Hier-pFedMe(λ2=35.0) | loss=0.7798
  [Client  0] Round 1 | Hier-pFedMe(λ2=35.0) | loss=0.7639
  [Client  1] Round 1 | Hier-pFedMe(λ2=35.0) | loss=0.7390
  [Edge 0] G1 | E2 | loss=0.7650
  [Edge 0] G1 | E3 | Hier-pFedMe | Selected 5/5
  [Client  3] Round 1 | Hier-pFedMe(λ2=35.0) | loss=0.6004
  [Client  4] Round 1 | Hier-pFedMe(λ2=35.0) | loss=0.6420
  [Client  2] Round 1 | Hier-pFedMe(λ2=35.0) | loss=0.6316
  [Client  0] Round 1 | Hier-pFedMe(λ2=35.0) | loss=0.6962
  [Client  1] Round 1 | Hier-pFedMe(λ2=35.0) | loss=0.6282
  [Edge 0] G1 | E3 | loss=0.6397
  [Edge 0] G1 | E4 | Hier-pFedMe | Selected 5/5
  [Client  3] Round 1 | Hier-pFedMe(λ2=35.0) | loss=0.5818
  [Client  4] Round 1 | Hier-pFedMe(λ2=35.0) | loss=0.5650
  [Client  0] Round 1 | Hier-pFedMe(λ2=35.0) | loss=0.5398
  [Client  1] Round 1 | Hier-pFedMe(λ2=35.0) | loss=0.5725
  [Client  2] Round 1 | Hier-pFedMe(λ2=35.0) | loss=0.5587
  [Edge 0] G1 | E4 | loss=0.5635
  [Edge 0] G1 | E5 | Hier-pFedMe | Selected 5/5
  [Client  2] Round 1 | Hier-pFedMe(λ2=35.0) | loss=0.5349
  [Client  4] Round 1 | Hier-pFedMe(λ2=35.0) | loss=0.5454
  [Client  3] Round 1 | Hier-pFedMe(λ2=35.0) | loss=0.5083
  [Client  1] Round 1 | Hier-pFedMe(λ2=35.0) | loss=0.5249
  [Client  0] Round 1 | Hier-pFedMe(λ2=35.0) | loss=0.5492
  [Edge 0] G1 | E5 | loss=0.5326
  [Edge 1] G1 | E1 | Hier-pFedMe | Selected 5/5
  [Client  8] Round 1 | Hier-pFedMe(λ2=35.0) | loss=0.0231
  [Client  7] Round 1 | Hier-pFedMe(λ2=35.0) | loss=0.8442
  [Client  5] Round 1 | Hier-pFedMe(λ2=35.0) | loss=0.7292
  [Client  6] Round 1 | Hier-pFedMe(λ2=35.0) | loss=0.7349
  [Client  9] Round 1 | Hier-pFedMe(λ2=35.0) | loss=0.0251
  [Edge 1] G1 | E1 | loss=0.5831
  [Edge 1] G1 | E2 | Hier-pFedMe | Selected 5/5
  [Client  8] Round 1 | Hier-pFedMe(λ2=35.0) | loss=0.0054
  [Client  9] Round 1 | Hier-pFedMe(λ2=35.0) | loss=0.0076
  [Client  6] Round 1 | Hier-pFedMe(λ2=35.0) | loss=0.6193
  [Client  5] Round 1 | Hier-pFedMe(λ2=35.0) | loss=0.6279
  [Client  7] Round 1 | Hier-pFedMe(λ2=35.0) | loss=0.6056
  [Edge 1] G1 | E2 | loss=0.4648
  [Edge 1] G1 | E3 | Hier-pFedMe | Selected 5/5
  [Client  9] Round 1 | Hier-pFedMe(λ2=35.0) | loss=0.0273
  [Client  8] Round 1 | Hier-pFedMe(λ2=35.0) | loss=0.0531
  [Client  6] Round 1 | Hier-pFedMe(λ2=35.0) | loss=0.6277
  [Client  5] Round 1 | Hier-pFedMe(λ2=35.0) | loss=0.5304
  [Client  7] Round 1 | Hier-pFedMe(λ2=35.0) | loss=0.5675
  [Edge 1] G1 | E3 | loss=0.4415
  [Edge 1] G1 | E4 | Hier-pFedMe | Selected 5/5
  [Client  9] Round 1 | Hier-pFedMe(λ2=35.0) | loss=0.0094
  [Client  6] Round 1 | Hier-pFedMe(λ2=35.0) | loss=0.5611
  [Client  7] Round 1 | Hier-pFedMe(λ2=35.0) | loss=0.5319
  [Client  5] Round 1 | Hier-pFedMe(λ2=35.0) | loss=0.4989
  [Client  8] Round 1 | Hier-pFedMe(λ2=35.0) | loss=0.0082
  [Edge 1] G1 | E4 | loss=0.4002
  [Edge 1] G1 | E5 | Hier-pFedMe | Selected 5/5
  [Client  9] Round 1 | Hier-pFedMe(λ2=35.0) | loss=0.0157
  [Client  8] Round 1 | Hier-pFedMe(λ2=35.0) | loss=0.0373
  [Client  6] Round 1 | Hier-pFedMe(λ2=35.0) | loss=0.5427
  [Client  5] Round 1 | Hier-pFedMe(λ2=35.0) | loss=0.4973
  [Client  7] Round 1 | Hier-pFedMe(λ2=35.0) | loss=0.5305
  [Edge 1] G1 | E5 | loss=0.3993
  [Edge 2] G1 | E1 | Hier-pFedMe | Selected 5/5
  [Client 11] Round 1 | Hier-pFedMe(λ2=35.0) | loss=1.1409
  [Client 10] Round 1 | Hier-pFedMe(λ2=35.0) | loss=1.1697
  [Client 14] Round 1 | Hier-pFedMe(λ2=35.0) | loss=0.0385
  [Client 12] Round 1 | Hier-pFedMe(λ2=35.0) | loss=1.1996
  [Client 13] Round 1 | Hier-pFedMe(λ2=35.0) | loss=0.0244
  [Edge 2] G1 | E1 | loss=0.7146
  [Edge 2] G1 | E2 | Hier-pFedMe | Selected 5/5
  [Client 12] Round 1 | Hier-pFedMe(λ2=35.0) | loss=0.7944
  [Client 13] Round 1 | Hier-pFedMe(λ2=35.0) | loss=0.0177
  [Client 11] Round 1 | Hier-pFedMe(λ2=35.0) | loss=0.7763
  [Client 14] Round 1 | Hier-pFedMe(λ2=35.0) | loss=0.0155
  [Client 10] Round 1 | Hier-pFedMe(λ2=35.0) | loss=0.7209
  [Edge 2] G1 | E2 | loss=0.4649
  [Edge 2] G1 | E3 | Hier-pFedMe | Selected 5/5
  [Client 14] Round 1 | Hier-pFedMe(λ2=35.0) | loss=0.0151
  [Client 12] Round 1 | Hier-pFedMe(λ2=35.0) | loss=0.6637
  [Client 10] Round 1 | Hier-pFedMe(λ2=35.0) | loss=0.6988
  [Client 13] Round 1 | Hier-pFedMe(λ2=35.0) | loss=0.0182
  [Client 11] Round 1 | Hier-pFedMe(λ2=35.0) | loss=0.6478
  [Edge 2] G1 | E3 | loss=0.4087
  [Edge 2] G1 | E4 | Hier-pFedMe | Selected 5/5
  [Client 12] Round 1 | Hier-pFedMe(λ2=35.0) | loss=0.6038
  [Client 14] Round 1 | Hier-pFedMe(λ2=35.0) | loss=0.0165
  [Client 10] Round 1 | Hier-pFedMe(λ2=35.0) | loss=0.6516
  [Client 13] Round 1 | Hier-pFedMe(λ2=35.0) | loss=0.0086
  [Client 11] Round 1 | Hier-pFedMe(λ2=35.0) | loss=0.6427
  [Edge 2] G1 | E4 | loss=0.3846
  [Edge 2] G1 | E5 | Hier-pFedMe | Selected 5/5
  [Client 14] Round 1 | Hier-pFedMe(λ2=35.0) | loss=0.0081
  [Client 10] Round 1 | Hier-pFedMe(λ2=35.0) | loss=0.5963
  [Client 11] Round 1 | Hier-pFedMe(λ2=35.0) | loss=0.6045
  [Client 12] Round 1 | Hier-pFedMe(λ2=35.0) | loss=0.6099
  [Client 13] Round 1 | Hier-pFedMe(λ2=35.0) | loss=0.0287
  [Edge 2] G1 | E5 | loss=0.3695
  [Edge 3] G1 | E1 | Hier-pFedMe | Selected 5/5
  [Client 17] Round 1 | Hier-pFedMe(λ2=35.0) | loss=0.9820
  [Client 16] Round 1 | Hier-pFedMe(λ2=35.0) | loss=0.0513
  [Client 19] Round 1 | Hier-pFedMe(λ2=35.0) | loss=1.2671
  [Client 15] Round 1 | Hier-pFedMe(λ2=35.0) | loss=1.2092
  [Client 18] Round 1 | Hier-pFedMe(λ2=35.0) | loss=0.0276
  [Edge 3] G1 | E1 | loss=0.7075
  [Edge 3] G1 | E2 | Hier-pFedMe | Selected 5/5
  [Client 16] Round 1 | Hier-pFedMe(λ2=35.0) | loss=0.0263
  [Client 19] Round 1 | Hier-pFedMe(λ2=35.0) | loss=0.8438
  [Client 15] Round 1 | Hier-pFedMe(λ2=35.0) | loss=0.7894
  [Client 18] Round 1 | Hier-pFedMe(λ2=35.0) | loss=0.0284
  [Client 17] Round 1 | Hier-pFedMe(λ2=35.0) | loss=0.7623
  [Edge 3] G1 | E2 | loss=0.4900
  [Edge 3] G1 | E3 | Hier-pFedMe | Selected 5/5
  [Client 16] Round 1 | Hier-pFedMe(λ2=35.0) | loss=0.0203
  [Client 17] Round 1 | Hier-pFedMe(λ2=35.0) | loss=0.6790
  [Client 19] Round 1 | Hier-pFedMe(λ2=35.0) | loss=0.7000
  [Client 18] Round 1 | Hier-pFedMe(λ2=35.0) | loss=0.0117
  [Client 15] Round 1 | Hier-pFedMe(λ2=35.0) | loss=0.6856
  [Edge 3] G1 | E3 | loss=0.4193
  [Edge 3] G1 | E4 | Hier-pFedMe | Selected 5/5
  [Client 17] Round 1 | Hier-pFedMe(λ2=35.0) | loss=0.6565
  [Client 19] Round 1 | Hier-pFedMe(λ2=35.0) | loss=0.6510
  [Client 16] Round 1 | Hier-pFedMe(λ2=35.0) | loss=0.0087
  [Client 18] Round 1 | Hier-pFedMe(λ2=35.0) | loss=0.0184
  [Client 15] Round 1 | Hier-pFedMe(λ2=35.0) | loss=0.6241
  [Edge 3] G1 | E4 | loss=0.3917
  [Edge 3] G1 | E5 | Hier-pFedMe | Selected 5/5
  [Client 15] Round 1 | Hier-pFedMe(λ2=35.0) | loss=0.5991
  [Client 17] Round 1 | Hier-pFedMe(λ2=35.0) | loss=0.6409
  [Client 16] Round 1 | Hier-pFedMe(λ2=35.0) | loss=0.0224
  [Client 19] Round 1 | Hier-pFedMe(λ2=35.0) | loss=0.6162
  [Client 18] Round 1 | Hier-pFedMe(λ2=35.0) | loss=0.0098
  [Edge 3] G1 | E5 | loss=0.3777
  [Cloud] GM=0.1220 | EM=0.4125 | loss=2.3013 | time=171.7s | comm=4645.5MB (total=4646MB)

[Round   2] Broadcasting to 4 edges...
  [Edge 0] G2 | E1 | Hier-pFedMe | Selected 5/5
  [Client  4] Round 2 | Hier-pFedMe(λ2=35.0) | loss=0.8197
  [Client  2] Round 2 | Hier-pFedMe(λ2=35.0) | loss=1.0088
  [Client  0] Round 2 | Hier-pFedMe(λ2=35.0) | loss=0.7786
  [Client  1] Round 2 | Hier-pFedMe(λ2=35.0) | loss=0.7315
  [Client  3] Round 2 | Hier-pFedMe(λ2=35.0) | loss=0.7178
  [Edge 0] G2 | E1 | loss=0.8113
  [Edge 0] G2 | E2 | Hier-pFedMe | Selected 5/5
  [Client  1] Round 2 | Hier-pFedMe(λ2=35.0) | loss=0.5594
  [Client  0] Round 2 | Hier-pFedMe(λ2=35.0) | loss=0.6037
  [Client  3] Round 2 | Hier-pFedMe(λ2=35.0) | loss=0.5767
  [Client  2] Round 2 | Hier-pFedMe(λ2=35.0) | loss=0.5989
  [Client  4] Round 2 | Hier-pFedMe(λ2=35.0) | loss=0.5985
  [Edge 0] G2 | E2 | loss=0.5875
  [Edge 0] G2 | E3 | Hier-pFedMe | Selected 5/5
  [Client  0] Round 2 | Hier-pFedMe(λ2=35.0) | loss=0.5236
  [Client  4] Round 2 | Hier-pFedMe(λ2=35.0) | loss=0.5112
  [Client  1] Round 2 | Hier-pFedMe(λ2=35.0) | loss=0.4677
  [Client  2] Round 2 | Hier-pFedMe(λ2=35.0) | loss=0.5110
  [Client  3] Round 2 | Hier-pFedMe(λ2=35.0) | loss=0.4749
  [Edge 0] G2 | E3 | loss=0.4977
  [Edge 0] G2 | E4 | Hier-pFedMe | Selected 5/5
  [Client  3] Round 2 | Hier-pFedMe(λ2=35.0) | loss=0.4311
  [Client  4] Round 2 | Hier-pFedMe(λ2=35.0) | loss=0.4677
  [Client  0] Round 2 | Hier-pFedMe(λ2=35.0) | loss=0.4817
  [Client  1] Round 2 | Hier-pFedMe(λ2=35.0) | loss=0.5165
  [Client  2] Round 2 | Hier-pFedMe(λ2=35.0) | loss=0.4534
  [Edge 0] G2 | E4 | loss=0.4701
  [Edge 0] G2 | E5 | Hier-pFedMe | Selected 5/5
  [Client  4] Round 2 | Hier-pFedMe(λ2=35.0) | loss=0.4631
  [Client  0] Round 2 | Hier-pFedMe(λ2=35.0) | loss=0.4612
  [Client  3] Round 2 | Hier-pFedMe(λ2=35.0) | loss=0.4363
  [Client  1] Round 2 | Hier-pFedMe(λ2=35.0) | loss=0.4303
  [Client  2] Round 2 | Hier-pFedMe(λ2=35.0) | loss=0.4645
  [Edge 0] G2 | E5 | loss=0.4511
  [Edge 1] G2 | E1 | Hier-pFedMe | Selected 5/5
  [Client  9] Round 2 | Hier-pFedMe(λ2=35.0) | loss=0.0648
  [Client  6] Round 2 | Hier-pFedMe(λ2=35.0) | loss=0.6662
  [Client  8] Round 2 | Hier-pFedMe(λ2=35.0) | loss=0.0768
  [Client  7] Round 2 | Hier-pFedMe(λ2=35.0) | loss=0.6283
  [Client  5] Round 2 | Hier-pFedMe(λ2=35.0) | loss=0.6343
  [Edge 1] G2 | E1 | loss=0.4999
  [Edge 1] G2 | E2 | Hier-pFedMe | Selected 5/5
  [Client  9] Round 2 | Hier-pFedMe(λ2=35.0) | loss=0.0148
  [Client  8] Round 2 | Hier-pFedMe(λ2=35.0) | loss=0.0012
  [Client  6] Round 2 | Hier-pFedMe(λ2=35.0) | loss=0.5669
  [Client  5] Round 2 | Hier-pFedMe(λ2=35.0) | loss=0.5349
  [Client  7] Round 2 | Hier-pFedMe(λ2=35.0) | loss=0.5792
  [Edge 1] G2 | E2 | loss=0.4222
  [Edge 1] G2 | E3 | Hier-pFedMe | Selected 5/5
  [Client  9] Round 2 | Hier-pFedMe(λ2=35.0) | loss=0.0266
  [Client  6] Round 2 | Hier-pFedMe(λ2=35.0) | loss=0.5824
  [Client  7] Round 2 | Hier-pFedMe(λ2=35.0) | loss=0.5482
  [Client  5] Round 2 | Hier-pFedMe(λ2=35.0) | loss=0.5040
  [Client  8] Round 2 | Hier-pFedMe(λ2=35.0) | loss=0.1164
  [Edge 1] G2 | E3 | loss=0.4265
  [Edge 1] G2 | E4 | Hier-pFedMe | Selected 5/5
  [Client  8] Round 2 | Hier-pFedMe(λ2=35.0) | loss=0.0050
  [Client  6] Round 2 | Hier-pFedMe(λ2=35.0) | loss=0.5535
  [Client  9] Round 2 | Hier-pFedMe(λ2=35.0) | loss=0.0272
  [Client  5] Round 2 | Hier-pFedMe(λ2=35.0) | loss=0.4727
  [Client  7] Round 2 | Hier-pFedMe(λ2=35.0) | loss=0.5016
  [Edge 1] G2 | E4 | loss=0.3860
  [Edge 1] G2 | E5 | Hier-pFedMe | Selected 5/5
  [Client  9] Round 2 | Hier-pFedMe(λ2=35.0) | loss=0.0056
  [Client  5] Round 2 | Hier-pFedMe(λ2=35.0) | loss=0.4314
  [Client  7] Round 2 | Hier-pFedMe(λ2=35.0) | loss=0.5139
  [Client  8] Round 2 | Hier-pFedMe(λ2=35.0) | loss=0.1104
  [Client  6] Round 2 | Hier-pFedMe(λ2=35.0) | loss=0.5022
  [Edge 1] G2 | E5 | loss=0.3764
  [Edge 2] G2 | E1 | Hier-pFedMe | Selected 5/5
  [Client 14] Round 2 | Hier-pFedMe(λ2=35.0) | loss=0.0931
  [Client 11] Round 2 | Hier-pFedMe(λ2=35.0) | loss=0.8628
  [Client 13] Round 2 | Hier-pFedMe(λ2=35.0) | loss=0.0801
  [Client 12] Round 2 | Hier-pFedMe(λ2=35.0) | loss=0.9797
  [Client 10] Round 2 | Hier-pFedMe(λ2=35.0) | loss=1.0594
  [Edge 2] G2 | E1 | loss=0.6150
  [Edge 2] G2 | E2 | Hier-pFedMe | Selected 5/5
  [Client 13] Round 2 | Hier-pFedMe(λ2=35.0) | loss=0.0137
  [Client 11] Round 2 | Hier-pFedMe(λ2=35.0) | loss=0.7020  [Client 10] Round 2 | Hier-pFedMe(λ2=35.0) | loss=0.7050

  [Client 12] Round 2 | Hier-pFedMe(λ2=35.0) | loss=0.7108
  [Client 14] Round 2 | Hier-pFedMe(λ2=35.0) | loss=0.0284
  [Edge 2] G2 | E2 | loss=0.4320
  [Edge 2] G2 | E3 | Hier-pFedMe | Selected 5/5
  [Client 10] Round 2 | Hier-pFedMe(λ2=35.0) | loss=0.6383
  [Client 12] Round 2 | Hier-pFedMe(λ2=35.0) | loss=0.5986
  [Client 11] Round 2 | Hier-pFedMe(λ2=35.0) | loss=0.6058
  [Client 13] Round 2 | Hier-pFedMe(λ2=35.0) | loss=0.0235
  [Client 14] Round 2 | Hier-pFedMe(λ2=35.0) | loss=0.0067
  [Edge 2] G2 | E3 | loss=0.3746
  [Edge 2] G2 | E4 | Hier-pFedMe | Selected 5/5
  [Client 10] Round 2 | Hier-pFedMe(λ2=35.0) | loss=0.6111
  [Client 11] Round 2 | Hier-pFedMe(λ2=35.0) | loss=0.5962
  [Client 14] Round 2 | Hier-pFedMe(λ2=35.0) | loss=0.0344
  [Client 13] Round 2 | Hier-pFedMe(λ2=35.0) | loss=0.0047
  [Client 12] Round 2 | Hier-pFedMe(λ2=35.0) | loss=0.6346
  [Edge 2] G2 | E4 | loss=0.3762
  [Edge 2] G2 | E5 | Hier-pFedMe | Selected 5/5
  [Client 14] Round 2 | Hier-pFedMe(λ2=35.0) | loss=0.0037
  [Client 10] Round 2 | Hier-pFedMe(λ2=35.0) | loss=0.5740
  [Client 12] Round 2 | Hier-pFedMe(λ2=35.0) | loss=0.5875
  [Client 11] Round 2 | Hier-pFedMe(λ2=35.0) | loss=0.5847
  [Client 13] Round 2 | Hier-pFedMe(λ2=35.0) | loss=0.0409
  [Edge 2] G2 | E5 | loss=0.3582
  [Edge 3] G2 | E1 | Hier-pFedMe | Selected 5/5
  [Client 15] Round 2 | Hier-pFedMe(λ2=35.0) | loss=0.9868
  [Client 17] Round 2 | Hier-pFedMe(λ2=35.0) | loss=0.9106
  [Client 19] Round 2 | Hier-pFedMe(λ2=35.0) | loss=0.7844
  [Client 18] Round 2 | Hier-pFedMe(λ2=35.0) | loss=0.0909
  [Client 16] Round 2 | Hier-pFedMe(λ2=35.0) | loss=0.0665
  [Edge 3] G2 | E1 | loss=0.5679
  [Edge 3] G2 | E2 | Hier-pFedMe | Selected 5/5
  [Client 17] Round 2 | Hier-pFedMe(λ2=35.0) | loss=0.7372
  [Client 15] Round 2 | Hier-pFedMe(λ2=35.0) | loss=0.6851
  [Client 16] Round 2 | Hier-pFedMe(λ2=35.0) | loss=0.0025
  [Client 19] Round 2 | Hier-pFedMe(λ2=35.0) | loss=0.6627
  [Client 18] Round 2 | Hier-pFedMe(λ2=35.0) | loss=0.0178
  [Edge 3] G2 | E2 | loss=0.4211
  [Edge 3] G2 | E3 | Hier-pFedMe | Selected 5/5
  [Client 15] Round 2 | Hier-pFedMe(λ2=35.0) | loss=0.6320
  [Client 17] Round 2 | Hier-pFedMe(λ2=35.0) | loss=0.6349
  [Client 16] Round 2 | Hier-pFedMe(λ2=35.0) | loss=0.0431
  [Client 19] Round 2 | Hier-pFedMe(λ2=35.0) | loss=0.6632
  [Client 18] Round 2 | Hier-pFedMe(λ2=35.0) | loss=0.0058
  [Edge 3] G2 | E3 | loss=0.3958
  [Edge 3] G2 | E4 | Hier-pFedMe | Selected 5/5
  [Client 17] Round 2 | Hier-pFedMe(λ2=35.0) | loss=0.6363
  [Client 15] Round 2 | Hier-pFedMe(λ2=35.0) | loss=0.6448
  [Client 16] Round 2 | Hier-pFedMe(λ2=35.0) | loss=0.0015
  [Client 19] Round 2 | Hier-pFedMe(λ2=35.0) | loss=0.6269
  [Client 18] Round 2 | Hier-pFedMe(λ2=35.0) | loss=0.0326
  [Edge 3] G2 | E4 | loss=0.3884
  [Edge 3] G2 | E5 | Hier-pFedMe | Selected 5/5
  [Client 18] Round 2 | Hier-pFedMe(λ2=35.0) | loss=0.0062  [Client 16] Round 2 | Hier-pFedMe(λ2=35.0) | loss=0.0534

  [Client 15] Round 2 | Hier-pFedMe(λ2=35.0) | loss=0.5789
  [Client 17] Round 2 | Hier-pFedMe(λ2=35.0) | loss=0.5652
  [Client 19] Round 2 | Hier-pFedMe(λ2=35.0) | loss=0.6038
  [Edge 3] G2 | E5 | loss=0.3615
  [Cloud] GM=0.0991 | EM=0.4143 | loss=2.3004 | time=131.4s | comm=4645.5MB (total=9291MB)

[Round   3] Broadcasting to 4 edges...
  [Edge 0] G3 | E1 | Hier-pFedMe | Selected 5/5
  [Client  4] Round 3 | Hier-pFedMe(λ2=35.0) | loss=0.7100
  [Client  1] Round 3 | Hier-pFedMe(λ2=35.0) | loss=0.6960
  [Client  0] Round 3 | Hier-pFedMe(λ2=35.0) | loss=0.7691
  [Client  3] Round 3 | Hier-pFedMe(λ2=35.0) | loss=0.5956
  [Client  2] Round 3 | Hier-pFedMe(λ2=35.0) | loss=0.6521
  [Edge 0] G3 | E1 | loss=0.6846
  [Edge 0] G3 | E2 | Hier-pFedMe | Selected 5/5
  [Client  3] Round 3 | Hier-pFedMe(λ2=35.0) | loss=0.4659
  [Client  2] Round 3 | Hier-pFedMe(λ2=35.0) | loss=0.4942
  [Client  1] Round 3 | Hier-pFedMe(λ2=35.0) | loss=0.5079
  [Client  0] Round 3 | Hier-pFedMe(λ2=35.0) | loss=0.4935
  [Client  4] Round 3 | Hier-pFedMe(λ2=35.0) | loss=0.4833
  [Edge 0] G3 | E2 | loss=0.4890
  [Edge 0] G3 | E3 | Hier-pFedMe | Selected 5/5
  [Client  4] Round 3 | Hier-pFedMe(λ2=35.0) | loss=0.4322
  [Client  2] Round 3 | Hier-pFedMe(λ2=35.0) | loss=0.4853
  [Client  0] Round 3 | Hier-pFedMe(λ2=35.0) | loss=0.4733
  [Client  1] Round 3 | Hier-pFedMe(λ2=35.0) | loss=0.4291
  [Client  3] Round 3 | Hier-pFedMe(λ2=35.0) | loss=0.4029
  [Edge 0] G3 | E3 | loss=0.4446
  [Edge 0] G3 | E4 | Hier-pFedMe | Selected 5/5
  [Client  0] Round 3 | Hier-pFedMe(λ2=35.0) | loss=0.4350
  [Client  2] Round 3 | Hier-pFedMe(λ2=35.0) | loss=0.4166
  [Client  4] Round 3 | Hier-pFedMe(λ2=35.0) | loss=0.4258
  [Client  1] Round 3 | Hier-pFedMe(λ2=35.0) | loss=0.3861
  [Client  3] Round 3 | Hier-pFedMe(λ2=35.0) | loss=0.3786
  [Edge 0] G3 | E4 | loss=0.4084
  [Edge 0] G3 | E5 | Hier-pFedMe | Selected 5/5
  [Client  3] Round 3 | Hier-pFedMe(λ2=35.0) | loss=0.3804
  [Client  4] Round 3 | Hier-pFedMe(λ2=35.0) | loss=0.4056
  [Client  2] Round 3 | Hier-pFedMe(λ2=35.0) | loss=0.4149
  [Client  1] Round 3 | Hier-pFedMe(λ2=35.0) | loss=0.3894
  [Client  0] Round 3 | Hier-pFedMe(λ2=35.0) | loss=0.4392
  [Edge 0] G3 | E5 | loss=0.4059
  [Edge 1] G3 | E1 | Hier-pFedMe | Selected 5/5
  [Client  8] Round 3 | Hier-pFedMe(λ2=35.0) | loss=0.0694
  [Client  9] Round 3 | Hier-pFedMe(λ2=35.0) | loss=0.0990
  [Client  7] Round 3 | Hier-pFedMe(λ2=35.0) | loss=0.5936
  [Client  5] Round 3 | Hier-pFedMe(λ2=35.0) | loss=0.6003
  [Client  6] Round 3 | Hier-pFedMe(λ2=35.0) | loss=0.5944
  [Edge 1] G3 | E1 | loss=0.4681
  [Edge 1] G3 | E2 | Hier-pFedMe | Selected 5/5
  [Client  9] Round 3 | Hier-pFedMe(λ2=35.0) | loss=0.0121
  [Client  8] Round 3 | Hier-pFedMe(λ2=35.0) | loss=0.0086
  [Client  6] Round 3 | Hier-pFedMe(λ2=35.0) | loss=0.5069
  [Client  7] Round 3 | Hier-pFedMe(λ2=35.0) | loss=0.4814
  [Client  5] Round 3 | Hier-pFedMe(λ2=35.0) | loss=0.4998
  [Edge 1] G3 | E2 | loss=0.3746
  [Edge 1] G3 | E3 | Hier-pFedMe | Selected 5/5
  [Client  8] Round 3 | Hier-pFedMe(λ2=35.0) | loss=0.0411
  [Client  9] Round 3 | Hier-pFedMe(λ2=35.0) | loss=0.0151
  [Client  7] Round 3 | Hier-pFedMe(λ2=35.0) | loss=0.5008
  [Client  5] Round 3 | Hier-pFedMe(λ2=35.0) | loss=0.4679
  [Client  6] Round 3 | Hier-pFedMe(λ2=35.0) | loss=0.5210
  [Edge 1] G3 | E3 | loss=0.3794
  [Edge 1] G3 | E4 | Hier-pFedMe | Selected 5/5
  [Client  9] Round 3 | Hier-pFedMe(λ2=35.0) | loss=0.0249
  [Client  6] Round 3 | Hier-pFedMe(λ2=35.0) | loss=0.5152
  [Client  8] Round 3 | Hier-pFedMe(λ2=35.0) | loss=0.0095
  [Client  7] Round 3 | Hier-pFedMe(λ2=35.0) | loss=0.4275
  [Client  5] Round 3 | Hier-pFedMe(λ2=35.0) | loss=0.4597
  [Edge 1] G3 | E4 | loss=0.3549
  [Edge 1] G3 | E5 | Hier-pFedMe | Selected 5/5
  [Client  8] Round 3 | Hier-pFedMe(λ2=35.0) | loss=0.0903
  [Client  6] Round 3 | Hier-pFedMe(λ2=35.0) | loss=0.4948
  [Client  9] Round 3 | Hier-pFedMe(λ2=35.0) | loss=0.0089
  [Client  7] Round 3 | Hier-pFedMe(λ2=35.0) | loss=0.4715
  [Client  5] Round 3 | Hier-pFedMe(λ2=35.0) | loss=0.4023
  [Edge 1] G3 | E5 | loss=0.3545
  [Edge 2] G3 | E1 | Hier-pFedMe | Selected 5/5
  [Client 12] Round 3 | Hier-pFedMe(λ2=35.0) | loss=0.7234
  [Client 14] Round 3 | Hier-pFedMe(λ2=35.0) | loss=0.0914
  [Client 13] Round 3 | Hier-pFedMe(λ2=35.0) | loss=0.0749
  [Client 11] Round 3 | Hier-pFedMe(λ2=35.0) | loss=0.8147
  [Client 10] Round 3 | Hier-pFedMe(λ2=35.0) | loss=0.7208
  [Edge 2] G3 | E1 | loss=0.4851
  [Edge 2] G3 | E2 | Hier-pFedMe | Selected 5/5
  [Client 10] Round 3 | Hier-pFedMe(λ2=35.0) | loss=0.5594
  [Client 11] Round 3 | Hier-pFedMe(λ2=35.0) | loss=0.5724
  [Client 12] Round 3 | Hier-pFedMe(λ2=35.0) | loss=0.5675
  [Client 13] Round 3 | Hier-pFedMe(λ2=35.0) | loss=0.0076
  [Client 14] Round 3 | Hier-pFedMe(λ2=35.0) | loss=0.0033
  [Edge 2] G3 | E2 | loss=0.3420
  [Edge 2] G3 | E3 | Hier-pFedMe | Selected 5/5
  [Client 10] Round 3 | Hier-pFedMe(λ2=35.0) | loss=0.5390
  [Client 12] Round 3 | Hier-pFedMe(λ2=35.0) | loss=0.5277
  [Client 13] Round 3 | Hier-pFedMe(λ2=35.0) | loss=0.0108
  [Client 11] Round 3 | Hier-pFedMe(λ2=35.0) | loss=0.5455
  [Client 14] Round 3 | Hier-pFedMe(λ2=35.0) | loss=0.0191
  [Edge 2] G3 | E3 | loss=0.3284
  [Edge 2] G3 | E4 | Hier-pFedMe | Selected 5/5
  [Client 14] Round 3 | Hier-pFedMe(λ2=35.0) | loss=0.0049
  [Client 13] Round 3 | Hier-pFedMe(λ2=35.0) | loss=0.0205
  [Client 12] Round 3 | Hier-pFedMe(λ2=35.0) | loss=0.4830
  [Client 11] Round 3 | Hier-pFedMe(λ2=35.0) | loss=0.4828
  [Client 10] Round 3 | Hier-pFedMe(λ2=35.0) | loss=0.5145
  [Edge 2] G3 | E4 | loss=0.3012
  [Edge 2] G3 | E5 | Hier-pFedMe | Selected 5/5
  [Client 14] Round 3 | Hier-pFedMe(λ2=35.0) | loss=0.0349
  [Client 12] Round 3 | Hier-pFedMe(λ2=35.0) | loss=0.5303
  [Client 10] Round 3 | Hier-pFedMe(λ2=35.0) | loss=0.4806
  [Client 11] Round 3 | Hier-pFedMe(λ2=35.0) | loss=0.4680
  [Client 13] Round 3 | Hier-pFedMe(λ2=35.0) | loss=0.0063
  [Edge 2] G3 | E5 | loss=0.3040
  [Edge 3] G3 | E1 | Hier-pFedMe | Selected 5/5
  [Client 15] Round 3 | Hier-pFedMe(λ2=35.0) | loss=0.8185
  [Client 17] Round 3 | Hier-pFedMe(λ2=35.0) | loss=0.8219
  [Client 19] Round 3 | Hier-pFedMe(λ2=35.0) | loss=0.7832
  [Client 18] Round 3 | Hier-pFedMe(λ2=35.0) | loss=0.0668
  [Client 16] Round 3 | Hier-pFedMe(λ2=35.0) | loss=0.0534
  [Edge 3] G3 | E1 | loss=0.5088
  [Edge 3] G3 | E2 | Hier-pFedMe | Selected 5/5
  [Client 17] Round 3 | Hier-pFedMe(λ2=35.0) | loss=0.5659
  [Client 16] Round 3 | Hier-pFedMe(λ2=35.0) | loss=0.0148
  [Client 15] Round 3 | Hier-pFedMe(λ2=35.0) | loss=0.5592
  [Client 18] Round 3 | Hier-pFedMe(λ2=35.0) | loss=0.0032
  [Client 19] Round 3 | Hier-pFedMe(λ2=35.0) | loss=0.5726
  [Edge 3] G3 | E2 | loss=0.3432
  [Edge 3] G3 | E3 | Hier-pFedMe | Selected 5/5
  [Client 15] Round 3 | Hier-pFedMe(λ2=35.0) | loss=0.5259
  [Client 18] Round 3 | Hier-pFedMe(λ2=35.0) | loss=0.0275
  [Client 16] Round 3 | Hier-pFedMe(λ2=35.0) | loss=0.0075
  [Client 19] Round 3 | Hier-pFedMe(λ2=35.0) | loss=0.5261
  [Client 17] Round 3 | Hier-pFedMe(λ2=35.0) | loss=0.5350
  [Edge 3] G3 | E3 | loss=0.3244
  [Edge 3] G3 | E4 | Hier-pFedMe | Selected 5/5
  [Client 17] Round 3 | Hier-pFedMe(λ2=35.0) | loss=0.5107
  [Client 15] Round 3 | Hier-pFedMe(λ2=35.0) | loss=0.4539
  [Client 18] Round 3 | Hier-pFedMe(λ2=35.0) | loss=0.0028
  [Client 19] Round 3 | Hier-pFedMe(λ2=35.0) | loss=0.4721
  [Client 16] Round 3 | Hier-pFedMe(λ2=35.0) | loss=0.0217
  [Edge 3] G3 | E4 | loss=0.2922
  [Edge 3] G3 | E5 | Hier-pFedMe | Selected 5/5
  [Client 15] Round 3 | Hier-pFedMe(λ2=35.0) | loss=0.4399
  [Client 16] Round 3 | Hier-pFedMe(λ2=35.0) | loss=0.0036
  [Client 17] Round 3 | Hier-pFedMe(λ2=35.0) | loss=0.4168
  [Client 19] Round 3 | Hier-pFedMe(λ2=35.0) | loss=0.4501
  [Client 18] Round 3 | Hier-pFedMe(λ2=35.0) | loss=0.0383
  [Edge 3] G3 | E5 | loss=0.2697
  [Cloud] GM=0.1000 | EM=0.4801 | loss=2.3015 | time=131.0s | comm=4645.5MB (total=13937MB)

[Round   4] Broadcasting to 4 edges...
  [Edge 0] G4 | E1 | Hier-pFedMe | Selected 5/5
  [Client  3] Round 4 | Hier-pFedMe(λ2=35.0) | loss=0.5504
  [Client  4] Round 4 | Hier-pFedMe(λ2=35.0) | loss=0.5489
  [Client  1] Round 4 | Hier-pFedMe(λ2=35.0) | loss=0.5851
  [Client  0] Round 4 | Hier-pFedMe(λ2=35.0) | loss=0.6458
  [Client  2] Round 4 | Hier-pFedMe(λ2=35.0) | loss=0.5627
  [Edge 0] G4 | E1 | loss=0.5786
  [Edge 0] G4 | E2 | Hier-pFedMe | Selected 5/5
  [Client  1] Round 4 | Hier-pFedMe(λ2=35.0) | loss=0.4021
  [Client  3] Round 4 | Hier-pFedMe(λ2=35.0) | loss=0.3929
  [Client  0] Round 4 | Hier-pFedMe(λ2=35.0) | loss=0.4476
  [Client  2] Round 4 | Hier-pFedMe(λ2=35.0) | loss=0.3946
  [Client  4] Round 4 | Hier-pFedMe(λ2=35.0) | loss=0.4425
  [Edge 0] G4 | E2 | loss=0.4160
  [Edge 0] G4 | E3 | Hier-pFedMe | Selected 5/5
  [Client  2] Round 4 | Hier-pFedMe(λ2=35.0) | loss=0.4071
  [Client  3] Round 4 | Hier-pFedMe(λ2=35.0) | loss=0.3826
  [Client  1] Round 4 | Hier-pFedMe(λ2=35.0) | loss=0.3822
  [Client  0] Round 4 | Hier-pFedMe(λ2=35.0) | loss=0.4295
  [Client  4] Round 4 | Hier-pFedMe(λ2=35.0) | loss=0.3859
  [Edge 0] G4 | E3 | loss=0.3975
  [Edge 0] G4 | E4 | Hier-pFedMe | Selected 5/5
  [Client  4] Round 4 | Hier-pFedMe(λ2=35.0) | loss=0.3668
  [Client  1] Round 4 | Hier-pFedMe(λ2=35.0) | loss=0.3851
  [Client  2] Round 4 | Hier-pFedMe(λ2=35.0) | loss=0.3666
  [Client  0] Round 4 | Hier-pFedMe(λ2=35.0) | loss=0.3810
  [Client  3] Round 4 | Hier-pFedMe(λ2=35.0) | loss=0.3917
  [Edge 0] G4 | E4 | loss=0.3783
  [Edge 0] G4 | E5 | Hier-pFedMe | Selected 5/5
  [Client  4] Round 4 | Hier-pFedMe(λ2=35.0) | loss=0.3614
  [Client  3] Round 4 | Hier-pFedMe(λ2=35.0) | loss=0.3759
  [Client  1] Round 4 | Hier-pFedMe(λ2=35.0) | loss=0.3341
  [Client  0] Round 4 | Hier-pFedMe(λ2=35.0) | loss=0.3705
  [Client  2] Round 4 | Hier-pFedMe(λ2=35.0) | loss=0.3886
  [Edge 0] G4 | E5 | loss=0.3661
  [Edge 1] G4 | E1 | Hier-pFedMe | Selected 5/5
  [Client  8] Round 4 | Hier-pFedMe(λ2=35.0) | loss=0.0635
  [Client  9] Round 4 | Hier-pFedMe(λ2=35.0) | loss=0.0931
  [Client  6] Round 4 | Hier-pFedMe(λ2=35.0) | loss=0.5792
  [Client  5] Round 4 | Hier-pFedMe(λ2=35.0) | loss=0.5246
  [Client  7] Round 4 | Hier-pFedMe(λ2=35.0) | loss=0.5404
  [Edge 1] G4 | E1 | loss=0.4306
  [Edge 1] G4 | E2 | Hier-pFedMe | Selected 5/5
  [Client  9] Round 4 | Hier-pFedMe(λ2=35.0) | loss=0.0095
  [Client  8] Round 4 | Hier-pFedMe(λ2=35.0) | loss=0.0147
  [Client  6] Round 4 | Hier-pFedMe(λ2=35.0) | loss=0.4851
  [Client  5] Round 4 | Hier-pFedMe(λ2=35.0) | loss=0.4294
  [Client  7] Round 4 | Hier-pFedMe(λ2=35.0) | loss=0.4523
  [Edge 1] G4 | E2 | loss=0.3447
  [Edge 1] G4 | E3 | Hier-pFedMe | Selected 5/5
  [Client  8] Round 4 | Hier-pFedMe(λ2=35.0) | loss=0.0177
  [Client  9] Round 4 | Hier-pFedMe(λ2=35.0) | loss=0.0334
  [Client  7] Round 4 | Hier-pFedMe(λ2=35.0) | loss=0.4620
  [Client  6] Round 4 | Hier-pFedMe(λ2=35.0) | loss=0.4715
  [Client  5] Round 4 | Hier-pFedMe(λ2=35.0) | loss=0.4237
  [Edge 1] G4 | E3 | loss=0.3457
  [Edge 1] G4 | E4 | Hier-pFedMe | Selected 5/5
  [Client  9] Round 4 | Hier-pFedMe(λ2=35.0) | loss=0.0034
  [Client  7] Round 4 | Hier-pFedMe(λ2=35.0) | loss=0.4047
  [Client  6] Round 4 | Hier-pFedMe(λ2=35.0) | loss=0.4504
  [Client  5] Round 4 | Hier-pFedMe(λ2=35.0) | loss=0.3808
  [Client  8] Round 4 | Hier-pFedMe(λ2=35.0) | loss=0.0145
  [Edge 1] G4 | E4 | loss=0.3112
  [Edge 1] G4 | E5 | Hier-pFedMe | Selected 5/5
  [Client  9] Round 4 | Hier-pFedMe(λ2=35.0) | loss=0.0868
  [Client  8] Round 4 | Hier-pFedMe(λ2=35.0) | loss=0.0148
  [Client  7] Round 4 | Hier-pFedMe(λ2=35.0) | loss=0.3787
  [Client  5] Round 4 | Hier-pFedMe(λ2=35.0) | loss=0.4293
  [Client  6] Round 4 | Hier-pFedMe(λ2=35.0) | loss=0.4261
  [Edge 1] G4 | E5 | loss=0.3212
  [Edge 2] G4 | E1 | Hier-pFedMe | Selected 5/5
  [Client 13] Round 4 | Hier-pFedMe(λ2=35.0) | loss=0.0589
  [Client 14] Round 4 | Hier-pFedMe(λ2=35.0) | loss=0.0445
  [Client 12] Round 4 | Hier-pFedMe(λ2=35.0) | loss=0.7064
  [Client 11] Round 4 | Hier-pFedMe(λ2=35.0) | loss=0.6702
  [Client 10] Round 4 | Hier-pFedMe(λ2=35.0) | loss=0.7629
  [Edge 2] G4 | E1 | loss=0.4486
  [Edge 2] G4 | E2 | Hier-pFedMe | Selected 5/5
  [Client 10] Round 4 | Hier-pFedMe(λ2=35.0) | loss=0.4707
  [Client 13] Round 4 | Hier-pFedMe(λ2=35.0) | loss=0.0073
  [Client 12] Round 4 | Hier-pFedMe(λ2=35.0) | loss=0.4803
  [Client 14] Round 4 | Hier-pFedMe(λ2=35.0) | loss=0.0105
  [Client 11] Round 4 | Hier-pFedMe(λ2=35.0) | loss=0.5052
  [Edge 2] G4 | E2 | loss=0.2948
  [Edge 2] G4 | E3 | Hier-pFedMe | Selected 5/5
  [Client 14] Round 4 | Hier-pFedMe(λ2=35.0) | loss=0.0087
  [Client 10] Round 4 | Hier-pFedMe(λ2=35.0) | loss=0.4496
  [Client 12] Round 4 | Hier-pFedMe(λ2=35.0) | loss=0.4147
  [Client 13] Round 4 | Hier-pFedMe(λ2=35.0) | loss=0.0166
  [Client 11] Round 4 | Hier-pFedMe(λ2=35.0) | loss=0.4505
  [Edge 2] G4 | E3 | loss=0.2680
  [Edge 2] G4 | E4 | Hier-pFedMe | Selected 5/5
  [Client 14] Round 4 | Hier-pFedMe(λ2=35.0) | loss=0.0168
  [Client 12] Round 4 | Hier-pFedMe(λ2=35.0) | loss=0.3950
  [Client 13] Round 4 | Hier-pFedMe(λ2=35.0) | loss=0.0063
  [Client 11] Round 4 | Hier-pFedMe(λ2=35.0) | loss=0.4392
  [Client 10] Round 4 | Hier-pFedMe(λ2=35.0) | loss=0.4256
  [Edge 2] G4 | E4 | loss=0.2566
  [Edge 2] G4 | E5 | Hier-pFedMe | Selected 5/5
  [Client 12] Round 4 | Hier-pFedMe(λ2=35.0) | loss=0.3864
  [Client 10] Round 4 | Hier-pFedMe(λ2=35.0) | loss=0.3873
  [Client 13] Round 4 | Hier-pFedMe(λ2=35.0) | loss=0.0221
  [Client 11] Round 4 | Hier-pFedMe(λ2=35.0) | loss=0.4139
  [Client 14] Round 4 | Hier-pFedMe(λ2=35.0) | loss=0.0043
  [Edge 2] G4 | E5 | loss=0.2428
  [Edge 3] G4 | E1 | Hier-pFedMe | Selected 5/5
  [Client 16] Round 4 | Hier-pFedMe(λ2=35.0) | loss=0.0706
  [Client 17] Round 4 | Hier-pFedMe(λ2=35.0) | loss=0.6540
  [Client 19] Round 4 | Hier-pFedMe(λ2=35.0) | loss=0.5686
  [Client 15] Round 4 | Hier-pFedMe(λ2=35.0) | loss=0.6286
  [Client 18] Round 4 | Hier-pFedMe(λ2=35.0) | loss=0.0469
  [Edge 3] G4 | E1 | loss=0.3937
  [Edge 3] G4 | E2 | Hier-pFedMe | Selected 5/5
  [Client 17] Round 4 | Hier-pFedMe(λ2=35.0) | loss=0.4595
  [Client 16] Round 4 | Hier-pFedMe(λ2=35.0) | loss=0.0067
  [Client 15] Round 4 | Hier-pFedMe(λ2=35.0) | loss=0.4622
  [Client 19] Round 4 | Hier-pFedMe(λ2=35.0) | loss=0.4400
  [Client 18] Round 4 | Hier-pFedMe(λ2=35.0) | loss=0.0063
  [Edge 3] G4 | E2 | loss=0.2750
  [Edge 3] G4 | E3 | Hier-pFedMe | Selected 5/5
  [Client 17] Round 4 | Hier-pFedMe(λ2=35.0) | loss=0.4337
  [Client 15] Round 4 | Hier-pFedMe(λ2=35.0) | loss=0.3979
  [Client 18] Round 4 | Hier-pFedMe(λ2=35.0) | loss=0.0092
  [Client 19] Round 4 | Hier-pFedMe(λ2=35.0) | loss=0.4309
  [Client 16] Round 4 | Hier-pFedMe(λ2=35.0) | loss=0.0159
  [Edge 3] G4 | E3 | loss=0.2575
  [Edge 3] G4 | E4 | Hier-pFedMe | Selected 5/5
  [Client 16] Round 4 | Hier-pFedMe(λ2=35.0) | loss=0.0087
  [Client 15] Round 4 | Hier-pFedMe(λ2=35.0) | loss=0.3769
  [Client 17] Round 4 | Hier-pFedMe(λ2=35.0) | loss=0.3915
  [Client 19] Round 4 | Hier-pFedMe(λ2=35.0) | loss=0.3870
  [Client 18] Round 4 | Hier-pFedMe(λ2=35.0) | loss=0.0103
  [Edge 3] G4 | E4 | loss=0.2349
  [Edge 3] G4 | E5 | Hier-pFedMe | Selected 5/5
  [Client 18] Round 4 | Hier-pFedMe(λ2=35.0) | loss=0.0077
  [Client 16] Round 4 | Hier-pFedMe(λ2=35.0) | loss=0.0110
  [Client 15] Round 4 | Hier-pFedMe(λ2=35.0) | loss=0.3439
  [Client 19] Round 4 | Hier-pFedMe(λ2=35.0) | loss=0.3627
  [Client 17] Round 4 | Hier-pFedMe(λ2=35.0) | loss=0.3392
  [Edge 3] G4 | E5 | loss=0.2129
  [Cloud] GM=0.1140 | EM=0.5165 | loss=2.2920 | time=132.3s | comm=4645.5MB (total=18582MB)

[Round   5] Broadcasting to 4 edges...
  [Edge 0] G5 | E1 | Hier-pFedMe | Selected 5/5
  [Client  2] Round 5 | Hier-pFedMe(λ2=35.0) | loss=0.5100
  [Client  4] Round 5 | Hier-pFedMe(λ2=35.0) | loss=0.4887
  [Client  3] Round 5 | Hier-pFedMe(λ2=35.0) | loss=0.4797
  [Client  0] Round 5 | Hier-pFedMe(λ2=35.0) | loss=0.5519
  [Client  1] Round 5 | Hier-pFedMe(λ2=35.0) | loss=0.5498
  [Edge 0] G5 | E1 | loss=0.5160
  [Edge 0] G5 | E2 | Hier-pFedMe | Selected 5/5
  [Client  4] Round 5 | Hier-pFedMe(λ2=35.0) | loss=0.3814
  [Client  1] Round 5 | Hier-pFedMe(λ2=35.0) | loss=0.3695
  [Client  2] Round 5 | Hier-pFedMe(λ2=35.0) | loss=0.3736
  [Client  0] Round 5 | Hier-pFedMe(λ2=35.0) | loss=0.4189
  [Client  3] Round 5 | Hier-pFedMe(λ2=35.0) | loss=0.3593
  [Edge 0] G5 | E2 | loss=0.3805
  [Edge 0] G5 | E3 | Hier-pFedMe | Selected 5/5
  [Client  1] Round 5 | Hier-pFedMe(λ2=35.0) | loss=0.3369
  [Client  2] Round 5 | Hier-pFedMe(λ2=35.0) | loss=0.3636
  [Client  0] Round 5 | Hier-pFedMe(λ2=35.0) | loss=0.3875
  [Client  4] Round 5 | Hier-pFedMe(λ2=35.0) | loss=0.3895
  [Client  3] Round 5 | Hier-pFedMe(λ2=35.0) | loss=0.3275
  [Edge 0] G5 | E3 | loss=0.3610
  [Edge 0] G5 | E4 | Hier-pFedMe | Selected 5/5
  [Client  3] Round 5 | Hier-pFedMe(λ2=35.0) | loss=0.3372
  [Client  2] Round 5 | Hier-pFedMe(λ2=35.0) | loss=0.3739
  [Client  4] Round 5 | Hier-pFedMe(λ2=35.0) | loss=0.3424
  [Client  1] Round 5 | Hier-pFedMe(λ2=35.0) | loss=0.3320
  [Client  0] Round 5 | Hier-pFedMe(λ2=35.0) | loss=0.3545
  [Edge 0] G5 | E4 | loss=0.3480
  [Edge 0] G5 | E5 | Hier-pFedMe | Selected 5/5
  [Client  3] Round 5 | Hier-pFedMe(λ2=35.0) | loss=0.3052
  [Client  0] Round 5 | Hier-pFedMe(λ2=35.0) | loss=0.3356
  [Client  2] Round 5 | Hier-pFedMe(λ2=35.0) | loss=0.3423
  [Client  4] Round 5 | Hier-pFedMe(λ2=35.0) | loss=0.3748
  [Client  1] Round 5 | Hier-pFedMe(λ2=35.0) | loss=0.3266
  [Edge 0] G5 | E5 | loss=0.3369
  [Edge 1] G5 | E1 | Hier-pFedMe | Selected 5/5
  [Client  8] Round 5 | Hier-pFedMe(λ2=35.0) | loss=0.0586
  [Client  9] Round 5 | Hier-pFedMe(λ2=35.0) | loss=0.0832
  [Client  6] Round 5 | Hier-pFedMe(λ2=35.0) | loss=0.5116
  [Client  5] Round 5 | Hier-pFedMe(λ2=35.0) | loss=0.4622
  [Client  7] Round 5 | Hier-pFedMe(λ2=35.0) | loss=0.4608
  [Edge 1] G5 | E1 | loss=0.3764
  [Edge 1] G5 | E2 | Hier-pFedMe | Selected 5/5
  [Client  8] Round 5 | Hier-pFedMe(λ2=35.0) | loss=0.0050
  [Client  6] Round 5 | Hier-pFedMe(λ2=35.0) | loss=0.4471
  [Client  7] Round 5 | Hier-pFedMe(λ2=35.0) | loss=0.4075
  [Client  5] Round 5 | Hier-pFedMe(λ2=35.0) | loss=0.3784
  [Client  9] Round 5 | Hier-pFedMe(λ2=35.0) | loss=0.0080
  [Edge 1] G5 | E2 | loss=0.3099
  [Edge 1] G5 | E3 | Hier-pFedMe | Selected 5/5
  [Client  8] Round 5 | Hier-pFedMe(λ2=35.0) | loss=0.0492
  [Client  9] Round 5 | Hier-pFedMe(λ2=35.0) | loss=0.0306
  [Client  7] Round 5 | Hier-pFedMe(λ2=35.0) | loss=0.3962  [Client  5] Round 5 | Hier-pFedMe(λ2=35.0) | loss=0.3777

  [Client  6] Round 5 | Hier-pFedMe(λ2=35.0) | loss=0.4346
  [Edge 1] G5 | E3 | loss=0.3121
  [Edge 1] G5 | E4 | Hier-pFedMe | Selected 5/5
  [Client  8] Round 5 | Hier-pFedMe(λ2=35.0) | loss=0.0023
  [Client  6] Round 5 | Hier-pFedMe(λ2=35.0) | loss=0.4040
  [Client  7] Round 5 | Hier-pFedMe(λ2=35.0) | loss=0.4134
  [Client  5] Round 5 | Hier-pFedMe(λ2=35.0) | loss=0.3547
  [Client  9] Round 5 | Hier-pFedMe(λ2=35.0) | loss=0.0232
  [Edge 1] G5 | E4 | loss=0.2962
  [Edge 1] G5 | E5 | Hier-pFedMe | Selected 5/5
  [Client  8] Round 5 | Hier-pFedMe(λ2=35.0) | loss=0.0939
  [Client  6] Round 5 | Hier-pFedMe(λ2=35.0) | loss=0.3747
  [Client  5] Round 5 | Hier-pFedMe(λ2=35.0) | loss=0.3503
  [Client  7] Round 5 | Hier-pFedMe(λ2=35.0) | loss=0.4003
  [Client  9] Round 5 | Hier-pFedMe(λ2=35.0) | loss=0.0161
  [Edge 1] G5 | E5 | loss=0.2951
  [Edge 2] G5 | E1 | Hier-pFedMe | Selected 5/5
  [Client 12] Round 5 | Hier-pFedMe(λ2=35.0) | loss=0.5922
  [Client 14] Round 5 | Hier-pFedMe(λ2=35.0) | loss=0.0558
  [Client 10] Round 5 | Hier-pFedMe(λ2=35.0) | loss=0.5326
  [Client 11] Round 5 | Hier-pFedMe(λ2=35.0) | loss=0.6000
  [Client 13] Round 5 | Hier-pFedMe(λ2=35.0) | loss=0.0707
  [Edge 2] G5 | E1 | loss=0.3702
  [Edge 2] G5 | E2 | Hier-pFedMe | Selected 5/5
  [Client 11] Round 5 | Hier-pFedMe(λ2=35.0) | loss=0.4251
  [Client 12] Round 5 | Hier-pFedMe(λ2=35.0) | loss=0.4437
  [Client 14] Round 5 | Hier-pFedMe(λ2=35.0) | loss=0.0071
  [Client 13] Round 5 | Hier-pFedMe(λ2=35.0) | loss=0.0057
  [Client 10] Round 5 | Hier-pFedMe(λ2=35.0) | loss=0.4298
  [Edge 2] G5 | E2 | loss=0.2623
  [Edge 2] G5 | E3 | Hier-pFedMe | Selected 5/5
  [Client 12] Round 5 | Hier-pFedMe(λ2=35.0) | loss=0.3805
  [Client 14] Round 5 | Hier-pFedMe(λ2=35.0) | loss=0.0115
  [Client 13] Round 5 | Hier-pFedMe(λ2=35.0) | loss=0.0137
  [Client 11] Round 5 | Hier-pFedMe(λ2=35.0) | loss=0.3915
  [Client 10] Round 5 | Hier-pFedMe(λ2=35.0) | loss=0.3658
  [Edge 2] G5 | E3 | loss=0.2326
  [Edge 2] G5 | E4 | Hier-pFedMe | Selected 5/5
  [Client 13] Round 5 | Hier-pFedMe(λ2=35.0) | loss=0.0077
  [Client 14] Round 5 | Hier-pFedMe(λ2=35.0) | loss=0.0109
  [Client 12] Round 5 | Hier-pFedMe(λ2=35.0) | loss=0.3595
  [Client 10] Round 5 | Hier-pFedMe(λ2=35.0) | loss=0.3496
  [Client 11] Round 5 | Hier-pFedMe(λ2=35.0) | loss=0.3496
  [Edge 2] G5 | E4 | loss=0.2155
  [Edge 2] G5 | E5 | Hier-pFedMe | Selected 5/5
  [Client 12] Round 5 | Hier-pFedMe(λ2=35.0) | loss=0.3490
  [Client 11] Round 5 | Hier-pFedMe(λ2=35.0) | loss=0.3664
  [Client 10] Round 5 | Hier-pFedMe(λ2=35.0) | loss=0.3676
  [Client 14] Round 5 | Hier-pFedMe(λ2=35.0) | loss=0.0072
  [Client 13] Round 5 | Hier-pFedMe(λ2=35.0) | loss=0.0100
  [Edge 2] G5 | E5 | loss=0.2200
  [Edge 3] G5 | E1 | Hier-pFedMe | Selected 5/5
  [Client 17] Round 5 | Hier-pFedMe(λ2=35.0) | loss=0.5006
  [Client 18] Round 5 | Hier-pFedMe(λ2=35.0) | loss=0.0425
  [Client 16] Round 5 | Hier-pFedMe(λ2=35.0) | loss=0.0440
  [Client 15] Round 5 | Hier-pFedMe(λ2=35.0) | loss=0.5802
  [Client 19] Round 5 | Hier-pFedMe(λ2=35.0) | loss=0.5507
  [Edge 3] G5 | E1 | loss=0.3436
  [Edge 3] G5 | E2 | Hier-pFedMe | Selected 5/5
  [Client 17] Round 5 | Hier-pFedMe(λ2=35.0) | loss=0.4185
  [Client 19] Round 5 | Hier-pFedMe(λ2=35.0) | loss=0.3640
  [Client 16] Round 5 | Hier-pFedMe(λ2=35.0) | loss=0.0078
  [Client 18] Round 5 | Hier-pFedMe(λ2=35.0) | loss=0.0101
  [Client 15] Round 5 | Hier-pFedMe(λ2=35.0) | loss=0.3675
  [Edge 3] G5 | E2 | loss=0.2336
  [Edge 3] G5 | E3 | Hier-pFedMe | Selected 5/5
  [Client 15] Round 5 | Hier-pFedMe(λ2=35.0) | loss=0.3707
  [Client 19] Round 5 | Hier-pFedMe(λ2=35.0) | loss=0.3528
  [Client 17] Round 5 | Hier-pFedMe(λ2=35.0) | loss=0.3641
  [Client 18] Round 5 | Hier-pFedMe(λ2=35.0) | loss=0.0087
  [Client 16] Round 5 | Hier-pFedMe(λ2=35.0) | loss=0.0163
  [Edge 3] G5 | E3 | loss=0.2225
  [Edge 3] G5 | E4 | Hier-pFedMe | Selected 5/5
  [Client 16] Round 5 | Hier-pFedMe(λ2=35.0) | loss=0.0086
  [Client 15] Round 5 | Hier-pFedMe(λ2=35.0) | loss=0.3363
  [Client 19] Round 5 | Hier-pFedMe(λ2=35.0) | loss=0.3256
  [Client 18] Round 5 | Hier-pFedMe(λ2=35.0) | loss=0.0106
  [Client 17] Round 5 | Hier-pFedMe(λ2=35.0) | loss=0.3529
  [Edge 3] G5 | E4 | loss=0.2068
  [Edge 3] G5 | E5 | Hier-pFedMe | Selected 5/5
  [Client 16] Round 5 | Hier-pFedMe(λ2=35.0) | loss=0.0140
  [Client 17] Round 5 | Hier-pFedMe(λ2=35.0) | loss=0.3241
  [Client 19] Round 5 | Hier-pFedMe(λ2=35.0) | loss=0.3082
  [Client 15] Round 5 | Hier-pFedMe(λ2=35.0) | loss=0.3107
  [Client 18] Round 5 | Hier-pFedMe(λ2=35.0) | loss=0.0058
  [Edge 3] G5 | E5 | loss=0.1926
  [Cloud] GM=0.1417 | EM=0.5612 | loss=2.2789 | time=132.3s | comm=4645.5MB (total=23228MB)

[Round   6] Broadcasting to 4 edges...
  [Edge 0] G6 | E1 | Hier-pFedMe | Selected 5/5
  [Client  3] Round 6 | Hier-pFedMe(λ2=35.0) | loss=0.4682
  [Client  0] Round 6 | Hier-pFedMe(λ2=35.0) | loss=0.4917
  [Client  4] Round 6 | Hier-pFedMe(λ2=35.0) | loss=0.4831
  [Client  2] Round 6 | Hier-pFedMe(λ2=35.0) | loss=0.4550
  [Client  1] Round 6 | Hier-pFedMe(λ2=35.0) | loss=0.5448
  [Edge 0] G6 | E1 | loss=0.4886
  [Edge 0] G6 | E2 | Hier-pFedMe | Selected 5/5
  [Client  3] Round 6 | Hier-pFedMe(λ2=35.0) | loss=0.3241
  [Client  4] Round 6 | Hier-pFedMe(λ2=35.0) | loss=0.3529
  [Client  0] Round 6 | Hier-pFedMe(λ2=35.0) | loss=0.3966
  [Client  1] Round 6 | Hier-pFedMe(λ2=35.0) | loss=0.3319
  [Client  2] Round 6 | Hier-pFedMe(λ2=35.0) | loss=0.3708
  [Edge 0] G6 | E2 | loss=0.3552
  [Edge 0] G6 | E3 | Hier-pFedMe | Selected 5/5
  [Client  1] Round 6 | Hier-pFedMe(λ2=35.0) | loss=0.3370
  [Client  0] Round 6 | Hier-pFedMe(λ2=35.0) | loss=0.3640
  [Client  2] Round 6 | Hier-pFedMe(λ2=35.0) | loss=0.3802
  [Client  4] Round 6 | Hier-pFedMe(λ2=35.0) | loss=0.3470
  [Client  3] Round 6 | Hier-pFedMe(λ2=35.0) | loss=0.3258
  [Edge 0] G6 | E3 | loss=0.3508
  [Edge 0] G6 | E4 | Hier-pFedMe | Selected 5/5
  [Client  4] Round 6 | Hier-pFedMe(λ2=35.0) | loss=0.3122
  [Client  2] Round 6 | Hier-pFedMe(λ2=35.0) | loss=0.3578
  [Client  3] Round 6 | Hier-pFedMe(λ2=35.0) | loss=0.2945
  [Client  0] Round 6 | Hier-pFedMe(λ2=35.0) | loss=0.3125
  [Client  1] Round 6 | Hier-pFedMe(λ2=35.0) | loss=0.3147
  [Edge 0] G6 | E4 | loss=0.3183
  [Edge 0] G6 | E5 | Hier-pFedMe | Selected 5/5
  [Client  3] Round 6 | Hier-pFedMe(λ2=35.0) | loss=0.2881
  [Client  1] Round 6 | Hier-pFedMe(λ2=35.0) | loss=0.3336
  [Client  2] Round 6 | Hier-pFedMe(λ2=35.0) | loss=0.3413
  [Client  0] Round 6 | Hier-pFedMe(λ2=35.0) | loss=0.3383
  [Client  4] Round 6 | Hier-pFedMe(λ2=35.0) | loss=0.3229
  [Edge 0] G6 | E5 | loss=0.3248
  [Edge 1] G6 | E1 | Hier-pFedMe | Selected 5/5
  [Client  9] Round 6 | Hier-pFedMe(λ2=35.0) | loss=0.0791
  [Client  8] Round 6 | Hier-pFedMe(λ2=35.0) | loss=0.0486
  [Client  6] Round 6 | Hier-pFedMe(λ2=35.0) | loss=0.4776
  [Client  5] Round 6 | Hier-pFedMe(λ2=35.0) | loss=0.4650
  [Client  7] Round 6 | Hier-pFedMe(λ2=35.0) | loss=0.4531
  [Edge 1] G6 | E1 | loss=0.3649
  [Edge 1] G6 | E2 | Hier-pFedMe | Selected 5/5
  [Client  9] Round 6 | Hier-pFedMe(λ2=35.0) | loss=0.0066
  [Client  7] Round 6 | Hier-pFedMe(λ2=35.0) | loss=0.3832
  [Client  8] Round 6 | Hier-pFedMe(λ2=35.0) | loss=0.0083
  [Client  5] Round 6 | Hier-pFedMe(λ2=35.0) | loss=0.3905
  [Client  6] Round 6 | Hier-pFedMe(λ2=35.0) | loss=0.4144
  [Edge 1] G6 | E2 | loss=0.2989
  [Edge 1] G6 | E3 | Hier-pFedMe | Selected 5/5
  [Client  8] Round 6 | Hier-pFedMe(λ2=35.0) | loss=0.0296
  [Client  6] Round 6 | Hier-pFedMe(λ2=35.0) | loss=0.3941
  [Client  7] Round 6 | Hier-pFedMe(λ2=35.0) | loss=0.3689
  [Client  5] Round 6 | Hier-pFedMe(λ2=35.0) | loss=0.3700
  [Client  9] Round 6 | Hier-pFedMe(λ2=35.0) | loss=0.0335
  [Edge 1] G6 | E3 | loss=0.2911
  [Edge 1] G6 | E4 | Hier-pFedMe | Selected 5/5
  [Client  8] Round 6 | Hier-pFedMe(λ2=35.0) | loss=0.0049
  [Client  9] Round 6 | Hier-pFedMe(λ2=35.0) | loss=0.0124
  [Client  7] Round 6 | Hier-pFedMe(λ2=35.0) | loss=0.3660
  [Client  5] Round 6 | Hier-pFedMe(λ2=35.0) | loss=0.3664
  [Client  6] Round 6 | Hier-pFedMe(λ2=35.0) | loss=0.4032
  [Edge 1] G6 | E4 | loss=0.2860
  [Edge 1] G6 | E5 | Hier-pFedMe | Selected 5/5
  [Client  8] Round 6 | Hier-pFedMe(λ2=35.0) | loss=0.0955
  [Client  7] Round 6 | Hier-pFedMe(λ2=35.0) | loss=0.3810
  [Client  6] Round 6 | Hier-pFedMe(λ2=35.0) | loss=0.3632
  [Client  5] Round 6 | Hier-pFedMe(λ2=35.0) | loss=0.3386
  [Client  9] Round 6 | Hier-pFedMe(λ2=35.0) | loss=0.0252
  [Edge 1] G6 | E5 | loss=0.2858
  [Edge 2] G6 | E1 | Hier-pFedMe | Selected 5/5
  [Client 10] Round 6 | Hier-pFedMe(λ2=35.0) | loss=0.5061
  [Client 12] Round 6 | Hier-pFedMe(λ2=35.0) | loss=0.5167
  [Client 11] Round 6 | Hier-pFedMe(λ2=35.0) | loss=0.6302
  [Client 13] Round 6 | Hier-pFedMe(λ2=35.0) | loss=0.0486
  [Client 14] Round 6 | Hier-pFedMe(λ2=35.0) | loss=0.0339
  [Edge 2] G6 | E1 | loss=0.3471
  [Edge 2] G6 | E2 | Hier-pFedMe | Selected 5/5
  [Client 14] Round 6 | Hier-pFedMe(λ2=35.0) | loss=0.0076
  [Client 10] Round 6 | Hier-pFedMe(λ2=35.0) | loss=0.3754
  [Client 13] Round 6 | Hier-pFedMe(λ2=35.0) | loss=0.0098
  [Client 11] Round 6 | Hier-pFedMe(λ2=35.0) | loss=0.3707
  [Client 12] Round 6 | Hier-pFedMe(λ2=35.0) | loss=0.4138
  [Edge 2] G6 | E2 | loss=0.2355
  [Edge 2] G6 | E3 | Hier-pFedMe | Selected 5/5
  [Client 10] Round 6 | Hier-pFedMe(λ2=35.0) | loss=0.3234
  [Client 12] Round 6 | Hier-pFedMe(λ2=35.0) | loss=0.3721
  [Client 13] Round 6 | Hier-pFedMe(λ2=35.0) | loss=0.0109
  [Client 11] Round 6 | Hier-pFedMe(λ2=35.0) | loss=0.3771
  [Client 14] Round 6 | Hier-pFedMe(λ2=35.0) | loss=0.0153
  [Edge 2] G6 | E3 | loss=0.2198
  [Edge 2] G6 | E4 | Hier-pFedMe | Selected 5/5
  [Client 12] Round 6 | Hier-pFedMe(λ2=35.0) | loss=0.3223
  [Client 14] Round 6 | Hier-pFedMe(λ2=35.0) | loss=0.0106
  [Client 11] Round 6 | Hier-pFedMe(λ2=35.0) | loss=0.3356
  [Client 13] Round 6 | Hier-pFedMe(λ2=35.0) | loss=0.0109
  [Client 10] Round 6 | Hier-pFedMe(λ2=35.0) | loss=0.3350
  [Edge 2] G6 | E4 | loss=0.2029
  [Edge 2] G6 | E5 | Hier-pFedMe | Selected 5/5
  [Client 14] Round 6 | Hier-pFedMe(λ2=35.0) | loss=0.0113
  [Client 12] Round 6 | Hier-pFedMe(λ2=35.0) | loss=0.3236
  [Client 10] Round 6 | Hier-pFedMe(λ2=35.0) | loss=0.2970
  [Client 11] Round 6 | Hier-pFedMe(λ2=35.0) | loss=0.3232
  [Client 13] Round 6 | Hier-pFedMe(λ2=35.0) | loss=0.0095
  [Edge 2] G6 | E5 | loss=0.1929
  [Edge 3] G6 | E1 | Hier-pFedMe | Selected 5/5
  [Client 15] Round 6 | Hier-pFedMe(λ2=35.0) | loss=0.5133
  [Client 17] Round 6 | Hier-pFedMe(λ2=35.0) | loss=0.4894
  [Client 16] Round 6 | Hier-pFedMe(λ2=35.0) | loss=0.0466
  [Client 18] Round 6 | Hier-pFedMe(λ2=35.0) | loss=0.0391
  [Client 19] Round 6 | Hier-pFedMe(λ2=35.0) | loss=0.4951
  [Edge 3] G6 | E1 | loss=0.3167
  [Edge 3] G6 | E2 | Hier-pFedMe | Selected 5/5
  [Client 17] Round 6 | Hier-pFedMe(λ2=35.0) | loss=0.3862
  [Client 15] Round 6 | Hier-pFedMe(λ2=35.0) | loss=0.3350
  [Client 16] Round 6 | Hier-pFedMe(λ2=35.0) | loss=0.0151
  [Client 19] Round 6 | Hier-pFedMe(λ2=35.0) | loss=0.3489
  [Client 18] Round 6 | Hier-pFedMe(λ2=35.0) | loss=0.0064
  [Edge 3] G6 | E2 | loss=0.2183
  [Edge 3] G6 | E3 | Hier-pFedMe | Selected 5/5
  [Client 17] Round 6 | Hier-pFedMe(λ2=35.0) | loss=0.3403
  [Client 15] Round 6 | Hier-pFedMe(λ2=35.0) | loss=0.3295
  [Client 19] Round 6 | Hier-pFedMe(λ2=35.0) | loss=0.3106
  [Client 18] Round 6 | Hier-pFedMe(λ2=35.0) | loss=0.0176
  [Client 16] Round 6 | Hier-pFedMe(λ2=35.0) | loss=0.0077
  [Edge 3] G6 | E3 | loss=0.2012
  [Edge 3] G6 | E4 | Hier-pFedMe | Selected 5/5
  [Client 17] Round 6 | Hier-pFedMe(λ2=35.0) | loss=0.2712
  [Client 15] Round 6 | Hier-pFedMe(λ2=35.0) | loss=0.3374
  [Client 16] Round 6 | Hier-pFedMe(λ2=35.0) | loss=0.0217
  [Client 18] Round 6 | Hier-pFedMe(λ2=35.0) | loss=0.0053
  [Client 19] Round 6 | Hier-pFedMe(λ2=35.0) | loss=0.3052
  [Edge 3] G6 | E4 | loss=0.1882
  [Edge 3] G6 | E5 | Hier-pFedMe | Selected 5/5
  [Client 17] Round 6 | Hier-pFedMe(λ2=35.0) | loss=0.3115
  [Client 15] Round 6 | Hier-pFedMe(λ2=35.0) | loss=0.3121
  [Client 18] Round 6 | Hier-pFedMe(λ2=35.0) | loss=0.0237
  [Client 19] Round 6 | Hier-pFedMe(λ2=35.0) | loss=0.2735
  [Client 16] Round 6 | Hier-pFedMe(λ2=35.0) | loss=0.0054
  [Edge 3] G6 | E5 | loss=0.1852
  [Cloud] GM=0.1745 | EM=0.6084 | loss=2.2686 | time=132.1s | comm=4645.5MB (total=27873MB)

[Round   7] Broadcasting to 4 edges...
  [Edge 0] G7 | E1 | Hier-pFedMe | Selected 5/5
  [Client  0] Round 7 | Hier-pFedMe(λ2=35.0) | loss=0.4653
  [Client  4] Round 7 | Hier-pFedMe(λ2=35.0) | loss=0.4745
  [Client  1] Round 7 | Hier-pFedMe(λ2=35.0) | loss=0.4207
  [Client  2] Round 7 | Hier-pFedMe(λ2=35.0) | loss=0.4722
  [Client  3] Round 7 | Hier-pFedMe(λ2=35.0) | loss=0.4040
  [Edge 0] G7 | E1 | loss=0.4473
  [Edge 0] G7 | E2 | Hier-pFedMe | Selected 5/5
  [Client  3] Round 7 | Hier-pFedMe(λ2=35.0) | loss=0.3207
  [Client  4] Round 7 | Hier-pFedMe(λ2=35.0) | loss=0.3499
  [Client  1] Round 7 | Hier-pFedMe(λ2=35.0) | loss=0.3297
  [Client  0] Round 7 | Hier-pFedMe(λ2=35.0) | loss=0.3309
  [Client  2] Round 7 | Hier-pFedMe(λ2=35.0) | loss=0.3517
  [Edge 0] G7 | E2 | loss=0.3366
  [Edge 0] G7 | E3 | Hier-pFedMe | Selected 5/5
  [Client  0] Round 7 | Hier-pFedMe(λ2=35.0) | loss=0.3309
  [Client  4] Round 7 | Hier-pFedMe(λ2=35.0) | loss=0.3457
  [Client  2] Round 7 | Hier-pFedMe(λ2=35.0) | loss=0.3370
  [Client  1] Round 7 | Hier-pFedMe(λ2=35.0) | loss=0.3322
  [Client  3] Round 7 | Hier-pFedMe(λ2=35.0) | loss=0.3067
  [Edge 0] G7 | E3 | loss=0.3305
  [Edge 0] G7 | E4 | Hier-pFedMe | Selected 5/5
  [Client  4] Round 7 | Hier-pFedMe(λ2=35.0) | loss=0.3364
  [Client  0] Round 7 | Hier-pFedMe(λ2=35.0) | loss=0.3206
  [Client  1] Round 7 | Hier-pFedMe(λ2=35.0) | loss=0.2835
  [Client  3] Round 7 | Hier-pFedMe(λ2=35.0) | loss=0.2920
  [Client  2] Round 7 | Hier-pFedMe(λ2=35.0) | loss=0.3162
  [Edge 0] G7 | E4 | loss=0.3097
  [Edge 0] G7 | E5 | Hier-pFedMe | Selected 5/5
  [Client  3] Round 7 | Hier-pFedMe(λ2=35.0) | loss=0.2918
  [Client  4] Round 7 | Hier-pFedMe(λ2=35.0) | loss=0.3193
  [Client  2] Round 7 | Hier-pFedMe(λ2=35.0) | loss=0.3372
  [Client  0] Round 7 | Hier-pFedMe(λ2=35.0) | loss=0.2916
  [Client  1] Round 7 | Hier-pFedMe(λ2=35.0) | loss=0.3017
  [Edge 0] G7 | E5 | loss=0.3083
  [Edge 1] G7 | E1 | Hier-pFedMe | Selected 5/5
  [Client  8] Round 7 | Hier-pFedMe(λ2=35.0) | loss=0.0499
  [Client  9] Round 7 | Hier-pFedMe(λ2=35.0) | loss=0.0471
  [Client  6] Round 7 | Hier-pFedMe(λ2=35.0) | loss=0.4678
  [Client  5] Round 7 | Hier-pFedMe(λ2=35.0) | loss=0.3885
  [Client  7] Round 7 | Hier-pFedMe(λ2=35.0) | loss=0.4272
  [Edge 1] G7 | E1 | loss=0.3330
  [Edge 1] G7 | E2 | Hier-pFedMe | Selected 5/5
  [Client  9] Round 7 | Hier-pFedMe(λ2=35.0) | loss=0.0072
  [Client  8] Round 7 | Hier-pFedMe(λ2=35.0) | loss=0.0100
  [Client  6] Round 7 | Hier-pFedMe(λ2=35.0) | loss=0.3740
  [Client  5] Round 7 | Hier-pFedMe(λ2=35.0) | loss=0.3513
  [Client  7] Round 7 | Hier-pFedMe(λ2=35.0) | loss=0.3639
  [Edge 1] G7 | E2 | loss=0.2744
  [Edge 1] G7 | E3 | Hier-pFedMe | Selected 5/5
  [Client  9] Round 7 | Hier-pFedMe(λ2=35.0) | loss=0.0307
  [Client  8] Round 7 | Hier-pFedMe(λ2=35.0) | loss=0.0132
  [Client  5] Round 7 | Hier-pFedMe(λ2=35.0) | loss=0.3358
  [Client  7] Round 7 | Hier-pFedMe(λ2=35.0) | loss=0.3708
  [Client  6] Round 7 | Hier-pFedMe(λ2=35.0) | loss=0.3992
  [Edge 1] G7 | E3 | loss=0.2819
  [Edge 1] G7 | E4 | Hier-pFedMe | Selected 5/5
  [Client  9] Round 7 | Hier-pFedMe(λ2=35.0) | loss=0.0037
  [Client  6] Round 7 | Hier-pFedMe(λ2=35.0) | loss=0.3666
  [Client  7] Round 7 | Hier-pFedMe(λ2=35.0) | loss=0.3646
  [Client  5] Round 7 | Hier-pFedMe(λ2=35.0) | loss=0.3111
  [Client  8] Round 7 | Hier-pFedMe(λ2=35.0) | loss=0.0172
  [Edge 1] G7 | E4 | loss=0.2632
  [Edge 1] G7 | E5 | Hier-pFedMe | Selected 5/5
  [Client  8] Round 7 | Hier-pFedMe(λ2=35.0) | loss=0.0102
  [Client  9] Round 7 | Hier-pFedMe(λ2=35.0) | loss=0.1064
  [Client  6] Round 7 | Hier-pFedMe(λ2=35.0) | loss=0.3491
  [Client  7] Round 7 | Hier-pFedMe(λ2=35.0) | loss=0.3198
  [Client  5] Round 7 | Hier-pFedMe(λ2=35.0) | loss=0.3525
  [Edge 1] G7 | E5 | loss=0.2699
  [Edge 2] G7 | E1 | Hier-pFedMe | Selected 5/5
  [Client 10] Round 7 | Hier-pFedMe(λ2=35.0) | loss=0.5257
  [Client 14] Round 7 | Hier-pFedMe(λ2=35.0) | loss=0.0503
  [Client 11] Round 7 | Hier-pFedMe(λ2=35.0) | loss=0.4904
  [Client 13] Round 7 | Hier-pFedMe(λ2=35.0) | loss=0.0627
  [Client 12] Round 7 | Hier-pFedMe(λ2=35.0) | loss=0.4946
  [Edge 2] G7 | E1 | loss=0.3247
  [Edge 2] G7 | E2 | Hier-pFedMe | Selected 5/5
  [Client 14] Round 7 | Hier-pFedMe(λ2=35.0) | loss=0.0064
  [Client 13] Round 7 | Hier-pFedMe(λ2=35.0) | loss=0.0062
  [Client 11] Round 7 | Hier-pFedMe(λ2=35.0) | loss=0.3897
  [Client 12] Round 7 | Hier-pFedMe(λ2=35.0) | loss=0.3440
  [Client 10] Round 7 | Hier-pFedMe(λ2=35.0) | loss=0.3454
  [Edge 2] G7 | E2 | loss=0.2183
  [Edge 2] G7 | E3 | Hier-pFedMe | Selected 5/5
  [Client 12] Round 7 | Hier-pFedMe(λ2=35.0) | loss=0.3016
  [Client 14] Round 7 | Hier-pFedMe(λ2=35.0) | loss=0.0119
  [Client 13] Round 7 | Hier-pFedMe(λ2=35.0) | loss=0.0108
  [Client 10] Round 7 | Hier-pFedMe(λ2=35.0) | loss=0.3290
  [Client 11] Round 7 | Hier-pFedMe(λ2=35.0) | loss=0.3248
  [Edge 2] G7 | E3 | loss=0.1956
  [Edge 2] G7 | E4 | Hier-pFedMe | Selected 5/5
  [Client 10] Round 7 | Hier-pFedMe(λ2=35.0) | loss=0.2756
  [Client 12] Round 7 | Hier-pFedMe(λ2=35.0) | loss=0.3146
  [Client 13] Round 7 | Hier-pFedMe(λ2=35.0) | loss=0.0088
  [Client 11] Round 7 | Hier-pFedMe(λ2=35.0) | loss=0.3048
  [Client 14] Round 7 | Hier-pFedMe(λ2=35.0) | loss=0.0072
  [Edge 2] G7 | E4 | loss=0.1822
  [Edge 2] G7 | E5 | Hier-pFedMe | Selected 5/5
  [Client 10] Round 7 | Hier-pFedMe(λ2=35.0) | loss=0.2896
  [Client 12] Round 7 | Hier-pFedMe(λ2=35.0) | loss=0.2739
  [Client 14] Round 7 | Hier-pFedMe(λ2=35.0) | loss=0.0089
  [Client 13] Round 7 | Hier-pFedMe(λ2=35.0) | loss=0.0090
  [Client 11] Round 7 | Hier-pFedMe(λ2=35.0) | loss=0.2901
  [Edge 2] G7 | E5 | loss=0.1743
  [Edge 3] G7 | E1 | Hier-pFedMe | Selected 5/5
  [Client 17] Round 7 | Hier-pFedMe(λ2=35.0) | loss=0.4381
  [Client 16] Round 7 | Hier-pFedMe(λ2=35.0) | loss=0.0448
  [Client 19] Round 7 | Hier-pFedMe(λ2=35.0) | loss=0.4673
  [Client 18] Round 7 | Hier-pFedMe(λ2=35.0) | loss=0.0276
  [Client 15] Round 7 | Hier-pFedMe(λ2=35.0) | loss=0.4751
  [Edge 3] G7 | E1 | loss=0.2906
  [Edge 3] G7 | E2 | Hier-pFedMe | Selected 5/5
  [Client 17] Round 7 | Hier-pFedMe(λ2=35.0) | loss=0.3169
  [Client 19] Round 7 | Hier-pFedMe(λ2=35.0) | loss=0.3071
  [Client 16] Round 7 | Hier-pFedMe(λ2=35.0) | loss=0.0105
  [Client 18] Round 7 | Hier-pFedMe(λ2=35.0) | loss=0.0051
  [Client 15] Round 7 | Hier-pFedMe(λ2=35.0) | loss=0.2774
  [Edge 3] G7 | E2 | loss=0.1834
  [Edge 3] G7 | E3 | Hier-pFedMe | Selected 5/5
  [Client 17] Round 7 | Hier-pFedMe(λ2=35.0) | loss=0.2879
  [Client 19] Round 7 | Hier-pFedMe(λ2=35.0) | loss=0.2883
  [Client 15] Round 7 | Hier-pFedMe(λ2=35.0) | loss=0.2717
  [Client 16] Round 7 | Hier-pFedMe(λ2=35.0) | loss=0.0086
  [Client 18] Round 7 | Hier-pFedMe(λ2=35.0) | loss=0.0153
  [Edge 3] G7 | E3 | loss=0.1743
  [Edge 3] G7 | E4 | Hier-pFedMe | Selected 5/5
  [Client 17] Round 7 | Hier-pFedMe(λ2=35.0) | loss=0.2476
  [Client 16] Round 7 | Hier-pFedMe(λ2=35.0) | loss=0.0185
  [Client 18] Round 7 | Hier-pFedMe(λ2=35.0) | loss=0.0045
  [Client 15] Round 7 | Hier-pFedMe(λ2=35.0) | loss=0.3059
  [Client 19] Round 7 | Hier-pFedMe(λ2=35.0) | loss=0.2642
  [Edge 3] G7 | E4 | loss=0.1681
  [Edge 3] G7 | E5 | Hier-pFedMe | Selected 5/5
  [Client 17] Round 7 | Hier-pFedMe(λ2=35.0) | loss=0.2677
  [Client 16] Round 7 | Hier-pFedMe(λ2=35.0) | loss=0.0044
  [Client 15] Round 7 | Hier-pFedMe(λ2=35.0) | loss=0.2526
  [Client 19] Round 7 | Hier-pFedMe(λ2=35.0) | loss=0.2628
  [Client 18] Round 7 | Hier-pFedMe(λ2=35.0) | loss=0.0225
  [Edge 3] G7 | E5 | loss=0.1620
  [Cloud] GM=0.1520 | EM=0.6726 | loss=2.2629 | time=130.8s | comm=4645.5MB (total=32519MB)

[Round   8] Broadcasting to 4 edges...
  [Edge 0] G8 | E1 | Hier-pFedMe | Selected 5/5
  [Client  3] Round 8 | Hier-pFedMe(λ2=35.0) | loss=0.3994
  [Client  1] Round 8 | Hier-pFedMe(λ2=35.0) | loss=0.3845
  [Client  2] Round 8 | Hier-pFedMe(λ2=35.0) | loss=0.4653
  [Client  4] Round 8 | Hier-pFedMe(λ2=35.0) | loss=0.4882
  [Client  0] Round 8 | Hier-pFedMe(λ2=35.0) | loss=0.4325
  [Edge 0] G8 | E1 | loss=0.4340
  [Edge 0] G8 | E2 | Hier-pFedMe | Selected 5/5
  [Client  2] Round 8 | Hier-pFedMe(λ2=35.0) | loss=0.3319
  [Client  3] Round 8 | Hier-pFedMe(λ2=35.0) | loss=0.3066
  [Client  4] Round 8 | Hier-pFedMe(λ2=35.0) | loss=0.3324
  [Client  0] Round 8 | Hier-pFedMe(λ2=35.0) | loss=0.3169
  [Client  1] Round 8 | Hier-pFedMe(λ2=35.0) | loss=0.2941
  [Edge 0] G8 | E2 | loss=0.3164
  [Edge 0] G8 | E3 | Hier-pFedMe | Selected 5/5
  [Client  4] Round 8 | Hier-pFedMe(λ2=35.0) | loss=0.3404
  [Client  3] Round 8 | Hier-pFedMe(λ2=35.0) | loss=0.2834
  [Client  0] Round 8 | Hier-pFedMe(λ2=35.0) | loss=0.3156
  [Client  1] Round 8 | Hier-pFedMe(λ2=35.0) | loss=0.2842
  [Client  2] Round 8 | Hier-pFedMe(λ2=35.0) | loss=0.3260
  [Edge 0] G8 | E3 | loss=0.3099
  [Edge 0] G8 | E4 | Hier-pFedMe | Selected 5/5
  [Client  4] Round 8 | Hier-pFedMe(λ2=35.0) | loss=0.3080
  [Client  1] Round 8 | Hier-pFedMe(λ2=35.0) | loss=0.2725
  [Client  2] Round 8 | Hier-pFedMe(λ2=35.0) | loss=0.3273
  [Client  0] Round 8 | Hier-pFedMe(λ2=35.0) | loss=0.3011
  [Client  3] Round 8 | Hier-pFedMe(λ2=35.0) | loss=0.2700
  [Edge 0] G8 | E4 | loss=0.2958
  [Edge 0] G8 | E5 | Hier-pFedMe | Selected 5/5
  [Client  1] Round 8 | Hier-pFedMe(λ2=35.0) | loss=0.2966
  [Client  4] Round 8 | Hier-pFedMe(λ2=35.0) | loss=0.3125
  [Client  3] Round 8 | Hier-pFedMe(λ2=35.0) | loss=0.2556
  [Client  0] Round 8 | Hier-pFedMe(λ2=35.0) | loss=0.3136
  [Client  2] Round 8 | Hier-pFedMe(λ2=35.0) | loss=0.3198
  [Edge 0] G8 | E5 | loss=0.2996
  [Edge 1] G8 | E1 | Hier-pFedMe | Selected 5/5
  [Client  8] Round 8 | Hier-pFedMe(λ2=35.0) | loss=0.0706
  [Client  9] Round 8 | Hier-pFedMe(λ2=35.0) | loss=0.0509
  [Client  7] Round 8 | Hier-pFedMe(λ2=35.0) | loss=0.4008
  [Client  5] Round 8 | Hier-pFedMe(λ2=35.0) | loss=0.3703
  [Client  6] Round 8 | Hier-pFedMe(λ2=35.0) | loss=0.4055
  [Edge 1] G8 | E1 | loss=0.3093
  [Edge 1] G8 | E2 | Hier-pFedMe | Selected 5/5
  [Client  8] Round 8 | Hier-pFedMe(λ2=35.0) | loss=0.0038
  [Client  9] Round 8 | Hier-pFedMe(λ2=35.0) | loss=0.0122
  [Client  6] Round 8 | Hier-pFedMe(λ2=35.0) | loss=0.3469
  [Client  7] Round 8 | Hier-pFedMe(λ2=35.0) | loss=0.3501
  [Client  5] Round 8 | Hier-pFedMe(λ2=35.0) | loss=0.3509
  [Edge 1] G8 | E2 | loss=0.2640
  [Edge 1] G8 | E3 | Hier-pFedMe | Selected 5/5
  [Client  9] Round 8 | Hier-pFedMe(λ2=35.0) | loss=0.0134
  [Client  6] Round 8 | Hier-pFedMe(λ2=35.0) | loss=0.3551
  [Client  5] Round 8 | Hier-pFedMe(λ2=35.0) | loss=0.3101
  [Client  7] Round 8 | Hier-pFedMe(λ2=35.0) | loss=0.3579
  [Client  8] Round 8 | Hier-pFedMe(λ2=35.0) | loss=0.0740
  [Edge 1] G8 | E3 | loss=0.2667
  [Edge 1] G8 | E4 | Hier-pFedMe | Selected 5/5
  [Client  9] Round 8 | Hier-pFedMe(λ2=35.0) | loss=0.0561
  [Client  6] Round 8 | Hier-pFedMe(λ2=35.0) | loss=0.3470
  [Client  7] Round 8 | Hier-pFedMe(λ2=35.0) | loss=0.3186
  [Client  8] Round 8 | Hier-pFedMe(λ2=35.0) | loss=0.0040
  [Client  5] Round 8 | Hier-pFedMe(λ2=35.0) | loss=0.3102
  [Edge 1] G8 | E4 | loss=0.2515
  [Edge 1] G8 | E5 | Hier-pFedMe | Selected 5/5
  [Client  9] Round 8 | Hier-pFedMe(λ2=35.0) | loss=0.0025
  [Client  8] Round 8 | Hier-pFedMe(λ2=35.0) | loss=0.1164
  [Client  5] Round 8 | Hier-pFedMe(λ2=35.0) | loss=0.2917
  [Client  6] Round 8 | Hier-pFedMe(λ2=35.0) | loss=0.3314
  [Client  7] Round 8 | Hier-pFedMe(λ2=35.0) | loss=0.3526
  [Edge 1] G8 | E5 | loss=0.2588
  [Edge 2] G8 | E1 | Hier-pFedMe | Selected 5/5
  [Client 10] Round 8 | Hier-pFedMe(λ2=35.0) | loss=0.3925  [Client 13] Round 8 | Hier-pFedMe(λ2=35.0) | loss=0.0384

  [Client 12] Round 8 | Hier-pFedMe(λ2=35.0) | loss=0.4587
  [Client 11] Round 8 | Hier-pFedMe(λ2=35.0) | loss=0.4471
  [Client 14] Round 8 | Hier-pFedMe(λ2=35.0) | loss=0.0301
  [Edge 2] G8 | E1 | loss=0.2734
  [Edge 2] G8 | E2 | Hier-pFedMe | Selected 5/5
  [Client 10] Round 8 | Hier-pFedMe(λ2=35.0) | loss=0.3222
  [Client 14] Round 8 | Hier-pFedMe(λ2=35.0) | loss=0.0073
  [Client 12] Round 8 | Hier-pFedMe(λ2=35.0) | loss=0.3070
  [Client 13] Round 8 | Hier-pFedMe(λ2=35.0) | loss=0.0053
  [Client 11] Round 8 | Hier-pFedMe(λ2=35.0) | loss=0.3168
  [Edge 2] G8 | E2 | loss=0.1917
  [Edge 2] G8 | E3 | Hier-pFedMe | Selected 5/5
  [Client 12] Round 8 | Hier-pFedMe(λ2=35.0) | loss=0.3013
  [Client 10] Round 8 | Hier-pFedMe(λ2=35.0) | loss=0.2969
  [Client 13] Round 8 | Hier-pFedMe(λ2=35.0) | loss=0.0105
  [Client 11] Round 8 | Hier-pFedMe(λ2=35.0) | loss=0.3162
  [Client 14] Round 8 | Hier-pFedMe(λ2=35.0) | loss=0.0082
  [Edge 2] G8 | E3 | loss=0.1866
  [Edge 2] G8 | E4 | Hier-pFedMe | Selected 5/5
  [Client 10] Round 8 | Hier-pFedMe(λ2=35.0) | loss=0.2616
  [Client 13] Round 8 | Hier-pFedMe(λ2=35.0) | loss=0.0092
  [Client 12] Round 8 | Hier-pFedMe(λ2=35.0) | loss=0.3008
  [Client 11] Round 8 | Hier-pFedMe(λ2=35.0) | loss=0.2970
  [Client 14] Round 8 | Hier-pFedMe(λ2=35.0) | loss=0.0092
  [Edge 2] G8 | E4 | loss=0.1755
  [Edge 2] G8 | E5 | Hier-pFedMe | Selected 5/5
  [Client 10] Round 8 | Hier-pFedMe(λ2=35.0) | loss=0.2786
  [Client 13] Round 8 | Hier-pFedMe(λ2=35.0) | loss=0.0108
  [Client 12] Round 8 | Hier-pFedMe(λ2=35.0) | loss=0.3028
  [Client 11] Round 8 | Hier-pFedMe(λ2=35.0) | loss=0.2682
  [Client 14] Round 8 | Hier-pFedMe(λ2=35.0) | loss=0.0098
  [Edge 2] G8 | E5 | loss=0.1740
  [Edge 3] G8 | E1 | Hier-pFedMe | Selected 5/5
  [Client 19] Round 8 | Hier-pFedMe(λ2=35.0) | loss=0.4415
  [Client 16] Round 8 | Hier-pFedMe(λ2=35.0) | loss=0.0488
  [Client 15] Round 8 | Hier-pFedMe(λ2=35.0) | loss=0.4178
  [Client 17] Round 8 | Hier-pFedMe(λ2=35.0) | loss=0.4656
  [Client 18] Round 8 | Hier-pFedMe(λ2=35.0) | loss=0.0387
  [Edge 3] G8 | E1 | loss=0.2825
  [Edge 3] G8 | E2 | Hier-pFedMe | Selected 5/5
  [Client 18] Round 8 | Hier-pFedMe(λ2=35.0) | loss=0.0083
  [Client 19] Round 8 | Hier-pFedMe(λ2=35.0) | loss=0.2925
  [Client 16] Round 8 | Hier-pFedMe(λ2=35.0) | loss=0.0075
  [Client 17] Round 8 | Hier-pFedMe(λ2=35.0) | loss=0.2615
  [Client 15] Round 8 | Hier-pFedMe(λ2=35.0) | loss=0.2609
  [Edge 3] G8 | E2 | loss=0.1661
  [Edge 3] G8 | E3 | Hier-pFedMe | Selected 5/5
  [Client 15] Round 8 | Hier-pFedMe(λ2=35.0) | loss=0.2500
  [Client 17] Round 8 | Hier-pFedMe(λ2=35.0) | loss=0.2491
  [Client 16] Round 8 | Hier-pFedMe(λ2=35.0) | loss=0.0142
  [Client 18] Round 8 | Hier-pFedMe(λ2=35.0) | loss=0.0123
  [Client 19] Round 8 | Hier-pFedMe(λ2=35.0) | loss=0.2618
  [Edge 3] G8 | E3 | loss=0.1575
  [Edge 3] G8 | E4 | Hier-pFedMe | Selected 5/5
  [Client 19] Round 8 | Hier-pFedMe(λ2=35.0) | loss=0.2509
  [Client 15] Round 8 | Hier-pFedMe(λ2=35.0) | loss=0.2740
  [Client 17] Round 8 | Hier-pFedMe(λ2=35.0) | loss=0.2176
  [Client 16] Round 8 | Hier-pFedMe(λ2=35.0) | loss=0.0096
  [Client 18] Round 8 | Hier-pFedMe(λ2=35.0) | loss=0.0116
  [Edge 3] G8 | E4 | loss=0.1527
  [Edge 3] G8 | E5 | Hier-pFedMe | Selected 5/5
  [Client 17] Round 8 | Hier-pFedMe(λ2=35.0) | loss=0.2206
  [Client 16] Round 8 | Hier-pFedMe(λ2=35.0) | loss=0.0103
  [Client 15] Round 8 | Hier-pFedMe(λ2=35.0) | loss=0.2257
  [Client 19] Round 8 | Hier-pFedMe(λ2=35.0) | loss=0.2341
  [Client 18] Round 8 | Hier-pFedMe(λ2=35.0) | loss=0.0070
  [Edge 3] G8 | E5 | loss=0.1395
  [Cloud] GM=0.1694 | EM=0.6106 | loss=2.2562 | time=130.8s | comm=4645.5MB (total=37164MB)

[Round   9] Broadcasting to 4 edges...
  [Edge 0] G9 | E1 | Hier-pFedMe | Selected 5/5
  [Client  4] Round 9 | Hier-pFedMe(λ2=35.0) | loss=0.4254
  [Client  2] Round 9 | Hier-pFedMe(λ2=35.0) | loss=0.3901
  [Client  1] Round 9 | Hier-pFedMe(λ2=35.0) | loss=0.3768
  [Client  0] Round 9 | Hier-pFedMe(λ2=35.0) | loss=0.4096
  [Client  3] Round 9 | Hier-pFedMe(λ2=35.0) | loss=0.4818
  [Edge 0] G9 | E1 | loss=0.4167
  [Edge 0] G9 | E2 | Hier-pFedMe | Selected 5/5
  [Client  3] Round 9 | Hier-pFedMe(λ2=35.0) | loss=0.2886
  [Client  0] Round 9 | Hier-pFedMe(λ2=35.0) | loss=0.3079
  [Client  4] Round 9 | Hier-pFedMe(λ2=35.0) | loss=0.2902
  [Client  1] Round 9 | Hier-pFedMe(λ2=35.0) | loss=0.3139
  [Client  2] Round 9 | Hier-pFedMe(λ2=35.0) | loss=0.3076
  [Edge 0] G9 | E2 | loss=0.3016
  [Edge 0] G9 | E3 | Hier-pFedMe | Selected 5/5
  [Client  4] Round 9 | Hier-pFedMe(λ2=35.0) | loss=0.2982
  [Client  2] Round 9 | Hier-pFedMe(λ2=35.0) | loss=0.3071
  [Client  0] Round 9 | Hier-pFedMe(λ2=35.0) | loss=0.3059
  [Client  1] Round 9 | Hier-pFedMe(λ2=35.0) | loss=0.2743
  [Client  3] Round 9 | Hier-pFedMe(λ2=35.0) | loss=0.2792
  [Edge 0] G9 | E3 | loss=0.2929
  [Edge 0] G9 | E4 | Hier-pFedMe | Selected 5/5
  [Client  3] Round 9 | Hier-pFedMe(λ2=35.0) | loss=0.2616
  [Client  4] Round 9 | Hier-pFedMe(λ2=35.0) | loss=0.2662
  [Client  0] Round 9 | Hier-pFedMe(λ2=35.0) | loss=0.2852
  [Client  1] Round 9 | Hier-pFedMe(λ2=35.0) | loss=0.2667
  [Client  2] Round 9 | Hier-pFedMe(λ2=35.0) | loss=0.2879
  [Edge 0] G9 | E4 | loss=0.2735
  [Edge 0] G9 | E5 | Hier-pFedMe | Selected 5/5
  [Client  0] Round 9 | Hier-pFedMe(λ2=35.0) | loss=0.2844
  [Client  3] Round 9 | Hier-pFedMe(λ2=35.0) | loss=0.2337
  [Client  2] Round 9 | Hier-pFedMe(λ2=35.0) | loss=0.2838
  [Client  1] Round 9 | Hier-pFedMe(λ2=35.0) | loss=0.2517
  [Client  4] Round 9 | Hier-pFedMe(λ2=35.0) | loss=0.2814
  [Edge 0] G9 | E5 | loss=0.2670
  [Edge 1] G9 | E1 | Hier-pFedMe | Selected 5/5
  [Client  8] Round 9 | Hier-pFedMe(λ2=35.0) | loss=0.0575
  [Client  9] Round 9 | Hier-pFedMe(λ2=35.0) | loss=0.0780
  [Client  6] Round 9 | Hier-pFedMe(λ2=35.0) | loss=0.3976
  [Client  5] Round 9 | Hier-pFedMe(λ2=35.0) | loss=0.4018
  [Client  7] Round 9 | Hier-pFedMe(λ2=35.0) | loss=0.3612
  [Edge 1] G9 | E1 | loss=0.3071
  [Edge 1] G9 | E2 | Hier-pFedMe | Selected 5/5
  [Client  8] Round 9 | Hier-pFedMe(λ2=35.0) | loss=0.0074
  [Client  6] Round 9 | Hier-pFedMe(λ2=35.0) | loss=0.3481
  [Client  9] Round 9 | Hier-pFedMe(λ2=35.0) | loss=0.0074
  [Client  5] Round 9 | Hier-pFedMe(λ2=35.0) | loss=0.3102
  [Client  7] Round 9 | Hier-pFedMe(λ2=35.0) | loss=0.3220
  [Edge 1] G9 | E2 | loss=0.2469
  [Edge 1] G9 | E3 | Hier-pFedMe | Selected 5/5
  [Client  8] Round 9 | Hier-pFedMe(λ2=35.0) | loss=0.0225
  [Client  9] Round 9 | Hier-pFedMe(λ2=35.0) | loss=0.0363
  [Client  6] Round 9 | Hier-pFedMe(λ2=35.0) | loss=0.3291
  [Client  7] Round 9 | Hier-pFedMe(λ2=35.0) | loss=0.3172
  [Client  5] Round 9 | Hier-pFedMe(λ2=35.0) | loss=0.3187
  [Edge 1] G9 | E3 | loss=0.2486
  [Edge 1] G9 | E4 | Hier-pFedMe | Selected 5/5
  [Client  8] Round 9 | Hier-pFedMe(λ2=35.0) | loss=0.0178
  [Client  9] Round 9 | Hier-pFedMe(λ2=35.0) | loss=0.0043
  [Client  6] Round 9 | Hier-pFedMe(λ2=35.0) | loss=0.3305
  [Client  5] Round 9 | Hier-pFedMe(λ2=35.0) | loss=0.2940
  [Client  7] Round 9 | Hier-pFedMe(λ2=35.0) | loss=0.3078
  [Edge 1] G9 | E4 | loss=0.2359
  [Edge 1] G9 | E5 | Hier-pFedMe | Selected 5/5
  [Client  9] Round 9 | Hier-pFedMe(λ2=35.0) | loss=0.1063
  [Client  8] Round 9 | Hier-pFedMe(λ2=35.0) | loss=0.0123
  [Client  6] Round 9 | Hier-pFedMe(λ2=35.0) | loss=0.3153
  [Client  5] Round 9 | Hier-pFedMe(λ2=35.0) | loss=0.3170
  [Client  7] Round 9 | Hier-pFedMe(λ2=35.0) | loss=0.2879
  [Edge 1] G9 | E5 | loss=0.2449
  [Edge 2] G9 | E1 | Hier-pFedMe | Selected 5/5
  [Client 14] Round 9 | Hier-pFedMe(λ2=35.0) | loss=0.0486
  [Client 10] Round 9 | Hier-pFedMe(λ2=35.0) | loss=0.4167
  [Client 12] Round 9 | Hier-pFedMe(λ2=35.0) | loss=0.4446
  [Client 13] Round 9 | Hier-pFedMe(λ2=35.0) | loss=0.0507
  [Client 11] Round 9 | Hier-pFedMe(λ2=35.0) | loss=0.4302
  [Edge 2] G9 | E1 | loss=0.2782
  [Edge 2] G9 | E2 | Hier-pFedMe | Selected 5/5
  [Client 13] Round 9 | Hier-pFedMe(λ2=35.0) | loss=0.0116
  [Client 10] Round 9 | Hier-pFedMe(λ2=35.0) | loss=0.2902
  [Client 12] Round 9 | Hier-pFedMe(λ2=35.0) | loss=0.3071
  [Client 14] Round 9 | Hier-pFedMe(λ2=35.0) | loss=0.0052
  [Client 11] Round 9 | Hier-pFedMe(λ2=35.0) | loss=0.2847
  [Edge 2] G9 | E2 | loss=0.1798
  [Edge 2] G9 | E3 | Hier-pFedMe | Selected 5/5
  [Client 10] Round 9 | Hier-pFedMe(λ2=35.0) | loss=0.3005
  [Client 14] Round 9 | Hier-pFedMe(λ2=35.0) | loss=0.0173
  [Client 12] Round 9 | Hier-pFedMe(λ2=35.0) | loss=0.2617
  [Client 11] Round 9 | Hier-pFedMe(λ2=35.0) | loss=0.2744
  [Client 13] Round 9 | Hier-pFedMe(λ2=35.0) | loss=0.0082
  [Edge 2] G9 | E3 | loss=0.1724
  [Edge 2] G9 | E4 | Hier-pFedMe | Selected 5/5
  [Client 14] Round 9 | Hier-pFedMe(λ2=35.0) | loss=0.0060
  [Client 13] Round 9 | Hier-pFedMe(λ2=35.0) | loss=0.0148
  [Client 12] Round 9 | Hier-pFedMe(λ2=35.0) | loss=0.2502
  [Client 11] Round 9 | Hier-pFedMe(λ2=35.0) | loss=0.2717
  [Client 10] Round 9 | Hier-pFedMe(λ2=35.0) | loss=0.2326
  [Edge 2] G9 | E4 | loss=0.1551
  [Edge 2] G9 | E5 | Hier-pFedMe | Selected 5/5
  [Client 14] Round 9 | Hier-pFedMe(λ2=35.0) | loss=0.0188
  [Client 12] Round 9 | Hier-pFedMe(λ2=35.0) | loss=0.2463
  [Client 10] Round 9 | Hier-pFedMe(λ2=35.0) | loss=0.2778
  [Client 11] Round 9 | Hier-pFedMe(λ2=35.0) | loss=0.2635
  [Client 13] Round 9 | Hier-pFedMe(λ2=35.0) | loss=0.0060
  [Edge 2] G9 | E5 | loss=0.1625
  [Edge 3] G9 | E1 | Hier-pFedMe | Selected 5/5
  [Client 16] Round 9 | Hier-pFedMe(λ2=35.0) | loss=0.0408
  [Client 17] Round 9 | Hier-pFedMe(λ2=35.0) | loss=0.3936
  [Client 18] Round 9 | Hier-pFedMe(λ2=35.0) | loss=0.0339
  [Client 19] Round 9 | Hier-pFedMe(λ2=35.0) | loss=0.3716
  [Client 15] Round 9 | Hier-pFedMe(λ2=35.0) | loss=0.3479
  [Edge 3] G9 | E1 | loss=0.2375
  [Edge 3] G9 | E2 | Hier-pFedMe | Selected 5/5
  [Client 15] Round 9 | Hier-pFedMe(λ2=35.0) | loss=0.2626
  [Client 18] Round 9 | Hier-pFedMe(λ2=35.0) | loss=0.0091
  [Client 17] Round 9 | Hier-pFedMe(λ2=35.0) | loss=0.2592
  [Client 16] Round 9 | Hier-pFedMe(λ2=35.0) | loss=0.0094
  [Client 19] Round 9 | Hier-pFedMe(λ2=35.0) | loss=0.2556
  [Edge 3] G9 | E2 | loss=0.1592
  [Edge 3] G9 | E3 | Hier-pFedMe | Selected 5/5
  [Client 17] Round 9 | Hier-pFedMe(λ2=35.0) | loss=0.2218
  [Client 16] Round 9 | Hier-pFedMe(λ2=35.0) | loss=0.0133
  [Client 18] Round 9 | Hier-pFedMe(λ2=35.0) | loss=0.0090
  [Client 19] Round 9 | Hier-pFedMe(λ2=35.0) | loss=0.2390
  [Client 15] Round 9 | Hier-pFedMe(λ2=35.0) | loss=0.2353
  [Edge 3] G9 | E3 | loss=0.1437
  [Edge 3] G9 | E4 | Hier-pFedMe | Selected 5/5
  [Client 16] Round 9 | Hier-pFedMe(λ2=35.0) | loss=0.0093
  [Client 18] Round 9 | Hier-pFedMe(λ2=35.0) | loss=0.0090
  [Client 17] Round 9 | Hier-pFedMe(λ2=35.0) | loss=0.2548
  [Client 15] Round 9 | Hier-pFedMe(λ2=35.0) | loss=0.2297
  [Client 19] Round 9 | Hier-pFedMe(λ2=35.0) | loss=0.2485
  [Edge 3] G9 | E4 | loss=0.1503
  [Edge 3] G9 | E5 | Hier-pFedMe | Selected 5/5
  [Client 15] Round 9 | Hier-pFedMe(λ2=35.0) | loss=0.2472
  [Client 18] Round 9 | Hier-pFedMe(λ2=35.0) | loss=0.0086
  [Client 19] Round 9 | Hier-pFedMe(λ2=35.0) | loss=0.2327
  [Client 16] Round 9 | Hier-pFedMe(λ2=35.0) | loss=0.0104
  [Client 17] Round 9 | Hier-pFedMe(λ2=35.0) | loss=0.2286
  [Edge 3] G9 | E5 | loss=0.1455
  [Cloud] GM=0.1768 | EM=0.6405 | loss=2.2501 | time=130.7s | comm=4645.5MB (total=41810MB)

[Round  10] Broadcasting to 4 edges...
  [Edge 0] G10 | E1 | Hier-pFedMe | Selected 5/5
  [Client  4] Round 10 | Hier-pFedMe(λ2=35.0) | loss=0.3928
  [Client  2] Round 10 | Hier-pFedMe(λ2=35.0) | loss=0.3736
  [Client  3] Round 10 | Hier-pFedMe(λ2=35.0) | loss=0.3496
  [Client  0] Round 10 | Hier-pFedMe(λ2=35.0) | loss=0.3697
  [Client  1] Round 10 | Hier-pFedMe(λ2=35.0) | loss=0.3846
  [Edge 0] G10 | E1 | loss=0.3740
  [Edge 0] G10 | E2 | Hier-pFedMe | Selected 5/5
  [Client  4] Round 10 | Hier-pFedMe(λ2=35.0) | loss=0.2883
  [Client  0] Round 10 | Hier-pFedMe(λ2=35.0) | loss=0.2970
  [Client  1] Round 10 | Hier-pFedMe(λ2=35.0) | loss=0.2955
  [Client  3] Round 10 | Hier-pFedMe(λ2=35.0) | loss=0.2561
  [Client  2] Round 10 | Hier-pFedMe(λ2=35.0) | loss=0.3126
  [Edge 0] G10 | E2 | loss=0.2899
  [Edge 0] G10 | E3 | Hier-pFedMe | Selected 5/5
  [Client  4] Round 10 | Hier-pFedMe(λ2=35.0) | loss=0.2972  [Client  0] Round 10 | Hier-pFedMe(λ2=35.0) | loss=0.2887

  [Client  3] Round 10 | Hier-pFedMe(λ2=35.0) | loss=0.2535
  [Client  1] Round 10 | Hier-pFedMe(λ2=35.0) | loss=0.2567
  [Client  2] Round 10 | Hier-pFedMe(λ2=35.0) | loss=0.2858
  [Edge 0] G10 | E3 | loss=0.2764
  [Edge 0] G10 | E4 | Hier-pFedMe | Selected 5/5
  [Client  0] Round 10 | Hier-pFedMe(λ2=35.0) | loss=0.2768
  [Client  3] Round 10 | Hier-pFedMe(λ2=35.0) | loss=0.2383
  [Client  2] Round 10 | Hier-pFedMe(λ2=35.0) | loss=0.2785
  [Client  1] Round 10 | Hier-pFedMe(λ2=35.0) | loss=0.2323
  [Client  4] Round 10 | Hier-pFedMe(λ2=35.0) | loss=0.2776
  [Edge 0] G10 | E4 | loss=0.2607
  [Edge 0] G10 | E5 | Hier-pFedMe | Selected 5/5
  [Client  3] Round 10 | Hier-pFedMe(λ2=35.0) | loss=0.2506
  [Client  2] Round 10 | Hier-pFedMe(λ2=35.0) | loss=0.2869
  [Client  4] Round 10 | Hier-pFedMe(λ2=35.0) | loss=0.2801
  [Client  0] Round 10 | Hier-pFedMe(λ2=35.0) | loss=0.2582
  [Client  1] Round 10 | Hier-pFedMe(λ2=35.0) | loss=0.2463
  [Edge 0] G10 | E5 | loss=0.2644
  [Edge 1] G10 | E1 | Hier-pFedMe | Selected 5/5
  [Client  8] Round 10 | Hier-pFedMe(λ2=35.0) | loss=0.0659
  [Client  9] Round 10 | Hier-pFedMe(λ2=35.0) | loss=0.0715
  [Client  6] Round 10 | Hier-pFedMe(λ2=35.0) | loss=0.3806
  [Client  5] Round 10 | Hier-pFedMe(λ2=35.0) | loss=0.3697
  [Client  7] Round 10 | Hier-pFedMe(λ2=35.0) | loss=0.3714
  [Edge 1] G10 | E1 | loss=0.2976
  [Edge 1] G10 | E2 | Hier-pFedMe | Selected 5/5
  [Client  8] Round 10 | Hier-pFedMe(λ2=35.0) | loss=0.0055
  [Client  9] Round 10 | Hier-pFedMe(λ2=35.0) | loss=0.0145
  [Client  5] Round 10 | Hier-pFedMe(λ2=35.0) | loss=0.3134
  [Client  7] Round 10 | Hier-pFedMe(λ2=35.0) | loss=0.2954
  [Client  6] Round 10 | Hier-pFedMe(λ2=35.0) | loss=0.3338
  [Edge 1] G10 | E2 | loss=0.2382
  [Edge 1] G10 | E3 | Hier-pFedMe | Selected 5/5
  [Client  8] Round 10 | Hier-pFedMe(λ2=35.0) | loss=0.0806
  [Client  9] Round 10 | Hier-pFedMe(λ2=35.0) | loss=0.0117
  [Client  6] Round 10 | Hier-pFedMe(λ2=35.0) | loss=0.3251
  [Client  7] Round 10 | Hier-pFedMe(λ2=35.0) | loss=0.3307
  [Client  5] Round 10 | Hier-pFedMe(λ2=35.0) | loss=0.2750
  [Edge 1] G10 | E3 | loss=0.2442
  [Edge 1] G10 | E4 | Hier-pFedMe | Selected 5/5
  [Client  8] Round 10 | Hier-pFedMe(λ2=35.0) | loss=0.0029
  [Client  9] Round 10 | Hier-pFedMe(λ2=35.0) | loss=0.0654
  [Client  5] Round 10 | Hier-pFedMe(λ2=35.0) | loss=0.3023
  [Client  7] Round 10 | Hier-pFedMe(λ2=35.0) | loss=0.2829
  [Client  6] Round 10 | Hier-pFedMe(λ2=35.0) | loss=0.3317
  [Edge 1] G10 | E4 | loss=0.2377
  [Edge 1] G10 | E5 | Hier-pFedMe | Selected 5/5
  [Client  9] Round 10 | Hier-pFedMe(λ2=35.0) | loss=0.0054
  [Client  8] Round 10 | Hier-pFedMe(λ2=35.0) | loss=0.1288
  [Client  6] Round 10 | Hier-pFedMe(λ2=35.0) | loss=0.3036
  [Client  5] Round 10 | Hier-pFedMe(λ2=35.0) | loss=0.2559
  [Client  7] Round 10 | Hier-pFedMe(λ2=35.0) | loss=0.3490
  [Edge 1] G10 | E5 | loss=0.2439
  [Edge 2] G10 | E1 | Hier-pFedMe | Selected 5/5
  [Client 14] Round 10 | Hier-pFedMe(λ2=35.0) | loss=0.0347
  [Client 10] Round 10 | Hier-pFedMe(λ2=35.0) | loss=0.4026
  [Client 12] Round 10 | Hier-pFedMe(λ2=35.0) | loss=0.4615
  [Client 13] Round 10 | Hier-pFedMe(λ2=35.0) | loss=0.0416
  [Client 11] Round 10 | Hier-pFedMe(λ2=35.0) | loss=0.3707
  [Edge 2] G10 | E1 | loss=0.2622
  [Edge 2] G10 | E2 | Hier-pFedMe | Selected 5/5
  [Client 13] Round 10 | Hier-pFedMe(λ2=35.0) | loss=0.0089
  [Client 14] Round 10 | Hier-pFedMe(λ2=35.0) | loss=0.0086
  [Client 12] Round 10 | Hier-pFedMe(λ2=35.0) | loss=0.2918
  [Client 11] Round 10 | Hier-pFedMe(λ2=35.0) | loss=0.2912
  [Client 10] Round 10 | Hier-pFedMe(λ2=35.0) | loss=0.2780
  [Edge 2] G10 | E2 | loss=0.1757
  [Edge 2] G10 | E3 | Hier-pFedMe | Selected 5/5
  [Client 10] Round 10 | Hier-pFedMe(λ2=35.0) | loss=0.2471
  [Client 11] Round 10 | Hier-pFedMe(λ2=35.0) | loss=0.2654
  [Client 13] Round 10 | Hier-pFedMe(λ2=35.0) | loss=0.0110
  [Client 14] Round 10 | Hier-pFedMe(λ2=35.0) | loss=0.0152
  [Client 12] Round 10 | Hier-pFedMe(λ2=35.0) | loss=0.2472
  [Edge 2] G10 | E3 | loss=0.1572
  [Edge 2] G10 | E4 | Hier-pFedMe | Selected 5/5
  [Client 10] Round 10 | Hier-pFedMe(λ2=35.0) | loss=0.2275
  [Client 14] Round 10 | Hier-pFedMe(λ2=35.0) | loss=0.0109
  [Client 13] Round 10 | Hier-pFedMe(λ2=35.0) | loss=0.0135
  [Client 12] Round 10 | Hier-pFedMe(λ2=35.0) | loss=0.2400
  [Client 11] Round 10 | Hier-pFedMe(λ2=35.0) | loss=0.2499
  [Edge 2] G10 | E4 | loss=0.1484
  [Edge 2] G10 | E5 | Hier-pFedMe | Selected 5/5
  [Client 14] Round 10 | Hier-pFedMe(λ2=35.0) | loss=0.0115
  [Client 11] Round 10 | Hier-pFedMe(λ2=35.0) | loss=0.2457
  [Client 13] Round 10 | Hier-pFedMe(λ2=35.0) | loss=0.0099
  [Client 12] Round 10 | Hier-pFedMe(λ2=35.0) | loss=0.2500
  [Client 10] Round 10 | Hier-pFedMe(λ2=35.0) | loss=0.2240
  [Edge 2] G10 | E5 | loss=0.1482
  [Edge 3] G10 | E1 | Hier-pFedMe | Selected 5/5
  [Client 17] Round 10 | Hier-pFedMe(λ2=35.0) | loss=0.3213
  [Client 15] Round 10 | Hier-pFedMe(λ2=35.0) | loss=0.3635
  [Client 19] Round 10 | Hier-pFedMe(λ2=35.0) | loss=0.4181
  [Client 18] Round 10 | Hier-pFedMe(λ2=35.0) | loss=0.0445
  [Client 16] Round 10 | Hier-pFedMe(λ2=35.0) | loss=0.0486
  [Edge 3] G10 | E1 | loss=0.2392
  [Edge 3] G10 | E2 | Hier-pFedMe | Selected 5/5
  [Client 17] Round 10 | Hier-pFedMe(λ2=35.0) | loss=0.2158
  [Client 18] Round 10 | Hier-pFedMe(λ2=35.0) | loss=0.0077
  [Client 19] Round 10 | Hier-pFedMe(λ2=35.0) | loss=0.2330
  [Client 15] Round 10 | Hier-pFedMe(λ2=35.0) | loss=0.2528
  [Client 16] Round 10 | Hier-pFedMe(λ2=35.0) | loss=0.0089
  [Edge 3] G10 | E2 | loss=0.1437
  [Edge 3] G10 | E3 | Hier-pFedMe | Selected 5/5
  [Client 17] Round 10 | Hier-pFedMe(λ2=35.0) | loss=0.2162
  [Client 16] Round 10 | Hier-pFedMe(λ2=35.0) | loss=0.0131
  [Client 18] Round 10 | Hier-pFedMe(λ2=35.0) | loss=0.0070
  [Client 15] Round 10 | Hier-pFedMe(λ2=35.0) | loss=0.1998
  [Client 19] Round 10 | Hier-pFedMe(λ2=35.0) | loss=0.2218
  [Edge 3] G10 | E3 | loss=0.1316
  [Edge 3] G10 | E4 | Hier-pFedMe | Selected 5/5
  [Client 19] Round 10 | Hier-pFedMe(λ2=35.0) | loss=0.2067
  [Client 15] Round 10 | Hier-pFedMe(λ2=35.0) | loss=0.2226
  [Client 16] Round 10 | Hier-pFedMe(λ2=35.0) | loss=0.0073
  [Client 18] Round 10 | Hier-pFedMe(λ2=35.0) | loss=0.0172
  [Client 17] Round 10 | Hier-pFedMe(λ2=35.0) | loss=0.2107
  [Edge 3] G10 | E4 | loss=0.1329
  [Edge 3] G10 | E5 | Hier-pFedMe | Selected 5/5
  [Client 19] Round 10 | Hier-pFedMe(λ2=35.0) | loss=0.2447
  [Client 17] Round 10 | Hier-pFedMe(λ2=35.0) | loss=0.1949
  [Client 18] Round 10 | Hier-pFedMe(λ2=35.0) | loss=0.0044
  [Client 15] Round 10 | Hier-pFedMe(λ2=35.0) | loss=0.2147
  [Client 16] Round 10 | Hier-pFedMe(λ2=35.0) | loss=0.0221
  [Edge 3] G10 | E5 | loss=0.1362
  [Cloud] GM=0.1900 | EM=0.6052 PM=0.9220 | loss=2.2415 | time=155.9s | comm=4645.5MB (total=46455MB)

[Round  11] Broadcasting to 4 edges...
  [Edge 0] G11 | E1 | Hier-pFedMe | Selected 5/5
  [Client  3] Round 11 | Hier-pFedMe(λ2=35.0) | loss=0.3423
  [Client  2] Round 11 | Hier-pFedMe(λ2=35.0) | loss=0.3891
  [Client  1] Round 11 | Hier-pFedMe(λ2=35.0) | loss=0.3766
  [Client  4] Round 11 | Hier-pFedMe(λ2=35.0) | loss=0.3725
  [Client  0] Round 11 | Hier-pFedMe(λ2=35.0) | loss=0.3869
  [Edge 0] G11 | E1 | loss=0.3735
  [Edge 0] G11 | E2 | Hier-pFedMe | Selected 5/5
  [Client  3] Round 11 | Hier-pFedMe(λ2=35.0) | loss=0.2464
  [Client  1] Round 11 | Hier-pFedMe(λ2=35.0) | loss=0.2448
  [Client  0] Round 11 | Hier-pFedMe(λ2=35.0) | loss=0.2792
  [Client  2] Round 11 | Hier-pFedMe(λ2=35.0) | loss=0.2766
  [Client  4] Round 11 | Hier-pFedMe(λ2=35.0) | loss=0.2742
  [Edge 0] G11 | E2 | loss=0.2642
  [Edge 0] G11 | E3 | Hier-pFedMe | Selected 5/5
  [Client  4] Round 11 | Hier-pFedMe(λ2=35.0) | loss=0.2674
  [Client  3] Round 11 | Hier-pFedMe(λ2=35.0) | loss=0.2392
  [Client  0] Round 11 | Hier-pFedMe(λ2=35.0) | loss=0.2575
  [Client  1] Round 11 | Hier-pFedMe(λ2=35.0) | loss=0.2354
  [Client  2] Round 11 | Hier-pFedMe(λ2=35.0) | loss=0.2812
  [Edge 0] G11 | E3 | loss=0.2562
  [Edge 0] G11 | E4 | Hier-pFedMe | Selected 5/5
  [Client  4] Round 11 | Hier-pFedMe(λ2=35.0) | loss=0.2567
  [Client  3] Round 11 | Hier-pFedMe(λ2=35.0) | loss=0.2320
  [Client  0] Round 11 | Hier-pFedMe(λ2=35.0) | loss=0.2738
  [Client  2] Round 11 | Hier-pFedMe(λ2=35.0) | loss=0.2397
  [Client  1] Round 11 | Hier-pFedMe(λ2=35.0) | loss=0.2276
  [Edge 0] G11 | E4 | loss=0.2460
  [Edge 0] G11 | E5 | Hier-pFedMe | Selected 5/5
  [Client  3] Round 11 | Hier-pFedMe(λ2=35.0) | loss=0.2311
  [Client  1] Round 11 | Hier-pFedMe(λ2=35.0) | loss=0.2292
  [Client  4] Round 11 | Hier-pFedMe(λ2=35.0) | loss=0.2537
  [Client  0] Round 11 | Hier-pFedMe(λ2=35.0) | loss=0.2498
  [Client  2] Round 11 | Hier-pFedMe(λ2=35.0) | loss=0.2584
  [Edge 0] G11 | E5 | loss=0.2444
  [Edge 1] G11 | E1 | Hier-pFedMe | Selected 5/5
  [Client  9] Round 11 | Hier-pFedMe(λ2=35.0) | loss=0.0777
  [Client  8] Round 11 | Hier-pFedMe(λ2=35.0) | loss=0.0738
  [Client  5] Round 11 | Hier-pFedMe(λ2=35.0) | loss=0.3261
  [Client  6] Round 11 | Hier-pFedMe(λ2=35.0) | loss=0.3733
  [Client  7] Round 11 | Hier-pFedMe(λ2=35.0) | loss=0.3420
  [Edge 1] G11 | E1 | loss=0.2793
  [Edge 1] G11 | E2 | Hier-pFedMe | Selected 5/5
  [Client  8] Round 11 | Hier-pFedMe(λ2=35.0) | loss=0.0045
  [Client  7] Round 11 | Hier-pFedMe(λ2=35.0) | loss=0.3198
  [Client  6] Round 11 | Hier-pFedMe(λ2=35.0) | loss=0.3111
  [Client  9] Round 11 | Hier-pFedMe(λ2=35.0) | loss=0.0091
  [Client  5] Round 11 | Hier-pFedMe(λ2=35.0) | loss=0.2898
  [Edge 1] G11 | E2 | loss=0.2319
  [Edge 1] G11 | E3 | Hier-pFedMe | Selected 5/5
  [Client  9] Round 11 | Hier-pFedMe(λ2=35.0) | loss=0.0164
  [Client  8] Round 11 | Hier-pFedMe(λ2=35.0) | loss=0.0660
  [Client  7] Round 11 | Hier-pFedMe(λ2=35.0) | loss=0.3270
  [Client  5] Round 11 | Hier-pFedMe(λ2=35.0) | loss=0.2618
  [Client  6] Round 11 | Hier-pFedMe(λ2=35.0) | loss=0.2895
  [Edge 1] G11 | E3 | loss=0.2299
  [Edge 1] G11 | E4 | Hier-pFedMe | Selected 5/5
  [Client  8] Round 11 | Hier-pFedMe(λ2=35.0) | loss=0.0053
  [Client  6] Round 11 | Hier-pFedMe(λ2=35.0) | loss=0.3001
  [Client  7] Round 11 | Hier-pFedMe(λ2=35.0) | loss=0.2764
  [Client  9] Round 11 | Hier-pFedMe(λ2=35.0) | loss=0.0442
  [Client  5] Round 11 | Hier-pFedMe(λ2=35.0) | loss=0.2757
  [Edge 1] G11 | E4 | loss=0.2192
  [Edge 1] G11 | E5 | Hier-pFedMe | Selected 5/5
  [Client  9] Round 11 | Hier-pFedMe(λ2=35.0) | loss=0.0051
  [Client  6] Round 11 | Hier-pFedMe(λ2=35.0) | loss=0.2668
  [Client  5] Round 11 | Hier-pFedMe(λ2=35.0) | loss=0.2511
  [Client  8] Round 11 | Hier-pFedMe(λ2=35.0) | loss=0.1121
  [Client  7] Round 11 | Hier-pFedMe(λ2=35.0) | loss=0.3042
  [Edge 1] G11 | E5 | loss=0.2202
  [Edge 2] G11 | E1 | Hier-pFedMe | Selected 5/5
  [Client 10] Round 11 | Hier-pFedMe(λ2=35.0) | loss=0.3604
  [Client 12] Round 11 | Hier-pFedMe(λ2=35.0) | loss=0.3916
  [Client 14] Round 11 | Hier-pFedMe(λ2=35.0) | loss=0.0339
  [Client 11] Round 11 | Hier-pFedMe(λ2=35.0) | loss=0.3552
  [Client 13] Round 11 | Hier-pFedMe(λ2=35.0) | loss=0.0451
  [Edge 2] G11 | E1 | loss=0.2372
  [Edge 2] G11 | E2 | Hier-pFedMe | Selected 5/5
  [Client 10] Round 11 | Hier-pFedMe(λ2=35.0) | loss=0.2655
  [Client 14] Round 11 | Hier-pFedMe(λ2=35.0) | loss=0.0139
  [Client 11] Round 11 | Hier-pFedMe(λ2=35.0) | loss=0.2799
  [Client 13] Round 11 | Hier-pFedMe(λ2=35.0) | loss=0.0058
  [Client 12] Round 11 | Hier-pFedMe(λ2=35.0) | loss=0.2556
  [Edge 2] G11 | E2 | loss=0.1641
  [Edge 2] G11 | E3 | Hier-pFedMe | Selected 5/5
  [Client 10] Round 11 | Hier-pFedMe(λ2=35.0) | loss=0.2354
  [Client 14] Round 11 | Hier-pFedMe(λ2=35.0) | loss=0.0069
  [Client 11] Round 11 | Hier-pFedMe(λ2=35.0) | loss=0.2761
  [Client 12] Round 11 | Hier-pFedMe(λ2=35.0) | loss=0.2436
  [Client 13] Round 11 | Hier-pFedMe(λ2=35.0) | loss=0.0170
  [Edge 2] G11 | E3 | loss=0.1558
  [Edge 2] G11 | E4 | Hier-pFedMe | Selected 5/5
  [Client 10] Round 11 | Hier-pFedMe(λ2=35.0) | loss=0.2087
  [Client 12] Round 11 | Hier-pFedMe(λ2=35.0) | loss=0.2395
  [Client 13] Round 11 | Hier-pFedMe(λ2=35.0) | loss=0.0044
  [Client 11] Round 11 | Hier-pFedMe(λ2=35.0) | loss=0.2409
  [Client 14] Round 11 | Hier-pFedMe(λ2=35.0) | loss=0.0172
  [Edge 2] G11 | E4 | loss=0.1422
  [Edge 2] G11 | E5 | Hier-pFedMe | Selected 5/5
  [Client 10] Round 11 | Hier-pFedMe(λ2=35.0) | loss=0.2348
  [Client 12] Round 11 | Hier-pFedMe(λ2=35.0) | loss=0.2166
  [Client 11] Round 11 | Hier-pFedMe(λ2=35.0) | loss=0.2391
  [Client 13] Round 11 | Hier-pFedMe(λ2=35.0) | loss=0.0170
  [Client 14] Round 11 | Hier-pFedMe(λ2=35.0) | loss=0.0064
  [Edge 2] G11 | E5 | loss=0.1428
  [Edge 3] G11 | E1 | Hier-pFedMe | Selected 5/5
  [Client 17] Round 11 | Hier-pFedMe(λ2=35.0) | loss=0.3437
  [Client 19] Round 11 | Hier-pFedMe(λ2=35.0) | loss=0.3054
  [Client 15] Round 11 | Hier-pFedMe(λ2=35.0) | loss=0.3148
  [Client 18] Round 11 | Hier-pFedMe(λ2=35.0) | loss=0.0393
  [Client 16] Round 11 | Hier-pFedMe(λ2=35.0) | loss=0.0418
  [Edge 3] G11 | E1 | loss=0.2090
  [Edge 3] G11 | E2 | Hier-pFedMe | Selected 5/5
  [Client 16] Round 11 | Hier-pFedMe(λ2=35.0) | loss=0.0076
  [Client 17] Round 11 | Hier-pFedMe(λ2=35.0) | loss=0.2318
  [Client 15] Round 11 | Hier-pFedMe(λ2=35.0) | loss=0.2252
  [Client 18] Round 11 | Hier-pFedMe(λ2=35.0) | loss=0.0055
  [Client 19] Round 11 | Hier-pFedMe(λ2=35.0) | loss=0.2200
  [Edge 3] G11 | E2 | loss=0.1380
  [Edge 3] G11 | E3 | Hier-pFedMe | Selected 5/5
  [Client 16] Round 11 | Hier-pFedMe(λ2=35.0) | loss=0.0121
  [Client 17] Round 11 | Hier-pFedMe(λ2=35.0) | loss=0.2098
  [Client 15] Round 11 | Hier-pFedMe(λ2=35.0) | loss=0.2230
  [Client 18] Round 11 | Hier-pFedMe(λ2=35.0) | loss=0.0084
  [Client 19] Round 11 | Hier-pFedMe(λ2=35.0) | loss=0.2080
  [Edge 3] G11 | E3 | loss=0.1323
  [Edge 3] G11 | E4 | Hier-pFedMe | Selected 5/5
  [Client 16] Round 11 | Hier-pFedMe(λ2=35.0) | loss=0.0075
  [Client 18] Round 11 | Hier-pFedMe(λ2=35.0) | loss=0.0067
  [Client 17] Round 11 | Hier-pFedMe(λ2=35.0) | loss=0.1825
  [Client 15] Round 11 | Hier-pFedMe(λ2=35.0) | loss=0.1953
  [Client 19] Round 11 | Hier-pFedMe(λ2=35.0) | loss=0.2085
  [Edge 3] G11 | E4 | loss=0.1201
  [Edge 3] G11 | E5 | Hier-pFedMe | Selected 5/5
  [Client 18] Round 11 | Hier-pFedMe(λ2=35.0) | loss=0.0056
  [Client 19] Round 11 | Hier-pFedMe(λ2=35.0) | loss=0.1836
  [Client 15] Round 11 | Hier-pFedMe(λ2=35.0) | loss=0.1900
  [Client 16] Round 11 | Hier-pFedMe(λ2=35.0) | loss=0.0086
  [Client 17] Round 11 | Hier-pFedMe(λ2=35.0) | loss=0.1851
  [Edge 3] G11 | E5 | loss=0.1146
  [Cloud] GM=0.1753 | EM=0.5889 | loss=2.2467 | time=131.1s | comm=4645.5MB (total=51101MB)

[Round  12] Broadcasting to 4 edges...
  [Edge 0] G12 | E1 | Hier-pFedMe | Selected 5/5
  [Client  2] Round 12 | Hier-pFedMe(λ2=35.0) | loss=0.3536
  [Client  1] Round 12 | Hier-pFedMe(λ2=35.0) | loss=0.3170
  [Client  4] Round 12 | Hier-pFedMe(λ2=35.0) | loss=0.3540
  [Client  0] Round 12 | Hier-pFedMe(λ2=35.0) | loss=0.3903
  [Client  3] Round 12 | Hier-pFedMe(λ2=35.0) | loss=0.3666
  [Edge 0] G12 | E1 | loss=0.3563
  [Edge 0] G12 | E2 | Hier-pFedMe | Selected 5/5
  [Client  2] Round 12 | Hier-pFedMe(λ2=35.0) | loss=0.2772
  [Client  4] Round 12 | Hier-pFedMe(λ2=35.0) | loss=0.2616
  [Client  3] Round 12 | Hier-pFedMe(λ2=35.0) | loss=0.2326
  [Client  0] Round 12 | Hier-pFedMe(λ2=35.0) | loss=0.2717
  [Client  1] Round 12 | Hier-pFedMe(λ2=35.0) | loss=0.2462
  [Edge 0] G12 | E2 | loss=0.2579
  [Edge 0] G12 | E3 | Hier-pFedMe | Selected 5/5
  [Client  1] Round 12 | Hier-pFedMe(λ2=35.0) | loss=0.2279
  [Client  3] Round 12 | Hier-pFedMe(λ2=35.0) | loss=0.2291
  [Client  4] Round 12 | Hier-pFedMe(λ2=35.0) | loss=0.2704
  [Client  2] Round 12 | Hier-pFedMe(λ2=35.0) | loss=0.2721
  [Client  0] Round 12 | Hier-pFedMe(λ2=35.0) | loss=0.2681
  [Edge 0] G12 | E3 | loss=0.2535
  [Edge 0] G12 | E4 | Hier-pFedMe | Selected 5/5
  [Client  2] Round 12 | Hier-pFedMe(λ2=35.0) | loss=0.2539
  [Client  4] Round 12 | Hier-pFedMe(λ2=35.0) | loss=0.2463
  [Client  3] Round 12 | Hier-pFedMe(λ2=35.0) | loss=0.2169
  [Client  0] Round 12 | Hier-pFedMe(λ2=35.0) | loss=0.2654
  [Client  1] Round 12 | Hier-pFedMe(λ2=35.0) | loss=0.2205
  [Edge 0] G12 | E4 | loss=0.2406
  [Edge 0] G12 | E5 | Hier-pFedMe | Selected 5/5
  [Client  1] Round 12 | Hier-pFedMe(λ2=35.0) | loss=0.2107
  [Client  3] Round 12 | Hier-pFedMe(λ2=35.0) | loss=0.2293
  [Client  2] Round 12 | Hier-pFedMe(λ2=35.0) | loss=0.2501
  [Client  0] Round 12 | Hier-pFedMe(λ2=35.0) | loss=0.2487
  [Client  4] Round 12 | Hier-pFedMe(λ2=35.0) | loss=0.2591
  [Edge 0] G12 | E5 | loss=0.2396
  [Edge 1] G12 | E1 | Hier-pFedMe | Selected 5/5
  [Client  8] Round 12 | Hier-pFedMe(λ2=35.0) | loss=0.0653
  [Client  9] Round 12 | Hier-pFedMe(λ2=35.0) | loss=0.0837
  [Client  7] Round 12 | Hier-pFedMe(λ2=35.0) | loss=0.3279
  [Client  5] Round 12 | Hier-pFedMe(λ2=35.0) | loss=0.3171
  [Client  6] Round 12 | Hier-pFedMe(λ2=35.0) | loss=0.3454
  [Edge 1] G12 | E1 | loss=0.2662
  [Edge 1] G12 | E2 | Hier-pFedMe | Selected 5/5
  [Client  8] Round 12 | Hier-pFedMe(λ2=35.0) | loss=0.0033
  [Client  7] Round 12 | Hier-pFedMe(λ2=35.0) | loss=0.2960
  [Client  6] Round 12 | Hier-pFedMe(λ2=35.0) | loss=0.2985
  [Client  5] Round 12 | Hier-pFedMe(λ2=35.0) | loss=0.2737
  [Client  9] Round 12 | Hier-pFedMe(λ2=35.0) | loss=0.0107
  [Edge 1] G12 | E2 | loss=0.2188
  [Edge 1] G12 | E3 | Hier-pFedMe | Selected 5/5
  [Client  9] Round 12 | Hier-pFedMe(λ2=35.0) | loss=0.0177
  [Client  6] Round 12 | Hier-pFedMe(λ2=35.0) | loss=0.2865
  [Client  5] Round 12 | Hier-pFedMe(λ2=35.0) | loss=0.2618
  [Client  7] Round 12 | Hier-pFedMe(λ2=35.0) | loss=0.2924
  [Client  8] Round 12 | Hier-pFedMe(λ2=35.0) | loss=0.0889
  [Edge 1] G12 | E3 | loss=0.2235
  [Edge 1] G12 | E4 | Hier-pFedMe | Selected 5/5
  [Client  8] Round 12 | Hier-pFedMe(λ2=35.0) | loss=0.0061
  [Client  9] Round 12 | Hier-pFedMe(λ2=35.0) | loss=0.0407
  [Client  6] Round 12 | Hier-pFedMe(λ2=35.0) | loss=0.2813
  [Client  7] Round 12 | Hier-pFedMe(λ2=35.0) | loss=0.2656
  [Client  5] Round 12 | Hier-pFedMe(λ2=35.0) | loss=0.2653
  [Edge 1] G12 | E4 | loss=0.2089
  [Edge 1] G12 | E5 | Hier-pFedMe | Selected 5/5
  [Client  8] Round 12 | Hier-pFedMe(λ2=35.0) | loss=0.0968
  [Client  6] Round 12 | Hier-pFedMe(λ2=35.0) | loss=0.2786
  [Client  7] Round 12 | Hier-pFedMe(λ2=35.0) | loss=0.2961
  [Client  5] Round 12 | Hier-pFedMe(λ2=35.0) | loss=0.2467
  [Client  9] Round 12 | Hier-pFedMe(λ2=35.0) | loss=0.0076
  [Edge 1] G12 | E5 | loss=0.2184
  [Edge 2] G12 | E1 | Hier-pFedMe | Selected 5/5
  [Client 14] Round 12 | Hier-pFedMe(λ2=35.0) | loss=0.0360
  [Client 10] Round 12 | Hier-pFedMe(λ2=35.0) | loss=0.3795
  [Client 13] Round 12 | Hier-pFedMe(λ2=35.0) | loss=0.0410
  [Client 11] Round 12 | Hier-pFedMe(λ2=35.0) | loss=0.3790
  [Client 12] Round 12 | Hier-pFedMe(λ2=35.0) | loss=0.3577
  [Edge 2] G12 | E1 | loss=0.2386
  [Edge 2] G12 | E2 | Hier-pFedMe | Selected 5/5
  [Client 10] Round 12 | Hier-pFedMe(λ2=35.0) | loss=0.2267
  [Client 12] Round 12 | Hier-pFedMe(λ2=35.0) | loss=0.2516
  [Client 13] Round 12 | Hier-pFedMe(λ2=35.0) | loss=0.0072
  [Client 11] Round 12 | Hier-pFedMe(λ2=35.0) | loss=0.2700
  [Client 14] Round 12 | Hier-pFedMe(λ2=35.0) | loss=0.0110
  [Edge 2] G12 | E2 | loss=0.1533
  [Edge 2] G12 | E3 | Hier-pFedMe | Selected 5/5
  [Client 12] Round 12 | Hier-pFedMe(λ2=35.0) | loss=0.2334
  [Client 13] Round 12 | Hier-pFedMe(λ2=35.0) | loss=0.0162
  [Client 10] Round 12 | Hier-pFedMe(λ2=35.0) | loss=0.2443
  [Client 11] Round 12 | Hier-pFedMe(λ2=35.0) | loss=0.2307
  [Client 14] Round 12 | Hier-pFedMe(λ2=35.0) | loss=0.0065
  [Edge 2] G12 | E3 | loss=0.1462
  [Edge 2] G12 | E4 | Hier-pFedMe | Selected 5/5
  [Client 14] Round 12 | Hier-pFedMe(λ2=35.0) | loss=0.0117
  [Client 13] Round 12 | Hier-pFedMe(λ2=35.0) | loss=0.0057
  [Client 10] Round 12 | Hier-pFedMe(λ2=35.0) | loss=0.2264
  [Client 11] Round 12 | Hier-pFedMe(λ2=35.0) | loss=0.2374
  [Client 12] Round 12 | Hier-pFedMe(λ2=35.0) | loss=0.2353
  [Edge 2] G12 | E4 | loss=0.1433
  [Edge 2] G12 | E5 | Hier-pFedMe | Selected 5/5
  [Client 10] Round 12 | Hier-pFedMe(λ2=35.0) | loss=0.2211
  [Client 12] Round 12 | Hier-pFedMe(λ2=35.0) | loss=0.2231
  [Client 13] Round 12 | Hier-pFedMe(λ2=35.0) | loss=0.0164
  [Client 11] Round 12 | Hier-pFedMe(λ2=35.0) | loss=0.2259
  [Client 14] Round 12 | Hier-pFedMe(λ2=35.0) | loss=0.0053
  [Edge 2] G12 | E5 | loss=0.1383
  [Edge 3] G12 | E1 | Hier-pFedMe | Selected 5/5
  [Client 15] Round 12 | Hier-pFedMe(λ2=35.0) | loss=0.3136
  [Client 18] Round 12 | Hier-pFedMe(λ2=35.0) | loss=0.0336
  [Client 17] Round 12 | Hier-pFedMe(λ2=35.0) | loss=0.2866
  [Client 19] Round 12 | Hier-pFedMe(λ2=35.0) | loss=0.2928
  [Client 16] Round 12 | Hier-pFedMe(λ2=35.0) | loss=0.0422
  [Edge 3] G12 | E1 | loss=0.1938
  [Edge 3] G12 | E2 | Hier-pFedMe | Selected 5/5
  [Client 17] Round 12 | Hier-pFedMe(λ2=35.0) | loss=0.2072
  [Client 15] Round 12 | Hier-pFedMe(λ2=35.0) | loss=0.2044
  [Client 18] Round 12 | Hier-pFedMe(λ2=35.0) | loss=0.0071
  [Client 19] Round 12 | Hier-pFedMe(λ2=35.0) | loss=0.1994
  [Client 16] Round 12 | Hier-pFedMe(λ2=35.0) | loss=0.0072
  [Edge 3] G12 | E2 | loss=0.1251
  [Edge 3] G12 | E3 | Hier-pFedMe | Selected 5/5
  [Client 15] Round 12 | Hier-pFedMe(λ2=35.0) | loss=0.2112
  [Client 19] Round 12 | Hier-pFedMe(λ2=35.0) | loss=0.2022
  [Client 16] Round 12 | Hier-pFedMe(λ2=35.0) | loss=0.0082
  [Client 18] Round 12 | Hier-pFedMe(λ2=35.0) | loss=0.0117
  [Client 17] Round 12 | Hier-pFedMe(λ2=35.0) | loss=0.1963
  [Edge 3] G12 | E3 | loss=0.1259
  [Edge 3] G12 | E4 | Hier-pFedMe | Selected 5/5
  [Client 17] Round 12 | Hier-pFedMe(λ2=35.0) | loss=0.1890
  [Client 16] Round 12 | Hier-pFedMe(λ2=35.0) | loss=0.0081
  [Client 18] Round 12 | Hier-pFedMe(λ2=35.0) | loss=0.0052
  [Client 15] Round 12 | Hier-pFedMe(λ2=35.0) | loss=0.1915
  [Client 19] Round 12 | Hier-pFedMe(λ2=35.0) | loss=0.2064
  [Edge 3] G12 | E4 | loss=0.1200
  [Edge 3] G12 | E5 | Hier-pFedMe | Selected 5/5
  [Client 19] Round 12 | Hier-pFedMe(λ2=35.0) | loss=0.1734
  [Client 17] Round 12 | Hier-pFedMe(λ2=35.0) | loss=0.1840
  [Client 15] Round 12 | Hier-pFedMe(λ2=35.0) | loss=0.1788
  [Client 16] Round 12 | Hier-pFedMe(λ2=35.0) | loss=0.0094
  [Client 18] Round 12 | Hier-pFedMe(λ2=35.0) | loss=0.0115
  [Edge 3] G12 | E5 | loss=0.1114
  [Cloud] GM=0.1587 | EM=0.5417 | loss=2.2484 | time=131.6s | comm=4645.5MB (total=55746MB)

[Round  13] Broadcasting to 4 edges...
  [Edge 0] G13 | E1 | Hier-pFedMe | Selected 5/5
  [Client  3] Round 13 | Hier-pFedMe(λ2=35.0) | loss=0.3177
  [Client  1] Round 13 | Hier-pFedMe(λ2=35.0) | loss=0.3240
  [Client  2] Round 13 | Hier-pFedMe(λ2=35.0) | loss=0.3475
  [Client  0] Round 13 | Hier-pFedMe(λ2=35.0) | loss=0.3715
  [Client  4] Round 13 | Hier-pFedMe(λ2=35.0) | loss=0.3461
  [Edge 0] G13 | E1 | loss=0.3414
  [Edge 0] G13 | E2 | Hier-pFedMe | Selected 5/5
  [Client  2] Round 13 | Hier-pFedMe(λ2=35.0) | loss=0.2534
  [Client  3] Round 13 | Hier-pFedMe(λ2=35.0) | loss=0.2286
  [Client  1] Round 13 | Hier-pFedMe(λ2=35.0) | loss=0.2441
  [Client  0] Round 13 | Hier-pFedMe(λ2=35.0) | loss=0.2525
  [Client  4] Round 13 | Hier-pFedMe(λ2=35.0) | loss=0.2530
  [Edge 0] G13 | E2 | loss=0.2463
  [Edge 0] G13 | E3 | Hier-pFedMe | Selected 5/5
  [Client  4] Round 13 | Hier-pFedMe(λ2=35.0) | loss=0.2442
  [Client  1] Round 13 | Hier-pFedMe(λ2=35.0) | loss=0.2174
  [Client  0] Round 13 | Hier-pFedMe(λ2=35.0) | loss=0.2519
  [Client  3] Round 13 | Hier-pFedMe(λ2=35.0) | loss=0.2257
  [Client  2] Round 13 | Hier-pFedMe(λ2=35.0) | loss=0.2497
  [Edge 0] G13 | E3 | loss=0.2378
  [Edge 0] G13 | E4 | Hier-pFedMe | Selected 5/5
  [Client  4] Round 13 | Hier-pFedMe(λ2=35.0) | loss=0.2210
  [Client  0] Round 13 | Hier-pFedMe(λ2=35.0) | loss=0.2256
  [Client  1] Round 13 | Hier-pFedMe(λ2=35.0) | loss=0.2107
  [Client  2] Round 13 | Hier-pFedMe(λ2=35.0) | loss=0.2434
  [Client  3] Round 13 | Hier-pFedMe(λ2=35.0) | loss=0.2107
  [Edge 0] G13 | E4 | loss=0.2223
  [Edge 0] G13 | E5 | Hier-pFedMe | Selected 5/5
  [Client  1] Round 13 | Hier-pFedMe(λ2=35.0) | loss=0.2267
  [Client  2] Round 13 | Hier-pFedMe(λ2=35.0) | loss=0.2498
  [Client  3] Round 13 | Hier-pFedMe(λ2=35.0) | loss=0.1921
  [Client  0] Round 13 | Hier-pFedMe(λ2=35.0) | loss=0.2118
  [Client  4] Round 13 | Hier-pFedMe(λ2=35.0) | loss=0.2517
  [Edge 0] G13 | E5 | loss=0.2264
  [Edge 1] G13 | E1 | Hier-pFedMe | Selected 5/5
  [Client  8] Round 13 | Hier-pFedMe(λ2=35.0) | loss=0.0580
  [Client  9] Round 13 | Hier-pFedMe(λ2=35.0) | loss=0.0839
  [Client  5] Round 13 | Hier-pFedMe(λ2=35.0) | loss=0.3102
  [Client  7] Round 13 | Hier-pFedMe(λ2=35.0) | loss=0.3129
  [Client  6] Round 13 | Hier-pFedMe(λ2=35.0) | loss=0.3262
  [Edge 1] G13 | E1 | loss=0.2551
  [Edge 1] G13 | E2 | Hier-pFedMe | Selected 5/5
  [Client  9] Round 13 | Hier-pFedMe(λ2=35.0) | loss=0.0062
  [Client  6] Round 13 | Hier-pFedMe(λ2=35.0) | loss=0.2975
  [Client  7] Round 13 | Hier-pFedMe(λ2=35.0) | loss=0.2904
  [Client  5] Round 13 | Hier-pFedMe(λ2=35.0) | loss=0.2686
  [Client  8] Round 13 | Hier-pFedMe(λ2=35.0) | loss=0.0075
  [Edge 1] G13 | E2 | loss=0.2158
  [Edge 1] G13 | E3 | Hier-pFedMe | Selected 5/5
  [Client  9] Round 13 | Hier-pFedMe(λ2=35.0) | loss=0.0295
  [Client  7] Round 13 | Hier-pFedMe(λ2=35.0) | loss=0.2771
  [Client  6] Round 13 | Hier-pFedMe(λ2=35.0) | loss=0.2488
  [Client  5] Round 13 | Hier-pFedMe(λ2=35.0) | loss=0.2639
  [Client  8] Round 13 | Hier-pFedMe(λ2=35.0) | loss=0.0310
  [Edge 1] G13 | E3 | loss=0.2050
  [Edge 1] G13 | E4 | Hier-pFedMe | Selected 5/5
  [Client  9] Round 13 | Hier-pFedMe(λ2=35.0) | loss=0.0066
  [Client  6] Round 13 | Hier-pFedMe(λ2=35.0) | loss=0.2783
  [Client  8] Round 13 | Hier-pFedMe(λ2=35.0) | loss=0.0118
  [Client  5] Round 13 | Hier-pFedMe(λ2=35.0) | loss=0.2360
  [Client  7] Round 13 | Hier-pFedMe(λ2=35.0) | loss=0.2846
  [Edge 1] G13 | E4 | loss=0.2020
  [Edge 1] G13 | E5 | Hier-pFedMe | Selected 5/5
  [Client  9] Round 13 | Hier-pFedMe(λ2=35.0) | loss=0.0432
  [Client  8] Round 13 | Hier-pFedMe(λ2=35.0) | loss=0.0318
  [Client  6] Round 13 | Hier-pFedMe(λ2=35.0) | loss=0.2646
  [Client  7] Round 13 | Hier-pFedMe(λ2=35.0) | loss=0.2535
  [Client  5] Round 13 | Hier-pFedMe(λ2=35.0) | loss=0.2445
  [Edge 1] G13 | E5 | loss=0.2000
  [Edge 2] G13 | E1 | Hier-pFedMe | Selected 5/5
  [Client 10] Round 13 | Hier-pFedMe(λ2=35.0) | loss=0.3361
  [Client 14] Round 13 | Hier-pFedMe(λ2=35.0) | loss=0.0373
  [Client 12] Round 13 | Hier-pFedMe(λ2=35.0) | loss=0.3250
  [Client 13] Round 13 | Hier-pFedMe(λ2=35.0) | loss=0.0368
  [Client 11] Round 13 | Hier-pFedMe(λ2=35.0) | loss=0.3774
  [Edge 2] G13 | E1 | loss=0.2225
  [Edge 2] G13 | E2 | Hier-pFedMe | Selected 5/5
  [Client 10] Round 13 | Hier-pFedMe(λ2=35.0) | loss=0.2395
  [Client 14] Round 13 | Hier-pFedMe(λ2=35.0) | loss=0.0079
  [Client 12] Round 13 | Hier-pFedMe(λ2=35.0) | loss=0.2117
  [Client 13] Round 13 | Hier-pFedMe(λ2=35.0) | loss=0.0066
  [Client 11] Round 13 | Hier-pFedMe(λ2=35.0) | loss=0.2609
  [Edge 2] G13 | E2 | loss=0.1453
  [Edge 2] G13 | E3 | Hier-pFedMe | Selected 5/5
  [Client 12] Round 13 | Hier-pFedMe(λ2=35.0) | loss=0.2058
  [Client 10] Round 13 | Hier-pFedMe(λ2=35.0) | loss=0.2122
  [Client 14] Round 13 | Hier-pFedMe(λ2=35.0) | loss=0.0132
  [Client 11] Round 13 | Hier-pFedMe(λ2=35.0) | loss=0.2456
  [Client 13] Round 13 | Hier-pFedMe(λ2=35.0) | loss=0.0117
  [Edge 2] G13 | E3 | loss=0.1377
  [Edge 2] G13 | E4 | Hier-pFedMe | Selected 5/5
  [Client 12] Round 13 | Hier-pFedMe(λ2=35.0) | loss=0.2176
  [Client 14] Round 13 | Hier-pFedMe(λ2=35.0) | loss=0.0080
  [Client 11] Round 13 | Hier-pFedMe(λ2=35.0) | loss=0.2282
  [Client 13] Round 13 | Hier-pFedMe(λ2=35.0) | loss=0.0087
  [Client 10] Round 13 | Hier-pFedMe(λ2=35.0) | loss=0.1938
  [Edge 2] G13 | E4 | loss=0.1313
  [Edge 2] G13 | E5 | Hier-pFedMe | Selected 5/5
  [Client 14] Round 13 | Hier-pFedMe(λ2=35.0) | loss=0.0123
  [Client 11] Round 13 | Hier-pFedMe(λ2=35.0) | loss=0.2281
  [Client 10] Round 13 | Hier-pFedMe(λ2=35.0) | loss=0.2188
  [Client 13] Round 13 | Hier-pFedMe(λ2=35.0) | loss=0.0064
  [Client 12] Round 13 | Hier-pFedMe(λ2=35.0) | loss=0.2206
  [Edge 2] G13 | E5 | loss=0.1372
  [Edge 3] G13 | E1 | Hier-pFedMe | Selected 5/5
  [Client 17] Round 13 | Hier-pFedMe(λ2=35.0) | loss=0.3205
  [Client 16] Round 13 | Hier-pFedMe(λ2=35.0) | loss=0.0352
  [Client 18] Round 13 | Hier-pFedMe(λ2=35.0) | loss=0.0302
  [Client 15] Round 13 | Hier-pFedMe(λ2=35.0) | loss=0.2883
  [Client 19] Round 13 | Hier-pFedMe(λ2=35.0) | loss=0.2576
  [Edge 3] G13 | E1 | loss=0.1863
  [Edge 3] G13 | E2 | Hier-pFedMe | Selected 5/5
  [Client 17] Round 13 | Hier-pFedMe(λ2=35.0) | loss=0.2005
  [Client 16] Round 13 | Hier-pFedMe(λ2=35.0) | loss=0.0071
  [Client 18] Round 13 | Hier-pFedMe(λ2=35.0) | loss=0.0088
  [Client 19] Round 13 | Hier-pFedMe(λ2=35.0) | loss=0.1914
  [Client 15] Round 13 | Hier-pFedMe(λ2=35.0) | loss=0.1945
  [Edge 3] G13 | E2 | loss=0.1205
  [Edge 3] G13 | E3 | Hier-pFedMe | Selected 5/5
  [Client 17] Round 13 | Hier-pFedMe(λ2=35.0) | loss=0.1885
  [Client 19] Round 13 | Hier-pFedMe(λ2=35.0) | loss=0.1933
  [Client 18] Round 13 | Hier-pFedMe(λ2=35.0) | loss=0.0079
  [Client 15] Round 13 | Hier-pFedMe(λ2=35.0) | loss=0.1887
  [Client 16] Round 13 | Hier-pFedMe(λ2=35.0) | loss=0.0105
  [Edge 3] G13 | E3 | loss=0.1178
  [Edge 3] G13 | E4 | Hier-pFedMe | Selected 5/5
  [Client 16] Round 13 | Hier-pFedMe(λ2=35.0) | loss=0.0079
  [Client 17] Round 13 | Hier-pFedMe(λ2=35.0) | loss=0.1679
  [Client 18] Round 13 | Hier-pFedMe(λ2=35.0) | loss=0.0075
  [Client 19] Round 13 | Hier-pFedMe(λ2=35.0) | loss=0.1845
  [Client 15] Round 13 | Hier-pFedMe(λ2=35.0) | loss=0.1907
  [Edge 3] G13 | E4 | loss=0.1117
  [Edge 3] G13 | E5 | Hier-pFedMe | Selected 5/5
  [Client 16] Round 13 | Hier-pFedMe(λ2=35.0) | loss=0.0143
  [Client 19] Round 13 | Hier-pFedMe(λ2=35.0) | loss=0.1656
  [Client 17] Round 13 | Hier-pFedMe(λ2=35.0) | loss=0.1602
  [Client 15] Round 13 | Hier-pFedMe(λ2=35.0) | loss=0.1767
  [Client 18] Round 13 | Hier-pFedMe(λ2=35.0) | loss=0.0063
  [Edge 3] G13 | E5 | loss=0.1046
  [Cloud] GM=0.1513 | EM=0.6310 | loss=2.2490 | time=131.7s | comm=4645.5MB (total=60392MB)

[Round  14] Broadcasting to 4 edges...
  [Edge 0] G14 | E1 | Hier-pFedMe | Selected 5/5
  [Client  3] Round 14 | Hier-pFedMe(λ2=35.0) | loss=0.2984
  [Client  4] Round 14 | Hier-pFedMe(λ2=35.0) | loss=0.3345
  [Client  1] Round 14 | Hier-pFedMe(λ2=35.0) | loss=0.2825
  [Client  2] Round 14 | Hier-pFedMe(λ2=35.0) | loss=0.3545
  [Client  0] Round 14 | Hier-pFedMe(λ2=35.0) | loss=0.3186
  [Edge 0] G14 | E1 | loss=0.3177
  [Edge 0] G14 | E2 | Hier-pFedMe | Selected 5/5
  [Client  2] Round 14 | Hier-pFedMe(λ2=35.0) | loss=0.2617
  [Client  4] Round 14 | Hier-pFedMe(λ2=35.0) | loss=0.2475
  [Client  0] Round 14 | Hier-pFedMe(λ2=35.0) | loss=0.2428
  [Client  3] Round 14 | Hier-pFedMe(λ2=35.0) | loss=0.2338
  [Client  1] Round 14 | Hier-pFedMe(λ2=35.0) | loss=0.2382
  [Edge 0] G14 | E2 | loss=0.2448
  [Edge 0] G14 | E3 | Hier-pFedMe | Selected 5/5
  [Client  2] Round 14 | Hier-pFedMe(λ2=35.0) | loss=0.2723
  [Client  3] Round 14 | Hier-pFedMe(λ2=35.0) | loss=0.2111
  [Client  1] Round 14 | Hier-pFedMe(λ2=35.0) | loss=0.2208
  [Client  4] Round 14 | Hier-pFedMe(λ2=35.0) | loss=0.2411
  [Client  0] Round 14 | Hier-pFedMe(λ2=35.0) | loss=0.2316
  [Edge 0] G14 | E3 | loss=0.2354
  [Edge 0] G14 | E4 | Hier-pFedMe | Selected 5/5
  [Client  4] Round 14 | Hier-pFedMe(λ2=35.0) | loss=0.2364
  [Client  2] Round 14 | Hier-pFedMe(λ2=35.0) | loss=0.2287
  [Client  1] Round 14 | Hier-pFedMe(λ2=35.0) | loss=0.2111
  [Client  3] Round 14 | Hier-pFedMe(λ2=35.0) | loss=0.1835
  [Client  0] Round 14 | Hier-pFedMe(λ2=35.0) | loss=0.2310
  [Edge 0] G14 | E4 | loss=0.2181
  [Edge 0] G14 | E5 | Hier-pFedMe | Selected 5/5
  [Client  3] Round 14 | Hier-pFedMe(λ2=35.0) | loss=0.1962
  [Client  2] Round 14 | Hier-pFedMe(λ2=35.0) | loss=0.2352
  [Client  1] Round 14 | Hier-pFedMe(λ2=35.0) | loss=0.1909
  [Client  0] Round 14 | Hier-pFedMe(λ2=35.0) | loss=0.2289
  [Client  4] Round 14 | Hier-pFedMe(λ2=35.0) | loss=0.2302
  [Edge 0] G14 | E5 | loss=0.2163
  [Edge 1] G14 | E1 | Hier-pFedMe | Selected 5/5
  [Client  8] Round 14 | Hier-pFedMe(λ2=35.0) | loss=0.0599
  [Client  9] Round 14 | Hier-pFedMe(λ2=35.0) | loss=0.0567
  [Client  6] Round 14 | Hier-pFedMe(λ2=35.0) | loss=0.3258
  [Client  5] Round 14 | Hier-pFedMe(λ2=35.0) | loss=0.3060
  [Client  7] Round 14 | Hier-pFedMe(λ2=35.0) | loss=0.3098
  [Edge 1] G14 | E1 | loss=0.2499
  [Edge 1] G14 | E2 | Hier-pFedMe | Selected 5/5
  [Client  8] Round 14 | Hier-pFedMe(λ2=35.0) | loss=0.0087
  [Client  9] Round 14 | Hier-pFedMe(λ2=35.0) | loss=0.0070
  [Client  7] Round 14 | Hier-pFedMe(λ2=35.0) | loss=0.2712
  [Client  5] Round 14 | Hier-pFedMe(λ2=35.0) | loss=0.2609
  [Client  6] Round 14 | Hier-pFedMe(λ2=35.0) | loss=0.2857
  [Edge 1] G14 | E2 | loss=0.2064
  [Edge 1] G14 | E3 | Hier-pFedMe | Selected 5/5
  [Client  9] Round 14 | Hier-pFedMe(λ2=35.0) | loss=0.0319
  [Client  8] Round 14 | Hier-pFedMe(λ2=35.0) | loss=0.0196
  [Client  7] Round 14 | Hier-pFedMe(λ2=35.0) | loss=0.2655
  [Client  5] Round 14 | Hier-pFedMe(λ2=35.0) | loss=0.2498
  [Client  6] Round 14 | Hier-pFedMe(λ2=35.0) | loss=0.2582
  [Edge 1] G14 | E3 | loss=0.1998
  [Edge 1] G14 | E4 | Hier-pFedMe | Selected 5/5
  [Client  9] Round 14 | Hier-pFedMe(λ2=35.0) | loss=0.0028
  [Client  8] Round 14 | Hier-pFedMe(λ2=35.0) | loss=0.0275
  [Client  6] Round 14 | Hier-pFedMe(λ2=35.0) | loss=0.2677
  [Client  5] Round 14 | Hier-pFedMe(λ2=35.0) | loss=0.2340
  [Client  7] Round 14 | Hier-pFedMe(λ2=35.0) | loss=0.2665
  [Edge 1] G14 | E4 | loss=0.1959
  [Edge 1] G14 | E5 | Hier-pFedMe | Selected 5/5
  [Client  9] Round 14 | Hier-pFedMe(λ2=35.0) | loss=0.1233
  [Client  7] Round 14 | Hier-pFedMe(λ2=35.0) | loss=0.2537
  [Client  6] Round 14 | Hier-pFedMe(λ2=35.0) | loss=0.2425
  [Client  5] Round 14 | Hier-pFedMe(λ2=35.0) | loss=0.2768
  [Client  8] Round 14 | Hier-pFedMe(λ2=35.0) | loss=0.0088
  [Edge 1] G14 | E5 | loss=0.2098
  [Edge 2] G14 | E1 | Hier-pFedMe | Selected 5/5
  [Client 14] Round 14 | Hier-pFedMe(λ2=35.0) | loss=0.0243
  [Client 12] Round 14 | Hier-pFedMe(λ2=35.0) | loss=0.3059
  [Client 13] Round 14 | Hier-pFedMe(λ2=35.0) | loss=0.0356
  [Client 11] Round 14 | Hier-pFedMe(λ2=35.0) | loss=0.3011
  [Client 10] Round 14 | Hier-pFedMe(λ2=35.0) | loss=0.2834
  [Edge 2] G14 | E1 | loss=0.1901
  [Edge 2] G14 | E2 | Hier-pFedMe | Selected 5/5
  [Client 10] Round 14 | Hier-pFedMe(λ2=35.0) | loss=0.2069
  [Client 12] Round 14 | Hier-pFedMe(λ2=35.0) | loss=0.2235
  [Client 13] Round 14 | Hier-pFedMe(λ2=35.0) | loss=0.0047
  [Client 11] Round 14 | Hier-pFedMe(λ2=35.0) | loss=0.2498
  [Client 14] Round 14 | Hier-pFedMe(λ2=35.0) | loss=0.0086
  [Edge 2] G14 | E2 | loss=0.1387
  [Edge 2] G14 | E3 | Hier-pFedMe | Selected 5/5
  [Client 12] Round 14 | Hier-pFedMe(λ2=35.0) | loss=0.2074
  [Client 14] Round 14 | Hier-pFedMe(λ2=35.0) | loss=0.0055
  [Client 13] Round 14 | Hier-pFedMe(λ2=35.0) | loss=0.0178
  [Client 10] Round 14 | Hier-pFedMe(λ2=35.0) | loss=0.2025
  [Client 11] Round 14 | Hier-pFedMe(λ2=35.0) | loss=0.2255
  [Edge 2] G14 | E3 | loss=0.1317
  [Edge 2] G14 | E4 | Hier-pFedMe | Selected 5/5
  [Client 10] Round 14 | Hier-pFedMe(λ2=35.0) | loss=0.1960
  [Client 11] Round 14 | Hier-pFedMe(λ2=35.0) | loss=0.2366
  [Client 14] Round 14 | Hier-pFedMe(λ2=35.0) | loss=0.0128
  [Client 13] Round 14 | Hier-pFedMe(λ2=35.0) | loss=0.0059
  [Client 12] Round 14 | Hier-pFedMe(λ2=35.0) | loss=0.2012
  [Edge 2] G14 | E4 | loss=0.1305
  [Edge 2] G14 | E5 | Hier-pFedMe | Selected 5/5
  [Client 10] Round 14 | Hier-pFedMe(λ2=35.0) | loss=0.1815
  [Client 12] Round 14 | Hier-pFedMe(λ2=35.0) | loss=0.1779
  [Client 13] Round 14 | Hier-pFedMe(λ2=35.0) | loss=0.0152
  [Client 11] Round 14 | Hier-pFedMe(λ2=35.0) | loss=0.2051
  [Client 14] Round 14 | Hier-pFedMe(λ2=35.0) | loss=0.0047
  [Edge 2] G14 | E5 | loss=0.1169
  [Edge 3] G14 | E1 | Hier-pFedMe | Selected 5/5
  [Client 16] Round 14 | Hier-pFedMe(λ2=35.0) | loss=0.0289
  [Client 15] Round 14 | Hier-pFedMe(λ2=35.0) | loss=0.2968
  [Client 19] Round 14 | Hier-pFedMe(λ2=35.0) | loss=0.2861
  [Client 18] Round 14 | Hier-pFedMe(λ2=35.0) | loss=0.0331
  [Client 17] Round 14 | Hier-pFedMe(λ2=35.0) | loss=0.2655
  [Edge 3] G14 | E1 | loss=0.1821
  [Edge 3] G14 | E2 | Hier-pFedMe | Selected 5/5
  [Client 17] Round 14 | Hier-pFedMe(λ2=35.0) | loss=0.1845
  [Client 15] Round 14 | Hier-pFedMe(λ2=35.0) | loss=0.2021
  [Client 18] Round 14 | Hier-pFedMe(λ2=35.0) | loss=0.0106
  [Client 16] Round 14 | Hier-pFedMe(λ2=35.0) | loss=0.0092
  [Client 19] Round 14 | Hier-pFedMe(λ2=35.0) | loss=0.1773
  [Edge 3] G14 | E2 | loss=0.1167
  [Edge 3] G14 | E3 | Hier-pFedMe | Selected 5/5
  [Client 15] Round 14 | Hier-pFedMe(λ2=35.0) | loss=0.1783
  [Client 17] Round 14 | Hier-pFedMe(λ2=35.0) | loss=0.1765
  [Client 18] Round 14 | Hier-pFedMe(λ2=35.0) | loss=0.0080
  [Client 19] Round 14 | Hier-pFedMe(λ2=35.0) | loss=0.1720
  [Client 16] Round 14 | Hier-pFedMe(λ2=35.0) | loss=0.0117
  [Edge 3] G14 | E3 | loss=0.1093
  [Edge 3] G14 | E4 | Hier-pFedMe | Selected 5/5
  [Client 17] Round 14 | Hier-pFedMe(λ2=35.0) | loss=0.1586
  [Client 15] Round 14 | Hier-pFedMe(λ2=35.0) | loss=0.1655
  [Client 16] Round 14 | Hier-pFedMe(λ2=35.0) | loss=0.0059
  [Client 18] Round 14 | Hier-pFedMe(λ2=35.0) | loss=0.0129
  [Client 19] Round 14 | Hier-pFedMe(λ2=35.0) | loss=0.1725
  [Edge 3] G14 | E4 | loss=0.1031
  [Edge 3] G14 | E5 | Hier-pFedMe | Selected 5/5
  [Client 15] Round 14 | Hier-pFedMe(λ2=35.0) | loss=0.1781
  [Client 17] Round 14 | Hier-pFedMe(λ2=35.0) | loss=0.1625
  [Client 19] Round 14 | Hier-pFedMe(λ2=35.0) | loss=0.1604
  [Client 18] Round 14 | Hier-pFedMe(λ2=35.0) | loss=0.0106
  [Client 16] Round 14 | Hier-pFedMe(λ2=35.0) | loss=0.0104
  [Edge 3] G14 | E5 | loss=0.1044
  [Cloud] GM=0.1702 | EM=0.5882 | loss=2.2447 | time=130.4s | comm=4645.5MB (total=65037MB)

[Round  15] Broadcasting to 4 edges...
  [Edge 0] G15 | E1 | Hier-pFedMe | Selected 5/5
  [Client  4] Round 15 | Hier-pFedMe(λ2=35.0) | loss=0.3232
  [Client  3] Round 15 | Hier-pFedMe(λ2=35.0) | loss=0.2969
  [Client  1] Round 15 | Hier-pFedMe(λ2=35.0) | loss=0.2934
  [Client  0] Round 15 | Hier-pFedMe(λ2=35.0) | loss=0.2896
  [Client  2] Round 15 | Hier-pFedMe(λ2=35.0) | loss=0.3350
  [Edge 0] G15 | E1 | loss=0.3076
  [Edge 0] G15 | E2 | Hier-pFedMe | Selected 5/5
  [Client  3] Round 15 | Hier-pFedMe(λ2=35.0) | loss=0.2085
  [Client  1] Round 15 | Hier-pFedMe(λ2=35.0) | loss=0.2312
  [Client  0] Round 15 | Hier-pFedMe(λ2=35.0) | loss=0.2555
  [Client  4] Round 15 | Hier-pFedMe(λ2=35.0) | loss=0.2391
  [Client  2] Round 15 | Hier-pFedMe(λ2=35.0) | loss=0.2410
  [Edge 0] G15 | E2 | loss=0.2351
  [Edge 0] G15 | E3 | Hier-pFedMe | Selected 5/5
  [Client  1] Round 15 | Hier-pFedMe(λ2=35.0) | loss=0.2043
  [Client  3] Round 15 | Hier-pFedMe(λ2=35.0) | loss=0.2024
  [Client  4] Round 15 | Hier-pFedMe(λ2=35.0) | loss=0.2264
  [Client  0] Round 15 | Hier-pFedMe(λ2=35.0) | loss=0.2482
  [Client  2] Round 15 | Hier-pFedMe(λ2=35.0) | loss=0.2355
  [Edge 0] G15 | E3 | loss=0.2234
  [Edge 0] G15 | E4 | Hier-pFedMe | Selected 5/5
  [Client  3] Round 15 | Hier-pFedMe(λ2=35.0) | loss=0.2064
  [Client  4] Round 15 | Hier-pFedMe(λ2=35.0) | loss=0.2034
  [Client  2] Round 15 | Hier-pFedMe(λ2=35.0) | loss=0.2514
  [Client  0] Round 15 | Hier-pFedMe(λ2=35.0) | loss=0.2239
  [Client  1] Round 15 | Hier-pFedMe(λ2=35.0) | loss=0.2022
  [Edge 0] G15 | E4 | loss=0.2175
  [Edge 0] G15 | E5 | Hier-pFedMe | Selected 5/5
  [Client  4] Round 15 | Hier-pFedMe(λ2=35.0) | loss=0.2205
  [Client  2] Round 15 | Hier-pFedMe(λ2=35.0) | loss=0.2191
  [Client  0] Round 15 | Hier-pFedMe(λ2=35.0) | loss=0.1930
  [Client  1] Round 15 | Hier-pFedMe(λ2=35.0) | loss=0.2001
  [Client  3] Round 15 | Hier-pFedMe(λ2=35.0) | loss=0.1814
  [Edge 0] G15 | E5 | loss=0.2028
  [Edge 1] G15 | E1 | Hier-pFedMe | Selected 5/5
  [Client  9] Round 15 | Hier-pFedMe(λ2=35.0) | loss=0.0623
  [Client  8] Round 15 | Hier-pFedMe(λ2=35.0) | loss=0.0651
  [Client  6] Round 15 | Hier-pFedMe(λ2=35.0) | loss=0.2918
  [Client  5] Round 15 | Hier-pFedMe(λ2=35.0) | loss=0.2888
  [Client  7] Round 15 | Hier-pFedMe(λ2=35.0) | loss=0.3249
  [Edge 1] G15 | E1 | loss=0.2423
  [Edge 1] G15 | E2 | Hier-pFedMe | Selected 5/5
  [Client  9] Round 15 | Hier-pFedMe(λ2=35.0) | loss=0.0107
  [Client  6] Round 15 | Hier-pFedMe(λ2=35.0) | loss=0.2628
  [Client  5] Round 15 | Hier-pFedMe(λ2=35.0) | loss=0.2269
  [Client  7] Round 15 | Hier-pFedMe(λ2=35.0) | loss=0.2704
  [Client  8] Round 15 | Hier-pFedMe(λ2=35.0) | loss=0.0068
  [Edge 1] G15 | E2 | loss=0.1922
  [Edge 1] G15 | E3 | Hier-pFedMe | Selected 5/5
  [Client  8] Round 15 | Hier-pFedMe(λ2=35.0) | loss=0.0389
  [Client  6] Round 15 | Hier-pFedMe(λ2=35.0) | loss=0.2632
  [Client  7] Round 15 | Hier-pFedMe(λ2=35.0) | loss=0.2497
  [Client  9] Round 15 | Hier-pFedMe(λ2=35.0) | loss=0.0192
  [Client  5] Round 15 | Hier-pFedMe(λ2=35.0) | loss=0.2414
  [Edge 1] G15 | E3 | loss=0.1958
  [Edge 1] G15 | E4 | Hier-pFedMe | Selected 5/5
  [Client  8] Round 15 | Hier-pFedMe(λ2=35.0) | loss=0.0054
  [Client  9] Round 15 | Hier-pFedMe(λ2=35.0) | loss=0.0246
  [Client  6] Round 15 | Hier-pFedMe(λ2=35.0) | loss=0.2629
  [Client  7] Round 15 | Hier-pFedMe(λ2=35.0) | loss=0.2430
  [Client  5] Round 15 | Hier-pFedMe(λ2=35.0) | loss=0.2339
  [Edge 1] G15 | E4 | loss=0.1887
  [Edge 1] G15 | E5 | Hier-pFedMe | Selected 5/5
  [Client  9] Round 15 | Hier-pFedMe(λ2=35.0) | loss=0.0152
  [Client  6] Round 15 | Hier-pFedMe(λ2=35.0) | loss=0.2267
  [Client  5] Round 15 | Hier-pFedMe(λ2=35.0) | loss=0.2259
  [Client  7] Round 15 | Hier-pFedMe(λ2=35.0) | loss=0.2775
  [Client  8] Round 15 | Hier-pFedMe(λ2=35.0) | loss=0.0909
  [Edge 1] G15 | E5 | loss=0.1958
  [Edge 2] G15 | E1 | Hier-pFedMe | Selected 5/5
  [Client 10] Round 15 | Hier-pFedMe(λ2=35.0) | loss=0.2870
  [Client 12] Round 15 | Hier-pFedMe(λ2=35.0) | loss=0.2966
  [Client 14] Round 15 | Hier-pFedMe(λ2=35.0) | loss=0.0385
  [Client 11] Round 15 | Hier-pFedMe(λ2=35.0) | loss=0.3850
  [Client 13] Round 15 | Hier-pFedMe(λ2=35.0) | loss=0.0306
  [Edge 2] G15 | E1 | loss=0.2075
  [Edge 2] G15 | E2 | Hier-pFedMe | Selected 5/5
  [Client 12] Round 15 | Hier-pFedMe(λ2=35.0) | loss=0.2162
  [Client 10] Round 15 | Hier-pFedMe(λ2=35.0) | loss=0.2035
  [Client 14] Round 15 | Hier-pFedMe(λ2=35.0) | loss=0.0088
  [Client 11] Round 15 | Hier-pFedMe(λ2=35.0) | loss=0.2152
  [Client 13] Round 15 | Hier-pFedMe(λ2=35.0) | loss=0.0072
  [Edge 2] G15 | E2 | loss=0.1302
  [Edge 2] G15 | E3 | Hier-pFedMe | Selected 5/5
  [Client 14] Round 15 | Hier-pFedMe(λ2=35.0) | loss=0.0121
  [Client 11] Round 15 | Hier-pFedMe(λ2=35.0) | loss=0.2018
  [Client 13] Round 15 | Hier-pFedMe(λ2=35.0) | loss=0.0086
  [Client 12] Round 15 | Hier-pFedMe(λ2=35.0) | loss=0.2157
  [Client 10] Round 15 | Hier-pFedMe(λ2=35.0) | loss=0.2253
  [Edge 2] G15 | E3 | loss=0.1327
  [Edge 2] G15 | E4 | Hier-pFedMe | Selected 5/5
  [Client 10] Round 15 | Hier-pFedMe(λ2=35.0) | loss=0.1909
  [Client 12] Round 15 | Hier-pFedMe(λ2=35.0) | loss=0.1975
  [Client 13] Round 15 | Hier-pFedMe(λ2=35.0) | loss=0.0128
  [Client 11] Round 15 | Hier-pFedMe(λ2=35.0) | loss=0.1954
  [Client 14] Round 15 | Hier-pFedMe(λ2=35.0) | loss=0.0121
  [Edge 2] G15 | E4 | loss=0.1217
  [Edge 2] G15 | E5 | Hier-pFedMe | Selected 5/5
  [Client 10] Round 15 | Hier-pFedMe(λ2=35.0) | loss=0.1706
  [Client 14] Round 15 | Hier-pFedMe(λ2=35.0) | loss=0.0104
  [Client 12] Round 15 | Hier-pFedMe(λ2=35.0) | loss=0.1928
  [Client 13] Round 15 | Hier-pFedMe(λ2=35.0) | loss=0.0084
  [Client 11] Round 15 | Hier-pFedMe(λ2=35.0) | loss=0.2239
  [Edge 2] G15 | E5 | loss=0.1212
  [Edge 3] G15 | E1 | Hier-pFedMe | Selected 5/5
  [Client 17] Round 15 | Hier-pFedMe(λ2=35.0) | loss=0.2677
  [Client 15] Round 15 | Hier-pFedMe(λ2=35.0) | loss=0.2687
  [Client 18] Round 15 | Hier-pFedMe(λ2=35.0) | loss=0.0295
  [Client 19] Round 15 | Hier-pFedMe(λ2=35.0) | loss=0.2572
  [Client 16] Round 15 | Hier-pFedMe(λ2=35.0) | loss=0.0340
  [Edge 3] G15 | E1 | loss=0.1714
  [Edge 3] G15 | E2 | Hier-pFedMe | Selected 5/5
  [Client 19] Round 15 | Hier-pFedMe(λ2=35.0) | loss=0.1945
  [Client 18] Round 15 | Hier-pFedMe(λ2=35.0) | loss=0.0088
  [Client 17] Round 15 | Hier-pFedMe(λ2=35.0) | loss=0.1881
  [Client 16] Round 15 | Hier-pFedMe(λ2=35.0) | loss=0.0078
  [Client 15] Round 15 | Hier-pFedMe(λ2=35.0) | loss=0.1764
  [Edge 3] G15 | E2 | loss=0.1151
  [Edge 3] G15 | E3 | Hier-pFedMe | Selected 5/5
  [Client 16] Round 15 | Hier-pFedMe(λ2=35.0) | loss=0.0120
  [Client 17] Round 15 | Hier-pFedMe(λ2=35.0) | loss=0.1823
  [Client 18] Round 15 | Hier-pFedMe(λ2=35.0) | loss=0.0087
  [Client 15] Round 15 | Hier-pFedMe(λ2=35.0) | loss=0.1899
  [Client 19] Round 15 | Hier-pFedMe(λ2=35.0) | loss=0.1831
  [Edge 3] G15 | E3 | loss=0.1152
  [Edge 3] G15 | E4 | Hier-pFedMe | Selected 5/5
  [Client 15] Round 15 | Hier-pFedMe(λ2=35.0) | loss=0.1667
  [Client 16] Round 15 | Hier-pFedMe(λ2=35.0) | loss=0.0083
  [Client 17] Round 15 | Hier-pFedMe(λ2=35.0) | loss=0.1706
  [Client 18] Round 15 | Hier-pFedMe(λ2=35.0) | loss=0.0079
  [Client 19] Round 15 | Hier-pFedMe(λ2=35.0) | loss=0.1562
  [Edge 3] G15 | E4 | loss=0.1020
  [Edge 3] G15 | E5 | Hier-pFedMe | Selected 5/5
  [Client 17] Round 15 | Hier-pFedMe(λ2=35.0) | loss=0.1600
  [Client 18] Round 15 | Hier-pFedMe(λ2=35.0) | loss=0.0094
  [Client 15] Round 15 | Hier-pFedMe(λ2=35.0) | loss=0.1616
  [Client 19] Round 15 | Hier-pFedMe(λ2=35.0) | loss=0.1524
  [Client 16] Round 15 | Hier-pFedMe(λ2=35.0) | loss=0.0108
  [Edge 3] G15 | E5 | loss=0.0989
  [Cloud] GM=0.1601 | EM=0.5796 | loss=2.2465 | time=132.5s | comm=4645.5MB (total=69683MB)

[Round  16] Broadcasting to 4 edges...
  [Edge 0] G16 | E1 | Hier-pFedMe | Selected 5/5
  [Client  4] Round 16 | Hier-pFedMe(λ2=35.0) | loss=0.2830
  [Client  2] Round 16 | Hier-pFedMe(λ2=35.0) | loss=0.3098
  [Client  3] Round 16 | Hier-pFedMe(λ2=35.0) | loss=0.2941
  [Client  1] Round 16 | Hier-pFedMe(λ2=35.0) | loss=0.2951
  [Client  0] Round 16 | Hier-pFedMe(λ2=35.0) | loss=0.3084
  [Edge 0] G16 | E1 | loss=0.2981
  [Edge 0] G16 | E2 | Hier-pFedMe | Selected 5/5
  [Client  3] Round 16 | Hier-pFedMe(λ2=35.0) | loss=0.1917
  [Client  1] Round 16 | Hier-pFedMe(λ2=35.0) | loss=0.2286
  [Client  4] Round 16 | Hier-pFedMe(λ2=35.0) | loss=0.2268
  [Client  0] Round 16 | Hier-pFedMe(λ2=35.0) | loss=0.2237
  [Client  2] Round 16 | Hier-pFedMe(λ2=35.0) | loss=0.2238
  [Edge 0] G16 | E2 | loss=0.2189
  [Edge 0] G16 | E3 | Hier-pFedMe | Selected 5/5
  [Client  1] Round 16 | Hier-pFedMe(λ2=35.0) | loss=0.2027
  [Client  0] Round 16 | Hier-pFedMe(λ2=35.0) | loss=0.2106
  [Client  4] Round 16 | Hier-pFedMe(λ2=35.0) | loss=0.2170
  [Client  2] Round 16 | Hier-pFedMe(λ2=35.0) | loss=0.2271
  [Client  3] Round 16 | Hier-pFedMe(λ2=35.0) | loss=0.2244
  [Edge 0] G16 | E3 | loss=0.2164
  [Edge 0] G16 | E4 | Hier-pFedMe | Selected 5/5
  [Client  3] Round 16 | Hier-pFedMe(λ2=35.0) | loss=0.1770
  [Client  0] Round 16 | Hier-pFedMe(λ2=35.0) | loss=0.2112
  [Client  2] Round 16 | Hier-pFedMe(λ2=35.0) | loss=0.2337
  [Client  1] Round 16 | Hier-pFedMe(λ2=35.0) | loss=0.2084
  [Client  4] Round 16 | Hier-pFedMe(λ2=35.0) | loss=0.2216
  [Edge 0] G16 | E4 | loss=0.2104
  [Edge 0] G16 | E5 | Hier-pFedMe | Selected 5/5
  [Client  4] Round 16 | Hier-pFedMe(λ2=35.0) | loss=0.2084
  [Client  1] Round 16 | Hier-pFedMe(λ2=35.0) | loss=0.1895
  [Client  2] Round 16 | Hier-pFedMe(λ2=35.0) | loss=0.2093
  [Client  0] Round 16 | Hier-pFedMe(λ2=35.0) | loss=0.1906
  [Client  3] Round 16 | Hier-pFedMe(λ2=35.0) | loss=0.1916
  [Edge 0] G16 | E5 | loss=0.1979
  [Edge 1] G16 | E1 | Hier-pFedMe | Selected 5/5
  [Client  9] Round 16 | Hier-pFedMe(λ2=35.0) | loss=0.0697
  [Client  5] Round 16 | Hier-pFedMe(λ2=35.0) | loss=0.2688
  [Client  7] Round 16 | Hier-pFedMe(λ2=35.0) | loss=0.2871
  [Client  6] Round 16 | Hier-pFedMe(λ2=35.0) | loss=0.2866
  [Client  8] Round 16 | Hier-pFedMe(λ2=35.0) | loss=0.0585
  [Edge 1] G16 | E1 | loss=0.2266
  [Edge 1] G16 | E2 | Hier-pFedMe | Selected 5/5
  [Client  9] Round 16 | Hier-pFedMe(λ2=35.0) | loss=0.0129
  [Client  8] Round 16 | Hier-pFedMe(λ2=35.0) | loss=0.0070
  [Client  7] Round 16 | Hier-pFedMe(λ2=35.0) | loss=0.2616
  [Client  5] Round 16 | Hier-pFedMe(λ2=35.0) | loss=0.2271
  [Client  6] Round 16 | Hier-pFedMe(λ2=35.0) | loss=0.2613
  [Edge 1] G16 | E2 | loss=0.1900
  [Edge 1] G16 | E3 | Hier-pFedMe | Selected 5/5
  [Client  9] Round 16 | Hier-pFedMe(λ2=35.0) | loss=0.0156
  [Client  8] Round 16 | Hier-pFedMe(λ2=35.0) | loss=0.0401
  [Client  5] Round 16 | Hier-pFedMe(λ2=35.0) | loss=0.2319
  [Client  6] Round 16 | Hier-pFedMe(λ2=35.0) | loss=0.2298
  [Client  7] Round 16 | Hier-pFedMe(λ2=35.0) | loss=0.2532
  [Edge 1] G16 | E3 | loss=0.1857
  [Edge 1] G16 | E4 | Hier-pFedMe | Selected 5/5
  [Client  9] Round 16 | Hier-pFedMe(λ2=35.0) | loss=0.0348
  [Client  6] Round 16 | Hier-pFedMe(λ2=35.0) | loss=0.2495
  [Client  7] Round 16 | Hier-pFedMe(λ2=35.0) | loss=0.2516
  [Client  5] Round 16 | Hier-pFedMe(λ2=35.0) | loss=0.2243
  [Client  8] Round 16 | Hier-pFedMe(λ2=35.0) | loss=0.0055
  [Edge 1] G16 | E4 | loss=0.1864
  [Edge 1] G16 | E5 | Hier-pFedMe | Selected 5/5
  [Client  8] Round 16 | Hier-pFedMe(λ2=35.0) | loss=0.1146
  [Client  9] Round 16 | Hier-pFedMe(λ2=35.0) | loss=0.0052
  [Client  6] Round 16 | Hier-pFedMe(λ2=35.0) | loss=0.2386
  [Client  5] Round 16 | Hier-pFedMe(λ2=35.0) | loss=0.2057
  [Client  7] Round 16 | Hier-pFedMe(λ2=35.0) | loss=0.2808
  [Edge 1] G16 | E5 | loss=0.1962
  [Edge 2] G16 | E1 | Hier-pFedMe | Selected 5/5
  [Client 14] Round 16 | Hier-pFedMe(λ2=35.0) | loss=0.0245
  [Client 12] Round 16 | Hier-pFedMe(λ2=35.0) | loss=0.2774
  [Client 13] Round 16 | Hier-pFedMe(λ2=35.0) | loss=0.0346
  [Client 11] Round 16 | Hier-pFedMe(λ2=35.0) | loss=0.2729
  [Client 10] Round 16 | Hier-pFedMe(λ2=35.0) | loss=0.2781
  [Edge 2] G16 | E1 | loss=0.1775
  [Edge 2] G16 | E2 | Hier-pFedMe | Selected 5/5
  [Client 14] Round 16 | Hier-pFedMe(λ2=35.0) | loss=0.0113
  [Client 12] Round 16 | Hier-pFedMe(λ2=35.0) | loss=0.1931
  [Client 10] Round 16 | Hier-pFedMe(λ2=35.0) | loss=0.1957
  [Client 11] Round 16 | Hier-pFedMe(λ2=35.0) | loss=0.2169
  [Client 13] Round 16 | Hier-pFedMe(λ2=35.0) | loss=0.0058
  [Edge 2] G16 | E2 | loss=0.1246
  [Edge 2] G16 | E3 | Hier-pFedMe | Selected 5/5
  [Client 10] Round 16 | Hier-pFedMe(λ2=35.0) | loss=0.1712
  [Client 12] Round 16 | Hier-pFedMe(λ2=35.0) | loss=0.1791
  [Client 14] Round 16 | Hier-pFedMe(λ2=35.0) | loss=0.0094
  [Client 11] Round 16 | Hier-pFedMe(λ2=35.0) | loss=0.1941
  [Client 13] Round 16 | Hier-pFedMe(λ2=35.0) | loss=0.0104
  [Edge 2] G16 | E3 | loss=0.1128
  [Edge 2] G16 | E4 | Hier-pFedMe | Selected 5/5
  [Client 10] Round 16 | Hier-pFedMe(λ2=35.0) | loss=0.1800
  [Client 14] Round 16 | Hier-pFedMe(λ2=35.0) | loss=0.0079
  [Client 12] Round 16 | Hier-pFedMe(λ2=35.0) | loss=0.1815
  [Client 13] Round 16 | Hier-pFedMe(λ2=35.0) | loss=0.0077
  [Client 11] Round 16 | Hier-pFedMe(λ2=35.0) | loss=0.1883
  [Edge 2] G16 | E4 | loss=0.1131
  [Edge 2] G16 | E5 | Hier-pFedMe | Selected 5/5
  [Client 14] Round 16 | Hier-pFedMe(λ2=35.0) | loss=0.0085
  [Client 10] Round 16 | Hier-pFedMe(λ2=35.0) | loss=0.1828
  [Client 13] Round 16 | Hier-pFedMe(λ2=35.0) | loss=0.0072
  [Client 12] Round 16 | Hier-pFedMe(λ2=35.0) | loss=0.1772
  [Client 11] Round 16 | Hier-pFedMe(λ2=35.0) | loss=0.1917
  [Edge 2] G16 | E5 | loss=0.1135
  [Edge 3] G16 | E1 | Hier-pFedMe | Selected 5/5
  [Client 16] Round 16 | Hier-pFedMe(λ2=35.0) | loss=0.0381
  [Client 17] Round 16 | Hier-pFedMe(λ2=35.0) | loss=0.2418
  [Client 19] Round 16 | Hier-pFedMe(λ2=35.0) | loss=0.2482
  [Client 18] Round 16 | Hier-pFedMe(λ2=35.0) | loss=0.0314
  [Client 15] Round 16 | Hier-pFedMe(λ2=35.0) | loss=0.2569
  [Edge 3] G16 | E1 | loss=0.1633
  [Edge 3] G16 | E2 | Hier-pFedMe | Selected 5/5
  [Client 15] Round 16 | Hier-pFedMe(λ2=35.0) | loss=0.1593
  [Client 17] Round 16 | Hier-pFedMe(λ2=35.0) | loss=0.1770
  [Client 19] Round 16 | Hier-pFedMe(λ2=35.0) | loss=0.1718
  [Client 16] Round 16 | Hier-pFedMe(λ2=35.0) | loss=0.0087
  [Client 18] Round 16 | Hier-pFedMe(λ2=35.0) | loss=0.0097
  [Edge 3] G16 | E2 | loss=0.1053
  [Edge 3] G16 | E3 | Hier-pFedMe | Selected 5/5
  [Client 17] Round 16 | Hier-pFedMe(λ2=35.0) | loss=0.1837
  [Client 16] Round 16 | Hier-pFedMe(λ2=35.0) | loss=0.0089
  [Client 18] Round 16 | Hier-pFedMe(λ2=35.0) | loss=0.0100
  [Client 19] Round 16 | Hier-pFedMe(λ2=35.0) | loss=0.1729
  [Client 15] Round 16 | Hier-pFedMe(λ2=35.0) | loss=0.1729
  [Edge 3] G16 | E3 | loss=0.1097
  [Edge 3] G16 | E4 | Hier-pFedMe | Selected 5/5
  [Client 17] Round 16 | Hier-pFedMe(λ2=35.0) | loss=0.1751
  [Client 16] Round 16 | Hier-pFedMe(λ2=35.0) | loss=0.0122
  [Client 19] Round 16 | Hier-pFedMe(λ2=35.0) | loss=0.1643
  [Client 18] Round 16 | Hier-pFedMe(λ2=35.0) | loss=0.0054
  [Client 15] Round 16 | Hier-pFedMe(λ2=35.0) | loss=0.1815
  [Edge 3] G16 | E4 | loss=0.1077
  [Edge 3] G16 | E5 | Hier-pFedMe | Selected 5/5
  [Client 17] Round 16 | Hier-pFedMe(λ2=35.0) | loss=0.1691
  [Client 18] Round 16 | Hier-pFedMe(λ2=35.0) | loss=0.0096
  [Client 16] Round 16 | Hier-pFedMe(λ2=35.0) | loss=0.0084
  [Client 19] Round 16 | Hier-pFedMe(λ2=35.0) | loss=0.1370
  [Client 15] Round 16 | Hier-pFedMe(λ2=35.0) | loss=0.1473
  [Edge 3] G16 | E5 | loss=0.0943
  [Cloud] GM=0.1517 | EM=0.5309 | loss=2.2490 | time=132.1s | comm=4645.5MB (total=74328MB)

[Round  17] Broadcasting to 4 edges...
  [Edge 0] G17 | E1 | Hier-pFedMe | Selected 5/5
  [Client  3] Round 17 | Hier-pFedMe(λ2=35.0) | loss=0.2728
  [Client  0] Round 17 | Hier-pFedMe(λ2=35.0) | loss=0.2970
  [Client  4] Round 17 | Hier-pFedMe(λ2=35.0) | loss=0.3124
  [Client  2] Round 17 | Hier-pFedMe(λ2=35.0) | loss=0.2795
  [Client  1] Round 17 | Hier-pFedMe(λ2=35.0) | loss=0.2711
  [Edge 0] G17 | E1 | loss=0.2866
  [Edge 0] G17 | E2 | Hier-pFedMe | Selected 5/5
  [Client  4] Round 17 | Hier-pFedMe(λ2=35.0) | loss=0.2352
  [Client  2] Round 17 | Hier-pFedMe(λ2=35.0) | loss=0.2188
  [Client  3] Round 17 | Hier-pFedMe(λ2=35.0) | loss=0.1942
  [Client  1] Round 17 | Hier-pFedMe(λ2=35.0) | loss=0.2058
  [Client  0] Round 17 | Hier-pFedMe(λ2=35.0) | loss=0.2022
  [Edge 0] G17 | E2 | loss=0.2112
  [Edge 0] G17 | E3 | Hier-pFedMe | Selected 5/5
  [Client  1] Round 17 | Hier-pFedMe(λ2=35.0) | loss=0.1903
  [Client  2] Round 17 | Hier-pFedMe(λ2=35.0) | loss=0.2252
  [Client  4] Round 17 | Hier-pFedMe(λ2=35.0) | loss=0.2103
  [Client  0] Round 17 | Hier-pFedMe(λ2=35.0) | loss=0.1936
  [Client  3] Round 17 | Hier-pFedMe(λ2=35.0) | loss=0.1822
  [Edge 0] G17 | E3 | loss=0.2003
  [Edge 0] G17 | E4 | Hier-pFedMe | Selected 5/5
  [Client  1] Round 17 | Hier-pFedMe(λ2=35.0) | loss=0.1697
  [Client  3] Round 17 | Hier-pFedMe(λ2=35.0) | loss=0.1796
  [Client  4] Round 17 | Hier-pFedMe(λ2=35.0) | loss=0.1991
  [Client  0] Round 17 | Hier-pFedMe(λ2=35.0) | loss=0.1950
  [Client  2] Round 17 | Hier-pFedMe(λ2=35.0) | loss=0.2010
  [Edge 0] G17 | E4 | loss=0.1889
  [Edge 0] G17 | E5 | Hier-pFedMe | Selected 5/5
  [Client  1] Round 17 | Hier-pFedMe(λ2=35.0) | loss=0.1778
  [Client  0] Round 17 | Hier-pFedMe(λ2=35.0) | loss=0.1946
  [Client  4] Round 17 | Hier-pFedMe(λ2=35.0) | loss=0.1929
  [Client  2] Round 17 | Hier-pFedMe(λ2=35.0) | loss=0.2096
  [Client  3] Round 17 | Hier-pFedMe(λ2=35.0) | loss=0.1685
  [Edge 0] G17 | E5 | loss=0.1887
  [Edge 1] G17 | E1 | Hier-pFedMe | Selected 5/5
  [Client  8] Round 17 | Hier-pFedMe(λ2=35.0) | loss=0.0552
  [Client  9] Round 17 | Hier-pFedMe(λ2=35.0) | loss=0.0748
  [Client  6] Round 17 | Hier-pFedMe(λ2=35.0) | loss=0.2745
  [Client  7] Round 17 | Hier-pFedMe(λ2=35.0) | loss=0.2824
  [Client  5] Round 17 | Hier-pFedMe(λ2=35.0) | loss=0.2529
  [Edge 1] G17 | E1 | loss=0.2187
  [Edge 1] G17 | E2 | Hier-pFedMe | Selected 5/5
  [Client  9] Round 17 | Hier-pFedMe(λ2=35.0) | loss=0.0086
  [Client  8] Round 17 | Hier-pFedMe(λ2=35.0) | loss=0.0094
  [Client  6] Round 17 | Hier-pFedMe(λ2=35.0) | loss=0.2599
  [Client  5] Round 17 | Hier-pFedMe(λ2=35.0) | loss=0.2343
  [Client  7] Round 17 | Hier-pFedMe(λ2=35.0) | loss=0.2497
  [Edge 1] G17 | E2 | loss=0.1882
  [Edge 1] G17 | E3 | Hier-pFedMe | Selected 5/5
  [Client  9] Round 17 | Hier-pFedMe(λ2=35.0) | loss=0.0285
  [Client  8] Round 17 | Hier-pFedMe(λ2=35.0) | loss=0.0285
  [Client  5] Round 17 | Hier-pFedMe(λ2=35.0) | loss=0.2270
  [Client  6] Round 17 | Hier-pFedMe(λ2=35.0) | loss=0.2287
  [Client  7] Round 17 | Hier-pFedMe(λ2=35.0) | loss=0.2421
  [Edge 1] G17 | E3 | loss=0.1816
  [Edge 1] G17 | E4 | Hier-pFedMe | Selected 5/5
  [Client  8] Round 17 | Hier-pFedMe(λ2=35.0) | loss=0.0108
  [Client  7] Round 17 | Hier-pFedMe(λ2=35.0) | loss=0.2416
  [Client  9] Round 17 | Hier-pFedMe(λ2=35.0) | loss=0.0067
  [Client  6] Round 17 | Hier-pFedMe(λ2=35.0) | loss=0.2403
  [Client  5] Round 17 | Hier-pFedMe(λ2=35.0) | loss=0.2156
  [Edge 1] G17 | E4 | loss=0.1765
  [Edge 1] G17 | E5 | Hier-pFedMe | Selected 5/5
  [Client  8] Round 17 | Hier-pFedMe(λ2=35.0) | loss=0.0249
  [Client  9] Round 17 | Hier-pFedMe(λ2=35.0) | loss=0.0339
  [Client  7] Round 17 | Hier-pFedMe(λ2=35.0) | loss=0.2299
  [Client  5] Round 17 | Hier-pFedMe(λ2=35.0) | loss=0.2281
  [Client  6] Round 17 | Hier-pFedMe(λ2=35.0) | loss=0.2194
  [Edge 1] G17 | E5 | loss=0.1767
  [Edge 2] G17 | E1 | Hier-pFedMe | Selected 5/5
  [Client 14] Round 17 | Hier-pFedMe(λ2=35.0) | loss=0.0317
  [Client 10] Round 17 | Hier-pFedMe(λ2=35.0) | loss=0.2891
  [Client 13] Round 17 | Hier-pFedMe(λ2=35.0) | loss=0.0328
  [Client 11] Round 17 | Hier-pFedMe(λ2=35.0) | loss=0.2853
  [Client 12] Round 17 | Hier-pFedMe(λ2=35.0) | loss=0.2840
  [Edge 2] G17 | E1 | loss=0.1846
  [Edge 2] G17 | E2 | Hier-pFedMe | Selected 5/5
  [Client 12] Round 17 | Hier-pFedMe(λ2=35.0) | loss=0.2175
  [Client 10] Round 17 | Hier-pFedMe(λ2=35.0) | loss=0.1876
  [Client 14] Round 17 | Hier-pFedMe(λ2=35.0) | loss=0.0066
  [Client 13] Round 17 | Hier-pFedMe(λ2=35.0) | loss=0.0049
  [Client 11] Round 17 | Hier-pFedMe(λ2=35.0) | loss=0.2131
  [Edge 2] G17 | E2 | loss=0.1259
  [Edge 2] G17 | E3 | Hier-pFedMe | Selected 5/5
  [Client 10] Round 17 | Hier-pFedMe(λ2=35.0) | loss=0.1750
  [Client 11] Round 17 | Hier-pFedMe(λ2=35.0) | loss=0.1889
  [Client 13] Round 17 | Hier-pFedMe(λ2=35.0) | loss=0.0101
  [Client 12] Round 17 | Hier-pFedMe(λ2=35.0) | loss=0.1935
  [Client 14] Round 17 | Hier-pFedMe(λ2=35.0) | loss=0.0106
  [Edge 2] G17 | E3 | loss=0.1156
  [Edge 2] G17 | E4 | Hier-pFedMe | Selected 5/5
  [Client 14] Round 17 | Hier-pFedMe(λ2=35.0) | loss=0.0097
  [Client 12] Round 17 | Hier-pFedMe(λ2=35.0) | loss=0.1914
  [Client 13] Round 17 | Hier-pFedMe(λ2=35.0) | loss=0.0085
  [Client 11] Round 17 | Hier-pFedMe(λ2=35.0) | loss=0.2081
  [Client 10] Round 17 | Hier-pFedMe(λ2=35.0) | loss=0.2024
  [Edge 2] G17 | E4 | loss=0.1240
  [Edge 2] G17 | E5 | Hier-pFedMe | Selected 5/5
  [Client 10] Round 17 | Hier-pFedMe(λ2=35.0) | loss=0.1637
  [Client 14] Round 17 | Hier-pFedMe(λ2=35.0) | loss=0.0106
  [Client 13] Round 17 | Hier-pFedMe(λ2=35.0) | loss=0.0093
  [Client 11] Round 17 | Hier-pFedMe(λ2=35.0) | loss=0.1833
  [Client 12] Round 17 | Hier-pFedMe(λ2=35.0) | loss=0.1687
  [Edge 2] G17 | E5 | loss=0.1071
  [Edge 3] G17 | E1 | Hier-pFedMe | Selected 5/5
  [Client 17] Round 17 | Hier-pFedMe(λ2=35.0) | loss=0.2280
  [Client 18] Round 17 | Hier-pFedMe(λ2=35.0) | loss=0.0284
  [Client 16] Round 17 | Hier-pFedMe(λ2=35.0) | loss=0.0327
  [Client 19] Round 17 | Hier-pFedMe(λ2=35.0) | loss=0.2358
  [Client 15] Round 17 | Hier-pFedMe(λ2=35.0) | loss=0.2531
  [Edge 3] G17 | E1 | loss=0.1556
  [Edge 3] G17 | E2 | Hier-pFedMe | Selected 5/5
  [Client 18] Round 17 | Hier-pFedMe(λ2=35.0) | loss=0.0075
  [Client 19] Round 17 | Hier-pFedMe(λ2=35.0) | loss=0.1620
  [Client 16] Round 17 | Hier-pFedMe(λ2=35.0) | loss=0.0080
  [Client 17] Round 17 | Hier-pFedMe(λ2=35.0) | loss=0.1590
  [Client 15] Round 17 | Hier-pFedMe(λ2=35.0) | loss=0.1634
  [Edge 3] G17 | E2 | loss=0.1000
  [Edge 3] G17 | E3 | Hier-pFedMe | Selected 5/5
  [Client 15] Round 17 | Hier-pFedMe(λ2=35.0) | loss=0.1382
  [Client 16] Round 17 | Hier-pFedMe(λ2=35.0) | loss=0.0077
  [Client 17] Round 17 | Hier-pFedMe(λ2=35.0) | loss=0.1475
  [Client 19] Round 17 | Hier-pFedMe(λ2=35.0) | loss=0.1450
  [Client 18] Round 17 | Hier-pFedMe(λ2=35.0) | loss=0.0089
  [Edge 3] G17 | E3 | loss=0.0895
  [Edge 3] G17 | E4 | Hier-pFedMe | Selected 5/5
  [Client 17] Round 17 | Hier-pFedMe(λ2=35.0) | loss=0.1416
  [Client 18] Round 17 | Hier-pFedMe(λ2=35.0) | loss=0.0087
  [Client 15] Round 17 | Hier-pFedMe(λ2=35.0) | loss=0.1523
  [Client 19] Round 17 | Hier-pFedMe(λ2=35.0) | loss=0.1398
  [Client 16] Round 17 | Hier-pFedMe(λ2=35.0) | loss=0.0091
  [Edge 3] G17 | E4 | loss=0.0903
  [Edge 3] G17 | E5 | Hier-pFedMe | Selected 5/5
  [Client 16] Round 17 | Hier-pFedMe(λ2=35.0) | loss=0.0139
  [Client 19] Round 17 | Hier-pFedMe(λ2=35.0) | loss=0.1510
  [Client 17] Round 17 | Hier-pFedMe(λ2=35.0) | loss=0.1462
  [Client 18] Round 17 | Hier-pFedMe(λ2=35.0) | loss=0.0047
  [Client 15] Round 17 | Hier-pFedMe(λ2=35.0) | loss=0.1550
  [Edge 3] G17 | E5 | loss=0.0942
  [Cloud] GM=0.1551 | EM=0.5734 | loss=2.2467 | time=130.7s | comm=4645.5MB (total=78974MB)

[Round  18] Broadcasting to 4 edges...
  [Edge 0] G18 | E1 | Hier-pFedMe | Selected 5/5
  [Client  3] Round 18 | Hier-pFedMe(λ2=35.0) | loss=0.2522
  [Client  1] Round 18 | Hier-pFedMe(λ2=35.0) | loss=0.2699
  [Client  2] Round 18 | Hier-pFedMe(λ2=35.0) | loss=0.2904
  [Client  0] Round 18 | Hier-pFedMe(λ2=35.0) | loss=0.2895
  [Client  4] Round 18 | Hier-pFedMe(λ2=35.0) | loss=0.2859
  [Edge 0] G18 | E1 | loss=0.2776
  [Edge 0] G18 | E2 | Hier-pFedMe | Selected 5/5
  [Client  4] Round 18 | Hier-pFedMe(λ2=35.0) | loss=0.2145
  [Client  1] Round 18 | Hier-pFedMe(λ2=35.0) | loss=0.1958
  [Client  2] Round 18 | Hier-pFedMe(λ2=35.0) | loss=0.2478
  [Client  0] Round 18 | Hier-pFedMe(λ2=35.0) | loss=0.2045
  [Client  3] Round 18 | Hier-pFedMe(λ2=35.0) | loss=0.1845
  [Edge 0] G18 | E2 | loss=0.2094
  [Edge 0] G18 | E3 | Hier-pFedMe | Selected 5/5
  [Client  2] Round 18 | Hier-pFedMe(λ2=35.0) | loss=0.2216
  [Client  1] Round 18 | Hier-pFedMe(λ2=35.0) | loss=0.1961
  [Client  4] Round 18 | Hier-pFedMe(λ2=35.0) | loss=0.2010
  [Client  0] Round 18 | Hier-pFedMe(λ2=35.0) | loss=0.2125
  [Client  3] Round 18 | Hier-pFedMe(λ2=35.0) | loss=0.1808
  [Edge 0] G18 | E3 | loss=0.2024
  [Edge 0] G18 | E4 | Hier-pFedMe | Selected 5/5
  [Client  2] Round 18 | Hier-pFedMe(λ2=35.0) | loss=0.2084
  [Client  4] Round 18 | Hier-pFedMe(λ2=35.0) | loss=0.1939
  [Client  1] Round 18 | Hier-pFedMe(λ2=35.0) | loss=0.1977
  [Client  0] Round 18 | Hier-pFedMe(λ2=35.0) | loss=0.1862
  [Client  3] Round 18 | Hier-pFedMe(λ2=35.0) | loss=0.1724
  [Edge 0] G18 | E4 | loss=0.1917
  [Edge 0] G18 | E5 | Hier-pFedMe | Selected 5/5
  [Client  4] Round 18 | Hier-pFedMe(λ2=35.0) | loss=0.1947
  [Client  2] Round 18 | Hier-pFedMe(λ2=35.0) | loss=0.2039
  [Client  1] Round 18 | Hier-pFedMe(λ2=35.0) | loss=0.1848
  [Client  0] Round 18 | Hier-pFedMe(λ2=35.0) | loss=0.1689
  [Client  3] Round 18 | Hier-pFedMe(λ2=35.0) | loss=0.1583
  [Edge 0] G18 | E5 | loss=0.1821
  [Edge 1] G18 | E1 | Hier-pFedMe | Selected 5/5
  [Client  8] Round 18 | Hier-pFedMe(λ2=35.0) | loss=0.0447
  [Client  6] Round 18 | Hier-pFedMe(λ2=35.0) | loss=0.2650
  [Client  7] Round 18 | Hier-pFedMe(λ2=35.0) | loss=0.2773
  [Client  5] Round 18 | Hier-pFedMe(λ2=35.0) | loss=0.2446
  [Client  9] Round 18 | Hier-pFedMe(λ2=35.0) | loss=0.0483
  [Edge 1] G18 | E1 | loss=0.2084
  [Edge 1] G18 | E2 | Hier-pFedMe | Selected 5/5
  [Client  9] Round 18 | Hier-pFedMe(λ2=35.0) | loss=0.0065
  [Client  8] Round 18 | Hier-pFedMe(λ2=35.0) | loss=0.0093
  [Client  5] Round 18 | Hier-pFedMe(λ2=35.0) | loss=0.2343
  [Client  7] Round 18 | Hier-pFedMe(λ2=35.0) | loss=0.2486
  [Client  6] Round 18 | Hier-pFedMe(λ2=35.0) | loss=0.2455
  [Edge 1] G18 | E2 | loss=0.1841
  [Edge 1] G18 | E3 | Hier-pFedMe | Selected 5/5
  [Client  8] Round 18 | Hier-pFedMe(λ2=35.0) | loss=0.0253
  [Client  9] Round 18 | Hier-pFedMe(λ2=35.0) | loss=0.0254
  [Client  6] Round 18 | Hier-pFedMe(λ2=35.0) | loss=0.2350
  [Client  7] Round 18 | Hier-pFedMe(λ2=35.0) | loss=0.2256
  [Client  5] Round 18 | Hier-pFedMe(λ2=35.0) | loss=0.2185
  [Edge 1] G18 | E3 | loss=0.1761
  [Edge 1] G18 | E4 | Hier-pFedMe | Selected 5/5
  [Client  9] Round 18 | Hier-pFedMe(λ2=35.0) | loss=0.0074
  [Client  6] Round 18 | Hier-pFedMe(λ2=35.0) | loss=0.2225
  [Client  8] Round 18 | Hier-pFedMe(λ2=35.0) | loss=0.0090
  [Client  7] Round 18 | Hier-pFedMe(λ2=35.0) | loss=0.2276
  [Client  5] Round 18 | Hier-pFedMe(λ2=35.0) | loss=0.2081
  [Edge 1] G18 | E4 | loss=0.1666
  [Edge 1] G18 | E5 | Hier-pFedMe | Selected 5/5
  [Client  8] Round 18 | Hier-pFedMe(λ2=35.0) | loss=0.0218
  [Client  9] Round 18 | Hier-pFedMe(λ2=35.0) | loss=0.0225
  [Client  7] Round 18 | Hier-pFedMe(λ2=35.0) | loss=0.2319
  [Client  5] Round 18 | Hier-pFedMe(λ2=35.0) | loss=0.2112
  [Client  6] Round 18 | Hier-pFedMe(λ2=35.0) | loss=0.2096
  [Edge 1] G18 | E5 | loss=0.1687
  [Edge 2] G18 | E1 | Hier-pFedMe | Selected 5/5
  [Client 14] Round 18 | Hier-pFedMe(λ2=35.0) | loss=0.0197
  [Client 12] Round 18 | Hier-pFedMe(λ2=35.0) | loss=0.2557
  [Client 11] Round 18 | Hier-pFedMe(λ2=35.0) | loss=0.2617
  [Client 13] Round 18 | Hier-pFedMe(λ2=35.0) | loss=0.0341
  [Client 10] Round 18 | Hier-pFedMe(λ2=35.0) | loss=0.2545
  [Edge 2] G18 | E1 | loss=0.1652
  [Edge 2] G18 | E2 | Hier-pFedMe | Selected 5/5
  [Client 14] Round 18 | Hier-pFedMe(λ2=35.0) | loss=0.0089
  [Client 10] Round 18 | Hier-pFedMe(λ2=35.0) | loss=0.1700
  [Client 13] Round 18 | Hier-pFedMe(λ2=35.0) | loss=0.0083
  [Client 11] Round 18 | Hier-pFedMe(λ2=35.0) | loss=0.1916
  [Client 12] Round 18 | Hier-pFedMe(λ2=35.0) | loss=0.1843
  [Edge 2] G18 | E2 | loss=0.1126
  [Edge 2] G18 | E3 | Hier-pFedMe | Selected 5/5
  [Client 14] Round 18 | Hier-pFedMe(λ2=35.0) | loss=0.0080
  [Client 12] Round 18 | Hier-pFedMe(λ2=35.0) | loss=0.1780
  [Client 13] Round 18 | Hier-pFedMe(λ2=35.0) | loss=0.0097
  [Client 11] Round 18 | Hier-pFedMe(λ2=35.0) | loss=0.1756
  [Client 10] Round 18 | Hier-pFedMe(λ2=35.0) | loss=0.1798
  [Edge 2] G18 | E3 | loss=0.1102
  [Edge 2] G18 | E4 | Hier-pFedMe | Selected 5/5
  [Client 14] Round 18 | Hier-pFedMe(λ2=35.0) | loss=0.0123
  [Client 10] Round 18 | Hier-pFedMe(λ2=35.0) | loss=0.1593
  [Client 12] Round 18 | Hier-pFedMe(λ2=35.0) | loss=0.1844
  [Client 13] Round 18 | Hier-pFedMe(λ2=35.0) | loss=0.0065
  [Client 11] Round 18 | Hier-pFedMe(λ2=35.0) | loss=0.1862
  [Edge 2] G18 | E4 | loss=0.1097
  [Edge 2] G18 | E5 | Hier-pFedMe | Selected 5/5
  [Client 12] Round 18 | Hier-pFedMe(λ2=35.0) | loss=0.1768
  [Client 10] Round 18 | Hier-pFedMe(λ2=35.0) | loss=0.1819
  [Client 14] Round 18 | Hier-pFedMe(λ2=35.0) | loss=0.0072
  [Client 13] Round 18 | Hier-pFedMe(λ2=35.0) | loss=0.0126
  [Client 11] Round 18 | Hier-pFedMe(λ2=35.0) | loss=0.1791
  [Edge 2] G18 | E5 | loss=0.1115
  [Edge 3] G18 | E1 | Hier-pFedMe | Selected 5/5
  [Client 18] Round 18 | Hier-pFedMe(λ2=35.0) | loss=0.0303
  [Client 19] Round 18 | Hier-pFedMe(λ2=35.0) | loss=0.2172
  [Client 16] Round 18 | Hier-pFedMe(λ2=35.0) | loss=0.0293
  [Client 15] Round 18 | Hier-pFedMe(λ2=35.0) | loss=0.2303
  [Client 17] Round 18 | Hier-pFedMe(λ2=35.0) | loss=0.2465
  [Edge 3] G18 | E1 | loss=0.1507
  [Edge 3] G18 | E2 | Hier-pFedMe | Selected 5/5
  [Client 16] Round 18 | Hier-pFedMe(λ2=35.0) | loss=0.0092
  [Client 15] Round 18 | Hier-pFedMe(λ2=35.0) | loss=0.1580
  [Client 17] Round 18 | Hier-pFedMe(λ2=35.0) | loss=0.1575
  [Client 18] Round 18 | Hier-pFedMe(λ2=35.0) | loss=0.0050
  [Client 19] Round 18 | Hier-pFedMe(λ2=35.0) | loss=0.1634
  [Edge 3] G18 | E2 | loss=0.0986
  [Edge 3] G18 | E3 | Hier-pFedMe | Selected 5/5
  [Client 16] Round 18 | Hier-pFedMe(λ2=35.0) | loss=0.0084
  [Client 15] Round 18 | Hier-pFedMe(λ2=35.0) | loss=0.1462
  [Client 19] Round 18 | Hier-pFedMe(λ2=35.0) | loss=0.1546
  [Client 18] Round 18 | Hier-pFedMe(λ2=35.0) | loss=0.0108
  [Client 17] Round 18 | Hier-pFedMe(λ2=35.0) | loss=0.1311
  [Edge 3] G18 | E3 | loss=0.0902
  [Edge 3] G18 | E4 | Hier-pFedMe | Selected 5/5
  [Client 17] Round 18 | Hier-pFedMe(λ2=35.0) | loss=0.1601
  [Client 18] Round 18 | Hier-pFedMe(λ2=35.0) | loss=0.0048
  [Client 19] Round 18 | Hier-pFedMe(λ2=35.0) | loss=0.1664
  [Client 15] Round 18 | Hier-pFedMe(λ2=35.0) | loss=0.1522
  [Client 16] Round 18 | Hier-pFedMe(λ2=35.0) | loss=0.0101
  [Edge 3] G18 | E4 | loss=0.0987
  [Edge 3] G18 | E5 | Hier-pFedMe | Selected 5/5
  [Client 17] Round 18 | Hier-pFedMe(λ2=35.0) | loss=0.1439
  [Client 16] Round 18 | Hier-pFedMe(λ2=35.0) | loss=0.0074
  [Client 15] Round 18 | Hier-pFedMe(λ2=35.0) | loss=0.1573
  [Client 19] Round 18 | Hier-pFedMe(λ2=35.0) | loss=0.1226
  [Client 18] Round 18 | Hier-pFedMe(λ2=35.0) | loss=0.0106
  [Edge 3] G18 | E5 | loss=0.0883
  [Cloud] GM=0.1557 | EM=0.5703 | loss=2.2443 | time=131.5s | comm=4645.5MB (total=83619MB)

[Round  19] Broadcasting to 4 edges...
  [Edge 0] G19 | E1 | Hier-pFedMe | Selected 5/5
  [Client  3] Round 19 | Hier-pFedMe(λ2=35.0) | loss=0.2569
  [Client  2] Round 19 | Hier-pFedMe(λ2=35.0) | loss=0.2554
  [Client  0] Round 19 | Hier-pFedMe(λ2=35.0) | loss=0.2777
  [Client  1] Round 19 | Hier-pFedMe(λ2=35.0) | loss=0.2462
  [Client  4] Round 19 | Hier-pFedMe(λ2=35.0) | loss=0.2882
  [Edge 0] G19 | E1 | loss=0.2649
  [Edge 0] G19 | E2 | Hier-pFedMe | Selected 5/5
  [Client  3] Round 19 | Hier-pFedMe(λ2=35.0) | loss=0.1907
  [Client  2] Round 19 | Hier-pFedMe(λ2=35.0) | loss=0.2102
  [Client  0] Round 19 | Hier-pFedMe(λ2=35.0) | loss=0.2035
  [Client  1] Round 19 | Hier-pFedMe(λ2=35.0) | loss=0.2033
  [Client  4] Round 19 | Hier-pFedMe(λ2=35.0) | loss=0.1835
  [Edge 0] G19 | E2 | loss=0.1982
  [Edge 0] G19 | E3 | Hier-pFedMe | Selected 5/5
  [Client  4] Round 19 | Hier-pFedMe(λ2=35.0) | loss=0.1872
  [Client  0] Round 19 | Hier-pFedMe(λ2=35.0) | loss=0.2023
  [Client  1] Round 19 | Hier-pFedMe(λ2=35.0) | loss=0.1839
  [Client  2] Round 19 | Hier-pFedMe(λ2=35.0) | loss=0.1944
  [Client  3] Round 19 | Hier-pFedMe(λ2=35.0) | loss=0.1881
  [Edge 0] G19 | E3 | loss=0.1912
  [Edge 0] G19 | E4 | Hier-pFedMe | Selected 5/5
  [Client  1] Round 19 | Hier-pFedMe(λ2=35.0) | loss=0.1973
  [Client  3] Round 19 | Hier-pFedMe(λ2=35.0) | loss=0.1496
  [Client  2] Round 19 | Hier-pFedMe(λ2=35.0) | loss=0.1909
  [Client  0] Round 19 | Hier-pFedMe(λ2=35.0) | loss=0.1811
  [Client  4] Round 19 | Hier-pFedMe(λ2=35.0) | loss=0.1919
  [Edge 0] G19 | E4 | loss=0.1822
  [Edge 0] G19 | E5 | Hier-pFedMe | Selected 5/5
  [Client  3] Round 19 | Hier-pFedMe(λ2=35.0) | loss=0.1628
  [Client  1] Round 19 | Hier-pFedMe(λ2=35.0) | loss=0.1741
  [Client  2] Round 19 | Hier-pFedMe(λ2=35.0) | loss=0.1996
  [Client  0] Round 19 | Hier-pFedMe(λ2=35.0) | loss=0.1765
  [Client  4] Round 19 | Hier-pFedMe(λ2=35.0) | loss=0.1852
  [Edge 0] G19 | E5 | loss=0.1796
  [Edge 1] G19 | E1 | Hier-pFedMe | Selected 5/5
  [Client  9] Round 19 | Hier-pFedMe(λ2=35.0) | loss=0.0442
  [Client  6] Round 19 | Hier-pFedMe(λ2=35.0) | loss=0.2665
  [Client  5] Round 19 | Hier-pFedMe(λ2=35.0) | loss=0.2542
  [Client  7] Round 19 | Hier-pFedMe(λ2=35.0) | loss=0.2650
  [Client  8] Round 19 | Hier-pFedMe(λ2=35.0) | loss=0.0438
  [Edge 1] G19 | E1 | loss=0.2074
  [Edge 1] G19 | E2 | Hier-pFedMe | Selected 5/5
  [Client  9] Round 19 | Hier-pFedMe(λ2=35.0) | loss=0.0064
  [Client  8] Round 19 | Hier-pFedMe(λ2=35.0) | loss=0.0103
  [Client  7] Round 19 | Hier-pFedMe(λ2=35.0) | loss=0.2361
  [Client  6] Round 19 | Hier-pFedMe(λ2=35.0) | loss=0.2197
  [Client  5] Round 19 | Hier-pFedMe(λ2=35.0) | loss=0.2220
  [Edge 1] G19 | E2 | loss=0.1715
  [Edge 1] G19 | E3 | Hier-pFedMe | Selected 5/5
  [Client  8] Round 19 | Hier-pFedMe(λ2=35.0) | loss=0.0157
  [Client  7] Round 19 | Hier-pFedMe(λ2=35.0) | loss=0.2355
  [Client  6] Round 19 | Hier-pFedMe(λ2=35.0) | loss=0.2240
  [Client  5] Round 19 | Hier-pFedMe(λ2=35.0) | loss=0.2192
  [Client  9] Round 19 | Hier-pFedMe(λ2=35.0) | loss=0.0457
  [Edge 1] G19 | E3 | loss=0.1773
  [Edge 1] G19 | E4 | Hier-pFedMe | Selected 5/5
  [Client  8] Round 19 | Hier-pFedMe(λ2=35.0) | loss=0.0474
  [Client  6] Round 19 | Hier-pFedMe(λ2=35.0) | loss=0.2397
  [Client  5] Round 19 | Hier-pFedMe(λ2=35.0) | loss=0.1962
  [Client  7] Round 19 | Hier-pFedMe(λ2=35.0) | loss=0.2423
  [Client  9] Round 19 | Hier-pFedMe(λ2=35.0) | loss=0.0037
  [Edge 1] G19 | E4 | loss=0.1760
  [Edge 1] G19 | E5 | Hier-pFedMe | Selected 5/5
  [Client  9] Round 19 | Hier-pFedMe(λ2=35.0) | loss=0.1205
  [Client  6] Round 19 | Hier-pFedMe(λ2=35.0) | loss=0.2089
  [Client  8] Round 19 | Hier-pFedMe(λ2=35.0) | loss=0.0093
  [Client  7] Round 19 | Hier-pFedMe(λ2=35.0) | loss=0.2197
  [Client  5] Round 19 | Hier-pFedMe(λ2=35.0) | loss=0.2580
  [Edge 1] G19 | E5 | loss=0.1879
  [Edge 2] G19 | E1 | Hier-pFedMe | Selected 5/5
  [Client 14] Round 19 | Hier-pFedMe(λ2=35.0) | loss=0.0266
  [Client 10] Round 19 | Hier-pFedMe(λ2=35.0) | loss=0.2605
  [Client 12] Round 19 | Hier-pFedMe(λ2=35.0) | loss=0.2632
  [Client 11] Round 19 | Hier-pFedMe(λ2=35.0) | loss=0.2558
  [Client 13] Round 19 | Hier-pFedMe(λ2=35.0) | loss=0.0332
  [Edge 2] G19 | E1 | loss=0.1679
  [Edge 2] G19 | E2 | Hier-pFedMe | Selected 5/5
  [Client 10] Round 19 | Hier-pFedMe(λ2=35.0) | loss=0.1827
  [Client 12] Round 19 | Hier-pFedMe(λ2=35.0) | loss=0.1669
  [Client 13] Round 19 | Hier-pFedMe(λ2=35.0) | loss=0.0104
  [Client 14] Round 19 | Hier-pFedMe(λ2=35.0) | loss=0.0086
  [Client 11] Round 19 | Hier-pFedMe(λ2=35.0) | loss=0.2122
  [Edge 2] G19 | E2 | loss=0.1161
  [Edge 2] G19 | E3 | Hier-pFedMe | Selected 5/5
  [Client 10] Round 19 | Hier-pFedMe(λ2=35.0) | loss=0.1626
  [Client 12] Round 19 | Hier-pFedMe(λ2=35.0) | loss=0.1960
  [Client 11] Round 19 | Hier-pFedMe(λ2=35.0) | loss=0.1819
  [Client 13] Round 19 | Hier-pFedMe(λ2=35.0) | loss=0.0068
  [Client 14] Round 19 | Hier-pFedMe(λ2=35.0) | loss=0.0102
  [Edge 2] G19 | E3 | loss=0.1115
  [Edge 2] G19 | E4 | Hier-pFedMe | Selected 5/5
  [Client 10] Round 19 | Hier-pFedMe(λ2=35.0) | loss=0.1586
  [Client 11] Round 19 | Hier-pFedMe(λ2=35.0) | loss=0.1850
  [Client 12] Round 19 | Hier-pFedMe(λ2=35.0) | loss=0.1631
  [Client 13] Round 19 | Hier-pFedMe(λ2=35.0) | loss=0.0094
  [Client 14] Round 19 | Hier-pFedMe(λ2=35.0) | loss=0.0078
  [Edge 2] G19 | E4 | loss=0.1048
  [Edge 2] G19 | E5 | Hier-pFedMe | Selected 5/5
  [Client 12] Round 19 | Hier-pFedMe(λ2=35.0) | loss=0.1715
  [Client 14] Round 19 | Hier-pFedMe(λ2=35.0) | loss=0.0092
  [Client 13] Round 19 | Hier-pFedMe(λ2=35.0) | loss=0.0071
  [Client 11] Round 19 | Hier-pFedMe(λ2=35.0) | loss=0.1642
  [Client 10] Round 19 | Hier-pFedMe(λ2=35.0) | loss=0.1576
  [Edge 2] G19 | E5 | loss=0.1019
  [Edge 3] G19 | E1 | Hier-pFedMe | Selected 5/5
  [Client 16] Round 19 | Hier-pFedMe(λ2=35.0) | loss=0.0319
  [Client 17] Round 19 | Hier-pFedMe(λ2=35.0) | loss=0.2240
  [Client 15] Round 19 | Hier-pFedMe(λ2=35.0) | loss=0.2270
  [Client 19] Round 19 | Hier-pFedMe(λ2=35.0) | loss=0.2348
  [Client 18] Round 19 | Hier-pFedMe(λ2=35.0) | loss=0.0244
  [Edge 3] G19 | E1 | loss=0.1484
  [Edge 3] G19 | E2 | Hier-pFedMe | Selected 5/5
  [Client 17] Round 19 | Hier-pFedMe(λ2=35.0) | loss=0.1520
  [Client 19] Round 19 | Hier-pFedMe(λ2=35.0) | loss=0.1440
  [Client 18] Round 19 | Hier-pFedMe(λ2=35.0) | loss=0.0056
  [Client 15] Round 19 | Hier-pFedMe(λ2=35.0) | loss=0.1617
  [Client 16] Round 19 | Hier-pFedMe(λ2=35.0) | loss=0.0144
  [Edge 3] G19 | E2 | loss=0.0955
  [Edge 3] G19 | E3 | Hier-pFedMe | Selected 5/5
  [Client 17] Round 19 | Hier-pFedMe(λ2=35.0) | loss=0.1256
  [Client 15] Round 19 | Hier-pFedMe(λ2=35.0) | loss=0.1586
  [Client 18] Round 19 | Hier-pFedMe(λ2=35.0) | loss=0.0099
  [Client 19] Round 19 | Hier-pFedMe(λ2=35.0) | loss=0.1434
  [Client 16] Round 19 | Hier-pFedMe(λ2=35.0) | loss=0.0055
  [Edge 3] G19 | E3 | loss=0.0886
  [Edge 3] G19 | E4 | Hier-pFedMe | Selected 5/5
  [Client 19] Round 19 | Hier-pFedMe(λ2=35.0) | loss=0.1367
  [Client 17] Round 19 | Hier-pFedMe(λ2=35.0) | loss=0.1334
  [Client 16] Round 19 | Hier-pFedMe(λ2=35.0) | loss=0.0107
  [Client 18] Round 19 | Hier-pFedMe(λ2=35.0) | loss=0.0081
  [Client 15] Round 19 | Hier-pFedMe(λ2=35.0) | loss=0.1518
  [Edge 3] G19 | E4 | loss=0.0881
  [Edge 3] G19 | E5 | Hier-pFedMe | Selected 5/5
  [Client 15] Round 19 | Hier-pFedMe(λ2=35.0) | loss=0.1394
  [Client 19] Round 19 | Hier-pFedMe(λ2=35.0) | loss=0.1307
  [Client 18] Round 19 | Hier-pFedMe(λ2=35.0) | loss=0.0092
  [Client 16] Round 19 | Hier-pFedMe(λ2=35.0) | loss=0.0079
  [Client 17] Round 19 | Hier-pFedMe(λ2=35.0) | loss=0.1367
  [Edge 3] G19 | E5 | loss=0.0848
  [Cloud] GM=0.1547 | EM=0.5852 | loss=2.2482 | time=133.3s | comm=4645.5MB (total=88265MB)

[Round  20] Broadcasting to 4 edges...
  [Edge 0] G20 | E1 | Hier-pFedMe | Selected 5/5
  [Client  2] Round 20 | Hier-pFedMe(λ2=35.0) | loss=0.2679
  [Client  4] Round 20 | Hier-pFedMe(λ2=35.0) | loss=0.2459
  [Client  1] Round 20 | Hier-pFedMe(λ2=35.0) | loss=0.2464
  [Client  0] Round 20 | Hier-pFedMe(λ2=35.0) | loss=0.2729
  [Client  3] Round 20 | Hier-pFedMe(λ2=35.0) | loss=0.2170
  [Edge 0] G20 | E1 | loss=0.2500
  [Edge 0] G20 | E2 | Hier-pFedMe | Selected 5/5
  [Client  4] Round 20 | Hier-pFedMe(λ2=35.0) | loss=0.1980
  [Client  3] Round 20 | Hier-pFedMe(λ2=35.0) | loss=0.1712
  [Client  1] Round 20 | Hier-pFedMe(λ2=35.0) | loss=0.1741
  [Client  0] Round 20 | Hier-pFedMe(λ2=35.0) | loss=0.2018
  [Client  2] Round 20 | Hier-pFedMe(λ2=35.0) | loss=0.2181
  [Edge 0] G20 | E2 | loss=0.1926
  [Edge 0] G20 | E3 | Hier-pFedMe | Selected 5/5
  [Client  3] Round 20 | Hier-pFedMe(λ2=35.0) | loss=0.1609
  [Client  2] Round 20 | Hier-pFedMe(λ2=35.0) | loss=0.1999
  [Client  1] Round 20 | Hier-pFedMe(λ2=35.0) | loss=0.1664
  [Client  0] Round 20 | Hier-pFedMe(λ2=35.0) | loss=0.1886
  [Client  4] Round 20 | Hier-pFedMe(λ2=35.0) | loss=0.1861
  [Edge 0] G20 | E3 | loss=0.1804
  [Edge 0] G20 | E4 | Hier-pFedMe | Selected 5/5
  [Client  1] Round 20 | Hier-pFedMe(λ2=35.0) | loss=0.1744
  [Client  3] Round 20 | Hier-pFedMe(λ2=35.0) | loss=0.1540
  [Client  4] Round 20 | Hier-pFedMe(λ2=35.0) | loss=0.1971
  [Client  0] Round 20 | Hier-pFedMe(λ2=35.0) | loss=0.1956
  [Client  2] Round 20 | Hier-pFedMe(λ2=35.0) | loss=0.2017
  [Edge 0] G20 | E4 | loss=0.1846
  [Edge 0] G20 | E5 | Hier-pFedMe | Selected 5/5
  [Client  1] Round 20 | Hier-pFedMe(λ2=35.0) | loss=0.1711
  [Client  2] Round 20 | Hier-pFedMe(λ2=35.0) | loss=0.1892
  [Client  4] Round 20 | Hier-pFedMe(λ2=35.0) | loss=0.1813
  [Client  3] Round 20 | Hier-pFedMe(λ2=35.0) | loss=0.1654
  [Client  0] Round 20 | Hier-pFedMe(λ2=35.0) | loss=0.1864
  [Edge 0] G20 | E5 | loss=0.1787
  [Edge 1] G20 | E1 | Hier-pFedMe | Selected 5/5
  [Client  8] Round 20 | Hier-pFedMe(λ2=35.0) | loss=0.0634
  [Client  9] Round 20 | Hier-pFedMe(λ2=35.0) | loss=0.0577
  [Client  6] Round 20 | Hier-pFedMe(λ2=35.0) | loss=0.2567
  [Client  5] Round 20 | Hier-pFedMe(λ2=35.0) | loss=0.2567
  [Client  7] Round 20 | Hier-pFedMe(λ2=35.0) | loss=0.2654
  [Edge 1] G20 | E1 | loss=0.2099
  [Edge 1] G20 | E2 | Hier-pFedMe | Selected 5/5
  [Client  8] Round 20 | Hier-pFedMe(λ2=35.0) | loss=0.0132
  [Client  6] Round 20 | Hier-pFedMe(λ2=35.0) | loss=0.2319
  [Client  7] Round 20 | Hier-pFedMe(λ2=35.0) | loss=0.2264
  [Client  5] Round 20 | Hier-pFedMe(λ2=35.0) | loss=0.2062
  [Client  9] Round 20 | Hier-pFedMe(λ2=35.0) | loss=0.0121
  [Edge 1] G20 | E2 | loss=0.1693
  [Edge 1] G20 | E3 | Hier-pFedMe | Selected 5/5
  [Client  9] Round 20 | Hier-pFedMe(λ2=35.0) | loss=0.0188
  [Client  6] Round 20 | Hier-pFedMe(λ2=35.0) | loss=0.2128
  [Client  8] Round 20 | Hier-pFedMe(λ2=35.0) | loss=0.0233
  [Client  5] Round 20 | Hier-pFedMe(λ2=35.0) | loss=0.2029
  [Client  7] Round 20 | Hier-pFedMe(λ2=35.0) | loss=0.2305
  [Edge 1] G20 | E3 | loss=0.1668
  [Edge 1] G20 | E4 | Hier-pFedMe | Selected 5/5
  [Client  8] Round 20 | Hier-pFedMe(λ2=35.0) | loss=0.0107
  [Client  7] Round 20 | Hier-pFedMe(λ2=35.0) | loss=0.2142
  [Client  6] Round 20 | Hier-pFedMe(λ2=35.0) | loss=0.2217
  [Client  9] Round 20 | Hier-pFedMe(λ2=35.0) | loss=0.0142
  [Client  5] Round 20 | Hier-pFedMe(λ2=35.0) | loss=0.2029
  [Edge 1] G20 | E4 | loss=0.1628
  [Edge 1] G20 | E5 | Hier-pFedMe | Selected 5/5
  [Client  8] Round 20 | Hier-pFedMe(λ2=35.0) | loss=0.0439
  [Client  7] Round 20 | Hier-pFedMe(λ2=35.0) | loss=0.2139
  [Client  6] Round 20 | Hier-pFedMe(λ2=35.0) | loss=0.2187
  [Client  9] Round 20 | Hier-pFedMe(λ2=35.0) | loss=0.0129
  [Client  5] Round 20 | Hier-pFedMe(λ2=35.0) | loss=0.1974
  [Edge 1] G20 | E5 | loss=0.1646
  [Edge 2] G20 | E1 | Hier-pFedMe | Selected 5/5
  [Client 10] Round 20 | Hier-pFedMe(λ2=35.0) | loss=0.2272
  [Client 13] Round 20 | Hier-pFedMe(λ2=35.0) | loss=0.0371
  [Client 12] Round 20 | Hier-pFedMe(λ2=35.0) | loss=0.2721
  [Client 11] Round 20 | Hier-pFedMe(λ2=35.0) | loss=0.2435
  [Client 14] Round 20 | Hier-pFedMe(λ2=35.0) | loss=0.0219
  [Edge 2] G20 | E1 | loss=0.1604
  [Edge 2] G20 | E2 | Hier-pFedMe | Selected 5/5
  [Client 10] Round 20 | Hier-pFedMe(λ2=35.0) | loss=0.1759
  [Client 12] Round 20 | Hier-pFedMe(λ2=35.0) | loss=0.1761
  [Client 11] Round 20 | Hier-pFedMe(λ2=35.0) | loss=0.1971
  [Client 13] Round 20 | Hier-pFedMe(λ2=35.0) | loss=0.0078
  [Client 14] Round 20 | Hier-pFedMe(λ2=35.0) | loss=0.0089
  [Edge 2] G20 | E2 | loss=0.1131
  [Edge 2] G20 | E3 | Hier-pFedMe | Selected 5/5
  [Client 14] Round 20 | Hier-pFedMe(λ2=35.0) | loss=0.0094
  [Client 13] Round 20 | Hier-pFedMe(λ2=35.0) | loss=0.0077
  [Client 12] Round 20 | Hier-pFedMe(λ2=35.0) | loss=0.1508
  [Client 11] Round 20 | Hier-pFedMe(λ2=35.0) | loss=0.1911
  [Client 10] Round 20 | Hier-pFedMe(λ2=35.0) | loss=0.1312
  [Edge 2] G20 | E3 | loss=0.0980
  [Edge 2] G20 | E4 | Hier-pFedMe | Selected 5/5
  [Client 10] Round 20 | Hier-pFedMe(λ2=35.0) | loss=0.1467
  [Client 12] Round 20 | Hier-pFedMe(λ2=35.0) | loss=0.1639
  [Client 14] Round 20 | Hier-pFedMe(λ2=35.0) | loss=0.0088
  [Client 13] Round 20 | Hier-pFedMe(λ2=35.0) | loss=0.0097
  [Client 11] Round 20 | Hier-pFedMe(λ2=35.0) | loss=0.1811
  [Edge 2] G20 | E4 | loss=0.1020
  [Edge 2] G20 | E5 | Hier-pFedMe | Selected 5/5
  [Client 14] Round 20 | Hier-pFedMe(λ2=35.0) | loss=0.0079
  [Client 12] Round 20 | Hier-pFedMe(λ2=35.0) | loss=0.1654
  [Client 13] Round 20 | Hier-pFedMe(λ2=35.0) | loss=0.0082
  [Client 10] Round 20 | Hier-pFedMe(λ2=35.0) | loss=0.1547
  [Client 11] Round 20 | Hier-pFedMe(λ2=35.0) | loss=0.1668
  [Edge 2] G20 | E5 | loss=0.1006
  [Edge 3] G20 | E1 | Hier-pFedMe | Selected 5/5
  [Client 17] Round 20 | Hier-pFedMe(λ2=35.0) | loss=0.2042
  [Client 16] Round 20 | Hier-pFedMe(λ2=35.0) | loss=0.0288
  [Client 15] Round 20 | Hier-pFedMe(λ2=35.0) | loss=0.2185
  [Client 19] Round 20 | Hier-pFedMe(λ2=35.0) | loss=0.1894
  [Client 18] Round 20 | Hier-pFedMe(λ2=35.0) | loss=0.0246
  [Edge 3] G20 | E1 | loss=0.1331
  [Edge 3] G20 | E2 | Hier-pFedMe | Selected 5/5
  [Client 18] Round 20 | Hier-pFedMe(λ2=35.0) | loss=0.0067
  [Client 15] Round 20 | Hier-pFedMe(λ2=35.0) | loss=0.1614
  [Client 19] Round 20 | Hier-pFedMe(λ2=35.0) | loss=0.1443
  [Client 16] Round 20 | Hier-pFedMe(λ2=35.0) | loss=0.0069
  [Client 17] Round 20 | Hier-pFedMe(λ2=35.0) | loss=0.1549
  [Edge 3] G20 | E2 | loss=0.0948
  [Edge 3] G20 | E3 | Hier-pFedMe | Selected 5/5
  [Client 17] Round 20 | Hier-pFedMe(λ2=35.0) | loss=0.1349
  [Client 19] Round 20 | Hier-pFedMe(λ2=35.0) | loss=0.1506
  [Client 15] Round 20 | Hier-pFedMe(λ2=35.0) | loss=0.1501
  [Client 16] Round 20 | Hier-pFedMe(λ2=35.0) | loss=0.0098
  [Client 18] Round 20 | Hier-pFedMe(λ2=35.0) | loss=0.0084
  [Edge 3] G20 | E3 | loss=0.0908
  [Edge 3] G20 | E4 | Hier-pFedMe | Selected 5/5
  [Client 17] Round 20 | Hier-pFedMe(λ2=35.0) | loss=0.1323
  [Client 18] Round 20 | Hier-pFedMe(λ2=35.0) | loss=0.0087
  [Client 19] Round 20 | Hier-pFedMe(λ2=35.0) | loss=0.1371
  [Client 15] Round 20 | Hier-pFedMe(λ2=35.0) | loss=0.1400
  [Client 16] Round 20 | Hier-pFedMe(λ2=35.0) | loss=0.0084
  [Edge 3] G20 | E4 | loss=0.0853
  [Edge 3] G20 | E5 | Hier-pFedMe | Selected 5/5
  [Client 19] Round 20 | Hier-pFedMe(λ2=35.0) | loss=0.1277
  [Client 18] Round 20 | Hier-pFedMe(λ2=35.0) | loss=0.0062
  [Client 17] Round 20 | Hier-pFedMe(λ2=35.0) | loss=0.1270  [Client 15] Round 20 | Hier-pFedMe(λ2=35.0) | loss=0.1338

  [Client 16] Round 20 | Hier-pFedMe(λ2=35.0) | loss=0.0082
  [Edge 3] G20 | E5 | loss=0.0806
  [Cloud] GM=0.1590 | EM=0.5355 PM=0.9378 | loss=2.2529 | time=158.6s | comm=4645.5MB (total=92911MB)

[Round  21] Broadcasting to 4 edges...
  [Edge 0] G21 | E1 | Hier-pFedMe | Selected 5/5
  [Client  4] Round 21 | Hier-pFedMe(λ2=35.0) | loss=0.2601
  [Client  2] Round 21 | Hier-pFedMe(λ2=35.0) | loss=0.2557  [Client  1] Round 21 | Hier-pFedMe(λ2=35.0) | loss=0.2295

  [Client  0] Round 21 | Hier-pFedMe(λ2=35.0) | loss=0.2627
  [Client  3] Round 21 | Hier-pFedMe(λ2=35.0) | loss=0.2120
  [Edge 0] G21 | E1 | loss=0.2440
  [Edge 0] G21 | E2 | Hier-pFedMe | Selected 5/5
  [Client  3] Round 21 | Hier-pFedMe(λ2=35.0) | loss=0.1653
  [Client  0] Round 21 | Hier-pFedMe(λ2=35.0) | loss=0.1911
  [Client  2] Round 21 | Hier-pFedMe(λ2=35.0) | loss=0.2115
  [Client  4] Round 21 | Hier-pFedMe(λ2=35.0) | loss=0.2025
  [Client  1] Round 21 | Hier-pFedMe(λ2=35.0) | loss=0.1892
  [Edge 0] G21 | E2 | loss=0.1919
  [Edge 0] G21 | E3 | Hier-pFedMe | Selected 5/5
  [Client  2] Round 21 | Hier-pFedMe(λ2=35.0) | loss=0.1753
  [Client  3] Round 21 | Hier-pFedMe(λ2=35.0) | loss=0.1618
  [Client  1] Round 21 | Hier-pFedMe(λ2=35.0) | loss=0.1615
  [Client  4] Round 21 | Hier-pFedMe(λ2=35.0) | loss=0.1937
  [Client  0] Round 21 | Hier-pFedMe(λ2=35.0) | loss=0.1753
  [Edge 0] G21 | E3 | loss=0.1735
  [Edge 0] G21 | E4 | Hier-pFedMe | Selected 5/5
  [Client  1] Round 21 | Hier-pFedMe(λ2=35.0) | loss=0.1852
  [Client  4] Round 21 | Hier-pFedMe(λ2=35.0) | loss=0.1635
  [Client  3] Round 21 | Hier-pFedMe(λ2=35.0) | loss=0.1594
  [Client  0] Round 21 | Hier-pFedMe(λ2=35.0) | loss=0.1643
  [Client  2] Round 21 | Hier-pFedMe(λ2=35.0) | loss=0.1990
  [Edge 0] G21 | E4 | loss=0.1743
  [Edge 0] G21 | E5 | Hier-pFedMe | Selected 5/5
  [Client  3] Round 21 | Hier-pFedMe(λ2=35.0) | loss=0.1378
  [Client  1] Round 21 | Hier-pFedMe(λ2=35.0) | loss=0.1587
  [Client  4] Round 21 | Hier-pFedMe(λ2=35.0) | loss=0.1677
  [Client  2] Round 21 | Hier-pFedMe(λ2=35.0) | loss=0.1755
  [Client  0] Round 21 | Hier-pFedMe(λ2=35.0) | loss=0.1668
  [Edge 0] G21 | E5 | loss=0.1613
  [Edge 1] G21 | E1 | Hier-pFedMe | Selected 5/5
  [Client  9] Round 21 | Hier-pFedMe(λ2=35.0) | loss=0.0505
  [Client  8] Round 21 | Hier-pFedMe(λ2=35.0) | loss=0.0423
  [Client  6] Round 21 | Hier-pFedMe(λ2=35.0) | loss=0.2502
  [Client  7] Round 21 | Hier-pFedMe(λ2=35.0) | loss=0.2590
  [Client  5] Round 21 | Hier-pFedMe(λ2=35.0) | loss=0.2296
  [Edge 1] G21 | E1 | loss=0.1963
  [Edge 1] G21 | E2 | Hier-pFedMe | Selected 5/5
  [Client  9] Round 21 | Hier-pFedMe(λ2=35.0) | loss=0.0095
  [Client  8] Round 21 | Hier-pFedMe(λ2=35.0) | loss=0.0090
  [Client  6] Round 21 | Hier-pFedMe(λ2=35.0) | loss=0.2273
  [Client  5] Round 21 | Hier-pFedMe(λ2=35.0) | loss=0.2070
  [Client  7] Round 21 | Hier-pFedMe(λ2=35.0) | loss=0.2201
  [Edge 1] G21 | E2 | loss=0.1659
  [Edge 1] G21 | E3 | Hier-pFedMe | Selected 5/5
  [Client  8] Round 21 | Hier-pFedMe(λ2=35.0) | loss=0.0210
  [Client  7] Round 21 | Hier-pFedMe(λ2=35.0) | loss=0.2156
  [Client  6] Round 21 | Hier-pFedMe(λ2=35.0) | loss=0.2014
  [Client  5] Round 21 | Hier-pFedMe(λ2=35.0) | loss=0.1990
  [Client  9] Round 21 | Hier-pFedMe(λ2=35.0) | loss=0.0269
  [Edge 1] G21 | E3 | loss=0.1600
  [Edge 1] G21 | E4 | Hier-pFedMe | Selected 5/5
  [Client  9] Round 21 | Hier-pFedMe(λ2=35.0) | loss=0.0071
  [Client  8] Round 21 | Hier-pFedMe(λ2=35.0) | loss=0.0117
  [Client  7] Round 21 | Hier-pFedMe(λ2=35.0) | loss=0.2208
  [Client  5] Round 21 | Hier-pFedMe(λ2=35.0) | loss=0.2125
  [Client  6] Round 21 | Hier-pFedMe(λ2=35.0) | loss=0.2098
  [Edge 1] G21 | E4 | loss=0.1631
  [Edge 1] G21 | E5 | Hier-pFedMe | Selected 5/5
  [Client  9] Round 21 | Hier-pFedMe(λ2=35.0) | loss=0.0381
  [Client  8] Round 21 | Hier-pFedMe(λ2=35.0) | loss=0.0207
  [Client  6] Round 21 | Hier-pFedMe(λ2=35.0) | loss=0.2053
  [Client  7] Round 21 | Hier-pFedMe(λ2=35.0) | loss=0.2090
  [Client  5] Round 21 | Hier-pFedMe(λ2=35.0) | loss=0.2075
  [Edge 1] G21 | E5 | loss=0.1628
  [Edge 2] G21 | E1 | Hier-pFedMe | Selected 5/5
  [Client 14] Round 21 | Hier-pFedMe(λ2=35.0) | loss=0.0268
  [Client 12] Round 21 | Hier-pFedMe(λ2=35.0) | loss=0.2206
  [Client 13] Round 21 | Hier-pFedMe(λ2=35.0) | loss=0.0316
  [Client 11] Round 21 | Hier-pFedMe(λ2=35.0) | loss=0.2641
  [Client 10] Round 21 | Hier-pFedMe(λ2=35.0) | loss=0.2325
  [Edge 2] G21 | E1 | loss=0.1551
  [Edge 2] G21 | E2 | Hier-pFedMe | Selected 5/5
  [Client 10] Round 21 | Hier-pFedMe(λ2=35.0) | loss=0.1583
  [Client 12] Round 21 | Hier-pFedMe(λ2=35.0) | loss=0.1607
  [Client 14] Round 21 | Hier-pFedMe(λ2=35.0) | loss=0.0066
  [Client 13] Round 21 | Hier-pFedMe(λ2=35.0) | loss=0.0066
  [Client 11] Round 21 | Hier-pFedMe(λ2=35.0) | loss=0.1722
  [Edge 2] G21 | E2 | loss=0.1009
  [Edge 2] G21 | E3 | Hier-pFedMe | Selected 5/5
  [Client 14] Round 21 | Hier-pFedMe(λ2=35.0) | loss=0.0076
  [Client 12] Round 21 | Hier-pFedMe(λ2=35.0) | loss=0.1481
  [Client 13] Round 21 | Hier-pFedMe(λ2=35.0) | loss=0.0069
  [Client 11] Round 21 | Hier-pFedMe(λ2=35.0) | loss=0.1632
  [Client 10] Round 21 | Hier-pFedMe(λ2=35.0) | loss=0.1758
  [Edge 2] G21 | E3 | loss=0.1003
  [Edge 2] G21 | E4 | Hier-pFedMe | Selected 5/5
  [Client 14] Round 21 | Hier-pFedMe(λ2=35.0) | loss=0.0107
  [Client 10] Round 21 | Hier-pFedMe(λ2=35.0) | loss=0.1502
  [Client 12] Round 21 | Hier-pFedMe(λ2=35.0) | loss=0.1465
  [Client 11] Round 21 | Hier-pFedMe(λ2=35.0) | loss=0.1593
  [Client 13] Round 21 | Hier-pFedMe(λ2=35.0) | loss=0.0104
  [Edge 2] G21 | E4 | loss=0.0954
  [Edge 2] G21 | E5 | Hier-pFedMe | Selected 5/5
  [Client 14] Round 21 | Hier-pFedMe(λ2=35.0) | loss=0.0090
  [Client 10] Round 21 | Hier-pFedMe(λ2=35.0) | loss=0.1477
  [Client 11] Round 21 | Hier-pFedMe(λ2=35.0) | loss=0.1545
  [Client 12] Round 21 | Hier-pFedMe(λ2=35.0) | loss=0.1301
  [Client 13] Round 21 | Hier-pFedMe(λ2=35.0) | loss=0.0108
  [Edge 2] G21 | E5 | loss=0.0904
  [Edge 3] G21 | E1 | Hier-pFedMe | Selected 5/5
  [Client 16] Round 21 | Hier-pFedMe(λ2=35.0) | loss=0.0265
  [Client 15] Round 21 | Hier-pFedMe(λ2=35.0) | loss=0.2296
  [Client 17] Round 21 | Hier-pFedMe(λ2=35.0) | loss=0.1960
  [Client 18] Round 21 | Hier-pFedMe(λ2=35.0) | loss=0.0216
  [Client 19] Round 21 | Hier-pFedMe(λ2=35.0) | loss=0.2171
  [Edge 3] G21 | E1 | loss=0.1381
  [Edge 3] G21 | E2 | Hier-pFedMe | Selected 5/5
  [Client 17] Round 21 | Hier-pFedMe(λ2=35.0) | loss=0.1500
  [Client 16] Round 21 | Hier-pFedMe(λ2=35.0) | loss=0.0087
  [Client 18] Round 21 | Hier-pFedMe(λ2=35.0) | loss=0.0065
  [Client 15] Round 21 | Hier-pFedMe(λ2=35.0) | loss=0.1558
  [Client 19] Round 21 | Hier-pFedMe(λ2=35.0) | loss=0.1485
  [Edge 3] G21 | E2 | loss=0.0939
  [Edge 3] G21 | E3 | Hier-pFedMe | Selected 5/5
  [Client 16] Round 21 | Hier-pFedMe(λ2=35.0) | loss=0.0077
  [Client 17] Round 21 | Hier-pFedMe(λ2=35.0) | loss=0.1337
  [Client 15] Round 21 | Hier-pFedMe(λ2=35.0) | loss=0.1325
  [Client 19] Round 21 | Hier-pFedMe(λ2=35.0) | loss=0.1412
  [Client 18] Round 21 | Hier-pFedMe(λ2=35.0) | loss=0.0152
  [Edge 3] G21 | E3 | loss=0.0861
  [Edge 3] G21 | E4 | Hier-pFedMe | Selected 5/5
  [Client 17] Round 21 | Hier-pFedMe(λ2=35.0) | loss=0.1309
  [Client 19] Round 21 | Hier-pFedMe(λ2=35.0) | loss=0.1468
  [Client 15] Round 21 | Hier-pFedMe(λ2=35.0) | loss=0.1399
  [Client 18] Round 21 | Hier-pFedMe(λ2=35.0) | loss=0.0098
  [Client 16] Round 21 | Hier-pFedMe(λ2=35.0) | loss=0.0092
  [Edge 3] G21 | E4 | loss=0.0873
  [Edge 3] G21 | E5 | Hier-pFedMe | Selected 5/5
  [Client 17] Round 21 | Hier-pFedMe(λ2=35.0) | loss=0.1269
  [Client 15] Round 21 | Hier-pFedMe(λ2=35.0) | loss=0.1413
  [Client 19] Round 21 | Hier-pFedMe(λ2=35.0) | loss=0.1267
  [Client 16] Round 21 | Hier-pFedMe(λ2=35.0) | loss=0.0089
  [Client 18] Round 21 | Hier-pFedMe(λ2=35.0) | loss=0.0095
  [Edge 3] G21 | E5 | loss=0.0827
  [Cloud] GM=0.1585 | EM=0.5792 | loss=2.2534 | time=130.5s | comm=4645.5MB (total=97556MB)

[Round  22] Broadcasting to 4 edges...
  [Edge 0] G22 | E1 | Hier-pFedMe | Selected 5/5
  [Client  4] Round 22 | Hier-pFedMe(λ2=35.0) | loss=0.2310
  [Client  2] Round 22 | Hier-pFedMe(λ2=35.0) | loss=0.2625
  [Client  1] Round 22 | Hier-pFedMe(λ2=35.0) | loss=0.2412
  [Client  0] Round 22 | Hier-pFedMe(λ2=35.0) | loss=0.2405
  [Client  3] Round 22 | Hier-pFedMe(λ2=35.0) | loss=0.2136
  [Edge 0] G22 | E1 | loss=0.2378
  [Edge 0] G22 | E2 | Hier-pFedMe | Selected 5/5
  [Client  2] Round 22 | Hier-pFedMe(λ2=35.0) | loss=0.2000
  [Client  0] Round 22 | Hier-pFedMe(λ2=35.0) | loss=0.1845
  [Client  4] Round 22 | Hier-pFedMe(λ2=35.0) | loss=0.1758
  [Client  1] Round 22 | Hier-pFedMe(λ2=35.0) | loss=0.1774
  [Client  3] Round 22 | Hier-pFedMe(λ2=35.0) | loss=0.1651
  [Edge 0] G22 | E2 | loss=0.1805
  [Edge 0] G22 | E3 | Hier-pFedMe | Selected 5/5
  [Client  1] Round 22 | Hier-pFedMe(λ2=35.0) | loss=0.1731
  [Client  3] Round 22 | Hier-pFedMe(λ2=35.0) | loss=0.1673
  [Client  4] Round 22 | Hier-pFedMe(λ2=35.0) | loss=0.1771
  [Client  0] Round 22 | Hier-pFedMe(λ2=35.0) | loss=0.1499
  [Client  2] Round 22 | Hier-pFedMe(λ2=35.0) | loss=0.1799
  [Edge 0] G22 | E3 | loss=0.1695
  [Edge 0] G22 | E4 | Hier-pFedMe | Selected 5/5
  [Client  3] Round 22 | Hier-pFedMe(λ2=35.0) | loss=0.1491
  [Client  0] Round 22 | Hier-pFedMe(λ2=35.0) | loss=0.1785
  [Client  1] Round 22 | Hier-pFedMe(λ2=35.0) | loss=0.1577
  [Client  2] Round 22 | Hier-pFedMe(λ2=35.0) | loss=0.1861
  [Client  4] Round 22 | Hier-pFedMe(λ2=35.0) | loss=0.1683
  [Edge 0] G22 | E4 | loss=0.1680
  [Edge 0] G22 | E5 | Hier-pFedMe | Selected 5/5
  [Client  4] Round 22 | Hier-pFedMe(λ2=35.0) | loss=0.1797
  [Client  3] Round 22 | Hier-pFedMe(λ2=35.0) | loss=0.1380
  [Client  1] Round 22 | Hier-pFedMe(λ2=35.0) | loss=0.1424
  [Client  2] Round 22 | Hier-pFedMe(λ2=35.0) | loss=0.1669
  [Client  0] Round 22 | Hier-pFedMe(λ2=35.0) | loss=0.1711
  [Edge 0] G22 | E5 | loss=0.1596
  [Edge 1] G22 | E1 | Hier-pFedMe | Selected 5/5
  [Client  8] Round 22 | Hier-pFedMe(λ2=35.0) | loss=0.0384
  [Client  9] Round 22 | Hier-pFedMe(λ2=35.0) | loss=0.0470
  [Client  5] Round 22 | Hier-pFedMe(λ2=35.0) | loss=0.2259
  [Client  7] Round 22 | Hier-pFedMe(λ2=35.0) | loss=0.2503
  [Client  6] Round 22 | Hier-pFedMe(λ2=35.0) | loss=0.2384
  [Edge 1] G22 | E1 | loss=0.1893
  [Edge 1] G22 | E2 | Hier-pFedMe | Selected 5/5
  [Client  9] Round 22 | Hier-pFedMe(λ2=35.0) | loss=0.0071
  [Client  6] Round 22 | Hier-pFedMe(λ2=35.0) | loss=0.2264
  [Client  5] Round 22 | Hier-pFedMe(λ2=35.0) | loss=0.2094
  [Client  7] Round 22 | Hier-pFedMe(λ2=35.0) | loss=0.2190
  [Client  8] Round 22 | Hier-pFedMe(λ2=35.0) | loss=0.0105
  [Edge 1] G22 | E2 | loss=0.1659
  [Edge 1] G22 | E3 | Hier-pFedMe | Selected 5/5
  [Client  8] Round 22 | Hier-pFedMe(λ2=35.0) | loss=0.0221
  [Client  9] Round 22 | Hier-pFedMe(λ2=35.0) | loss=0.0363
  [Client  7] Round 22 | Hier-pFedMe(λ2=35.0) | loss=0.2064
  [Client  5] Round 22 | Hier-pFedMe(λ2=35.0) | loss=0.1997
  [Client  6] Round 22 | Hier-pFedMe(λ2=35.0) | loss=0.1906
  [Edge 1] G22 | E3 | loss=0.1565
  [Edge 1] G22 | E4 | Hier-pFedMe | Selected 5/5
  [Client  9] Round 22 | Hier-pFedMe(λ2=35.0) | loss=0.0044
  [Client  6] Round 22 | Hier-pFedMe(λ2=35.0) | loss=0.2069
  [Client  5] Round 22 | Hier-pFedMe(λ2=35.0) | loss=0.1816
  [Client  7] Round 22 | Hier-pFedMe(λ2=35.0) | loss=0.2227
  [Client  8] Round 22 | Hier-pFedMe(λ2=35.0) | loss=0.0326
  [Edge 1] G22 | E4 | loss=0.1574
  [Edge 1] G22 | E5 | Hier-pFedMe | Selected 5/5
  [Client  8] Round 22 | Hier-pFedMe(λ2=35.0) | loss=0.0071
  [Client  9] Round 22 | Hier-pFedMe(λ2=35.0) | loss=0.1207
  [Client  5] Round 22 | Hier-pFedMe(λ2=35.0) | loss=0.2339
  [Client  7] Round 22 | Hier-pFedMe(λ2=35.0) | loss=0.1985
  [Client  6] Round 22 | Hier-pFedMe(λ2=35.0) | loss=0.2095
  [Edge 1] G22 | E5 | loss=0.1764
  [Edge 2] G22 | E1 | Hier-pFedMe | Selected 5/5
  [Client 14] Round 22 | Hier-pFedMe(λ2=35.0) | loss=0.0266
  [Client 11] Round 22 | Hier-pFedMe(λ2=35.0) | loss=0.2550
  [Client 12] Round 22 | Hier-pFedMe(λ2=35.0) | loss=0.2218
  [Client 13] Round 22 | Hier-pFedMe(λ2=35.0) | loss=0.0298
  [Client 10] Round 22 | Hier-pFedMe(λ2=35.0) | loss=0.2203
  [Edge 2] G22 | E1 | loss=0.1507
  [Edge 2] G22 | E2 | Hier-pFedMe | Selected 5/5
  [Client 14] Round 22 | Hier-pFedMe(λ2=35.0) | loss=0.0088
  [Client 12] Round 22 | Hier-pFedMe(λ2=35.0) | loss=0.1541
  [Client 10] Round 22 | Hier-pFedMe(λ2=35.0) | loss=0.1707
  [Client 11] Round 22 | Hier-pFedMe(λ2=35.0) | loss=0.1812
  [Client 13] Round 22 | Hier-pFedMe(λ2=35.0) | loss=0.0064
  [Edge 2] G22 | E2 | loss=0.1043
  [Edge 2] G22 | E3 | Hier-pFedMe | Selected 5/5
  [Client 10] Round 22 | Hier-pFedMe(λ2=35.0) | loss=0.1494
  [Client 12] Round 22 | Hier-pFedMe(λ2=35.0) | loss=0.1515
  [Client 14] Round 22 | Hier-pFedMe(λ2=35.0) | loss=0.0084
  [Client 11] Round 22 | Hier-pFedMe(λ2=35.0) | loss=0.1578
  [Client 13] Round 22 | Hier-pFedMe(λ2=35.0) | loss=0.0123
  [Edge 2] G22 | E3 | loss=0.0959
  [Edge 2] G22 | E4 | Hier-pFedMe | Selected 5/5
  [Client 10] Round 22 | Hier-pFedMe(λ2=35.0) | loss=0.1396
  [Client 14] Round 22 | Hier-pFedMe(λ2=35.0) | loss=0.0061
  [Client 13] Round 22 | Hier-pFedMe(λ2=35.0) | loss=0.0092
  [Client 11] Round 22 | Hier-pFedMe(λ2=35.0) | loss=0.1688
  [Client 12] Round 22 | Hier-pFedMe(λ2=35.0) | loss=0.1596
  [Edge 2] G22 | E4 | loss=0.0967
  [Edge 2] G22 | E5 | Hier-pFedMe | Selected 5/5
  [Client 10] Round 22 | Hier-pFedMe(λ2=35.0) | loss=0.1305
  [Client 14] Round 22 | Hier-pFedMe(λ2=35.0) | loss=0.0102
  [Client 13] Round 22 | Hier-pFedMe(λ2=35.0) | loss=0.0064
  [Client 11] Round 22 | Hier-pFedMe(λ2=35.0) | loss=0.1566
  [Client 12] Round 22 | Hier-pFedMe(λ2=35.0) | loss=0.1447
  [Edge 2] G22 | E5 | loss=0.0897
  [Edge 3] G22 | E1 | Hier-pFedMe | Selected 5/5
  [Client 15] Round 22 | Hier-pFedMe(λ2=35.0) | loss=0.2006
  [Client 16] Round 22 | Hier-pFedMe(λ2=35.0) | loss=0.0273
  [Client 18] Round 22 | Hier-pFedMe(λ2=35.0) | loss=0.0269
  [Client 19] Round 22 | Hier-pFedMe(λ2=35.0) | loss=0.1970
  [Client 17] Round 22 | Hier-pFedMe(λ2=35.0) | loss=0.1755
  [Edge 3] G22 | E1 | loss=0.1255
  [Edge 3] G22 | E2 | Hier-pFedMe | Selected 5/5
  [Client 15] Round 22 | Hier-pFedMe(λ2=35.0) | loss=0.1492
  [Client 18] Round 22 | Hier-pFedMe(λ2=35.0) | loss=0.0100
  [Client 16] Round 22 | Hier-pFedMe(λ2=35.0) | loss=0.0050
  [Client 19] Round 22 | Hier-pFedMe(λ2=35.0) | loss=0.1317
  [Client 17] Round 22 | Hier-pFedMe(λ2=35.0) | loss=0.1435
  [Edge 3] G22 | E2 | loss=0.0879
  [Edge 3] G22 | E3 | Hier-pFedMe | Selected 5/5
  [Client 17] Round 22 | Hier-pFedMe(λ2=35.0) | loss=0.1344
  [Client 16] Round 22 | Hier-pFedMe(λ2=35.0) | loss=0.0147
  [Client 15] Round 22 | Hier-pFedMe(λ2=35.0) | loss=0.1460
  [Client 19] Round 22 | Hier-pFedMe(λ2=35.0) | loss=0.1295
  [Client 18] Round 22 | Hier-pFedMe(λ2=35.0) | loss=0.0080
  [Edge 3] G22 | E3 | loss=0.0865
  [Edge 3] G22 | E4 | Hier-pFedMe | Selected 5/5
  [Client 16] Round 22 | Hier-pFedMe(λ2=35.0) | loss=0.0082
  [Client 17] Round 22 | Hier-pFedMe(λ2=35.0) | loss=0.1182
  [Client 15] Round 22 | Hier-pFedMe(λ2=35.0) | loss=0.1360
  [Client 18] Round 22 | Hier-pFedMe(λ2=35.0) | loss=0.0103
  [Client 19] Round 22 | Hier-pFedMe(λ2=35.0) | loss=0.1247
  [Edge 3] G22 | E4 | loss=0.0795
  [Edge 3] G22 | E5 | Hier-pFedMe | Selected 5/5
  [Client 16] Round 22 | Hier-pFedMe(λ2=35.0) | loss=0.0093
  [Client 17] Round 22 | Hier-pFedMe(λ2=35.0) | loss=0.1192
  [Client 18] Round 22 | Hier-pFedMe(λ2=35.0) | loss=0.0064
  [Client 19] Round 22 | Hier-pFedMe(λ2=35.0) | loss=0.1335
  [Client 15] Round 22 | Hier-pFedMe(λ2=35.0) | loss=0.1261
  [Edge 3] G22 | E5 | loss=0.0789
  [Cloud] GM=0.1833 | EM=0.5381 | loss=2.2545 | time=131.7s | comm=4645.5MB (total=102202MB)

[Round  23] Broadcasting to 4 edges...
  [Edge 0] G23 | E1 | Hier-pFedMe | Selected 5/5
  [Client  4] Round 23 | Hier-pFedMe(λ2=35.0) | loss=0.2356
  [Client  0] Round 23 | Hier-pFedMe(λ2=35.0) | loss=0.2204
  [Client  1] Round 23 | Hier-pFedMe(λ2=35.0) | loss=0.2097
  [Client  2] Round 23 | Hier-pFedMe(λ2=35.0) | loss=0.2255
  [Client  3] Round 23 | Hier-pFedMe(λ2=35.0) | loss=0.1976
  [Edge 0] G23 | E1 | loss=0.2177
  [Edge 0] G23 | E2 | Hier-pFedMe | Selected 5/5
  [Client  4] Round 23 | Hier-pFedMe(λ2=35.0) | loss=0.1816
  [Client  2] Round 23 | Hier-pFedMe(λ2=35.0) | loss=0.1939
  [Client  0] Round 23 | Hier-pFedMe(λ2=35.0) | loss=0.1660
  [Client  3] Round 23 | Hier-pFedMe(λ2=35.0) | loss=0.1577
  [Client  1] Round 23 | Hier-pFedMe(λ2=35.0) | loss=0.1651
  [Edge 0] G23 | E2 | loss=0.1729
  [Edge 0] G23 | E3 | Hier-pFedMe | Selected 5/5
  [Client  4] Round 23 | Hier-pFedMe(λ2=35.0) | loss=0.1656
  [Client  3] Round 23 | Hier-pFedMe(λ2=35.0) | loss=0.1496
  [Client  2] Round 23 | Hier-pFedMe(λ2=35.0) | loss=0.1730
  [Client  1] Round 23 | Hier-pFedMe(λ2=35.0) | loss=0.1542
  [Client  0] Round 23 | Hier-pFedMe(λ2=35.0) | loss=0.1827
  [Edge 0] G23 | E3 | loss=0.1650
  [Edge 0] G23 | E4 | Hier-pFedMe | Selected 5/5
  [Client  1] Round 23 | Hier-pFedMe(λ2=35.0) | loss=0.1538
  [Client  3] Round 23 | Hier-pFedMe(λ2=35.0) | loss=0.1390
  [Client  4] Round 23 | Hier-pFedMe(λ2=35.0) | loss=0.1654
  [Client  0] Round 23 | Hier-pFedMe(λ2=35.0) | loss=0.1629
  [Client  2] Round 23 | Hier-pFedMe(λ2=35.0) | loss=0.1796
  [Edge 0] G23 | E4 | loss=0.1601
  [Edge 0] G23 | E5 | Hier-pFedMe | Selected 5/5
  [Client  3] Round 23 | Hier-pFedMe(λ2=35.0) | loss=0.1421
  [Client  0] Round 23 | Hier-pFedMe(λ2=35.0) | loss=0.1513
  [Client  1] Round 23 | Hier-pFedMe(λ2=35.0) | loss=0.1427
  [Client  4] Round 23 | Hier-pFedMe(λ2=35.0) | loss=0.1675
  [Client  2] Round 23 | Hier-pFedMe(λ2=35.0) | loss=0.1815
  [Edge 0] G23 | E5 | loss=0.1570
  [Edge 1] G23 | E1 | Hier-pFedMe | Selected 5/5
  [Client  9] Round 23 | Hier-pFedMe(λ2=35.0) | loss=0.0461
  [Client  8] Round 23 | Hier-pFedMe(λ2=35.0) | loss=0.0545
  [Client  6] Round 23 | Hier-pFedMe(λ2=35.0) | loss=0.2398
  [Client  5] Round 23 | Hier-pFedMe(λ2=35.0) | loss=0.2230
  [Client  7] Round 23 | Hier-pFedMe(λ2=35.0) | loss=0.2403
  [Edge 1] G23 | E1 | loss=0.1883
  [Edge 1] G23 | E2 | Hier-pFedMe | Selected 5/5
  [Client  8] Round 23 | Hier-pFedMe(λ2=35.0) | loss=0.0102
  [Client  9] Round 23 | Hier-pFedMe(λ2=35.0) | loss=0.0087
  [Client  6] Round 23 | Hier-pFedMe(λ2=35.0) | loss=0.2011
  [Client  5] Round 23 | Hier-pFedMe(λ2=35.0) | loss=0.1997
  [Client  7] Round 23 | Hier-pFedMe(λ2=35.0) | loss=0.2032
  [Edge 1] G23 | E2 | loss=0.1534
  [Edge 1] G23 | E3 | Hier-pFedMe | Selected 5/5
  [Client  8] Round 23 | Hier-pFedMe(λ2=35.0) | loss=0.0227
  [Client  9] Round 23 | Hier-pFedMe(λ2=35.0) | loss=0.0228
  [Client  5] Round 23 | Hier-pFedMe(λ2=35.0) | loss=0.1921
  [Client  6] Round 23 | Hier-pFedMe(λ2=35.0) | loss=0.2034
  [Client  7] Round 23 | Hier-pFedMe(λ2=35.0) | loss=0.2113
  [Edge 1] G23 | E3 | loss=0.1574
  [Edge 1] G23 | E4 | Hier-pFedMe | Selected 5/5
  [Client  8] Round 23 | Hier-pFedMe(λ2=35.0) | loss=0.0097
  [Client  6] Round 23 | Hier-pFedMe(λ2=35.0) | loss=0.2040
  [Client  5] Round 23 | Hier-pFedMe(λ2=35.0) | loss=0.1846
  [Client  7] Round 23 | Hier-pFedMe(λ2=35.0) | loss=0.2087  [Client  9] Round 23 | Hier-pFedMe(λ2=35.0) | loss=0.0098

  [Edge 1] G23 | E4 | loss=0.1517
  [Edge 1] G23 | E5 | Hier-pFedMe | Selected 5/5
  [Client  9] Round 23 | Hier-pFedMe(λ2=35.0) | loss=0.0266
  [Client  8] Round 23 | Hier-pFedMe(λ2=35.0) | loss=0.0195
  [Client  6] Round 23 | Hier-pFedMe(λ2=35.0) | loss=0.2011
  [Client  5] Round 23 | Hier-pFedMe(λ2=35.0) | loss=0.1948
  [Client  7] Round 23 | Hier-pFedMe(λ2=35.0) | loss=0.2079
  [Edge 1] G23 | E5 | loss=0.1567
  [Edge 2] G23 | E1 | Hier-pFedMe | Selected 5/5
  [Client 10] Round 23 | Hier-pFedMe(λ2=35.0) | loss=0.2156
  [Client 14] Round 23 | Hier-pFedMe(λ2=35.0) | loss=0.0231
  [Client 12] Round 23 | Hier-pFedMe(λ2=35.0) | loss=0.2121
  [Client 11] Round 23 | Hier-pFedMe(λ2=35.0) | loss=0.2501
  [Client 13] Round 23 | Hier-pFedMe(λ2=35.0) | loss=0.0312
  [Edge 2] G23 | E1 | loss=0.1464
  [Edge 2] G23 | E2 | Hier-pFedMe | Selected 5/5
  [Client 14] Round 23 | Hier-pFedMe(λ2=35.0) | loss=0.0092
  [Client 12] Round 23 | Hier-pFedMe(λ2=35.0) | loss=0.1598
  [Client 13] Round 23 | Hier-pFedMe(λ2=35.0) | loss=0.0051
  [Client 11] Round 23 | Hier-pFedMe(λ2=35.0) | loss=0.1681
  [Client 10] Round 23 | Hier-pFedMe(λ2=35.0) | loss=0.1691
  [Edge 2] G23 | E2 | loss=0.1023
  [Edge 2] G23 | E3 | Hier-pFedMe | Selected 5/5
  [Client 10] Round 23 | Hier-pFedMe(λ2=35.0) | loss=0.1353
  [Client 14] Round 23 | Hier-pFedMe(λ2=35.0) | loss=0.0076
  [Client 11] Round 23 | Hier-pFedMe(λ2=35.0) | loss=0.1703
  [Client 13] Round 23 | Hier-pFedMe(λ2=35.0) | loss=0.0123
  [Client 12] Round 23 | Hier-pFedMe(λ2=35.0) | loss=0.1481
  [Edge 2] G23 | E3 | loss=0.0947
  [Edge 2] G23 | E4 | Hier-pFedMe | Selected 5/5
  [Client 12] Round 23 | Hier-pFedMe(λ2=35.0) | loss=0.1376
  [Client 14] Round 23 | Hier-pFedMe(λ2=35.0) | loss=0.0081
  [Client 11] Round 23 | Hier-pFedMe(λ2=35.0) | loss=0.1649
  [Client 13] Round 23 | Hier-pFedMe(λ2=35.0) | loss=0.0093
  [Client 10] Round 23 | Hier-pFedMe(λ2=35.0) | loss=0.1395
  [Edge 2] G23 | E4 | loss=0.0919
  [Edge 2] G23 | E5 | Hier-pFedMe | Selected 5/5
  [Client 10] Round 23 | Hier-pFedMe(λ2=35.0) | loss=0.1390
  [Client 11] Round 23 | Hier-pFedMe(λ2=35.0) | loss=0.1371
  [Client 14] Round 23 | Hier-pFedMe(λ2=35.0) | loss=0.0112
  [Client 12] Round 23 | Hier-pFedMe(λ2=35.0) | loss=0.1424
  [Client 13] Round 23 | Hier-pFedMe(λ2=35.0) | loss=0.0078
  [Edge 2] G23 | E5 | loss=0.0875
  [Edge 3] G23 | E1 | Hier-pFedMe | Selected 5/5
  [Client 17] Round 23 | Hier-pFedMe(λ2=35.0) | loss=0.1695
  [Client 15] Round 23 | Hier-pFedMe(λ2=35.0) | loss=0.1948
  [Client 16] Round 23 | Hier-pFedMe(λ2=35.0) | loss=0.0287
  [Client 18] Round 23 | Hier-pFedMe(λ2=35.0) | loss=0.0207
  [Client 19] Round 23 | Hier-pFedMe(λ2=35.0) | loss=0.1843
  [Edge 3] G23 | E1 | loss=0.1196
  [Edge 3] G23 | E2 | Hier-pFedMe | Selected 5/5
  [Client 17] Round 23 | Hier-pFedMe(λ2=35.0) | loss=0.1383
  [Client 16] Round 23 | Hier-pFedMe(λ2=35.0) | loss=0.0083
  [Client 15] Round 23 | Hier-pFedMe(λ2=35.0) | loss=0.1612
  [Client 19] Round 23 | Hier-pFedMe(λ2=35.0) | loss=0.1404
  [Client 18] Round 23 | Hier-pFedMe(λ2=35.0) | loss=0.0061
  [Edge 3] G23 | E2 | loss=0.0909
  [Edge 3] G23 | E3 | Hier-pFedMe | Selected 5/5
  [Client 16] Round 23 | Hier-pFedMe(λ2=35.0) | loss=0.0069
  [Client 17] Round 23 | Hier-pFedMe(λ2=35.0) | loss=0.1280
  [Client 15] Round 23 | Hier-pFedMe(λ2=35.0) | loss=0.1310
  [Client 19] Round 23 | Hier-pFedMe(λ2=35.0) | loss=0.1220
  [Client 18] Round 23 | Hier-pFedMe(λ2=35.0) | loss=0.0120
  [Edge 3] G23 | E3 | loss=0.0800
  [Edge 3] G23 | E4 | Hier-pFedMe | Selected 5/5
  [Client 17] Round 23 | Hier-pFedMe(λ2=35.0) | loss=0.1130
  [Client 15] Round 23 | Hier-pFedMe(λ2=35.0) | loss=0.1254
  [Client 19] Round 23 | Hier-pFedMe(λ2=35.0) | loss=0.1267
  [Client 18] Round 23 | Hier-pFedMe(λ2=35.0) | loss=0.0073
  [Client 16] Round 23 | Hier-pFedMe(λ2=35.0) | loss=0.0100
  [Edge 3] G23 | E4 | loss=0.0765
  [Edge 3] G23 | E5 | Hier-pFedMe | Selected 5/5
  [Client 15] Round 23 | Hier-pFedMe(λ2=35.0) | loss=0.1161
  [Client 16] Round 23 | Hier-pFedMe(λ2=35.0) | loss=0.0092
  [Client 19] Round 23 | Hier-pFedMe(λ2=35.0) | loss=0.1203
  [Client 18] Round 23 | Hier-pFedMe(λ2=35.0) | loss=0.0094
  [Client 17] Round 23 | Hier-pFedMe(λ2=35.0) | loss=0.1194
  [Edge 3] G23 | E5 | loss=0.0749
  [Cloud] GM=0.1803 | EM=0.6021 | loss=2.2572 | time=130.2s | comm=4645.5MB (total=106847MB)

[Round  24] Broadcasting to 4 edges...
  [Edge 0] G24 | E1 | Hier-pFedMe | Selected 5/5
  [Client  3] Round 24 | Hier-pFedMe(λ2=35.0) | loss=0.2179
  [Client  1] Round 24 | Hier-pFedMe(λ2=35.0) | loss=0.2036
  [Client  0] Round 24 | Hier-pFedMe(λ2=35.0) | loss=0.2091
  [Client  2] Round 24 | Hier-pFedMe(λ2=35.0) | loss=0.2284
  [Client  4] Round 24 | Hier-pFedMe(λ2=35.0) | loss=0.2559
  [Edge 0] G24 | E1 | loss=0.2230
  [Edge 0] G24 | E2 | Hier-pFedMe | Selected 5/5
  [Client  3] Round 24 | Hier-pFedMe(λ2=35.0) | loss=0.1382
  [Client  0] Round 24 | Hier-pFedMe(λ2=35.0) | loss=0.1771
  [Client  2] Round 24 | Hier-pFedMe(λ2=35.0) | loss=0.1801
  [Client  1] Round 24 | Hier-pFedMe(λ2=35.0) | loss=0.1617
  [Client  4] Round 24 | Hier-pFedMe(λ2=35.0) | loss=0.1759
  [Edge 0] G24 | E2 | loss=0.1666
  [Edge 0] G24 | E3 | Hier-pFedMe | Selected 5/5
  [Client  0] Round 24 | Hier-pFedMe(λ2=35.0) | loss=0.1656
  [Client  1] Round 24 | Hier-pFedMe(λ2=35.0) | loss=0.1530
  [Client  2] Round 24 | Hier-pFedMe(λ2=35.0) | loss=0.1771
  [Client  3] Round 24 | Hier-pFedMe(λ2=35.0) | loss=0.1495
  [Client  4] Round 24 | Hier-pFedMe(λ2=35.0) | loss=0.1611
  [Edge 0] G24 | E3 | loss=0.1612
  [Edge 0] G24 | E4 | Hier-pFedMe | Selected 5/5
  [Client  4] Round 24 | Hier-pFedMe(λ2=35.0) | loss=0.1619
  [Client  3] Round 24 | Hier-pFedMe(λ2=35.0) | loss=0.1396
  [Client  0] Round 24 | Hier-pFedMe(λ2=35.0) | loss=0.1509
  [Client  1] Round 24 | Hier-pFedMe(λ2=35.0) | loss=0.1475
  [Client  2] Round 24 | Hier-pFedMe(λ2=35.0) | loss=0.1696
  [Edge 0] G24 | E4 | loss=0.1539
  [Edge 0] G24 | E5 | Hier-pFedMe | Selected 5/5
  [Client  4] Round 24 | Hier-pFedMe(λ2=35.0) | loss=0.1492
  [Client  1] Round 24 | Hier-pFedMe(λ2=35.0) | loss=0.1558
  [Client  3] Round 24 | Hier-pFedMe(λ2=35.0) | loss=0.1530
  [Client  2] Round 24 | Hier-pFedMe(λ2=35.0) | loss=0.1741
  [Client  0] Round 24 | Hier-pFedMe(λ2=35.0) | loss=0.1530
  [Edge 0] G24 | E5 | loss=0.1570
  [Edge 1] G24 | E1 | Hier-pFedMe | Selected 5/5
  [Client  9] Round 24 | Hier-pFedMe(λ2=35.0) | loss=0.0390
  [Client  8] Round 24 | Hier-pFedMe(λ2=35.0) | loss=0.0370
  [Client  6] Round 24 | Hier-pFedMe(λ2=35.0) | loss=0.2212
  [Client  5] Round 24 | Hier-pFedMe(λ2=35.0) | loss=0.2242
  [Client  7] Round 24 | Hier-pFedMe(λ2=35.0) | loss=0.2351
  [Edge 1] G24 | E1 | loss=0.1796
  [Edge 1] G24 | E2 | Hier-pFedMe | Selected 5/5
  [Client  8] Round 24 | Hier-pFedMe(λ2=35.0) | loss=0.0144
  [Client  7] Round 24 | Hier-pFedMe(λ2=35.0) | loss=0.2098
  [Client  6] Round 24 | Hier-pFedMe(λ2=35.0) | loss=0.1961
  [Client  5] Round 24 | Hier-pFedMe(λ2=35.0) | loss=0.1926
  [Client  9] Round 24 | Hier-pFedMe(λ2=35.0) | loss=0.0100
  [Edge 1] G24 | E2 | loss=0.1527
  [Edge 1] G24 | E3 | Hier-pFedMe | Selected 5/5
  [Client  9] Round 24 | Hier-pFedMe(λ2=35.0) | loss=0.0230
  [Client  6] Round 24 | Hier-pFedMe(λ2=35.0) | loss=0.1883
  [Client  5] Round 24 | Hier-pFedMe(λ2=35.0) | loss=0.1864
  [Client  7] Round 24 | Hier-pFedMe(λ2=35.0) | loss=0.2028
  [Client  8] Round 24 | Hier-pFedMe(λ2=35.0) | loss=0.0144
  [Edge 1] G24 | E3 | loss=0.1491
  [Edge 1] G24 | E4 | Hier-pFedMe | Selected 5/5
  [Client  9] Round 24 | Hier-pFedMe(λ2=35.0) | loss=0.0056
  [Client  8] Round 24 | Hier-pFedMe(λ2=35.0) | loss=0.0282
  [Client  6] Round 24 | Hier-pFedMe(λ2=35.0) | loss=0.1976
  [Client  5] Round 24 | Hier-pFedMe(λ2=35.0) | loss=0.1799
  [Client  7] Round 24 | Hier-pFedMe(λ2=35.0) | loss=0.1952
  [Edge 1] G24 | E4 | loss=0.1474
  [Edge 1] G24 | E5 | Hier-pFedMe | Selected 5/5
  [Client  8] Round 24 | Hier-pFedMe(λ2=35.0) | loss=0.0067
  [Client  9] Round 24 | Hier-pFedMe(λ2=35.0) | loss=0.0917
  [Client  6] Round 24 | Hier-pFedMe(λ2=35.0) | loss=0.1870
  [Client  7] Round 24 | Hier-pFedMe(λ2=35.0) | loss=0.1946
  [Client  5] Round 24 | Hier-pFedMe(λ2=35.0) | loss=0.2084
  [Edge 1] G24 | E5 | loss=0.1598
  [Edge 2] G24 | E1 | Hier-pFedMe | Selected 5/5
  [Client 14] Round 24 | Hier-pFedMe(λ2=35.0) | loss=0.0263
  [Client 11] Round 24 | Hier-pFedMe(λ2=35.0) | loss=0.2265
  [Client 12] Round 24 | Hier-pFedMe(λ2=35.0) | loss=0.1991
  [Client 13] Round 24 | Hier-pFedMe(λ2=35.0) | loss=0.0296
  [Client 10] Round 24 | Hier-pFedMe(λ2=35.0) | loss=0.2058
  [Edge 2] G24 | E1 | loss=0.1375
  [Edge 2] G24 | E2 | Hier-pFedMe | Selected 5/5
  [Client 10] Round 24 | Hier-pFedMe(λ2=35.0) | loss=0.1502
  [Client 12] Round 24 | Hier-pFedMe(λ2=35.0) | loss=0.1637
  [Client 13] Round 24 | Hier-pFedMe(λ2=35.0) | loss=0.0050
  [Client 11] Round 24 | Hier-pFedMe(λ2=35.0) | loss=0.1758
  [Client 14] Round 24 | Hier-pFedMe(λ2=35.0) | loss=0.0085
  [Edge 2] G24 | E2 | loss=0.1006
  [Edge 2] G24 | E3 | Hier-pFedMe | Selected 5/5
  [Client 14] Round 24 | Hier-pFedMe(λ2=35.0) | loss=0.0081
  [Client 12] Round 24 | Hier-pFedMe(λ2=35.0) | loss=0.1420
  [Client 11] Round 24 | Hier-pFedMe(λ2=35.0) | loss=0.1436
  [Client 13] Round 24 | Hier-pFedMe(λ2=35.0) | loss=0.0106
  [Client 10] Round 24 | Hier-pFedMe(λ2=35.0) | loss=0.1417
  [Edge 2] G24 | E3 | loss=0.0892
  [Edge 2] G24 | E4 | Hier-pFedMe | Selected 5/5
  [Client 13] Round 24 | Hier-pFedMe(λ2=35.0) | loss=0.0079
  [Client 10] Round 24 | Hier-pFedMe(λ2=35.0) | loss=0.1331
  [Client 12] Round 24 | Hier-pFedMe(λ2=35.0) | loss=0.1358
  [Client 11] Round 24 | Hier-pFedMe(λ2=35.0) | loss=0.1515
  [Client 14] Round 24 | Hier-pFedMe(λ2=35.0) | loss=0.0087
  [Edge 2] G24 | E4 | loss=0.0874
  [Edge 2] G24 | E5 | Hier-pFedMe | Selected 5/5
  [Client 14] Round 24 | Hier-pFedMe(λ2=35.0) | loss=0.0063
  [Client 10] Round 24 | Hier-pFedMe(λ2=35.0) | loss=0.1441
  [Client 12] Round 24 | Hier-pFedMe(λ2=35.0) | loss=0.1464
  [Client 13] Round 24 | Hier-pFedMe(λ2=35.0) | loss=0.0122
  [Client 11] Round 24 | Hier-pFedMe(λ2=35.0) | loss=0.1396
  [Edge 2] G24 | E5 | loss=0.0897
  [Edge 3] G24 | E1 | Hier-pFedMe | Selected 5/5
  [Client 15] Round 24 | Hier-pFedMe(λ2=35.0) | loss=0.1826
  [Client 16] Round 24 | Hier-pFedMe(λ2=35.0) | loss=0.0232
  [Client 18] Round 24 | Hier-pFedMe(λ2=35.0) | loss=0.0214
  [Client 19] Round 24 | Hier-pFedMe(λ2=35.0) | loss=0.1867
  [Client 17] Round 24 | Hier-pFedMe(λ2=35.0) | loss=0.1691
  [Edge 3] G24 | E1 | loss=0.1166
  [Edge 3] G24 | E2 | Hier-pFedMe | Selected 5/5
  [Client 17] Round 24 | Hier-pFedMe(λ2=35.0) | loss=0.1194
  [Client 16] Round 24 | Hier-pFedMe(λ2=35.0) | loss=0.0087
  [Client 19] Round 24 | Hier-pFedMe(λ2=35.0) | loss=0.1328
  [Client 18] Round 24 | Hier-pFedMe(λ2=35.0) | loss=0.0071
  [Client 15] Round 24 | Hier-pFedMe(λ2=35.0) | loss=0.1259
  [Edge 3] G24 | E2 | loss=0.0788
  [Edge 3] G24 | E3 | Hier-pFedMe | Selected 5/5
  [Client 15] Round 24 | Hier-pFedMe(λ2=35.0) | loss=0.1393
  [Client 17] Round 24 | Hier-pFedMe(λ2=35.0) | loss=0.1134
  [Client 18] Round 24 | Hier-pFedMe(λ2=35.0) | loss=0.0084
  [Client 16] Round 24 | Hier-pFedMe(λ2=35.0) | loss=0.0080
  [Client 19] Round 24 | Hier-pFedMe(λ2=35.0) | loss=0.1173
  [Edge 3] G24 | E3 | loss=0.0773
  [Edge 3] G24 | E4 | Hier-pFedMe | Selected 5/5
  [Client 15] Round 24 | Hier-pFedMe(λ2=35.0) | loss=0.1240
  [Client 17] Round 24 | Hier-pFedMe(λ2=35.0) | loss=0.1135
  [Client 18] Round 24 | Hier-pFedMe(λ2=35.0) | loss=0.0079
  [Client 19] Round 24 | Hier-pFedMe(λ2=35.0) | loss=0.1228
  [Client 16] Round 24 | Hier-pFedMe(λ2=35.0) | loss=0.0065
  [Edge 3] G24 | E4 | loss=0.0749
  [Edge 3] G24 | E5 | Hier-pFedMe | Selected 5/5
  [Client 17] Round 24 | Hier-pFedMe(λ2=35.0) | loss=0.1079
  [Client 15] Round 24 | Hier-pFedMe(λ2=35.0) | loss=0.1174
  [Client 19] Round 24 | Hier-pFedMe(λ2=35.0) | loss=0.1198
  [Client 16] Round 24 | Hier-pFedMe(λ2=35.0) | loss=0.0091
  [Client 18] Round 24 | Hier-pFedMe(λ2=35.0) | loss=0.0092
  [Edge 3] G24 | E5 | loss=0.0727
  [Cloud] GM=0.1872 | EM=0.5385 | loss=2.2559 | time=131.4s | comm=4645.5MB (total=111493MB)

[Round  25] Broadcasting to 4 edges...
  [Edge 0] G25 | E1 | Hier-pFedMe | Selected 5/5
  [Client  3] Round 25 | Hier-pFedMe(λ2=35.0) | loss=0.1972
  [Client  4] Round 25 | Hier-pFedMe(λ2=35.0) | loss=0.2082
  [Client  2] Round 25 | Hier-pFedMe(λ2=35.0) | loss=0.2526
  [Client  0] Round 25 | Hier-pFedMe(λ2=35.0) | loss=0.2139
  [Client  1] Round 25 | Hier-pFedMe(λ2=35.0) | loss=0.1839
  [Edge 0] G25 | E1 | loss=0.2112
  [Edge 0] G25 | E2 | Hier-pFedMe | Selected 5/5
  [Client  0] Round 25 | Hier-pFedMe(λ2=35.0) | loss=0.1544
  [Client  4] Round 25 | Hier-pFedMe(λ2=35.0) | loss=0.1724
  [Client  2] Round 25 | Hier-pFedMe(λ2=35.0) | loss=0.1620
  [Client  3] Round 25 | Hier-pFedMe(λ2=35.0) | loss=0.1434
  [Client  1] Round 25 | Hier-pFedMe(λ2=35.0) | loss=0.1629
  [Edge 0] G25 | E2 | loss=0.1590
  [Edge 0] G25 | E3 | Hier-pFedMe | Selected 5/5
  [Client  2] Round 25 | Hier-pFedMe(λ2=35.0) | loss=0.1665
  [Client  4] Round 25 | Hier-pFedMe(λ2=35.0) | loss=0.1603
  [Client  0] Round 25 | Hier-pFedMe(λ2=35.0) | loss=0.1656
  [Client  1] Round 25 | Hier-pFedMe(λ2=35.0) | loss=0.1555
  [Client  3] Round 25 | Hier-pFedMe(λ2=35.0) | loss=0.1485
  [Edge 0] G25 | E3 | loss=0.1593
  [Edge 0] G25 | E4 | Hier-pFedMe | Selected 5/5
  [Client  3] Round 25 | Hier-pFedMe(λ2=35.0) | loss=0.1399
  [Client  4] Round 25 | Hier-pFedMe(λ2=35.0) | loss=0.1701
  [Client  0] Round 25 | Hier-pFedMe(λ2=35.0) | loss=0.1767
  [Client  2] Round 25 | Hier-pFedMe(λ2=35.0) | loss=0.1808
  [Client  1] Round 25 | Hier-pFedMe(λ2=35.0) | loss=0.1505
  [Edge 0] G25 | E4 | loss=0.1636
  [Edge 0] G25 | E5 | Hier-pFedMe | Selected 5/5
  [Client  4] Round 25 | Hier-pFedMe(λ2=35.0) | loss=0.1575
  [Client  1] Round 25 | Hier-pFedMe(λ2=35.0) | loss=0.1535
  [Client  3] Round 25 | Hier-pFedMe(λ2=35.0) | loss=0.1285
  [Client  2] Round 25 | Hier-pFedMe(λ2=35.0) | loss=0.1570
  [Client  0] Round 25 | Hier-pFedMe(λ2=35.0) | loss=0.1630
  [Edge 0] G25 | E5 | loss=0.1519
  [Edge 1] G25 | E1 | Hier-pFedMe | Selected 5/5
  [Client  9] Round 25 | Hier-pFedMe(λ2=35.0) | loss=0.0440
  [Client  8] Round 25 | Hier-pFedMe(λ2=35.0) | loss=0.0565
  [Client  7] Round 25 | Hier-pFedMe(λ2=35.0) | loss=0.2321
  [Client  5] Round 25 | Hier-pFedMe(λ2=35.0) | loss=0.2229
  [Client  6] Round 25 | Hier-pFedMe(λ2=35.0) | loss=0.2208
  [Edge 1] G25 | E1 | loss=0.1815
  [Edge 1] G25 | E2 | Hier-pFedMe | Selected 5/5
  [Client  9] Round 25 | Hier-pFedMe(λ2=35.0) | loss=0.0114
  [Client  8] Round 25 | Hier-pFedMe(λ2=35.0) | loss=0.0116
  [Client  7] Round 25 | Hier-pFedMe(λ2=35.0) | loss=0.2058
  [Client  6] Round 25 | Hier-pFedMe(λ2=35.0) | loss=0.2028
  [Client  5] Round 25 | Hier-pFedMe(λ2=35.0) | loss=0.1846
  [Edge 1] G25 | E2 | loss=0.1512
  [Edge 1] G25 | E3 | Hier-pFedMe | Selected 5/5
  [Client  9] Round 25 | Hier-pFedMe(λ2=35.0) | loss=0.0179
  [Client  8] Round 25 | Hier-pFedMe(λ2=35.0) | loss=0.0245
  [Client  7] Round 25 | Hier-pFedMe(λ2=35.0) | loss=0.1973
  [Client  6] Round 25 | Hier-pFedMe(λ2=35.0) | loss=0.1929
  [Client  5] Round 25 | Hier-pFedMe(λ2=35.0) | loss=0.1785
  [Edge 1] G25 | E3 | loss=0.1475
  [Edge 1] G25 | E4 | Hier-pFedMe | Selected 5/5
  [Client  8] Round 25 | Hier-pFedMe(λ2=35.0) | loss=0.0077
  [Client  7] Round 25 | Hier-pFedMe(λ2=35.0) | loss=0.1934
  [Client  6] Round 25 | Hier-pFedMe(λ2=35.0) | loss=0.1889
  [Client  9] Round 25 | Hier-pFedMe(λ2=35.0) | loss=0.0193
  [Client  5] Round 25 | Hier-pFedMe(λ2=35.0) | loss=0.1744
  [Edge 1] G25 | E4 | loss=0.1425
  [Edge 1] G25 | E5 | Hier-pFedMe | Selected 5/5
  [Client  9] Round 25 | Hier-pFedMe(λ2=35.0) | loss=0.0100
  [Client  7] Round 25 | Hier-pFedMe(λ2=35.0) | loss=0.2096
  [Client  6] Round 25 | Hier-pFedMe(λ2=35.0) | loss=0.1710
  [Client  8] Round 25 | Hier-pFedMe(λ2=35.0) | loss=0.0609
  [Client  5] Round 25 | Hier-pFedMe(λ2=35.0) | loss=0.1642
  [Edge 1] G25 | E5 | loss=0.1451
  [Edge 2] G25 | E1 | Hier-pFedMe | Selected 5/5
  [Client 13] Round 25 | Hier-pFedMe(λ2=35.0) | loss=0.0280
  [Client 10] Round 25 | Hier-pFedMe(λ2=35.0) | loss=0.1818
  [Client 14] Round 25 | Hier-pFedMe(λ2=35.0) | loss=0.0237
  [Client 12] Round 25 | Hier-pFedMe(λ2=35.0) | loss=0.2169
  [Client 11] Round 25 | Hier-pFedMe(λ2=35.0) | loss=0.2254
  [Edge 2] G25 | E1 | loss=0.1352
  [Edge 2] G25 | E2 | Hier-pFedMe | Selected 5/5
  [Client 10] Round 25 | Hier-pFedMe(λ2=35.0) | loss=0.1549
  [Client 12] Round 25 | Hier-pFedMe(λ2=35.0) | loss=0.1560
  [Client 11] Round 25 | Hier-pFedMe(λ2=35.0) | loss=0.1517
  [Client 13] Round 25 | Hier-pFedMe(λ2=35.0) | loss=0.0078
  [Client 14] Round 25 | Hier-pFedMe(λ2=35.0) | loss=0.0064
  [Edge 2] G25 | E2 | loss=0.0954
  [Edge 2] G25 | E3 | Hier-pFedMe | Selected 5/5
  [Client 12] Round 25 | Hier-pFedMe(λ2=35.0) | loss=0.1458
  [Client 14] Round 25 | Hier-pFedMe(λ2=35.0) | loss=0.0097
  [Client 10] Round 25 | Hier-pFedMe(λ2=35.0) | loss=0.1328
  [Client 11] Round 25 | Hier-pFedMe(λ2=35.0) | loss=0.1501
  [Client 13] Round 25 | Hier-pFedMe(λ2=35.0) | loss=0.0090
  [Edge 2] G25 | E3 | loss=0.0895
  [Edge 2] G25 | E4 | Hier-pFedMe | Selected 5/5
  [Client 10] Round 25 | Hier-pFedMe(λ2=35.0) | loss=0.1295
  [Client 12] Round 25 | Hier-pFedMe(λ2=35.0) | loss=0.1286
  [Client 14] Round 25 | Hier-pFedMe(λ2=35.0) | loss=0.0089
  [Client 11] Round 25 | Hier-pFedMe(λ2=35.0) | loss=0.1472
  [Client 13] Round 25 | Hier-pFedMe(λ2=35.0) | loss=0.0093
  [Edge 2] G25 | E4 | loss=0.0847
  [Edge 2] G25 | E5 | Hier-pFedMe | Selected 5/5
  [Client 10] Round 25 | Hier-pFedMe(λ2=35.0) | loss=0.1387
  [Client 13] Round 25 | Hier-pFedMe(λ2=35.0) | loss=0.0113
  [Client 14] Round 25 | Hier-pFedMe(λ2=35.0) | loss=0.0063
  [Client 11] Round 25 | Hier-pFedMe(λ2=35.0) | loss=0.1420
  [Client 12] Round 25 | Hier-pFedMe(λ2=35.0) | loss=0.1247
  [Edge 2] G25 | E5 | loss=0.0846
  [Edge 3] G25 | E1 | Hier-pFedMe | Selected 5/5
  [Client 17] Round 25 | Hier-pFedMe(λ2=35.0) | loss=0.1679
  [Client 16] Round 25 | Hier-pFedMe(λ2=35.0) | loss=0.0273
  [Client 19] Round 25 | Hier-pFedMe(λ2=35.0) | loss=0.1931
  [Client 18] Round 25 | Hier-pFedMe(λ2=35.0) | loss=0.0220
  [Client 15] Round 25 | Hier-pFedMe(λ2=35.0) | loss=0.1858
  [Edge 3] G25 | E1 | loss=0.1192
  [Edge 3] G25 | E2 | Hier-pFedMe | Selected 5/5
  [Client 15] Round 25 | Hier-pFedMe(λ2=35.0) | loss=0.1296
  [Client 16] Round 25 | Hier-pFedMe(λ2=35.0) | loss=0.0114
  [Client 19] Round 25 | Hier-pFedMe(λ2=35.0) | loss=0.1377
  [Client 18] Round 25 | Hier-pFedMe(λ2=35.0) | loss=0.0080
  [Client 17] Round 25 | Hier-pFedMe(λ2=35.0) | loss=0.1240
  [Edge 3] G25 | E2 | loss=0.0821
  [Edge 3] G25 | E3 | Hier-pFedMe | Selected 5/5
  [Client 18] Round 25 | Hier-pFedMe(λ2=35.0) | loss=0.0095
  [Client 17] Round 25 | Hier-pFedMe(λ2=35.0) | loss=0.1048
  [Client 19] Round 25 | Hier-pFedMe(λ2=35.0) | loss=0.1218
  [Client 15] Round 25 | Hier-pFedMe(λ2=35.0) | loss=0.1147
  [Client 16] Round 25 | Hier-pFedMe(λ2=35.0) | loss=0.0094
  [Edge 3] G25 | E3 | loss=0.0721
  [Edge 3] G25 | E4 | Hier-pFedMe | Selected 5/5
  [Client 17] Round 25 | Hier-pFedMe(λ2=35.0) | loss=0.1115
  [Client 15] Round 25 | Hier-pFedMe(λ2=35.0) | loss=0.1185
  [Client 19] Round 25 | Hier-pFedMe(λ2=35.0) | loss=0.1356
  [Client 16] Round 25 | Hier-pFedMe(λ2=35.0) | loss=0.0121
  [Client 18] Round 25 | Hier-pFedMe(λ2=35.0) | loss=0.0042
  [Edge 3] G25 | E4 | loss=0.0764
  [Edge 3] G25 | E5 | Hier-pFedMe | Selected 5/5
  [Client 16] Round 25 | Hier-pFedMe(λ2=35.0) | loss=0.0060
  [Client 17] Round 25 | Hier-pFedMe(λ2=35.0) | loss=0.1074
  [Client 15] Round 25 | Hier-pFedMe(λ2=35.0) | loss=0.1173
  [Client 18] Round 25 | Hier-pFedMe(λ2=35.0) | loss=0.0089
  [Client 19] Round 25 | Hier-pFedMe(λ2=35.0) | loss=0.1141
  [Edge 3] G25 | E5 | loss=0.0707
  [Cloud] GM=0.1833 | EM=0.4836 | loss=2.2594 | time=131.9s | comm=4645.5MB (total=116138MB)

[Round  26] Broadcasting to 4 edges...
  [Edge 0] G26 | E1 | Hier-pFedMe | Selected 5/5
  [Client  3] Round 26 | Hier-pFedMe(λ2=35.0) | loss=0.1887
  [Client  4] Round 26 | Hier-pFedMe(λ2=35.0) | loss=0.2205
  [Client  2] Round 26 | Hier-pFedMe(λ2=35.0) | loss=0.2241
  [Client  1] Round 26 | Hier-pFedMe(λ2=35.0) | loss=0.2021
  [Client  0] Round 26 | Hier-pFedMe(λ2=35.0) | loss=0.2185
  [Edge 0] G26 | E1 | loss=0.2108
  [Edge 0] G26 | E2 | Hier-pFedMe | Selected 5/5
  [Client  1] Round 26 | Hier-pFedMe(λ2=35.0) | loss=0.1607
  [Client  3] Round 26 | Hier-pFedMe(λ2=35.0) | loss=0.1417
  [Client  0] Round 26 | Hier-pFedMe(λ2=35.0) | loss=0.1569
  [Client  4] Round 26 | Hier-pFedMe(λ2=35.0) | loss=0.1537
  [Client  2] Round 26 | Hier-pFedMe(λ2=35.0) | loss=0.1652
  [Edge 0] G26 | E2 | loss=0.1556
  [Edge 0] G26 | E3 | Hier-pFedMe | Selected 5/5
  [Client  1] Round 26 | Hier-pFedMe(λ2=35.0) | loss=0.1426
  [Client  0] Round 26 | Hier-pFedMe(λ2=35.0) | loss=0.1466
  [Client  3] Round 26 | Hier-pFedMe(λ2=35.0) | loss=0.1278
  [Client  2] Round 26 | Hier-pFedMe(λ2=35.0) | loss=0.1707
  [Client  4] Round 26 | Hier-pFedMe(λ2=35.0) | loss=0.1513
  [Edge 0] G26 | E3 | loss=0.1478
  [Edge 0] G26 | E4 | Hier-pFedMe | Selected 5/5
  [Client  3] Round 26 | Hier-pFedMe(λ2=35.0) | loss=0.1239
  [Client  2] Round 26 | Hier-pFedMe(λ2=35.0) | loss=0.1522
  [Client  1] Round 26 | Hier-pFedMe(λ2=35.0) | loss=0.1596
  [Client  0] Round 26 | Hier-pFedMe(λ2=35.0) | loss=0.1469
  [Client  4] Round 26 | Hier-pFedMe(λ2=35.0) | loss=0.1500
  [Edge 0] G26 | E4 | loss=0.1465
  [Edge 0] G26 | E5 | Hier-pFedMe | Selected 5/5
  [Client  3] Round 26 | Hier-pFedMe(λ2=35.0) | loss=0.1345
  [Client  1] Round 26 | Hier-pFedMe(λ2=35.0) | loss=0.1258
  [Client  2] Round 26 | Hier-pFedMe(λ2=35.0) | loss=0.1513
  [Client  4] Round 26 | Hier-pFedMe(λ2=35.0) | loss=0.1365
  [Client  0] Round 26 | Hier-pFedMe(λ2=35.0) | loss=0.1406
  [Edge 0] G26 | E5 | loss=0.1377
  [Edge 1] G26 | E1 | Hier-pFedMe | Selected 5/5
  [Client  8] Round 26 | Hier-pFedMe(λ2=35.0) | loss=0.0360
  [Client  6] Round 26 | Hier-pFedMe(λ2=35.0) | loss=0.2132
  [Client  5] Round 26 | Hier-pFedMe(λ2=35.0) | loss=0.2180
  [Client  9] Round 26 | Hier-pFedMe(λ2=35.0) | loss=0.0568
  [Client  7] Round 26 | Hier-pFedMe(λ2=35.0) | loss=0.2172
  [Edge 1] G26 | E1 | loss=0.1737
  [Edge 1] G26 | E2 | Hier-pFedMe | Selected 5/5
  [Client  9] Round 26 | Hier-pFedMe(λ2=35.0) | loss=0.0096
  [Client  8] Round 26 | Hier-pFedMe(λ2=35.0) | loss=0.0105
  [Client  5] Round 26 | Hier-pFedMe(λ2=35.0) | loss=0.1815
  [Client  7] Round 26 | Hier-pFedMe(λ2=35.0) | loss=0.2038
  [Client  6] Round 26 | Hier-pFedMe(λ2=35.0) | loss=0.1908
  [Edge 1] G26 | E2 | loss=0.1465
  [Edge 1] G26 | E3 | Hier-pFedMe | Selected 5/5
  [Client  8] Round 26 | Hier-pFedMe(λ2=35.0) | loss=0.0186
  [Client  9] Round 26 | Hier-pFedMe(λ2=35.0) | loss=0.0233
  [Client  7] Round 26 | Hier-pFedMe(λ2=35.0) | loss=0.2084
  [Client  5] Round 26 | Hier-pFedMe(λ2=35.0) | loss=0.1777
  [Client  6] Round 26 | Hier-pFedMe(λ2=35.0) | loss=0.1775
  [Edge 1] G26 | E3 | loss=0.1461
  [Edge 1] G26 | E4 | Hier-pFedMe | Selected 5/5
  [Client  8] Round 26 | Hier-pFedMe(λ2=35.0) | loss=0.0138
  [Client  9] Round 26 | Hier-pFedMe(λ2=35.0) | loss=0.0090
  [Client  7] Round 26 | Hier-pFedMe(λ2=35.0) | loss=0.1947
  [Client  6] Round 26 | Hier-pFedMe(λ2=35.0) | loss=0.1829
  [Client  5] Round 26 | Hier-pFedMe(λ2=35.0) | loss=0.1756
  [Edge 1] G26 | E4 | loss=0.1412
  [Edge 1] G26 | E5 | Hier-pFedMe | Selected 5/5
  [Client  9] Round 26 | Hier-pFedMe(λ2=35.0) | loss=0.0336
  [Client  6] Round 26 | Hier-pFedMe(λ2=35.0) | loss=0.1692
  [Client  5] Round 26 | Hier-pFedMe(λ2=35.0) | loss=0.1842
  [Client  7] Round 26 | Hier-pFedMe(λ2=35.0) | loss=0.1906
  [Client  8] Round 26 | Hier-pFedMe(λ2=35.0) | loss=0.0107
  [Edge 1] G26 | E5 | loss=0.1415
  [Edge 2] G26 | E1 | Hier-pFedMe | Selected 5/5
  [Client 10] Round 26 | Hier-pFedMe(λ2=35.0) | loss=0.1848
  [Client 12] Round 26 | Hier-pFedMe(λ2=35.0) | loss=0.1966
  [Client 13] Round 26 | Hier-pFedMe(λ2=35.0) | loss=0.0252
  [Client 11] Round 26 | Hier-pFedMe(λ2=35.0) | loss=0.2041
  [Client 14] Round 26 | Hier-pFedMe(λ2=35.0) | loss=0.0271
  [Edge 2] G26 | E1 | loss=0.1275
  [Edge 2] G26 | E2 | Hier-pFedMe | Selected 5/5
  [Client 10] Round 26 | Hier-pFedMe(λ2=35.0) | loss=0.1600
  [Client 12] Round 26 | Hier-pFedMe(λ2=35.0) | loss=0.1560
  [Client 14] Round 26 | Hier-pFedMe(λ2=35.0) | loss=0.0095
  [Client 13] Round 26 | Hier-pFedMe(λ2=35.0) | loss=0.0091
  [Client 11] Round 26 | Hier-pFedMe(λ2=35.0) | loss=0.1541
  [Edge 2] G26 | E2 | loss=0.0977
  [Edge 2] G26 | E3 | Hier-pFedMe | Selected 5/5
  [Client 14] Round 26 | Hier-pFedMe(λ2=35.0) | loss=0.0098
  [Client 12] Round 26 | Hier-pFedMe(λ2=35.0) | loss=0.1524
  [Client 13] Round 26 | Hier-pFedMe(λ2=35.0) | loss=0.0098
  [Client 11] Round 26 | Hier-pFedMe(λ2=35.0) | loss=0.1467
  [Client 10] Round 26 | Hier-pFedMe(λ2=35.0) | loss=0.1248
  [Edge 2] G26 | E3 | loss=0.0887
  [Edge 2] G26 | E4 | Hier-pFedMe | Selected 5/5
  [Client 14] Round 26 | Hier-pFedMe(λ2=35.0) | loss=0.0067
  [Client 12] Round 26 | Hier-pFedMe(λ2=35.0) | loss=0.1326
  [Client 10] Round 26 | Hier-pFedMe(λ2=35.0) | loss=0.1347
  [Client 13] Round 26 | Hier-pFedMe(λ2=35.0) | loss=0.0084
  [Client 11] Round 26 | Hier-pFedMe(λ2=35.0) | loss=0.1405
  [Edge 2] G26 | E4 | loss=0.0846
  [Edge 2] G26 | E5 | Hier-pFedMe | Selected 5/5
  [Client 10] Round 26 | Hier-pFedMe(λ2=35.0) | loss=0.1393
  [Client 12] Round 26 | Hier-pFedMe(λ2=35.0) | loss=0.1285
  [Client 14] Round 26 | Hier-pFedMe(λ2=35.0) | loss=0.0110
  [Client 13] Round 26 | Hier-pFedMe(λ2=35.0) | loss=0.0101
  [Client 11] Round 26 | Hier-pFedMe(λ2=35.0) | loss=0.1361
  [Edge 2] G26 | E5 | loss=0.0850
  [Edge 3] G26 | E1 | Hier-pFedMe | Selected 5/5
  [Client 17] Round 26 | Hier-pFedMe(λ2=35.0) | loss=0.1631
  [Client 16] Round 26 | Hier-pFedMe(λ2=35.0) | loss=0.0240
  [Client 18] Round 26 | Hier-pFedMe(λ2=35.0) | loss=0.0236
  [Client 19] Round 26 | Hier-pFedMe(λ2=35.0) | loss=0.1740
  [Client 15] Round 26 | Hier-pFedMe(λ2=35.0) | loss=0.1675
  [Edge 3] G26 | E1 | loss=0.1104
  [Edge 3] G26 | E2 | Hier-pFedMe | Selected 5/5
  [Client 17] Round 26 | Hier-pFedMe(λ2=35.0) | loss=0.1368
  [Client 15] Round 26 | Hier-pFedMe(λ2=35.0) | loss=0.1303
  [Client 16] Round 26 | Hier-pFedMe(λ2=35.0) | loss=0.0066
  [Client 18] Round 26 | Hier-pFedMe(λ2=35.0) | loss=0.0068
  [Client 19] Round 26 | Hier-pFedMe(λ2=35.0) | loss=0.1215
  [Edge 3] G26 | E2 | loss=0.0804
  [Edge 3] G26 | E3 | Hier-pFedMe | Selected 5/5
  [Client 17] Round 26 | Hier-pFedMe(λ2=35.0) | loss=0.0999
  [Client 15] Round 26 | Hier-pFedMe(λ2=35.0) | loss=0.1165
  [Client 18] Round 26 | Hier-pFedMe(λ2=35.0) | loss=0.0107
  [Client 16] Round 26 | Hier-pFedMe(λ2=35.0) | loss=0.0090
  [Client 19] Round 26 | Hier-pFedMe(λ2=35.0) | loss=0.1316
  [Edge 3] G26 | E3 | loss=0.0735
  [Edge 3] G26 | E4 | Hier-pFedMe | Selected 5/5
  [Client 15] Round 26 | Hier-pFedMe(λ2=35.0) | loss=0.1272
  [Client 17] Round 26 | Hier-pFedMe(λ2=35.0) | loss=0.1088
  [Client 18] Round 26 | Hier-pFedMe(λ2=35.0) | loss=0.0064
  [Client 19] Round 26 | Hier-pFedMe(λ2=35.0) | loss=0.1161
  [Client 16] Round 26 | Hier-pFedMe(λ2=35.0) | loss=0.0068
  [Edge 3] G26 | E4 | loss=0.0731
  [Edge 3] G26 | E5 | Hier-pFedMe | Selected 5/5
  [Client 17] Round 26 | Hier-pFedMe(λ2=35.0) | loss=0.1057
  [Client 16] Round 26 | Hier-pFedMe(λ2=35.0) | loss=0.0105
  [Client 15] Round 26 | Hier-pFedMe(λ2=35.0) | loss=0.1167
  [Client 19] Round 26 | Hier-pFedMe(λ2=35.0) | loss=0.1129
  [Client 18] Round 26 | Hier-pFedMe(λ2=35.0) | loss=0.0058
  [Edge 3] G26 | E5 | loss=0.0703
  [Cloud] GM=0.1754 | EM=0.5456 | loss=2.2700 | time=132.6s | comm=4645.5MB (total=120784MB)

[Round  27] Broadcasting to 4 edges...
  [Edge 0] G27 | E1 | Hier-pFedMe | Selected 5/5
  [Client  4] Round 27 | Hier-pFedMe(λ2=35.0) | loss=0.2105
  [Client  1] Round 27 | Hier-pFedMe(λ2=35.0) | loss=0.2004
  [Client  3] Round 27 | Hier-pFedMe(λ2=35.0) | loss=0.1672
  [Client  2] Round 27 | Hier-pFedMe(λ2=35.0) | loss=0.2212
  [Client  0] Round 27 | Hier-pFedMe(λ2=35.0) | loss=0.2242
  [Edge 0] G27 | E1 | loss=0.2047
  [Edge 0] G27 | E2 | Hier-pFedMe | Selected 5/5
  [Client  3] Round 27 | Hier-pFedMe(λ2=35.0) | loss=0.1355
  [Client  0] Round 27 | Hier-pFedMe(λ2=35.0) | loss=0.1641
  [Client  2] Round 27 | Hier-pFedMe(λ2=35.0) | loss=0.1622
  [Client  4] Round 27 | Hier-pFedMe(λ2=35.0) | loss=0.1515
  [Client  1] Round 27 | Hier-pFedMe(λ2=35.0) | loss=0.1498
  [Edge 0] G27 | E2 | loss=0.1526
  [Edge 0] G27 | E3 | Hier-pFedMe | Selected 5/5
  [Client  2] Round 27 | Hier-pFedMe(λ2=35.0) | loss=0.1632
  [Client  3] Round 27 | Hier-pFedMe(λ2=35.0) | loss=0.1200
  [Client  0] Round 27 | Hier-pFedMe(λ2=35.0) | loss=0.1492
  [Client  1] Round 27 | Hier-pFedMe(λ2=35.0) | loss=0.1327
  [Client  4] Round 27 | Hier-pFedMe(λ2=35.0) | loss=0.1544
  [Edge 0] G27 | E3 | loss=0.1439
  [Edge 0] G27 | E4 | Hier-pFedMe | Selected 5/5
  [Client  3] Round 27 | Hier-pFedMe(λ2=35.0) | loss=0.1248
  [Client  2] Round 27 | Hier-pFedMe(λ2=35.0) | loss=0.1553
  [Client  1] Round 27 | Hier-pFedMe(λ2=35.0) | loss=0.1314
  [Client  0] Round 27 | Hier-pFedMe(λ2=35.0) | loss=0.1306
  [Client  4] Round 27 | Hier-pFedMe(λ2=35.0) | loss=0.1536
  [Edge 0] G27 | E4 | loss=0.1391
  [Edge 0] G27 | E5 | Hier-pFedMe | Selected 5/5
  [Client  0] Round 27 | Hier-pFedMe(λ2=35.0) | loss=0.1278
  [Client  4] Round 27 | Hier-pFedMe(λ2=35.0) | loss=0.1399
  [Client  2] Round 27 | Hier-pFedMe(λ2=35.0) | loss=0.1548
  [Client  3] Round 27 | Hier-pFedMe(λ2=35.0) | loss=0.1204
  [Client  1] Round 27 | Hier-pFedMe(λ2=35.0) | loss=0.1293
  [Edge 0] G27 | E5 | loss=0.1344
  [Edge 1] G27 | E1 | Hier-pFedMe | Selected 5/5
  [Client  8] Round 27 | Hier-pFedMe(λ2=35.0) | loss=0.0432
  [Client  9] Round 27 | Hier-pFedMe(λ2=35.0) | loss=0.0420
  [Client  6] Round 27 | Hier-pFedMe(λ2=35.0) | loss=0.2164
  [Client  7] Round 27 | Hier-pFedMe(λ2=35.0) | loss=0.2153
  [Client  5] Round 27 | Hier-pFedMe(λ2=35.0) | loss=0.1992
  [Edge 1] G27 | E1 | loss=0.1684
  [Edge 1] G27 | E2 | Hier-pFedMe | Selected 5/5
  [Client  8] Round 27 | Hier-pFedMe(λ2=35.0) | loss=0.0094
  [Client  9] Round 27 | Hier-pFedMe(λ2=35.0) | loss=0.0082
  [Client  6] Round 27 | Hier-pFedMe(λ2=35.0) | loss=0.1954
  [Client  7] Round 27 | Hier-pFedMe(λ2=35.0) | loss=0.1913
  [Client  5] Round 27 | Hier-pFedMe(λ2=35.0) | loss=0.1748
  [Edge 1] G27 | E2 | loss=0.1426
  [Edge 1] G27 | E3 | Hier-pFedMe | Selected 5/5
  [Client  9] Round 27 | Hier-pFedMe(λ2=35.0) | loss=0.0202
  [Client  8] Round 27 | Hier-pFedMe(λ2=35.0) | loss=0.0188
  [Client  7] Round 27 | Hier-pFedMe(λ2=35.0) | loss=0.1942
  [Client  5] Round 27 | Hier-pFedMe(λ2=35.0) | loss=0.1856
  [Client  6] Round 27 | Hier-pFedMe(λ2=35.0) | loss=0.1719
  [Edge 1] G27 | E3 | loss=0.1428
  [Edge 1] G27 | E4 | Hier-pFedMe | Selected 5/5
  [Client  9] Round 27 | Hier-pFedMe(λ2=35.0) | loss=0.0089
  [Client  8] Round 27 | Hier-pFedMe(λ2=35.0) | loss=0.0088
  [Client  6] Round 27 | Hier-pFedMe(λ2=35.0) | loss=0.1807
  [Client  7] Round 27 | Hier-pFedMe(λ2=35.0) | loss=0.1817
  [Client  5] Round 27 | Hier-pFedMe(λ2=35.0) | loss=0.1687
  [Edge 1] G27 | E4 | loss=0.1350
  [Edge 1] G27 | E5 | Hier-pFedMe | Selected 5/5
  [Client  9] Round 27 | Hier-pFedMe(λ2=35.0) | loss=0.0183
  [Client  6] Round 27 | Hier-pFedMe(λ2=35.0) | loss=0.1591
  [Client  7] Round 27 | Hier-pFedMe(λ2=35.0) | loss=0.1784
  [Client  8] Round 27 | Hier-pFedMe(λ2=35.0) | loss=0.0257
  [Client  5] Round 27 | Hier-pFedMe(λ2=35.0) | loss=0.1584
  [Edge 1] G27 | E5 | loss=0.1295
  [Edge 2] G27 | E1 | Hier-pFedMe | Selected 5/5
  [Client 14] Round 27 | Hier-pFedMe(λ2=35.0) | loss=0.0243
  [Client 10] Round 27 | Hier-pFedMe(λ2=35.0) | loss=0.1870
  [Client 11] Round 27 | Hier-pFedMe(λ2=35.0) | loss=0.2046
  [Client 12] Round 27 | Hier-pFedMe(λ2=35.0) | loss=0.1817
  [Client 13] Round 27 | Hier-pFedMe(λ2=35.0) | loss=0.0314
  [Edge 2] G27 | E1 | loss=0.1258
  [Edge 2] G27 | E2 | Hier-pFedMe | Selected 5/5
  [Client 13] Round 27 | Hier-pFedMe(λ2=35.0) | loss=0.0070
  [Client 10] Round 27 | Hier-pFedMe(λ2=35.0) | loss=0.1403
  [Client 12] Round 27 | Hier-pFedMe(λ2=35.0) | loss=0.1330
  [Client 14] Round 27 | Hier-pFedMe(λ2=35.0) | loss=0.0083
  [Client 11] Round 27 | Hier-pFedMe(λ2=35.0) | loss=0.1569
  [Edge 2] G27 | E2 | loss=0.0891
  [Edge 2] G27 | E3 | Hier-pFedMe | Selected 5/5
  [Client 12] Round 27 | Hier-pFedMe(λ2=35.0) | loss=0.1420
  [Client 14] Round 27 | Hier-pFedMe(λ2=35.0) | loss=0.0089
  [Client 11] Round 27 | Hier-pFedMe(λ2=35.0) | loss=0.1376
  [Client 13] Round 27 | Hier-pFedMe(λ2=35.0) | loss=0.0072
  [Client 10] Round 27 | Hier-pFedMe(λ2=35.0) | loss=0.1289
  [Edge 2] G27 | E3 | loss=0.0849
  [Edge 2] G27 | E4 | Hier-pFedMe | Selected 5/5
  [Client 14] Round 27 | Hier-pFedMe(λ2=35.0) | loss=0.0096
  [Client 13] Round 27 | Hier-pFedMe(λ2=35.0) | loss=0.0051
  [Client 11] Round 27 | Hier-pFedMe(λ2=35.0) | loss=0.1348
  [Client 12] Round 27 | Hier-pFedMe(λ2=35.0) | loss=0.1151
  [Client 10] Round 27 | Hier-pFedMe(λ2=35.0) | loss=0.1180
  [Edge 2] G27 | E4 | loss=0.0765
  [Edge 2] G27 | E5 | Hier-pFedMe | Selected 5/5
  [Client 10] Round 27 | Hier-pFedMe(λ2=35.0) | loss=0.1205
  [Client 12] Round 27 | Hier-pFedMe(λ2=35.0) | loss=0.1218
  [Client 14] Round 27 | Hier-pFedMe(λ2=35.0) | loss=0.0085
  [Client 13] Round 27 | Hier-pFedMe(λ2=35.0) | loss=0.0062
  [Client 11] Round 27 | Hier-pFedMe(λ2=35.0) | loss=0.1294
  [Edge 2] G27 | E5 | loss=0.0773
  [Edge 3] G27 | E1 | Hier-pFedMe | Selected 5/5
  [Client 16] Round 27 | Hier-pFedMe(λ2=35.0) | loss=0.0237
  [Client 18] Round 27 | Hier-pFedMe(λ2=35.0) | loss=0.0168
  [Client 15] Round 27 | Hier-pFedMe(λ2=35.0) | loss=0.1585
  [Client 19] Round 27 | Hier-pFedMe(λ2=35.0) | loss=0.1510
  [Client 17] Round 27 | Hier-pFedMe(λ2=35.0) | loss=0.1589
  [Edge 3] G27 | E1 | loss=0.1018
  [Edge 3] G27 | E2 | Hier-pFedMe | Selected 5/5
  [Client 16] Round 27 | Hier-pFedMe(λ2=35.0) | loss=0.0101
  [Client 17] Round 27 | Hier-pFedMe(λ2=35.0) | loss=0.1125
  [Client 15] Round 27 | Hier-pFedMe(λ2=35.0) | loss=0.1249
  [Client 18] Round 27 | Hier-pFedMe(λ2=35.0) | loss=0.0064
  [Client 19] Round 27 | Hier-pFedMe(λ2=35.0) | loss=0.1162
  [Edge 3] G27 | E2 | loss=0.0740
  [Edge 3] G27 | E3 | Hier-pFedMe | Selected 5/5
  [Client 16] Round 27 | Hier-pFedMe(λ2=35.0) | loss=0.0091
  [Client 17] Round 27 | Hier-pFedMe(λ2=35.0) | loss=0.1150
  [Client 15] Round 27 | Hier-pFedMe(λ2=35.0) | loss=0.1196
  [Client 19] Round 27 | Hier-pFedMe(λ2=35.0) | loss=0.1239
  [Client 18] Round 27 | Hier-pFedMe(λ2=35.0) | loss=0.0074
  [Edge 3] G27 | E3 | loss=0.0750
  [Edge 3] G27 | E4 | Hier-pFedMe | Selected 5/5
  [Client 17] Round 27 | Hier-pFedMe(λ2=35.0) | loss=0.1034
  [Client 16] Round 27 | Hier-pFedMe(λ2=35.0) | loss=0.0095
  [Client 19] Round 27 | Hier-pFedMe(λ2=35.0) | loss=0.1082
  [Client 18] Round 27 | Hier-pFedMe(λ2=35.0) | loss=0.0094
  [Client 15] Round 27 | Hier-pFedMe(λ2=35.0) | loss=0.0962
  [Edge 3] G27 | E4 | loss=0.0653
  [Edge 3] G27 | E5 | Hier-pFedMe | Selected 5/5
  [Client 17] Round 27 | Hier-pFedMe(λ2=35.0) | loss=0.1059
  [Client 19] Round 27 | Hier-pFedMe(λ2=35.0) | loss=0.1152
  [Client 16] Round 27 | Hier-pFedMe(λ2=35.0) | loss=0.0072
  [Client 15] Round 27 | Hier-pFedMe(λ2=35.0) | loss=0.1121
  [Client 18] Round 27 | Hier-pFedMe(λ2=35.0) | loss=0.0103
  [Edge 3] G27 | E5 | loss=0.0701
  [Cloud] GM=0.1712 | EM=0.4951 | loss=2.2743 | time=132.2s | comm=4645.5MB (total=125429MB)

[Round  28] Broadcasting to 4 edges...
  [Edge 0] G28 | E1 | Hier-pFedMe | Selected 5/5
  [Client  3] Round 28 | Hier-pFedMe(λ2=35.0) | loss=0.1839
  [Client  2] Round 28 | Hier-pFedMe(λ2=35.0) | loss=0.2073
  [Client  4] Round 28 | Hier-pFedMe(λ2=35.0) | loss=0.2005
  [Client  0] Round 28 | Hier-pFedMe(λ2=35.0) | loss=0.2130
  [Client  1] Round 28 | Hier-pFedMe(λ2=35.0) | loss=0.2088
  [Edge 0] G28 | E1 | loss=0.2027
  [Edge 0] G28 | E2 | Hier-pFedMe | Selected 5/5
  [Client  4] Round 28 | Hier-pFedMe(λ2=35.0) | loss=0.1605
  [Client  1] Round 28 | Hier-pFedMe(λ2=35.0) | loss=0.1418
  [Client  2] Round 28 | Hier-pFedMe(λ2=35.0) | loss=0.1466
  [Client  0] Round 28 | Hier-pFedMe(λ2=35.0) | loss=0.1447
  [Client  3] Round 28 | Hier-pFedMe(λ2=35.0) | loss=0.1288
  [Edge 0] G28 | E2 | loss=0.1445
  [Edge 0] G28 | E3 | Hier-pFedMe | Selected 5/5
  [Client  3] Round 28 | Hier-pFedMe(λ2=35.0) | loss=0.1177
  [Client  1] Round 28 | Hier-pFedMe(λ2=35.0) | loss=0.1361
  [Client  4] Round 28 | Hier-pFedMe(λ2=35.0) | loss=0.1488
  [Client  0] Round 28 | Hier-pFedMe(λ2=35.0) | loss=0.1516
  [Client  2] Round 28 | Hier-pFedMe(λ2=35.0) | loss=0.1498
  [Edge 0] G28 | E3 | loss=0.1408
  [Edge 0] G28 | E4 | Hier-pFedMe | Selected 5/5
  [Client  4] Round 28 | Hier-pFedMe(λ2=35.0) | loss=0.1494
  [Client  3] Round 28 | Hier-pFedMe(λ2=35.0) | loss=0.1265
  [Client  2] Round 28 | Hier-pFedMe(λ2=35.0) | loss=0.1621
  [Client  0] Round 28 | Hier-pFedMe(λ2=35.0) | loss=0.1438
  [Client  1] Round 28 | Hier-pFedMe(λ2=35.0) | loss=0.1409
  [Edge 0] G28 | E4 | loss=0.1445
  [Edge 0] G28 | E5 | Hier-pFedMe | Selected 5/5
  [Client  4] Round 28 | Hier-pFedMe(λ2=35.0) | loss=0.1323
  [Client  3] Round 28 | Hier-pFedMe(λ2=35.0) | loss=0.1057
  [Client  0] Round 28 | Hier-pFedMe(λ2=35.0) | loss=0.1298
  [Client  2] Round 28 | Hier-pFedMe(λ2=35.0) | loss=0.1379
  [Client  1] Round 28 | Hier-pFedMe(λ2=35.0) | loss=0.1208
  [Edge 0] G28 | E5 | loss=0.1253
  [Edge 1] G28 | E1 | Hier-pFedMe | Selected 5/5
  [Client  8] Round 28 | Hier-pFedMe(λ2=35.0) | loss=0.0314
  [Client  9] Round 28 | Hier-pFedMe(λ2=35.0) | loss=0.0420
  [Client  6] Round 28 | Hier-pFedMe(λ2=35.0) | loss=0.2003
  [Client  5] Round 28 | Hier-pFedMe(λ2=35.0) | loss=0.2047
  [Client  7] Round 28 | Hier-pFedMe(λ2=35.0) | loss=0.2269
  [Edge 1] G28 | E1 | loss=0.1672
  [Edge 1] G28 | E2 | Hier-pFedMe | Selected 5/5
  [Client  8] Round 28 | Hier-pFedMe(λ2=35.0) | loss=0.0115
  [Client  9] Round 28 | Hier-pFedMe(λ2=35.0) | loss=0.0072
  [Client  7] Round 28 | Hier-pFedMe(λ2=35.0) | loss=0.1788
  [Client  5] Round 28 | Hier-pFedMe(λ2=35.0) | loss=0.1731
  [Client  6] Round 28 | Hier-pFedMe(λ2=35.0) | loss=0.1775
  [Edge 1] G28 | E2 | loss=0.1347
  [Edge 1] G28 | E3 | Hier-pFedMe | Selected 5/5
  [Client  8] Round 28 | Hier-pFedMe(λ2=35.0) | loss=0.0147
  [Client  9] Round 28 | Hier-pFedMe(λ2=35.0) | loss=0.0212
  [Client  5] Round 28 | Hier-pFedMe(λ2=35.0) | loss=0.1709
  [Client  7] Round 28 | Hier-pFedMe(λ2=35.0) | loss=0.1823
  [Client  6] Round 28 | Hier-pFedMe(λ2=35.0) | loss=0.1711
  [Edge 1] G28 | E3 | loss=0.1355
  [Edge 1] G28 | E4 | Hier-pFedMe | Selected 5/5
  [Client  8] Round 28 | Hier-pFedMe(λ2=35.0) | loss=0.0314
  [Client  9] Round 28 | Hier-pFedMe(λ2=35.0) | loss=0.0056
  [Client  5] Round 28 | Hier-pFedMe(λ2=35.0) | loss=0.1637
  [Client  7] Round 28 | Hier-pFedMe(λ2=35.0) | loss=0.1883
  [Client  6] Round 28 | Hier-pFedMe(λ2=35.0) | loss=0.1658
  [Edge 1] G28 | E4 | loss=0.1341
  [Edge 1] G28 | E5 | Hier-pFedMe | Selected 5/5
  [Client  8] Round 28 | Hier-pFedMe(λ2=35.0) | loss=0.0056
  [Client  6] Round 28 | Hier-pFedMe(λ2=35.0) | loss=0.1725
  [Client  7] Round 28 | Hier-pFedMe(λ2=35.0) | loss=0.1718
  [Client  5] Round 28 | Hier-pFedMe(λ2=35.0) | loss=0.1826
  [Client  9] Round 28 | Hier-pFedMe(λ2=35.0) | loss=0.0868
  [Edge 1] G28 | E5 | loss=0.1433
  [Edge 2] G28 | E1 | Hier-pFedMe | Selected 5/5
  [Client 10] Round 28 | Hier-pFedMe(λ2=35.0) | loss=0.1713
  [Client 14] Round 28 | Hier-pFedMe(λ2=35.0) | loss=0.0232
  [Client 11] Round 28 | Hier-pFedMe(λ2=35.0) | loss=0.1912
  [Client 13] Round 28 | Hier-pFedMe(λ2=35.0) | loss=0.0273
  [Client 12] Round 28 | Hier-pFedMe(λ2=35.0) | loss=0.1876
  [Edge 2] G28 | E1 | loss=0.1201
  [Edge 2] G28 | E2 | Hier-pFedMe | Selected 5/5
  [Client 12] Round 28 | Hier-pFedMe(λ2=35.0) | loss=0.1225
  [Client 10] Round 28 | Hier-pFedMe(λ2=35.0) | loss=0.1361
  [Client 13] Round 28 | Hier-pFedMe(λ2=35.0) | loss=0.0089
  [Client 11] Round 28 | Hier-pFedMe(λ2=35.0) | loss=0.1510
  [Client 14] Round 28 | Hier-pFedMe(λ2=35.0) | loss=0.0089
  [Edge 2] G28 | E2 | loss=0.0855
  [Edge 2] G28 | E3 | Hier-pFedMe | Selected 5/5
  [Client 10] Round 28 | Hier-pFedMe(λ2=35.0) | loss=0.1271
  [Client 14] Round 28 | Hier-pFedMe(λ2=35.0) | loss=0.0079
  [Client 11] Round 28 | Hier-pFedMe(λ2=35.0) | loss=0.1454
  [Client 13] Round 28 | Hier-pFedMe(λ2=35.0) | loss=0.0138
  [Client 12] Round 28 | Hier-pFedMe(λ2=35.0) | loss=0.1381
  [Edge 2] G28 | E3 | loss=0.0865
  [Edge 2] G28 | E4 | Hier-pFedMe | Selected 5/5
  [Client 10] Round 28 | Hier-pFedMe(λ2=35.0) | loss=0.1241
  [Client 14] Round 28 | Hier-pFedMe(λ2=35.0) | loss=0.0100
  [Client 13] Round 28 | Hier-pFedMe(λ2=35.0) | loss=0.0102
  [Client 11] Round 28 | Hier-pFedMe(λ2=35.0) | loss=0.1329
  [Client 12] Round 28 | Hier-pFedMe(λ2=35.0) | loss=0.1217
  [Edge 2] G28 | E4 | loss=0.0798
  [Edge 2] G28 | E5 | Hier-pFedMe | Selected 5/5
  [Client 14] Round 28 | Hier-pFedMe(λ2=35.0) | loss=0.0055
  [Client 12] Round 28 | Hier-pFedMe(λ2=35.0) | loss=0.1221
  [Client 10] Round 28 | Hier-pFedMe(λ2=35.0) | loss=0.1090
  [Client 11] Round 28 | Hier-pFedMe(λ2=35.0) | loss=0.1251
  [Client 13] Round 28 | Hier-pFedMe(λ2=35.0) | loss=0.0093
  [Edge 2] G28 | E5 | loss=0.0742
  [Edge 3] G28 | E1 | Hier-pFedMe | Selected 5/5
  [Client 16] Round 28 | Hier-pFedMe(λ2=35.0) | loss=0.0205
  [Client 19] Round 28 | Hier-pFedMe(λ2=35.0) | loss=0.1531
  [Client 15] Round 28 | Hier-pFedMe(λ2=35.0) | loss=0.1551
  [Client 17] Round 28 | Hier-pFedMe(λ2=35.0) | loss=0.1421
  [Client 18] Round 28 | Hier-pFedMe(λ2=35.0) | loss=0.0271
  [Edge 3] G28 | E1 | loss=0.0996
  [Edge 3] G28 | E2 | Hier-pFedMe | Selected 5/5
  [Client 17] Round 28 | Hier-pFedMe(λ2=35.0) | loss=0.1264
  [Client 15] Round 28 | Hier-pFedMe(λ2=35.0) | loss=0.1384
  [Client 19] Round 28 | Hier-pFedMe(λ2=35.0) | loss=0.1162
  [Client 18] Round 28 | Hier-pFedMe(λ2=35.0) | loss=0.0089
  [Client 16] Round 28 | Hier-pFedMe(λ2=35.0) | loss=0.0121
  [Edge 3] G28 | E2 | loss=0.0804
  [Edge 3] G28 | E3 | Hier-pFedMe | Selected 5/5
  [Client 16] Round 28 | Hier-pFedMe(λ2=35.0) | loss=0.0102
  [Client 17] Round 28 | Hier-pFedMe(λ2=35.0) | loss=0.1047
  [Client 18] Round 28 | Hier-pFedMe(λ2=35.0) | loss=0.0082
  [Client 19] Round 28 | Hier-pFedMe(λ2=35.0) | loss=0.1140
  [Client 15] Round 28 | Hier-pFedMe(λ2=35.0) | loss=0.1045
  [Edge 3] G28 | E3 | loss=0.0683
  [Edge 3] G28 | E4 | Hier-pFedMe | Selected 5/5
  [Client 16] Round 28 | Hier-pFedMe(λ2=35.0) | loss=0.0052
  [Client 17] Round 28 | Hier-pFedMe(λ2=35.0) | loss=0.1008
  [Client 15] Round 28 | Hier-pFedMe(λ2=35.0) | loss=0.1089
  [Client 19] Round 28 | Hier-pFedMe(λ2=35.0) | loss=0.1259
  [Client 18] Round 28 | Hier-pFedMe(λ2=35.0) | loss=0.0080
  [Edge 3] G28 | E4 | loss=0.0698
  [Edge 3] G28 | E5 | Hier-pFedMe | Selected 5/5
  [Client 19] Round 28 | Hier-pFedMe(λ2=35.0) | loss=0.1123
  [Client 16] Round 28 | Hier-pFedMe(λ2=35.0) | loss=0.0090
  [Client 18] Round 28 | Hier-pFedMe(λ2=35.0) | loss=0.0070
  [Client 15] Round 28 | Hier-pFedMe(λ2=35.0) | loss=0.1210
  [Client 17] Round 28 | Hier-pFedMe(λ2=35.0) | loss=0.1034
  [Edge 3] G28 | E5 | loss=0.0705
  [Cloud] GM=0.1694 | EM=0.4850 | loss=2.2726 | time=129.9s | comm=4645.5MB (total=130075MB)

[Round  29] Broadcasting to 4 edges...
  [Edge 0] G29 | E1 | Hier-pFedMe | Selected 5/5
  [Client  1] Round 29 | Hier-pFedMe(λ2=35.0) | loss=0.1891
  [Client  0] Round 29 | Hier-pFedMe(λ2=35.0) | loss=0.1946
  [Client  3] Round 29 | Hier-pFedMe(λ2=35.0) | loss=0.1837
  [Client  2] Round 29 | Hier-pFedMe(λ2=35.0) | loss=0.2010
  [Client  4] Round 29 | Hier-pFedMe(λ2=35.0) | loss=0.1984
  [Edge 0] G29 | E1 | loss=0.1934
  [Edge 0] G29 | E2 | Hier-pFedMe | Selected 5/5
  [Client  4] Round 29 | Hier-pFedMe(λ2=35.0) | loss=0.1507
  [Client  3] Round 29 | Hier-pFedMe(λ2=35.0) | loss=0.1302
  [Client  1] Round 29 | Hier-pFedMe(λ2=35.0) | loss=0.1490
  [Client  2] Round 29 | Hier-pFedMe(λ2=35.0) | loss=0.1563
  [Client  0] Round 29 | Hier-pFedMe(λ2=35.0) | loss=0.1383
  [Edge 0] G29 | E2 | loss=0.1449
  [Edge 0] G29 | E3 | Hier-pFedMe | Selected 5/5
  [Client  3] Round 29 | Hier-pFedMe(λ2=35.0) | loss=0.1320
  [Client  0] Round 29 | Hier-pFedMe(λ2=35.0) | loss=0.1441
  [Client  2] Round 29 | Hier-pFedMe(λ2=35.0) | loss=0.1437
  [Client  1] Round 29 | Hier-pFedMe(λ2=35.0) | loss=0.1330
  [Client  4] Round 29 | Hier-pFedMe(λ2=35.0) | loss=0.1365
  [Edge 0] G29 | E3 | loss=0.1379
  [Edge 0] G29 | E4 | Hier-pFedMe | Selected 5/5
  [Client  2] Round 29 | Hier-pFedMe(λ2=35.0) | loss=0.1418
  [Client  0] Round 29 | Hier-pFedMe(λ2=35.0) | loss=0.1190
  [Client  1] Round 29 | Hier-pFedMe(λ2=35.0) | loss=0.1057
  [Client  3] Round 29 | Hier-pFedMe(λ2=35.0) | loss=0.1237
  [Client  4] Round 29 | Hier-pFedMe(λ2=35.0) | loss=0.1442
  [Edge 0] G29 | E4 | loss=0.1269
  [Edge 0] G29 | E5 | Hier-pFedMe | Selected 5/5
  [Client  3] Round 29 | Hier-pFedMe(λ2=35.0) | loss=0.1207
  [Client  1] Round 29 | Hier-pFedMe(λ2=35.0) | loss=0.1285
  [Client  4] Round 29 | Hier-pFedMe(λ2=35.0) | loss=0.1463
  [Client  0] Round 29 | Hier-pFedMe(λ2=35.0) | loss=0.1317
  [Client  2] Round 29 | Hier-pFedMe(λ2=35.0) | loss=0.1566
  [Edge 0] G29 | E5 | loss=0.1368
  [Edge 1] G29 | E1 | Hier-pFedMe | Selected 5/5
  [Client  8] Round 29 | Hier-pFedMe(λ2=35.0) | loss=0.0621
  [Client  9] Round 29 | Hier-pFedMe(λ2=35.0) | loss=0.0333
  [Client  5] Round 29 | Hier-pFedMe(λ2=35.0) | loss=0.1883
  [Client  7] Round 29 | Hier-pFedMe(λ2=35.0) | loss=0.2186
  [Client  6] Round 29 | Hier-pFedMe(λ2=35.0) | loss=0.1957
  [Edge 1] G29 | E1 | loss=0.1626
  [Edge 1] G29 | E2 | Hier-pFedMe | Selected 5/5
  [Client  9] Round 29 | Hier-pFedMe(λ2=35.0) | loss=0.0102
  [Client  8] Round 29 | Hier-pFedMe(λ2=35.0) | loss=0.0122
  [Client  6] Round 29 | Hier-pFedMe(λ2=35.0) | loss=0.1772
  [Client  7] Round 29 | Hier-pFedMe(λ2=35.0) | loss=0.1949
  [Client  5] Round 29 | Hier-pFedMe(λ2=35.0) | loss=0.1668
  [Edge 1] G29 | E2 | loss=0.1375
  [Edge 1] G29 | E3 | Hier-pFedMe | Selected 5/5
  [Client  8] Round 29 | Hier-pFedMe(λ2=35.0) | loss=0.0171
  [Client  6] Round 29 | Hier-pFedMe(λ2=35.0) | loss=0.1650
  [Client  5] Round 29 | Hier-pFedMe(λ2=35.0) | loss=0.1674
  [Client  7] Round 29 | Hier-pFedMe(λ2=35.0) | loss=0.1914
  [Client  9] Round 29 | Hier-pFedMe(λ2=35.0) | loss=0.0185
  [Edge 1] G29 | E3 | loss=0.1354
  [Edge 1] G29 | E4 | Hier-pFedMe | Selected 5/5
  [Client  9] Round 29 | Hier-pFedMe(λ2=35.0) | loss=0.0149
  [Client  7] Round 29 | Hier-pFedMe(λ2=35.0) | loss=0.1795
  [Client  8] Round 29 | Hier-pFedMe(λ2=35.0) | loss=0.0140
  [Client  6] Round 29 | Hier-pFedMe(λ2=35.0) | loss=0.1641
  [Client  5] Round 29 | Hier-pFedMe(λ2=35.0) | loss=0.1655
  [Edge 1] G29 | E4 | loss=0.1309
  [Edge 1] G29 | E5 | Hier-pFedMe | Selected 5/5
  [Client  9] Round 29 | Hier-pFedMe(λ2=35.0) | loss=0.0085
  [Client  6] Round 29 | Hier-pFedMe(λ2=35.0) | loss=0.1590
  [Client  7] Round 29 | Hier-pFedMe(λ2=35.0) | loss=0.1766
  [Client  5] Round 29 | Hier-pFedMe(λ2=35.0) | loss=0.1584
  [Client  8] Round 29 | Hier-pFedMe(λ2=35.0) | loss=0.0274
  [Edge 1] G29 | E5 | loss=0.1280
  [Edge 2] G29 | E1 | Hier-pFedMe | Selected 5/5
  [Client 12] Round 29 | Hier-pFedMe(λ2=35.0) | loss=0.1915
  [Client 10] Round 29 | Hier-pFedMe(λ2=35.0) | loss=0.1830
  [Client 14] Round 29 | Hier-pFedMe(λ2=35.0) | loss=0.0166
  [Client 13] Round 29 | Hier-pFedMe(λ2=35.0) | loss=0.0263
  [Client 11] Round 29 | Hier-pFedMe(λ2=35.0) | loss=0.1881
  [Edge 2] G29 | E1 | loss=0.1211
  [Edge 2] G29 | E2 | Hier-pFedMe | Selected 5/5
  [Client 10] Round 29 | Hier-pFedMe(λ2=35.0) | loss=0.1263
  [Client 14] Round 29 | Hier-pFedMe(λ2=35.0) | loss=0.0098
  [Client 12] Round 29 | Hier-pFedMe(λ2=35.0) | loss=0.1594
  [Client 11] Round 29 | Hier-pFedMe(λ2=35.0) | loss=0.1454
  [Client 13] Round 29 | Hier-pFedMe(λ2=35.0) | loss=0.0060
  [Edge 2] G29 | E2 | loss=0.0894
  [Edge 2] G29 | E3 | Hier-pFedMe | Selected 5/5
  [Client 10] Round 29 | Hier-pFedMe(λ2=35.0) | loss=0.1101
  [Client 12] Round 29 | Hier-pFedMe(λ2=35.0) | loss=0.1174
  [Client 14] Round 29 | Hier-pFedMe(λ2=35.0) | loss=0.0083
  [Client 13] Round 29 | Hier-pFedMe(λ2=35.0) | loss=0.0133
  [Client 11] Round 29 | Hier-pFedMe(λ2=35.0) | loss=0.1243
  [Edge 2] G29 | E3 | loss=0.0747
  [Edge 2] G29 | E4 | Hier-pFedMe | Selected 5/5
  [Client 14] Round 29 | Hier-pFedMe(λ2=35.0) | loss=0.0102
  [Client 10] Round 29 | Hier-pFedMe(λ2=35.0) | loss=0.1151
  [Client 13] Round 29 | Hier-pFedMe(λ2=35.0) | loss=0.0065
  [Client 11] Round 29 | Hier-pFedMe(λ2=35.0) | loss=0.1251
  [Client 12] Round 29 | Hier-pFedMe(λ2=35.0) | loss=0.1161
  [Edge 2] G29 | E4 | loss=0.0746
  [Edge 2] G29 | E5 | Hier-pFedMe | Selected 5/5
  [Client 14] Round 29 | Hier-pFedMe(λ2=35.0) | loss=0.0072
  [Client 10] Round 29 | Hier-pFedMe(λ2=35.0) | loss=0.1140
  [Client 13] Round 29 | Hier-pFedMe(λ2=35.0) | loss=0.0079
  [Client 11] Round 29 | Hier-pFedMe(λ2=35.0) | loss=0.1284
  [Client 12] Round 29 | Hier-pFedMe(λ2=35.0) | loss=0.1238
  [Edge 2] G29 | E5 | loss=0.0763
  [Edge 3] G29 | E1 | Hier-pFedMe | Selected 5/5
  [Client 17] Round 29 | Hier-pFedMe(λ2=35.0) | loss=0.1721
  [Client 15] Round 29 | Hier-pFedMe(λ2=35.0) | loss=0.1695
  [Client 18] Round 29 | Hier-pFedMe(λ2=35.0) | loss=0.0223
  [Client 16] Round 29 | Hier-pFedMe(λ2=35.0) | loss=0.0241
  [Client 19] Round 29 | Hier-pFedMe(λ2=35.0) | loss=0.1879
  [Edge 3] G29 | E1 | loss=0.1152
  [Edge 3] G29 | E2 | Hier-pFedMe | Selected 5/5
  [Client 17] Round 29 | Hier-pFedMe(λ2=35.0) | loss=0.1073
  [Client 18] Round 29 | Hier-pFedMe(λ2=35.0) | loss=0.0118
  [Client 16] Round 29 | Hier-pFedMe(λ2=35.0) | loss=0.0083
  [Client 19] Round 29 | Hier-pFedMe(λ2=35.0) | loss=0.1200
  [Client 15] Round 29 | Hier-pFedMe(λ2=35.0) | loss=0.1035
  [Edge 3] G29 | E2 | loss=0.0702
  [Edge 3] G29 | E3 | Hier-pFedMe | Selected 5/5
  [Client 18] Round 29 | Hier-pFedMe(λ2=35.0) | loss=0.0080
  [Client 17] Round 29 | Hier-pFedMe(λ2=35.0) | loss=0.1043
  [Client 19] Round 29 | Hier-pFedMe(λ2=35.0) | loss=0.1258
  [Client 15] Round 29 | Hier-pFedMe(λ2=35.0) | loss=0.1147
  [Client 16] Round 29 | Hier-pFedMe(λ2=35.0) | loss=0.0079
  [Edge 3] G29 | E3 | loss=0.0721
  [Edge 3] G29 | E4 | Hier-pFedMe | Selected 5/5
  [Client 17] Round 29 | Hier-pFedMe(λ2=35.0) | loss=0.0840
  [Client 15] Round 29 | Hier-pFedMe(λ2=35.0) | loss=0.1194
  [Client 18] Round 29 | Hier-pFedMe(λ2=35.0) | loss=0.0071
  [Client 16] Round 29 | Hier-pFedMe(λ2=35.0) | loss=0.0084
  [Client 19] Round 29 | Hier-pFedMe(λ2=35.0) | loss=0.1037
  [Edge 3] G29 | E4 | loss=0.0645
  [Edge 3] G29 | E5 | Hier-pFedMe | Selected 5/5
  [Client 17] Round 29 | Hier-pFedMe(λ2=35.0) | loss=0.0911
  [Client 19] Round 29 | Hier-pFedMe(λ2=35.0) | loss=0.1103
  [Client 18] Round 29 | Hier-pFedMe(λ2=35.0) | loss=0.0084
  [Client 16] Round 29 | Hier-pFedMe(λ2=35.0) | loss=0.0078
  [Client 15] Round 29 | Hier-pFedMe(λ2=35.0) | loss=0.1045
  [Edge 3] G29 | E5 | loss=0.0644
  [Cloud] GM=0.1729 | EM=0.5047 | loss=2.2762 | time=133.2s | comm=4645.5MB (total=134720MB)

[Round  30] Broadcasting to 4 edges...
  [Edge 0] G30 | E1 | Hier-pFedMe | Selected 5/5
  [Client  2] Round 30 | Hier-pFedMe(λ2=35.0) | loss=0.1926
  [Client  3] Round 30 | Hier-pFedMe(λ2=35.0) | loss=0.1983
  [Client  1] Round 30 | Hier-pFedMe(λ2=35.0) | loss=0.1805
  [Client  4] Round 30 | Hier-pFedMe(λ2=35.0) | loss=0.1880
  [Client  0] Round 30 | Hier-pFedMe(λ2=35.0) | loss=0.1795
  [Edge 0] G30 | E1 | loss=0.1878
  [Edge 0] G30 | E2 | Hier-pFedMe | Selected 5/5
  [Client  3] Round 30 | Hier-pFedMe(λ2=35.0) | loss=0.1269
  [Client  4] Round 30 | Hier-pFedMe(λ2=35.0) | loss=0.1403
  [Client  0] Round 30 | Hier-pFedMe(λ2=35.0) | loss=0.1375
  [Client  1] Round 30 | Hier-pFedMe(λ2=35.0) | loss=0.1403
  [Client  2] Round 30 | Hier-pFedMe(λ2=35.0) | loss=0.1563
  [Edge 0] G30 | E2 | loss=0.1403
  [Edge 0] G30 | E3 | Hier-pFedMe | Selected 5/5
  [Client  4] Round 30 | Hier-pFedMe(λ2=35.0) | loss=0.1354
  [Client  3] Round 30 | Hier-pFedMe(λ2=35.0) | loss=0.1230
  [Client  0] Round 30 | Hier-pFedMe(λ2=35.0) | loss=0.1200
  [Client  2] Round 30 | Hier-pFedMe(λ2=35.0) | loss=0.1395
  [Client  1] Round 30 | Hier-pFedMe(λ2=35.0) | loss=0.1373
  [Edge 0] G30 | E3 | loss=0.1310
  [Edge 0] G30 | E4 | Hier-pFedMe | Selected 5/5
  [Client  4] Round 30 | Hier-pFedMe(λ2=35.0) | loss=0.1514
  [Client  1] Round 30 | Hier-pFedMe(λ2=35.0) | loss=0.1260
  [Client  3] Round 30 | Hier-pFedMe(λ2=35.0) | loss=0.0993
  [Client  0] Round 30 | Hier-pFedMe(λ2=35.0) | loss=0.1368
  [Client  2] Round 30 | Hier-pFedMe(λ2=35.0) | loss=0.1363
  [Edge 0] G30 | E4 | loss=0.1299
  [Edge 0] G30 | E5 | Hier-pFedMe | Selected 5/5
  [Client  4] Round 30 | Hier-pFedMe(λ2=35.0) | loss=0.1298
  [Client  3] Round 30 | Hier-pFedMe(λ2=35.0) | loss=0.1130
  [Client  0] Round 30 | Hier-pFedMe(λ2=35.0) | loss=0.1338
  [Client  2] Round 30 | Hier-pFedMe(λ2=35.0) | loss=0.1451
  [Client  1] Round 30 | Hier-pFedMe(λ2=35.0) | loss=0.1253
  [Edge 0] G30 | E5 | loss=0.1294
  [Edge 1] G30 | E1 | Hier-pFedMe | Selected 5/5
  [Client  8] Round 30 | Hier-pFedMe(λ2=35.0) | loss=0.0354
  [Client  9] Round 30 | Hier-pFedMe(λ2=35.0) | loss=0.0410
  [Client  6] Round 30 | Hier-pFedMe(λ2=35.0) | loss=0.1924
  [Client  5] Round 30 | Hier-pFedMe(λ2=35.0) | loss=0.1827
  [Client  7] Round 30 | Hier-pFedMe(λ2=35.0) | loss=0.2064
  [Edge 1] G30 | E1 | loss=0.1549
  [Edge 1] G30 | E2 | Hier-pFedMe | Selected 5/5
  [Client  8] Round 30 | Hier-pFedMe(λ2=35.0) | loss=0.0108
  [Client  6] Round 30 | Hier-pFedMe(λ2=35.0) | loss=0.1658
  [Client  7] Round 30 | Hier-pFedMe(λ2=35.0) | loss=0.1890
  [Client  9] Round 30 | Hier-pFedMe(λ2=35.0) | loss=0.0085
  [Client  5] Round 30 | Hier-pFedMe(λ2=35.0) | loss=0.1547
  [Edge 1] G30 | E2 | loss=0.1298
  [Edge 1] G30 | E3 | Hier-pFedMe | Selected 5/5
  [Client  9] Round 30 | Hier-pFedMe(λ2=35.0) | loss=0.0216
  [Client  8] Round 30 | Hier-pFedMe(λ2=35.0) | loss=0.0202
  [Client  6] Round 30 | Hier-pFedMe(λ2=35.0) | loss=0.1574
  [Client  5] Round 30 | Hier-pFedMe(λ2=35.0) | loss=0.1563
  [Client  7] Round 30 | Hier-pFedMe(λ2=35.0) | loss=0.1798
  [Edge 1] G30 | E3 | loss=0.1286
  [Edge 1] G30 | E4 | Hier-pFedMe | Selected 5/5
  [Client  9] Round 30 | Hier-pFedMe(λ2=35.0) | loss=0.0069
  [Client  6] Round 30 | Hier-pFedMe(λ2=35.0) | loss=0.1584
  [Client  7] Round 30 | Hier-pFedMe(λ2=35.0) | loss=0.1788
  [Client  8] Round 30 | Hier-pFedMe(λ2=35.0) | loss=0.0187
  [Client  5] Round 30 | Hier-pFedMe(λ2=35.0) | loss=0.1531
  [Edge 1] G30 | E4 | loss=0.1258
  [Edge 1] G30 | E5 | Hier-pFedMe | Selected 5/5
  [Client  9] Round 30 | Hier-pFedMe(λ2=35.0) | loss=0.0551
  [Client  8] Round 30 | Hier-pFedMe(λ2=35.0) | loss=0.0086
  [Client  6] Round 30 | Hier-pFedMe(λ2=35.0) | loss=0.1532
  [Client  7] Round 30 | Hier-pFedMe(λ2=35.0) | loss=0.1713
  [Client  5] Round 30 | Hier-pFedMe(λ2=35.0) | loss=0.1667
  [Edge 1] G30 | E5 | loss=0.1308
  [Edge 2] G30 | E1 | Hier-pFedMe | Selected 5/5
  [Client 10] Round 30 | Hier-pFedMe(λ2=35.0) | loss=0.1852
  [Client 12] Round 30 | Hier-pFedMe(λ2=35.0) | loss=0.1803
  [Client 14] Round 30 | Hier-pFedMe(λ2=35.0) | loss=0.0266
  [Client 11] Round 30 | Hier-pFedMe(λ2=35.0) | loss=0.1973
  [Client 13] Round 30 | Hier-pFedMe(λ2=35.0) | loss=0.0295
  [Edge 2] G30 | E1 | loss=0.1238
  [Edge 2] G30 | E2 | Hier-pFedMe | Selected 5/5
  [Client 10] Round 30 | Hier-pFedMe(λ2=35.0) | loss=0.1302
  [Client 12] Round 30 | Hier-pFedMe(λ2=35.0) | loss=0.1222
  [Client 11] Round 30 | Hier-pFedMe(λ2=35.0) | loss=0.1432
  [Client 14] Round 30 | Hier-pFedMe(λ2=35.0) | loss=0.0047
  [Client 13] Round 30 | Hier-pFedMe(λ2=35.0) | loss=0.0067
  [Edge 2] G30 | E2 | loss=0.0814
  [Edge 2] G30 | E3 | Hier-pFedMe | Selected 5/5
  [Client 14] Round 30 | Hier-pFedMe(λ2=35.0) | loss=0.0106
  [Client 11] Round 30 | Hier-pFedMe(λ2=35.0) | loss=0.1392
  [Client 12] Round 30 | Hier-pFedMe(λ2=35.0) | loss=0.1054
  [Client 10] Round 30 | Hier-pFedMe(λ2=35.0) | loss=0.1031
  [Client 13] Round 30 | Hier-pFedMe(λ2=35.0) | loss=0.0094
  [Edge 2] G30 | E3 | loss=0.0735
  [Edge 2] G30 | E4 | Hier-pFedMe | Selected 5/5
  [Client 13] Round 30 | Hier-pFedMe(λ2=35.0) | loss=0.0078
  [Client 10] Round 30 | Hier-pFedMe(λ2=35.0) | loss=0.1116
  [Client 12] Round 30 | Hier-pFedMe(λ2=35.0) | loss=0.1234
  [Client 14] Round 30 | Hier-pFedMe(λ2=35.0) | loss=0.0067
  [Client 11] Round 30 | Hier-pFedMe(λ2=35.0) | loss=0.1252
  [Edge 2] G30 | E4 | loss=0.0749
  [Edge 2] G30 | E5 | Hier-pFedMe | Selected 5/5
  [Client 12] Round 30 | Hier-pFedMe(λ2=35.0) | loss=0.1137
  [Client 14] Round 30 | Hier-pFedMe(λ2=35.0) | loss=0.0113
  [Client 11] Round 30 | Hier-pFedMe(λ2=35.0) | loss=0.1184
  [Client 10] Round 30 | Hier-pFedMe(λ2=35.0) | loss=0.1054
  [Client 13] Round 30 | Hier-pFedMe(λ2=35.0) | loss=0.0066
  [Edge 2] G30 | E5 | loss=0.0711
  [Edge 3] G30 | E1 | Hier-pFedMe | Selected 5/5
  [Client 16] Round 30 | Hier-pFedMe(λ2=35.0) | loss=0.0210
  [Client 17] Round 30 | Hier-pFedMe(λ2=35.0) | loss=0.1383
  [Client 19] Round 30 | Hier-pFedMe(λ2=35.0) | loss=0.1503
  [Client 15] Round 30 | Hier-pFedMe(λ2=35.0) | loss=0.1541
  [Client 18] Round 30 | Hier-pFedMe(λ2=35.0) | loss=0.0212
  [Edge 3] G30 | E1 | loss=0.0970
  [Edge 3] G30 | E2 | Hier-pFedMe | Selected 5/5
  [Client 15] Round 30 | Hier-pFedMe(λ2=35.0) | loss=0.1261
  [Client 16] Round 30 | Hier-pFedMe(λ2=35.0) | loss=0.0093
  [Client 17] Round 30 | Hier-pFedMe(λ2=35.0) | loss=0.1063
  [Client 18] Round 30 | Hier-pFedMe(λ2=35.0) | loss=0.0069
  [Client 19] Round 30 | Hier-pFedMe(λ2=35.0) | loss=0.1233
  [Edge 3] G30 | E2 | loss=0.0744
  [Edge 3] G30 | E3 | Hier-pFedMe | Selected 5/5
  [Client 15] Round 30 | Hier-pFedMe(λ2=35.0) | loss=0.1103
  [Client 17] Round 30 | Hier-pFedMe(λ2=35.0) | loss=0.1113
  [Client 18] Round 30 | Hier-pFedMe(λ2=35.0) | loss=0.0102
  [Client 16] Round 30 | Hier-pFedMe(λ2=35.0) | loss=0.0092
  [Client 19] Round 30 | Hier-pFedMe(λ2=35.0) | loss=0.1039
  [Edge 3] G30 | E3 | loss=0.0690
  [Edge 3] G30 | E4 | Hier-pFedMe | Selected 5/5
  [Client 17] Round 30 | Hier-pFedMe(λ2=35.0) | loss=0.1034
  [Client 15] Round 30 | Hier-pFedMe(λ2=35.0) | loss=0.1024
  [Client 16] Round 30 | Hier-pFedMe(λ2=35.0) | loss=0.0096
  [Client 19] Round 30 | Hier-pFedMe(λ2=35.0) | loss=0.0976
  [Client 18] Round 30 | Hier-pFedMe(λ2=35.0) | loss=0.0097
  [Edge 3] G30 | E4 | loss=0.0645
  [Edge 3] G30 | E5 | Hier-pFedMe | Selected 5/5
  [Client 17] Round 30 | Hier-pFedMe(λ2=35.0) | loss=0.0935
  [Client 15] Round 30 | Hier-pFedMe(λ2=35.0) | loss=0.0893
  [Client 16] Round 30 | Hier-pFedMe(λ2=35.0) | loss=0.0088
  [Client 19] Round 30 | Hier-pFedMe(λ2=35.0) | loss=0.1016
  [Client 18] Round 30 | Hier-pFedMe(λ2=35.0) | loss=0.0060
  [Edge 3] G30 | E5 | loss=0.0598
  [Cloud] GM=0.1701 | EM=0.4888 PM=0.9515 | loss=2.2771 | time=157.0s | comm=4645.5MB (total=139366MB)

[Round  31] Broadcasting to 4 edges...
  [Edge 0] G31 | E1 | Hier-pFedMe | Selected 5/5
  [Client  4] Round 31 | Hier-pFedMe(λ2=35.0) | loss=0.1867
  [Client  3] Round 31 | Hier-pFedMe(λ2=35.0) | loss=0.1722
  [Client  2] Round 31 | Hier-pFedMe(λ2=35.0) | loss=0.1971
  [Client  0] Round 31 | Hier-pFedMe(λ2=35.0) | loss=0.1742
  [Client  1] Round 31 | Hier-pFedMe(λ2=35.0) | loss=0.1840
  [Edge 0] G31 | E1 | loss=0.1828
  [Edge 0] G31 | E2 | Hier-pFedMe | Selected 5/5
  [Client  4] Round 31 | Hier-pFedMe(λ2=35.0) | loss=0.1399
  [Client  1] Round 31 | Hier-pFedMe(λ2=35.0) | loss=0.1189
  [Client  2] Round 31 | Hier-pFedMe(λ2=35.0) | loss=0.1548
  [Client  3] Round 31 | Hier-pFedMe(λ2=35.0) | loss=0.1229
  [Client  0] Round 31 | Hier-pFedMe(λ2=35.0) | loss=0.1396
  [Edge 0] G31 | E2 | loss=0.1352
  [Edge 0] G31 | E3 | Hier-pFedMe | Selected 5/5
  [Client  1] Round 31 | Hier-pFedMe(λ2=35.0) | loss=0.1272
  [Client  2] Round 31 | Hier-pFedMe(λ2=35.0) | loss=0.1271
  [Client  4] Round 31 | Hier-pFedMe(λ2=35.0) | loss=0.1261
  [Client  0] Round 31 | Hier-pFedMe(λ2=35.0) | loss=0.1214
  [Client  3] Round 31 | Hier-pFedMe(λ2=35.0) | loss=0.1215
  [Edge 0] G31 | E3 | loss=0.1247
  [Edge 0] G31 | E4 | Hier-pFedMe | Selected 5/5
  [Client  3] Round 31 | Hier-pFedMe(λ2=35.0) | loss=0.1059
  [Client  1] Round 31 | Hier-pFedMe(λ2=35.0) | loss=0.1214
  [Client  4] Round 31 | Hier-pFedMe(λ2=35.0) | loss=0.1215
  [Client  0] Round 31 | Hier-pFedMe(λ2=35.0) | loss=0.1237
  [Client  2] Round 31 | Hier-pFedMe(λ2=35.0) | loss=0.1389
  [Edge 0] G31 | E4 | loss=0.1223
  [Edge 0] G31 | E5 | Hier-pFedMe | Selected 5/5
  [Client  2] Round 31 | Hier-pFedMe(λ2=35.0) | loss=0.1260
  [Client  1] Round 31 | Hier-pFedMe(λ2=35.0) | loss=0.1051
  [Client  3] Round 31 | Hier-pFedMe(λ2=35.0) | loss=0.1094
  [Client  0] Round 31 | Hier-pFedMe(λ2=35.0) | loss=0.1247
  [Client  4] Round 31 | Hier-pFedMe(λ2=35.0) | loss=0.1244
  [Edge 0] G31 | E5 | loss=0.1179
  [Edge 1] G31 | E1 | Hier-pFedMe | Selected 5/5
  [Client  9] Round 31 | Hier-pFedMe(λ2=35.0) | loss=0.0402
  [Client  8] Round 31 | Hier-pFedMe(λ2=35.0) | loss=0.0511
  [Client  6] Round 31 | Hier-pFedMe(λ2=35.0) | loss=0.1810
  [Client  5] Round 31 | Hier-pFedMe(λ2=35.0) | loss=0.1778
  [Client  7] Round 31 | Hier-pFedMe(λ2=35.0) | loss=0.2046
  [Edge 1] G31 | E1 | loss=0.1523
  [Edge 1] G31 | E2 | Hier-pFedMe | Selected 5/5
  [Client  8] Round 31 | Hier-pFedMe(λ2=35.0) | loss=0.0087
  [Client  6] Round 31 | Hier-pFedMe(λ2=35.0) | loss=0.1568
  [Client  7] Round 31 | Hier-pFedMe(λ2=35.0) | loss=0.1825
  [Client  5] Round 31 | Hier-pFedMe(λ2=35.0) | loss=0.1613
  [Client  9] Round 31 | Hier-pFedMe(λ2=35.0) | loss=0.0086
  [Edge 1] G31 | E2 | loss=0.1273
  [Edge 1] G31 | E3 | Hier-pFedMe | Selected 5/5
  [Client  8] Round 31 | Hier-pFedMe(λ2=35.0) | loss=0.0240
  [Client  6] Round 31 | Hier-pFedMe(λ2=35.0) | loss=0.1538
  [Client  7] Round 31 | Hier-pFedMe(λ2=35.0) | loss=0.1699
  [Client  5] Round 31 | Hier-pFedMe(λ2=35.0) | loss=0.1569
  [Client  9] Round 31 | Hier-pFedMe(λ2=35.0) | loss=0.0133
  [Edge 1] G31 | E3 | loss=0.1248
  [Edge 1] G31 | E4 | Hier-pFedMe | Selected 5/5
  [Client  8] Round 31 | Hier-pFedMe(λ2=35.0) | loss=0.0053
  [Client  9] Round 31 | Hier-pFedMe(λ2=35.0) | loss=0.0264
  [Client  7] Round 31 | Hier-pFedMe(λ2=35.0) | loss=0.1728
  [Client  5] Round 31 | Hier-pFedMe(λ2=35.0) | loss=0.1655
  [Client  6] Round 31 | Hier-pFedMe(λ2=35.0) | loss=0.1575
  [Edge 1] G31 | E4 | loss=0.1279
  [Edge 1] G31 | E5 | Hier-pFedMe | Selected 5/5
  [Client  9] Round 31 | Hier-pFedMe(λ2=35.0) | loss=0.0079
  [Client  8] Round 31 | Hier-pFedMe(λ2=35.0) | loss=0.0954
  [Client  6] Round 31 | Hier-pFedMe(λ2=35.0) | loss=0.1556
  [Client  5] Round 31 | Hier-pFedMe(λ2=35.0) | loss=0.1515
  [Client  7] Round 31 | Hier-pFedMe(λ2=35.0) | loss=0.1965
  [Edge 1] G31 | E5 | loss=0.1388
  [Edge 2] G31 | E1 | Hier-pFedMe | Selected 5/5
  [Client 12] Round 31 | Hier-pFedMe(λ2=35.0) | loss=0.1607
  [Client 14] Round 31 | Hier-pFedMe(λ2=35.0) | loss=0.0151
  [Client 13] Round 31 | Hier-pFedMe(λ2=35.0) | loss=0.0304
  [Client 11] Round 31 | Hier-pFedMe(λ2=35.0) | loss=0.1700
  [Client 10] Round 31 | Hier-pFedMe(λ2=35.0) | loss=0.1572
  [Edge 2] G31 | E1 | loss=0.1067
  [Edge 2] G31 | E2 | Hier-pFedMe | Selected 5/5
  [Client 10] Round 31 | Hier-pFedMe(λ2=35.0) | loss=0.1093
  [Client 14] Round 31 | Hier-pFedMe(λ2=35.0) | loss=0.0076
  [Client 13] Round 31 | Hier-pFedMe(λ2=35.0) | loss=0.0068
  [Client 11] Round 31 | Hier-pFedMe(λ2=35.0) | loss=0.1251
  [Client 12] Round 31 | Hier-pFedMe(λ2=35.0) | loss=0.1304
  [Edge 2] G31 | E2 | loss=0.0758
  [Edge 2] G31 | E3 | Hier-pFedMe | Selected 5/5
  [Client 11] Round 31 | Hier-pFedMe(λ2=35.0) | loss=0.1198
  [Client 13] Round 31 | Hier-pFedMe(λ2=35.0) | loss=0.0079
  [Client 14] Round 31 | Hier-pFedMe(λ2=35.0) | loss=0.0060
  [Client 12] Round 31 | Hier-pFedMe(λ2=35.0) | loss=0.1135
  [Client 10] Round 31 | Hier-pFedMe(λ2=35.0) | loss=0.1254
  [Edge 2] G31 | E3 | loss=0.0745
  [Edge 2] G31 | E4 | Hier-pFedMe | Selected 5/5
  [Client 10] Round 31 | Hier-pFedMe(λ2=35.0) | loss=0.1263
  [Client 14] Round 31 | Hier-pFedMe(λ2=35.0) | loss=0.0117
  [Client 12] Round 31 | Hier-pFedMe(λ2=35.0) | loss=0.1167
  [Client 13] Round 31 | Hier-pFedMe(λ2=35.0) | loss=0.0103
  [Client 11] Round 31 | Hier-pFedMe(λ2=35.0) | loss=0.1269
  [Edge 2] G31 | E4 | loss=0.0784
  [Edge 2] G31 | E5 | Hier-pFedMe | Selected 5/5
  [Client 12] Round 31 | Hier-pFedMe(λ2=35.0) | loss=0.1241
  [Client 14] Round 31 | Hier-pFedMe(λ2=35.0) | loss=0.0092
  [Client 10] Round 31 | Hier-pFedMe(λ2=35.0) | loss=0.1040
  [Client 13] Round 31 | Hier-pFedMe(λ2=35.0) | loss=0.0079
  [Client 11] Round 31 | Hier-pFedMe(λ2=35.0) | loss=0.1088
  [Edge 2] G31 | E5 | loss=0.0708
  [Edge 3] G31 | E1 | Hier-pFedMe | Selected 5/5
  [Client 16] Round 31 | Hier-pFedMe(λ2=35.0) | loss=0.0216
  [Client 15] Round 31 | Hier-pFedMe(λ2=35.0) | loss=0.1358
  [Client 17] Round 31 | Hier-pFedMe(λ2=35.0) | loss=0.1266
  [Client 19] Round 31 | Hier-pFedMe(λ2=35.0) | loss=0.1419
  [Client 18] Round 31 | Hier-pFedMe(λ2=35.0) | loss=0.0196
  [Edge 3] G31 | E1 | loss=0.0891
  [Edge 3] G31 | E2 | Hier-pFedMe | Selected 5/5
  [Client 16] Round 31 | Hier-pFedMe(λ2=35.0) | loss=0.0098
  [Client 15] Round 31 | Hier-pFedMe(λ2=35.0) | loss=0.1129
  [Client 18] Round 31 | Hier-pFedMe(λ2=35.0) | loss=0.0053
  [Client 19] Round 31 | Hier-pFedMe(λ2=35.0) | loss=0.1180
  [Client 17] Round 31 | Hier-pFedMe(λ2=35.0) | loss=0.0930
  [Edge 3] G31 | E2 | loss=0.0678
  [Edge 3] G31 | E3 | Hier-pFedMe | Selected 5/5
  [Client 16] Round 31 | Hier-pFedMe(λ2=35.0) | loss=0.0080
  [Client 19] Round 31 | Hier-pFedMe(λ2=35.0) | loss=0.1086
  [Client 17] Round 31 | Hier-pFedMe(λ2=35.0) | loss=0.1009
  [Client 18] Round 31 | Hier-pFedMe(λ2=35.0) | loss=0.0091
  [Client 15] Round 31 | Hier-pFedMe(λ2=35.0) | loss=0.1146
  [Edge 3] G31 | E3 | loss=0.0682
  [Edge 3] G31 | E4 | Hier-pFedMe | Selected 5/5
  [Client 16] Round 31 | Hier-pFedMe(λ2=35.0) | loss=0.0072
  [Client 15] Round 31 | Hier-pFedMe(λ2=35.0) | loss=0.1019
  [Client 19] Round 31 | Hier-pFedMe(λ2=35.0) | loss=0.1067
  [Client 18] Round 31 | Hier-pFedMe(λ2=35.0) | loss=0.0123
  [Client 17] Round 31 | Hier-pFedMe(λ2=35.0) | loss=0.0957
  [Edge 3] G31 | E4 | loss=0.0648
  [Edge 3] G31 | E5 | Hier-pFedMe | Selected 5/5
  [Client 18] Round 31 | Hier-pFedMe(λ2=35.0) | loss=0.0069
  [Client 15] Round 31 | Hier-pFedMe(λ2=35.0) | loss=0.1135
  [Client 16] Round 31 | Hier-pFedMe(λ2=35.0) | loss=0.0104
  [Client 19] Round 31 | Hier-pFedMe(λ2=35.0) | loss=0.1015
  [Client 17] Round 31 | Hier-pFedMe(λ2=35.0) | loss=0.1001
  [Edge 3] G31 | E5 | loss=0.0665
  [Cloud] GM=0.1651 | EM=0.4036 | loss=2.2853 | time=131.3s | comm=4645.5MB (total=144011MB)

[Round  32] Broadcasting to 4 edges...
  [Edge 0] G32 | E1 | Hier-pFedMe | Selected 5/5
  [Client  4] Round 32 | Hier-pFedMe(λ2=35.0) | loss=0.1787
  [Client  1] Round 32 | Hier-pFedMe(λ2=35.0) | loss=0.1597
  [Client  3] Round 32 | Hier-pFedMe(λ2=35.0) | loss=0.1560
  [Client  2] Round 32 | Hier-pFedMe(λ2=35.0) | loss=0.1794
  [Client  0] Round 32 | Hier-pFedMe(λ2=35.0) | loss=0.1723
  [Edge 0] G32 | E1 | loss=0.1692
  [Edge 0] G32 | E2 | Hier-pFedMe | Selected 5/5
  [Client  3] Round 32 | Hier-pFedMe(λ2=35.0) | loss=0.1194
  [Client  4] Round 32 | Hier-pFedMe(λ2=35.0) | loss=0.1326
  [Client  2] Round 32 | Hier-pFedMe(λ2=35.0) | loss=0.1457
  [Client  1] Round 32 | Hier-pFedMe(λ2=35.0) | loss=0.1133
  [Client  0] Round 32 | Hier-pFedMe(λ2=35.0) | loss=0.1451
  [Edge 0] G32 | E2 | loss=0.1312
  [Edge 0] G32 | E3 | Hier-pFedMe | Selected 5/5
  [Client  4] Round 32 | Hier-pFedMe(λ2=35.0) | loss=0.1247
  [Client  0] Round 32 | Hier-pFedMe(λ2=35.0) | loss=0.1240
  [Client  2] Round 32 | Hier-pFedMe(λ2=35.0) | loss=0.1453
  [Client  1] Round 32 | Hier-pFedMe(λ2=35.0) | loss=0.1237
  [Client  3] Round 32 | Hier-pFedMe(λ2=35.0) | loss=0.1090
  [Edge 0] G32 | E3 | loss=0.1253
  [Edge 0] G32 | E4 | Hier-pFedMe | Selected 5/5
  [Client  4] Round 32 | Hier-pFedMe(λ2=35.0) | loss=0.1146
  [Client  3] Round 32 | Hier-pFedMe(λ2=35.0) | loss=0.1077
  [Client  1] Round 32 | Hier-pFedMe(λ2=35.0) | loss=0.1070
  [Client  0] Round 32 | Hier-pFedMe(λ2=35.0) | loss=0.1370
  [Client  2] Round 32 | Hier-pFedMe(λ2=35.0) | loss=0.1375
  [Edge 0] G32 | E4 | loss=0.1208
  [Edge 0] G32 | E5 | Hier-pFedMe | Selected 5/5
  [Client  3] Round 32 | Hier-pFedMe(λ2=35.0) | loss=0.0958
  [Client  0] Round 32 | Hier-pFedMe(λ2=35.0) | loss=0.1247
  [Client  1] Round 32 | Hier-pFedMe(λ2=35.0) | loss=0.1172
  [Client  2] Round 32 | Hier-pFedMe(λ2=35.0) | loss=0.1292
  [Client  4] Round 32 | Hier-pFedMe(λ2=35.0) | loss=0.1141
  [Edge 0] G32 | E5 | loss=0.1162
  [Edge 1] G32 | E1 | Hier-pFedMe | Selected 5/5
  [Client  8] Round 32 | Hier-pFedMe(λ2=35.0) | loss=0.0369
  [Client  9] Round 32 | Hier-pFedMe(λ2=35.0) | loss=0.0530
  [Client  7] Round 32 | Hier-pFedMe(λ2=35.0) | loss=0.1951
  [Client  5] Round 32 | Hier-pFedMe(λ2=35.0) | loss=0.1874
  [Client  6] Round 32 | Hier-pFedMe(λ2=35.0) | loss=0.1824
  [Edge 1] G32 | E1 | loss=0.1525
  [Edge 1] G32 | E2 | Hier-pFedMe | Selected 5/5
  [Client  9] Round 32 | Hier-pFedMe(λ2=35.0) | loss=0.0090
  [Client  6] Round 32 | Hier-pFedMe(λ2=35.0) | loss=0.1671
  [Client  8] Round 32 | Hier-pFedMe(λ2=35.0) | loss=0.0120
  [Client  5] Round 32 | Hier-pFedMe(λ2=35.0) | loss=0.1590
  [Client  7] Round 32 | Hier-pFedMe(λ2=35.0) | loss=0.1716
  [Edge 1] G32 | E2 | loss=0.1270
  [Edge 1] G32 | E3 | Hier-pFedMe | Selected 5/5
  [Client  8] Round 32 | Hier-pFedMe(λ2=35.0) | loss=0.0136
  [Client  9] Round 32 | Hier-pFedMe(λ2=35.0) | loss=0.0223
  [Client  5] Round 32 | Hier-pFedMe(λ2=35.0) | loss=0.1516
  [Client  6] Round 32 | Hier-pFedMe(λ2=35.0) | loss=0.1461
  [Client  7] Round 32 | Hier-pFedMe(λ2=35.0) | loss=0.1756
  [Edge 1] G32 | E3 | loss=0.1228
  [Edge 1] G32 | E4 | Hier-pFedMe | Selected 5/5
  [Client  9] Round 32 | Hier-pFedMe(λ2=35.0) | loss=0.0079
  [Client  8] Round 32 | Hier-pFedMe(λ2=35.0) | loss=0.0200
  [Client  5] Round 32 | Hier-pFedMe(λ2=35.0) | loss=0.1532
  [Client  6] Round 32 | Hier-pFedMe(λ2=35.0) | loss=0.1569
  [Client  7] Round 32 | Hier-pFedMe(λ2=35.0) | loss=0.1753
  [Edge 1] G32 | E4 | loss=0.1248
  [Edge 1] G32 | E5 | Hier-pFedMe | Selected 5/5
  [Client  9] Round 32 | Hier-pFedMe(λ2=35.0) | loss=0.0518
  [Client  8] Round 32 | Hier-pFedMe(λ2=35.0) | loss=0.0083
  [Client  6] Round 32 | Hier-pFedMe(λ2=35.0) | loss=0.1401
  [Client  7] Round 32 | Hier-pFedMe(λ2=35.0) | loss=0.1594
  [Client  5] Round 32 | Hier-pFedMe(λ2=35.0) | loss=0.1639
  [Edge 1] G32 | E5 | loss=0.1234
  [Edge 2] G32 | E1 | Hier-pFedMe | Selected 5/5
  [Client 13] Round 32 | Hier-pFedMe(λ2=35.0) | loss=0.0250
  [Client 10] Round 32 | Hier-pFedMe(λ2=35.0) | loss=0.1773
  [Client 12] Round 32 | Hier-pFedMe(λ2=35.0) | loss=0.1689
  [Client 11] Round 32 | Hier-pFedMe(λ2=35.0) | loss=0.1553
  [Client 14] Round 32 | Hier-pFedMe(λ2=35.0) | loss=0.0207
  [Edge 2] G32 | E1 | loss=0.1094
  [Edge 2] G32 | E2 | Hier-pFedMe | Selected 5/5
  [Client 14] Round 32 | Hier-pFedMe(λ2=35.0) | loss=0.0088
  [Client 12] Round 32 | Hier-pFedMe(λ2=35.0) | loss=0.1360
  [Client 11] Round 32 | Hier-pFedMe(λ2=35.0) | loss=0.1199
  [Client 13] Round 32 | Hier-pFedMe(λ2=35.0) | loss=0.0075
  [Client 10] Round 32 | Hier-pFedMe(λ2=35.0) | loss=0.1133
  [Edge 2] G32 | E2 | loss=0.0771
  [Edge 2] G32 | E3 | Hier-pFedMe | Selected 5/5
  [Client 10] Round 32 | Hier-pFedMe(λ2=35.0) | loss=0.1177
  [Client 14] Round 32 | Hier-pFedMe(λ2=35.0) | loss=0.0095
  [Client 13] Round 32 | Hier-pFedMe(λ2=35.0) | loss=0.0078
  [Client 11] Round 32 | Hier-pFedMe(λ2=35.0) | loss=0.1201
  [Client 12] Round 32 | Hier-pFedMe(λ2=35.0) | loss=0.1077
  [Edge 2] G32 | E3 | loss=0.0726
  [Edge 2] G32 | E4 | Hier-pFedMe | Selected 5/5
  [Client 14] Round 32 | Hier-pFedMe(λ2=35.0) | loss=0.0062
  [Client 10] Round 32 | Hier-pFedMe(λ2=35.0) | loss=0.1004
  [Client 12] Round 32 | Hier-pFedMe(λ2=35.0) | loss=0.1100
  [Client 13] Round 32 | Hier-pFedMe(λ2=35.0) | loss=0.0088
  [Client 11] Round 32 | Hier-pFedMe(λ2=35.0) | loss=0.1119
  [Edge 2] G32 | E4 | loss=0.0674
  [Edge 2] G32 | E5 | Hier-pFedMe | Selected 5/5
  [Client 14] Round 32 | Hier-pFedMe(λ2=35.0) | loss=0.0065
  [Client 10] Round 32 | Hier-pFedMe(λ2=35.0) | loss=0.1052
  [Client 12] Round 32 | Hier-pFedMe(λ2=35.0) | loss=0.1104
  [Client 11] Round 32 | Hier-pFedMe(λ2=35.0) | loss=0.1058
  [Client 13] Round 32 | Hier-pFedMe(λ2=35.0) | loss=0.0077
  [Edge 2] G32 | E5 | loss=0.0671
  [Edge 3] G32 | E1 | Hier-pFedMe | Selected 5/5
  [Client 19] Round 32 | Hier-pFedMe(λ2=35.0) | loss=0.1414  [Client 15] Round 32 | Hier-pFedMe(λ2=35.0) | loss=0.1486

  [Client 17] Round 32 | Hier-pFedMe(λ2=35.0) | loss=0.1506
  [Client 18] Round 32 | Hier-pFedMe(λ2=35.0) | loss=0.0183
  [Client 16] Round 32 | Hier-pFedMe(λ2=35.0) | loss=0.0286
  [Edge 3] G32 | E1 | loss=0.0975
  [Edge 3] G32 | E2 | Hier-pFedMe | Selected 5/5
  [Client 19] Round 32 | Hier-pFedMe(λ2=35.0) | loss=0.1045
  [Client 16] Round 32 | Hier-pFedMe(λ2=35.0) | loss=0.0059
  [Client 18] Round 32 | Hier-pFedMe(λ2=35.0) | loss=0.0089
  [Client 15] Round 32 | Hier-pFedMe(λ2=35.0) | loss=0.0979
  [Client 17] Round 32 | Hier-pFedMe(λ2=35.0) | loss=0.0884
  [Edge 3] G32 | E2 | loss=0.0611
  [Edge 3] G32 | E3 | Hier-pFedMe | Selected 5/5
  [Client 16] Round 32 | Hier-pFedMe(λ2=35.0) | loss=0.0066
  [Client 17] Round 32 | Hier-pFedMe(λ2=35.0) | loss=0.0937
  [Client 18] Round 32 | Hier-pFedMe(λ2=35.0) | loss=0.0136
  [Client 19] Round 32 | Hier-pFedMe(λ2=35.0) | loss=0.1029
  [Client 15] Round 32 | Hier-pFedMe(λ2=35.0) | loss=0.1080
  [Edge 3] G32 | E3 | loss=0.0650
  [Edge 3] G32 | E4 | Hier-pFedMe | Selected 5/5
  [Client 15] Round 32 | Hier-pFedMe(λ2=35.0) | loss=0.0943
  [Client 19] Round 32 | Hier-pFedMe(λ2=35.0) | loss=0.0907
  [Client 17] Round 32 | Hier-pFedMe(λ2=35.0) | loss=0.0966
  [Client 16] Round 32 | Hier-pFedMe(λ2=35.0) | loss=0.0076
  [Client 18] Round 32 | Hier-pFedMe(λ2=35.0) | loss=0.0078
  [Edge 3] G32 | E4 | loss=0.0594
  [Edge 3] G32 | E5 | Hier-pFedMe | Selected 5/5
  [Client 16] Round 32 | Hier-pFedMe(λ2=35.0) | loss=0.0082
  [Client 15] Round 32 | Hier-pFedMe(λ2=35.0) | loss=0.1062
  [Client 18] Round 32 | Hier-pFedMe(λ2=35.0) | loss=0.0055
  [Client 19] Round 32 | Hier-pFedMe(λ2=35.0) | loss=0.1002
  [Client 17] Round 32 | Hier-pFedMe(λ2=35.0) | loss=0.0940
  [Edge 3] G32 | E5 | loss=0.0628
  [Cloud] GM=0.1708 | EM=0.4762 | loss=2.2803 | time=130.9s | comm=4645.5MB (total=148657MB)

[Round  33] Broadcasting to 4 edges...
  [Edge 0] G33 | E1 | Hier-pFedMe | Selected 5/5
  [Client  3] Round 33 | Hier-pFedMe(λ2=35.0) | loss=0.1694
  [Client  2] Round 33 | Hier-pFedMe(λ2=35.0) | loss=0.1835
  [Client  4] Round 33 | Hier-pFedMe(λ2=35.0) | loss=0.1686
  [Client  0] Round 33 | Hier-pFedMe(λ2=35.0) | loss=0.1791
  [Client  1] Round 33 | Hier-pFedMe(λ2=35.0) | loss=0.1591
  [Edge 0] G33 | E1 | loss=0.1719
  [Edge 0] G33 | E2 | Hier-pFedMe | Selected 5/5
  [Client  1] Round 33 | Hier-pFedMe(λ2=35.0) | loss=0.1306
  [Client  3] Round 33 | Hier-pFedMe(λ2=35.0) | loss=0.1164
  [Client  2] Round 33 | Hier-pFedMe(λ2=35.0) | loss=0.1416
  [Client  0] Round 33 | Hier-pFedMe(λ2=35.0) | loss=0.1336
  [Client  4] Round 33 | Hier-pFedMe(λ2=35.0) | loss=0.1280
  [Edge 0] G33 | E2 | loss=0.1301
  [Edge 0] G33 | E3 | Hier-pFedMe | Selected 5/5
  [Client  4] Round 33 | Hier-pFedMe(λ2=35.0) | loss=0.1130
  [Client  2] Round 33 | Hier-pFedMe(λ2=35.0) | loss=0.1424
  [Client  0] Round 33 | Hier-pFedMe(λ2=35.0) | loss=0.1284
  [Client  1] Round 33 | Hier-pFedMe(λ2=35.0) | loss=0.1166
  [Client  3] Round 33 | Hier-pFedMe(λ2=35.0) | loss=0.1179
  [Edge 0] G33 | E3 | loss=0.1237
  [Edge 0] G33 | E4 | Hier-pFedMe | Selected 5/5
  [Client  3] Round 33 | Hier-pFedMe(λ2=35.0) | loss=0.1021
  [Client  4] Round 33 | Hier-pFedMe(λ2=35.0) | loss=0.1266
  [Client  1] Round 33 | Hier-pFedMe(λ2=35.0) | loss=0.1247
  [Client  0] Round 33 | Hier-pFedMe(λ2=35.0) | loss=0.1182
  [Client  2] Round 33 | Hier-pFedMe(λ2=35.0) | loss=0.1404
  [Edge 0] G33 | E4 | loss=0.1224
  [Edge 0] G33 | E5 | Hier-pFedMe | Selected 5/5
  [Client  4] Round 33 | Hier-pFedMe(λ2=35.0) | loss=0.1093
  [Client  2] Round 33 | Hier-pFedMe(λ2=35.0) | loss=0.1460
  [Client  3] Round 33 | Hier-pFedMe(λ2=35.0) | loss=0.1016
  [Client  0] Round 33 | Hier-pFedMe(λ2=35.0) | loss=0.1038
  [Client  1] Round 33 | Hier-pFedMe(λ2=35.0) | loss=0.1096
  [Edge 0] G33 | E5 | loss=0.1140
  [Edge 1] G33 | E1 | Hier-pFedMe | Selected 5/5
  [Client  9] Round 33 | Hier-pFedMe(λ2=35.0) | loss=0.0364
  [Client  8] Round 33 | Hier-pFedMe(λ2=35.0) | loss=0.0441
  [Client  5] Round 33 | Hier-pFedMe(λ2=35.0) | loss=0.1763
  [Client  7] Round 33 | Hier-pFedMe(λ2=35.0) | loss=0.1999
  [Client  6] Round 33 | Hier-pFedMe(λ2=35.0) | loss=0.1783
  [Edge 1] G33 | E1 | loss=0.1487
  [Edge 1] G33 | E2 | Hier-pFedMe | Selected 5/5
  [Client  9] Round 33 | Hier-pFedMe(λ2=35.0) | loss=0.0084
  [Client  6] Round 33 | Hier-pFedMe(λ2=35.0) | loss=0.1504
  [Client  7] Round 33 | Hier-pFedMe(λ2=35.0) | loss=0.1752
  [Client  8] Round 33 | Hier-pFedMe(λ2=35.0) | loss=0.0083
  [Client  5] Round 33 | Hier-pFedMe(λ2=35.0) | loss=0.1629
  [Edge 1] G33 | E2 | loss=0.1242
  [Edge 1] G33 | E3 | Hier-pFedMe | Selected 5/5
  [Client  9] Round 33 | Hier-pFedMe(λ2=35.0) | loss=0.0182
  [Client  6] Round 33 | Hier-pFedMe(λ2=35.0) | loss=0.1438
  [Client  7] Round 33 | Hier-pFedMe(λ2=35.0) | loss=0.1689
  [Client  8] Round 33 | Hier-pFedMe(λ2=35.0) | loss=0.0255
  [Client  5] Round 33 | Hier-pFedMe(λ2=35.0) | loss=0.1516
  [Edge 1] G33 | E3 | loss=0.1215
  [Edge 1] G33 | E4 | Hier-pFedMe | Selected 5/5
  [Client  9] Round 33 | Hier-pFedMe(λ2=35.0) | loss=0.0142
  [Client  8] Round 33 | Hier-pFedMe(λ2=35.0) | loss=0.0077
  [Client  5] Round 33 | Hier-pFedMe(λ2=35.0) | loss=0.1559
  [Client  6] Round 33 | Hier-pFedMe(λ2=35.0) | loss=0.1451
  [Client  7] Round 33 | Hier-pFedMe(λ2=35.0) | loss=0.1588
  [Edge 1] G33 | E4 | loss=0.1177
  [Edge 1] G33 | E5 | Hier-pFedMe | Selected 5/5
  [Client  9] Round 33 | Hier-pFedMe(λ2=35.0) | loss=0.0077
  [Client  8] Round 33 | Hier-pFedMe(λ2=35.0) | loss=0.0365
  [Client  7] Round 33 | Hier-pFedMe(λ2=35.0) | loss=0.1664
  [Client  5] Round 33 | Hier-pFedMe(λ2=35.0) | loss=0.1369
  [Client  6] Round 33 | Hier-pFedMe(λ2=35.0) | loss=0.1405
  [Edge 1] G33 | E5 | loss=0.1165
  [Edge 2] G33 | E1 | Hier-pFedMe | Selected 5/5
  [Client 14] Round 33 | Hier-pFedMe(λ2=35.0) | loss=0.0216
  [Client 13] Round 33 | Hier-pFedMe(λ2=35.0) | loss=0.0214
  [Client 10] Round 33 | Hier-pFedMe(λ2=35.0) | loss=0.1638
  [Client 12] Round 33 | Hier-pFedMe(λ2=35.0) | loss=0.1618
  [Client 11] Round 33 | Hier-pFedMe(λ2=35.0) | loss=0.1659
  [Edge 2] G33 | E1 | loss=0.1069
  [Edge 2] G33 | E2 | Hier-pFedMe | Selected 5/5
  [Client 12] Round 33 | Hier-pFedMe(λ2=35.0) | loss=0.1153
  [Client 10] Round 33 | Hier-pFedMe(λ2=35.0) | loss=0.1248
  [Client 11] Round 33 | Hier-pFedMe(λ2=35.0) | loss=0.1357
  [Client 13] Round 33 | Hier-pFedMe(λ2=35.0) | loss=0.0096
  [Client 14] Round 33 | Hier-pFedMe(λ2=35.0) | loss=0.0071
  [Edge 2] G33 | E2 | loss=0.0785
  [Edge 2] G33 | E3 | Hier-pFedMe | Selected 5/5
  [Client 10] Round 33 | Hier-pFedMe(λ2=35.0) | loss=0.1149
  [Client 13] Round 33 | Hier-pFedMe(λ2=35.0) | loss=0.0062
  [Client 14] Round 33 | Hier-pFedMe(λ2=35.0) | loss=0.0139
  [Client 11] Round 33 | Hier-pFedMe(λ2=35.0) | loss=0.1132
  [Client 12] Round 33 | Hier-pFedMe(λ2=35.0) | loss=0.1010
  [Edge 2] G33 | E3 | loss=0.0698
  [Edge 2] G33 | E4 | Hier-pFedMe | Selected 5/5
  [Client 10] Round 33 | Hier-pFedMe(λ2=35.0) | loss=0.1053
  [Client 14] Round 33 | Hier-pFedMe(λ2=35.0) | loss=0.0072
  [Client 12] Round 33 | Hier-pFedMe(λ2=35.0) | loss=0.1056
  [Client 11] Round 33 | Hier-pFedMe(λ2=35.0) | loss=0.1092
  [Client 13] Round 33 | Hier-pFedMe(λ2=35.0) | loss=0.0119
  [Edge 2] G33 | E4 | loss=0.0678
  [Edge 2] G33 | E5 | Hier-pFedMe | Selected 5/5
  [Client 12] Round 33 | Hier-pFedMe(λ2=35.0) | loss=0.0992
  [Client 14] Round 33 | Hier-pFedMe(λ2=35.0) | loss=0.0120
  [Client 13] Round 33 | Hier-pFedMe(λ2=35.0) | loss=0.0048
  [Client 11] Round 33 | Hier-pFedMe(λ2=35.0) | loss=0.1100
  [Client 10] Round 33 | Hier-pFedMe(λ2=35.0) | loss=0.0954
  [Edge 2] G33 | E5 | loss=0.0643
  [Edge 3] G33 | E1 | Hier-pFedMe | Selected 5/5
  [Client 17] Round 33 | Hier-pFedMe(λ2=35.0) | loss=0.1346
  [Client 15] Round 33 | Hier-pFedMe(λ2=35.0) | loss=0.1381
  [Client 16] Round 33 | Hier-pFedMe(λ2=35.0) | loss=0.0217
  [Client 18] Round 33 | Hier-pFedMe(λ2=35.0) | loss=0.0188
  [Client 19] Round 33 | Hier-pFedMe(λ2=35.0) | loss=0.1345
  [Edge 3] G33 | E1 | loss=0.0896
  [Edge 3] G33 | E2 | Hier-pFedMe | Selected 5/5
  [Client 15] Round 33 | Hier-pFedMe(λ2=35.0) | loss=0.1120
  [Client 19] Round 33 | Hier-pFedMe(λ2=35.0) | loss=0.0941
  [Client 16] Round 33 | Hier-pFedMe(λ2=35.0) | loss=0.0090
  [Client 18] Round 33 | Hier-pFedMe(λ2=35.0) | loss=0.0071
  [Client 17] Round 33 | Hier-pFedMe(λ2=35.0) | loss=0.0911
  [Edge 3] G33 | E2 | loss=0.0627
  [Edge 3] G33 | E3 | Hier-pFedMe | Selected 5/5
  [Client 18] Round 33 | Hier-pFedMe(λ2=35.0) | loss=0.0065
  [Client 15] Round 33 | Hier-pFedMe(λ2=35.0) | loss=0.1019
  [Client 19] Round 33 | Hier-pFedMe(λ2=35.0) | loss=0.1042
  [Client 16] Round 33 | Hier-pFedMe(λ2=35.0) | loss=0.0095
  [Client 17] Round 33 | Hier-pFedMe(λ2=35.0) | loss=0.1028
  [Edge 3] G33 | E3 | loss=0.0650
  [Edge 3] G33 | E4 | Hier-pFedMe | Selected 5/5
  [Client 16] Round 33 | Hier-pFedMe(λ2=35.0) | loss=0.0067
  [Client 17] Round 33 | Hier-pFedMe(λ2=35.0) | loss=0.0867
  [Client 15] Round 33 | Hier-pFedMe(λ2=35.0) | loss=0.1023
  [Client 19] Round 33 | Hier-pFedMe(λ2=35.0) | loss=0.0909
  [Client 18] Round 33 | Hier-pFedMe(λ2=35.0) | loss=0.0096
  [Edge 3] G33 | E4 | loss=0.0592
  [Edge 3] G33 | E5 | Hier-pFedMe | Selected 5/5
  [Client 16] Round 33 | Hier-pFedMe(λ2=35.0) | loss=0.0068
  [Client 18] Round 33 | Hier-pFedMe(λ2=35.0) | loss=0.0080
  [Client 15] Round 33 | Hier-pFedMe(λ2=35.0) | loss=0.0833
  [Client 19] Round 33 | Hier-pFedMe(λ2=35.0) | loss=0.0890
  [Client 17] Round 33 | Hier-pFedMe(λ2=35.0) | loss=0.0894
  [Edge 3] G33 | E5 | loss=0.0553
  [Cloud] GM=0.1687 | EM=0.4558 | loss=2.2831 | time=130.8s | comm=4645.5MB (total=153302MB)

[Round  34] Broadcasting to 4 edges...
  [Edge 0] G34 | E1 | Hier-pFedMe | Selected 5/5
  [Client  3] Round 34 | Hier-pFedMe(λ2=35.0) | loss=0.1330
  [Client  4] Round 34 | Hier-pFedMe(λ2=35.0) | loss=0.1731
  [Client  1] Round 34 | Hier-pFedMe(λ2=35.0) | loss=0.1526
  [Client  2] Round 34 | Hier-pFedMe(λ2=35.0) | loss=0.1844
  [Client  0] Round 34 | Hier-pFedMe(λ2=35.0) | loss=0.1800
  [Edge 0] G34 | E1 | loss=0.1646
  [Edge 0] G34 | E2 | Hier-pFedMe | Selected 5/5
  [Client  3] Round 34 | Hier-pFedMe(λ2=35.0) | loss=0.1066
  [Client  4] Round 34 | Hier-pFedMe(λ2=35.0) | loss=0.1208
  [Client  2] Round 34 | Hier-pFedMe(λ2=35.0) | loss=0.1380
  [Client  0] Round 34 | Hier-pFedMe(λ2=35.0) | loss=0.1291
  [Client  1] Round 34 | Hier-pFedMe(λ2=35.0) | loss=0.1137
  [Edge 0] G34 | E2 | loss=0.1216
  [Edge 0] G34 | E3 | Hier-pFedMe | Selected 5/5
  [Client  2] Round 34 | Hier-pFedMe(λ2=35.0) | loss=0.1275
  [Client  4] Round 34 | Hier-pFedMe(λ2=35.0) | loss=0.1420
  [Client  0] Round 34 | Hier-pFedMe(λ2=35.0) | loss=0.1195
  [Client  1] Round 34 | Hier-pFedMe(λ2=35.0) | loss=0.1145
  [Client  3] Round 34 | Hier-pFedMe(λ2=35.0) | loss=0.0971
  [Edge 0] G34 | E3 | loss=0.1201
  [Edge 0] G34 | E4 | Hier-pFedMe | Selected 5/5
  [Client  3] Round 34 | Hier-pFedMe(λ2=35.0) | loss=0.1002
  [Client  4] Round 34 | Hier-pFedMe(λ2=35.0) | loss=0.1039
  [Client  0] Round 34 | Hier-pFedMe(λ2=35.0) | loss=0.1208
  [Client  2] Round 34 | Hier-pFedMe(λ2=35.0) | loss=0.1297
  [Client  1] Round 34 | Hier-pFedMe(λ2=35.0) | loss=0.1148
  [Edge 0] G34 | E4 | loss=0.1139
  [Edge 0] G34 | E5 | Hier-pFedMe | Selected 5/5
  [Client  3] Round 34 | Hier-pFedMe(λ2=35.0) | loss=0.0917
  [Client  0] Round 34 | Hier-pFedMe(λ2=35.0) | loss=0.1087
  [Client  2] Round 34 | Hier-pFedMe(λ2=35.0) | loss=0.1176
  [Client  1] Round 34 | Hier-pFedMe(λ2=35.0) | loss=0.1036
  [Client  4] Round 34 | Hier-pFedMe(λ2=35.0) | loss=0.1163
  [Edge 0] G34 | E5 | loss=0.1076
  [Edge 1] G34 | E1 | Hier-pFedMe | Selected 5/5
  [Client  8] Round 34 | Hier-pFedMe(λ2=35.0) | loss=0.0323
  [Client  9] Round 34 | Hier-pFedMe(λ2=35.0) | loss=0.0445
  [Client  5] Round 34 | Hier-pFedMe(λ2=35.0) | loss=0.1754
  [Client  7] Round 34 | Hier-pFedMe(λ2=35.0) | loss=0.1982
  [Client  6] Round 34 | Hier-pFedMe(λ2=35.0) | loss=0.1728
  [Edge 1] G34 | E1 | loss=0.1462
  [Edge 1] G34 | E2 | Hier-pFedMe | Selected 5/5
  [Client  9] Round 34 | Hier-pFedMe(λ2=35.0) | loss=0.0084
  [Client  8] Round 34 | Hier-pFedMe(λ2=35.0) | loss=0.0115
  [Client  5] Round 34 | Hier-pFedMe(λ2=35.0) | loss=0.1487
  [Client  7] Round 34 | Hier-pFedMe(λ2=35.0) | loss=0.1684
  [Client  6] Round 34 | Hier-pFedMe(λ2=35.0) | loss=0.1525
  [Edge 1] G34 | E2 | loss=0.1199
  [Edge 1] G34 | E3 | Hier-pFedMe | Selected 5/5
  [Client  9] Round 34 | Hier-pFedMe(λ2=35.0) | loss=0.0258
  [Client  8] Round 34 | Hier-pFedMe(λ2=35.0) | loss=0.0144
  [Client  7] Round 34 | Hier-pFedMe(λ2=35.0) | loss=0.1558
  [Client  5] Round 34 | Hier-pFedMe(λ2=35.0) | loss=0.1553
  [Client  6] Round 34 | Hier-pFedMe(λ2=35.0) | loss=0.1467
  [Edge 1] G34 | E3 | loss=0.1195
  [Edge 1] G34 | E4 | Hier-pFedMe | Selected 5/5
  [Client  9] Round 34 | Hier-pFedMe(λ2=35.0) | loss=0.0055
  [Client  6] Round 34 | Hier-pFedMe(λ2=35.0) | loss=0.1505
  [Client  5] Round 34 | Hier-pFedMe(λ2=35.0) | loss=0.1383
  [Client  7] Round 34 | Hier-pFedMe(λ2=35.0) | loss=0.1653
  [Client  8] Round 34 | Hier-pFedMe(λ2=35.0) | loss=0.0378
  [Edge 1] G34 | E4 | loss=0.1189
  [Edge 1] G34 | E5 | Hier-pFedMe | Selected 5/5
  [Client  9] Round 34 | Hier-pFedMe(λ2=35.0) | loss=0.1011
  [Client  8] Round 34 | Hier-pFedMe(λ2=35.0) | loss=0.0080
  [Client  6] Round 34 | Hier-pFedMe(λ2=35.0) | loss=0.1341
  [Client  7] Round 34 | Hier-pFedMe(λ2=35.0) | loss=0.1537
  [Client  5] Round 34 | Hier-pFedMe(λ2=35.0) | loss=0.1758
  [Edge 1] G34 | E5 | loss=0.1295
  [Edge 2] G34 | E1 | Hier-pFedMe | Selected 5/5
  [Client 14] Round 34 | Hier-pFedMe(λ2=35.0) | loss=0.0238
  [Client 11] Round 34 | Hier-pFedMe(λ2=35.0) | loss=0.1622
  [Client 12] Round 34 | Hier-pFedMe(λ2=35.0) | loss=0.1552
  [Client 13] Round 34 | Hier-pFedMe(λ2=35.0) | loss=0.0266
  [Client 10] Round 34 | Hier-pFedMe(λ2=35.0) | loss=0.1662
  [Edge 2] G34 | E1 | loss=0.1068
  [Edge 2] G34 | E2 | Hier-pFedMe | Selected 5/5
  [Client 10] Round 34 | Hier-pFedMe(λ2=35.0) | loss=0.1000
  [Client 14] Round 34 | Hier-pFedMe(λ2=35.0) | loss=0.0065
  [Client 13] Round 34 | Hier-pFedMe(λ2=35.0) | loss=0.0076
  [Client 11] Round 34 | Hier-pFedMe(λ2=35.0) | loss=0.1150
  [Client 12] Round 34 | Hier-pFedMe(λ2=35.0) | loss=0.1062
  [Edge 2] G34 | E2 | loss=0.0671
  [Edge 2] G34 | E3 | Hier-pFedMe | Selected 5/5
  [Client 10] Round 34 | Hier-pFedMe(λ2=35.0) | loss=0.0997
  [Client 14] Round 34 | Hier-pFedMe(λ2=35.0) | loss=0.0059
  [Client 12] Round 34 | Hier-pFedMe(λ2=35.0) | loss=0.0999
  [Client 13] Round 34 | Hier-pFedMe(λ2=35.0) | loss=0.0093
  [Client 11] Round 34 | Hier-pFedMe(λ2=35.0) | loss=0.1056
  [Edge 2] G34 | E3 | loss=0.0641
  [Edge 2] G34 | E4 | Hier-pFedMe | Selected 5/5
  [Client 14] Round 34 | Hier-pFedMe(λ2=35.0) | loss=0.0087
  [Client 11] Round 34 | Hier-pFedMe(λ2=35.0) | loss=0.1096
  [Client 12] Round 34 | Hier-pFedMe(λ2=35.0) | loss=0.0997
  [Client 13] Round 34 | Hier-pFedMe(λ2=35.0) | loss=0.0056
  [Client 10] Round 34 | Hier-pFedMe(λ2=35.0) | loss=0.0996
  [Edge 2] G34 | E4 | loss=0.0646
  [Edge 2] G34 | E5 | Hier-pFedMe | Selected 5/5
  [Client 14] Round 34 | Hier-pFedMe(λ2=35.0) | loss=0.0082
  [Client 13] Round 34 | Hier-pFedMe(λ2=35.0) | loss=0.0066
  [Client 12] Round 34 | Hier-pFedMe(λ2=35.0) | loss=0.1004
  [Client 11] Round 34 | Hier-pFedMe(λ2=35.0) | loss=0.1019
  [Client 10] Round 34 | Hier-pFedMe(λ2=35.0) | loss=0.0901
  [Edge 2] G34 | E5 | loss=0.0615
  [Edge 3] G34 | E1 | Hier-pFedMe | Selected 5/5
  [Client 16] Round 34 | Hier-pFedMe(λ2=35.0) | loss=0.0289
  [Client 17] Round 34 | Hier-pFedMe(λ2=35.0) | loss=0.1228
  [Client 18] Round 34 | Hier-pFedMe(λ2=35.0) | loss=0.0186
  [Client 19] Round 34 | Hier-pFedMe(λ2=35.0) | loss=0.1272
  [Client 15] Round 34 | Hier-pFedMe(λ2=35.0) | loss=0.1379
  [Edge 3] G34 | E1 | loss=0.0871
  [Edge 3] G34 | E2 | Hier-pFedMe | Selected 5/5
  [Client 16] Round 34 | Hier-pFedMe(λ2=35.0) | loss=0.0081
  [Client 17] Round 34 | Hier-pFedMe(λ2=35.0) | loss=0.0884
  [Client 19] Round 34 | Hier-pFedMe(λ2=35.0) | loss=0.0934
  [Client 18] Round 34 | Hier-pFedMe(λ2=35.0) | loss=0.0050
  [Client 15] Round 34 | Hier-pFedMe(λ2=35.0) | loss=0.1044
  [Edge 3] G34 | E2 | loss=0.0599
  [Edge 3] G34 | E3 | Hier-pFedMe | Selected 5/5
  [Client 17] Round 34 | Hier-pFedMe(λ2=35.0) | loss=0.0959
  [Client 18] Round 34 | Hier-pFedMe(λ2=35.0) | loss=0.0080
  [Client 15] Round 34 | Hier-pFedMe(λ2=35.0) | loss=0.1098
  [Client 16] Round 34 | Hier-pFedMe(λ2=35.0) | loss=0.0070
  [Client 19] Round 34 | Hier-pFedMe(λ2=35.0) | loss=0.0992
  [Edge 3] G34 | E3 | loss=0.0640
  [Edge 3] G34 | E4 | Hier-pFedMe | Selected 5/5
  [Client 15] Round 34 | Hier-pFedMe(λ2=35.0) | loss=0.0958
  [Client 16] Round 34 | Hier-pFedMe(λ2=35.0) | loss=0.0091
  [Client 19] Round 34 | Hier-pFedMe(λ2=35.0) | loss=0.0901
  [Client 18] Round 34 | Hier-pFedMe(λ2=35.0) | loss=0.0058
  [Client 17] Round 34 | Hier-pFedMe(λ2=35.0) | loss=0.0847
  [Edge 3] G34 | E4 | loss=0.0571
  [Edge 3] G34 | E5 | Hier-pFedMe | Selected 5/5
  [Client 17] Round 34 | Hier-pFedMe(λ2=35.0) | loss=0.0874
  [Client 18] Round 34 | Hier-pFedMe(λ2=35.0) | loss=0.0090
  [Client 15] Round 34 | Hier-pFedMe(λ2=35.0) | loss=0.1121
  [Client 19] Round 34 | Hier-pFedMe(λ2=35.0) | loss=0.0894
  [Client 16] Round 34 | Hier-pFedMe(λ2=35.0) | loss=0.0086
  [Edge 3] G34 | E5 | loss=0.0613
  [Cloud] GM=0.1628 | EM=0.4398 | loss=2.2897 | time=130.8s | comm=4645.5MB (total=157948MB)

[Round  35] Broadcasting to 4 edges...
  [Edge 0] G35 | E1 | Hier-pFedMe | Selected 5/5
  [Client  0] Round 35 | Hier-pFedMe(λ2=35.0) | loss=0.1667
  [Client  3] Round 35 | Hier-pFedMe(λ2=35.0) | loss=0.1422
  [Client  1] Round 35 | Hier-pFedMe(λ2=35.0) | loss=0.1614
  [Client  2] Round 35 | Hier-pFedMe(λ2=35.0) | loss=0.1994
  [Client  4] Round 35 | Hier-pFedMe(λ2=35.0) | loss=0.1538
  [Edge 0] G35 | E1 | loss=0.1647
  [Edge 0] G35 | E2 | Hier-pFedMe | Selected 5/5
  [Client  4] Round 35 | Hier-pFedMe(λ2=35.0) | loss=0.1153
  [Client  3] Round 35 | Hier-pFedMe(λ2=35.0) | loss=0.1163
  [Client  1] Round 35 | Hier-pFedMe(λ2=35.0) | loss=0.1118
  [Client  2] Round 35 | Hier-pFedMe(λ2=35.0) | loss=0.1343
  [Client  0] Round 35 | Hier-pFedMe(λ2=35.0) | loss=0.1224
  [Edge 0] G35 | E2 | loss=0.1200
  [Edge 0] G35 | E3 | Hier-pFedMe | Selected 5/5
  [Client  1] Round 35 | Hier-pFedMe(λ2=35.0) | loss=0.1144
  [Client  0] Round 35 | Hier-pFedMe(λ2=35.0) | loss=0.1298
  [Client  3] Round 35 | Hier-pFedMe(λ2=35.0) | loss=0.0982
  [Client  2] Round 35 | Hier-pFedMe(λ2=35.0) | loss=0.1482
  [Client  4] Round 35 | Hier-pFedMe(λ2=35.0) | loss=0.1248
  [Edge 0] G35 | E3 | loss=0.1231
  [Edge 0] G35 | E4 | Hier-pFedMe | Selected 5/5
  [Client  1] Round 35 | Hier-pFedMe(λ2=35.0) | loss=0.1044
  [Client  0] Round 35 | Hier-pFedMe(λ2=35.0) | loss=0.1261
  [Client  3] Round 35 | Hier-pFedMe(λ2=35.0) | loss=0.0951
  [Client  2] Round 35 | Hier-pFedMe(λ2=35.0) | loss=0.1182
  [Client  4] Round 35 | Hier-pFedMe(λ2=35.0) | loss=0.1213
  [Edge 0] G35 | E4 | loss=0.1130
  [Edge 0] G35 | E5 | Hier-pFedMe | Selected 5/5
  [Client  2] Round 35 | Hier-pFedMe(λ2=35.0) | loss=0.1138
  [Client  3] Round 35 | Hier-pFedMe(λ2=35.0) | loss=0.0915
  [Client  4] Round 35 | Hier-pFedMe(λ2=35.0) | loss=0.1073
  [Client  1] Round 35 | Hier-pFedMe(λ2=35.0) | loss=0.0951
  [Client  0] Round 35 | Hier-pFedMe(λ2=35.0) | loss=0.1124
  [Edge 0] G35 | E5 | loss=0.1040
  [Edge 1] G35 | E1 | Hier-pFedMe | Selected 5/5
  [Client  9] Round 35 | Hier-pFedMe(λ2=35.0) | loss=0.0373
  [Client  8] Round 35 | Hier-pFedMe(λ2=35.0) | loss=0.0439
  [Client  6] Round 35 | Hier-pFedMe(λ2=35.0) | loss=0.1719
  [Client  7] Round 35 | Hier-pFedMe(λ2=35.0) | loss=0.1973
  [Client  5] Round 35 | Hier-pFedMe(λ2=35.0) | loss=0.1669
  [Edge 1] G35 | E1 | loss=0.1442
  [Edge 1] G35 | E2 | Hier-pFedMe | Selected 5/5
  [Client  8] Round 35 | Hier-pFedMe(λ2=35.0) | loss=0.0102
  [Client  9] Round 35 | Hier-pFedMe(λ2=35.0) | loss=0.0132
  [Client  6] Round 35 | Hier-pFedMe(λ2=35.0) | loss=0.1544
  [Client  7] Round 35 | Hier-pFedMe(λ2=35.0) | loss=0.1579
  [Client  5] Round 35 | Hier-pFedMe(λ2=35.0) | loss=0.1510
  [Edge 1] G35 | E2 | loss=0.1188
  [Edge 1] G35 | E3 | Hier-pFedMe | Selected 5/5
  [Client  9] Round 35 | Hier-pFedMe(λ2=35.0) | loss=0.0159
  [Client  8] Round 35 | Hier-pFedMe(λ2=35.0) | loss=0.0239
  [Client  6] Round 35 | Hier-pFedMe(λ2=35.0) | loss=0.1404
  [Client  7] Round 35 | Hier-pFedMe(λ2=35.0) | loss=0.1615
  [Client  5] Round 35 | Hier-pFedMe(λ2=35.0) | loss=0.1444
  [Edge 1] G35 | E3 | loss=0.1166
  [Edge 1] G35 | E4 | Hier-pFedMe | Selected 5/5
  [Client  8] Round 35 | Hier-pFedMe(λ2=35.0) | loss=0.0058
  [Client  9] Round 35 | Hier-pFedMe(λ2=35.0) | loss=0.0179
  [Client  5] Round 35 | Hier-pFedMe(λ2=35.0) | loss=0.1414
  [Client  6] Round 35 | Hier-pFedMe(λ2=35.0) | loss=0.1521
  [Client  7] Round 35 | Hier-pFedMe(λ2=35.0) | loss=0.1524
  [Edge 1] G35 | E4 | loss=0.1144
  [Edge 1] G35 | E5 | Hier-pFedMe | Selected 5/5
  [Client  8] Round 35 | Hier-pFedMe(λ2=35.0) | loss=0.0553
  [Client  6] Round 35 | Hier-pFedMe(λ2=35.0) | loss=0.1293
  [Client  5] Round 35 | Hier-pFedMe(λ2=35.0) | loss=0.1404
  [Client  9] Round 35 | Hier-pFedMe(λ2=35.0) | loss=0.0092
  [Client  7] Round 35 | Hier-pFedMe(λ2=35.0) | loss=0.1626
  [Edge 1] G35 | E5 | loss=0.1161
  [Edge 2] G35 | E1 | Hier-pFedMe | Selected 5/5
  [Client 12] Round 35 | Hier-pFedMe(λ2=35.0) | loss=0.1573
  [Client 14] Round 35 | Hier-pFedMe(λ2=35.0) | loss=0.0178
  [Client 10] Round 35 | Hier-pFedMe(λ2=35.0) | loss=0.1516
  [Client 13] Round 35 | Hier-pFedMe(λ2=35.0) | loss=0.0257
  [Client 11] Round 35 | Hier-pFedMe(λ2=35.0) | loss=0.1607
  [Edge 2] G35 | E1 | loss=0.1026
  [Edge 2] G35 | E2 | Hier-pFedMe | Selected 5/5
  [Client 14] Round 35 | Hier-pFedMe(λ2=35.0) | loss=0.0053
  [Client 12] Round 35 | Hier-pFedMe(λ2=35.0) | loss=0.1245
  [Client 13] Round 35 | Hier-pFedMe(λ2=35.0) | loss=0.0055
  [Client 11] Round 35 | Hier-pFedMe(λ2=35.0) | loss=0.1124
  [Client 10] Round 35 | Hier-pFedMe(λ2=35.0) | loss=0.1139
  [Edge 2] G35 | E2 | loss=0.0723
  [Edge 2] G35 | E3 | Hier-pFedMe | Selected 5/5
  [Client 10] Round 35 | Hier-pFedMe(λ2=35.0) | loss=0.1154
  [Client 12] Round 35 | Hier-pFedMe(λ2=35.0) | loss=0.1178
  [Client 13] Round 35 | Hier-pFedMe(λ2=35.0) | loss=0.0097
  [Client 14] Round 35 | Hier-pFedMe(λ2=35.0) | loss=0.0070
  [Client 11] Round 35 | Hier-pFedMe(λ2=35.0) | loss=0.1120
  [Edge 2] G35 | E3 | loss=0.0724
  [Edge 2] G35 | E4 | Hier-pFedMe | Selected 5/5
  [Client 14] Round 35 | Hier-pFedMe(λ2=35.0) | loss=0.0134
  [Client 10] Round 35 | Hier-pFedMe(λ2=35.0) | loss=0.0984
  [Client 12] Round 35 | Hier-pFedMe(λ2=35.0) | loss=0.1001
  [Client 11] Round 35 | Hier-pFedMe(λ2=35.0) | loss=0.0977
  [Client 13] Round 35 | Hier-pFedMe(λ2=35.0) | loss=0.0061
  [Edge 2] G35 | E4 | loss=0.0631
  [Edge 2] G35 | E5 | Hier-pFedMe | Selected 5/5
  [Client 13] Round 35 | Hier-pFedMe(λ2=35.0) | loss=0.0109
  [Client 10] Round 35 | Hier-pFedMe(λ2=35.0) | loss=0.0732
  [Client 12] Round 35 | Hier-pFedMe(λ2=35.0) | loss=0.0955
  [Client 11] Round 35 | Hier-pFedMe(λ2=35.0) | loss=0.0961
  [Client 14] Round 35 | Hier-pFedMe(λ2=35.0) | loss=0.0108
  [Edge 2] G35 | E5 | loss=0.0573
  [Edge 3] G35 | E1 | Hier-pFedMe | Selected 5/5
  [Client 17] Round 35 | Hier-pFedMe(λ2=35.0) | loss=0.1356
  [Client 15] Round 35 | Hier-pFedMe(λ2=35.0) | loss=0.1302
  [Client 18] Round 35 | Hier-pFedMe(λ2=35.0) | loss=0.0202
  [Client 19] Round 35 | Hier-pFedMe(λ2=35.0) | loss=0.1387
  [Client 16] Round 35 | Hier-pFedMe(λ2=35.0) | loss=0.0182
  [Edge 3] G35 | E1 | loss=0.0886
  [Edge 3] G35 | E2 | Hier-pFedMe | Selected 5/5
  [Client 16] Round 35 | Hier-pFedMe(λ2=35.0) | loss=0.0099
  [Client 17] Round 35 | Hier-pFedMe(λ2=35.0) | loss=0.0890
  [Client 19] Round 35 | Hier-pFedMe(λ2=35.0) | loss=0.0935
  [Client 18] Round 35 | Hier-pFedMe(λ2=35.0) | loss=0.0074
  [Client 15] Round 35 | Hier-pFedMe(λ2=35.0) | loss=0.1012
  [Edge 3] G35 | E2 | loss=0.0602
  [Edge 3] G35 | E3 | Hier-pFedMe | Selected 5/5
  [Client 17] Round 35 | Hier-pFedMe(λ2=35.0) | loss=0.0882
  [Client 19] Round 35 | Hier-pFedMe(λ2=35.0) | loss=0.0979
  [Client 18] Round 35 | Hier-pFedMe(λ2=35.0) | loss=0.0075
  [Client 16] Round 35 | Hier-pFedMe(λ2=35.0) | loss=0.0051
  [Client 15] Round 35 | Hier-pFedMe(λ2=35.0) | loss=0.0961
  [Edge 3] G35 | E3 | loss=0.0590
  [Edge 3] G35 | E4 | Hier-pFedMe | Selected 5/5
  [Client 16] Round 35 | Hier-pFedMe(λ2=35.0) | loss=0.0067
  [Client 17] Round 35 | Hier-pFedMe(λ2=35.0) | loss=0.0833
  [Client 18] Round 35 | Hier-pFedMe(λ2=35.0) | loss=0.0085
  [Client 15] Round 35 | Hier-pFedMe(λ2=35.0) | loss=0.0845
  [Client 19] Round 35 | Hier-pFedMe(λ2=35.0) | loss=0.0892
  [Edge 3] G35 | E4 | loss=0.0544
  [Edge 3] G35 | E5 | Hier-pFedMe | Selected 5/5
  [Client 17] Round 35 | Hier-pFedMe(λ2=35.0) | loss=0.0913
  [Client 18] Round 35 | Hier-pFedMe(λ2=35.0) | loss=0.0071
  [Client 15] Round 35 | Hier-pFedMe(λ2=35.0) | loss=0.1009
  [Client 19] Round 35 | Hier-pFedMe(λ2=35.0) | loss=0.0844
  [Client 16] Round 35 | Hier-pFedMe(λ2=35.0) | loss=0.0071
  [Edge 3] G35 | E5 | loss=0.0582
  [Cloud] GM=0.1596 | EM=0.4006 | loss=2.2956 | time=131.0s | comm=4645.5MB (total=162593MB)

[Round  36] Broadcasting to 4 edges...
  [Edge 0] G36 | E1 | Hier-pFedMe | Selected 5/5
  [Client  3] Round 36 | Hier-pFedMe(λ2=35.0) | loss=0.1400
  [Client  0] Round 36 | Hier-pFedMe(λ2=35.0) | loss=0.1631
  [Client  2] Round 36 | Hier-pFedMe(λ2=35.0) | loss=0.1662
  [Client  1] Round 36 | Hier-pFedMe(λ2=35.0) | loss=0.1355
  [Client  4] Round 36 | Hier-pFedMe(λ2=35.0) | loss=0.1535
  [Edge 0] G36 | E1 | loss=0.1517
  [Edge 0] G36 | E2 | Hier-pFedMe | Selected 5/5
  [Client  3] Round 36 | Hier-pFedMe(λ2=35.0) | loss=0.1084
  [Client  4] Round 36 | Hier-pFedMe(λ2=35.0) | loss=0.1291
  [Client  2] Round 36 | Hier-pFedMe(λ2=35.0) | loss=0.1232
  [Client  1] Round 36 | Hier-pFedMe(λ2=35.0) | loss=0.1182
  [Client  0] Round 36 | Hier-pFedMe(λ2=35.0) | loss=0.1305
  [Edge 0] G36 | E2 | loss=0.1219
  [Edge 0] G36 | E3 | Hier-pFedMe | Selected 5/5
  [Client  3] Round 36 | Hier-pFedMe(λ2=35.0) | loss=0.0869
  [Client  4] Round 36 | Hier-pFedMe(λ2=35.0) | loss=0.1112
  [Client  1] Round 36 | Hier-pFedMe(λ2=35.0) | loss=0.1226
  [Client  2] Round 36 | Hier-pFedMe(λ2=35.0) | loss=0.1150
  [Client  0] Round 36 | Hier-pFedMe(λ2=35.0) | loss=0.1062
  [Edge 0] G36 | E3 | loss=0.1084
  [Edge 0] G36 | E4 | Hier-pFedMe | Selected 5/5
  [Client  4] Round 36 | Hier-pFedMe(λ2=35.0) | loss=0.1188
  [Client  2] Round 36 | Hier-pFedMe(λ2=35.0) | loss=0.1169
  [Client  1] Round 36 | Hier-pFedMe(λ2=35.0) | loss=0.0922
  [Client  3] Round 36 | Hier-pFedMe(λ2=35.0) | loss=0.0957
  [Client  0] Round 36 | Hier-pFedMe(λ2=35.0) | loss=0.1019
  [Edge 0] G36 | E4 | loss=0.1051
  [Edge 0] G36 | E5 | Hier-pFedMe | Selected 5/5
  [Client  0] Round 36 | Hier-pFedMe(λ2=35.0) | loss=0.1140
  [Client  3] Round 36 | Hier-pFedMe(λ2=35.0) | loss=0.0911
  [Client  2] Round 36 | Hier-pFedMe(λ2=35.0) | loss=0.1281
  [Client  4] Round 36 | Hier-pFedMe(λ2=35.0) | loss=0.1002
  [Client  1] Round 36 | Hier-pFedMe(λ2=35.0) | loss=0.1030
  [Edge 0] G36 | E5 | loss=0.1073
  [Edge 1] G36 | E1 | Hier-pFedMe | Selected 5/5
  [Client  8] Round 36 | Hier-pFedMe(λ2=35.0) | loss=0.0335
  [Client  9] Round 36 | Hier-pFedMe(λ2=35.0) | loss=0.0465
  [Client  7] Round 36 | Hier-pFedMe(λ2=35.0) | loss=0.1777
  [Client  5] Round 36 | Hier-pFedMe(λ2=35.0) | loss=0.1690
  [Client  6] Round 36 | Hier-pFedMe(λ2=35.0) | loss=0.1619
  [Edge 1] G36 | E1 | loss=0.1371
  [Edge 1] G36 | E2 | Hier-pFedMe | Selected 5/5
  [Client  8] Round 36 | Hier-pFedMe(λ2=35.0) | loss=0.0125
  [Client  9] Round 36 | Hier-pFedMe(λ2=35.0) | loss=0.0085
  [Client  6] Round 36 | Hier-pFedMe(λ2=35.0) | loss=0.1424
  [Client  5] Round 36 | Hier-pFedMe(λ2=35.0) | loss=0.1388
  [Client  7] Round 36 | Hier-pFedMe(λ2=35.0) | loss=0.1591
  [Edge 1] G36 | E2 | loss=0.1127
  [Edge 1] G36 | E3 | Hier-pFedMe | Selected 5/5
  [Client  8] Round 36 | Hier-pFedMe(λ2=35.0) | loss=0.0151
  [Client  6] Round 36 | Hier-pFedMe(λ2=35.0) | loss=0.1289
  [Client  7] Round 36 | Hier-pFedMe(λ2=35.0) | loss=0.1593
  [Client  5] Round 36 | Hier-pFedMe(λ2=35.0) | loss=0.1398
  [Client  9] Round 36 | Hier-pFedMe(λ2=35.0) | loss=0.0207
  [Edge 1] G36 | E3 | loss=0.1115
  [Edge 1] G36 | E4 | Hier-pFedMe | Selected 5/5
  [Client  9] Round 36 | Hier-pFedMe(λ2=35.0) | loss=0.0067
  [Client  8] Round 36 | Hier-pFedMe(λ2=35.0) | loss=0.0226
  [Client  6] Round 36 | Hier-pFedMe(λ2=35.0) | loss=0.1458
  [Client  5] Round 36 | Hier-pFedMe(λ2=35.0) | loss=0.1364
  [Client  7] Round 36 | Hier-pFedMe(λ2=35.0) | loss=0.1495
  [Edge 1] G36 | E4 | loss=0.1116
  [Edge 1] G36 | E5 | Hier-pFedMe | Selected 5/5
  [Client  8] Round 36 | Hier-pFedMe(λ2=35.0) | loss=0.0076
  [Client  6] Round 36 | Hier-pFedMe(λ2=35.0) | loss=0.1348
  [Client  9] Round 36 | Hier-pFedMe(λ2=35.0) | loss=0.0544
  [Client  7] Round 36 | Hier-pFedMe(λ2=35.0) | loss=0.1529
  [Client  5] Round 36 | Hier-pFedMe(λ2=35.0) | loss=0.1499
  [Edge 1] G36 | E5 | loss=0.1171
  [Edge 2] G36 | E1 | Hier-pFedMe | Selected 5/5
  [Client 14] Round 36 | Hier-pFedMe(λ2=35.0) | loss=0.0187
  [Client 12] Round 36 | Hier-pFedMe(λ2=35.0) | loss=0.1373
  [Client 11] Round 36 | Hier-pFedMe(λ2=35.0) | loss=0.1450
  [Client 13] Round 36 | Hier-pFedMe(λ2=35.0) | loss=0.0269
  [Client 10] Round 36 | Hier-pFedMe(λ2=35.0) | loss=0.1419
  [Edge 2] G36 | E1 | loss=0.0940
  [Edge 2] G36 | E2 | Hier-pFedMe | Selected 5/5
  [Client 10] Round 36 | Hier-pFedMe(λ2=35.0) | loss=0.1027
  [Client 14] Round 36 | Hier-pFedMe(λ2=35.0) | loss=0.0096
  [Client 13] Round 36 | Hier-pFedMe(λ2=35.0) | loss=0.0063
  [Client 11] Round 36 | Hier-pFedMe(λ2=35.0) | loss=0.1182
  [Client 12] Round 36 | Hier-pFedMe(λ2=35.0) | loss=0.1143
  [Edge 2] G36 | E2 | loss=0.0702
  [Edge 2] G36 | E3 | Hier-pFedMe | Selected 5/5
  [Client 12] Round 36 | Hier-pFedMe(λ2=35.0) | loss=0.1058
  [Client 14] Round 36 | Hier-pFedMe(λ2=35.0) | loss=0.0098
  [Client 11] Round 36 | Hier-pFedMe(λ2=35.0) | loss=0.1083
  [Client 13] Round 36 | Hier-pFedMe(λ2=35.0) | loss=0.0118
  [Client 10] Round 36 | Hier-pFedMe(λ2=35.0) | loss=0.0952
  [Edge 2] G36 | E3 | loss=0.0662
  [Edge 2] G36 | E4 | Hier-pFedMe | Selected 5/5
  [Client 10] Round 36 | Hier-pFedMe(λ2=35.0) | loss=0.1026
  [Client 14] Round 36 | Hier-pFedMe(λ2=35.0) | loss=0.0090
  [Client 12] Round 36 | Hier-pFedMe(λ2=35.0) | loss=0.0928
  [Client 11] Round 36 | Hier-pFedMe(λ2=35.0) | loss=0.1084
  [Client 13] Round 36 | Hier-pFedMe(λ2=35.0) | loss=0.0103
  [Edge 2] G36 | E4 | loss=0.0646
  [Edge 2] G36 | E5 | Hier-pFedMe | Selected 5/5
  [Client 14] Round 36 | Hier-pFedMe(λ2=35.0) | loss=0.0071
  [Client 10] Round 36 | Hier-pFedMe(λ2=35.0) | loss=0.0906
  [Client 13] Round 36 | Hier-pFedMe(λ2=35.0) | loss=0.0099
  [Client 11] Round 36 | Hier-pFedMe(λ2=35.0) | loss=0.0913
  [Client 12] Round 36 | Hier-pFedMe(λ2=35.0) | loss=0.0847
  [Edge 2] G36 | E5 | loss=0.0567
  [Edge 3] G36 | E1 | Hier-pFedMe | Selected 5/5
  [Client 17] Round 36 | Hier-pFedMe(λ2=35.0) | loss=0.1087
  [Client 18] Round 36 | Hier-pFedMe(λ2=35.0) | loss=0.0215
  [Client 16] Round 36 | Hier-pFedMe(λ2=35.0) | loss=0.0189
  [Client 19] Round 36 | Hier-pFedMe(λ2=35.0) | loss=0.1323
  [Client 15] Round 36 | Hier-pFedMe(λ2=35.0) | loss=0.1245
  [Edge 3] G36 | E1 | loss=0.0812
  [Edge 3] G36 | E2 | Hier-pFedMe | Selected 5/5
  [Client 17] Round 36 | Hier-pFedMe(λ2=35.0) | loss=0.0999
  [Client 15] Round 36 | Hier-pFedMe(λ2=35.0) | loss=0.0913
  [Client 19] Round 36 | Hier-pFedMe(λ2=35.0) | loss=0.1008
  [Client 18] Round 36 | Hier-pFedMe(λ2=35.0) | loss=0.0061
  [Client 16] Round 36 | Hier-pFedMe(λ2=35.0) | loss=0.0064
  [Edge 3] G36 | E2 | loss=0.0609
  [Edge 3] G36 | E3 | Hier-pFedMe | Selected 5/5
  [Client 16] Round 36 | Hier-pFedMe(λ2=35.0) | loss=0.0059
  [Client 15] Round 36 | Hier-pFedMe(λ2=35.0) | loss=0.0904
  [Client 17] Round 36 | Hier-pFedMe(λ2=35.0) | loss=0.0806
  [Client 18] Round 36 | Hier-pFedMe(λ2=35.0) | loss=0.0080
  [Client 19] Round 36 | Hier-pFedMe(λ2=35.0) | loss=0.0813
  [Edge 3] G36 | E3 | loss=0.0532
  [Edge 3] G36 | E4 | Hier-pFedMe | Selected 5/5
  [Client 15] Round 36 | Hier-pFedMe(λ2=35.0) | loss=0.0791
  [Client 18] Round 36 | Hier-pFedMe(λ2=35.0) | loss=0.0100
  [Client 16] Round 36 | Hier-pFedMe(λ2=35.0) | loss=0.0103
  [Client 19] Round 36 | Hier-pFedMe(λ2=35.0) | loss=0.0898
  [Client 17] Round 36 | Hier-pFedMe(λ2=35.0) | loss=0.0809
  [Edge 3] G36 | E4 | loss=0.0540
  [Edge 3] G36 | E5 | Hier-pFedMe | Selected 5/5
  [Client 15] Round 36 | Hier-pFedMe(λ2=35.0) | loss=0.0816
  [Client 17] Round 36 | Hier-pFedMe(λ2=35.0) | loss=0.0712
  [Client 16] Round 36 | Hier-pFedMe(λ2=35.0) | loss=0.0100
  [Client 18] Round 36 | Hier-pFedMe(λ2=35.0) | loss=0.0081
  [Client 19] Round 36 | Hier-pFedMe(λ2=35.0) | loss=0.0702
  [Edge 3] G36 | E5 | loss=0.0482
  [Cloud] GM=0.1645 | EM=0.4413 | loss=2.2893 | time=131.0s | comm=4645.5MB (total=167239MB)

[Round  37] Broadcasting to 4 edges...
  [Edge 0] G37 | E1 | Hier-pFedMe | Selected 5/5
  [Client  1] Round 37 | Hier-pFedMe(λ2=35.0) | loss=0.1446  [Client  2] Round 37 | Hier-pFedMe(λ2=35.0) | loss=0.1708

  [Client  0] Round 37 | Hier-pFedMe(λ2=35.0) | loss=0.1652
  [Client  4] Round 37 | Hier-pFedMe(λ2=35.0) | loss=0.1612
  [Client  3] Round 37 | Hier-pFedMe(λ2=35.0) | loss=0.1408
  [Edge 0] G37 | E1 | loss=0.1565
  [Edge 0] G37 | E2 | Hier-pFedMe | Selected 5/5
  [Client  3] Round 37 | Hier-pFedMe(λ2=35.0) | loss=0.1054
  [Client  1] Round 37 | Hier-pFedMe(λ2=35.0) | loss=0.1002
  [Client  0] Round 37 | Hier-pFedMe(λ2=35.0) | loss=0.1102
  [Client  2] Round 37 | Hier-pFedMe(λ2=35.0) | loss=0.1303
  [Client  4] Round 37 | Hier-pFedMe(λ2=35.0) | loss=0.1158
  [Edge 0] G37 | E2 | loss=0.1124
  [Edge 0] G37 | E3 | Hier-pFedMe | Selected 5/5
  [Client  4] Round 37 | Hier-pFedMe(λ2=35.0) | loss=0.1154
  [Client  2] Round 37 | Hier-pFedMe(λ2=35.0) | loss=0.1200
  [Client  0] Round 37 | Hier-pFedMe(λ2=35.0) | loss=0.1034
  [Client  3] Round 37 | Hier-pFedMe(λ2=35.0) | loss=0.1085
  [Client  1] Round 37 | Hier-pFedMe(λ2=35.0) | loss=0.1125
  [Edge 0] G37 | E3 | loss=0.1119
  [Edge 0] G37 | E4 | Hier-pFedMe | Selected 5/5
  [Client  4] Round 37 | Hier-pFedMe(λ2=35.0) | loss=0.1029
  [Client  3] Round 37 | Hier-pFedMe(λ2=35.0) | loss=0.0910
  [Client  1] Round 37 | Hier-pFedMe(λ2=35.0) | loss=0.0986
  [Client  0] Round 37 | Hier-pFedMe(λ2=35.0) | loss=0.1133
  [Client  2] Round 37 | Hier-pFedMe(λ2=35.0) | loss=0.1138
  [Edge 0] G37 | E4 | loss=0.1039
  [Edge 0] G37 | E5 | Hier-pFedMe | Selected 5/5
  [Client  3] Round 37 | Hier-pFedMe(λ2=35.0) | loss=0.0858
  [Client  1] Round 37 | Hier-pFedMe(λ2=35.0) | loss=0.1044
  [Client  4] Round 37 | Hier-pFedMe(λ2=35.0) | loss=0.1118
  [Client  2] Round 37 | Hier-pFedMe(λ2=35.0) | loss=0.1067
  [Client  0] Round 37 | Hier-pFedMe(λ2=35.0) | loss=0.1124
  [Edge 0] G37 | E5 | loss=0.1042
  [Edge 1] G37 | E1 | Hier-pFedMe | Selected 5/5
  [Client  9] Round 37 | Hier-pFedMe(λ2=35.0) | loss=0.0397
  [Client  6] Round 37 | Hier-pFedMe(λ2=35.0) | loss=0.1587
  [Client  8] Round 37 | Hier-pFedMe(λ2=35.0) | loss=0.0424
  [Client  5] Round 37 | Hier-pFedMe(λ2=35.0) | loss=0.1573
  [Client  7] Round 37 | Hier-pFedMe(λ2=35.0) | loss=0.1849
  [Edge 1] G37 | E1 | loss=0.1355
  [Edge 1] G37 | E2 | Hier-pFedMe | Selected 5/5
  [Client  9] Round 37 | Hier-pFedMe(λ2=35.0) | loss=0.0089
  [Client  7] Round 37 | Hier-pFedMe(λ2=35.0) | loss=0.1540
  [Client  5] Round 37 | Hier-pFedMe(λ2=35.0) | loss=0.1406
  [Client  6] Round 37 | Hier-pFedMe(λ2=35.0) | loss=0.1365
  [Client  8] Round 37 | Hier-pFedMe(λ2=35.0) | loss=0.0100
  [Edge 1] G37 | E2 | loss=0.1101
  [Edge 1] G37 | E3 | Hier-pFedMe | Selected 5/5
  [Client  8] Round 37 | Hier-pFedMe(λ2=35.0) | loss=0.0155
  [Client  6] Round 37 | Hier-pFedMe(λ2=35.0) | loss=0.1378
  [Client  7] Round 37 | Hier-pFedMe(λ2=35.0) | loss=0.1491
  [Client  9] Round 37 | Hier-pFedMe(λ2=35.0) | loss=0.0152
  [Client  5] Round 37 | Hier-pFedMe(λ2=35.0) | loss=0.1349
  [Edge 1] G37 | E3 | loss=0.1093
  [Edge 1] G37 | E4 | Hier-pFedMe | Selected 5/5
  [Client  8] Round 37 | Hier-pFedMe(λ2=35.0) | loss=0.0150
  [Client  9] Round 37 | Hier-pFedMe(λ2=35.0) | loss=0.0090
  [Client  7] Round 37 | Hier-pFedMe(λ2=35.0) | loss=0.1478
  [Client  5] Round 37 | Hier-pFedMe(λ2=35.0) | loss=0.1341
  [Client  6] Round 37 | Hier-pFedMe(λ2=35.0) | loss=0.1285
  [Edge 1] G37 | E4 | loss=0.1056
  [Edge 1] G37 | E5 | Hier-pFedMe | Selected 5/5
  [Client  9] Round 37 | Hier-pFedMe(λ2=35.0) | loss=0.0227
  [Client  8] Round 37 | Hier-pFedMe(λ2=35.0) | loss=0.0152
  [Client  5] Round 37 | Hier-pFedMe(λ2=35.0) | loss=0.1380
  [Client  7] Round 37 | Hier-pFedMe(λ2=35.0) | loss=0.1426
  [Client  6] Round 37 | Hier-pFedMe(λ2=35.0) | loss=0.1267
  [Edge 1] G37 | E5 | loss=0.1065
  [Edge 2] G37 | E1 | Hier-pFedMe | Selected 5/5
  [Client 12] Round 37 | Hier-pFedMe(λ2=35.0) | loss=0.1429
  [Client 14] Round 37 | Hier-pFedMe(λ2=35.0) | loss=0.0183
  [Client 11] Round 37 | Hier-pFedMe(λ2=35.0) | loss=0.1647
  [Client 13] Round 37 | Hier-pFedMe(λ2=35.0) | loss=0.0283
  [Client 10] Round 37 | Hier-pFedMe(λ2=35.0) | loss=0.1251
  [Edge 2] G37 | E1 | loss=0.0959
  [Edge 2] G37 | E2 | Hier-pFedMe | Selected 5/5
  [Client 12] Round 37 | Hier-pFedMe(λ2=35.0) | loss=0.1169
  [Client 10] Round 37 | Hier-pFedMe(λ2=35.0) | loss=0.0991
  [Client 11] Round 37 | Hier-pFedMe(λ2=35.0) | loss=0.1027
  [Client 13] Round 37 | Hier-pFedMe(λ2=35.0) | loss=0.0054
  [Client 14] Round 37 | Hier-pFedMe(λ2=35.0) | loss=0.0065
  [Edge 2] G37 | E2 | loss=0.0661
  [Edge 2] G37 | E3 | Hier-pFedMe | Selected 5/5
  [Client 10] Round 37 | Hier-pFedMe(λ2=35.0) | loss=0.1033
  [Client 12] Round 37 | Hier-pFedMe(λ2=35.0) | loss=0.1064
  [Client 14] Round 37 | Hier-pFedMe(λ2=35.0) | loss=0.0068
  [Client 13] Round 37 | Hier-pFedMe(λ2=35.0) | loss=0.0097
  [Client 11] Round 37 | Hier-pFedMe(λ2=35.0) | loss=0.1108
  [Edge 2] G37 | E3 | loss=0.0674
  [Edge 2] G37 | E4 | Hier-pFedMe | Selected 5/5
  [Client 14] Round 37 | Hier-pFedMe(λ2=35.0) | loss=0.0109
  [Client 12] Round 37 | Hier-pFedMe(λ2=35.0) | loss=0.1073
  [Client 11] Round 37 | Hier-pFedMe(λ2=35.0) | loss=0.0829
  [Client 13] Round 37 | Hier-pFedMe(λ2=35.0) | loss=0.0078
  [Client 10] Round 37 | Hier-pFedMe(λ2=35.0) | loss=0.0883
  [Edge 2] G37 | E4 | loss=0.0594
  [Edge 2] G37 | E5 | Hier-pFedMe | Selected 5/5
  [Client 10] Round 37 | Hier-pFedMe(λ2=35.0) | loss=0.1092
  [Client 14] Round 37 | Hier-pFedMe(λ2=35.0) | loss=0.0097
  [Client 12] Round 37 | Hier-pFedMe(λ2=35.0) | loss=0.0863
  [Client 11] Round 37 | Hier-pFedMe(λ2=35.0) | loss=0.0975
  [Client 13] Round 37 | Hier-pFedMe(λ2=35.0) | loss=0.0114
  [Edge 2] G37 | E5 | loss=0.0628
  [Edge 3] G37 | E1 | Hier-pFedMe | Selected 5/5
  [Client 17] Round 37 | Hier-pFedMe(λ2=35.0) | loss=0.1134
  [Client 16] Round 37 | Hier-pFedMe(λ2=35.0) | loss=0.0205
  [Client 15] Round 37 | Hier-pFedMe(λ2=35.0) | loss=0.1281
  [Client 19] Round 37 | Hier-pFedMe(λ2=35.0) | loss=0.1166
  [Client 18] Round 37 | Hier-pFedMe(λ2=35.0) | loss=0.0179
  [Edge 3] G37 | E1 | loss=0.0793
  [Edge 3] G37 | E2 | Hier-pFedMe | Selected 5/5
  [Client 16] Round 37 | Hier-pFedMe(λ2=35.0) | loss=0.0072
  [Client 15] Round 37 | Hier-pFedMe(λ2=35.0) | loss=0.0880
  [Client 19] Round 37 | Hier-pFedMe(λ2=35.0) | loss=0.0801
  [Client 18] Round 37 | Hier-pFedMe(λ2=35.0) | loss=0.0099
  [Client 17] Round 37 | Hier-pFedMe(λ2=35.0) | loss=0.0817
  [Edge 3] G37 | E2 | loss=0.0534
  [Edge 3] G37 | E3 | Hier-pFedMe | Selected 5/5
  [Client 17] Round 37 | Hier-pFedMe(λ2=35.0) | loss=0.0839
  [Client 16] Round 37 | Hier-pFedMe(λ2=35.0) | loss=0.0058
  [Client 15] Round 37 | Hier-pFedMe(λ2=35.0) | loss=0.0857
  [Client 18] Round 37 | Hier-pFedMe(λ2=35.0) | loss=0.0074
  [Client 19] Round 37 | Hier-pFedMe(λ2=35.0) | loss=0.0942
  [Edge 3] G37 | E3 | loss=0.0554
  [Edge 3] G37 | E4 | Hier-pFedMe | Selected 5/5
  [Client 19] Round 37 | Hier-pFedMe(λ2=35.0) | loss=0.0750
  [Client 18] Round 37 | Hier-pFedMe(λ2=35.0) | loss=0.0086
  [Client 16] Round 37 | Hier-pFedMe(λ2=35.0) | loss=0.0053
  [Client 15] Round 37 | Hier-pFedMe(λ2=35.0) | loss=0.0803
  [Client 17] Round 37 | Hier-pFedMe(λ2=35.0) | loss=0.0824
  [Edge 3] G37 | E4 | loss=0.0503
  [Edge 3] G37 | E5 | Hier-pFedMe | Selected 5/5
  [Client 16] Round 37 | Hier-pFedMe(λ2=35.0) | loss=0.0098
  [Client 17] Round 37 | Hier-pFedMe(λ2=35.0) | loss=0.0792
  [Client 19] Round 37 | Hier-pFedMe(λ2=35.0) | loss=0.0787
  [Client 18] Round 37 | Hier-pFedMe(λ2=35.0) | loss=0.0083
  [Client 15] Round 37 | Hier-pFedMe(λ2=35.0) | loss=0.0846
  [Edge 3] G37 | E5 | loss=0.0521
  [Cloud] GM=0.1662 | EM=0.4382 | loss=2.2893 | time=131.9s | comm=4645.5MB (total=171885MB)

[Round  38] Broadcasting to 4 edges...
  [Edge 0] G38 | E1 | Hier-pFedMe | Selected 5/5
  [Client  3] Round 38 | Hier-pFedMe(λ2=35.0) | loss=0.1457
  [Client  2] Round 38 | Hier-pFedMe(λ2=35.0) | loss=0.1775
  [Client  0] Round 38 | Hier-pFedMe(λ2=35.0) | loss=0.1417
  [Client  1] Round 38 | Hier-pFedMe(λ2=35.0) | loss=0.1674
  [Client  4] Round 38 | Hier-pFedMe(λ2=35.0) | loss=0.1513
  [Edge 0] G38 | E1 | loss=0.1567
  [Edge 0] G38 | E2 | Hier-pFedMe | Selected 5/5
  [Client  1] Round 38 | Hier-pFedMe(λ2=35.0) | loss=0.1094
  [Client  0] Round 38 | Hier-pFedMe(λ2=35.0) | loss=0.1253
  [Client  3] Round 38 | Hier-pFedMe(λ2=35.0) | loss=0.0874
  [Client  2] Round 38 | Hier-pFedMe(λ2=35.0) | loss=0.1262
  [Client  4] Round 38 | Hier-pFedMe(λ2=35.0) | loss=0.1137
  [Edge 0] G38 | E2 | loss=0.1124
  [Edge 0] G38 | E3 | Hier-pFedMe | Selected 5/5
  [Client  3] Round 38 | Hier-pFedMe(λ2=35.0) | loss=0.0839
  [Client  1] Round 38 | Hier-pFedMe(λ2=35.0) | loss=0.0935
  [Client  0] Round 38 | Hier-pFedMe(λ2=35.0) | loss=0.0929
  [Client  2] Round 38 | Hier-pFedMe(λ2=35.0) | loss=0.1208
  [Client  4] Round 38 | Hier-pFedMe(λ2=35.0) | loss=0.1131
  [Edge 0] G38 | E3 | loss=0.1009
  [Edge 0] G38 | E4 | Hier-pFedMe | Selected 5/5
  [Client  3] Round 38 | Hier-pFedMe(λ2=35.0) | loss=0.0852
  [Client  4] Round 38 | Hier-pFedMe(λ2=35.0) | loss=0.1092
  [Client  2] Round 38 | Hier-pFedMe(λ2=35.0) | loss=0.1175
  [Client  0] Round 38 | Hier-pFedMe(λ2=35.0) | loss=0.0928
  [Client  1] Round 38 | Hier-pFedMe(λ2=35.0) | loss=0.0872
  [Edge 0] G38 | E4 | loss=0.0984
  [Edge 0] G38 | E5 | Hier-pFedMe | Selected 5/5
  [Client  2] Round 38 | Hier-pFedMe(λ2=35.0) | loss=0.1037
  [Client  1] Round 38 | Hier-pFedMe(λ2=35.0) | loss=0.0939
  [Client  4] Round 38 | Hier-pFedMe(λ2=35.0) | loss=0.0962
  [Client  0] Round 38 | Hier-pFedMe(λ2=35.0) | loss=0.1037
  [Client  3] Round 38 | Hier-pFedMe(λ2=35.0) | loss=0.0868
  [Edge 0] G38 | E5 | loss=0.0968
  [Edge 1] G38 | E1 | Hier-pFedMe | Selected 5/5
  [Client  9] Round 38 | Hier-pFedMe(λ2=35.0) | loss=0.0358
  [Client  7] Round 38 | Hier-pFedMe(λ2=35.0) | loss=0.1762
  [Client  8] Round 38 | Hier-pFedMe(λ2=35.0) | loss=0.0352
  [Client  6] Round 38 | Hier-pFedMe(λ2=35.0) | loss=0.1552
  [Client  5] Round 38 | Hier-pFedMe(λ2=35.0) | loss=0.1487
  [Edge 1] G38 | E1 | loss=0.1289
  [Edge 1] G38 | E2 | Hier-pFedMe | Selected 5/5
  [Client  9] Round 38 | Hier-pFedMe(λ2=35.0) | loss=0.0087
  [Client  8] Round 38 | Hier-pFedMe(λ2=35.0) | loss=0.0117
  [Client  6] Round 38 | Hier-pFedMe(λ2=35.0) | loss=0.1391
  [Client  7] Round 38 | Hier-pFedMe(λ2=35.0) | loss=0.1519
  [Client  5] Round 38 | Hier-pFedMe(λ2=35.0) | loss=0.1361
  [Edge 1] G38 | E2 | loss=0.1093
  [Edge 1] G38 | E3 | Hier-pFedMe | Selected 5/5
  [Client  8] Round 38 | Hier-pFedMe(λ2=35.0) | loss=0.0162
  [Client  5] Round 38 | Hier-pFedMe(λ2=35.0) | loss=0.1283
  [Client  7] Round 38 | Hier-pFedMe(λ2=35.0) | loss=0.1435
  [Client  6] Round 38 | Hier-pFedMe(λ2=35.0) | loss=0.1295
  [Client  9] Round 38 | Hier-pFedMe(λ2=35.0) | loss=0.0211
  [Edge 1] G38 | E3 | loss=0.1050
  [Edge 1] G38 | E4 | Hier-pFedMe | Selected 5/5
  [Client  8] Round 38 | Hier-pFedMe(λ2=35.0) | loss=0.0155
  [Client  9] Round 38 | Hier-pFedMe(λ2=35.0) | loss=0.0074
  [Client  7] Round 38 | Hier-pFedMe(λ2=35.0) | loss=0.1461
  [Client  5] Round 38 | Hier-pFedMe(λ2=35.0) | loss=0.1402
  [Client  6] Round 38 | Hier-pFedMe(λ2=35.0) | loss=0.1291
  [Edge 1] G38 | E4 | loss=0.1067
  [Edge 1] G38 | E5 | Hier-pFedMe | Selected 5/5
  [Client  8] Round 38 | Hier-pFedMe(λ2=35.0) | loss=0.0099
  [Client  9] Round 38 | Hier-pFedMe(λ2=35.0) | loss=0.0334
  [Client  7] Round 38 | Hier-pFedMe(λ2=35.0) | loss=0.1411
  [Client  5] Round 38 | Hier-pFedMe(λ2=35.0) | loss=0.1307
  [Client  6] Round 38 | Hier-pFedMe(λ2=35.0) | loss=0.1271
  [Edge 1] G38 | E5 | loss=0.1051
  [Edge 2] G38 | E1 | Hier-pFedMe | Selected 5/5
  [Client 12] Round 38 | Hier-pFedMe(λ2=35.0) | loss=0.1554
  [Client 10] Round 38 | Hier-pFedMe(λ2=35.0) | loss=0.1219
  [Client 13] Round 38 | Hier-pFedMe(λ2=35.0) | loss=0.0253
  [Client 11] Round 38 | Hier-pFedMe(λ2=35.0) | loss=0.1325
  [Client 14] Round 38 | Hier-pFedMe(λ2=35.0) | loss=0.0161
  [Edge 2] G38 | E1 | loss=0.0902
  [Edge 2] G38 | E2 | Hier-pFedMe | Selected 5/5
  [Client 13] Round 38 | Hier-pFedMe(λ2=35.0) | loss=0.0063
  [Client 10] Round 38 | Hier-pFedMe(λ2=35.0) | loss=0.1022
  [Client 12] Round 38 | Hier-pFedMe(λ2=35.0) | loss=0.0894
  [Client 11] Round 38 | Hier-pFedMe(λ2=35.0) | loss=0.1041
  [Client 14] Round 38 | Hier-pFedMe(λ2=35.0) | loss=0.0109
  [Edge 2] G38 | E2 | loss=0.0626
  [Edge 2] G38 | E3 | Hier-pFedMe | Selected 5/5
  [Client 14] Round 38 | Hier-pFedMe(λ2=35.0) | loss=0.0061
  [Client 12] Round 38 | Hier-pFedMe(λ2=35.0) | loss=0.0880
  [Client 13] Round 38 | Hier-pFedMe(λ2=35.0) | loss=0.0165
  [Client 10] Round 38 | Hier-pFedMe(λ2=35.0) | loss=0.0897
  [Client 11] Round 38 | Hier-pFedMe(λ2=35.0) | loss=0.1092
  [Edge 2] G38 | E3 | loss=0.0619
  [Edge 2] G38 | E4 | Hier-pFedMe | Selected 5/5
  [Client 10] Round 38 | Hier-pFedMe(λ2=35.0) | loss=0.0849
  [Client 12] Round 38 | Hier-pFedMe(λ2=35.0) | loss=0.0876
  [Client 14] Round 38 | Hier-pFedMe(λ2=35.0) | loss=0.0114
  [Client 13] Round 38 | Hier-pFedMe(λ2=35.0) | loss=0.0047
  [Client 11] Round 38 | Hier-pFedMe(λ2=35.0) | loss=0.0834
  [Edge 2] G38 | E4 | loss=0.0544
  [Edge 2] G38 | E5 | Hier-pFedMe | Selected 5/5
  [Client 10] Round 38 | Hier-pFedMe(λ2=35.0) | loss=0.0866
  [Client 14] Round 38 | Hier-pFedMe(λ2=35.0) | loss=0.0120
  [Client 12] Round 38 | Hier-pFedMe(λ2=35.0) | loss=0.0964
  [Client 11] Round 38 | Hier-pFedMe(λ2=35.0) | loss=0.0965
  [Client 13] Round 38 | Hier-pFedMe(λ2=35.0) | loss=0.0129
  [Edge 2] G38 | E5 | loss=0.0609
  [Edge 3] G38 | E1 | Hier-pFedMe | Selected 5/5
  [Client 17] Round 38 | Hier-pFedMe(λ2=35.0) | loss=0.1100
  [Client 16] Round 38 | Hier-pFedMe(λ2=35.0) | loss=0.0233
  [Client 15] Round 38 | Hier-pFedMe(λ2=35.0) | loss=0.1260
  [Client 18] Round 38 | Hier-pFedMe(λ2=35.0) | loss=0.0214
  [Client 19] Round 38 | Hier-pFedMe(λ2=35.0) | loss=0.1090
  [Edge 3] G38 | E1 | loss=0.0779
  [Edge 3] G38 | E2 | Hier-pFedMe | Selected 5/5
  [Client 16] Round 38 | Hier-pFedMe(λ2=35.0) | loss=0.0055
  [Client 17] Round 38 | Hier-pFedMe(λ2=35.0) | loss=0.0869
  [Client 15] Round 38 | Hier-pFedMe(λ2=35.0) | loss=0.0911
  [Client 18] Round 38 | Hier-pFedMe(λ2=35.0) | loss=0.0089
  [Client 19] Round 38 | Hier-pFedMe(λ2=35.0) | loss=0.0737
  [Edge 3] G38 | E2 | loss=0.0532
  [Edge 3] G38 | E3 | Hier-pFedMe | Selected 5/5
  [Client 19] Round 38 | Hier-pFedMe(λ2=35.0) | loss=0.0850
  [Client 18] Round 38 | Hier-pFedMe(λ2=35.0) | loss=0.0071
  [Client 16] Round 38 | Hier-pFedMe(λ2=35.0) | loss=0.0100
  [Client 15] Round 38 | Hier-pFedMe(λ2=35.0) | loss=0.0866
  [Client 17] Round 38 | Hier-pFedMe(λ2=35.0) | loss=0.0807
  [Edge 3] G38 | E3 | loss=0.0539
  [Edge 3] G38 | E4 | Hier-pFedMe | Selected 5/5
  [Client 17] Round 38 | Hier-pFedMe(λ2=35.0) | loss=0.0661  [Client 15] Round 38 | Hier-pFedMe(λ2=35.0) | loss=0.0788

  [Client 19] Round 38 | Hier-pFedMe(λ2=35.0) | loss=0.0800
  [Client 18] Round 38 | Hier-pFedMe(λ2=35.0) | loss=0.0085
  [Client 16] Round 38 | Hier-pFedMe(λ2=35.0) | loss=0.0113
  [Edge 3] G38 | E4 | loss=0.0490
  [Edge 3] G38 | E5 | Hier-pFedMe | Selected 5/5
  [Client 15] Round 38 | Hier-pFedMe(λ2=35.0) | loss=0.0728
  [Client 16] Round 38 | Hier-pFedMe(λ2=35.0) | loss=0.0098
  [Client 17] Round 38 | Hier-pFedMe(λ2=35.0) | loss=0.0874
  [Client 19] Round 38 | Hier-pFedMe(λ2=35.0) | loss=0.0775
  [Client 18] Round 38 | Hier-pFedMe(λ2=35.0) | loss=0.0075
  [Edge 3] G38 | E5 | loss=0.0510
  [Cloud] GM=0.1630 | EM=0.4386 | loss=2.2891 | time=131.5s | comm=4645.5MB (total=176530MB)

[Round  39] Broadcasting to 4 edges...
  [Edge 0] G39 | E1 | Hier-pFedMe | Selected 5/5
  [Client  2] Round 39 | Hier-pFedMe(λ2=35.0) | loss=0.1560
  [Client  1] Round 39 | Hier-pFedMe(λ2=35.0) | loss=0.1318  [Client  0] Round 39 | Hier-pFedMe(λ2=35.0) | loss=0.1556

  [Client  4] Round 39 | Hier-pFedMe(λ2=35.0) | loss=0.1514
  [Client  3] Round 39 | Hier-pFedMe(λ2=35.0) | loss=0.1391
  [Edge 0] G39 | E1 | loss=0.1468
  [Edge 0] G39 | E2 | Hier-pFedMe | Selected 5/5
  [Client  4] Round 39 | Hier-pFedMe(λ2=35.0) | loss=0.1086
  [Client  3] Round 39 | Hier-pFedMe(λ2=35.0) | loss=0.0711
  [Client  0] Round 39 | Hier-pFedMe(λ2=35.0) | loss=0.1058
  [Client  2] Round 39 | Hier-pFedMe(λ2=35.0) | loss=0.1184
  [Client  1] Round 39 | Hier-pFedMe(λ2=35.0) | loss=0.0990
  [Edge 0] G39 | E2 | loss=0.1006
  [Edge 0] G39 | E3 | Hier-pFedMe | Selected 5/5
  [Client  3] Round 39 | Hier-pFedMe(λ2=35.0) | loss=0.0787
  [Client  4] Round 39 | Hier-pFedMe(λ2=35.0) | loss=0.1054
  [Client  0] Round 39 | Hier-pFedMe(λ2=35.0) | loss=0.1034
  [Client  1] Round 39 | Hier-pFedMe(λ2=35.0) | loss=0.1201
  [Client  2] Round 39 | Hier-pFedMe(λ2=35.0) | loss=0.1095
  [Edge 0] G39 | E3 | loss=0.1034
  [Edge 0] G39 | E4 | Hier-pFedMe | Selected 5/5
  [Client  4] Round 39 | Hier-pFedMe(λ2=35.0) | loss=0.1014
  [Client  3] Round 39 | Hier-pFedMe(λ2=35.0) | loss=0.0929
  [Client  1] Round 39 | Hier-pFedMe(λ2=35.0) | loss=0.1000
  [Client  2] Round 39 | Hier-pFedMe(λ2=35.0) | loss=0.1108
  [Client  0] Round 39 | Hier-pFedMe(λ2=35.0) | loss=0.0960
  [Edge 0] G39 | E4 | loss=0.1002
  [Edge 0] G39 | E5 | Hier-pFedMe | Selected 5/5
  [Client  4] Round 39 | Hier-pFedMe(λ2=35.0) | loss=0.1054
  [Client  3] Round 39 | Hier-pFedMe(λ2=35.0) | loss=0.0697
  [Client  2] Round 39 | Hier-pFedMe(λ2=35.0) | loss=0.0984
  [Client  0] Round 39 | Hier-pFedMe(λ2=35.0) | loss=0.0901
  [Client  1] Round 39 | Hier-pFedMe(λ2=35.0) | loss=0.0986
  [Edge 0] G39 | E5 | loss=0.0925
  [Edge 1] G39 | E1 | Hier-pFedMe | Selected 5/5
  [Client  8] Round 39 | Hier-pFedMe(λ2=35.0) | loss=0.0385
  [Client  9] Round 39 | Hier-pFedMe(λ2=35.0) | loss=0.0301
  [Client  5] Round 39 | Hier-pFedMe(λ2=35.0) | loss=0.1558
  [Client  7] Round 39 | Hier-pFedMe(λ2=35.0) | loss=0.1847
  [Client  6] Round 39 | Hier-pFedMe(λ2=35.0) | loss=0.1602
  [Edge 1] G39 | E1 | loss=0.1337
  [Edge 1] G39 | E2 | Hier-pFedMe | Selected 5/5
  [Client  9] Round 39 | Hier-pFedMe(λ2=35.0) | loss=0.0099
  [Client  8] Round 39 | Hier-pFedMe(λ2=35.0) | loss=0.0093
  [Client  7] Round 39 | Hier-pFedMe(λ2=35.0) | loss=0.1465
  [Client  5] Round 39 | Hier-pFedMe(λ2=35.0) | loss=0.1301
  [Client  6] Round 39 | Hier-pFedMe(λ2=35.0) | loss=0.1365
  [Edge 1] G39 | E2 | loss=0.1057
  [Edge 1] G39 | E3 | Hier-pFedMe | Selected 5/5
  [Client  9] Round 39 | Hier-pFedMe(λ2=35.0) | loss=0.0146
  [Client  6] Round 39 | Hier-pFedMe(λ2=35.0) | loss=0.1312
  [Client  8] Round 39 | Hier-pFedMe(λ2=35.0) | loss=0.0236
  [Client  5] Round 39 | Hier-pFedMe(λ2=35.0) | loss=0.1406
  [Client  7] Round 39 | Hier-pFedMe(λ2=35.0) | loss=0.1466
  [Edge 1] G39 | E3 | loss=0.1094
  [Edge 1] G39 | E4 | Hier-pFedMe | Selected 5/5
  [Client  9] Round 39 | Hier-pFedMe(λ2=35.0) | loss=0.0183
  [Client  6] Round 39 | Hier-pFedMe(λ2=35.0) | loss=0.1348
  [Client  8] Round 39 | Hier-pFedMe(λ2=35.0) | loss=0.0068
  [Client  5] Round 39 | Hier-pFedMe(λ2=35.0) | loss=0.1378
  [Client  7] Round 39 | Hier-pFedMe(λ2=35.0) | loss=0.1391
  [Edge 1] G39 | E4 | loss=0.1061
  [Edge 1] G39 | E5 | Hier-pFedMe | Selected 5/5
  [Client  9] Round 39 | Hier-pFedMe(λ2=35.0) | loss=0.0082
  [Client  6] Round 39 | Hier-pFedMe(λ2=35.0) | loss=0.1220
  [Client  7] Round 39 | Hier-pFedMe(λ2=35.0) | loss=0.1524
  [Client  5] Round 39 | Hier-pFedMe(λ2=35.0) | loss=0.1218
  [Client  8] Round 39 | Hier-pFedMe(λ2=35.0) | loss=0.0553
  [Edge 1] G39 | E5 | loss=0.1070
  [Edge 2] G39 | E1 | Hier-pFedMe | Selected 5/5
  [Client 10] Round 39 | Hier-pFedMe(λ2=35.0) | loss=0.1351
  [Client 14] Round 39 | Hier-pFedMe(λ2=35.0) | loss=0.0192
  [Client 12] Round 39 | Hier-pFedMe(λ2=35.0) | loss=0.1357
  [Client 11] Round 39 | Hier-pFedMe(λ2=35.0) | loss=0.1335
  [Client 13] Round 39 | Hier-pFedMe(λ2=35.0) | loss=0.0262
  [Edge 2] G39 | E1 | loss=0.0900
  [Edge 2] G39 | E2 | Hier-pFedMe | Selected 5/5
  [Client 14] Round 39 | Hier-pFedMe(λ2=35.0) | loss=0.0085
  [Client 11] Round 39 | Hier-pFedMe(λ2=35.0) | loss=0.0956
  [Client 13] Round 39 | Hier-pFedMe(λ2=35.0) | loss=0.0081
  [Client 12] Round 39 | Hier-pFedMe(λ2=35.0) | loss=0.1008
  [Client 10] Round 39 | Hier-pFedMe(λ2=35.0) | loss=0.0842
  [Edge 2] G39 | E2 | loss=0.0595
  [Edge 2] G39 | E3 | Hier-pFedMe | Selected 5/5
  [Client 14] Round 39 | Hier-pFedMe(λ2=35.0) | loss=0.0063
  [Client 12] Round 39 | Hier-pFedMe(λ2=35.0) | loss=0.0806
  [Client 13] Round 39 | Hier-pFedMe(λ2=35.0) | loss=0.0097
  [Client 11] Round 39 | Hier-pFedMe(λ2=35.0) | loss=0.0944
  [Client 10] Round 39 | Hier-pFedMe(λ2=35.0) | loss=0.0852
  [Edge 2] G39 | E3 | loss=0.0552
  [Edge 2] G39 | E4 | Hier-pFedMe | Selected 5/5
  [Client 10] Round 39 | Hier-pFedMe(λ2=35.0) | loss=0.0805
  [Client 14] Round 39 | Hier-pFedMe(λ2=35.0) | loss=0.0107
  [Client 13] Round 39 | Hier-pFedMe(λ2=35.0) | loss=0.0093
  [Client 11] Round 39 | Hier-pFedMe(λ2=35.0) | loss=0.1000
  [Client 12] Round 39 | Hier-pFedMe(λ2=35.0) | loss=0.0878
  [Edge 2] G39 | E4 | loss=0.0577
  [Edge 2] G39 | E5 | Hier-pFedMe | Selected 5/5
  [Client 14] Round 39 | Hier-pFedMe(λ2=35.0) | loss=0.0081
  [Client 10] Round 39 | Hier-pFedMe(λ2=35.0) | loss=0.0791
  [Client 12] Round 39 | Hier-pFedMe(λ2=35.0) | loss=0.0923
  [Client 11] Round 39 | Hier-pFedMe(λ2=35.0) | loss=0.0967
  [Client 13] Round 39 | Hier-pFedMe(λ2=35.0) | loss=0.0072
  [Edge 2] G39 | E5 | loss=0.0567
  [Edge 3] G39 | E1 | Hier-pFedMe | Selected 5/5
  [Client 17] Round 39 | Hier-pFedMe(λ2=35.0) | loss=0.1180
  [Client 15] Round 39 | Hier-pFedMe(λ2=35.0) | loss=0.0985
  [Client 18] Round 39 | Hier-pFedMe(λ2=35.0) | loss=0.0176
  [Client 19] Round 39 | Hier-pFedMe(λ2=35.0) | loss=0.1069
  [Client 16] Round 39 | Hier-pFedMe(λ2=35.0) | loss=0.0225
  [Edge 3] G39 | E1 | loss=0.0727
  [Edge 3] G39 | E2 | Hier-pFedMe | Selected 5/5
  [Client 17] Round 39 | Hier-pFedMe(λ2=35.0) | loss=0.0858
  [Client 16] Round 39 | Hier-pFedMe(λ2=35.0) | loss=0.0064
  [Client 19] Round 39 | Hier-pFedMe(λ2=35.0) | loss=0.0863
  [Client 15] Round 39 | Hier-pFedMe(λ2=35.0) | loss=0.0890
  [Client 18] Round 39 | Hier-pFedMe(λ2=35.0) | loss=0.0058
  [Edge 3] G39 | E2 | loss=0.0547
  [Edge 3] G39 | E3 | Hier-pFedMe | Selected 5/5
  [Client 17] Round 39 | Hier-pFedMe(λ2=35.0) | loss=0.0681
  [Client 18] Round 39 | Hier-pFedMe(λ2=35.0) | loss=0.0076
  [Client 19] Round 39 | Hier-pFedMe(λ2=35.0) | loss=0.0960
  [Client 16] Round 39 | Hier-pFedMe(λ2=35.0) | loss=0.0076
  [Client 15] Round 39 | Hier-pFedMe(λ2=35.0) | loss=0.0755
  [Edge 3] G39 | E3 | loss=0.0510
  [Edge 3] G39 | E4 | Hier-pFedMe | Selected 5/5
  [Client 17] Round 39 | Hier-pFedMe(λ2=35.0) | loss=0.0769
  [Client 18] Round 39 | Hier-pFedMe(λ2=35.0) | loss=0.0102
  [Client 16] Round 39 | Hier-pFedMe(λ2=35.0) | loss=0.0064
  [Client 19] Round 39 | Hier-pFedMe(λ2=35.0) | loss=0.0781
  [Client 15] Round 39 | Hier-pFedMe(λ2=35.0) | loss=0.0774
  [Edge 3] G39 | E4 | loss=0.0498
  [Edge 3] G39 | E5 | Hier-pFedMe | Selected 5/5
  [Client 17] Round 39 | Hier-pFedMe(λ2=35.0) | loss=0.0734
  [Client 19] Round 39 | Hier-pFedMe(λ2=35.0) | loss=0.0790
  [Client 15] Round 39 | Hier-pFedMe(λ2=35.0) | loss=0.0795
  [Client 18] Round 39 | Hier-pFedMe(λ2=35.0) | loss=0.0109
  [Client 16] Round 39 | Hier-pFedMe(λ2=35.0) | loss=0.0076
  [Edge 3] G39 | E5 | loss=0.0501
  [Cloud] GM=0.1567 | EM=0.3767 | loss=2.3011 | time=132.5s | comm=4645.5MB (total=181176MB)

[Round  40] Broadcasting to 4 edges...
  [Edge 0] G40 | E1 | Hier-pFedMe | Selected 5/5
  [Client  4] Round 40 | Hier-pFedMe(λ2=35.0) | loss=0.1173
  [Client  1] Round 40 | Hier-pFedMe(λ2=35.0) | loss=0.1297
  [Client  2] Round 40 | Hier-pFedMe(λ2=35.0) | loss=0.1547
  [Client  0] Round 40 | Hier-pFedMe(λ2=35.0) | loss=0.1553
  [Client  3] Round 40 | Hier-pFedMe(λ2=35.0) | loss=0.1317
  [Edge 0] G40 | E1 | loss=0.1377
  [Edge 0] G40 | E2 | Hier-pFedMe | Selected 5/5
  [Client  3] Round 40 | Hier-pFedMe(λ2=35.0) | loss=0.0900
  [Client  1] Round 40 | Hier-pFedMe(λ2=35.0) | loss=0.0981
  [Client  2] Round 40 | Hier-pFedMe(λ2=35.0) | loss=0.1124
  [Client  0] Round 40 | Hier-pFedMe(λ2=35.0) | loss=0.1028
  [Client  4] Round 40 | Hier-pFedMe(λ2=35.0) | loss=0.1146
  [Edge 0] G40 | E2 | loss=0.1036
  [Edge 0] G40 | E3 | Hier-pFedMe | Selected 5/5
  [Client  3] Round 40 | Hier-pFedMe(λ2=35.0) | loss=0.0908
  [Client  0] Round 40 | Hier-pFedMe(λ2=35.0) | loss=0.1046
  [Client  2] Round 40 | Hier-pFedMe(λ2=35.0) | loss=0.1150
  [Client  1] Round 40 | Hier-pFedMe(λ2=35.0) | loss=0.1005
  [Client  4] Round 40 | Hier-pFedMe(λ2=35.0) | loss=0.0946
  [Edge 0] G40 | E3 | loss=0.1011
  [Edge 0] G40 | E4 | Hier-pFedMe | Selected 5/5
  [Client  3] Round 40 | Hier-pFedMe(λ2=35.0) | loss=0.0995
  [Client  0] Round 40 | Hier-pFedMe(λ2=35.0) | loss=0.0947
  [Client  2] Round 40 | Hier-pFedMe(λ2=35.0) | loss=0.1131
  [Client  1] Round 40 | Hier-pFedMe(λ2=35.0) | loss=0.1063
  [Client  4] Round 40 | Hier-pFedMe(λ2=35.0) | loss=0.0975
  [Edge 0] G40 | E4 | loss=0.1022
  [Edge 0] G40 | E5 | Hier-pFedMe | Selected 5/5
  [Client  1] Round 40 | Hier-pFedMe(λ2=35.0) | loss=0.0940
  [Client  4] Round 40 | Hier-pFedMe(λ2=35.0) | loss=0.0937
  [Client  2] Round 40 | Hier-pFedMe(λ2=35.0) | loss=0.1239
  [Client  0] Round 40 | Hier-pFedMe(λ2=35.0) | loss=0.0838
  [Client  3] Round 40 | Hier-pFedMe(λ2=35.0) | loss=0.0744
  [Edge 0] G40 | E5 | loss=0.0940
  [Edge 1] G40 | E1 | Hier-pFedMe | Selected 5/5
  [Client  9] Round 40 | Hier-pFedMe(λ2=35.0) | loss=0.0398
  [Client  8] Round 40 | Hier-pFedMe(λ2=35.0) | loss=0.0262
  [Client  6] Round 40 | Hier-pFedMe(λ2=35.0) | loss=0.1431
  [Client  5] Round 40 | Hier-pFedMe(λ2=35.0) | loss=0.1482
  [Client  7] Round 40 | Hier-pFedMe(λ2=35.0) | loss=0.1690
  [Edge 1] G40 | E1 | loss=0.1233
  [Edge 1] G40 | E2 | Hier-pFedMe | Selected 5/5
  [Client  8] Round 40 | Hier-pFedMe(λ2=35.0) | loss=0.0131
  [Client  7] Round 40 | Hier-pFedMe(λ2=35.0) | loss=0.1497
  [Client  6] Round 40 | Hier-pFedMe(λ2=35.0) | loss=0.1312
  [Client  9] Round 40 | Hier-pFedMe(λ2=35.0) | loss=0.0093
  [Client  5] Round 40 | Hier-pFedMe(λ2=35.0) | loss=0.1318
  [Edge 1] G40 | E2 | loss=0.1060
  [Edge 1] G40 | E3 | Hier-pFedMe | Selected 5/5
  [Client  9] Round 40 | Hier-pFedMe(λ2=35.0) | loss=0.0233
  [Client  6] Round 40 | Hier-pFedMe(λ2=35.0) | loss=0.1203
  [Client  7] Round 40 | Hier-pFedMe(λ2=35.0) | loss=0.1405
  [Client  8] Round 40 | Hier-pFedMe(λ2=35.0) | loss=0.0129
  [Client  5] Round 40 | Hier-pFedMe(λ2=35.0) | loss=0.1299
  [Edge 1] G40 | E3 | loss=0.1022
  [Edge 1] G40 | E4 | Hier-pFedMe | Selected 5/5
  [Client  9] Round 40 | Hier-pFedMe(λ2=35.0) | loss=0.0061
  [Client  8] Round 40 | Hier-pFedMe(λ2=35.0) | loss=0.0257
  [Client  7] Round 40 | Hier-pFedMe(λ2=35.0) | loss=0.1413
  [Client  5] Round 40 | Hier-pFedMe(λ2=35.0) | loss=0.1194
  [Client  6] Round 40 | Hier-pFedMe(λ2=35.0) | loss=0.1291
  [Edge 1] G40 | E4 | loss=0.1014
  [Edge 1] G40 | E5 | Hier-pFedMe | Selected 5/5
  [Client  9] Round 40 | Hier-pFedMe(λ2=35.0) | loss=0.0758
  [Client  8] Round 40 | Hier-pFedMe(λ2=35.0) | loss=0.0072
  [Client  7] Round 40 | Hier-pFedMe(λ2=35.0) | loss=0.1363
  [Client  6] Round 40 | Hier-pFedMe(λ2=35.0) | loss=0.1167
  [Client  5] Round 40 | Hier-pFedMe(λ2=35.0) | loss=0.1376
  [Edge 1] G40 | E5 | loss=0.1080
  [Edge 2] G40 | E1 | Hier-pFedMe | Selected 5/5
  [Client 10] Round 40 | Hier-pFedMe(λ2=35.0) | loss=0.1167
  [Client 14] Round 40 | Hier-pFedMe(λ2=35.0) | loss=0.0189
  [Client 11] Round 40 | Hier-pFedMe(λ2=35.0) | loss=0.1417
  [Client 13] Round 40 | Hier-pFedMe(λ2=35.0) | loss=0.0240
  [Client 12] Round 40 | Hier-pFedMe(λ2=35.0) | loss=0.1371
  [Edge 2] G40 | E1 | loss=0.0877
  [Edge 2] G40 | E2 | Hier-pFedMe | Selected 5/5
  [Client 12] Round 40 | Hier-pFedMe(λ2=35.0) | loss=0.1127
  [Client 14] Round 40 | Hier-pFedMe(λ2=35.0) | loss=0.0085
  [Client 10] Round 40 | Hier-pFedMe(λ2=35.0) | loss=0.0952
  [Client 13] Round 40 | Hier-pFedMe(λ2=35.0) | loss=0.0105
  [Client 11] Round 40 | Hier-pFedMe(λ2=35.0) | loss=0.1056
  [Edge 2] G40 | E2 | loss=0.0665
  [Edge 2] G40 | E3 | Hier-pFedMe | Selected 5/5
  [Client 14] Round 40 | Hier-pFedMe(λ2=35.0) | loss=0.0093
  [Client 12] Round 40 | Hier-pFedMe(λ2=35.0) | loss=0.0927
  [Client 11] Round 40 | Hier-pFedMe(λ2=35.0) | loss=0.0999
  [Client 10] Round 40 | Hier-pFedMe(λ2=35.0) | loss=0.0763
  [Client 13] Round 40 | Hier-pFedMe(λ2=35.0) | loss=0.0070
  [Edge 2] G40 | E3 | loss=0.0570
  [Edge 2] G40 | E4 | Hier-pFedMe | Selected 5/5
  [Client 12] Round 40 | Hier-pFedMe(λ2=35.0) | loss=0.0960
  [Client 10] Round 40 | Hier-pFedMe(λ2=35.0) | loss=0.0855
  [Client 13] Round 40 | Hier-pFedMe(λ2=35.0) | loss=0.0068
  [Client 11] Round 40 | Hier-pFedMe(λ2=35.0) | loss=0.0868
  [Client 14] Round 40 | Hier-pFedMe(λ2=35.0) | loss=0.0088
  [Edge 2] G40 | E4 | loss=0.0568
  [Edge 2] G40 | E5 | Hier-pFedMe | Selected 5/5
  [Client 14] Round 40 | Hier-pFedMe(λ2=35.0) | loss=0.0078
  [Client 10] Round 40 | Hier-pFedMe(λ2=35.0) | loss=0.0816
  [Client 11] Round 40 | Hier-pFedMe(λ2=35.0) | loss=0.0934
  [Client 13] Round 40 | Hier-pFedMe(λ2=35.0) | loss=0.0075
  [Client 12] Round 40 | Hier-pFedMe(λ2=35.0) | loss=0.0720
  [Edge 2] G40 | E5 | loss=0.0525
  [Edge 3] G40 | E1 | Hier-pFedMe | Selected 5/5
  [Client 19] Round 40 | Hier-pFedMe(λ2=35.0) | loss=0.1191
  [Client 17] Round 40 | Hier-pFedMe(λ2=35.0) | loss=0.1008
  [Client 16] Round 40 | Hier-pFedMe(λ2=35.0) | loss=0.0189
  [Client 18] Round 40 | Hier-pFedMe(λ2=35.0) | loss=0.0185
  [Client 15] Round 40 | Hier-pFedMe(λ2=35.0) | loss=0.1083
  [Edge 3] G40 | E1 | loss=0.0731
  [Edge 3] G40 | E2 | Hier-pFedMe | Selected 5/5
  [Client 17] Round 40 | Hier-pFedMe(λ2=35.0) | loss=0.0805
  [Client 15] Round 40 | Hier-pFedMe(λ2=35.0) | loss=0.0785
  [Client 16] Round 40 | Hier-pFedMe(λ2=35.0) | loss=0.0069
  [Client 19] Round 40 | Hier-pFedMe(λ2=35.0) | loss=0.0843
  [Client 18] Round 40 | Hier-pFedMe(λ2=35.0) | loss=0.0090
  [Edge 3] G40 | E2 | loss=0.0518
  [Edge 3] G40 | E3 | Hier-pFedMe | Selected 5/5
  [Client 15] Round 40 | Hier-pFedMe(λ2=35.0) | loss=0.0846
  [Client 16] Round 40 | Hier-pFedMe(λ2=35.0) | loss=0.0085
  [Client 18] Round 40 | Hier-pFedMe(λ2=35.0) | loss=0.0065
  [Client 19] Round 40 | Hier-pFedMe(λ2=35.0) | loss=0.0824
  [Client 17] Round 40 | Hier-pFedMe(λ2=35.0) | loss=0.0704
  [Edge 3] G40 | E3 | loss=0.0505
  [Edge 3] G40 | E4 | Hier-pFedMe | Selected 5/5
  [Client 17] Round 40 | Hier-pFedMe(λ2=35.0) | loss=0.0663
  [Client 19] Round 40 | Hier-pFedMe(λ2=35.0) | loss=0.0870
  [Client 16] Round 40 | Hier-pFedMe(λ2=35.0) | loss=0.0117
  [Client 15] Round 40 | Hier-pFedMe(λ2=35.0) | loss=0.0791
  [Client 18] Round 40 | Hier-pFedMe(λ2=35.0) | loss=0.0087
  [Edge 3] G40 | E4 | loss=0.0506
  [Edge 3] G40 | E5 | Hier-pFedMe | Selected 5/5
  [Client 17] Round 40 | Hier-pFedMe(λ2=35.0) | loss=0.0691
  [Client 16] Round 40 | Hier-pFedMe(λ2=35.0) | loss=0.0068
  [Client 18] Round 40 | Hier-pFedMe(λ2=35.0) | loss=0.0073
  [Client 19] Round 40 | Hier-pFedMe(λ2=35.0) | loss=0.0802
  [Client 15] Round 40 | Hier-pFedMe(λ2=35.0) | loss=0.0662
  [Edge 3] G40 | E5 | loss=0.0459
  [Cloud] GM=0.1467 | EM=0.3903 PM=0.9555 | loss=2.3060 | time=157.8s | comm=4645.5MB (total=185821MB)

[Cloud] Training complete.

====================================================
 Experiment Summary
====================================================
  Best  global_acc : 0.1900  (round 10)
  Final global_acc : 0.1467
  Total rounds     : 40
====================================================

[Final Report] GM

============================================================
 Final Classification Report
============================================================

[ Per-Class Report ]
              precision    recall  f1-score   support

           0     0.3750    0.0060    0.0118      1000
           1     0.8846    0.0230    0.0448      1000
           2     0.1187    0.4470    0.1876      1000
           3     0.2115    0.0110    0.0209      1000
           4     0.1479    0.7960    0.2494      1000
           5     0.2100    0.1470    0.1729      1000
           6     1.0000    0.0050    0.0100      1000
           7     0.6154    0.0320    0.0608      1000
           8     0.0000    0.0000    0.0000      1000
           9     0.0000    0.0000    0.0000      1000

    accuracy                         0.1467     10000
   macro avg     0.3563    0.1467    0.0758     10000
weighted avg     0.3563    0.1467    0.0758     10000

[ F1 Score ]
  Macro    F1 : 0.0758
  Weighted F1 : 0.0758

[ AUC (OvR) ]
  Macro    AUC : 0.6610
  Weighted AUC : 0.6610

[ Confusion Matrix ] (shape: (10, 10))
[[  6   0 517   3 453  21   0   0   0   0]
 [  1  23 466   3 446  51   0  10   0   0]
 [  1   0 447   3 510  38   0   1   0   0]
 [  3   0 378  11 530  77   0   1   0   0]
 [  0   0 169   3 796  32   0   0   0   0]
 [  0   0 424   3 425 147   0   1   0   0]
 [  1   3 122  10 799  58   5   1   1   0]
 [  0   0 475   0 393 100   0  32   0   0]
 [  2   0 355  11 594  38   0   0   0   0]
 [  2   0 412   5 437 138   0   6   0   0]]
============================================================
  Report saved to report_GM_final0_hierpfedme_c20_e4_localepoch_5_semantic_superclass_pathological_classesperclient_2_r.txt

[Final Report] EM — Edge 0

============================================================
 Final Classification Report
============================================================

[ Per-Class Report ]
              precision    recall  f1-score   support

           0     0.0000    0.0000    0.0000      1000
           1     0.0000    0.0000    0.0000      1000
           2     0.1030    0.9860    0.1864      1000
           3     0.0000    0.0000    0.0000      1000
           4     0.0833    0.0010    0.0020      1000
           5     0.0000    0.0000    0.0000      1000
           6     0.6355    0.2580    0.3670      1000
           7     0.0000    0.0000    0.0000      1000
           8     0.0000    0.0000    0.0000      1000
           9     0.0000    0.0000    0.0000      1000

    accuracy                         0.1245     10000
   macro avg     0.0822    0.1245    0.0555     10000
weighted avg     0.0822    0.1245    0.0555     10000

[ F1 Score ]
  Macro    F1 : 0.0555
  Weighted F1 : 0.0555

[ AUC (OvR) ]
  Macro    AUC : 0.5504
  Weighted AUC : 0.5504

[ Confusion Matrix ] (shape: (10, 10))
[[  0   0 997   0   0   0   3   0   0   0]
 [  0   0 983   0   0   0  15   2   0   0]
 [  0   0 986   0   0   0  14   0   0   0]
 [  0   0 984   0   0   0  16   0   0   0]
 [  0   0 951   0   1   0  48   0   0   0]
 [  0   0 972   0   2   0  25   1   0   0]
 [  0   0 738   0   4   0 258   0   0   0]
 [  0   0 985   0   4   0  11   0   0   0]
 [  0   0 988   0   1   0  10   1   0   0]
 [  0   0 993   0   0   0   6   1   0   0]]
============================================================
  Report saved to report_EM_edge0_final0_hierpfedme_c20_e4_localepoch_5_semantic_superclass_pathological_classesperclient_2_r.txt

[Final Report] EM — Edge 1

============================================================
 Final Classification Report
============================================================

[ Per-Class Report ]
              precision    recall  f1-score   support

           0     0.0000    0.0000    0.0000      1000
           1     0.0000    0.0000    0.0000      1000
           2     0.5833    0.0070    0.0138      1000
           3     0.1275    0.6990    0.2157      1000
           4     0.1890    0.7760    0.3040      1000
           5     0.0000    0.0000    0.0000      1000
           6     0.0000    0.0000    0.0000      1000
           7     0.5910    0.2370    0.3383      1000
           8     0.0000    0.0000    0.0000      1000
           9     0.0000    0.0000    0.0000      1000

    accuracy                         0.1719     10000
   macro avg     0.1491    0.1719    0.0872     10000
weighted avg     0.1491    0.1719    0.0872     10000

[ F1 Score ]
  Macro    F1 : 0.0872
  Weighted F1 : 0.0872

[ AUC (OvR) ]
  Macro    AUC : 0.6705
  Weighted AUC : 0.6705

[ Confusion Matrix ] (shape: (10, 10))
[[  0   0   3 594 386   0   0  17   0   0]
 [  0   0   0 651 324   0   0  25   0   0]
 [  0   0   7 492 473   0   0  28   0   0]
 [  0   0   0 699 290   0   0  11   0   0]
 [  0   0   0 220 776   0   0   4   0   0]
 [  0   0   1 713 237   0   0  49   0   0]
 [  0   0   0 412 581   0   0   7   0   0]
 [  0   0   1 409 353   0   0 237   0   0]
 [  0   0   0 559 439   0   0   2   0   0]
 [  0   0   0 732 247   0   0  21   0   0]]
============================================================
  Report saved to report_EM_edge1_final0_hierpfedme_c20_e4_localepoch_5_semantic_superclass_pathological_classesperclient_2_r.txt

[Final Report] EM — Edge 2

============================================================
 Final Classification Report
============================================================

[ Per-Class Report ]
              precision    recall  f1-score   support

           0     0.1462    0.5420    0.2303      1000
           1     1.0000    0.0030    0.0060      1000
           2     0.2318    0.0670    0.1040      1000
           3     0.2500    0.0010    0.0020      1000
           4     0.1489    0.7760    0.2499      1000
           5     0.2853    0.1900    0.2281      1000
           6     0.0000    0.0000    0.0000      1000
           7     0.2683    0.0110    0.0211      1000
           8     0.5750    0.0460    0.0852      1000
           9     0.0000    0.0000    0.0000      1000

    accuracy                         0.1636     10000
   macro avg     0.2906    0.1636    0.0927     10000
weighted avg     0.2906    0.1636    0.0927     10000

[ F1 Score ]
  Macro    F1 : 0.0927
  Weighted F1 : 0.0927

[ AUC (OvR) ]
  Macro    AUC : 0.6331
  Weighted AUC : 0.6331

[ Confusion Matrix ] (shape: (10, 10))
[[542   0  31   0 415  10   0   1   1   0]
 [491   3  26   1 392  56   0  19  12   0]
 [321   0  67   0 562  47   0   1   2   0]
 [337   0  38   1 554  64   0   3   3   0]
 [183   0   9   0 776  32   0   0   0   0]
 [291   0  47   0 471 190   0   1   0   0]
 [194   0   8   0 728  54   0   0  16   0]
 [543   0  16   0 376  54   0  11   0   0]
 [277   0  24   2 589  61   0   1  46   0]
 [527   0  23   0 348  98   0   4   0   0]]
============================================================
  Report saved to report_EM_edge2_final0_hierpfedme_c20_e4_localepoch_5_semantic_superclass_pathological_classesperclient_2_r.txt

[Final Report] EM — Edge 3

============================================================
 Final Classification Report
============================================================

[ Per-Class Report ]
              precision    recall  f1-score   support

           0     1.0000    0.0010    0.0020      1000
           1     0.4733    0.3450    0.3991      1000
           2     0.1575    0.3280    0.2128      1000
           3     0.3333    0.0020    0.0040      1000
           4     0.1418    0.7990    0.2408      1000
           5     0.1602    0.2360    0.1909      1000
           6     0.0000    0.0000    0.0000      1000
           7     0.6667    0.0040    0.0080      1000
           8     0.0000    0.0000    0.0000      1000
           9     0.2090    0.0140    0.0262      1000

    accuracy                         0.1729     10000
   macro avg     0.3142    0.1729    0.1084     10000
weighted avg     0.3142    0.1729    0.1084     10000

[ F1 Score ]
  Macro    F1 : 0.1084
  Weighted F1 : 0.1084

[ AUC (OvR) ]
  Macro    AUC : 0.6410
  Weighted AUC : 0.6410

[ Confusion Matrix ] (shape: (10, 10))
[[  1  27 349   0 528  86   0   0   0   9]
 [  0 345 144   0 404 103   0   0   0   4]
 [  0  26 328   0 548  92   0   0   0   6]
 [  0  30 202   2 566 185   0   0   0  15]
 [  0  20 103   0 799  75   0   0   0   3]
 [  0  12 248   1 499 236   0   1   0   3]
 [  0  77  47   0 761 111   0   0   0   4]
 [  0 120 280   0 408 187   0   4   0   1]
 [  0  43 168   3 680  98   0   0   0   8]
 [  0  29 213   0 443 300   0   1   0  14]]
============================================================
  Report saved to report_EM_edge3_final0_hierpfedme_c20_e4_localepoch_5_semantic_superclass_pathological_classesperclient_2_r.txt

[Final Report] PM — collecting predictions from all clients...

============================================================
 Final Classification Report
============================================================

[ Per-Class Report ]
              precision    recall  f1-score   support

           0     0.9366    0.9710    0.9535      4000
           1     0.9634    0.9607    0.9621      4000
           2     0.9360    0.9598    0.9478      5000
           3     0.9723    0.9665    0.9694      2000
           4     0.8925    0.9755    0.9322      2000
           5     0.9945    0.9085    0.9496      2000
           6     0.9588    0.9344    0.9464      5000
           7     0.9470    0.9465    0.9467      2000
           8     0.9699    0.9343    0.9517      4000
           9     0.9609    0.9635    0.9622      4000

    accuracy                         0.9524     34000
   macro avg     0.9532    0.9521    0.9522     34000
weighted avg     0.9532    0.9524    0.9525     34000

[ F1 Score ]
  Macro    F1 : 0.9522
  Weighted F1 : 0.9525

[ AUC (OvR) ]
  Macro    AUC : 0.9989
  Weighted AUC : 0.9988

[ Confusion Matrix ] (shape: (10, 10))
[[3884    0    0    0    0    0    0    0  116    0]
 [   0 3843    0    0    0    0    0    0    0  157]
 [   0    0 4799    0    0    0  201    0    0    0]
 [   0    0    0 1933    0    0    0   67    0    0]
 [   0    0    0    0 1951   10    0   39    0    0]
 [   0    0    0    0  183 1817    0    0    0    0]
 [   0    0  328    0    0    0 4672    0    0    0]
 [   0    0    0   55   52    0    0 1893    0    0]
 [ 263    0    0    0    0    0    0    0 3737    0]
 [   0  146    0    0    0    0    0    0    0 3854]]
============================================================
  Report saved to report_PM_final0_hierpfedme_c20_e4_localepoch_5_semantic_superclass_pathological_classesperclient_2_r.txt
========================================
End Time : Thu May  7 12:48:03 CEST 2026
========================================
