This job can be monitored from: https://job.c3se.chalmers.se/alvis/6666616
========================================
Job ID      : 6666616
Job Name    : HierFLcifar10
Node        : alvis10-01
Start Time  : Fri May 22 08:49:52 CEST 2026
Working Dir : /cephyr/users/ziangg/Alvis/tf-dpfl
========================================
[Setup] Python: /cephyr/users/ziangg/Alvis/tf-dpfl/bin/python
[Setup] TF version: 2.15.1
[Setup] GPU available: [PhysicalDevice(name='/physical_device:GPU:0', device_type='GPU')]
[Config] Override: wandb.enabled = True
[Setup] Random seed: 42
[Setup] Loading dataset...
[Data] CIFAR-100 from Mimer: /mimer/NOBACKUP/Datasets/CIFAR
[Data] CIFAR-100 | train=50000 test=10000 classes=100
[Setup] Building global model...
Model: "fedavg_cnn"
_________________________________________________________________
 Layer (type)                Output Shape              Param #   
=================================================================
 input_1 (InputLayer)        [(None, 32, 32, 3)]       0         
                                                                 
 conv2d (Conv2D)             (None, 28, 28, 32)        2432      
                                                                 
 max_pooling2d (MaxPooling2  (None, 14, 14, 32)        0         
 D)                                                              
                                                                 
 conv2d_1 (Conv2D)           (None, 10, 10, 64)        51264     
                                                                 
 max_pooling2d_1 (MaxPoolin  (None, 5, 5, 64)          0         
 g2D)                                                            
                                                                 
 flatten (Flatten)           (None, 1600)              0         
                                                                 
 dense (Dense)               (None, 512)               819712    
                                                                 
 dense_1 (Dense)             (None, 100)               51300     
                                                                 
=================================================================
Total params: 924708 (3.53 MB)
Trainable params: 924708 (3.53 MB)
Non-trainable params: 0 (0.00 Byte)
_________________________________________________________________
[Setup] Building clients...

[Superclass-aware partition] 2 edges, 10 classes/client

  Edge 0 (class pool: [1, 2, 3, 4, 6, 7, 11, 14, 15, 18, 19, 21, 24, 26, 27, 29, 30, 31, 32, 34, 35, 36, 38, 42, 43, 44, 45, 46, 50, 55, 63, 64, 65, 66, 67, 72, 73, 74, 75, 77, 78, 79, 80, 88, 91, 93, 95, 97, 98, 99]):
  Client       Samples    Classes held                        Out-of-pool?
  ---------------------------------------------------------------------------
  client_0     3000       [6, 18, 29, 30, 34, 43, 44, 55, 64, 66] OK
  client_1     3000       [1, 11, 26, 27, 29, 32, 73, 75, 99] OK
  client_2     3000       [35, 36, 38, 42, 50, 64, 72, 77, 97, 98] OK
  client_3     3000       [4, 6, 7, 14, 21, 35, 38, 65, 80]   OK
  client_4     3000       [19, 31, 42, 43, 63, 66, 72, 79, 91, 98] OK
  client_5     3000       [4, 15, 19, 34, 45, 63, 74, 91, 93, 95] OK
  client_6     3000       [11, 18, 21, 32, 44, 46, 78, 88, 97] OK
  client_7     3000       [24, 31, 36, 45, 46, 50, 67, 73, 74, 80] OK
  client_8     3000       [1, 14, 24, 26, 30, 65, 75, 88, 93, 95] OK
  client_9     3000       [2, 3, 15, 27, 55, 67, 77, 79]      OK

  Edge 1 (class pool: [0, 5, 8, 9, 10, 12, 13, 16, 17, 20, 22, 23, 25, 28, 33, 37, 39, 40, 41, 47, 48, 49, 51, 52, 53, 54, 56, 57, 58, 59, 60, 61, 62, 68, 69, 70, 71, 76, 81, 82, 83, 84, 85, 86, 87, 89, 90, 92, 94, 96]):
  Client       Samples    Classes held                        Out-of-pool?
  ---------------------------------------------------------------------------
  client_10    3000       [5, 9, 51, 54, 57, 84, 89, 92, 94]  OK
  client_11    3000       [10, 12, 16, 17, 37, 40, 82, 87]    OK
  client_12    3000       [17, 41, 47, 48, 54, 58, 69, 83, 96] OK
  client_13    3000       [8, 9, 20, 37, 39, 48, 59, 68, 86, 90] OK
  client_14    3000       [22, 33, 40, 49, 56, 62, 83, 85, 87] OK
  client_15    3000       [25, 28, 33, 39, 47, 53, 60, 81, 90, 94] OK
  client_16    3000       [20, 22, 28, 52, 53, 59, 70, 76, 82] OK
  client_17    3000       [49, 56, 58, 60, 61, 69, 71, 85]    OK
  client_18    3000       [0, 5, 8, 16, 25, 76, 84, 86, 92, 96] OK
  client_19    3000       [0, 13, 23, 51, 68, 70, 81, 89]     OK

[Train/Test split] 20 clients | avg train=2250, avg test=750 samples (ratio=0.25)
[Setup] 20 clients built (superclass_pathological) | per-client test sets injected
[Setup] Building edge servers...
[Assignment] Using pre-baked superclass assignments | 2 edges
[EdgeServer 0] 10 clients | 22500 samples
[EdgeServer 1] 10 clients | 22500 samples

[Setup] Built 2 edge servers (strategy=superclass_baked)
  Edge 0: 10 clients | 22500 samples
  Edge 1: 10 clients | 22500 samples
[Setup] Building per-edge test datasets (superclass-aware)...
[CloudServer] 2 edges | model: 3.53 MB

====================================================
 HierFAVG Training Start
====================================================

[Round   1] Broadcasting to 2 edges...
  [Edge 0] W_n reset to global weights for new round.
  [Edge 1] W_n reset to global weights for new round.
  [Edge 0] G1 | E1 | Hier-pFedMe | Selected 10/10
  [Client  3] Received edge weights. Set local model to edge weights.
[C3] Test set: samples=750, class_dist={4: 80, 6: 65, 7: 146, 14: 82, 21: 76, 35: 63, 38: 70, 65: 89, 80: 79}
  [Client  5] Received edge weights. Set local model to edge weights.
[C5] Test set: samples=750, class_dist={4: 76, 15: 79, 19: 73, 34: 66, 45: 81, 63: 90, 74: 77, 91: 69, 93: 86, 95: 53}
  [Client  0] Received edge weights. Set local model to edge weights.
[C0] Test set: samples=750, class_dist={6: 83, 18: 67, 29: 71, 30: 73, 34: 78, 43: 77, 44: 71, 55: 71, 64: 82, 66: 77}
  [Client  1] Received edge weights. Set local model to edge weights.
[C1] Test set: samples=750, class_dist={1: 75, 11: 80, 26: 83, 27: 68, 29: 75, 32: 70, 73: 71, 75: 79, 99: 149}
  [Client  2] Received edge weights. Set local model to edge weights.
[C2] Test set: samples=750, class_dist={35: 80, 36: 63, 38: 79, 42: 77, 50: 77, 64: 79, 72: 80, 77: 72, 97: 72, 98: 71}
  [Client  9] Received edge weights. Set local model to edge weights.
[C9] Test set: samples=750, class_dist={2: 167, 3: 151, 15: 78, 27: 67, 55: 68, 67: 71, 77: 66, 79: 82}
  [Client  4] Received edge weights. Set local model to edge weights.
[C4] Test set: samples=750, class_dist={19: 72, 31: 69, 42: 76, 43: 75, 63: 80, 66: 80, 72: 74, 79: 81, 91: 77, 98: 66}
  [Client  8] Received edge weights. Set local model to edge weights.
[C8] Test set: samples=750, class_dist={1: 60, 14: 77, 24: 79, 26: 71, 30: 76, 65: 78, 75: 62, 88: 91, 93: 73, 95: 83}
  [Client  6] Received edge weights. Set local model to edge weights.
[C6] Test set: samples=750, class_dist={11: 70, 18: 85, 21: 73, 32: 89, 44: 80, 46: 73, 78: 127, 88: 85, 97: 68}
  [Client  7] Received edge weights. Set local model to edge weights.
[C7] Test set: samples=750, class_dist={24: 68, 31: 72, 36: 73, 45: 74, 46: 76, 50: 79, 67: 92, 73: 75, 74: 61, 80: 80}
  [Client  3] Starting Hier-pFedMe | λ2=35.0, η2=0.02, inner_steps=5, epochs=5, batches/epoch=141
  [Client  0] Starting Hier-pFedMe | λ2=35.0, η2=0.02, inner_steps=5, epochs=5, batches/epoch=141  [Client  5] Starting Hier-pFedMe | λ2=35.0, η2=0.02, inner_steps=5, epochs=5, batches/epoch=141

  [Client  1] Starting Hier-pFedMe | λ2=35.0, η2=0.02, inner_steps=5, epochs=5, batches/epoch=141
  [Client  5] Round 1 | Hier-pFedMe(λ2=35.0, K=5) | loss=1.2599
  [Client  2] Starting Hier-pFedMe | λ2=35.0, η2=0.02, inner_steps=5, epochs=5, batches/epoch=141
  [Client  1] Round 1 | Hier-pFedMe(λ2=35.0, K=5) | loss=1.1080
  [Client  9] Starting Hier-pFedMe | λ2=35.0, η2=0.02, inner_steps=5, epochs=5, batches/epoch=141
  [Client  0] Round 1 | Hier-pFedMe(λ2=35.0, K=5) | loss=1.2746
  [Client  4] Starting Hier-pFedMe | λ2=35.0, η2=0.02, inner_steps=5, epochs=5, batches/epoch=141
  [Client  3] Round 1 | Hier-pFedMe(λ2=35.0, K=5) | loss=1.2857
  [Client  8] Starting Hier-pFedMe | λ2=35.0, η2=0.02, inner_steps=5, epochs=5, batches/epoch=141
  [Client  2] Round 1 | Hier-pFedMe(λ2=35.0, K=5) | loss=1.3801
  [Client  6] Starting Hier-pFedMe | λ2=35.0, η2=0.02, inner_steps=5, epochs=5, batches/epoch=141
  [Client  9] Round 1 | Hier-pFedMe(λ2=35.0, K=5) | loss=1.2190
  [Client  7] Starting Hier-pFedMe | λ2=35.0, η2=0.02, inner_steps=5, epochs=5, batches/epoch=141
  [Client  8] Round 1 | Hier-pFedMe(λ2=35.0, K=5) | loss=1.1480  [Client  4] Round 1 | Hier-pFedMe(λ2=35.0, K=5) | loss=1.2952

  [Client  6] Round 1 | Hier-pFedMe(λ2=35.0, K=5) | loss=1.2762
  [Client  7] Round 1 | Hier-pFedMe(λ2=35.0, K=5) | loss=1.2224
  [Edge 0] G1 | E1 | loss=1.2469
  [Edge 0] G1 | E2 | Hier-pFedMe | Selected 10/10
  [Client  8] Received edge weights. Set local model to edge weights.
[C8] Test set: samples=750, class_dist={1: 60, 14: 77, 24: 79, 26: 71, 30: 76, 65: 78, 75: 62, 88: 91, 93: 73, 95: 83}
  [Client  6] Received edge weights. Set local model to edge weights.
[C6] Test set: samples=750, class_dist={11: 70, 18: 85, 21: 73, 32: 89, 44: 80, 46: 73, 78: 127, 88: 85, 97: 68}
  [Client  1] Received edge weights. Set local model to edge weights.
[C1] Test set: samples=750, class_dist={1: 75, 11: 80, 26: 83, 27: 68, 29: 75, 32: 70, 73: 71, 75: 79, 99: 149}
  [Client  3] Received edge weights. Set local model to edge weights.
[C3] Test set: samples=750, class_dist={4: 80, 6: 65, 7: 146, 14: 82, 21: 76, 35: 63, 38: 70, 65: 89, 80: 79}
  [Client  2] Received edge weights. Set local model to edge weights.
[C2] Test set: samples=750, class_dist={35: 80, 36: 63, 38: 79, 42: 77, 50: 77, 64: 79, 72: 80, 77: 72, 97: 72, 98: 71}
  [Client  4] Received edge weights. Set local model to edge weights.
[C4] Test set: samples=750, class_dist={19: 72, 31: 69, 42: 76, 43: 75, 63: 80, 66: 80, 72: 74, 79: 81, 91: 77, 98: 66}
  [Client  5] Received edge weights. Set local model to edge weights.
[C5] Test set: samples=750, class_dist={4: 76, 15: 79, 19: 73, 34: 66, 45: 81, 63: 90, 74: 77, 91: 69, 93: 86, 95: 53}
  [Client  7] Received edge weights. Set local model to edge weights.
[C7] Test set: samples=750, class_dist={24: 68, 31: 72, 36: 73, 45: 74, 46: 76, 50: 79, 67: 92, 73: 75, 74: 61, 80: 80}
  [Client  0] Received edge weights. Set local model to edge weights.
[C0] Test set: samples=750, class_dist={6: 83, 18: 67, 29: 71, 30: 73, 34: 78, 43: 77, 44: 71, 55: 71, 64: 82, 66: 77}
  [Client  9] Received edge weights. Set local model to edge weights.
[C9] Test set: samples=750, class_dist={2: 167, 3: 151, 15: 78, 27: 67, 55: 68, 67: 71, 77: 66, 79: 82}
  [Client  1] Starting Hier-pFedMe | λ2=35.0, η2=0.02, inner_steps=5, epochs=5, batches/epoch=141  [Client  8] Starting Hier-pFedMe | λ2=35.0, η2=0.02, inner_steps=5, epochs=5, batches/epoch=141  [Client  3] Starting Hier-pFedMe | λ2=35.0, η2=0.02, inner_steps=5, epochs=5, batches/epoch=141  [Client  6] Starting Hier-pFedMe | λ2=35.0, η2=0.02, inner_steps=5, epochs=5, batches/epoch=141



  [Client  1] Round 1 | Hier-pFedMe(λ2=35.0, K=5) | loss=0.6731
  [Client  3] Round 1 | Hier-pFedMe(λ2=35.0, K=5) | loss=0.7442  [Client  2] Starting Hier-pFedMe | λ2=35.0, η2=0.02, inner_steps=5, epochs=5, batches/epoch=141

  [Client  4] Starting Hier-pFedMe | λ2=35.0, η2=0.02, inner_steps=5, epochs=5, batches/epoch=141
  [Client  8] Round 1 | Hier-pFedMe(λ2=35.0, K=5) | loss=0.6837
  [Client  5] Starting Hier-pFedMe | λ2=35.0, η2=0.02, inner_steps=5, epochs=5, batches/epoch=141
  [Client  6] Round 1 | Hier-pFedMe(λ2=35.0, K=5) | loss=0.7353
  [Client  7] Starting Hier-pFedMe | λ2=35.0, η2=0.02, inner_steps=5, epochs=5, batches/epoch=141
  [Client  4] Round 1 | Hier-pFedMe(λ2=35.0, K=5) | loss=0.7407
  [Client  0] Starting Hier-pFedMe | λ2=35.0, η2=0.02, inner_steps=5, epochs=5, batches/epoch=141
  [Client  2] Round 1 | Hier-pFedMe(λ2=35.0, K=5) | loss=0.8138
  [Client  9] Starting Hier-pFedMe | λ2=35.0, η2=0.02, inner_steps=5, epochs=5, batches/epoch=141
  [Client  7] Round 1 | Hier-pFedMe(λ2=35.0, K=5) | loss=0.7213
  [Client  5] Round 1 | Hier-pFedMe(λ2=35.0, K=5) | loss=0.7452
  [Client  0] Round 1 | Hier-pFedMe(λ2=35.0, K=5) | loss=0.7376
  [Client  9] Round 1 | Hier-pFedMe(λ2=35.0, K=5) | loss=0.7211
  [Edge 0] G1 | E2 | loss=0.7316
  [Edge 0] G1 | E3 | Hier-pFedMe | Selected 10/10
  [Client  0] Received edge weights. Set local model to edge weights.
[C0] Test set: samples=750, class_dist={6: 83, 18: 67, 29: 71, 30: 73, 34: 78, 43: 77, 44: 71, 55: 71, 64: 82, 66: 77}
  [Client  5] Received edge weights. Set local model to edge weights.
[C5] Test set: samples=750, class_dist={4: 76, 15: 79, 19: 73, 34: 66, 45: 81, 63: 90, 74: 77, 91: 69, 93: 86, 95: 53}
  [Client  9] Received edge weights. Set local model to edge weights.
[C9] Test set: samples=750, class_dist={2: 167, 3: 151, 15: 78, 27: 67, 55: 68, 67: 71, 77: 66, 79: 82}
  [Client  7] Received edge weights. Set local model to edge weights.
[C7] Test set: samples=750, class_dist={24: 68, 31: 72, 36: 73, 45: 74, 46: 76, 50: 79, 67: 92, 73: 75, 74: 61, 80: 80}
  [Client  2] Received edge weights. Set local model to edge weights.
[C2] Test set: samples=750, class_dist={35: 80, 36: 63, 38: 79, 42: 77, 50: 77, 64: 79, 72: 80, 77: 72, 97: 72, 98: 71}
  [Client  4] Received edge weights. Set local model to edge weights.
[C4] Test set: samples=750, class_dist={19: 72, 31: 69, 42: 76, 43: 75, 63: 80, 66: 80, 72: 74, 79: 81, 91: 77, 98: 66}
  [Client  3] Received edge weights. Set local model to edge weights.
[C3] Test set: samples=750, class_dist={4: 80, 6: 65, 7: 146, 14: 82, 21: 76, 35: 63, 38: 70, 65: 89, 80: 79}
  [Client  1] Received edge weights. Set local model to edge weights.
[C1] Test set: samples=750, class_dist={1: 75, 11: 80, 26: 83, 27: 68, 29: 75, 32: 70, 73: 71, 75: 79, 99: 149}
  [Client  6] Received edge weights. Set local model to edge weights.
[C6] Test set: samples=750, class_dist={11: 70, 18: 85, 21: 73, 32: 89, 44: 80, 46: 73, 78: 127, 88: 85, 97: 68}
  [Client  8] Received edge weights. Set local model to edge weights.
[C8] Test set: samples=750, class_dist={1: 60, 14: 77, 24: 79, 26: 71, 30: 76, 65: 78, 75: 62, 88: 91, 93: 73, 95: 83}
  [Client  0] Starting Hier-pFedMe | λ2=35.0, η2=0.02, inner_steps=5, epochs=5, batches/epoch=141
  [Client  5] Starting Hier-pFedMe | λ2=35.0, η2=0.02, inner_steps=5, epochs=5, batches/epoch=141  [Client  9] Starting Hier-pFedMe | λ2=35.0, η2=0.02, inner_steps=5, epochs=5, batches/epoch=141  [Client  7] Starting Hier-pFedMe | λ2=35.0, η2=0.02, inner_steps=5, epochs=5, batches/epoch=141


  [Client  7] Round 1 | Hier-pFedMe(λ2=35.0, K=5) | loss=0.4437  [Client  0] Round 1 | Hier-pFedMe(λ2=35.0, K=5) | loss=0.4539

  [Client  2] Starting Hier-pFedMe | λ2=35.0, η2=0.02, inner_steps=5, epochs=5, batches/epoch=141
  [Client  4] Starting Hier-pFedMe | λ2=35.0, η2=0.02, inner_steps=5, epochs=5, batches/epoch=141  [Client  9] Round 1 | Hier-pFedMe(λ2=35.0, K=5) | loss=0.4615

  [Client  3] Starting Hier-pFedMe | λ2=35.0, η2=0.02, inner_steps=5, epochs=5, batches/epoch=141  [Client  5] Round 1 | Hier-pFedMe(λ2=35.0, K=5) | loss=0.4469

  [Client  1] Starting Hier-pFedMe | λ2=35.0, η2=0.02, inner_steps=5, epochs=5, batches/epoch=141
  [Client  4] Round 1 | Hier-pFedMe(λ2=35.0, K=5) | loss=0.4449
  [Client  6] Starting Hier-pFedMe | λ2=35.0, η2=0.02, inner_steps=5, epochs=5, batches/epoch=141
  [Client  3] Round 1 | Hier-pFedMe(λ2=35.0, K=5) | loss=0.4657
  [Client  8] Starting Hier-pFedMe | λ2=35.0, η2=0.02, inner_steps=5, epochs=5, batches/epoch=141
  [Client  2] Round 1 | Hier-pFedMe(λ2=35.0, K=5) | loss=0.5076
  [Client  1] Round 1 | Hier-pFedMe(λ2=35.0, K=5) | loss=0.3949
  [Client  8] Round 1 | Hier-pFedMe(λ2=35.0, K=5) | loss=0.4157
  [Client  6] Round 1 | Hier-pFedMe(λ2=35.0, K=5) | loss=0.4581
  [Edge 0] G1 | E3 | loss=0.4493
  [Edge 0] G1 | E4 | Hier-pFedMe | Selected 10/10
  [Client  9] Received edge weights. Set local model to edge weights.
[C9] Test set: samples=750, class_dist={2: 167, 3: 151, 15: 78, 27: 67, 55: 68, 67: 71, 77: 66, 79: 82}
  [Client  1] Received edge weights. Set local model to edge weights.
[C1] Test set: samples=750, class_dist={1: 75, 11: 80, 26: 83, 27: 68, 29: 75, 32: 70, 73: 71, 75: 79, 99: 149}
  [Client  0] Received edge weights. Set local model to edge weights.
[C0] Test set: samples=750, class_dist={6: 83, 18: 67, 29: 71, 30: 73, 34: 78, 43: 77, 44: 71, 55: 71, 64: 82, 66: 77}
  [Client  8] Received edge weights. Set local model to edge weights.
[C8] Test set: samples=750, class_dist={1: 60, 14: 77, 24: 79, 26: 71, 30: 76, 65: 78, 75: 62, 88: 91, 93: 73, 95: 83}
  [Client  3] Received edge weights. Set local model to edge weights.
[C3] Test set: samples=750, class_dist={4: 80, 6: 65, 7: 146, 14: 82, 21: 76, 35: 63, 38: 70, 65: 89, 80: 79}
  [Client  5] Received edge weights. Set local model to edge weights.
[C5] Test set: samples=750, class_dist={4: 76, 15: 79, 19: 73, 34: 66, 45: 81, 63: 90, 74: 77, 91: 69, 93: 86, 95: 53}
  [Client  4] Received edge weights. Set local model to edge weights.
[C4] Test set: samples=750, class_dist={19: 72, 31: 69, 42: 76, 43: 75, 63: 80, 66: 80, 72: 74, 79: 81, 91: 77, 98: 66}
  [Client  7] Received edge weights. Set local model to edge weights.
[C7] Test set: samples=750, class_dist={24: 68, 31: 72, 36: 73, 45: 74, 46: 76, 50: 79, 67: 92, 73: 75, 74: 61, 80: 80}
  [Client  2] Received edge weights. Set local model to edge weights.
[C2] Test set: samples=750, class_dist={35: 80, 36: 63, 38: 79, 42: 77, 50: 77, 64: 79, 72: 80, 77: 72, 97: 72, 98: 71}
  [Client  6] Received edge weights. Set local model to edge weights.
[C6] Test set: samples=750, class_dist={11: 70, 18: 85, 21: 73, 32: 89, 44: 80, 46: 73, 78: 127, 88: 85, 97: 68}
  [Client  9] Starting Hier-pFedMe | λ2=35.0, η2=0.02, inner_steps=5, epochs=5, batches/epoch=141  [Client  1] Starting Hier-pFedMe | λ2=35.0, η2=0.02, inner_steps=5, epochs=5, batches/epoch=141
  [Client  8] Starting Hier-pFedMe | λ2=35.0, η2=0.02, inner_steps=5, epochs=5, batches/epoch=141  [Client  0] Starting Hier-pFedMe | λ2=35.0, η2=0.02, inner_steps=5, epochs=5, batches/epoch=141


  [Client  1] Round 1 | Hier-pFedMe(λ2=35.0, K=5) | loss=0.2788
  [Client  3] Starting Hier-pFedMe | λ2=35.0, η2=0.02, inner_steps=5, epochs=5, batches/epoch=141
  [Client  9] Round 1 | Hier-pFedMe(λ2=35.0, K=5) | loss=0.3131  [Client  0] Round 1 | Hier-pFedMe(λ2=35.0, K=5) | loss=0.3298

  [Client  5] Starting Hier-pFedMe | λ2=35.0, η2=0.02, inner_steps=5, epochs=5, batches/epoch=141  [Client  4] Starting Hier-pFedMe | λ2=35.0, η2=0.02, inner_steps=5, epochs=5, batches/epoch=141
  [Client  8] Round 1 | Hier-pFedMe(λ2=35.0, K=5) | loss=0.2944

  [Client  7] Starting Hier-pFedMe | λ2=35.0, η2=0.02, inner_steps=5, epochs=5, batches/epoch=141
  [Client  5] Round 1 | Hier-pFedMe(λ2=35.0, K=5) | loss=0.3178
  [Client  2] Starting Hier-pFedMe | λ2=35.0, η2=0.02, inner_steps=5, epochs=5, batches/epoch=141
  [Client  4] Round 1 | Hier-pFedMe(λ2=35.0, K=5) | loss=0.3037
  [Client  6] Starting Hier-pFedMe | λ2=35.0, η2=0.02, inner_steps=5, epochs=5, batches/epoch=141
  [Client  7] Round 1 | Hier-pFedMe(λ2=35.0, K=5) | loss=0.3146
  [Client  3] Round 1 | Hier-pFedMe(λ2=35.0, K=5) | loss=0.3153
  [Client  2] Round 1 | Hier-pFedMe(λ2=35.0, K=5) | loss=0.3381
  [Client  6] Round 1 | Hier-pFedMe(λ2=35.0, K=5) | loss=0.3185
  [Edge 0] G1 | E4 | loss=0.3124
  [Edge 0] G1 | E5 | Hier-pFedMe | Selected 10/10
  [Client  8] Received edge weights. Set local model to edge weights.
[C8] Test set: samples=750, class_dist={1: 60, 14: 77, 24: 79, 26: 71, 30: 76, 65: 78, 75: 62, 88: 91, 93: 73, 95: 83}
  [Client  6] Received edge weights. Set local model to edge weights.
[C6] Test set: samples=750, class_dist={11: 70, 18: 85, 21: 73, 32: 89, 44: 80, 46: 73, 78: 127, 88: 85, 97: 68}
  [Client  3] Received edge weights. Set local model to edge weights.
[C3] Test set: samples=750, class_dist={4: 80, 6: 65, 7: 146, 14: 82, 21: 76, 35: 63, 38: 70, 65: 89, 80: 79}
  [Client  4] Received edge weights. Set local model to edge weights.
[C4] Test set: samples=750, class_dist={19: 72, 31: 69, 42: 76, 43: 75, 63: 80, 66: 80, 72: 74, 79: 81, 91: 77, 98: 66}
  [Client  1] Received edge weights. Set local model to edge weights.
[C1] Test set: samples=750, class_dist={1: 75, 11: 80, 26: 83, 27: 68, 29: 75, 32: 70, 73: 71, 75: 79, 99: 149}
  [Client  2] Received edge weights. Set local model to edge weights.
[C2] Test set: samples=750, class_dist={35: 80, 36: 63, 38: 79, 42: 77, 50: 77, 64: 79, 72: 80, 77: 72, 97: 72, 98: 71}
  [Client  7] Received edge weights. Set local model to edge weights.
[C7] Test set: samples=750, class_dist={24: 68, 31: 72, 36: 73, 45: 74, 46: 76, 50: 79, 67: 92, 73: 75, 74: 61, 80: 80}
  [Client  0] Received edge weights. Set local model to edge weights.
[C0] Test set: samples=750, class_dist={6: 83, 18: 67, 29: 71, 30: 73, 34: 78, 43: 77, 44: 71, 55: 71, 64: 82, 66: 77}
  [Client  9] Received edge weights. Set local model to edge weights.
[C9] Test set: samples=750, class_dist={2: 167, 3: 151, 15: 78, 27: 67, 55: 68, 67: 71, 77: 66, 79: 82}
  [Client  5] Received edge weights. Set local model to edge weights.
[C5] Test set: samples=750, class_dist={4: 76, 15: 79, 19: 73, 34: 66, 45: 81, 63: 90, 74: 77, 91: 69, 93: 86, 95: 53}
  [Client  8] Starting Hier-pFedMe | λ2=35.0, η2=0.02, inner_steps=5, epochs=5, batches/epoch=141  [Client  6] Starting Hier-pFedMe | λ2=35.0, η2=0.02, inner_steps=5, epochs=5, batches/epoch=141
  [Client  3] Starting Hier-pFedMe | λ2=35.0, η2=0.02, inner_steps=5, epochs=5, batches/epoch=141  [Client  4] Starting Hier-pFedMe | λ2=35.0, η2=0.02, inner_steps=5, epochs=5, batches/epoch=141


  [Client  6] Round 1 | Hier-pFedMe(λ2=35.0, K=5) | loss=0.2247
  [Client  1] Starting Hier-pFedMe | λ2=35.0, η2=0.02, inner_steps=5, epochs=5, batches/epoch=141
  [Client  4] Round 1 | Hier-pFedMe(λ2=35.0, K=5) | loss=0.2200
  [Client  2] Starting Hier-pFedMe | λ2=35.0, η2=0.02, inner_steps=5, epochs=5, batches/epoch=141
  [Client  3] Round 1 | Hier-pFedMe(λ2=35.0, K=5) | loss=0.2362
  [Client  7] Starting Hier-pFedMe | λ2=35.0, η2=0.02, inner_steps=5, epochs=5, batches/epoch=141
  [Client  8] Round 1 | Hier-pFedMe(λ2=35.0, K=5) | loss=0.2050
  [Client  0] Starting Hier-pFedMe | λ2=35.0, η2=0.02, inner_steps=5, epochs=5, batches/epoch=141
  [Client  1] Round 1 | Hier-pFedMe(λ2=35.0, K=5) | loss=0.1969
  [Client  9] Starting Hier-pFedMe | λ2=35.0, η2=0.02, inner_steps=5, epochs=5, batches/epoch=141
  [Client  0] Round 1 | Hier-pFedMe(λ2=35.0, K=5) | loss=0.2187
  [Client  5] Starting Hier-pFedMe | λ2=35.0, η2=0.02, inner_steps=5, epochs=5, batches/epoch=141
  [Client  2] Round 1 | Hier-pFedMe(λ2=35.0, K=5) | loss=0.2482
  [Client  7] Round 1 | Hier-pFedMe(λ2=35.0, K=5) | loss=0.2107
  [Client  9] Round 1 | Hier-pFedMe(λ2=35.0, K=5) | loss=0.2181
  [Client  5] Round 1 | Hier-pFedMe(λ2=35.0, K=5) | loss=0.2263
  [Edge 0] G1 | E5 | loss=0.2205
  [Edge 1] G1 | E1 | Hier-pFedMe | Selected 10/10
  [Client 17] Received edge weights. Set local model to edge weights.
[C17] Test set: samples=750, class_dist={49: 73, 56: 69, 58: 67, 60: 82, 61: 143, 69: 96, 71: 151, 85: 69}
  [Client 13] Received edge weights. Set local model to edge weights.
[C13] Test set: samples=750, class_dist={8: 68, 9: 75, 20: 73, 37: 78, 39: 76, 48: 73, 59: 78, 68: 74, 86: 80, 90: 75}
  [Client 15] Received edge weights. Set local model to edge weights.
[C15] Test set: samples=750, class_dist={25: 79, 28: 75, 33: 65, 39: 81, 47: 75, 53: 72, 60: 73, 81: 75, 90: 77, 94: 78}
  [Client 10] Received edge weights. Set local model to edge weights.
[C10] Test set: samples=750, class_dist={5: 74, 9: 72, 51: 87, 54: 76, 57: 149, 84: 72, 89: 78, 92: 60, 94: 82}
  [Client 12] Received edge weights. Set local model to edge weights.
[C12] Test set: samples=750, class_dist={17: 72, 41: 154, 47: 72, 48: 78, 54: 85, 58: 68, 69: 83, 83: 72, 96: 66}
  [Client 19] Received edge weights. Set local model to edge weights.
[C19] Test set: samples=750, class_dist={0: 66, 13: 168, 23: 137, 51: 86, 68: 65, 70: 82, 81: 64, 89: 82}
  [Client 16] Received edge weights. Set local model to edge weights.
[C16] Test set: samples=750, class_dist={20: 75, 22: 88, 28: 62, 52: 153, 53: 84, 59: 67, 70: 71, 76: 65, 82: 85}
  [Client 18] Received edge weights. Set local model to edge weights.
[C18] Test set: samples=750, class_dist={0: 71, 5: 79, 8: 79, 16: 71, 25: 72, 76: 70, 84: 81, 86: 67, 92: 81, 96: 79}
  [Client 11] Received edge weights. Set local model to edge weights.
[C11] Test set: samples=750, class_dist={10: 175, 12: 136, 16: 85, 17: 77, 37: 65, 40: 70, 82: 70, 87: 72}
  [Client 14] Received edge weights. Set local model to edge weights.
[C14] Test set: samples=750, class_dist={22: 68, 33: 80, 40: 81, 49: 71, 56: 79, 62: 143, 83: 80, 85: 69, 87: 79}
  [Client 10] Starting Hier-pFedMe | λ2=35.0, η2=0.02, inner_steps=5, epochs=5, batches/epoch=141  [Client 17] Starting Hier-pFedMe | λ2=35.0, η2=0.02, inner_steps=5, epochs=5, batches/epoch=141

  [Client 15] Starting Hier-pFedMe | λ2=35.0, η2=0.02, inner_steps=5, epochs=5, batches/epoch=141
  [Client 13] Starting Hier-pFedMe | λ2=35.0, η2=0.02, inner_steps=5, epochs=5, batches/epoch=141
  [Client 15] Round 1 | Hier-pFedMe(λ2=35.0, K=5) | loss=1.0602
  [Client 12] Starting Hier-pFedMe | λ2=35.0, η2=0.02, inner_steps=5, epochs=5, batches/epoch=141
  [Client 10] Round 1 | Hier-pFedMe(λ2=35.0, K=5) | loss=1.0981
  [Client 19] Starting Hier-pFedMe | λ2=35.0, η2=0.02, inner_steps=5, epochs=5, batches/epoch=141
  [Client 17] Round 1 | Hier-pFedMe(λ2=35.0, K=5) | loss=0.9195
  [Client 13] Round 1 | Hier-pFedMe(λ2=35.0, K=5) | loss=1.1408
  [Client 16] Starting Hier-pFedMe | λ2=35.0, η2=0.02, inner_steps=5, epochs=5, batches/epoch=141
  [Client 18] Starting Hier-pFedMe | λ2=35.0, η2=0.02, inner_steps=5, epochs=5, batches/epoch=141
  [Client 12] Round 1 | Hier-pFedMe(λ2=35.0, K=5) | loss=0.9239
  [Client 11] Starting Hier-pFedMe | λ2=35.0, η2=0.02, inner_steps=5, epochs=5, batches/epoch=141
  [Client 19] Round 1 | Hier-pFedMe(λ2=35.0, K=5) | loss=0.8585
  [Client 14] Starting Hier-pFedMe | λ2=35.0, η2=0.02, inner_steps=5, epochs=5, batches/epoch=141
  [Client 16] Round 1 | Hier-pFedMe(λ2=35.0, K=5) | loss=0.8398
  [Client 18] Round 1 | Hier-pFedMe(λ2=35.0, K=5) | loss=1.1281
  [Client 11] Round 1 | Hier-pFedMe(λ2=35.0, K=5) | loss=1.0167
  [Client 14] Round 1 | Hier-pFedMe(λ2=35.0, K=5) | loss=0.9952
  [Edge 1] G1 | E1 | loss=0.9981
  [Edge 1] G1 | E2 | Hier-pFedMe | Selected 10/10
  [Client 15] Received edge weights. Set local model to edge weights.
[C15] Test set: samples=750, class_dist={25: 79, 28: 75, 33: 65, 39: 81, 47: 75, 53: 72, 60: 73, 81: 75, 90: 77, 94: 78}
  [Client 14] Received edge weights. Set local model to edge weights.
[C14] Test set: samples=750, class_dist={22: 68, 33: 80, 40: 81, 49: 71, 56: 79, 62: 143, 83: 80, 85: 69, 87: 79}
  [Client 19] Received edge weights. Set local model to edge weights.
[C19] Test set: samples=750, class_dist={0: 66, 13: 168, 23: 137, 51: 86, 68: 65, 70: 82, 81: 64, 89: 82}
  [Client 11] Received edge weights. Set local model to edge weights.
[C11] Test set: samples=750, class_dist={10: 175, 12: 136, 16: 85, 17: 77, 37: 65, 40: 70, 82: 70, 87: 72}
  [Client 12] Received edge weights. Set local model to edge weights.
[C12] Test set: samples=750, class_dist={17: 72, 41: 154, 47: 72, 48: 78, 54: 85, 58: 68, 69: 83, 83: 72, 96: 66}
  [Client 10] Received edge weights. Set local model to edge weights.
[C10] Test set: samples=750, class_dist={5: 74, 9: 72, 51: 87, 54: 76, 57: 149, 84: 72, 89: 78, 92: 60, 94: 82}
  [Client 18] Received edge weights. Set local model to edge weights.
[C18] Test set: samples=750, class_dist={0: 71, 5: 79, 8: 79, 16: 71, 25: 72, 76: 70, 84: 81, 86: 67, 92: 81, 96: 79}
  [Client 17] Received edge weights. Set local model to edge weights.
[C17] Test set: samples=750, class_dist={49: 73, 56: 69, 58: 67, 60: 82, 61: 143, 69: 96, 71: 151, 85: 69}
  [Client 13] Received edge weights. Set local model to edge weights.
[C13] Test set: samples=750, class_dist={8: 68, 9: 75, 20: 73, 37: 78, 39: 76, 48: 73, 59: 78, 68: 74, 86: 80, 90: 75}
  [Client 16] Received edge weights. Set local model to edge weights.
[C16] Test set: samples=750, class_dist={20: 75, 22: 88, 28: 62, 52: 153, 53: 84, 59: 67, 70: 71, 76: 65, 82: 85}
  [Client 14] Starting Hier-pFedMe | λ2=35.0, η2=0.02, inner_steps=5, epochs=5, batches/epoch=141  [Client 15] Starting Hier-pFedMe | λ2=35.0, η2=0.02, inner_steps=5, epochs=5, batches/epoch=141
  [Client 19] Starting Hier-pFedMe | λ2=35.0, η2=0.02, inner_steps=5, epochs=5, batches/epoch=141

  [Client 11] Starting Hier-pFedMe | λ2=35.0, η2=0.02, inner_steps=5, epochs=5, batches/epoch=141
  [Client 19] Round 1 | Hier-pFedMe(λ2=35.0, K=5) | loss=0.5155
  [Client 12] Starting Hier-pFedMe | λ2=35.0, η2=0.02, inner_steps=5, epochs=5, batches/epoch=141
  [Client 11] Round 1 | Hier-pFedMe(λ2=35.0, K=5) | loss=0.5990
  [Client 10] Starting Hier-pFedMe | λ2=35.0, η2=0.02, inner_steps=5, epochs=5, batches/epoch=141
  [Client 15] Round 1 | Hier-pFedMe(λ2=35.0, K=5) | loss=0.6234
  [Client 18] Starting Hier-pFedMe | λ2=35.0, η2=0.02, inner_steps=5, epochs=5, batches/epoch=141
  [Client 14] Round 1 | Hier-pFedMe(λ2=35.0, K=5) | loss=0.5903
  [Client 17] Starting Hier-pFedMe | λ2=35.0, η2=0.02, inner_steps=5, epochs=5, batches/epoch=141
  [Client 17] Round 1 | Hier-pFedMe(λ2=35.0, K=5) | loss=0.5414
  [Client 13] Starting Hier-pFedMe | λ2=35.0, η2=0.02, inner_steps=5, epochs=5, batches/epoch=141
  [Client 12] Round 1 | Hier-pFedMe(λ2=35.0, K=5) | loss=0.5393
  [Client 16] Starting Hier-pFedMe | λ2=35.0, η2=0.02, inner_steps=5, epochs=5, batches/epoch=141
  [Client 18] Round 1 | Hier-pFedMe(λ2=35.0, K=5) | loss=0.6795
  [Client 10] Round 1 | Hier-pFedMe(λ2=35.0, K=5) | loss=0.6541
  [Client 13] Round 1 | Hier-pFedMe(λ2=35.0, K=5) | loss=0.6523
  [Client 16] Round 1 | Hier-pFedMe(λ2=35.0, K=5) | loss=0.5076
  [Edge 1] G1 | E2 | loss=0.5903
  [Edge 1] G1 | E3 | Hier-pFedMe | Selected 10/10
  [Client 19] Received edge weights. Set local model to edge weights.
[C19] Test set: samples=750, class_dist={0: 66, 13: 168, 23: 137, 51: 86, 68: 65, 70: 82, 81: 64, 89: 82}
  [Client 16] Received edge weights. Set local model to edge weights.
[C16] Test set: samples=750, class_dist={20: 75, 22: 88, 28: 62, 52: 153, 53: 84, 59: 67, 70: 71, 76: 65, 82: 85}
  [Client 15] Received edge weights. Set local model to edge weights.
[C15] Test set: samples=750, class_dist={25: 79, 28: 75, 33: 65, 39: 81, 47: 75, 53: 72, 60: 73, 81: 75, 90: 77, 94: 78}
  [Client 18] Received edge weights. Set local model to edge weights.
[C18] Test set: samples=750, class_dist={0: 71, 5: 79, 8: 79, 16: 71, 25: 72, 76: 70, 84: 81, 86: 67, 92: 81, 96: 79}
  [Client 13] Received edge weights. Set local model to edge weights.
[C13] Test set: samples=750, class_dist={8: 68, 9: 75, 20: 73, 37: 78, 39: 76, 48: 73, 59: 78, 68: 74, 86: 80, 90: 75}
  [Client 10] Received edge weights. Set local model to edge weights.
[C10] Test set: samples=750, class_dist={5: 74, 9: 72, 51: 87, 54: 76, 57: 149, 84: 72, 89: 78, 92: 60, 94: 82}
  [Client 14] Received edge weights. Set local model to edge weights.
[C14] Test set: samples=750, class_dist={22: 68, 33: 80, 40: 81, 49: 71, 56: 79, 62: 143, 83: 80, 85: 69, 87: 79}
  [Client 12] Received edge weights. Set local model to edge weights.
[C12] Test set: samples=750, class_dist={17: 72, 41: 154, 47: 72, 48: 78, 54: 85, 58: 68, 69: 83, 83: 72, 96: 66}
  [Client 17] Received edge weights. Set local model to edge weights.
[C17] Test set: samples=750, class_dist={49: 73, 56: 69, 58: 67, 60: 82, 61: 143, 69: 96, 71: 151, 85: 69}
  [Client 11] Received edge weights. Set local model to edge weights.
[C11] Test set: samples=750, class_dist={10: 175, 12: 136, 16: 85, 17: 77, 37: 65, 40: 70, 82: 70, 87: 72}
  [Client 19] Starting Hier-pFedMe | λ2=35.0, η2=0.02, inner_steps=5, epochs=5, batches/epoch=141
  [Client 15] Starting Hier-pFedMe | λ2=35.0, η2=0.02, inner_steps=5, epochs=5, batches/epoch=141
  [Client 18] Starting Hier-pFedMe | λ2=35.0, η2=0.02, inner_steps=5, epochs=5, batches/epoch=141
  [Client 16] Starting Hier-pFedMe | λ2=35.0, η2=0.02, inner_steps=5, epochs=5, batches/epoch=141
  [Client 18] Round 1 | Hier-pFedMe(λ2=35.0, K=5) | loss=0.4218
  [Client 13] Starting Hier-pFedMe | λ2=35.0, η2=0.02, inner_steps=5, epochs=5, batches/epoch=141
  [Client 19] Round 1 | Hier-pFedMe(λ2=35.0, K=5) | loss=0.3197
  [Client 10] Starting Hier-pFedMe | λ2=35.0, η2=0.02, inner_steps=5, epochs=5, batches/epoch=141
  [Client 15] Round 1 | Hier-pFedMe(λ2=35.0, K=5) | loss=0.3850
  [Client 14] Starting Hier-pFedMe | λ2=35.0, η2=0.02, inner_steps=5, epochs=5, batches/epoch=141
  [Client 16] Round 1 | Hier-pFedMe(λ2=35.0, K=5) | loss=0.3105
  [Client 12] Starting Hier-pFedMe | λ2=35.0, η2=0.02, inner_steps=5, epochs=5, batches/epoch=141
  [Client 14] Round 1 | Hier-pFedMe(λ2=35.0, K=5) | loss=0.3702
  [Client 17] Starting Hier-pFedMe | λ2=35.0, η2=0.02, inner_steps=5, epochs=5, batches/epoch=141
  [Client 13] Round 1 | Hier-pFedMe(λ2=35.0, K=5) | loss=0.4104
  [Client 11] Starting Hier-pFedMe | λ2=35.0, η2=0.02, inner_steps=5, epochs=5, batches/epoch=141
  [Client 12] Round 1 | Hier-pFedMe(λ2=35.0, K=5) | loss=0.3316
  [Client 10] Round 1 | Hier-pFedMe(λ2=35.0, K=5) | loss=0.4011
  [Client 11] Round 1 | Hier-pFedMe(λ2=35.0, K=5) | loss=0.3811
  [Client 17] Round 1 | Hier-pFedMe(λ2=35.0, K=5) | loss=0.3310
  [Edge 1] G1 | E3 | loss=0.3662
  [Edge 1] G1 | E4 | Hier-pFedMe | Selected 10/10
  [Client 18] Received edge weights. Set local model to edge weights.
[C18] Test set: samples=750, class_dist={0: 71, 5: 79, 8: 79, 16: 71, 25: 72, 76: 70, 84: 81, 86: 67, 92: 81, 96: 79}
  [Client 15] Received edge weights. Set local model to edge weights.
[C15] Test set: samples=750, class_dist={25: 79, 28: 75, 33: 65, 39: 81, 47: 75, 53: 72, 60: 73, 81: 75, 90: 77, 94: 78}
  [Client 19] Received edge weights. Set local model to edge weights.
[C19] Test set: samples=750, class_dist={0: 66, 13: 168, 23: 137, 51: 86, 68: 65, 70: 82, 81: 64, 89: 82}
  [Client 12] Received edge weights. Set local model to edge weights.
[C12] Test set: samples=750, class_dist={17: 72, 41: 154, 47: 72, 48: 78, 54: 85, 58: 68, 69: 83, 83: 72, 96: 66}
  [Client 16] Received edge weights. Set local model to edge weights.
[C16] Test set: samples=750, class_dist={20: 75, 22: 88, 28: 62, 52: 153, 53: 84, 59: 67, 70: 71, 76: 65, 82: 85}
  [Client 11] Received edge weights. Set local model to edge weights.
[C11] Test set: samples=750, class_dist={10: 175, 12: 136, 16: 85, 17: 77, 37: 65, 40: 70, 82: 70, 87: 72}
  [Client 14] Received edge weights. Set local model to edge weights.
[C14] Test set: samples=750, class_dist={22: 68, 33: 80, 40: 81, 49: 71, 56: 79, 62: 143, 83: 80, 85: 69, 87: 79}
  [Client 17] Received edge weights. Set local model to edge weights.
[C17] Test set: samples=750, class_dist={49: 73, 56: 69, 58: 67, 60: 82, 61: 143, 69: 96, 71: 151, 85: 69}
  [Client 10] Received edge weights. Set local model to edge weights.
[C10] Test set: samples=750, class_dist={5: 74, 9: 72, 51: 87, 54: 76, 57: 149, 84: 72, 89: 78, 92: 60, 94: 82}
  [Client 13] Received edge weights. Set local model to edge weights.
[C13] Test set: samples=750, class_dist={8: 68, 9: 75, 20: 73, 37: 78, 39: 76, 48: 73, 59: 78, 68: 74, 86: 80, 90: 75}
  [Client 18] Starting Hier-pFedMe | λ2=35.0, η2=0.02, inner_steps=5, epochs=5, batches/epoch=141  [Client 15] Starting Hier-pFedMe | λ2=35.0, η2=0.02, inner_steps=5, epochs=5, batches/epoch=141

  [Client 19] Starting Hier-pFedMe | λ2=35.0, η2=0.02, inner_steps=5, epochs=5, batches/epoch=141
  [Client 12] Starting Hier-pFedMe | λ2=35.0, η2=0.02, inner_steps=5, epochs=5, batches/epoch=141
  [Client 18] Round 1 | Hier-pFedMe(λ2=35.0, K=5) | loss=0.2876
  [Client 16] Starting Hier-pFedMe | λ2=35.0, η2=0.02, inner_steps=5, epochs=5, batches/epoch=141
  [Client 19] Round 1 | Hier-pFedMe(λ2=35.0, K=5) | loss=0.2224
  [Client 11] Starting Hier-pFedMe | λ2=35.0, η2=0.02, inner_steps=5, epochs=5, batches/epoch=141
  [Client 15] Round 1 | Hier-pFedMe(λ2=35.0, K=5) | loss=0.2635
  [Client 14] Starting Hier-pFedMe | λ2=35.0, η2=0.02, inner_steps=5, epochs=5, batches/epoch=141
  [Client 12] Round 1 | Hier-pFedMe(λ2=35.0, K=5) | loss=0.2233
  [Client 17] Starting Hier-pFedMe | λ2=35.0, η2=0.02, inner_steps=5, epochs=5, batches/epoch=141
  [Client 16] Round 1 | Hier-pFedMe(λ2=35.0, K=5) | loss=0.1983
  [Client 10] Starting Hier-pFedMe | λ2=35.0, η2=0.02, inner_steps=5, epochs=5, batches/epoch=141
  [Client 11] Round 1 | Hier-pFedMe(λ2=35.0, K=5) | loss=0.2783
  [Client 13] Starting Hier-pFedMe | λ2=35.0, η2=0.02, inner_steps=5, epochs=5, batches/epoch=141
  [Client 17] Round 1 | Hier-pFedMe(λ2=35.0, K=5) | loss=0.2375
  [Client 14] Round 1 | Hier-pFedMe(λ2=35.0, K=5) | loss=0.2583
  [Client 10] Round 1 | Hier-pFedMe(λ2=35.0, K=5) | loss=0.2735
  [Client 13] Round 1 | Hier-pFedMe(λ2=35.0, K=5) | loss=0.2864
  [Edge 1] G1 | E4 | loss=0.2529
  [Edge 1] G1 | E5 | Hier-pFedMe | Selected 10/10
  [Client 15] Received edge weights. Set local model to edge weights.
[C15] Test set: samples=750, class_dist={25: 79, 28: 75, 33: 65, 39: 81, 47: 75, 53: 72, 60: 73, 81: 75, 90: 77, 94: 78}
  [Client 19] Received edge weights. Set local model to edge weights.
[C19] Test set: samples=750, class_dist={0: 66, 13: 168, 23: 137, 51: 86, 68: 65, 70: 82, 81: 64, 89: 82}
  [Client 12] Received edge weights. Set local model to edge weights.
[C12] Test set: samples=750, class_dist={17: 72, 41: 154, 47: 72, 48: 78, 54: 85, 58: 68, 69: 83, 83: 72, 96: 66}
  [Client 17] Received edge weights. Set local model to edge weights.
[C17] Test set: samples=750, class_dist={49: 73, 56: 69, 58: 67, 60: 82, 61: 143, 69: 96, 71: 151, 85: 69}
  [Client 13] Received edge weights. Set local model to edge weights.
[C13] Test set: samples=750, class_dist={8: 68, 9: 75, 20: 73, 37: 78, 39: 76, 48: 73, 59: 78, 68: 74, 86: 80, 90: 75}
  [Client 11] Received edge weights. Set local model to edge weights.
[C11] Test set: samples=750, class_dist={10: 175, 12: 136, 16: 85, 17: 77, 37: 65, 40: 70, 82: 70, 87: 72}
  [Client 18] Received edge weights. Set local model to edge weights.
[C18] Test set: samples=750, class_dist={0: 71, 5: 79, 8: 79, 16: 71, 25: 72, 76: 70, 84: 81, 86: 67, 92: 81, 96: 79}
  [Client 16] Received edge weights. Set local model to edge weights.
[C16] Test set: samples=750, class_dist={20: 75, 22: 88, 28: 62, 52: 153, 53: 84, 59: 67, 70: 71, 76: 65, 82: 85}
  [Client 10] Received edge weights. Set local model to edge weights.
[C10] Test set: samples=750, class_dist={5: 74, 9: 72, 51: 87, 54: 76, 57: 149, 84: 72, 89: 78, 92: 60, 94: 82}
  [Client 14] Received edge weights. Set local model to edge weights.
[C14] Test set: samples=750, class_dist={22: 68, 33: 80, 40: 81, 49: 71, 56: 79, 62: 143, 83: 80, 85: 69, 87: 79}
  [Client 15] Starting Hier-pFedMe | λ2=35.0, η2=0.02, inner_steps=5, epochs=5, batches/epoch=141
  [Client 19] Starting Hier-pFedMe | λ2=35.0, η2=0.02, inner_steps=5, epochs=5, batches/epoch=141  [Client 12] Starting Hier-pFedMe | λ2=35.0, η2=0.02, inner_steps=5, epochs=5, batches/epoch=141

  [Client 17] Starting Hier-pFedMe | λ2=35.0, η2=0.02, inner_steps=5, epochs=5, batches/epoch=141
  [Client 15] Round 1 | Hier-pFedMe(λ2=35.0, K=5) | loss=0.1824
  [Client 13] Starting Hier-pFedMe | λ2=35.0, η2=0.02, inner_steps=5, epochs=5, batches/epoch=141
  [Client 19] Round 1 | Hier-pFedMe(λ2=35.0, K=5) | loss=0.1568
  [Client 11] Starting Hier-pFedMe | λ2=35.0, η2=0.02, inner_steps=5, epochs=5, batches/epoch=141
  [Client 17] Round 1 | Hier-pFedMe(λ2=35.0, K=5) | loss=0.1712
  [Client 18] Starting Hier-pFedMe | λ2=35.0, η2=0.02, inner_steps=5, epochs=5, batches/epoch=141
  [Client 12] Round 1 | Hier-pFedMe(λ2=35.0, K=5) | loss=0.1598
  [Client 16] Starting Hier-pFedMe | λ2=35.0, η2=0.02, inner_steps=5, epochs=5, batches/epoch=141
  [Client 13] Round 1 | Hier-pFedMe(λ2=35.0, K=5) | loss=0.2088
  [Client 10] Starting Hier-pFedMe | λ2=35.0, η2=0.02, inner_steps=5, epochs=5, batches/epoch=141
  [Client 11] Round 1 | Hier-pFedMe(λ2=35.0, K=5) | loss=0.1985
  [Client 14] Starting Hier-pFedMe | λ2=35.0, η2=0.02, inner_steps=5, epochs=5, batches/epoch=141
  [Client 18] Round 1 | Hier-pFedMe(λ2=35.0, K=5) | loss=0.2063
  [Client 16] Round 1 | Hier-pFedMe(λ2=35.0, K=5) | loss=0.1475
  [Client 10] Round 1 | Hier-pFedMe(λ2=35.0, K=5) | loss=0.1980
  [Client 14] Round 1 | Hier-pFedMe(λ2=35.0, K=5) | loss=0.1915
  [Edge 1] G1 | E5 | loss=0.1821
  [Cloud] Using Hier-pFedMe global aggregation (式 9).
[C0] n=750 | classes=[6, 18, 29, 30, 34, 43, 44, 55, 64, 66] | acc=0.3747 | per_class={6: '0.36', 18: '0.36', 29: '0.35', 30: '0.71', 34: '0.24', 43: '0.56', 44: '0.13', 55: '0.24', 64: '0.39', 66: '0.39'}
[C1] n=750 | classes=[1, 11, 26, 27, 29, 32, 73, 75, 99] | acc=0.5133 | per_class={1: '0.68', 11: '0.49', 26: '0.40', 27: '0.25', 29: '0.33', 32: '0.37', 73: '0.63', 75: '0.61', 99: '0.68'}
[C2] n=750 | classes=[35, 36, 38, 42, 50, 64, 72, 77, 97, 98] | acc=0.2733 | per_class={35: '0.21', 36: '0.71', 38: '0.24', 42: '0.36', 50: '0.09', 64: '0.14', 72: '0.26', 77: '0.22', 97: '0.35', 98: '0.23'}
[C3] n=750 | classes=[4, 6, 7, 14, 21, 35, 38, 65, 80] | acc=0.3787 | per_class={4: '0.33', 6: '0.32', 7: '0.58', 14: '0.32', 21: '0.50', 35: '0.46', 38: '0.31', 65: '0.18', 80: '0.28'}
[C4] n=750 | classes=[19, 31, 42, 43, 63, 66, 72, 79, 91, 98] | acc=0.4027 | per_class={19: '0.39', 31: '0.39', 42: '0.32', 43: '0.32', 63: '0.55', 66: '0.24', 72: '0.38', 79: '0.37', 91: '0.57', 98: '0.52'}
[C5] n=750 | classes=[4, 15, 19, 34, 45, 63, 74, 91, 93, 95] | acc=0.3747 | per_class={4: '0.14', 15: '0.35', 19: '0.29', 34: '0.53', 45: '0.48', 63: '0.43', 74: '0.23', 91: '0.46', 93: '0.24', 95: '0.70'}
[C6] n=750 | classes=[11, 18, 21, 32, 44, 46, 78, 88, 97] | acc=0.3973 | per_class={11: '0.33', 18: '0.38', 21: '0.60', 32: '0.37', 44: '0.33', 46: '0.25', 78: '0.50', 88: '0.35', 97: '0.41'}
[C7] n=750 | classes=[24, 31, 36, 45, 46, 50, 67, 73, 74, 80] | acc=0.4493 | per_class={24: '0.57', 31: '0.50', 36: '0.58', 45: '0.39', 46: '0.39', 50: '0.19', 67: '0.35', 73: '0.69', 74: '0.36', 80: '0.50'}
[C8] n=750 | classes=[1, 14, 24, 26, 30, 65, 75, 88, 93, 95] | acc=0.4800 | per_class={1: '0.53', 14: '0.48', 24: '0.77', 26: '0.35', 30: '0.46', 65: '0.38', 75: '0.56', 88: '0.44', 93: '0.23', 95: '0.58'}
[C9] n=750 | classes=[2, 3, 15, 27, 55, 67, 77, 79] | acc=0.4973 | per_class={2: '0.69', 3: '0.60', 15: '0.51', 27: '0.30', 55: '0.26', 67: '0.58', 77: '0.20', 79: '0.41'}
[C10] n=750 | classes=[5, 9, 51, 54, 57, 84, 89, 92, 94] | acc=0.4987 | per_class={5: '0.36', 9: '0.33', 51: '0.38', 54: '0.45', 57: '0.75', 84: '0.25', 89: '0.73', 92: '0.50', 94: '0.48'}
[C11] n=750 | classes=[10, 12, 16, 17, 37, 40, 82, 87] | acc=0.5293 | per_class={10: '0.70', 12: '0.54', 16: '0.41', 17: '0.66', 37: '0.25', 40: '0.29', 82: '0.79', 87: '0.35'}
[C12] n=750 | classes=[17, 41, 47, 48, 54, 58, 69, 83, 96] | acc=0.6533 | per_class={17: '0.74', 41: '0.69', 47: '0.53', 48: '0.53', 54: '0.68', 58: '0.57', 69: '0.80', 83: '0.71', 96: '0.58'}
[C13] n=750 | classes=[8, 9, 20, 37, 39, 48, 59, 68, 86, 90] | acc=0.5293 | per_class={8: '0.40', 9: '0.56', 20: '0.71', 37: '0.47', 39: '0.64', 48: '0.47', 59: '0.56', 68: '0.68', 86: '0.45', 90: '0.35'}
[C14] n=750 | classes=[22, 33, 40, 49, 56, 62, 83, 85, 87] | acc=0.5933 | per_class={22: '0.54', 33: '0.64', 40: '0.38', 49: '0.73', 56: '0.61', 62: '0.80', 83: '0.41', 85: '0.70', 87: '0.39'}
[C15] n=750 | classes=[25, 28, 33, 39, 47, 53, 60, 81, 90, 94] | acc=0.5893 | per_class={25: '0.39', 28: '0.60', 33: '0.49', 39: '0.51', 47: '0.67', 53: '0.78', 60: '0.81', 81: '0.55', 90: '0.45', 94: '0.67'}
[C16] n=750 | classes=[20, 22, 28, 52, 53, 59, 70, 76, 82] | acc=0.7000 | per_class={20: '0.68', 22: '0.45', 28: '0.63', 52: '0.81', 53: '0.75', 59: '0.52', 70: '0.75', 76: '0.69', 82: '0.88'}
[C17] n=750 | classes=[49, 56, 58, 60, 61, 69, 71, 85] | acc=0.5720 | per_class={49: '0.82', 56: '0.70', 58: '0.58', 60: '0.54', 61: '0.87', 69: '0.53', 71: '0.18', 85: '0.51'}
[C18] n=750 | classes=[0, 5, 8, 16, 25, 76, 84, 86, 92, 96] | acc=0.5053 | per_class={0: '0.58', 5: '0.28', 8: '0.38', 16: '0.58', 25: '0.33', 76: '0.81', 84: '0.35', 86: '0.40', 92: '0.54', 96: '0.82'}
[C19] n=750 | classes=[0, 13, 23, 51, 68, 70, 81, 89] | acc=0.6173 | per_class={0: '0.86', 13: '0.58', 23: '0.88', 51: '0.62', 68: '0.72', 70: '0.40', 81: '0.25', 89: '0.49'}
  [Cloud] GM=0.0325 | EM=0.1333 PM=0.4965 | loss=4.9587 | time=353.0s | comm=719.6MB (total=720MB)

[Round   2] Broadcasting to 2 edges...
  [Edge 0] W_n reset to global weights for new round.
  [Edge 1] W_n reset to global weights for new round.
  [Edge 0] G2 | E1 | Hier-pFedMe | Selected 10/10
  [Client  4] Received edge weights. Set local model to edge weights.
[C4] Test set: samples=750, class_dist={19: 72, 31: 69, 42: 76, 43: 75, 63: 80, 66: 80, 72: 74, 79: 81, 91: 77, 98: 66}
  [Client  1] Received edge weights. Set local model to edge weights.
[C1] Test set: samples=750, class_dist={1: 75, 11: 80, 26: 83, 27: 68, 29: 75, 32: 70, 73: 71, 75: 79, 99: 149}
  [Client  2] Received edge weights. Set local model to edge weights.
[C2] Test set: samples=750, class_dist={35: 80, 36: 63, 38: 79, 42: 77, 50: 77, 64: 79, 72: 80, 77: 72, 97: 72, 98: 71}
  [Client  3] Received edge weights. Set local model to edge weights.
[C3] Test set: samples=750, class_dist={4: 80, 6: 65, 7: 146, 14: 82, 21: 76, 35: 63, 38: 70, 65: 89, 80: 79}
  [Client  7] Received edge weights. Set local model to edge weights.
[C7] Test set: samples=750, class_dist={24: 68, 31: 72, 36: 73, 45: 74, 46: 76, 50: 79, 67: 92, 73: 75, 74: 61, 80: 80}
  [Client  0] Received edge weights. Set local model to edge weights.
[C0] Test set: samples=750, class_dist={6: 83, 18: 67, 29: 71, 30: 73, 34: 78, 43: 77, 44: 71, 55: 71, 64: 82, 66: 77}
  [Client  9] Received edge weights. Set local model to edge weights.
[C9] Test set: samples=750, class_dist={2: 167, 3: 151, 15: 78, 27: 67, 55: 68, 67: 71, 77: 66, 79: 82}
  [Client  8] Received edge weights. Set local model to edge weights.
[C8] Test set: samples=750, class_dist={1: 60, 14: 77, 24: 79, 26: 71, 30: 76, 65: 78, 75: 62, 88: 91, 93: 73, 95: 83}
  [Client  5] Received edge weights. Set local model to edge weights.
[C5] Test set: samples=750, class_dist={4: 76, 15: 79, 19: 73, 34: 66, 45: 81, 63: 90, 74: 77, 91: 69, 93: 86, 95: 53}
  [Client  6] Received edge weights. Set local model to edge weights.
[C6] Test set: samples=750, class_dist={11: 70, 18: 85, 21: 73, 32: 89, 44: 80, 46: 73, 78: 127, 88: 85, 97: 68}
  [Client  4] Starting Hier-pFedMe | λ2=35.0, η2=0.02, inner_steps=5, epochs=5, batches/epoch=141  [Client  1] Starting Hier-pFedMe | λ2=35.0, η2=0.02, inner_steps=5, epochs=5, batches/epoch=141

  [Client  2] Starting Hier-pFedMe | λ2=35.0, η2=0.02, inner_steps=5, epochs=5, batches/epoch=141
  [Client  3] Starting Hier-pFedMe | λ2=35.0, η2=0.02, inner_steps=5, epochs=5, batches/epoch=141
  [Client  2] Round 2 | Hier-pFedMe(λ2=35.0, K=5) | loss=0.3050
  [Client  7] Starting Hier-pFedMe | λ2=35.0, η2=0.02, inner_steps=5, epochs=5, batches/epoch=141
  [Client  3] Round 2 | Hier-pFedMe(λ2=35.0, K=5) | loss=0.2840
  [Client  0] Starting Hier-pFedMe | λ2=35.0, η2=0.02, inner_steps=5, epochs=5, batches/epoch=141
  [Client  1] Round 2 | Hier-pFedMe(λ2=35.0, K=5) | loss=0.2351
  [Client  9] Starting Hier-pFedMe | λ2=35.0, η2=0.02, inner_steps=5, epochs=5, batches/epoch=141
  [Client  4] Round 2 | Hier-pFedMe(λ2=35.0, K=5) | loss=0.2775
  [Client  8] Starting Hier-pFedMe | λ2=35.0, η2=0.02, inner_steps=5, epochs=5, batches/epoch=141
  [Client  0] Round 2 | Hier-pFedMe(λ2=35.0, K=5) | loss=0.2798
  [Client  5] Starting Hier-pFedMe | λ2=35.0, η2=0.02, inner_steps=5, epochs=5, batches/epoch=141
  [Client  9] Round 2 | Hier-pFedMe(λ2=35.0, K=5) | loss=0.2673
  [Client  6] Starting Hier-pFedMe | λ2=35.0, η2=0.02, inner_steps=5, epochs=5, batches/epoch=141
  [Client  7] Round 2 | Hier-pFedMe(λ2=35.0, K=5) | loss=0.2671
  [Client  8] Round 2 | Hier-pFedMe(λ2=35.0, K=5) | loss=0.2380
  [Client  5] Round 2 | Hier-pFedMe(λ2=35.0, K=5) | loss=0.2827
  [Client  6] Round 2 | Hier-pFedMe(λ2=35.0, K=5) | loss=0.2809
  [Edge 0] G2 | E1 | loss=0.2717
  [Edge 0] G2 | E2 | Hier-pFedMe | Selected 10/10
  [Client  4] Received edge weights. Set local model to edge weights.
[C4] Test set: samples=750, class_dist={19: 72, 31: 69, 42: 76, 43: 75, 63: 80, 66: 80, 72: 74, 79: 81, 91: 77, 98: 66}
  [Client  9] Received edge weights. Set local model to edge weights.
[C9] Test set: samples=750, class_dist={2: 167, 3: 151, 15: 78, 27: 67, 55: 68, 67: 71, 77: 66, 79: 82}
  [Client  8] Received edge weights. Set local model to edge weights.
[C8] Test set: samples=750, class_dist={1: 60, 14: 77, 24: 79, 26: 71, 30: 76, 65: 78, 75: 62, 88: 91, 93: 73, 95: 83}
  [Client  5] Received edge weights. Set local model to edge weights.
[C5] Test set: samples=750, class_dist={4: 76, 15: 79, 19: 73, 34: 66, 45: 81, 63: 90, 74: 77, 91: 69, 93: 86, 95: 53}
  [Client  2] Received edge weights. Set local model to edge weights.
[C2] Test set: samples=750, class_dist={35: 80, 36: 63, 38: 79, 42: 77, 50: 77, 64: 79, 72: 80, 77: 72, 97: 72, 98: 71}
  [Client  0] Received edge weights. Set local model to edge weights.
[C0] Test set: samples=750, class_dist={6: 83, 18: 67, 29: 71, 30: 73, 34: 78, 43: 77, 44: 71, 55: 71, 64: 82, 66: 77}
  [Client  3] Received edge weights. Set local model to edge weights.
[C3] Test set: samples=750, class_dist={4: 80, 6: 65, 7: 146, 14: 82, 21: 76, 35: 63, 38: 70, 65: 89, 80: 79}
  [Client  7] Received edge weights. Set local model to edge weights.
[C7] Test set: samples=750, class_dist={24: 68, 31: 72, 36: 73, 45: 74, 46: 76, 50: 79, 67: 92, 73: 75, 74: 61, 80: 80}
  [Client  1] Received edge weights. Set local model to edge weights.
[C1] Test set: samples=750, class_dist={1: 75, 11: 80, 26: 83, 27: 68, 29: 75, 32: 70, 73: 71, 75: 79, 99: 149}
  [Client  6] Received edge weights. Set local model to edge weights.
[C6] Test set: samples=750, class_dist={11: 70, 18: 85, 21: 73, 32: 89, 44: 80, 46: 73, 78: 127, 88: 85, 97: 68}
  [Client  4] Starting Hier-pFedMe | λ2=35.0, η2=0.02, inner_steps=5, epochs=5, batches/epoch=141  [Client  9] Starting Hier-pFedMe | λ2=35.0, η2=0.02, inner_steps=5, epochs=5, batches/epoch=141

  [Client  5] Starting Hier-pFedMe | λ2=35.0, η2=0.02, inner_steps=5, epochs=5, batches/epoch=141  [Client  8] Starting Hier-pFedMe | λ2=35.0, η2=0.02, inner_steps=5, epochs=5, batches/epoch=141

  [Client  9] Round 2 | Hier-pFedMe(λ2=35.0, K=5) | loss=0.1694
  [Client  2] Starting Hier-pFedMe | λ2=35.0, η2=0.02, inner_steps=5, epochs=5, batches/epoch=141
  [Client  4] Round 2 | Hier-pFedMe(λ2=35.0, K=5) | loss=0.1709
  [Client  0] Starting Hier-pFedMe | λ2=35.0, η2=0.02, inner_steps=5, epochs=5, batches/epoch=141
  [Client  8] Round 2 | Hier-pFedMe(λ2=35.0, K=5) | loss=0.1531
  [Client  3] Starting Hier-pFedMe | λ2=35.0, η2=0.02, inner_steps=5, epochs=5, batches/epoch=141
  [Client  5] Round 2 | Hier-pFedMe(λ2=35.0, K=5) | loss=0.1748
  [Client  7] Starting Hier-pFedMe | λ2=35.0, η2=0.02, inner_steps=5, epochs=5, batches/epoch=141
  [Client  2] Round 2 | Hier-pFedMe(λ2=35.0, K=5) | loss=0.1921
  [Client  1] Starting Hier-pFedMe | λ2=35.0, η2=0.02, inner_steps=5, epochs=5, batches/epoch=141
  [Client  3] Round 2 | Hier-pFedMe(λ2=35.0, K=5) | loss=0.1882
  [Client  0] Round 2 | Hier-pFedMe(λ2=35.0, K=5) | loss=0.1782
  [Client  6] Starting Hier-pFedMe | λ2=35.0, η2=0.02, inner_steps=5, epochs=5, batches/epoch=141
  [Client  7] Round 2 | Hier-pFedMe(λ2=35.0, K=5) | loss=0.1841
  [Client  1] Round 2 | Hier-pFedMe(λ2=35.0, K=5) | loss=0.1555
  [Client  6] Round 2 | Hier-pFedMe(λ2=35.0, K=5) | loss=0.1684
  [Edge 0] G2 | E2 | loss=0.1735
  [Edge 0] G2 | E3 | Hier-pFedMe | Selected 10/10
  [Client  3] Received edge weights. Set local model to edge weights.
[C3] Test set: samples=750, class_dist={4: 80, 6: 65, 7: 146, 14: 82, 21: 76, 35: 63, 38: 70, 65: 89, 80: 79}
  [Client  7] Received edge weights. Set local model to edge weights.
[C7] Test set: samples=750, class_dist={24: 68, 31: 72, 36: 73, 45: 74, 46: 76, 50: 79, 67: 92, 73: 75, 74: 61, 80: 80}
  [Client  6] Received edge weights. Set local model to edge weights.
[C6] Test set: samples=750, class_dist={11: 70, 18: 85, 21: 73, 32: 89, 44: 80, 46: 73, 78: 127, 88: 85, 97: 68}
  [Client  9] Received edge weights. Set local model to edge weights.
[C9] Test set: samples=750, class_dist={2: 167, 3: 151, 15: 78, 27: 67, 55: 68, 67: 71, 77: 66, 79: 82}
  [Client  8] Received edge weights. Set local model to edge weights.
[C8] Test set: samples=750, class_dist={1: 60, 14: 77, 24: 79, 26: 71, 30: 76, 65: 78, 75: 62, 88: 91, 93: 73, 95: 83}
  [Client  1] Received edge weights. Set local model to edge weights.
[C1] Test set: samples=750, class_dist={1: 75, 11: 80, 26: 83, 27: 68, 29: 75, 32: 70, 73: 71, 75: 79, 99: 149}
  [Client  0] Received edge weights. Set local model to edge weights.
[C0] Test set: samples=750, class_dist={6: 83, 18: 67, 29: 71, 30: 73, 34: 78, 43: 77, 44: 71, 55: 71, 64: 82, 66: 77}
  [Client  4] Received edge weights. Set local model to edge weights.
[C4] Test set: samples=750, class_dist={19: 72, 31: 69, 42: 76, 43: 75, 63: 80, 66: 80, 72: 74, 79: 81, 91: 77, 98: 66}
  [Client  5] Received edge weights. Set local model to edge weights.
[C5] Test set: samples=750, class_dist={4: 76, 15: 79, 19: 73, 34: 66, 45: 81, 63: 90, 74: 77, 91: 69, 93: 86, 95: 53}
  [Client  2] Received edge weights. Set local model to edge weights.
[C2] Test set: samples=750, class_dist={35: 80, 36: 63, 38: 79, 42: 77, 50: 77, 64: 79, 72: 80, 77: 72, 97: 72, 98: 71}
  [Client  3] Starting Hier-pFedMe | λ2=35.0, η2=0.02, inner_steps=5, epochs=5, batches/epoch=141  [Client  7] Starting Hier-pFedMe | λ2=35.0, η2=0.02, inner_steps=5, epochs=5, batches/epoch=141  [Client  6] Starting Hier-pFedMe | λ2=35.0, η2=0.02, inner_steps=5, epochs=5, batches/epoch=141  [Client  9] Starting Hier-pFedMe | λ2=35.0, η2=0.02, inner_steps=5, epochs=5, batches/epoch=141



  [Client  9] Round 2 | Hier-pFedMe(λ2=35.0, K=5) | loss=0.1252
  [Client  8] Starting Hier-pFedMe | λ2=35.0, η2=0.02, inner_steps=5, epochs=5, batches/epoch=141
  [Client  7] Round 2 | Hier-pFedMe(λ2=35.0, K=5) | loss=0.1225
  [Client  1] Starting Hier-pFedMe | λ2=35.0, η2=0.02, inner_steps=5, epochs=5, batches/epoch=141
  [Client  3] Round 2 | Hier-pFedMe(λ2=35.0, K=5) | loss=0.1344
  [Client  0] Starting Hier-pFedMe | λ2=35.0, η2=0.02, inner_steps=5, epochs=5, batches/epoch=141
  [Client  6] Round 2 | Hier-pFedMe(λ2=35.0, K=5) | loss=0.1258
  [Client  4] Starting Hier-pFedMe | λ2=35.0, η2=0.02, inner_steps=5, epochs=5, batches/epoch=141
  [Client  8] Round 2 | Hier-pFedMe(λ2=35.0, K=5) | loss=0.1110
  [Client  5] Starting Hier-pFedMe | λ2=35.0, η2=0.02, inner_steps=5, epochs=5, batches/epoch=141  [Client  0] Round 2 | Hier-pFedMe(λ2=35.0, K=5) | loss=0.1162

  [Client  2] Starting Hier-pFedMe | λ2=35.0, η2=0.02, inner_steps=5, epochs=5, batches/epoch=141
  [Client  1] Round 2 | Hier-pFedMe(λ2=35.0, K=5) | loss=0.1097
  [Client  4] Round 2 | Hier-pFedMe(λ2=35.0, K=5) | loss=0.1203
  [Client  2] Round 2 | Hier-pFedMe(λ2=35.0, K=5) | loss=0.1396
  [Client  5] Round 2 | Hier-pFedMe(λ2=35.0, K=5) | loss=0.1295
  [Edge 0] G2 | E3 | loss=0.1234
  [Edge 0] G2 | E4 | Hier-pFedMe | Selected 10/10
  [Client  1] Received edge weights. Set local model to edge weights.
[C1] Test set: samples=750, class_dist={1: 75, 11: 80, 26: 83, 27: 68, 29: 75, 32: 70, 73: 71, 75: 79, 99: 149}
  [Client  0] Received edge weights. Set local model to edge weights.
[C0] Test set: samples=750, class_dist={6: 83, 18: 67, 29: 71, 30: 73, 34: 78, 43: 77, 44: 71, 55: 71, 64: 82, 66: 77}
  [Client  7] Received edge weights. Set local model to edge weights.
[C7] Test set: samples=750, class_dist={24: 68, 31: 72, 36: 73, 45: 74, 46: 76, 50: 79, 67: 92, 73: 75, 74: 61, 80: 80}
  [Client  6] Received edge weights. Set local model to edge weights.
[C6] Test set: samples=750, class_dist={11: 70, 18: 85, 21: 73, 32: 89, 44: 80, 46: 73, 78: 127, 88: 85, 97: 68}
  [Client  3] Received edge weights. Set local model to edge weights.
[C3] Test set: samples=750, class_dist={4: 80, 6: 65, 7: 146, 14: 82, 21: 76, 35: 63, 38: 70, 65: 89, 80: 79}
  [Client  9] Received edge weights. Set local model to edge weights.
[C9] Test set: samples=750, class_dist={2: 167, 3: 151, 15: 78, 27: 67, 55: 68, 67: 71, 77: 66, 79: 82}
  [Client  4] Received edge weights. Set local model to edge weights.
[C4] Test set: samples=750, class_dist={19: 72, 31: 69, 42: 76, 43: 75, 63: 80, 66: 80, 72: 74, 79: 81, 91: 77, 98: 66}
  [Client  2] Received edge weights. Set local model to edge weights.
[C2] Test set: samples=750, class_dist={35: 80, 36: 63, 38: 79, 42: 77, 50: 77, 64: 79, 72: 80, 77: 72, 97: 72, 98: 71}
  [Client  5] Received edge weights. Set local model to edge weights.
[C5] Test set: samples=750, class_dist={4: 76, 15: 79, 19: 73, 34: 66, 45: 81, 63: 90, 74: 77, 91: 69, 93: 86, 95: 53}
  [Client  8] Received edge weights. Set local model to edge weights.
[C8] Test set: samples=750, class_dist={1: 60, 14: 77, 24: 79, 26: 71, 30: 76, 65: 78, 75: 62, 88: 91, 93: 73, 95: 83}
  [Client  1] Starting Hier-pFedMe | λ2=35.0, η2=0.02, inner_steps=5, epochs=5, batches/epoch=141  [Client  0] Starting Hier-pFedMe | λ2=35.0, η2=0.02, inner_steps=5, epochs=5, batches/epoch=141

  [Client  7] Starting Hier-pFedMe | λ2=35.0, η2=0.02, inner_steps=5, epochs=5, batches/epoch=141
  [Client  6] Starting Hier-pFedMe | λ2=35.0, η2=0.02, inner_steps=5, epochs=5, batches/epoch=141
  [Client  7] Round 2 | Hier-pFedMe(λ2=35.0, K=5) | loss=0.0938
  [Client  0] Round 2 | Hier-pFedMe(λ2=35.0, K=5) | loss=0.0985
  [Client  3] Starting Hier-pFedMe | λ2=35.0, η2=0.02, inner_steps=5, epochs=5, batches/epoch=141
  [Client  9] Starting Hier-pFedMe | λ2=35.0, η2=0.02, inner_steps=5, epochs=5, batches/epoch=141
  [Client  1] Round 2 | Hier-pFedMe(λ2=35.0, K=5) | loss=0.0801
  [Client  4] Starting Hier-pFedMe | λ2=35.0, η2=0.02, inner_steps=5, epochs=5, batches/epoch=141
  [Client  6] Round 2 | Hier-pFedMe(λ2=35.0, K=5) | loss=0.0948
  [Client  2] Starting Hier-pFedMe | λ2=35.0, η2=0.02, inner_steps=5, epochs=5, batches/epoch=141
  [Client  3] Round 2 | Hier-pFedMe(λ2=35.0, K=5) | loss=0.0960
  [Client  9] Round 2 | Hier-pFedMe(λ2=35.0, K=5) | loss=0.0860  [Client  5] Starting Hier-pFedMe | λ2=35.0, η2=0.02, inner_steps=5, epochs=5, batches/epoch=141
  [Client  8] Starting Hier-pFedMe | λ2=35.0, η2=0.02, inner_steps=5, epochs=5, batches/epoch=141

  [Client  4] Round 2 | Hier-pFedMe(λ2=35.0, K=5) | loss=0.0903
  [Client  2] Round 2 | Hier-pFedMe(λ2=35.0, K=5) | loss=0.1093
  [Client  5] Round 2 | Hier-pFedMe(λ2=35.0, K=5) | loss=0.0876
  [Client  8] Round 2 | Hier-pFedMe(λ2=35.0, K=5) | loss=0.0933
  [Edge 0] G2 | E4 | loss=0.0930
  [Edge 0] G2 | E5 | Hier-pFedMe | Selected 10/10
  [Client  4] Received edge weights. Set local model to edge weights.
[C4] Test set: samples=750, class_dist={19: 72, 31: 69, 42: 76, 43: 75, 63: 80, 66: 80, 72: 74, 79: 81, 91: 77, 98: 66}
  [Client  1] Received edge weights. Set local model to edge weights.
[C1] Test set: samples=750, class_dist={1: 75, 11: 80, 26: 83, 27: 68, 29: 75, 32: 70, 73: 71, 75: 79, 99: 149}
  [Client  5] Received edge weights. Set local model to edge weights.
[C5] Test set: samples=750, class_dist={4: 76, 15: 79, 19: 73, 34: 66, 45: 81, 63: 90, 74: 77, 91: 69, 93: 86, 95: 53}
  [Client  9] Received edge weights. Set local model to edge weights.
[C9] Test set: samples=750, class_dist={2: 167, 3: 151, 15: 78, 27: 67, 55: 68, 67: 71, 77: 66, 79: 82}
  [Client  2] Received edge weights. Set local model to edge weights.
[C2] Test set: samples=750, class_dist={35: 80, 36: 63, 38: 79, 42: 77, 50: 77, 64: 79, 72: 80, 77: 72, 97: 72, 98: 71}
  [Client  7] Received edge weights. Set local model to edge weights.
[C7] Test set: samples=750, class_dist={24: 68, 31: 72, 36: 73, 45: 74, 46: 76, 50: 79, 67: 92, 73: 75, 74: 61, 80: 80}
  [Client  0] Received edge weights. Set local model to edge weights.
[C0] Test set: samples=750, class_dist={6: 83, 18: 67, 29: 71, 30: 73, 34: 78, 43: 77, 44: 71, 55: 71, 64: 82, 66: 77}
  [Client  8] Received edge weights. Set local model to edge weights.
[C8] Test set: samples=750, class_dist={1: 60, 14: 77, 24: 79, 26: 71, 30: 76, 65: 78, 75: 62, 88: 91, 93: 73, 95: 83}
  [Client  3] Received edge weights. Set local model to edge weights.
[C3] Test set: samples=750, class_dist={4: 80, 6: 65, 7: 146, 14: 82, 21: 76, 35: 63, 38: 70, 65: 89, 80: 79}
  [Client  6] Received edge weights. Set local model to edge weights.
[C6] Test set: samples=750, class_dist={11: 70, 18: 85, 21: 73, 32: 89, 44: 80, 46: 73, 78: 127, 88: 85, 97: 68}
  [Client  4] Starting Hier-pFedMe | λ2=35.0, η2=0.02, inner_steps=5, epochs=5, batches/epoch=141  [Client  1] Starting Hier-pFedMe | λ2=35.0, η2=0.02, inner_steps=5, epochs=5, batches/epoch=141

  [Client  5] Starting Hier-pFedMe | λ2=35.0, η2=0.02, inner_steps=5, epochs=5, batches/epoch=141
  [Client  9] Starting Hier-pFedMe | λ2=35.0, η2=0.02, inner_steps=5, epochs=5, batches/epoch=141
  [Client  9] Round 2 | Hier-pFedMe(λ2=35.0, K=5) | loss=0.0671
  [Client  2] Starting Hier-pFedMe | λ2=35.0, η2=0.02, inner_steps=5, epochs=5, batches/epoch=141
  [Client  4] Round 2 | Hier-pFedMe(λ2=35.0, K=5) | loss=0.0676
  [Client  7] Starting Hier-pFedMe | λ2=35.0, η2=0.02, inner_steps=5, epochs=5, batches/epoch=141
  [Client  1] Round 2 | Hier-pFedMe(λ2=35.0, K=5) | loss=0.0553
  [Client  0] Starting Hier-pFedMe | λ2=35.0, η2=0.02, inner_steps=5, epochs=5, batches/epoch=141
  [Client  5] Round 2 | Hier-pFedMe(λ2=35.0, K=5) | loss=0.0721
  [Client  8] Starting Hier-pFedMe | λ2=35.0, η2=0.02, inner_steps=5, epochs=5, batches/epoch=141
  [Client  2] Round 2 | Hier-pFedMe(λ2=35.0, K=5) | loss=0.0744
  [Client  3] Starting Hier-pFedMe | λ2=35.0, η2=0.02, inner_steps=5, epochs=5, batches/epoch=141
  [Client  8] Round 2 | Hier-pFedMe(λ2=35.0, K=5) | loss=0.0577
  [Client  6] Starting Hier-pFedMe | λ2=35.0, η2=0.02, inner_steps=5, epochs=5, batches/epoch=141
  [Client  0] Round 2 | Hier-pFedMe(λ2=35.0, K=5) | loss=0.0697
  [Client  7] Round 2 | Hier-pFedMe(λ2=35.0, K=5) | loss=0.0677
  [Client  3] Round 2 | Hier-pFedMe(λ2=35.0, K=5) | loss=0.0687
  [Client  6] Round 2 | Hier-pFedMe(λ2=35.0, K=5) | loss=0.0678
  [Edge 0] G2 | E5 | loss=0.0668
  [Edge 1] G2 | E1 | Hier-pFedMe | Selected 10/10
  [Client 19] Received edge weights. Set local model to edge weights.
[C19] Test set: samples=750, class_dist={0: 66, 13: 168, 23: 137, 51: 86, 68: 65, 70: 82, 81: 64, 89: 82}
  [Client 14] Received edge weights. Set local model to edge weights.
[C14] Test set: samples=750, class_dist={22: 68, 33: 80, 40: 81, 49: 71, 56: 79, 62: 143, 83: 80, 85: 69, 87: 79}
  [Client 16] Received edge weights. Set local model to edge weights.
[C16] Test set: samples=750, class_dist={20: 75, 22: 88, 28: 62, 52: 153, 53: 84, 59: 67, 70: 71, 76: 65, 82: 85}
  [Client 18] Received edge weights. Set local model to edge weights.
[C18] Test set: samples=750, class_dist={0: 71, 5: 79, 8: 79, 16: 71, 25: 72, 76: 70, 84: 81, 86: 67, 92: 81, 96: 79}
  [Client 10] Received edge weights. Set local model to edge weights.
[C10] Test set: samples=750, class_dist={5: 74, 9: 72, 51: 87, 54: 76, 57: 149, 84: 72, 89: 78, 92: 60, 94: 82}
  [Client 17] Received edge weights. Set local model to edge weights.
[C17] Test set: samples=750, class_dist={49: 73, 56: 69, 58: 67, 60: 82, 61: 143, 69: 96, 71: 151, 85: 69}
  [Client 15] Received edge weights. Set local model to edge weights.
[C15] Test set: samples=750, class_dist={25: 79, 28: 75, 33: 65, 39: 81, 47: 75, 53: 72, 60: 73, 81: 75, 90: 77, 94: 78}
  [Client 12] Received edge weights. Set local model to edge weights.
[C12] Test set: samples=750, class_dist={17: 72, 41: 154, 47: 72, 48: 78, 54: 85, 58: 68, 69: 83, 83: 72, 96: 66}
  [Client 11] Received edge weights. Set local model to edge weights.
[C11] Test set: samples=750, class_dist={10: 175, 12: 136, 16: 85, 17: 77, 37: 65, 40: 70, 82: 70, 87: 72}
  [Client 13] Received edge weights. Set local model to edge weights.
[C13] Test set: samples=750, class_dist={8: 68, 9: 75, 20: 73, 37: 78, 39: 76, 48: 73, 59: 78, 68: 74, 86: 80, 90: 75}
  [Client 19] Starting Hier-pFedMe | λ2=35.0, η2=0.02, inner_steps=5, epochs=5, batches/epoch=141  [Client 14] Starting Hier-pFedMe | λ2=35.0, η2=0.02, inner_steps=5, epochs=5, batches/epoch=141

  [Client 18] Starting Hier-pFedMe | λ2=35.0, η2=0.02, inner_steps=5, epochs=5, batches/epoch=141  [Client 16] Starting Hier-pFedMe | λ2=35.0, η2=0.02, inner_steps=5, epochs=5, batches/epoch=141

  [Client 14] Round 2 | Hier-pFedMe(λ2=35.0, K=5) | loss=0.2110
  [Client 10] Starting Hier-pFedMe | λ2=35.0, η2=0.02, inner_steps=5, epochs=5, batches/epoch=141
  [Client 19] Round 2 | Hier-pFedMe(λ2=35.0, K=5) | loss=0.1816
  [Client 17] Starting Hier-pFedMe | λ2=35.0, η2=0.02, inner_steps=5, epochs=5, batches/epoch=141
  [Client 16] Round 2 | Hier-pFedMe(λ2=35.0, K=5) | loss=0.1681
  [Client 15] Starting Hier-pFedMe | λ2=35.0, η2=0.02, inner_steps=5, epochs=5, batches/epoch=141
  [Client 18] Round 2 | Hier-pFedMe(λ2=35.0, K=5) | loss=0.2321
  [Client 12] Starting Hier-pFedMe | λ2=35.0, η2=0.02, inner_steps=5, epochs=5, batches/epoch=141
  [Client 10] Round 2 | Hier-pFedMe(λ2=35.0, K=5) | loss=0.2160
  [Client 11] Starting Hier-pFedMe | λ2=35.0, η2=0.02, inner_steps=5, epochs=5, batches/epoch=141
  [Client 17] Round 2 | Hier-pFedMe(λ2=35.0, K=5) | loss=0.1947
  [Client 13] Starting Hier-pFedMe | λ2=35.0, η2=0.02, inner_steps=5, epochs=5, batches/epoch=141
  [Client 15] Round 2 | Hier-pFedMe(λ2=35.0, K=5) | loss=0.2075
  [Client 12] Round 2 | Hier-pFedMe(λ2=35.0, K=5) | loss=0.1818
  [Client 11] Round 2 | Hier-pFedMe(λ2=35.0, K=5) | loss=0.2082
  [Client 13] Round 2 | Hier-pFedMe(λ2=35.0, K=5) | loss=0.2414
  [Edge 1] G2 | E1 | loss=0.2042
  [Edge 1] G2 | E2 | Hier-pFedMe | Selected 10/10
  [Client 12] Received edge weights. Set local model to edge weights.
[C12] Test set: samples=750, class_dist={17: 72, 41: 154, 47: 72, 48: 78, 54: 85, 58: 68, 69: 83, 83: 72, 96: 66}
  [Client 15] Received edge weights. Set local model to edge weights.
[C15] Test set: samples=750, class_dist={25: 79, 28: 75, 33: 65, 39: 81, 47: 75, 53: 72, 60: 73, 81: 75, 90: 77, 94: 78}
  [Client 19] Received edge weights. Set local model to edge weights.
[C19] Test set: samples=750, class_dist={0: 66, 13: 168, 23: 137, 51: 86, 68: 65, 70: 82, 81: 64, 89: 82}
  [Client 13] Received edge weights. Set local model to edge weights.
[C13] Test set: samples=750, class_dist={8: 68, 9: 75, 20: 73, 37: 78, 39: 76, 48: 73, 59: 78, 68: 74, 86: 80, 90: 75}
  [Client 18] Received edge weights. Set local model to edge weights.
[C18] Test set: samples=750, class_dist={0: 71, 5: 79, 8: 79, 16: 71, 25: 72, 76: 70, 84: 81, 86: 67, 92: 81, 96: 79}
  [Client 14] Received edge weights. Set local model to edge weights.
[C14] Test set: samples=750, class_dist={22: 68, 33: 80, 40: 81, 49: 71, 56: 79, 62: 143, 83: 80, 85: 69, 87: 79}
  [Client 17] Received edge weights. Set local model to edge weights.
[C17] Test set: samples=750, class_dist={49: 73, 56: 69, 58: 67, 60: 82, 61: 143, 69: 96, 71: 151, 85: 69}
  [Client 16] Received edge weights. Set local model to edge weights.
[C16] Test set: samples=750, class_dist={20: 75, 22: 88, 28: 62, 52: 153, 53: 84, 59: 67, 70: 71, 76: 65, 82: 85}
  [Client 10] Received edge weights. Set local model to edge weights.
[C10] Test set: samples=750, class_dist={5: 74, 9: 72, 51: 87, 54: 76, 57: 149, 84: 72, 89: 78, 92: 60, 94: 82}
  [Client 11] Received edge weights. Set local model to edge weights.
[C11] Test set: samples=750, class_dist={10: 175, 12: 136, 16: 85, 17: 77, 37: 65, 40: 70, 82: 70, 87: 72}
  [Client 12] Starting Hier-pFedMe | λ2=35.0, η2=0.02, inner_steps=5, epochs=5, batches/epoch=141  [Client 15] Starting Hier-pFedMe | λ2=35.0, η2=0.02, inner_steps=5, epochs=5, batches/epoch=141  [Client 19] Starting Hier-pFedMe | λ2=35.0, η2=0.02, inner_steps=5, epochs=5, batches/epoch=141
  [Client 13] Starting Hier-pFedMe | λ2=35.0, η2=0.02, inner_steps=5, epochs=5, batches/epoch=141


  [Client 19] Round 2 | Hier-pFedMe(λ2=35.0, K=5) | loss=0.1074
  [Client 18] Starting Hier-pFedMe | λ2=35.0, η2=0.02, inner_steps=5, epochs=5, batches/epoch=141
  [Client 13] Round 2 | Hier-pFedMe(λ2=35.0, K=5) | loss=0.1457
  [Client 14] Starting Hier-pFedMe | λ2=35.0, η2=0.02, inner_steps=5, epochs=5, batches/epoch=141
  [Client 15] Round 2 | Hier-pFedMe(λ2=35.0, K=5) | loss=0.1422
  [Client 17] Starting Hier-pFedMe | λ2=35.0, η2=0.02, inner_steps=5, epochs=5, batches/epoch=141
  [Client 12] Round 2 | Hier-pFedMe(λ2=35.0, K=5) | loss=0.1241
  [Client 16] Starting Hier-pFedMe | λ2=35.0, η2=0.02, inner_steps=5, epochs=5, batches/epoch=141
  [Client 18] Round 2 | Hier-pFedMe(λ2=35.0, K=5) | loss=0.1467
  [Client 10] Starting Hier-pFedMe | λ2=35.0, η2=0.02, inner_steps=5, epochs=5, batches/epoch=141
  [Client 14] Round 2 | Hier-pFedMe(λ2=35.0, K=5) | loss=0.1412
  [Client 11] Starting Hier-pFedMe | λ2=35.0, η2=0.02, inner_steps=5, epochs=5, batches/epoch=141
  [Client 16] Round 2 | Hier-pFedMe(λ2=35.0, K=5) | loss=0.1061
  [Client 17] Round 2 | Hier-pFedMe(λ2=35.0, K=5) | loss=0.1240
  [Client 10] Round 2 | Hier-pFedMe(λ2=35.0, K=5) | loss=0.1363
  [Client 11] Round 2 | Hier-pFedMe(λ2=35.0, K=5) | loss=0.1375
  [Edge 1] G2 | E2 | loss=0.1311
  [Edge 1] G2 | E3 | Hier-pFedMe | Selected 10/10
  [Client 19] Received edge weights. Set local model to edge weights.
[C19] Test set: samples=750, class_dist={0: 66, 13: 168, 23: 137, 51: 86, 68: 65, 70: 82, 81: 64, 89: 82}
  [Client 12] Received edge weights. Set local model to edge weights.
[C12] Test set: samples=750, class_dist={17: 72, 41: 154, 47: 72, 48: 78, 54: 85, 58: 68, 69: 83, 83: 72, 96: 66}
  [Client 16] Received edge weights. Set local model to edge weights.
[C16] Test set: samples=750, class_dist={20: 75, 22: 88, 28: 62, 52: 153, 53: 84, 59: 67, 70: 71, 76: 65, 82: 85}
  [Client 18] Received edge weights. Set local model to edge weights.
[C18] Test set: samples=750, class_dist={0: 71, 5: 79, 8: 79, 16: 71, 25: 72, 76: 70, 84: 81, 86: 67, 92: 81, 96: 79}
  [Client 15] Received edge weights. Set local model to edge weights.
[C15] Test set: samples=750, class_dist={25: 79, 28: 75, 33: 65, 39: 81, 47: 75, 53: 72, 60: 73, 81: 75, 90: 77, 94: 78}
  [Client 10] Received edge weights. Set local model to edge weights.
[C10] Test set: samples=750, class_dist={5: 74, 9: 72, 51: 87, 54: 76, 57: 149, 84: 72, 89: 78, 92: 60, 94: 82}
  [Client 13] Received edge weights. Set local model to edge weights.
[C13] Test set: samples=750, class_dist={8: 68, 9: 75, 20: 73, 37: 78, 39: 76, 48: 73, 59: 78, 68: 74, 86: 80, 90: 75}
  [Client 17] Received edge weights. Set local model to edge weights.
[C17] Test set: samples=750, class_dist={49: 73, 56: 69, 58: 67, 60: 82, 61: 143, 69: 96, 71: 151, 85: 69}
  [Client 14] Received edge weights. Set local model to edge weights.
[C14] Test set: samples=750, class_dist={22: 68, 33: 80, 40: 81, 49: 71, 56: 79, 62: 143, 83: 80, 85: 69, 87: 79}
  [Client 11] Received edge weights. Set local model to edge weights.
[C11] Test set: samples=750, class_dist={10: 175, 12: 136, 16: 85, 17: 77, 37: 65, 40: 70, 82: 70, 87: 72}
  [Client 16] Starting Hier-pFedMe | λ2=35.0, η2=0.02, inner_steps=5, epochs=5, batches/epoch=141  [Client 12] Starting Hier-pFedMe | λ2=35.0, η2=0.02, inner_steps=5, epochs=5, batches/epoch=141  [Client 19] Starting Hier-pFedMe | λ2=35.0, η2=0.02, inner_steps=5, epochs=5, batches/epoch=141  [Client 18] Starting Hier-pFedMe | λ2=35.0, η2=0.02, inner_steps=5, epochs=5, batches/epoch=141



  [Client 19] Round 2 | Hier-pFedMe(λ2=35.0, K=5) | loss=0.0772
  [Client 15] Starting Hier-pFedMe | λ2=35.0, η2=0.02, inner_steps=5, epochs=5, batches/epoch=141
  [Client 18] Round 2 | Hier-pFedMe(λ2=35.0, K=5) | loss=0.1054
  [Client 10] Starting Hier-pFedMe | λ2=35.0, η2=0.02, inner_steps=5, epochs=5, batches/epoch=141
  [Client 12] Round 2 | Hier-pFedMe(λ2=35.0, K=5) | loss=0.0906
  [Client 13] Starting Hier-pFedMe | λ2=35.0, η2=0.02, inner_steps=5, epochs=5, batches/epoch=141
  [Client 16] Round 2 | Hier-pFedMe(λ2=35.0, K=5) | loss=0.0847
  [Client 17] Starting Hier-pFedMe | λ2=35.0, η2=0.02, inner_steps=5, epochs=5, batches/epoch=141
  [Client 17] Round 2 | Hier-pFedMe(λ2=35.0, K=5) | loss=0.0881
  [Client 14] Starting Hier-pFedMe | λ2=35.0, η2=0.02, inner_steps=5, epochs=5, batches/epoch=141
  [Client 15] Round 2 | Hier-pFedMe(λ2=35.0, K=5) | loss=0.0993
  [Client 11] Starting Hier-pFedMe | λ2=35.0, η2=0.02, inner_steps=5, epochs=5, batches/epoch=141
  [Client 13] Round 2 | Hier-pFedMe(λ2=35.0, K=5) | loss=0.1069
  [Client 10] Round 2 | Hier-pFedMe(λ2=35.0, K=5) | loss=0.1104
  [Client 11] Round 2 | Hier-pFedMe(λ2=35.0, K=5) | loss=0.1006
  [Client 14] Round 2 | Hier-pFedMe(λ2=35.0, K=5) | loss=0.0969
  [Edge 1] G2 | E3 | loss=0.0960
  [Edge 1] G2 | E4 | Hier-pFedMe | Selected 10/10
  [Client 14] Received edge weights. Set local model to edge weights.
[C14] Test set: samples=750, class_dist={22: 68, 33: 80, 40: 81, 49: 71, 56: 79, 62: 143, 83: 80, 85: 69, 87: 79}
  [Client 15] Received edge weights. Set local model to edge weights.
[C15] Test set: samples=750, class_dist={25: 79, 28: 75, 33: 65, 39: 81, 47: 75, 53: 72, 60: 73, 81: 75, 90: 77, 94: 78}
  [Client 10] Received edge weights. Set local model to edge weights.
[C10] Test set: samples=750, class_dist={5: 74, 9: 72, 51: 87, 54: 76, 57: 149, 84: 72, 89: 78, 92: 60, 94: 82}
  [Client 16] Received edge weights. Set local model to edge weights.
[C16] Test set: samples=750, class_dist={20: 75, 22: 88, 28: 62, 52: 153, 53: 84, 59: 67, 70: 71, 76: 65, 82: 85}
  [Client 17] Received edge weights. Set local model to edge weights.
[C17] Test set: samples=750, class_dist={49: 73, 56: 69, 58: 67, 60: 82, 61: 143, 69: 96, 71: 151, 85: 69}
  [Client 13] Received edge weights. Set local model to edge weights.
[C13] Test set: samples=750, class_dist={8: 68, 9: 75, 20: 73, 37: 78, 39: 76, 48: 73, 59: 78, 68: 74, 86: 80, 90: 75}
  [Client 18] Received edge weights. Set local model to edge weights.
[C18] Test set: samples=750, class_dist={0: 71, 5: 79, 8: 79, 16: 71, 25: 72, 76: 70, 84: 81, 86: 67, 92: 81, 96: 79}
  [Client 12] Received edge weights. Set local model to edge weights.
[C12] Test set: samples=750, class_dist={17: 72, 41: 154, 47: 72, 48: 78, 54: 85, 58: 68, 69: 83, 83: 72, 96: 66}
  [Client 11] Received edge weights. Set local model to edge weights.
[C11] Test set: samples=750, class_dist={10: 175, 12: 136, 16: 85, 17: 77, 37: 65, 40: 70, 82: 70, 87: 72}
  [Client 19] Received edge weights. Set local model to edge weights.
[C19] Test set: samples=750, class_dist={0: 66, 13: 168, 23: 137, 51: 86, 68: 65, 70: 82, 81: 64, 89: 82}
  [Client 14] Starting Hier-pFedMe | λ2=35.0, η2=0.02, inner_steps=5, epochs=5, batches/epoch=141
  [Client 15] Starting Hier-pFedMe | λ2=35.0, η2=0.02, inner_steps=5, epochs=5, batches/epoch=141  [Client 16] Starting Hier-pFedMe | λ2=35.0, η2=0.02, inner_steps=5, epochs=5, batches/epoch=141  [Client 10] Starting Hier-pFedMe | λ2=35.0, η2=0.02, inner_steps=5, epochs=5, batches/epoch=141


  [Client 10] Round 2 | Hier-pFedMe(λ2=35.0, K=5) | loss=0.0732
  [Client 17] Starting Hier-pFedMe | λ2=35.0, η2=0.02, inner_steps=5, epochs=5, batches/epoch=141
  [Client 16] Round 2 | Hier-pFedMe(λ2=35.0, K=5) | loss=0.0626
  [Client 13] Starting Hier-pFedMe | λ2=35.0, η2=0.02, inner_steps=5, epochs=5, batches/epoch=141
  [Client 14] Round 2 | Hier-pFedMe(λ2=35.0, K=5) | loss=0.0747
  [Client 18] Starting Hier-pFedMe | λ2=35.0, η2=0.02, inner_steps=5, epochs=5, batches/epoch=141
  [Client 15] Round 2 | Hier-pFedMe(λ2=35.0, K=5) | loss=0.0717
  [Client 12] Starting Hier-pFedMe | λ2=35.0, η2=0.02, inner_steps=5, epochs=5, batches/epoch=141
  [Client 18] Round 2 | Hier-pFedMe(λ2=35.0, K=5) | loss=0.0819
  [Client 11] Starting Hier-pFedMe | λ2=35.0, η2=0.02, inner_steps=5, epochs=5, batches/epoch=141
  [Client 13] Round 2 | Hier-pFedMe(λ2=35.0, K=5) | loss=0.0828
  [Client 19] Starting Hier-pFedMe | λ2=35.0, η2=0.02, inner_steps=5, epochs=5, batches/epoch=141
  [Client 17] Round 2 | Hier-pFedMe(λ2=35.0, K=5) | loss=0.0731
  [Client 12] Round 2 | Hier-pFedMe(λ2=35.0, K=5) | loss=0.0665
  [Client 19] Round 2 | Hier-pFedMe(λ2=35.0, K=5) | loss=0.0684
  [Client 11] Round 2 | Hier-pFedMe(λ2=35.0, K=5) | loss=0.0761
  [Edge 1] G2 | E4 | loss=0.0731
  [Edge 1] G2 | E5 | Hier-pFedMe | Selected 10/10
  [Client 13] Received edge weights. Set local model to edge weights.
[C13] Test set: samples=750, class_dist={8: 68, 9: 75, 20: 73, 37: 78, 39: 76, 48: 73, 59: 78, 68: 74, 86: 80, 90: 75}
  [Client 12] Received edge weights. Set local model to edge weights.
[C12] Test set: samples=750, class_dist={17: 72, 41: 154, 47: 72, 48: 78, 54: 85, 58: 68, 69: 83, 83: 72, 96: 66}
  [Client 14] Received edge weights. Set local model to edge weights.
[C14] Test set: samples=750, class_dist={22: 68, 33: 80, 40: 81, 49: 71, 56: 79, 62: 143, 83: 80, 85: 69, 87: 79}
  [Client 16] Received edge weights. Set local model to edge weights.
[C16] Test set: samples=750, class_dist={20: 75, 22: 88, 28: 62, 52: 153, 53: 84, 59: 67, 70: 71, 76: 65, 82: 85}
  [Client 10] Received edge weights. Set local model to edge weights.
[C10] Test set: samples=750, class_dist={5: 74, 9: 72, 51: 87, 54: 76, 57: 149, 84: 72, 89: 78, 92: 60, 94: 82}
  [Client 18] Received edge weights. Set local model to edge weights.
[C18] Test set: samples=750, class_dist={0: 71, 5: 79, 8: 79, 16: 71, 25: 72, 76: 70, 84: 81, 86: 67, 92: 81, 96: 79}
  [Client 19] Received edge weights. Set local model to edge weights.
[C19] Test set: samples=750, class_dist={0: 66, 13: 168, 23: 137, 51: 86, 68: 65, 70: 82, 81: 64, 89: 82}
  [Client 15] Received edge weights. Set local model to edge weights.
[C15] Test set: samples=750, class_dist={25: 79, 28: 75, 33: 65, 39: 81, 47: 75, 53: 72, 60: 73, 81: 75, 90: 77, 94: 78}
  [Client 17] Received edge weights. Set local model to edge weights.
[C17] Test set: samples=750, class_dist={49: 73, 56: 69, 58: 67, 60: 82, 61: 143, 69: 96, 71: 151, 85: 69}
  [Client 11] Received edge weights. Set local model to edge weights.
[C11] Test set: samples=750, class_dist={10: 175, 12: 136, 16: 85, 17: 77, 37: 65, 40: 70, 82: 70, 87: 72}
  [Client 13] Starting Hier-pFedMe | λ2=35.0, η2=0.02, inner_steps=5, epochs=5, batches/epoch=141
  [Client 12] Starting Hier-pFedMe | λ2=35.0, η2=0.02, inner_steps=5, epochs=5, batches/epoch=141  [Client 14] Starting Hier-pFedMe | λ2=35.0, η2=0.02, inner_steps=5, epochs=5, batches/epoch=141

  [Client 16] Starting Hier-pFedMe | λ2=35.0, η2=0.02, inner_steps=5, epochs=5, batches/epoch=141
  [Client 16] Round 2 | Hier-pFedMe(λ2=35.0, K=5) | loss=0.0514
  [Client 10] Starting Hier-pFedMe | λ2=35.0, η2=0.02, inner_steps=5, epochs=5, batches/epoch=141
  [Client 13] Round 2 | Hier-pFedMe(λ2=35.0, K=5) | loss=0.0774
  [Client 18] Starting Hier-pFedMe | λ2=35.0, η2=0.02, inner_steps=5, epochs=5, batches/epoch=141
  [Client 12] Round 2 | Hier-pFedMe(λ2=35.0, K=5) | loss=0.0567
  [Client 19] Starting Hier-pFedMe | λ2=35.0, η2=0.02, inner_steps=5, epochs=5, batches/epoch=141
  [Client 14] Round 2 | Hier-pFedMe(λ2=35.0, K=5) | loss=0.0538
  [Client 15] Starting Hier-pFedMe | λ2=35.0, η2=0.02, inner_steps=5, epochs=5, batches/epoch=141
  [Client 18] Round 2 | Hier-pFedMe(λ2=35.0, K=5) | loss=0.0621
  [Client 17] Starting Hier-pFedMe | λ2=35.0, η2=0.02, inner_steps=5, epochs=5, batches/epoch=141
  [Client 10] Round 2 | Hier-pFedMe(λ2=35.0, K=5) | loss=0.0545
  [Client 11] Starting Hier-pFedMe | λ2=35.0, η2=0.02, inner_steps=5, epochs=5, batches/epoch=141
  [Client 19] Round 2 | Hier-pFedMe(λ2=35.0, K=5) | loss=0.0416
  [Client 15] Round 2 | Hier-pFedMe(λ2=35.0, K=5) | loss=0.0495
  [Client 11] Round 2 | Hier-pFedMe(λ2=35.0, K=5) | loss=0.0570
  [Client 17] Round 2 | Hier-pFedMe(λ2=35.0, K=5) | loss=0.0549
  [Edge 1] G2 | E5 | loss=0.0559
  [Cloud] Using Hier-pFedMe global aggregation (式 9).
[C0] n=750 | classes=[6, 18, 29, 30, 34, 43, 44, 55, 64, 66] | acc=0.3747 | per_class={6: '0.37', 18: '0.34', 29: '0.39', 30: '0.74', 34: '0.26', 43: '0.44', 44: '0.27', 55: '0.15', 64: '0.41', 66: '0.35'}
[C1] n=750 | classes=[1, 11, 26, 27, 29, 32, 73, 75, 99] | acc=0.5000 | per_class={1: '0.59', 11: '0.47', 26: '0.37', 27: '0.28', 29: '0.39', 32: '0.33', 73: '0.63', 75: '0.56', 99: '0.68'}
[C2] n=750 | classes=[35, 36, 38, 42, 50, 64, 72, 77, 97, 98] | acc=0.2920 | per_class={35: '0.23', 36: '0.48', 38: '0.14', 42: '0.31', 50: '0.23', 64: '0.18', 72: '0.36', 77: '0.36', 97: '0.39', 98: '0.30'}
[C3] n=750 | classes=[4, 6, 7, 14, 21, 35, 38, 65, 80] | acc=0.3867 | per_class={4: '0.25', 6: '0.35', 7: '0.55', 14: '0.37', 21: '0.57', 35: '0.49', 38: '0.29', 65: '0.30', 80: '0.19'}
[C4] n=750 | classes=[19, 31, 42, 43, 63, 66, 72, 79, 91, 98] | acc=0.4160 | per_class={19: '0.36', 31: '0.36', 42: '0.28', 43: '0.47', 63: '0.50', 66: '0.25', 72: '0.39', 79: '0.53', 91: '0.60', 98: '0.41'}
[C5] n=750 | classes=[4, 15, 19, 34, 45, 63, 74, 91, 93, 95] | acc=0.3867 | per_class={4: '0.24', 15: '0.35', 19: '0.27', 34: '0.42', 45: '0.51', 63: '0.39', 74: '0.32', 91: '0.49', 93: '0.27', 95: '0.72'}
[C6] n=750 | classes=[11, 18, 21, 32, 44, 46, 78, 88, 97] | acc=0.4200 | per_class={11: '0.36', 18: '0.42', 21: '0.56', 32: '0.43', 44: '0.24', 46: '0.29', 78: '0.59', 88: '0.45', 97: '0.32'}
[C7] n=750 | classes=[24, 31, 36, 45, 46, 50, 67, 73, 74, 80] | acc=0.4413 | per_class={24: '0.59', 31: '0.51', 36: '0.56', 45: '0.38', 46: '0.42', 50: '0.27', 67: '0.41', 73: '0.63', 74: '0.41', 80: '0.28'}
[C8] n=750 | classes=[1, 14, 24, 26, 30, 65, 75, 88, 93, 95] | acc=0.4787 | per_class={1: '0.60', 14: '0.47', 24: '0.76', 26: '0.44', 30: '0.63', 65: '0.49', 75: '0.56', 88: '0.33', 93: '0.15', 95: '0.41'}
[C9] n=750 | classes=[2, 3, 15, 27, 55, 67, 77, 79] | acc=0.4880 | per_class={2: '0.71', 3: '0.59', 15: '0.36', 27: '0.45', 55: '0.21', 67: '0.59', 77: '0.21', 79: '0.37'}
[C10] n=750 | classes=[5, 9, 51, 54, 57, 84, 89, 92, 94] | acc=0.5240 | per_class={5: '0.58', 9: '0.47', 51: '0.60', 54: '0.47', 57: '0.59', 84: '0.26', 89: '0.49', 92: '0.57', 94: '0.60'}
[C11] n=750 | classes=[10, 12, 16, 17, 37, 40, 82, 87] | acc=0.5067 | per_class={10: '0.59', 12: '0.60', 16: '0.34', 17: '0.55', 37: '0.22', 40: '0.36', 82: '0.81', 87: '0.38'}
[C12] n=750 | classes=[17, 41, 47, 48, 54, 58, 69, 83, 96] | acc=0.6387 | per_class={17: '0.75', 41: '0.70', 47: '0.64', 48: '0.56', 54: '0.56', 58: '0.56', 69: '0.77', 83: '0.62', 96: '0.48'}
[C13] n=750 | classes=[8, 9, 20, 37, 39, 48, 59, 68, 86, 90] | acc=0.5213 | per_class={8: '0.37', 9: '0.52', 20: '0.68', 37: '0.35', 39: '0.47', 48: '0.45', 59: '0.65', 68: '0.76', 86: '0.60', 90: '0.35'}
[C14] n=750 | classes=[22, 33, 40, 49, 56, 62, 83, 85, 87] | acc=0.5600 | per_class={22: '0.49', 33: '0.64', 40: '0.37', 49: '0.72', 56: '0.65', 62: '0.79', 83: '0.25', 85: '0.68', 87: '0.30'}
[C15] n=750 | classes=[25, 28, 33, 39, 47, 53, 60, 81, 90, 94] | acc=0.5907 | per_class={25: '0.44', 28: '0.56', 33: '0.40', 39: '0.58', 47: '0.71', 53: '0.83', 60: '0.86', 81: '0.47', 90: '0.39', 94: '0.67'}
[C16] n=750 | classes=[20, 22, 28, 52, 53, 59, 70, 76, 82] | acc=0.7147 | per_class={20: '0.72', 22: '0.48', 28: '0.63', 52: '0.91', 53: '0.80', 59: '0.42', 70: '0.69', 76: '0.62', 82: '0.92'}
[C17] n=750 | classes=[49, 56, 58, 60, 61, 69, 71, 85] | acc=0.6960 | per_class={49: '0.36', 56: '0.70', 58: '0.64', 60: '0.67', 61: '0.91', 69: '0.68', 71: '0.77', 85: '0.55'}
[C18] n=750 | classes=[0, 5, 8, 16, 25, 76, 84, 86, 92, 96] | acc=0.5120 | per_class={0: '0.63', 5: '0.37', 8: '0.53', 16: '0.37', 25: '0.40', 76: '0.74', 84: '0.22', 86: '0.60', 92: '0.60', 96: '0.68'}
[C19] n=750 | classes=[0, 13, 23, 51, 68, 70, 81, 89] | acc=0.5867 | per_class={0: '0.70', 13: '0.52', 23: '0.82', 51: '0.58', 68: '0.72', 70: '0.54', 81: '0.36', 89: '0.38'}
  [Cloud] GM=0.0522 | EM=0.1381 PM=0.5017 | loss=5.4560 | time=343.4s | comm=719.6MB (total=1439MB)

[Round   3] Broadcasting to 2 edges...
  [Edge 0] W_n reset to global weights for new round.
  [Edge 1] W_n reset to global weights for new round.
  [Edge 0] G3 | E1 | Hier-pFedMe | Selected 10/10
  [Client  3] Received edge weights. Set local model to edge weights.
[C3] Test set: samples=750, class_dist={4: 80, 6: 65, 7: 146, 14: 82, 21: 76, 35: 63, 38: 70, 65: 89, 80: 79}
  [Client  9] Received edge weights. Set local model to edge weights.
[C9] Test set: samples=750, class_dist={2: 167, 3: 151, 15: 78, 27: 67, 55: 68, 67: 71, 77: 66, 79: 82}
  [Client  6] Received edge weights. Set local model to edge weights.
[C6] Test set: samples=750, class_dist={11: 70, 18: 85, 21: 73, 32: 89, 44: 80, 46: 73, 78: 127, 88: 85, 97: 68}
  [Client  0] Received edge weights. Set local model to edge weights.
[C0] Test set: samples=750, class_dist={6: 83, 18: 67, 29: 71, 30: 73, 34: 78, 43: 77, 44: 71, 55: 71, 64: 82, 66: 77}
  [Client  1] Received edge weights. Set local model to edge weights.
[C1] Test set: samples=750, class_dist={1: 75, 11: 80, 26: 83, 27: 68, 29: 75, 32: 70, 73: 71, 75: 79, 99: 149}
  [Client  5] Received edge weights. Set local model to edge weights.
[C5] Test set: samples=750, class_dist={4: 76, 15: 79, 19: 73, 34: 66, 45: 81, 63: 90, 74: 77, 91: 69, 93: 86, 95: 53}
  [Client  2] Received edge weights. Set local model to edge weights.
[C2] Test set: samples=750, class_dist={35: 80, 36: 63, 38: 79, 42: 77, 50: 77, 64: 79, 72: 80, 77: 72, 97: 72, 98: 71}
  [Client  4] Received edge weights. Set local model to edge weights.
[C4] Test set: samples=750, class_dist={19: 72, 31: 69, 42: 76, 43: 75, 63: 80, 66: 80, 72: 74, 79: 81, 91: 77, 98: 66}
  [Client  7] Received edge weights. Set local model to edge weights.
[C7] Test set: samples=750, class_dist={24: 68, 31: 72, 36: 73, 45: 74, 46: 76, 50: 79, 67: 92, 73: 75, 74: 61, 80: 80}
  [Client  8] Received edge weights. Set local model to edge weights.
[C8] Test set: samples=750, class_dist={1: 60, 14: 77, 24: 79, 26: 71, 30: 76, 65: 78, 75: 62, 88: 91, 93: 73, 95: 83}
  [Client  3] Starting Hier-pFedMe | λ2=35.0, η2=0.02, inner_steps=5, epochs=5, batches/epoch=141
  [Client  9] Starting Hier-pFedMe | λ2=35.0, η2=0.02, inner_steps=5, epochs=5, batches/epoch=141  [Client  6] Starting Hier-pFedMe | λ2=35.0, η2=0.02, inner_steps=5, epochs=5, batches/epoch=141

  [Client  0] Starting Hier-pFedMe | λ2=35.0, η2=0.02, inner_steps=5, epochs=5, batches/epoch=141
  [Client  6] Round 3 | Hier-pFedMe(λ2=35.0, K=5) | loss=0.0760
  [Client  1] Starting Hier-pFedMe | λ2=35.0, η2=0.02, inner_steps=5, epochs=5, batches/epoch=141
  [Client  0] Round 3 | Hier-pFedMe(λ2=35.0, K=5) | loss=0.0780
  [Client  5] Starting Hier-pFedMe | λ2=35.0, η2=0.02, inner_steps=5, epochs=5, batches/epoch=141
  [Client  3] Round 3 | Hier-pFedMe(λ2=35.0, K=5) | loss=0.0891
  [Client  2] Starting Hier-pFedMe | λ2=35.0, η2=0.02, inner_steps=5, epochs=5, batches/epoch=141
  [Client  9] Round 3 | Hier-pFedMe(λ2=35.0, K=5) | loss=0.0793
  [Client  4] Starting Hier-pFedMe | λ2=35.0, η2=0.02, inner_steps=5, epochs=5, batches/epoch=141
  [Client  2] Round 3 | Hier-pFedMe(λ2=35.0, K=5) | loss=0.1029
  [Client  7] Starting Hier-pFedMe | λ2=35.0, η2=0.02, inner_steps=5, epochs=5, batches/epoch=141
  [Client  5] Round 3 | Hier-pFedMe(λ2=35.0, K=5) | loss=0.0925
  [Client  8] Starting Hier-pFedMe | λ2=35.0, η2=0.02, inner_steps=5, epochs=5, batches/epoch=141
  [Client  1] Round 3 | Hier-pFedMe(λ2=35.0, K=5) | loss=0.0787
  [Client  4] Round 3 | Hier-pFedMe(λ2=35.0, K=5) | loss=0.0760
  [Client  8] Round 3 | Hier-pFedMe(λ2=35.0, K=5) | loss=0.0745
  [Client  7] Round 3 | Hier-pFedMe(λ2=35.0, K=5) | loss=0.0853
  [Edge 0] G3 | E1 | loss=0.0832
  [Edge 0] G3 | E2 | Hier-pFedMe | Selected 10/10
  [Client  3] Received edge weights. Set local model to edge weights.
[C3] Test set: samples=750, class_dist={4: 80, 6: 65, 7: 146, 14: 82, 21: 76, 35: 63, 38: 70, 65: 89, 80: 79}
  [Client  4] Received edge weights. Set local model to edge weights.
[C4] Test set: samples=750, class_dist={19: 72, 31: 69, 42: 76, 43: 75, 63: 80, 66: 80, 72: 74, 79: 81, 91: 77, 98: 66}
  [Client  1] Received edge weights. Set local model to edge weights.
[C1] Test set: samples=750, class_dist={1: 75, 11: 80, 26: 83, 27: 68, 29: 75, 32: 70, 73: 71, 75: 79, 99: 149}
  [Client  6] Received edge weights. Set local model to edge weights.
[C6] Test set: samples=750, class_dist={11: 70, 18: 85, 21: 73, 32: 89, 44: 80, 46: 73, 78: 127, 88: 85, 97: 68}
  [Client  5] Received edge weights. Set local model to edge weights.
[C5] Test set: samples=750, class_dist={4: 76, 15: 79, 19: 73, 34: 66, 45: 81, 63: 90, 74: 77, 91: 69, 93: 86, 95: 53}
  [Client  9] Received edge weights. Set local model to edge weights.
[C9] Test set: samples=750, class_dist={2: 167, 3: 151, 15: 78, 27: 67, 55: 68, 67: 71, 77: 66, 79: 82}
  [Client  2] Received edge weights. Set local model to edge weights.
[C2] Test set: samples=750, class_dist={35: 80, 36: 63, 38: 79, 42: 77, 50: 77, 64: 79, 72: 80, 77: 72, 97: 72, 98: 71}
  [Client  8] Received edge weights. Set local model to edge weights.
[C8] Test set: samples=750, class_dist={1: 60, 14: 77, 24: 79, 26: 71, 30: 76, 65: 78, 75: 62, 88: 91, 93: 73, 95: 83}
  [Client  7] Received edge weights. Set local model to edge weights.
[C7] Test set: samples=750, class_dist={24: 68, 31: 72, 36: 73, 45: 74, 46: 76, 50: 79, 67: 92, 73: 75, 74: 61, 80: 80}
  [Client  0] Received edge weights. Set local model to edge weights.
[C0] Test set: samples=750, class_dist={6: 83, 18: 67, 29: 71, 30: 73, 34: 78, 43: 77, 44: 71, 55: 71, 64: 82, 66: 77}
  [Client  3] Starting Hier-pFedMe | λ2=35.0, η2=0.02, inner_steps=5, epochs=5, batches/epoch=141  [Client  4] Starting Hier-pFedMe | λ2=35.0, η2=0.02, inner_steps=5, epochs=5, batches/epoch=141

  [Client  6] Starting Hier-pFedMe | λ2=35.0, η2=0.02, inner_steps=5, epochs=5, batches/epoch=141
  [Client  1] Starting Hier-pFedMe | λ2=35.0, η2=0.02, inner_steps=5, epochs=5, batches/epoch=141
  [Client  1] Round 3 | Hier-pFedMe(λ2=35.0, K=5) | loss=0.0554
  [Client  5] Starting Hier-pFedMe | λ2=35.0, η2=0.02, inner_steps=5, epochs=5, batches/epoch=141
  [Client  4] Round 3 | Hier-pFedMe(λ2=35.0, K=5) | loss=0.0553
  [Client  9] Starting Hier-pFedMe | λ2=35.0, η2=0.02, inner_steps=5, epochs=5, batches/epoch=141
  [Client  3] Round 3 | Hier-pFedMe(λ2=35.0, K=5) | loss=0.0536
  [Client  2] Starting Hier-pFedMe | λ2=35.0, η2=0.02, inner_steps=5, epochs=5, batches/epoch=141
  [Client  6] Round 3 | Hier-pFedMe(λ2=35.0, K=5) | loss=0.0541
  [Client  8] Starting Hier-pFedMe | λ2=35.0, η2=0.02, inner_steps=5, epochs=5, batches/epoch=141
  [Client  5] Round 3 | Hier-pFedMe(λ2=35.0, K=5) | loss=0.0583
  [Client  7] Starting Hier-pFedMe | λ2=35.0, η2=0.02, inner_steps=5, epochs=5, batches/epoch=141
  [Client  9] Round 3 | Hier-pFedMe(λ2=35.0, K=5) | loss=0.0524
  [Client  0] Starting Hier-pFedMe | λ2=35.0, η2=0.02, inner_steps=5, epochs=5, batches/epoch=141
  [Client  8] Round 3 | Hier-pFedMe(λ2=35.0, K=5) | loss=0.0571
  [Client  2] Round 3 | Hier-pFedMe(λ2=35.0, K=5) | loss=0.0605
  [Client  7] Round 3 | Hier-pFedMe(λ2=35.0, K=5) | loss=0.0571
  [Client  0] Round 3 | Hier-pFedMe(λ2=35.0, K=5) | loss=0.0697
  [Edge 0] G3 | E2 | loss=0.0574
  [Edge 0] G3 | E3 | Hier-pFedMe | Selected 10/10
  [Client  8] Received edge weights. Set local model to edge weights.
[C8] Test set: samples=750, class_dist={1: 60, 14: 77, 24: 79, 26: 71, 30: 76, 65: 78, 75: 62, 88: 91, 93: 73, 95: 83}
  [Client  4] Received edge weights. Set local model to edge weights.
[C4] Test set: samples=750, class_dist={19: 72, 31: 69, 42: 76, 43: 75, 63: 80, 66: 80, 72: 74, 79: 81, 91: 77, 98: 66}
  [Client  7] Received edge weights. Set local model to edge weights.
[C7] Test set: samples=750, class_dist={24: 68, 31: 72, 36: 73, 45: 74, 46: 76, 50: 79, 67: 92, 73: 75, 74: 61, 80: 80}
  [Client  9] Received edge weights. Set local model to edge weights.
[C9] Test set: samples=750, class_dist={2: 167, 3: 151, 15: 78, 27: 67, 55: 68, 67: 71, 77: 66, 79: 82}
  [Client  6] Received edge weights. Set local model to edge weights.
[C6] Test set: samples=750, class_dist={11: 70, 18: 85, 21: 73, 32: 89, 44: 80, 46: 73, 78: 127, 88: 85, 97: 68}
  [Client  0] Received edge weights. Set local model to edge weights.
[C0] Test set: samples=750, class_dist={6: 83, 18: 67, 29: 71, 30: 73, 34: 78, 43: 77, 44: 71, 55: 71, 64: 82, 66: 77}
  [Client  2] Received edge weights. Set local model to edge weights.
[C2] Test set: samples=750, class_dist={35: 80, 36: 63, 38: 79, 42: 77, 50: 77, 64: 79, 72: 80, 77: 72, 97: 72, 98: 71}
  [Client  1] Received edge weights. Set local model to edge weights.
[C1] Test set: samples=750, class_dist={1: 75, 11: 80, 26: 83, 27: 68, 29: 75, 32: 70, 73: 71, 75: 79, 99: 149}
  [Client  3] Received edge weights. Set local model to edge weights.
[C3] Test set: samples=750, class_dist={4: 80, 6: 65, 7: 146, 14: 82, 21: 76, 35: 63, 38: 70, 65: 89, 80: 79}
  [Client  5] Received edge weights. Set local model to edge weights.
[C5] Test set: samples=750, class_dist={4: 76, 15: 79, 19: 73, 34: 66, 45: 81, 63: 90, 74: 77, 91: 69, 93: 86, 95: 53}
  [Client  8] Starting Hier-pFedMe | λ2=35.0, η2=0.02, inner_steps=5, epochs=5, batches/epoch=141  [Client  4] Starting Hier-pFedMe | λ2=35.0, η2=0.02, inner_steps=5, epochs=5, batches/epoch=141

  [Client  7] Starting Hier-pFedMe | λ2=35.0, η2=0.02, inner_steps=5, epochs=5, batches/epoch=141
  [Client  9] Starting Hier-pFedMe | λ2=35.0, η2=0.02, inner_steps=5, epochs=5, batches/epoch=141
  [Client  7] Round 3 | Hier-pFedMe(λ2=35.0, K=5) | loss=0.0395
  [Client  6] Starting Hier-pFedMe | λ2=35.0, η2=0.02, inner_steps=5, epochs=5, batches/epoch=141
  [Client  9] Round 3 | Hier-pFedMe(λ2=35.0, K=5) | loss=0.0426
  [Client  0] Starting Hier-pFedMe | λ2=35.0, η2=0.02, inner_steps=5, epochs=5, batches/epoch=141
  [Client  4] Round 3 | Hier-pFedMe(λ2=35.0, K=5) | loss=0.0381
  [Client  2] Starting Hier-pFedMe | λ2=35.0, η2=0.02, inner_steps=5, epochs=5, batches/epoch=141
  [Client  8] Round 3 | Hier-pFedMe(λ2=35.0, K=5) | loss=0.0380
  [Client  1] Starting Hier-pFedMe | λ2=35.0, η2=0.02, inner_steps=5, epochs=5, batches/epoch=141
  [Client  6] Round 3 | Hier-pFedMe(λ2=35.0, K=5) | loss=0.0360
  [Client  3] Starting Hier-pFedMe | λ2=35.0, η2=0.02, inner_steps=5, epochs=5, batches/epoch=141
  [Client  1] Round 3 | Hier-pFedMe(λ2=35.0, K=5) | loss=0.0345
  [Client  5] Starting Hier-pFedMe | λ2=35.0, η2=0.02, inner_steps=5, epochs=5, batches/epoch=141
  [Client  0] Round 3 | Hier-pFedMe(λ2=35.0, K=5) | loss=0.0445
  [Client  2] Round 3 | Hier-pFedMe(λ2=35.0, K=5) | loss=0.0431
  [Client  3] Round 3 | Hier-pFedMe(λ2=35.0, K=5) | loss=0.0437
  [Client  5] Round 3 | Hier-pFedMe(λ2=35.0, K=5) | loss=0.0412
  [Edge 0] G3 | E3 | loss=0.0401
  [Edge 0] G3 | E4 | Hier-pFedMe | Selected 10/10
  [Client  1] Received edge weights. Set local model to edge weights.
[C1] Test set: samples=750, class_dist={1: 75, 11: 80, 26: 83, 27: 68, 29: 75, 32: 70, 73: 71, 75: 79, 99: 149}
  [Client  5] Received edge weights. Set local model to edge weights.
[C5] Test set: samples=750, class_dist={4: 76, 15: 79, 19: 73, 34: 66, 45: 81, 63: 90, 74: 77, 91: 69, 93: 86, 95: 53}
  [Client  2] Received edge weights. Set local model to edge weights.
[C2] Test set: samples=750, class_dist={35: 80, 36: 63, 38: 79, 42: 77, 50: 77, 64: 79, 72: 80, 77: 72, 97: 72, 98: 71}
  [Client  4] Received edge weights. Set local model to edge weights.
[C4] Test set: samples=750, class_dist={19: 72, 31: 69, 42: 76, 43: 75, 63: 80, 66: 80, 72: 74, 79: 81, 91: 77, 98: 66}
  [Client  8] Received edge weights. Set local model to edge weights.
[C8] Test set: samples=750, class_dist={1: 60, 14: 77, 24: 79, 26: 71, 30: 76, 65: 78, 75: 62, 88: 91, 93: 73, 95: 83}
  [Client  3] Received edge weights. Set local model to edge weights.
[C3] Test set: samples=750, class_dist={4: 80, 6: 65, 7: 146, 14: 82, 21: 76, 35: 63, 38: 70, 65: 89, 80: 79}
  [Client  9] Received edge weights. Set local model to edge weights.
[C9] Test set: samples=750, class_dist={2: 167, 3: 151, 15: 78, 27: 67, 55: 68, 67: 71, 77: 66, 79: 82}
  [Client  0] Received edge weights. Set local model to edge weights.
[C0] Test set: samples=750, class_dist={6: 83, 18: 67, 29: 71, 30: 73, 34: 78, 43: 77, 44: 71, 55: 71, 64: 82, 66: 77}
  [Client  6] Received edge weights. Set local model to edge weights.
[C6] Test set: samples=750, class_dist={11: 70, 18: 85, 21: 73, 32: 89, 44: 80, 46: 73, 78: 127, 88: 85, 97: 68}
  [Client  7] Received edge weights. Set local model to edge weights.
[C7] Test set: samples=750, class_dist={24: 68, 31: 72, 36: 73, 45: 74, 46: 76, 50: 79, 67: 92, 73: 75, 74: 61, 80: 80}
  [Client  1] Starting Hier-pFedMe | λ2=35.0, η2=0.02, inner_steps=5, epochs=5, batches/epoch=141
  [Client  5] Starting Hier-pFedMe | λ2=35.0, η2=0.02, inner_steps=5, epochs=5, batches/epoch=141
  [Client  4] Starting Hier-pFedMe | λ2=35.0, η2=0.02, inner_steps=5, epochs=5, batches/epoch=141
  [Client  2] Starting Hier-pFedMe | λ2=35.0, η2=0.02, inner_steps=5, epochs=5, batches/epoch=141
  [Client  4] Round 3 | Hier-pFedMe(λ2=35.0, K=5) | loss=0.0348
  [Client  8] Starting Hier-pFedMe | λ2=35.0, η2=0.02, inner_steps=5, epochs=5, batches/epoch=141
  [Client  1] Round 3 | Hier-pFedMe(λ2=35.0, K=5) | loss=0.0268
  [Client  3] Starting Hier-pFedMe | λ2=35.0, η2=0.02, inner_steps=5, epochs=5, batches/epoch=141
  [Client  2] Round 3 | Hier-pFedMe(λ2=35.0, K=5) | loss=0.0391
  [Client  9] Starting Hier-pFedMe | λ2=35.0, η2=0.02, inner_steps=5, epochs=5, batches/epoch=141
  [Client  5] Round 3 | Hier-pFedMe(λ2=35.0, K=5) | loss=0.0321
  [Client  0] Starting Hier-pFedMe | λ2=35.0, η2=0.02, inner_steps=5, epochs=5, batches/epoch=141
  [Client  8] Round 3 | Hier-pFedMe(λ2=35.0, K=5) | loss=0.0291
  [Client  6] Starting Hier-pFedMe | λ2=35.0, η2=0.02, inner_steps=5, epochs=5, batches/epoch=141
  [Client  9] Round 3 | Hier-pFedMe(λ2=35.0, K=5) | loss=0.0305
  [Client  7] Starting Hier-pFedMe | λ2=35.0, η2=0.02, inner_steps=5, epochs=5, batches/epoch=141
  [Client  3] Round 3 | Hier-pFedMe(λ2=35.0, K=5) | loss=0.0336
  [Client  0] Round 3 | Hier-pFedMe(λ2=35.0, K=5) | loss=0.0346
  [Client  7] Round 3 | Hier-pFedMe(λ2=35.0, K=5) | loss=0.0326
  [Client  6] Round 3 | Hier-pFedMe(λ2=35.0, K=5) | loss=0.0296
  [Edge 0] G3 | E4 | loss=0.0323
  [Edge 0] G3 | E5 | Hier-pFedMe | Selected 10/10
  [Client  2] Received edge weights. Set local model to edge weights.
[C2] Test set: samples=750, class_dist={35: 80, 36: 63, 38: 79, 42: 77, 50: 77, 64: 79, 72: 80, 77: 72, 97: 72, 98: 71}
  [Client  4] Received edge weights. Set local model to edge weights.
[C4] Test set: samples=750, class_dist={19: 72, 31: 69, 42: 76, 43: 75, 63: 80, 66: 80, 72: 74, 79: 81, 91: 77, 98: 66}
  [Client  5] Received edge weights. Set local model to edge weights.
[C5] Test set: samples=750, class_dist={4: 76, 15: 79, 19: 73, 34: 66, 45: 81, 63: 90, 74: 77, 91: 69, 93: 86, 95: 53}
  [Client  8] Received edge weights. Set local model to edge weights.
[C8] Test set: samples=750, class_dist={1: 60, 14: 77, 24: 79, 26: 71, 30: 76, 65: 78, 75: 62, 88: 91, 93: 73, 95: 83}
  [Client  3] Received edge weights. Set local model to edge weights.
[C3] Test set: samples=750, class_dist={4: 80, 6: 65, 7: 146, 14: 82, 21: 76, 35: 63, 38: 70, 65: 89, 80: 79}
  [Client  0] Received edge weights. Set local model to edge weights.
[C0] Test set: samples=750, class_dist={6: 83, 18: 67, 29: 71, 30: 73, 34: 78, 43: 77, 44: 71, 55: 71, 64: 82, 66: 77}
  [Client  6] Received edge weights. Set local model to edge weights.
[C6] Test set: samples=750, class_dist={11: 70, 18: 85, 21: 73, 32: 89, 44: 80, 46: 73, 78: 127, 88: 85, 97: 68}
  [Client  7] Received edge weights. Set local model to edge weights.
[C7] Test set: samples=750, class_dist={24: 68, 31: 72, 36: 73, 45: 74, 46: 76, 50: 79, 67: 92, 73: 75, 74: 61, 80: 80}
  [Client  1] Received edge weights. Set local model to edge weights.
[C1] Test set: samples=750, class_dist={1: 75, 11: 80, 26: 83, 27: 68, 29: 75, 32: 70, 73: 71, 75: 79, 99: 149}
  [Client  9] Received edge weights. Set local model to edge weights.
[C9] Test set: samples=750, class_dist={2: 167, 3: 151, 15: 78, 27: 67, 55: 68, 67: 71, 77: 66, 79: 82}
  [Client  2] Starting Hier-pFedMe | λ2=35.0, η2=0.02, inner_steps=5, epochs=5, batches/epoch=141  [Client  4] Starting Hier-pFedMe | λ2=35.0, η2=0.02, inner_steps=5, epochs=5, batches/epoch=141

  [Client  8] Starting Hier-pFedMe | λ2=35.0, η2=0.02, inner_steps=5, epochs=5, batches/epoch=141  [Client  5] Starting Hier-pFedMe | λ2=35.0, η2=0.02, inner_steps=5, epochs=5, batches/epoch=141

  [Client  5] Round 3 | Hier-pFedMe(λ2=35.0, K=5) | loss=0.0254
  [Client  3] Starting Hier-pFedMe | λ2=35.0, η2=0.02, inner_steps=5, epochs=5, batches/epoch=141
  [Client  8] Round 3 | Hier-pFedMe(λ2=35.0, K=5) | loss=0.0258
  [Client  0] Starting Hier-pFedMe | λ2=35.0, η2=0.02, inner_steps=5, epochs=5, batches/epoch=141
  [Client  4] Round 3 | Hier-pFedMe(λ2=35.0, K=5) | loss=0.0240
  [Client  6] Starting Hier-pFedMe | λ2=35.0, η2=0.02, inner_steps=5, epochs=5, batches/epoch=141
  [Client  2] Round 3 | Hier-pFedMe(λ2=35.0, K=5) | loss=0.0256
  [Client  7] Starting Hier-pFedMe | λ2=35.0, η2=0.02, inner_steps=5, epochs=5, batches/epoch=141
  [Client  3] Round 3 | Hier-pFedMe(λ2=35.0, K=5) | loss=0.0264
  [Client  1] Starting Hier-pFedMe | λ2=35.0, η2=0.02, inner_steps=5, epochs=5, batches/epoch=141
  [Client  7] Round 3 | Hier-pFedMe(λ2=35.0, K=5) | loss=0.0272
  [Client  9] Starting Hier-pFedMe | λ2=35.0, η2=0.02, inner_steps=5, epochs=5, batches/epoch=141
  [Client  0] Round 3 | Hier-pFedMe(λ2=35.0, K=5) | loss=0.0263
  [Client  6] Round 3 | Hier-pFedMe(λ2=35.0, K=5) | loss=0.0253
  [Client  9] Round 3 | Hier-pFedMe(λ2=35.0, K=5) | loss=0.0266
  [Client  1] Round 3 | Hier-pFedMe(λ2=35.0, K=5) | loss=0.0220
  [Edge 0] G3 | E5 | loss=0.0254
  [Edge 1] G3 | E1 | Hier-pFedMe | Selected 10/10
  [Client 16] Received edge weights. Set local model to edge weights.
[C16] Test set: samples=750, class_dist={20: 75, 22: 88, 28: 62, 52: 153, 53: 84, 59: 67, 70: 71, 76: 65, 82: 85}
  [Client 11] Received edge weights. Set local model to edge weights.
[C11] Test set: samples=750, class_dist={10: 175, 12: 136, 16: 85, 17: 77, 37: 65, 40: 70, 82: 70, 87: 72}
  [Client 14] Received edge weights. Set local model to edge weights.
[C14] Test set: samples=750, class_dist={22: 68, 33: 80, 40: 81, 49: 71, 56: 79, 62: 143, 83: 80, 85: 69, 87: 79}
  [Client 13] Received edge weights. Set local model to edge weights.
[C13] Test set: samples=750, class_dist={8: 68, 9: 75, 20: 73, 37: 78, 39: 76, 48: 73, 59: 78, 68: 74, 86: 80, 90: 75}
  [Client 18] Received edge weights. Set local model to edge weights.
[C18] Test set: samples=750, class_dist={0: 71, 5: 79, 8: 79, 16: 71, 25: 72, 76: 70, 84: 81, 86: 67, 92: 81, 96: 79}
  [Client 17] Received edge weights. Set local model to edge weights.
[C17] Test set: samples=750, class_dist={49: 73, 56: 69, 58: 67, 60: 82, 61: 143, 69: 96, 71: 151, 85: 69}
  [Client 12] Received edge weights. Set local model to edge weights.
[C12] Test set: samples=750, class_dist={17: 72, 41: 154, 47: 72, 48: 78, 54: 85, 58: 68, 69: 83, 83: 72, 96: 66}
  [Client 15] Received edge weights. Set local model to edge weights.
[C15] Test set: samples=750, class_dist={25: 79, 28: 75, 33: 65, 39: 81, 47: 75, 53: 72, 60: 73, 81: 75, 90: 77, 94: 78}
  [Client 10] Received edge weights. Set local model to edge weights.
[C10] Test set: samples=750, class_dist={5: 74, 9: 72, 51: 87, 54: 76, 57: 149, 84: 72, 89: 78, 92: 60, 94: 82}
  [Client 19] Received edge weights. Set local model to edge weights.
[C19] Test set: samples=750, class_dist={0: 66, 13: 168, 23: 137, 51: 86, 68: 65, 70: 82, 81: 64, 89: 82}
  [Client 16] Starting Hier-pFedMe | λ2=35.0, η2=0.02, inner_steps=5, epochs=5, batches/epoch=141  [Client 11] Starting Hier-pFedMe | λ2=35.0, η2=0.02, inner_steps=5, epochs=5, batches/epoch=141

  [Client 14] Starting Hier-pFedMe | λ2=35.0, η2=0.02, inner_steps=5, epochs=5, batches/epoch=141  [Client 13] Starting Hier-pFedMe | λ2=35.0, η2=0.02, inner_steps=5, epochs=5, batches/epoch=141

  [Client 11] Round 3 | Hier-pFedMe(λ2=35.0, K=5) | loss=0.0627
  [Client 18] Starting Hier-pFedMe | λ2=35.0, η2=0.02, inner_steps=5, epochs=5, batches/epoch=141
  [Client 13] Round 3 | Hier-pFedMe(λ2=35.0, K=5) | loss=0.0733
  [Client 17] Starting Hier-pFedMe | λ2=35.0, η2=0.02, inner_steps=5, epochs=5, batches/epoch=141
  [Client 14] Round 3 | Hier-pFedMe(λ2=35.0, K=5) | loss=0.0644
  [Client 12] Starting Hier-pFedMe | λ2=35.0, η2=0.02, inner_steps=5, epochs=5, batches/epoch=141
  [Client 16] Round 3 | Hier-pFedMe(λ2=35.0, K=5) | loss=0.0623
  [Client 15] Starting Hier-pFedMe | λ2=35.0, η2=0.02, inner_steps=5, epochs=5, batches/epoch=141
  [Client 17] Round 3 | Hier-pFedMe(λ2=35.0, K=5) | loss=0.0549
  [Client 10] Starting Hier-pFedMe | λ2=35.0, η2=0.02, inner_steps=5, epochs=5, batches/epoch=141
  [Client 18] Round 3 | Hier-pFedMe(λ2=35.0, K=5) | loss=0.0873
  [Client 19] Starting Hier-pFedMe | λ2=35.0, η2=0.02, inner_steps=5, epochs=5, batches/epoch=141
  [Client 15] Round 3 | Hier-pFedMe(λ2=35.0, K=5) | loss=0.0646
  [Client 12] Round 3 | Hier-pFedMe(λ2=35.0, K=5) | loss=0.0560
  [Client 10] Round 3 | Hier-pFedMe(λ2=35.0, K=5) | loss=0.0654
  [Client 19] Round 3 | Hier-pFedMe(λ2=35.0, K=5) | loss=0.0502
  [Edge 1] G3 | E1 | loss=0.0641
  [Edge 1] G3 | E2 | Hier-pFedMe | Selected 10/10
  [Client 10] Received edge weights. Set local model to edge weights.
[C10] Test set: samples=750, class_dist={5: 74, 9: 72, 51: 87, 54: 76, 57: 149, 84: 72, 89: 78, 92: 60, 94: 82}
  [Client 12] Received edge weights. Set local model to edge weights.
[C12] Test set: samples=750, class_dist={17: 72, 41: 154, 47: 72, 48: 78, 54: 85, 58: 68, 69: 83, 83: 72, 96: 66}
  [Client 15] Received edge weights. Set local model to edge weights.
[C15] Test set: samples=750, class_dist={25: 79, 28: 75, 33: 65, 39: 81, 47: 75, 53: 72, 60: 73, 81: 75, 90: 77, 94: 78}
  [Client 16] Received edge weights. Set local model to edge weights.
[C16] Test set: samples=750, class_dist={20: 75, 22: 88, 28: 62, 52: 153, 53: 84, 59: 67, 70: 71, 76: 65, 82: 85}
  [Client 18] Received edge weights. Set local model to edge weights.
[C18] Test set: samples=750, class_dist={0: 71, 5: 79, 8: 79, 16: 71, 25: 72, 76: 70, 84: 81, 86: 67, 92: 81, 96: 79}
  [Client 13] Received edge weights. Set local model to edge weights.
[C13] Test set: samples=750, class_dist={8: 68, 9: 75, 20: 73, 37: 78, 39: 76, 48: 73, 59: 78, 68: 74, 86: 80, 90: 75}
  [Client 11] Received edge weights. Set local model to edge weights.
[C11] Test set: samples=750, class_dist={10: 175, 12: 136, 16: 85, 17: 77, 37: 65, 40: 70, 82: 70, 87: 72}
  [Client 19] Received edge weights. Set local model to edge weights.
[C19] Test set: samples=750, class_dist={0: 66, 13: 168, 23: 137, 51: 86, 68: 65, 70: 82, 81: 64, 89: 82}
  [Client 17] Received edge weights. Set local model to edge weights.
[C17] Test set: samples=750, class_dist={49: 73, 56: 69, 58: 67, 60: 82, 61: 143, 69: 96, 71: 151, 85: 69}
  [Client 14] Received edge weights. Set local model to edge weights.
[C14] Test set: samples=750, class_dist={22: 68, 33: 80, 40: 81, 49: 71, 56: 79, 62: 143, 83: 80, 85: 69, 87: 79}
  [Client 10] Starting Hier-pFedMe | λ2=35.0, η2=0.02, inner_steps=5, epochs=5, batches/epoch=141  [Client 12] Starting Hier-pFedMe | λ2=35.0, η2=0.02, inner_steps=5, epochs=5, batches/epoch=141

  [Client 16] Starting Hier-pFedMe | λ2=35.0, η2=0.02, inner_steps=5, epochs=5, batches/epoch=141  [Client 15] Starting Hier-pFedMe | λ2=35.0, η2=0.02, inner_steps=5, epochs=5, batches/epoch=141

  [Client 15] Round 3 | Hier-pFedMe(λ2=35.0, K=5) | loss=0.0460
  [Client 18] Starting Hier-pFedMe | λ2=35.0, η2=0.02, inner_steps=5, epochs=5, batches/epoch=141
  [Client 10] Round 3 | Hier-pFedMe(λ2=35.0, K=5) | loss=0.0447
  [Client 13] Starting Hier-pFedMe | λ2=35.0, η2=0.02, inner_steps=5, epochs=5, batches/epoch=141
  [Client 16] Round 3 | Hier-pFedMe(λ2=35.0, K=5) | loss=0.0364
  [Client 11] Starting Hier-pFedMe | λ2=35.0, η2=0.02, inner_steps=5, epochs=5, batches/epoch=141
  [Client 12] Round 3 | Hier-pFedMe(λ2=35.0, K=5) | loss=0.0436
  [Client 19] Starting Hier-pFedMe | λ2=35.0, η2=0.02, inner_steps=5, epochs=5, batches/epoch=141
  [Client 11] Round 3 | Hier-pFedMe(λ2=35.0, K=5) | loss=0.0433
  [Client 17] Starting Hier-pFedMe | λ2=35.0, η2=0.02, inner_steps=5, epochs=5, batches/epoch=141
  [Client 18] Round 3 | Hier-pFedMe(λ2=35.0, K=5) | loss=0.0545
  [Client 14] Starting Hier-pFedMe | λ2=35.0, η2=0.02, inner_steps=5, epochs=5, batches/epoch=141
  [Client 13] Round 3 | Hier-pFedMe(λ2=35.0, K=5) | loss=0.0566
  [Client 19] Round 3 | Hier-pFedMe(λ2=35.0, K=5) | loss=0.0355
  [Client 17] Round 3 | Hier-pFedMe(λ2=35.0, K=5) | loss=0.0349
  [Client 14] Round 3 | Hier-pFedMe(λ2=35.0, K=5) | loss=0.0482
  [Edge 1] G3 | E2 | loss=0.0444
  [Edge 1] G3 | E3 | Hier-pFedMe | Selected 10/10
  [Client 12] Received edge weights. Set local model to edge weights.
[C12] Test set: samples=750, class_dist={17: 72, 41: 154, 47: 72, 48: 78, 54: 85, 58: 68, 69: 83, 83: 72, 96: 66}
  [Client 19] Received edge weights. Set local model to edge weights.
[C19] Test set: samples=750, class_dist={0: 66, 13: 168, 23: 137, 51: 86, 68: 65, 70: 82, 81: 64, 89: 82}
  [Client 17] Received edge weights. Set local model to edge weights.
[C17] Test set: samples=750, class_dist={49: 73, 56: 69, 58: 67, 60: 82, 61: 143, 69: 96, 71: 151, 85: 69}
  [Client 14] Received edge weights. Set local model to edge weights.
[C14] Test set: samples=750, class_dist={22: 68, 33: 80, 40: 81, 49: 71, 56: 79, 62: 143, 83: 80, 85: 69, 87: 79}
  [Client 15] Received edge weights. Set local model to edge weights.
[C15] Test set: samples=750, class_dist={25: 79, 28: 75, 33: 65, 39: 81, 47: 75, 53: 72, 60: 73, 81: 75, 90: 77, 94: 78}
  [Client 16] Received edge weights. Set local model to edge weights.
[C16] Test set: samples=750, class_dist={20: 75, 22: 88, 28: 62, 52: 153, 53: 84, 59: 67, 70: 71, 76: 65, 82: 85}
  [Client 11] Received edge weights. Set local model to edge weights.
[C11] Test set: samples=750, class_dist={10: 175, 12: 136, 16: 85, 17: 77, 37: 65, 40: 70, 82: 70, 87: 72}
  [Client 18] Received edge weights. Set local model to edge weights.
[C18] Test set: samples=750, class_dist={0: 71, 5: 79, 8: 79, 16: 71, 25: 72, 76: 70, 84: 81, 86: 67, 92: 81, 96: 79}
  [Client 13] Received edge weights. Set local model to edge weights.
[C13] Test set: samples=750, class_dist={8: 68, 9: 75, 20: 73, 37: 78, 39: 76, 48: 73, 59: 78, 68: 74, 86: 80, 90: 75}
  [Client 10] Received edge weights. Set local model to edge weights.
[C10] Test set: samples=750, class_dist={5: 74, 9: 72, 51: 87, 54: 76, 57: 149, 84: 72, 89: 78, 92: 60, 94: 82}
  [Client 12] Starting Hier-pFedMe | λ2=35.0, η2=0.02, inner_steps=5, epochs=5, batches/epoch=141  [Client 19] Starting Hier-pFedMe | λ2=35.0, η2=0.02, inner_steps=5, epochs=5, batches/epoch=141

  [Client 17] Starting Hier-pFedMe | λ2=35.0, η2=0.02, inner_steps=5, epochs=5, batches/epoch=141  [Client 14] Starting Hier-pFedMe | λ2=35.0, η2=0.02, inner_steps=5, epochs=5, batches/epoch=141

  [Client 19] Round 3 | Hier-pFedMe(λ2=35.0, K=5) | loss=0.0261
  [Client 15] Starting Hier-pFedMe | λ2=35.0, η2=0.02, inner_steps=5, epochs=5, batches/epoch=141
  [Client 17] Round 3 | Hier-pFedMe(λ2=35.0, K=5) | loss=0.0358
  [Client 16] Starting Hier-pFedMe | λ2=35.0, η2=0.02, inner_steps=5, epochs=5, batches/epoch=141
  [Client 14] Round 3 | Hier-pFedMe(λ2=35.0, K=5) | loss=0.0370
  [Client 11] Starting Hier-pFedMe | λ2=35.0, η2=0.02, inner_steps=5, epochs=5, batches/epoch=141
  [Client 12] Round 3 | Hier-pFedMe(λ2=35.0, K=5) | loss=0.0315
  [Client 18] Starting Hier-pFedMe | λ2=35.0, η2=0.02, inner_steps=5, epochs=5, batches/epoch=141
  [Client 15] Round 3 | Hier-pFedMe(λ2=35.0, K=5) | loss=0.0327
  [Client 13] Starting Hier-pFedMe | λ2=35.0, η2=0.02, inner_steps=5, epochs=5, batches/epoch=141
  [Client 11] Round 3 | Hier-pFedMe(λ2=35.0, K=5) | loss=0.0320
  [Client 10] Starting Hier-pFedMe | λ2=35.0, η2=0.02, inner_steps=5, epochs=5, batches/epoch=141
  [Client 18] Round 3 | Hier-pFedMe(λ2=35.0, K=5) | loss=0.0351
  [Client 16] Round 3 | Hier-pFedMe(λ2=35.0, K=5) | loss=0.0328
  [Client 10] Round 3 | Hier-pFedMe(λ2=35.0, K=5) | loss=0.0281
  [Client 13] Round 3 | Hier-pFedMe(λ2=35.0, K=5) | loss=0.0330
  [Edge 1] G3 | E3 | loss=0.0324
  [Edge 1] G3 | E4 | Hier-pFedMe | Selected 10/10
  [Client 17] Received edge weights. Set local model to edge weights.
[C17] Test set: samples=750, class_dist={49: 73, 56: 69, 58: 67, 60: 82, 61: 143, 69: 96, 71: 151, 85: 69}
  [Client 14] Received edge weights. Set local model to edge weights.
[C14] Test set: samples=750, class_dist={22: 68, 33: 80, 40: 81, 49: 71, 56: 79, 62: 143, 83: 80, 85: 69, 87: 79}
  [Client 12] Received edge weights. Set local model to edge weights.
[C12] Test set: samples=750, class_dist={17: 72, 41: 154, 47: 72, 48: 78, 54: 85, 58: 68, 69: 83, 83: 72, 96: 66}
  [Client 10] Received edge weights. Set local model to edge weights.
[C10] Test set: samples=750, class_dist={5: 74, 9: 72, 51: 87, 54: 76, 57: 149, 84: 72, 89: 78, 92: 60, 94: 82}
  [Client 19] Received edge weights. Set local model to edge weights.
[C19] Test set: samples=750, class_dist={0: 66, 13: 168, 23: 137, 51: 86, 68: 65, 70: 82, 81: 64, 89: 82}
  [Client 15] Received edge weights. Set local model to edge weights.
[C15] Test set: samples=750, class_dist={25: 79, 28: 75, 33: 65, 39: 81, 47: 75, 53: 72, 60: 73, 81: 75, 90: 77, 94: 78}
  [Client 13] Received edge weights. Set local model to edge weights.
[C13] Test set: samples=750, class_dist={8: 68, 9: 75, 20: 73, 37: 78, 39: 76, 48: 73, 59: 78, 68: 74, 86: 80, 90: 75}
  [Client 18] Received edge weights. Set local model to edge weights.
[C18] Test set: samples=750, class_dist={0: 71, 5: 79, 8: 79, 16: 71, 25: 72, 76: 70, 84: 81, 86: 67, 92: 81, 96: 79}
  [Client 16] Received edge weights. Set local model to edge weights.
[C16] Test set: samples=750, class_dist={20: 75, 22: 88, 28: 62, 52: 153, 53: 84, 59: 67, 70: 71, 76: 65, 82: 85}
  [Client 11] Received edge weights. Set local model to edge weights.
[C11] Test set: samples=750, class_dist={10: 175, 12: 136, 16: 85, 17: 77, 37: 65, 40: 70, 82: 70, 87: 72}
  [Client 17] Starting Hier-pFedMe | λ2=35.0, η2=0.02, inner_steps=5, epochs=5, batches/epoch=141  [Client 14] Starting Hier-pFedMe | λ2=35.0, η2=0.02, inner_steps=5, epochs=5, batches/epoch=141

  [Client 12] Starting Hier-pFedMe | λ2=35.0, η2=0.02, inner_steps=5, epochs=5, batches/epoch=141  [Client 10] Starting Hier-pFedMe | λ2=35.0, η2=0.02, inner_steps=5, epochs=5, batches/epoch=141

  [Client 10] Round 3 | Hier-pFedMe(λ2=35.0, K=5) | loss=0.0266
  [Client 19] Starting Hier-pFedMe | λ2=35.0, η2=0.02, inner_steps=5, epochs=5, batches/epoch=141
  [Client 12] Round 3 | Hier-pFedMe(λ2=35.0, K=5) | loss=0.0261
  [Client 15] Starting Hier-pFedMe | λ2=35.0, η2=0.02, inner_steps=5, epochs=5, batches/epoch=141
  [Client 17] Round 3 | Hier-pFedMe(λ2=35.0, K=5) | loss=0.0276  [Client 14] Round 3 | Hier-pFedMe(λ2=35.0, K=5) | loss=0.0274

  [Client 13] Starting Hier-pFedMe | λ2=35.0, η2=0.02, inner_steps=5, epochs=5, batches/epoch=141
  [Client 18] Starting Hier-pFedMe | λ2=35.0, η2=0.02, inner_steps=5, epochs=5, batches/epoch=141
  [Client 19] Round 3 | Hier-pFedMe(λ2=35.0, K=5) | loss=0.0217
  [Client 16] Starting Hier-pFedMe | λ2=35.0, η2=0.02, inner_steps=5, epochs=5, batches/epoch=141
  [Client 15] Round 3 | Hier-pFedMe(λ2=35.0, K=5) | loss=0.0291
  [Client 11] Starting Hier-pFedMe | λ2=35.0, η2=0.02, inner_steps=5, epochs=5, batches/epoch=141
  [Client 18] Round 3 | Hier-pFedMe(λ2=35.0, K=5) | loss=0.0256
  [Client 13] Round 3 | Hier-pFedMe(λ2=35.0, K=5) | loss=0.0282
  [Client 16] Round 3 | Hier-pFedMe(λ2=35.0, K=5) | loss=0.0219
  [Client 11] Round 3 | Hier-pFedMe(λ2=35.0, K=5) | loss=0.0246
  [Edge 1] G3 | E4 | loss=0.0259
  [Edge 1] G3 | E5 | Hier-pFedMe | Selected 10/10
  [Client 17] Received edge weights. Set local model to edge weights.
[C17] Test set: samples=750, class_dist={49: 73, 56: 69, 58: 67, 60: 82, 61: 143, 69: 96, 71: 151, 85: 69}
  [Client 12] Received edge weights. Set local model to edge weights.
[C12] Test set: samples=750, class_dist={17: 72, 41: 154, 47: 72, 48: 78, 54: 85, 58: 68, 69: 83, 83: 72, 96: 66}
  [Client 11] Received edge weights. Set local model to edge weights.
[C11] Test set: samples=750, class_dist={10: 175, 12: 136, 16: 85, 17: 77, 37: 65, 40: 70, 82: 70, 87: 72}
  [Client 10] Received edge weights. Set local model to edge weights.
[C10] Test set: samples=750, class_dist={5: 74, 9: 72, 51: 87, 54: 76, 57: 149, 84: 72, 89: 78, 92: 60, 94: 82}
  [Client 13] Received edge weights. Set local model to edge weights.
[C13] Test set: samples=750, class_dist={8: 68, 9: 75, 20: 73, 37: 78, 39: 76, 48: 73, 59: 78, 68: 74, 86: 80, 90: 75}
  [Client 15] Received edge weights. Set local model to edge weights.
[C15] Test set: samples=750, class_dist={25: 79, 28: 75, 33: 65, 39: 81, 47: 75, 53: 72, 60: 73, 81: 75, 90: 77, 94: 78}
  [Client 18] Received edge weights. Set local model to edge weights.
[C18] Test set: samples=750, class_dist={0: 71, 5: 79, 8: 79, 16: 71, 25: 72, 76: 70, 84: 81, 86: 67, 92: 81, 96: 79}
  [Client 19] Received edge weights. Set local model to edge weights.
[C19] Test set: samples=750, class_dist={0: 66, 13: 168, 23: 137, 51: 86, 68: 65, 70: 82, 81: 64, 89: 82}
  [Client 14] Received edge weights. Set local model to edge weights.
[C14] Test set: samples=750, class_dist={22: 68, 33: 80, 40: 81, 49: 71, 56: 79, 62: 143, 83: 80, 85: 69, 87: 79}
  [Client 16] Received edge weights. Set local model to edge weights.
[C16] Test set: samples=750, class_dist={20: 75, 22: 88, 28: 62, 52: 153, 53: 84, 59: 67, 70: 71, 76: 65, 82: 85}
  [Client 17] Starting Hier-pFedMe | λ2=35.0, η2=0.02, inner_steps=5, epochs=5, batches/epoch=141  [Client 12] Starting Hier-pFedMe | λ2=35.0, η2=0.02, inner_steps=5, epochs=5, batches/epoch=141
  [Client 11] Starting Hier-pFedMe | λ2=35.0, η2=0.02, inner_steps=5, epochs=5, batches/epoch=141

  [Client 10] Starting Hier-pFedMe | λ2=35.0, η2=0.02, inner_steps=5, epochs=5, batches/epoch=141
  [Client 11] Round 3 | Hier-pFedMe(λ2=35.0, K=5) | loss=0.0219
  [Client 13] Starting Hier-pFedMe | λ2=35.0, η2=0.02, inner_steps=5, epochs=5, batches/epoch=141
  [Client 10] Round 3 | Hier-pFedMe(λ2=35.0, K=5) | loss=0.0229  [Client 17] Round 3 | Hier-pFedMe(λ2=35.0, K=5) | loss=0.0199
  [Client 15] Starting Hier-pFedMe | λ2=35.0, η2=0.02, inner_steps=5, epochs=5, batches/epoch=141

  [Client 18] Starting Hier-pFedMe | λ2=35.0, η2=0.02, inner_steps=5, epochs=5, batches/epoch=141
  [Client 12] Round 3 | Hier-pFedMe(λ2=35.0, K=5) | loss=0.0197
  [Client 19] Starting Hier-pFedMe | λ2=35.0, η2=0.02, inner_steps=5, epochs=5, batches/epoch=141
  [Client 13] Round 3 | Hier-pFedMe(λ2=35.0, K=5) | loss=0.0218
  [Client 14] Starting Hier-pFedMe | λ2=35.0, η2=0.02, inner_steps=5, epochs=5, batches/epoch=141
  [Client 18] Round 3 | Hier-pFedMe(λ2=35.0, K=5) | loss=0.0255
  [Client 16] Starting Hier-pFedMe | λ2=35.0, η2=0.02, inner_steps=5, epochs=5, batches/epoch=141
  [Client 19] Round 3 | Hier-pFedMe(λ2=35.0, K=5) | loss=0.0169
  [Client 15] Round 3 | Hier-pFedMe(λ2=35.0, K=5) | loss=0.0207
  [Client 16] Round 3 | Hier-pFedMe(λ2=35.0, K=5) | loss=0.0162
  [Client 14] Round 3 | Hier-pFedMe(λ2=35.0, K=5) | loss=0.0212
  [Edge 1] G3 | E5 | loss=0.0207
  [Cloud] Using Hier-pFedMe global aggregation (式 9).
[C0] n=750 | classes=[6, 18, 29, 30, 34, 43, 44, 55, 64, 66] | acc=0.3600 | per_class={6: '0.35', 18: '0.30', 29: '0.45', 30: '0.64', 34: '0.26', 43: '0.43', 44: '0.24', 55: '0.25', 64: '0.28', 66: '0.40'}
[C1] n=750 | classes=[1, 11, 26, 27, 29, 32, 73, 75, 99] | acc=0.4920 | per_class={1: '0.55', 11: '0.36', 26: '0.31', 27: '0.29', 29: '0.37', 32: '0.31', 73: '0.69', 75: '0.63', 99: '0.70'}
[C2] n=750 | classes=[35, 36, 38, 42, 50, 64, 72, 77, 97, 98] | acc=0.3187 | per_class={35: '0.29', 36: '0.51', 38: '0.23', 42: '0.43', 50: '0.18', 64: '0.19', 72: '0.36', 77: '0.39', 97: '0.39', 98: '0.27'}
[C3] n=750 | classes=[4, 6, 7, 14, 21, 35, 38, 65, 80] | acc=0.3893 | per_class={4: '0.14', 6: '0.42', 7: '0.60', 14: '0.32', 21: '0.51', 35: '0.67', 38: '0.29', 65: '0.25', 80: '0.22'}
[C4] n=750 | classes=[19, 31, 42, 43, 63, 66, 72, 79, 91, 98] | acc=0.3920 | per_class={19: '0.31', 31: '0.30', 42: '0.29', 43: '0.49', 63: '0.53', 66: '0.26', 72: '0.27', 79: '0.51', 91: '0.55', 98: '0.39'}
[C5] n=750 | classes=[4, 15, 19, 34, 45, 63, 74, 91, 93, 95] | acc=0.3893 | per_class={4: '0.21', 15: '0.30', 19: '0.37', 34: '0.33', 45: '0.48', 63: '0.43', 74: '0.36', 91: '0.52', 93: '0.28', 95: '0.70'}
[C6] n=750 | classes=[11, 18, 21, 32, 44, 46, 78, 88, 97] | acc=0.4000 | per_class={11: '0.34', 18: '0.39', 21: '0.55', 32: '0.45', 44: '0.17', 46: '0.32', 78: '0.56', 88: '0.38', 97: '0.34'}
[C7] n=750 | classes=[24, 31, 36, 45, 46, 50, 67, 73, 74, 80] | acc=0.4373 | per_class={24: '0.62', 31: '0.53', 36: '0.52', 45: '0.36', 46: '0.41', 50: '0.20', 67: '0.39', 73: '0.63', 74: '0.38', 80: '0.38'}
[C8] n=750 | classes=[1, 14, 24, 26, 30, 65, 75, 88, 93, 95] | acc=0.4720 | per_class={1: '0.53', 14: '0.42', 24: '0.75', 26: '0.38', 30: '0.64', 65: '0.40', 75: '0.58', 88: '0.41', 93: '0.21', 95: '0.43'}
[C9] n=750 | classes=[2, 3, 15, 27, 55, 67, 77, 79] | acc=0.4840 | per_class={2: '0.75', 3: '0.62', 15: '0.37', 27: '0.28', 55: '0.26', 67: '0.55', 77: '0.30', 79: '0.23'}
[C10] n=750 | classes=[5, 9, 51, 54, 57, 84, 89, 92, 94] | acc=0.4947 | per_class={5: '0.46', 9: '0.46', 51: '0.55', 54: '0.45', 57: '0.53', 84: '0.28', 89: '0.53', 92: '0.55', 94: '0.60'}
[C11] n=750 | classes=[10, 12, 16, 17, 37, 40, 82, 87] | acc=0.5093 | per_class={10: '0.65', 12: '0.61', 16: '0.29', 17: '0.56', 37: '0.15', 40: '0.37', 82: '0.80', 87: '0.35'}
[C12] n=750 | classes=[17, 41, 47, 48, 54, 58, 69, 83, 96] | acc=0.6253 | per_class={17: '0.74', 41: '0.66', 47: '0.57', 48: '0.59', 54: '0.59', 58: '0.50', 69: '0.76', 83: '0.68', 96: '0.48'}
[C13] n=750 | classes=[8, 9, 20, 37, 39, 48, 59, 68, 86, 90] | acc=0.5120 | per_class={8: '0.37', 9: '0.51', 20: '0.68', 37: '0.35', 39: '0.47', 48: '0.41', 59: '0.62', 68: '0.76', 86: '0.56', 90: '0.39'}
[C14] n=750 | classes=[22, 33, 40, 49, 56, 62, 83, 85, 87] | acc=0.5547 | per_class={22: '0.51', 33: '0.49', 40: '0.36', 49: '0.62', 56: '0.65', 62: '0.77', 83: '0.36', 85: '0.71', 87: '0.38'}
[C15] n=750 | classes=[25, 28, 33, 39, 47, 53, 60, 81, 90, 94] | acc=0.5867 | per_class={25: '0.48', 28: '0.60', 33: '0.52', 39: '0.53', 47: '0.63', 53: '0.83', 60: '0.84', 81: '0.37', 90: '0.36', 94: '0.72'}
[C16] n=750 | classes=[20, 22, 28, 52, 53, 59, 70, 76, 82] | acc=0.7120 | per_class={20: '0.72', 22: '0.48', 28: '0.60', 52: '0.91', 53: '0.81', 59: '0.48', 70: '0.68', 76: '0.65', 82: '0.85'}
[C17] n=750 | classes=[49, 56, 58, 60, 61, 69, 71, 85] | acc=0.6800 | per_class={49: '0.33', 56: '0.78', 58: '0.58', 60: '0.61', 61: '0.88', 69: '0.66', 71: '0.77', 85: '0.55'}
[C18] n=750 | classes=[0, 5, 8, 16, 25, 76, 84, 86, 92, 96] | acc=0.5213 | per_class={0: '0.62', 5: '0.42', 8: '0.61', 16: '0.39', 25: '0.28', 76: '0.81', 84: '0.23', 86: '0.57', 92: '0.54', 96: '0.76'}
[C19] n=750 | classes=[0, 13, 23, 51, 68, 70, 81, 89] | acc=0.6027 | per_class={0: '0.76', 13: '0.52', 23: '0.79', 51: '0.58', 68: '0.83', 70: '0.51', 81: '0.25', 89: '0.54'}
  [Cloud] GM=0.0653 | EM=0.1449 PM=0.4967 | loss=5.9377 | time=343.3s | comm=719.6MB (total=2159MB)

[Round   4] Broadcasting to 2 edges...
  [Edge 0] W_n reset to global weights for new round.
  [Edge 1] W_n reset to global weights for new round.
  [Edge 0] G4 | E1 | Hier-pFedMe | Selected 10/10
  [Client  4] Received edge weights. Set local model to edge weights.
[C4] Test set: samples=750, class_dist={19: 72, 31: 69, 42: 76, 43: 75, 63: 80, 66: 80, 72: 74, 79: 81, 91: 77, 98: 66}
  [Client  6] Received edge weights. Set local model to edge weights.
[C6] Test set: samples=750, class_dist={11: 70, 18: 85, 21: 73, 32: 89, 44: 80, 46: 73, 78: 127, 88: 85, 97: 68}
  [Client  2] Received edge weights. Set local model to edge weights.
[C2] Test set: samples=750, class_dist={35: 80, 36: 63, 38: 79, 42: 77, 50: 77, 64: 79, 72: 80, 77: 72, 97: 72, 98: 71}
  [Client  7] Received edge weights. Set local model to edge weights.
[C7] Test set: samples=750, class_dist={24: 68, 31: 72, 36: 73, 45: 74, 46: 76, 50: 79, 67: 92, 73: 75, 74: 61, 80: 80}
  [Client  1] Received edge weights. Set local model to edge weights.
[C1] Test set: samples=750, class_dist={1: 75, 11: 80, 26: 83, 27: 68, 29: 75, 32: 70, 73: 71, 75: 79, 99: 149}
  [Client  5] Received edge weights. Set local model to edge weights.
[C5] Test set: samples=750, class_dist={4: 76, 15: 79, 19: 73, 34: 66, 45: 81, 63: 90, 74: 77, 91: 69, 93: 86, 95: 53}
  [Client  9] Received edge weights. Set local model to edge weights.
[C9] Test set: samples=750, class_dist={2: 167, 3: 151, 15: 78, 27: 67, 55: 68, 67: 71, 77: 66, 79: 82}
  [Client  8] Received edge weights. Set local model to edge weights.
[C8] Test set: samples=750, class_dist={1: 60, 14: 77, 24: 79, 26: 71, 30: 76, 65: 78, 75: 62, 88: 91, 93: 73, 95: 83}
  [Client  3] Received edge weights. Set local model to edge weights.
[C3] Test set: samples=750, class_dist={4: 80, 6: 65, 7: 146, 14: 82, 21: 76, 35: 63, 38: 70, 65: 89, 80: 79}
  [Client  0] Received edge weights. Set local model to edge weights.
[C0] Test set: samples=750, class_dist={6: 83, 18: 67, 29: 71, 30: 73, 34: 78, 43: 77, 44: 71, 55: 71, 64: 82, 66: 77}
  [Client  4] Starting Hier-pFedMe | λ2=35.0, η2=0.02, inner_steps=5, epochs=5, batches/epoch=141
  [Client  6] Starting Hier-pFedMe | λ2=35.0, η2=0.02, inner_steps=5, epochs=5, batches/epoch=141  [Client  2] Starting Hier-pFedMe | λ2=35.0, η2=0.02, inner_steps=5, epochs=5, batches/epoch=141  [Client  7] Starting Hier-pFedMe | λ2=35.0, η2=0.02, inner_steps=5, epochs=5, batches/epoch=141


  [Client  7] Round 4 | Hier-pFedMe(λ2=35.0, K=5) | loss=0.0280
  [Client  1] Starting Hier-pFedMe | λ2=35.0, η2=0.02, inner_steps=5, epochs=5, batches/epoch=141
  [Client  2] Round 4 | Hier-pFedMe(λ2=35.0, K=5) | loss=0.0373
  [Client  5] Starting Hier-pFedMe | λ2=35.0, η2=0.02, inner_steps=5, epochs=5, batches/epoch=141
  [Client  6] Round 4 | Hier-pFedMe(λ2=35.0, K=5) | loss=0.0305
  [Client  9] Starting Hier-pFedMe | λ2=35.0, η2=0.02, inner_steps=5, epochs=5, batches/epoch=141
  [Client  4] Round 4 | Hier-pFedMe(λ2=35.0, K=5) | loss=0.0297
  [Client  8] Starting Hier-pFedMe | λ2=35.0, η2=0.02, inner_steps=5, epochs=5, batches/epoch=141
  [Client  1] Round 4 | Hier-pFedMe(λ2=35.0, K=5) | loss=0.0287
  [Client  3] Starting Hier-pFedMe | λ2=35.0, η2=0.02, inner_steps=5, epochs=5, batches/epoch=141
  [Client  9] Round 4 | Hier-pFedMe(λ2=35.0, K=5) | loss=0.0305
  [Client  0] Starting Hier-pFedMe | λ2=35.0, η2=0.02, inner_steps=5, epochs=5, batches/epoch=141
  [Client  8] Round 4 | Hier-pFedMe(λ2=35.0, K=5) | loss=0.0293
  [Client  5] Round 4 | Hier-pFedMe(λ2=35.0, K=5) | loss=0.0299
  [Client  3] Round 4 | Hier-pFedMe(λ2=35.0, K=5) | loss=0.0307
  [Client  0] Round 4 | Hier-pFedMe(λ2=35.0, K=5) | loss=0.0342
  [Edge 0] G4 | E1 | loss=0.0309
  [Edge 0] G4 | E2 | Hier-pFedMe | Selected 10/10
  [Client  3] Received edge weights. Set local model to edge weights.
[C3] Test set: samples=750, class_dist={4: 80, 6: 65, 7: 146, 14: 82, 21: 76, 35: 63, 38: 70, 65: 89, 80: 79}
  [Client  7] Received edge weights. Set local model to edge weights.
[C7] Test set: samples=750, class_dist={24: 68, 31: 72, 36: 73, 45: 74, 46: 76, 50: 79, 67: 92, 73: 75, 74: 61, 80: 80}
  [Client  9] Received edge weights. Set local model to edge weights.
[C9] Test set: samples=750, class_dist={2: 167, 3: 151, 15: 78, 27: 67, 55: 68, 67: 71, 77: 66, 79: 82}
  [Client  2] Received edge weights. Set local model to edge weights.
[C2] Test set: samples=750, class_dist={35: 80, 36: 63, 38: 79, 42: 77, 50: 77, 64: 79, 72: 80, 77: 72, 97: 72, 98: 71}
  [Client  4] Received edge weights. Set local model to edge weights.
[C4] Test set: samples=750, class_dist={19: 72, 31: 69, 42: 76, 43: 75, 63: 80, 66: 80, 72: 74, 79: 81, 91: 77, 98: 66}
  [Client  8] Received edge weights. Set local model to edge weights.
[C8] Test set: samples=750, class_dist={1: 60, 14: 77, 24: 79, 26: 71, 30: 76, 65: 78, 75: 62, 88: 91, 93: 73, 95: 83}
  [Client  0] Received edge weights. Set local model to edge weights.
[C0] Test set: samples=750, class_dist={6: 83, 18: 67, 29: 71, 30: 73, 34: 78, 43: 77, 44: 71, 55: 71, 64: 82, 66: 77}
  [Client  5] Received edge weights. Set local model to edge weights.
[C5] Test set: samples=750, class_dist={4: 76, 15: 79, 19: 73, 34: 66, 45: 81, 63: 90, 74: 77, 91: 69, 93: 86, 95: 53}
  [Client  1] Received edge weights. Set local model to edge weights.
[C1] Test set: samples=750, class_dist={1: 75, 11: 80, 26: 83, 27: 68, 29: 75, 32: 70, 73: 71, 75: 79, 99: 149}
  [Client  6] Received edge weights. Set local model to edge weights.
[C6] Test set: samples=750, class_dist={11: 70, 18: 85, 21: 73, 32: 89, 44: 80, 46: 73, 78: 127, 88: 85, 97: 68}
  [Client  3] Starting Hier-pFedMe | λ2=35.0, η2=0.02, inner_steps=5, epochs=5, batches/epoch=141  [Client  7] Starting Hier-pFedMe | λ2=35.0, η2=0.02, inner_steps=5, epochs=5, batches/epoch=141

  [Client  9] Starting Hier-pFedMe | λ2=35.0, η2=0.02, inner_steps=5, epochs=5, batches/epoch=141  [Client  2] Starting Hier-pFedMe | λ2=35.0, η2=0.02, inner_steps=5, epochs=5, batches/epoch=141

  [Client  7] Round 4 | Hier-pFedMe(λ2=35.0, K=5) | loss=0.0213
  [Client  4] Starting Hier-pFedMe | λ2=35.0, η2=0.02, inner_steps=5, epochs=5, batches/epoch=141
  [Client  9] Round 4 | Hier-pFedMe(λ2=35.0, K=5) | loss=0.0245
  [Client  8] Starting Hier-pFedMe | λ2=35.0, η2=0.02, inner_steps=5, epochs=5, batches/epoch=141
  [Client  2] Round 4 | Hier-pFedMe(λ2=35.0, K=5) | loss=0.0301
  [Client  0] Starting Hier-pFedMe | λ2=35.0, η2=0.02, inner_steps=5, epochs=5, batches/epoch=141
  [Client  3] Round 4 | Hier-pFedMe(λ2=35.0, K=5) | loss=0.0237
  [Client  5] Starting Hier-pFedMe | λ2=35.0, η2=0.02, inner_steps=5, epochs=5, batches/epoch=141
  [Client  4] Round 4 | Hier-pFedMe(λ2=35.0, K=5) | loss=0.0234
  [Client  1] Starting Hier-pFedMe | λ2=35.0, η2=0.02, inner_steps=5, epochs=5, batches/epoch=141
  [Client  8] Round 4 | Hier-pFedMe(λ2=35.0, K=5) | loss=0.0199
  [Client  6] Starting Hier-pFedMe | λ2=35.0, η2=0.02, inner_steps=5, epochs=5, batches/epoch=141
  [Client  0] Round 4 | Hier-pFedMe(λ2=35.0, K=5) | loss=0.0250
  [Client  5] Round 4 | Hier-pFedMe(λ2=35.0, K=5) | loss=0.0238
  [Client  1] Round 4 | Hier-pFedMe(λ2=35.0, K=5) | loss=0.0215
  [Client  6] Round 4 | Hier-pFedMe(λ2=35.0, K=5) | loss=0.0218
  [Edge 0] G4 | E2 | loss=0.0235
  [Edge 0] G4 | E3 | Hier-pFedMe | Selected 10/10
  [Client  7] Received edge weights. Set local model to edge weights.
[C7] Test set: samples=750, class_dist={24: 68, 31: 72, 36: 73, 45: 74, 46: 76, 50: 79, 67: 92, 73: 75, 74: 61, 80: 80}
  [Client  9] Received edge weights. Set local model to edge weights.
[C9] Test set: samples=750, class_dist={2: 167, 3: 151, 15: 78, 27: 67, 55: 68, 67: 71, 77: 66, 79: 82}
  [Client  5] Received edge weights. Set local model to edge weights.
[C5] Test set: samples=750, class_dist={4: 76, 15: 79, 19: 73, 34: 66, 45: 81, 63: 90, 74: 77, 91: 69, 93: 86, 95: 53}
  [Client  4] Received edge weights. Set local model to edge weights.
[C4] Test set: samples=750, class_dist={19: 72, 31: 69, 42: 76, 43: 75, 63: 80, 66: 80, 72: 74, 79: 81, 91: 77, 98: 66}
  [Client  8] Received edge weights. Set local model to edge weights.
[C8] Test set: samples=750, class_dist={1: 60, 14: 77, 24: 79, 26: 71, 30: 76, 65: 78, 75: 62, 88: 91, 93: 73, 95: 83}
  [Client  1] Received edge weights. Set local model to edge weights.
[C1] Test set: samples=750, class_dist={1: 75, 11: 80, 26: 83, 27: 68, 29: 75, 32: 70, 73: 71, 75: 79, 99: 149}
  [Client  6] Received edge weights. Set local model to edge weights.
[C6] Test set: samples=750, class_dist={11: 70, 18: 85, 21: 73, 32: 89, 44: 80, 46: 73, 78: 127, 88: 85, 97: 68}
  [Client  0] Received edge weights. Set local model to edge weights.
[C0] Test set: samples=750, class_dist={6: 83, 18: 67, 29: 71, 30: 73, 34: 78, 43: 77, 44: 71, 55: 71, 64: 82, 66: 77}
  [Client  3] Received edge weights. Set local model to edge weights.
[C3] Test set: samples=750, class_dist={4: 80, 6: 65, 7: 146, 14: 82, 21: 76, 35: 63, 38: 70, 65: 89, 80: 79}
  [Client  2] Received edge weights. Set local model to edge weights.
[C2] Test set: samples=750, class_dist={35: 80, 36: 63, 38: 79, 42: 77, 50: 77, 64: 79, 72: 80, 77: 72, 97: 72, 98: 71}
  [Client  7] Starting Hier-pFedMe | λ2=35.0, η2=0.02, inner_steps=5, epochs=5, batches/epoch=141  [Client  9] Starting Hier-pFedMe | λ2=35.0, η2=0.02, inner_steps=5, epochs=5, batches/epoch=141  [Client  5] Starting Hier-pFedMe | λ2=35.0, η2=0.02, inner_steps=5, epochs=5, batches/epoch=141


  [Client  4] Starting Hier-pFedMe | λ2=35.0, η2=0.02, inner_steps=5, epochs=5, batches/epoch=141
  [Client  7] Round 4 | Hier-pFedMe(λ2=35.0, K=5) | loss=0.0195
  [Client  8] Starting Hier-pFedMe | λ2=35.0, η2=0.02, inner_steps=5, epochs=5, batches/epoch=141
  [Client  9] Round 4 | Hier-pFedMe(λ2=35.0, K=5) | loss=0.0190
  [Client  1] Starting Hier-pFedMe | λ2=35.0, η2=0.02, inner_steps=5, epochs=5, batches/epoch=141
  [Client  5] Round 4 | Hier-pFedMe(λ2=35.0, K=5) | loss=0.0184
  [Client  6] Starting Hier-pFedMe | λ2=35.0, η2=0.02, inner_steps=5, epochs=5, batches/epoch=141
  [Client  4] Round 4 | Hier-pFedMe(λ2=35.0, K=5) | loss=0.0205
  [Client  0] Starting Hier-pFedMe | λ2=35.0, η2=0.02, inner_steps=5, epochs=5, batches/epoch=141
  [Client  6] Round 4 | Hier-pFedMe(λ2=35.0, K=5) | loss=0.0191
  [Client  3] Starting Hier-pFedMe | λ2=35.0, η2=0.02, inner_steps=5, epochs=5, batches/epoch=141
  [Client  8] Round 4 | Hier-pFedMe(λ2=35.0, K=5) | loss=0.0174
  [Client  2] Starting Hier-pFedMe | λ2=35.0, η2=0.02, inner_steps=5, epochs=5, batches/epoch=141
  [Client  1] Round 4 | Hier-pFedMe(λ2=35.0, K=5) | loss=0.0156
  [Client  0] Round 4 | Hier-pFedMe(λ2=35.0, K=5) | loss=0.0200
  [Client  2] Round 4 | Hier-pFedMe(λ2=35.0, K=5) | loss=0.0193
  [Client  3] Round 4 | Hier-pFedMe(λ2=35.0, K=5) | loss=0.0203
  [Edge 0] G4 | E3 | loss=0.0189
  [Edge 0] G4 | E4 | Hier-pFedMe | Selected 10/10
  [Client  0] Received edge weights. Set local model to edge weights.
[C0] Test set: samples=750, class_dist={6: 83, 18: 67, 29: 71, 30: 73, 34: 78, 43: 77, 44: 71, 55: 71, 64: 82, 66: 77}
  [Client  9] Received edge weights. Set local model to edge weights.
[C9] Test set: samples=750, class_dist={2: 167, 3: 151, 15: 78, 27: 67, 55: 68, 67: 71, 77: 66, 79: 82}
  [Client  8] Received edge weights. Set local model to edge weights.
[C8] Test set: samples=750, class_dist={1: 60, 14: 77, 24: 79, 26: 71, 30: 76, 65: 78, 75: 62, 88: 91, 93: 73, 95: 83}
  [Client  4] Received edge weights. Set local model to edge weights.
[C4] Test set: samples=750, class_dist={19: 72, 31: 69, 42: 76, 43: 75, 63: 80, 66: 80, 72: 74, 79: 81, 91: 77, 98: 66}
  [Client  2] Received edge weights. Set local model to edge weights.
[C2] Test set: samples=750, class_dist={35: 80, 36: 63, 38: 79, 42: 77, 50: 77, 64: 79, 72: 80, 77: 72, 97: 72, 98: 71}
  [Client  7] Received edge weights. Set local model to edge weights.
[C7] Test set: samples=750, class_dist={24: 68, 31: 72, 36: 73, 45: 74, 46: 76, 50: 79, 67: 92, 73: 75, 74: 61, 80: 80}
  [Client  1] Received edge weights. Set local model to edge weights.
[C1] Test set: samples=750, class_dist={1: 75, 11: 80, 26: 83, 27: 68, 29: 75, 32: 70, 73: 71, 75: 79, 99: 149}
  [Client  5] Received edge weights. Set local model to edge weights.
[C5] Test set: samples=750, class_dist={4: 76, 15: 79, 19: 73, 34: 66, 45: 81, 63: 90, 74: 77, 91: 69, 93: 86, 95: 53}
  [Client  6] Received edge weights. Set local model to edge weights.
[C6] Test set: samples=750, class_dist={11: 70, 18: 85, 21: 73, 32: 89, 44: 80, 46: 73, 78: 127, 88: 85, 97: 68}
  [Client  3] Received edge weights. Set local model to edge weights.
[C3] Test set: samples=750, class_dist={4: 80, 6: 65, 7: 146, 14: 82, 21: 76, 35: 63, 38: 70, 65: 89, 80: 79}
  [Client  0] Starting Hier-pFedMe | λ2=35.0, η2=0.02, inner_steps=5, epochs=5, batches/epoch=141
  [Client  9] Starting Hier-pFedMe | λ2=35.0, η2=0.02, inner_steps=5, epochs=5, batches/epoch=141  [Client  8] Starting Hier-pFedMe | λ2=35.0, η2=0.02, inner_steps=5, epochs=5, batches/epoch=141

  [Client  4] Starting Hier-pFedMe | λ2=35.0, η2=0.02, inner_steps=5, epochs=5, batches/epoch=141
  [Client  4] Round 4 | Hier-pFedMe(λ2=35.0, K=5) | loss=0.0160
  [Client  2] Starting Hier-pFedMe | λ2=35.0, η2=0.02, inner_steps=5, epochs=5, batches/epoch=141
  [Client  8] Round 4 | Hier-pFedMe(λ2=35.0, K=5) | loss=0.0165
  [Client  7] Starting Hier-pFedMe | λ2=35.0, η2=0.02, inner_steps=5, epochs=5, batches/epoch=141
  [Client  9] Round 4 | Hier-pFedMe(λ2=35.0, K=5) | loss=0.0185
  [Client  1] Starting Hier-pFedMe | λ2=35.0, η2=0.02, inner_steps=5, epochs=5, batches/epoch=141
  [Client  0] Round 4 | Hier-pFedMe(λ2=35.0, K=5) | loss=0.0170
  [Client  5] Starting Hier-pFedMe | λ2=35.0, η2=0.02, inner_steps=5, epochs=5, batches/epoch=141
  [Client  7] Round 4 | Hier-pFedMe(λ2=35.0, K=5) | loss=0.0167
  [Client  6] Starting Hier-pFedMe | λ2=35.0, η2=0.02, inner_steps=5, epochs=5, batches/epoch=141
  [Client  2] Round 4 | Hier-pFedMe(λ2=35.0, K=5) | loss=0.0170
  [Client  3] Starting Hier-pFedMe | λ2=35.0, η2=0.02, inner_steps=5, epochs=5, batches/epoch=141
  [Client  1] Round 4 | Hier-pFedMe(λ2=35.0, K=5) | loss=0.0137
  [Client  5] Round 4 | Hier-pFedMe(λ2=35.0, K=5) | loss=0.0153
  [Client  6] Round 4 | Hier-pFedMe(λ2=35.0, K=5) | loss=0.0164
  [Client  3] Round 4 | Hier-pFedMe(λ2=35.0, K=5) | loss=0.0199
  [Edge 0] G4 | E4 | loss=0.0167
  [Edge 0] G4 | E5 | Hier-pFedMe | Selected 10/10
  [Client  7] Received edge weights. Set local model to edge weights.
[C7] Test set: samples=750, class_dist={24: 68, 31: 72, 36: 73, 45: 74, 46: 76, 50: 79, 67: 92, 73: 75, 74: 61, 80: 80}
  [Client  4] Received edge weights. Set local model to edge weights.
[C4] Test set: samples=750, class_dist={19: 72, 31: 69, 42: 76, 43: 75, 63: 80, 66: 80, 72: 74, 79: 81, 91: 77, 98: 66}
  [Client  3] Received edge weights. Set local model to edge weights.
[C3] Test set: samples=750, class_dist={4: 80, 6: 65, 7: 146, 14: 82, 21: 76, 35: 63, 38: 70, 65: 89, 80: 79}
  [Client  8] Received edge weights. Set local model to edge weights.
[C8] Test set: samples=750, class_dist={1: 60, 14: 77, 24: 79, 26: 71, 30: 76, 65: 78, 75: 62, 88: 91, 93: 73, 95: 83}
  [Client  6] Received edge weights. Set local model to edge weights.
[C6] Test set: samples=750, class_dist={11: 70, 18: 85, 21: 73, 32: 89, 44: 80, 46: 73, 78: 127, 88: 85, 97: 68}
  [Client  5] Received edge weights. Set local model to edge weights.
[C5] Test set: samples=750, class_dist={4: 76, 15: 79, 19: 73, 34: 66, 45: 81, 63: 90, 74: 77, 91: 69, 93: 86, 95: 53}
  [Client  0] Received edge weights. Set local model to edge weights.
[C0] Test set: samples=750, class_dist={6: 83, 18: 67, 29: 71, 30: 73, 34: 78, 43: 77, 44: 71, 55: 71, 64: 82, 66: 77}
  [Client  9] Received edge weights. Set local model to edge weights.
[C9] Test set: samples=750, class_dist={2: 167, 3: 151, 15: 78, 27: 67, 55: 68, 67: 71, 77: 66, 79: 82}
  [Client  2] Received edge weights. Set local model to edge weights.
[C2] Test set: samples=750, class_dist={35: 80, 36: 63, 38: 79, 42: 77, 50: 77, 64: 79, 72: 80, 77: 72, 97: 72, 98: 71}
  [Client  1] Received edge weights. Set local model to edge weights.
[C1] Test set: samples=750, class_dist={1: 75, 11: 80, 26: 83, 27: 68, 29: 75, 32: 70, 73: 71, 75: 79, 99: 149}
  [Client  7] Starting Hier-pFedMe | λ2=35.0, η2=0.02, inner_steps=5, epochs=5, batches/epoch=141  [Client  4] Starting Hier-pFedMe | λ2=35.0, η2=0.02, inner_steps=5, epochs=5, batches/epoch=141

  [Client  8] Starting Hier-pFedMe | λ2=35.0, η2=0.02, inner_steps=5, epochs=5, batches/epoch=141  [Client  3] Starting Hier-pFedMe | λ2=35.0, η2=0.02, inner_steps=5, epochs=5, batches/epoch=141

  [Client  7] Round 4 | Hier-pFedMe(λ2=35.0, K=5) | loss=0.0144
  [Client  6] Starting Hier-pFedMe | λ2=35.0, η2=0.02, inner_steps=5, epochs=5, batches/epoch=141
  [Client  4] Round 4 | Hier-pFedMe(λ2=35.0, K=5) | loss=0.0140
  [Client  5] Starting Hier-pFedMe | λ2=35.0, η2=0.02, inner_steps=5, epochs=5, batches/epoch=141
  [Client  8] Round 4 | Hier-pFedMe(λ2=35.0, K=5) | loss=0.0141  [Client  3] Round 4 | Hier-pFedMe(λ2=35.0, K=5) | loss=0.0147

  [Client  0] Starting Hier-pFedMe | λ2=35.0, η2=0.02, inner_steps=5, epochs=5, batches/epoch=141
  [Client  9] Starting Hier-pFedMe | λ2=35.0, η2=0.02, inner_steps=5, epochs=5, batches/epoch=141
  [Client  6] Round 4 | Hier-pFedMe(λ2=35.0, K=5) | loss=0.0134
  [Client  2] Starting Hier-pFedMe | λ2=35.0, η2=0.02, inner_steps=5, epochs=5, batches/epoch=141
  [Client  5] Round 4 | Hier-pFedMe(λ2=35.0, K=5) | loss=0.0135
  [Client  1] Starting Hier-pFedMe | λ2=35.0, η2=0.02, inner_steps=5, epochs=5, batches/epoch=141
  [Client  9] Round 4 | Hier-pFedMe(λ2=35.0, K=5) | loss=0.0147
  [Client  0] Round 4 | Hier-pFedMe(λ2=35.0, K=5) | loss=0.0148
  [Client  1] Round 4 | Hier-pFedMe(λ2=35.0, K=5) | loss=0.0120
  [Client  2] Round 4 | Hier-pFedMe(λ2=35.0, K=5) | loss=0.0142
  [Edge 0] G4 | E5 | loss=0.0140
  [Edge 1] G4 | E1 | Hier-pFedMe | Selected 10/10
  [Client 19] Received edge weights. Set local model to edge weights.
[C19] Test set: samples=750, class_dist={0: 66, 13: 168, 23: 137, 51: 86, 68: 65, 70: 82, 81: 64, 89: 82}
  [Client 17] Received edge weights. Set local model to edge weights.
[C17] Test set: samples=750, class_dist={49: 73, 56: 69, 58: 67, 60: 82, 61: 143, 69: 96, 71: 151, 85: 69}
  [Client 14] Received edge weights. Set local model to edge weights.
[C14] Test set: samples=750, class_dist={22: 68, 33: 80, 40: 81, 49: 71, 56: 79, 62: 143, 83: 80, 85: 69, 87: 79}
  [Client 11] Received edge weights. Set local model to edge weights.
[C11] Test set: samples=750, class_dist={10: 175, 12: 136, 16: 85, 17: 77, 37: 65, 40: 70, 82: 70, 87: 72}
  [Client 12] Received edge weights. Set local model to edge weights.
[C12] Test set: samples=750, class_dist={17: 72, 41: 154, 47: 72, 48: 78, 54: 85, 58: 68, 69: 83, 83: 72, 96: 66}
  [Client 15] Received edge weights. Set local model to edge weights.
[C15] Test set: samples=750, class_dist={25: 79, 28: 75, 33: 65, 39: 81, 47: 75, 53: 72, 60: 73, 81: 75, 90: 77, 94: 78}
  [Client 18] Received edge weights. Set local model to edge weights.
[C18] Test set: samples=750, class_dist={0: 71, 5: 79, 8: 79, 16: 71, 25: 72, 76: 70, 84: 81, 86: 67, 92: 81, 96: 79}
  [Client 13] Received edge weights. Set local model to edge weights.
[C13] Test set: samples=750, class_dist={8: 68, 9: 75, 20: 73, 37: 78, 39: 76, 48: 73, 59: 78, 68: 74, 86: 80, 90: 75}
  [Client 10] Received edge weights. Set local model to edge weights.
[C10] Test set: samples=750, class_dist={5: 74, 9: 72, 51: 87, 54: 76, 57: 149, 84: 72, 89: 78, 92: 60, 94: 82}
  [Client 16] Received edge weights. Set local model to edge weights.
[C16] Test set: samples=750, class_dist={20: 75, 22: 88, 28: 62, 52: 153, 53: 84, 59: 67, 70: 71, 76: 65, 82: 85}
  [Client 19] Starting Hier-pFedMe | λ2=35.0, η2=0.02, inner_steps=5, epochs=5, batches/epoch=141  [Client 17] Starting Hier-pFedMe | λ2=35.0, η2=0.02, inner_steps=5, epochs=5, batches/epoch=141  [Client 14] Starting Hier-pFedMe | λ2=35.0, η2=0.02, inner_steps=5, epochs=5, batches/epoch=141

  [Client 11] Starting Hier-pFedMe | λ2=35.0, η2=0.02, inner_steps=5, epochs=5, batches/epoch=141

  [Client 19] Round 4 | Hier-pFedMe(λ2=35.0, K=5) | loss=0.0180
  [Client 12] Starting Hier-pFedMe | λ2=35.0, η2=0.02, inner_steps=5, epochs=5, batches/epoch=141
  [Client 11] Round 4 | Hier-pFedMe(λ2=35.0, K=5) | loss=0.0253
  [Client 15] Starting Hier-pFedMe | λ2=35.0, η2=0.02, inner_steps=5, epochs=5, batches/epoch=141
  [Client 14] Round 4 | Hier-pFedMe(λ2=35.0, K=5) | loss=0.0224
  [Client 18] Starting Hier-pFedMe | λ2=35.0, η2=0.02, inner_steps=5, epochs=5, batches/epoch=141
  [Client 17] Round 4 | Hier-pFedMe(λ2=35.0, K=5) | loss=0.0225
  [Client 13] Starting Hier-pFedMe | λ2=35.0, η2=0.02, inner_steps=5, epochs=5, batches/epoch=141
  [Client 12] Round 4 | Hier-pFedMe(λ2=35.0, K=5) | loss=0.0297
  [Client 10] Starting Hier-pFedMe | λ2=35.0, η2=0.02, inner_steps=5, epochs=5, batches/epoch=141
  [Client 15] Round 4 | Hier-pFedMe(λ2=35.0, K=5) | loss=0.0234
  [Client 16] Starting Hier-pFedMe | λ2=35.0, η2=0.02, inner_steps=5, epochs=5, batches/epoch=141
  [Client 13] Round 4 | Hier-pFedMe(λ2=35.0, K=5) | loss=0.0284
  [Client 18] Round 4 | Hier-pFedMe(λ2=35.0, K=5) | loss=0.0270
  [Client 10] Round 4 | Hier-pFedMe(λ2=35.0, K=5) | loss=0.0234
  [Client 16] Round 4 | Hier-pFedMe(λ2=35.0, K=5) | loss=0.0215
  [Edge 1] G4 | E1 | loss=0.0241
  [Edge 1] G4 | E2 | Hier-pFedMe | Selected 10/10
  [Client 15] Received edge weights. Set local model to edge weights.
[C15] Test set: samples=750, class_dist={25: 79, 28: 75, 33: 65, 39: 81, 47: 75, 53: 72, 60: 73, 81: 75, 90: 77, 94: 78}
  [Client 10] Received edge weights. Set local model to edge weights.
[C10] Test set: samples=750, class_dist={5: 74, 9: 72, 51: 87, 54: 76, 57: 149, 84: 72, 89: 78, 92: 60, 94: 82}
  [Client 18] Received edge weights. Set local model to edge weights.
[C18] Test set: samples=750, class_dist={0: 71, 5: 79, 8: 79, 16: 71, 25: 72, 76: 70, 84: 81, 86: 67, 92: 81, 96: 79}
  [Client 16] Received edge weights. Set local model to edge weights.
[C16] Test set: samples=750, class_dist={20: 75, 22: 88, 28: 62, 52: 153, 53: 84, 59: 67, 70: 71, 76: 65, 82: 85}
  [Client 13] Received edge weights. Set local model to edge weights.
[C13] Test set: samples=750, class_dist={8: 68, 9: 75, 20: 73, 37: 78, 39: 76, 48: 73, 59: 78, 68: 74, 86: 80, 90: 75}
  [Client 11] Received edge weights. Set local model to edge weights.
[C11] Test set: samples=750, class_dist={10: 175, 12: 136, 16: 85, 17: 77, 37: 65, 40: 70, 82: 70, 87: 72}
  [Client 19] Received edge weights. Set local model to edge weights.
[C19] Test set: samples=750, class_dist={0: 66, 13: 168, 23: 137, 51: 86, 68: 65, 70: 82, 81: 64, 89: 82}
  [Client 14] Received edge weights. Set local model to edge weights.
[C14] Test set: samples=750, class_dist={22: 68, 33: 80, 40: 81, 49: 71, 56: 79, 62: 143, 83: 80, 85: 69, 87: 79}
  [Client 12] Received edge weights. Set local model to edge weights.
[C12] Test set: samples=750, class_dist={17: 72, 41: 154, 47: 72, 48: 78, 54: 85, 58: 68, 69: 83, 83: 72, 96: 66}
  [Client 17] Received edge weights. Set local model to edge weights.
[C17] Test set: samples=750, class_dist={49: 73, 56: 69, 58: 67, 60: 82, 61: 143, 69: 96, 71: 151, 85: 69}
  [Client 15] Starting Hier-pFedMe | λ2=35.0, η2=0.02, inner_steps=5, epochs=5, batches/epoch=141
  [Client 10] Starting Hier-pFedMe | λ2=35.0, η2=0.02, inner_steps=5, epochs=5, batches/epoch=141  [Client 18] Starting Hier-pFedMe | λ2=35.0, η2=0.02, inner_steps=5, epochs=5, batches/epoch=141

  [Client 16] Starting Hier-pFedMe | λ2=35.0, η2=0.02, inner_steps=5, epochs=5, batches/epoch=141
  [Client 16] Round 4 | Hier-pFedMe(λ2=35.0, K=5) | loss=0.0183
  [Client 13] Starting Hier-pFedMe | λ2=35.0, η2=0.02, inner_steps=5, epochs=5, batches/epoch=141
  [Client 15] Round 4 | Hier-pFedMe(λ2=35.0, K=5) | loss=0.0184
  [Client 11] Starting Hier-pFedMe | λ2=35.0, η2=0.02, inner_steps=5, epochs=5, batches/epoch=141
  [Client 10] Round 4 | Hier-pFedMe(λ2=35.0, K=5) | loss=0.0168
  [Client 19] Starting Hier-pFedMe | λ2=35.0, η2=0.02, inner_steps=5, epochs=5, batches/epoch=141
  [Client 18] Round 4 | Hier-pFedMe(λ2=35.0, K=5) | loss=0.0195
  [Client 14] Starting Hier-pFedMe | λ2=35.0, η2=0.02, inner_steps=5, epochs=5, batches/epoch=141
  [Client 11] Round 4 | Hier-pFedMe(λ2=35.0, K=5) | loss=0.0185
  [Client 12] Starting Hier-pFedMe | λ2=35.0, η2=0.02, inner_steps=5, epochs=5, batches/epoch=141
  [Client 13] Round 4 | Hier-pFedMe(λ2=35.0, K=5) | loss=0.0196
  [Client 17] Starting Hier-pFedMe | λ2=35.0, η2=0.02, inner_steps=5, epochs=5, batches/epoch=141
  [Client 14] Round 4 | Hier-pFedMe(λ2=35.0, K=5) | loss=0.0174
  [Client 19] Round 4 | Hier-pFedMe(λ2=35.0, K=5) | loss=0.0166
  [Client 12] Round 4 | Hier-pFedMe(λ2=35.0, K=5) | loss=0.0162
  [Client 17] Round 4 | Hier-pFedMe(λ2=35.0, K=5) | loss=0.0191
  [Edge 1] G4 | E2 | loss=0.0180
  [Edge 1] G4 | E3 | Hier-pFedMe | Selected 10/10
  [Client 13] Received edge weights. Set local model to edge weights.
[C13] Test set: samples=750, class_dist={8: 68, 9: 75, 20: 73, 37: 78, 39: 76, 48: 73, 59: 78, 68: 74, 86: 80, 90: 75}
  [Client 17] Received edge weights. Set local model to edge weights.
[C17] Test set: samples=750, class_dist={49: 73, 56: 69, 58: 67, 60: 82, 61: 143, 69: 96, 71: 151, 85: 69}
  [Client 10] Received edge weights. Set local model to edge weights.
[C10] Test set: samples=750, class_dist={5: 74, 9: 72, 51: 87, 54: 76, 57: 149, 84: 72, 89: 78, 92: 60, 94: 82}
  [Client 15] Received edge weights. Set local model to edge weights.
[C15] Test set: samples=750, class_dist={25: 79, 28: 75, 33: 65, 39: 81, 47: 75, 53: 72, 60: 73, 81: 75, 90: 77, 94: 78}
  [Client 12] Received edge weights. Set local model to edge weights.
[C12] Test set: samples=750, class_dist={17: 72, 41: 154, 47: 72, 48: 78, 54: 85, 58: 68, 69: 83, 83: 72, 96: 66}
  [Client 11] Received edge weights. Set local model to edge weights.
[C11] Test set: samples=750, class_dist={10: 175, 12: 136, 16: 85, 17: 77, 37: 65, 40: 70, 82: 70, 87: 72}
  [Client 19] Received edge weights. Set local model to edge weights.
[C19] Test set: samples=750, class_dist={0: 66, 13: 168, 23: 137, 51: 86, 68: 65, 70: 82, 81: 64, 89: 82}
  [Client 16] Received edge weights. Set local model to edge weights.
[C16] Test set: samples=750, class_dist={20: 75, 22: 88, 28: 62, 52: 153, 53: 84, 59: 67, 70: 71, 76: 65, 82: 85}
  [Client 18] Received edge weights. Set local model to edge weights.
[C18] Test set: samples=750, class_dist={0: 71, 5: 79, 8: 79, 16: 71, 25: 72, 76: 70, 84: 81, 86: 67, 92: 81, 96: 79}
  [Client 14] Received edge weights. Set local model to edge weights.
[C14] Test set: samples=750, class_dist={22: 68, 33: 80, 40: 81, 49: 71, 56: 79, 62: 143, 83: 80, 85: 69, 87: 79}
  [Client 13] Starting Hier-pFedMe | λ2=35.0, η2=0.02, inner_steps=5, epochs=5, batches/epoch=141
  [Client 17] Starting Hier-pFedMe | λ2=35.0, η2=0.02, inner_steps=5, epochs=5, batches/epoch=141
  [Client 10] Starting Hier-pFedMe | λ2=35.0, η2=0.02, inner_steps=5, epochs=5, batches/epoch=141
  [Client 15] Starting Hier-pFedMe | λ2=35.0, η2=0.02, inner_steps=5, epochs=5, batches/epoch=141
  [Client 15] Round 4 | Hier-pFedMe(λ2=35.0, K=5) | loss=0.0145
  [Client 12] Starting Hier-pFedMe | λ2=35.0, η2=0.02, inner_steps=5, epochs=5, batches/epoch=141
  [Client 17] Round 4 | Hier-pFedMe(λ2=35.0, K=5) | loss=0.0148
  [Client 11] Starting Hier-pFedMe | λ2=35.0, η2=0.02, inner_steps=5, epochs=5, batches/epoch=141
  [Client 10] Round 4 | Hier-pFedMe(λ2=35.0, K=5) | loss=0.0148
  [Client 19] Starting Hier-pFedMe | λ2=35.0, η2=0.02, inner_steps=5, epochs=5, batches/epoch=141
  [Client 13] Round 4 | Hier-pFedMe(λ2=35.0, K=5) | loss=0.0151
  [Client 16] Starting Hier-pFedMe | λ2=35.0, η2=0.02, inner_steps=5, epochs=5, batches/epoch=141
  [Client 12] Round 4 | Hier-pFedMe(λ2=35.0, K=5) | loss=0.0125
  [Client 18] Starting Hier-pFedMe | λ2=35.0, η2=0.02, inner_steps=5, epochs=5, batches/epoch=141
  [Client 11] Round 4 | Hier-pFedMe(λ2=35.0, K=5) | loss=0.0156
  [Client 14] Starting Hier-pFedMe | λ2=35.0, η2=0.02, inner_steps=5, epochs=5, batches/epoch=141
  [Client 19] Round 4 | Hier-pFedMe(λ2=35.0, K=5) | loss=0.0132
  [Client 16] Round 4 | Hier-pFedMe(λ2=35.0, K=5) | loss=0.0128
  [Client 18] Round 4 | Hier-pFedMe(λ2=35.0, K=5) | loss=0.0157
  [Client 14] Round 4 | Hier-pFedMe(λ2=35.0, K=5) | loss=0.0155
  [Edge 1] G4 | E3 | loss=0.0145
  [Edge 1] G4 | E4 | Hier-pFedMe | Selected 10/10
  [Client 17] Received edge weights. Set local model to edge weights.
[C17] Test set: samples=750, class_dist={49: 73, 56: 69, 58: 67, 60: 82, 61: 143, 69: 96, 71: 151, 85: 69}
  [Client 11] Received edge weights. Set local model to edge weights.
[C11] Test set: samples=750, class_dist={10: 175, 12: 136, 16: 85, 17: 77, 37: 65, 40: 70, 82: 70, 87: 72}
  [Client 16] Received edge weights. Set local model to edge weights.
[C16] Test set: samples=750, class_dist={20: 75, 22: 88, 28: 62, 52: 153, 53: 84, 59: 67, 70: 71, 76: 65, 82: 85}
  [Client 18] Received edge weights. Set local model to edge weights.
[C18] Test set: samples=750, class_dist={0: 71, 5: 79, 8: 79, 16: 71, 25: 72, 76: 70, 84: 81, 86: 67, 92: 81, 96: 79}
  [Client 12] Received edge weights. Set local model to edge weights.
[C12] Test set: samples=750, class_dist={17: 72, 41: 154, 47: 72, 48: 78, 54: 85, 58: 68, 69: 83, 83: 72, 96: 66}
  [Client 15] Received edge weights. Set local model to edge weights.
[C15] Test set: samples=750, class_dist={25: 79, 28: 75, 33: 65, 39: 81, 47: 75, 53: 72, 60: 73, 81: 75, 90: 77, 94: 78}
  [Client 13] Received edge weights. Set local model to edge weights.
[C13] Test set: samples=750, class_dist={8: 68, 9: 75, 20: 73, 37: 78, 39: 76, 48: 73, 59: 78, 68: 74, 86: 80, 90: 75}
  [Client 10] Received edge weights. Set local model to edge weights.
[C10] Test set: samples=750, class_dist={5: 74, 9: 72, 51: 87, 54: 76, 57: 149, 84: 72, 89: 78, 92: 60, 94: 82}
  [Client 19] Received edge weights. Set local model to edge weights.
[C19] Test set: samples=750, class_dist={0: 66, 13: 168, 23: 137, 51: 86, 68: 65, 70: 82, 81: 64, 89: 82}
  [Client 14] Received edge weights. Set local model to edge weights.
[C14] Test set: samples=750, class_dist={22: 68, 33: 80, 40: 81, 49: 71, 56: 79, 62: 143, 83: 80, 85: 69, 87: 79}
  [Client 17] Starting Hier-pFedMe | λ2=35.0, η2=0.02, inner_steps=5, epochs=5, batches/epoch=141  [Client 11] Starting Hier-pFedMe | λ2=35.0, η2=0.02, inner_steps=5, epochs=5, batches/epoch=141

  [Client 16] Starting Hier-pFedMe | λ2=35.0, η2=0.02, inner_steps=5, epochs=5, batches/epoch=141
  [Client 18] Starting Hier-pFedMe | λ2=35.0, η2=0.02, inner_steps=5, epochs=5, batches/epoch=141
  [Client 17] Round 4 | Hier-pFedMe(λ2=35.0, K=5) | loss=0.0129
  [Client 12] Starting Hier-pFedMe | λ2=35.0, η2=0.02, inner_steps=5, epochs=5, batches/epoch=141
  [Client 16] Round 4 | Hier-pFedMe(λ2=35.0, K=5) | loss=0.0119
  [Client 15] Starting Hier-pFedMe | λ2=35.0, η2=0.02, inner_steps=5, epochs=5, batches/epoch=141
  [Client 11] Round 4 | Hier-pFedMe(λ2=35.0, K=5) | loss=0.0131
  [Client 13] Starting Hier-pFedMe | λ2=35.0, η2=0.02, inner_steps=5, epochs=5, batches/epoch=141
  [Client 18] Round 4 | Hier-pFedMe(λ2=35.0, K=5) | loss=0.0136
  [Client 10] Starting Hier-pFedMe | λ2=35.0, η2=0.02, inner_steps=5, epochs=5, batches/epoch=141
  [Client 15] Round 4 | Hier-pFedMe(λ2=35.0, K=5) | loss=0.0126
  [Client 19] Starting Hier-pFedMe | λ2=35.0, η2=0.02, inner_steps=5, epochs=5, batches/epoch=141
  [Client 12] Round 4 | Hier-pFedMe(λ2=35.0, K=5) | loss=0.0124
  [Client 14] Starting Hier-pFedMe | λ2=35.0, η2=0.02, inner_steps=5, epochs=5, batches/epoch=141
  [Client 13] Round 4 | Hier-pFedMe(λ2=35.0, K=5) | loss=0.0140
  [Client 10] Round 4 | Hier-pFedMe(λ2=35.0, K=5) | loss=0.0129
  [Client 19] Round 4 | Hier-pFedMe(λ2=35.0, K=5) | loss=0.0108
  [Client 14] Round 4 | Hier-pFedMe(λ2=35.0, K=5) | loss=0.0138
  [Edge 1] G4 | E4 | loss=0.0128
  [Edge 1] G4 | E5 | Hier-pFedMe | Selected 10/10
  [Client 18] Received edge weights. Set local model to edge weights.
[C18] Test set: samples=750, class_dist={0: 71, 5: 79, 8: 79, 16: 71, 25: 72, 76: 70, 84: 81, 86: 67, 92: 81, 96: 79}
  [Client 17] Received edge weights. Set local model to edge weights.
[C17] Test set: samples=750, class_dist={49: 73, 56: 69, 58: 67, 60: 82, 61: 143, 69: 96, 71: 151, 85: 69}
  [Client 10] Received edge weights. Set local model to edge weights.
[C10] Test set: samples=750, class_dist={5: 74, 9: 72, 51: 87, 54: 76, 57: 149, 84: 72, 89: 78, 92: 60, 94: 82}
  [Client 14] Received edge weights. Set local model to edge weights.
[C14] Test set: samples=750, class_dist={22: 68, 33: 80, 40: 81, 49: 71, 56: 79, 62: 143, 83: 80, 85: 69, 87: 79}
  [Client 19] Received edge weights. Set local model to edge weights.
[C19] Test set: samples=750, class_dist={0: 66, 13: 168, 23: 137, 51: 86, 68: 65, 70: 82, 81: 64, 89: 82}
  [Client 15] Received edge weights. Set local model to edge weights.
[C15] Test set: samples=750, class_dist={25: 79, 28: 75, 33: 65, 39: 81, 47: 75, 53: 72, 60: 73, 81: 75, 90: 77, 94: 78}
  [Client 13] Received edge weights. Set local model to edge weights.
[C13] Test set: samples=750, class_dist={8: 68, 9: 75, 20: 73, 37: 78, 39: 76, 48: 73, 59: 78, 68: 74, 86: 80, 90: 75}
  [Client 12] Received edge weights. Set local model to edge weights.
[C12] Test set: samples=750, class_dist={17: 72, 41: 154, 47: 72, 48: 78, 54: 85, 58: 68, 69: 83, 83: 72, 96: 66}
  [Client 11] Received edge weights. Set local model to edge weights.
[C11] Test set: samples=750, class_dist={10: 175, 12: 136, 16: 85, 17: 77, 37: 65, 40: 70, 82: 70, 87: 72}
  [Client 16] Received edge weights. Set local model to edge weights.
[C16] Test set: samples=750, class_dist={20: 75, 22: 88, 28: 62, 52: 153, 53: 84, 59: 67, 70: 71, 76: 65, 82: 85}
  [Client 18] Starting Hier-pFedMe | λ2=35.0, η2=0.02, inner_steps=5, epochs=5, batches/epoch=141  [Client 17] Starting Hier-pFedMe | λ2=35.0, η2=0.02, inner_steps=5, epochs=5, batches/epoch=141

  [Client 10] Starting Hier-pFedMe | λ2=35.0, η2=0.02, inner_steps=5, epochs=5, batches/epoch=141
  [Client 14] Starting Hier-pFedMe | λ2=35.0, η2=0.02, inner_steps=5, epochs=5, batches/epoch=141
  [Client 14] Round 4 | Hier-pFedMe(λ2=35.0, K=5) | loss=0.0124
  [Client 19] Starting Hier-pFedMe | λ2=35.0, η2=0.02, inner_steps=5, epochs=5, batches/epoch=141
  [Client 10] Round 4 | Hier-pFedMe(λ2=35.0, K=5) | loss=0.0116
  [Client 15] Starting Hier-pFedMe | λ2=35.0, η2=0.02, inner_steps=5, epochs=5, batches/epoch=141
  [Client 18] Round 4 | Hier-pFedMe(λ2=35.0, K=5) | loss=0.0118
  [Client 13] Starting Hier-pFedMe | λ2=35.0, η2=0.02, inner_steps=5, epochs=5, batches/epoch=141
  [Client 17] Round 4 | Hier-pFedMe(λ2=35.0, K=5) | loss=0.0109
  [Client 12] Starting Hier-pFedMe | λ2=35.0, η2=0.02, inner_steps=5, epochs=5, batches/epoch=141
  [Client 19] Round 4 | Hier-pFedMe(λ2=35.0, K=5) | loss=0.0091
  [Client 11] Starting Hier-pFedMe | λ2=35.0, η2=0.02, inner_steps=5, epochs=5, batches/epoch=141
  [Client 13] Round 4 | Hier-pFedMe(λ2=35.0, K=5) | loss=0.0118
  [Client 16] Starting Hier-pFedMe | λ2=35.0, η2=0.02, inner_steps=5, epochs=5, batches/epoch=141
  [Client 15] Round 4 | Hier-pFedMe(λ2=35.0, K=5) | loss=0.0121
  [Client 12] Round 4 | Hier-pFedMe(λ2=35.0, K=5) | loss=0.0111
  [Client 11] Round 4 | Hier-pFedMe(λ2=35.0, K=5) | loss=0.0116
  [Client 16] Round 4 | Hier-pFedMe(λ2=35.0, K=5) | loss=0.0087
  [Edge 1] G4 | E5 | loss=0.0111
  [Cloud] Using Hier-pFedMe global aggregation (式 9).
[C0] n=750 | classes=[6, 18, 29, 30, 34, 43, 44, 55, 64, 66] | acc=0.3800 | per_class={6: '0.28', 18: '0.40', 29: '0.46', 30: '0.70', 34: '0.28', 43: '0.48', 44: '0.18', 55: '0.25', 64: '0.34', 66: '0.43'}
[C1] n=750 | classes=[1, 11, 26, 27, 29, 32, 73, 75, 99] | acc=0.5053 | per_class={1: '0.60', 11: '0.42', 26: '0.37', 27: '0.32', 29: '0.39', 32: '0.37', 73: '0.62', 75: '0.63', 99: '0.66'}
[C2] n=750 | classes=[35, 36, 38, 42, 50, 64, 72, 77, 97, 98] | acc=0.2960 | per_class={35: '0.26', 36: '0.49', 38: '0.23', 42: '0.30', 50: '0.22', 64: '0.14', 72: '0.36', 77: '0.39', 97: '0.38', 98: '0.24'}
[C3] n=750 | classes=[4, 6, 7, 14, 21, 35, 38, 65, 80] | acc=0.3893 | per_class={4: '0.30', 6: '0.34', 7: '0.59', 14: '0.26', 21: '0.58', 35: '0.62', 38: '0.29', 65: '0.21', 80: '0.22'}
[C4] n=750 | classes=[19, 31, 42, 43, 63, 66, 72, 79, 91, 98] | acc=0.3867 | per_class={19: '0.38', 31: '0.38', 42: '0.36', 43: '0.36', 63: '0.51', 66: '0.20', 72: '0.26', 79: '0.47', 91: '0.55', 98: '0.41'}
[C5] n=750 | classes=[4, 15, 19, 34, 45, 63, 74, 91, 93, 95] | acc=0.3680 | per_class={4: '0.24', 15: '0.29', 19: '0.41', 34: '0.52', 45: '0.37', 63: '0.36', 74: '0.39', 91: '0.41', 93: '0.17', 95: '0.68'}
[C6] n=750 | classes=[11, 18, 21, 32, 44, 46, 78, 88, 97] | acc=0.4293 | per_class={11: '0.40', 18: '0.40', 21: '0.56', 32: '0.45', 44: '0.31', 46: '0.23', 78: '0.54', 88: '0.42', 97: '0.47'}
[C7] n=750 | classes=[24, 31, 36, 45, 46, 50, 67, 73, 74, 80] | acc=0.4360 | per_class={24: '0.59', 31: '0.50', 36: '0.55', 45: '0.35', 46: '0.42', 50: '0.22', 67: '0.39', 73: '0.64', 74: '0.41', 80: '0.34'}
[C8] n=750 | classes=[1, 14, 24, 26, 30, 65, 75, 88, 93, 95] | acc=0.4933 | per_class={1: '0.63', 14: '0.43', 24: '0.78', 26: '0.37', 30: '0.58', 65: '0.41', 75: '0.58', 88: '0.49', 93: '0.22', 95: '0.46'}
[C9] n=750 | classes=[2, 3, 15, 27, 55, 67, 77, 79] | acc=0.4760 | per_class={2: '0.71', 3: '0.64', 15: '0.37', 27: '0.27', 55: '0.24', 67: '0.54', 77: '0.27', 79: '0.29'}
[C10] n=750 | classes=[5, 9, 51, 54, 57, 84, 89, 92, 94] | acc=0.4947 | per_class={5: '0.41', 9: '0.49', 51: '0.57', 54: '0.47', 57: '0.54', 84: '0.33', 89: '0.49', 92: '0.52', 94: '0.57'}
[C11] n=750 | classes=[10, 12, 16, 17, 37, 40, 82, 87] | acc=0.4973 | per_class={10: '0.65', 12: '0.64', 16: '0.28', 17: '0.49', 37: '0.17', 40: '0.29', 82: '0.83', 87: '0.29'}
[C12] n=750 | classes=[17, 41, 47, 48, 54, 58, 69, 83, 96] | acc=0.6160 | per_class={17: '0.69', 41: '0.65', 47: '0.58', 48: '0.55', 54: '0.60', 58: '0.59', 69: '0.73', 83: '0.62', 96: '0.45'}
[C13] n=750 | classes=[8, 9, 20, 37, 39, 48, 59, 68, 86, 90] | acc=0.5067 | per_class={8: '0.35', 9: '0.45', 20: '0.74', 37: '0.33', 39: '0.45', 48: '0.49', 59: '0.68', 68: '0.74', 86: '0.50', 90: '0.32'}
[C14] n=750 | classes=[22, 33, 40, 49, 56, 62, 83, 85, 87] | acc=0.5600 | per_class={22: '0.54', 33: '0.50', 40: '0.36', 49: '0.69', 56: '0.70', 62: '0.78', 83: '0.34', 85: '0.64', 87: '0.35'}
[C15] n=750 | classes=[25, 28, 33, 39, 47, 53, 60, 81, 90, 94] | acc=0.5867 | per_class={25: '0.46', 28: '0.61', 33: '0.48', 39: '0.56', 47: '0.69', 53: '0.85', 60: '0.88', 81: '0.43', 90: '0.29', 94: '0.65'}
[C16] n=750 | classes=[20, 22, 28, 52, 53, 59, 70, 76, 82] | acc=0.7200 | per_class={20: '0.68', 22: '0.45', 28: '0.65', 52: '0.92', 53: '0.79', 59: '0.48', 70: '0.70', 76: '0.71', 82: '0.87'}
[C17] n=750 | classes=[49, 56, 58, 60, 61, 69, 71, 85] | acc=0.6813 | per_class={49: '0.41', 56: '0.77', 58: '0.61', 60: '0.61', 61: '0.90', 69: '0.65', 71: '0.73', 85: '0.52'}
[C18] n=750 | classes=[0, 5, 8, 16, 25, 76, 84, 86, 92, 96] | acc=0.5120 | per_class={0: '0.65', 5: '0.34', 8: '0.41', 16: '0.45', 25: '0.35', 76: '0.80', 84: '0.26', 86: '0.55', 92: '0.57', 96: '0.78'}
[C19] n=750 | classes=[0, 13, 23, 51, 68, 70, 81, 89] | acc=0.5987 | per_class={0: '0.73', 13: '0.54', 23: '0.84', 51: '0.56', 68: '0.74', 70: '0.51', 81: '0.34', 89: '0.43'}
  [Cloud] GM=0.0755 | EM=0.1525 PM=0.4967 | loss=6.2703 | time=342.7s | comm=719.6MB (total=2878MB)

[Round   5] Broadcasting to 2 edges...
  [Edge 0] W_n reset to global weights for new round.
  [Edge 1] W_n reset to global weights for new round.
  [Edge 0] G5 | E1 | Hier-pFedMe | Selected 10/10
  [Client  9] Received edge weights. Set local model to edge weights.
[C9] Test set: samples=750, class_dist={2: 167, 3: 151, 15: 78, 27: 67, 55: 68, 67: 71, 77: 66, 79: 82}
  [Client  4] Received edge weights. Set local model to edge weights.
[C4] Test set: samples=750, class_dist={19: 72, 31: 69, 42: 76, 43: 75, 63: 80, 66: 80, 72: 74, 79: 81, 91: 77, 98: 66}
  [Client  0] Received edge weights. Set local model to edge weights.
[C0] Test set: samples=750, class_dist={6: 83, 18: 67, 29: 71, 30: 73, 34: 78, 43: 77, 44: 71, 55: 71, 64: 82, 66: 77}
  [Client  3] Received edge weights. Set local model to edge weights.
[C3] Test set: samples=750, class_dist={4: 80, 6: 65, 7: 146, 14: 82, 21: 76, 35: 63, 38: 70, 65: 89, 80: 79}
  [Client  2] Received edge weights. Set local model to edge weights.
[C2] Test set: samples=750, class_dist={35: 80, 36: 63, 38: 79, 42: 77, 50: 77, 64: 79, 72: 80, 77: 72, 97: 72, 98: 71}
  [Client  6] Received edge weights. Set local model to edge weights.
[C6] Test set: samples=750, class_dist={11: 70, 18: 85, 21: 73, 32: 89, 44: 80, 46: 73, 78: 127, 88: 85, 97: 68}
  [Client  8] Received edge weights. Set local model to edge weights.
[C8] Test set: samples=750, class_dist={1: 60, 14: 77, 24: 79, 26: 71, 30: 76, 65: 78, 75: 62, 88: 91, 93: 73, 95: 83}
  [Client  5] Received edge weights. Set local model to edge weights.
[C5] Test set: samples=750, class_dist={4: 76, 15: 79, 19: 73, 34: 66, 45: 81, 63: 90, 74: 77, 91: 69, 93: 86, 95: 53}
  [Client  1] Received edge weights. Set local model to edge weights.
[C1] Test set: samples=750, class_dist={1: 75, 11: 80, 26: 83, 27: 68, 29: 75, 32: 70, 73: 71, 75: 79, 99: 149}
  [Client  7] Received edge weights. Set local model to edge weights.
[C7] Test set: samples=750, class_dist={24: 68, 31: 72, 36: 73, 45: 74, 46: 76, 50: 79, 67: 92, 73: 75, 74: 61, 80: 80}
  [Client  9] Starting Hier-pFedMe | λ2=35.0, η2=0.02, inner_steps=5, epochs=5, batches/epoch=141  [Client  4] Starting Hier-pFedMe | λ2=35.0, η2=0.02, inner_steps=5, epochs=5, batches/epoch=141

  [Client  0] Starting Hier-pFedMe | λ2=35.0, η2=0.02, inner_steps=5, epochs=5, batches/epoch=141  [Client  3] Starting Hier-pFedMe | λ2=35.0, η2=0.02, inner_steps=5, epochs=5, batches/epoch=141

  [Client  9] Round 5 | Hier-pFedMe(λ2=35.0, K=5) | loss=0.0180
  [Client  2] Starting Hier-pFedMe | λ2=35.0, η2=0.02, inner_steps=5, epochs=5, batches/epoch=141
  [Client  3] Round 5 | Hier-pFedMe(λ2=35.0, K=5) | loss=0.0191
  [Client  6] Starting Hier-pFedMe | λ2=35.0, η2=0.02, inner_steps=5, epochs=5, batches/epoch=141
  [Client  4] Round 5 | Hier-pFedMe(λ2=35.0, K=5) | loss=0.0175
  [Client  8] Starting Hier-pFedMe | λ2=35.0, η2=0.02, inner_steps=5, epochs=5, batches/epoch=141
  [Client  0] Round 5 | Hier-pFedMe(λ2=35.0, K=5) | loss=0.0189
  [Client  5] Starting Hier-pFedMe | λ2=35.0, η2=0.02, inner_steps=5, epochs=5, batches/epoch=141
  [Client  6] Round 5 | Hier-pFedMe(λ2=35.0, K=5) | loss=0.0173
  [Client  1] Starting Hier-pFedMe | λ2=35.0, η2=0.02, inner_steps=5, epochs=5, batches/epoch=141
  [Client  2] Round 5 | Hier-pFedMe(λ2=35.0, K=5) | loss=0.0182
  [Client  7] Starting Hier-pFedMe | λ2=35.0, η2=0.02, inner_steps=5, epochs=5, batches/epoch=141
  [Client  5] Round 5 | Hier-pFedMe(λ2=35.0, K=5) | loss=0.0177
  [Client  8] Round 5 | Hier-pFedMe(λ2=35.0, K=5) | loss=0.0152
  [Client  1] Round 5 | Hier-pFedMe(λ2=35.0, K=5) | loss=0.0142
  [Client  7] Round 5 | Hier-pFedMe(λ2=35.0, K=5) | loss=0.0161
  [Edge 0] G5 | E1 | loss=0.0172
  [Edge 0] G5 | E2 | Hier-pFedMe | Selected 10/10
  [Client  7] Received edge weights. Set local model to edge weights.
[C7] Test set: samples=750, class_dist={24: 68, 31: 72, 36: 73, 45: 74, 46: 76, 50: 79, 67: 92, 73: 75, 74: 61, 80: 80}
  [Client  8] Received edge weights. Set local model to edge weights.
[C8] Test set: samples=750, class_dist={1: 60, 14: 77, 24: 79, 26: 71, 30: 76, 65: 78, 75: 62, 88: 91, 93: 73, 95: 83}
  [Client  4] Received edge weights. Set local model to edge weights.
[C4] Test set: samples=750, class_dist={19: 72, 31: 69, 42: 76, 43: 75, 63: 80, 66: 80, 72: 74, 79: 81, 91: 77, 98: 66}
  [Client  0] Received edge weights. Set local model to edge weights.
[C0] Test set: samples=750, class_dist={6: 83, 18: 67, 29: 71, 30: 73, 34: 78, 43: 77, 44: 71, 55: 71, 64: 82, 66: 77}
  [Client  6] Received edge weights. Set local model to edge weights.
[C6] Test set: samples=750, class_dist={11: 70, 18: 85, 21: 73, 32: 89, 44: 80, 46: 73, 78: 127, 88: 85, 97: 68}
  [Client  2] Received edge weights. Set local model to edge weights.
[C2] Test set: samples=750, class_dist={35: 80, 36: 63, 38: 79, 42: 77, 50: 77, 64: 79, 72: 80, 77: 72, 97: 72, 98: 71}
  [Client  3] Received edge weights. Set local model to edge weights.
[C3] Test set: samples=750, class_dist={4: 80, 6: 65, 7: 146, 14: 82, 21: 76, 35: 63, 38: 70, 65: 89, 80: 79}
  [Client  5] Received edge weights. Set local model to edge weights.
[C5] Test set: samples=750, class_dist={4: 76, 15: 79, 19: 73, 34: 66, 45: 81, 63: 90, 74: 77, 91: 69, 93: 86, 95: 53}
  [Client  1] Received edge weights. Set local model to edge weights.
[C1] Test set: samples=750, class_dist={1: 75, 11: 80, 26: 83, 27: 68, 29: 75, 32: 70, 73: 71, 75: 79, 99: 149}
  [Client  9] Received edge weights. Set local model to edge weights.
[C9] Test set: samples=750, class_dist={2: 167, 3: 151, 15: 78, 27: 67, 55: 68, 67: 71, 77: 66, 79: 82}
  [Client  7] Starting Hier-pFedMe | λ2=35.0, η2=0.02, inner_steps=5, epochs=5, batches/epoch=141  [Client  8] Starting Hier-pFedMe | λ2=35.0, η2=0.02, inner_steps=5, epochs=5, batches/epoch=141
  [Client  4] Starting Hier-pFedMe | λ2=35.0, η2=0.02, inner_steps=5, epochs=5, batches/epoch=141

  [Client  0] Starting Hier-pFedMe | λ2=35.0, η2=0.02, inner_steps=5, epochs=5, batches/epoch=141
  [Client  0] Round 5 | Hier-pFedMe(λ2=35.0, K=5) | loss=0.0148
  [Client  6] Starting Hier-pFedMe | λ2=35.0, η2=0.02, inner_steps=5, epochs=5, batches/epoch=141
  [Client  4] Round 5 | Hier-pFedMe(λ2=35.0, K=5) | loss=0.0139
  [Client  2] Starting Hier-pFedMe | λ2=35.0, η2=0.02, inner_steps=5, epochs=5, batches/epoch=141
  [Client  7] Round 5 | Hier-pFedMe(λ2=35.0, K=5) | loss=0.0142
  [Client  3] Starting Hier-pFedMe | λ2=35.0, η2=0.02, inner_steps=5, epochs=5, batches/epoch=141
  [Client  8] Round 5 | Hier-pFedMe(λ2=35.0, K=5) | loss=0.0132
  [Client  5] Starting Hier-pFedMe | λ2=35.0, η2=0.02, inner_steps=5, epochs=5, batches/epoch=141
  [Client  2] Round 5 | Hier-pFedMe(λ2=35.0, K=5) | loss=0.0146
  [Client  1] Starting Hier-pFedMe | λ2=35.0, η2=0.02, inner_steps=5, epochs=5, batches/epoch=141
  [Client  3] Round 5 | Hier-pFedMe(λ2=35.0, K=5) | loss=0.0179
  [Client  9] Starting Hier-pFedMe | λ2=35.0, η2=0.02, inner_steps=5, epochs=5, batches/epoch=141
  [Client  6] Round 5 | Hier-pFedMe(λ2=35.0, K=5) | loss=0.0139
  [Client  5] Round 5 | Hier-pFedMe(λ2=35.0, K=5) | loss=0.0135
  [Client  1] Round 5 | Hier-pFedMe(λ2=35.0, K=5) | loss=0.0118
  [Client  9] Round 5 | Hier-pFedMe(λ2=35.0, K=5) | loss=0.0145
  [Edge 0] G5 | E2 | loss=0.0142
  [Edge 0] G5 | E3 | Hier-pFedMe | Selected 10/10
  [Client  2] Received edge weights. Set local model to edge weights.
[C2] Test set: samples=750, class_dist={35: 80, 36: 63, 38: 79, 42: 77, 50: 77, 64: 79, 72: 80, 77: 72, 97: 72, 98: 71}
  [Client  7] Received edge weights. Set local model to edge weights.
[C7] Test set: samples=750, class_dist={24: 68, 31: 72, 36: 73, 45: 74, 46: 76, 50: 79, 67: 92, 73: 75, 74: 61, 80: 80}
  [Client  5] Received edge weights. Set local model to edge weights.
[C5] Test set: samples=750, class_dist={4: 76, 15: 79, 19: 73, 34: 66, 45: 81, 63: 90, 74: 77, 91: 69, 93: 86, 95: 53}
  [Client  0] Received edge weights. Set local model to edge weights.
[C0] Test set: samples=750, class_dist={6: 83, 18: 67, 29: 71, 30: 73, 34: 78, 43: 77, 44: 71, 55: 71, 64: 82, 66: 77}
  [Client  9] Received edge weights. Set local model to edge weights.
[C9] Test set: samples=750, class_dist={2: 167, 3: 151, 15: 78, 27: 67, 55: 68, 67: 71, 77: 66, 79: 82}
  [Client  3] Received edge weights. Set local model to edge weights.
[C3] Test set: samples=750, class_dist={4: 80, 6: 65, 7: 146, 14: 82, 21: 76, 35: 63, 38: 70, 65: 89, 80: 79}
  [Client  1] Received edge weights. Set local model to edge weights.
[C1] Test set: samples=750, class_dist={1: 75, 11: 80, 26: 83, 27: 68, 29: 75, 32: 70, 73: 71, 75: 79, 99: 149}
  [Client  8] Received edge weights. Set local model to edge weights.
[C8] Test set: samples=750, class_dist={1: 60, 14: 77, 24: 79, 26: 71, 30: 76, 65: 78, 75: 62, 88: 91, 93: 73, 95: 83}
  [Client  6] Received edge weights. Set local model to edge weights.
[C6] Test set: samples=750, class_dist={11: 70, 18: 85, 21: 73, 32: 89, 44: 80, 46: 73, 78: 127, 88: 85, 97: 68}
  [Client  4] Received edge weights. Set local model to edge weights.
[C4] Test set: samples=750, class_dist={19: 72, 31: 69, 42: 76, 43: 75, 63: 80, 66: 80, 72: 74, 79: 81, 91: 77, 98: 66}
  [Client  2] Starting Hier-pFedMe | λ2=35.0, η2=0.02, inner_steps=5, epochs=5, batches/epoch=141  [Client  7] Starting Hier-pFedMe | λ2=35.0, η2=0.02, inner_steps=5, epochs=5, batches/epoch=141

  [Client  5] Starting Hier-pFedMe | λ2=35.0, η2=0.02, inner_steps=5, epochs=5, batches/epoch=141  [Client  0] Starting Hier-pFedMe | λ2=35.0, η2=0.02, inner_steps=5, epochs=5, batches/epoch=141

  [Client  5] Round 5 | Hier-pFedMe(λ2=35.0, K=5) | loss=0.0120
  [Client  9] Starting Hier-pFedMe | λ2=35.0, η2=0.02, inner_steps=5, epochs=5, batches/epoch=141
  [Client  2] Round 5 | Hier-pFedMe(λ2=35.0, K=5) | loss=0.0126
  [Client  3] Starting Hier-pFedMe | λ2=35.0, η2=0.02, inner_steps=5, epochs=5, batches/epoch=141
  [Client  0] Round 5 | Hier-pFedMe(λ2=35.0, K=5) | loss=0.0129
  [Client  1] Starting Hier-pFedMe | λ2=35.0, η2=0.02, inner_steps=5, epochs=5, batches/epoch=141
  [Client  7] Round 5 | Hier-pFedMe(λ2=35.0, K=5) | loss=0.0119
  [Client  8] Starting Hier-pFedMe | λ2=35.0, η2=0.02, inner_steps=5, epochs=5, batches/epoch=141
  [Client  3] Round 5 | Hier-pFedMe(λ2=35.0, K=5) | loss=0.0134
  [Client  6] Starting Hier-pFedMe | λ2=35.0, η2=0.02, inner_steps=5, epochs=5, batches/epoch=141
  [Client  1] Round 5 | Hier-pFedMe(λ2=35.0, K=5) | loss=0.0104
  [Client  4] Starting Hier-pFedMe | λ2=35.0, η2=0.02, inner_steps=5, epochs=5, batches/epoch=141
  [Client  9] Round 5 | Hier-pFedMe(λ2=35.0, K=5) | loss=0.0131
  [Client  8] Round 5 | Hier-pFedMe(λ2=35.0, K=5) | loss=0.0110
  [Client  4] Round 5 | Hier-pFedMe(λ2=35.0, K=5) | loss=0.0120
  [Client  6] Round 5 | Hier-pFedMe(λ2=35.0, K=5) | loss=0.0125
  [Edge 0] G5 | E3 | loss=0.0122
  [Edge 0] G5 | E4 | Hier-pFedMe | Selected 10/10
  [Client  9] Received edge weights. Set local model to edge weights.
[C9] Test set: samples=750, class_dist={2: 167, 3: 151, 15: 78, 27: 67, 55: 68, 67: 71, 77: 66, 79: 82}
  [Client  6] Received edge weights. Set local model to edge weights.
[C6] Test set: samples=750, class_dist={11: 70, 18: 85, 21: 73, 32: 89, 44: 80, 46: 73, 78: 127, 88: 85, 97: 68}
  [Client  5] Received edge weights. Set local model to edge weights.
[C5] Test set: samples=750, class_dist={4: 76, 15: 79, 19: 73, 34: 66, 45: 81, 63: 90, 74: 77, 91: 69, 93: 86, 95: 53}
  [Client  1] Received edge weights. Set local model to edge weights.
[C1] Test set: samples=750, class_dist={1: 75, 11: 80, 26: 83, 27: 68, 29: 75, 32: 70, 73: 71, 75: 79, 99: 149}
  [Client  0] Received edge weights. Set local model to edge weights.
[C0] Test set: samples=750, class_dist={6: 83, 18: 67, 29: 71, 30: 73, 34: 78, 43: 77, 44: 71, 55: 71, 64: 82, 66: 77}
  [Client  4] Received edge weights. Set local model to edge weights.
[C4] Test set: samples=750, class_dist={19: 72, 31: 69, 42: 76, 43: 75, 63: 80, 66: 80, 72: 74, 79: 81, 91: 77, 98: 66}
  [Client  3] Received edge weights. Set local model to edge weights.
[C3] Test set: samples=750, class_dist={4: 80, 6: 65, 7: 146, 14: 82, 21: 76, 35: 63, 38: 70, 65: 89, 80: 79}
  [Client  7] Received edge weights. Set local model to edge weights.
[C7] Test set: samples=750, class_dist={24: 68, 31: 72, 36: 73, 45: 74, 46: 76, 50: 79, 67: 92, 73: 75, 74: 61, 80: 80}
  [Client  8] Received edge weights. Set local model to edge weights.
[C8] Test set: samples=750, class_dist={1: 60, 14: 77, 24: 79, 26: 71, 30: 76, 65: 78, 75: 62, 88: 91, 93: 73, 95: 83}
  [Client  2] Received edge weights. Set local model to edge weights.
[C2] Test set: samples=750, class_dist={35: 80, 36: 63, 38: 79, 42: 77, 50: 77, 64: 79, 72: 80, 77: 72, 97: 72, 98: 71}
  [Client  9] Starting Hier-pFedMe | λ2=35.0, η2=0.02, inner_steps=5, epochs=5, batches/epoch=141  [Client  6] Starting Hier-pFedMe | λ2=35.0, η2=0.02, inner_steps=5, epochs=5, batches/epoch=141  [Client  1] Starting Hier-pFedMe | λ2=35.0, η2=0.02, inner_steps=5, epochs=5, batches/epoch=141


  [Client  5] Starting Hier-pFedMe | λ2=35.0, η2=0.02, inner_steps=5, epochs=5, batches/epoch=141
  [Client  9] Round 5 | Hier-pFedMe(λ2=35.0, K=5) | loss=0.0117
  [Client  0] Starting Hier-pFedMe | λ2=35.0, η2=0.02, inner_steps=5, epochs=5, batches/epoch=141
  [Client  1] Round 5 | Hier-pFedMe(λ2=35.0, K=5) | loss=0.0094
  [Client  4] Starting Hier-pFedMe | λ2=35.0, η2=0.02, inner_steps=5, epochs=5, batches/epoch=141
  [Client  5] Round 5 | Hier-pFedMe(λ2=35.0, K=5) | loss=0.0106
  [Client  3] Starting Hier-pFedMe | λ2=35.0, η2=0.02, inner_steps=5, epochs=5, batches/epoch=141
  [Client  6] Round 5 | Hier-pFedMe(λ2=35.0, K=5) | loss=0.0110
  [Client  7] Starting Hier-pFedMe | λ2=35.0, η2=0.02, inner_steps=5, epochs=5, batches/epoch=141
  [Client  0] Round 5 | Hier-pFedMe(λ2=35.0, K=5) | loss=0.0119
  [Client  8] Starting Hier-pFedMe | λ2=35.0, η2=0.02, inner_steps=5, epochs=5, batches/epoch=141
  [Client  3] Round 5 | Hier-pFedMe(λ2=35.0, K=5) | loss=0.0120
  [Client  2] Starting Hier-pFedMe | λ2=35.0, η2=0.02, inner_steps=5, epochs=5, batches/epoch=141
  [Client  4] Round 5 | Hier-pFedMe(λ2=35.0, K=5) | loss=0.0112
  [Client  7] Round 5 | Hier-pFedMe(λ2=35.0, K=5) | loss=0.0106
  [Client  8] Round 5 | Hier-pFedMe(λ2=35.0, K=5) | loss=0.0096
  [Client  2] Round 5 | Hier-pFedMe(λ2=35.0, K=5) | loss=0.0118
  [Edge 0] G5 | E4 | loss=0.0110
  [Edge 0] G5 | E5 | Hier-pFedMe | Selected 10/10
  [Client  1] Received edge weights. Set local model to edge weights.
[C1] Test set: samples=750, class_dist={1: 75, 11: 80, 26: 83, 27: 68, 29: 75, 32: 70, 73: 71, 75: 79, 99: 149}
  [Client  3] Received edge weights. Set local model to edge weights.
[C3] Test set: samples=750, class_dist={4: 80, 6: 65, 7: 146, 14: 82, 21: 76, 35: 63, 38: 70, 65: 89, 80: 79}
  [Client  7] Received edge weights. Set local model to edge weights.
[C7] Test set: samples=750, class_dist={24: 68, 31: 72, 36: 73, 45: 74, 46: 76, 50: 79, 67: 92, 73: 75, 74: 61, 80: 80}
  [Client  6] Received edge weights. Set local model to edge weights.
[C6] Test set: samples=750, class_dist={11: 70, 18: 85, 21: 73, 32: 89, 44: 80, 46: 73, 78: 127, 88: 85, 97: 68}
  [Client  5] Received edge weights. Set local model to edge weights.
[C5] Test set: samples=750, class_dist={4: 76, 15: 79, 19: 73, 34: 66, 45: 81, 63: 90, 74: 77, 91: 69, 93: 86, 95: 53}
  [Client  4] Received edge weights. Set local model to edge weights.
[C4] Test set: samples=750, class_dist={19: 72, 31: 69, 42: 76, 43: 75, 63: 80, 66: 80, 72: 74, 79: 81, 91: 77, 98: 66}
  [Client  8] Received edge weights. Set local model to edge weights.
[C8] Test set: samples=750, class_dist={1: 60, 14: 77, 24: 79, 26: 71, 30: 76, 65: 78, 75: 62, 88: 91, 93: 73, 95: 83}
  [Client  0] Received edge weights. Set local model to edge weights.
[C0] Test set: samples=750, class_dist={6: 83, 18: 67, 29: 71, 30: 73, 34: 78, 43: 77, 44: 71, 55: 71, 64: 82, 66: 77}
  [Client  9] Received edge weights. Set local model to edge weights.
[C9] Test set: samples=750, class_dist={2: 167, 3: 151, 15: 78, 27: 67, 55: 68, 67: 71, 77: 66, 79: 82}
  [Client  2] Received edge weights. Set local model to edge weights.
[C2] Test set: samples=750, class_dist={35: 80, 36: 63, 38: 79, 42: 77, 50: 77, 64: 79, 72: 80, 77: 72, 97: 72, 98: 71}
  [Client  1] Starting Hier-pFedMe | λ2=35.0, η2=0.02, inner_steps=5, epochs=5, batches/epoch=141  [Client  3] Starting Hier-pFedMe | λ2=35.0, η2=0.02, inner_steps=5, epochs=5, batches/epoch=141
  [Client  7] Starting Hier-pFedMe | λ2=35.0, η2=0.02, inner_steps=5, epochs=5, batches/epoch=141

  [Client  6] Starting Hier-pFedMe | λ2=35.0, η2=0.02, inner_steps=5, epochs=5, batches/epoch=141
  [Client  7] Round 5 | Hier-pFedMe(λ2=35.0, K=5) | loss=0.0094
  [Client  5] Starting Hier-pFedMe | λ2=35.0, η2=0.02, inner_steps=5, epochs=5, batches/epoch=141
  [Client  6] Round 5 | Hier-pFedMe(λ2=35.0, K=5) | loss=0.0099
  [Client  4] Starting Hier-pFedMe | λ2=35.0, η2=0.02, inner_steps=5, epochs=5, batches/epoch=141
  [Client  1] Round 5 | Hier-pFedMe(λ2=35.0, K=5) | loss=0.0084
  [Client  8] Starting Hier-pFedMe | λ2=35.0, η2=0.02, inner_steps=5, epochs=5, batches/epoch=141
  [Client  3] Round 5 | Hier-pFedMe(λ2=35.0, K=5) | loss=0.0109
  [Client  0] Starting Hier-pFedMe | λ2=35.0, η2=0.02, inner_steps=5, epochs=5, batches/epoch=141
  [Client  5] Round 5 | Hier-pFedMe(λ2=35.0, K=5) | loss=0.0098
  [Client  9] Starting Hier-pFedMe | λ2=35.0, η2=0.02, inner_steps=5, epochs=5, batches/epoch=141
  [Client  4] Round 5 | Hier-pFedMe(λ2=35.0, K=5) | loss=0.0099
  [Client  2] Starting Hier-pFedMe | λ2=35.0, η2=0.02, inner_steps=5, epochs=5, batches/epoch=141
  [Client  8] Round 5 | Hier-pFedMe(λ2=35.0, K=5) | loss=0.0088
  [Client  0] Round 5 | Hier-pFedMe(λ2=35.0, K=5) | loss=0.0107
  [Client  2] Round 5 | Hier-pFedMe(λ2=35.0, K=5) | loss=0.0112
  [Client  9] Round 5 | Hier-pFedMe(λ2=35.0, K=5) | loss=0.0107
  [Edge 0] G5 | E5 | loss=0.0100
  [Edge 1] G5 | E1 | Hier-pFedMe | Selected 10/10
  [Client 16] Received edge weights. Set local model to edge weights.
[C16] Test set: samples=750, class_dist={20: 75, 22: 88, 28: 62, 52: 153, 53: 84, 59: 67, 70: 71, 76: 65, 82: 85}
  [Client 17] Received edge weights. Set local model to edge weights.
[C17] Test set: samples=750, class_dist={49: 73, 56: 69, 58: 67, 60: 82, 61: 143, 69: 96, 71: 151, 85: 69}
  [Client 18] Received edge weights. Set local model to edge weights.
[C18] Test set: samples=750, class_dist={0: 71, 5: 79, 8: 79, 16: 71, 25: 72, 76: 70, 84: 81, 86: 67, 92: 81, 96: 79}
  [Client 19] Received edge weights. Set local model to edge weights.
[C19] Test set: samples=750, class_dist={0: 66, 13: 168, 23: 137, 51: 86, 68: 65, 70: 82, 81: 64, 89: 82}
  [Client 15] Received edge weights. Set local model to edge weights.
[C15] Test set: samples=750, class_dist={25: 79, 28: 75, 33: 65, 39: 81, 47: 75, 53: 72, 60: 73, 81: 75, 90: 77, 94: 78}
  [Client 13] Received edge weights. Set local model to edge weights.
[C13] Test set: samples=750, class_dist={8: 68, 9: 75, 20: 73, 37: 78, 39: 76, 48: 73, 59: 78, 68: 74, 86: 80, 90: 75}
  [Client 11] Received edge weights. Set local model to edge weights.
[C11] Test set: samples=750, class_dist={10: 175, 12: 136, 16: 85, 17: 77, 37: 65, 40: 70, 82: 70, 87: 72}
  [Client 10] Received edge weights. Set local model to edge weights.
[C10] Test set: samples=750, class_dist={5: 74, 9: 72, 51: 87, 54: 76, 57: 149, 84: 72, 89: 78, 92: 60, 94: 82}
  [Client 12] Received edge weights. Set local model to edge weights.
[C12] Test set: samples=750, class_dist={17: 72, 41: 154, 47: 72, 48: 78, 54: 85, 58: 68, 69: 83, 83: 72, 96: 66}
  [Client 14] Received edge weights. Set local model to edge weights.
[C14] Test set: samples=750, class_dist={22: 68, 33: 80, 40: 81, 49: 71, 56: 79, 62: 143, 83: 80, 85: 69, 87: 79}
  [Client 16] Starting Hier-pFedMe | λ2=35.0, η2=0.02, inner_steps=5, epochs=5, batches/epoch=141  [Client 17] Starting Hier-pFedMe | λ2=35.0, η2=0.02, inner_steps=5, epochs=5, batches/epoch=141

  [Client 18] Starting Hier-pFedMe | λ2=35.0, η2=0.02, inner_steps=5, epochs=5, batches/epoch=141
  [Client 19] Starting Hier-pFedMe | λ2=35.0, η2=0.02, inner_steps=5, epochs=5, batches/epoch=141
  [Client 17] Round 5 | Hier-pFedMe(λ2=35.0, K=5) | loss=0.0131
  [Client 19] Round 5 | Hier-pFedMe(λ2=35.0, K=5) | loss=0.0116
  [Client 15] Starting Hier-pFedMe | λ2=35.0, η2=0.02, inner_steps=5, epochs=5, batches/epoch=141  [Client 13] Starting Hier-pFedMe | λ2=35.0, η2=0.02, inner_steps=5, epochs=5, batches/epoch=141

  [Client 16] Round 5 | Hier-pFedMe(λ2=35.0, K=5) | loss=0.0103
  [Client 11] Starting Hier-pFedMe | λ2=35.0, η2=0.02, inner_steps=5, epochs=5, batches/epoch=141
  [Client 18] Round 5 | Hier-pFedMe(λ2=35.0, K=5) | loss=0.0151
  [Client 10] Starting Hier-pFedMe | λ2=35.0, η2=0.02, inner_steps=5, epochs=5, batches/epoch=141
  [Client 11] Round 5 | Hier-pFedMe(λ2=35.0, K=5) | loss=0.0131
  [Client 12] Starting Hier-pFedMe | λ2=35.0, η2=0.02, inner_steps=5, epochs=5, batches/epoch=141
  [Client 15] Round 5 | Hier-pFedMe(λ2=35.0, K=5) | loss=0.0125
  [Client 14] Starting Hier-pFedMe | λ2=35.0, η2=0.02, inner_steps=5, epochs=5, batches/epoch=141
  [Client 13] Round 5 | Hier-pFedMe(λ2=35.0, K=5) | loss=0.0143
  [Client 10] Round 5 | Hier-pFedMe(λ2=35.0, K=5) | loss=0.0133
  [Client 14] Round 5 | Hier-pFedMe(λ2=35.0, K=5) | loss=0.0149
  [Client 12] Round 5 | Hier-pFedMe(λ2=35.0, K=5) | loss=0.0129
  [Edge 1] G5 | E1 | loss=0.0131
  [Edge 1] G5 | E2 | Hier-pFedMe | Selected 10/10
  [Client 15] Received edge weights. Set local model to edge weights.
[C15] Test set: samples=750, class_dist={25: 79, 28: 75, 33: 65, 39: 81, 47: 75, 53: 72, 60: 73, 81: 75, 90: 77, 94: 78}
  [Client 17] Received edge weights. Set local model to edge weights.
[C17] Test set: samples=750, class_dist={49: 73, 56: 69, 58: 67, 60: 82, 61: 143, 69: 96, 71: 151, 85: 69}
  [Client 13] Received edge weights. Set local model to edge weights.
[C13] Test set: samples=750, class_dist={8: 68, 9: 75, 20: 73, 37: 78, 39: 76, 48: 73, 59: 78, 68: 74, 86: 80, 90: 75}
  [Client 10] Received edge weights. Set local model to edge weights.
[C10] Test set: samples=750, class_dist={5: 74, 9: 72, 51: 87, 54: 76, 57: 149, 84: 72, 89: 78, 92: 60, 94: 82}
  [Client 12] Received edge weights. Set local model to edge weights.
[C12] Test set: samples=750, class_dist={17: 72, 41: 154, 47: 72, 48: 78, 54: 85, 58: 68, 69: 83, 83: 72, 96: 66}
  [Client 19] Received edge weights. Set local model to edge weights.
[C19] Test set: samples=750, class_dist={0: 66, 13: 168, 23: 137, 51: 86, 68: 65, 70: 82, 81: 64, 89: 82}
  [Client 18] Received edge weights. Set local model to edge weights.
[C18] Test set: samples=750, class_dist={0: 71, 5: 79, 8: 79, 16: 71, 25: 72, 76: 70, 84: 81, 86: 67, 92: 81, 96: 79}
  [Client 11] Received edge weights. Set local model to edge weights.
[C11] Test set: samples=750, class_dist={10: 175, 12: 136, 16: 85, 17: 77, 37: 65, 40: 70, 82: 70, 87: 72}
  [Client 16] Received edge weights. Set local model to edge weights.
[C16] Test set: samples=750, class_dist={20: 75, 22: 88, 28: 62, 52: 153, 53: 84, 59: 67, 70: 71, 76: 65, 82: 85}
  [Client 14] Received edge weights. Set local model to edge weights.
[C14] Test set: samples=750, class_dist={22: 68, 33: 80, 40: 81, 49: 71, 56: 79, 62: 143, 83: 80, 85: 69, 87: 79}
  [Client 15] Starting Hier-pFedMe | λ2=35.0, η2=0.02, inner_steps=5, epochs=5, batches/epoch=141  [Client 17] Starting Hier-pFedMe | λ2=35.0, η2=0.02, inner_steps=5, epochs=5, batches/epoch=141

  [Client 13] Starting Hier-pFedMe | λ2=35.0, η2=0.02, inner_steps=5, epochs=5, batches/epoch=141  [Client 10] Starting Hier-pFedMe | λ2=35.0, η2=0.02, inner_steps=5, epochs=5, batches/epoch=141

  [Client 17] Round 5 | Hier-pFedMe(λ2=35.0, K=5) | loss=0.0110
  [Client 12] Starting Hier-pFedMe | λ2=35.0, η2=0.02, inner_steps=5, epochs=5, batches/epoch=141
  [Client 13] Round 5 | Hier-pFedMe(λ2=35.0, K=5) | loss=0.0115
  [Client 19] Starting Hier-pFedMe | λ2=35.0, η2=0.02, inner_steps=5, epochs=5, batches/epoch=141
  [Client 10] Round 5 | Hier-pFedMe(λ2=35.0, K=5) | loss=0.0108
  [Client 18] Starting Hier-pFedMe | λ2=35.0, η2=0.02, inner_steps=5, epochs=5, batches/epoch=141
  [Client 15] Round 5 | Hier-pFedMe(λ2=35.0, K=5) | loss=0.0116
  [Client 11] Starting Hier-pFedMe | λ2=35.0, η2=0.02, inner_steps=5, epochs=5, batches/epoch=141
  [Client 19] Round 5 | Hier-pFedMe(λ2=35.0, K=5) | loss=0.0090
  [Client 16] Starting Hier-pFedMe | λ2=35.0, η2=0.02, inner_steps=5, epochs=5, batches/epoch=141
  [Client 12] Round 5 | Hier-pFedMe(λ2=35.0, K=5) | loss=0.0093
  [Client 14] Starting Hier-pFedMe | λ2=35.0, η2=0.02, inner_steps=5, epochs=5, batches/epoch=141
  [Client 11] Round 5 | Hier-pFedMe(λ2=35.0, K=5) | loss=0.0112
  [Client 18] Round 5 | Hier-pFedMe(λ2=35.0, K=5) | loss=0.0117
  [Client 16] Round 5 | Hier-pFedMe(λ2=35.0, K=5) | loss=0.0083
  [Client 14] Round 5 | Hier-pFedMe(λ2=35.0, K=5) | loss=0.0112
  [Edge 1] G5 | E2 | loss=0.0106
  [Edge 1] G5 | E3 | Hier-pFedMe | Selected 10/10
  [Client 14] Received edge weights. Set local model to edge weights.
[C14] Test set: samples=750, class_dist={22: 68, 33: 80, 40: 81, 49: 71, 56: 79, 62: 143, 83: 80, 85: 69, 87: 79}
  [Client 12] Received edge weights. Set local model to edge weights.
[C12] Test set: samples=750, class_dist={17: 72, 41: 154, 47: 72, 48: 78, 54: 85, 58: 68, 69: 83, 83: 72, 96: 66}
  [Client 16] Received edge weights. Set local model to edge weights.
[C16] Test set: samples=750, class_dist={20: 75, 22: 88, 28: 62, 52: 153, 53: 84, 59: 67, 70: 71, 76: 65, 82: 85}
  [Client 15] Received edge weights. Set local model to edge weights.
[C15] Test set: samples=750, class_dist={25: 79, 28: 75, 33: 65, 39: 81, 47: 75, 53: 72, 60: 73, 81: 75, 90: 77, 94: 78}
  [Client 10] Received edge weights. Set local model to edge weights.
[C10] Test set: samples=750, class_dist={5: 74, 9: 72, 51: 87, 54: 76, 57: 149, 84: 72, 89: 78, 92: 60, 94: 82}
  [Client 11] Received edge weights. Set local model to edge weights.
[C11] Test set: samples=750, class_dist={10: 175, 12: 136, 16: 85, 17: 77, 37: 65, 40: 70, 82: 70, 87: 72}
  [Client 17] Received edge weights. Set local model to edge weights.
[C17] Test set: samples=750, class_dist={49: 73, 56: 69, 58: 67, 60: 82, 61: 143, 69: 96, 71: 151, 85: 69}
  [Client 19] Received edge weights. Set local model to edge weights.
[C19] Test set: samples=750, class_dist={0: 66, 13: 168, 23: 137, 51: 86, 68: 65, 70: 82, 81: 64, 89: 82}
  [Client 18] Received edge weights. Set local model to edge weights.
[C18] Test set: samples=750, class_dist={0: 71, 5: 79, 8: 79, 16: 71, 25: 72, 76: 70, 84: 81, 86: 67, 92: 81, 96: 79}
  [Client 13] Received edge weights. Set local model to edge weights.
[C13] Test set: samples=750, class_dist={8: 68, 9: 75, 20: 73, 37: 78, 39: 76, 48: 73, 59: 78, 68: 74, 86: 80, 90: 75}
  [Client 14] Starting Hier-pFedMe | λ2=35.0, η2=0.02, inner_steps=5, epochs=5, batches/epoch=141  [Client 12] Starting Hier-pFedMe | λ2=35.0, η2=0.02, inner_steps=5, epochs=5, batches/epoch=141
  [Client 15] Starting Hier-pFedMe | λ2=35.0, η2=0.02, inner_steps=5, epochs=5, batches/epoch=141
  [Client 16] Starting Hier-pFedMe | λ2=35.0, η2=0.02, inner_steps=5, epochs=5, batches/epoch=141

  [Client 15] Round 5 | Hier-pFedMe(λ2=35.0, K=5) | loss=0.0096
  [Client 10] Starting Hier-pFedMe | λ2=35.0, η2=0.02, inner_steps=5, epochs=5, batches/epoch=141
  [Client 14] Round 5 | Hier-pFedMe(λ2=35.0, K=5) | loss=0.0090
  [Client 11] Starting Hier-pFedMe | λ2=35.0, η2=0.02, inner_steps=5, epochs=5, batches/epoch=141
  [Client 16] Round 5 | Hier-pFedMe(λ2=35.0, K=5) | loss=0.0085
  [Client 17] Starting Hier-pFedMe | λ2=35.0, η2=0.02, inner_steps=5, epochs=5, batches/epoch=141
  [Client 12] Round 5 | Hier-pFedMe(λ2=35.0, K=5) | loss=0.0086
  [Client 19] Starting Hier-pFedMe | λ2=35.0, η2=0.02, inner_steps=5, epochs=5, batches/epoch=141
  [Client 11] Round 5 | Hier-pFedMe(λ2=35.0, K=5) | loss=0.0096
  [Client 18] Starting Hier-pFedMe | λ2=35.0, η2=0.02, inner_steps=5, epochs=5, batches/epoch=141
  [Client 10] Round 5 | Hier-pFedMe(λ2=35.0, K=5) | loss=0.0097
  [Client 13] Starting Hier-pFedMe | λ2=35.0, η2=0.02, inner_steps=5, epochs=5, batches/epoch=141
  [Client 17] Round 5 | Hier-pFedMe(λ2=35.0, K=5) | loss=0.0093
  [Client 19] Round 5 | Hier-pFedMe(λ2=35.0, K=5) | loss=0.0088
  [Client 13] Round 5 | Hier-pFedMe(λ2=35.0, K=5) | loss=0.0103
  [Client 18] Round 5 | Hier-pFedMe(λ2=35.0, K=5) | loss=0.0105
  [Edge 1] G5 | E3 | loss=0.0094
  [Edge 1] G5 | E4 | Hier-pFedMe | Selected 10/10
  [Client 16] Received edge weights. Set local model to edge weights.
[C16] Test set: samples=750, class_dist={20: 75, 22: 88, 28: 62, 52: 153, 53: 84, 59: 67, 70: 71, 76: 65, 82: 85}
  [Client 10] Received edge weights. Set local model to edge weights.
[C10] Test set: samples=750, class_dist={5: 74, 9: 72, 51: 87, 54: 76, 57: 149, 84: 72, 89: 78, 92: 60, 94: 82}
  [Client 14] Received edge weights. Set local model to edge weights.
[C14] Test set: samples=750, class_dist={22: 68, 33: 80, 40: 81, 49: 71, 56: 79, 62: 143, 83: 80, 85: 69, 87: 79}
  [Client 19] Received edge weights. Set local model to edge weights.
[C19] Test set: samples=750, class_dist={0: 66, 13: 168, 23: 137, 51: 86, 68: 65, 70: 82, 81: 64, 89: 82}
  [Client 12] Received edge weights. Set local model to edge weights.
[C12] Test set: samples=750, class_dist={17: 72, 41: 154, 47: 72, 48: 78, 54: 85, 58: 68, 69: 83, 83: 72, 96: 66}
  [Client 11] Received edge weights. Set local model to edge weights.
[C11] Test set: samples=750, class_dist={10: 175, 12: 136, 16: 85, 17: 77, 37: 65, 40: 70, 82: 70, 87: 72}
  [Client 18] Received edge weights. Set local model to edge weights.
[C18] Test set: samples=750, class_dist={0: 71, 5: 79, 8: 79, 16: 71, 25: 72, 76: 70, 84: 81, 86: 67, 92: 81, 96: 79}
  [Client 17] Received edge weights. Set local model to edge weights.
[C17] Test set: samples=750, class_dist={49: 73, 56: 69, 58: 67, 60: 82, 61: 143, 69: 96, 71: 151, 85: 69}
  [Client 13] Received edge weights. Set local model to edge weights.
[C13] Test set: samples=750, class_dist={8: 68, 9: 75, 20: 73, 37: 78, 39: 76, 48: 73, 59: 78, 68: 74, 86: 80, 90: 75}
  [Client 15] Received edge weights. Set local model to edge weights.
[C15] Test set: samples=750, class_dist={25: 79, 28: 75, 33: 65, 39: 81, 47: 75, 53: 72, 60: 73, 81: 75, 90: 77, 94: 78}
  [Client 16] Starting Hier-pFedMe | λ2=35.0, η2=0.02, inner_steps=5, epochs=5, batches/epoch=141  [Client 10] Starting Hier-pFedMe | λ2=35.0, η2=0.02, inner_steps=5, epochs=5, batches/epoch=141

  [Client 14] Starting Hier-pFedMe | λ2=35.0, η2=0.02, inner_steps=5, epochs=5, batches/epoch=141
  [Client 19] Starting Hier-pFedMe | λ2=35.0, η2=0.02, inner_steps=5, epochs=5, batches/epoch=141
  [Client 19] Round 5 | Hier-pFedMe(λ2=35.0, K=5) | loss=0.0069
  [Client 12] Starting Hier-pFedMe | λ2=35.0, η2=0.02, inner_steps=5, epochs=5, batches/epoch=141
  [Client 10] Round 5 | Hier-pFedMe(λ2=35.0, K=5) | loss=0.0090
  [Client 11] Starting Hier-pFedMe | λ2=35.0, η2=0.02, inner_steps=5, epochs=5, batches/epoch=141
  [Client 14] Round 5 | Hier-pFedMe(λ2=35.0, K=5) | loss=0.0086
  [Client 18] Starting Hier-pFedMe | λ2=35.0, η2=0.02, inner_steps=5, epochs=5, batches/epoch=141  [Client 16] Round 5 | Hier-pFedMe(λ2=35.0, K=5) | loss=0.0072

  [Client 17] Starting Hier-pFedMe | λ2=35.0, η2=0.02, inner_steps=5, epochs=5, batches/epoch=141
  [Client 11] Round 5 | Hier-pFedMe(λ2=35.0, K=5) | loss=0.0085
  [Client 13] Starting Hier-pFedMe | λ2=35.0, η2=0.02, inner_steps=5, epochs=5, batches/epoch=141
  [Client 12] Round 5 | Hier-pFedMe(λ2=35.0, K=5) | loss=0.0075
  [Client 15] Starting Hier-pFedMe | λ2=35.0, η2=0.02, inner_steps=5, epochs=5, batches/epoch=141
  [Client 18] Round 5 | Hier-pFedMe(λ2=35.0, K=5) | loss=0.0093
  [Client 17] Round 5 | Hier-pFedMe(λ2=35.0, K=5) | loss=0.0086
  [Client 13] Round 5 | Hier-pFedMe(λ2=35.0, K=5) | loss=0.0093
  [Client 15] Round 5 | Hier-pFedMe(λ2=35.0, K=5) | loss=0.0083
  [Edge 1] G5 | E4 | loss=0.0083
  [Edge 1] G5 | E5 | Hier-pFedMe | Selected 10/10
  [Client 15] Received edge weights. Set local model to edge weights.
[C15] Test set: samples=750, class_dist={25: 79, 28: 75, 33: 65, 39: 81, 47: 75, 53: 72, 60: 73, 81: 75, 90: 77, 94: 78}
  [Client 11] Received edge weights. Set local model to edge weights.
[C11] Test set: samples=750, class_dist={10: 175, 12: 136, 16: 85, 17: 77, 37: 65, 40: 70, 82: 70, 87: 72}
  [Client 10] Received edge weights. Set local model to edge weights.
[C10] Test set: samples=750, class_dist={5: 74, 9: 72, 51: 87, 54: 76, 57: 149, 84: 72, 89: 78, 92: 60, 94: 82}
  [Client 18] Received edge weights. Set local model to edge weights.
[C18] Test set: samples=750, class_dist={0: 71, 5: 79, 8: 79, 16: 71, 25: 72, 76: 70, 84: 81, 86: 67, 92: 81, 96: 79}
  [Client 14] Received edge weights. Set local model to edge weights.
[C14] Test set: samples=750, class_dist={22: 68, 33: 80, 40: 81, 49: 71, 56: 79, 62: 143, 83: 80, 85: 69, 87: 79}
  [Client 12] Received edge weights. Set local model to edge weights.
[C12] Test set: samples=750, class_dist={17: 72, 41: 154, 47: 72, 48: 78, 54: 85, 58: 68, 69: 83, 83: 72, 96: 66}
  [Client 19] Received edge weights. Set local model to edge weights.
[C19] Test set: samples=750, class_dist={0: 66, 13: 168, 23: 137, 51: 86, 68: 65, 70: 82, 81: 64, 89: 82}
  [Client 17] Received edge weights. Set local model to edge weights.
