This job can be monitored from: https://job.c3se.chalmers.se/alvis/6631329
========================================
Job ID      : 6631329
Job Name    : HierFLcifar10
Node        : alvis10-03
Start Time  : Thu May 14 06:54:08 CEST 2026
Working Dir : /cephyr/users/ziangg/Alvis/tf-dpfl
========================================
[Setup] Python: /cephyr/users/ziangg/Alvis/tf-dpfl/bin/python
[Setup] TF version: 2.15.1
[Setup] GPU available: [PhysicalDevice(name='/physical_device:GPU:0', device_type='GPU')]
[Config] Override: wandb.enabled = True
[Setup] Random seed: 42
[Setup] Loading dataset...
[Data] CIFAR-10 from Mimer: /mimer/NOBACKUP/Datasets/CIFAR
[Setup] Building global model...
Model: "cifar_cnn_3conv"
_________________________________________________________________
 Layer (type)                Output Shape              Param #   
=================================================================
 input_1 (InputLayer)        [(None, 32, 32, 3)]       0         
                                                                 
 conv2d (Conv2D)             (None, 32, 32, 32)        896       
                                                                 
 batch_normalization (Batch  (None, 32, 32, 32)        128       
 Normalization)                                                  
                                                                 
 re_lu (ReLU)                (None, 32, 32, 32)        0         
                                                                 
 conv2d_1 (Conv2D)           (None, 32, 32, 64)        18496     
                                                                 
 batch_normalization_1 (Bat  (None, 32, 32, 64)        256       
 chNormalization)                                                
                                                                 
 re_lu_1 (ReLU)              (None, 32, 32, 64)        0         
                                                                 
 max_pooling2d (MaxPooling2  (None, 16, 16, 64)        0         
 D)                                                              
                                                                 
 conv2d_2 (Conv2D)           (None, 16, 16, 128)       73856     
                                                                 
 batch_normalization_2 (Bat  (None, 16, 16, 128)       512       
 chNormalization)                                                
                                                                 
 re_lu_2 (ReLU)              (None, 16, 16, 128)       0         
                                                                 
 conv2d_3 (Conv2D)           (None, 16, 16, 128)       147584    
                                                                 
 batch_normalization_3 (Bat  (None, 16, 16, 128)       512       
 chNormalization)                                                
                                                                 
 re_lu_3 (ReLU)              (None, 16, 16, 128)       0         
                                                                 
 max_pooling2d_1 (MaxPoolin  (None, 8, 8, 128)         0         
 g2D)                                                            
                                                                 
 spatial_dropout2d (Spatial  (None, 8, 8, 128)         0         
 Dropout2D)                                                      
                                                                 
 conv2d_4 (Conv2D)           (None, 8, 8, 256)         295168    
                                                                 
 batch_normalization_4 (Bat  (None, 8, 8, 256)         1024      
 chNormalization)                                                
                                                                 
 re_lu_4 (ReLU)              (None, 8, 8, 256)         0         
                                                                 
 conv2d_5 (Conv2D)           (None, 8, 8, 256)         590080    
                                                                 
 batch_normalization_5 (Bat  (None, 8, 8, 256)         1024      
 chNormalization)                                                
                                                                 
 re_lu_5 (ReLU)              (None, 8, 8, 256)         0         
                                                                 
 max_pooling2d_2 (MaxPoolin  (None, 4, 4, 256)         0         
 g2D)                                                            
                                                                 
 flatten (Flatten)           (None, 4096)              0         
                                                                 
 dropout (Dropout)           (None, 4096)              0         
                                                                 
 dense (Dense)               (None, 1024)              4195328   
                                                                 
 dense_1 (Dense)             (None, 512)               524800    
                                                                 
 dropout_1 (Dropout)         (None, 512)               0         
                                                                 
 dense_2 (Dense)             (None, 10)                5130      
                                                                 
=================================================================
Total params: 5854794 (22.33 MB)
Trainable params: 5853066 (22.33 MB)
Non-trainable params: 1728 (6.75 KB)
_________________________________________________________________
[Setup] Building clients...

[Superclass-aware partition] 2 edges, 2 classes/client

  Edge 0 (class pool: [2, 3, 4, 5, 6, 7]):
  Client       Samples    Classes held                        Out-of-pool?
  ---------------------------------------------------------------------------
  client_0     4000       [3, 6]                              OK
  client_1     4000       [3, 6]                              OK
  client_2     4000       [2, 5]                              OK
  client_3     4000       [5, 7]                              OK
  client_4     4000       [2, 7]                              OK
  client_5     4000       [2, 4]                              OK
  client_6     4000       [6, 7]                              OK
  client_7     4000       [3, 5]                              OK
  client_8     2000       [4]                                 OK
  client_9     2000       [4]                                 OK

  Edge 1 (class pool: [0, 1, 8, 9]):
  Client       Samples    Classes held                        Out-of-pool?
  ---------------------------------------------------------------------------
  client_10    2400       [8, 9]                              OK
  client_11    2400       [0, 1]                              OK
  client_12    2400       [1, 8]                              OK
  client_13    2400       [0, 8]                              OK
  client_14    2400       [0, 9]                              OK
  client_15    2400       [0, 8]                              OK
  client_16    2400       [1, 8]                              OK
  client_17    2400       [1, 9]                              OK
  client_18    2400       [1, 9]                              OK
  client_19    2400       [0, 9]                              OK

[Train/Test split] 20 clients | avg train=2400, avg test=600 samples (ratio=0.2)
[Setup] 20 clients built (superclass_pathological) | per-client test sets injected
[Setup] Building edge servers...
[Assignment] Using pre-baked superclass assignments | 2 edges
[EdgeServer 0] 10 clients | 28800 samples
[EdgeServer 1] 10 clients | 19200 samples

[Setup] Built 2 edge servers (strategy=superclass_baked)
  Edge 0: 10 clients | 28800 samples
  Edge 1: 10 clients | 19200 samples
[Setup] Building per-edge test datasets (superclass-aware)...
  [Test split] Edge 0: 6000 test samples (6 classes)
  [Test split] Edge 1: 4000 test samples (4 classes)
[CloudServer] 2 edges | model: 22.33 MB

====================================================
 HierFAVG Training Start
====================================================

[Round   1] Broadcasting to 2 edges...
  [Edge 0] G1 | E1 | Hier-pFedMe | Selected 10/10
  [Client  8] Round 1 | Hier-pFedMe(λ2=35.0,K=3) | loss=0.0000
  [Client  3] Round 1 | Hier-pFedMe(λ2=35.0,K=3) | loss=12.6340
  [Client  6] Round 1 | Hier-pFedMe(λ2=35.0,K=3) | loss=12.0217  [Client  9] Round 1 | Hier-pFedMe(λ2=35.0,K=3) | loss=0.0000

  [Client  7] Round 1 | Hier-pFedMe(λ2=35.0,K=3) | loss=7.6815
  [Client  1] Round 1 | Hier-pFedMe(λ2=35.0,K=3) | loss=16.7766
  [Client  4] Round 1 | Hier-pFedMe(λ2=35.0,K=3) | loss=1.9164
  [Client  0] Round 1 | Hier-pFedMe(λ2=35.0,K=3) | loss=21.1531
  [Client  5] Round 1 | Hier-pFedMe(λ2=35.0,K=3) | loss=9.7201
  [Client  2] Round 1 | Hier-pFedMe(λ2=35.0,K=3) | loss=18.6488
  [Edge 0] G1 | E1 | loss=11.1725
[C0] eval model[0] mean=-0.000973 | θ̃ mean=-0.000973 | edge mean=0.000536
[C0] n=800 | classes=[3, 6] | acc=0.5088 | per_class={3: '1.00', 6: '0.00'}
[C1] eval model[0] mean=0.001453 | θ̃ mean=0.001453 | edge mean=0.000536
[C1] n=800 | classes=[3, 6] | acc=0.4825 | per_class={3: '0.00', 6: '1.00'}
[C2] eval model[0] mean=0.001900 | θ̃ mean=0.001900 | edge mean=0.000536
[C2] n=800 | classes=[2, 5] | acc=0.5000 | per_class={2: '1.00', 5: '0.00'}
[C3] eval model[0] mean=0.002798 | θ̃ mean=0.002798 | edge mean=0.000536
[C3] n=800 | classes=[5, 7] | acc=0.3463 | per_class={5: '0.12', 7: '0.58'}
[C4] eval model[0] mean=0.001230 | θ̃ mean=0.001230 | edge mean=0.000536
[C4] n=800 | classes=[2, 7] | acc=0.4913 | per_class={2: '1.00', 7: '0.00'}
[C5] eval model[0] mean=0.002801 | θ̃ mean=0.002801 | edge mean=0.000536
[C5] n=800 | classes=[2, 4] | acc=0.4763 | per_class={2: '0.00', 4: '1.00'}
[C6] eval model[0] mean=0.002366 | θ̃ mean=0.002366 | edge mean=0.000536
[C6] n=800 | classes=[6, 7] | acc=0.5075 | per_class={6: '0.99', 7: '0.04'}
[C7] eval model[0] mean=-0.000518 | θ̃ mean=-0.000518 | edge mean=0.000536
[C7] n=800 | classes=[3, 5] | acc=0.4763 | per_class={3: '1.00', 5: '0.00'}
[C8] eval model[0] mean=0.000863 | θ̃ mean=0.000863 | edge mean=0.000536
[C8] n=400 | classes=[4] | acc=1.0000 | per_class={4: '1.00'}
[C9] eval model[0] mean=0.000342 | θ̃ mean=0.000342 | edge mean=0.000536
[C9] n=400 | classes=[4] | acc=1.0000 | per_class={4: '1.00'}
  [Edge 0] G1 | E2 | Hier-pFedMe | Selected 10/10
  [Client  0] Round 1 | Hier-pFedMe(λ2=35.0,K=3) | loss=0.4522
  [Client  3] Round 1 | Hier-pFedMe(λ2=35.0,K=3) | loss=0.4386
  [Client  7] Round 1 | Hier-pFedMe(λ2=35.0,K=3) | loss=1.1930
  [Client  9] Round 1 | Hier-pFedMe(λ2=35.0,K=3) | loss=0.0005
  [Client  6] Round 1 | Hier-pFedMe(λ2=35.0,K=3) | loss=0.3130
  [Client  4] Round 1 | Hier-pFedMe(λ2=35.0,K=3) | loss=3.5518
  [Client  2] Round 1 | Hier-pFedMe(λ2=35.0,K=3) | loss=3.1608
  [Client  8] Round 1 | Hier-pFedMe(λ2=35.0,K=3) | loss=0.0021
  [Client  1] Round 1 | Hier-pFedMe(λ2=35.0,K=3) | loss=1.6970
  [Client  5] Round 1 | Hier-pFedMe(λ2=35.0,K=3) | loss=3.8751
  [Edge 0] G1 | E2 | loss=1.6314
[C0] eval model[0] mean=0.000493 | θ̃ mean=0.000493 | edge mean=0.001019
[C0] n=800 | classes=[3, 6] | acc=0.5088 | per_class={3: '1.00', 6: '0.00'}
[C1] eval model[0] mean=0.002196 | θ̃ mean=0.002196 | edge mean=0.001019
[C1] n=800 | classes=[3, 6] | acc=0.5175 | per_class={3: '1.00', 6: '0.00'}
[C2] eval model[0] mean=0.000567 | θ̃ mean=0.000567 | edge mean=0.001019
[C2] n=800 | classes=[2, 5] | acc=0.5000 | per_class={2: '0.00', 5: '1.00'}
[C3] eval model[0] mean=0.000640 | θ̃ mean=0.000640 | edge mean=0.001019
[C3] n=800 | classes=[5, 7] | acc=0.4913 | per_class={5: '0.00', 7: '1.00'}
[C4] eval model[0] mean=-0.000159 | θ̃ mean=-0.000159 | edge mean=0.001019
[C4] n=800 | classes=[2, 7] | acc=0.4913 | per_class={2: '1.00', 7: '0.00'}
[C5] eval model[0] mean=0.003052 | θ̃ mean=0.003052 | edge mean=0.001019
[C5] n=800 | classes=[2, 4] | acc=0.5238 | per_class={2: '1.00', 4: '0.00'}
[C6] eval model[0] mean=0.001219 | θ̃ mean=0.001219 | edge mean=0.001019
[C6] n=800 | classes=[6, 7] | acc=0.4950 | per_class={6: '1.00', 7: '0.00'}
[C7] eval model[0] mean=0.000203 | θ̃ mean=0.000203 | edge mean=0.001019
[C7] n=800 | classes=[3, 5] | acc=0.5238 | per_class={3: '0.00', 5: '1.00'}
[C8] eval model[0] mean=0.000075 | θ̃ mean=0.000075 | edge mean=0.001019
[C8] n=400 | classes=[4] | acc=1.0000 | per_class={4: '1.00'}
[C9] eval model[0] mean=0.002563 | θ̃ mean=0.002563 | edge mean=0.001019
[C9] n=400 | classes=[4] | acc=1.0000 | per_class={4: '1.00'}
  [Edge 0] G1 | E3 | Hier-pFedMe | Selected 10/10
  [Client  7] Round 1 | Hier-pFedMe(λ2=35.0,K=3) | loss=1.8321
  [Client  8] Round 1 | Hier-pFedMe(λ2=35.0,K=3) | loss=0.0004
  [Client  6] Round 1 | Hier-pFedMe(λ2=35.0,K=3) | loss=0.8226
  [Client  9] Round 1 | Hier-pFedMe(λ2=35.0,K=3) | loss=0.0011
  [Client  4] Round 1 | Hier-pFedMe(λ2=35.0,K=3) | loss=2.2068
  [Client  1] Round 1 | Hier-pFedMe(λ2=35.0,K=3) | loss=9.5503
  [Client  0] Round 1 | Hier-pFedMe(λ2=35.0,K=3) | loss=16.0479
  [Client  3] Round 1 | Hier-pFedMe(λ2=35.0,K=3) | loss=4.1115
  [Client  5] Round 1 | Hier-pFedMe(λ2=35.0,K=3) | loss=1.1626
  [Client  2] Round 1 | Hier-pFedMe(λ2=35.0,K=3) | loss=4.1806
  [Edge 0] G1 | E3 | loss=4.4350
[C0] eval model[0] mean=0.003474 | θ̃ mean=0.003474 | edge mean=0.000964
[C0] n=800 | classes=[3, 6] | acc=0.5012 | per_class={3: '0.99', 6: '0.00'}
[C1] eval model[0] mean=0.003599 | θ̃ mean=0.003599 | edge mean=0.000964
[C1] n=800 | classes=[3, 6] | acc=0.1688 | per_class={3: '0.00', 6: '0.35'}
[C2] eval model[0] mean=0.000510 | θ̃ mean=0.000510 | edge mean=0.000964
[C2] n=800 | classes=[2, 5] | acc=0.1187 | per_class={2: '0.24', 5: '0.00'}
[C3] eval model[0] mean=0.001572 | θ̃ mean=0.001572 | edge mean=0.000964
[C3] n=800 | classes=[5, 7] | acc=0.4913 | per_class={5: '0.00', 7: '1.00'}
[C4] eval model[0] mean=0.001068 | θ̃ mean=0.001068 | edge mean=0.000964
[C4] n=800 | classes=[2, 7] | acc=0.5150 | per_class={2: '0.05', 7: '0.97'}
[C5] eval model[0] mean=0.000681 | θ̃ mean=0.000681 | edge mean=0.000964
[C5] n=800 | classes=[2, 4] | acc=0.4763 | per_class={2: '0.00', 4: '1.00'}
[C6] eval model[0] mean=0.000347 | θ̃ mean=0.000347 | edge mean=0.000964
[C6] n=800 | classes=[6, 7] | acc=0.4925 | per_class={6: '1.00', 7: '0.00'}
[C7] eval model[0] mean=-0.001059 | θ̃ mean=-0.001059 | edge mean=0.000964
[C7] n=800 | classes=[3, 5] | acc=0.4763 | per_class={3: '1.00', 5: '0.00'}
[C8] eval model[0] mean=0.000973 | θ̃ mean=0.000973 | edge mean=0.000964
[C8] n=400 | classes=[4] | acc=1.0000 | per_class={4: '1.00'}
[C9] eval model[0] mean=0.001020 | θ̃ mean=0.001020 | edge mean=0.000964
[C9] n=400 | classes=[4] | acc=1.0000 | per_class={4: '1.00'}
  [Edge 0] G1 | E4 | Hier-pFedMe | Selected 10/10
  [Client  0] Round 1 | Hier-pFedMe(λ2=35.0,K=3) | loss=1.2395
  [Client  8] Round 1 | Hier-pFedMe(λ2=35.0,K=3) | loss=0.0014
  [Client  6] Round 1 | Hier-pFedMe(λ2=35.0,K=3) | loss=1.6411
  [Client  9] Round 1 | Hier-pFedMe(λ2=35.0,K=3) | loss=0.0039
  [Client  7] Round 1 | Hier-pFedMe(λ2=35.0,K=3) | loss=1.1042
  [Client  3] Round 1 | Hier-pFedMe(λ2=35.0,K=3) | loss=1.0892
  [Client  5] Round 1 | Hier-pFedMe(λ2=35.0,K=3) | loss=2.0011
  [Client  2] Round 1 | Hier-pFedMe(λ2=35.0,K=3) | loss=1.0237
  [Client  1] Round 1 | Hier-pFedMe(λ2=35.0,K=3) | loss=0.7228
  [Client  4] Round 1 | Hier-pFedMe(λ2=35.0,K=3) | loss=0.2090
  [Edge 0] G1 | E4 | loss=1.0037
[C0] eval model[0] mean=0.000704 | θ̃ mean=0.000704 | edge mean=0.001123
[C0] n=800 | classes=[3, 6] | acc=0.5088 | per_class={3: '1.00', 6: '0.00'}
[C1] eval model[0] mean=0.001669 | θ̃ mean=0.001669 | edge mean=0.001123
[C1] n=800 | classes=[3, 6] | acc=0.5175 | per_class={3: '1.00', 6: '0.00'}
[C2] eval model[0] mean=0.001580 | θ̃ mean=0.001580 | edge mean=0.001123
[C2] n=800 | classes=[2, 5] | acc=0.4725 | per_class={2: '0.11', 5: '0.83'}
[C3] eval model[0] mean=0.001265 | θ̃ mean=0.001265 | edge mean=0.001123
[C3] n=800 | classes=[5, 7] | acc=0.4913 | per_class={5: '0.00', 7: '1.00'}
[C4] eval model[0] mean=0.002276 | θ̃ mean=0.002276 | edge mean=0.001123
[C4] n=800 | classes=[2, 7] | acc=0.4913 | per_class={2: '1.00', 7: '0.00'}
[C5] eval model[0] mean=0.001315 | θ̃ mean=0.001315 | edge mean=0.001123
[C5] n=800 | classes=[2, 4] | acc=0.4763 | per_class={2: '0.00', 4: '1.00'}
[C6] eval model[0] mean=0.000333 | θ̃ mean=0.000333 | edge mean=0.001123
[C6] n=800 | classes=[6, 7] | acc=0.5575 | per_class={6: '0.97', 7: '0.16'}
[C7] eval model[0] mean=0.000872 | θ̃ mean=0.000872 | edge mean=0.001123
[C7] n=800 | classes=[3, 5] | acc=0.5375 | per_class={3: '0.64', 5: '0.44'}
[C8] eval model[0] mean=0.001078 | θ̃ mean=0.001078 | edge mean=0.001123
[C8] n=400 | classes=[4] | acc=1.0000 | per_class={4: '1.00'}
[C9] eval model[0] mean=0.001195 | θ̃ mean=0.001195 | edge mean=0.001123
[C9] n=400 | classes=[4] | acc=1.0000 | per_class={4: '1.00'}
  [Edge 0] G1 | E5 | Hier-pFedMe | Selected 10/10
  [Client  8] Round 1 | Hier-pFedMe(λ2=35.0,K=3) | loss=0.0048
  [Client  1] Round 1 | Hier-pFedMe(λ2=35.0,K=3) | loss=11.3925
  [Client  4] Round 1 | Hier-pFedMe(λ2=35.0,K=3) | loss=1.6804
  [Client  7] Round 1 | Hier-pFedMe(λ2=35.0,K=3) | loss=0.6895
  [Client  9] Round 1 | Hier-pFedMe(λ2=35.0,K=3) | loss=0.0042
  [Client  5] Round 1 | Hier-pFedMe(λ2=35.0,K=3) | loss=1.7254
  [Client  3] Round 1 | Hier-pFedMe(λ2=35.0,K=3) | loss=6.4093
  [Client  0] Round 1 | Hier-pFedMe(λ2=35.0,K=3) | loss=13.9633
  [Client  6] Round 1 | Hier-pFedMe(λ2=35.0,K=3) | loss=2.0723
  [Client  2] Round 1 | Hier-pFedMe(λ2=35.0,K=3) | loss=3.7495
  [Edge 0] G1 | E5 | loss=4.6318
[C0] eval model[0] mean=-0.003412 | θ̃ mean=-0.003412 | edge mean=0.001158
[C0] n=800 | classes=[3, 6] | acc=0.4925 | per_class={3: '0.00', 6: '1.00'}
[C1] eval model[0] mean=0.001205 | θ̃ mean=0.001205 | edge mean=0.001158
[C1] n=800 | classes=[3, 6] | acc=0.4825 | per_class={3: '0.00', 6: '1.00'}
[C2] eval model[0] mean=0.001310 | θ̃ mean=0.001310 | edge mean=0.001158
[C2] n=800 | classes=[2, 5] | acc=0.5000 | per_class={2: '1.00', 5: '0.00'}
[C3] eval model[0] mean=0.002689 | θ̃ mean=0.002689 | edge mean=0.001158
[C3] n=800 | classes=[5, 7] | acc=0.4525 | per_class={5: '0.86', 7: '0.03'}
[C4] eval model[0] mean=0.001171 | θ̃ mean=0.001171 | edge mean=0.001158
[C4] n=800 | classes=[2, 7] | acc=0.4900 | per_class={2: '1.00', 7: '0.00'}
[C5] eval model[0] mean=0.002293 | θ̃ mean=0.002293 | edge mean=0.001158
[C5] n=800 | classes=[2, 4] | acc=0.5138 | per_class={2: '0.16', 4: '0.90'}
[C6] eval model[0] mean=0.001429 | θ̃ mean=0.001429 | edge mean=0.001158
[C6] n=800 | classes=[6, 7] | acc=0.6200 | per_class={6: '0.97', 7: '0.28'}
[C7] eval model[0] mean=0.001721 | θ̃ mean=0.001721 | edge mean=0.001158
[C7] n=800 | classes=[3, 5] | acc=0.5238 | per_class={3: '0.00', 5: '1.00'}
[C8] eval model[0] mean=0.001112 | θ̃ mean=0.001112 | edge mean=0.001158
[C8] n=400 | classes=[4] | acc=1.0000 | per_class={4: '1.00'}
[C9] eval model[0] mean=0.001036 | θ̃ mean=0.001036 | edge mean=0.001158
[C9] n=400 | classes=[4] | acc=1.0000 | per_class={4: '1.00'}
  [Edge 1] G1 | E1 | Hier-pFedMe | Selected 10/10
  [Client 17] Round 1 | Hier-pFedMe(λ2=35.0,K=3) | loss=13.8866
  [Client 10] Round 1 | Hier-pFedMe(λ2=35.0,K=3) | loss=1.7870
  [Client 13] Round 1 | Hier-pFedMe(λ2=35.0,K=3) | loss=16.5450
  [Client 19] Round 1 | Hier-pFedMe(λ2=35.0,K=3) | loss=22.0527
  [Client 12] Round 1 | Hier-pFedMe(λ2=35.0,K=3) | loss=4.3737
  [Client 14] Round 1 | Hier-pFedMe(λ2=35.0,K=3) | loss=20.5553
  [Client 15] Round 1 | Hier-pFedMe(λ2=35.0,K=3) | loss=4.3296
  [Client 11] Round 1 | Hier-pFedMe(λ2=35.0,K=3) | loss=12.4182
  [Client 16] Round 1 | Hier-pFedMe(λ2=35.0,K=3) | loss=21.8057
  [Client 18] Round 1 | Hier-pFedMe(λ2=35.0,K=3) | loss=21.5030
  [Edge 1] G1 | E1 | loss=13.9257
[C10] eval model[0] mean=0.000921 | θ̃ mean=0.000921 | edge mean=0.000536
[C10] n=480 | classes=[8, 9] | acc=0.4917 | per_class={8: '1.00', 9: '0.00'}
[C11] eval model[0] mean=0.001054 | θ̃ mean=0.001054 | edge mean=0.000536
[C11] n=480 | classes=[0, 1] | acc=0.4875 | per_class={0: '0.00', 1: '1.00'}
[C12] eval model[0] mean=0.000804 | θ̃ mean=0.000804 | edge mean=0.000536
[C12] n=480 | classes=[1, 8] | acc=0.4896 | per_class={1: '1.00', 8: '0.00'}
[C13] eval model[0] mean=0.002195 | θ̃ mean=0.002195 | edge mean=0.000536
[C13] n=480 | classes=[0, 8] | acc=0.5125 | per_class={0: '1.00', 8: '0.00'}
[C14] eval model[0] mean=-0.001249 | θ̃ mean=-0.001249 | edge mean=0.000536
[C14] n=480 | classes=[0, 9] | acc=0.5042 | per_class={0: '1.00', 9: '0.00'}
[C15] eval model[0] mean=0.002272 | θ̃ mean=0.002272 | edge mean=0.000536
[C15] n=480 | classes=[0, 8] | acc=0.5125 | per_class={0: '1.00', 8: '0.00'}
[C16] eval model[0] mean=0.002533 | θ̃ mean=0.002533 | edge mean=0.000536
[C16] n=480 | classes=[1, 8] | acc=0.5813 | per_class={1: '0.96', 8: '0.21'}
[C17] eval model[0] mean=-0.001706 | θ̃ mean=-0.001706 | edge mean=0.000536
[C17] n=480 | classes=[1, 9] | acc=0.5042 | per_class={1: '1.00', 9: '0.00'}
[C18] eval model[0] mean=0.001930 | θ̃ mean=0.001930 | edge mean=0.000536
[C18] n=480 | classes=[1, 9] | acc=0.4917 | per_class={1: '0.00', 9: '1.00'}
[C19] eval model[0] mean=0.002101 | θ̃ mean=0.002101 | edge mean=0.000536
[C19] n=480 | classes=[0, 9] | acc=0.4917 | per_class={0: '0.94', 9: '0.06'}
  [Edge 1] G1 | E2 | Hier-pFedMe | Selected 10/10
  [Client 11] Round 1 | Hier-pFedMe(λ2=35.0,K=3) | loss=7.3596
  [Client 19] Round 1 | Hier-pFedMe(λ2=35.0,K=3) | loss=3.1035
  [Client 16] Round 1 | Hier-pFedMe(λ2=35.0,K=3) | loss=2.6398
  [Client 15] Round 1 | Hier-pFedMe(λ2=35.0,K=3) | loss=10.0261
  [Client 18] Round 1 | Hier-pFedMe(λ2=35.0,K=3) | loss=1.5049
  [Client 14] Round 1 | Hier-pFedMe(λ2=35.0,K=3) | loss=1.4058
  [Client 17] Round 1 | Hier-pFedMe(λ2=35.0,K=3) | loss=0.5821
  [Client 12] Round 1 | Hier-pFedMe(λ2=35.0,K=3) | loss=5.4490
  [Client 13] Round 1 | Hier-pFedMe(λ2=35.0,K=3) | loss=4.3716
  [Client 10] Round 1 | Hier-pFedMe(λ2=35.0,K=3) | loss=2.4902
  [Edge 1] G1 | E2 | loss=3.8933
[C10] eval model[0] mean=0.000558 | θ̃ mean=0.000558 | edge mean=0.000921
[C10] n=480 | classes=[8, 9] | acc=0.4917 | per_class={8: '1.00', 9: '0.00'}
[C11] eval model[0] mean=0.000766 | θ̃ mean=0.000766 | edge mean=0.000921
[C11] n=480 | classes=[0, 1] | acc=0.5125 | per_class={0: '1.00', 1: '0.00'}
[C12] eval model[0] mean=-0.000383 | θ̃ mean=-0.000383 | edge mean=0.000921
[C12] n=480 | classes=[1, 8] | acc=0.5104 | per_class={1: '0.00', 8: '1.00'}
[C13] eval model[0] mean=0.001974 | θ̃ mean=0.001974 | edge mean=0.000921
[C13] n=480 | classes=[0, 8] | acc=0.4875 | per_class={0: '0.00', 8: '1.00'}
[C14] eval model[0] mean=-0.000885 | θ̃ mean=-0.000885 | edge mean=0.000921
[C14] n=480 | classes=[0, 9] | acc=0.4938 | per_class={0: '0.00', 9: '1.00'}
[C15] eval model[0] mean=0.001149 | θ̃ mean=0.001149 | edge mean=0.000921
[C15] n=480 | classes=[0, 8] | acc=0.4875 | per_class={0: '0.00', 8: '1.00'}
[C16] eval model[0] mean=-0.000269 | θ̃ mean=-0.000269 | edge mean=0.000921
[C16] n=480 | classes=[1, 8] | acc=0.5062 | per_class={1: '0.00', 8: '1.00'}
[C17] eval model[0] mean=0.001004 | θ̃ mean=0.001004 | edge mean=0.000921
[C17] n=480 | classes=[1, 9] | acc=0.4958 | per_class={1: '0.00', 9: '1.00'}
[C18] eval model[0] mean=0.001840 | θ̃ mean=0.001840 | edge mean=0.000921
[C18] n=480 | classes=[1, 9] | acc=0.5083 | per_class={1: '1.00', 9: '0.00'}
[C19] eval model[0] mean=0.001717 | θ̃ mean=0.001717 | edge mean=0.000921
[C19] n=480 | classes=[0, 9] | acc=0.5104 | per_class={0: '0.00', 9: '1.00'}
  [Edge 1] G1 | E3 | Hier-pFedMe | Selected 10/10
  [Client 14] Round 1 | Hier-pFedMe(λ2=35.0,K=3) | loss=1.9787
  [Client 15] Round 1 | Hier-pFedMe(λ2=35.0,K=3) | loss=0.9676
  [Client 12] Round 1 | Hier-pFedMe(λ2=35.0,K=3) | loss=1.0857
  [Client 10] Round 1 | Hier-pFedMe(λ2=35.0,K=3) | loss=3.9940
  [Client 11] Round 1 | Hier-pFedMe(λ2=35.0,K=3) | loss=3.4083
  [Client 18] Round 1 | Hier-pFedMe(λ2=35.0,K=3) | loss=0.7901
  [Client 16] Round 1 | Hier-pFedMe(λ2=35.0,K=3) | loss=4.0872
  [Client 13] Round 1 | Hier-pFedMe(λ2=35.0,K=3) | loss=3.5440
  [Client 17] Round 1 | Hier-pFedMe(λ2=35.0,K=3) | loss=7.9277
  [Client 19] Round 1 | Hier-pFedMe(λ2=35.0,K=3) | loss=2.7845
  [Edge 1] G1 | E3 | loss=3.0568
[C10] eval model[0] mean=0.000444 | θ̃ mean=0.000444 | edge mean=0.000718
[C10] n=480 | classes=[8, 9] | acc=0.6083 | per_class={8: '0.41', 9: '0.80'}
[C11] eval model[0] mean=0.001774 | θ̃ mean=0.001774 | edge mean=0.000718
[C11] n=480 | classes=[0, 1] | acc=0.5000 | per_class={0: '0.98', 1: '0.00'}
[C12] eval model[0] mean=-0.001366 | θ̃ mean=-0.001366 | edge mean=0.000718
[C12] n=480 | classes=[1, 8] | acc=0.5104 | per_class={1: '0.00', 8: '1.00'}
[C13] eval model[0] mean=0.001519 | θ̃ mean=0.001519 | edge mean=0.000718
[C13] n=480 | classes=[0, 8] | acc=0.4875 | per_class={0: '0.00', 8: '1.00'}
[C14] eval model[0] mean=0.001881 | θ̃ mean=0.001881 | edge mean=0.000718
[C14] n=480 | classes=[0, 9] | acc=0.4938 | per_class={0: '0.00', 9: '1.00'}
[C15] eval model[0] mean=-0.001570 | θ̃ mean=-0.001570 | edge mean=0.000718
[C15] n=480 | classes=[0, 8] | acc=0.5125 | per_class={0: '1.00', 8: '0.00'}
[C16] eval model[0] mean=0.001300 | θ̃ mean=0.001300 | edge mean=0.000718
[C16] n=480 | classes=[1, 8] | acc=0.5062 | per_class={1: '0.00', 8: '1.00'}
[C17] eval model[0] mean=-0.001261 | θ̃ mean=-0.001261 | edge mean=0.000718
[C17] n=480 | classes=[1, 9] | acc=0.4958 | per_class={1: '0.00', 9: '1.00'}
[C18] eval model[0] mean=0.000351 | θ̃ mean=0.000351 | edge mean=0.000718
[C18] n=480 | classes=[1, 9] | acc=0.4917 | per_class={1: '0.00', 9: '1.00'}
[C19] eval model[0] mean=-0.001418 | θ̃ mean=-0.001418 | edge mean=0.000718
[C19] n=480 | classes=[0, 9] | acc=0.6979 | per_class={0: '0.41', 9: '0.98'}
  [Edge 1] G1 | E4 | Hier-pFedMe | Selected 10/10
  [Client 14] Round 1 | Hier-pFedMe(λ2=35.0,K=3) | loss=1.4579
  [Client 12] Round 1 | Hier-pFedMe(λ2=35.0,K=3) | loss=1.2728
  [Client 15] Round 1 | Hier-pFedMe(λ2=35.0,K=3) | loss=1.3255
  [Client 18] Round 1 | Hier-pFedMe(λ2=35.0,K=3) | loss=0.7678
  [Client 13] Round 1 | Hier-pFedMe(λ2=35.0,K=3) | loss=0.9198
  [Client 10] Round 1 | Hier-pFedMe(λ2=35.0,K=3) | loss=0.6807
  [Client 11] Round 1 | Hier-pFedMe(λ2=35.0,K=3) | loss=2.7227
  [Client 16] Round 1 | Hier-pFedMe(λ2=35.0,K=3) | loss=0.3696
  [Client 19] Round 1 | Hier-pFedMe(λ2=35.0,K=3) | loss=1.2492
  [Client 17] Round 1 | Hier-pFedMe(λ2=35.0,K=3) | loss=0.6651
  [Edge 1] G1 | E4 | loss=1.1431
[C10] eval model[0] mean=-0.000068 | θ̃ mean=-0.000068 | edge mean=0.000349
[C10] n=480 | classes=[8, 9] | acc=0.4958 | per_class={8: '1.00', 9: '0.01'}
[C11] eval model[0] mean=-0.000885 | θ̃ mean=-0.000885 | edge mean=0.000349
[C11] n=480 | classes=[0, 1] | acc=0.5125 | per_class={0: '1.00', 1: '0.00'}
[C12] eval model[0] mean=0.000229 | θ̃ mean=0.000229 | edge mean=0.000349
[C12] n=480 | classes=[1, 8] | acc=0.5104 | per_class={1: '0.00', 8: '1.00'}
[C13] eval model[0] mean=0.000758 | θ̃ mean=0.000758 | edge mean=0.000349
[C13] n=480 | classes=[0, 8] | acc=0.5125 | per_class={0: '1.00', 8: '0.00'}
[C14] eval model[0] mean=0.000466 | θ̃ mean=0.000466 | edge mean=0.000349
[C14] n=480 | classes=[0, 9] | acc=0.5167 | per_class={0: '0.98', 9: '0.05'}
[C15] eval model[0] mean=-0.000094 | θ̃ mean=-0.000094 | edge mean=0.000349
[C15] n=480 | classes=[0, 8] | acc=0.4875 | per_class={0: '0.00', 8: '1.00'}
[C16] eval model[0] mean=0.001192 | θ̃ mean=0.001192 | edge mean=0.000349
[C16] n=480 | classes=[1, 8] | acc=0.5062 | per_class={1: '0.00', 8: '1.00'}
[C17] eval model[0] mean=0.000159 | θ̃ mean=0.000159 | edge mean=0.000349
[C17] n=480 | classes=[1, 9] | acc=0.4958 | per_class={1: '0.75', 9: '0.24'}
[C18] eval model[0] mean=0.000473 | θ̃ mean=0.000473 | edge mean=0.000349
[C18] n=480 | classes=[1, 9] | acc=0.5625 | per_class={1: '0.70', 9: '0.42'}
[C19] eval model[0] mean=0.000008 | θ̃ mean=0.000008 | edge mean=0.000349
[C19] n=480 | classes=[0, 9] | acc=0.5479 | per_class={0: '0.96', 9: '0.16'}
  [Edge 1] G1 | E5 | Hier-pFedMe | Selected 10/10
  [Client 18] Round 1 | Hier-pFedMe(λ2=35.0,K=3) | loss=1.1036
  [Client 13] Round 1 | Hier-pFedMe(λ2=35.0,K=3) | loss=0.7466
  [Client 19] Round 1 | Hier-pFedMe(λ2=35.0,K=3) | loss=0.3361
  [Client 16] Round 1 | Hier-pFedMe(λ2=35.0,K=3) | loss=0.4644
  [Client 17] Round 1 | Hier-pFedMe(λ2=35.0,K=3) | loss=5.3466
  [Client 12] Round 1 | Hier-pFedMe(λ2=35.0,K=3) | loss=0.4206
  [Client 15] Round 1 | Hier-pFedMe(λ2=35.0,K=3) | loss=0.8460
  [Client 14] Round 1 | Hier-pFedMe(λ2=35.0,K=3) | loss=2.2725
  [Client 11] Round 1 | Hier-pFedMe(λ2=35.0,K=3) | loss=2.2298
  [Client 10] Round 1 | Hier-pFedMe(λ2=35.0,K=3) | loss=2.3462
  [Edge 1] G1 | E5 | loss=1.6113
[C10] eval model[0] mean=-0.000151 | θ̃ mean=-0.000151 | edge mean=0.000344
[C10] n=480 | classes=[8, 9] | acc=0.5042 | per_class={8: '0.94', 9: '0.08'}
[C11] eval model[0] mean=0.000923 | θ̃ mean=0.000923 | edge mean=0.000344
[C11] n=480 | classes=[0, 1] | acc=0.4875 | per_class={0: '0.00', 1: '1.00'}
[C12] eval model[0] mean=-0.000036 | θ̃ mean=-0.000036 | edge mean=0.000344
[C12] n=480 | classes=[1, 8] | acc=0.5104 | per_class={1: '0.00', 8: '1.00'}
[C13] eval model[0] mean=-0.000047 | θ̃ mean=-0.000047 | edge mean=0.000344
[C13] n=480 | classes=[0, 8] | acc=0.5125 | per_class={0: '1.00', 8: '0.00'}
[C14] eval model[0] mean=0.000328 | θ̃ mean=0.000328 | edge mean=0.000344
[C14] n=480 | classes=[0, 9] | acc=0.5062 | per_class={0: '1.00', 9: '0.00'}
[C15] eval model[0] mean=0.000314 | θ̃ mean=0.000314 | edge mean=0.000344
[C15] n=480 | classes=[0, 8] | acc=0.5125 | per_class={0: '1.00', 8: '0.00'}
[C16] eval model[0] mean=0.000015 | θ̃ mean=0.000015 | edge mean=0.000344
[C16] n=480 | classes=[1, 8] | acc=0.6729 | per_class={1: '0.41', 8: '0.93'}
[C17] eval model[0] mean=0.001930 | θ̃ mean=0.001930 | edge mean=0.000344
[C17] n=480 | classes=[1, 9] | acc=0.4854 | per_class={1: '0.90', 9: '0.06'}
[C18] eval model[0] mean=0.000101 | θ̃ mean=0.000101 | edge mean=0.000344
[C18] n=480 | classes=[1, 9] | acc=0.4938 | per_class={1: '0.84', 9: '0.13'}
[C19] eval model[0] mean=0.000710 | θ̃ mean=0.000710 | edge mean=0.000344
[C19] n=480 | classes=[0, 9] | acc=0.4896 | per_class={0: '1.00', 9: '0.00'}
[C0] eval model[0] mean=-0.003412 | θ̃ mean=-0.003412 | edge mean=0.001158
[C0] n=800 | classes=[3, 6] | acc=0.4925 | per_class={3: '0.00', 6: '1.00'}
[C1] eval model[0] mean=0.001205 | θ̃ mean=0.001205 | edge mean=0.001158
[C1] n=800 | classes=[3, 6] | acc=0.4825 | per_class={3: '0.00', 6: '1.00'}
[C2] eval model[0] mean=0.001310 | θ̃ mean=0.001310 | edge mean=0.001158
[C2] n=800 | classes=[2, 5] | acc=0.5000 | per_class={2: '1.00', 5: '0.00'}
[C3] eval model[0] mean=0.002689 | θ̃ mean=0.002689 | edge mean=0.001158
[C3] n=800 | classes=[5, 7] | acc=0.4525 | per_class={5: '0.86', 7: '0.03'}
[C4] eval model[0] mean=0.001171 | θ̃ mean=0.001171 | edge mean=0.001158
[C4] n=800 | classes=[2, 7] | acc=0.4900 | per_class={2: '1.00', 7: '0.00'}
[C5] eval model[0] mean=0.002293 | θ̃ mean=0.002293 | edge mean=0.001158
[C5] n=800 | classes=[2, 4] | acc=0.5138 | per_class={2: '0.16', 4: '0.90'}
[C6] eval model[0] mean=0.001429 | θ̃ mean=0.001429 | edge mean=0.001158
[C6] n=800 | classes=[6, 7] | acc=0.6200 | per_class={6: '0.97', 7: '0.28'}
[C7] eval model[0] mean=0.001721 | θ̃ mean=0.001721 | edge mean=0.001158
[C7] n=800 | classes=[3, 5] | acc=0.5238 | per_class={3: '0.00', 5: '1.00'}
[C8] eval model[0] mean=0.001112 | θ̃ mean=0.001112 | edge mean=0.001158
[C8] n=400 | classes=[4] | acc=1.0000 | per_class={4: '1.00'}
[C9] eval model[0] mean=0.001036 | θ̃ mean=0.001036 | edge mean=0.001158
[C9] n=400 | classes=[4] | acc=1.0000 | per_class={4: '1.00'}
[C10] eval model[0] mean=-0.000151 | θ̃ mean=-0.000151 | edge mean=0.000344
[C10] n=480 | classes=[8, 9] | acc=0.5042 | per_class={8: '0.94', 9: '0.08'}
[C11] eval model[0] mean=0.000923 | θ̃ mean=0.000923 | edge mean=0.000344
[C11] n=480 | classes=[0, 1] | acc=0.4875 | per_class={0: '0.00', 1: '1.00'}
[C12] eval model[0] mean=-0.000036 | θ̃ mean=-0.000036 | edge mean=0.000344
[C12] n=480 | classes=[1, 8] | acc=0.5104 | per_class={1: '0.00', 8: '1.00'}
[C13] eval model[0] mean=-0.000047 | θ̃ mean=-0.000047 | edge mean=0.000344
[C13] n=480 | classes=[0, 8] | acc=0.5125 | per_class={0: '1.00', 8: '0.00'}
[C14] eval model[0] mean=0.000328 | θ̃ mean=0.000328 | edge mean=0.000344
[C14] n=480 | classes=[0, 9] | acc=0.5062 | per_class={0: '1.00', 9: '0.00'}
[C15] eval model[0] mean=0.000314 | θ̃ mean=0.000314 | edge mean=0.000344
[C15] n=480 | classes=[0, 8] | acc=0.5125 | per_class={0: '1.00', 8: '0.00'}
[C16] eval model[0] mean=0.000015 | θ̃ mean=0.000015 | edge mean=0.000344
[C16] n=480 | classes=[1, 8] | acc=0.6729 | per_class={1: '0.41', 8: '0.93'}
[C17] eval model[0] mean=0.001930 | θ̃ mean=0.001930 | edge mean=0.000344
[C17] n=480 | classes=[1, 9] | acc=0.4854 | per_class={1: '0.90', 9: '0.06'}
[C18] eval model[0] mean=0.000101 | θ̃ mean=0.000101 | edge mean=0.000344
[C18] n=480 | classes=[1, 9] | acc=0.4938 | per_class={1: '0.84', 9: '0.13'}
[C19] eval model[0] mean=0.000710 | θ̃ mean=0.000710 | edge mean=0.000344
[C19] n=480 | classes=[0, 9] | acc=0.4896 | per_class={0: '1.00', 9: '0.00'}
  [Cloud] GM=0.1108 | EM=0.2059 PM=0.5453 | loss=2.3054 | time=121.6s | comm=4556.2MB (total=4556MB)

[Round   2] Broadcasting to 2 edges...
  [Edge 0] G2 | E1 | Hier-pFedMe | Selected 10/10
  [Client  2] Round 2 | Hier-pFedMe(λ2=35.0,K=3) | loss=0.6228  [Client  8] Round 2 | Hier-pFedMe(λ2=35.0,K=3) | loss=0.0427  [Client  9] Round 2 | Hier-pFedMe(λ2=35.0,K=3) | loss=0.0424


  [Client  6] Round 2 | Hier-pFedMe(λ2=35.0,K=3) | loss=0.5986
  [Client  1] Round 2 | Hier-pFedMe(λ2=35.0,K=3) | loss=1.0271  [Client  5] Round 2 | Hier-pFedMe(λ2=35.0,K=3) | loss=0.4077

  [Client  4] Round 2 | Hier-pFedMe(λ2=35.0,K=3) | loss=0.3997
  [Client  0] Round 2 | Hier-pFedMe(λ2=35.0,K=3) | loss=1.1917
  [Client  7] Round 2 | Hier-pFedMe(λ2=35.0,K=3) | loss=0.7917
  [Client  3] Round 2 | Hier-pFedMe(λ2=35.0,K=3) | loss=0.9368
  [Edge 0] G2 | E1 | loss=0.6687
[C0] eval model[0] mean=-0.000038 | θ̃ mean=-0.000038 | edge mean=0.000746
[C0] n=800 | classes=[3, 6] | acc=0.5188 | per_class={3: '0.90', 6: '0.12'}
[C1] eval model[0] mean=0.000944 | θ̃ mean=0.000944 | edge mean=0.000746
[C1] n=800 | classes=[3, 6] | acc=0.6450 | per_class={3: '0.65', 6: '0.64'}
[C2] eval model[0] mean=0.001070 | θ̃ mean=0.001070 | edge mean=0.000746
[C2] n=800 | classes=[2, 5] | acc=0.5325 | per_class={2: '0.95', 5: '0.12'}
[C3] eval model[0] mean=0.000842 | θ̃ mean=0.000842 | edge mean=0.000746
[C3] n=800 | classes=[5, 7] | acc=0.5212 | per_class={5: '0.94', 7: '0.09'}
[C4] eval model[0] mean=0.001964 | θ̃ mean=0.001964 | edge mean=0.000746
[C4] n=800 | classes=[2, 7] | acc=0.4900 | per_class={2: '0.95', 7: '0.05'}
[C5] eval model[0] mean=0.000553 | θ̃ mean=0.000553 | edge mean=0.000746
[C5] n=800 | classes=[2, 4] | acc=0.4963 | per_class={2: '0.09', 4: '0.94'}
[C6] eval model[0] mean=0.000712 | θ̃ mean=0.000712 | edge mean=0.000746
[C6] n=800 | classes=[6, 7] | acc=0.5463 | per_class={6: '0.97', 7: '0.14'}
[C7] eval model[0] mean=0.001213 | θ̃ mean=0.001213 | edge mean=0.000746
[C7] n=800 | classes=[3, 5] | acc=0.5238 | per_class={3: '0.00', 5: '1.00'}
[C8] eval model[0] mean=0.000813 | θ̃ mean=0.000813 | edge mean=0.000746
[C8] n=400 | classes=[4] | acc=1.0000 | per_class={4: '1.00'}
[C9] eval model[0] mean=0.000794 | θ̃ mean=0.000794 | edge mean=0.000746
[C9] n=400 | classes=[4] | acc=1.0000 | per_class={4: '1.00'}
  [Edge 0] G2 | E2 | Hier-pFedMe | Selected 10/10
  [Client  1] Round 2 | Hier-pFedMe(λ2=35.0,K=3) | loss=1.1634  [Client  6] Round 2 | Hier-pFedMe(λ2=35.0,K=3) | loss=1.2742

  [Client  8] Round 2 | Hier-pFedMe(λ2=35.0,K=3) | loss=0.0137
  [Client  5] Round 2 | Hier-pFedMe(λ2=35.0,K=3) | loss=0.6829
  [Client  4] Round 2 | Hier-pFedMe(λ2=35.0,K=3) | loss=0.2607
  [Client  3] Round 2 | Hier-pFedMe(λ2=35.0,K=3) | loss=3.6856
  [Client  0] Round 2 | Hier-pFedMe(λ2=35.0,K=3) | loss=9.4749
  [Client  7] Round 2 | Hier-pFedMe(λ2=35.0,K=3) | loss=0.2791
  [Client  9] Round 2 | Hier-pFedMe(λ2=35.0,K=3) | loss=0.0182
  [Client  2] Round 2 | Hier-pFedMe(λ2=35.0,K=3) | loss=0.5525
  [Edge 0] G2 | E2 | loss=1.9321
[C0] eval model[0] mean=0.003106 | θ̃ mean=0.003106 | edge mean=0.000844
[C0] n=800 | classes=[3, 6] | acc=0.3800 | per_class={3: '0.63', 6: '0.12'}
[C1] eval model[0] mean=0.000650 | θ̃ mean=0.000650 | edge mean=0.000844
[C1] n=800 | classes=[3, 6] | acc=0.4825 | per_class={3: '0.00', 6: '1.00'}
[C2] eval model[0] mean=0.000067 | θ̃ mean=0.000067 | edge mean=0.000844
[C2] n=800 | classes=[2, 5] | acc=0.5025 | per_class={2: '0.99', 5: '0.01'}
[C3] eval model[0] mean=0.000245 | θ̃ mean=0.000245 | edge mean=0.000844
[C3] n=800 | classes=[5, 7] | acc=0.5475 | per_class={5: '0.29', 7: '0.82'}
[C4] eval model[0] mean=0.000432 | θ̃ mean=0.000432 | edge mean=0.000844
[C4] n=800 | classes=[2, 7] | acc=0.4913 | per_class={2: '1.00', 7: '0.00'}
[C5] eval model[0] mean=0.001450 | θ̃ mean=0.001450 | edge mean=0.000844
[C5] n=800 | classes=[2, 4] | acc=0.4763 | per_class={2: '0.00', 4: '1.00'}
[C6] eval model[0] mean=0.001131 | θ̃ mean=0.001131 | edge mean=0.000844
[C6] n=800 | classes=[6, 7] | acc=0.4938 | per_class={6: '1.00', 7: '0.00'}
[C7] eval model[0] mean=0.000596 | θ̃ mean=0.000596 | edge mean=0.000844
[C7] n=800 | classes=[3, 5] | acc=0.5425 | per_class={3: '0.61', 5: '0.48'}
[C8] eval model[0] mean=0.000749 | θ̃ mean=0.000749 | edge mean=0.000844
[C8] n=400 | classes=[4] | acc=1.0000 | per_class={4: '1.00'}
[C9] eval model[0] mean=0.000716 | θ̃ mean=0.000716 | edge mean=0.000844
[C9] n=400 | classes=[4] | acc=1.0000 | per_class={4: '1.00'}
  [Edge 0] G2 | E3 | Hier-pFedMe | Selected 10/10
  [Client  8] Round 2 | Hier-pFedMe(λ2=35.0,K=3) | loss=0.0275
  [Client  3] Round 2 | Hier-pFedMe(λ2=35.0,K=3) | loss=0.5735
  [Client  1] Round 2 | Hier-pFedMe(λ2=35.0,K=3) | loss=0.7418  [Client  6] Round 2 | Hier-pFedMe(λ2=35.0,K=3) | loss=0.6999

  [Client  5] Round 2 | Hier-pFedMe(λ2=35.0,K=3) | loss=0.4755  [Client  0] Round 2 | Hier-pFedMe(λ2=35.0,K=3) | loss=1.1142

  [Client  9] Round 2 | Hier-pFedMe(λ2=35.0,K=3) | loss=0.0214
  [Client  4] Round 2 | Hier-pFedMe(λ2=35.0,K=3) | loss=0.3697
  [Client  7] Round 2 | Hier-pFedMe(λ2=35.0,K=3) | loss=0.5102
  [Client  2] Round 2 | Hier-pFedMe(λ2=35.0,K=3) | loss=0.4174
  [Edge 0] G2 | E3 | loss=0.5474
[C0] eval model[0] mean=0.000836 | θ̃ mean=0.000836 | edge mean=0.000873
[C0] n=800 | classes=[3, 6] | acc=0.5750 | per_class={3: '0.29', 6: '0.87'}
[C1] eval model[0] mean=0.001470 | θ̃ mean=0.001470 | edge mean=0.000873
[C1] n=800 | classes=[3, 6] | acc=0.6038 | per_class={3: '0.83', 6: '0.36'}
[C2] eval model[0] mean=0.001214 | θ̃ mean=0.001214 | edge mean=0.000873
[C2] n=800 | classes=[2, 5] | acc=0.5413 | per_class={2: '0.92', 5: '0.17'}
[C3] eval model[0] mean=0.000418 | θ̃ mean=0.000418 | edge mean=0.000873
[C3] n=800 | classes=[5, 7] | acc=0.5088 | per_class={5: '1.00', 7: '0.00'}
[C4] eval model[0] mean=0.000913 | θ̃ mean=0.000913 | edge mean=0.000873
[C4] n=800 | classes=[2, 7] | acc=0.4825 | per_class={2: '0.88', 7: '0.10'}
[C5] eval model[0] mean=0.000463 | θ̃ mean=0.000463 | edge mean=0.000873
[C5] n=800 | classes=[2, 4] | acc=0.4863 | per_class={2: '0.04', 4: '0.98'}
[C6] eval model[0] mean=0.001434 | θ̃ mean=0.001434 | edge mean=0.000873
[C6] n=800 | classes=[6, 7] | acc=0.5075 | per_class={6: '0.00', 7: '1.00'}
[C7] eval model[0] mean=0.001109 | θ̃ mean=0.001109 | edge mean=0.000873
[C7] n=800 | classes=[3, 5] | acc=0.4900 | per_class={3: '0.32', 5: '0.64'}
[C8] eval model[0] mean=0.000936 | θ̃ mean=0.000936 | edge mean=0.000873
[C8] n=400 | classes=[4] | acc=1.0000 | per_class={4: '1.00'}
[C9] eval model[0] mean=0.000875 | θ̃ mean=0.000875 | edge mean=0.000873
[C9] n=400 | classes=[4] | acc=1.0000 | per_class={4: '1.00'}
  [Edge 0] G2 | E4 | Hier-pFedMe | Selected 10/10
  [Client  1] Round 2 | Hier-pFedMe(λ2=35.0,K=3) | loss=0.3581  [Client  5] Round 2 | Hier-pFedMe(λ2=35.0,K=3) | loss=0.3398

  [Client  6] Round 2 | Hier-pFedMe(λ2=35.0,K=3) | loss=1.5119
  [Client  2] Round 2 | Hier-pFedMe(λ2=35.0,K=3) | loss=0.4058
  [Client  8] Round 2 | Hier-pFedMe(λ2=35.0,K=3) | loss=0.0218  [Client  0] Round 2 | Hier-pFedMe(λ2=35.0,K=3) | loss=4.3913

  [Client  7] Round 2 | Hier-pFedMe(λ2=35.0,K=3) | loss=0.4979
  [Client  4] Round 2 | Hier-pFedMe(λ2=35.0,K=3) | loss=0.4228
  [Client  3] Round 2 | Hier-pFedMe(λ2=35.0,K=3) | loss=2.7764
  [Client  9] Round 2 | Hier-pFedMe(λ2=35.0,K=3) | loss=0.0092
  [Edge 0] G2 | E4 | loss=1.1911
[C0] eval model[0] mean=-0.000198 | θ̃ mean=-0.000198 | edge mean=0.000926
[C0] n=800 | classes=[3, 6] | acc=0.5088 | per_class={3: '1.00', 6: '0.00'}
[C1] eval model[0] mean=0.000751 | θ̃ mean=0.000751 | edge mean=0.000926
[C1] n=800 | classes=[3, 6] | acc=0.5138 | per_class={3: '0.07', 6: '0.99'}
[C2] eval model[0] mean=0.000866 | θ̃ mean=0.000866 | edge mean=0.000926
[C2] n=800 | classes=[2, 5] | acc=0.5587 | per_class={2: '0.89', 5: '0.23'}
[C3] eval model[0] mean=0.001255 | θ̃ mean=0.001255 | edge mean=0.000926
[C3] n=800 | classes=[5, 7] | acc=0.3075 | per_class={5: '0.60', 7: '0.01'}
[C4] eval model[0] mean=0.000939 | θ̃ mean=0.000939 | edge mean=0.000926
[C4] n=800 | classes=[2, 7] | acc=0.4913 | per_class={2: '1.00', 7: '0.00'}
[C5] eval model[0] mean=0.000936 | θ̃ mean=0.000936 | edge mean=0.000926
[C5] n=800 | classes=[2, 4] | acc=0.5038 | per_class={2: '0.76', 4: '0.22'}
[C6] eval model[0] mean=0.001003 | θ̃ mean=0.001003 | edge mean=0.000926
[C6] n=800 | classes=[6, 7] | acc=0.5075 | per_class={6: '0.94', 7: '0.09'}
[C7] eval model[0] mean=0.001400 | θ̃ mean=0.001400 | edge mean=0.000926
[C7] n=800 | classes=[3, 5] | acc=0.5225 | per_class={3: '0.78', 5: '0.28'}
[C8] eval model[0] mean=0.000926 | θ̃ mean=0.000926 | edge mean=0.000926
[C8] n=400 | classes=[4] | acc=1.0000 | per_class={4: '1.00'}
[C9] eval model[0] mean=0.000774 | θ̃ mean=0.000774 | edge mean=0.000926
[C9] n=400 | classes=[4] | acc=1.0000 | per_class={4: '1.00'}
  [Edge 0] G2 | E5 | Hier-pFedMe | Selected 10/10
  [Client  2] Round 2 | Hier-pFedMe(λ2=35.0,K=3) | loss=0.3271
  [Client  6] Round 2 | Hier-pFedMe(λ2=35.0,K=3) | loss=0.4658
  [Client  5] Round 2 | Hier-pFedMe(λ2=35.0,K=3) | loss=0.5386
  [Client  1] Round 2 | Hier-pFedMe(λ2=35.0,K=3) | loss=0.4391
  [Client  8] Round 2 | Hier-pFedMe(λ2=35.0,K=3) | loss=0.0252
  [Client  3] Round 2 | Hier-pFedMe(λ2=35.0,K=3) | loss=0.5511
  [Client  9] Round 2 | Hier-pFedMe(λ2=35.0,K=3) | loss=0.0308
  [Client  7] Round 2 | Hier-pFedMe(λ2=35.0,K=3) | loss=0.3024
  [Client  4] Round 2 | Hier-pFedMe(λ2=35.0,K=3) | loss=0.5918
  [Client  0] Round 2 | Hier-pFedMe(λ2=35.0,K=3) | loss=0.7509
  [Edge 0] G2 | E5 | loss=0.4439
[C0] eval model[0] mean=0.001009 | θ̃ mean=0.001009 | edge mean=0.000869
[C0] n=800 | classes=[3, 6] | acc=0.5025 | per_class={3: '0.02', 6: '1.00'}
[C1] eval model[0] mean=0.001069 | θ̃ mean=0.001069 | edge mean=0.000869
[C1] n=800 | classes=[3, 6] | acc=0.5487 | per_class={3: '0.97', 6: '0.10'}
[C2] eval model[0] mean=0.001061 | θ̃ mean=0.001061 | edge mean=0.000869
[C2] n=800 | classes=[2, 5] | acc=0.5050 | per_class={2: '0.99', 5: '0.02'}
[C3] eval model[0] mean=-0.000095 | θ̃ mean=-0.000095 | edge mean=0.000869
[C3] n=800 | classes=[5, 7] | acc=0.5188 | per_class={5: '0.87', 7: '0.15'}
[C4] eval model[0] mean=0.000731 | θ̃ mean=0.000731 | edge mean=0.000869
[C4] n=800 | classes=[2, 7] | acc=0.5825 | per_class={2: '0.88', 7: '0.30'}
[C5] eval model[0] mean=0.000954 | θ̃ mean=0.000954 | edge mean=0.000869
[C5] n=800 | classes=[2, 4] | acc=0.4763 | per_class={2: '0.00', 4: '1.00'}
[C6] eval model[0] mean=0.000830 | θ̃ mean=0.000830 | edge mean=0.000869
[C6] n=800 | classes=[6, 7] | acc=0.4925 | per_class={6: '1.00', 7: '0.00'}
[C7] eval model[0] mean=0.000807 | θ̃ mean=0.000807 | edge mean=0.000869
[C7] n=800 | classes=[3, 5] | acc=0.4800 | per_class={3: '0.97', 5: '0.03'}
[C8] eval model[0] mean=0.001056 | θ̃ mean=0.001056 | edge mean=0.000869
[C8] n=400 | classes=[4] | acc=1.0000 | per_class={4: '1.00'}
[C9] eval model[0] mean=0.001031 | θ̃ mean=0.001031 | edge mean=0.000869
[C9] n=400 | classes=[4] | acc=1.0000 | per_class={4: '1.00'}
  [Edge 1] G2 | E1 | Hier-pFedMe | Selected 10/10
  [Client 17] Round 2 | Hier-pFedMe(λ2=35.0,K=3) | loss=0.9302
  [Client 11] Round 2 | Hier-pFedMe(λ2=35.0,K=3) | loss=0.2485
  [Client 16] Round 2 | Hier-pFedMe(λ2=35.0,K=3) | loss=0.6036
  [Client 14] Round 2 | Hier-pFedMe(λ2=35.0,K=3) | loss=0.4979
  [Client 13] Round 2 | Hier-pFedMe(λ2=35.0,K=3) | loss=0.7803
  [Client 19] Round 2 | Hier-pFedMe(λ2=35.0,K=3) | loss=0.2130
  [Client 12] Round 2 | Hier-pFedMe(λ2=35.0,K=3) | loss=0.6166
  [Client 10] Round 2 | Hier-pFedMe(λ2=35.0,K=3) | loss=0.4943
  [Client 18] Round 2 | Hier-pFedMe(λ2=35.0,K=3) | loss=0.5420
  [Client 15] Round 2 | Hier-pFedMe(λ2=35.0,K=3) | loss=1.0973
  [Edge 1] G2 | E1 | loss=0.6024
[C10] eval model[0] mean=-0.000101 | θ̃ mean=-0.000101 | edge mean=0.000746
[C10] n=480 | classes=[8, 9] | acc=0.4917 | per_class={8: '1.00', 9: '0.00'}
[C11] eval model[0] mean=0.000949 | θ̃ mean=0.000949 | edge mean=0.000746
[C11] n=480 | classes=[0, 1] | acc=0.6896 | per_class={0: '0.77', 1: '0.60'}
[C12] eval model[0] mean=0.001104 | θ̃ mean=0.001104 | edge mean=0.000746
[C12] n=480 | classes=[1, 8] | acc=0.5771 | per_class={1: '0.16', 8: '0.98'}
[C13] eval model[0] mean=0.000795 | θ̃ mean=0.000795 | edge mean=0.000746
[C13] n=480 | classes=[0, 8] | acc=0.4875 | per_class={0: '0.00', 8: '1.00'}
[C14] eval model[0] mean=0.000407 | θ̃ mean=0.000407 | edge mean=0.000746
[C14] n=480 | classes=[0, 9] | acc=0.5062 | per_class={0: '1.00', 9: '0.00'}
[C15] eval model[0] mean=0.000787 | θ̃ mean=0.000787 | edge mean=0.000746
[C15] n=480 | classes=[0, 8] | acc=0.4875 | per_class={0: '0.00', 8: '1.00'}
[C16] eval model[0] mean=0.001138 | θ̃ mean=0.001138 | edge mean=0.000746
[C16] n=480 | classes=[1, 8] | acc=0.5062 | per_class={1: '0.00', 8: '1.00'}
[C17] eval model[0] mean=0.000411 | θ̃ mean=0.000411 | edge mean=0.000746
[C17] n=480 | classes=[1, 9] | acc=0.4958 | per_class={1: '0.00', 9: '1.00'}
[C18] eval model[0] mean=0.000897 | θ̃ mean=0.000897 | edge mean=0.000746
[C18] n=480 | classes=[1, 9] | acc=0.4792 | per_class={1: '0.79', 9: '0.16'}
[C19] eval model[0] mean=0.001080 | θ̃ mean=0.001080 | edge mean=0.000746
[C19] n=480 | classes=[0, 9] | acc=0.4875 | per_class={0: '1.00', 9: '0.00'}
  [Edge 1] G2 | E2 | Hier-pFedMe | Selected 10/10
  [Client 10] Round 2 | Hier-pFedMe(λ2=35.0,K=3) | loss=1.1857
  [Client 13] Round 2 | Hier-pFedMe(λ2=35.0,K=3) | loss=0.5194
  [Client 11] Round 2 | Hier-pFedMe(λ2=35.0,K=3) | loss=2.0809
  [Client 12] Round 2 | Hier-pFedMe(λ2=35.0,K=3) | loss=0.3218
  [Client 17] Round 2 | Hier-pFedMe(λ2=35.0,K=3) | loss=5.8516  [Client 19] Round 2 | Hier-pFedMe(λ2=35.0,K=3) | loss=0.1453

  [Client 16] Round 2 | Hier-pFedMe(λ2=35.0,K=3) | loss=1.1058
  [Client 18] Round 2 | Hier-pFedMe(λ2=35.0,K=3) | loss=0.1892
  [Client 14] Round 2 | Hier-pFedMe(λ2=35.0,K=3) | loss=0.1823
  [Client 15] Round 2 | Hier-pFedMe(λ2=35.0,K=3) | loss=0.9262
  [Edge 1] G2 | E2 | loss=1.2508
[C10] eval model[0] mean=0.000771 | θ̃ mean=0.000771 | edge mean=0.000746
[C10] n=480 | classes=[8, 9] | acc=0.5083 | per_class={8: '0.00', 9: '1.00'}
[C11] eval model[0] mean=-0.000106 | θ̃ mean=-0.000106 | edge mean=0.000746
[C11] n=480 | classes=[0, 1] | acc=0.4875 | per_class={0: '0.00', 1: '1.00'}
[C12] eval model[0] mean=0.000586 | θ̃ mean=0.000586 | edge mean=0.000746
[C12] n=480 | classes=[1, 8] | acc=0.5271 | per_class={1: '0.04', 8: '1.00'}
[C13] eval model[0] mean=-0.000355 | θ̃ mean=-0.000355 | edge mean=0.000746
[C13] n=480 | classes=[0, 8] | acc=0.5625 | per_class={0: '0.47', 8: '0.66'}
[C14] eval model[0] mean=0.000825 | θ̃ mean=0.000825 | edge mean=0.000746
[C14] n=480 | classes=[0, 9] | acc=0.5458 | per_class={0: '0.98', 9: '0.11'}
[C15] eval model[0] mean=0.001506 | θ̃ mean=0.001506 | edge mean=0.000746
[C15] n=480 | classes=[0, 8] | acc=0.5167 | per_class={0: '0.93', 8: '0.08'}
[C16] eval model[0] mean=0.001164 | θ̃ mean=0.001164 | edge mean=0.000746
[C16] n=480 | classes=[1, 8] | acc=0.5062 | per_class={1: '0.00', 8: '1.00'}
[C17] eval model[0] mean=0.000498 | θ̃ mean=0.000498 | edge mean=0.000746
[C17] n=480 | classes=[1, 9] | acc=0.5167 | per_class={1: '0.48', 9: '0.56'}
[C18] eval model[0] mean=0.001399 | θ̃ mean=0.001399 | edge mean=0.000746
[C18] n=480 | classes=[1, 9] | acc=0.5208 | per_class={1: '0.10', 9: '0.96'}
[C19] eval model[0] mean=0.000595 | θ̃ mean=0.000595 | edge mean=0.000746
[C19] n=480 | classes=[0, 9] | acc=0.4896 | per_class={0: '1.00', 9: '0.00'}
  [Edge 1] G2 | E3 | Hier-pFedMe | Selected 10/10
  [Client 13] Round 2 | Hier-pFedMe(λ2=35.0,K=3) | loss=1.0846
  [Client 12] Round 2 | Hier-pFedMe(λ2=35.0,K=3) | loss=0.1132
  [Client 10] Round 2 | Hier-pFedMe(λ2=35.0,K=3) | loss=0.9368
  [Client 14] Round 2 | Hier-pFedMe(λ2=35.0,K=3) | loss=0.1179
  [Client 17] Round 2 | Hier-pFedMe(λ2=35.0,K=3) | loss=0.6076
  [Client 18] Round 2 | Hier-pFedMe(λ2=35.0,K=3) | loss=0.4382
  [Client 16] Round 2 | Hier-pFedMe(λ2=35.0,K=3) | loss=0.2830
  [Client 19] Round 2 | Hier-pFedMe(λ2=35.0,K=3) | loss=0.2847
  [Client 15] Round 2 | Hier-pFedMe(λ2=35.0,K=3) | loss=0.2468
  [Client 11] Round 2 | Hier-pFedMe(λ2=35.0,K=3) | loss=0.7414
  [Edge 1] G2 | E3 | loss=0.4854
[C10] eval model[0] mean=0.000150 | θ̃ mean=0.000150 | edge mean=0.000706
[C10] n=480 | classes=[8, 9] | acc=0.4917 | per_class={8: '1.00', 9: '0.00'}
[C11] eval model[0] mean=0.000567 | θ̃ mean=0.000567 | edge mean=0.000706
[C11] n=480 | classes=[0, 1] | acc=0.5146 | per_class={0: '0.96', 1: '0.05'}
[C12] eval model[0] mean=0.001062 | θ̃ mean=0.001062 | edge mean=0.000706
[C12] n=480 | classes=[1, 8] | acc=0.5104 | per_class={1: '0.00', 8: '1.00'}
[C13] eval model[0] mean=0.001315 | θ̃ mean=0.001315 | edge mean=0.000706
[C13] n=480 | classes=[0, 8] | acc=0.4875 | per_class={0: '0.00', 8: '1.00'}
[C14] eval model[0] mean=0.000695 | θ̃ mean=0.000695 | edge mean=0.000706
[C14] n=480 | classes=[0, 9] | acc=0.5021 | per_class={0: '0.99', 9: '0.00'}
[C15] eval model[0] mean=0.000347 | θ̃ mean=0.000347 | edge mean=0.000706
[C15] n=480 | classes=[0, 8] | acc=0.5125 | per_class={0: '0.07', 8: '0.98'}
[C16] eval model[0] mean=0.000443 | θ̃ mean=0.000443 | edge mean=0.000706
[C16] n=480 | classes=[1, 8] | acc=0.5167 | per_class={1: '0.02', 8: '1.00'}
[C17] eval model[0] mean=0.000067 | θ̃ mean=0.000067 | edge mean=0.000706
[C17] n=480 | classes=[1, 9] | acc=0.5188 | per_class={1: '0.07', 9: '0.98'}
[C18] eval model[0] mean=0.000439 | θ̃ mean=0.000439 | edge mean=0.000706
[C18] n=480 | classes=[1, 9] | acc=0.5875 | per_class={1: '0.86', 9: '0.30'}
[C19] eval model[0] mean=0.000928 | θ̃ mean=0.000928 | edge mean=0.000706
[C19] n=480 | classes=[0, 9] | acc=0.4875 | per_class={0: '1.00', 9: '0.00'}
  [Edge 1] G2 | E4 | Hier-pFedMe | Selected 10/10
  [Client 14] Round 2 | Hier-pFedMe(λ2=35.0,K=3) | loss=0.2401
  [Client 19] Round 2 | Hier-pFedMe(λ2=35.0,K=3) | loss=0.1869
  [Client 15] Round 2 | Hier-pFedMe(λ2=35.0,K=3) | loss=0.8534
  [Client 11] Round 2 | Hier-pFedMe(λ2=35.0,K=3) | loss=0.4198
  [Client 12] Round 2 | Hier-pFedMe(λ2=35.0,K=3) | loss=0.1324
  [Client 17] Round 2 | Hier-pFedMe(λ2=35.0,K=3) | loss=4.9525
  [Client 10] Round 2 | Hier-pFedMe(λ2=35.0,K=3) | loss=1.9542
  [Client 13] Round 2 | Hier-pFedMe(λ2=35.0,K=3) | loss=0.2792
  [Client 16] Round 2 | Hier-pFedMe(λ2=35.0,K=3) | loss=0.2992
  [Client 18] Round 2 | Hier-pFedMe(λ2=35.0,K=3) | loss=0.7458
  [Edge 1] G2 | E4 | loss=1.0063
[C10] eval model[0] mean=0.001635 | θ̃ mean=0.001635 | edge mean=0.000641
[C10] n=480 | classes=[8, 9] | acc=0.7167 | per_class={8: '0.57', 9: '0.86'}
[C11] eval model[0] mean=0.000537 | θ̃ mean=0.000537 | edge mean=0.000641
[C11] n=480 | classes=[0, 1] | acc=0.4875 | per_class={0: '0.00', 1: '1.00'}
[C12] eval model[0] mean=0.000858 | θ̃ mean=0.000858 | edge mean=0.000641
[C12] n=480 | classes=[1, 8] | acc=0.5083 | per_class={1: '0.00', 8: '1.00'}
[C13] eval model[0] mean=0.000878 | θ̃ mean=0.000878 | edge mean=0.000641
[C13] n=480 | classes=[0, 8] | acc=0.5104 | per_class={0: '1.00', 8: '0.00'}
[C14] eval model[0] mean=0.000469 | θ̃ mean=0.000469 | edge mean=0.000641
[C14] n=480 | classes=[0, 9] | acc=0.5021 | per_class={0: '0.98', 9: '0.01'}
[C15] eval model[0] mean=0.000635 | θ̃ mean=0.000635 | edge mean=0.000641
[C15] n=480 | classes=[0, 8] | acc=0.5125 | per_class={0: '1.00', 8: '0.00'}
[C16] eval model[0] mean=0.000497 | θ̃ mean=0.000497 | edge mean=0.000641
[C16] n=480 | classes=[1, 8] | acc=0.5271 | per_class={1: '0.05', 8: '1.00'}
[C17] eval model[0] mean=0.001093 | θ̃ mean=0.001093 | edge mean=0.000641
[C17] n=480 | classes=[1, 9] | acc=0.5042 | per_class={1: '1.00', 9: '0.00'}
[C18] eval model[0] mean=0.000992 | θ̃ mean=0.000992 | edge mean=0.000641
[C18] n=480 | classes=[1, 9] | acc=0.5062 | per_class={1: '0.99', 9: '0.00'}
[C19] eval model[0] mean=0.001035 | θ̃ mean=0.001035 | edge mean=0.000641
[C19] n=480 | classes=[0, 9] | acc=0.5396 | per_class={0: '0.99', 9: '0.11'}
  [Edge 1] G2 | E5 | Hier-pFedMe | Selected 10/10
  [Client 14] Round 2 | Hier-pFedMe(λ2=35.0,K=3) | loss=0.2451  [Client 11] Round 2 | Hier-pFedMe(λ2=35.0,K=3) | loss=0.4342

  [Client 18] Round 2 | Hier-pFedMe(λ2=35.0,K=3) | loss=0.5493  [Client 13] Round 2 | Hier-pFedMe(λ2=35.0,K=3) | loss=0.3459

  [Client 17] Round 2 | Hier-pFedMe(λ2=35.0,K=3) | loss=1.1749
  [Client 16] Round 2 | Hier-pFedMe(λ2=35.0,K=3) | loss=0.2808
  [Client 10] Round 2 | Hier-pFedMe(λ2=35.0,K=3) | loss=0.3319
  [Client 15] Round 2 | Hier-pFedMe(λ2=35.0,K=3) | loss=0.2754
  [Client 19] Round 2 | Hier-pFedMe(λ2=35.0,K=3) | loss=0.2417
  [Client 12] Round 2 | Hier-pFedMe(λ2=35.0,K=3) | loss=0.2286
  [Edge 1] G2 | E5 | loss=0.4108
[C10] eval model[0] mean=0.000945 | θ̃ mean=0.000945 | edge mean=0.000812
[C10] n=480 | classes=[8, 9] | acc=0.5042 | per_class={8: '1.00', 9: '0.02'}
[C11] eval model[0] mean=0.001176 | θ̃ mean=0.001176 | edge mean=0.000812
[C11] n=480 | classes=[0, 1] | acc=0.6229 | per_class={0: '0.88', 1: '0.35'}
[C12] eval model[0] mean=0.000983 | θ̃ mean=0.000983 | edge mean=0.000812
[C12] n=480 | classes=[1, 8] | acc=0.5333 | per_class={1: '0.06', 8: '0.99'}
[C13] eval model[0] mean=0.000365 | θ̃ mean=0.000365 | edge mean=0.000812
[C13] n=480 | classes=[0, 8] | acc=0.6250 | per_class={0: '0.70', 8: '0.55'}
[C14] eval model[0] mean=0.000607 | θ̃ mean=0.000607 | edge mean=0.000812
[C14] n=480 | classes=[0, 9] | acc=0.7875 | per_class={0: '0.80', 9: '0.77'}
[C15] eval model[0] mean=0.000790 | θ̃ mean=0.000790 | edge mean=0.000812
[C15] n=480 | classes=[0, 8] | acc=0.5312 | per_class={0: '0.17', 8: '0.91'}
[C16] eval model[0] mean=0.000568 | θ̃ mean=0.000568 | edge mean=0.000812
[C16] n=480 | classes=[1, 8] | acc=0.6354 | per_class={1: '0.31', 8: '0.95'}
[C17] eval model[0] mean=0.001052 | θ̃ mean=0.001052 | edge mean=0.000812
[C17] n=480 | classes=[1, 9] | acc=0.5354 | per_class={1: '0.79', 9: '0.28'}
[C18] eval model[0] mean=0.000431 | θ̃ mean=0.000431 | edge mean=0.000812
[C18] n=480 | classes=[1, 9] | acc=0.4958 | per_class={1: '0.03', 9: '0.98'}
[C19] eval model[0] mean=0.000883 | θ̃ mean=0.000883 | edge mean=0.000812
[C19] n=480 | classes=[0, 9] | acc=0.5437 | per_class={0: '0.96', 9: '0.14'}
[C0] eval model[0] mean=0.001009 | θ̃ mean=0.001009 | edge mean=0.000869
[C0] n=800 | classes=[3, 6] | acc=0.5025 | per_class={3: '0.02', 6: '1.00'}
[C1] eval model[0] mean=0.001069 | θ̃ mean=0.001069 | edge mean=0.000869
[C1] n=800 | classes=[3, 6] | acc=0.5487 | per_class={3: '0.97', 6: '0.10'}
[C2] eval model[0] mean=0.001061 | θ̃ mean=0.001061 | edge mean=0.000869
[C2] n=800 | classes=[2, 5] | acc=0.5050 | per_class={2: '0.99', 5: '0.02'}
[C3] eval model[0] mean=-0.000095 | θ̃ mean=-0.000095 | edge mean=0.000869
[C3] n=800 | classes=[5, 7] | acc=0.5188 | per_class={5: '0.87', 7: '0.15'}
[C4] eval model[0] mean=0.000731 | θ̃ mean=0.000731 | edge mean=0.000869
[C4] n=800 | classes=[2, 7] | acc=0.5825 | per_class={2: '0.88', 7: '0.30'}
[C5] eval model[0] mean=0.000954 | θ̃ mean=0.000954 | edge mean=0.000869
[C5] n=800 | classes=[2, 4] | acc=0.4763 | per_class={2: '0.00', 4: '1.00'}
[C6] eval model[0] mean=0.000830 | θ̃ mean=0.000830 | edge mean=0.000869
[C6] n=800 | classes=[6, 7] | acc=0.4925 | per_class={6: '1.00', 7: '0.00'}
[C7] eval model[0] mean=0.000807 | θ̃ mean=0.000807 | edge mean=0.000869
[C7] n=800 | classes=[3, 5] | acc=0.4800 | per_class={3: '0.97', 5: '0.03'}
[C8] eval model[0] mean=0.001056 | θ̃ mean=0.001056 | edge mean=0.000869
[C8] n=400 | classes=[4] | acc=1.0000 | per_class={4: '1.00'}
[C9] eval model[0] mean=0.001031 | θ̃ mean=0.001031 | edge mean=0.000869
[C9] n=400 | classes=[4] | acc=1.0000 | per_class={4: '1.00'}
[C10] eval model[0] mean=0.000945 | θ̃ mean=0.000945 | edge mean=0.000812
[C10] n=480 | classes=[8, 9] | acc=0.5042 | per_class={8: '1.00', 9: '0.02'}
[C11] eval model[0] mean=0.001176 | θ̃ mean=0.001176 | edge mean=0.000812
[C11] n=480 | classes=[0, 1] | acc=0.6229 | per_class={0: '0.88', 1: '0.35'}
[C12] eval model[0] mean=0.000983 | θ̃ mean=0.000983 | edge mean=0.000812
[C12] n=480 | classes=[1, 8] | acc=0.5333 | per_class={1: '0.06', 8: '0.99'}
[C13] eval model[0] mean=0.000365 | θ̃ mean=0.000365 | edge mean=0.000812
[C13] n=480 | classes=[0, 8] | acc=0.6250 | per_class={0: '0.70', 8: '0.55'}
[C14] eval model[0] mean=0.000607 | θ̃ mean=0.000607 | edge mean=0.000812
[C14] n=480 | classes=[0, 9] | acc=0.7875 | per_class={0: '0.80', 9: '0.77'}
[C15] eval model[0] mean=0.000790 | θ̃ mean=0.000790 | edge mean=0.000812
[C15] n=480 | classes=[0, 8] | acc=0.5312 | per_class={0: '0.17', 8: '0.91'}
[C16] eval model[0] mean=0.000568 | θ̃ mean=0.000568 | edge mean=0.000812
[C16] n=480 | classes=[1, 8] | acc=0.6354 | per_class={1: '0.31', 8: '0.95'}
[C17] eval model[0] mean=0.001052 | θ̃ mean=0.001052 | edge mean=0.000812
[C17] n=480 | classes=[1, 9] | acc=0.5354 | per_class={1: '0.79', 9: '0.28'}
[C18] eval model[0] mean=0.000431 | θ̃ mean=0.000431 | edge mean=0.000812
[C18] n=480 | classes=[1, 9] | acc=0.4958 | per_class={1: '0.03', 9: '0.98'}
[C19] eval model[0] mean=0.000883 | θ̃ mean=0.000883 | edge mean=0.000812
[C19] n=480 | classes=[0, 9] | acc=0.5437 | per_class={0: '0.96', 9: '0.14'}
  [Cloud] GM=0.1280 | EM=0.2172 PM=0.5730 | loss=2.3108 | time=88.7s | comm=4556.2MB (total=9112MB)

[Round   3] Broadcasting to 2 edges...
  [Edge 0] G3 | E1 | Hier-pFedMe | Selected 10/10
  [Client  3] Round 3 | Hier-pFedMe(λ2=35.0,K=3) | loss=0.6244
  [Client  4] Round 3 | Hier-pFedMe(λ2=35.0,K=3) | loss=0.3196
  [Client  9] Round 3 | Hier-pFedMe(λ2=35.0,K=3) | loss=0.0209
  [Client  6] Round 3 | Hier-pFedMe(λ2=35.0,K=3) | loss=1.6935
  [Client  1] Round 3 | Hier-pFedMe(λ2=35.0,K=3) | loss=0.4328
  [Client  5] Round 3 | Hier-pFedMe(λ2=35.0,K=3) | loss=0.8349
  [Client  0] Round 3 | Hier-pFedMe(λ2=35.0,K=3) | loss=1.1059
  [Client  7] Round 3 | Hier-pFedMe(λ2=35.0,K=3) | loss=0.2995
  [Client  8] Round 3 | Hier-pFedMe(λ2=35.0,K=3) | loss=0.0305
  [Client  2] Round 3 | Hier-pFedMe(λ2=35.0,K=3) | loss=0.4976
  [Edge 0] G3 | E1 | loss=0.6482
[C0] eval model[0] mean=0.002308 | θ̃ mean=0.002308 | edge mean=0.000814
[C0] n=800 | classes=[3, 6] | acc=0.4913 | per_class={3: '0.00', 6: '1.00'}
[C1] eval model[0] mean=0.000792 | θ̃ mean=0.000792 | edge mean=0.000814
[C1] n=800 | classes=[3, 6] | acc=0.5225 | per_class={3: '0.09', 6: '0.98'}
[C2] eval model[0] mean=0.000662 | θ̃ mean=0.000662 | edge mean=0.000814
[C2] n=800 | classes=[2, 5] | acc=0.4975 | per_class={2: '0.98', 5: '0.02'}
[C3] eval model[0] mean=0.000922 | θ̃ mean=0.000922 | edge mean=0.000814
[C3] n=800 | classes=[5, 7] | acc=0.4913 | per_class={5: '0.00', 7: '1.00'}
[C4] eval model[0] mean=0.000588 | θ̃ mean=0.000588 | edge mean=0.000814
[C4] n=800 | classes=[2, 7] | acc=0.6262 | per_class={2: '0.52', 7: '0.73'}
[C5] eval model[0] mean=0.000831 | θ̃ mean=0.000831 | edge mean=0.000814
[C5] n=800 | classes=[2, 4] | acc=0.4775 | per_class={2: '0.01', 4: '0.99'}
[C6] eval model[0] mean=0.000039 | θ̃ mean=0.000039 | edge mean=0.000814
[C6] n=800 | classes=[6, 7] | acc=0.4925 | per_class={6: '0.99', 7: '0.00'}
[C7] eval model[0] mean=0.001188 | θ̃ mean=0.001188 | edge mean=0.000814
[C7] n=800 | classes=[3, 5] | acc=0.4788 | per_class={3: '0.99', 5: '0.01'}
[C8] eval model[0] mean=0.000741 | θ̃ mean=0.000741 | edge mean=0.000814
[C8] n=400 | classes=[4] | acc=1.0000 | per_class={4: '1.00'}
[C9] eval model[0] mean=0.000613 | θ̃ mean=0.000613 | edge mean=0.000814
[C9] n=400 | classes=[4] | acc=1.0000 | per_class={4: '1.00'}
  [Edge 0] G3 | E2 | Hier-pFedMe | Selected 10/10
  [Client  9] Round 3 | Hier-pFedMe(λ2=35.0,K=3) | loss=0.0265
  [Client  6] Round 3 | Hier-pFedMe(λ2=35.0,K=3) | loss=0.3216
  [Client  5] Round 3 | Hier-pFedMe(λ2=35.0,K=3) | loss=0.2954
  [Client  4] Round 3 | Hier-pFedMe(λ2=35.0,K=3) | loss=0.4208
  [Client  7] Round 3 | Hier-pFedMe(λ2=35.0,K=3) | loss=0.3066
  [Client  1] Round 3 | Hier-pFedMe(λ2=35.0,K=3) | loss=0.2655
  [Client  8] Round 3 | Hier-pFedMe(λ2=35.0,K=3) | loss=0.0174
  [Client  0] Round 3 | Hier-pFedMe(λ2=35.0,K=3) | loss=0.2719
  [Client  3] Round 3 | Hier-pFedMe(λ2=35.0,K=3) | loss=0.4728
  [Client  2] Round 3 | Hier-pFedMe(λ2=35.0,K=3) | loss=0.3714
  [Edge 0] G3 | E2 | loss=0.3053
[C0] eval model[0] mean=0.001099 | θ̃ mean=0.001099 | edge mean=0.000852
[C0] n=800 | classes=[3, 6] | acc=0.5125 | per_class={3: '0.88', 6: '0.13'}
[C1] eval model[0] mean=0.000575 | θ̃ mean=0.000575 | edge mean=0.000852
[C1] n=800 | classes=[3, 6] | acc=0.6112 | per_class={3: '0.29', 6: '0.96'}
[C2] eval model[0] mean=0.001251 | θ̃ mean=0.001251 | edge mean=0.000852
[C2] n=800 | classes=[2, 5] | acc=0.5725 | per_class={2: '0.91', 5: '0.24'}
[C3] eval model[0] mean=0.000257 | θ̃ mean=0.000257 | edge mean=0.000852
[C3] n=800 | classes=[5, 7] | acc=0.5100 | per_class={5: '1.00', 7: '0.01'}
[C4] eval model[0] mean=0.001119 | θ̃ mean=0.001119 | edge mean=0.000852
[C4] n=800 | classes=[2, 7] | acc=0.5487 | per_class={2: '0.26', 7: '0.82'}
[C5] eval model[0] mean=0.000895 | θ̃ mean=0.000895 | edge mean=0.000852
[C5] n=800 | classes=[2, 4] | acc=0.4863 | per_class={2: '0.03', 4: '0.99'}
[C6] eval model[0] mean=0.001253 | θ̃ mean=0.001253 | edge mean=0.000852
[C6] n=800 | classes=[6, 7] | acc=0.6262 | per_class={6: '0.42', 7: '0.83'}
[C7] eval model[0] mean=0.000830 | θ̃ mean=0.000830 | edge mean=0.000852
[C7] n=800 | classes=[3, 5] | acc=0.5050 | per_class={3: '0.81', 5: '0.22'}
[C8] eval model[0] mean=0.000834 | θ̃ mean=0.000834 | edge mean=0.000852
[C8] n=400 | classes=[4] | acc=1.0000 | per_class={4: '1.00'}
[C9] eval model[0] mean=0.000818 | θ̃ mean=0.000818 | edge mean=0.000852
[C9] n=400 | classes=[4] | acc=1.0000 | per_class={4: '1.00'}
  [Edge 0] G3 | E3 | Hier-pFedMe | Selected 10/10
  [Client  7] Round 3 | Hier-pFedMe(λ2=35.0,K=3) | loss=0.9672
  [Client  6] Round 3 | Hier-pFedMe(λ2=35.0,K=3) | loss=0.6835
  [Client  9] Round 3 | Hier-pFedMe(λ2=35.0,K=3) | loss=0.0190
  [Client  5] Round 3 | Hier-pFedMe(λ2=35.0,K=3) | loss=0.3186
  [Client  4] Round 3 | Hier-pFedMe(λ2=35.0,K=3) | loss=0.3208
  [Client  1] Round 3 | Hier-pFedMe(λ2=35.0,K=3) | loss=0.3642
  [Client  2] Round 3 | Hier-pFedMe(λ2=35.0,K=3) | loss=0.7768
  [Client  0] Round 3 | Hier-pFedMe(λ2=35.0,K=3) | loss=1.1416
  [Client  3] Round 3 | Hier-pFedMe(λ2=35.0,K=3) | loss=1.1171
  [Client  8] Round 3 | Hier-pFedMe(λ2=35.0,K=3) | loss=0.0168
  [Edge 0] G3 | E3 | loss=0.6342
[C0] eval model[0] mean=0.001468 | θ̃ mean=0.001468 | edge mean=0.000873
[C0] n=800 | classes=[3, 6] | acc=0.4913 | per_class={3: '0.00', 6: '1.00'}
[C1] eval model[0] mean=0.000898 | θ̃ mean=0.000898 | edge mean=0.000873
[C1] n=800 | classes=[3, 6] | acc=0.5212 | per_class={3: '0.68', 6: '0.35'}
[C2] eval model[0] mean=0.001392 | θ̃ mean=0.001392 | edge mean=0.000873
[C2] n=800 | classes=[2, 5] | acc=0.5000 | per_class={2: '0.00', 5: '1.00'}
[C3] eval model[0] mean=0.000582 | θ̃ mean=0.000582 | edge mean=0.000873
[C3] n=800 | classes=[5, 7] | acc=0.5088 | per_class={5: '1.00', 7: '0.00'}
[C4] eval model[0] mean=0.000631 | θ̃ mean=0.000631 | edge mean=0.000873
[C4] n=800 | classes=[2, 7] | acc=0.6713 | per_class={2: '0.67', 7: '0.68'}
[C5] eval model[0] mean=0.001007 | θ̃ mean=0.001007 | edge mean=0.000873
[C5] n=800 | classes=[2, 4] | acc=0.5238 | per_class={2: '0.99', 4: '0.01'}
[C6] eval model[0] mean=0.000508 | θ̃ mean=0.000508 | edge mean=0.000873
[C6] n=800 | classes=[6, 7] | acc=0.5075 | per_class={6: '0.00', 7: '1.00'}
[C7] eval model[0] mean=0.001135 | θ̃ mean=0.001135 | edge mean=0.000873
[C7] n=800 | classes=[3, 5] | acc=0.5288 | per_class={3: '0.01', 5: '1.00'}
[C8] eval model[0] mean=0.000844 | θ̃ mean=0.000844 | edge mean=0.000873
[C8] n=400 | classes=[4] | acc=1.0000 | per_class={4: '1.00'}
[C9] eval model[0] mean=0.000901 | θ̃ mean=0.000901 | edge mean=0.000873
[C9] n=400 | classes=[4] | acc=1.0000 | per_class={4: '1.00'}
  [Edge 0] G3 | E4 | Hier-pFedMe | Selected 10/10
  [Client  7] Round 3 | Hier-pFedMe(λ2=35.0,K=3) | loss=0.6867
  [Client  8] Round 3 | Hier-pFedMe(λ2=35.0,K=3) | loss=0.0067
  [Client  1] Round 3 | Hier-pFedMe(λ2=35.0,K=3) | loss=0.2514
  [Client  0] Round 3 | Hier-pFedMe(λ2=35.0,K=3) | loss=1.4273
  [Client  2] Round 3 | Hier-pFedMe(λ2=35.0,K=3) | loss=0.7048
  [Client  3] Round 3 | Hier-pFedMe(λ2=35.0,K=3) | loss=0.6263
  [Client  9] Round 3 | Hier-pFedMe(λ2=35.0,K=3) | loss=0.0152
  [Client  6] Round 3 | Hier-pFedMe(λ2=35.0,K=3) | loss=0.5144
  [Client  4] Round 3 | Hier-pFedMe(λ2=35.0,K=3) | loss=0.3755
  [Client  5] Round 3 | Hier-pFedMe(λ2=35.0,K=3) | loss=0.2643
  [Edge 0] G3 | E4 | loss=0.5402
[C0] eval model[0] mean=0.000752 | θ̃ mean=0.000752 | edge mean=0.000911
[C0] n=800 | classes=[3, 6] | acc=0.5800 | per_class={3: '0.31', 6: '0.86'}
[C1] eval model[0] mean=0.000606 | θ̃ mean=0.000606 | edge mean=0.000911
[C1] n=800 | classes=[3, 6] | acc=0.6425 | per_class={3: '0.86', 6: '0.41'}
[C2] eval model[0] mean=0.000578 | θ̃ mean=0.000578 | edge mean=0.000911
[C2] n=800 | classes=[2, 5] | acc=0.5925 | per_class={2: '0.82', 5: '0.36'}
[C3] eval model[0] mean=0.000179 | θ̃ mean=0.000179 | edge mean=0.000911
[C3] n=800 | classes=[5, 7] | acc=0.5537 | per_class={5: '0.18', 7: '0.94'}
[C4] eval model[0] mean=0.001305 | θ̃ mean=0.001305 | edge mean=0.000911
[C4] n=800 | classes=[2, 7] | acc=0.5925 | per_class={2: '0.81', 7: '0.39'}
[C5] eval model[0] mean=0.000950 | θ̃ mean=0.000950 | edge mean=0.000911
[C5] n=800 | classes=[2, 4] | acc=0.4725 | per_class={2: '0.15', 4: '0.83'}
[C6] eval model[0] mean=0.000626 | θ̃ mean=0.000626 | edge mean=0.000911
[C6] n=800 | classes=[6, 7] | acc=0.5375 | per_class={6: '1.00', 7: '0.09'}
[C7] eval model[0] mean=0.001136 | θ̃ mean=0.001136 | edge mean=0.000911
[C7] n=800 | classes=[3, 5] | acc=0.5050 | per_class={3: '0.94', 5: '0.11'}
[C8] eval model[0] mean=0.000806 | θ̃ mean=0.000806 | edge mean=0.000911
[C8] n=400 | classes=[4] | acc=1.0000 | per_class={4: '1.00'}
[C9] eval model[0] mean=0.000769 | θ̃ mean=0.000769 | edge mean=0.000911
[C9] n=400 | classes=[4] | acc=1.0000 | per_class={4: '1.00'}
  [Edge 0] G3 | E5 | Hier-pFedMe | Selected 10/10
  [Client  5] Round 3 | Hier-pFedMe(λ2=35.0,K=3) | loss=0.7077
  [Client  4] Round 3 | Hier-pFedMe(λ2=35.0,K=3) | loss=0.1176
  [Client  9] Round 3 | Hier-pFedMe(λ2=35.0,K=3) | loss=0.0106
  [Client  0] Round 3 | Hier-pFedMe(λ2=35.0,K=3) | loss=3.1421
  [Client  3] Round 3 | Hier-pFedMe(λ2=35.0,K=3) | loss=1.4455
  [Client  7] Round 3 | Hier-pFedMe(λ2=35.0,K=3) | loss=1.4636
  [Client  2] Round 3 | Hier-pFedMe(λ2=35.0,K=3) | loss=0.1361
  [Client  6] Round 3 | Hier-pFedMe(λ2=35.0,K=3) | loss=2.2782
  [Client  1] Round 3 | Hier-pFedMe(λ2=35.0,K=3) | loss=0.2877
  [Client  8] Round 3 | Hier-pFedMe(λ2=35.0,K=3) | loss=0.0098
  [Edge 0] G3 | E5 | loss=1.0654
[C0] eval model[0] mean=0.000256 | θ̃ mean=0.000256 | edge mean=0.000803
[C0] n=800 | classes=[3, 6] | acc=0.4913 | per_class={3: '0.00', 6: '1.00'}
[C1] eval model[0] mean=0.000608 | θ̃ mean=0.000608 | edge mean=0.000803
[C1] n=800 | classes=[3, 6] | acc=0.5663 | per_class={3: '0.19', 6: '0.97'}
[C2] eval model[0] mean=0.000610 | θ̃ mean=0.000610 | edge mean=0.000803
[C2] n=800 | classes=[2, 5] | acc=0.6188 | per_class={2: '0.84', 5: '0.40'}
[C3] eval model[0] mean=0.001178 | θ̃ mean=0.001178 | edge mean=0.000803
[C3] n=800 | classes=[5, 7] | acc=0.4913 | per_class={5: '0.00', 7: '1.00'}
[C4] eval model[0] mean=0.000793 | θ̃ mean=0.000793 | edge mean=0.000803
[C4] n=800 | classes=[2, 7] | acc=0.6637 | per_class={2: '0.68', 7: '0.65'}
[C5] eval model[0] mean=0.000259 | θ̃ mean=0.000259 | edge mean=0.000803
[C5] n=800 | classes=[2, 4] | acc=0.4763 | per_class={2: '0.00', 4: '1.00'}
[C6] eval model[0] mean=0.001587 | θ̃ mean=0.001587 | edge mean=0.000803
[C6] n=800 | classes=[6, 7] | acc=0.6375 | per_class={6: '0.42', 7: '0.85'}
[C7] eval model[0] mean=0.000591 | θ̃ mean=0.000591 | edge mean=0.000803
[C7] n=800 | classes=[3, 5] | acc=0.4763 | per_class={3: '1.00', 5: '0.00'}
[C8] eval model[0] mean=0.000789 | θ̃ mean=0.000789 | edge mean=0.000803
[C8] n=400 | classes=[4] | acc=1.0000 | per_class={4: '1.00'}
[C9] eval model[0] mean=0.000785 | θ̃ mean=0.000785 | edge mean=0.000803
[C9] n=400 | classes=[4] | acc=1.0000 | per_class={4: '1.00'}
  [Edge 1] G3 | E1 | Hier-pFedMe | Selected 10/10
  [Client 11] Round 3 | Hier-pFedMe(λ2=35.0,K=3) | loss=0.3589
  [Client 18] Round 3 | Hier-pFedMe(λ2=35.0,K=3) | loss=1.4054
  [Client 12] Round 3 | Hier-pFedMe(λ2=35.0,K=3) | loss=0.1887
  [Client 17] Round 3 | Hier-pFedMe(λ2=35.0,K=3) | loss=4.0741
  [Client 10] Round 3 | Hier-pFedMe(λ2=35.0,K=3) | loss=0.7454
  [Client 15] Round 3 | Hier-pFedMe(λ2=35.0,K=3) | loss=0.5908
  [Client 19] Round 3 | Hier-pFedMe(λ2=35.0,K=3) | loss=0.2766
  [Client 13] Round 3 | Hier-pFedMe(λ2=35.0,K=3) | loss=0.3844
  [Client 14] Round 3 | Hier-pFedMe(λ2=35.0,K=3) | loss=0.1481
  [Client 16] Round 3 | Hier-pFedMe(λ2=35.0,K=3) | loss=0.6600
  [Edge 1] G3 | E1 | loss=0.8833
[C10] eval model[0] mean=0.000638 | θ̃ mean=0.000638 | edge mean=0.000814
[C10] n=480 | classes=[8, 9] | acc=0.5083 | per_class={8: '0.00', 9: '1.00'}
[C11] eval model[0] mean=0.001118 | θ̃ mean=0.001118 | edge mean=0.000814
[C11] n=480 | classes=[0, 1] | acc=0.5125 | per_class={0: '1.00', 1: '0.00'}
[C12] eval model[0] mean=0.000840 | θ̃ mean=0.000840 | edge mean=0.000814
[C12] n=480 | classes=[1, 8] | acc=0.5375 | per_class={1: '0.09', 8: '0.97'}
[C13] eval model[0] mean=0.001235 | θ̃ mean=0.001235 | edge mean=0.000814
[C13] n=480 | classes=[0, 8] | acc=0.4958 | per_class={0: '0.62', 8: '0.37'}
[C14] eval model[0] mean=0.000783 | θ̃ mean=0.000783 | edge mean=0.000814
[C14] n=480 | classes=[0, 9] | acc=0.5167 | per_class={0: '0.98', 9: '0.05'}
[C15] eval model[0] mean=0.000767 | θ̃ mean=0.000767 | edge mean=0.000814
[C15] n=480 | classes=[0, 8] | acc=0.5125 | per_class={0: '1.00', 8: '0.00'}
[C16] eval model[0] mean=0.000618 | θ̃ mean=0.000618 | edge mean=0.000814
[C16] n=480 | classes=[1, 8] | acc=0.6229 | per_class={1: '0.31', 8: '0.93'}
[C17] eval model[0] mean=0.001951 | θ̃ mean=0.001951 | edge mean=0.000814
[C17] n=480 | classes=[1, 9] | acc=0.5042 | per_class={1: '1.00', 9: '0.00'}
[C18] eval model[0] mean=0.001150 | θ̃ mean=0.001150 | edge mean=0.000814
[C18] n=480 | classes=[1, 9] | acc=0.5813 | per_class={1: '0.87', 9: '0.28'}
[C19] eval model[0] mean=0.000915 | θ̃ mean=0.000915 | edge mean=0.000814
[C19] n=480 | classes=[0, 9] | acc=0.5229 | per_class={0: '0.97', 9: '0.09'}
  [Edge 1] G3 | E2 | Hier-pFedMe | Selected 10/10
  [Client 12] Round 3 | Hier-pFedMe(λ2=35.0,K=3) | loss=0.1942
  [Client 15] Round 3 | Hier-pFedMe(λ2=35.0,K=3) | loss=0.4361
  [Client 13] Round 3 | Hier-pFedMe(λ2=35.0,K=3) | loss=0.1953
  [Client 10] Round 3 | Hier-pFedMe(λ2=35.0,K=3) | loss=0.5872
  [Client 17] Round 3 | Hier-pFedMe(λ2=35.0,K=3) | loss=0.5415
  [Client 16] Round 3 | Hier-pFedMe(λ2=35.0,K=3) | loss=0.2500
  [Client 19] Round 3 | Hier-pFedMe(λ2=35.0,K=3) | loss=0.2577
  [Client 18] Round 3 | Hier-pFedMe(λ2=35.0,K=3) | loss=0.3603
  [Client 14] Round 3 | Hier-pFedMe(λ2=35.0,K=3) | loss=0.4100
  [Client 11] Round 3 | Hier-pFedMe(λ2=35.0,K=3) | loss=0.1777
  [Edge 1] G3 | E2 | loss=0.3410
[C10] eval model[0] mean=0.001151 | θ̃ mean=0.001151 | edge mean=0.000945
[C10] n=480 | classes=[8, 9] | acc=0.4938 | per_class={8: '1.00', 9: '0.00'}
[C11] eval model[0] mean=0.001233 | θ̃ mean=0.001233 | edge mean=0.000945
[C11] n=480 | classes=[0, 1] | acc=0.6188 | per_class={0: '0.91', 1: '0.31'}
[C12] eval model[0] mean=0.001185 | θ̃ mean=0.001185 | edge mean=0.000945
[C12] n=480 | classes=[1, 8] | acc=0.5396 | per_class={1: '0.08', 8: '0.98'}
[C13] eval model[0] mean=0.001080 | θ̃ mean=0.001080 | edge mean=0.000945
[C13] n=480 | classes=[0, 8] | acc=0.5583 | per_class={0: '0.61', 8: '0.50'}
[C14] eval model[0] mean=0.000963 | θ̃ mean=0.000963 | edge mean=0.000945
[C14] n=480 | classes=[0, 9] | acc=0.5062 | per_class={0: '1.00', 9: '0.00'}
[C15] eval model[0] mean=0.000502 | θ̃ mean=0.000502 | edge mean=0.000945
[C15] n=480 | classes=[0, 8] | acc=0.5146 | per_class={0: '0.97', 8: '0.04'}
[C16] eval model[0] mean=0.001103 | θ̃ mean=0.001103 | edge mean=0.000945
[C16] n=480 | classes=[1, 8] | acc=0.6792 | per_class={1: '0.46', 8: '0.90'}
[C17] eval model[0] mean=0.001344 | θ̃ mean=0.001344 | edge mean=0.000945
[C17] n=480 | classes=[1, 9] | acc=0.5083 | per_class={1: '0.06', 9: '0.96'}
[C18] eval model[0] mean=0.000800 | θ̃ mean=0.000800 | edge mean=0.000945
[C18] n=480 | classes=[1, 9] | acc=0.5813 | per_class={1: '0.87', 9: '0.28'}
[C19] eval model[0] mean=0.001143 | θ̃ mean=0.001143 | edge mean=0.000945
[C19] n=480 | classes=[0, 9] | acc=0.5167 | per_class={0: '0.97', 9: '0.08'}
  [Edge 1] G3 | E3 | Hier-pFedMe | Selected 10/10
  [Client 10] Round 3 | Hier-pFedMe(λ2=35.0,K=3) | loss=0.9755
  [Client 17] Round 3 | Hier-pFedMe(λ2=35.0,K=3) | loss=0.5820
  [Client 15] Round 3 | Hier-pFedMe(λ2=35.0,K=3) | loss=1.1821
  [Client 16] Round 3 | Hier-pFedMe(λ2=35.0,K=3) | loss=0.0797
  [Client 14] Round 3 | Hier-pFedMe(λ2=35.0,K=3) | loss=0.5592
  [Client 12] Round 3 | Hier-pFedMe(λ2=35.0,K=3) | loss=0.1981
  [Client 18] Round 3 | Hier-pFedMe(λ2=35.0,K=3) | loss=1.9714
  [Client 19] Round 3 | Hier-pFedMe(λ2=35.0,K=3) | loss=0.2068
  [Client 13] Round 3 | Hier-pFedMe(λ2=35.0,K=3) | loss=0.3102
  [Client 11] Round 3 | Hier-pFedMe(λ2=35.0,K=3) | loss=0.2811
  [Edge 1] G3 | E3 | loss=0.6346
[C10] eval model[0] mean=0.000957 | θ̃ mean=0.000957 | edge mean=0.000991
[C10] n=480 | classes=[8, 9] | acc=0.6333 | per_class={8: '0.87', 9: '0.41'}
[C11] eval model[0] mean=0.000926 | θ̃ mean=0.000926 | edge mean=0.000991
[C11] n=480 | classes=[0, 1] | acc=0.5917 | per_class={0: '0.90', 1: '0.26'}
[C12] eval model[0] mean=0.001283 | θ̃ mean=0.001283 | edge mean=0.000991
[C12] n=480 | classes=[1, 8] | acc=0.5354 | per_class={1: '0.06', 8: '0.99'}
[C13] eval model[0] mean=0.001171 | θ̃ mean=0.001171 | edge mean=0.000991
[C13] n=480 | classes=[0, 8] | acc=0.5396 | per_class={0: '0.66', 8: '0.41'}
[C14] eval model[0] mean=0.000887 | θ̃ mean=0.000887 | edge mean=0.000991
[C14] n=480 | classes=[0, 9] | acc=0.7229 | per_class={0: '0.77', 9: '0.68'}
[C15] eval model[0] mean=0.001030 | θ̃ mean=0.001030 | edge mean=0.000991
[C15] n=480 | classes=[0, 8] | acc=0.4875 | per_class={0: '0.00', 8: '1.00'}
[C16] eval model[0] mean=0.000794 | θ̃ mean=0.000794 | edge mean=0.000991
[C16] n=480 | classes=[1, 8] | acc=0.6521 | per_class={1: '0.39', 8: '0.91'}
[C17] eval model[0] mean=0.001085 | θ̃ mean=0.001085 | edge mean=0.000991
[C17] n=480 | classes=[1, 9] | acc=0.5042 | per_class={1: '1.00', 9: '0.00'}
[C18] eval model[0] mean=0.000962 | θ̃ mean=0.000962 | edge mean=0.000991
[C18] n=480 | classes=[1, 9] | acc=0.5083 | per_class={1: '1.00', 9: '0.00'}
[C19] eval model[0] mean=0.000896 | θ̃ mean=0.000896 | edge mean=0.000991
[C19] n=480 | classes=[0, 9] | acc=0.5021 | per_class={0: '0.98', 9: '0.04'}
  [Edge 1] G3 | E4 | Hier-pFedMe | Selected 10/10
  [Client 10] Round 3 | Hier-pFedMe(λ2=35.0,K=3) | loss=0.1924
  [Client 13] Round 3 | Hier-pFedMe(λ2=35.0,K=3) | loss=0.9530
  [Client 19] Round 3 | Hier-pFedMe(λ2=35.0,K=3) | loss=0.8266
  [Client 15] Round 3 | Hier-pFedMe(λ2=35.0,K=3) | loss=0.7825
  [Client 17] Round 3 | Hier-pFedMe(λ2=35.0,K=3) | loss=0.8984
  [Client 16] Round 3 | Hier-pFedMe(λ2=35.0,K=3) | loss=0.1408
  [Client 12] Round 3 | Hier-pFedMe(λ2=35.0,K=3) | loss=0.1739
  [Client 11] Round 3 | Hier-pFedMe(λ2=35.0,K=3) | loss=0.3811
  [Client 18] Round 3 | Hier-pFedMe(λ2=35.0,K=3) | loss=0.4950
  [Client 14] Round 3 | Hier-pFedMe(λ2=35.0,K=3) | loss=0.2363
  [Edge 1] G3 | E4 | loss=0.5080
[C10] eval model[0] mean=0.000923 | θ̃ mean=0.000923 | edge mean=0.000979
[C10] n=480 | classes=[8, 9] | acc=0.5667 | per_class={8: '0.97', 9: '0.17'}
[C11] eval model[0] mean=0.000550 | θ̃ mean=0.000550 | edge mean=0.000979
[C11] n=480 | classes=[0, 1] | acc=0.5500 | per_class={0: '0.96', 1: '0.12'}
[C12] eval model[0] mean=0.000815 | θ̃ mean=0.000815 | edge mean=0.000979
[C12] n=480 | classes=[1, 8] | acc=0.6521 | per_class={1: '0.34', 8: '0.95'}
[C13] eval model[0] mean=0.001367 | θ̃ mean=0.001367 | edge mean=0.000979
[C13] n=480 | classes=[0, 8] | acc=0.5125 | per_class={0: '1.00', 8: '0.00'}
[C14] eval model[0] mean=0.001338 | θ̃ mean=0.001338 | edge mean=0.000979
[C14] n=480 | classes=[0, 9] | acc=0.5458 | per_class={0: '0.95', 9: '0.13'}
[C15] eval model[0] mean=0.001021 | θ̃ mean=0.001021 | edge mean=0.000979
[C15] n=480 | classes=[0, 8] | acc=0.5125 | per_class={0: '0.17', 8: '0.87'}
[C16] eval model[0] mean=0.001052 | θ̃ mean=0.001052 | edge mean=0.000979
[C16] n=480 | classes=[1, 8] | acc=0.5958 | per_class={1: '0.23', 8: '0.95'}
[C17] eval model[0] mean=0.001000 | θ̃ mean=0.001000 | edge mean=0.000979
[C17] n=480 | classes=[1, 9] | acc=0.5479 | per_class={1: '0.74', 9: '0.35'}
[C18] eval model[0] mean=0.000418 | θ̃ mean=0.000418 | edge mean=0.000979
[C18] n=480 | classes=[1, 9] | acc=0.6208 | per_class={1: '0.73', 9: '0.50'}
[C19] eval model[0] mean=0.000499 | θ̃ mean=0.000499 | edge mean=0.000979
[C19] n=480 | classes=[0, 9] | acc=0.4896 | per_class={0: '1.00', 9: '0.00'}
  [Edge 1] G3 | E5 | Hier-pFedMe | Selected 10/10
  [Client 14] Round 3 | Hier-pFedMe(λ2=35.0,K=3) | loss=0.1999
  [Client 10] Round 3 | Hier-pFedMe(λ2=35.0,K=3) | loss=0.2164
  [Client 13] Round 3 | Hier-pFedMe(λ2=35.0,K=3) | loss=0.5642
  [Client 12] Round 3 | Hier-pFedMe(λ2=35.0,K=3) | loss=0.1895
  [Client 19] Round 3 | Hier-pFedMe(λ2=35.0,K=3) | loss=0.9952
  [Client 11] Round 3 | Hier-pFedMe(λ2=35.0,K=3) | loss=0.1469
  [Client 17] Round 3 | Hier-pFedMe(λ2=35.0,K=3) | loss=2.8440
  [Client 15] Round 3 | Hier-pFedMe(λ2=35.0,K=3) | loss=1.4891
  [Client 18] Round 3 | Hier-pFedMe(λ2=35.0,K=3) | loss=0.8709
  [Client 16] Round 3 | Hier-pFedMe(λ2=35.0,K=3) | loss=0.2360
  [Edge 1] G3 | E5 | loss=0.7752
[C10] eval model[0] mean=0.001253 | θ̃ mean=0.001253 | edge mean=0.000920
[C10] n=480 | classes=[8, 9] | acc=0.6979 | per_class={8: '0.65', 9: '0.74'}
[C11] eval model[0] mean=0.000560 | θ̃ mean=0.000560 | edge mean=0.000920
[C11] n=480 | classes=[0, 1] | acc=0.6813 | per_class={0: '0.82', 1: '0.53'}
[C12] eval model[0] mean=0.001390 | θ̃ mean=0.001390 | edge mean=0.000920
[C12] n=480 | classes=[1, 8] | acc=0.6917 | per_class={1: '0.56', 8: '0.82'}
[C13] eval model[0] mean=0.000837 | θ̃ mean=0.000837 | edge mean=0.000920
[C13] n=480 | classes=[0, 8] | acc=0.5292 | per_class={0: '0.96', 8: '0.08'}
[C14] eval model[0] mean=0.001074 | θ̃ mean=0.001074 | edge mean=0.000920
[C14] n=480 | classes=[0, 9] | acc=0.6375 | per_class={0: '0.92', 9: '0.35'}
[C15] eval model[0] mean=0.000817 | θ̃ mean=0.000817 | edge mean=0.000920
[C15] n=480 | classes=[0, 8] | acc=0.5125 | per_class={0: '1.00', 8: '0.00'}
[C16] eval model[0] mean=0.000764 | θ̃ mean=0.000764 | edge mean=0.000920
[C16] n=480 | classes=[1, 8] | acc=0.7500 | per_class={1: '0.69', 8: '0.81'}
[C17] eval model[0] mean=0.000618 | θ̃ mean=0.000618 | edge mean=0.000920
[C17] n=480 | classes=[1, 9] | acc=0.5271 | per_class={1: '0.92', 9: '0.13'}
[C18] eval model[0] mean=0.000692 | θ̃ mean=0.000692 | edge mean=0.000920
[C18] n=480 | classes=[1, 9] | acc=0.5708 | per_class={1: '0.40', 9: '0.75'}
[C19] eval model[0] mean=0.000917 | θ̃ mean=0.000917 | edge mean=0.000920
[C19] n=480 | classes=[0, 9] | acc=0.5375 | per_class={0: '0.97', 9: '0.12'}
[C0] eval model[0] mean=0.000256 | θ̃ mean=0.000256 | edge mean=0.000803
[C0] n=800 | classes=[3, 6] | acc=0.4913 | per_class={3: '0.00', 6: '1.00'}
[C1] eval model[0] mean=0.000608 | θ̃ mean=0.000608 | edge mean=0.000803
[C1] n=800 | classes=[3, 6] | acc=0.5663 | per_class={3: '0.19', 6: '0.97'}
[C2] eval model[0] mean=0.000610 | θ̃ mean=0.000610 | edge mean=0.000803
[C2] n=800 | classes=[2, 5] | acc=0.6188 | per_class={2: '0.84', 5: '0.40'}
[C3] eval model[0] mean=0.001178 | θ̃ mean=0.001178 | edge mean=0.000803
[C3] n=800 | classes=[5, 7] | acc=0.4913 | per_class={5: '0.00', 7: '1.00'}
[C4] eval model[0] mean=0.000793 | θ̃ mean=0.000793 | edge mean=0.000803
[C4] n=800 | classes=[2, 7] | acc=0.6637 | per_class={2: '0.68', 7: '0.65'}
[C5] eval model[0] mean=0.000259 | θ̃ mean=0.000259 | edge mean=0.000803
[C5] n=800 | classes=[2, 4] | acc=0.4763 | per_class={2: '0.00', 4: '1.00'}
[C6] eval model[0] mean=0.001587 | θ̃ mean=0.001587 | edge mean=0.000803
[C6] n=800 | classes=[6, 7] | acc=0.6375 | per_class={6: '0.42', 7: '0.85'}
[C7] eval model[0] mean=0.000591 | θ̃ mean=0.000591 | edge mean=0.000803
[C7] n=800 | classes=[3, 5] | acc=0.4763 | per_class={3: '1.00', 5: '0.00'}
[C8] eval model[0] mean=0.000789 | θ̃ mean=0.000789 | edge mean=0.000803
[C8] n=400 | classes=[4] | acc=1.0000 | per_class={4: '1.00'}
[C9] eval model[0] mean=0.000785 | θ̃ mean=0.000785 | edge mean=0.000803
[C9] n=400 | classes=[4] | acc=1.0000 | per_class={4: '1.00'}
[C10] eval model[0] mean=0.001253 | θ̃ mean=0.001253 | edge mean=0.000920
[C10] n=480 | classes=[8, 9] | acc=0.6979 | per_class={8: '0.65', 9: '0.74'}
[C11] eval model[0] mean=0.000560 | θ̃ mean=0.000560 | edge mean=0.000920
[C11] n=480 | classes=[0, 1] | acc=0.6813 | per_class={0: '0.82', 1: '0.53'}
[C12] eval model[0] mean=0.001390 | θ̃ mean=0.001390 | edge mean=0.000920
[C12] n=480 | classes=[1, 8] | acc=0.6917 | per_class={1: '0.56', 8: '0.82'}
[C13] eval model[0] mean=0.000837 | θ̃ mean=0.000837 | edge mean=0.000920
[C13] n=480 | classes=[0, 8] | acc=0.5292 | per_class={0: '0.96', 8: '0.08'}
[C14] eval model[0] mean=0.001074 | θ̃ mean=0.001074 | edge mean=0.000920
[C14] n=480 | classes=[0, 9] | acc=0.6375 | per_class={0: '0.92', 9: '0.35'}
[C15] eval model[0] mean=0.000817 | θ̃ mean=0.000817 | edge mean=0.000920
[C15] n=480 | classes=[0, 8] | acc=0.5125 | per_class={0: '1.00', 8: '0.00'}
[C16] eval model[0] mean=0.000764 | θ̃ mean=0.000764 | edge mean=0.000920
[C16] n=480 | classes=[1, 8] | acc=0.7500 | per_class={1: '0.69', 8: '0.81'}
[C17] eval model[0] mean=0.000618 | θ̃ mean=0.000618 | edge mean=0.000920
[C17] n=480 | classes=[1, 9] | acc=0.5271 | per_class={1: '0.92', 9: '0.13'}
[C18] eval model[0] mean=0.000692 | θ̃ mean=0.000692 | edge mean=0.000920
[C18] n=480 | classes=[1, 9] | acc=0.5708 | per_class={1: '0.40', 9: '0.75'}
[C19] eval model[0] mean=0.000917 | θ̃ mean=0.000917 | edge mean=0.000920
[C19] n=480 | classes=[0, 9] | acc=0.5375 | per_class={0: '0.97', 9: '0.12'}
  [Cloud] GM=0.1495 | EM=0.2572 PM=0.6068 | loss=2.2777 | time=88.0s | comm=4556.2MB (total=13669MB)

[Round   4] Broadcasting to 2 edges...
  [Edge 0] G4 | E1 | Hier-pFedMe | Selected 10/10
  [Client  6] Round 4 | Hier-pFedMe(λ2=35.0,K=3) | loss=0.4937
  [Client  5] Round 4 | Hier-pFedMe(λ2=35.0,K=3) | loss=0.3268
  [Client  7] Round 4 | Hier-pFedMe(λ2=35.0,K=3) | loss=0.6091
  [Client  2] Round 4 | Hier-pFedMe(λ2=35.0,K=3) | loss=0.3324
  [Client  1] Round 4 | Hier-pFedMe(λ2=35.0,K=3) | loss=0.2995
  [Client  0] Round 4 | Hier-pFedMe(λ2=35.0,K=3) | loss=0.6689
  [Client  8] Round 4 | Hier-pFedMe(λ2=35.0,K=3) | loss=0.0163
  [Client  4] Round 4 | Hier-pFedMe(λ2=35.0,K=3) | loss=0.1094
  [Client  9] Round 4 | Hier-pFedMe(λ2=35.0,K=3) | loss=0.0272
  [Client  3] Round 4 | Hier-pFedMe(λ2=35.0,K=3) | loss=0.6444
  [Edge 0] G4 | E1 | loss=0.3895
[C0] eval model[0] mean=0.001220 | θ̃ mean=0.001220 | edge mean=0.000858
[C0] n=800 | classes=[3, 6] | acc=0.5100 | per_class={3: '0.04', 6: '1.00'}
[C1] eval model[0] mean=0.001061 | θ̃ mean=0.001061 | edge mean=0.000858
[C1] n=800 | classes=[3, 6] | acc=0.6212 | per_class={3: '0.63', 6: '0.61'}
[C2] eval model[0] mean=0.000975 | θ̃ mean=0.000975 | edge mean=0.000858
[C2] n=800 | classes=[2, 5] | acc=0.5100 | per_class={2: '0.12', 5: '0.90'}
[C3] eval model[0] mean=0.001102 | θ̃ mean=0.001102 | edge mean=0.000858
[C3] n=800 | classes=[5, 7] | acc=0.5175 | per_class={5: '0.86', 7: '0.17'}
[C4] eval model[0] mean=0.000948 | θ̃ mean=0.000948 | edge mean=0.000858
[C4] n=800 | classes=[2, 7] | acc=0.6525 | per_class={2: '0.71', 7: '0.60'}
[C5] eval model[0] mean=0.000949 | θ̃ mean=0.000949 | edge mean=0.000858
[C5] n=800 | classes=[2, 4] | acc=0.5300 | per_class={2: '0.79', 4: '0.25'}
[C6] eval model[0] mean=0.000890 | θ̃ mean=0.000890 | edge mean=0.000858
[C6] n=800 | classes=[6, 7] | acc=0.5913 | per_class={6: '0.27', 7: '0.90'}
[C7] eval model[0] mean=0.000731 | θ̃ mean=0.000731 | edge mean=0.000858
[C7] n=800 | classes=[3, 5] | acc=0.5675 | per_class={3: '0.24', 5: '0.87'}
[C8] eval model[0] mean=0.000764 | θ̃ mean=0.000764 | edge mean=0.000858
[C8] n=400 | classes=[4] | acc=1.0000 | per_class={4: '1.00'}
[C9] eval model[0] mean=0.000852 | θ̃ mean=0.000852 | edge mean=0.000858
[C9] n=400 | classes=[4] | acc=1.0000 | per_class={4: '1.00'}
  [Edge 0] G4 | E2 | Hier-pFedMe | Selected 10/10
  [Client  6] Round 4 | Hier-pFedMe(λ2=35.0,K=3) | loss=0.8536
  [Client  4] Round 4 | Hier-pFedMe(λ2=35.0,K=3) | loss=0.7171
  [Client  2] Round 4 | Hier-pFedMe(λ2=35.0,K=3) | loss=0.8404
  [Client  1] Round 4 | Hier-pFedMe(λ2=35.0,K=3) | loss=0.3743
  [Client  3] Round 4 | Hier-pFedMe(λ2=35.0,K=3) | loss=3.4446
  [Client  5] Round 4 | Hier-pFedMe(λ2=35.0,K=3) | loss=1.1076
  [Client  9] Round 4 | Hier-pFedMe(λ2=35.0,K=3) | loss=0.0180
  [Client  0] Round 4 | Hier-pFedMe(λ2=35.0,K=3) | loss=3.3077
  [Client  8] Round 4 | Hier-pFedMe(λ2=35.0,K=3) | loss=0.0198
  [Client  7] Round 4 | Hier-pFedMe(λ2=35.0,K=3) | loss=2.0036
  [Edge 0] G4 | E2 | loss=1.4075
[C0] eval model[0] mean=0.001017 | θ̃ mean=0.001017 | edge mean=0.000922
[C0] n=800 | classes=[3, 6] | acc=0.4913 | per_class={3: '0.00', 6: '1.00'}
[C1] eval model[0] mean=0.000907 | θ̃ mean=0.000907 | edge mean=0.000922
[C1] n=800 | classes=[3, 6] | acc=0.6200 | per_class={3: '0.74', 6: '0.49'}
[C2] eval model[0] mean=0.000647 | θ̃ mean=0.000647 | edge mean=0.000922
[C2] n=800 | classes=[2, 5] | acc=0.5000 | per_class={2: '0.00', 5: '1.00'}
[C3] eval model[0] mean=0.000879 | θ̃ mean=0.000879 | edge mean=0.000922
[C3] n=800 | classes=[5, 7] | acc=0.4700 | per_class={5: '0.53', 7: '0.40'}
[C4] eval model[0] mean=0.000859 | θ̃ mean=0.000859 | edge mean=0.000922
[C4] n=800 | classes=[2, 7] | acc=0.4913 | per_class={2: '1.00', 7: '0.00'}
[C5] eval model[0] mean=0.002267 | θ̃ mean=0.002267 | edge mean=0.000922
[C5] n=800 | classes=[2, 4] | acc=0.4763 | per_class={2: '0.00', 4: '1.00'}
[C6] eval model[0] mean=0.001457 | θ̃ mean=0.001457 | edge mean=0.000922
[C6] n=800 | classes=[6, 7] | acc=0.5138 | per_class={6: '0.02', 7: '1.00'}
[C7] eval model[0] mean=0.000952 | θ̃ mean=0.000952 | edge mean=0.000922
[C7] n=800 | classes=[3, 5] | acc=0.4838 | per_class={3: '0.39', 5: '0.57'}
[C8] eval model[0] mean=0.000780 | θ̃ mean=0.000780 | edge mean=0.000922
[C8] n=400 | classes=[4] | acc=1.0000 | per_class={4: '1.00'}
[C9] eval model[0] mean=0.001069 | θ̃ mean=0.001069 | edge mean=0.000922
[C9] n=400 | classes=[4] | acc=1.0000 | per_class={4: '1.00'}
  [Edge 0] G4 | E3 | Hier-pFedMe | Selected 10/10
  [Client  8] Round 4 | Hier-pFedMe(λ2=35.0,K=3) | loss=0.0151
  [Client  2] Round 4 | Hier-pFedMe(λ2=35.0,K=3) | loss=0.2389
  [Client  6] Round 4 | Hier-pFedMe(λ2=35.0,K=3) | loss=0.4807
  [Client  3] Round 4 | Hier-pFedMe(λ2=35.0,K=3) | loss=0.6882
  [Client  7] Round 4 | Hier-pFedMe(λ2=35.0,K=3) | loss=0.4759
  [Client  1] Round 4 | Hier-pFedMe(λ2=35.0,K=3) | loss=0.2902
  [Client  9] Round 4 | Hier-pFedMe(λ2=35.0,K=3) | loss=0.0229
  [Client  0] Round 4 | Hier-pFedMe(λ2=35.0,K=3) | loss=0.2783
  [Client  5] Round 4 | Hier-pFedMe(λ2=35.0,K=3) | loss=1.2834
  [Client  4] Round 4 | Hier-pFedMe(λ2=35.0,K=3) | loss=0.2543
  [Edge 0] G4 | E3 | loss=0.4454
[C0] eval model[0] mean=0.001563 | θ̃ mean=0.001563 | edge mean=0.001022
[C0] n=800 | classes=[3, 6] | acc=0.5887 | per_class={3: '0.41', 6: '0.77'}
[C1] eval model[0] mean=0.000859 | θ̃ mean=0.000859 | edge mean=0.001022
[C1] n=800 | classes=[3, 6] | acc=0.6075 | per_class={3: '0.31', 6: '0.93'}
[C2] eval model[0] mean=0.000862 | θ̃ mean=0.000862 | edge mean=0.001022
[C2] n=800 | classes=[2, 5] | acc=0.5300 | per_class={2: '0.91', 5: '0.15'}
[C3] eval model[0] mean=0.001197 | θ̃ mean=0.001197 | edge mean=0.001022
[C3] n=800 | classes=[5, 7] | acc=0.5162 | per_class={5: '0.08', 7: '0.97'}
[C4] eval model[0] mean=0.001570 | θ̃ mean=0.001570 | edge mean=0.001022
[C4] n=800 | classes=[2, 7] | acc=0.6312 | per_class={2: '0.55', 7: '0.71'}
[C5] eval model[0] mean=0.000321 | θ̃ mean=0.000321 | edge mean=0.001022
[C5] n=800 | classes=[2, 4] | acc=0.4763 | per_class={2: '0.00', 4: '1.00'}
[C6] eval model[0] mean=0.001383 | θ̃ mean=0.001383 | edge mean=0.001022
[C6] n=800 | classes=[6, 7] | acc=0.6188 | per_class={6: '0.98', 7: '0.27'}
[C7] eval model[0] mean=0.000813 | θ̃ mean=0.000813 | edge mean=0.001022
[C7] n=800 | classes=[3, 5] | acc=0.5737 | per_class={3: '0.56', 5: '0.59'}
[C8] eval model[0] mean=0.001112 | θ̃ mean=0.001112 | edge mean=0.001022
[C8] n=400 | classes=[4] | acc=1.0000 | per_class={4: '1.00'}
[C9] eval model[0] mean=0.001066 | θ̃ mean=0.001066 | edge mean=0.001022
[C9] n=400 | classes=[4] | acc=1.0000 | per_class={4: '1.00'}
  [Edge 0] G4 | E4 | Hier-pFedMe | Selected 10/10
  [Client  4] Round 4 | Hier-pFedMe(λ2=35.0,K=3) | loss=0.1611
  [Client  7] Round 4 | Hier-pFedMe(λ2=35.0,K=3) | loss=1.3979
  [Client  2] Round 4 | Hier-pFedMe(λ2=35.0,K=3) | loss=0.4023
  [Client  9] Round 4 | Hier-pFedMe(λ2=35.0,K=3) | loss=0.0089
  [Client  6] Round 4 | Hier-pFedMe(λ2=35.0,K=3) | loss=2.5132
  [Client  0] Round 4 | Hier-pFedMe(λ2=35.0,K=3) | loss=2.4898
  [Client  1] Round 4 | Hier-pFedMe(λ2=35.0,K=3) | loss=0.2721
  [Client  3] Round 4 | Hier-pFedMe(λ2=35.0,K=3) | loss=1.5096
  [Client  8] Round 4 | Hier-pFedMe(λ2=35.0,K=3) | loss=0.0129
  [Client  5] Round 4 | Hier-pFedMe(λ2=35.0,K=3) | loss=0.8508
  [Edge 0] G4 | E4 | loss=1.0675
[C0] eval model[0] mean=0.001216 | θ̃ mean=0.001216 | edge mean=0.001034
[C0] n=800 | classes=[3, 6] | acc=0.5887 | per_class={3: '0.92', 6: '0.24'}
[C1] eval model[0] mean=0.000821 | θ̃ mean=0.000821 | edge mean=0.001034
[C1] n=800 | classes=[3, 6] | acc=0.6275 | per_class={3: '0.35', 6: '0.93'}
[C2] eval model[0] mean=0.000798 | θ̃ mean=0.000798 | edge mean=0.001034
[C2] n=800 | classes=[2, 5] | acc=0.6212 | per_class={2: '0.63', 5: '0.61'}
[C3] eval model[0] mean=0.000983 | θ̃ mean=0.000983 | edge mean=0.001034
[C3] n=800 | classes=[5, 7] | acc=0.4913 | per_class={5: '0.00', 7: '1.00'}
[C4] eval model[0] mean=0.001371 | θ̃ mean=0.001371 | edge mean=0.001034
[C4] n=800 | classes=[2, 7] | acc=0.5513 | per_class={2: '0.98', 7: '0.14'}
[C5] eval model[0] mean=0.001648 | θ̃ mean=0.001648 | edge mean=0.001034
[C5] n=800 | classes=[2, 4] | acc=0.4888 | per_class={2: '0.69', 4: '0.27'}
[C6] eval model[0] mean=0.002016 | θ̃ mean=0.002016 | edge mean=0.001034
[C6] n=800 | classes=[6, 7] | acc=0.7163 | per_class={6: '0.76', 7: '0.67'}
[C7] eval model[0] mean=0.001087 | θ̃ mean=0.001087 | edge mean=0.001034
[C7] n=800 | classes=[3, 5] | acc=0.5238 | per_class={3: '0.55', 5: '0.50'}
[C8] eval model[0] mean=0.000968 | θ̃ mean=0.000968 | edge mean=0.001034
[C8] n=400 | classes=[4] | acc=1.0000 | per_class={4: '1.00'}
[C9] eval model[0] mean=0.001185 | θ̃ mean=0.001185 | edge mean=0.001034
[C9] n=400 | classes=[4] | acc=1.0000 | per_class={4: '1.00'}
  [Edge 0] G4 | E5 | Hier-pFedMe | Selected 10/10
  [Client  2] Round 4 | Hier-pFedMe(λ2=35.0,K=3) | loss=0.2324
  [Client  1] Round 4 | Hier-pFedMe(λ2=35.0,K=3) | loss=0.2369
  [Client  8] Round 4 | Hier-pFedMe(λ2=35.0,K=3) | loss=0.0122
  [Client  4] Round 4 | Hier-pFedMe(λ2=35.0,K=3) | loss=0.1270
  [Client  5] Round 4 | Hier-pFedMe(λ2=35.0,K=3) | loss=0.8079
  [Client  9] Round 4 | Hier-pFedMe(λ2=35.0,K=3) | loss=0.0208
  [Client  0] Round 4 | Hier-pFedMe(λ2=35.0,K=3) | loss=0.4737
  [Client  3] Round 4 | Hier-pFedMe(λ2=35.0,K=3) | loss=0.3159
  [Client  7] Round 4 | Hier-pFedMe(λ2=35.0,K=3) | loss=0.4852
  [Client  6] Round 4 | Hier-pFedMe(λ2=35.0,K=3) | loss=0.3287
  [Edge 0] G4 | E5 | loss=0.3360
[C0] eval model[0] mean=0.001182 | θ̃ mean=0.001182 | edge mean=0.001147
[C0] n=800 | classes=[3, 6] | acc=0.6625 | per_class={3: '0.51', 6: '0.82'}
[C1] eval model[0] mean=0.000928 | θ̃ mean=0.000928 | edge mean=0.001147
[C1] n=800 | classes=[3, 6] | acc=0.6725 | per_class={3: '0.71', 6: '0.64'}
[C2] eval model[0] mean=0.000922 | θ̃ mean=0.000922 | edge mean=0.001147
[C2] n=800 | classes=[2, 5] | acc=0.6212 | per_class={2: '0.48', 5: '0.77'}
[C3] eval model[0] mean=0.001393 | θ̃ mean=0.001393 | edge mean=0.001147
[C3] n=800 | classes=[5, 7] | acc=0.5925 | per_class={5: '0.64', 7: '0.55'}
[C4] eval model[0] mean=0.000959 | θ̃ mean=0.000959 | edge mean=0.001147
[C4] n=800 | classes=[2, 7] | acc=0.6787 | per_class={2: '0.59', 7: '0.77'}
[C5] eval model[0] mean=0.001379 | θ̃ mean=0.001379 | edge mean=0.001147
[C5] n=800 | classes=[2, 4] | acc=0.5175 | per_class={2: '0.17', 4: '0.90'}
[C6] eval model[0] mean=0.001598 | θ̃ mean=0.001598 | edge mean=0.001147
[C6] n=800 | classes=[6, 7] | acc=0.7113 | per_class={6: '0.58', 7: '0.84'}
[C7] eval model[0] mean=0.001153 | θ̃ mean=0.001153 | edge mean=0.001147
[C7] n=800 | classes=[3, 5] | acc=0.5700 | per_class={3: '0.20', 5: '0.91'}
[C8] eval model[0] mean=0.001036 | θ̃ mean=0.001036 | edge mean=0.001147
[C8] n=400 | classes=[4] | acc=1.0000 | per_class={4: '1.00'}
[C9] eval model[0] mean=0.000881 | θ̃ mean=0.000881 | edge mean=0.001147
[C9] n=400 | classes=[4] | acc=1.0000 | per_class={4: '1.00'}
  [Edge 1] G4 | E1 | Hier-pFedMe | Selected 10/10
  [Client 10] Round 4 | Hier-pFedMe(λ2=35.0,K=3) | loss=0.3089
  [Client 14] Round 4 | Hier-pFedMe(λ2=35.0,K=3) | loss=0.6512
  [Client 17] Round 4 | Hier-pFedMe(λ2=35.0,K=3) | loss=0.6851
  [Client 13] Round 4 | Hier-pFedMe(λ2=35.0,K=3) | loss=2.5442
  [Client 12] Round 4 | Hier-pFedMe(λ2=35.0,K=3) | loss=0.3212
  [Client 11] Round 4 | Hier-pFedMe(λ2=35.0,K=3) | loss=0.7669
  [Client 18] Round 4 | Hier-pFedMe(λ2=35.0,K=3) | loss=0.4228
  [Client 19] Round 4 | Hier-pFedMe(λ2=35.0,K=3) | loss=0.4515
  [Client 16] Round 4 | Hier-pFedMe(λ2=35.0,K=3) | loss=0.3258
  [Client 15] Round 4 | Hier-pFedMe(λ2=35.0,K=3) | loss=0.3717
  [Edge 1] G4 | E1 | loss=0.6849
[C10] eval model[0] mean=0.000823 | θ̃ mean=0.000823 | edge mean=0.000858
[C10] n=480 | classes=[8, 9] | acc=0.6375 | per_class={8: '0.95', 9: '0.34'}
[C11] eval model[0] mean=0.001380 | θ̃ mean=0.001380 | edge mean=0.000858
[C11] n=480 | classes=[0, 1] | acc=0.5875 | per_class={0: '0.26', 1: '0.93'}
[C12] eval model[0] mean=0.000903 | θ̃ mean=0.000903 | edge mean=0.000858
[C12] n=480 | classes=[1, 8] | acc=0.6521 | per_class={1: '0.40', 8: '0.89'}
[C13] eval model[0] mean=0.001148 | θ̃ mean=0.001148 | edge mean=0.000858
[C13] n=480 | classes=[0, 8] | acc=0.5271 | per_class={0: '0.14', 8: '0.94'}
[C14] eval model[0] mean=0.001017 | θ̃ mean=0.001017 | edge mean=0.000858
[C14] n=480 | classes=[0, 9] | acc=0.5667 | per_class={0: '0.97', 9: '0.15'}
[C15] eval model[0] mean=0.001112 | θ̃ mean=0.001112 | edge mean=0.000858
[C15] n=480 | classes=[0, 8] | acc=0.5479 | per_class={0: '0.26', 8: '0.85'}
[C16] eval model[0] mean=0.001230 | θ̃ mean=0.001230 | edge mean=0.000858
[C16] n=480 | classes=[1, 8] | acc=0.5104 | per_class={1: '0.01', 8: '1.00'}
[C17] eval model[0] mean=0.000551 | θ̃ mean=0.000551 | edge mean=0.000858
[C17] n=480 | classes=[1, 9] | acc=0.5042 | per_class={1: '0.99', 9: '0.01'}
[C18] eval model[0] mean=0.001241 | θ̃ mean=0.001241 | edge mean=0.000858
[C18] n=480 | classes=[1, 9] | acc=0.6292 | per_class={1: '0.76', 9: '0.50'}
[C19] eval model[0] mean=0.001487 | θ̃ mean=0.001487 | edge mean=0.000858
[C19] n=480 | classes=[0, 9] | acc=0.5208 | per_class={0: '0.98', 9: '0.08'}
  [Edge 1] G4 | E2 | Hier-pFedMe | Selected 10/10
  [Client 11] Round 4 | Hier-pFedMe(λ2=35.0,K=3) | loss=0.2898
  [Client 10] Round 4 | Hier-pFedMe(λ2=35.0,K=3) | loss=0.1351
  [Client 17] Round 4 | Hier-pFedMe(λ2=35.0,K=3) | loss=4.6575
  [Client 16] Round 4 | Hier-pFedMe(λ2=35.0,K=3) | loss=0.3282
  [Client 19] Round 4 | Hier-pFedMe(λ2=35.0,K=3) | loss=0.2565
  [Client 15] Round 4 | Hier-pFedMe(λ2=35.0,K=3) | loss=1.9882
  [Client 12] Round 4 | Hier-pFedMe(λ2=35.0,K=3) | loss=0.1791
  [Client 14] Round 4 | Hier-pFedMe(λ2=35.0,K=3) | loss=0.3236
  [Client 18] Round 4 | Hier-pFedMe(λ2=35.0,K=3) | loss=1.7910
  [Client 13] Round 4 | Hier-pFedMe(λ2=35.0,K=3) | loss=0.3461
  [Edge 1] G4 | E2 | loss=1.0295
[C10] eval model[0] mean=0.001358 | θ̃ mean=0.001358 | edge mean=0.001020
[C10] n=480 | classes=[8, 9] | acc=0.7292 | per_class={8: '0.80', 9: '0.66'}
[C11] eval model[0] mean=0.000815 | θ̃ mean=0.000815 | edge mean=0.001020
[C11] n=480 | classes=[0, 1] | acc=0.7229 | per_class={0: '0.57', 1: '0.89'}
[C12] eval model[0] mean=0.001198 | θ̃ mean=0.001198 | edge mean=0.001020
[C12] n=480 | classes=[1, 8] | acc=0.6958 | per_class={1: '0.48', 8: '0.90'}
[C13] eval model[0] mean=0.000914 | θ̃ mean=0.000914 | edge mean=0.001020
[C13] n=480 | classes=[0, 8] | acc=0.5125 | per_class={0: '1.00', 8: '0.00'}
[C14] eval model[0] mean=0.000741 | θ̃ mean=0.000741 | edge mean=0.001020
[C14] n=480 | classes=[0, 9] | acc=0.7354 | per_class={0: '0.58', 9: '0.89'}
[C15] eval model[0] mean=0.000239 | θ̃ mean=0.000239 | edge mean=0.001020
[C15] n=480 | classes=[0, 8] | acc=0.4854 | per_class={0: '0.00', 8: '1.00'}
[C16] eval model[0] mean=0.000763 | θ̃ mean=0.000763 | edge mean=0.001020
[C16] n=480 | classes=[1, 8] | acc=0.7479 | per_class={1: '0.68', 8: '0.81'}
[C17] eval model[0] mean=0.000344 | θ̃ mean=0.000344 | edge mean=0.001020
[C17] n=480 | classes=[1, 9] | acc=0.3583 | per_class={1: '0.02', 9: '0.71'}
[C18] eval model[0] mean=0.001605 | θ̃ mean=0.001605 | edge mean=0.001020
[C18] n=480 | classes=[1, 9] | acc=0.5083 | per_class={1: '1.00', 9: '0.00'}
[C19] eval model[0] mean=0.001251 | θ̃ mean=0.001251 | edge mean=0.001020
[C19] n=480 | classes=[0, 9] | acc=0.7375 | per_class={0: '0.54', 9: '0.92'}
  [Edge 1] G4 | E3 | Hier-pFedMe | Selected 10/10
  [Client 12] Round 4 | Hier-pFedMe(λ2=35.0,K=3) | loss=0.2074
  [Client 18] Round 4 | Hier-pFedMe(λ2=35.0,K=3) | loss=0.8923
  [Client 10] Round 4 | Hier-pFedMe(λ2=35.0,K=3) | loss=0.5189
  [Client 14] Round 4 | Hier-pFedMe(λ2=35.0,K=3) | loss=0.4835
  [Client 16] Round 4 | Hier-pFedMe(λ2=35.0,K=3) | loss=0.1649
  [Client 17] Round 4 | Hier-pFedMe(λ2=35.0,K=3) | loss=0.5376
  [Client 19] Round 4 | Hier-pFedMe(λ2=35.0,K=3) | loss=0.4224
  [Client 11] Round 4 | Hier-pFedMe(λ2=35.0,K=3) | loss=0.0940
  [Client 15] Round 4 | Hier-pFedMe(λ2=35.0,K=3) | loss=0.5128
  [Client 13] Round 4 | Hier-pFedMe(λ2=35.0,K=3) | loss=2.2729
  [Edge 1] G4 | E3 | loss=0.6107
[C10] eval model[0] mean=0.000683 | θ̃ mean=0.000683 | edge mean=0.000918
[C10] n=480 | classes=[8, 9] | acc=0.7896 | per_class={8: '0.84', 9: '0.74'}
[C11] eval model[0] mean=0.001112 | θ̃ mean=0.001112 | edge mean=0.000918
[C11] n=480 | classes=[0, 1] | acc=0.6875 | per_class={0: '0.84', 1: '0.53'}
[C12] eval model[0] mean=0.000659 | θ̃ mean=0.000659 | edge mean=0.000918
[C12] n=480 | classes=[1, 8] | acc=0.7521 | per_class={1: '0.66', 8: '0.84'}
[C13] eval model[0] mean=0.000543 | θ̃ mean=0.000543 | edge mean=0.000918
[C13] n=480 | classes=[0, 8] | acc=0.5125 | per_class={0: '1.00', 8: '0.00'}
[C14] eval model[0] mean=0.001243 | θ̃ mean=0.001243 | edge mean=0.000918
[C14] n=480 | classes=[0, 9] | acc=0.5917 | per_class={0: '0.20', 9: '1.00'}
[C15] eval model[0] mean=0.000985 | θ̃ mean=0.000985 | edge mean=0.000918
[C15] n=480 | classes=[0, 8] | acc=0.5750 | per_class={0: '0.60', 8: '0.55'}
[C16] eval model[0] mean=0.001204 | θ̃ mean=0.001204 | edge mean=0.000918
[C16] n=480 | classes=[1, 8] | acc=0.6750 | per_class={1: '0.57', 8: '0.77'}
[C17] eval model[0] mean=0.000682 | θ̃ mean=0.000682 | edge mean=0.000918
[C17] n=480 | classes=[1, 9] | acc=0.5917 | per_class={1: '0.53', 9: '0.66'}
[C18] eval model[0] mean=0.000963 | θ̃ mean=0.000963 | edge mean=0.000918
[C18] n=480 | classes=[1, 9] | acc=0.5771 | per_class={1: '0.54', 9: '0.62'}
[C19] eval model[0] mean=0.000911 | θ̃ mean=0.000911 | edge mean=0.000918
[C19] n=480 | classes=[0, 9] | acc=0.7458 | per_class={0: '0.53', 9: '0.96'}
  [Edge 1] G4 | E4 | Hier-pFedMe | Selected 10/10
  [Client 19] Round 4 | Hier-pFedMe(λ2=35.0,K=3) | loss=0.0883
  [Client 14] Round 4 | Hier-pFedMe(λ2=35.0,K=3) | loss=0.2622
  [Client 17] Round 4 | Hier-pFedMe(λ2=35.0,K=3) | loss=5.4938
  [Client 10] Round 4 | Hier-pFedMe(λ2=35.0,K=3) | loss=0.0838
  [Client 18] Round 4 | Hier-pFedMe(λ2=35.0,K=3) | loss=2.2855
  [Client 16] Round 4 | Hier-pFedMe(λ2=35.0,K=3) | loss=0.3922
  [Client 13] Round 4 | Hier-pFedMe(λ2=35.0,K=3) | loss=0.3919
  [Client 11] Round 4 | Hier-pFedMe(λ2=35.0,K=3) | loss=0.1575
  [Client 15] Round 4 | Hier-pFedMe(λ2=35.0,K=3) | loss=3.7176
  [Client 12] Round 4 | Hier-pFedMe(λ2=35.0,K=3) | loss=0.2417
  [Edge 1] G4 | E4 | loss=1.3114
[C10] eval model[0] mean=0.001049 | θ̃ mean=0.001049 | edge mean=0.000916
[C10] n=480 | classes=[8, 9] | acc=0.6917 | per_class={8: '0.91', 9: '0.48'}
[C11] eval model[0] mean=0.000838 | θ̃ mean=0.000838 | edge mean=0.000916
[C11] n=480 | classes=[0, 1] | acc=0.6875 | per_class={0: '0.87', 1: '0.50'}
[C12] eval model[0] mean=0.001488 | θ̃ mean=0.001488 | edge mean=0.000916
[C12] n=480 | classes=[1, 8] | acc=0.6937 | per_class={1: '0.47', 8: '0.91'}
[C13] eval model[0] mean=0.000827 | θ̃ mean=0.000827 | edge mean=0.000916
[C13] n=480 | classes=[0, 8] | acc=0.5417 | per_class={0: '0.81', 8: '0.26'}
[C14] eval model[0] mean=0.000943 | θ̃ mean=0.000943 | edge mean=0.000916
[C14] n=480 | classes=[0, 9] | acc=0.7646 | per_class={0: '0.86', 9: '0.66'}
[C15] eval model[0] mean=0.001376 | θ̃ mean=0.001376 | edge mean=0.000916
[C15] n=480 | classes=[0, 8] | acc=0.5583 | per_class={0: '0.62', 8: '0.50'}
[C16] eval model[0] mean=0.000791 | θ̃ mean=0.000791 | edge mean=0.000916
[C16] n=480 | classes=[1, 8] | acc=0.7167 | per_class={1: '0.64', 8: '0.79'}
[C17] eval model[0] mean=0.000303 | θ̃ mean=0.000303 | edge mean=0.000916
[C17] n=480 | classes=[1, 9] | acc=0.4938 | per_class={1: '0.02', 9: '0.98'}
[C18] eval model[0] mean=0.001534 | θ̃ mean=0.001534 | edge mean=0.000916
[C18] n=480 | classes=[1, 9] | acc=0.4875 | per_class={1: '0.00', 9: '0.99'}
[C19] eval model[0] mean=0.001172 | θ̃ mean=0.001172 | edge mean=0.000916
[C19] n=480 | classes=[0, 9] | acc=0.7708 | per_class={0: '0.83', 9: '0.71'}
  [Edge 1] G4 | E5 | Hier-pFedMe | Selected 10/10
  [Client 10] Round 4 | Hier-pFedMe(λ2=35.0,K=3) | loss=0.1932
  [Client 11] Round 4 | Hier-pFedMe(λ2=35.0,K=3) | loss=0.3517
  [Client 17] Round 4 | Hier-pFedMe(λ2=35.0,K=3) | loss=0.5030
  [Client 14] Round 4 | Hier-pFedMe(λ2=35.0,K=3) | loss=0.3124
  [Client 15] Round 4 | Hier-pFedMe(λ2=35.0,K=3) | loss=0.6600
  [Client 13] Round 4 | Hier-pFedMe(λ2=35.0,K=3) | loss=3.1228
  [Client 18] Round 4 | Hier-pFedMe(λ2=35.0,K=3) | loss=0.3980
  [Client 19] Round 4 | Hier-pFedMe(λ2=35.0,K=3) | loss=0.3283
  [Client 16] Round 4 | Hier-pFedMe(λ2=35.0,K=3) | loss=0.3676
  [Client 12] Round 4 | Hier-pFedMe(λ2=35.0,K=3) | loss=0.2794
  [Edge 1] G4 | E5 | loss=0.6517
[C10] eval model[0] mean=0.001064 | θ̃ mean=0.001064 | edge mean=0.001001
[C10] n=480 | classes=[8, 9] | acc=0.6917 | per_class={8: '0.92', 9: '0.47'}
[C11] eval model[0] mean=0.001196 | θ̃ mean=0.001196 | edge mean=0.001001
[C11] n=480 | classes=[0, 1] | acc=0.7604 | per_class={0: '0.72', 1: '0.80'}
[C12] eval model[0] mean=0.000927 | θ̃ mean=0.000927 | edge mean=0.001001
[C12] n=480 | classes=[1, 8] | acc=0.7229 | per_class={1: '0.59', 8: '0.85'}
[C13] eval model[0] mean=0.001214 | θ̃ mean=0.001214 | edge mean=0.001001
[C13] n=480 | classes=[0, 8] | acc=0.4958 | per_class={0: '0.17', 8: '0.84'}
[C14] eval model[0] mean=0.000765 | θ̃ mean=0.000765 | edge mean=0.001001
[C14] n=480 | classes=[0, 9] | acc=0.7188 | per_class={0: '0.93', 9: '0.50'}
[C15] eval model[0] mean=0.001052 | θ̃ mean=0.001052 | edge mean=0.001001
[C15] n=480 | classes=[0, 8] | acc=0.5146 | per_class={0: '0.09', 8: '0.96'}
[C16] eval model[0] mean=0.001289 | θ̃ mean=0.001289 | edge mean=0.001001
[C16] n=480 | classes=[1, 8] | acc=0.7792 | per_class={1: '0.93', 8: '0.63'}
[C17] eval model[0] mean=0.000503 | θ̃ mean=0.000503 | edge mean=0.001001
[C17] n=480 | classes=[1, 9] | acc=0.5021 | per_class={1: '0.95', 9: '0.05'}
[C18] eval model[0] mean=0.001191 | θ̃ mean=0.001191 | edge mean=0.001001
[C18] n=480 | classes=[1, 9] | acc=0.5188 | per_class={1: '0.32', 9: '0.72'}
[C19] eval model[0] mean=0.000679 | θ̃ mean=0.000679 | edge mean=0.001001
[C19] n=480 | classes=[0, 9] | acc=0.6729 | per_class={0: '0.91', 9: '0.45'}
[C0] eval model[0] mean=0.001182 | θ̃ mean=0.001182 | edge mean=0.001147
[C0] n=800 | classes=[3, 6] | acc=0.6625 | per_class={3: '0.51', 6: '0.82'}
[C1] eval model[0] mean=0.000928 | θ̃ mean=0.000928 | edge mean=0.001147
[C1] n=800 | classes=[3, 6] | acc=0.6725 | per_class={3: '0.71', 6: '0.64'}
[C2] eval model[0] mean=0.000922 | θ̃ mean=0.000922 | edge mean=0.001147
[C2] n=800 | classes=[2, 5] | acc=0.6212 | per_class={2: '0.48', 5: '0.77'}
[C3] eval model[0] mean=0.001393 | θ̃ mean=0.001393 | edge mean=0.001147
[C3] n=800 | classes=[5, 7] | acc=0.5925 | per_class={5: '0.64', 7: '0.55'}
[C4] eval model[0] mean=0.000959 | θ̃ mean=0.000959 | edge mean=0.001147
[C4] n=800 | classes=[2, 7] | acc=0.6787 | per_class={2: '0.59', 7: '0.77'}
[C5] eval model[0] mean=0.001379 | θ̃ mean=0.001379 | edge mean=0.001147
[C5] n=800 | classes=[2, 4] | acc=0.5175 | per_class={2: '0.17', 4: '0.90'}
[C6] eval model[0] mean=0.001598 | θ̃ mean=0.001598 | edge mean=0.001147
[C6] n=800 | classes=[6, 7] | acc=0.7113 | per_class={6: '0.58', 7: '0.84'}
[C7] eval model[0] mean=0.001153 | θ̃ mean=0.001153 | edge mean=0.001147
[C7] n=800 | classes=[3, 5] | acc=0.5700 | per_class={3: '0.20', 5: '0.91'}
[C8] eval model[0] mean=0.001036 | θ̃ mean=0.001036 | edge mean=0.001147
[C8] n=400 | classes=[4] | acc=1.0000 | per_class={4: '1.00'}
[C9] eval model[0] mean=0.000881 | θ̃ mean=0.000881 | edge mean=0.001147
[C9] n=400 | classes=[4] | acc=1.0000 | per_class={4: '1.00'}
[C10] eval model[0] mean=0.001064 | θ̃ mean=0.001064 | edge mean=0.001001
[C10] n=480 | classes=[8, 9] | acc=0.6917 | per_class={8: '0.92', 9: '0.47'}
[C11] eval model[0] mean=0.001196 | θ̃ mean=0.001196 | edge mean=0.001001
[C11] n=480 | classes=[0, 1] | acc=0.7604 | per_class={0: '0.72', 1: '0.80'}
[C12] eval model[0] mean=0.000927 | θ̃ mean=0.000927 | edge mean=0.001001
[C12] n=480 | classes=[1, 8] | acc=0.7229 | per_class={1: '0.59', 8: '0.85'}
[C13] eval model[0] mean=0.001214 | θ̃ mean=0.001214 | edge mean=0.001001
[C13] n=480 | classes=[0, 8] | acc=0.4958 | per_class={0: '0.17', 8: '0.84'}
[C14] eval model[0] mean=0.000765 | θ̃ mean=0.000765 | edge mean=0.001001
[C14] n=480 | classes=[0, 9] | acc=0.7188 | per_class={0: '0.93', 9: '0.50'}
[C15] eval model[0] mean=0.001052 | θ̃ mean=0.001052 | edge mean=0.001001
[C15] n=480 | classes=[0, 8] | acc=0.5146 | per_class={0: '0.09', 8: '0.96'}
[C16] eval model[0] mean=0.001289 | θ̃ mean=0.001289 | edge mean=0.001001
[C16] n=480 | classes=[1, 8] | acc=0.7792 | per_class={1: '0.93', 8: '0.63'}
[C17] eval model[0] mean=0.000503 | θ̃ mean=0.000503 | edge mean=0.001001
[C17] n=480 | classes=[1, 9] | acc=0.5021 | per_class={1: '0.95', 9: '0.05'}
[C18] eval model[0] mean=0.001191 | θ̃ mean=0.001191 | edge mean=0.001001
[C18] n=480 | classes=[1, 9] | acc=0.5188 | per_class={1: '0.32', 9: '0.72'}
[C19] eval model[0] mean=0.000679 | θ̃ mean=0.000679 | edge mean=0.001001
[C19] n=480 | classes=[0, 9] | acc=0.6729 | per_class={0: '0.91', 9: '0.45'}
  [Cloud] GM=0.1756 | EM=0.3180 PM=0.6568 | loss=2.2253 | time=88.1s | comm=4556.2MB (total=18225MB)

[Round   5] Broadcasting to 2 edges...
  [Edge 0] G5 | E1 | Hier-pFedMe | Selected 10/10
  [Client  2] Round 5 | Hier-pFedMe(λ2=35.0,K=3) | loss=0.2738
  [Client  0] Round 5 | Hier-pFedMe(λ2=35.0,K=3) | loss=3.3663
  [Client  1] Round 5 | Hier-pFedMe(λ2=35.0,K=3) | loss=0.1775  [Client  8] Round 5 | Hier-pFedMe(λ2=35.0,K=3) | loss=0.0200

  [Client  7] Round 5 | Hier-pFedMe(λ2=35.0,K=3) | loss=0.1652
  [Client  6] Round 5 | Hier-pFedMe(λ2=35.0,K=3) | loss=1.4043
  [Client  9] Round 5 | Hier-pFedMe(λ2=35.0,K=3) | loss=0.0162
  [Client  4] Round 5 | Hier-pFedMe(λ2=35.0,K=3) | loss=0.2883
  [Client  3] Round 5 | Hier-pFedMe(λ2=35.0,K=3) | loss=1.7044
  [Client  5] Round 5 | Hier-pFedMe(λ2=35.0,K=3) | loss=1.0070
  [Edge 0] G5 | E1 | loss=0.9339
[C0] eval model[0] mean=0.000716 | θ̃ mean=0.000716 | edge mean=0.001045
[C0] n=800 | classes=[3, 6] | acc=0.5663 | per_class={3: '0.26', 6: '0.89'}
[C1] eval model[0] mean=0.001007 | θ̃ mean=0.001007 | edge mean=0.001045
[C1] n=800 | classes=[3, 6] | acc=0.6112 | per_class={3: '0.34', 6: '0.90'}
[C2] eval model[0] mean=0.001123 | θ̃ mean=0.001123 | edge mean=0.001045
[C2] n=800 | classes=[2, 5] | acc=0.5025 | per_class={2: '0.95', 5: '0.05'}
[C3] eval model[0] mean=0.000946 | θ̃ mean=0.000946 | edge mean=0.001045
[C3] n=800 | classes=[5, 7] | acc=0.5100 | per_class={5: '0.74', 7: '0.27'}
[C4] eval model[0] mean=0.001296 | θ̃ mean=0.001296 | edge mean=0.001045
[C4] n=800 | classes=[2, 7] | acc=0.6462 | per_class={2: '0.44', 7: '0.84'}
[C5] eval model[0] mean=0.000971 | θ̃ mean=0.000971 | edge mean=0.001045
[C5] n=800 | classes=[2, 4] | acc=0.4763 | per_class={2: '0.00', 4: '1.00'}
[C6] eval model[0] mean=0.000537 | θ̃ mean=0.000537 | edge mean=0.001045
[C6] n=800 | classes=[6, 7] | acc=0.4925 | per_class={6: '1.00', 7: '0.00'}
[C7] eval model[0] mean=0.000898 | θ̃ mean=0.000898 | edge mean=0.001045
[C7] n=800 | classes=[3, 5] | acc=0.4763 | per_class={3: '1.00', 5: '0.00'}
[C8] eval model[0] mean=0.001224 | θ̃ mean=0.001224 | edge mean=0.001045
[C8] n=400 | classes=[4] | acc=1.0000 | per_class={4: '1.00'}
[C9] eval model[0] mean=0.000980 | θ̃ mean=0.000980 | edge mean=0.001045
[C9] n=400 | classes=[4] | acc=1.0000 | per_class={4: '1.00'}
  [Edge 0] G5 | E2 | Hier-pFedMe | Selected 10/10
  [Client  1] Round 5 | Hier-pFedMe(λ2=35.0,K=3) | loss=0.1659
  [Client  9] Round 5 | Hier-pFedMe(λ2=35.0,K=3) | loss=0.0123  [Client  5] Round 5 | Hier-pFedMe(λ2=35.0,K=3) | loss=1.3234

  [Client  7] Round 5 | Hier-pFedMe(λ2=35.0,K=3) | loss=0.3354
  [Client  3] Round 5 | Hier-pFedMe(λ2=35.0,K=3) | loss=0.5384
  [Client  0] Round 5 | Hier-pFedMe(λ2=35.0,K=3) | loss=0.4241
  [Client  2] Round 5 | Hier-pFedMe(λ2=35.0,K=3) | loss=0.2127
  [Client  8] Round 5 | Hier-pFedMe(λ2=35.0,K=3) | loss=0.0153
  [Client  4] Round 5 | Hier-pFedMe(λ2=35.0,K=3) | loss=0.1861
  [Client  6] Round 5 | Hier-pFedMe(λ2=35.0,K=3) | loss=1.0583
  [Edge 0] G5 | E2 | loss=0.4731
[C0] eval model[0] mean=0.001229 | θ̃ mean=0.001229 | edge mean=0.000992
[C0] n=800 | classes=[3, 6] | acc=0.6450 | per_class={3: '0.56', 6: '0.73'}
[C1] eval model[0] mean=0.000800 | θ̃ mean=0.000800 | edge mean=0.000992
[C1] n=800 | classes=[3, 6] | acc=0.5400 | per_class={3: '0.66', 6: '0.41'}
[C2] eval model[0] mean=0.001411 | θ̃ mean=0.001411 | edge mean=0.000992
[C2] n=800 | classes=[2, 5] | acc=0.5675 | per_class={2: '0.94', 5: '0.20'}
[C3] eval model[0] mean=0.000924 | θ̃ mean=0.000924 | edge mean=0.000992
[C3] n=800 | classes=[5, 7] | acc=0.5813 | per_class={5: '0.60', 7: '0.56'}
[C4] eval model[0] mean=0.000920 | θ̃ mean=0.000920 | edge mean=0.000992
[C4] n=800 | classes=[2, 7] | acc=0.6600 | per_class={2: '0.68', 7: '0.64'}
[C5] eval model[0] mean=0.000669 | θ̃ mean=0.000669 | edge mean=0.000992
[C5] n=800 | classes=[2, 4] | acc=0.4763 | per_class={2: '0.00', 4: '1.00'}
[C6] eval model[0] mean=0.001316 | θ̃ mean=0.001316 | edge mean=0.000992
[C6] n=800 | classes=[6, 7] | acc=0.7525 | per_class={6: '0.67', 7: '0.83'}
[C7] eval model[0] mean=0.001504 | θ̃ mean=0.001504 | edge mean=0.000992
[C7] n=800 | classes=[3, 5] | acc=0.5375 | per_class={3: '0.66', 5: '0.42'}
[C8] eval model[0] mean=0.000663 | θ̃ mean=0.000663 | edge mean=0.000992
[C8] n=400 | classes=[4] | acc=1.0000 | per_class={4: '1.00'}
[C9] eval model[0] mean=0.000925 | θ̃ mean=0.000925 | edge mean=0.000992
[C9] n=400 | classes=[4] | acc=1.0000 | per_class={4: '1.00'}
  [Edge 0] G5 | E3 | Hier-pFedMe | Selected 10/10
  [Client  0] Round 5 | Hier-pFedMe(λ2=35.0,K=3) | loss=2.6227
  [Client  7] Round 5 | Hier-pFedMe(λ2=35.0,K=3) | loss=0.5858
  [Client  9] Round 5 | Hier-pFedMe(λ2=35.0,K=3) | loss=0.0103
  [Client  8] Round 5 | Hier-pFedMe(λ2=35.0,K=3) | loss=0.0218
  [Client  4] Round 5 | Hier-pFedMe(λ2=35.0,K=3) | loss=0.1939
  [Client  5] Round 5 | Hier-pFedMe(λ2=35.0,K=3) | loss=0.1924
  [Client  6] Round 5 | Hier-pFedMe(λ2=35.0,K=3) | loss=0.1657
  [Client  1] Round 5 | Hier-pFedMe(λ2=35.0,K=3) | loss=0.3792
  [Client  3] Round 5 | Hier-pFedMe(λ2=35.0,K=3) | loss=1.1259
  [Client  2] Round 5 | Hier-pFedMe(λ2=35.0,K=3) | loss=0.2032
  [Edge 0] G5 | E3 | loss=0.6094
[C0] eval model[0] mean=0.001538 | θ̃ mean=0.001538 | edge mean=0.001034
[C0] n=800 | classes=[3, 6] | acc=0.5088 | per_class={3: '1.00', 6: '0.00'}
[C1] eval model[0] mean=0.001404 | θ̃ mean=0.001404 | edge mean=0.001034
[C1] n=800 | classes=[3, 6] | acc=0.6038 | per_class={3: '0.32', 6: '0.91'}
[C2] eval model[0] mean=0.001235 | θ̃ mean=0.001235 | edge mean=0.001034
[C2] n=800 | classes=[2, 5] | acc=0.6150 | per_class={2: '0.64', 5: '0.59'}
[C3] eval model[0] mean=0.001011 | θ̃ mean=0.001011 | edge mean=0.001034
[C3] n=800 | classes=[5, 7] | acc=0.4913 | per_class={5: '0.00', 7: '1.00'}
[C4] eval model[0] mean=0.001255 | θ̃ mean=0.001255 | edge mean=0.001034
[C4] n=800 | classes=[2, 7] | acc=0.6075 | per_class={2: '0.81', 7: '0.41'}
[C5] eval model[0] mean=0.000798 | θ̃ mean=0.000798 | edge mean=0.001034
[C5] n=800 | classes=[2, 4] | acc=0.4612 | per_class={2: '0.16', 4: '0.79'}
[C6] eval model[0] mean=0.001224 | θ̃ mean=0.001224 | edge mean=0.001034
[C6] n=800 | classes=[6, 7] | acc=0.5787 | per_class={6: '0.96', 7: '0.21'}
[C7] eval model[0] mean=0.000665 | θ̃ mean=0.000665 | edge mean=0.001034
[C7] n=800 | classes=[3, 5] | acc=0.4763 | per_class={3: '1.00', 5: '0.00'}
[C8] eval model[0] mean=0.001282 | θ̃ mean=0.001282 | edge mean=0.001034
[C8] n=400 | classes=[4] | acc=1.0000 | per_class={4: '1.00'}
[C9] eval model[0] mean=0.001197 | θ̃ mean=0.001197 | edge mean=0.001034
[C9] n=400 | classes=[4] | acc=1.0000 | per_class={4: '1.00'}
  [Edge 0] G5 | E4 | Hier-pFedMe | Selected 10/10
  [Client  8] Round 5 | Hier-pFedMe(λ2=35.0,K=3) | loss=0.0175
  [Client  4] Round 5 | Hier-pFedMe(λ2=35.0,K=3) | loss=0.2337
  [Client  2] Round 5 | Hier-pFedMe(λ2=35.0,K=3) | loss=0.5860
  [Client  9] Round 5 | Hier-pFedMe(λ2=35.0,K=3) | loss=0.0138
  [Client  0] Round 5 | Hier-pFedMe(λ2=35.0,K=3) | loss=0.5217
  [Client  6] Round 5 | Hier-pFedMe(λ2=35.0,K=3) | loss=0.5354
  [Client  1] Round 5 | Hier-pFedMe(λ2=35.0,K=3) | loss=0.3359
  [Client  5] Round 5 | Hier-pFedMe(λ2=35.0,K=3) | loss=0.6232
  [Client  3] Round 5 | Hier-pFedMe(λ2=35.0,K=3) | loss=0.4619
  [Client  7] Round 5 | Hier-pFedMe(λ2=35.0,K=3) | loss=0.5413
  [Edge 0] G5 | E4 | loss=0.4283
[C0] eval model[0] mean=0.001025 | θ̃ mean=0.001025 | edge mean=0.001117
[C0] n=800 | classes=[3, 6] | acc=0.5600 | per_class={3: '0.22', 6: '0.91'}
[C1] eval model[0] mean=0.000878 | θ̃ mean=0.000878 | edge mean=0.001117
[C1] n=800 | classes=[3, 6] | acc=0.7212 | per_class={3: '0.69', 6: '0.76'}
[C2] eval model[0] mean=0.000598 | θ̃ mean=0.000598 | edge mean=0.001117
[C2] n=800 | classes=[2, 5] | acc=0.6562 | per_class={2: '0.62', 5: '0.69'}
[C3] eval model[0] mean=0.001279 | θ̃ mean=0.001279 | edge mean=0.001117
[C3] n=800 | classes=[5, 7] | acc=0.5625 | per_class={5: '0.50', 7: '0.62'}
[C4] eval model[0] mean=0.001286 | θ̃ mean=0.001286 | edge mean=0.001117
[C4] n=800 | classes=[2, 7] | acc=0.6575 | per_class={2: '0.63', 7: '0.69'}
[C5] eval model[0] mean=0.001240 | θ̃ mean=0.001240 | edge mean=0.001117
[C5] n=800 | classes=[2, 4] | acc=0.5275 | per_class={2: '0.81', 4: '0.22'}
[C6] eval model[0] mean=0.001179 | θ̃ mean=0.001179 | edge mean=0.001117
[C6] n=800 | classes=[6, 7] | acc=0.6725 | per_class={6: '0.68', 7: '0.67'}
[C7] eval model[0] mean=0.001284 | θ̃ mean=0.001284 | edge mean=0.001117
[C7] n=800 | classes=[3, 5] | acc=0.5025 | per_class={3: '0.51', 5: '0.50'}
[C8] eval model[0] mean=0.000956 | θ̃ mean=0.000956 | edge mean=0.001117
[C8] n=400 | classes=[4] | acc=1.0000 | per_class={4: '1.00'}
[C9] eval model[0] mean=0.001029 | θ̃ mean=0.001029 | edge mean=0.001117
[C9] n=400 | classes=[4] | acc=1.0000 | per_class={4: '1.00'}
  [Edge 0] G5 | E5 | Hier-pFedMe | Selected 10/10
  [Client  3] Round 5 | Hier-pFedMe(λ2=35.0,K=3) | loss=0.3012
  [Client  6] Round 5 | Hier-pFedMe(λ2=35.0,K=3) | loss=1.4559
  [Client  7] Round 5 | Hier-pFedMe(λ2=35.0,K=3) | loss=1.8163
  [Client  0] Round 5 | Hier-pFedMe(λ2=35.0,K=3) | loss=3.2568
  [Client  1] Round 5 | Hier-pFedMe(λ2=35.0,K=3) | loss=0.2234
  [Client  2] Round 5 | Hier-pFedMe(λ2=35.0,K=3) | loss=0.2909  [Client  5] Round 5 | Hier-pFedMe(λ2=35.0,K=3) | loss=0.8714

  [Client  8] Round 5 | Hier-pFedMe(λ2=35.0,K=3) | loss=0.0109
  [Client  9] Round 5 | Hier-pFedMe(λ2=35.0,K=3) | loss=0.0072
  [Client  4] Round 5 | Hier-pFedMe(λ2=35.0,K=3) | loss=0.2379
  [Edge 0] G5 | E5 | loss=0.9403
[C0] eval model[0] mean=0.001799 | θ̃ mean=0.001799 | edge mean=0.001069
[C0] n=800 | classes=[3, 6] | acc=0.5700 | per_class={3: '0.39', 6: '0.75'}
[C1] eval model[0] mean=0.001229 | θ̃ mean=0.001229 | edge mean=0.001069
[C1] n=800 | classes=[3, 6] | acc=0.6262 | per_class={3: '0.34', 6: '0.94'}
[C2] eval model[0] mean=0.000884 | θ̃ mean=0.000884 | edge mean=0.001069
[C2] n=800 | classes=[2, 5] | acc=0.6338 | per_class={2: '0.62', 5: '0.64'}
[C3] eval model[0] mean=0.000933 | θ̃ mean=0.000933 | edge mean=0.001069
[C3] n=800 | classes=[5, 7] | acc=0.4913 | per_class={5: '0.00', 7: '1.00'}
[C4] eval model[0] mean=0.001023 | θ̃ mean=0.001023 | edge mean=0.001069
[C4] n=800 | classes=[2, 7] | acc=0.6450 | per_class={2: '0.54', 7: '0.75'}
[C5] eval model[0] mean=0.001283 | θ̃ mean=0.001283 | edge mean=0.001069
[C5] n=800 | classes=[2, 4] | acc=0.5312 | per_class={2: '0.95', 4: '0.08'}
[C6] eval model[0] mean=0.000815 | θ̃ mean=0.000815 | edge mean=0.001069
[C6] n=800 | classes=[6, 7] | acc=0.5000 | per_class={6: '0.96', 7: '0.05'}
[C7] eval model[0] mean=0.001979 | θ̃ mean=0.001979 | edge mean=0.001069
[C7] n=800 | classes=[3, 5] | acc=0.5212 | per_class={3: '0.01', 5: '0.99'}
[C8] eval model[0] mean=0.000912 | θ̃ mean=0.000912 | edge mean=0.001069
[C8] n=400 | classes=[4] | acc=1.0000 | per_class={4: '1.00'}
[C9] eval model[0] mean=0.001115 | θ̃ mean=0.001115 | edge mean=0.001069
[C9] n=400 | classes=[4] | acc=1.0000 | per_class={4: '1.00'}
  [Edge 1] G5 | E1 | Hier-pFedMe | Selected 10/10
  [Client 16] Round 5 | Hier-pFedMe(λ2=35.0,K=3) | loss=0.0959
  [Client 10] Round 5 | Hier-pFedMe(λ2=35.0,K=3) | loss=0.2531
  [Client 12] Round 5 | Hier-pFedMe(λ2=35.0,K=3) | loss=0.1923
  [Client 18] Round 5 | Hier-pFedMe(λ2=35.0,K=3) | loss=2.3623
  [Client 13] Round 5 | Hier-pFedMe(λ2=35.0,K=3) | loss=0.6639
  [Client 15] Round 5 | Hier-pFedMe(λ2=35.0,K=3) | loss=4.2814
  [Client 19] Round 5 | Hier-pFedMe(λ2=35.0,K=3) | loss=0.3017
  [Client 17] Round 5 | Hier-pFedMe(λ2=35.0,K=3) | loss=3.7223
  [Client 14] Round 5 | Hier-pFedMe(λ2=35.0,K=3) | loss=0.4055
  [Client 11] Round 5 | Hier-pFedMe(λ2=35.0,K=3) | loss=0.1798
  [Edge 1] G5 | E1 | loss=1.2458
[C10] eval model[0] mean=0.001299 | θ̃ mean=0.001299 | edge mean=0.001045
[C10] n=480 | classes=[8, 9] | acc=0.7083 | per_class={8: '0.85', 9: '0.57'}
[C11] eval model[0] mean=0.000907 | θ̃ mean=0.000907 | edge mean=0.001045
[C11] n=480 | classes=[0, 1] | acc=0.7063 | per_class={0: '0.87', 1: '0.54'}
[C12] eval model[0] mean=0.001104 | θ̃ mean=0.001104 | edge mean=0.001045
[C12] n=480 | classes=[1, 8] | acc=0.6875 | per_class={1: '0.55', 8: '0.82'}
[C13] eval model[0] mean=0.001503 | θ̃ mean=0.001503 | edge mean=0.001045
[C13] n=480 | classes=[0, 8] | acc=0.5375 | per_class={0: '0.61', 8: '0.47'}
[C14] eval model[0] mean=0.000887 | θ̃ mean=0.000887 | edge mean=0.001045
[C14] n=480 | classes=[0, 9] | acc=0.7229 | per_class={0: '0.87', 9: '0.57'}
[C15] eval model[0] mean=0.001329 | θ̃ mean=0.001329 | edge mean=0.001045
[C15] n=480 | classes=[0, 8] | acc=0.4583 | per_class={0: '0.05', 8: '0.89'}
[C16] eval model[0] mean=0.001286 | θ̃ mean=0.001286 | edge mean=0.001045
[C16] n=480 | classes=[1, 8] | acc=0.6417 | per_class={1: '0.35', 8: '0.93'}
[C17] eval model[0] mean=0.001857 | θ̃ mean=0.001857 | edge mean=0.001045
[C17] n=480 | classes=[1, 9] | acc=0.5167 | per_class={1: '0.59', 9: '0.45'}
[C18] eval model[0] mean=0.000931 | θ̃ mean=0.000931 | edge mean=0.001045
[C18] n=480 | classes=[1, 9] | acc=0.4896 | per_class={1: '0.52', 9: '0.45'}
[C19] eval model[0] mean=0.000834 | θ̃ mean=0.000834 | edge mean=0.001045
[C19] n=480 | classes=[0, 9] | acc=0.7375 | per_class={0: '0.86', 9: '0.62'}
  [Edge 1] G5 | E2 | Hier-pFedMe | Selected 10/10
  [Client 10] Round 5 | Hier-pFedMe(λ2=35.0,K=3) | loss=0.2738
  [Client 12] Round 5 | Hier-pFedMe(λ2=35.0,K=3) | loss=0.1385
  [Client 19] Round 5 | Hier-pFedMe(λ2=35.0,K=3) | loss=0.2412
  [Client 15] Round 5 | Hier-pFedMe(λ2=35.0,K=3) | loss=0.3396
  [Client 14] Round 5 | Hier-pFedMe(λ2=35.0,K=3) | loss=0.2132
  [Client 13] Round 5 | Hier-pFedMe(λ2=35.0,K=3) | loss=2.3231
  [Client 16] Round 5 | Hier-pFedMe(λ2=35.0,K=3) | loss=0.2561
  [Client 11] Round 5 | Hier-pFedMe(λ2=35.0,K=3) | loss=0.1944
  [Client 17] Round 5 | Hier-pFedMe(λ2=35.0,K=3) | loss=0.6013
  [Client 18] Round 5 | Hier-pFedMe(λ2=35.0,K=3) | loss=0.5109
  [Edge 1] G5 | E2 | loss=0.5092
[C10] eval model[0] mean=0.001052 | θ̃ mean=0.001052 | edge mean=0.001149
[C10] n=480 | classes=[8, 9] | acc=0.7229 | per_class={8: '0.72', 9: '0.73'}
[C11] eval model[0] mean=0.000964 | θ̃ mean=0.000964 | edge mean=0.001149
[C11] n=480 | classes=[0, 1] | acc=0.6625 | per_class={0: '0.89', 1: '0.42'}
[C12] eval model[0] mean=0.001189 | θ̃ mean=0.001189 | edge mean=0.001149
[C12] n=480 | classes=[1, 8] | acc=0.7396 | per_class={1: '0.69', 8: '0.79'}
[C13] eval model[0] mean=0.000670 | θ̃ mean=0.000670 | edge mean=0.001149
[C13] n=480 | classes=[0, 8] | acc=0.5125 | per_class={0: '1.00', 8: '0.00'}
[C14] eval model[0] mean=0.001272 | θ̃ mean=0.001272 | edge mean=0.001149
[C14] n=480 | classes=[0, 9] | acc=0.7292 | per_class={0: '0.84', 9: '0.62'}
[C15] eval model[0] mean=0.001237 | θ̃ mean=0.001237 | edge mean=0.001149
[C15] n=480 | classes=[0, 8] | acc=0.5500 | per_class={0: '0.77', 8: '0.32'}
[C16] eval model[0] mean=0.001111 | θ̃ mean=0.001111 | edge mean=0.001149
[C16] n=480 | classes=[1, 8] | acc=0.6937 | per_class={1: '0.78', 8: '0.61'}
[C17] eval model[0] mean=0.001253 | θ̃ mean=0.001253 | edge mean=0.001149
[C17] n=480 | classes=[1, 9] | acc=0.5479 | per_class={1: '0.31', 9: '0.79'}
[C18] eval model[0] mean=0.001019 | θ̃ mean=0.001019 | edge mean=0.001149
[C18] n=480 | classes=[1, 9] | acc=0.5917 | per_class={1: '0.78', 9: '0.40'}
[C19] eval model[0] mean=0.001214 | θ̃ mean=0.001214 | edge mean=0.001149
[C19] n=480 | classes=[0, 9] | acc=0.6917 | per_class={0: '0.92', 9: '0.47'}
  [Edge 1] G5 | E3 | Hier-pFedMe | Selected 10/10
  [Client 15] Round 5 | Hier-pFedMe(λ2=35.0,K=3) | loss=2.3303
  [Client 14] Round 5 | Hier-pFedMe(λ2=35.0,K=3) | loss=0.1745
  [Client 17] Round 5 | Hier-pFedMe(λ2=35.0,K=3) | loss=0.4404
  [Client 16] Round 5 | Hier-pFedMe(λ2=35.0,K=3) | loss=0.6580
  [Client 10] Round 5 | Hier-pFedMe(λ2=35.0,K=3) | loss=0.2204
  [Client 19] Round 5 | Hier-pFedMe(λ2=35.0,K=3) | loss=0.2280  [Client 12] Round 5 | Hier-pFedMe(λ2=35.0,K=3) | loss=0.1713

  [Client 13] Round 5 | Hier-pFedMe(λ2=35.0,K=3) | loss=0.4140
  [Client 11] Round 5 | Hier-pFedMe(λ2=35.0,K=3) | loss=0.3058
  [Client 18] Round 5 | Hier-pFedMe(λ2=35.0,K=3) | loss=0.6481
  [Edge 1] G5 | E3 | loss=0.5591
[C10] eval model[0] mean=0.001267 | θ̃ mean=0.001267 | edge mean=0.001092
[C10] n=480 | classes=[8, 9] | acc=0.6854 | per_class={8: '0.89', 9: '0.48'}
[C11] eval model[0] mean=0.001176 | θ̃ mean=0.001176 | edge mean=0.001092
[C11] n=480 | classes=[0, 1] | acc=0.6125 | per_class={0: '0.97', 1: '0.24'}
[C12] eval model[0] mean=0.001454 | θ̃ mean=0.001454 | edge mean=0.001092
[C12] n=480 | classes=[1, 8] | acc=0.7333 | per_class={1: '0.65', 8: '0.82'}
[C13] eval model[0] mean=0.000929 | θ̃ mean=0.000929 | edge mean=0.001092
[C13] n=480 | classes=[0, 8] | acc=0.5917 | per_class={0: '0.79', 8: '0.38'}
[C14] eval model[0] mean=0.001343 | θ̃ mean=0.001343 | edge mean=0.001092
[C14] n=480 | classes=[0, 9] | acc=0.8000 | per_class={0: '0.85', 9: '0.75'}
[C15] eval model[0] mean=0.001049 | θ̃ mean=0.001049 | edge mean=0.001092
[C15] n=480 | classes=[0, 8] | acc=0.5125 | per_class={0: '1.00', 8: '0.00'}
[C16] eval model[0] mean=0.001104 | θ̃ mean=0.001104 | edge mean=0.001092
[C16] n=480 | classes=[1, 8] | acc=0.6146 | per_class={1: '0.97', 8: '0.26'}
[C17] eval model[0] mean=0.001507 | θ̃ mean=0.001507 | edge mean=0.001092
[C17] n=480 | classes=[1, 9] | acc=0.5875 | per_class={1: '0.33', 9: '0.85'}
[C18] eval model[0] mean=0.001155 | θ̃ mean=0.001155 | edge mean=0.001092
[C18] n=480 | classes=[1, 9] | acc=0.5083 | per_class={1: '1.00', 9: '0.00'}
[C19] eval model[0] mean=0.001070 | θ̃ mean=0.001070 | edge mean=0.001092
[C19] n=480 | classes=[0, 9] | acc=0.6813 | per_class={0: '0.86', 9: '0.51'}
  [Edge 1] G5 | E4 | Hier-pFedMe | Selected 10/10
  [Client 10] Round 5 | Hier-pFedMe(λ2=35.0,K=3) | loss=0.0886
  [Client 13] Round 5 | Hier-pFedMe(λ2=35.0,K=3) | loss=3.7736
  [Client 11] Round 5 | Hier-pFedMe(λ2=35.0,K=3) | loss=0.1256
  [Client 12] Round 5 | Hier-pFedMe(λ2=35.0,K=3) | loss=0.6981
  [Client 14] Round 5 | Hier-pFedMe(λ2=35.0,K=3) | loss=0.4538
  [Client 16] Round 5 | Hier-pFedMe(λ2=35.0,K=3) | loss=0.3803
  [Client 19] Round 5 | Hier-pFedMe(λ2=35.0,K=3) | loss=0.1265
  [Client 15] Round 5 | Hier-pFedMe(λ2=35.0,K=3) | loss=0.3500
  [Client 17] Round 5 | Hier-pFedMe(λ2=35.0,K=3) | loss=0.5809
  [Client 18] Round 5 | Hier-pFedMe(λ2=35.0,K=3) | loss=0.4378
  [Edge 1] G5 | E4 | loss=0.7015
[C10] eval model[0] mean=0.001346 | θ̃ mean=0.001346 | edge mean=0.001177
[C10] n=480 | classes=[8, 9] | acc=0.7604 | per_class={8: '0.81', 9: '0.71'}
[C11] eval model[0] mean=0.000966 | θ̃ mean=0.000966 | edge mean=0.001177
[C11] n=480 | classes=[0, 1] | acc=0.7646 | per_class={0: '0.74', 1: '0.79'}
[C12] eval model[0] mean=0.000904 | θ̃ mean=0.000904 | edge mean=0.001177
[C12] n=480 | classes=[1, 8] | acc=0.5604 | per_class={1: '1.00', 8: '0.14'}
[C13] eval model[0] mean=0.001451 | θ̃ mean=0.001451 | edge mean=0.001177
[C13] n=480 | classes=[0, 8] | acc=0.5208 | per_class={0: '0.25', 8: '0.81'}
[C14] eval model[0] mean=0.001551 | θ̃ mean=0.001551 | edge mean=0.001177
[C14] n=480 | classes=[0, 9] | acc=0.7708 | per_class={0: '0.86', 9: '0.68'}
[C15] eval model[0] mean=0.001198 | θ̃ mean=0.001198 | edge mean=0.001177
[C15] n=480 | classes=[0, 8] | acc=0.5938 | per_class={0: '0.41', 8: '0.78'}
[C16] eval model[0] mean=0.000760 | θ̃ mean=0.000760 | edge mean=0.001177
[C16] n=480 | classes=[1, 8] | acc=0.7167 | per_class={1: '0.97', 8: '0.47'}
[C17] eval model[0] mean=0.001042 | θ̃ mean=0.001042 | edge mean=0.001177
[C17] n=480 | classes=[1, 9] | acc=0.5771 | per_class={1: '0.33', 9: '0.82'}
[C18] eval model[0] mean=0.001219 | θ̃ mean=0.001219 | edge mean=0.001177
[C18] n=480 | classes=[1, 9] | acc=0.5333 | per_class={1: '0.66', 9: '0.40'}
[C19] eval model[0] mean=0.000867 | θ̃ mean=0.000867 | edge mean=0.001177
[C19] n=480 | classes=[0, 9] | acc=0.6958 | per_class={0: '0.66', 9: '0.73'}
  [Edge 1] G5 | E5 | Hier-pFedMe | Selected 10/10
  [Client 13] Round 5 | Hier-pFedMe(λ2=35.0,K=3) | loss=0.5626
  [Client 16] Round 5 | Hier-pFedMe(λ2=35.0,K=3) | loss=0.6126
  [Client 17] Round 5 | Hier-pFedMe(λ2=35.0,K=3) | loss=1.2242
  [Client 12] Round 5 | Hier-pFedMe(λ2=35.0,K=3) | loss=0.2403
  [Client 19] Round 5 | Hier-pFedMe(λ2=35.0,K=3) | loss=0.1925
  [Client 10] Round 5 | Hier-pFedMe(λ2=35.0,K=3) | loss=0.0906
  [Client 18] Round 5 | Hier-pFedMe(λ2=35.0,K=3) | loss=0.8962
  [Client 14] Round 5 | Hier-pFedMe(λ2=35.0,K=3) | loss=0.3862
  [Client 11] Round 5 | Hier-pFedMe(λ2=35.0,K=3) | loss=0.0895
  [Client 15] Round 5 | Hier-pFedMe(λ2=35.0,K=3) | loss=0.1752
  [Edge 1] G5 | E5 | loss=0.4470
[C10] eval model[0] mean=0.001160 | θ̃ mean=0.001160 | edge mean=0.001128
[C10] n=480 | classes=[8, 9] | acc=0.7542 | per_class={8: '0.74', 9: '0.77'}
[C11] eval model[0] mean=0.001013 | θ̃ mean=0.001013 | edge mean=0.001128
[C11] n=480 | classes=[0, 1] | acc=0.7521 | per_class={0: '0.79', 1: '0.71'}
[C12] eval model[0] mean=0.001584 | θ̃ mean=0.001584 | edge mean=0.001128
[C12] n=480 | classes=[1, 8] | acc=0.7125 | per_class={1: '0.54', 8: '0.88'}
[C13] eval model[0] mean=0.000918 | θ̃ mean=0.000918 | edge mean=0.001128
[C13] n=480 | classes=[0, 8] | acc=0.5687 | per_class={0: '0.93', 8: '0.19'}
[C14] eval model[0] mean=0.001087 | θ̃ mean=0.001087 | edge mean=0.001128
[C14] n=480 | classes=[0, 9] | acc=0.7604 | per_class={0: '0.69', 9: '0.84'}
[C15] eval model[0] mean=0.000999 | θ̃ mean=0.000999 | edge mean=0.001128
[C15] n=480 | classes=[0, 8] | acc=0.5125 | per_class={0: '1.00', 8: '0.00'}
[C16] eval model[0] mean=0.001184 | θ̃ mean=0.001184 | edge mean=0.001128
[C16] n=480 | classes=[1, 8] | acc=0.6104 | per_class={1: '1.00', 8: '0.23'}
[C17] eval model[0] mean=0.001354 | θ̃ mean=0.001354 | edge mean=0.001128
[C17] n=480 | classes=[1, 9] | acc=0.5042 | per_class={1: '1.00', 9: '0.00'}
[C18] eval model[0] mean=0.000987 | θ̃ mean=0.000987 | edge mean=0.001128
[C18] n=480 | classes=[1, 9] | acc=0.5625 | per_class={1: '0.19', 9: '0.95'}
[C19] eval model[0] mean=0.001272 | θ̃ mean=0.001272 | edge mean=0.001128
[C19] n=480 | classes=[0, 9] | acc=0.7688 | per_class={0: '0.76', 9: '0.78'}
[C0] eval model[0] mean=0.001799 | θ̃ mean=0.001799 | edge mean=0.001069
[C0] n=800 | classes=[3, 6] | acc=0.5700 | per_class={3: '0.39', 6: '0.75'}
[C1] eval model[0] mean=0.001229 | θ̃ mean=0.001229 | edge mean=0.001069
[C1] n=800 | classes=[3, 6] | acc=0.6262 | per_class={3: '0.34', 6: '0.94'}
[C2] eval model[0] mean=0.000884 | θ̃ mean=0.000884 | edge mean=0.001069
[C2] n=800 | classes=[2, 5] | acc=0.6338 | per_class={2: '0.62', 5: '0.64'}
[C3] eval model[0] mean=0.000933 | θ̃ mean=0.000933 | edge mean=0.001069
[C3] n=800 | classes=[5, 7] | acc=0.4913 | per_class={5: '0.00', 7: '1.00'}
[C4] eval model[0] mean=0.001023 | θ̃ mean=0.001023 | edge mean=0.001069
[C4] n=800 | classes=[2, 7] | acc=0.6450 | per_class={2: '0.54', 7: '0.75'}
[C5] eval model[0] mean=0.001283 | θ̃ mean=0.001283 | edge mean=0.001069
[C5] n=800 | classes=[2, 4] | acc=0.5312 | per_class={2: '0.95', 4: '0.08'}
[C6] eval model[0] mean=0.000815 | θ̃ mean=0.000815 | edge mean=0.001069
[C6] n=800 | classes=[6, 7] | acc=0.5000 | per_class={6: '0.96', 7: '0.05'}
[C7] eval model[0] mean=0.001979 | θ̃ mean=0.001979 | edge mean=0.001069
[C7] n=800 | classes=[3, 5] | acc=0.5212 | per_class={3: '0.01', 5: '0.99'}
[C8] eval model[0] mean=0.000912 | θ̃ mean=0.000912 | edge mean=0.001069
[C8] n=400 | classes=[4] | acc=1.0000 | per_class={4: '1.00'}
[C9] eval model[0] mean=0.001115 | θ̃ mean=0.001115 | edge mean=0.001069
[C9] n=400 | classes=[4] | acc=1.0000 | per_class={4: '1.00'}
[C10] eval model[0] mean=0.001160 | θ̃ mean=0.001160 | edge mean=0.001128
[C10] n=480 | classes=[8, 9] | acc=0.7542 | per_class={8: '0.74', 9: '0.77'}
[C11] eval model[0] mean=0.001013 | θ̃ mean=0.001013 | edge mean=0.001128
[C11] n=480 | classes=[0, 1] | acc=0.7521 | per_class={0: '0.79', 1: '0.71'}
[C12] eval model[0] mean=0.001584 | θ̃ mean=0.001584 | edge mean=0.001128
[C12] n=480 | classes=[1, 8] | acc=0.7125 | per_class={1: '0.54', 8: '0.88'}
[C13] eval model[0] mean=0.000918 | θ̃ mean=0.000918 | edge mean=0.001128
[C13] n=480 | classes=[0, 8] | acc=0.5687 | per_class={0: '0.93', 8: '0.19'}
[C14] eval model[0] mean=0.001087 | θ̃ mean=0.001087 | edge mean=0.001128
[C14] n=480 | classes=[0, 9] | acc=0.7604 | per_class={0: '0.69', 9: '0.84'}
[C15] eval model[0] mean=0.000999 | θ̃ mean=0.000999 | edge mean=0.001128
[C15] n=480 | classes=[0, 8] | acc=0.5125 | per_class={0: '1.00', 8: '0.00'}
[C16] eval model[0] mean=0.001184 | θ̃ mean=0.001184 | edge mean=0.001128
[C16] n=480 | classes=[1, 8] | acc=0.6104 | per_class={1: '1.00', 8: '0.23'}
[C17] eval model[0] mean=0.001354 | θ̃ mean=0.001354 | edge mean=0.001128
[C17] n=480 | classes=[1, 9] | acc=0.5042 | per_class={1: '1.00', 9: '0.00'}
[C18] eval model[0] mean=0.000987 | θ̃ mean=0.000987 | edge mean=0.001128
[C18] n=480 | classes=[1, 9] | acc=0.5625 | per_class={1: '0.19', 9: '0.95'}
[C19] eval model[0] mean=0.001272 | θ̃ mean=0.001272 | edge mean=0.001128
[C19] n=480 | classes=[0, 9] | acc=0.7688 | per_class={0: '0.76', 9: '0.78'}
  [Cloud] GM=0.1926 | EM=0.3224 PM=0.6282 | loss=2.2041 | time=89.9s | comm=4556.2MB (total=22781MB)

[Round   6] Broadcasting to 2 edges...
  [Edge 0] G6 | E1 | Hier-pFedMe | Selected 10/10
  [Client  5] Round 6 | Hier-pFedMe(λ2=35.0,K=3) | loss=0.3551  [Client  4] Round 6 | Hier-pFedMe(λ2=35.0,K=3) | loss=0.4642

  [Client  9] Round 6 | Hier-pFedMe(λ2=35.0,K=3) | loss=0.0134
  [Client  3] Round 6 | Hier-pFedMe(λ2=35.0,K=3) | loss=1.1564
  [Client  6] Round 6 | Hier-pFedMe(λ2=35.0,K=3) | loss=0.4316
  [Client  2] Round 6 | Hier-pFedMe(λ2=35.0,K=3) | loss=0.2150
  [Client  0] Round 6 | Hier-pFedMe(λ2=35.0,K=3) | loss=0.4423
  [Client  7] Round 6 | Hier-pFedMe(λ2=35.0,K=3) | loss=0.5870
  [Client  8] Round 6 | Hier-pFedMe(λ2=35.0,K=3) | loss=0.0223
  [Client  1] Round 6 | Hier-pFedMe(λ2=35.0,K=3) | loss=0.2361
  [Edge 0] G6 | E1 | loss=0.4339
[C0] eval model[0] mean=0.001238 | θ̃ mean=0.001238 | edge mean=0.001142
[C0] n=800 | classes=[3, 6] | acc=0.5663 | per_class={3: '0.25', 6: '0.89'}
[C1] eval model[0] mean=0.001365 | θ̃ mean=0.001365 | edge mean=0.001142
[C1] n=800 | classes=[3, 6] | acc=0.6362 | per_class={3: '0.39', 6: '0.90'}
[C2] eval model[0] mean=0.001269 | θ̃ mean=0.001269 | edge mean=0.001142
[C2] n=800 | classes=[2, 5] | acc=0.5625 | per_class={2: '0.22', 5: '0.91'}
[C3] eval model[0] mean=0.001247 | θ̃ mean=0.001247 | edge mean=0.001142
[C3] n=800 | classes=[5, 7] | acc=0.5262 | per_class={5: '0.93', 7: '0.11'}
[C4] eval model[0] mean=0.001376 | θ̃ mean=0.001376 | edge mean=0.001142
[C4] n=800 | classes=[2, 7] | acc=0.6338 | per_class={2: '0.30', 7: '0.96'}
[C5] eval model[0] mean=0.001539 | θ̃ mean=0.001539 | edge mean=0.001142
[C5] n=800 | classes=[2, 4] | acc=0.5587 | per_class={2: '0.78', 4: '0.31'}
[C6] eval model[0] mean=0.001621 | θ̃ mean=0.001621 | edge mean=0.001142
[C6] n=800 | classes=[6, 7] | acc=0.6713 | per_class={6: '0.49', 7: '0.85'}
[C7] eval model[0] mean=0.001344 | θ̃ mean=0.001344 | edge mean=0.001142
[C7] n=800 | classes=[3, 5] | acc=0.4763 | per_class={3: '0.98', 5: '0.01'}
[C8] eval model[0] mean=0.001223 | θ̃ mean=0.001223 | edge mean=0.001142
[C8] n=400 | classes=[4] | acc=1.0000 | per_class={4: '1.00'}
[C9] eval model[0] mean=0.000842 | θ̃ mean=0.000842 | edge mean=0.001142
[C9] n=400 | classes=[4] | acc=1.0000 | per_class={4: '1.00'}
  [Edge 0] G6 | E2 | Hier-pFedMe | Selected 10/10
  [Client  8] Round 6 | Hier-pFedMe(λ2=35.0,K=3) | loss=0.0092
  [Client  7] Round 6 | Hier-pFedMe(λ2=35.0,K=3) | loss=2.0321  [Client  4] Round 6 | Hier-pFedMe(λ2=35.0,K=3) | loss=0.3758

  [Client  0] Round 6 | Hier-pFedMe(λ2=35.0,K=3) | loss=3.0889
  [Client  6] Round 6 | Hier-pFedMe(λ2=35.0,K=3) | loss=0.4486
  [Client  2] Round 6 | Hier-pFedMe(λ2=35.0,K=3) | loss=0.2176
  [Client  1] Round 6 | Hier-pFedMe(λ2=35.0,K=3) | loss=0.2057
  [Client  3] Round 6 | Hier-pFedMe(λ2=35.0,K=3) | loss=1.1100
  [Client  5] Round 6 | Hier-pFedMe(λ2=35.0,K=3) | loss=0.1746
  [Client  9] Round 6 | Hier-pFedMe(λ2=35.0,K=3) | loss=0.0123
  [Edge 0] G6 | E2 | loss=0.8516
[C0] eval model[0] mean=0.000812 | θ̃ mean=0.000812 | edge mean=0.001257
[C0] n=800 | classes=[3, 6] | acc=0.5088 | per_class={3: '1.00', 6: '0.00'}
[C1] eval model[0] mean=0.001264 | θ̃ mean=0.001264 | edge mean=0.001257
[C1] n=800 | classes=[3, 6] | acc=0.6138 | per_class={3: '0.51', 6: '0.73'}
[C2] eval model[0] mean=0.001727 | θ̃ mean=0.001727 | edge mean=0.001257
[C2] n=800 | classes=[2, 5] | acc=0.5475 | per_class={2: '0.86', 5: '0.23'}
[C3] eval model[0] mean=0.001103 | θ̃ mean=0.001103 | edge mean=0.001257
[C3] n=800 | classes=[5, 7] | acc=0.5112 | per_class={5: '1.00', 7: '0.01'}
[C4] eval model[0] mean=0.001111 | θ̃ mean=0.001111 | edge mean=0.001257
[C4] n=800 | classes=[2, 7] | acc=0.5900 | per_class={2: '0.20', 7: '0.96'}
[C5] eval model[0] mean=0.001443 | θ̃ mean=0.001443 | edge mean=0.001257
[C5] n=800 | classes=[2, 4] | acc=0.4875 | per_class={2: '0.20', 4: '0.81'}
[C6] eval model[0] mean=0.001172 | θ̃ mean=0.001172 | edge mean=0.001257
[C6] n=800 | classes=[6, 7] | acc=0.5075 | per_class={6: '0.00', 7: '1.00'}
[C7] eval model[0] mean=0.001039 | θ̃ mean=0.001039 | edge mean=0.001257
[C7] n=800 | classes=[3, 5] | acc=0.4763 | per_class={3: '1.00', 5: '0.00'}
[C8] eval model[0] mean=0.001286 | θ̃ mean=0.001286 | edge mean=0.001257
[C8] n=400 | classes=[4] | acc=1.0000 | per_class={4: '1.00'}
[C9] eval model[0] mean=0.001465 | θ̃ mean=0.001465 | edge mean=0.001257
[C9] n=400 | classes=[4] | acc=1.0000 | per_class={4: '1.00'}
  [Edge 0] G6 | E3 | Hier-pFedMe | Selected 10/10
  [Client  0] Round 6 | Hier-pFedMe(λ2=35.0,K=3) | loss=0.3134
  [Client  2] Round 6 | Hier-pFedMe(λ2=35.0,K=3) | loss=0.7316
  [Client  8] Round 6 | Hier-pFedMe(λ2=35.0,K=3) | loss=0.0128  [Client  5] Round 6 | Hier-pFedMe(λ2=35.0,K=3) | loss=0.7464

  [Client  9] Round 6 | Hier-pFedMe(λ2=35.0,K=3) | loss=0.0108  [Client  1] Round 6 | Hier-pFedMe(λ2=35.0,K=3) | loss=0.2790

  [Client  4] Round 6 | Hier-pFedMe(λ2=35.0,K=3) | loss=0.2710
  [Client  3] Round 6 | Hier-pFedMe(λ2=35.0,K=3) | loss=0.6048
  [Client  6] Round 6 | Hier-pFedMe(λ2=35.0,K=3) | loss=0.1891
  [Client  7] Round 6 | Hier-pFedMe(λ2=35.0,K=3) | loss=0.3723
  [Edge 0] G6 | E3 | loss=0.3910
[C0] eval model[0] mean=0.001285 | θ̃ mean=0.001285 | edge mean=0.001223
[C0] n=800 | classes=[3, 6] | acc=0.6338 | per_class={3: '0.51', 6: '0.76'}
[C1] eval model[0] mean=0.001237 | θ̃ mean=0.001237 | edge mean=0.001223
[C1] n=800 | classes=[3, 6] | acc=0.6500 | per_class={3: '0.67', 6: '0.63'}
[C2] eval model[0] mean=0.001362 | θ̃ mean=0.001362 | edge mean=0.001223
[C2] n=800 | classes=[2, 5] | acc=0.5212 | per_class={2: '0.99', 5: '0.05'}
[C3] eval model[0] mean=0.001507 | θ̃ mean=0.001507 | edge mean=0.001223
[C3] n=800 | classes=[5, 7] | acc=0.5125 | per_class={5: '1.00', 7: '0.01'}
[C4] eval model[0] mean=0.000894 | θ̃ mean=0.000894 | edge mean=0.001223
[C4] n=800 | classes=[2, 7] | acc=0.6462 | per_class={2: '0.91', 7: '0.40'}
[C5] eval model[0] mean=0.001778 | θ̃ mean=0.001778 | edge mean=0.001223
[C5] n=800 | classes=[2, 4] | acc=0.4813 | per_class={2: '0.03', 4: '0.98'}
[C6] eval model[0] mean=0.001076 | θ̃ mean=0.001076 | edge mean=0.001223
[C6] n=800 | classes=[6, 7] | acc=0.6925 | per_class={6: '0.94', 7: '0.46'}
[C7] eval model[0] mean=0.001106 | θ̃ mean=0.001106 | edge mean=0.001223
[C7] n=800 | classes=[3, 5] | acc=0.5663 | per_class={3: '0.61', 5: '0.53'}
[C8] eval model[0] mean=0.001157 | θ̃ mean=0.001157 | edge mean=0.001223
[C8] n=400 | classes=[4] | acc=1.0000 | per_class={4: '1.00'}
[C9] eval model[0] mean=0.001049 | θ̃ mean=0.001049 | edge mean=0.001223
[C9] n=400 | classes=[4] | acc=1.0000 | per_class={4: '1.00'}
  [Edge 0] G6 | E4 | Hier-pFedMe | Selected 10/10
  [Client  8] Round 6 | Hier-pFedMe(λ2=35.0,K=3) | loss=0.0121
  [Client  6] Round 6 | Hier-pFedMe(λ2=35.0,K=3) | loss=0.5502
  [Client  0] Round 6 | Hier-pFedMe(λ2=35.0,K=3) | loss=2.0861  [Client  2] Round 6 | Hier-pFedMe(λ2=35.0,K=3) | loss=0.5479

  [Client  1] Round 6 | Hier-pFedMe(λ2=35.0,K=3) | loss=0.1311
  [Client  3] Round 6 | Hier-pFedMe(λ2=35.0,K=3) | loss=0.4909
  [Client  4] Round 6 | Hier-pFedMe(λ2=35.0,K=3) | loss=0.6590
  [Client  5] Round 6 | Hier-pFedMe(λ2=35.0,K=3) | loss=0.5322
  [Client  9] Round 6 | Hier-pFedMe(λ2=35.0,K=3) | loss=0.0166
  [Client  7] Round 6 | Hier-pFedMe(λ2=35.0,K=3) | loss=0.3946
  [Edge 0] G6 | E4 | loss=0.6007
[C0] eval model[0] mean=0.002394 | θ̃ mean=0.002394 | edge mean=0.001238
[C0] n=800 | classes=[3, 6] | acc=0.5288 | per_class={3: '0.11', 6: '0.97'}
[C1] eval model[0] mean=0.001177 | θ̃ mean=0.001177 | edge mean=0.001238
[C1] n=800 | classes=[3, 6] | acc=0.6525 | per_class={3: '0.59', 6: '0.72'}
[C2] eval model[0] mean=0.001289 | θ̃ mean=0.001289 | edge mean=0.001238
[C2] n=800 | classes=[2, 5] | acc=0.6188 | per_class={2: '0.73', 5: '0.51'}
[C3] eval model[0] mean=0.001170 | θ̃ mean=0.001170 | edge mean=0.001238
[C3] n=800 | classes=[5, 7] | acc=0.5088 | per_class={5: '1.00', 7: '0.00'}
[C4] eval model[0] mean=0.001258 | θ̃ mean=0.001258 | edge mean=0.001238
[C4] n=800 | classes=[2, 7] | acc=0.4963 | per_class={2: '0.99', 7: '0.02'}
[C5] eval model[0] mean=0.001078 | θ̃ mean=0.001078 | edge mean=0.001238
[C5] n=800 | classes=[2, 4] | acc=0.4813 | per_class={2: '0.03', 4: '0.97'}
[C6] eval model[0] mean=0.000875 | θ̃ mean=0.000875 | edge mean=0.001238
[C6] n=800 | classes=[6, 7] | acc=0.5075 | per_class={6: '0.00', 7: '1.00'}
[C7] eval model[0] mean=0.000991 | θ̃ mean=0.000991 | edge mean=0.001238
[C7] n=800 | classes=[3, 5] | acc=0.5525 | per_class={3: '0.09', 5: '0.97'}
[C8] eval model[0] mean=0.001129 | θ̃ mean=0.001129 | edge mean=0.001238
[C8] n=400 | classes=[4] | acc=1.0000 | per_class={4: '1.00'}
[C9] eval model[0] mean=0.001309 | θ̃ mean=0.001309 | edge mean=0.001238
[C9] n=400 | classes=[4] | acc=1.0000 | per_class={4: '1.00'}
  [Edge 0] G6 | E5 | Hier-pFedMe | Selected 10/10
  [Client  1] Round 6 | Hier-pFedMe(λ2=35.0,K=3) | loss=0.3428
  [Client  9] Round 6 | Hier-pFedMe(λ2=35.0,K=3) | loss=0.0114
  [Client  3] Round 6 | Hier-pFedMe(λ2=35.0,K=3) | loss=0.1634  [Client  5] Round 6 | Hier-pFedMe(λ2=35.0,K=3) | loss=0.3011

  [Client  6] Round 6 | Hier-pFedMe(λ2=35.0,K=3) | loss=0.4275  [Client  2] Round 6 | Hier-pFedMe(λ2=35.0,K=3) | loss=0.1586

  [Client  7] Round 6 | Hier-pFedMe(λ2=35.0,K=3) | loss=0.3642
  [Client  4] Round 6 | Hier-pFedMe(λ2=35.0,K=3) | loss=0.5065
  [Client  0] Round 6 | Hier-pFedMe(λ2=35.0,K=3) | loss=0.1829
  [Client  8] Round 6 | Hier-pFedMe(λ2=35.0,K=3) | loss=0.0109
  [Edge 0] G6 | E5 | loss=0.2731
[C0] eval model[0] mean=0.001394 | θ̃ mean=0.001394 | edge mean=0.001255
[C0] n=800 | classes=[3, 6] | acc=0.6462 | per_class={3: '0.61', 6: '0.68'}
[C1] eval model[0] mean=0.001231 | θ̃ mean=0.001231 | edge mean=0.001255
[C1] n=800 | classes=[3, 6] | acc=0.6150 | per_class={3: '0.33', 6: '0.92'}
[C2] eval model[0] mean=0.001220 | θ̃ mean=0.001220 | edge mean=0.001255
[C2] n=800 | classes=[2, 5] | acc=0.6200 | per_class={2: '0.48', 5: '0.76'}
[C3] eval model[0] mean=0.001249 | θ̃ mean=0.001249 | edge mean=0.001255
[C3] n=800 | classes=[5, 7] | acc=0.5337 | per_class={5: '0.30', 7: '0.78'}
[C4] eval model[0] mean=0.001446 | θ̃ mean=0.001446 | edge mean=0.001255
[C4] n=800 | classes=[2, 7] | acc=0.6600 | per_class={2: '0.71', 7: '0.61'}
[C5] eval model[0] mean=0.001381 | θ̃ mean=0.001381 | edge mean=0.001255
[C5] n=800 | classes=[2, 4] | acc=0.4975 | per_class={2: '0.12', 4: '0.91'}
[C6] eval model[0] mean=0.001140 | θ̃ mean=0.001140 | edge mean=0.001255
[C6] n=800 | classes=[6, 7] | acc=0.6825 | per_class={6: '0.73', 7: '0.64'}
[C7] eval model[0] mean=0.001583 | θ̃ mean=0.001583 | edge mean=0.001255
[C7] n=800 | classes=[3, 5] | acc=0.5375 | per_class={3: '0.61', 5: '0.47'}
[C8] eval model[0] mean=0.001283 | θ̃ mean=0.001283 | edge mean=0.001255
[C8] n=400 | classes=[4] | acc=1.0000 | per_class={4: '1.00'}
[C9] eval model[0] mean=0.001342 | θ̃ mean=0.001342 | edge mean=0.001255
[C9] n=400 | classes=[4] | acc=1.0000 | per_class={4: '1.00'}
  [Edge 1] G6 | E1 | Hier-pFedMe | Selected 10/10
  [Client 14] Round 6 | Hier-pFedMe(λ2=35.0,K=3) | loss=0.1629
  [Client 19] Round 6 | Hier-pFedMe(λ2=35.0,K=3) | loss=0.1524
  [Client 18] Round 6 | Hier-pFedMe(λ2=35.0,K=3) | loss=0.3179
  [Client 13] Round 6 | Hier-pFedMe(λ2=35.0,K=3) | loss=3.9429
  [Client 16] Round 6 | Hier-pFedMe(λ2=35.0,K=3) | loss=0.7771
  [Client 12] Round 6 | Hier-pFedMe(λ2=35.0,K=3) | loss=0.4456
  [Client 15] Round 6 | Hier-pFedMe(λ2=35.0,K=3) | loss=0.2624
  [Client 11] Round 6 | Hier-pFedMe(λ2=35.0,K=3) | loss=0.1579
  [Client 10] Round 6 | Hier-pFedMe(λ2=35.0,K=3) | loss=0.2052
  [Client 17] Round 6 | Hier-pFedMe(λ2=35.0,K=3) | loss=0.5973
  [Edge 1] G6 | E1 | loss=0.7022
[C10] eval model[0] mean=0.001470 | θ̃ mean=0.001470 | edge mean=0.001142
[C10] n=480 | classes=[8, 9] | acc=0.6604 | per_class={8: '0.82', 9: '0.50'}
[C11] eval model[0] mean=0.001299 | θ̃ mean=0.001299 | edge mean=0.001142
[C11] n=480 | classes=[0, 1] | acc=0.7562 | per_class={0: '0.81', 1: '0.70'}
[C12] eval model[0] mean=0.001024 | θ̃ mean=0.001024 | edge mean=0.001142
[C12] n=480 | classes=[1, 8] | acc=0.7396 | per_class={1: '0.82', 8: '0.66'}
[C13] eval model[0] mean=0.001254 | θ̃ mean=0.001254 | edge mean=0.001142
[C13] n=480 | classes=[0, 8] | acc=0.4021 | per_class={0: '0.53', 8: '0.26'}
[C14] eval model[0] mean=0.001228 | θ̃ mean=0.001228 | edge mean=0.001142
[C14] n=480 | classes=[0, 9] | acc=0.7646 | per_class={0: '0.85', 9: '0.68'}
[C15] eval model[0] mean=0.001101 | θ̃ mean=0.001101 | edge mean=0.001142
[C15] n=480 | classes=[0, 8] | acc=0.5500 | per_class={0: '0.39', 8: '0.72'}
[C16] eval model[0] mean=0.001849 | θ̃ mean=0.001849 | edge mean=0.001142
[C16] n=480 | classes=[1, 8] | acc=0.5292 | per_class={1: '1.00', 8: '0.07'}
[C17] eval model[0] mean=0.001245 | θ̃ mean=0.001245 | edge mean=0.001142
[C17] n=480 | classes=[1, 9] | acc=0.5604 | per_class={1: '0.83', 9: '0.28'}
[C18] eval model[0] mean=0.001192 | θ̃ mean=0.001192 | edge mean=0.001142
[C18] n=480 | classes=[1, 9] | acc=0.5646 | per_class={1: '0.68', 9: '0.44'}
[C19] eval model[0] mean=0.001548 | θ̃ mean=0.001548 | edge mean=0.001142
[C19] n=480 | classes=[0, 9] | acc=0.6750 | per_class={0: '0.59', 9: '0.76'}
  [Edge 1] G6 | E2 | Hier-pFedMe | Selected 10/10
  [Client 19] Round 6 | Hier-pFedMe(λ2=35.0,K=3) | loss=0.4965
  [Client 18] Round 6 | Hier-pFedMe(λ2=35.0,K=3) | loss=0.3359
  [Client 13] Round 6 | Hier-pFedMe(λ2=35.0,K=3) | loss=0.3383
  [Client 10] Round 6 | Hier-pFedMe(λ2=35.0,K=3) | loss=0.3984
  [Client 17] Round 6 | Hier-pFedMe(λ2=35.0,K=3) | loss=0.9850
  [Client 12] Round 6 | Hier-pFedMe(λ2=35.0,K=3) | loss=0.1686
  [Client 15] Round 6 | Hier-pFedMe(λ2=35.0,K=3) | loss=0.4444
  [Client 11] Round 6 | Hier-pFedMe(λ2=35.0,K=3) | loss=0.2055
  [Client 16] Round 6 | Hier-pFedMe(λ2=35.0,K=3) | loss=0.3228
  [Client 14] Round 6 | Hier-pFedMe(λ2=35.0,K=3) | loss=0.1697
  [Edge 1] G6 | E2 | loss=0.3865
[C10] eval model[0] mean=0.001448 | θ̃ mean=0.001448 | edge mean=0.001267
[C10] n=480 | classes=[8, 9] | acc=0.7229 | per_class={8: '0.54', 9: '0.90'}
[C11] eval model[0] mean=0.001496 | θ̃ mean=0.001496 | edge mean=0.001267
[C11] n=480 | classes=[0, 1] | acc=0.7396 | per_class={0: '0.58', 1: '0.91'}
[C12] eval model[0] mean=0.001393 | θ̃ mean=0.001393 | edge mean=0.001267
[C12] n=480 | classes=[1, 8] | acc=0.7458 | per_class={1: '0.67', 8: '0.82'}
[C13] eval model[0] mean=0.001351 | θ̃ mean=0.001351 | edge mean=0.001267
[C13] n=480 | classes=[0, 8] | acc=0.5708 | per_class={0: '0.25', 8: '0.91'}
[C14] eval model[0] mean=0.001317 | θ̃ mean=0.001317 | edge mean=0.001267
[C14] n=480 | classes=[0, 9] | acc=0.6937 | per_class={0: '0.47', 9: '0.92'}
[C15] eval model[0] mean=0.001526 | θ̃ mean=0.001526 | edge mean=0.001267
[C15] n=480 | classes=[0, 8] | acc=0.5229 | per_class={0: '0.08', 8: '0.99'}
[C16] eval model[0] mean=0.001471 | θ̃ mean=0.001471 | edge mean=0.001267
[C16] n=480 | classes=[1, 8] | acc=0.6667 | per_class={1: '0.99', 8: '0.35'}
[C17] eval model[0] mean=0.001274 | θ̃ mean=0.001274 | edge mean=0.001267
[C17] n=480 | classes=[1, 9] | acc=0.5042 | per_class={1: '1.00', 9: '0.00'}
[C18] eval model[0] mean=0.001166 | θ̃ mean=0.001166 | edge mean=0.001267
[C18] n=480 | classes=[1, 9] | acc=0.4917 | per_class={1: '0.00', 9: '1.00'}
[C19] eval model[0] mean=0.000910 | θ̃ mean=0.000910 | edge mean=0.001267
[C19] n=480 | classes=[0, 9] | acc=0.7646 | per_class={0: '0.85', 9: '0.68'}
  [Edge 1] G6 | E3 | Hier-pFedMe | Selected 10/10
  [Client 10] Round 6 | Hier-pFedMe(λ2=35.0,K=3) | loss=0.4404
  [Client 16] Round 6 | Hier-pFedMe(λ2=35.0,K=3) | loss=2.3540
  [Client 13] Round 6 | Hier-pFedMe(λ2=35.0,K=3) | loss=4.0526
  [Client 18] Round 6 | Hier-pFedMe(λ2=35.0,K=3) | loss=0.2949
  [Client 17] Round 6 | Hier-pFedMe(λ2=35.0,K=3) | loss=1.2978
  [Client 11] Round 6 | Hier-pFedMe(λ2=35.0,K=3) | loss=0.6208
  [Client 14] Round 6 | Hier-pFedMe(λ2=35.0,K=3) | loss=0.1160
  [Client 12] Round 6 | Hier-pFedMe(λ2=35.0,K=3) | loss=0.1445
  [Client 15] Round 6 | Hier-pFedMe(λ2=35.0,K=3) | loss=0.1798
  [Client 19] Round 6 | Hier-pFedMe(λ2=35.0,K=3) | loss=0.5966
  [Edge 1] G6 | E3 | loss=1.0097
[C10] eval model[0] mean=0.001461 | θ̃ mean=0.001461 | edge mean=0.001289
[C10] n=480 | classes=[8, 9] | acc=0.6188 | per_class={8: '0.81', 9: '0.44'}
[C11] eval model[0] mean=0.001274 | θ̃ mean=0.001274 | edge mean=0.001289
[C11] n=480 | classes=[0, 1] | acc=0.5125 | per_class={0: '1.00', 1: '0.00'}
[C12] eval model[0] mean=0.001308 | θ̃ mean=0.001308 | edge mean=0.001289
[C12] n=480 | classes=[1, 8] | acc=0.7417 | per_class={1: '0.82', 8: '0.67'}
[C13] eval model[0] mean=0.001307 | θ̃ mean=0.001307 | edge mean=0.001289
[C13] n=480 | classes=[0, 8] | acc=0.4938 | per_class={0: '0.05', 8: '0.96'}
[C14] eval model[0] mean=0.001257 | θ̃ mean=0.001257 | edge mean=0.001289
[C14] n=480 | classes=[0, 9] | acc=0.7896 | per_class={0: '0.81', 9: '0.77'}
[C15] eval model[0] mean=0.001289 | θ̃ mean=0.001289 | edge mean=0.001289
[C15] n=480 | classes=[0, 8] | acc=0.5771 | per_class={0: '0.85', 8: '0.29'}
[C16] eval model[0] mean=0.000933 | θ̃ mean=0.000933 | edge mean=0.001289
[C16] n=480 | classes=[1, 8] | acc=0.7479 | per_class={1: '0.76', 8: '0.74'}
[C17] eval model[0] mean=0.001768 | θ̃ mean=0.001768 | edge mean=0.001289
[C17] n=480 | classes=[1, 9] | acc=0.5083 | per_class={1: '0.99', 9: '0.02'}
[C18] eval model[0] mean=0.001440 | θ̃ mean=0.001440 | edge mean=0.001289
[C18] n=480 | classes=[1, 9] | acc=0.5625 | per_class={1: '0.93', 9: '0.18'}
[C19] eval model[0] mean=0.000847 | θ̃ mean=0.000847 | edge mean=0.001289
[C19] n=480 | classes=[0, 9] | acc=0.4917 | per_class={0: '1.00', 9: '0.01'}
  [Edge 1] G6 | E4 | Hier-pFedMe | Selected 10/10
  [Client 15] Round 6 | Hier-pFedMe(λ2=35.0,K=3) | loss=0.8881
  [Client 17] Round 6 | Hier-pFedMe(λ2=35.0,K=3) | loss=0.2343
  [Client 10] Round 6 | Hier-pFedMe(λ2=35.0,K=3) | loss=0.3454
  [Client 19] Round 6 | Hier-pFedMe(λ2=35.0,K=3) | loss=0.2170
  [Client 12] Round 6 | Hier-pFedMe(λ2=35.0,K=3) | loss=0.1100
  [Client 14] Round 6 | Hier-pFedMe(λ2=35.0,K=3) | loss=0.1341
  [Client 18] Round 6 | Hier-pFedMe(λ2=35.0,K=3) | loss=0.5517
  [Client 16] Round 6 | Hier-pFedMe(λ2=35.0,K=3) | loss=0.1981
  [Client 11] Round 6 | Hier-pFedMe(λ2=35.0,K=3) | loss=0.1714
  [Client 13] Round 6 | Hier-pFedMe(λ2=35.0,K=3) | loss=0.4497
  [Edge 1] G6 | E4 | loss=0.3300
[C10] eval model[0] mean=0.001461 | θ̃ mean=0.001461 | edge mean=0.001276
[C10] n=480 | classes=[8, 9] | acc=0.7937 | per_class={8: '0.72', 9: '0.87'}
[C11] eval model[0] mean=0.001112 | θ̃ mean=0.001112 | edge mean=0.001276
[C11] n=480 | classes=[0, 1] | acc=0.7521 | per_class={0: '0.64', 1: '0.87'}
[C12] eval model[0] mean=0.001626 | θ̃ mean=0.001626 | edge mean=0.001276
[C12] n=480 | classes=[1, 8] | acc=0.7479 | per_class={1: '0.67', 8: '0.82'}
[C13] eval model[0] mean=0.001089 | θ̃ mean=0.001089 | edge mean=0.001276
[C13] n=480 | classes=[0, 8] | acc=0.5125 | per_class={0: '0.92', 8: '0.09'}
[C14] eval model[0] mean=0.001284 | θ̃ mean=0.001284 | edge mean=0.001276
[C14] n=480 | classes=[0, 9] | acc=0.7729 | per_class={0: '0.71', 9: '0.84'}
[C15] eval model[0] mean=0.001319 | θ̃ mean=0.001319 | edge mean=0.001276
[C15] n=480 | classes=[0, 8] | acc=0.5208 | per_class={0: '0.99', 8: '0.03'}
[C16] eval model[0] mean=0.001293 | θ̃ mean=0.001293 | edge mean=0.001276
[C16] n=480 | classes=[1, 8] | acc=0.7729 | per_class={1: '0.89', 8: '0.65'}
[C17] eval model[0] mean=0.000842 | θ̃ mean=0.000842 | edge mean=0.001276
[C17] n=480 | classes=[1, 9] | acc=0.5042 | per_class={1: '1.00', 9: '0.00'}
[C18] eval model[0] mean=0.001339 | θ̃ mean=0.001339 | edge mean=0.001276
[C18] n=480 | classes=[1, 9] | acc=0.5813 | per_class={1: '0.75', 9: '0.41'}
[C19] eval model[0] mean=0.000934 | θ̃ mean=0.000934 | edge mean=0.001276
[C19] n=480 | classes=[0, 9] | acc=0.7562 | per_class={0: '0.54', 9: '0.96'}
  [Edge 1] G6 | E5 | Hier-pFedMe | Selected 10/10
  [Client 17] Round 6 | Hier-pFedMe(λ2=35.0,K=3) | loss=0.1921
  [Client 11] Round 6 | Hier-pFedMe(λ2=35.0,K=3) | loss=0.1301
  [Client 12] Round 6 | Hier-pFedMe(λ2=35.0,K=3) | loss=0.1226
  [Client 18] Round 6 | Hier-pFedMe(λ2=35.0,K=3) | loss=0.1801
  [Client 19] Round 6 | Hier-pFedMe(λ2=35.0,K=3) | loss=0.0713  [Client 14] Round 6 | Hier-pFedMe(λ2=35.0,K=3) | loss=0.2808

  [Client 16] Round 6 | Hier-pFedMe(λ2=35.0,K=3) | loss=1.9039
  [Client 15] Round 6 | Hier-pFedMe(λ2=35.0,K=3) | loss=0.4649
  [Client 10] Round 6 | Hier-pFedMe(λ2=35.0,K=3) | loss=0.2161
  [Client 13] Round 6 | Hier-pFedMe(λ2=35.0,K=3) | loss=3.2520
  [Edge 1] G6 | E5 | loss=0.6814
[C10] eval model[0] mean=0.001312 | θ̃ mean=0.001312 | edge mean=0.001243
[C10] n=480 | classes=[8, 9] | acc=0.7750 | per_class={8: '0.81', 9: '0.75'}
[C11] eval model[0] mean=0.001423 | θ̃ mean=0.001423 | edge mean=0.001243
[C11] n=480 | classes=[0, 1] | acc=0.7604 | per_class={0: '0.78', 1: '0.74'}
[C12] eval model[0] mean=0.001105 | θ̃ mean=0.001105 | edge mean=0.001243
[C12] n=480 | classes=[1, 8] | acc=0.7479 | per_class={1: '0.63', 8: '0.86'}
[C13] eval model[0] mean=0.000732 | θ̃ mean=0.000732 | edge mean=0.001243
[C13] n=480 | classes=[0, 8] | acc=0.4104 | per_class={0: '0.43', 8: '0.39'}
[C14] eval model[0] mean=0.001394 | θ̃ mean=0.001394 | edge mean=0.001243
[C14] n=480 | classes=[0, 9] | acc=0.7271 | per_class={0: '0.93', 9: '0.52'}
[C15] eval model[0] mean=0.001446 | θ̃ mean=0.001446 | edge mean=0.001243
[C15] n=480 | classes=[0, 8] | acc=0.5042 | per_class={0: '0.15', 8: '0.88'}
[C16] eval model[0] mean=0.001380 | θ̃ mean=0.001380 | edge mean=0.001243
[C16] n=480 | classes=[1, 8] | acc=0.7625 | per_class={1: '0.92', 8: '0.60'}
[C17] eval model[0] mean=0.001209 | θ̃ mean=0.001209 | edge mean=0.001243
[C17] n=480 | classes=[1, 9] | acc=0.5521 | per_class={1: '0.80', 9: '0.30'}
[C18] eval model[0] mean=0.001333 | θ̃ mean=0.001333 | edge mean=0.001243
[C18] n=480 | classes=[1, 9] | acc=0.6167 | per_class={1: '0.70', 9: '0.53'}
[C19] eval model[0] mean=0.001209 | θ̃ mean=0.001209 | edge mean=0.001243
[C19] n=480 | classes=[0, 9] | acc=0.7792 | per_class={0: '0.84', 9: '0.72'}
[C0] eval model[0] mean=0.001394 | θ̃ mean=0.001394 | edge mean=0.001255
[C0] n=800 | classes=[3, 6] | acc=0.6462 | per_class={3: '0.61', 6: '0.68'}
[C1] eval model[0] mean=0.001231 | θ̃ mean=0.001231 | edge mean=0.001255
[C1] n=800 | classes=[3, 6] | acc=0.6150 | per_class={3: '0.33', 6: '0.92'}
[C2] eval model[0] mean=0.001220 | θ̃ mean=0.001220 | edge mean=0.001255
[C2] n=800 | classes=[2, 5] | acc=0.6200 | per_class={2: '0.48', 5: '0.76'}
[C3] eval model[0] mean=0.001249 | θ̃ mean=0.001249 | edge mean=0.001255
[C3] n=800 | classes=[5, 7] | acc=0.5337 | per_class={5: '0.30', 7: '0.78'}
[C4] eval model[0] mean=0.001446 | θ̃ mean=0.001446 | edge mean=0.001255
[C4] n=800 | classes=[2, 7] | acc=0.6600 | per_class={2: '0.71', 7: '0.61'}
[C5] eval model[0] mean=0.001381 | θ̃ mean=0.001381 | edge mean=0.001255
[C5] n=800 | classes=[2, 4] | acc=0.4975 | per_class={2: '0.12', 4: '0.91'}
[C6] eval model[0] mean=0.001140 | θ̃ mean=0.001140 | edge mean=0.001255
[C6] n=800 | classes=[6, 7] | acc=0.6825 | per_class={6: '0.73', 7: '0.64'}
[C7] eval model[0] mean=0.001583 | θ̃ mean=0.001583 | edge mean=0.001255
[C7] n=800 | classes=[3, 5] | acc=0.5375 | per_class={3: '0.61', 5: '0.47'}
[C8] eval model[0] mean=0.001283 | θ̃ mean=0.001283 | edge mean=0.001255
[C8] n=400 | classes=[4] | acc=1.0000 | per_class={4: '1.00'}
[C9] eval model[0] mean=0.001342 | θ̃ mean=0.001342 | edge mean=0.001255
[C9] n=400 | classes=[4] | acc=1.0000 | per_class={4: '1.00'}
[C10] eval model[0] mean=0.001312 | θ̃ mean=0.001312 | edge mean=0.001243
[C10] n=480 | classes=[8, 9] | acc=0.7750 | per_class={8: '0.81', 9: '0.75'}
[C11] eval model[0] mean=0.001423 | θ̃ mean=0.001423 | edge mean=0.001243
[C11] n=480 | classes=[0, 1] | acc=0.7604 | per_class={0: '0.78', 1: '0.74'}
[C12] eval model[0] mean=0.001105 | θ̃ mean=0.001105 | edge mean=0.001243
[C12] n=480 | classes=[1, 8] | acc=0.7479 | per_class={1: '0.63', 8: '0.86'}
[C13] eval model[0] mean=0.000732 | θ̃ mean=0.000732 | edge mean=0.001243
[C13] n=480 | classes=[0, 8] | acc=0.4104 | per_class={0: '0.43', 8: '0.39'}
[C14] eval model[0] mean=0.001394 | θ̃ mean=0.001394 | edge mean=0.001243
[C14] n=480 | classes=[0, 9] | acc=0.7271 | per_class={0: '0.93', 9: '0.52'}
[C15] eval model[0] mean=0.001446 | θ̃ mean=0.001446 | edge mean=0.001243
[C15] n=480 | classes=[0, 8] | acc=0.5042 | per_class={0: '0.15', 8: '0.88'}
[C16] eval model[0] mean=0.001380 | θ̃ mean=0.001380 | edge mean=0.001243
[C16] n=480 | classes=[1, 8] | acc=0.7625 | per_class={1: '0.92', 8: '0.60'}
[C17] eval model[0] mean=0.001209 | θ̃ mean=0.001209 | edge mean=0.001243
[C17] n=480 | classes=[1, 9] | acc=0.5521 | per_class={1: '0.80', 9: '0.30'}
[C18] eval model[0] mean=0.001333 | θ̃ mean=0.001333 | edge mean=0.001243
[C18] n=480 | classes=[1, 9] | acc=0.6167 | per_class={1: '0.70', 9: '0.53'}
[C19] eval model[0] mean=0.001209 | θ̃ mean=0.001209 | edge mean=0.001243
[C19] n=480 | classes=[0, 9] | acc=0.7792 | per_class={0: '0.84', 9: '0.72'}
  [Cloud] GM=0.2048 | EM=0.3459 PM=0.6516 | loss=2.1696 | time=89.8s | comm=4556.2MB (total=27337MB)

[Round   7] Broadcasting to 2 edges...
  [Edge 0] G7 | E1 | Hier-pFedMe | Selected 10/10
  [Client  5] Round 7 | Hier-pFedMe(λ2=35.0,K=3) | loss=1.0348
  [Client  1] Round 7 | Hier-pFedMe(λ2=35.0,K=3) | loss=0.2192
  [Client  3] Round 7 | Hier-pFedMe(λ2=35.0,K=3) | loss=1.2505
  [Client  7] Round 7 | Hier-pFedMe(λ2=35.0,K=3) | loss=0.7480
  [Client  0] Round 7 | Hier-pFedMe(λ2=35.0,K=3) | loss=1.0142
  [Client  9] Round 7 | Hier-pFedMe(λ2=35.0,K=3) | loss=0.0202
  [Client  6] Round 7 | Hier-pFedMe(λ2=35.0,K=3) | loss=0.7685
  [Client  8] Round 7 | Hier-pFedMe(λ2=35.0,K=3) | loss=0.0110
  [Client  4] Round 7 | Hier-pFedMe(λ2=35.0,K=3) | loss=0.5123
  [Client  2] Round 7 | Hier-pFedMe(λ2=35.0,K=3) | loss=0.2656
  [Edge 0] G7 | E1 | loss=0.6476
[C0] eval model[0] mean=0.000687 | θ̃ mean=0.000687 | edge mean=0.001271
[C0] n=800 | classes=[3, 6] | acc=0.5088 | per_class={3: '1.00', 6: '0.00'}
[C1] eval model[0] mean=0.001124 | θ̃ mean=0.001124 | edge mean=0.001271
[C1] n=800 | classes=[3, 6] | acc=0.6500 | per_class={3: '0.76', 6: '0.54'}
[C2] eval model[0] mean=0.001167 | θ̃ mean=0.001167 | edge mean=0.001271
