This job can be monitored from: https://job.c3se.chalmers.se/alvis/6631351
========================================
Job ID      : 6631351
Job Name    : HierFLcifar10
Node        : alvis10-03
Start Time  : Thu May 14 07:08:15 CEST 2026
Working Dir : /cephyr/users/ziangg/Alvis/tf-dpfl
========================================
[Setup] Python: /cephyr/users/ziangg/Alvis/tf-dpfl/bin/python
[Setup] TF version: 2.15.1
[Setup] GPU available: [PhysicalDevice(name='/physical_device:GPU:0', device_type='GPU')]
[Config] Override: wandb.enabled = True
[Setup] Random seed: 42
[Setup] Loading dataset...
[Data] CIFAR-10 from Mimer: /mimer/NOBACKUP/Datasets/CIFAR
[Setup] Building global model...
Model: "cifar_cnn_3conv"
_________________________________________________________________
 Layer (type)                Output Shape              Param #   
=================================================================
 input_1 (InputLayer)        [(None, 32, 32, 3)]       0         
                                                                 
 conv2d (Conv2D)             (None, 32, 32, 32)        896       
                                                                 
 batch_normalization (Batch  (None, 32, 32, 32)        128       
 Normalization)                                                  
                                                                 
 re_lu (ReLU)                (None, 32, 32, 32)        0         
                                                                 
 conv2d_1 (Conv2D)           (None, 32, 32, 64)        18496     
                                                                 
 batch_normalization_1 (Bat  (None, 32, 32, 64)        256       
 chNormalization)                                                
                                                                 
 re_lu_1 (ReLU)              (None, 32, 32, 64)        0         
                                                                 
 max_pooling2d (MaxPooling2  (None, 16, 16, 64)        0         
 D)                                                              
                                                                 
 conv2d_2 (Conv2D)           (None, 16, 16, 128)       73856     
                                                                 
 batch_normalization_2 (Bat  (None, 16, 16, 128)       512       
 chNormalization)                                                
                                                                 
 re_lu_2 (ReLU)              (None, 16, 16, 128)       0         
                                                                 
 conv2d_3 (Conv2D)           (None, 16, 16, 128)       147584    
                                                                 
 batch_normalization_3 (Bat  (None, 16, 16, 128)       512       
 chNormalization)                                                
                                                                 
 re_lu_3 (ReLU)              (None, 16, 16, 128)       0         
                                                                 
 max_pooling2d_1 (MaxPoolin  (None, 8, 8, 128)         0         
 g2D)                                                            
                                                                 
 spatial_dropout2d (Spatial  (None, 8, 8, 128)         0         
 Dropout2D)                                                      
                                                                 
 conv2d_4 (Conv2D)           (None, 8, 8, 256)         295168    
                                                                 
 batch_normalization_4 (Bat  (None, 8, 8, 256)         1024      
 chNormalization)                                                
                                                                 
 re_lu_4 (ReLU)              (None, 8, 8, 256)         0         
                                                                 
 conv2d_5 (Conv2D)           (None, 8, 8, 256)         590080    
                                                                 
 batch_normalization_5 (Bat  (None, 8, 8, 256)         1024      
 chNormalization)                                                
                                                                 
 re_lu_5 (ReLU)              (None, 8, 8, 256)         0         
                                                                 
 max_pooling2d_2 (MaxPoolin  (None, 4, 4, 256)         0         
 g2D)                                                            
                                                                 
 flatten (Flatten)           (None, 4096)              0         
                                                                 
 dropout (Dropout)           (None, 4096)              0         
                                                                 
 dense (Dense)               (None, 1024)              4195328   
                                                                 
 dense_1 (Dense)             (None, 512)               524800    
                                                                 
 dropout_1 (Dropout)         (None, 512)               0         
                                                                 
 dense_2 (Dense)             (None, 10)                5130      
                                                                 
=================================================================
Total params: 5854794 (22.33 MB)
Trainable params: 5853066 (22.33 MB)
Non-trainable params: 1728 (6.75 KB)
_________________________________________________________________
[Setup] Building clients...

[Superclass-aware partition] 2 edges, 2 classes/client

  Edge 0 (class pool: [2, 3, 4, 5, 6, 7]):
  Client       Samples    Classes held                        Out-of-pool?
  ---------------------------------------------------------------------------
  client_0     4000       [3, 6]                              OK
  client_1     4000       [3, 6]                              OK
  client_2     4000       [2, 5]                              OK
  client_3     4000       [5, 7]                              OK
  client_4     4000       [2, 7]                              OK
  client_5     4000       [2, 4]                              OK
  client_6     4000       [6, 7]                              OK
  client_7     4000       [3, 5]                              OK
  client_8     2000       [4]                                 OK
  client_9     2000       [4]                                 OK

  Edge 1 (class pool: [0, 1, 8, 9]):
  Client       Samples    Classes held                        Out-of-pool?
  ---------------------------------------------------------------------------
  client_10    2400       [8, 9]                              OK
  client_11    2400       [0, 1]                              OK
  client_12    2400       [1, 8]                              OK
  client_13    2400       [0, 8]                              OK
  client_14    2400       [0, 9]                              OK
  client_15    2400       [0, 8]                              OK
  client_16    2400       [1, 8]                              OK
  client_17    2400       [1, 9]                              OK
  client_18    2400       [1, 9]                              OK
  client_19    2400       [0, 9]                              OK

[Train/Test split] 20 clients | avg train=2400, avg test=600 samples (ratio=0.2)
[Setup] 20 clients built (superclass_pathological) | per-client test sets injected
[Setup] Building edge servers...
[Assignment] Using pre-baked superclass assignments | 2 edges
[EdgeServer 0] 10 clients | 28800 samples
[EdgeServer 1] 10 clients | 19200 samples

[Setup] Built 2 edge servers (strategy=superclass_baked)
  Edge 0: 10 clients | 28800 samples
  Edge 1: 10 clients | 19200 samples
[Setup] Building per-edge test datasets (superclass-aware)...
  [Test split] Edge 0: 6000 test samples (6 classes)
  [Test split] Edge 1: 4000 test samples (4 classes)
[CloudServer] 2 edges | model: 22.33 MB

====================================================
 HierFAVG Training Start
====================================================

[Round   1] Broadcasting to 2 edges...
  [Edge 0] G1 | E1 | Hier-pFedMe | Selected 10/10
  [Client  8] Round 1 | Hier-pFedMe(λ2=35.0,K=3) | loss=0.0000
  [Client  9] Round 1 | Hier-pFedMe(λ2=35.0,K=3) | loss=0.0000
  [Client  6] Round 1 | Hier-pFedMe(λ2=35.0,K=3) | loss=23.1078
  [Client  3] Round 1 | Hier-pFedMe(λ2=35.0,K=3) | loss=20.4888
  [Client  7] Round 1 | Hier-pFedMe(λ2=35.0,K=3) | loss=13.5982
  [Client  1] Round 1 | Hier-pFedMe(λ2=35.0,K=3) | loss=19.0995
  [Client  4] Round 1 | Hier-pFedMe(λ2=35.0,K=3) | loss=27.0716
  [Client  0] Round 1 | Hier-pFedMe(λ2=35.0,K=3) | loss=21.8452
  [Client  5] Round 1 | Hier-pFedMe(λ2=35.0,K=3) | loss=15.3748
  [Client  2] Round 1 | Hier-pFedMe(λ2=35.0,K=3) | loss=14.5271
  [Edge 0] G1 | E1 | loss=17.2348
  [Edge 0] G1 | E2 | Hier-pFedMe | Selected 10/10
  [Client  3] Round 1 | Hier-pFedMe(λ2=35.0,K=3) | loss=0.9154
  [Client  7] Round 1 | Hier-pFedMe(λ2=35.0,K=3) | loss=2.0625
  [Client  9] Round 1 | Hier-pFedMe(λ2=35.0,K=3) | loss=0.0000
  [Client  0] Round 1 | Hier-pFedMe(λ2=35.0,K=3) | loss=0.1927
  [Client  6] Round 1 | Hier-pFedMe(λ2=35.0,K=3) | loss=1.2235
  [Client  4] Round 1 | Hier-pFedMe(λ2=35.0,K=3) | loss=0.8401
  [Client  2] Round 1 | Hier-pFedMe(λ2=35.0,K=3) | loss=0.3390
  [Client  8] Round 1 | Hier-pFedMe(λ2=35.0,K=3) | loss=0.0002
  [Client  5] Round 1 | Hier-pFedMe(λ2=35.0,K=3) | loss=3.6244
  [Client  1] Round 1 | Hier-pFedMe(λ2=35.0,K=3) | loss=1.2361
  [Edge 0] G1 | E2 | loss=1.1593
  [Edge 0] G1 | E3 | Hier-pFedMe | Selected 10/10
  [Client  6] Round 1 | Hier-pFedMe(λ2=35.0,K=3) | loss=3.8080
  [Client  9] Round 1 | Hier-pFedMe(λ2=35.0,K=3) | loss=0.0004
  [Client  7] Round 1 | Hier-pFedMe(λ2=35.0,K=3) | loss=6.9693
  [Client  8] Round 1 | Hier-pFedMe(λ2=35.0,K=3) | loss=0.0001
  [Client  4] Round 1 | Hier-pFedMe(λ2=35.0,K=3) | loss=5.7050  [Client  1] Round 1 | Hier-pFedMe(λ2=35.0,K=3) | loss=5.3089

  [Client  0] Round 1 | Hier-pFedMe(λ2=35.0,K=3) | loss=8.3870
  [Client  3] Round 1 | Hier-pFedMe(λ2=35.0,K=3) | loss=9.2663
  [Client  2] Round 1 | Hier-pFedMe(λ2=35.0,K=3) | loss=9.5346
  [Client  5] Round 1 | Hier-pFedMe(λ2=35.0,K=3) | loss=2.0955
  [Edge 0] G1 | E3 | loss=5.6750
  [Edge 0] G1 | E4 | Hier-pFedMe | Selected 10/10
  [Client  8] Round 1 | Hier-pFedMe(λ2=35.0,K=3) | loss=0.0058
  [Client  6] Round 1 | Hier-pFedMe(λ2=35.0,K=3) | loss=0.2379
  [Client  0] Round 1 | Hier-pFedMe(λ2=35.0,K=3) | loss=0.6421
  [Client  9] Round 1 | Hier-pFedMe(λ2=35.0,K=3) | loss=0.0029
  [Client  7] Round 1 | Hier-pFedMe(λ2=35.0,K=3) | loss=0.9914
  [Client  3] Round 1 | Hier-pFedMe(λ2=35.0,K=3) | loss=0.6169
  [Client  5] Round 1 | Hier-pFedMe(λ2=35.0,K=3) | loss=1.1088
  [Client  2] Round 1 | Hier-pFedMe(λ2=35.0,K=3) | loss=1.1943
  [Client  1] Round 1 | Hier-pFedMe(λ2=35.0,K=3) | loss=0.3357
  [Client  4] Round 1 | Hier-pFedMe(λ2=35.0,K=3) | loss=0.4336
  [Edge 0] G1 | E4 | loss=0.6183
  [Edge 0] G1 | E5 | Hier-pFedMe | Selected 10/10
  [Client  1] Round 1 | Hier-pFedMe(λ2=35.0,K=3) | loss=0.2734
  [Client  8] Round 1 | Hier-pFedMe(λ2=35.0,K=3) | loss=0.0050
  [Client  7] Round 1 | Hier-pFedMe(λ2=35.0,K=3) | loss=4.5013
  [Client  4] Round 1 | Hier-pFedMe(λ2=35.0,K=3) | loss=9.0579
  [Client  9] Round 1 | Hier-pFedMe(λ2=35.0,K=3) | loss=0.0019
  [Client  5] Round 1 | Hier-pFedMe(λ2=35.0,K=3) | loss=1.3094
  [Client  3] Round 1 | Hier-pFedMe(λ2=35.0,K=3) | loss=7.5311
  [Client  0] Round 1 | Hier-pFedMe(λ2=35.0,K=3) | loss=7.1515
  [Client  2] Round 1 | Hier-pFedMe(λ2=35.0,K=3) | loss=3.3181
  [Client  6] Round 1 | Hier-pFedMe(λ2=35.0,K=3) | loss=4.8708
  [Edge 0] G1 | E5 | loss=4.2241
  [Edge 1] G1 | E1 | Hier-pFedMe | Selected 10/10
  [Client 10] Round 1 | Hier-pFedMe(λ2=35.0,K=3) | loss=20.9769
  [Client 19] Round 1 | Hier-pFedMe(λ2=35.0,K=3) | loss=15.2491
  [Client 17] Round 1 | Hier-pFedMe(λ2=35.0,K=3) | loss=16.8346
  [Client 13] Round 1 | Hier-pFedMe(λ2=35.0,K=3) | loss=14.3767
  [Client 12] Round 1 | Hier-pFedMe(λ2=35.0,K=3) | loss=5.2412
  [Client 14] Round 1 | Hier-pFedMe(λ2=35.0,K=3) | loss=9.9455
  [Client 11] Round 1 | Hier-pFedMe(λ2=35.0,K=3) | loss=9.0344
  [Client 15] Round 1 | Hier-pFedMe(λ2=35.0,K=3) | loss=1.9931
  [Client 16] Round 1 | Hier-pFedMe(λ2=35.0,K=3) | loss=28.1073
  [Client 18] Round 1 | Hier-pFedMe(λ2=35.0,K=3) | loss=25.7726
  [Edge 1] G1 | E1 | loss=14.7531
  [Edge 1] G1 | E2 | Hier-pFedMe | Selected 10/10
  [Client 19] Round 1 | Hier-pFedMe(λ2=35.0,K=3) | loss=0.9142
  [Client 11] Round 1 | Hier-pFedMe(λ2=35.0,K=3) | loss=7.9536
  [Client 16] Round 1 | Hier-pFedMe(λ2=35.0,K=3) | loss=2.1598
  [Client 15] Round 1 | Hier-pFedMe(λ2=35.0,K=3) | loss=0.6271
  [Client 18] Round 1 | Hier-pFedMe(λ2=35.0,K=3) | loss=1.3607
  [Client 14] Round 1 | Hier-pFedMe(λ2=35.0,K=3) | loss=0.2875
  [Client 17] Round 1 | Hier-pFedMe(λ2=35.0,K=3) | loss=0.3429
  [Client 12] Round 1 | Hier-pFedMe(λ2=35.0,K=3) | loss=4.7313
  [Client 13] Round 1 | Hier-pFedMe(λ2=35.0,K=3) | loss=2.5161
  [Client 10] Round 1 | Hier-pFedMe(λ2=35.0,K=3) | loss=0.9637
  [Edge 1] G1 | E2 | loss=2.1857
  [Edge 1] G1 | E3 | Hier-pFedMe | Selected 10/10
  [Client 12] Round 1 | Hier-pFedMe(λ2=35.0,K=3) | loss=2.2501
  [Client 15] Round 1 | Hier-pFedMe(λ2=35.0,K=3) | loss=0.6432
  [Client 10] Round 1 | Hier-pFedMe(λ2=35.0,K=3) | loss=5.4142
  [Client 14] Round 1 | Hier-pFedMe(λ2=35.0,K=3) | loss=0.4884
  [Client 11] Round 1 | Hier-pFedMe(λ2=35.0,K=3) | loss=2.6347
  [Client 18] Round 1 | Hier-pFedMe(λ2=35.0,K=3) | loss=2.1914
  [Client 16] Round 1 | Hier-pFedMe(λ2=35.0,K=3) | loss=5.9777
  [Client 13] Round 1 | Hier-pFedMe(λ2=35.0,K=3) | loss=5.9615
  [Client 17] Round 1 | Hier-pFedMe(λ2=35.0,K=3) | loss=10.1138
  [Client 19] Round 1 | Hier-pFedMe(λ2=35.0,K=3) | loss=1.8960
  [Edge 1] G1 | E3 | loss=3.7571
  [Edge 1] G1 | E4 | Hier-pFedMe | Selected 10/10
  [Client 14] Round 1 | Hier-pFedMe(λ2=35.0,K=3) | loss=0.4338
  [Client 18] Round 1 | Hier-pFedMe(λ2=35.0,K=3) | loss=0.6271
  [Client 12] Round 1 | Hier-pFedMe(λ2=35.0,K=3) | loss=0.5050
  [Client 15] Round 1 | Hier-pFedMe(λ2=35.0,K=3) | loss=0.9359
  [Client 10] Round 1 | Hier-pFedMe(λ2=35.0,K=3) | loss=0.7481
  [Client 13] Round 1 | Hier-pFedMe(λ2=35.0,K=3) | loss=0.4680
  [Client 11] Round 1 | Hier-pFedMe(λ2=35.0,K=3) | loss=2.5527
  [Client 16] Round 1 | Hier-pFedMe(λ2=35.0,K=3) | loss=0.3129
  [Client 19] Round 1 | Hier-pFedMe(λ2=35.0,K=3) | loss=0.3638
  [Client 17] Round 1 | Hier-pFedMe(λ2=35.0,K=3) | loss=0.6269
  [Edge 1] G1 | E4 | loss=0.7574
  [Edge 1] G1 | E5 | Hier-pFedMe | Selected 10/10
  [Client 16] Round 1 | Hier-pFedMe(λ2=35.0,K=3) | loss=1.9047
  [Client 19] Round 1 | Hier-pFedMe(λ2=35.0,K=3) | loss=1.2807
  [Client 18] Round 1 | Hier-pFedMe(λ2=35.0,K=3) | loss=0.2004
  [Client 13] Round 1 | Hier-pFedMe(λ2=35.0,K=3) | loss=3.6881
  [Client 17] Round 1 | Hier-pFedMe(λ2=35.0,K=3) | loss=11.1979
  [Client 15] Round 1 | Hier-pFedMe(λ2=35.0,K=3) | loss=0.6822
  [Client 12] Round 1 | Hier-pFedMe(λ2=35.0,K=3) | loss=0.5922
  [Client 14] Round 1 | Hier-pFedMe(λ2=35.0,K=3) | loss=0.2144
  [Client 11] Round 1 | Hier-pFedMe(λ2=35.0,K=3) | loss=0.9536
  [Client 10] Round 1 | Hier-pFedMe(λ2=35.0,K=3) | loss=0.2862
  [Edge 1] G1 | E5 | loss=2.1000
[C0] eval model[0] mean=-0.004738 | θ̃ mean=-0.004738 | edge mean=-0.003944
[C0] n=800 | classes=[3, 6] | acc=0.4800 | per_class={3: '0.00', 6: '0.98'}
[C1] eval model[0] mean=-0.003267 | θ̃ mean=-0.003267 | edge mean=-0.003944
[C1] n=800 | classes=[3, 6] | acc=0.5175 | per_class={3: '1.00', 6: '0.00'}
[C2] eval model[0] mean=-0.003816 | θ̃ mean=-0.003816 | edge mean=-0.003944
[C2] n=800 | classes=[2, 5] | acc=0.5000 | per_class={2: '1.00', 5: '0.00'}
[C3] eval model[0] mean=-0.004536 | θ̃ mean=-0.004536 | edge mean=-0.003944
[C3] n=800 | classes=[5, 7] | acc=0.4863 | per_class={5: '0.00', 7: '0.99'}
[C4] eval model[0] mean=-0.004652 | θ̃ mean=-0.004652 | edge mean=-0.003944
[C4] n=800 | classes=[2, 7] | acc=0.5737 | per_class={2: '0.69', 7: '0.46'}
[C5] eval model[0] mean=-0.003984 | θ̃ mean=-0.003984 | edge mean=-0.003944
[C5] n=800 | classes=[2, 4] | acc=0.5238 | per_class={2: '1.00', 4: '0.00'}
[C6] eval model[0] mean=-0.003631 | θ̃ mean=-0.003631 | edge mean=-0.003944
[C6] n=800 | classes=[6, 7] | acc=0.5112 | per_class={6: '0.01', 7: '1.00'}
[C7] eval model[0] mean=-0.003619 | θ̃ mean=-0.003619 | edge mean=-0.003944
[C7] n=800 | classes=[3, 5] | acc=0.5238 | per_class={3: '0.00', 5: '1.00'}
[C8] eval model[0] mean=-0.004085 | θ̃ mean=-0.004085 | edge mean=-0.003944
[C8] n=400 | classes=[4] | acc=1.0000 | per_class={4: '1.00'}
[C9] eval model[0] mean=-0.003697 | θ̃ mean=-0.003697 | edge mean=-0.003944
[C9] n=400 | classes=[4] | acc=1.0000 | per_class={4: '1.00'}
[C10] eval model[0] mean=-0.004253 | θ̃ mean=-0.004253 | edge mean=-0.003965
[C10] n=480 | classes=[8, 9] | acc=0.4917 | per_class={8: '1.00', 9: '0.00'}
[C11] eval model[0] mean=-0.003411 | θ̃ mean=-0.003411 | edge mean=-0.003965
[C11] n=480 | classes=[0, 1] | acc=0.4875 | per_class={0: '0.00', 1: '1.00'}
[C12] eval model[0] mean=-0.004404 | θ̃ mean=-0.004404 | edge mean=-0.003965
[C12] n=480 | classes=[1, 8] | acc=0.5229 | per_class={1: '0.03', 8: '1.00'}
[C13] eval model[0] mean=-0.002899 | θ̃ mean=-0.002899 | edge mean=-0.003965
[C13] n=480 | classes=[0, 8] | acc=0.4813 | per_class={0: '0.00', 8: '0.99'}
[C14] eval model[0] mean=-0.004314 | θ̃ mean=-0.004314 | edge mean=-0.003965
[C14] n=480 | classes=[0, 9] | acc=0.5042 | per_class={0: '1.00', 9: '0.00'}
[C15] eval model[0] mean=-0.003895 | θ̃ mean=-0.003895 | edge mean=-0.003965
[C15] n=480 | classes=[0, 8] | acc=0.5125 | per_class={0: '1.00', 8: '0.00'}
[C16] eval model[0] mean=-0.003109 | θ̃ mean=-0.003109 | edge mean=-0.003965
[C16] n=480 | classes=[1, 8] | acc=0.4938 | per_class={1: '1.00', 8: '0.00'}
[C17] eval model[0] mean=-0.004366 | θ̃ mean=-0.004366 | edge mean=-0.003965
[C17] n=480 | classes=[1, 9] | acc=0.4521 | per_class={1: '0.90', 9: '0.00'}
[C18] eval model[0] mean=-0.004245 | θ̃ mean=-0.004245 | edge mean=-0.003965
[C18] n=480 | classes=[1, 9] | acc=0.5062 | per_class={1: '1.00', 9: '0.00'}
[C19] eval model[0] mean=-0.004356 | θ̃ mean=-0.004356 | edge mean=-0.003965
[C19] n=480 | classes=[0, 9] | acc=0.4896 | per_class={0: '1.00', 9: '0.00'}
  [Cloud] GM=0.0791 | EM=0.2088 PM=0.5387 | loss=2.3062 | time=73.1s | comm=4556.2MB (total=4556MB)

[Round   2] Broadcasting to 2 edges...
  [Edge 0] G2 | E1 | Hier-pFedMe | Selected 10/10
  [Client  6] Round 2 | Hier-pFedMe(λ2=35.0,K=3) | loss=0.7029
  [Client  8] Round 2 | Hier-pFedMe(λ2=35.0,K=3) | loss=0.0160
  [Client  2] Round 2 | Hier-pFedMe(λ2=35.0,K=3) | loss=0.7212
  [Client  9] Round 2 | Hier-pFedMe(λ2=35.0,K=3) | loss=0.0239
  [Client  5] Round 2 | Hier-pFedMe(λ2=35.0,K=3) | loss=0.4333
  [Client  1] Round 2 | Hier-pFedMe(λ2=35.0,K=3) | loss=0.5761
  [Client  4] Round 2 | Hier-pFedMe(λ2=35.0,K=3) | loss=0.8552
  [Client  0] Round 2 | Hier-pFedMe(λ2=35.0,K=3) | loss=0.7813
  [Client  7] Round 2 | Hier-pFedMe(λ2=35.0,K=3) | loss=0.7898
  [Client  3] Round 2 | Hier-pFedMe(λ2=35.0,K=3) | loss=1.1053
  [Edge 0] G2 | E1 | loss=0.6650
  [Edge 0] G2 | E2 | Hier-pFedMe | Selected 10/10
  [Client  1] Round 2 | Hier-pFedMe(λ2=35.0,K=3) | loss=0.1897
  [Client  8] Round 2 | Hier-pFedMe(λ2=35.0,K=3) | loss=0.0157
  [Client  5] Round 2 | Hier-pFedMe(λ2=35.0,K=3) | loss=1.0377
  [Client  6] Round 2 | Hier-pFedMe(λ2=35.0,K=3) | loss=3.2831
  [Client  4] Round 2 | Hier-pFedMe(λ2=35.0,K=3) | loss=4.5289
  [Client  3] Round 2 | Hier-pFedMe(λ2=35.0,K=3) | loss=5.1272
  [Client  0] Round 2 | Hier-pFedMe(λ2=35.0,K=3) | loss=4.7271
  [Client  7] Round 2 | Hier-pFedMe(λ2=35.0,K=3) | loss=1.4418
  [Client  9] Round 2 | Hier-pFedMe(λ2=35.0,K=3) | loss=0.0169
  [Client  2] Round 2 | Hier-pFedMe(λ2=35.0,K=3) | loss=0.1345
  [Edge 0] G2 | E2 | loss=2.2763
  [Edge 0] G2 | E3 | Hier-pFedMe | Selected 10/10
  [Client  3] Round 2 | Hier-pFedMe(λ2=35.0,K=3) | loss=0.6407
  [Client  6] Round 2 | Hier-pFedMe(λ2=35.0,K=3) | loss=0.3524
  [Client  1] Round 2 | Hier-pFedMe(λ2=35.0,K=3) | loss=0.3156
  [Client  8] Round 2 | Hier-pFedMe(λ2=35.0,K=3) | loss=0.0209
  [Client  0] Round 2 | Hier-pFedMe(λ2=35.0,K=3) | loss=0.5819
  [Client  9] Round 2 | Hier-pFedMe(λ2=35.0,K=3) | loss=0.0150
  [Client  5] Round 2 | Hier-pFedMe(λ2=35.0,K=3) | loss=0.3969
  [Client  4] Round 2 | Hier-pFedMe(λ2=35.0,K=3) | loss=0.4343
  [Client  7] Round 2 | Hier-pFedMe(λ2=35.0,K=3) | loss=0.4904
  [Client  2] Round 2 | Hier-pFedMe(λ2=35.0,K=3) | loss=0.4739
  [Edge 0] G2 | E3 | loss=0.4116
  [Edge 0] G2 | E4 | Hier-pFedMe | Selected 10/10
  [Client  2] Round 2 | Hier-pFedMe(λ2=35.0,K=3) | loss=0.4246
  [Client  5] Round 2 | Hier-pFedMe(λ2=35.0,K=3) | loss=0.4669
  [Client  6] Round 2 | Hier-pFedMe(λ2=35.0,K=3) | loss=3.0977
  [Client  1] Round 2 | Hier-pFedMe(λ2=35.0,K=3) | loss=0.3486
  [Client  8] Round 2 | Hier-pFedMe(λ2=35.0,K=3) | loss=0.0096
  [Client  0] Round 2 | Hier-pFedMe(λ2=35.0,K=3) | loss=2.4903
  [Client  7] Round 2 | Hier-pFedMe(λ2=35.0,K=3) | loss=1.1633
  [Client  4] Round 2 | Hier-pFedMe(λ2=35.0,K=3) | loss=3.5430
  [Client  3] Round 2 | Hier-pFedMe(λ2=35.0,K=3) | loss=6.0013
  [Client  9] Round 2 | Hier-pFedMe(λ2=35.0,K=3) | loss=0.0120
  [Edge 0] G2 | E4 | loss=1.9496
  [Edge 0] G2 | E5 | Hier-pFedMe | Selected 10/10
  [Client  2] Round 2 | Hier-pFedMe(λ2=35.0,K=3) | loss=0.3871
  [Client  1] Round 2 | Hier-pFedMe(λ2=35.0,K=3) | loss=0.4463
  [Client  5] Round 2 | Hier-pFedMe(λ2=35.0,K=3) | loss=0.3920
  [Client  6] Round 2 | Hier-pFedMe(λ2=35.0,K=3) | loss=0.8477
  [Client  8] Round 2 | Hier-pFedMe(λ2=35.0,K=3) | loss=0.0228
  [Client  9] Round 2 | Hier-pFedMe(λ2=35.0,K=3) | loss=0.0175
  [Client  3] Round 2 | Hier-pFedMe(λ2=35.0,K=3) | loss=0.7672
  [Client  7] Round 2 | Hier-pFedMe(λ2=35.0,K=3) | loss=0.6524
  [Client  4] Round 2 | Hier-pFedMe(λ2=35.0,K=3) | loss=0.5522
  [Client  0] Round 2 | Hier-pFedMe(λ2=35.0,K=3) | loss=0.5867
  [Edge 0] G2 | E5 | loss=0.5169
  [Edge 1] G2 | E1 | Hier-pFedMe | Selected 10/10
  [Client 16] Round 2 | Hier-pFedMe(λ2=35.0,K=3) | loss=0.5607
  [Client 14] Round 2 | Hier-pFedMe(λ2=35.0,K=3) | loss=0.3394
  [Client 17] Round 2 | Hier-pFedMe(λ2=35.0,K=3) | loss=1.1342
  [Client 11] Round 2 | Hier-pFedMe(λ2=35.0,K=3) | loss=0.3283
  [Client 19] Round 2 | Hier-pFedMe(λ2=35.0,K=3) | loss=0.1947  [Client 13] Round 2 | Hier-pFedMe(λ2=35.0,K=3) | loss=0.6823

  [Client 12] Round 2 | Hier-pFedMe(λ2=35.0,K=3) | loss=0.5385
  [Client 10] Round 2 | Hier-pFedMe(λ2=35.0,K=3) | loss=0.4508
  [Client 15] Round 2 | Hier-pFedMe(λ2=35.0,K=3) | loss=0.8862
  [Client 18] Round 2 | Hier-pFedMe(λ2=35.0,K=3) | loss=0.4784
  [Edge 1] G2 | E1 | loss=0.5594
  [Edge 1] G2 | E2 | Hier-pFedMe | Selected 10/10
  [Client 10] Round 2 | Hier-pFedMe(λ2=35.0,K=3) | loss=0.3658
  [Client 11] Round 2 | Hier-pFedMe(λ2=35.0,K=3) | loss=0.8187
  [Client 12] Round 2 | Hier-pFedMe(λ2=35.0,K=3) | loss=0.4286
  [Client 13] Round 2 | Hier-pFedMe(λ2=35.0,K=3) | loss=1.0192
  [Client 17] Round 2 | Hier-pFedMe(λ2=35.0,K=3) | loss=11.1934
  [Client 16] Round 2 | Hier-pFedMe(λ2=35.0,K=3) | loss=2.3318
  [Client 19] Round 2 | Hier-pFedMe(λ2=35.0,K=3) | loss=0.3816
  [Client 18] Round 2 | Hier-pFedMe(λ2=35.0,K=3) | loss=0.4663
  [Client 15] Round 2 | Hier-pFedMe(λ2=35.0,K=3) | loss=0.4866
  [Client 14] Round 2 | Hier-pFedMe(λ2=35.0,K=3) | loss=0.1914
  [Edge 1] G2 | E2 | loss=1.7683
  [Edge 1] G2 | E3 | Hier-pFedMe | Selected 10/10
  [Client 13] Round 2 | Hier-pFedMe(λ2=35.0,K=3) | loss=0.3541
  [Client 12] Round 2 | Hier-pFedMe(λ2=35.0,K=3) | loss=0.5818
  [Client 14] Round 2 | Hier-pFedMe(λ2=35.0,K=3) | loss=0.1475
  [Client 10] Round 2 | Hier-pFedMe(λ2=35.0,K=3) | loss=0.4531
  [Client 17] Round 2 | Hier-pFedMe(λ2=35.0,K=3) | loss=0.6235
  [Client 18] Round 2 | Hier-pFedMe(λ2=35.0,K=3) | loss=0.4976
  [Client 16] Round 2 | Hier-pFedMe(λ2=35.0,K=3) | loss=0.6251
  [Client 19] Round 2 | Hier-pFedMe(λ2=35.0,K=3) | loss=0.3273
  [Client 15] Round 2 | Hier-pFedMe(λ2=35.0,K=3) | loss=0.3797
  [Client 11] Round 2 | Hier-pFedMe(λ2=35.0,K=3) | loss=0.5446
  [Edge 1] G2 | E3 | loss=0.4534
  [Edge 1] G2 | E4 | Hier-pFedMe | Selected 10/10
  [Client 14] Round 2 | Hier-pFedMe(λ2=35.0,K=3) | loss=0.3262
  [Client 11] Round 2 | Hier-pFedMe(λ2=35.0,K=3) | loss=0.3453
  [Client 15] Round 2 | Hier-pFedMe(λ2=35.0,K=3) | loss=0.3484
  [Client 19] Round 2 | Hier-pFedMe(λ2=35.0,K=3) | loss=0.2081
  [Client 12] Round 2 | Hier-pFedMe(λ2=35.0,K=3) | loss=0.5126
  [Client 17] Round 2 | Hier-pFedMe(λ2=35.0,K=3) | loss=11.8596
  [Client 10] Round 2 | Hier-pFedMe(λ2=35.0,K=3) | loss=0.1216
  [Client 13] Round 2 | Hier-pFedMe(λ2=35.0,K=3) | loss=1.1161
  [Client 16] Round 2 | Hier-pFedMe(λ2=35.0,K=3) | loss=0.8717
  [Client 18] Round 2 | Hier-pFedMe(λ2=35.0,K=3) | loss=0.4537
  [Edge 1] G2 | E4 | loss=1.6163
  [Edge 1] G2 | E5 | Hier-pFedMe | Selected 10/10
  [Client 11] Round 2 | Hier-pFedMe(λ2=35.0,K=3) | loss=0.1879
  [Client 18] Round 2 | Hier-pFedMe(λ2=35.0,K=3) | loss=0.4003
  [Client 14] Round 2 | Hier-pFedMe(λ2=35.0,K=3) | loss=0.2614
  [Client 13] Round 2 | Hier-pFedMe(λ2=35.0,K=3) | loss=0.3173
  [Client 17] Round 2 | Hier-pFedMe(λ2=35.0,K=3) | loss=0.4265
  [Client 16] Round 2 | Hier-pFedMe(λ2=35.0,K=3) | loss=0.8297
  [Client 10] Round 2 | Hier-pFedMe(λ2=35.0,K=3) | loss=0.3410
  [Client 15] Round 2 | Hier-pFedMe(λ2=35.0,K=3) | loss=0.2506
  [Client 19] Round 2 | Hier-pFedMe(λ2=35.0,K=3) | loss=0.2374
  [Client 12] Round 2 | Hier-pFedMe(λ2=35.0,K=3) | loss=0.2363
  [Edge 1] G2 | E5 | loss=0.3488
[C0] eval model[0] mean=-0.004029 | θ̃ mean=-0.004029 | edge mean=-0.003914
[C0] n=800 | classes=[3, 6] | acc=0.4950 | per_class={3: '0.01', 6: '1.00'}
[C1] eval model[0] mean=-0.003768 | θ̃ mean=-0.003768 | edge mean=-0.003914
[C1] n=800 | classes=[3, 6] | acc=0.5162 | per_class={3: '0.98', 6: '0.02'}
[C2] eval model[0] mean=-0.004102 | θ̃ mean=-0.004102 | edge mean=-0.003914
[C2] n=800 | classes=[2, 5] | acc=0.5050 | per_class={2: '0.99', 5: '0.01'}
[C3] eval model[0] mean=-0.003894 | θ̃ mean=-0.003894 | edge mean=-0.003914
[C3] n=800 | classes=[5, 7] | acc=0.5188 | per_class={5: '0.57', 7: '0.47'}
[C4] eval model[0] mean=-0.003872 | θ̃ mean=-0.003872 | edge mean=-0.003914
[C4] n=800 | classes=[2, 7] | acc=0.4913 | per_class={2: '1.00', 7: '0.00'}
[C5] eval model[0] mean=-0.004478 | θ̃ mean=-0.004478 | edge mean=-0.003914
[C5] n=800 | classes=[2, 4] | acc=0.4763 | per_class={2: '0.00', 4: '1.00'}
[C6] eval model[0] mean=-0.003884 | θ̃ mean=-0.003884 | edge mean=-0.003914
[C6] n=800 | classes=[6, 7] | acc=0.4950 | per_class={6: '1.00', 7: '0.00'}
[C7] eval model[0] mean=-0.004023 | θ̃ mean=-0.004023 | edge mean=-0.003914
[C7] n=800 | classes=[3, 5] | acc=0.5150 | per_class={3: '0.31', 5: '0.70'}
[C8] eval model[0] mean=-0.003886 | θ̃ mean=-0.003886 | edge mean=-0.003914
[C8] n=400 | classes=[4] | acc=1.0000 | per_class={4: '1.00'}
[C9] eval model[0] mean=-0.003716 | θ̃ mean=-0.003716 | edge mean=-0.003914
[C9] n=400 | classes=[4] | acc=1.0000 | per_class={4: '1.00'}
[C10] eval model[0] mean=-0.004033 | θ̃ mean=-0.004033 | edge mean=-0.003948
[C10] n=480 | classes=[8, 9] | acc=0.5271 | per_class={8: '1.00', 9: '0.07'}
[C11] eval model[0] mean=-0.003467 | θ̃ mean=-0.003467 | edge mean=-0.003948
[C11] n=480 | classes=[0, 1] | acc=0.5229 | per_class={0: '0.97', 1: '0.06'}
[C12] eval model[0] mean=-0.003843 | θ̃ mean=-0.003843 | edge mean=-0.003948
[C12] n=480 | classes=[1, 8] | acc=0.5292 | per_class={1: '0.04', 8: '1.00'}
[C13] eval model[0] mean=-0.004072 | θ̃ mean=-0.004072 | edge mean=-0.003948
[C13] n=480 | classes=[0, 8] | acc=0.5458 | per_class={0: '0.13', 8: '0.99'}
[C14] eval model[0] mean=-0.004031 | θ̃ mean=-0.004031 | edge mean=-0.003948
[C14] n=480 | classes=[0, 9] | acc=0.7292 | per_class={0: '0.91', 9: '0.54'}
[C15] eval model[0] mean=-0.004095 | θ̃ mean=-0.004095 | edge mean=-0.003948
[C15] n=480 | classes=[0, 8] | acc=0.5708 | per_class={0: '0.86', 8: '0.27'}
[C16] eval model[0] mean=-0.003921 | θ̃ mean=-0.003921 | edge mean=-0.003948
[C16] n=480 | classes=[1, 8] | acc=0.5750 | per_class={1: '0.14', 8: '1.00'}
[C17] eval model[0] mean=-0.003684 | θ̃ mean=-0.003684 | edge mean=-0.003948
[C17] n=480 | classes=[1, 9] | acc=0.5104 | per_class={1: '0.85', 9: '0.17'}
[C18] eval model[0] mean=-0.003505 | θ̃ mean=-0.003505 | edge mean=-0.003948
[C18] n=480 | classes=[1, 9] | acc=0.5000 | per_class={1: '0.04', 9: '0.98'}
[C19] eval model[0] mean=-0.003904 | θ̃ mean=-0.003904 | edge mean=-0.003948
[C19] n=480 | classes=[0, 9] | acc=0.5167 | per_class={0: '0.99', 9: '0.07'}
  [Cloud] GM=0.1337 | EM=0.2263 PM=0.5553 | loss=2.2914 | time=39.0s | comm=4556.2MB (total=9112MB)

[Round   3] Broadcasting to 2 edges...
  [Edge 0] G3 | E1 | Hier-pFedMe | Selected 10/10
  [Client  4] Round 3 | Hier-pFedMe(λ2=35.0,K=3) | loss=1.6706
  [Client  9] Round 3 | Hier-pFedMe(λ2=35.0,K=3) | loss=0.0162
  [Client  3] Round 3 | Hier-pFedMe(λ2=35.0,K=3) | loss=3.8476
  [Client  6] Round 3 | Hier-pFedMe(λ2=35.0,K=3) | loss=2.2136
  [Client  1] Round 3 | Hier-pFedMe(λ2=35.0,K=3) | loss=0.4245
  [Client  5] Round 3 | Hier-pFedMe(λ2=35.0,K=3) | loss=0.5627
  [Client  0] Round 3 | Hier-pFedMe(λ2=35.0,K=3) | loss=0.9551
  [Client  7] Round 3 | Hier-pFedMe(λ2=35.0,K=3) | loss=0.4659
  [Client  8] Round 3 | Hier-pFedMe(λ2=35.0,K=3) | loss=0.0202
  [Client  2] Round 3 | Hier-pFedMe(λ2=35.0,K=3) | loss=0.3526
  [Edge 0] G3 | E1 | loss=1.1679
  [Edge 0] G3 | E2 | Hier-pFedMe | Selected 10/10
  [Client  9] Round 3 | Hier-pFedMe(λ2=35.0,K=3) | loss=0.0165
  [Client  4] Round 3 | Hier-pFedMe(λ2=35.0,K=3) | loss=0.3624  [Client  6] Round 3 | Hier-pFedMe(λ2=35.0,K=3) | loss=0.3494

  [Client  5] Round 3 | Hier-pFedMe(λ2=35.0,K=3) | loss=0.2174
  [Client  1] Round 3 | Hier-pFedMe(λ2=35.0,K=3) | loss=0.2637
  [Client  7] Round 3 | Hier-pFedMe(λ2=35.0,K=3) | loss=0.4456
  [Client  8] Round 3 | Hier-pFedMe(λ2=35.0,K=3) | loss=0.0154
  [Client  0] Round 3 | Hier-pFedMe(λ2=35.0,K=3) | loss=0.2803
  [Client  2] Round 3 | Hier-pFedMe(λ2=35.0,K=3) | loss=0.3973  [Client  3] Round 3 | Hier-pFedMe(λ2=35.0,K=3) | loss=0.4882

  [Edge 0] G3 | E2 | loss=0.3134
  [Edge 0] G3 | E3 | Hier-pFedMe | Selected 10/10
  [Client  6] Round 3 | Hier-pFedMe(λ2=35.0,K=3) | loss=0.3927  [Client  7] Round 3 | Hier-pFedMe(λ2=35.0,K=3) | loss=0.3458

  [Client  9] Round 3 | Hier-pFedMe(λ2=35.0,K=3) | loss=0.0137
  [Client  5] Round 3 | Hier-pFedMe(λ2=35.0,K=3) | loss=0.2650
  [Client  4] Round 3 | Hier-pFedMe(λ2=35.0,K=3) | loss=1.2287  [Client  1] Round 3 | Hier-pFedMe(λ2=35.0,K=3) | loss=0.2488
  [Client  2] Round 3 | Hier-pFedMe(λ2=35.0,K=3) | loss=0.3723

  [Client  0] Round 3 | Hier-pFedMe(λ2=35.0,K=3) | loss=0.3088
  [Client  3] Round 3 | Hier-pFedMe(λ2=35.0,K=3) | loss=2.8747  [Client  8] Round 3 | Hier-pFedMe(λ2=35.0,K=3) | loss=0.0137

  [Edge 0] G3 | E3 | loss=0.6723
  [Edge 0] G3 | E4 | Hier-pFedMe | Selected 10/10
  [Client  1] Round 3 | Hier-pFedMe(λ2=35.0,K=3) | loss=0.3131
  [Client  7] Round 3 | Hier-pFedMe(λ2=35.0,K=3) | loss=0.2349  [Client  8] Round 3 | Hier-pFedMe(λ2=35.0,K=3) | loss=0.0139

  [Client  0] Round 3 | Hier-pFedMe(λ2=35.0,K=3) | loss=0.2947
  [Client  2] Round 3 | Hier-pFedMe(λ2=35.0,K=3) | loss=0.3224
  [Client  3] Round 3 | Hier-pFedMe(λ2=35.0,K=3) | loss=0.4651
  [Client  9] Round 3 | Hier-pFedMe(λ2=35.0,K=3) | loss=0.0165
  [Client  6] Round 3 | Hier-pFedMe(λ2=35.0,K=3) | loss=0.2742
  [Client  5] Round 3 | Hier-pFedMe(λ2=35.0,K=3) | loss=0.8645
  [Client  4] Round 3 | Hier-pFedMe(λ2=35.0,K=3) | loss=0.5566
  [Edge 0] G3 | E4 | loss=0.3712
  [Edge 0] G3 | E5 | Hier-pFedMe | Selected 10/10
  [Client  4] Round 3 | Hier-pFedMe(λ2=35.0,K=3) | loss=1.8198  [Client  9] Round 3 | Hier-pFedMe(λ2=35.0,K=3) | loss=0.0073

  [Client  0] Round 3 | Hier-pFedMe(λ2=35.0,K=3) | loss=0.1859  [Client  5] Round 3 | Hier-pFedMe(λ2=35.0,K=3) | loss=0.4947

  [Client  3] Round 3 | Hier-pFedMe(λ2=35.0,K=3) | loss=3.2435
  [Client  7] Round 3 | Hier-pFedMe(λ2=35.0,K=3) | loss=0.3707
  [Client  2] Round 3 | Hier-pFedMe(λ2=35.0,K=3) | loss=0.2479  [Client  6] Round 3 | Hier-pFedMe(λ2=35.0,K=3) | loss=0.6179

  [Client  1] Round 3 | Hier-pFedMe(λ2=35.0,K=3) | loss=0.2304
  [Client  8] Round 3 | Hier-pFedMe(λ2=35.0,K=3) | loss=0.0079
  [Edge 0] G3 | E5 | loss=0.8020
  [Edge 1] G3 | E1 | Hier-pFedMe | Selected 10/10
  [Client 12] Round 3 | Hier-pFedMe(λ2=35.0,K=3) | loss=0.2763
  [Client 17] Round 3 | Hier-pFedMe(λ2=35.0,K=3) | loss=10.6273  [Client 11] Round 3 | Hier-pFedMe(λ2=35.0,K=3) | loss=0.2019

  [Client 18] Round 3 | Hier-pFedMe(λ2=35.0,K=3) | loss=0.3165
  [Client 10] Round 3 | Hier-pFedMe(λ2=35.0,K=3) | loss=0.2970  [Client 19] Round 3 | Hier-pFedMe(λ2=35.0,K=3) | loss=0.4077

  [Client 15] Round 3 | Hier-pFedMe(λ2=35.0,K=3) | loss=0.3562
  [Client 13] Round 3 | Hier-pFedMe(λ2=35.0,K=3) | loss=0.9592
  [Client 14] Round 3 | Hier-pFedMe(λ2=35.0,K=3) | loss=0.2334
  [Client 16] Round 3 | Hier-pFedMe(λ2=35.0,K=3) | loss=1.2027
  [Edge 1] G3 | E1 | loss=1.4878
  [Edge 1] G3 | E2 | Hier-pFedMe | Selected 10/10
  [Client 10] Round 3 | Hier-pFedMe(λ2=35.0,K=3) | loss=0.2390  [Client 15] Round 3 | Hier-pFedMe(λ2=35.0,K=3) | loss=0.3335

  [Client 12] Round 3 | Hier-pFedMe(λ2=35.0,K=3) | loss=0.1781
  [Client 13] Round 3 | Hier-pFedMe(λ2=35.0,K=3) | loss=0.2866
  [Client 17] Round 3 | Hier-pFedMe(λ2=35.0,K=3) | loss=0.4765
  [Client 16] Round 3 | Hier-pFedMe(λ2=35.0,K=3) | loss=0.2906
  [Client 19] Round 3 | Hier-pFedMe(λ2=35.0,K=3) | loss=0.3564
  [Client 18] Round 3 | Hier-pFedMe(λ2=35.0,K=3) | loss=0.3057
  [Client 14] Round 3 | Hier-pFedMe(λ2=35.0,K=3) | loss=0.2646
  [Client 11] Round 3 | Hier-pFedMe(λ2=35.0,K=3) | loss=0.3413
  [Edge 1] G3 | E2 | loss=0.3072
  [Edge 1] G3 | E3 | Hier-pFedMe | Selected 10/10
  [Client 10] Round 3 | Hier-pFedMe(λ2=35.0,K=3) | loss=0.2003
  [Client 16] Round 3 | Hier-pFedMe(λ2=35.0,K=3) | loss=0.9290
  [Client 15] Round 3 | Hier-pFedMe(λ2=35.0,K=3) | loss=0.4966
  [Client 17] Round 3 | Hier-pFedMe(λ2=35.0,K=3) | loss=10.5440
  [Client 12] Round 3 | Hier-pFedMe(λ2=35.0,K=3) | loss=0.1283
  [Client 18] Round 3 | Hier-pFedMe(λ2=35.0,K=3) | loss=0.2399
  [Client 14] Round 3 | Hier-pFedMe(λ2=35.0,K=3) | loss=0.4905
  [Client 19] Round 3 | Hier-pFedMe(λ2=35.0,K=3) | loss=0.7436
  [Client 13] Round 3 | Hier-pFedMe(λ2=35.0,K=3) | loss=0.2870
  [Client 11] Round 3 | Hier-pFedMe(λ2=35.0,K=3) | loss=0.2250
  [Edge 1] G3 | E3 | loss=1.4284
  [Edge 1] G3 | E4 | Hier-pFedMe | Selected 10/10
  [Client 10] Round 3 | Hier-pFedMe(λ2=35.0,K=3) | loss=0.2734
  [Client 13] Round 3 | Hier-pFedMe(λ2=35.0,K=3) | loss=0.3533  [Client 19] Round 3 | Hier-pFedMe(λ2=35.0,K=3) | loss=0.5166  [Client 15] Round 3 | Hier-pFedMe(λ2=35.0,K=3) | loss=0.3515


  [Client 17] Round 3 | Hier-pFedMe(λ2=35.0,K=3) | loss=0.8737  [Client 12] Round 3 | Hier-pFedMe(λ2=35.0,K=3) | loss=0.3324

  [Client 16] Round 3 | Hier-pFedMe(λ2=35.0,K=3) | loss=0.4257
  [Client 11] Round 3 | Hier-pFedMe(λ2=35.0,K=3) | loss=0.2140
  [Client 18] Round 3 | Hier-pFedMe(λ2=35.0,K=3) | loss=0.3120
  [Client 14] Round 3 | Hier-pFedMe(λ2=35.0,K=3) | loss=0.3336
  [Edge 1] G3 | E4 | loss=0.3986
  [Edge 1] G3 | E5 | Hier-pFedMe | Selected 10/10
  [Client 12] Round 3 | Hier-pFedMe(λ2=35.0,K=3) | loss=0.1649
  [Client 14] Round 3 | Hier-pFedMe(λ2=35.0,K=3) | loss=0.4234
  [Client 10] Round 3 | Hier-pFedMe(λ2=35.0,K=3) | loss=0.2448
  [Client 13] Round 3 | Hier-pFedMe(λ2=35.0,K=3) | loss=0.5655
  [Client 19] Round 3 | Hier-pFedMe(λ2=35.0,K=3) | loss=0.6791
  [Client 17] Round 3 | Hier-pFedMe(λ2=35.0,K=3) | loss=9.1139
  [Client 11] Round 3 | Hier-pFedMe(λ2=35.0,K=3) | loss=0.1596
  [Client 15] Round 3 | Hier-pFedMe(λ2=35.0,K=3) | loss=0.1891
  [Client 18] Round 3 | Hier-pFedMe(λ2=35.0,K=3) | loss=0.9337
  [Client 16] Round 3 | Hier-pFedMe(λ2=35.0,K=3) | loss=0.1798
  [Edge 1] G3 | E5 | loss=1.2654
[C0] eval model[0] mean=-0.003813 | θ̃ mean=-0.003813 | edge mean=-0.003859
[C0] n=800 | classes=[3, 6] | acc=0.5337 | per_class={3: '0.11', 6: '0.97'}
[C1] eval model[0] mean=-0.004054 | θ̃ mean=-0.004054 | edge mean=-0.003859
[C1] n=800 | classes=[3, 6] | acc=0.5550 | per_class={3: '0.20', 6: '0.94'}
[C2] eval model[0] mean=-0.003799 | θ̃ mean=-0.003799 | edge mean=-0.003859
[C2] n=800 | classes=[2, 5] | acc=0.5925 | per_class={2: '0.90', 5: '0.28'}
[C3] eval model[0] mean=-0.005187 | θ̃ mean=-0.005187 | edge mean=-0.003859
[C3] n=800 | classes=[5, 7] | acc=0.5125 | per_class={5: '0.96', 7: '0.05'}
[C4] eval model[0] mean=-0.003849 | θ̃ mean=-0.003849 | edge mean=-0.003859
[C4] n=800 | classes=[2, 7] | acc=0.5913 | per_class={2: '0.27', 7: '0.90'}
[C5] eval model[0] mean=-0.003466 | θ̃ mean=-0.003466 | edge mean=-0.003859
[C5] n=800 | classes=[2, 4] | acc=0.4975 | per_class={2: '0.07', 4: '0.97'}
[C6] eval model[0] mean=-0.003703 | θ̃ mean=-0.003703 | edge mean=-0.003859
[C6] n=800 | classes=[6, 7] | acc=0.5925 | per_class={6: '0.96', 7: '0.24'}
[C7] eval model[0] mean=-0.003660 | θ̃ mean=-0.003660 | edge mean=-0.003859
[C7] n=800 | classes=[3, 5] | acc=0.4875 | per_class={3: '0.90', 5: '0.11'}
[C8] eval model[0] mean=-0.004133 | θ̃ mean=-0.004133 | edge mean=-0.003859
[C8] n=400 | classes=[4] | acc=1.0000 | per_class={4: '1.00'}
[C9] eval model[0] mean=-0.004023 | θ̃ mean=-0.004023 | edge mean=-0.003859
[C9] n=400 | classes=[4] | acc=1.0000 | per_class={4: '1.00'}
[C10] eval model[0] mean=-0.003968 | θ̃ mean=-0.003968 | edge mean=-0.003807
[C10] n=480 | classes=[8, 9] | acc=0.5708 | per_class={8: '0.98', 9: '0.17'}
[C11] eval model[0] mean=-0.003671 | θ̃ mean=-0.003671 | edge mean=-0.003807
[C11] n=480 | classes=[0, 1] | acc=0.5958 | per_class={0: '0.90', 1: '0.27'}
[C12] eval model[0] mean=-0.004052 | θ̃ mean=-0.004052 | edge mean=-0.003807
[C12] n=480 | classes=[1, 8] | acc=0.6854 | per_class={1: '0.47', 8: '0.89'}
[C13] eval model[0] mean=-0.003948 | θ̃ mean=-0.003948 | edge mean=-0.003807
[C13] n=480 | classes=[0, 8] | acc=0.5125 | per_class={0: '1.00', 8: '0.00'}
[C14] eval model[0] mean=-0.003856 | θ̃ mean=-0.003856 | edge mean=-0.003807
[C14] n=480 | classes=[0, 9] | acc=0.5396 | per_class={0: '0.95', 9: '0.12'}
[C15] eval model[0] mean=-0.003676 | θ̃ mean=-0.003676 | edge mean=-0.003807
[C15] n=480 | classes=[0, 8] | acc=0.6000 | per_class={0: '0.78', 8: '0.41'}
[C16] eval model[0] mean=-0.003829 | θ̃ mean=-0.003829 | edge mean=-0.003807
[C16] n=480 | classes=[1, 8] | acc=0.6083 | per_class={1: '0.24', 8: '0.97'}
[C17] eval model[0] mean=-0.005074 | θ̃ mean=-0.005074 | edge mean=-0.003807
[C17] n=480 | classes=[1, 9] | acc=0.5188 | per_class={1: '0.12', 9: '0.92'}
[C18] eval model[0] mean=-0.003679 | θ̃ mean=-0.003679 | edge mean=-0.003807
[C18] n=480 | classes=[1, 9] | acc=0.4938 | per_class={1: '0.00', 9: '1.00'}
[C19] eval model[0] mean=-0.003347 | θ̃ mean=-0.003347 | edge mean=-0.003807
[C19] n=480 | classes=[0, 9] | acc=0.6375 | per_class={0: '0.28', 9: '0.98'}
  [Cloud] GM=0.1636 | EM=0.2695 PM=0.5880 | loss=2.2528 | time=39.3s | comm=4556.2MB (total=13669MB)

[Round   4] Broadcasting to 2 edges...
  [Edge 0] G4 | E1 | Hier-pFedMe | Selected 10/10
  [Client  5] Round 4 | Hier-pFedMe(λ2=35.0,K=3) | loss=0.1938
  [Client  6] Round 4 | Hier-pFedMe(λ2=35.0,K=3) | loss=0.3747
  [Client  2] Round 4 | Hier-pFedMe(λ2=35.0,K=3) | loss=0.3823
  [Client  7] Round 4 | Hier-pFedMe(λ2=35.0,K=3) | loss=0.3004
  [Client  1] Round 4 | Hier-pFedMe(λ2=35.0,K=3) | loss=0.3059
  [Client  8] Round 4 | Hier-pFedMe(λ2=35.0,K=3) | loss=0.0174
  [Client  4] Round 4 | Hier-pFedMe(λ2=35.0,K=3) | loss=0.2471
  [Client  0] Round 4 | Hier-pFedMe(λ2=35.0,K=3) | loss=0.3135
  [Client  9] Round 4 | Hier-pFedMe(λ2=35.0,K=3) | loss=0.0248
  [Client  3] Round 4 | Hier-pFedMe(λ2=35.0,K=3) | loss=0.5351
  [Edge 0] G4 | E1 | loss=0.2971
  [Edge 0] G4 | E2 | Hier-pFedMe | Selected 10/10
  [Client  1] Round 4 | Hier-pFedMe(λ2=35.0,K=3) | loss=0.7509
  [Client  2] Round 4 | Hier-pFedMe(λ2=35.0,K=3) | loss=0.3648
  [Client  4] Round 4 | Hier-pFedMe(λ2=35.0,K=3) | loss=0.7409
  [Client  6] Round 4 | Hier-pFedMe(λ2=35.0,K=3) | loss=0.1353
  [Client  3] Round 4 | Hier-pFedMe(λ2=35.0,K=3) | loss=2.8728
  [Client  9] Round 4 | Hier-pFedMe(λ2=35.0,K=3) | loss=0.0110
  [Client  5] Round 4 | Hier-pFedMe(λ2=35.0,K=3) | loss=0.6130
  [Client  0] Round 4 | Hier-pFedMe(λ2=35.0,K=3) | loss=0.2521
  [Client  8] Round 4 | Hier-pFedMe(λ2=35.0,K=3) | loss=0.0090
  [Client  7] Round 4 | Hier-pFedMe(λ2=35.0,K=3) | loss=0.1870
  [Edge 0] G4 | E2 | loss=0.6585
  [Edge 0] G4 | E3 | Hier-pFedMe | Selected 10/10
  [Client  6] Round 4 | Hier-pFedMe(λ2=35.0,K=3) | loss=0.1703
  [Client  3] Round 4 | Hier-pFedMe(λ2=35.0,K=3) | loss=0.3271  [Client  8] Round 4 | Hier-pFedMe(λ2=35.0,K=3) | loss=0.0098

  [Client  2] Round 4 | Hier-pFedMe(λ2=35.0,K=3) | loss=0.2202
  [Client  7] Round 4 | Hier-pFedMe(λ2=35.0,K=3) | loss=0.1990  [Client  1] Round 4 | Hier-pFedMe(λ2=35.0,K=3) | loss=0.7444
  [Client  0] Round 4 | Hier-pFedMe(λ2=35.0,K=3) | loss=0.2616

  [Client  9] Round 4 | Hier-pFedMe(λ2=35.0,K=3) | loss=0.0095
  [Client  4] Round 4 | Hier-pFedMe(λ2=35.0,K=3) | loss=0.2752
  [Client  5] Round 4 | Hier-pFedMe(λ2=35.0,K=3) | loss=1.4944
  [Edge 0] G4 | E3 | loss=0.4113
  [Edge 0] G4 | E4 | Hier-pFedMe | Selected 10/10
  [Client  4] Round 4 | Hier-pFedMe(λ2=35.0,K=3) | loss=0.3954  [Client  2] Round 4 | Hier-pFedMe(λ2=35.0,K=3) | loss=0.2479

  [Client  9] Round 4 | Hier-pFedMe(λ2=35.0,K=3) | loss=0.0098
  [Client  7] Round 4 | Hier-pFedMe(λ2=35.0,K=3) | loss=0.2151
  [Client  0] Round 4 | Hier-pFedMe(λ2=35.0,K=3) | loss=0.6454
  [Client  6] Round 4 | Hier-pFedMe(λ2=35.0,K=3) | loss=0.1759
  [Client  1] Round 4 | Hier-pFedMe(λ2=35.0,K=3) | loss=0.2608
  [Client  3] Round 4 | Hier-pFedMe(λ2=35.0,K=3) | loss=3.2331
  [Client  8] Round 4 | Hier-pFedMe(λ2=35.0,K=3) | loss=0.0083
  [Client  5] Round 4 | Hier-pFedMe(λ2=35.0,K=3) | loss=1.2132
  [Edge 0] G4 | E4 | loss=0.7106
  [Edge 0] G4 | E5 | Hier-pFedMe | Selected 10/10
  [Client  8] Round 4 | Hier-pFedMe(λ2=35.0,K=3) | loss=0.0048
  [Client  2] Round 4 | Hier-pFedMe(λ2=35.0,K=3) | loss=0.3474
  [Client  4] Round 4 | Hier-pFedMe(λ2=35.0,K=3) | loss=0.3060
  [Client  1] Round 4 | Hier-pFedMe(λ2=35.0,K=3) | loss=0.1433
  [Client  5] Round 4 | Hier-pFedMe(λ2=35.0,K=3) | loss=3.8751
  [Client  9] Round 4 | Hier-pFedMe(λ2=35.0,K=3) | loss=0.0084
  [Client  0] Round 4 | Hier-pFedMe(λ2=35.0,K=3) | loss=0.8901
  [Client  3] Round 4 | Hier-pFedMe(λ2=35.0,K=3) | loss=0.4109
  [Client  7] Round 4 | Hier-pFedMe(λ2=35.0,K=3) | loss=0.3397
  [Client  6] Round 4 | Hier-pFedMe(λ2=35.0,K=3) | loss=0.2111
  [Edge 0] G4 | E5 | loss=0.7256
  [Edge 1] G4 | E1 | Hier-pFedMe | Selected 10/10
  [Client 17] Round 4 | Hier-pFedMe(λ2=35.0,K=3) | loss=1.0142
  [Client 10] Round 4 | Hier-pFedMe(λ2=35.0,K=3) | loss=0.2511
  [Client 14] Round 4 | Hier-pFedMe(λ2=35.0,K=3) | loss=0.8641
  [Client 13] Round 4 | Hier-pFedMe(λ2=35.0,K=3) | loss=0.3910
  [Client 12] Round 4 | Hier-pFedMe(λ2=35.0,K=3) | loss=0.4055
  [Client 11] Round 4 | Hier-pFedMe(λ2=35.0,K=3) | loss=0.2158
  [Client 18] Round 4 | Hier-pFedMe(λ2=35.0,K=3) | loss=0.3093
  [Client 19] Round 4 | Hier-pFedMe(λ2=35.0,K=3) | loss=0.2386
  [Client 16] Round 4 | Hier-pFedMe(λ2=35.0,K=3) | loss=0.2378
  [Client 15] Round 4 | Hier-pFedMe(λ2=35.0,K=3) | loss=0.1703
  [Edge 1] G4 | E1 | loss=0.4098
  [Edge 1] G4 | E2 | Hier-pFedMe | Selected 10/10
  [Client 16] Round 4 | Hier-pFedMe(λ2=35.0,K=3) | loss=0.1429
  [Client 10] Round 4 | Hier-pFedMe(λ2=35.0,K=3) | loss=0.2287  [Client 17] Round 4 | Hier-pFedMe(λ2=35.0,K=3) | loss=8.9802

  [Client 11] Round 4 | Hier-pFedMe(λ2=35.0,K=3) | loss=0.2933
  [Client 19] Round 4 | Hier-pFedMe(λ2=35.0,K=3) | loss=0.1997
  [Client 12] Round 4 | Hier-pFedMe(λ2=35.0,K=3) | loss=0.2152
  [Client 15] Round 4 | Hier-pFedMe(λ2=35.0,K=3) | loss=0.3828
  [Client 14] Round 4 | Hier-pFedMe(λ2=35.0,K=3) | loss=0.1326
  [Client 13] Round 4 | Hier-pFedMe(λ2=35.0,K=3) | loss=0.1991
  [Client 18] Round 4 | Hier-pFedMe(λ2=35.0,K=3) | loss=1.6003
  [Edge 1] G4 | E2 | loss=1.2375
  [Edge 1] G4 | E3 | Hier-pFedMe | Selected 10/10
  [Client 14] Round 4 | Hier-pFedMe(λ2=35.0,K=3) | loss=0.1569
  [Client 18] Round 4 | Hier-pFedMe(λ2=35.0,K=3) | loss=0.6839
  [Client 12] Round 4 | Hier-pFedMe(λ2=35.0,K=3) | loss=0.1580
  [Client 10] Round 4 | Hier-pFedMe(λ2=35.0,K=3) | loss=0.6441
  [Client 16] Round 4 | Hier-pFedMe(λ2=35.0,K=3) | loss=0.2490
  [Client 17] Round 4 | Hier-pFedMe(λ2=35.0,K=3) | loss=0.8031
  [Client 19] Round 4 | Hier-pFedMe(λ2=35.0,K=3) | loss=0.2676
  [Client 11] Round 4 | Hier-pFedMe(λ2=35.0,K=3) | loss=0.2038
  [Client 15] Round 4 | Hier-pFedMe(λ2=35.0,K=3) | loss=0.5402
  [Client 13] Round 4 | Hier-pFedMe(λ2=35.0,K=3) | loss=0.2549
  [Edge 1] G4 | E3 | loss=0.3962
  [Edge 1] G4 | E4 | Hier-pFedMe | Selected 10/10
  [Client 19] Round 4 | Hier-pFedMe(λ2=35.0,K=3) | loss=0.0634
  [Client 14] Round 4 | Hier-pFedMe(λ2=35.0,K=3) | loss=0.2589
  [Client 17] Round 4 | Hier-pFedMe(λ2=35.0,K=3) | loss=9.3389
  [Client 10] Round 4 | Hier-pFedMe(λ2=35.0,K=3) | loss=0.2081
  [Client 16] Round 4 | Hier-pFedMe(λ2=35.0,K=3) | loss=0.2399
  [Client 18] Round 4 | Hier-pFedMe(λ2=35.0,K=3) | loss=2.3641
  [Client 13] Round 4 | Hier-pFedMe(λ2=35.0,K=3) | loss=0.5100
  [Client 11] Round 4 | Hier-pFedMe(λ2=35.0,K=3) | loss=0.1606
  [Client 15] Round 4 | Hier-pFedMe(λ2=35.0,K=3) | loss=0.3579
  [Client 12] Round 4 | Hier-pFedMe(λ2=35.0,K=3) | loss=0.1407
  [Edge 1] G4 | E4 | loss=1.3642
  [Edge 1] G4 | E5 | Hier-pFedMe | Selected 10/10
  [Client 17] Round 4 | Hier-pFedMe(λ2=35.0,K=3) | loss=0.5464  [Client 10] Round 4 | Hier-pFedMe(λ2=35.0,K=3) | loss=0.4210

  [Client 11] Round 4 | Hier-pFedMe(λ2=35.0,K=3) | loss=0.1962
  [Client 14] Round 4 | Hier-pFedMe(λ2=35.0,K=3) | loss=0.1885
  [Client 15] Round 4 | Hier-pFedMe(λ2=35.0,K=3) | loss=0.2115  [Client 13] Round 4 | Hier-pFedMe(λ2=35.0,K=3) | loss=0.6445

  [Client 18] Round 4 | Hier-pFedMe(λ2=35.0,K=3) | loss=0.4549
  [Client 19] Round 4 | Hier-pFedMe(λ2=35.0,K=3) | loss=0.3357
  [Client 16] Round 4 | Hier-pFedMe(λ2=35.0,K=3) | loss=0.1960
  [Client 12] Round 4 | Hier-pFedMe(λ2=35.0,K=3) | loss=0.2321
  [Edge 1] G4 | E5 | loss=0.3427
[C0] eval model[0] mean=-0.003875 | θ̃ mean=-0.003875 | edge mean=-0.004017
[C0] n=800 | classes=[3, 6] | acc=0.6075 | per_class={3: '0.81', 6: '0.40'}
[C1] eval model[0] mean=-0.004176 | θ̃ mean=-0.004176 | edge mean=-0.004017
[C1] n=800 | classes=[3, 6] | acc=0.5913 | per_class={3: '0.41', 6: '0.79'}
[C2] eval model[0] mean=-0.003979 | θ̃ mean=-0.003979 | edge mean=-0.004017
[C2] n=800 | classes=[2, 5] | acc=0.5375 | per_class={2: '0.16', 5: '0.91'}
[C3] eval model[0] mean=-0.004224 | θ̃ mean=-0.004224 | edge mean=-0.004017
[C3] n=800 | classes=[5, 7] | acc=0.5950 | per_class={5: '0.83', 7: '0.35'}
[C4] eval model[0] mean=-0.004267 | θ̃ mean=-0.004267 | edge mean=-0.004017
[C4] n=800 | classes=[2, 7] | acc=0.6775 | per_class={2: '0.54', 7: '0.81'}
[C5] eval model[0] mean=-0.004169 | θ̃ mean=-0.004169 | edge mean=-0.004017
[C5] n=800 | classes=[2, 4] | acc=0.5188 | per_class={2: '0.39', 4: '0.66'}
[C6] eval model[0] mean=-0.003573 | θ̃ mean=-0.003573 | edge mean=-0.004017
[C6] n=800 | classes=[6, 7] | acc=0.6963 | per_class={6: '0.87', 7: '0.53'}
[C7] eval model[0] mean=-0.003644 | θ̃ mean=-0.003644 | edge mean=-0.004017
[C7] n=800 | classes=[3, 5] | acc=0.5563 | per_class={3: '0.57', 5: '0.54'}
[C8] eval model[0] mean=-0.003907 | θ̃ mean=-0.003907 | edge mean=-0.004017
[C8] n=400 | classes=[4] | acc=1.0000 | per_class={4: '1.00'}
[C9] eval model[0] mean=-0.004080 | θ̃ mean=-0.004080 | edge mean=-0.004017
[C9] n=400 | classes=[4] | acc=1.0000 | per_class={4: '1.00'}
[C10] eval model[0] mean=-0.003517 | θ̃ mean=-0.003517 | edge mean=-0.003705
[C10] n=480 | classes=[8, 9] | acc=0.5687 | per_class={8: '1.00', 9: '0.16'}
[C11] eval model[0] mean=-0.003602 | θ̃ mean=-0.003602 | edge mean=-0.003705
[C11] n=480 | classes=[0, 1] | acc=0.7021 | per_class={0: '0.84', 1: '0.56'}
[C12] eval model[0] mean=-0.003587 | θ̃ mean=-0.003587 | edge mean=-0.003705
[C12] n=480 | classes=[1, 8] | acc=0.6937 | per_class={1: '0.56', 8: '0.82'}
[C13] eval model[0] mean=-0.003495 | θ̃ mean=-0.003495 | edge mean=-0.003705
[C13] n=480 | classes=[0, 8] | acc=0.5188 | per_class={0: '0.99', 8: '0.02'}
[C14] eval model[0] mean=-0.003833 | θ̃ mean=-0.003833 | edge mean=-0.003705
[C14] n=480 | classes=[0, 9] | acc=0.7792 | per_class={0: '0.81', 9: '0.75'}
[C15] eval model[0] mean=-0.003598 | θ̃ mean=-0.003598 | edge mean=-0.003705
[C15] n=480 | classes=[0, 8] | acc=0.6854 | per_class={0: '0.66', 8: '0.71'}
[C16] eval model[0] mean=-0.003671 | θ̃ mean=-0.003671 | edge mean=-0.003705
[C16] n=480 | classes=[1, 8] | acc=0.7229 | per_class={1: '0.61', 8: '0.84'}
[C17] eval model[0] mean=-0.002954 | θ̃ mean=-0.002954 | edge mean=-0.003705
[C17] n=480 | classes=[1, 9] | acc=0.5083 | per_class={1: '0.75', 9: '0.26'}
[C18] eval model[0] mean=-0.003276 | θ̃ mean=-0.003276 | edge mean=-0.003705
[C18] n=480 | classes=[1, 9] | acc=0.4958 | per_class={1: '0.66', 9: '0.33'}
[C19] eval model[0] mean=-0.003968 | θ̃ mean=-0.003968 | edge mean=-0.003705
[C19] n=480 | classes=[0, 9] | acc=0.6646 | per_class={0: '0.89', 9: '0.44'}
  [Cloud] GM=0.1873 | EM=0.3027 PM=0.6389 | loss=2.2034 | time=38.9s | comm=4556.2MB (total=18225MB)

[Round   5] Broadcasting to 2 edges...
  [Edge 0] G5 | E1 | Hier-pFedMe | Selected 10/10
  [Client  2] Round 5 | Hier-pFedMe(λ2=35.0,K=3) | loss=0.3383
  [Client  1] Round 5 | Hier-pFedMe(λ2=35.0,K=3) | loss=0.1636
  [Client  8] Round 5 | Hier-pFedMe(λ2=35.0,K=3) | loss=0.0133
  [Client  0] Round 5 | Hier-pFedMe(λ2=35.0,K=3) | loss=0.4824
  [Client  7] Round 5 | Hier-pFedMe(λ2=35.0,K=3) | loss=0.3567
  [Client  6] Round 5 | Hier-pFedMe(λ2=35.0,K=3) | loss=0.3367
  [Client  9] Round 5 | Hier-pFedMe(λ2=35.0,K=3) | loss=0.0141
  [Client  4] Round 5 | Hier-pFedMe(λ2=35.0,K=3) | loss=0.7937
  [Client  3] Round 5 | Hier-pFedMe(λ2=35.0,K=3) | loss=2.4289
  [Client  5] Round 5 | Hier-pFedMe(λ2=35.0,K=3) | loss=0.5373
  [Edge 0] G5 | E1 | loss=0.6057
  [Edge 0] G5 | E2 | Hier-pFedMe | Selected 10/10
  [Client  7] Round 5 | Hier-pFedMe(λ2=35.0,K=3) | loss=0.5434
  [Client  5] Round 5 | Hier-pFedMe(λ2=35.0,K=3) | loss=3.9717
  [Client  9] Round 5 | Hier-pFedMe(λ2=35.0,K=3) | loss=0.0068
  [Client  1] Round 5 | Hier-pFedMe(λ2=35.0,K=3) | loss=0.3944
  [Client  3] Round 5 | Hier-pFedMe(λ2=35.0,K=3) | loss=0.4616
  [Client  2] Round 5 | Hier-pFedMe(λ2=35.0,K=3) | loss=0.2715
  [Client  0] Round 5 | Hier-pFedMe(λ2=35.0,K=3) | loss=0.4331
  [Client  8] Round 5 | Hier-pFedMe(λ2=35.0,K=3) | loss=0.0086
  [Client  4] Round 5 | Hier-pFedMe(λ2=35.0,K=3) | loss=0.2521
  [Client  6] Round 5 | Hier-pFedMe(λ2=35.0,K=3) | loss=0.7041
  [Edge 0] G5 | E2 | loss=0.7822
  [Edge 0] G5 | E3 | Hier-pFedMe | Selected 10/10
  [Client  9] Round 5 | Hier-pFedMe(λ2=35.0,K=3) | loss=0.0115
  [Client  0] Round 5 | Hier-pFedMe(λ2=35.0,K=3) | loss=0.7321
  [Client  7] Round 5 | Hier-pFedMe(λ2=35.0,K=3) | loss=0.2037
  [Client  8] Round 5 | Hier-pFedMe(λ2=35.0,K=3) | loss=0.0109
  [Client  4] Round 5 | Hier-pFedMe(λ2=35.0,K=3) | loss=0.1479
  [Client  6] Round 5 | Hier-pFedMe(λ2=35.0,K=3) | loss=0.3157
  [Client  5] Round 5 | Hier-pFedMe(λ2=35.0,K=3) | loss=0.7261
  [Client  1] Round 5 | Hier-pFedMe(λ2=35.0,K=3) | loss=0.4311
  [Client  3] Round 5 | Hier-pFedMe(λ2=35.0,K=3) | loss=2.9086
  [Client  2] Round 5 | Hier-pFedMe(λ2=35.0,K=3) | loss=0.1799
  [Edge 0] G5 | E3 | loss=0.6285
  [Edge 0] G5 | E4 | Hier-pFedMe | Selected 10/10
  [Client  9] Round 5 | Hier-pFedMe(λ2=35.0,K=3) | loss=0.0086
  [Client  8] Round 5 | Hier-pFedMe(λ2=35.0,K=3) | loss=0.0085
  [Client  2] Round 5 | Hier-pFedMe(λ2=35.0,K=3) | loss=0.1665
  [Client  4] Round 5 | Hier-pFedMe(λ2=35.0,K=3) | loss=0.2276
  [Client  0] Round 5 | Hier-pFedMe(λ2=35.0,K=3) | loss=0.7515
  [Client  1] Round 5 | Hier-pFedMe(λ2=35.0,K=3) | loss=0.2241
  [Client  6] Round 5 | Hier-pFedMe(λ2=35.0,K=3) | loss=0.2608
  [Client  5] Round 5 | Hier-pFedMe(λ2=35.0,K=3) | loss=5.7266
  [Client  3] Round 5 | Hier-pFedMe(λ2=35.0,K=3) | loss=0.3819
  [Client  7] Round 5 | Hier-pFedMe(λ2=35.0,K=3) | loss=0.6780
  [Edge 0] G5 | E4 | loss=0.9362
  [Edge 0] G5 | E5 | Hier-pFedMe | Selected 10/10
  [Client  6] Round 5 | Hier-pFedMe(λ2=35.0,K=3) | loss=0.7116
  [Client  0] Round 5 | Hier-pFedMe(λ2=35.0,K=3) | loss=1.8144
  [Client  3] Round 5 | Hier-pFedMe(λ2=35.0,K=3) | loss=2.2729
  [Client  7] Round 5 | Hier-pFedMe(λ2=35.0,K=3) | loss=1.0260
  [Client  1] Round 5 | Hier-pFedMe(λ2=35.0,K=3) | loss=0.1752
  [Client  2] Round 5 | Hier-pFedMe(λ2=35.0,K=3) | loss=0.2884
  [Client  5] Round 5 | Hier-pFedMe(λ2=35.0,K=3) | loss=0.4996
  [Client  8] Round 5 | Hier-pFedMe(λ2=35.0,K=3) | loss=0.0100
  [Client  9] Round 5 | Hier-pFedMe(λ2=35.0,K=3) | loss=0.0067
  [Client  4] Round 5 | Hier-pFedMe(λ2=35.0,K=3) | loss=0.2252
  [Edge 0] G5 | E5 | loss=0.7802
  [Edge 1] G5 | E1 | Hier-pFedMe | Selected 10/10
  [Client 16] Round 5 | Hier-pFedMe(λ2=35.0,K=3) | loss=0.1800
  [Client 18] Round 5 | Hier-pFedMe(λ2=35.0,K=3) | loss=1.6403
  [Client 10] Round 5 | Hier-pFedMe(λ2=35.0,K=3) | loss=0.4049
  [Client 12] Round 5 | Hier-pFedMe(λ2=35.0,K=3) | loss=0.0990
  [Client 13] Round 5 | Hier-pFedMe(λ2=35.0,K=3) | loss=0.6519
  [Client 15] Round 5 | Hier-pFedMe(λ2=35.0,K=3) | loss=0.6358
  [Client 19] Round 5 | Hier-pFedMe(λ2=35.0,K=3) | loss=0.2528
  [Client 17] Round 5 | Hier-pFedMe(λ2=35.0,K=3) | loss=8.1171
  [Client 14] Round 5 | Hier-pFedMe(λ2=35.0,K=3) | loss=0.1713
  [Client 11] Round 5 | Hier-pFedMe(λ2=35.0,K=3) | loss=0.6990
  [Edge 1] G5 | E1 | loss=1.2852
  [Edge 1] G5 | E2 | Hier-pFedMe | Selected 10/10
  [Client 19] Round 5 | Hier-pFedMe(λ2=35.0,K=3) | loss=0.2808
  [Client 12] Round 5 | Hier-pFedMe(λ2=35.0,K=3) | loss=0.1215
  [Client 15] Round 5 | Hier-pFedMe(λ2=35.0,K=3) | loss=0.7800
  [Client 10] Round 5 | Hier-pFedMe(λ2=35.0,K=3) | loss=0.5911
  [Client 14] Round 5 | Hier-pFedMe(λ2=35.0,K=3) | loss=0.1308
  [Client 16] Round 5 | Hier-pFedMe(λ2=35.0,K=3) | loss=0.1726
  [Client 13] Round 5 | Hier-pFedMe(λ2=35.0,K=3) | loss=0.4277
  [Client 11] Round 5 | Hier-pFedMe(λ2=35.0,K=3) | loss=0.3890
  [Client 17] Round 5 | Hier-pFedMe(λ2=35.0,K=3) | loss=0.7451
  [Client 18] Round 5 | Hier-pFedMe(λ2=35.0,K=3) | loss=0.3949
  [Edge 1] G5 | E2 | loss=0.4033
  [Edge 1] G5 | E3 | Hier-pFedMe | Selected 10/10
  [Client 15] Round 5 | Hier-pFedMe(λ2=35.0,K=3) | loss=0.6454
  [Client 14] Round 5 | Hier-pFedMe(λ2=35.0,K=3) | loss=0.1272
  [Client 16] Round 5 | Hier-pFedMe(λ2=35.0,K=3) | loss=0.1987
  [Client 17] Round 5 | Hier-pFedMe(λ2=35.0,K=3) | loss=3.6861
  [Client 10] Round 5 | Hier-pFedMe(λ2=35.0,K=3) | loss=0.5310
  [Client 19] Round 5 | Hier-pFedMe(λ2=35.0,K=3) | loss=0.1847
  [Client 12] Round 5 | Hier-pFedMe(λ2=35.0,K=3) | loss=0.1882
  [Client 13] Round 5 | Hier-pFedMe(λ2=35.0,K=3) | loss=0.3363
  [Client 11] Round 5 | Hier-pFedMe(λ2=35.0,K=3) | loss=0.5169
  [Client 18] Round 5 | Hier-pFedMe(λ2=35.0,K=3) | loss=0.5001
  [Edge 1] G5 | E3 | loss=0.6914
  [Edge 1] G5 | E4 | Hier-pFedMe | Selected 10/10
  [Client 12] Round 5 | Hier-pFedMe(λ2=35.0,K=3) | loss=0.3338
  [Client 13] Round 5 | Hier-pFedMe(λ2=35.0,K=3) | loss=0.4483
  [Client 11] Round 5 | Hier-pFedMe(λ2=35.0,K=3) | loss=0.5890
  [Client 10] Round 5 | Hier-pFedMe(λ2=35.0,K=3) | loss=0.1925
  [Client 14] Round 5 | Hier-pFedMe(λ2=35.0,K=3) | loss=0.1720
  [Client 16] Round 5 | Hier-pFedMe(λ2=35.0,K=3) | loss=0.1096
  [Client 19] Round 5 | Hier-pFedMe(λ2=35.0,K=3) | loss=0.2025
  [Client 15] Round 5 | Hier-pFedMe(λ2=35.0,K=3) | loss=0.6055
  [Client 17] Round 5 | Hier-pFedMe(λ2=35.0,K=3) | loss=0.3242
  [Client 18] Round 5 | Hier-pFedMe(λ2=35.0,K=3) | loss=0.2983
  [Edge 1] G5 | E4 | loss=0.3276
  [Edge 1] G5 | E5 | Hier-pFedMe | Selected 10/10
  [Client 16] Round 5 | Hier-pFedMe(λ2=35.0,K=3) | loss=0.3368
  [Client 17] Round 5 | Hier-pFedMe(λ2=35.0,K=3) | loss=0.6869
  [Client 12] Round 5 | Hier-pFedMe(λ2=35.0,K=3) | loss=0.0751
  [Client 13] Round 5 | Hier-pFedMe(λ2=35.0,K=3) | loss=1.4082
  [Client 19] Round 5 | Hier-pFedMe(λ2=35.0,K=3) | loss=0.2505
  [Client 10] Round 5 | Hier-pFedMe(λ2=35.0,K=3) | loss=0.2875
  [Client 18] Round 5 | Hier-pFedMe(λ2=35.0,K=3) | loss=1.1469
  [Client 14] Round 5 | Hier-pFedMe(λ2=35.0,K=3) | loss=0.1809
  [Client 11] Round 5 | Hier-pFedMe(λ2=35.0,K=3) | loss=0.1207
  [Client 15] Round 5 | Hier-pFedMe(λ2=35.0,K=3) | loss=0.1805
  [Edge 1] G5 | E5 | loss=0.4674
[C0] eval model[0] mean=-0.004747 | θ̃ mean=-0.004747 | edge mean=-0.003866
[C0] n=800 | classes=[3, 6] | acc=0.5088 | per_class={3: '1.00', 6: '0.00'}
[C1] eval model[0] mean=-0.003970 | θ̃ mean=-0.003970 | edge mean=-0.003866
[C1] n=800 | classes=[3, 6] | acc=0.6425 | per_class={3: '0.60', 6: '0.69'}
[C2] eval model[0] mean=-0.003799 | θ̃ mean=-0.003799 | edge mean=-0.003866
[C2] n=800 | classes=[2, 5] | acc=0.6438 | per_class={2: '0.73', 5: '0.56'}
[C3] eval model[0] mean=-0.003944 | θ̃ mean=-0.003944 | edge mean=-0.003866
[C3] n=800 | classes=[5, 7] | acc=0.5088 | per_class={5: '1.00', 7: '0.00'}
[C4] eval model[0] mean=-0.004234 | θ̃ mean=-0.004234 | edge mean=-0.003866
[C4] n=800 | classes=[2, 7] | acc=0.6825 | per_class={2: '0.74', 7: '0.63'}
[C5] eval model[0] mean=-0.004245 | θ̃ mean=-0.004245 | edge mean=-0.003866
[C5] n=800 | classes=[2, 4] | acc=0.4813 | per_class={2: '0.02', 4: '0.99'}
[C6] eval model[0] mean=-0.003919 | θ̃ mean=-0.003919 | edge mean=-0.003866
[C6] n=800 | classes=[6, 7] | acc=0.6525 | per_class={6: '0.44', 7: '0.85'}
[C7] eval model[0] mean=-0.004150 | θ̃ mean=-0.004150 | edge mean=-0.003866
[C7] n=800 | classes=[3, 5] | acc=0.5300 | per_class={3: '0.75', 5: '0.33'}
[C8] eval model[0] mean=-0.003541 | θ̃ mean=-0.003541 | edge mean=-0.003866
[C8] n=400 | classes=[4] | acc=1.0000 | per_class={4: '1.00'}
[C9] eval model[0] mean=-0.003990 | θ̃ mean=-0.003990 | edge mean=-0.003866
[C9] n=400 | classes=[4] | acc=1.0000 | per_class={4: '1.00'}
[C10] eval model[0] mean=-0.003690 | θ̃ mean=-0.003690 | edge mean=-0.003649
[C10] n=480 | classes=[8, 9] | acc=0.7625 | per_class={8: '0.78', 9: '0.74'}
[C11] eval model[0] mean=-0.003702 | θ̃ mean=-0.003702 | edge mean=-0.003649
[C11] n=480 | classes=[0, 1] | acc=0.7104 | per_class={0: '0.74', 1: '0.68'}
[C12] eval model[0] mean=-0.003827 | θ̃ mean=-0.003827 | edge mean=-0.003649
[C12] n=480 | classes=[1, 8] | acc=0.7042 | per_class={1: '0.54', 8: '0.87'}
[C13] eval model[0] mean=-0.004073 | θ̃ mean=-0.004073 | edge mean=-0.003649
[C13] n=480 | classes=[0, 8] | acc=0.5125 | per_class={0: '1.00', 8: '0.00'}
[C14] eval model[0] mean=-0.003436 | θ̃ mean=-0.003436 | edge mean=-0.003649
[C14] n=480 | classes=[0, 9] | acc=0.7479 | per_class={0: '0.59', 9: '0.91'}
[C15] eval model[0] mean=-0.003520 | θ̃ mean=-0.003520 | edge mean=-0.003649
[C15] n=480 | classes=[0, 8] | acc=0.6208 | per_class={0: '0.46', 8: '0.79'}
[C16] eval model[0] mean=-0.003770 | θ̃ mean=-0.003770 | edge mean=-0.003649
[C16] n=480 | classes=[1, 8] | acc=0.7771 | per_class={1: '0.86', 8: '0.70'}
[C17] eval model[0] mean=-0.003532 | θ̃ mean=-0.003532 | edge mean=-0.003649
[C17] n=480 | classes=[1, 9] | acc=0.5042 | per_class={1: '1.00', 9: '0.00'}
[C18] eval model[0] mean=-0.002956 | θ̃ mean=-0.002956 | edge mean=-0.003649
[C18] n=480 | classes=[1, 9] | acc=0.5479 | per_class={1: '0.28', 9: '0.83'}
[C19] eval model[0] mean=-0.003749 | θ̃ mean=-0.003749 | edge mean=-0.003649
[C19] n=480 | classes=[0, 9] | acc=0.7688 | per_class={0: '0.65', 9: '0.88'}
  [Cloud] GM=0.1872 | EM=0.3159 PM=0.6429 | loss=2.1820 | time=39.2s | comm=4556.2MB (total=22781MB)

[Round   6] Broadcasting to 2 edges...
  [Edge 0] G6 | E1 | Hier-pFedMe | Selected 10/10
  [Client  3] Round 6 | Hier-pFedMe(λ2=35.0,K=3) | loss=0.9729
  [Client  5] Round 6 | Hier-pFedMe(λ2=35.0,K=3) | loss=5.4732
  [Client  9] Round 6 | Hier-pFedMe(λ2=35.0,K=3) | loss=0.0103
  [Client  4] Round 6 | Hier-pFedMe(λ2=35.0,K=3) | loss=0.2251
  [Client  6] Round 6 | Hier-pFedMe(λ2=35.0,K=3) | loss=0.4905
  [Client  2] Round 6 | Hier-pFedMe(λ2=35.0,K=3) | loss=0.2479
  [Client  0] Round 6 | Hier-pFedMe(λ2=35.0,K=3) | loss=0.9136
  [Client  7] Round 6 | Hier-pFedMe(λ2=35.0,K=3) | loss=0.7453
  [Client  8] Round 6 | Hier-pFedMe(λ2=35.0,K=3) | loss=0.0226
  [Client  1] Round 6 | Hier-pFedMe(λ2=35.0,K=3) | loss=0.3903
  [Edge 0] G6 | E1 | loss=1.0528
  [Edge 0] G6 | E2 | Hier-pFedMe | Selected 10/10
  [Client  8] Round 6 | Hier-pFedMe(λ2=35.0,K=3) | loss=0.0097
  [Client  4] Round 6 | Hier-pFedMe(λ2=35.0,K=3) | loss=0.1724
  [Client  0] Round 6 | Hier-pFedMe(λ2=35.0,K=3) | loss=1.7756
  [Client  7] Round 6 | Hier-pFedMe(λ2=35.0,K=3) | loss=1.6540
  [Client  3] Round 6 | Hier-pFedMe(λ2=35.0,K=3) | loss=1.7315
  [Client  6] Round 6 | Hier-pFedMe(λ2=35.0,K=3) | loss=0.1903
  [Client  1] Round 6 | Hier-pFedMe(λ2=35.0,K=3) | loss=0.2132
  [Client  2] Round 6 | Hier-pFedMe(λ2=35.0,K=3) | loss=0.2763
  [Client  9] Round 6 | Hier-pFedMe(λ2=35.0,K=3) | loss=0.0105
  [Client  5] Round 6 | Hier-pFedMe(λ2=35.0,K=3) | loss=0.6304
  [Edge 0] G6 | E2 | loss=0.7393
  [Edge 0] G6 | E3 | Hier-pFedMe | Selected 10/10
  [Client  0] Round 6 | Hier-pFedMe(λ2=35.0,K=3) | loss=0.4957
  [Client  8] Round 6 | Hier-pFedMe(λ2=35.0,K=3) | loss=0.0125
  [Client  5] Round 6 | Hier-pFedMe(λ2=35.0,K=3) | loss=6.6811
  [Client  2] Round 6 | Hier-pFedMe(λ2=35.0,K=3) | loss=0.2146
  [Client  1] Round 6 | Hier-pFedMe(λ2=35.0,K=3) | loss=0.2037
  [Client  9] Round 6 | Hier-pFedMe(λ2=35.0,K=3) | loss=0.0112
  [Client  4] Round 6 | Hier-pFedMe(λ2=35.0,K=3) | loss=0.1362
  [Client  3] Round 6 | Hier-pFedMe(λ2=35.0,K=3) | loss=0.3246
  [Client  6] Round 6 | Hier-pFedMe(λ2=35.0,K=3) | loss=0.1906
  [Client  7] Round 6 | Hier-pFedMe(λ2=35.0,K=3) | loss=0.7096
  [Edge 0] G6 | E3 | loss=0.9964
  [Edge 0] G6 | E4 | Hier-pFedMe | Selected 10/10
  [Client  6] Round 6 | Hier-pFedMe(λ2=35.0,K=3) | loss=0.3000
  [Client  0] Round 6 | Hier-pFedMe(λ2=35.0,K=3) | loss=0.7697
  [Client  2] Round 6 | Hier-pFedMe(λ2=35.0,K=3) | loss=0.2331
  [Client  8] Round 6 | Hier-pFedMe(λ2=35.0,K=3) | loss=0.0156
  [Client  1] Round 6 | Hier-pFedMe(λ2=35.0,K=3) | loss=0.1272
  [Client  3] Round 6 | Hier-pFedMe(λ2=35.0,K=3) | loss=1.6460
  [Client  4] Round 6 | Hier-pFedMe(λ2=35.0,K=3) | loss=0.5754
  [Client  5] Round 6 | Hier-pFedMe(λ2=35.0,K=3) | loss=0.8340
  [Client  7] Round 6 | Hier-pFedMe(λ2=35.0,K=3) | loss=0.5421
  [Client  9] Round 6 | Hier-pFedMe(λ2=35.0,K=3) | loss=0.0120
  [Edge 0] G6 | E4 | loss=0.5602
  [Edge 0] G6 | E5 | Hier-pFedMe | Selected 10/10
  [Client  3] Round 6 | Hier-pFedMe(λ2=35.0,K=3) | loss=0.2623
  [Client  5] Round 6 | Hier-pFedMe(λ2=35.0,K=3) | loss=4.9059
  [Client  1] Round 6 | Hier-pFedMe(λ2=35.0,K=3) | loss=0.3737
  [Client  9] Round 6 | Hier-pFedMe(λ2=35.0,K=3) | loss=0.0158
  [Client  6] Round 6 | Hier-pFedMe(λ2=35.0,K=3) | loss=0.2659
  [Client  2] Round 6 | Hier-pFedMe(λ2=35.0,K=3) | loss=0.2110
  [Client  7] Round 6 | Hier-pFedMe(λ2=35.0,K=3) | loss=0.4109
  [Client  4] Round 6 | Hier-pFedMe(λ2=35.0,K=3) | loss=0.2381
  [Client  0] Round 6 | Hier-pFedMe(λ2=35.0,K=3) | loss=0.2352
  [Client  8] Round 6 | Hier-pFedMe(λ2=35.0,K=3) | loss=0.0104
  [Edge 0] G6 | E5 | loss=0.7685
  [Edge 1] G6 | E1 | Hier-pFedMe | Selected 10/10
  [Client 13] Round 6 | Hier-pFedMe(λ2=35.0,K=3) | loss=2.6443
  [Client 18] Round 6 | Hier-pFedMe(λ2=35.0,K=3) | loss=0.3470
  [Client 19] Round 6 | Hier-pFedMe(λ2=35.0,K=3) | loss=0.1592
  [Client 14] Round 6 | Hier-pFedMe(λ2=35.0,K=3) | loss=0.4690
  [Client 16] Round 6 | Hier-pFedMe(λ2=35.0,K=3) | loss=0.2923
  [Client 12] Round 6 | Hier-pFedMe(λ2=35.0,K=3) | loss=0.1727
  [Client 15] Round 6 | Hier-pFedMe(λ2=35.0,K=3) | loss=0.5945
  [Client 11] Round 6 | Hier-pFedMe(λ2=35.0,K=3) | loss=0.1020
  [Client 10] Round 6 | Hier-pFedMe(λ2=35.0,K=3) | loss=0.1796
  [Client 17] Round 6 | Hier-pFedMe(λ2=35.0,K=3) | loss=0.3425
  [Edge 1] G6 | E1 | loss=0.5303
  [Edge 1] G6 | E2 | Hier-pFedMe | Selected 10/10
  [Client 13] Round 6 | Hier-pFedMe(λ2=35.0,K=3) | loss=1.0883
  [Client 18] Round 6 | Hier-pFedMe(λ2=35.0,K=3) | loss=0.5837
  [Client 10] Round 6 | Hier-pFedMe(λ2=35.0,K=3) | loss=0.4328
  [Client 19] Round 6 | Hier-pFedMe(λ2=35.0,K=3) | loss=0.4918
  [Client 17] Round 6 | Hier-pFedMe(λ2=35.0,K=3) | loss=1.6481
  [Client 15] Round 6 | Hier-pFedMe(λ2=35.0,K=3) | loss=0.2804
  [Client 12] Round 6 | Hier-pFedMe(λ2=35.0,K=3) | loss=0.1386
  [Client 11] Round 6 | Hier-pFedMe(λ2=35.0,K=3) | loss=0.1366
  [Client 16] Round 6 | Hier-pFedMe(λ2=35.0,K=3) | loss=0.1580
  [Client 14] Round 6 | Hier-pFedMe(λ2=35.0,K=3) | loss=0.1342
  [Edge 1] G6 | E2 | loss=0.5092
  [Edge 1] G6 | E3 | Hier-pFedMe | Selected 10/10
  [Client 10] Round 6 | Hier-pFedMe(λ2=35.0,K=3) | loss=0.6373
  [Client 13] Round 6 | Hier-pFedMe(λ2=35.0,K=3) | loss=1.5347
  [Client 18] Round 6 | Hier-pFedMe(λ2=35.0,K=3) | loss=0.4727
  [Client 16] Round 6 | Hier-pFedMe(λ2=35.0,K=3) | loss=1.6291
  [Client 11] Round 6 | Hier-pFedMe(λ2=35.0,K=3) | loss=0.4802
  [Client 17] Round 6 | Hier-pFedMe(λ2=35.0,K=3) | loss=0.6982
  [Client 14] Round 6 | Hier-pFedMe(λ2=35.0,K=3) | loss=0.1228
  [Client 12] Round 6 | Hier-pFedMe(λ2=35.0,K=3) | loss=0.1423
  [Client 15] Round 6 | Hier-pFedMe(λ2=35.0,K=3) | loss=0.8202
  [Client 19] Round 6 | Hier-pFedMe(λ2=35.0,K=3) | loss=0.5819
  [Edge 1] G6 | E3 | loss=0.7119
  [Edge 1] G6 | E4 | Hier-pFedMe | Selected 10/10
  [Client 15] Round 6 | Hier-pFedMe(λ2=35.0,K=3) | loss=0.9964
  [Client 19] Round 6 | Hier-pFedMe(λ2=35.0,K=3) | loss=0.3858
  [Client 17] Round 6 | Hier-pFedMe(λ2=35.0,K=3) | loss=2.9218
  [Client 10] Round 6 | Hier-pFedMe(λ2=35.0,K=3) | loss=0.1152
  [Client 14] Round 6 | Hier-pFedMe(λ2=35.0,K=3) | loss=0.3698
  [Client 18] Round 6 | Hier-pFedMe(λ2=35.0,K=3) | loss=0.6170
  [Client 12] Round 6 | Hier-pFedMe(λ2=35.0,K=3) | loss=0.0949
  [Client 16] Round 6 | Hier-pFedMe(λ2=35.0,K=3) | loss=0.2105
  [Client 11] Round 6 | Hier-pFedMe(λ2=35.0,K=3) | loss=0.1550
  [Client 13] Round 6 | Hier-pFedMe(λ2=35.0,K=3) | loss=0.1680
  [Edge 1] G6 | E4 | loss=0.6034
  [Edge 1] G6 | E5 | Hier-pFedMe | Selected 10/10
  [Client 12] Round 6 | Hier-pFedMe(λ2=35.0,K=3) | loss=0.1322
  [Client 18] Round 6 | Hier-pFedMe(λ2=35.0,K=3) | loss=0.7083
  [Client 11] Round 6 | Hier-pFedMe(λ2=35.0,K=3) | loss=0.0974
  [Client 17] Round 6 | Hier-pFedMe(λ2=35.0,K=3) | loss=0.4250
  [Client 19] Round 6 | Hier-pFedMe(λ2=35.0,K=3) | loss=0.1823
  [Client 16] Round 6 | Hier-pFedMe(λ2=35.0,K=3) | loss=2.1063
  [Client 14] Round 6 | Hier-pFedMe(λ2=35.0,K=3) | loss=0.1819
  [Client 15] Round 6 | Hier-pFedMe(λ2=35.0,K=3) | loss=0.2424
  [Client 10] Round 6 | Hier-pFedMe(λ2=35.0,K=3) | loss=0.1659
  [Client 13] Round 6 | Hier-pFedMe(λ2=35.0,K=3) | loss=0.9959
  [Edge 1] G6 | E5 | loss=0.5238
[C0] eval model[0] mean=-0.003963 | θ̃ mean=-0.003963 | edge mean=-0.003823
[C0] n=800 | classes=[3, 6] | acc=0.6262 | per_class={3: '0.45', 6: '0.81'}
[C1] eval model[0] mean=-0.004090 | θ̃ mean=-0.004090 | edge mean=-0.003823
[C1] n=800 | classes=[3, 6] | acc=0.6312 | per_class={3: '0.70', 6: '0.56'}
[C2] eval model[0] mean=-0.004102 | θ̃ mean=-0.004102 | edge mean=-0.003823
[C2] n=800 | classes=[2, 5] | acc=0.6687 | per_class={2: '0.70', 5: '0.64'}
[C3] eval model[0] mean=-0.003392 | θ̃ mean=-0.003392 | edge mean=-0.003823
[C3] n=800 | classes=[5, 7] | acc=0.5487 | per_class={5: '0.25', 7: '0.85'}
[C4] eval model[0] mean=-0.003480 | θ̃ mean=-0.003480 | edge mean=-0.003823
[C4] n=800 | classes=[2, 7] | acc=0.6937 | per_class={2: '0.76', 7: '0.63'}
[C5] eval model[0] mean=-0.003677 | θ̃ mean=-0.003677 | edge mean=-0.003823
[C5] n=800 | classes=[2, 4] | acc=0.5238 | per_class={2: '1.00', 4: '0.00'}
[C6] eval model[0] mean=-0.004032 | θ̃ mean=-0.004032 | edge mean=-0.003823
[C6] n=800 | classes=[6, 7] | acc=0.6850 | per_class={6: '0.77', 7: '0.60'}
[C7] eval model[0] mean=-0.004047 | θ̃ mean=-0.004047 | edge mean=-0.003823
[C7] n=800 | classes=[3, 5] | acc=0.5312 | per_class={3: '0.03', 5: '0.99'}
[C8] eval model[0] mean=-0.003868 | θ̃ mean=-0.003868 | edge mean=-0.003823
[C8] n=400 | classes=[4] | acc=1.0000 | per_class={4: '1.00'}
[C9] eval model[0] mean=-0.004041 | θ̃ mean=-0.004041 | edge mean=-0.003823
[C9] n=400 | classes=[4] | acc=1.0000 | per_class={4: '1.00'}
[C10] eval model[0] mean=-0.003703 | θ̃ mean=-0.003703 | edge mean=-0.003587
[C10] n=480 | classes=[8, 9] | acc=0.7812 | per_class={8: '0.87', 9: '0.70'}
[C11] eval model[0] mean=-0.003481 | θ̃ mean=-0.003481 | edge mean=-0.003587
[C11] n=480 | classes=[0, 1] | acc=0.7562 | per_class={0: '0.72', 1: '0.80'}
[C12] eval model[0] mean=-0.003065 | θ̃ mean=-0.003065 | edge mean=-0.003587
[C12] n=480 | classes=[1, 8] | acc=0.7104 | per_class={1: '0.51', 8: '0.90'}
[C13] eval model[0] mean=-0.003764 | θ̃ mean=-0.003764 | edge mean=-0.003587
[C13] n=480 | classes=[0, 8] | acc=0.6021 | per_class={0: '0.83', 8: '0.36'}
[C14] eval model[0] mean=-0.003201 | θ̃ mean=-0.003201 | edge mean=-0.003587
[C14] n=480 | classes=[0, 9] | acc=0.7438 | per_class={0: '0.92', 9: '0.57'}
[C15] eval model[0] mean=-0.003762 | θ̃ mean=-0.003762 | edge mean=-0.003587
[C15] n=480 | classes=[0, 8] | acc=0.5542 | per_class={0: '0.87', 8: '0.23'}
[C16] eval model[0] mean=-0.003289 | θ̃ mean=-0.003289 | edge mean=-0.003587
[C16] n=480 | classes=[1, 8] | acc=0.5083 | per_class={1: '1.00', 8: '0.03'}
[C17] eval model[0] mean=-0.003584 | θ̃ mean=-0.003584 | edge mean=-0.003587
[C17] n=480 | classes=[1, 9] | acc=0.5188 | per_class={1: '0.98', 9: '0.05'}
[C18] eval model[0] mean=-0.003489 | θ̃ mean=-0.003489 | edge mean=-0.003587
[C18] n=480 | classes=[1, 9] | acc=0.5563 | per_class={1: '0.59', 9: '0.52'}
[C19] eval model[0] mean=-0.003797 | θ̃ mean=-0.003797 | edge mean=-0.003587
[C19] n=480 | classes=[0, 9] | acc=0.7833 | per_class={0: '0.83', 9: '0.73'}
  [Cloud] GM=0.2112 | EM=0.3622 PM=0.6545 | loss=2.1374 | time=39.1s | comm=4556.2MB (total=27337MB)

[Round   7] Broadcasting to 2 edges...
  [Edge 0] G7 | E1 | Hier-pFedMe | Selected 10/10
  [Client  5] Round 7 | Hier-pFedMe(λ2=35.0,K=3) | loss=0.6631
  [Client  1] Round 7 | Hier-pFedMe(λ2=35.0,K=3) | loss=0.1140
  [Client  7] Round 7 | Hier-pFedMe(λ2=35.0,K=3) | loss=0.7342
  [Client  3] Round 7 | Hier-pFedMe(λ2=35.0,K=3) | loss=2.4954
  [Client  9] Round 7 | Hier-pFedMe(λ2=35.0,K=3) | loss=0.0224
  [Client  0] Round 7 | Hier-pFedMe(λ2=35.0,K=3) | loss=0.1912
  [Client  6] Round 7 | Hier-pFedMe(λ2=35.0,K=3) | loss=0.1663
  [Client  8] Round 7 | Hier-pFedMe(λ2=35.0,K=3) | loss=0.0198
  [Client  4] Round 7 | Hier-pFedMe(λ2=35.0,K=3) | loss=0.1579
  [Client  2] Round 7 | Hier-pFedMe(λ2=35.0,K=3) | loss=0.1680
  [Edge 0] G7 | E1 | loss=0.5235
  [Edge 0] G7 | E2 | Hier-pFedMe | Selected 10/10
  [Client  3] Round 7 | Hier-pFedMe(λ2=35.0,K=3) | loss=0.4535
  [Client  8] Round 7 | Hier-pFedMe(λ2=35.0,K=3) | loss=0.0111
  [Client  1] Round 7 | Hier-pFedMe(λ2=35.0,K=3) | loss=0.3964
  [Client  5] Round 7 | Hier-pFedMe(λ2=35.0,K=3) | loss=4.7360
  [Client  0] Round 7 | Hier-pFedMe(λ2=35.0,K=3) | loss=0.1858
  [Client  4] Round 7 | Hier-pFedMe(λ2=35.0,K=3) | loss=0.1269
  [Client  6] Round 7 | Hier-pFedMe(λ2=35.0,K=3) | loss=0.2267
  [Client  2] Round 7 | Hier-pFedMe(λ2=35.0,K=3) | loss=0.1718
  [Client  7] Round 7 | Hier-pFedMe(λ2=35.0,K=3) | loss=0.5113
  [Client  9] Round 7 | Hier-pFedMe(λ2=35.0,K=3) | loss=0.0098
  [Edge 0] G7 | E2 | loss=0.7577
  [Edge 0] G7 | E3 | Hier-pFedMe | Selected 10/10
  [Client  9] Round 7 | Hier-pFedMe(λ2=35.0,K=3) | loss=0.0117
  [Client  7] Round 7 | Hier-pFedMe(λ2=35.0,K=3) | loss=0.2621
  [Client  8] Round 7 | Hier-pFedMe(λ2=35.0,K=3) | loss=0.0106
  [Client  1] Round 7 | Hier-pFedMe(λ2=35.0,K=3) | loss=0.1345
  [Client  2] Round 7 | Hier-pFedMe(λ2=35.0,K=3) | loss=0.2145
  [Client  5] Round 7 | Hier-pFedMe(λ2=35.0,K=3) | loss=0.8785
  [Client  3] Round 7 | Hier-pFedMe(λ2=35.0,K=3) | loss=3.0149
  [Client  0] Round 7 | Hier-pFedMe(λ2=35.0,K=3) | loss=0.1988
  [Client  6] Round 7 | Hier-pFedMe(λ2=35.0,K=3) | loss=0.1535
  [Client  4] Round 7 | Hier-pFedMe(λ2=35.0,K=3) | loss=0.2893
  [Edge 0] G7 | E3 | loss=0.5730
  [Edge 0] G7 | E4 | Hier-pFedMe | Selected 10/10
  [Client  0] Round 7 | Hier-pFedMe(λ2=35.0,K=3) | loss=0.1442
  [Client  8] Round 7 | Hier-pFedMe(λ2=35.0,K=3) | loss=0.0066
  [Client  6] Round 7 | Hier-pFedMe(λ2=35.0,K=3) | loss=0.1513
  [Client  2] Round 7 | Hier-pFedMe(λ2=35.0,K=3) | loss=0.2119
  [Client  4] Round 7 | Hier-pFedMe(λ2=35.0,K=3) | loss=0.1562
  [Client  1] Round 7 | Hier-pFedMe(λ2=35.0,K=3) | loss=0.1865
  [Client  9] Round 7 | Hier-pFedMe(λ2=35.0,K=3) | loss=0.0090
  [Client  5] Round 7 | Hier-pFedMe(λ2=35.0,K=3) | loss=2.8093
  [Client  3] Round 7 | Hier-pFedMe(λ2=35.0,K=3) | loss=0.3711
  [Client  7] Round 7 | Hier-pFedMe(λ2=35.0,K=3) | loss=0.4489
  [Edge 0] G7 | E4 | loss=0.4986
  [Edge 0] G7 | E5 | Hier-pFedMe | Selected 10/10
  [Client  6] Round 7 | Hier-pFedMe(λ2=35.0,K=3) | loss=0.2633
  [Client  1] Round 7 | Hier-pFedMe(λ2=35.0,K=3) | loss=0.1569
  [Client  5] Round 7 | Hier-pFedMe(λ2=35.0,K=3) | loss=0.3502
  [Client  0] Round 7 | Hier-pFedMe(λ2=35.0,K=3) | loss=0.1544
  [Client  9] Round 7 | Hier-pFedMe(λ2=35.0,K=3) | loss=0.0101
  [Client  8] Round 7 | Hier-pFedMe(λ2=35.0,K=3) | loss=0.0141
  [Client  2] Round 7 | Hier-pFedMe(λ2=35.0,K=3) | loss=0.1818
  [Client  7] Round 7 | Hier-pFedMe(λ2=35.0,K=3) | loss=0.4645
  [Client  3] Round 7 | Hier-pFedMe(λ2=35.0,K=3) | loss=0.7235
  [Client  4] Round 7 | Hier-pFedMe(λ2=35.0,K=3) | loss=0.2571
  [Edge 0] G7 | E5 | loss=0.2849
  [Edge 1] G7 | E1 | Hier-pFedMe | Selected 10/10
  [Client 15] Round 7 | Hier-pFedMe(λ2=35.0,K=3) | loss=0.3601
  [Client 11] Round 7 | Hier-pFedMe(λ2=35.0,K=3) | loss=0.1624  [Client 19] Round 7 | Hier-pFedMe(λ2=35.0,K=3) | loss=0.0941

  [Client 16] Round 7 | Hier-pFedMe(λ2=35.0,K=3) | loss=0.1965
  [Client 12] Round 7 | Hier-pFedMe(λ2=35.0,K=3) | loss=0.2034
  [Client 18] Round 7 | Hier-pFedMe(λ2=35.0,K=3) | loss=0.2687
  [Client 13] Round 7 | Hier-pFedMe(λ2=35.0,K=3) | loss=1.2688
  [Client 14] Round 7 | Hier-pFedMe(λ2=35.0,K=3) | loss=0.8462
  [Client 10] Round 7 | Hier-pFedMe(λ2=35.0,K=3) | loss=0.1770
  [Client 17] Round 7 | Hier-pFedMe(λ2=35.0,K=3) | loss=1.7389
  [Edge 1] G7 | E1 | loss=0.5316
  [Edge 1] G7 | E2 | Hier-pFedMe | Selected 10/10
  [Client 10] Round 7 | Hier-pFedMe(λ2=35.0,K=3) | loss=0.1650
  [Client 17] Round 7 | Hier-pFedMe(λ2=35.0,K=3) | loss=0.6755
  [Client 14] Round 7 | Hier-pFedMe(λ2=35.0,K=3) | loss=0.2160
  [Client 11] Round 7 | Hier-pFedMe(λ2=35.0,K=3) | loss=0.0893
  [Client 16] Round 7 | Hier-pFedMe(λ2=35.0,K=3) | loss=3.6250
  [Client 15] Round 7 | Hier-pFedMe(λ2=35.0,K=3) | loss=0.1717
  [Client 13] Round 7 | Hier-pFedMe(λ2=35.0,K=3) | loss=0.6082  [Client 18] Round 7 | Hier-pFedMe(λ2=35.0,K=3) | loss=0.5252

  [Client 12] Round 7 | Hier-pFedMe(λ2=35.0,K=3) | loss=0.2107
  [Client 19] Round 7 | Hier-pFedMe(λ2=35.0,K=3) | loss=0.1578
  [Edge 1] G7 | E2 | loss=0.6444
  [Edge 1] G7 | E3 | Hier-pFedMe | Selected 10/10
  [Client 15] Round 7 | Hier-pFedMe(λ2=35.0,K=3) | loss=0.1605
  [Client 16] Round 7 | Hier-pFedMe(λ2=35.0,K=3) | loss=0.2955
  [Client 19] Round 7 | Hier-pFedMe(λ2=35.0,K=3) | loss=0.1204
  [Client 17] Round 7 | Hier-pFedMe(λ2=35.0,K=3) | loss=0.3263
  [Client 14] Round 7 | Hier-pFedMe(λ2=35.0,K=3) | loss=0.5588
  [Client 12] Round 7 | Hier-pFedMe(λ2=35.0,K=3) | loss=0.1368
  [Client 18] Round 7 | Hier-pFedMe(λ2=35.0,K=3) | loss=0.6068
  [Client 11] Round 7 | Hier-pFedMe(λ2=35.0,K=3) | loss=0.1795
  [Client 13] Round 7 | Hier-pFedMe(λ2=35.0,K=3) | loss=0.1301
  [Client 10] Round 7 | Hier-pFedMe(λ2=35.0,K=3) | loss=0.3848
  [Edge 1] G7 | E3 | loss=0.2899
  [Edge 1] G7 | E4 | Hier-pFedMe | Selected 10/10
  [Client 13] Round 7 | Hier-pFedMe(λ2=35.0,K=3) | loss=0.5167
  [Client 14] Round 7 | Hier-pFedMe(λ2=35.0,K=3) | loss=0.6221
  [Client 17] Round 7 | Hier-pFedMe(λ2=35.0,K=3) | loss=0.7355
  [Client 10] Round 7 | Hier-pFedMe(λ2=35.0,K=3) | loss=0.1422
  [Client 15] Round 7 | Hier-pFedMe(λ2=35.0,K=3) | loss=0.1279
  [Client 18] Round 7 | Hier-pFedMe(λ2=35.0,K=3) | loss=0.2317
  [Client 11] Round 7 | Hier-pFedMe(λ2=35.0,K=3) | loss=0.1373
  [Client 19] Round 7 | Hier-pFedMe(λ2=35.0,K=3) | loss=0.1754
  [Client 16] Round 7 | Hier-pFedMe(λ2=35.0,K=3) | loss=3.9977
  [Client 12] Round 7 | Hier-pFedMe(λ2=35.0,K=3) | loss=0.1450
  [Edge 1] G7 | E4 | loss=0.6832
  [Edge 1] G7 | E5 | Hier-pFedMe | Selected 10/10
  [Client 10] Round 7 | Hier-pFedMe(λ2=35.0,K=3) | loss=0.1505
  [Client 14] Round 7 | Hier-pFedMe(λ2=35.0,K=3) | loss=0.1441
  [Client 11] Round 7 | Hier-pFedMe(λ2=35.0,K=3) | loss=0.1671
  [Client 18] Round 7 | Hier-pFedMe(λ2=35.0,K=3) | loss=0.2760
  [Client 12] Round 7 | Hier-pFedMe(λ2=35.0,K=3) | loss=0.1738
  [Client 17] Round 7 | Hier-pFedMe(λ2=35.0,K=3) | loss=0.2247
  [Client 19] Round 7 | Hier-pFedMe(λ2=35.0,K=3) | loss=0.0934
  [Client 13] Round 7 | Hier-pFedMe(λ2=35.0,K=3) | loss=0.6672
  [Client 16] Round 7 | Hier-pFedMe(λ2=35.0,K=3) | loss=0.5496
  [Client 15] Round 7 | Hier-pFedMe(λ2=35.0,K=3) | loss=0.2133
  [Edge 1] G7 | E5 | loss=0.2660
[C0] eval model[0] mean=-0.003397 | θ̃ mean=-0.003397 | edge mean=-0.003674
[C0] n=800 | classes=[3, 6] | acc=0.6112 | per_class={3: '0.45', 6: '0.78'}
[C1] eval model[0] mean=-0.003568 | θ̃ mean=-0.003568 | edge mean=-0.003674
[C1] n=800 | classes=[3, 6] | acc=0.5700 | per_class={3: '0.24', 6: '0.92'}
[C2] eval model[0] mean=-0.003939 | θ̃ mean=-0.003939 | edge mean=-0.003674
[C2] n=800 | classes=[2, 5] | acc=0.6663 | per_class={2: '0.54', 5: '0.79'}
[C3] eval model[0] mean=-0.003725 | θ̃ mean=-0.003725 | edge mean=-0.003674
[C3] n=800 | classes=[5, 7] | acc=0.4913 | per_class={5: '0.00', 7: '1.00'}
[C4] eval model[0] mean=-0.003697 | θ̃ mean=-0.003697 | edge mean=-0.003674
[C4] n=800 | classes=[2, 7] | acc=0.6200 | per_class={2: '0.93', 7: '0.32'}
[C5] eval model[0] mean=-0.003684 | θ̃ mean=-0.003684 | edge mean=-0.003674
[C5] n=800 | classes=[2, 4] | acc=0.5475 | per_class={2: '0.64', 4: '0.45'}
[C6] eval model[0] mean=-0.003386 | θ̃ mean=-0.003386 | edge mean=-0.003674
[C6] n=800 | classes=[6, 7] | acc=0.6925 | per_class={6: '0.86', 7: '0.53'}
[C7] eval model[0] mean=-0.003663 | θ̃ mean=-0.003663 | edge mean=-0.003674
[C7] n=800 | classes=[3, 5] | acc=0.5238 | per_class={3: '0.00', 5: '1.00'}
[C8] eval model[0] mean=-0.003762 | θ̃ mean=-0.003762 | edge mean=-0.003674
[C8] n=400 | classes=[4] | acc=1.0000 | per_class={4: '1.00'}
[C9] eval model[0] mean=-0.003556 | θ̃ mean=-0.003556 | edge mean=-0.003674
[C9] n=400 | classes=[4] | acc=1.0000 | per_class={4: '1.00'}
[C10] eval model[0] mean=-0.003392 | θ̃ mean=-0.003392 | edge mean=-0.003462
[C10] n=480 | classes=[8, 9] | acc=0.7562 | per_class={8: '0.69', 9: '0.82'}
[C11] eval model[0] mean=-0.003425 | θ̃ mean=-0.003425 | edge mean=-0.003462
[C11] n=480 | classes=[0, 1] | acc=0.7354 | per_class={0: '0.85', 1: '0.62'}
[C12] eval model[0] mean=-0.003516 | θ̃ mean=-0.003516 | edge mean=-0.003462
[C12] n=480 | classes=[1, 8] | acc=0.7396 | per_class={1: '0.69', 8: '0.78'}
[C13] eval model[0] mean=-0.003437 | θ̃ mean=-0.003437 | edge mean=-0.003462
[C13] n=480 | classes=[0, 8] | acc=0.5813 | per_class={0: '0.36', 8: '0.82'}
[C14] eval model[0] mean=-0.003296 | θ̃ mean=-0.003296 | edge mean=-0.003462
[C14] n=480 | classes=[0, 9] | acc=0.7188 | per_class={0: '0.93', 9: '0.51'}
[C15] eval model[0] mean=-0.003207 | θ̃ mean=-0.003207 | edge mean=-0.003462
[C15] n=480 | classes=[0, 8] | acc=0.6354 | per_class={0: '0.78', 8: '0.49'}
[C16] eval model[0] mean=-0.003012 | θ̃ mean=-0.003012 | edge mean=-0.003462
[C16] n=480 | classes=[1, 8] | acc=0.7354 | per_class={1: '0.67', 8: '0.80'}
[C17] eval model[0] mean=-0.003680 | θ̃ mean=-0.003680 | edge mean=-0.003462
[C17] n=480 | classes=[1, 9] | acc=0.5333 | per_class={1: '0.99', 9: '0.07'}
[C18] eval model[0] mean=-0.003619 | θ̃ mean=-0.003619 | edge mean=-0.003462
[C18] n=480 | classes=[1, 9] | acc=0.5333 | per_class={1: '0.23', 9: '0.85'}
[C19] eval model[0] mean=-0.003537 | θ̃ mean=-0.003537 | edge mean=-0.003462
[C19] n=480 | classes=[0, 9] | acc=0.7937 | per_class={0: '0.66', 9: '0.92'}
  [Cloud] GM=0.2228 | EM=0.3509 PM=0.6520 | loss=2.1190 | time=38.9s | comm=4556.2MB (total=31893MB)

[Round   8] Broadcasting to 2 edges...
  [Edge 0] G8 | E1 | Hier-pFedMe | Selected 10/10
  [Client  6] Round 8 | Hier-pFedMe(λ2=35.0,K=3) | loss=0.1801
  [Client  7] Round 8 | Hier-pFedMe(λ2=35.0,K=3) | loss=0.1649
  [Client  1] Round 8 | Hier-pFedMe(λ2=35.0,K=3) | loss=0.2304
  [Client  5] Round 8 | Hier-pFedMe(λ2=35.0,K=3) | loss=4.2254
  [Client  3] Round 8 | Hier-pFedMe(λ2=35.0,K=3) | loss=0.3484
  [Client  8] Round 8 | Hier-pFedMe(λ2=35.0,K=3) | loss=0.0158
  [Client  0] Round 8 | Hier-pFedMe(λ2=35.0,K=3) | loss=0.1326
  [Client  4] Round 8 | Hier-pFedMe(λ2=35.0,K=3) | loss=0.5837
  [Client  9] Round 8 | Hier-pFedMe(λ2=35.0,K=3) | loss=0.0144
  [Client  2] Round 8 | Hier-pFedMe(λ2=35.0,K=3) | loss=0.2462
  [Edge 0] G8 | E1 | loss=0.6808
  [Edge 0] G8 | E2 | Hier-pFedMe | Selected 10/10
  [Client  5] Round 8 | Hier-pFedMe(λ2=35.0,K=3) | loss=0.4591
  [Client  6] Round 8 | Hier-pFedMe(λ2=35.0,K=3) | loss=0.2205
  [Client  0] Round 8 | Hier-pFedMe(λ2=35.0,K=3) | loss=0.2117
  [Client  1] Round 8 | Hier-pFedMe(λ2=35.0,K=3) | loss=0.1049
  [Client  4] Round 8 | Hier-pFedMe(λ2=35.0,K=3) | loss=0.3289
  [Client  7] Round 8 | Hier-pFedMe(λ2=35.0,K=3) | loss=0.1730
  [Client  8] Round 8 | Hier-pFedMe(λ2=35.0,K=3) | loss=0.0112
  [Client  2] Round 8 | Hier-pFedMe(λ2=35.0,K=3) | loss=0.1524
  [Client  3] Round 8 | Hier-pFedMe(λ2=35.0,K=3) | loss=0.5541
  [Client  9] Round 8 | Hier-pFedMe(λ2=35.0,K=3) | loss=0.0126
  [Edge 0] G8 | E2 | loss=0.2463
  [Edge 0] G8 | E3 | Hier-pFedMe | Selected 10/10
  [Client  4] Round 8 | Hier-pFedMe(λ2=35.0,K=3) | loss=0.2477
  [Client  0] Round 8 | Hier-pFedMe(λ2=35.0,K=3) | loss=0.1279
  [Client  6] Round 8 | Hier-pFedMe(λ2=35.0,K=3) | loss=0.2053
  [Client  5] Round 8 | Hier-pFedMe(λ2=35.0,K=3) | loss=5.3626
  [Client  3] Round 8 | Hier-pFedMe(λ2=35.0,K=3) | loss=0.1852
  [Client  1] Round 8 | Hier-pFedMe(λ2=35.0,K=3) | loss=0.2073
  [Client  8] Round 8 | Hier-pFedMe(λ2=35.0,K=3) | loss=0.0078
  [Client  9] Round 8 | Hier-pFedMe(λ2=35.0,K=3) | loss=0.0108
  [Client  2] Round 8 | Hier-pFedMe(λ2=35.0,K=3) | loss=0.2588
  [Client  7] Round 8 | Hier-pFedMe(λ2=35.0,K=3) | loss=0.1999
  [Edge 0] G8 | E3 | loss=0.7560
  [Edge 0] G8 | E4 | Hier-pFedMe | Selected 10/10
  [Client  5] Round 8 | Hier-pFedMe(λ2=35.0,K=3) | loss=0.5795
  [Client  4] Round 8 | Hier-pFedMe(λ2=35.0,K=3) | loss=0.0621
  [Client  1] Round 8 | Hier-pFedMe(λ2=35.0,K=3) | loss=0.0764
  [Client  6] Round 8 | Hier-pFedMe(λ2=35.0,K=3) | loss=0.2066
  [Client  9] Round 8 | Hier-pFedMe(λ2=35.0,K=3) | loss=0.0114  [Client  8] Round 8 | Hier-pFedMe(λ2=35.0,K=3) | loss=0.0112

  [Client  7] Round 8 | Hier-pFedMe(λ2=35.0,K=3) | loss=1.0386
  [Client  0] Round 8 | Hier-pFedMe(λ2=35.0,K=3) | loss=0.5268
  [Client  3] Round 8 | Hier-pFedMe(λ2=35.0,K=3) | loss=0.8102
  [Client  2] Round 8 | Hier-pFedMe(λ2=35.0,K=3) | loss=0.2205
  [Edge 0] G8 | E4 | loss=0.3924
  [Edge 0] G8 | E5 | Hier-pFedMe | Selected 10/10
  [Client  5] Round 8 | Hier-pFedMe(λ2=35.0,K=3) | loss=4.4211
  [Client  4] Round 8 | Hier-pFedMe(λ2=35.0,K=3) | loss=0.4257
  [Client  8] Round 8 | Hier-pFedMe(λ2=35.0,K=3) | loss=0.0111
  [Client  1] Round 8 | Hier-pFedMe(λ2=35.0,K=3) | loss=0.3501
  [Client  9] Round 8 | Hier-pFedMe(λ2=35.0,K=3) | loss=0.0090
  [Client  7] Round 8 | Hier-pFedMe(λ2=35.0,K=3) | loss=0.5976
  [Client  3] Round 8 | Hier-pFedMe(λ2=35.0,K=3) | loss=0.6901
  [Client  6] Round 8 | Hier-pFedMe(λ2=35.0,K=3) | loss=0.4761
  [Client  0] Round 8 | Hier-pFedMe(λ2=35.0,K=3) | loss=0.5540
  [Client  2] Round 8 | Hier-pFedMe(λ2=35.0,K=3) | loss=0.2145
  [Edge 0] G8 | E5 | loss=0.8599
  [Edge 1] G8 | E1 | Hier-pFedMe | Selected 10/10
  [Client 19] Round 8 | Hier-pFedMe(λ2=35.0,K=3) | loss=0.1955
  [Client 16] Round 8 | Hier-pFedMe(λ2=35.0,K=3) | loss=4.8827
  [Client 17] Round 8 | Hier-pFedMe(λ2=35.0,K=3) | loss=0.4929
  [Client 14] Round 8 | Hier-pFedMe(λ2=35.0,K=3) | loss=0.5471
  [Client 15] Round 8 | Hier-pFedMe(λ2=35.0,K=3) | loss=0.4452
  [Client 18] Round 8 | Hier-pFedMe(λ2=35.0,K=3) | loss=0.3418
  [Client 11] Round 8 | Hier-pFedMe(λ2=35.0,K=3) | loss=0.4850
  [Client 13] Round 8 | Hier-pFedMe(λ2=35.0,K=3) | loss=0.1794
  [Client 10] Round 8 | Hier-pFedMe(λ2=35.0,K=3) | loss=0.1473
  [Client 12] Round 8 | Hier-pFedMe(λ2=35.0,K=3) | loss=0.2086
  [Edge 1] G8 | E1 | loss=0.7925
  [Edge 1] G8 | E2 | Hier-pFedMe | Selected 10/10
  [Client 11] Round 8 | Hier-pFedMe(λ2=35.0,K=3) | loss=0.0746
  [Client 15] Round 8 | Hier-pFedMe(λ2=35.0,K=3) | loss=0.7236
  [Client 17] Round 8 | Hier-pFedMe(λ2=35.0,K=3) | loss=0.4674
  [Client 18] Round 8 | Hier-pFedMe(λ2=35.0,K=3) | loss=0.4106
  [Client 10] Round 8 | Hier-pFedMe(λ2=35.0,K=3) | loss=0.1111
  [Client 14] Round 8 | Hier-pFedMe(λ2=35.0,K=3) | loss=0.1415
  [Client 19] Round 8 | Hier-pFedMe(λ2=35.0,K=3) | loss=0.1574
  [Client 16] Round 8 | Hier-pFedMe(λ2=35.0,K=3) | loss=0.1022
  [Client 13] Round 8 | Hier-pFedMe(λ2=35.0,K=3) | loss=0.1978
  [Client 12] Round 8 | Hier-pFedMe(λ2=35.0,K=3) | loss=0.1337
  [Edge 1] G8 | E2 | loss=0.2520
  [Edge 1] G8 | E3 | Hier-pFedMe | Selected 10/10
  [Client 19] Round 8 | Hier-pFedMe(λ2=35.0,K=3) | loss=0.3168
  [Client 17] Round 8 | Hier-pFedMe(λ2=35.0,K=3) | loss=0.4343
  [Client 14] Round 8 | Hier-pFedMe(λ2=35.0,K=3) | loss=0.2537
  [Client 11] Round 8 | Hier-pFedMe(λ2=35.0,K=3) | loss=0.1881
  [Client 13] Round 8 | Hier-pFedMe(λ2=35.0,K=3) | loss=0.4465
  [Client 16] Round 8 | Hier-pFedMe(λ2=35.0,K=3) | loss=4.8406
  [Client 18] Round 8 | Hier-pFedMe(λ2=35.0,K=3) | loss=0.0895
  [Client 10] Round 8 | Hier-pFedMe(λ2=35.0,K=3) | loss=0.2974
  [Client 15] Round 8 | Hier-pFedMe(λ2=35.0,K=3) | loss=0.5123
  [Client 12] Round 8 | Hier-pFedMe(λ2=35.0,K=3) | loss=0.0958
  [Edge 1] G8 | E3 | loss=0.7475
  [Edge 1] G8 | E4 | Hier-pFedMe | Selected 10/10
  [Client 16] Round 8 | Hier-pFedMe(λ2=35.0,K=3) | loss=0.4858
  [Client 18] Round 8 | Hier-pFedMe(λ2=35.0,K=3) | loss=0.2044
  [Client 12] Round 8 | Hier-pFedMe(λ2=35.0,K=3) | loss=0.1212
  [Client 14] Round 8 | Hier-pFedMe(λ2=35.0,K=3) | loss=0.1230
  [Client 13] Round 8 | Hier-pFedMe(λ2=35.0,K=3) | loss=0.8263
  [Client 11] Round 8 | Hier-pFedMe(λ2=35.0,K=3) | loss=0.0730
  [Client 15] Round 8 | Hier-pFedMe(λ2=35.0,K=3) | loss=0.8514
  [Client 19] Round 8 | Hier-pFedMe(λ2=35.0,K=3) | loss=0.1464
  [Client 10] Round 8 | Hier-pFedMe(λ2=35.0,K=3) | loss=0.1413
  [Client 17] Round 8 | Hier-pFedMe(λ2=35.0,K=3) | loss=0.3839
  [Edge 1] G8 | E4 | loss=0.3357
  [Edge 1] G8 | E5 | Hier-pFedMe | Selected 10/10
  [Client 11] Round 8 | Hier-pFedMe(λ2=35.0,K=3) | loss=0.0582
  [Client 15] Round 8 | Hier-pFedMe(λ2=35.0,K=3) | loss=0.4703
  [Client 12] Round 8 | Hier-pFedMe(λ2=35.0,K=3) | loss=0.0653
  [Client 16] Round 8 | Hier-pFedMe(λ2=35.0,K=3) | loss=5.8332
  [Client 17] Round 8 | Hier-pFedMe(λ2=35.0,K=3) | loss=0.1761
  [Client 18] Round 8 | Hier-pFedMe(λ2=35.0,K=3) | loss=0.5498
  [Client 10] Round 8 | Hier-pFedMe(λ2=35.0,K=3) | loss=0.1272
  [Client 14] Round 8 | Hier-pFedMe(λ2=35.0,K=3) | loss=0.8811
  [Client 19] Round 8 | Hier-pFedMe(λ2=35.0,K=3) | loss=0.0935
  [Client 13] Round 8 | Hier-pFedMe(λ2=35.0,K=3) | loss=0.3779
  [Edge 1] G8 | E5 | loss=0.8633
[C0] eval model[0] mean=-0.003008 | θ̃ mean=-0.003008 | edge mean=-0.003389
[C0] n=800 | classes=[3, 6] | acc=0.6475 | per_class={3: '0.63', 6: '0.66'}
[C1] eval model[0] mean=-0.003457 | θ̃ mean=-0.003457 | edge mean=-0.003389
[C1] n=800 | classes=[3, 6] | acc=0.5863 | per_class={3: '0.93', 6: '0.21'}
[C2] eval model[0] mean=-0.003533 | θ̃ mean=-0.003533 | edge mean=-0.003389
[C2] n=800 | classes=[2, 5] | acc=0.6613 | per_class={2: '0.49', 5: '0.83'}
[C3] eval model[0] mean=-0.003817 | θ̃ mean=-0.003817 | edge mean=-0.003389
[C3] n=800 | classes=[5, 7] | acc=0.6225 | per_class={5: '0.81', 7: '0.43'}
[C4] eval model[0] mean=-0.003574 | θ̃ mean=-0.003574 | edge mean=-0.003389
[C4] n=800 | classes=[2, 7] | acc=0.7475 | per_class={2: '0.73', 7: '0.76'}
[C5] eval model[0] mean=-0.004471 | θ̃ mean=-0.004471 | edge mean=-0.003389
[C5] n=800 | classes=[2, 4] | acc=0.4100 | per_class={2: '0.47', 4: '0.34'}
[C6] eval model[0] mean=-0.003836 | θ̃ mean=-0.003836 | edge mean=-0.003389
[C6] n=800 | classes=[6, 7] | acc=0.6600 | per_class={6: '0.37', 7: '0.95'}
[C7] eval model[0] mean=-0.003824 | θ̃ mean=-0.003824 | edge mean=-0.003389
[C7] n=800 | classes=[3, 5] | acc=0.5737 | per_class={3: '0.73', 5: '0.43'}
[C8] eval model[0] mean=-0.003342 | θ̃ mean=-0.003342 | edge mean=-0.003389
[C8] n=400 | classes=[4] | acc=1.0000 | per_class={4: '1.00'}
[C9] eval model[0] mean=-0.003414 | θ̃ mean=-0.003414 | edge mean=-0.003389
[C9] n=400 | classes=[4] | acc=1.0000 | per_class={4: '1.00'}
[C10] eval model[0] mean=-0.003635 | θ̃ mean=-0.003635 | edge mean=-0.003574
[C10] n=480 | classes=[8, 9] | acc=0.7354 | per_class={8: '0.96', 9: '0.52'}
[C11] eval model[0] mean=-0.003167 | θ̃ mean=-0.003167 | edge mean=-0.003574
[C11] n=480 | classes=[0, 1] | acc=0.7354 | per_class={0: '0.68', 1: '0.79'}
[C12] eval model[0] mean=-0.003624 | θ̃ mean=-0.003624 | edge mean=-0.003574
[C12] n=480 | classes=[1, 8] | acc=0.6875 | per_class={1: '0.48', 8: '0.89'}
[C13] eval model[0] mean=-0.003762 | θ̃ mean=-0.003762 | edge mean=-0.003574
[C13] n=480 | classes=[0, 8] | acc=0.5271 | per_class={0: '0.76', 8: '0.28'}
[C14] eval model[0] mean=-0.003755 | θ̃ mean=-0.003755 | edge mean=-0.003574
[C14] n=480 | classes=[0, 9] | acc=0.8042 | per_class={0: '0.76', 9: '0.85'}
[C15] eval model[0] mean=-0.003188 | θ̃ mean=-0.003188 | edge mean=-0.003574
[C15] n=480 | classes=[0, 8] | acc=0.5687 | per_class={0: '0.87', 8: '0.26'}
[C16] eval model[0] mean=-0.003137 | θ̃ mean=-0.003137 | edge mean=-0.003574
[C16] n=480 | classes=[1, 8] | acc=0.5917 | per_class={1: '0.99', 8: '0.20'}
[C17] eval model[0] mean=-0.003465 | θ̃ mean=-0.003465 | edge mean=-0.003574
[C17] n=480 | classes=[1, 9] | acc=0.6021 | per_class={1: '0.55', 9: '0.65'}
[C18] eval model[0] mean=-0.003415 | θ̃ mean=-0.003415 | edge mean=-0.003574
[C18] n=480 | classes=[1, 9] | acc=0.5104 | per_class={1: '1.00', 9: '0.00'}
[C19] eval model[0] mean=-0.003987 | θ̃ mean=-0.003987 | edge mean=-0.003574
[C19] n=480 | classes=[0, 9] | acc=0.7562 | per_class={0: '0.85', 9: '0.67'}
  [Cloud] GM=0.2354 | EM=0.3780 PM=0.6547 | loss=2.0874 | time=39.5s | comm=4556.2MB (total=36450MB)

[Round   9] Broadcasting to 2 edges...
  [Edge 0] G9 | E1 | Hier-pFedMe | Selected 10/10
  [Client  3] Round 9 | Hier-pFedMe(λ2=35.0,K=3) | loss=1.9292
  [Client  5] Round 9 | Hier-pFedMe(λ2=35.0,K=3) | loss=0.3639
  [Client  2] Round 9 | Hier-pFedMe(λ2=35.0,K=3) | loss=0.1944
  [Client  0] Round 9 | Hier-pFedMe(λ2=35.0,K=3) | loss=0.1891
  [Client  9] Round 9 | Hier-pFedMe(λ2=35.0,K=3) | loss=0.0215
  [Client  1] Round 9 | Hier-pFedMe(λ2=35.0,K=3) | loss=0.2457
  [Client  6] Round 9 | Hier-pFedMe(λ2=35.0,K=3) | loss=0.1049
  [Client  8] Round 9 | Hier-pFedMe(λ2=35.0,K=3) | loss=0.0221
  [Client  7] Round 9 | Hier-pFedMe(λ2=35.0,K=3) | loss=1.5026
  [Client  4] Round 9 | Hier-pFedMe(λ2=35.0,K=3) | loss=0.1966
  [Edge 0] G9 | E1 | loss=0.5276
  [Edge 0] G9 | E2 | Hier-pFedMe | Selected 10/10
  [Client  0] Round 9 | Hier-pFedMe(λ2=35.0,K=3) | loss=0.1647
  [Client  7] Round 9 | Hier-pFedMe(λ2=35.0,K=3) | loss=0.9531
  [Client  5] Round 9 | Hier-pFedMe(λ2=35.0,K=3) | loss=5.9717
  [Client  6] Round 9 | Hier-pFedMe(λ2=35.0,K=3) | loss=0.3456
  [Client  4] Round 9 | Hier-pFedMe(λ2=35.0,K=3) | loss=0.1734
  [Client  8] Round 9 | Hier-pFedMe(λ2=35.0,K=3) | loss=0.0069
  [Client  1] Round 9 | Hier-pFedMe(λ2=35.0,K=3) | loss=0.4787
  [Client  2] Round 9 | Hier-pFedMe(λ2=35.0,K=3) | loss=0.1521
  [Client  9] Round 9 | Hier-pFedMe(λ2=35.0,K=3) | loss=0.0089
  [Client  3] Round 9 | Hier-pFedMe(λ2=35.0,K=3) | loss=0.3916
  [Edge 0] G9 | E2 | loss=0.9599
  [Edge 0] G9 | E3 | Hier-pFedMe | Selected 10/10
  [Client  3] Round 9 | Hier-pFedMe(λ2=35.0,K=3) | loss=1.8364
  [Client  8] Round 9 | Hier-pFedMe(λ2=35.0,K=3) | loss=0.0127
  [Client  0] Round 9 | Hier-pFedMe(λ2=35.0,K=3) | loss=0.2032
  [Client  4] Round 9 | Hier-pFedMe(λ2=35.0,K=3) | loss=0.9457
  [Client  9] Round 9 | Hier-pFedMe(λ2=35.0,K=3) | loss=0.0119
  [Client  2] Round 9 | Hier-pFedMe(λ2=35.0,K=3) | loss=0.2133
  [Client  7] Round 9 | Hier-pFedMe(λ2=35.0,K=3) | loss=1.5851
  [Client  5] Round 9 | Hier-pFedMe(λ2=35.0,K=3) | loss=0.4334
  [Client  6] Round 9 | Hier-pFedMe(λ2=35.0,K=3) | loss=0.1223
  [Client  1] Round 9 | Hier-pFedMe(λ2=35.0,K=3) | loss=0.4746
  [Edge 0] G9 | E3 | loss=0.6474
  [Edge 0] G9 | E4 | Hier-pFedMe | Selected 10/10
  [Client  4] Round 9 | Hier-pFedMe(λ2=35.0,K=3) | loss=0.1968
  [Client  0] Round 9 | Hier-pFedMe(λ2=35.0,K=3) | loss=0.1749
  [Client  8] Round 9 | Hier-pFedMe(λ2=35.0,K=3) | loss=0.0130
  [Client  3] Round 9 | Hier-pFedMe(λ2=35.0,K=3) | loss=0.3386
  [Client  2] Round 9 | Hier-pFedMe(λ2=35.0,K=3) | loss=0.2152
  [Client  6] Round 9 | Hier-pFedMe(λ2=35.0,K=3) | loss=0.1212
  [Client  9] Round 9 | Hier-pFedMe(λ2=35.0,K=3) | loss=0.0177
  [Client  5] Round 9 | Hier-pFedMe(λ2=35.0,K=3) | loss=2.7641
  [Client  1] Round 9 | Hier-pFedMe(λ2=35.0,K=3) | loss=0.4884
  [Client  7] Round 9 | Hier-pFedMe(λ2=35.0,K=3) | loss=0.7578
  [Edge 0] G9 | E4 | loss=0.5636
  [Edge 0] G9 | E5 | Hier-pFedMe | Selected 10/10
  [Client  1] Round 9 | Hier-pFedMe(λ2=35.0,K=3) | loss=0.2980
  [Client  3] Round 9 | Hier-pFedMe(λ2=35.0,K=3) | loss=2.4779
  [Client  8] Round 9 | Hier-pFedMe(λ2=35.0,K=3) | loss=0.0173
  [Client  6] Round 9 | Hier-pFedMe(λ2=35.0,K=3) | loss=0.1180
  [Client  9] Round 9 | Hier-pFedMe(λ2=35.0,K=3) | loss=0.0123
  [Client  2] Round 9 | Hier-pFedMe(λ2=35.0,K=3) | loss=0.1768
  [Client  7] Round 9 | Hier-pFedMe(λ2=35.0,K=3) | loss=0.7688
  [Client  0] Round 9 | Hier-pFedMe(λ2=35.0,K=3) | loss=0.3233
  [Client  5] Round 9 | Hier-pFedMe(λ2=35.0,K=3) | loss=0.3728
  [Client  4] Round 9 | Hier-pFedMe(λ2=35.0,K=3) | loss=0.1741
  [Edge 0] G9 | E5 | loss=0.5249
  [Edge 1] G9 | E1 | Hier-pFedMe | Selected 10/10
  [Client 17] Round 9 | Hier-pFedMe(λ2=35.0,K=3) | loss=0.2554
  [Client 15] Round 9 | Hier-pFedMe(λ2=35.0,K=3) | loss=0.6093
  [Client 14] Round 9 | Hier-pFedMe(λ2=35.0,K=3) | loss=0.2683
  [Client 12] Round 9 | Hier-pFedMe(λ2=35.0,K=3) | loss=0.0643
  [Client 11] Round 9 | Hier-pFedMe(λ2=35.0,K=3) | loss=0.0906
  [Client 18] Round 9 | Hier-pFedMe(λ2=35.0,K=3) | loss=0.4460
  [Client 16] Round 9 | Hier-pFedMe(λ2=35.0,K=3) | loss=0.3497
  [Client 10] Round 9 | Hier-pFedMe(λ2=35.0,K=3) | loss=0.1726
  [Client 13] Round 9 | Hier-pFedMe(λ2=35.0,K=3) | loss=0.2781
  [Client 19] Round 9 | Hier-pFedMe(λ2=35.0,K=3) | loss=0.2400
  [Edge 1] G9 | E1 | loss=0.2774
  [Edge 1] G9 | E2 | Hier-pFedMe | Selected 10/10
  [Client 13] Round 9 | Hier-pFedMe(λ2=35.0,K=3) | loss=0.1213
  [Client 18] Round 9 | Hier-pFedMe(λ2=35.0,K=3) | loss=0.5697
  [Client 11] Round 9 | Hier-pFedMe(λ2=35.0,K=3) | loss=0.3181
  [Client 12] Round 9 | Hier-pFedMe(λ2=35.0,K=3) | loss=0.1545
  [Client 10] Round 9 | Hier-pFedMe(λ2=35.0,K=3) | loss=0.1109
  [Client 16] Round 9 | Hier-pFedMe(λ2=35.0,K=3) | loss=4.6291
  [Client 17] Round 9 | Hier-pFedMe(λ2=35.0,K=3) | loss=0.4218
  [Client 14] Round 9 | Hier-pFedMe(λ2=35.0,K=3) | loss=0.1233
  [Client 15] Round 9 | Hier-pFedMe(λ2=35.0,K=3) | loss=0.1855
  [Client 19] Round 9 | Hier-pFedMe(λ2=35.0,K=3) | loss=0.3802
  [Edge 1] G9 | E2 | loss=0.7014
  [Edge 1] G9 | E3 | Hier-pFedMe | Selected 10/10
  [Client 16] Round 9 | Hier-pFedMe(λ2=35.0,K=3) | loss=0.3706
  [Client 14] Round 9 | Hier-pFedMe(λ2=35.0,K=3) | loss=0.1374
  [Client 17] Round 9 | Hier-pFedMe(λ2=35.0,K=3) | loss=0.2445
  [Client 19] Round 9 | Hier-pFedMe(λ2=35.0,K=3) | loss=0.0603
  [Client 12] Round 9 | Hier-pFedMe(λ2=35.0,K=3) | loss=0.2124
  [Client 10] Round 9 | Hier-pFedMe(λ2=35.0,K=3) | loss=0.2459
  [Client 15] Round 9 | Hier-pFedMe(λ2=35.0,K=3) | loss=0.5885
  [Client 11] Round 9 | Hier-pFedMe(λ2=35.0,K=3) | loss=0.6422
  [Client 13] Round 9 | Hier-pFedMe(λ2=35.0,K=3) | loss=0.4358
  [Client 18] Round 9 | Hier-pFedMe(λ2=35.0,K=3) | loss=0.4336
  [Edge 1] G9 | E3 | loss=0.3371
  [Edge 1] G9 | E4 | Hier-pFedMe | Selected 10/10
  [Client 18] Round 9 | Hier-pFedMe(λ2=35.0,K=3) | loss=1.4362
  [Client 15] Round 9 | Hier-pFedMe(λ2=35.0,K=3) | loss=0.1477
  [Client 14] Round 9 | Hier-pFedMe(λ2=35.0,K=3) | loss=0.1250
  [Client 10] Round 9 | Hier-pFedMe(λ2=35.0,K=3) | loss=0.1007
  [Client 17] Round 9 | Hier-pFedMe(λ2=35.0,K=3) | loss=0.1562
  [Client 19] Round 9 | Hier-pFedMe(λ2=35.0,K=3) | loss=0.0531
  [Client 11] Round 9 | Hier-pFedMe(λ2=35.0,K=3) | loss=0.0605
  [Client 12] Round 9 | Hier-pFedMe(λ2=35.0,K=3) | loss=0.1161
  [Client 16] Round 9 | Hier-pFedMe(λ2=35.0,K=3) | loss=1.0336
  [Client 13] Round 9 | Hier-pFedMe(λ2=35.0,K=3) | loss=0.2192
  [Edge 1] G9 | E4 | loss=0.3448
  [Edge 1] G9 | E5 | Hier-pFedMe | Selected 10/10
  [Client 11] Round 9 | Hier-pFedMe(λ2=35.0,K=3) | loss=0.3424
  [Client 12] Round 9 | Hier-pFedMe(λ2=35.0,K=3) | loss=0.0811
  [Client 16] Round 9 | Hier-pFedMe(λ2=35.0,K=3) | loss=0.1659
  [Client 10] Round 9 | Hier-pFedMe(λ2=35.0,K=3) | loss=0.1171
  [Client 15] Round 9 | Hier-pFedMe(λ2=35.0,K=3) | loss=0.2407
  [Client 14] Round 9 | Hier-pFedMe(λ2=35.0,K=3) | loss=0.0962
  [Client 13] Round 9 | Hier-pFedMe(λ2=35.0,K=3) | loss=0.1443
  [Client 18] Round 9 | Hier-pFedMe(λ2=35.0,K=3) | loss=0.9612
  [Client 17] Round 9 | Hier-pFedMe(λ2=35.0,K=3) | loss=0.2670
  [Client 19] Round 9 | Hier-pFedMe(λ2=35.0,K=3) | loss=0.1346
  [Edge 1] G9 | E5 | loss=0.2550
[C0] eval model[0] mean=-0.003658 | θ̃ mean=-0.003658 | edge mean=-0.003619
[C0] n=800 | classes=[3, 6] | acc=0.6500 | per_class={3: '0.73', 6: '0.56'}
[C1] eval model[0] mean=-0.003835 | θ̃ mean=-0.003835 | edge mean=-0.003619
[C1] n=800 | classes=[3, 6] | acc=0.5737 | per_class={3: '0.21', 6: '0.96'}
[C2] eval model[0] mean=-0.003476 | θ̃ mean=-0.003476 | edge mean=-0.003619
[C2] n=800 | classes=[2, 5] | acc=0.6925 | per_class={2: '0.71', 5: '0.68'}
[C3] eval model[0] mean=-0.003600 | θ̃ mean=-0.003600 | edge mean=-0.003619
[C3] n=800 | classes=[5, 7] | acc=0.5175 | per_class={5: '0.98', 7: '0.04'}
[C4] eval model[0] mean=-0.003862 | θ̃ mean=-0.003862 | edge mean=-0.003619
[C4] n=800 | classes=[2, 7] | acc=0.6438 | per_class={2: '0.95', 7: '0.35'}
[C5] eval model[0] mean=-0.003710 | θ̃ mean=-0.003710 | edge mean=-0.003619
[C5] n=800 | classes=[2, 4] | acc=0.5400 | per_class={2: '0.74', 4: '0.32'}
[C6] eval model[0] mean=-0.003704 | θ̃ mean=-0.003704 | edge mean=-0.003619
[C6] n=800 | classes=[6, 7] | acc=0.7450 | per_class={6: '0.76', 7: '0.73'}
[C7] eval model[0] mean=-0.004092 | θ̃ mean=-0.004092 | edge mean=-0.003619
[C7] n=800 | classes=[3, 5] | acc=0.5225 | per_class={3: '0.28', 5: '0.74'}
[C8] eval model[0] mean=-0.003486 | θ̃ mean=-0.003486 | edge mean=-0.003619
[C8] n=400 | classes=[4] | acc=1.0000 | per_class={4: '1.00'}
[C9] eval model[0] mean=-0.003485 | θ̃ mean=-0.003485 | edge mean=-0.003619
[C9] n=400 | classes=[4] | acc=1.0000 | per_class={4: '1.00'}
[C10] eval model[0] mean=-0.003523 | θ̃ mean=-0.003523 | edge mean=-0.003431
[C10] n=480 | classes=[8, 9] | acc=0.7729 | per_class={8: '0.83', 9: '0.72'}
[C11] eval model[0] mean=-0.003753 | θ̃ mean=-0.003753 | edge mean=-0.003431
[C11] n=480 | classes=[0, 1] | acc=0.7333 | per_class={0: '0.71', 1: '0.76'}
[C12] eval model[0] mean=-0.003629 | θ̃ mean=-0.003629 | edge mean=-0.003431
[C12] n=480 | classes=[1, 8] | acc=0.7625 | per_class={1: '0.82', 8: '0.71'}
[C13] eval model[0] mean=-0.003219 | θ̃ mean=-0.003219 | edge mean=-0.003431
[C13] n=480 | classes=[0, 8] | acc=0.6208 | per_class={0: '0.53', 8: '0.71'}
[C14] eval model[0] mean=-0.003509 | θ̃ mean=-0.003509 | edge mean=-0.003431
[C14] n=480 | classes=[0, 9] | acc=0.7896 | per_class={0: '0.65', 9: '0.93'}
[C15] eval model[0] mean=-0.003694 | θ̃ mean=-0.003694 | edge mean=-0.003431
[C15] n=480 | classes=[0, 8] | acc=0.5896 | per_class={0: '0.87', 8: '0.29'}
[C16] eval model[0] mean=-0.003456 | θ̃ mean=-0.003456 | edge mean=-0.003431
[C16] n=480 | classes=[1, 8] | acc=0.7479 | per_class={1: '0.81', 8: '0.69'}
[C17] eval model[0] mean=-0.003478 | θ̃ mean=-0.003478 | edge mean=-0.003431
[C17] n=480 | classes=[1, 9] | acc=0.6125 | per_class={1: '0.80', 9: '0.42'}
[C18] eval model[0] mean=-0.003037 | θ̃ mean=-0.003037 | edge mean=-0.003431
[C18] n=480 | classes=[1, 9] | acc=0.4917 | per_class={1: '0.00', 9: '1.00'}
[C19] eval model[0] mean=-0.003498 | θ̃ mean=-0.003498 | edge mean=-0.003431
[C19] n=480 | classes=[0, 9] | acc=0.7812 | per_class={0: '0.63', 9: '0.92'}
  [Cloud] GM=0.2486 | EM=0.3837 PM=0.6684 | loss=2.0649 | time=39.0s | comm=4556.2MB (total=41006MB)

[Round  10] Broadcasting to 2 edges...
  [Edge 0] G10 | E1 | Hier-pFedMe | Selected 10/10
  [Client  9] Round 10 | Hier-pFedMe(λ2=35.0,K=3) | loss=0.0174
  [Client  7] Round 10 | Hier-pFedMe(λ2=35.0,K=3) | loss=0.3383
  [Client  5] Round 10 | Hier-pFedMe(λ2=35.0,K=3) | loss=0.1199
  [Client  3] Round 10 | Hier-pFedMe(λ2=35.0,K=3) | loss=0.2643
  [Client  4] Round 10 | Hier-pFedMe(λ2=35.0,K=3) | loss=0.2276
  [Client  0] Round 10 | Hier-pFedMe(λ2=35.0,K=3) | loss=0.4886
  [Client  6] Round 10 | Hier-pFedMe(λ2=35.0,K=3) | loss=0.0760
  [Client  8] Round 10 | Hier-pFedMe(λ2=35.0,K=3) | loss=0.0118
  [Client  2] Round 10 | Hier-pFedMe(λ2=35.0,K=3) | loss=0.2031
  [Client  1] Round 10 | Hier-pFedMe(λ2=35.0,K=3) | loss=0.2450
  [Edge 0] G10 | E1 | loss=0.2197
  [Edge 0] G10 | E2 | Hier-pFedMe | Selected 10/10
  [Client  4] Round 10 | Hier-pFedMe(λ2=35.0,K=3) | loss=0.2773  [Client  6] Round 10 | Hier-pFedMe(λ2=35.0,K=3) | loss=0.1234

  [Client  7] Round 10 | Hier-pFedMe(λ2=35.0,K=3) | loss=0.0896
  [Client  5] Round 10 | Hier-pFedMe(λ2=35.0,K=3) | loss=0.2319
  [Client  8] Round 10 | Hier-pFedMe(λ2=35.0,K=3) | loss=0.0161
  [Client  1] Round 10 | Hier-pFedMe(λ2=35.0,K=3) | loss=0.6801  [Client  0] Round 10 | Hier-pFedMe(λ2=35.0,K=3) | loss=0.1253

  [Client  2] Round 10 | Hier-pFedMe(λ2=35.0,K=3) | loss=0.1421
  [Client  3] Round 10 | Hier-pFedMe(λ2=35.0,K=3) | loss=0.5631
  [Client  9] Round 10 | Hier-pFedMe(λ2=35.0,K=3) | loss=0.0106
  [Edge 0] G10 | E2 | loss=0.2496
  [Edge 0] G10 | E3 | Hier-pFedMe | Selected 10/10
  [Client  2] Round 10 | Hier-pFedMe(λ2=35.0,K=3) | loss=0.2101  [Client  8] Round 10 | Hier-pFedMe(λ2=35.0,K=3) | loss=0.0034

  [Client  1] Round 10 | Hier-pFedMe(λ2=35.0,K=3) | loss=1.4358
  [Client  3] Round 10 | Hier-pFedMe(λ2=35.0,K=3) | loss=0.5369
  [Client  7] Round 10 | Hier-pFedMe(λ2=35.0,K=3) | loss=0.7392  [Client  4] Round 10 | Hier-pFedMe(λ2=35.0,K=3) | loss=0.2542

  [Client  0] Round 10 | Hier-pFedMe(λ2=35.0,K=3) | loss=0.5393
  [Client  9] Round 10 | Hier-pFedMe(λ2=35.0,K=3) | loss=0.0067
  [Client  5] Round 10 | Hier-pFedMe(λ2=35.0,K=3) | loss=0.9312
  [Client  6] Round 10 | Hier-pFedMe(λ2=35.0,K=3) | loss=0.2284
  [Edge 0] G10 | E3 | loss=0.5422
  [Edge 0] G10 | E4 | Hier-pFedMe | Selected 10/10
  [Client  4] Round 10 | Hier-pFedMe(λ2=35.0,K=3) | loss=0.2688
  [Client  0] Round 10 | Hier-pFedMe(λ2=35.0,K=3) | loss=0.1380  [Client  6] Round 10 | Hier-pFedMe(λ2=35.0,K=3) | loss=0.1702

  [Client  1] Round 10 | Hier-pFedMe(λ2=35.0,K=3) | loss=0.2016
  [Client  5] Round 10 | Hier-pFedMe(λ2=35.0,K=3) | loss=0.6064
  [Client  9] Round 10 | Hier-pFedMe(λ2=35.0,K=3) | loss=0.0082
  [Client  3] Round 10 | Hier-pFedMe(λ2=35.0,K=3) | loss=0.4957
  [Client  2] Round 10 | Hier-pFedMe(λ2=35.0,K=3) | loss=0.1362
  [Client  8] Round 10 | Hier-pFedMe(λ2=35.0,K=3) | loss=0.0128
  [Client  7] Round 10 | Hier-pFedMe(λ2=35.0,K=3) | loss=0.7658
  [Edge 0] G10 | E4 | loss=0.3104
  [Edge 0] G10 | E5 | Hier-pFedMe | Selected 10/10
  [Client  2] Round 10 | Hier-pFedMe(λ2=35.0,K=3) | loss=0.2049
  [Client  4] Round 10 | Hier-pFedMe(λ2=35.0,K=3) | loss=0.3340
  [Client  0] Round 10 | Hier-pFedMe(λ2=35.0,K=3) | loss=0.3658
  [Client  6] Round 10 | Hier-pFedMe(λ2=35.0,K=3) | loss=0.3594
  [Client  5] Round 10 | Hier-pFedMe(λ2=35.0,K=3) | loss=0.5844
  [Client  8] Round 10 | Hier-pFedMe(λ2=35.0,K=3) | loss=0.0087  [Client  7] Round 10 | Hier-pFedMe(λ2=35.0,K=3) | loss=0.2445

  [Client  3] Round 10 | Hier-pFedMe(λ2=35.0,K=3) | loss=0.5328
  [Client  9] Round 10 | Hier-pFedMe(λ2=35.0,K=3) | loss=0.0054
  [Client  1] Round 10 | Hier-pFedMe(λ2=35.0,K=3) | loss=1.8928
  [Edge 0] G10 | E5 | loss=0.5029
  [Edge 1] G10 | E1 | Hier-pFedMe | Selected 10/10
  [Client 19] Round 10 | Hier-pFedMe(λ2=35.0,K=3) | loss=0.1309  [Client 18] Round 10 | Hier-pFedMe(λ2=35.0,K=3) | loss=0.2139

  [Client 11] Round 10 | Hier-pFedMe(λ2=35.0,K=3) | loss=0.1637
  [Client 16] Round 10 | Hier-pFedMe(λ2=35.0,K=3) | loss=0.7921
  [Client 13] Round 10 | Hier-pFedMe(λ2=35.0,K=3) | loss=0.2809
  [Client 14] Round 10 | Hier-pFedMe(λ2=35.0,K=3) | loss=0.1180
  [Client 17] Round 10 | Hier-pFedMe(λ2=35.0,K=3) | loss=0.4498
  [Client 10] Round 10 | Hier-pFedMe(λ2=35.0,K=3) | loss=0.1499
  [Client 15] Round 10 | Hier-pFedMe(λ2=35.0,K=3) | loss=0.1946  [Client 12] Round 10 | Hier-pFedMe(λ2=35.0,K=3) | loss=0.1119

  [Edge 1] G10 | E1 | loss=0.2606
  [Edge 1] G10 | E2 | Hier-pFedMe | Selected 10/10
  [Client 18] Round 10 | Hier-pFedMe(λ2=35.0,K=3) | loss=0.8146  [Client 10] Round 10 | Hier-pFedMe(λ2=35.0,K=3) | loss=0.1010

  [Client 16] Round 10 | Hier-pFedMe(λ2=35.0,K=3) | loss=0.1726
  [Client 14] Round 10 | Hier-pFedMe(λ2=35.0,K=3) | loss=0.1178
  [Client 13] Round 10 | Hier-pFedMe(λ2=35.0,K=3) | loss=0.2141
  [Client 12] Round 10 | Hier-pFedMe(λ2=35.0,K=3) | loss=0.2528
  [Client 19] Round 10 | Hier-pFedMe(λ2=35.0,K=3) | loss=0.0613
  [Client 17] Round 10 | Hier-pFedMe(λ2=35.0,K=3) | loss=0.2895
  [Client 15] Round 10 | Hier-pFedMe(λ2=35.0,K=3) | loss=0.1832
  [Client 11] Round 10 | Hier-pFedMe(λ2=35.0,K=3) | loss=0.3704
  [Edge 1] G10 | E2 | loss=0.2577
  [Edge 1] G10 | E3 | Hier-pFedMe | Selected 10/10
  [Client 10] Round 10 | Hier-pFedMe(λ2=35.0,K=3) | loss=0.1148
  [Client 15] Round 10 | Hier-pFedMe(λ2=35.0,K=3) | loss=0.2246  [Client 12] Round 10 | Hier-pFedMe(λ2=35.0,K=3) | loss=0.0796

  [Client 16] Round 10 | Hier-pFedMe(λ2=35.0,K=3) | loss=0.0826
  [Client 11] Round 10 | Hier-pFedMe(λ2=35.0,K=3) | loss=0.2413
  [Client 17] Round 10 | Hier-pFedMe(λ2=35.0,K=3) | loss=0.2115
  [Client 18] Round 10 | Hier-pFedMe(λ2=35.0,K=3) | loss=0.2178
  [Client 19] Round 10 | Hier-pFedMe(λ2=35.0,K=3) | loss=0.3381
  [Client 13] Round 10 | Hier-pFedMe(λ2=35.0,K=3) | loss=0.1641
  [Client 14] Round 10 | Hier-pFedMe(λ2=35.0,K=3) | loss=0.0523
  [Edge 1] G10 | E3 | loss=0.1727
  [Edge 1] G10 | E4 | Hier-pFedMe | Selected 10/10
  [Client 11] Round 10 | Hier-pFedMe(λ2=35.0,K=3) | loss=0.1108
  [Client 15] Round 10 | Hier-pFedMe(λ2=35.0,K=3) | loss=0.2202
  [Client 17] Round 10 | Hier-pFedMe(λ2=35.0,K=3) | loss=0.2870
  [Client 19] Round 10 | Hier-pFedMe(λ2=35.0,K=3) | loss=0.2515
  [Client 18] Round 10 | Hier-pFedMe(λ2=35.0,K=3) | loss=0.4495
  [Client 12] Round 10 | Hier-pFedMe(λ2=35.0,K=3) | loss=0.0434
  [Client 10] Round 10 | Hier-pFedMe(λ2=35.0,K=3) | loss=0.0794
  [Client 16] Round 10 | Hier-pFedMe(λ2=35.0,K=3) | loss=0.1203
  [Client 14] Round 10 | Hier-pFedMe(λ2=35.0,K=3) | loss=0.3139
  [Client 13] Round 10 | Hier-pFedMe(λ2=35.0,K=3) | loss=0.4606
  [Edge 1] G10 | E4 | loss=0.2337
  [Edge 1] G10 | E5 | Hier-pFedMe | Selected 10/10
  [Client 16] Round 10 | Hier-pFedMe(λ2=35.0,K=3) | loss=0.3158
  [Client 19] Round 10 | Hier-pFedMe(λ2=35.0,K=3) | loss=0.0878  [Client 10] Round 10 | Hier-pFedMe(λ2=35.0,K=3) | loss=0.1193

  [Client 13] Round 10 | Hier-pFedMe(λ2=35.0,K=3) | loss=0.4397
  [Client 18] Round 10 | Hier-pFedMe(λ2=35.0,K=3) | loss=0.9004  [Client 15] Round 10 | Hier-pFedMe(λ2=35.0,K=3) | loss=0.2025

  [Client 11] Round 10 | Hier-pFedMe(λ2=35.0,K=3) | loss=0.3471
  [Client 12] Round 10 | Hier-pFedMe(λ2=35.0,K=3) | loss=0.0958
  [Client 14] Round 10 | Hier-pFedMe(λ2=35.0,K=3) | loss=0.1486
  [Client 17] Round 10 | Hier-pFedMe(λ2=35.0,K=3) | loss=0.7041
  [Edge 1] G10 | E5 | loss=0.3361
[C0] eval model[0] mean=-0.003553 | θ̃ mean=-0.003553 | edge mean=-0.003438
[C0] n=800 | classes=[3, 6] | acc=0.5337 | per_class={3: '0.96', 6: '0.09'}
[C1] eval model[0] mean=-0.003985 | θ̃ mean=-0.003985 | edge mean=-0.003438
[C1] n=800 | classes=[3, 6] | acc=0.5625 | per_class={3: '0.22', 6: '0.93'}
[C2] eval model[0] mean=-0.003760 | θ̃ mean=-0.003760 | edge mean=-0.003438
[C2] n=800 | classes=[2, 5] | acc=0.6512 | per_class={2: '0.80', 5: '0.50'}
[C3] eval model[0] mean=-0.003843 | θ̃ mean=-0.003843 | edge mean=-0.003438
[C3] n=800 | classes=[5, 7] | acc=0.6300 | per_class={5: '0.71', 7: '0.54'}
[C4] eval model[0] mean=-0.003501 | θ̃ mean=-0.003501 | edge mean=-0.003438
[C4] n=800 | classes=[2, 7] | acc=0.7262 | per_class={2: '0.89', 7: '0.57'}
[C5] eval model[0] mean=-0.003839 | θ̃ mean=-0.003839 | edge mean=-0.003438
[C5] n=800 | classes=[2, 4] | acc=0.5463 | per_class={2: '0.88', 4: '0.18'}
[C6] eval model[0] mean=-0.003082 | θ̃ mean=-0.003082 | edge mean=-0.003438
[C6] n=800 | classes=[6, 7] | acc=0.6900 | per_class={6: '0.89', 7: '0.50'}
[C7] eval model[0] mean=-0.003273 | θ̃ mean=-0.003273 | edge mean=-0.003438
[C7] n=800 | classes=[3, 5] | acc=0.5238 | per_class={3: '0.67', 5: '0.39'}
[C8] eval model[0] mean=-0.003626 | θ̃ mean=-0.003626 | edge mean=-0.003438
[C8] n=400 | classes=[4] | acc=1.0000 | per_class={4: '1.00'}
[C9] eval model[0] mean=-0.003290 | θ̃ mean=-0.003290 | edge mean=-0.003438
[C9] n=400 | classes=[4] | acc=1.0000 | per_class={4: '1.00'}
[C10] eval model[0] mean=-0.003232 | θ̃ mean=-0.003232 | edge mean=-0.003419
[C10] n=480 | classes=[8, 9] | acc=0.7750 | per_class={8: '0.86', 9: '0.70'}
[C11] eval model[0] mean=-0.003365 | θ̃ mean=-0.003365 | edge mean=-0.003419
[C11] n=480 | classes=[0, 1] | acc=0.7438 | per_class={0: '0.57', 1: '0.93'}
[C12] eval model[0] mean=-0.003436 | θ̃ mean=-0.003436 | edge mean=-0.003419
[C12] n=480 | classes=[1, 8] | acc=0.7562 | per_class={1: '0.75', 8: '0.76'}
[C13] eval model[0] mean=-0.003525 | θ̃ mean=-0.003525 | edge mean=-0.003419
[C13] n=480 | classes=[0, 8] | acc=0.5563 | per_class={0: '0.89', 8: '0.20'}
[C14] eval model[0] mean=-0.003408 | θ̃ mean=-0.003408 | edge mean=-0.003419
[C14] n=480 | classes=[0, 9] | acc=0.7979 | per_class={0: '0.72', 9: '0.88'}
[C15] eval model[0] mean=-0.003663 | θ̃ mean=-0.003663 | edge mean=-0.003419
[C15] n=480 | classes=[0, 8] | acc=0.5563 | per_class={0: '0.80', 8: '0.30'}
[C16] eval model[0] mean=-0.003528 | θ̃ mean=-0.003528 | edge mean=-0.003419
[C16] n=480 | classes=[1, 8] | acc=0.7583 | per_class={1: '0.73', 8: '0.79'}
[C17] eval model[0] mean=-0.003717 | θ̃ mean=-0.003717 | edge mean=-0.003419
[C17] n=480 | classes=[1, 9] | acc=0.5125 | per_class={1: '1.00', 9: '0.02'}
[C18] eval model[0] mean=-0.003869 | θ̃ mean=-0.003869 | edge mean=-0.003419
[C18] n=480 | classes=[1, 9] | acc=0.5083 | per_class={1: '1.00', 9: '0.00'}
[C19] eval model[0] mean=-0.003418 | θ̃ mean=-0.003418 | edge mean=-0.003419
[C19] n=480 | classes=[0, 9] | acc=0.7854 | per_class={0: '0.71', 9: '0.86'}
  [Cloud] GM=0.2567 | EM=0.3885 PM=0.6609 | loss=2.0442 | time=39.0s | comm=4556.2MB (total=45562MB)

[Round  11] Broadcasting to 2 edges...
  [Edge 0] G11 | E1 | Hier-pFedMe | Selected 10/10
  [Client  4] Round 11 | Hier-pFedMe(λ2=35.0,K=3) | loss=0.0527
  [Client  8] Round 11 | Hier-pFedMe(λ2=35.0,K=3) | loss=0.0086
  [Client  3] Round 11 | Hier-pFedMe(λ2=35.0,K=3) | loss=1.5322
  [Client  7] Round 11 | Hier-pFedMe(λ2=35.0,K=3) | loss=0.7738
  [Client  6] Round 11 | Hier-pFedMe(λ2=35.0,K=3) | loss=0.2540  [Client  9] Round 11 | Hier-pFedMe(λ2=35.0,K=3) | loss=0.0125

  [Client  2] Round 11 | Hier-pFedMe(λ2=35.0,K=3) | loss=0.2110
  [Client  1] Round 11 | Hier-pFedMe(λ2=35.0,K=3) | loss=0.4831
  [Client  5] Round 11 | Hier-pFedMe(λ2=35.0,K=3) | loss=0.2416
  [Client  0] Round 11 | Hier-pFedMe(λ2=35.0,K=3) | loss=0.1506
  [Edge 0] G11 | E1 | loss=0.4122
  [Edge 0] G11 | E2 | Hier-pFedMe | Selected 10/10
  [Client  8] Round 11 | Hier-pFedMe(λ2=35.0,K=3) | loss=0.0087
  [Client  0] Round 11 | Hier-pFedMe(λ2=35.0,K=3) | loss=0.3152
  [Client  2] Round 11 | Hier-pFedMe(λ2=35.0,K=3) | loss=0.2748
  [Client  9] Round 11 | Hier-pFedMe(λ2=35.0,K=3) | loss=0.0090
  [Client  1] Round 11 | Hier-pFedMe(λ2=35.0,K=3) | loss=2.1787
  [Client  7] Round 11 | Hier-pFedMe(λ2=35.0,K=3) | loss=1.1951
  [Client  3] Round 11 | Hier-pFedMe(λ2=35.0,K=3) | loss=0.6399  [Client  4] Round 11 | Hier-pFedMe(λ2=35.0,K=3) | loss=0.1144

  [Client  5] Round 11 | Hier-pFedMe(λ2=35.0,K=3) | loss=0.5205
  [Client  6] Round 11 | Hier-pFedMe(λ2=35.0,K=3) | loss=0.1536
  [Edge 0] G11 | E2 | loss=0.6001
  [Edge 0] G11 | E3 | Hier-pFedMe | Selected 10/10
  [Client  2] Round 11 | Hier-pFedMe(λ2=35.0,K=3) | loss=1.5373  [Client  7] Round 11 | Hier-pFedMe(λ2=35.0,K=3) | loss=2.3964

  [Client  5] Round 11 | Hier-pFedMe(λ2=35.0,K=3) | loss=0.3835
  [Client  6] Round 11 | Hier-pFedMe(λ2=35.0,K=3) | loss=0.1924
  [Client  9] Round 11 | Hier-pFedMe(λ2=35.0,K=3) | loss=0.0093
  [Client  1] Round 11 | Hier-pFedMe(λ2=35.0,K=3) | loss=0.3805
  [Client  8] Round 11 | Hier-pFedMe(λ2=35.0,K=3) | loss=0.0043
  [Client  0] Round 11 | Hier-pFedMe(λ2=35.0,K=3) | loss=0.1274
  [Client  4] Round 11 | Hier-pFedMe(λ2=35.0,K=3) | loss=0.3503
  [Client  3] Round 11 | Hier-pFedMe(λ2=35.0,K=3) | loss=2.1728
  [Edge 0] G11 | E3 | loss=0.8386
  [Edge 0] G11 | E4 | Hier-pFedMe | Selected 10/10
  [Client  2] Round 11 | Hier-pFedMe(λ2=35.0,K=3) | loss=0.2505  [Client  8] Round 11 | Hier-pFedMe(λ2=35.0,K=3) | loss=0.0095
  [Client  9] Round 11 | Hier-pFedMe(λ2=35.0,K=3) | loss=0.0067

  [Client  3] Round 11 | Hier-pFedMe(λ2=35.0,K=3) | loss=0.4644
  [Client  1] Round 11 | Hier-pFedMe(λ2=35.0,K=3) | loss=0.9316
  [Client  7] Round 11 | Hier-pFedMe(λ2=35.0,K=3) | loss=0.1460
  [Client  5] Round 11 | Hier-pFedMe(λ2=35.0,K=3) | loss=0.1365
  [Client  0] Round 11 | Hier-pFedMe(λ2=35.0,K=3) | loss=0.1042
  [Client  4] Round 11 | Hier-pFedMe(λ2=35.0,K=3) | loss=0.1159
  [Client  6] Round 11 | Hier-pFedMe(λ2=35.0,K=3) | loss=0.1160
  [Edge 0] G11 | E4 | loss=0.2526
  [Edge 0] G11 | E5 | Hier-pFedMe | Selected 10/10
  [Client  4] Round 11 | Hier-pFedMe(λ2=35.0,K=3) | loss=0.5130  [Client  6] Round 11 | Hier-pFedMe(λ2=35.0,K=3) | loss=0.0755

  [Client  7] Round 11 | Hier-pFedMe(λ2=35.0,K=3) | loss=2.2534
  [Client  2] Round 11 | Hier-pFedMe(λ2=35.0,K=3) | loss=0.5540
  [Client  9] Round 11 | Hier-pFedMe(λ2=35.0,K=3) | loss=0.0099
  [Client  8] Round 11 | Hier-pFedMe(λ2=35.0,K=3) | loss=0.0059
  [Client  5] Round 11 | Hier-pFedMe(λ2=35.0,K=3) | loss=0.4017
  [Client  3] Round 11 | Hier-pFedMe(λ2=35.0,K=3) | loss=2.1613
  [Client  1] Round 11 | Hier-pFedMe(λ2=35.0,K=3) | loss=0.3987
  [Client  0] Round 11 | Hier-pFedMe(λ2=35.0,K=3) | loss=0.1731
  [Edge 0] G11 | E5 | loss=0.7265
  [Edge 1] G11 | E1 | Hier-pFedMe | Selected 10/10
  [Client 16] Round 11 | Hier-pFedMe(λ2=35.0,K=3) | loss=0.0941
  [Client 14] Round 11 | Hier-pFedMe(λ2=35.0,K=3) | loss=0.0915
  [Client 19] Round 11 | Hier-pFedMe(λ2=35.0,K=3) | loss=0.1669
  [Client 13] Round 11 | Hier-pFedMe(λ2=35.0,K=3) | loss=0.5999
  [Client 10] Round 11 | Hier-pFedMe(λ2=35.0,K=3) | loss=0.0748
  [Client 12] Round 11 | Hier-pFedMe(λ2=35.0,K=3) | loss=0.1597
  [Client 11] Round 11 | Hier-pFedMe(λ2=35.0,K=3) | loss=0.0811
  [Client 15] Round 11 | Hier-pFedMe(λ2=35.0,K=3) | loss=0.7154
  [Client 18] Round 11 | Hier-pFedMe(λ2=35.0,K=3) | loss=0.9009
  [Client 17] Round 11 | Hier-pFedMe(λ2=35.0,K=3) | loss=0.6221
  [Edge 1] G11 | E1 | loss=0.3506
  [Edge 1] G11 | E2 | Hier-pFedMe | Selected 10/10
  [Client 16] Round 11 | Hier-pFedMe(λ2=35.0,K=3) | loss=0.0767
  [Client 10] Round 11 | Hier-pFedMe(λ2=35.0,K=3) | loss=0.1277  [Client 14] Round 11 | Hier-pFedMe(λ2=35.0,K=3) | loss=0.0884

  [Client 18] Round 11 | Hier-pFedMe(λ2=35.0,K=3) | loss=0.1345
  [Client 12] Round 11 | Hier-pFedMe(λ2=35.0,K=3) | loss=0.1304
  [Client 11] Round 11 | Hier-pFedMe(λ2=35.0,K=3) | loss=0.0819
  [Client 13] Round 11 | Hier-pFedMe(λ2=35.0,K=3) | loss=1.6904
  [Client 19] Round 11 | Hier-pFedMe(λ2=35.0,K=3) | loss=0.1381
  [Client 15] Round 11 | Hier-pFedMe(λ2=35.0,K=3) | loss=0.2514
  [Client 17] Round 11 | Hier-pFedMe(λ2=35.0,K=3) | loss=0.1892
  [Edge 1] G11 | E2 | loss=0.2909
  [Edge 1] G11 | E3 | Hier-pFedMe | Selected 10/10
  [Client 18] Round 11 | Hier-pFedMe(λ2=35.0,K=3) | loss=0.4780  [Client 17] Round 11 | Hier-pFedMe(λ2=35.0,K=3) | loss=0.4880

  [Client 15] Round 11 | Hier-pFedMe(λ2=35.0,K=3) | loss=0.2499  [Client 13] Round 11 | Hier-pFedMe(λ2=35.0,K=3) | loss=0.1771

  [Client 16] Round 11 | Hier-pFedMe(λ2=35.0,K=3) | loss=0.2007  [Client 19] Round 11 | Hier-pFedMe(λ2=35.0,K=3) | loss=0.1205
  [Client 12] Round 11 | Hier-pFedMe(λ2=35.0,K=3) | loss=0.1748

  [Client 10] Round 11 | Hier-pFedMe(λ2=35.0,K=3) | loss=0.3473
  [Client 11] Round 11 | Hier-pFedMe(λ2=35.0,K=3) | loss=0.0879
  [Client 14] Round 11 | Hier-pFedMe(λ2=35.0,K=3) | loss=0.0834
  [Edge 1] G11 | E3 | loss=0.2408
  [Edge 1] G11 | E4 | Hier-pFedMe | Selected 10/10
  [Client 17] Round 11 | Hier-pFedMe(λ2=35.0,K=3) | loss=0.5225
  [Client 11] Round 11 | Hier-pFedMe(λ2=35.0,K=3) | loss=0.0468
  [Client 10] Round 11 | Hier-pFedMe(λ2=35.0,K=3) | loss=0.3153
  [Client 19] Round 11 | Hier-pFedMe(λ2=35.0,K=3) | loss=0.4401
  [Client 15] Round 11 | Hier-pFedMe(λ2=35.0,K=3) | loss=0.3631
  [Client 16] Round 11 | Hier-pFedMe(λ2=35.0,K=3) | loss=0.1772  [Client 12] Round 11 | Hier-pFedMe(λ2=35.0,K=3) | loss=0.1690

  [Client 13] Round 11 | Hier-pFedMe(λ2=35.0,K=3) | loss=1.4479
  [Client 14] Round 11 | Hier-pFedMe(λ2=35.0,K=3) | loss=0.1287
  [Client 18] Round 11 | Hier-pFedMe(λ2=35.0,K=3) | loss=0.1589
  [Edge 1] G11 | E4 | loss=0.3769
  [Edge 1] G11 | E5 | Hier-pFedMe | Selected 10/10
  [Client 14] Round 11 | Hier-pFedMe(λ2=35.0,K=3) | loss=0.0583
  [Client 18] Round 11 | Hier-pFedMe(λ2=35.0,K=3) | loss=0.5330
  [Client 11] Round 11 | Hier-pFedMe(λ2=35.0,K=3) | loss=0.0786
  [Client 15] Round 11 | Hier-pFedMe(λ2=35.0,K=3) | loss=0.1479
  [Client 12] Round 11 | Hier-pFedMe(λ2=35.0,K=3) | loss=0.0335
  [Client 17] Round 11 | Hier-pFedMe(λ2=35.0,K=3) | loss=0.2962  [Client 10] Round 11 | Hier-pFedMe(λ2=35.0,K=3) | loss=0.2650

  [Client 13] Round 11 | Hier-pFedMe(λ2=35.0,K=3) | loss=0.6966
  [Client 16] Round 11 | Hier-pFedMe(λ2=35.0,K=3) | loss=0.2605
  [Client 19] Round 11 | Hier-pFedMe(λ2=35.0,K=3) | loss=0.8082
  [Edge 1] G11 | E5 | loss=0.3178
[C0] eval model[0] mean=-0.003450 | θ̃ mean=-0.003450 | edge mean=-0.003333
[C0] n=800 | classes=[3, 6] | acc=0.6512 | per_class={3: '0.66', 6: '0.64'}
[C1] eval model[0] mean=-0.003738 | θ̃ mean=-0.003738 | edge mean=-0.003333
[C1] n=800 | classes=[3, 6] | acc=0.5587 | per_class={3: '0.77', 6: '0.33'}
[C2] eval model[0] mean=-0.003094 | θ̃ mean=-0.003094 | edge mean=-0.003333
[C2] n=800 | classes=[2, 5] | acc=0.5437 | per_class={2: '0.96', 5: '0.12'}
[C3] eval model[0] mean=-0.003294 | θ̃ mean=-0.003294 | edge mean=-0.003333
[C3] n=800 | classes=[5, 7] | acc=0.5700 | per_class={5: '0.56', 7: '0.58'}
[C4] eval model[0] mean=-0.003044 | θ̃ mean=-0.003044 | edge mean=-0.003333
[C4] n=800 | classes=[2, 7] | acc=0.5737 | per_class={2: '0.99', 7: '0.17'}
[C5] eval model[0] mean=-0.003354 | θ̃ mean=-0.003354 | edge mean=-0.003333
[C5] n=800 | classes=[2, 4] | acc=0.5250 | per_class={2: '0.15', 4: '0.94'}
[C6] eval model[0] mean=-0.003708 | θ̃ mean=-0.003708 | edge mean=-0.003333
[C6] n=800 | classes=[6, 7] | acc=0.7325 | per_class={6: '0.75', 7: '0.71'}
[C7] eval model[0] mean=-0.003873 | θ̃ mean=-0.003873 | edge mean=-0.003333
[C7] n=800 | classes=[3, 5] | acc=0.5675 | per_class={3: '0.73', 5: '0.42'}
[C8] eval model[0] mean=-0.003243 | θ̃ mean=-0.003243 | edge mean=-0.003333
[C8] n=400 | classes=[4] | acc=1.0000 | per_class={4: '1.00'}
[C9] eval model[0] mean=-0.003277 | θ̃ mean=-0.003277 | edge mean=-0.003333
[C9] n=400 | classes=[4] | acc=1.0000 | per_class={4: '1.00'}
[C10] eval model[0] mean=-0.003707 | θ̃ mean=-0.003707 | edge mean=-0.003473
[C10] n=480 | classes=[8, 9] | acc=0.5146 | per_class={8: '1.00', 9: '0.05'}
[C11] eval model[0] mean=-0.003472 | θ̃ mean=-0.003472 | edge mean=-0.003473
[C11] n=480 | classes=[0, 1] | acc=0.7771 | per_class={0: '0.72', 1: '0.84'}
[C12] eval model[0] mean=-0.003522 | θ̃ mean=-0.003522 | edge mean=-0.003473
[C12] n=480 | classes=[1, 8] | acc=0.7604 | per_class={1: '0.85', 8: '0.67'}
[C13] eval model[0] mean=-0.003313 | θ̃ mean=-0.003313 | edge mean=-0.003473
[C13] n=480 | classes=[0, 8] | acc=0.6021 | per_class={0: '0.38', 8: '0.84'}
[C14] eval model[0] mean=-0.003568 | θ̃ mean=-0.003568 | edge mean=-0.003473
[C14] n=480 | classes=[0, 9] | acc=0.8063 | per_class={0: '0.70', 9: '0.92'}
[C15] eval model[0] mean=-0.003734 | θ̃ mean=-0.003734 | edge mean=-0.003473
[C15] n=480 | classes=[0, 8] | acc=0.6375 | per_class={0: '0.52', 8: '0.76'}
[C16] eval model[0] mean=-0.003117 | θ̃ mean=-0.003117 | edge mean=-0.003473
[C16] n=480 | classes=[1, 8] | acc=0.7833 | per_class={1: '0.92', 8: '0.65'}
[C17] eval model[0] mean=-0.003993 | θ̃ mean=-0.003993 | edge mean=-0.003473
[C17] n=480 | classes=[1, 9] | acc=0.5104 | per_class={1: '0.99', 9: '0.03'}
[C18] eval model[0] mean=-0.003705 | θ̃ mean=-0.003705 | edge mean=-0.003473
[C18] n=480 | classes=[1, 9] | acc=0.5354 | per_class={1: '0.98', 9: '0.08'}
[C19] eval model[0] mean=-0.003357 | θ̃ mean=-0.003357 | edge mean=-0.003473
[C19] n=480 | classes=[0, 9] | acc=0.5375 | per_class={0: '0.97', 9: '0.12'}
  [Cloud] GM=0.2673 | EM=0.3893 PM=0.6401 | loss=2.0277 | time=39.2s | comm=4556.2MB (total=50118MB)

[Round  12] Broadcasting to 2 edges...
  [Edge 0] G12 | E1 | Hier-pFedMe | Selected 10/10
  [Client  9] Round 12 | Hier-pFedMe(λ2=35.0,K=3) | loss=0.0065
  [Client  0] Round 12 | Hier-pFedMe(λ2=35.0,K=3) | loss=0.4848  [Client  8] Round 12 | Hier-pFedMe(λ2=35.0,K=3) | loss=0.0130

  [Client  5] Round 12 | Hier-pFedMe(λ2=35.0,K=3) | loss=1.1046
  [Client  7] Round 12 | Hier-pFedMe(λ2=35.0,K=3) | loss=0.5007
  [Client  1] Round 12 | Hier-pFedMe(λ2=35.0,K=3) | loss=1.8604
  [Client  4] Round 12 | Hier-pFedMe(λ2=35.0,K=3) | loss=0.3477
  [Client  6] Round 12 | Hier-pFedMe(λ2=35.0,K=3) | loss=0.4255
  [Client  2] Round 12 | Hier-pFedMe(λ2=35.0,K=3) | loss=0.3290
  [Client  3] Round 12 | Hier-pFedMe(λ2=35.0,K=3) | loss=0.4159
  [Edge 0] G12 | E1 | loss=0.6087
  [Edge 0] G12 | E2 | Hier-pFedMe | Selected 10/10
  [Client  0] Round 12 | Hier-pFedMe(λ2=35.0,K=3) | loss=0.2951  [Client  8] Round 12 | Hier-pFedMe(λ2=35.0,K=3) | loss=0.0098

  [Client  4] Round 12 | Hier-pFedMe(λ2=35.0,K=3) | loss=0.0910
  [Client  9] Round 12 | Hier-pFedMe(λ2=35.0,K=3) | loss=0.0125
  [Client  7] Round 12 | Hier-pFedMe(λ2=35.0,K=3) | loss=0.0582
  [Client  2] Round 12 | Hier-pFedMe(λ2=35.0,K=3) | loss=1.4143
  [Client  1] Round 12 | Hier-pFedMe(λ2=35.0,K=3) | loss=0.4354
  [Client  5] Round 12 | Hier-pFedMe(λ2=35.0,K=3) | loss=0.2098
  [Client  6] Round 12 | Hier-pFedMe(λ2=35.0,K=3) | loss=0.0831
  [Client  3] Round 12 | Hier-pFedMe(λ2=35.0,K=3) | loss=1.7659
  [Edge 0] G12 | E2 | loss=0.4849
  [Edge 0] G12 | E3 | Hier-pFedMe | Selected 10/10
  [Client  3] Round 12 | Hier-pFedMe(λ2=35.0,K=3) | loss=1.5050
  [Client  4] Round 12 | Hier-pFedMe(λ2=35.0,K=3) | loss=0.1031
  [Client  0] Round 12 | Hier-pFedMe(λ2=35.0,K=3) | loss=0.7303
  [Client  2] Round 12 | Hier-pFedMe(λ2=35.0,K=3) | loss=0.2048
  [Client  8] Round 12 | Hier-pFedMe(λ2=35.0,K=3) | loss=0.0066
  [Client  7] Round 12 | Hier-pFedMe(λ2=35.0,K=3) | loss=0.3112  [Client  1] Round 12 | Hier-pFedMe(λ2=35.0,K=3) | loss=1.7035

  [Client  9] Round 12 | Hier-pFedMe(λ2=35.0,K=3) | loss=0.0054
  [Client  6] Round 12 | Hier-pFedMe(λ2=35.0,K=3) | loss=0.1460
  [Client  5] Round 12 | Hier-pFedMe(λ2=35.0,K=3) | loss=0.2079
  [Edge 0] G12 | E3 | loss=0.5464
  [Edge 0] G12 | E4 | Hier-pFedMe | Selected 10/10
  [Client  0] Round 12 | Hier-pFedMe(λ2=35.0,K=3) | loss=0.2852
  [Client  5] Round 12 | Hier-pFedMe(λ2=35.0,K=3) | loss=0.1890
  [Client  6] Round 12 | Hier-pFedMe(λ2=35.0,K=3) | loss=0.1032
  [Client  1] Round 12 | Hier-pFedMe(λ2=35.0,K=3) | loss=1.0110
  [Client  3] Round 12 | Hier-pFedMe(λ2=35.0,K=3) | loss=0.7512
  [Client  2] Round 12 | Hier-pFedMe(λ2=35.0,K=3) | loss=0.1830
  [Client  7] Round 12 | Hier-pFedMe(λ2=35.0,K=3) | loss=0.2227
  [Client  4] Round 12 | Hier-pFedMe(λ2=35.0,K=3) | loss=0.2710
  [Client  9] Round 12 | Hier-pFedMe(λ2=35.0,K=3) | loss=0.0145
  [Client  8] Round 12 | Hier-pFedMe(λ2=35.0,K=3) | loss=0.0103
  [Edge 0] G12 | E4 | loss=0.3365
  [Edge 0] G12 | E5 | Hier-pFedMe | Selected 10/10
  [Client  1] Round 12 | Hier-pFedMe(λ2=35.0,K=3) | loss=2.1753  [Client  5] Round 12 | Hier-pFedMe(λ2=35.0,K=3) | loss=0.1252
  [Client  4] Round 12 | Hier-pFedMe(λ2=35.0,K=3) | loss=0.1735

  [Client  9] Round 12 | Hier-pFedMe(λ2=35.0,K=3) | loss=0.0048
  [Client  8] Round 12 | Hier-pFedMe(λ2=35.0,K=3) | loss=0.0118  [Client  7] Round 12 | Hier-pFedMe(λ2=35.0,K=3) | loss=0.5007

  [Client  6] Round 12 | Hier-pFedMe(λ2=35.0,K=3) | loss=0.1805
  [Client  0] Round 12 | Hier-pFedMe(λ2=35.0,K=3) | loss=1.2665
  [Client  3] Round 12 | Hier-pFedMe(λ2=35.0,K=3) | loss=0.2885
  [Client  2] Round 12 | Hier-pFedMe(λ2=35.0,K=3) | loss=0.2416
  [Edge 0] G12 | E5 | loss=0.5511
  [Edge 1] G12 | E1 | Hier-pFedMe | Selected 10/10
  [Client 14] Round 12 | Hier-pFedMe(λ2=35.0,K=3) | loss=0.7143
  [Client 18] Round 12 | Hier-pFedMe(λ2=35.0,K=3) | loss=0.4440
  [Client 10] Round 12 | Hier-pFedMe(λ2=35.0,K=3) | loss=0.2436
  [Client 13] Round 12 | Hier-pFedMe(λ2=35.0,K=3) | loss=3.4975
  [Client 15] Round 12 | Hier-pFedMe(λ2=35.0,K=3) | loss=0.1044
  [Client 17] Round 12 | Hier-pFedMe(λ2=35.0,K=3) | loss=0.5263
  [Client 19] Round 12 | Hier-pFedMe(λ2=35.0,K=3) | loss=0.5120
  [Client 12] Round 12 | Hier-pFedMe(λ2=35.0,K=3) | loss=0.3059
  [Client 11] Round 12 | Hier-pFedMe(λ2=35.0,K=3) | loss=0.0437
  [Client 16] Round 12 | Hier-pFedMe(λ2=35.0,K=3) | loss=0.1062
  [Edge 1] G12 | E1 | loss=0.6498
  [Edge 1] G12 | E2 | Hier-pFedMe | Selected 10/10
  [Client 15] Round 12 | Hier-pFedMe(λ2=35.0,K=3) | loss=0.1974
  [Client 13] Round 12 | Hier-pFedMe(λ2=35.0,K=3) | loss=0.2108
  [Client 19] Round 12 | Hier-pFedMe(λ2=35.0,K=3) | loss=0.3651  [Client 11] Round 12 | Hier-pFedMe(λ2=35.0,K=3) | loss=0.0654

  [Client 18] Round 12 | Hier-pFedMe(λ2=35.0,K=3) | loss=1.3004
  [Client 14] Round 12 | Hier-pFedMe(λ2=35.0,K=3) | loss=0.1472
  [Client 12] Round 12 | Hier-pFedMe(λ2=35.0,K=3) | loss=0.2373
  [Client 10] Round 12 | Hier-pFedMe(λ2=35.0,K=3) | loss=0.1212
  [Client 16] Round 12 | Hier-pFedMe(λ2=35.0,K=3) | loss=0.0724
  [Client 17] Round 12 | Hier-pFedMe(λ2=35.0,K=3) | loss=0.0991
  [Edge 1] G12 | E2 | loss=0.2816
  [Edge 1] G12 | E3 | Hier-pFedMe | Selected 10/10
  [Client 13] Round 12 | Hier-pFedMe(λ2=35.0,K=3) | loss=4.0134  [Client 10] Round 12 | Hier-pFedMe(λ2=35.0,K=3) | loss=0.1509

  [Client 14] Round 12 | Hier-pFedMe(λ2=35.0,K=3) | loss=0.0875  [Client 12] Round 12 | Hier-pFedMe(λ2=35.0,K=3) | loss=0.1450

  [Client 18] Round 12 | Hier-pFedMe(λ2=35.0,K=3) | loss=0.8457
  [Client 19] Round 12 | Hier-pFedMe(λ2=35.0,K=3) | loss=0.1706
  [Client 15] Round 12 | Hier-pFedMe(λ2=35.0,K=3) | loss=0.4614
  [Client 16] Round 12 | Hier-pFedMe(λ2=35.0,K=3) | loss=0.1126
  [Client 17] Round 12 | Hier-pFedMe(λ2=35.0,K=3) | loss=0.8680
  [Client 11] Round 12 | Hier-pFedMe(λ2=35.0,K=3) | loss=0.1669
  [Edge 1] G12 | E3 | loss=0.7022
  [Edge 1] G12 | E4 | Hier-pFedMe | Selected 10/10
  [Client 11] Round 12 | Hier-pFedMe(λ2=35.0,K=3) | loss=0.1094
  [Client 13] Round 12 | Hier-pFedMe(λ2=35.0,K=3) | loss=0.2991
  [Client 15] Round 12 | Hier-pFedMe(λ2=35.0,K=3) | loss=0.5268
  [Client 17] Round 12 | Hier-pFedMe(λ2=35.0,K=3) | loss=0.6818
  [Client 14] Round 12 | Hier-pFedMe(λ2=35.0,K=3) | loss=0.0957
  [Client 19] Round 12 | Hier-pFedMe(λ2=35.0,K=3) | loss=0.1287
  [Client 18] Round 12 | Hier-pFedMe(λ2=35.0,K=3) | loss=1.2845
  [Client 10] Round 12 | Hier-pFedMe(λ2=35.0,K=3) | loss=0.1011
  [Client 12] Round 12 | Hier-pFedMe(λ2=35.0,K=3) | loss=0.0783
  [Client 16] Round 12 | Hier-pFedMe(λ2=35.0,K=3) | loss=0.0816
  [Edge 1] G12 | E4 | loss=0.3387
  [Edge 1] G12 | E5 | Hier-pFedMe | Selected 10/10
  [Client 15] Round 12 | Hier-pFedMe(λ2=35.0,K=3) | loss=0.7542
  [Client 16] Round 12 | Hier-pFedMe(λ2=35.0,K=3) | loss=0.2592
  [Client 13] Round 12 | Hier-pFedMe(λ2=35.0,K=3) | loss=4.5321
  [Client 18] Round 12 | Hier-pFedMe(λ2=35.0,K=3) | loss=1.4223
  [Client 17] Round 12 | Hier-pFedMe(λ2=35.0,K=3) | loss=0.2551
  [Client 11] Round 12 | Hier-pFedMe(λ2=35.0,K=3) | loss=0.1837
  [Client 10] Round 12 | Hier-pFedMe(λ2=35.0,K=3) | loss=0.7153
  [Client 19] Round 12 | Hier-pFedMe(λ2=35.0,K=3) | loss=0.1639
  [Client 12] Round 12 | Hier-pFedMe(λ2=35.0,K=3) | loss=0.0741
  [Client 14] Round 12 | Hier-pFedMe(λ2=35.0,K=3) | loss=0.3605
  [Edge 1] G12 | E5 | loss=0.8721
[C0] eval model[0] mean=-0.003621 | θ̃ mean=-0.003621 | edge mean=-0.003600
[C0] n=800 | classes=[3, 6] | acc=0.5413 | per_class={3: '0.63', 6: '0.45'}
[C1] eval model[0] mean=-0.003194 | θ̃ mean=-0.003194 | edge mean=-0.003600
[C1] n=800 | classes=[3, 6] | acc=0.6188 | per_class={3: '0.60', 6: '0.64'}
[C2] eval model[0] mean=-0.003512 | θ̃ mean=-0.003512 | edge mean=-0.003600
[C2] n=800 | classes=[2, 5] | acc=0.6150 | per_class={2: '0.78', 5: '0.45'}
[C3] eval model[0] mean=-0.003889 | θ̃ mean=-0.003889 | edge mean=-0.003600
[C3] n=800 | classes=[5, 7] | acc=0.6312 | per_class={5: '0.78', 7: '0.48'}
[C4] eval model[0] mean=-0.003202 | θ̃ mean=-0.003202 | edge mean=-0.003600
[C4] n=800 | classes=[2, 7] | acc=0.7113 | per_class={2: '0.75', 7: '0.67'}
[C5] eval model[0] mean=-0.003606 | θ̃ mean=-0.003606 | edge mean=-0.003600
[C5] n=800 | classes=[2, 4] | acc=0.5487 | per_class={2: '0.60', 4: '0.49'}
[C6] eval model[0] mean=-0.003504 | θ̃ mean=-0.003504 | edge mean=-0.003600
[C6] n=800 | classes=[6, 7] | acc=0.7362 | per_class={6: '0.88', 7: '0.60'}
[C7] eval model[0] mean=-0.003445 | θ̃ mean=-0.003445 | edge mean=-0.003600
[C7] n=800 | classes=[3, 5] | acc=0.5312 | per_class={3: '0.04', 5: '0.98'}
[C8] eval model[0] mean=-0.003840 | θ̃ mean=-0.003840 | edge mean=-0.003600
[C8] n=400 | classes=[4] | acc=1.0000 | per_class={4: '1.00'}
[C9] eval model[0] mean=-0.003567 | θ̃ mean=-0.003567 | edge mean=-0.003600
[C9] n=400 | classes=[4] | acc=1.0000 | per_class={4: '1.00'}
[C10] eval model[0] mean=-0.003565 | θ̃ mean=-0.003565 | edge mean=-0.003355
[C10] n=480 | classes=[8, 9] | acc=0.6188 | per_class={8: '0.23', 9: '0.99'}
[C11] eval model[0] mean=-0.003659 | θ̃ mean=-0.003659 | edge mean=-0.003355
[C11] n=480 | classes=[0, 1] | acc=0.6542 | per_class={0: '0.34', 1: '0.98'}
[C12] eval model[0] mean=-0.003501 | θ̃ mean=-0.003501 | edge mean=-0.003355
[C12] n=480 | classes=[1, 8] | acc=0.7521 | per_class={1: '0.72', 8: '0.78'}
[C13] eval model[0] mean=-0.002318 | θ̃ mean=-0.002318 | edge mean=-0.003355
[C13] n=480 | classes=[0, 8] | acc=0.5188 | per_class={0: '0.07', 8: '0.99'}
[C14] eval model[0] mean=-0.003165 | θ̃ mean=-0.003165 | edge mean=-0.003355
[C14] n=480 | classes=[0, 9] | acc=0.7229 | per_class={0: '0.50', 9: '0.95'}
[C15] eval model[0] mean=-0.003180 | θ̃ mean=-0.003180 | edge mean=-0.003355
[C15] n=480 | classes=[0, 8] | acc=0.5479 | per_class={0: '0.89', 8: '0.19'}
[C16] eval model[0] mean=-0.003233 | θ̃ mean=-0.003233 | edge mean=-0.003355
[C16] n=480 | classes=[1, 8] | acc=0.7271 | per_class={1: '0.57', 8: '0.88'}
[C17] eval model[0] mean=-0.002947 | θ̃ mean=-0.002947 | edge mean=-0.003355
[C17] n=480 | classes=[1, 9] | acc=0.6042 | per_class={1: '0.49', 9: '0.72'}
[C18] eval model[0] mean=-0.003400 | θ̃ mean=-0.003400 | edge mean=-0.003355
[C18] n=480 | classes=[1, 9] | acc=0.5563 | per_class={1: '0.19', 9: '0.94'}
[C19] eval model[0] mean=-0.003312 | θ̃ mean=-0.003312 | edge mean=-0.003355
[C19] n=480 | classes=[0, 9] | acc=0.7250 | per_class={0: '0.77', 9: '0.69'}
  [Cloud] GM=0.2705 | EM=0.3879 PM=0.6527 | loss=2.0320 | time=38.9s | comm=4556.2MB (total=54674MB)

[Round  13] Broadcasting to 2 edges...
  [Edge 0] G13 | E1 | Hier-pFedMe | Selected 10/10
  [Client  1] Round 13 | Hier-pFedMe(λ2=35.0,K=3) | loss=0.2537
  [Client  9] Round 13 | Hier-pFedMe(λ2=35.0,K=3) | loss=0.0146
  [Client  6] Round 13 | Hier-pFedMe(λ2=35.0,K=3) | loss=0.1292
  [Client  3] Round 13 | Hier-pFedMe(λ2=35.0,K=3) | loss=0.6338
  [Client  4] Round 13 | Hier-pFedMe(λ2=35.0,K=3) | loss=0.2476
  [Client  8] Round 13 | Hier-pFedMe(λ2=35.0,K=3) | loss=0.0125
  [Client  5] Round 13 | Hier-pFedMe(λ2=35.0,K=3) | loss=0.2728
  [Client  0] Round 13 | Hier-pFedMe(λ2=35.0,K=3) | loss=0.1224
  [Client  2] Round 13 | Hier-pFedMe(λ2=35.0,K=3) | loss=0.6089
  [Client  7] Round 13 | Hier-pFedMe(λ2=35.0,K=3) | loss=0.5376
  [Edge 0] G13 | E1 | loss=0.3133
  [Edge 0] G13 | E2 | Hier-pFedMe | Selected 10/10
  [Client  2] Round 13 | Hier-pFedMe(λ2=35.0,K=3) | loss=0.1922
  [Client  8] Round 13 | Hier-pFedMe(λ2=35.0,K=3) | loss=0.0118
  [Client  0] Round 13 | Hier-pFedMe(λ2=35.0,K=3) | loss=0.1895
  [Client  9] Round 13 | Hier-pFedMe(λ2=35.0,K=3) | loss=0.0101
  [Client  3] Round 13 | Hier-pFedMe(λ2=35.0,K=3) | loss=0.7197
  [Client  5] Round 13 | Hier-pFedMe(λ2=35.0,K=3) | loss=0.2559
  [Client  6] Round 13 | Hier-pFedMe(λ2=35.0,K=3) | loss=0.2707
  [Client  1] Round 13 | Hier-pFedMe(λ2=35.0,K=3) | loss=0.2653
  [Client  7] Round 13 | Hier-pFedMe(λ2=35.0,K=3) | loss=0.2198
  [Client  4] Round 13 | Hier-pFedMe(λ2=35.0,K=3) | loss=0.1907
  [Edge 0] G13 | E2 | loss=0.2572
  [Edge 0] G13 | E3 | Hier-pFedMe | Selected 10/10
  [Client  2] Round 13 | Hier-pFedMe(λ2=35.0,K=3) | loss=0.2167
  [Client  5] Round 13 | Hier-pFedMe(λ2=35.0,K=3) | loss=0.2089
  [Client  8] Round 13 | Hier-pFedMe(λ2=35.0,K=3) | loss=0.0073
  [Client  1] Round 13 | Hier-pFedMe(λ2=35.0,K=3) | loss=0.2259
  [Client  0] Round 13 | Hier-pFedMe(λ2=35.0,K=3) | loss=0.2768
  [Client  9] Round 13 | Hier-pFedMe(λ2=35.0,K=3) | loss=0.0046
  [Client  6] Round 13 | Hier-pFedMe(λ2=35.0,K=3) | loss=0.1774
  [Client  4] Round 13 | Hier-pFedMe(λ2=35.0,K=3) | loss=0.3761
  [Client  7] Round 13 | Hier-pFedMe(λ2=35.0,K=3) | loss=1.0057
  [Client  3] Round 13 | Hier-pFedMe(λ2=35.0,K=3) | loss=0.1670
  [Edge 0] G13 | E3 | loss=0.2956
  [Edge 0] G13 | E4 | Hier-pFedMe | Selected 10/10
  [Client  7] Round 13 | Hier-pFedMe(λ2=35.0,K=3) | loss=0.2565
  [Client  8] Round 13 | Hier-pFedMe(λ2=35.0,K=3) | loss=0.0093
  [Client  5] Round 13 | Hier-pFedMe(λ2=35.0,K=3) | loss=0.3163
  [Client  6] Round 13 | Hier-pFedMe(λ2=35.0,K=3) | loss=0.1228
  [Client  0] Round 13 | Hier-pFedMe(λ2=35.0,K=3) | loss=0.2484
  [Client  2] Round 13 | Hier-pFedMe(λ2=35.0,K=3) | loss=0.2930
  [Client  3] Round 13 | Hier-pFedMe(λ2=35.0,K=3) | loss=0.2158
  [Client  4] Round 13 | Hier-pFedMe(λ2=35.0,K=3) | loss=0.1729
  [Client  9] Round 13 | Hier-pFedMe(λ2=35.0,K=3) | loss=0.0098
  [Client  1] Round 13 | Hier-pFedMe(λ2=35.0,K=3) | loss=1.0083
  [Edge 0] G13 | E4 | loss=0.2937
  [Edge 0] G13 | E5 | Hier-pFedMe | Selected 10/10
  [Client  3] Round 13 | Hier-pFedMe(λ2=35.0,K=3) | loss=0.3669
  [Client  8] Round 13 | Hier-pFedMe(λ2=35.0,K=3) | loss=0.0052
  [Client  0] Round 13 | Hier-pFedMe(λ2=35.0,K=3) | loss=0.3085
  [Client  2] Round 13 | Hier-pFedMe(λ2=35.0,K=3) | loss=0.1106
  [Client  6] Round 13 | Hier-pFedMe(λ2=35.0,K=3) | loss=0.0647
  [Client  9] Round 13 | Hier-pFedMe(λ2=35.0,K=3) | loss=0.0062
  [Client  4] Round 13 | Hier-pFedMe(λ2=35.0,K=3) | loss=0.1785
  [Client  5] Round 13 | Hier-pFedMe(λ2=35.0,K=3) | loss=0.1888
  [Client  7] Round 13 | Hier-pFedMe(λ2=35.0,K=3) | loss=0.1903
  [Client  1] Round 13 | Hier-pFedMe(λ2=35.0,K=3) | loss=0.2952
  [Edge 0] G13 | E5 | loss=0.1899
  [Edge 1] G13 | E1 | Hier-pFedMe | Selected 10/10
  [Client 14] Round 13 | Hier-pFedMe(λ2=35.0,K=3) | loss=0.0874
  [Client 19] Round 13 | Hier-pFedMe(λ2=35.0,K=3) | loss=0.1140
  [Client 16] Round 13 | Hier-pFedMe(λ2=35.0,K=3) | loss=0.0366
  [Client 10] Round 13 | Hier-pFedMe(λ2=35.0,K=3) | loss=0.2860
  [Client 11] Round 13 | Hier-pFedMe(λ2=35.0,K=3) | loss=0.1047
  [Client 15] Round 13 | Hier-pFedMe(λ2=35.0,K=3) | loss=0.3834
  [Client 12] Round 13 | Hier-pFedMe(λ2=35.0,K=3) | loss=0.1345
  [Client 13] Round 13 | Hier-pFedMe(λ2=35.0,K=3) | loss=0.4672
  [Client 18] Round 13 | Hier-pFedMe(λ2=35.0,K=3) | loss=2.5675
  [Client 17] Round 13 | Hier-pFedMe(λ2=35.0,K=3) | loss=0.4205
  [Edge 1] G13 | E1 | loss=0.4602
  [Edge 1] G13 | E2 | Hier-pFedMe | Selected 10/10
  [Client 11] Round 13 | Hier-pFedMe(λ2=35.0,K=3) | loss=0.3560
  [Client 14] Round 13 | Hier-pFedMe(λ2=35.0,K=3) | loss=0.1153
  [Client 13] Round 13 | Hier-pFedMe(λ2=35.0,K=3) | loss=3.5519
  [Client 17] Round 13 | Hier-pFedMe(λ2=35.0,K=3) | loss=0.1893
  [Client 12] Round 13 | Hier-pFedMe(λ2=35.0,K=3) | loss=0.0774
  [Client 19] Round 13 | Hier-pFedMe(λ2=35.0,K=3) | loss=0.1481
  [Client 18] Round 13 | Hier-pFedMe(λ2=35.0,K=3) | loss=0.4551
  [Client 16] Round 13 | Hier-pFedMe(λ2=35.0,K=3) | loss=0.1251
  [Client 15] Round 13 | Hier-pFedMe(λ2=35.0,K=3) | loss=0.1072
  [Client 10] Round 13 | Hier-pFedMe(λ2=35.0,K=3) | loss=0.0962
  [Edge 1] G13 | E2 | loss=0.5222
  [Edge 1] G13 | E3 | Hier-pFedMe | Selected 10/10
  [Client 15] Round 13 | Hier-pFedMe(λ2=35.0,K=3) | loss=0.0904
  [Client 12] Round 13 | Hier-pFedMe(λ2=35.0,K=3) | loss=0.0493
  [Client 13] Round 13 | Hier-pFedMe(λ2=35.0,K=3) | loss=0.3700
  [Client 11] Round 13 | Hier-pFedMe(λ2=35.0,K=3) | loss=0.1006
  [Client 18] Round 13 | Hier-pFedMe(λ2=35.0,K=3) | loss=3.0527
  [Client 16] Round 13 | Hier-pFedMe(λ2=35.0,K=3) | loss=0.0408
  [Client 10] Round 13 | Hier-pFedMe(λ2=35.0,K=3) | loss=0.1496
  [Client 14] Round 13 | Hier-pFedMe(λ2=35.0,K=3) | loss=0.1523
  [Client 19] Round 13 | Hier-pFedMe(λ2=35.0,K=3) | loss=0.0535
  [Client 17] Round 13 | Hier-pFedMe(λ2=35.0,K=3) | loss=0.5460
  [Edge 1] G13 | E3 | loss=0.4605
  [Edge 1] G13 | E4 | Hier-pFedMe | Selected 10/10
  [Client 12] Round 13 | Hier-pFedMe(λ2=35.0,K=3) | loss=0.0592
  [Client 19] Round 13 | Hier-pFedMe(λ2=35.0,K=3) | loss=0.0736
  [Client 16] Round 13 | Hier-pFedMe(λ2=35.0,K=3) | loss=0.2681
  [Client 11] Round 13 | Hier-pFedMe(λ2=35.0,K=3) | loss=0.0558
  [Client 15] Round 13 | Hier-pFedMe(λ2=35.0,K=3) | loss=0.1188
  [Client 17] Round 13 | Hier-pFedMe(λ2=35.0,K=3) | loss=0.9791
  [Client 18] Round 13 | Hier-pFedMe(λ2=35.0,K=3) | loss=0.2861
  [Client 10] Round 13 | Hier-pFedMe(λ2=35.0,K=3) | loss=0.0763
  [Client 14] Round 13 | Hier-pFedMe(λ2=35.0,K=3) | loss=0.4194
  [Client 13] Round 13 | Hier-pFedMe(λ2=35.0,K=3) | loss=4.2430
  [Edge 1] G13 | E4 | loss=0.6580
  [Edge 1] G13 | E5 | Hier-pFedMe | Selected 10/10
  [Client 11] Round 13 | Hier-pFedMe(λ2=35.0,K=3) | loss=0.0807
  [Client 10] Round 13 | Hier-pFedMe(λ2=35.0,K=3) | loss=0.0620
  [Client 17] Round 13 | Hier-pFedMe(λ2=35.0,K=3) | loss=0.5031
  [Client 14] Round 13 | Hier-pFedMe(λ2=35.0,K=3) | loss=0.2466
  [Client 12] Round 13 | Hier-pFedMe(λ2=35.0,K=3) | loss=0.0876
  [Client 13] Round 13 | Hier-pFedMe(λ2=35.0,K=3) | loss=0.4131
  [Client 19] Round 13 | Hier-pFedMe(λ2=35.0,K=3) | loss=0.0510
  [Client 16] Round 13 | Hier-pFedMe(λ2=35.0,K=3) | loss=0.0559
  [Client 18] Round 13 | Hier-pFedMe(λ2=35.0,K=3) | loss=0.1490
  [Client 15] Round 13 | Hier-pFedMe(λ2=35.0,K=3) | loss=0.2849
  [Edge 1] G13 | E5 | loss=0.1934
[C0] eval model[0] mean=-0.003494 | θ̃ mean=-0.003494 | edge mean=-0.003334
[C0] n=800 | classes=[3, 6] | acc=0.6275 | per_class={3: '0.65', 6: '0.60'}
[C1] eval model[0] mean=-0.002933 | θ̃ mean=-0.002933 | edge mean=-0.003334
[C1] n=800 | classes=[3, 6] | acc=0.5400 | per_class={3: '0.33', 6: '0.76'}
[C2] eval model[0] mean=-0.003417 | θ̃ mean=-0.003417 | edge mean=-0.003334
[C2] n=800 | classes=[2, 5] | acc=0.6538 | per_class={2: '0.77', 5: '0.54'}
[C3] eval model[0] mean=-0.003310 | θ̃ mean=-0.003310 | edge mean=-0.003334
[C3] n=800 | classes=[5, 7] | acc=0.5012 | per_class={5: '0.02', 7: '0.99'}
[C4] eval model[0] mean=-0.003493 | θ̃ mean=-0.003493 | edge mean=-0.003334
[C4] n=800 | classes=[2, 7] | acc=0.6338 | per_class={2: '0.94', 7: '0.34'}
[C5] eval model[0] mean=-0.003213 | θ̃ mean=-0.003213 | edge mean=-0.003334
[C5] n=800 | classes=[2, 4] | acc=0.5437 | per_class={2: '0.55', 4: '0.54'}
[C6] eval model[0] mean=-0.003643 | θ̃ mean=-0.003643 | edge mean=-0.003334
[C6] n=800 | classes=[6, 7] | acc=0.7638 | per_class={6: '0.79', 7: '0.74'}
[C7] eval model[0] mean=-0.003730 | θ̃ mean=-0.003730 | edge mean=-0.003334
[C7] n=800 | classes=[3, 5] | acc=0.5225 | per_class={3: '0.16', 5: '0.85'}
[C8] eval model[0] mean=-0.003362 | θ̃ mean=-0.003362 | edge mean=-0.003334
[C8] n=400 | classes=[4] | acc=1.0000 | per_class={4: '1.00'}
[C9] eval model[0] mean=-0.003581 | θ̃ mean=-0.003581 | edge mean=-0.003334
