This job can be monitored from: https://job.c3se.chalmers.se/alvis/6625142
========================================
Job ID      : 6625142
Job Name    : HierFLcifar10
Node        : alvis5-14
Start Time  : Tue May 12 21:02:58 CEST 2026
Working Dir : /cephyr/users/ziangg/Alvis/tf-dpfl
========================================
[Setup] Python: /cephyr/users/ziangg/Alvis/tf-dpfl/bin/python
[Setup] TF version: 2.15.1
[Setup] GPU available: [PhysicalDevice(name='/physical_device:GPU:0', device_type='GPU')]
[Config] Override: wandb.enabled = True
[Setup] Random seed: 42
[Setup] Loading dataset...
[Data] CIFAR-10 from Mimer: /mimer/NOBACKUP/Datasets/CIFAR
[Setup] Building global model...
Model: "cifar_cnn_3conv"
_________________________________________________________________
 Layer (type)                Output Shape              Param #   
=================================================================
 input_1 (InputLayer)        [(None, 32, 32, 3)]       0         
                                                                 
 conv2d (Conv2D)             (None, 32, 32, 32)        896       
                                                                 
 batch_normalization (Batch  (None, 32, 32, 32)        128       
 Normalization)                                                  
                                                                 
 re_lu (ReLU)                (None, 32, 32, 32)        0         
                                                                 
 conv2d_1 (Conv2D)           (None, 32, 32, 64)        18496     
                                                                 
 batch_normalization_1 (Bat  (None, 32, 32, 64)        256       
 chNormalization)                                                
                                                                 
 re_lu_1 (ReLU)              (None, 32, 32, 64)        0         
                                                                 
 max_pooling2d (MaxPooling2  (None, 16, 16, 64)        0         
 D)                                                              
                                                                 
 conv2d_2 (Conv2D)           (None, 16, 16, 128)       73856     
                                                                 
 batch_normalization_2 (Bat  (None, 16, 16, 128)       512       
 chNormalization)                                                
                                                                 
 re_lu_2 (ReLU)              (None, 16, 16, 128)       0         
                                                                 
 conv2d_3 (Conv2D)           (None, 16, 16, 128)       147584    
                                                                 
 batch_normalization_3 (Bat  (None, 16, 16, 128)       512       
 chNormalization)                                                
                                                                 
 re_lu_3 (ReLU)              (None, 16, 16, 128)       0         
                                                                 
 max_pooling2d_1 (MaxPoolin  (None, 8, 8, 128)         0         
 g2D)                                                            
                                                                 
 spatial_dropout2d (Spatial  (None, 8, 8, 128)         0         
 Dropout2D)                                                      
                                                                 
 conv2d_4 (Conv2D)           (None, 8, 8, 256)         295168    
                                                                 
 batch_normalization_4 (Bat  (None, 8, 8, 256)         1024      
 chNormalization)                                                
                                                                 
 re_lu_4 (ReLU)              (None, 8, 8, 256)         0         
                                                                 
 conv2d_5 (Conv2D)           (None, 8, 8, 256)         590080    
                                                                 
 batch_normalization_5 (Bat  (None, 8, 8, 256)         1024      
 chNormalization)                                                
                                                                 
 re_lu_5 (ReLU)              (None, 8, 8, 256)         0         
                                                                 
 max_pooling2d_2 (MaxPoolin  (None, 4, 4, 256)         0         
 g2D)                                                            
                                                                 
 flatten (Flatten)           (None, 4096)              0         
                                                                 
 dropout (Dropout)           (None, 4096)              0         
                                                                 
 dense (Dense)               (None, 1024)              4195328   
                                                                 
 dense_1 (Dense)             (None, 512)               524800    
                                                                 
 dropout_1 (Dropout)         (None, 512)               0         
                                                                 
 dense_2 (Dense)             (None, 10)                5130      
                                                                 
=================================================================
Total params: 5854794 (22.33 MB)
Trainable params: 5853066 (22.33 MB)
Non-trainable params: 1728 (6.75 KB)
_________________________________________________________________
[Setup] Building clients...

[Superclass-aware partition] 2 edges, 2 classes/client

  Edge 0 (class pool: [2, 3, 4, 5, 6, 7]):
  Client       Samples    Classes held                        Out-of-pool?
  ---------------------------------------------------------------------------
  client_0     4000       [3, 6]                              OK
  client_1     4000       [3, 6]                              OK
  client_2     4000       [2, 5]                              OK
  client_3     4000       [5, 7]                              OK
  client_4     4000       [2, 7]                              OK
  client_5     4000       [2, 4]                              OK
  client_6     4000       [6, 7]                              OK
  client_7     4000       [3, 5]                              OK
  client_8     2000       [4]                                 OK
  client_9     2000       [4]                                 OK

  Edge 1 (class pool: [0, 1, 8, 9]):
  Client       Samples    Classes held                        Out-of-pool?
  ---------------------------------------------------------------------------
  client_10    2400       [8, 9]                              OK
  client_11    2400       [0, 1]                              OK
  client_12    2400       [1, 8]                              OK
  client_13    2400       [0, 8]                              OK
  client_14    2400       [0, 9]                              OK
  client_15    2400       [0, 8]                              OK
  client_16    2400       [1, 8]                              OK
  client_17    2400       [1, 9]                              OK
  client_18    2400       [1, 9]                              OK
  client_19    2400       [0, 9]                              OK

[Train/Test split] 20 clients | avg train=2400, avg test=600 samples (ratio=0.2)
[Setup] 20 clients built (superclass_pathological) | per-client test sets injected
[Setup] Building edge servers...
[Assignment] Using pre-baked superclass assignments | 2 edges
[EdgeServer 0] 10 clients | 28800 samples
[EdgeServer 1] 10 clients | 19200 samples

[Setup] Built 2 edge servers (strategy=superclass_baked)
  Edge 0: 10 clients | 28800 samples
  Edge 1: 10 clients | 19200 samples
[Setup] Building per-edge test datasets (superclass-aware)...
  [Test split] Edge 0: 6000 test samples (6 classes)
  [Test split] Edge 1: 4000 test samples (4 classes)
[CloudServer] 2 edges | model: 22.33 MB

====================================================
 HierFAVG Training Start
====================================================

[Round   1] Broadcasting to 2 edges...
  [Edge 0] G1 | E1 | Hier-pFedMe | Selected 10/10
  [Client  6] Round 1 | Hier-pFedMe(λ2=35.0,K=3) | loss=23.4585
  [Client  8] Round 1 | Hier-pFedMe(λ2=35.0,K=3) | loss=0.0000
  [Client  3] Round 1 | Hier-pFedMe(λ2=35.0,K=3) | loss=13.1456
  [Client  9] Round 1 | Hier-pFedMe(λ2=35.0,K=3) | loss=0.0000
  [Client  7] Round 1 | Hier-pFedMe(λ2=35.0,K=3) | loss=1.3602
  [Client  4] Round 1 | Hier-pFedMe(λ2=35.0,K=3) | loss=25.3694
  [Client  0] Round 1 | Hier-pFedMe(λ2=35.0,K=3) | loss=22.5384
  [Client  1] Round 1 | Hier-pFedMe(λ2=35.0,K=3) | loss=18.0060
  [Client  5] Round 1 | Hier-pFedMe(λ2=35.0,K=3) | loss=2.5706
  [Client  2] Round 1 | Hier-pFedMe(λ2=35.0,K=3) | loss=28.8119
  [Edge 0] G1 | E1 | loss=15.0290
  [Edge 0] G1 | E2 | Hier-pFedMe | Selected 10/10
  [Client  3] Round 1 | Hier-pFedMe(λ2=35.0,K=3) | loss=1.6644
  [Client  7] Round 1 | Hier-pFedMe(λ2=35.0,K=3) | loss=6.7523
  [Client  0] Round 1 | Hier-pFedMe(λ2=35.0,K=3) | loss=0.3370
  [Client  9] Round 1 | Hier-pFedMe(λ2=35.0,K=3) | loss=0.0000
  [Client  6] Round 1 | Hier-pFedMe(λ2=35.0,K=3) | loss=2.4012
  [Client  4] Round 1 | Hier-pFedMe(λ2=35.0,K=3) | loss=1.0310
  [Client  2] Round 1 | Hier-pFedMe(λ2=35.0,K=3) | loss=0.7121
  [Client  8] Round 1 | Hier-pFedMe(λ2=35.0,K=3) | loss=0.0000
  [Client  5] Round 1 | Hier-pFedMe(λ2=35.0,K=3) | loss=0.5339
  [Client  1] Round 1 | Hier-pFedMe(λ2=35.0,K=3) | loss=2.6046
  [Edge 0] G1 | E2 | loss=1.7818
  [Edge 0] G1 | E3 | Hier-pFedMe | Selected 10/10
  [Client  6] Round 1 | Hier-pFedMe(λ2=35.0,K=3) | loss=2.0993
  [Client  7] Round 1 | Hier-pFedMe(λ2=35.0,K=3) | loss=3.2673
  [Client  8] Round 1 | Hier-pFedMe(λ2=35.0,K=3) | loss=0.0001
  [Client  9] Round 1 | Hier-pFedMe(λ2=35.0,K=3) | loss=0.0007
  [Client  4] Round 1 | Hier-pFedMe(λ2=35.0,K=3) | loss=17.6802
  [Client  1] Round 1 | Hier-pFedMe(λ2=35.0,K=3) | loss=3.5255
  [Client  0] Round 1 | Hier-pFedMe(λ2=35.0,K=3) | loss=11.9030
  [Client  3] Round 1 | Hier-pFedMe(λ2=35.0,K=3) | loss=1.7844
  [Client  5] Round 1 | Hier-pFedMe(λ2=35.0,K=3) | loss=3.0450
  [Client  2] Round 1 | Hier-pFedMe(λ2=35.0,K=3) | loss=6.1258
  [Edge 0] G1 | E3 | loss=5.4923
  [Edge 0] G1 | E4 | Hier-pFedMe | Selected 10/10
  [Client  8] Round 1 | Hier-pFedMe(λ2=35.0,K=3) | loss=0.0113
  [Client  6] Round 1 | Hier-pFedMe(λ2=35.0,K=3) | loss=0.6417
  [Client  0] Round 1 | Hier-pFedMe(λ2=35.0,K=3) | loss=0.7967
  [Client  9] Round 1 | Hier-pFedMe(λ2=35.0,K=3) | loss=0.0100
  [Client  7] Round 1 | Hier-pFedMe(λ2=35.0,K=3) | loss=0.8213
  [Client  3] Round 1 | Hier-pFedMe(λ2=35.0,K=3) | loss=1.1338
  [Client  5] Round 1 | Hier-pFedMe(λ2=35.0,K=3) | loss=0.4803
  [Client  2] Round 1 | Hier-pFedMe(λ2=35.0,K=3) | loss=0.6070
  [Client  1] Round 1 | Hier-pFedMe(λ2=35.0,K=3) | loss=0.9174
  [Client  4] Round 1 | Hier-pFedMe(λ2=35.0,K=3) | loss=0.9249
  [Edge 0] G1 | E4 | loss=0.7038
  [Edge 0] G1 | E5 | Hier-pFedMe | Selected 10/10
  [Client  7] Round 1 | Hier-pFedMe(λ2=35.0,K=3) | loss=1.4399
  [Client  4] Round 1 | Hier-pFedMe(λ2=35.0,K=3) | loss=12.1133
  [Client  1] Round 1 | Hier-pFedMe(λ2=35.0,K=3) | loss=0.0987
  [Client  8] Round 1 | Hier-pFedMe(λ2=35.0,K=3) | loss=0.0035
  [Client  3] Round 1 | Hier-pFedMe(λ2=35.0,K=3) | loss=1.3999
  [Client  9] Round 1 | Hier-pFedMe(λ2=35.0,K=3) | loss=0.0061
  [Client  5] Round 1 | Hier-pFedMe(λ2=35.0,K=3) | loss=0.3040
  [Client  0] Round 1 | Hier-pFedMe(λ2=35.0,K=3) | loss=8.3988
  [Client  6] Round 1 | Hier-pFedMe(λ2=35.0,K=3) | loss=3.1679
  [Client  2] Round 1 | Hier-pFedMe(λ2=35.0,K=3) | loss=4.9745
  [Edge 0] G1 | E5 | loss=3.5446
  [Edge 1] G1 | E1 | Hier-pFedMe | Selected 10/10
  [Client 13] Round 1 | Hier-pFedMe(λ2=35.0,K=3) | loss=14.1557
  [Client 10] Round 1 | Hier-pFedMe(λ2=35.0,K=3) | loss=15.5863
  [Client 17] Round 1 | Hier-pFedMe(λ2=35.0,K=3) | loss=5.3931
  [Client 19] Round 1 | Hier-pFedMe(λ2=35.0,K=3) | loss=14.4856
  [Client 12] Round 1 | Hier-pFedMe(λ2=35.0,K=3) | loss=21.0624
  [Client 14] Round 1 | Hier-pFedMe(λ2=35.0,K=3) | loss=9.6678
  [Client 15] Round 1 | Hier-pFedMe(λ2=35.0,K=3) | loss=4.6347
  [Client 11] Round 1 | Hier-pFedMe(λ2=35.0,K=3) | loss=12.3377
  [Client 16] Round 1 | Hier-pFedMe(λ2=35.0,K=3) | loss=13.0414
  [Client 18] Round 1 | Hier-pFedMe(λ2=35.0,K=3) | loss=6.7614
  [Edge 1] G1 | E1 | loss=11.7126
  [Edge 1] G1 | E2 | Hier-pFedMe | Selected 10/10
  [Client 19] Round 1 | Hier-pFedMe(λ2=35.0,K=3) | loss=0.4964
  [Client 15] Round 1 | Hier-pFedMe(λ2=35.0,K=3) | loss=4.9619
  [Client 11] Round 1 | Hier-pFedMe(λ2=35.0,K=3) | loss=0.7140
  [Client 16] Round 1 | Hier-pFedMe(λ2=35.0,K=3) | loss=1.0722
  [Client 18] Round 1 | Hier-pFedMe(λ2=35.0,K=3) | loss=2.7883  [Client 14] Round 1 | Hier-pFedMe(λ2=35.0,K=3) | loss=0.3800

  [Client 17] Round 1 | Hier-pFedMe(λ2=35.0,K=3) | loss=0.0911
  [Client 12] Round 1 | Hier-pFedMe(λ2=35.0,K=3) | loss=2.0458
  [Client 13] Round 1 | Hier-pFedMe(λ2=35.0,K=3) | loss=0.3557
  [Client 10] Round 1 | Hier-pFedMe(λ2=35.0,K=3) | loss=1.0036
  [Edge 1] G1 | E2 | loss=1.3909
  [Edge 1] G1 | E3 | Hier-pFedMe | Selected 10/10
  [Client 10] Round 1 | Hier-pFedMe(λ2=35.0,K=3) | loss=3.6958
  [Client 15] Round 1 | Hier-pFedMe(λ2=35.0,K=3) | loss=2.1120  [Client 14] Round 1 | Hier-pFedMe(λ2=35.0,K=3) | loss=1.9292

  [Client 12] Round 1 | Hier-pFedMe(λ2=35.0,K=3) | loss=2.9586
  [Client 18] Round 1 | Hier-pFedMe(λ2=35.0,K=3) | loss=4.5481
  [Client 11] Round 1 | Hier-pFedMe(λ2=35.0,K=3) | loss=9.0221
  [Client 16] Round 1 | Hier-pFedMe(λ2=35.0,K=3) | loss=2.8455
  [Client 13] Round 1 | Hier-pFedMe(λ2=35.0,K=3) | loss=5.0563
  [Client 17] Round 1 | Hier-pFedMe(λ2=35.0,K=3) | loss=7.2717
  [Client 19] Round 1 | Hier-pFedMe(λ2=35.0,K=3) | loss=8.8213
  [Edge 1] G1 | E3 | loss=4.8260
  [Edge 1] G1 | E4 | Hier-pFedMe | Selected 10/10
  [Client 12] Round 1 | Hier-pFedMe(λ2=35.0,K=3) | loss=0.8396  [Client 14] Round 1 | Hier-pFedMe(λ2=35.0,K=3) | loss=0.1961

  [Client 18] Round 1 | Hier-pFedMe(λ2=35.0,K=3) | loss=0.4833
  [Client 15] Round 1 | Hier-pFedMe(λ2=35.0,K=3) | loss=1.6283
  [Client 10] Round 1 | Hier-pFedMe(λ2=35.0,K=3) | loss=0.4938
  [Client 11] Round 1 | Hier-pFedMe(λ2=35.0,K=3) | loss=0.8581  [Client 13] Round 1 | Hier-pFedMe(λ2=35.0,K=3) | loss=0.3337

  [Client 16] Round 1 | Hier-pFedMe(λ2=35.0,K=3) | loss=0.3377
  [Client 19] Round 1 | Hier-pFedMe(λ2=35.0,K=3) | loss=0.3476
  [Client 17] Round 1 | Hier-pFedMe(λ2=35.0,K=3) | loss=0.5147
  [Edge 1] G1 | E4 | loss=0.6033
  [Edge 1] G1 | E5 | Hier-pFedMe | Selected 10/10
  [Client 18] Round 1 | Hier-pFedMe(λ2=35.0,K=3) | loss=5.1098
  [Client 19] Round 1 | Hier-pFedMe(λ2=35.0,K=3) | loss=7.6224  [Client 16] Round 1 | Hier-pFedMe(λ2=35.0,K=3) | loss=0.7252

  [Client 13] Round 1 | Hier-pFedMe(λ2=35.0,K=3) | loss=1.1607
  [Client 17] Round 1 | Hier-pFedMe(λ2=35.0,K=3) | loss=6.5691
  [Client 15] Round 1 | Hier-pFedMe(λ2=35.0,K=3) | loss=2.7031
  [Client 12] Round 1 | Hier-pFedMe(λ2=35.0,K=3) | loss=2.4425
  [Client 14] Round 1 | Hier-pFedMe(λ2=35.0,K=3) | loss=1.7281
  [Client 11] Round 1 | Hier-pFedMe(λ2=35.0,K=3) | loss=7.7001  [Client 10] Round 1 | Hier-pFedMe(λ2=35.0,K=3) | loss=4.5742

  [Edge 1] G1 | E5 | loss=4.0335
  [Cloud] GM=0.0989 | EM=0.2001 | loss=2.3044 | time=65.6s | comm=4556.2MB (total=4556MB)

[Round   2] Broadcasting to 2 edges...
  [Edge 0] G2 | E1 | Hier-pFedMe | Selected 10/10
  [Client  9] Round 2 | Hier-pFedMe(λ2=35.0,K=3) | loss=0.0264
  [Client  8] Round 2 | Hier-pFedMe(λ2=35.0,K=3) | loss=0.0323
  [Client  6] Round 2 | Hier-pFedMe(λ2=35.0,K=3) | loss=0.3253
  [Client  2] Round 2 | Hier-pFedMe(λ2=35.0,K=3) | loss=0.5321
  [Client  5] Round 2 | Hier-pFedMe(λ2=35.0,K=3) | loss=0.6866
  [Client  1] Round 2 | Hier-pFedMe(λ2=35.0,K=3) | loss=0.5457
  [Client  4] Round 2 | Hier-pFedMe(λ2=35.0,K=3) | loss=1.0902
  [Client  0] Round 2 | Hier-pFedMe(λ2=35.0,K=3) | loss=0.9228
  [Client  7] Round 2 | Hier-pFedMe(λ2=35.0,K=3) | loss=0.3524
  [Client  3] Round 2 | Hier-pFedMe(λ2=35.0,K=3) | loss=0.6824
  [Edge 0] G2 | E1 | loss=0.5741
  [Edge 0] G2 | E2 | Hier-pFedMe | Selected 10/10
  [Client  1] Round 2 | Hier-pFedMe(λ2=35.0,K=3) | loss=0.8469
  [Client  6] Round 2 | Hier-pFedMe(λ2=35.0,K=3) | loss=1.6534
  [Client  5] Round 2 | Hier-pFedMe(λ2=35.0,K=3) | loss=1.0207
  [Client  8] Round 2 | Hier-pFedMe(λ2=35.0,K=3) | loss=0.0077
  [Client  4] Round 2 | Hier-pFedMe(λ2=35.0,K=3) | loss=14.3850
  [Client  0] Round 2 | Hier-pFedMe(λ2=35.0,K=3) | loss=7.3319
  [Client  3] Round 2 | Hier-pFedMe(λ2=35.0,K=3) | loss=0.9066
  [Client  7] Round 2 | Hier-pFedMe(λ2=35.0,K=3) | loss=1.2390
  [Client  9] Round 2 | Hier-pFedMe(λ2=35.0,K=3) | loss=0.0149
  [Client  2] Round 2 | Hier-pFedMe(λ2=35.0,K=3) | loss=0.6113
  [Edge 0] G2 | E2 | loss=3.1118
  [Edge 0] G2 | E3 | Hier-pFedMe | Selected 10/10
  [Client  6] Round 2 | Hier-pFedMe(λ2=35.0,K=3) | loss=0.4733
  [Client  8] Round 2 | Hier-pFedMe(λ2=35.0,K=3) | loss=0.0238
  [Client  1] Round 2 | Hier-pFedMe(λ2=35.0,K=3) | loss=0.4472
  [Client  3] Round 2 | Hier-pFedMe(λ2=35.0,K=3) | loss=0.6653
  [Client  9] Round 2 | Hier-pFedMe(λ2=35.0,K=3) | loss=0.0170
  [Client  5] Round 2 | Hier-pFedMe(λ2=35.0,K=3) | loss=0.5436
  [Client  0] Round 2 | Hier-pFedMe(λ2=35.0,K=3) | loss=1.1826
  [Client  4] Round 2 | Hier-pFedMe(λ2=35.0,K=3) | loss=0.7239
  [Client  7] Round 2 | Hier-pFedMe(λ2=35.0,K=3) | loss=0.8236
  [Client  2] Round 2 | Hier-pFedMe(λ2=35.0,K=3) | loss=0.5306
  [Edge 0] G2 | E3 | loss=0.6012
  [Edge 0] G2 | E4 | Hier-pFedMe | Selected 10/10
  [Client  1] Round 2 | Hier-pFedMe(λ2=35.0,K=3) | loss=0.5099
  [Client  6] Round 2 | Hier-pFedMe(λ2=35.0,K=3) | loss=1.0416
  [Client  5] Round 2 | Hier-pFedMe(λ2=35.0,K=3) | loss=1.8946
  [Client  2] Round 2 | Hier-pFedMe(λ2=35.0,K=3) | loss=0.6228
  [Client  8] Round 2 | Hier-pFedMe(λ2=35.0,K=3) | loss=0.0112
  [Client  7] Round 2 | Hier-pFedMe(λ2=35.0,K=3) | loss=0.6865
  [Client  0] Round 2 | Hier-pFedMe(λ2=35.0,K=3) | loss=3.0987
  [Client  4] Round 2 | Hier-pFedMe(λ2=35.0,K=3) | loss=5.7504
  [Client  3] Round 2 | Hier-pFedMe(λ2=35.0,K=3) | loss=0.4578
  [Client  9] Round 2 | Hier-pFedMe(λ2=35.0,K=3) | loss=0.0130
  [Edge 0] G2 | E4 | loss=1.5638
  [Edge 0] G2 | E5 | Hier-pFedMe | Selected 10/10
  [Client  6] Round 2 | Hier-pFedMe(λ2=35.0,K=3) | loss=0.5227
  [Client  2] Round 2 | Hier-pFedMe(λ2=35.0,K=3) | loss=0.3632
  [Client  5] Round 2 | Hier-pFedMe(λ2=35.0,K=3) | loss=0.6857
  [Client  1] Round 2 | Hier-pFedMe(λ2=35.0,K=3) | loss=0.4757
  [Client  8] Round 2 | Hier-pFedMe(λ2=35.0,K=3) | loss=0.0212
  [Client  9] Round 2 | Hier-pFedMe(λ2=35.0,K=3) | loss=0.0187
  [Client  3] Round 2 | Hier-pFedMe(λ2=35.0,K=3) | loss=0.2859
  [Client  7] Round 2 | Hier-pFedMe(λ2=35.0,K=3) | loss=0.4461
  [Client  4] Round 2 | Hier-pFedMe(λ2=35.0,K=3) | loss=0.4730
  [Client  0] Round 2 | Hier-pFedMe(λ2=35.0,K=3) | loss=0.8675
  [Edge 0] G2 | E5 | loss=0.4600
  [Edge 1] G2 | E1 | Hier-pFedMe | Selected 10/10
  [Client 16] Round 2 | Hier-pFedMe(λ2=35.0,K=3) | loss=0.5148
  [Client 11] Round 2 | Hier-pFedMe(λ2=35.0,K=3) | loss=0.3179
  [Client 14] Round 2 | Hier-pFedMe(λ2=35.0,K=3) | loss=0.3541
  [Client 17] Round 2 | Hier-pFedMe(λ2=35.0,K=3) | loss=0.8168
  [Client 19] Round 2 | Hier-pFedMe(λ2=35.0,K=3) | loss=0.4592
  [Client 13] Round 2 | Hier-pFedMe(λ2=35.0,K=3) | loss=0.5381
  [Client 12] Round 2 | Hier-pFedMe(λ2=35.0,K=3) | loss=0.6981
  [Client 10] Round 2 | Hier-pFedMe(λ2=35.0,K=3) | loss=0.6221
  [Client 15] Round 2 | Hier-pFedMe(λ2=35.0,K=3) | loss=0.5843
  [Client 18] Round 2 | Hier-pFedMe(λ2=35.0,K=3) | loss=0.7898
  [Edge 1] G2 | E1 | loss=0.5695
  [Edge 1] G2 | E2 | Hier-pFedMe | Selected 10/10
  [Client 11] Round 2 | Hier-pFedMe(λ2=35.0,K=3) | loss=4.7646
  [Client 12] Round 2 | Hier-pFedMe(λ2=35.0,K=3) | loss=0.9363
  [Client 10] Round 2 | Hier-pFedMe(λ2=35.0,K=3) | loss=0.5287
  [Client 13] Round 2 | Hier-pFedMe(λ2=35.0,K=3) | loss=0.3225
  [Client 17] Round 2 | Hier-pFedMe(λ2=35.0,K=3) | loss=5.2683
  [Client 19] Round 2 | Hier-pFedMe(λ2=35.0,K=3) | loss=3.7273
  [Client 16] Round 2 | Hier-pFedMe(λ2=35.0,K=3) | loss=0.7457
  [Client 18] Round 2 | Hier-pFedMe(λ2=35.0,K=3) | loss=4.5318
  [Client 15] Round 2 | Hier-pFedMe(λ2=35.0,K=3) | loss=0.6550
  [Client 14] Round 2 | Hier-pFedMe(λ2=35.0,K=3) | loss=0.2523
  [Edge 1] G2 | E2 | loss=2.1732
  [Edge 1] G2 | E3 | Hier-pFedMe | Selected 10/10
  [Client 13] Round 2 | Hier-pFedMe(λ2=35.0,K=3) | loss=0.4046
  [Client 12] Round 2 | Hier-pFedMe(λ2=35.0,K=3) | loss=0.2983
  [Client 14] Round 2 | Hier-pFedMe(λ2=35.0,K=3) | loss=0.3066
  [Client 10] Round 2 | Hier-pFedMe(λ2=35.0,K=3) | loss=0.5167
  [Client 18] Round 2 | Hier-pFedMe(λ2=35.0,K=3) | loss=0.5549  [Client 17] Round 2 | Hier-pFedMe(λ2=35.0,K=3) | loss=0.6209

  [Client 16] Round 2 | Hier-pFedMe(λ2=35.0,K=3) | loss=0.4282
  [Client 19] Round 2 | Hier-pFedMe(λ2=35.0,K=3) | loss=0.5607
  [Client 15] Round 2 | Hier-pFedMe(λ2=35.0,K=3) | loss=0.4033
  [Client 11] Round 2 | Hier-pFedMe(λ2=35.0,K=3) | loss=0.8760
  [Edge 1] G2 | E3 | loss=0.4970
  [Edge 1] G2 | E4 | Hier-pFedMe | Selected 10/10
  [Client 15] Round 2 | Hier-pFedMe(λ2=35.0,K=3) | loss=0.4981
  [Client 11] Round 2 | Hier-pFedMe(λ2=35.0,K=3) | loss=3.4277
  [Client 19] Round 2 | Hier-pFedMe(λ2=35.0,K=3) | loss=2.5549
  [Client 14] Round 2 | Hier-pFedMe(λ2=35.0,K=3) | loss=0.4105
  [Client 12] Round 2 | Hier-pFedMe(λ2=35.0,K=3) | loss=0.3345
  [Client 17] Round 2 | Hier-pFedMe(λ2=35.0,K=3) | loss=4.6303
  [Client 10] Round 2 | Hier-pFedMe(λ2=35.0,K=3) | loss=0.3907
  [Client 13] Round 2 | Hier-pFedMe(λ2=35.0,K=3) | loss=0.3626
  [Client 16] Round 2 | Hier-pFedMe(λ2=35.0,K=3) | loss=0.2935
  [Client 18] Round 2 | Hier-pFedMe(λ2=35.0,K=3) | loss=0.5934
  [Edge 1] G2 | E4 | loss=1.3496
  [Edge 1] G2 | E5 | Hier-pFedMe | Selected 10/10
  [Client 18] Round 2 | Hier-pFedMe(λ2=35.0,K=3) | loss=0.5186
  [Client 14] Round 2 | Hier-pFedMe(λ2=35.0,K=3) | loss=0.5229
  [Client 13] Round 2 | Hier-pFedMe(λ2=35.0,K=3) | loss=0.3092
  [Client 11] Round 2 | Hier-pFedMe(λ2=35.0,K=3) | loss=0.4263
  [Client 17] Round 2 | Hier-pFedMe(λ2=35.0,K=3) | loss=0.4543
  [Client 16] Round 2 | Hier-pFedMe(λ2=35.0,K=3) | loss=0.2742
  [Client 10] Round 2 | Hier-pFedMe(λ2=35.0,K=3) | loss=0.3604
  [Client 15] Round 2 | Hier-pFedMe(λ2=35.0,K=3) | loss=0.5332
  [Client 19] Round 2 | Hier-pFedMe(λ2=35.0,K=3) | loss=0.4575
  [Client 12] Round 2 | Hier-pFedMe(λ2=35.0,K=3) | loss=0.2581
  [Edge 1] G2 | E5 | loss=0.4115
  [Cloud] GM=0.1165 | EM=0.2311 | loss=2.2946 | time=28.8s | comm=4556.2MB (total=9112MB)

[Round   3] Broadcasting to 2 edges...
  [Edge 0] G3 | E1 | Hier-pFedMe | Selected 10/10
  [Client  9] Round 3 | Hier-pFedMe(λ2=35.0,K=3) | loss=0.0188
  [Client  3] Round 3 | Hier-pFedMe(λ2=35.0,K=3) | loss=0.3957
  [Client  6] Round 3 | Hier-pFedMe(λ2=35.0,K=3) | loss=0.6307
  [Client  4] Round 3 | Hier-pFedMe(λ2=35.0,K=3) | loss=10.3000
  [Client  1] Round 3 | Hier-pFedMe(λ2=35.0,K=3) | loss=0.3570
  [Client  5] Round 3 | Hier-pFedMe(λ2=35.0,K=3) | loss=2.4821
  [Client  0] Round 3 | Hier-pFedMe(λ2=35.0,K=3) | loss=2.0140
  [Client  7] Round 3 | Hier-pFedMe(λ2=35.0,K=3) | loss=0.3134
  [Client  8] Round 3 | Hier-pFedMe(λ2=35.0,K=3) | loss=0.0130
  [Client  2] Round 3 | Hier-pFedMe(λ2=35.0,K=3) | loss=0.4903
  [Edge 0] G3 | E1 | loss=1.8888
  [Edge 0] G3 | E2 | Hier-pFedMe | Selected 10/10
  [Client  4] Round 3 | Hier-pFedMe(λ2=35.0,K=3) | loss=0.8331
  [Client  6] Round 3 | Hier-pFedMe(λ2=35.0,K=3) | loss=0.2896
  [Client  5] Round 3 | Hier-pFedMe(λ2=35.0,K=3) | loss=0.4686
  [Client  9] Round 3 | Hier-pFedMe(λ2=35.0,K=3) | loss=0.0133
  [Client  1] Round 3 | Hier-pFedMe(λ2=35.0,K=3) | loss=0.3037
  [Client  7] Round 3 | Hier-pFedMe(λ2=35.0,K=3) | loss=0.3530
  [Client  0] Round 3 | Hier-pFedMe(λ2=35.0,K=3) | loss=0.2873
  [Client  8] Round 3 | Hier-pFedMe(λ2=35.0,K=3) | loss=0.0203
  [Client  3] Round 3 | Hier-pFedMe(λ2=35.0,K=3) | loss=0.4501
  [Client  2] Round 3 | Hier-pFedMe(λ2=35.0,K=3) | loss=0.3177
  [Edge 0] G3 | E2 | loss=0.3689
  [Edge 0] G3 | E3 | Hier-pFedMe | Selected 10/10
  [Client  7] Round 3 | Hier-pFedMe(λ2=35.0,K=3) | loss=0.4349
  [Client  6] Round 3 | Hier-pFedMe(λ2=35.0,K=3) | loss=0.3566
  [Client  9] Round 3 | Hier-pFedMe(λ2=35.0,K=3) | loss=0.0231
  [Client  5] Round 3 | Hier-pFedMe(λ2=35.0,K=3) | loss=0.4713
  [Client  4] Round 3 | Hier-pFedMe(λ2=35.0,K=3) | loss=5.0453
  [Client  1] Round 3 | Hier-pFedMe(λ2=35.0,K=3) | loss=0.3136
  [Client  2] Round 3 | Hier-pFedMe(λ2=35.0,K=3) | loss=0.5274
  [Client  0] Round 3 | Hier-pFedMe(λ2=35.0,K=3) | loss=2.0326
  [Client  3] Round 3 | Hier-pFedMe(λ2=35.0,K=3) | loss=0.3490
  [Client  8] Round 3 | Hier-pFedMe(λ2=35.0,K=3) | loss=0.0135
  [Edge 0] G3 | E3 | loss=1.0610
  [Edge 0] G3 | E4 | Hier-pFedMe | Selected 10/10
  [Client  1] Round 3 | Hier-pFedMe(λ2=35.0,K=3) | loss=0.2534
  [Client  0] Round 3 | Hier-pFedMe(λ2=35.0,K=3) | loss=0.6001
  [Client  8] Round 3 | Hier-pFedMe(λ2=35.0,K=3) | loss=0.0130  [Client  7] Round 3 | Hier-pFedMe(λ2=35.0,K=3) | loss=0.3888

  [Client  2] Round 3 | Hier-pFedMe(λ2=35.0,K=3) | loss=0.3835
  [Client  3] Round 3 | Hier-pFedMe(λ2=35.0,K=3) | loss=0.2442
  [Client  9] Round 3 | Hier-pFedMe(λ2=35.0,K=3) | loss=0.0139
  [Client  6] Round 3 | Hier-pFedMe(λ2=35.0,K=3) | loss=0.2240
  [Client  5] Round 3 | Hier-pFedMe(λ2=35.0,K=3) | loss=0.5325
  [Client  4] Round 3 | Hier-pFedMe(λ2=35.0,K=3) | loss=0.7035
  [Edge 0] G3 | E4 | loss=0.3715
  [Edge 0] G3 | E5 | Hier-pFedMe | Selected 10/10
  [Client  5] Round 3 | Hier-pFedMe(λ2=35.0,K=3) | loss=0.1272
  [Client  0] Round 3 | Hier-pFedMe(λ2=35.0,K=3) | loss=0.4167
  [Client  9] Round 3 | Hier-pFedMe(λ2=35.0,K=3) | loss=0.0169
  [Client  4] Round 3 | Hier-pFedMe(λ2=35.0,K=3) | loss=0.3480
  [Client  7] Round 3 | Hier-pFedMe(λ2=35.0,K=3) | loss=0.4288
  [Client  3] Round 3 | Hier-pFedMe(λ2=35.0,K=3) | loss=0.3283
  [Client  2] Round 3 | Hier-pFedMe(λ2=35.0,K=3) | loss=0.3719
  [Client  6] Round 3 | Hier-pFedMe(λ2=35.0,K=3) | loss=0.1834
  [Client  1] Round 3 | Hier-pFedMe(λ2=35.0,K=3) | loss=0.2811
  [Client  8] Round 3 | Hier-pFedMe(λ2=35.0,K=3) | loss=0.0090
  [Edge 0] G3 | E5 | loss=0.2776
  [Edge 1] G3 | E1 | Hier-pFedMe | Selected 10/10
  [Client 18] Round 3 | Hier-pFedMe(λ2=35.0,K=3) | loss=1.4221
  [Client 12] Round 3 | Hier-pFedMe(λ2=35.0,K=3) | loss=0.3086  [Client 17] Round 3 | Hier-pFedMe(λ2=35.0,K=3) | loss=4.4568
  [Client 11] Round 3 | Hier-pFedMe(λ2=35.0,K=3) | loss=1.5084

  [Client 10] Round 3 | Hier-pFedMe(λ2=35.0,K=3) | loss=0.3827
  [Client 15] Round 3 | Hier-pFedMe(λ2=35.0,K=3) | loss=0.4907
  [Client 19] Round 3 | Hier-pFedMe(λ2=35.0,K=3) | loss=0.2421
  [Client 13] Round 3 | Hier-pFedMe(λ2=35.0,K=3) | loss=0.4237
  [Client 14] Round 3 | Hier-pFedMe(λ2=35.0,K=3) | loss=0.2964
  [Client 16] Round 3 | Hier-pFedMe(λ2=35.0,K=3) | loss=0.2433
  [Edge 1] G3 | E1 | loss=0.9775
  [Edge 1] G3 | E2 | Hier-pFedMe | Selected 10/10
  [Client 15] Round 3 | Hier-pFedMe(λ2=35.0,K=3) | loss=0.4431
  [Client 13] Round 3 | Hier-pFedMe(λ2=35.0,K=3) | loss=0.2206
  [Client 12] Round 3 | Hier-pFedMe(λ2=35.0,K=3) | loss=0.5043
  [Client 10] Round 3 | Hier-pFedMe(λ2=35.0,K=3) | loss=0.2474
  [Client 17] Round 3 | Hier-pFedMe(λ2=35.0,K=3) | loss=0.4194
  [Client 16] Round 3 | Hier-pFedMe(λ2=35.0,K=3) | loss=0.2293
  [Client 19] Round 3 | Hier-pFedMe(λ2=35.0,K=3) | loss=0.3313
  [Client 18] Round 3 | Hier-pFedMe(λ2=35.0,K=3) | loss=0.3467
  [Client 14] Round 3 | Hier-pFedMe(λ2=35.0,K=3) | loss=0.4194
  [Client 11] Round 3 | Hier-pFedMe(λ2=35.0,K=3) | loss=0.5202
  [Edge 1] G3 | E2 | loss=0.3682
  [Edge 1] G3 | E3 | Hier-pFedMe | Selected 10/10
  [Client 17] Round 3 | Hier-pFedMe(λ2=35.0,K=3) | loss=3.5164  [Client 15] Round 3 | Hier-pFedMe(λ2=35.0,K=3) | loss=0.2358  [Client 16] Round 3 | Hier-pFedMe(λ2=35.0,K=3) | loss=0.1561
  [Client 10] Round 3 | Hier-pFedMe(λ2=35.0,K=3) | loss=0.1823


  [Client 14] Round 3 | Hier-pFedMe(λ2=35.0,K=3) | loss=0.5409
  [Client 12] Round 3 | Hier-pFedMe(λ2=35.0,K=3) | loss=0.4592
  [Client 18] Round 3 | Hier-pFedMe(λ2=35.0,K=3) | loss=0.5647  [Client 19] Round 3 | Hier-pFedMe(λ2=35.0,K=3) | loss=0.2632

  [Client 13] Round 3 | Hier-pFedMe(λ2=35.0,K=3) | loss=0.2271
  [Client 11] Round 3 | Hier-pFedMe(λ2=35.0,K=3) | loss=0.4598
  [Edge 1] G3 | E3 | loss=0.6605
  [Edge 1] G3 | E4 | Hier-pFedMe | Selected 10/10
  [Client 15] Round 3 | Hier-pFedMe(λ2=35.0,K=3) | loss=0.6907
  [Client 13] Round 3 | Hier-pFedMe(λ2=35.0,K=3) | loss=0.2768
  [Client 19] Round 3 | Hier-pFedMe(λ2=35.0,K=3) | loss=0.2881
  [Client 10] Round 3 | Hier-pFedMe(λ2=35.0,K=3) | loss=0.2509
  [Client 17] Round 3 | Hier-pFedMe(λ2=35.0,K=3) | loss=0.5291
  [Client 16] Round 3 | Hier-pFedMe(λ2=35.0,K=3) | loss=0.4148
  [Client 12] Round 3 | Hier-pFedMe(λ2=35.0,K=3) | loss=0.4224
  [Client 11] Round 3 | Hier-pFedMe(λ2=35.0,K=3) | loss=0.4549
  [Client 14] Round 3 | Hier-pFedMe(λ2=35.0,K=3) | loss=0.3079
  [Client 18] Round 3 | Hier-pFedMe(λ2=35.0,K=3) | loss=0.3996
  [Edge 1] G3 | E4 | loss=0.4035
  [Edge 1] G3 | E5 | Hier-pFedMe | Selected 10/10
  [Client 14] Round 3 | Hier-pFedMe(λ2=35.0,K=3) | loss=0.3429  [Client 10] Round 3 | Hier-pFedMe(λ2=35.0,K=3) | loss=0.2133

  [Client 13] Round 3 | Hier-pFedMe(λ2=35.0,K=3) | loss=0.4659
  [Client 12] Round 3 | Hier-pFedMe(λ2=35.0,K=3) | loss=0.3375
  [Client 19] Round 3 | Hier-pFedMe(λ2=35.0,K=3) | loss=0.2681
  [Client 11] Round 3 | Hier-pFedMe(λ2=35.0,K=3) | loss=0.1979
  [Client 17] Round 3 | Hier-pFedMe(λ2=35.0,K=3) | loss=2.3820
  [Client 15] Round 3 | Hier-pFedMe(λ2=35.0,K=3) | loss=0.5098
  [Client 18] Round 3 | Hier-pFedMe(λ2=35.0,K=3) | loss=1.0279
  [Client 16] Round 3 | Hier-pFedMe(λ2=35.0,K=3) | loss=0.3490
  [Edge 1] G3 | E5 | loss=0.6094
  [Cloud] GM=0.1473 | EM=0.2657 | loss=2.2775 | time=29.8s | comm=4556.2MB (total=13669MB)

[Round   4] Broadcasting to 2 edges...
  [Edge 0] G4 | E1 | Hier-pFedMe | Selected 10/10
  [Client  5] Round 4 | Hier-pFedMe(λ2=35.0,K=3) | loss=0.3729
  [Client  7] Round 4 | Hier-pFedMe(λ2=35.0,K=3) | loss=0.2829  [Client  6] Round 4 | Hier-pFedMe(λ2=35.0,K=3) | loss=0.3776
  [Client  2] Round 4 | Hier-pFedMe(λ2=35.0,K=3) | loss=0.4717

  [Client  1] Round 4 | Hier-pFedMe(λ2=35.0,K=3) | loss=0.2834
  [Client  8] Round 4 | Hier-pFedMe(λ2=35.0,K=3) | loss=0.0152
  [Client  0] Round 4 | Hier-pFedMe(λ2=35.0,K=3) | loss=0.4053
  [Client  4] Round 4 | Hier-pFedMe(λ2=35.0,K=3) | loss=0.1780
  [Client  9] Round 4 | Hier-pFedMe(λ2=35.0,K=3) | loss=0.0132
  [Client  3] Round 4 | Hier-pFedMe(λ2=35.0,K=3) | loss=0.4630
  [Edge 0] G4 | E1 | loss=0.3165
  [Edge 0] G4 | E2 | Hier-pFedMe | Selected 10/10
  [Client  1] Round 4 | Hier-pFedMe(λ2=35.0,K=3) | loss=0.2720
  [Client  6] Round 4 | Hier-pFedMe(λ2=35.0,K=3) | loss=0.1841
  [Client  2] Round 4 | Hier-pFedMe(λ2=35.0,K=3) | loss=0.7755
  [Client  4] Round 4 | Hier-pFedMe(λ2=35.0,K=3) | loss=1.5171
  [Client  5] Round 4 | Hier-pFedMe(λ2=35.0,K=3) | loss=1.1463
  [Client  9] Round 4 | Hier-pFedMe(λ2=35.0,K=3) | loss=0.0157
  [Client  3] Round 4 | Hier-pFedMe(λ2=35.0,K=3) | loss=0.2735
  [Client  0] Round 4 | Hier-pFedMe(λ2=35.0,K=3) | loss=0.9110
  [Client  8] Round 4 | Hier-pFedMe(λ2=35.0,K=3) | loss=0.0092
  [Client  7] Round 4 | Hier-pFedMe(λ2=35.0,K=3) | loss=0.3662
  [Edge 0] G4 | E2 | loss=0.6065
  [Edge 0] G4 | E3 | Hier-pFedMe | Selected 10/10
  [Client  6] Round 4 | Hier-pFedMe(λ2=35.0,K=3) | loss=0.2008  [Client  8] Round 4 | Hier-pFedMe(λ2=35.0,K=3) | loss=0.0118

  [Client  2] Round 4 | Hier-pFedMe(λ2=35.0,K=3) | loss=0.4240
  [Client  3] Round 4 | Hier-pFedMe(λ2=35.0,K=3) | loss=0.2855
  [Client  7] Round 4 | Hier-pFedMe(λ2=35.0,K=3) | loss=0.2300
  [Client  0] Round 4 | Hier-pFedMe(λ2=35.0,K=3) | loss=0.3537
  [Client  1] Round 4 | Hier-pFedMe(λ2=35.0,K=3) | loss=0.2095
  [Client  9] Round 4 | Hier-pFedMe(λ2=35.0,K=3) | loss=0.0109
  [Client  5] Round 4 | Hier-pFedMe(λ2=35.0,K=3) | loss=0.4296
  [Client  4] Round 4 | Hier-pFedMe(λ2=35.0,K=3) | loss=0.7206
  [Edge 0] G4 | E3 | loss=0.3183
  [Edge 0] G4 | E4 | Hier-pFedMe | Selected 10/10
  [Client  7] Round 4 | Hier-pFedMe(λ2=35.0,K=3) | loss=0.1671
  [Client  4] Round 4 | Hier-pFedMe(λ2=35.0,K=3) | loss=0.3695
  [Client  2] Round 4 | Hier-pFedMe(λ2=35.0,K=3) | loss=0.1482  [Client  9] Round 4 | Hier-pFedMe(λ2=35.0,K=3) | loss=0.0085

  [Client  0] Round 4 | Hier-pFedMe(λ2=35.0,K=3) | loss=1.7886
  [Client  6] Round 4 | Hier-pFedMe(λ2=35.0,K=3) | loss=0.1910  [Client  1] Round 4 | Hier-pFedMe(λ2=35.0,K=3) | loss=0.2808

  [Client  3] Round 4 | Hier-pFedMe(λ2=35.0,K=3) | loss=0.3278
  [Client  8] Round 4 | Hier-pFedMe(λ2=35.0,K=3) | loss=0.0043
  [Client  5] Round 4 | Hier-pFedMe(λ2=35.0,K=3) | loss=0.1846
  [Edge 0] G4 | E4 | loss=0.3849
  [Edge 0] G4 | E5 | Hier-pFedMe | Selected 10/10
  [Client  2] Round 4 | Hier-pFedMe(λ2=35.0,K=3) | loss=0.5885  [Client  8] Round 4 | Hier-pFedMe(λ2=35.0,K=3) | loss=0.0084

  [Client  4] Round 4 | Hier-pFedMe(λ2=35.0,K=3) | loss=0.5136
  [Client  1] Round 4 | Hier-pFedMe(λ2=35.0,K=3) | loss=0.7674
  [Client  9] Round 4 | Hier-pFedMe(λ2=35.0,K=3) | loss=0.0087
  [Client  5] Round 4 | Hier-pFedMe(λ2=35.0,K=3) | loss=0.5039
  [Client  0] Round 4 | Hier-pFedMe(λ2=35.0,K=3) | loss=0.3245
  [Client  3] Round 4 | Hier-pFedMe(λ2=35.0,K=3) | loss=0.4242
  [Client  7] Round 4 | Hier-pFedMe(λ2=35.0,K=3) | loss=0.2269
  [Client  6] Round 4 | Hier-pFedMe(λ2=35.0,K=3) | loss=0.1498
  [Edge 0] G4 | E5 | loss=0.3897
  [Edge 1] G4 | E1 | Hier-pFedMe | Selected 10/10
  [Client 17] Round 4 | Hier-pFedMe(λ2=35.0,K=3) | loss=0.6393  [Client 10] Round 4 | Hier-pFedMe(λ2=35.0,K=3) | loss=0.2312

  [Client 13] Round 4 | Hier-pFedMe(λ2=35.0,K=3) | loss=0.3978
  [Client 14] Round 4 | Hier-pFedMe(λ2=35.0,K=3) | loss=0.9203
  [Client 12] Round 4 | Hier-pFedMe(λ2=35.0,K=3) | loss=0.3294
  [Client 18] Round 4 | Hier-pFedMe(λ2=35.0,K=3) | loss=0.3182
  [Client 11] Round 4 | Hier-pFedMe(λ2=35.0,K=3) | loss=0.3775
  [Client 19] Round 4 | Hier-pFedMe(λ2=35.0,K=3) | loss=0.4589
  [Client 16] Round 4 | Hier-pFedMe(λ2=35.0,K=3) | loss=0.2635
  [Client 15] Round 4 | Hier-pFedMe(λ2=35.0,K=3) | loss=0.2431
  [Edge 1] G4 | E1 | loss=0.4179
  [Edge 1] G4 | E2 | Hier-pFedMe | Selected 10/10
  [Client 17] Round 4 | Hier-pFedMe(λ2=35.0,K=3) | loss=3.6114
  [Client 16] Round 4 | Hier-pFedMe(λ2=35.0,K=3) | loss=0.2680
  [Client 10] Round 4 | Hier-pFedMe(λ2=35.0,K=3) | loss=0.2537
  [Client 11] Round 4 | Hier-pFedMe(λ2=35.0,K=3) | loss=0.9923
  [Client 19] Round 4 | Hier-pFedMe(λ2=35.0,K=3) | loss=0.2365  [Client 12] Round 4 | Hier-pFedMe(λ2=35.0,K=3) | loss=0.2616
  [Client 15] Round 4 | Hier-pFedMe(λ2=35.0,K=3) | loss=0.9057

  [Client 14] Round 4 | Hier-pFedMe(λ2=35.0,K=3) | loss=0.1936
  [Client 13] Round 4 | Hier-pFedMe(λ2=35.0,K=3) | loss=0.4193
  [Client 18] Round 4 | Hier-pFedMe(λ2=35.0,K=3) | loss=1.7327
  [Edge 1] G4 | E2 | loss=0.8875
  [Edge 1] G4 | E3 | Hier-pFedMe | Selected 10/10
  [Client 14] Round 4 | Hier-pFedMe(λ2=35.0,K=3) | loss=0.2105  [Client 10] Round 4 | Hier-pFedMe(λ2=35.0,K=3) | loss=0.3702

  [Client 12] Round 4 | Hier-pFedMe(λ2=35.0,K=3) | loss=0.1760
  [Client 18] Round 4 | Hier-pFedMe(λ2=35.0,K=3) | loss=0.9148
  [Client 16] Round 4 | Hier-pFedMe(λ2=35.0,K=3) | loss=0.2562
  [Client 17] Round 4 | Hier-pFedMe(λ2=35.0,K=3) | loss=0.4325
  [Client 19] Round 4 | Hier-pFedMe(λ2=35.0,K=3) | loss=0.2025
  [Client 11] Round 4 | Hier-pFedMe(λ2=35.0,K=3) | loss=0.3112
  [Client 15] Round 4 | Hier-pFedMe(λ2=35.0,K=3) | loss=0.3891
  [Client 13] Round 4 | Hier-pFedMe(λ2=35.0,K=3) | loss=0.3382
  [Edge 1] G4 | E3 | loss=0.3601
  [Edge 1] G4 | E4 | Hier-pFedMe | Selected 10/10
  [Client 14] Round 4 | Hier-pFedMe(λ2=35.0,K=3) | loss=0.3560
  [Client 10] Round 4 | Hier-pFedMe(λ2=35.0,K=3) | loss=0.1848
  [Client 17] Round 4 | Hier-pFedMe(λ2=35.0,K=3) | loss=4.7458
  [Client 19] Round 4 | Hier-pFedMe(λ2=35.0,K=3) | loss=0.1035
  [Client 16] Round 4 | Hier-pFedMe(λ2=35.0,K=3) | loss=0.3485
  [Client 18] Round 4 | Hier-pFedMe(λ2=35.0,K=3) | loss=2.1422
  [Client 11] Round 4 | Hier-pFedMe(λ2=35.0,K=3) | loss=0.4587  [Client 13] Round 4 | Hier-pFedMe(λ2=35.0,K=3) | loss=0.8762

  [Client 15] Round 4 | Hier-pFedMe(λ2=35.0,K=3) | loss=0.1624
  [Client 12] Round 4 | Hier-pFedMe(λ2=35.0,K=3) | loss=0.2758
  [Edge 1] G4 | E4 | loss=0.9654
  [Edge 1] G4 | E5 | Hier-pFedMe | Selected 10/10
  [Client 17] Round 4 | Hier-pFedMe(λ2=35.0,K=3) | loss=0.4875
  [Client 10] Round 4 | Hier-pFedMe(λ2=35.0,K=3) | loss=0.1503
  [Client 14] Round 4 | Hier-pFedMe(λ2=35.0,K=3) | loss=0.4924
  [Client 11] Round 4 | Hier-pFedMe(λ2=35.0,K=3) | loss=0.3494
  [Client 13] Round 4 | Hier-pFedMe(λ2=35.0,K=3) | loss=0.8252
  [Client 15] Round 4 | Hier-pFedMe(λ2=35.0,K=3) | loss=0.3884
  [Client 18] Round 4 | Hier-pFedMe(λ2=35.0,K=3) | loss=0.5356
  [Client 19] Round 4 | Hier-pFedMe(λ2=35.0,K=3) | loss=0.1815
  [Client 16] Round 4 | Hier-pFedMe(λ2=35.0,K=3) | loss=0.2864
  [Client 12] Round 4 | Hier-pFedMe(λ2=35.0,K=3) | loss=0.3046
  [Edge 1] G4 | E5 | loss=0.4001
  [Cloud] GM=0.1784 | EM=0.3228 | loss=2.2447 | time=29.5s | comm=4556.2MB (total=18225MB)

[Round   5] Broadcasting to 2 edges...
  [Edge 0] G5 | E1 | Hier-pFedMe | Selected 10/10
  [Client  2] Round 5 | Hier-pFedMe(λ2=35.0,K=3) | loss=0.2245
  [Client  1] Round 5 | Hier-pFedMe(λ2=35.0,K=3) | loss=0.2231
  [Client  8] Round 5 | Hier-pFedMe(λ2=35.0,K=3) | loss=0.0187
  [Client  0] Round 5 | Hier-pFedMe(λ2=35.0,K=3) | loss=2.8294
  [Client  7] Round 5 | Hier-pFedMe(λ2=35.0,K=3) | loss=0.2557
  [Client  9] Round 5 | Hier-pFedMe(λ2=35.0,K=3) | loss=0.0175
  [Client  6] Round 5 | Hier-pFedMe(λ2=35.0,K=3) | loss=0.3206
  [Client  4] Round 5 | Hier-pFedMe(λ2=35.0,K=3) | loss=0.7120
  [Client  3] Round 5 | Hier-pFedMe(λ2=35.0,K=3) | loss=0.4450
  [Client  5] Round 5 | Hier-pFedMe(λ2=35.0,K=3) | loss=1.6844
  [Edge 0] G5 | E1 | loss=0.7459
  [Edge 0] G5 | E2 | Hier-pFedMe | Selected 10/10
  [Client  9] Round 5 | Hier-pFedMe(λ2=35.0,K=3) | loss=0.0121  [Client  5] Round 5 | Hier-pFedMe(λ2=35.0,K=3) | loss=1.2304

  [Client  1] Round 5 | Hier-pFedMe(λ2=35.0,K=3) | loss=0.2235
  [Client  7] Round 5 | Hier-pFedMe(λ2=35.0,K=3) | loss=0.3333
  [Client  3] Round 5 | Hier-pFedMe(λ2=35.0,K=3) | loss=1.4903  [Client  0] Round 5 | Hier-pFedMe(λ2=35.0,K=3) | loss=0.4005

  [Client  2] Round 5 | Hier-pFedMe(λ2=35.0,K=3) | loss=0.2814
  [Client  8] Round 5 | Hier-pFedMe(λ2=35.0,K=3) | loss=0.0119
  [Client  4] Round 5 | Hier-pFedMe(λ2=35.0,K=3) | loss=0.3144  [Client  6] Round 5 | Hier-pFedMe(λ2=35.0,K=3) | loss=0.1954

  [Edge 0] G5 | E2 | loss=0.4979
  [Edge 0] G5 | E3 | Hier-pFedMe | Selected 10/10
  [Client  7] Round 5 | Hier-pFedMe(λ2=35.0,K=3) | loss=0.2616  [Client  9] Round 5 | Hier-pFedMe(λ2=35.0,K=3) | loss=0.0059

  [Client  8] Round 5 | Hier-pFedMe(λ2=35.0,K=3) | loss=0.0085
  [Client  0] Round 5 | Hier-pFedMe(λ2=35.0,K=3) | loss=3.6685
  [Client  4] Round 5 | Hier-pFedMe(λ2=35.0,K=3) | loss=0.1361
  [Client  5] Round 5 | Hier-pFedMe(λ2=35.0,K=3) | loss=0.2597
  [Client  6] Round 5 | Hier-pFedMe(λ2=35.0,K=3) | loss=0.1695
  [Client  1] Round 5 | Hier-pFedMe(λ2=35.0,K=3) | loss=0.2760
  [Client  3] Round 5 | Hier-pFedMe(λ2=35.0,K=3) | loss=0.3362
  [Client  2] Round 5 | Hier-pFedMe(λ2=35.0,K=3) | loss=0.2041
  [Edge 0] G5 | E3 | loss=0.5910
  [Edge 0] G5 | E4 | Hier-pFedMe | Selected 10/10
  [Client  8] Round 5 | Hier-pFedMe(λ2=35.0,K=3) | loss=0.0057  [Client  2] Round 5 | Hier-pFedMe(λ2=35.0,K=3) | loss=0.5875

  [Client  9] Round 5 | Hier-pFedMe(λ2=35.0,K=3) | loss=0.0062  [Client  4] Round 5 | Hier-pFedMe(λ2=35.0,K=3) | loss=0.2271

  [Client  0] Round 5 | Hier-pFedMe(λ2=35.0,K=3) | loss=0.4673
  [Client  6] Round 5 | Hier-pFedMe(λ2=35.0,K=3) | loss=0.3073
  [Client  1] Round 5 | Hier-pFedMe(λ2=35.0,K=3) | loss=0.2174  [Client  5] Round 5 | Hier-pFedMe(λ2=35.0,K=3) | loss=0.5473

  [Client  3] Round 5 | Hier-pFedMe(λ2=35.0,K=3) | loss=0.6818
  [Client  7] Round 5 | Hier-pFedMe(λ2=35.0,K=3) | loss=0.4230
  [Edge 0] G5 | E4 | loss=0.3850
  [Edge 0] G5 | E5 | Hier-pFedMe | Selected 10/10
  [Client  7] Round 5 | Hier-pFedMe(λ2=35.0,K=3) | loss=1.1024
  [Client  3] Round 5 | Hier-pFedMe(λ2=35.0,K=3) | loss=0.3139
  [Client  0] Round 5 | Hier-pFedMe(λ2=35.0,K=3) | loss=4.5112
  [Client  6] Round 5 | Hier-pFedMe(λ2=35.0,K=3) | loss=0.5321
  [Client  1] Round 5 | Hier-pFedMe(λ2=35.0,K=3) | loss=0.3107  [Client  5] Round 5 | Hier-pFedMe(λ2=35.0,K=3) | loss=0.4142
  [Client  2] Round 5 | Hier-pFedMe(λ2=35.0,K=3) | loss=0.5590

  [Client  8] Round 5 | Hier-pFedMe(λ2=35.0,K=3) | loss=0.0057
  [Client  9] Round 5 | Hier-pFedMe(λ2=35.0,K=3) | loss=0.0021
  [Client  4] Round 5 | Hier-pFedMe(λ2=35.0,K=3) | loss=0.1937
  [Edge 0] G5 | E5 | loss=0.8823
  [Edge 1] G5 | E1 | Hier-pFedMe | Selected 10/10
  [Client 10] Round 5 | Hier-pFedMe(λ2=35.0,K=3) | loss=0.1603
  [Client 12] Round 5 | Hier-pFedMe(λ2=35.0,K=3) | loss=0.2308
  [Client 16] Round 5 | Hier-pFedMe(λ2=35.0,K=3) | loss=0.1296
  [Client 18] Round 5 | Hier-pFedMe(λ2=35.0,K=3) | loss=3.0840
  [Client 13] Round 5 | Hier-pFedMe(λ2=35.0,K=3) | loss=0.9847  [Client 15] Round 5 | Hier-pFedMe(λ2=35.0,K=3) | loss=0.6819

  [Client 19] Round 5 | Hier-pFedMe(λ2=35.0,K=3) | loss=0.6680
  [Client 17] Round 5 | Hier-pFedMe(λ2=35.0,K=3) | loss=2.8466
  [Client 14] Round 5 | Hier-pFedMe(λ2=35.0,K=3) | loss=0.3138
  [Client 11] Round 5 | Hier-pFedMe(λ2=35.0,K=3) | loss=1.4061
  [Edge 1] G5 | E1 | loss=1.0506
  [Edge 1] G5 | E2 | Hier-pFedMe | Selected 10/10
  [Client 19] Round 5 | Hier-pFedMe(λ2=35.0,K=3) | loss=0.7467  [Client 12] Round 5 | Hier-pFedMe(λ2=35.0,K=3) | loss=0.2253

  [Client 10] Round 5 | Hier-pFedMe(λ2=35.0,K=3) | loss=0.1520
  [Client 15] Round 5 | Hier-pFedMe(λ2=35.0,K=3) | loss=0.3233
  [Client 14] Round 5 | Hier-pFedMe(λ2=35.0,K=3) | loss=0.7344
  [Client 13] Round 5 | Hier-pFedMe(λ2=35.0,K=3) | loss=2.1722
  [Client 16] Round 5 | Hier-pFedMe(λ2=35.0,K=3) | loss=0.2271
  [Client 11] Round 5 | Hier-pFedMe(λ2=35.0,K=3) | loss=0.2326
  [Client 17] Round 5 | Hier-pFedMe(λ2=35.0,K=3) | loss=0.6518
  [Client 18] Round 5 | Hier-pFedMe(λ2=35.0,K=3) | loss=0.4431
  [Edge 1] G5 | E2 | loss=0.5908
  [Edge 1] G5 | E3 | Hier-pFedMe | Selected 10/10
  [Client 16] Round 5 | Hier-pFedMe(λ2=35.0,K=3) | loss=0.4251
  [Client 14] Round 5 | Hier-pFedMe(λ2=35.0,K=3) | loss=0.4819  [Client 17] Round 5 | Hier-pFedMe(λ2=35.0,K=3) | loss=0.2971

  [Client 15] Round 5 | Hier-pFedMe(λ2=35.0,K=3) | loss=0.5824
  [Client 10] Round 5 | Hier-pFedMe(λ2=35.0,K=3) | loss=0.2281
  [Client 19] Round 5 | Hier-pFedMe(λ2=35.0,K=3) | loss=0.3691
  [Client 12] Round 5 | Hier-pFedMe(λ2=35.0,K=3) | loss=0.6874
  [Client 13] Round 5 | Hier-pFedMe(λ2=35.0,K=3) | loss=0.1922
  [Client 11] Round 5 | Hier-pFedMe(λ2=35.0,K=3) | loss=0.1894
  [Client 18] Round 5 | Hier-pFedMe(λ2=35.0,K=3) | loss=0.1690
  [Edge 1] G5 | E3 | loss=0.3622
  [Edge 1] G5 | E4 | Hier-pFedMe | Selected 10/10
  [Client 13] Round 5 | Hier-pFedMe(λ2=35.0,K=3) | loss=2.1715  [Client 12] Round 5 | Hier-pFedMe(λ2=35.0,K=3) | loss=0.3362

  [Client 11] Round 5 | Hier-pFedMe(λ2=35.0,K=3) | loss=0.2162
  [Client 10] Round 5 | Hier-pFedMe(λ2=35.0,K=3) | loss=0.5649
  [Client 16] Round 5 | Hier-pFedMe(λ2=35.0,K=3) | loss=0.1585  [Client 14] Round 5 | Hier-pFedMe(λ2=35.0,K=3) | loss=1.7065

  [Client 19] Round 5 | Hier-pFedMe(λ2=35.0,K=3) | loss=0.1737
  [Client 15] Round 5 | Hier-pFedMe(λ2=35.0,K=3) | loss=0.5724
  [Client 18] Round 5 | Hier-pFedMe(λ2=35.0,K=3) | loss=0.2569
  [Client 17] Round 5 | Hier-pFedMe(λ2=35.0,K=3) | loss=0.3855
  [Edge 1] G5 | E4 | loss=0.6542
  [Edge 1] G5 | E5 | Hier-pFedMe | Selected 10/10
  [Client 13] Round 5 | Hier-pFedMe(λ2=35.0,K=3) | loss=0.4034
  [Client 16] Round 5 | Hier-pFedMe(λ2=35.0,K=3) | loss=0.1571  [Client 12] Round 5 | Hier-pFedMe(λ2=35.0,K=3) | loss=0.1035

  [Client 17] Round 5 | Hier-pFedMe(λ2=35.0,K=3) | loss=0.6983
  [Client 19] Round 5 | Hier-pFedMe(λ2=35.0,K=3) | loss=0.1995
  [Client 10] Round 5 | Hier-pFedMe(λ2=35.0,K=3) | loss=0.5078
  [Client 14] Round 5 | Hier-pFedMe(λ2=35.0,K=3) | loss=0.5308
  [Client 18] Round 5 | Hier-pFedMe(λ2=35.0,K=3) | loss=0.9024
  [Client 11] Round 5 | Hier-pFedMe(λ2=35.0,K=3) | loss=0.2642
  [Client 15] Round 5 | Hier-pFedMe(λ2=35.0,K=3) | loss=0.2306
  [Edge 1] G5 | E5 | loss=0.3998
  [Cloud] GM=0.1953 | EM=0.3254 PM=0.6245 | loss=2.2099 | time=40.0s | comm=4556.2MB (total=22781MB)

[Round   6] Broadcasting to 2 edges...
  [Edge 0] G6 | E1 | Hier-pFedMe | Selected 10/10
  [Client  3] Round 6 | Hier-pFedMe(λ2=35.0,K=3) | loss=0.3685
  [Client  5] Round 6 | Hier-pFedMe(λ2=35.0,K=3) | loss=1.0019
  [Client  9] Round 6 | Hier-pFedMe(λ2=35.0,K=3) | loss=0.0089
  [Client  4] Round 6 | Hier-pFedMe(λ2=35.0,K=3) | loss=0.4734
  [Client  6] Round 6 | Hier-pFedMe(λ2=35.0,K=3) | loss=0.9873  [Client  2] Round 6 | Hier-pFedMe(λ2=35.0,K=3) | loss=0.3958

  [Client  7] Round 6 | Hier-pFedMe(λ2=35.0,K=3) | loss=0.8033
  [Client  0] Round 6 | Hier-pFedMe(λ2=35.0,K=3) | loss=0.4952
  [Client  8] Round 6 | Hier-pFedMe(λ2=35.0,K=3) | loss=0.0142  [Client  1] Round 6 | Hier-pFedMe(λ2=35.0,K=3) | loss=0.2633

  [Edge 0] G6 | E1 | loss=0.5334
  [Edge 0] G6 | E2 | Hier-pFedMe | Selected 10/10
  [Client  0] Round 6 | Hier-pFedMe(λ2=35.0,K=3) | loss=4.8710
  [Client  8] Round 6 | Hier-pFedMe(λ2=35.0,K=3) | loss=0.0057
  [Client  7] Round 6 | Hier-pFedMe(λ2=35.0,K=3) | loss=0.1853  [Client  4] Round 6 | Hier-pFedMe(λ2=35.0,K=3) | loss=0.7424

  [Client  6] Round 6 | Hier-pFedMe(λ2=35.0,K=3) | loss=0.2929
  [Client  2] Round 6 | Hier-pFedMe(λ2=35.0,K=3) | loss=0.1700
  [Client  1] Round 6 | Hier-pFedMe(λ2=35.0,K=3) | loss=0.2129
  [Client  3] Round 6 | Hier-pFedMe(λ2=35.0,K=3) | loss=0.4809
  [Client  9] Round 6 | Hier-pFedMe(λ2=35.0,K=3) | loss=0.0084
  [Client  5] Round 6 | Hier-pFedMe(λ2=35.0,K=3) | loss=0.1383
  [Edge 0] G6 | E2 | loss=0.7890
  [Edge 0] G6 | E3 | Hier-pFedMe | Selected 10/10
  [Client  5] Round 6 | Hier-pFedMe(λ2=35.0,K=3) | loss=0.1330
  [Client  0] Round 6 | Hier-pFedMe(λ2=35.0,K=3) | loss=0.4145  [Client  8] Round 6 | Hier-pFedMe(λ2=35.0,K=3) | loss=0.0111

  [Client  2] Round 6 | Hier-pFedMe(λ2=35.0,K=3) | loss=1.0114
  [Client  9] Round 6 | Hier-pFedMe(λ2=35.0,K=3) | loss=0.0102  [Client  1] Round 6 | Hier-pFedMe(λ2=35.0,K=3) | loss=0.3387

  [Client  4] Round 6 | Hier-pFedMe(λ2=35.0,K=3) | loss=0.3560
  [Client  3] Round 6 | Hier-pFedMe(λ2=35.0,K=3) | loss=1.6666
  [Client  7] Round 6 | Hier-pFedMe(λ2=35.0,K=3) | loss=0.1932
  [Client  6] Round 6 | Hier-pFedMe(λ2=35.0,K=3) | loss=0.4768
  [Edge 0] G6 | E3 | loss=0.5112
  [Edge 0] G6 | E4 | Hier-pFedMe | Selected 10/10
  [Client  6] Round 6 | Hier-pFedMe(λ2=35.0,K=3) | loss=0.4674
  [Client  0] Round 6 | Hier-pFedMe(λ2=35.0,K=3) | loss=5.1507
  [Client  8] Round 6 | Hier-pFedMe(λ2=35.0,K=3) | loss=0.0034
  [Client  2] Round 6 | Hier-pFedMe(λ2=35.0,K=3) | loss=0.5626
  [Client  1] Round 6 | Hier-pFedMe(λ2=35.0,K=3) | loss=0.1626
  [Client  3] Round 6 | Hier-pFedMe(λ2=35.0,K=3) | loss=1.2560
  [Client  4] Round 6 | Hier-pFedMe(λ2=35.0,K=3) | loss=0.3533
  [Client  5] Round 6 | Hier-pFedMe(λ2=35.0,K=3) | loss=0.7160
  [Client  7] Round 6 | Hier-pFedMe(λ2=35.0,K=3) | loss=0.2503
  [Client  9] Round 6 | Hier-pFedMe(λ2=35.0,K=3) | loss=0.0084
  [Edge 0] G6 | E4 | loss=0.9916
  [Edge 0] G6 | E5 | Hier-pFedMe | Selected 10/10
  [Client  1] Round 6 | Hier-pFedMe(λ2=35.0,K=3) | loss=0.3262
  [Client  9] Round 6 | Hier-pFedMe(λ2=35.0,K=3) | loss=0.0076
  [Client  5] Round 6 | Hier-pFedMe(λ2=35.0,K=3) | loss=0.4401
  [Client  3] Round 6 | Hier-pFedMe(λ2=35.0,K=3) | loss=3.1937
  [Client  2] Round 6 | Hier-pFedMe(λ2=35.0,K=3) | loss=1.5664
  [Client  6] Round 6 | Hier-pFedMe(λ2=35.0,K=3) | loss=0.1975
  [Client  7] Round 6 | Hier-pFedMe(λ2=35.0,K=3) | loss=0.3892
  [Client  4] Round 6 | Hier-pFedMe(λ2=35.0,K=3) | loss=0.1776
  [Client  0] Round 6 | Hier-pFedMe(λ2=35.0,K=3) | loss=0.3199
  [Client  8] Round 6 | Hier-pFedMe(λ2=35.0,K=3) | loss=0.0126
  [Edge 0] G6 | E5 | loss=0.7356
  [Edge 1] G6 | E1 | Hier-pFedMe | Selected 10/10
  [Client 13] Round 6 | Hier-pFedMe(λ2=35.0,K=3) | loss=3.2946
  [Client 14] Round 6 | Hier-pFedMe(λ2=35.0,K=3) | loss=0.0816  [Client 19] Round 6 | Hier-pFedMe(λ2=35.0,K=3) | loss=0.1789

  [Client 18] Round 6 | Hier-pFedMe(λ2=35.0,K=3) | loss=0.4320
  [Client 16] Round 6 | Hier-pFedMe(λ2=35.0,K=3) | loss=0.4054
  [Client 15] Round 6 | Hier-pFedMe(λ2=35.0,K=3) | loss=0.4657
  [Client 12] Round 6 | Hier-pFedMe(λ2=35.0,K=3) | loss=0.1883
  [Client 11] Round 6 | Hier-pFedMe(λ2=35.0,K=3) | loss=0.1975
  [Client 10] Round 6 | Hier-pFedMe(λ2=35.0,K=3) | loss=0.2063
  [Client 17] Round 6 | Hier-pFedMe(λ2=35.0,K=3) | loss=0.6915
  [Edge 1] G6 | E1 | loss=0.6142
  [Edge 1] G6 | E2 | Hier-pFedMe | Selected 10/10
  [Client 18] Round 6 | Hier-pFedMe(λ2=35.0,K=3) | loss=0.3884  [Client 19] Round 6 | Hier-pFedMe(λ2=35.0,K=3) | loss=0.8014

  [Client 10] Round 6 | Hier-pFedMe(λ2=35.0,K=3) | loss=0.5521  [Client 13] Round 6 | Hier-pFedMe(λ2=35.0,K=3) | loss=0.3778

  [Client 17] Round 6 | Hier-pFedMe(λ2=35.0,K=3) | loss=0.2703
  [Client 15] Round 6 | Hier-pFedMe(λ2=35.0,K=3) | loss=0.4237
  [Client 12] Round 6 | Hier-pFedMe(λ2=35.0,K=3) | loss=0.2113
  [Client 11] Round 6 | Hier-pFedMe(λ2=35.0,K=3) | loss=0.2364
  [Client 16] Round 6 | Hier-pFedMe(λ2=35.0,K=3) | loss=0.1574
  [Client 14] Round 6 | Hier-pFedMe(λ2=35.0,K=3) | loss=0.2248
  [Edge 1] G6 | E2 | loss=0.3644
  [Edge 1] G6 | E3 | Hier-pFedMe | Selected 10/10
  [Client 13] Round 6 | Hier-pFedMe(λ2=35.0,K=3) | loss=2.1300
  [Client 18] Round 6 | Hier-pFedMe(λ2=35.0,K=3) | loss=0.4817  [Client 10] Round 6 | Hier-pFedMe(λ2=35.0,K=3) | loss=0.5577

  [Client 16] Round 6 | Hier-pFedMe(λ2=35.0,K=3) | loss=0.3135
  [Client 17] Round 6 | Hier-pFedMe(λ2=35.0,K=3) | loss=0.5217  [Client 14] Round 6 | Hier-pFedMe(λ2=35.0,K=3) | loss=0.2425

  [Client 11] Round 6 | Hier-pFedMe(λ2=35.0,K=3) | loss=0.2473
  [Client 12] Round 6 | Hier-pFedMe(λ2=35.0,K=3) | loss=0.1591
  [Client 15] Round 6 | Hier-pFedMe(λ2=35.0,K=3) | loss=1.5320
  [Client 19] Round 6 | Hier-pFedMe(λ2=35.0,K=3) | loss=0.4436
  [Edge 1] G6 | E3 | loss=0.6629
  [Edge 1] G6 | E4 | Hier-pFedMe | Selected 10/10
  [Client 17] Round 6 | Hier-pFedMe(λ2=35.0,K=3) | loss=0.4366
  [Client 15] Round 6 | Hier-pFedMe(λ2=35.0,K=3) | loss=0.7796
  [Client 10] Round 6 | Hier-pFedMe(λ2=35.0,K=3) | loss=0.4443
  [Client 19] Round 6 | Hier-pFedMe(λ2=35.0,K=3) | loss=1.0169
  [Client 14] Round 6 | Hier-pFedMe(λ2=35.0,K=3) | loss=0.1824  [Client 12] Round 6 | Hier-pFedMe(λ2=35.0,K=3) | loss=0.1552

  [Client 18] Round 6 | Hier-pFedMe(λ2=35.0,K=3) | loss=0.6700
  [Client 16] Round 6 | Hier-pFedMe(λ2=35.0,K=3) | loss=0.1465
  [Client 11] Round 6 | Hier-pFedMe(λ2=35.0,K=3) | loss=0.0905
  [Client 13] Round 6 | Hier-pFedMe(λ2=35.0,K=3) | loss=0.4537
  [Edge 1] G6 | E4 | loss=0.4376
  [Edge 1] G6 | E5 | Hier-pFedMe | Selected 10/10
  [Client 18] Round 6 | Hier-pFedMe(λ2=35.0,K=3) | loss=0.4332
  [Client 11] Round 6 | Hier-pFedMe(λ2=35.0,K=3) | loss=0.1104
  [Client 12] Round 6 | Hier-pFedMe(λ2=35.0,K=3) | loss=0.2408
  [Client 17] Round 6 | Hier-pFedMe(λ2=35.0,K=3) | loss=0.2998
  [Client 19] Round 6 | Hier-pFedMe(λ2=35.0,K=3) | loss=0.2573
  [Client 14] Round 6 | Hier-pFedMe(λ2=35.0,K=3) | loss=0.3964
  [Client 16] Round 6 | Hier-pFedMe(λ2=35.0,K=3) | loss=0.5452
  [Client 15] Round 6 | Hier-pFedMe(λ2=35.0,K=3) | loss=0.3575
  [Client 10] Round 6 | Hier-pFedMe(λ2=35.0,K=3) | loss=1.3161
  [Client 13] Round 6 | Hier-pFedMe(λ2=35.0,K=3) | loss=4.0121
  [Edge 1] G6 | E5 | loss=0.7969
  [Cloud] GM=0.2108 | EM=0.3514 | loss=2.1883 | time=29.3s | comm=4556.2MB (total=27337MB)

[Round   7] Broadcasting to 2 edges...
  [Edge 0] G7 | E1 | Hier-pFedMe | Selected 10/10
  [Client  3] Round 7 | Hier-pFedMe(λ2=35.0,K=3) | loss=0.5782
  [Client  7] Round 7 | Hier-pFedMe(λ2=35.0,K=3) | loss=0.5648  [Client  5] Round 7 | Hier-pFedMe(λ2=35.0,K=3) | loss=1.6335

  [Client  1] Round 7 | Hier-pFedMe(λ2=35.0,K=3) | loss=0.1940
  [Client  9] Round 7 | Hier-pFedMe(λ2=35.0,K=3) | loss=0.0204
  [Client  6] Round 7 | Hier-pFedMe(λ2=35.0,K=3) | loss=0.2284  [Client  0] Round 7 | Hier-pFedMe(λ2=35.0,K=3) | loss=4.9719

  [Client  8] Round 7 | Hier-pFedMe(λ2=35.0,K=3) | loss=0.0106
  [Client  4] Round 7 | Hier-pFedMe(λ2=35.0,K=3) | loss=0.2023
  [Client  2] Round 7 | Hier-pFedMe(λ2=35.0,K=3) | loss=0.4196
  [Edge 0] G7 | E1 | loss=0.9787
  [Edge 0] G7 | E2 | Hier-pFedMe | Selected 10/10
  [Client  5] Round 7 | Hier-pFedMe(λ2=35.0,K=3) | loss=0.4428
  [Client  1] Round 7 | Hier-pFedMe(λ2=35.0,K=3) | loss=0.2306
  [Client  3] Round 7 | Hier-pFedMe(λ2=35.0,K=3) | loss=4.1228
  [Client  8] Round 7 | Hier-pFedMe(λ2=35.0,K=3) | loss=0.0131
  [Client  0] Round 7 | Hier-pFedMe(λ2=35.0,K=3) | loss=0.4889
  [Client  4] Round 7 | Hier-pFedMe(λ2=35.0,K=3) | loss=0.1047
  [Client  6] Round 7 | Hier-pFedMe(λ2=35.0,K=3) | loss=0.1463
  [Client  2] Round 7 | Hier-pFedMe(λ2=35.0,K=3) | loss=1.2323
  [Client  7] Round 7 | Hier-pFedMe(λ2=35.0,K=3) | loss=0.2012
  [Client  9] Round 7 | Hier-pFedMe(λ2=35.0,K=3) | loss=0.0053
  [Edge 0] G7 | E2 | loss=0.7754
  [Edge 0] G7 | E3 | Hier-pFedMe | Selected 10/10
  [Client  7] Round 7 | Hier-pFedMe(λ2=35.0,K=3) | loss=0.7124
  [Client  8] Round 7 | Hier-pFedMe(λ2=35.0,K=3) | loss=0.0041
  [Client  9] Round 7 | Hier-pFedMe(λ2=35.0,K=3) | loss=0.0075
  [Client  1] Round 7 | Hier-pFedMe(λ2=35.0,K=3) | loss=0.1719
  [Client  2] Round 7 | Hier-pFedMe(λ2=35.0,K=3) | loss=0.5159
  [Client  5] Round 7 | Hier-pFedMe(λ2=35.0,K=3) | loss=2.5653
  [Client  3] Round 7 | Hier-pFedMe(λ2=35.0,K=3) | loss=0.5303
  [Client  0] Round 7 | Hier-pFedMe(λ2=35.0,K=3) | loss=0.1696
  [Client  6] Round 7 | Hier-pFedMe(λ2=35.0,K=3) | loss=0.1358
  [Client  4] Round 7 | Hier-pFedMe(λ2=35.0,K=3) | loss=0.2924
  [Edge 0] G7 | E3 | loss=0.5666
  [Edge 0] G7 | E4 | Hier-pFedMe | Selected 10/10
  [Client  0] Round 7 | Hier-pFedMe(λ2=35.0,K=3) | loss=0.4107
  [Client  8] Round 7 | Hier-pFedMe(λ2=35.0,K=3) | loss=0.0145
  [Client  2] Round 7 | Hier-pFedMe(λ2=35.0,K=3) | loss=2.1032
  [Client  6] Round 7 | Hier-pFedMe(λ2=35.0,K=3) | loss=0.1570
  [Client  4] Round 7 | Hier-pFedMe(λ2=35.0,K=3) | loss=0.1501
  [Client  1] Round 7 | Hier-pFedMe(λ2=35.0,K=3) | loss=0.1574
  [Client  9] Round 7 | Hier-pFedMe(λ2=35.0,K=3) | loss=0.0063
  [Client  5] Round 7 | Hier-pFedMe(λ2=35.0,K=3) | loss=0.2755
  [Client  3] Round 7 | Hier-pFedMe(λ2=35.0,K=3) | loss=1.0367
  [Client  7] Round 7 | Hier-pFedMe(λ2=35.0,K=3) | loss=0.5690
  [Edge 0] G7 | E4 | loss=0.5411
  [Edge 0] G7 | E5 | Hier-pFedMe | Selected 10/10
  [Client  0] Round 7 | Hier-pFedMe(λ2=35.0,K=3) | loss=1.5981
  [Client  1] Round 7 | Hier-pFedMe(λ2=35.0,K=3) | loss=0.1382  [Client  6] Round 7 | Hier-pFedMe(λ2=35.0,K=3) | loss=0.1472

  [Client  5] Round 7 | Hier-pFedMe(λ2=35.0,K=3) | loss=4.0958
  [Client  8] Round 7 | Hier-pFedMe(λ2=35.0,K=3) | loss=0.0060
  [Client  9] Round 7 | Hier-pFedMe(λ2=35.0,K=3) | loss=0.0089
  [Client  2] Round 7 | Hier-pFedMe(λ2=35.0,K=3) | loss=0.3334
  [Client  7] Round 7 | Hier-pFedMe(λ2=35.0,K=3) | loss=0.6794
  [Client  3] Round 7 | Hier-pFedMe(λ2=35.0,K=3) | loss=0.4500
  [Client  4] Round 7 | Hier-pFedMe(λ2=35.0,K=3) | loss=0.2601
  [Edge 0] G7 | E5 | loss=0.8566
  [Edge 1] G7 | E1 | Hier-pFedMe | Selected 10/10
  [Client 11] Round 7 | Hier-pFedMe(λ2=35.0,K=3) | loss=0.2682
  [Client 16] Round 7 | Hier-pFedMe(λ2=35.0,K=3) | loss=0.3441
  [Client 19] Round 7 | Hier-pFedMe(λ2=35.0,K=3) | loss=0.0898
  [Client 15] Round 7 | Hier-pFedMe(λ2=35.0,K=3) | loss=0.2556
  [Client 18] Round 7 | Hier-pFedMe(λ2=35.0,K=3) | loss=2.0883
  [Client 13] Round 7 | Hier-pFedMe(λ2=35.0,K=3) | loss=0.5020
  [Client 12] Round 7 | Hier-pFedMe(λ2=35.0,K=3) | loss=0.1303
  [Client 14] Round 7 | Hier-pFedMe(λ2=35.0,K=3) | loss=0.6662
  [Client 10] Round 7 | Hier-pFedMe(λ2=35.0,K=3) | loss=0.4310
  [Client 17] Round 7 | Hier-pFedMe(λ2=35.0,K=3) | loss=0.1824
  [Edge 1] G7 | E1 | loss=0.4958
  [Edge 1] G7 | E2 | Hier-pFedMe | Selected 10/10
  [Client 17] Round 7 | Hier-pFedMe(λ2=35.0,K=3) | loss=0.2187
  [Client 11] Round 7 | Hier-pFedMe(λ2=35.0,K=3) | loss=0.1182
  [Client 14] Round 7 | Hier-pFedMe(λ2=35.0,K=3) | loss=0.1282  [Client 10] Round 7 | Hier-pFedMe(λ2=35.0,K=3) | loss=0.2885

  [Client 15] Round 7 | Hier-pFedMe(λ2=35.0,K=3) | loss=0.1055
  [Client 16] Round 7 | Hier-pFedMe(λ2=35.0,K=3) | loss=0.2655
  [Client 13] Round 7 | Hier-pFedMe(λ2=35.0,K=3) | loss=3.7641
  [Client 18] Round 7 | Hier-pFedMe(λ2=35.0,K=3) | loss=0.4199
  [Client 12] Round 7 | Hier-pFedMe(λ2=35.0,K=3) | loss=0.2187
  [Client 19] Round 7 | Hier-pFedMe(λ2=35.0,K=3) | loss=0.1527
  [Edge 1] G7 | E2 | loss=0.5680
  [Edge 1] G7 | E3 | Hier-pFedMe | Selected 10/10
  [Client 19] Round 7 | Hier-pFedMe(λ2=35.0,K=3) | loss=0.1233  [Client 17] Round 7 | Hier-pFedMe(λ2=35.0,K=3) | loss=0.4415

  [Client 16] Round 7 | Hier-pFedMe(λ2=35.0,K=3) | loss=0.1661
  [Client 15] Round 7 | Hier-pFedMe(λ2=35.0,K=3) | loss=0.1706
  [Client 12] Round 7 | Hier-pFedMe(λ2=35.0,K=3) | loss=0.0906
  [Client 14] Round 7 | Hier-pFedMe(λ2=35.0,K=3) | loss=0.2083
  [Client 18] Round 7 | Hier-pFedMe(λ2=35.0,K=3) | loss=1.9990
  [Client 11] Round 7 | Hier-pFedMe(λ2=35.0,K=3) | loss=0.1121
  [Client 13] Round 7 | Hier-pFedMe(λ2=35.0,K=3) | loss=0.4992
  [Client 10] Round 7 | Hier-pFedMe(λ2=35.0,K=3) | loss=0.7865
  [Edge 1] G7 | E3 | loss=0.4597
  [Edge 1] G7 | E4 | Hier-pFedMe | Selected 10/10
  [Client 17] Round 7 | Hier-pFedMe(λ2=35.0,K=3) | loss=0.1834
  [Client 14] Round 7 | Hier-pFedMe(λ2=35.0,K=3) | loss=0.4904
  [Client 10] Round 7 | Hier-pFedMe(λ2=35.0,K=3) | loss=0.2364
  [Client 13] Round 7 | Hier-pFedMe(λ2=35.0,K=3) | loss=4.5924
  [Client 15] Round 7 | Hier-pFedMe(λ2=35.0,K=3) | loss=0.1517
  [Client 18] Round 7 | Hier-pFedMe(λ2=35.0,K=3) | loss=0.2749
  [Client 11] Round 7 | Hier-pFedMe(λ2=35.0,K=3) | loss=0.1995
  [Client 19] Round 7 | Hier-pFedMe(λ2=35.0,K=3) | loss=0.1781
  [Client 16] Round 7 | Hier-pFedMe(λ2=35.0,K=3) | loss=0.1734
  [Client 12] Round 7 | Hier-pFedMe(λ2=35.0,K=3) | loss=0.2039
  [Edge 1] G7 | E4 | loss=0.6684
  [Edge 1] G7 | E5 | Hier-pFedMe | Selected 10/10
  [Client 18] Round 7 | Hier-pFedMe(λ2=35.0,K=3) | loss=1.7001  [Client 10] Round 7 | Hier-pFedMe(λ2=35.0,K=3) | loss=0.2183

  [Client 14] Round 7 | Hier-pFedMe(λ2=35.0,K=3) | loss=0.1717
  [Client 11] Round 7 | Hier-pFedMe(λ2=35.0,K=3) | loss=0.1750
  [Client 12] Round 7 | Hier-pFedMe(λ2=35.0,K=3) | loss=0.1674
  [Client 17] Round 7 | Hier-pFedMe(λ2=35.0,K=3) | loss=0.3412
  [Client 19] Round 7 | Hier-pFedMe(λ2=35.0,K=3) | loss=0.1675
  [Client 13] Round 7 | Hier-pFedMe(λ2=35.0,K=3) | loss=0.6123
  [Client 16] Round 7 | Hier-pFedMe(λ2=35.0,K=3) | loss=0.2342  [Client 15] Round 7 | Hier-pFedMe(λ2=35.0,K=3) | loss=0.4700

  [Edge 1] G7 | E5 | loss=0.4258
  [Cloud] GM=0.2211 | EM=0.3726 | loss=2.1567 | time=29.2s | comm=4556.2MB (total=31893MB)

[Round   8] Broadcasting to 2 edges...
  [Edge 0] G8 | E1 | Hier-pFedMe | Selected 10/10
  [Client  5] Round 8 | Hier-pFedMe(λ2=35.0,K=3) | loss=0.4660  [Client  1] Round 8 | Hier-pFedMe(λ2=35.0,K=3) | loss=0.1341

  [Client  6] Round 8 | Hier-pFedMe(λ2=35.0,K=3) | loss=0.1979
  [Client  7] Round 8 | Hier-pFedMe(λ2=35.0,K=3) | loss=0.4114
  [Client  3] Round 8 | Hier-pFedMe(λ2=35.0,K=3) | loss=0.6207  [Client  0] Round 8 | Hier-pFedMe(λ2=35.0,K=3) | loss=0.4601
  [Client  8] Round 8 | Hier-pFedMe(λ2=35.0,K=3) | loss=0.0159

  [Client  4] Round 8 | Hier-pFedMe(λ2=35.0,K=3) | loss=1.1129
  [Client  9] Round 8 | Hier-pFedMe(λ2=35.0,K=3) | loss=0.0093  [Client  2] Round 8 | Hier-pFedMe(λ2=35.0,K=3) | loss=2.4673

  [Edge 0] G8 | E1 | loss=0.6537
  [Edge 0] G8 | E2 | Hier-pFedMe | Selected 10/10
  [Client  6] Round 8 | Hier-pFedMe(λ2=35.0,K=3) | loss=0.2045
  [Client  0] Round 8 | Hier-pFedMe(λ2=35.0,K=3) | loss=1.0828
  [Client  1] Round 8 | Hier-pFedMe(λ2=35.0,K=3) | loss=0.1605
  [Client  5] Round 8 | Hier-pFedMe(λ2=35.0,K=3) | loss=4.7277
  [Client  4] Round 8 | Hier-pFedMe(λ2=35.0,K=3) | loss=0.2622  [Client  7] Round 8 | Hier-pFedMe(λ2=35.0,K=3) | loss=1.1932

  [Client  8] Round 8 | Hier-pFedMe(λ2=35.0,K=3) | loss=0.0109
  [Client  2] Round 8 | Hier-pFedMe(λ2=35.0,K=3) | loss=0.5049
  [Client  3] Round 8 | Hier-pFedMe(λ2=35.0,K=3) | loss=0.3850
  [Client  9] Round 8 | Hier-pFedMe(λ2=35.0,K=3) | loss=0.0097
  [Edge 0] G8 | E2 | loss=0.9479
  [Edge 0] G8 | E3 | Hier-pFedMe | Selected 10/10
  [Client  0] Round 8 | Hier-pFedMe(λ2=35.0,K=3) | loss=0.2680  [Client  5] Round 8 | Hier-pFedMe(λ2=35.0,K=3) | loss=0.6438
  [Client  6] Round 8 | Hier-pFedMe(λ2=35.0,K=3) | loss=0.1226

  [Client  4] Round 8 | Hier-pFedMe(λ2=35.0,K=3) | loss=0.3725
  [Client  3] Round 8 | Hier-pFedMe(λ2=35.0,K=3) | loss=0.4048
  [Client  8] Round 8 | Hier-pFedMe(λ2=35.0,K=3) | loss=0.0117
  [Client  1] Round 8 | Hier-pFedMe(λ2=35.0,K=3) | loss=0.1619
  [Client  9] Round 8 | Hier-pFedMe(λ2=35.0,K=3) | loss=0.0152
  [Client  2] Round 8 | Hier-pFedMe(λ2=35.0,K=3) | loss=2.8262  [Client  7] Round 8 | Hier-pFedMe(λ2=35.0,K=3) | loss=0.3356

  [Edge 0] G8 | E3 | loss=0.5721
  [Edge 0] G8 | E4 | Hier-pFedMe | Selected 10/10
  [Client  1] Round 8 | Hier-pFedMe(λ2=35.0,K=3) | loss=0.1530  [Client  4] Round 8 | Hier-pFedMe(λ2=35.0,K=3) | loss=0.1166

  [Client  6] Round 8 | Hier-pFedMe(λ2=35.0,K=3) | loss=0.4219
  [Client  5] Round 8 | Hier-pFedMe(λ2=35.0,K=3) | loss=1.9155
  [Client  9] Round 8 | Hier-pFedMe(λ2=35.0,K=3) | loss=0.0114
  [Client  8] Round 8 | Hier-pFedMe(λ2=35.0,K=3) | loss=0.0091
  [Client  7] Round 8 | Hier-pFedMe(λ2=35.0,K=3) | loss=0.6899
  [Client  0] Round 8 | Hier-pFedMe(λ2=35.0,K=3) | loss=0.1845
  [Client  2] Round 8 | Hier-pFedMe(λ2=35.0,K=3) | loss=0.4478  [Client  3] Round 8 | Hier-pFedMe(λ2=35.0,K=3) | loss=0.2020

  [Edge 0] G8 | E4 | loss=0.4601
  [Edge 0] G8 | E5 | Hier-pFedMe | Selected 10/10
  [Client  4] Round 8 | Hier-pFedMe(λ2=35.0,K=3) | loss=0.4931  [Client  5] Round 8 | Hier-pFedMe(λ2=35.0,K=3) | loss=0.3236

  [Client  8] Round 8 | Hier-pFedMe(λ2=35.0,K=3) | loss=0.0217
  [Client  1] Round 8 | Hier-pFedMe(λ2=35.0,K=3) | loss=0.2577
  [Client  7] Round 8 | Hier-pFedMe(λ2=35.0,K=3) | loss=0.2275
  [Client  9] Round 8 | Hier-pFedMe(λ2=35.0,K=3) | loss=0.0133
  [Client  3] Round 8 | Hier-pFedMe(λ2=35.0,K=3) | loss=0.1335
  [Client  6] Round 8 | Hier-pFedMe(λ2=35.0,K=3) | loss=0.3759
  [Client  0] Round 8 | Hier-pFedMe(λ2=35.0,K=3) | loss=0.1392
  [Client  2] Round 8 | Hier-pFedMe(λ2=35.0,K=3) | loss=1.2789
  [Edge 0] G8 | E5 | loss=0.3608
  [Edge 1] G8 | E1 | Hier-pFedMe | Selected 10/10
  [Client 17] Round 8 | Hier-pFedMe(λ2=35.0,K=3) | loss=0.4236
  [Client 19] Round 8 | Hier-pFedMe(λ2=35.0,K=3) | loss=0.3672
  [Client 16] Round 8 | Hier-pFedMe(λ2=35.0,K=3) | loss=0.1475  [Client 14] Round 8 | Hier-pFedMe(λ2=35.0,K=3) | loss=0.5321

  [Client 11] Round 8 | Hier-pFedMe(λ2=35.0,K=3) | loss=0.4391  [Client 15] Round 8 | Hier-pFedMe(λ2=35.0,K=3) | loss=0.6182

  [Client 18] Round 8 | Hier-pFedMe(λ2=35.0,K=3) | loss=0.2860
  [Client 13] Round 8 | Hier-pFedMe(λ2=35.0,K=3) | loss=4.8266
  [Client 10] Round 8 | Hier-pFedMe(λ2=35.0,K=3) | loss=0.1418
  [Client 12] Round 8 | Hier-pFedMe(λ2=35.0,K=3) | loss=0.5769
  [Edge 1] G8 | E1 | loss=0.8359
  [Edge 1] G8 | E2 | Hier-pFedMe | Selected 10/10
  [Client 17] Round 8 | Hier-pFedMe(λ2=35.0,K=3) | loss=0.4057
  [Client 15] Round 8 | Hier-pFedMe(λ2=35.0,K=3) | loss=0.2845
  [Client 18] Round 8 | Hier-pFedMe(λ2=35.0,K=3) | loss=1.3808
  [Client 11] Round 8 | Hier-pFedMe(λ2=35.0,K=3) | loss=0.0785
  [Client 10] Round 8 | Hier-pFedMe(λ2=35.0,K=3) | loss=0.1190  [Client 14] Round 8 | Hier-pFedMe(λ2=35.0,K=3) | loss=0.3239

  [Client 19] Round 8 | Hier-pFedMe(λ2=35.0,K=3) | loss=0.5972
  [Client 16] Round 8 | Hier-pFedMe(λ2=35.0,K=3) | loss=0.0960
  [Client 13] Round 8 | Hier-pFedMe(λ2=35.0,K=3) | loss=0.7075
  [Client 12] Round 8 | Hier-pFedMe(λ2=35.0,K=3) | loss=0.1424
  [Edge 1] G8 | E2 | loss=0.4135
  [Edge 1] G8 | E3 | Hier-pFedMe | Selected 10/10
  [Client 17] Round 8 | Hier-pFedMe(λ2=35.0,K=3) | loss=0.2771  [Client 19] Round 8 | Hier-pFedMe(λ2=35.0,K=3) | loss=0.3737

  [Client 14] Round 8 | Hier-pFedMe(λ2=35.0,K=3) | loss=0.4523
  [Client 11] Round 8 | Hier-pFedMe(λ2=35.0,K=3) | loss=0.2890
  [Client 13] Round 8 | Hier-pFedMe(λ2=35.0,K=3) | loss=6.2447
  [Client 16] Round 8 | Hier-pFedMe(λ2=35.0,K=3) | loss=0.1142
  [Client 18] Round 8 | Hier-pFedMe(λ2=35.0,K=3) | loss=0.5974
  [Client 10] Round 8 | Hier-pFedMe(λ2=35.0,K=3) | loss=0.4229
  [Client 15] Round 8 | Hier-pFedMe(λ2=35.0,K=3) | loss=0.5109
  [Client 12] Round 8 | Hier-pFedMe(λ2=35.0,K=3) | loss=0.1391
  [Edge 1] G8 | E3 | loss=0.9421
  [Edge 1] G8 | E4 | Hier-pFedMe | Selected 10/10
  [Client 16] Round 8 | Hier-pFedMe(λ2=35.0,K=3) | loss=0.3527
  [Client 18] Round 8 | Hier-pFedMe(λ2=35.0,K=3) | loss=0.3862
  [Client 14] Round 8 | Hier-pFedMe(λ2=35.0,K=3) | loss=0.2775
  [Client 12] Round 8 | Hier-pFedMe(λ2=35.0,K=3) | loss=0.1708
  [Client 13] Round 8 | Hier-pFedMe(λ2=35.0,K=3) | loss=0.8328
  [Client 15] Round 8 | Hier-pFedMe(λ2=35.0,K=3) | loss=0.4537
  [Client 11] Round 8 | Hier-pFedMe(λ2=35.0,K=3) | loss=0.0623
  [Client 19] Round 8 | Hier-pFedMe(λ2=35.0,K=3) | loss=0.1149
  [Client 10] Round 8 | Hier-pFedMe(λ2=35.0,K=3) | loss=0.2221
  [Client 17] Round 8 | Hier-pFedMe(λ2=35.0,K=3) | loss=0.3156
  [Edge 1] G8 | E4 | loss=0.3188
  [Edge 1] G8 | E5 | Hier-pFedMe | Selected 10/10
  [Client 11] Round 8 | Hier-pFedMe(λ2=35.0,K=3) | loss=0.0710
  [Client 15] Round 8 | Hier-pFedMe(λ2=35.0,K=3) | loss=0.3442
  [Client 12] Round 8 | Hier-pFedMe(λ2=35.0,K=3) | loss=0.0807
  [Client 16] Round 8 | Hier-pFedMe(λ2=35.0,K=3) | loss=0.4511
  [Client 17] Round 8 | Hier-pFedMe(λ2=35.0,K=3) | loss=0.3788  [Client 18] Round 8 | Hier-pFedMe(λ2=35.0,K=3) | loss=0.4874

  [Client 10] Round 8 | Hier-pFedMe(λ2=35.0,K=3) | loss=0.2737
  [Client 14] Round 8 | Hier-pFedMe(λ2=35.0,K=3) | loss=1.4523
  [Client 13] Round 8 | Hier-pFedMe(λ2=35.0,K=3) | loss=0.7553
  [Client 19] Round 8 | Hier-pFedMe(λ2=35.0,K=3) | loss=0.1388
  [Edge 1] G8 | E5 | loss=0.4433
  [Cloud] GM=0.2349 | EM=0.3818 | loss=2.1307 | time=29.6s | comm=4556.2MB (total=36450MB)

[Round   9] Broadcasting to 2 edges...
  [Edge 0] G9 | E1 | Hier-pFedMe | Selected 10/10
  [Client  2] Round 9 | Hier-pFedMe(λ2=35.0,K=3) | loss=0.5450
  [Client  3] Round 9 | Hier-pFedMe(λ2=35.0,K=3) | loss=0.1418
  [Client  5] Round 9 | Hier-pFedMe(λ2=35.0,K=3) | loss=4.5970
  [Client  0] Round 9 | Hier-pFedMe(λ2=35.0,K=3) | loss=0.1589
  [Client  1] Round 9 | Hier-pFedMe(λ2=35.0,K=3) | loss=0.4014
  [Client  6] Round 9 | Hier-pFedMe(λ2=35.0,K=3) | loss=0.1306  [Client  9] Round 9 | Hier-pFedMe(λ2=35.0,K=3) | loss=0.0216

  [Client  8] Round 9 | Hier-pFedMe(λ2=35.0,K=3) | loss=0.0124
  [Client  7] Round 9 | Hier-pFedMe(λ2=35.0,K=3) | loss=0.1837  [Client  4] Round 9 | Hier-pFedMe(λ2=35.0,K=3) | loss=0.1497

  [Edge 0] G9 | E1 | loss=0.7028
  [Edge 0] G9 | E2 | Hier-pFedMe | Selected 10/10
  [Client  7] Round 9 | Hier-pFedMe(λ2=35.0,K=3) | loss=0.1484  [Client  5] Round 9 | Hier-pFedMe(λ2=35.0,K=3) | loss=0.6795

  [Client  6] Round 9 | Hier-pFedMe(λ2=35.0,K=3) | loss=0.1627
  [Client  0] Round 9 | Hier-pFedMe(λ2=35.0,K=3) | loss=0.2195
  [Client  8] Round 9 | Hier-pFedMe(λ2=35.0,K=3) | loss=0.0120  [Client  4] Round 9 | Hier-pFedMe(λ2=35.0,K=3) | loss=0.1072

  [Client  2] Round 9 | Hier-pFedMe(λ2=35.0,K=3) | loss=2.4825
  [Client  1] Round 9 | Hier-pFedMe(λ2=35.0,K=3) | loss=0.1410
  [Client  3] Round 9 | Hier-pFedMe(λ2=35.0,K=3) | loss=0.2267
  [Client  9] Round 9 | Hier-pFedMe(λ2=35.0,K=3) | loss=0.0105
  [Edge 0] G9 | E2 | loss=0.4643
  [Edge 0] G9 | E3 | Hier-pFedMe | Selected 10/10
  [Client  0] Round 9 | Hier-pFedMe(λ2=35.0,K=3) | loss=0.2614
  [Client  4] Round 9 | Hier-pFedMe(λ2=35.0,K=3) | loss=0.2890  [Client  3] Round 9 | Hier-pFedMe(λ2=35.0,K=3) | loss=0.1026

  [Client  8] Round 9 | Hier-pFedMe(λ2=35.0,K=3) | loss=0.0077
  [Client  9] Round 9 | Hier-pFedMe(λ2=35.0,K=3) | loss=0.0048
  [Client  7] Round 9 | Hier-pFedMe(λ2=35.0,K=3) | loss=0.5370  [Client  2] Round 9 | Hier-pFedMe(λ2=35.0,K=3) | loss=0.3518

  [Client  5] Round 9 | Hier-pFedMe(λ2=35.0,K=3) | loss=2.0509
  [Client  6] Round 9 | Hier-pFedMe(λ2=35.0,K=3) | loss=0.3962
  [Client  1] Round 9 | Hier-pFedMe(λ2=35.0,K=3) | loss=0.2637
  [Edge 0] G9 | E3 | loss=0.4732
  [Edge 0] G9 | E4 | Hier-pFedMe | Selected 10/10
  [Client  0] Round 9 | Hier-pFedMe(λ2=35.0,K=3) | loss=0.1613
  [Client  3] Round 9 | Hier-pFedMe(λ2=35.0,K=3) | loss=0.1607
  [Client  4] Round 9 | Hier-pFedMe(λ2=35.0,K=3) | loss=0.1591
  [Client  8] Round 9 | Hier-pFedMe(λ2=35.0,K=3) | loss=0.0078
  [Client  6] Round 9 | Hier-pFedMe(λ2=35.0,K=3) | loss=0.1504
  [Client  2] Round 9 | Hier-pFedMe(λ2=35.0,K=3) | loss=0.1132  [Client  9] Round 9 | Hier-pFedMe(λ2=35.0,K=3) | loss=0.0132

  [Client  5] Round 9 | Hier-pFedMe(λ2=35.0,K=3) | loss=0.2395
  [Client  1] Round 9 | Hier-pFedMe(λ2=35.0,K=3) | loss=0.1464
  [Client  7] Round 9 | Hier-pFedMe(λ2=35.0,K=3) | loss=0.4805
  [Edge 0] G9 | E4 | loss=0.1802
  [Edge 0] G9 | E5 | Hier-pFedMe | Selected 10/10
  [Client  6] Round 9 | Hier-pFedMe(λ2=35.0,K=3) | loss=0.3297
  [Client  3] Round 9 | Hier-pFedMe(λ2=35.0,K=3) | loss=0.3223
  [Client  8] Round 9 | Hier-pFedMe(λ2=35.0,K=3) | loss=0.0067
  [Client  1] Round 9 | Hier-pFedMe(λ2=35.0,K=3) | loss=0.1891
  [Client  2] Round 9 | Hier-pFedMe(λ2=35.0,K=3) | loss=0.3039
  [Client  7] Round 9 | Hier-pFedMe(λ2=35.0,K=3) | loss=1.6873
  [Client  9] Round 9 | Hier-pFedMe(λ2=35.0,K=3) | loss=0.0070
  [Client  0] Round 9 | Hier-pFedMe(λ2=35.0,K=3) | loss=0.2311
  [Client  5] Round 9 | Hier-pFedMe(λ2=35.0,K=3) | loss=0.7435
  [Client  4] Round 9 | Hier-pFedMe(λ2=35.0,K=3) | loss=0.2531
  [Edge 0] G9 | E5 | loss=0.4519
  [Edge 1] G9 | E1 | Hier-pFedMe | Selected 10/10
  [Client 14] Round 9 | Hier-pFedMe(λ2=35.0,K=3) | loss=0.2374
  [Client 15] Round 9 | Hier-pFedMe(λ2=35.0,K=3) | loss=0.5057  [Client 17] Round 9 | Hier-pFedMe(λ2=35.0,K=3) | loss=0.1649

  [Client 12] Round 9 | Hier-pFedMe(λ2=35.0,K=3) | loss=0.0759
  [Client 11] Round 9 | Hier-pFedMe(λ2=35.0,K=3) | loss=0.0939
  [Client 18] Round 9 | Hier-pFedMe(λ2=35.0,K=3) | loss=0.1466
  [Client 16] Round 9 | Hier-pFedMe(λ2=35.0,K=3) | loss=0.1887
  [Client 10] Round 9 | Hier-pFedMe(λ2=35.0,K=3) | loss=0.2269
  [Client 13] Round 9 | Hier-pFedMe(λ2=35.0,K=3) | loss=0.3318
  [Client 19] Round 9 | Hier-pFedMe(λ2=35.0,K=3) | loss=0.7747
  [Edge 1] G9 | E1 | loss=0.2747
  [Edge 1] G9 | E2 | Hier-pFedMe | Selected 10/10
  [Client 11] Round 9 | Hier-pFedMe(λ2=35.0,K=3) | loss=0.1324
  [Client 18] Round 9 | Hier-pFedMe(λ2=35.0,K=3) | loss=0.1272  [Client 13] Round 9 | Hier-pFedMe(λ2=35.0,K=3) | loss=0.4794

  [Client 12] Round 9 | Hier-pFedMe(λ2=35.0,K=3) | loss=0.1513
  [Client 10] Round 9 | Hier-pFedMe(λ2=35.0,K=3) | loss=0.1403
  [Client 17] Round 9 | Hier-pFedMe(λ2=35.0,K=3) | loss=0.2355  [Client 16] Round 9 | Hier-pFedMe(λ2=35.0,K=3) | loss=0.2637

  [Client 14] Round 9 | Hier-pFedMe(λ2=35.0,K=3) | loss=0.1326
  [Client 15] Round 9 | Hier-pFedMe(λ2=35.0,K=3) | loss=0.2542
  [Client 19] Round 9 | Hier-pFedMe(λ2=35.0,K=3) | loss=0.2331
  [Edge 1] G9 | E2 | loss=0.2150
  [Edge 1] G9 | E3 | Hier-pFedMe | Selected 10/10
  [Client 19] Round 9 | Hier-pFedMe(λ2=35.0,K=3) | loss=0.0641
  [Client 16] Round 9 | Hier-pFedMe(λ2=35.0,K=3) | loss=0.3011
  [Client 14] Round 9 | Hier-pFedMe(λ2=35.0,K=3) | loss=0.1013
  [Client 17] Round 9 | Hier-pFedMe(λ2=35.0,K=3) | loss=0.1462
  [Client 12] Round 9 | Hier-pFedMe(λ2=35.0,K=3) | loss=0.1827
  [Client 10] Round 9 | Hier-pFedMe(λ2=35.0,K=3) | loss=0.3136
  [Client 15] Round 9 | Hier-pFedMe(λ2=35.0,K=3) | loss=0.5030
  [Client 11] Round 9 | Hier-pFedMe(λ2=35.0,K=3) | loss=0.1955
  [Client 13] Round 9 | Hier-pFedMe(λ2=35.0,K=3) | loss=0.5528
  [Client 18] Round 9 | Hier-pFedMe(λ2=35.0,K=3) | loss=1.6602
  [Edge 1] G9 | E3 | loss=0.4020
  [Edge 1] G9 | E4 | Hier-pFedMe | Selected 10/10
  [Client 14] Round 9 | Hier-pFedMe(λ2=35.0,K=3) | loss=0.1490
  [Client 15] Round 9 | Hier-pFedMe(λ2=35.0,K=3) | loss=0.2109
  [Client 10] Round 9 | Hier-pFedMe(λ2=35.0,K=3) | loss=0.2197
  [Client 18] Round 9 | Hier-pFedMe(λ2=35.0,K=3) | loss=0.4581
  [Client 19] Round 9 | Hier-pFedMe(λ2=35.0,K=3) | loss=0.0856
  [Client 11] Round 9 | Hier-pFedMe(λ2=35.0,K=3) | loss=0.0901
  [Client 17] Round 9 | Hier-pFedMe(λ2=35.0,K=3) | loss=0.2443
  [Client 12] Round 9 | Hier-pFedMe(λ2=35.0,K=3) | loss=0.1783
  [Client 13] Round 9 | Hier-pFedMe(λ2=35.0,K=3) | loss=1.7650
  [Client 16] Round 9 | Hier-pFedMe(λ2=35.0,K=3) | loss=0.0837
  [Edge 1] G9 | E4 | loss=0.3485
  [Edge 1] G9 | E5 | Hier-pFedMe | Selected 10/10
  [Client 12] Round 9 | Hier-pFedMe(λ2=35.0,K=3) | loss=0.0985
  [Client 11] Round 9 | Hier-pFedMe(λ2=35.0,K=3) | loss=0.5141
  [Client 16] Round 9 | Hier-pFedMe(λ2=35.0,K=3) | loss=0.1489  [Client 10] Round 9 | Hier-pFedMe(λ2=35.0,K=3) | loss=0.2071

  [Client 15] Round 9 | Hier-pFedMe(λ2=35.0,K=3) | loss=0.3384  [Client 14] Round 9 | Hier-pFedMe(λ2=35.0,K=3) | loss=0.1487
  [Client 13] Round 9 | Hier-pFedMe(λ2=35.0,K=3) | loss=0.3378

  [Client 18] Round 9 | Hier-pFedMe(λ2=35.0,K=3) | loss=2.9974
  [Client 17] Round 9 | Hier-pFedMe(λ2=35.0,K=3) | loss=1.1475
  [Client 19] Round 9 | Hier-pFedMe(λ2=35.0,K=3) | loss=0.1375
  [Edge 1] G9 | E5 | loss=0.6076
  [Cloud] GM=0.2472 | EM=0.3800 | loss=2.1131 | time=29.0s | comm=4556.2MB (total=41006MB)

[Round  10] Broadcasting to 2 edges...
  [Edge 0] G10 | E1 | Hier-pFedMe | Selected 10/10
  [Client  9] Round 10 | Hier-pFedMe(λ2=35.0,K=3) | loss=0.0099
  [Client  7] Round 10 | Hier-pFedMe(λ2=35.0,K=3) | loss=0.3298
  [Client  5] Round 10 | Hier-pFedMe(λ2=35.0,K=3) | loss=0.6566
  [Client  3] Round 10 | Hier-pFedMe(λ2=35.0,K=3) | loss=0.1308
  [Client  4] Round 10 | Hier-pFedMe(λ2=35.0,K=3) | loss=0.2711
  [Client  0] Round 10 | Hier-pFedMe(λ2=35.0,K=3) | loss=0.2322
  [Client  6] Round 10 | Hier-pFedMe(λ2=35.0,K=3) | loss=0.1000
  [Client  8] Round 10 | Hier-pFedMe(λ2=35.0,K=3) | loss=0.0068
  [Client  2] Round 10 | Hier-pFedMe(λ2=35.0,K=3) | loss=0.4108
  [Client  1] Round 10 | Hier-pFedMe(λ2=35.0,K=3) | loss=0.2506
  [Edge 0] G10 | E1 | loss=0.2656
  [Edge 0] G10 | E2 | Hier-pFedMe | Selected 10/10
  [Client  6] Round 10 | Hier-pFedMe(λ2=35.0,K=3) | loss=0.1172
  [Client  5] Round 10 | Hier-pFedMe(λ2=35.0,K=3) | loss=0.4043
  [Client  7] Round 10 | Hier-pFedMe(λ2=35.0,K=3) | loss=2.2324
  [Client  4] Round 10 | Hier-pFedMe(λ2=35.0,K=3) | loss=0.1722
  [Client  8] Round 10 | Hier-pFedMe(λ2=35.0,K=3) | loss=0.0080
  [Client  0] Round 10 | Hier-pFedMe(λ2=35.0,K=3) | loss=0.5527
  [Client  1] Round 10 | Hier-pFedMe(λ2=35.0,K=3) | loss=0.2325
  [Client  2] Round 10 | Hier-pFedMe(λ2=35.0,K=3) | loss=0.3305
  [Client  3] Round 10 | Hier-pFedMe(λ2=35.0,K=3) | loss=0.1448
  [Client  9] Round 10 | Hier-pFedMe(λ2=35.0,K=3) | loss=0.0041
  [Edge 0] G10 | E2 | loss=0.4659
  [Edge 0] G10 | E3 | Hier-pFedMe | Selected 10/10
  [Client  8] Round 10 | Hier-pFedMe(λ2=35.0,K=3) | loss=0.0028
  [Client  2] Round 10 | Hier-pFedMe(λ2=35.0,K=3) | loss=0.6904  [Client  3] Round 10 | Hier-pFedMe(λ2=35.0,K=3) | loss=0.2972  [Client  1] Round 10 | Hier-pFedMe(λ2=35.0,K=3) | loss=0.7724


  [Client  7] Round 10 | Hier-pFedMe(λ2=35.0,K=3) | loss=0.5713
  [Client  4] Round 10 | Hier-pFedMe(λ2=35.0,K=3) | loss=0.1156
  [Client  0] Round 10 | Hier-pFedMe(λ2=35.0,K=3) | loss=0.3547
  [Client  9] Round 10 | Hier-pFedMe(λ2=35.0,K=3) | loss=0.0078
  [Client  5] Round 10 | Hier-pFedMe(λ2=35.0,K=3) | loss=0.4521
  [Client  6] Round 10 | Hier-pFedMe(λ2=35.0,K=3) | loss=0.5247
  [Edge 0] G10 | E3 | loss=0.4204
  [Edge 0] G10 | E4 | Hier-pFedMe | Selected 10/10
  [Client  1] Round 10 | Hier-pFedMe(λ2=35.0,K=3) | loss=0.2754  [Client  6] Round 10 | Hier-pFedMe(λ2=35.0,K=3) | loss=0.8094

  [Client  0] Round 10 | Hier-pFedMe(λ2=35.0,K=3) | loss=0.3455
  [Client  4] Round 10 | Hier-pFedMe(λ2=35.0,K=3) | loss=0.1724
  [Client  9] Round 10 | Hier-pFedMe(λ2=35.0,K=3) | loss=0.0093  [Client  5] Round 10 | Hier-pFedMe(λ2=35.0,K=3) | loss=1.0662

  [Client  3] Round 10 | Hier-pFedMe(λ2=35.0,K=3) | loss=0.3852
  [Client  2] Round 10 | Hier-pFedMe(λ2=35.0,K=3) | loss=0.9232
  [Client  8] Round 10 | Hier-pFedMe(λ2=35.0,K=3) | loss=0.0106
  [Client  7] Round 10 | Hier-pFedMe(λ2=35.0,K=3) | loss=2.3451
  [Edge 0] G10 | E4 | loss=0.7036
  [Edge 0] G10 | E5 | Hier-pFedMe | Selected 10/10
  [Client  0] Round 10 | Hier-pFedMe(λ2=35.0,K=3) | loss=0.1378
  [Client  6] Round 10 | Hier-pFedMe(λ2=35.0,K=3) | loss=0.1051  [Client  4] Round 10 | Hier-pFedMe(λ2=35.0,K=3) | loss=0.4413

  [Client  2] Round 10 | Hier-pFedMe(λ2=35.0,K=3) | loss=1.5123
  [Client  5] Round 10 | Hier-pFedMe(λ2=35.0,K=3) | loss=0.2832
  [Client  8] Round 10 | Hier-pFedMe(λ2=35.0,K=3) | loss=0.0061
  [Client  7] Round 10 | Hier-pFedMe(λ2=35.0,K=3) | loss=0.7122
  [Client  3] Round 10 | Hier-pFedMe(λ2=35.0,K=3) | loss=0.3611
  [Client  9] Round 10 | Hier-pFedMe(λ2=35.0,K=3) | loss=0.0065
  [Client  1] Round 10 | Hier-pFedMe(λ2=35.0,K=3) | loss=0.2075
  [Edge 0] G10 | E5 | loss=0.4185
  [Edge 1] G10 | E1 | Hier-pFedMe | Selected 10/10
  [Client 11] Round 10 | Hier-pFedMe(λ2=35.0,K=3) | loss=0.2824  [Client 18] Round 10 | Hier-pFedMe(λ2=35.0,K=3) | loss=0.4535

  [Client 19] Round 10 | Hier-pFedMe(λ2=35.0,K=3) | loss=0.3733
  [Client 16] Round 10 | Hier-pFedMe(λ2=35.0,K=3) | loss=0.1066
  [Client 14] Round 10 | Hier-pFedMe(λ2=35.0,K=3) | loss=0.1916
  [Client 13] Round 10 | Hier-pFedMe(λ2=35.0,K=3) | loss=0.1535
  [Client 17] Round 10 | Hier-pFedMe(λ2=35.0,K=3) | loss=0.6602
  [Client 10] Round 10 | Hier-pFedMe(λ2=35.0,K=3) | loss=0.1127
  [Client 12] Round 10 | Hier-pFedMe(λ2=35.0,K=3) | loss=0.1281
  [Client 15] Round 10 | Hier-pFedMe(λ2=35.0,K=3) | loss=0.4692
  [Edge 1] G10 | E1 | loss=0.2931
  [Edge 1] G10 | E2 | Hier-pFedMe | Selected 10/10
  [Client 10] Round 10 | Hier-pFedMe(λ2=35.0,K=3) | loss=0.0996  [Client 14] Round 10 | Hier-pFedMe(λ2=35.0,K=3) | loss=0.0859

  [Client 16] Round 10 | Hier-pFedMe(λ2=35.0,K=3) | loss=0.2079  [Client 18] Round 10 | Hier-pFedMe(λ2=35.0,K=3) | loss=2.5697

  [Client 13] Round 10 | Hier-pFedMe(λ2=35.0,K=3) | loss=0.2702
  [Client 19] Round 10 | Hier-pFedMe(λ2=35.0,K=3) | loss=0.0888
  [Client 17] Round 10 | Hier-pFedMe(λ2=35.0,K=3) | loss=1.1271
  [Client 12] Round 10 | Hier-pFedMe(λ2=35.0,K=3) | loss=0.1685
  [Client 15] Round 10 | Hier-pFedMe(λ2=35.0,K=3) | loss=0.2467
  [Client 11] Round 10 | Hier-pFedMe(λ2=35.0,K=3) | loss=0.3252
  [Edge 1] G10 | E2 | loss=0.5190
  [Edge 1] G10 | E3 | Hier-pFedMe | Selected 10/10
  [Client 16] Round 10 | Hier-pFedMe(λ2=35.0,K=3) | loss=0.0987  [Client 10] Round 10 | Hier-pFedMe(λ2=35.0,K=3) | loss=0.1394

  [Client 15] Round 10 | Hier-pFedMe(λ2=35.0,K=3) | loss=0.3759
  [Client 12] Round 10 | Hier-pFedMe(λ2=35.0,K=3) | loss=0.0672
  [Client 11] Round 10 | Hier-pFedMe(λ2=35.0,K=3) | loss=0.2645
  [Client 18] Round 10 | Hier-pFedMe(λ2=35.0,K=3) | loss=0.3095
  [Client 17] Round 10 | Hier-pFedMe(λ2=35.0,K=3) | loss=1.1655
  [Client 19] Round 10 | Hier-pFedMe(λ2=35.0,K=3) | loss=0.2647
  [Client 13] Round 10 | Hier-pFedMe(λ2=35.0,K=3) | loss=0.1683
  [Client 14] Round 10 | Hier-pFedMe(λ2=35.0,K=3) | loss=0.0846
  [Edge 1] G10 | E3 | loss=0.2938
  [Edge 1] G10 | E4 | Hier-pFedMe | Selected 10/10
  [Client 17] Round 10 | Hier-pFedMe(λ2=35.0,K=3) | loss=1.6078
  [Client 11] Round 10 | Hier-pFedMe(λ2=35.0,K=3) | loss=0.3615  [Client 19] Round 10 | Hier-pFedMe(λ2=35.0,K=3) | loss=0.1173
  [Client 15] Round 10 | Hier-pFedMe(λ2=35.0,K=3) | loss=0.2324

  [Client 12] Round 10 | Hier-pFedMe(λ2=35.0,K=3) | loss=0.0662
  [Client 18] Round 10 | Hier-pFedMe(λ2=35.0,K=3) | loss=2.5537  [Client 10] Round 10 | Hier-pFedMe(λ2=35.0,K=3) | loss=0.0941

  [Client 16] Round 10 | Hier-pFedMe(λ2=35.0,K=3) | loss=0.2410
  [Client 14] Round 10 | Hier-pFedMe(λ2=35.0,K=3) | loss=0.2331
  [Client 13] Round 10 | Hier-pFedMe(λ2=35.0,K=3) | loss=0.3530
  [Edge 1] G10 | E4 | loss=0.5860
  [Edge 1] G10 | E5 | Hier-pFedMe | Selected 10/10
  [Client 16] Round 10 | Hier-pFedMe(λ2=35.0,K=3) | loss=0.0798
  [Client 13] Round 10 | Hier-pFedMe(λ2=35.0,K=3) | loss=1.2692
  [Client 19] Round 10 | Hier-pFedMe(λ2=35.0,K=3) | loss=0.0855
  [Client 10] Round 10 | Hier-pFedMe(λ2=35.0,K=3) | loss=0.1068
  [Client 15] Round 10 | Hier-pFedMe(λ2=35.0,K=3) | loss=0.3099
  [Client 18] Round 10 | Hier-pFedMe(λ2=35.0,K=3) | loss=1.0111
  [Client 11] Round 10 | Hier-pFedMe(λ2=35.0,K=3) | loss=0.1140
  [Client 12] Round 10 | Hier-pFedMe(λ2=35.0,K=3) | loss=0.0825
  [Client 14] Round 10 | Hier-pFedMe(λ2=35.0,K=3) | loss=0.1022
  [Client 17] Round 10 | Hier-pFedMe(λ2=35.0,K=3) | loss=0.6554
  [Edge 1] G10 | E5 | loss=0.3816
  [Cloud] GM=0.2509 | EM=0.3774 PM=0.6625 | loss=2.1001 | time=40.2s | comm=4556.2MB (total=45562MB)

[Round  11] Broadcasting to 2 edges...
  [Edge 0] G11 | E1 | Hier-pFedMe | Selected 10/10
  [Client  4] Round 11 | Hier-pFedMe(λ2=35.0,K=3) | loss=0.4180
  [Client  7] Round 11 | Hier-pFedMe(λ2=35.0,K=3) | loss=1.6509
  [Client  3] Round 11 | Hier-pFedMe(λ2=35.0,K=3) | loss=1.4255
  [Client  8] Round 11 | Hier-pFedMe(λ2=35.0,K=3) | loss=0.0084
  [Client  6] Round 11 | Hier-pFedMe(λ2=35.0,K=3) | loss=0.1553
  [Client  9] Round 11 | Hier-pFedMe(λ2=35.0,K=3) | loss=0.0126
  [Client  2] Round 11 | Hier-pFedMe(λ2=35.0,K=3) | loss=0.3427
  [Client  1] Round 11 | Hier-pFedMe(λ2=35.0,K=3) | loss=0.2018
  [Client  5] Round 11 | Hier-pFedMe(λ2=35.0,K=3) | loss=0.5492
  [Client  0] Round 11 | Hier-pFedMe(λ2=35.0,K=3) | loss=0.1200
  [Edge 0] G11 | E1 | loss=0.5416
  [Edge 0] G11 | E2 | Hier-pFedMe | Selected 10/10
  [Client  8] Round 11 | Hier-pFedMe(λ2=35.0,K=3) | loss=0.0116
  [Client  2] Round 11 | Hier-pFedMe(λ2=35.0,K=3) | loss=0.7113
  [Client  9] Round 11 | Hier-pFedMe(λ2=35.0,K=3) | loss=0.0101
  [Client  0] Round 11 | Hier-pFedMe(λ2=35.0,K=3) | loss=0.1668
  [Client  1] Round 11 | Hier-pFedMe(λ2=35.0,K=3) | loss=0.1786
  [Client  7] Round 11 | Hier-pFedMe(λ2=35.0,K=3) | loss=0.2758
  [Client  3] Round 11 | Hier-pFedMe(λ2=35.0,K=3) | loss=1.7529
  [Client  4] Round 11 | Hier-pFedMe(λ2=35.0,K=3) | loss=0.0729
  [Client  5] Round 11 | Hier-pFedMe(λ2=35.0,K=3) | loss=0.2183
  [Client  6] Round 11 | Hier-pFedMe(λ2=35.0,K=3) | loss=0.1173
  [Edge 0] G11 | E2 | loss=0.3894
  [Edge 0] G11 | E3 | Hier-pFedMe | Selected 10/10
  [Client  2] Round 11 | Hier-pFedMe(λ2=35.0,K=3) | loss=0.3589
  [Client  6] Round 11 | Hier-pFedMe(λ2=35.0,K=3) | loss=0.1546
  [Client  5] Round 11 | Hier-pFedMe(λ2=35.0,K=3) | loss=2.0587
  [Client  7] Round 11 | Hier-pFedMe(λ2=35.0,K=3) | loss=0.6227
  [Client  9] Round 11 | Hier-pFedMe(λ2=35.0,K=3) | loss=0.0062
  [Client  8] Round 11 | Hier-pFedMe(λ2=35.0,K=3) | loss=0.0042
  [Client  1] Round 11 | Hier-pFedMe(λ2=35.0,K=3) | loss=0.1470
  [Client  0] Round 11 | Hier-pFedMe(λ2=35.0,K=3) | loss=0.1185
  [Client  4] Round 11 | Hier-pFedMe(λ2=35.0,K=3) | loss=0.1359
  [Client  3] Round 11 | Hier-pFedMe(λ2=35.0,K=3) | loss=0.5066
  [Edge 0] G11 | E3 | loss=0.4565
  [Edge 0] G11 | E4 | Hier-pFedMe | Selected 10/10
  [Client  2] Round 11 | Hier-pFedMe(λ2=35.0,K=3) | loss=0.1955
  [Client  3] Round 11 | Hier-pFedMe(λ2=35.0,K=3) | loss=0.0896
  [Client  9] Round 11 | Hier-pFedMe(λ2=35.0,K=3) | loss=0.0048
  [Client  8] Round 11 | Hier-pFedMe(λ2=35.0,K=3) | loss=0.0130
  [Client  7] Round 11 | Hier-pFedMe(λ2=35.0,K=3) | loss=0.6249
  [Client  1] Round 11 | Hier-pFedMe(λ2=35.0,K=3) | loss=0.1805
  [Client  5] Round 11 | Hier-pFedMe(λ2=35.0,K=3) | loss=0.8547
  [Client  0] Round 11 | Hier-pFedMe(λ2=35.0,K=3) | loss=0.1391
  [Client  4] Round 11 | Hier-pFedMe(λ2=35.0,K=3) | loss=0.0863
  [Client  6] Round 11 | Hier-pFedMe(λ2=35.0,K=3) | loss=0.1556
  [Edge 0] G11 | E4 | loss=0.2595
  [Edge 0] G11 | E5 | Hier-pFedMe | Selected 10/10
  [Client  6] Round 11 | Hier-pFedMe(λ2=35.0,K=3) | loss=0.0585
  [Client  4] Round 11 | Hier-pFedMe(λ2=35.0,K=3) | loss=0.0595
  [Client  2] Round 11 | Hier-pFedMe(λ2=35.0,K=3) | loss=0.1673
  [Client  7] Round 11 | Hier-pFedMe(λ2=35.0,K=3) | loss=0.3709
  [Client  8] Round 11 | Hier-pFedMe(λ2=35.0,K=3) | loss=0.0031
  [Client  9] Round 11 | Hier-pFedMe(λ2=35.0,K=3) | loss=0.0063
  [Client  3] Round 11 | Hier-pFedMe(λ2=35.0,K=3) | loss=1.6002
  [Client  5] Round 11 | Hier-pFedMe(λ2=35.0,K=3) | loss=0.2197
  [Client  1] Round 11 | Hier-pFedMe(λ2=35.0,K=3) | loss=0.1407
  [Client  0] Round 11 | Hier-pFedMe(λ2=35.0,K=3) | loss=0.1879
  [Edge 0] G11 | E5 | loss=0.3122
  [Edge 1] G11 | E1 | Hier-pFedMe | Selected 10/10
  [Client 14] Round 11 | Hier-pFedMe(λ2=35.0,K=3) | loss=0.3177
  [Client 19] Round 11 | Hier-pFedMe(λ2=35.0,K=3) | loss=0.1633
  [Client 13] Round 11 | Hier-pFedMe(λ2=35.0,K=3) | loss=0.2982
  [Client 16] Round 11 | Hier-pFedMe(λ2=35.0,K=3) | loss=0.0882
  [Client 10] Round 11 | Hier-pFedMe(λ2=35.0,K=3) | loss=0.1687
  [Client 11] Round 11 | Hier-pFedMe(λ2=35.0,K=3) | loss=0.1249
  [Client 12] Round 11 | Hier-pFedMe(λ2=35.0,K=3) | loss=0.1923
  [Client 15] Round 11 | Hier-pFedMe(λ2=35.0,K=3) | loss=0.8749
  [Client 18] Round 11 | Hier-pFedMe(λ2=35.0,K=3) | loss=0.8859
  [Client 17] Round 11 | Hier-pFedMe(λ2=35.0,K=3) | loss=1.9945
  [Edge 1] G11 | E1 | loss=0.5109
  [Edge 1] G11 | E2 | Hier-pFedMe | Selected 10/10
  [Client 14] Round 11 | Hier-pFedMe(λ2=35.0,K=3) | loss=0.1387
  [Client 16] Round 11 | Hier-pFedMe(λ2=35.0,K=3) | loss=0.0578
  [Client 18] Round 11 | Hier-pFedMe(λ2=35.0,K=3) | loss=0.4577
  [Client 10] Round 11 | Hier-pFedMe(λ2=35.0,K=3) | loss=0.0929
  [Client 12] Round 11 | Hier-pFedMe(λ2=35.0,K=3) | loss=0.2063
  [Client 11] Round 11 | Hier-pFedMe(λ2=35.0,K=3) | loss=0.0993
  [Client 13] Round 11 | Hier-pFedMe(λ2=35.0,K=3) | loss=0.4394
  [Client 19] Round 11 | Hier-pFedMe(λ2=35.0,K=3) | loss=0.1774
  [Client 15] Round 11 | Hier-pFedMe(λ2=35.0,K=3) | loss=0.2267
  [Client 17] Round 11 | Hier-pFedMe(λ2=35.0,K=3) | loss=0.2865
  [Edge 1] G11 | E2 | loss=0.2183
  [Edge 1] G11 | E3 | Hier-pFedMe | Selected 10/10
  [Client 17] Round 11 | Hier-pFedMe(λ2=35.0,K=3) | loss=0.5456
  [Client 18] Round 11 | Hier-pFedMe(λ2=35.0,K=3) | loss=2.0271
  [Client 13] Round 11 | Hier-pFedMe(λ2=35.0,K=3) | loss=0.5154
  [Client 15] Round 11 | Hier-pFedMe(λ2=35.0,K=3) | loss=0.2080
  [Client 16] Round 11 | Hier-pFedMe(λ2=35.0,K=3) | loss=0.0836
  [Client 12] Round 11 | Hier-pFedMe(λ2=35.0,K=3) | loss=0.1413
  [Client 19] Round 11 | Hier-pFedMe(λ2=35.0,K=3) | loss=0.0801
  [Client 10] Round 11 | Hier-pFedMe(λ2=35.0,K=3) | loss=0.3001
  [Client 11] Round 11 | Hier-pFedMe(λ2=35.0,K=3) | loss=0.1897
  [Client 14] Round 11 | Hier-pFedMe(λ2=35.0,K=3) | loss=0.0888
  [Edge 1] G11 | E3 | loss=0.4180
  [Edge 1] G11 | E4 | Hier-pFedMe | Selected 10/10
  [Client 19] Round 11 | Hier-pFedMe(λ2=35.0,K=3) | loss=0.2038
  [Client 10] Round 11 | Hier-pFedMe(λ2=35.0,K=3) | loss=0.1307
  [Client 17] Round 11 | Hier-pFedMe(λ2=35.0,K=3) | loss=0.2728
  [Client 11] Round 11 | Hier-pFedMe(λ2=35.0,K=3) | loss=0.0411
  [Client 15] Round 11 | Hier-pFedMe(λ2=35.0,K=3) | loss=0.1871
  [Client 16] Round 11 | Hier-pFedMe(λ2=35.0,K=3) | loss=0.0476
  [Client 12] Round 11 | Hier-pFedMe(λ2=35.0,K=3) | loss=0.1853
  [Client 13] Round 11 | Hier-pFedMe(λ2=35.0,K=3) | loss=1.7235
  [Client 14] Round 11 | Hier-pFedMe(λ2=35.0,K=3) | loss=0.1990
  [Client 18] Round 11 | Hier-pFedMe(λ2=35.0,K=3) | loss=0.3283
  [Edge 1] G11 | E4 | loss=0.3319
  [Edge 1] G11 | E5 | Hier-pFedMe | Selected 10/10
  [Client 14] Round 11 | Hier-pFedMe(λ2=35.0,K=3) | loss=0.2319
  [Client 15] Round 11 | Hier-pFedMe(λ2=35.0,K=3) | loss=0.0936
  [Client 18] Round 11 | Hier-pFedMe(λ2=35.0,K=3) | loss=2.5058
  [Client 11] Round 11 | Hier-pFedMe(λ2=35.0,K=3) | loss=0.2446
  [Client 12] Round 11 | Hier-pFedMe(λ2=35.0,K=3) | loss=0.0774
  [Client 17] Round 11 | Hier-pFedMe(λ2=35.0,K=3) | loss=0.7764
  [Client 10] Round 11 | Hier-pFedMe(λ2=35.0,K=3) | loss=0.5050
  [Client 13] Round 11 | Hier-pFedMe(λ2=35.0,K=3) | loss=0.5115
  [Client 16] Round 11 | Hier-pFedMe(λ2=35.0,K=3) | loss=0.1079
  [Client 19] Round 11 | Hier-pFedMe(λ2=35.0,K=3) | loss=0.5667
  [Edge 1] G11 | E5 | loss=0.5621
  [Cloud] GM=0.2564 | EM=0.3834 | loss=2.0846 | time=29.1s | comm=4556.2MB (total=50118MB)

[Round  12] Broadcasting to 2 edges...
  [Edge 0] G12 | E1 | Hier-pFedMe | Selected 10/10
  [Client  5] Round 12 | Hier-pFedMe(λ2=35.0,K=3) | loss=0.2996
  [Client  8] Round 12 | Hier-pFedMe(λ2=35.0,K=3) | loss=0.0109
  [Client  9] Round 12 | Hier-pFedMe(λ2=35.0,K=3) | loss=0.0051
  [Client  0] Round 12 | Hier-pFedMe(λ2=35.0,K=3) | loss=0.1394
  [Client  7] Round 12 | Hier-pFedMe(λ2=35.0,K=3) | loss=0.3472
  [Client  1] Round 12 | Hier-pFedMe(λ2=35.0,K=3) | loss=0.1070
  [Client  4] Round 12 | Hier-pFedMe(λ2=35.0,K=3) | loss=0.2524
  [Client  6] Round 12 | Hier-pFedMe(λ2=35.0,K=3) | loss=0.8024
  [Client  2] Round 12 | Hier-pFedMe(λ2=35.0,K=3) | loss=0.1951
  [Client  3] Round 12 | Hier-pFedMe(λ2=35.0,K=3) | loss=0.9954
  [Edge 0] G12 | E1 | loss=0.3496
  [Edge 0] G12 | E2 | Hier-pFedMe | Selected 10/10
  [Client  8] Round 12 | Hier-pFedMe(λ2=35.0,K=3) | loss=0.0046
  [Client  0] Round 12 | Hier-pFedMe(λ2=35.0,K=3) | loss=0.5486
  [Client  9] Round 12 | Hier-pFedMe(λ2=35.0,K=3) | loss=0.0090
  [Client  4] Round 12 | Hier-pFedMe(λ2=35.0,K=3) | loss=0.0494
  [Client  7] Round 12 | Hier-pFedMe(λ2=35.0,K=3) | loss=0.1038
  [Client  2] Round 12 | Hier-pFedMe(λ2=35.0,K=3) | loss=0.2004
  [Client  1] Round 12 | Hier-pFedMe(λ2=35.0,K=3) | loss=0.4724
  [Client  5] Round 12 | Hier-pFedMe(λ2=35.0,K=3) | loss=0.6080
  [Client  6] Round 12 | Hier-pFedMe(λ2=35.0,K=3) | loss=0.1777
  [Client  3] Round 12 | Hier-pFedMe(λ2=35.0,K=3) | loss=0.0778
  [Edge 0] G12 | E2 | loss=0.2494
  [Edge 0] G12 | E3 | Hier-pFedMe | Selected 10/10
  [Client  0] Round 12 | Hier-pFedMe(λ2=35.0,K=3) | loss=0.5771
  [Client  3] Round 12 | Hier-pFedMe(λ2=35.0,K=3) | loss=0.8560
  [Client  2] Round 12 | Hier-pFedMe(λ2=35.0,K=3) | loss=0.6817
  [Client  4] Round 12 | Hier-pFedMe(λ2=35.0,K=3) | loss=0.0961
  [Client  7] Round 12 | Hier-pFedMe(λ2=35.0,K=3) | loss=0.3410
  [Client  8] Round 12 | Hier-pFedMe(λ2=35.0,K=3) | loss=0.0057
  [Client  1] Round 12 | Hier-pFedMe(λ2=35.0,K=3) | loss=0.1374
  [Client  9] Round 12 | Hier-pFedMe(λ2=35.0,K=3) | loss=0.0042
  [Client  6] Round 12 | Hier-pFedMe(λ2=35.0,K=3) | loss=0.1011
  [Client  5] Round 12 | Hier-pFedMe(λ2=35.0,K=3) | loss=0.2445
  [Edge 0] G12 | E3 | loss=0.3378
  [Edge 0] G12 | E4 | Hier-pFedMe | Selected 10/10
  [Client  6] Round 12 | Hier-pFedMe(λ2=35.0,K=3) | loss=0.1073
  [Client  5] Round 12 | Hier-pFedMe(λ2=35.0,K=3) | loss=0.2677
  [Client  0] Round 12 | Hier-pFedMe(λ2=35.0,K=3) | loss=0.1253
  [Client  1] Round 12 | Hier-pFedMe(λ2=35.0,K=3) | loss=0.6500
  [Client  7] Round 12 | Hier-pFedMe(λ2=35.0,K=3) | loss=0.1562
  [Client  3] Round 12 | Hier-pFedMe(λ2=35.0,K=3) | loss=1.9918
  [Client  2] Round 12 | Hier-pFedMe(λ2=35.0,K=3) | loss=0.1218
  [Client  4] Round 12 | Hier-pFedMe(λ2=35.0,K=3) | loss=1.0659
  [Client  9] Round 12 | Hier-pFedMe(λ2=35.0,K=3) | loss=0.0043
  [Client  8] Round 12 | Hier-pFedMe(λ2=35.0,K=3) | loss=0.0046
  [Edge 0] G12 | E4 | loss=0.4989
  [Edge 0] G12 | E5 | Hier-pFedMe | Selected 10/10
  [Client  5] Round 12 | Hier-pFedMe(λ2=35.0,K=3) | loss=0.1491
  [Client  1] Round 12 | Hier-pFedMe(λ2=35.0,K=3) | loss=0.1644
  [Client  9] Round 12 | Hier-pFedMe(λ2=35.0,K=3) | loss=0.0050  [Client  4] Round 12 | Hier-pFedMe(λ2=35.0,K=3) | loss=0.2594

  [Client  7] Round 12 | Hier-pFedMe(λ2=35.0,K=3) | loss=0.5297
  [Client  8] Round 12 | Hier-pFedMe(λ2=35.0,K=3) | loss=0.0065
  [Client  6] Round 12 | Hier-pFedMe(λ2=35.0,K=3) | loss=0.8969
  [Client  0] Round 12 | Hier-pFedMe(λ2=35.0,K=3) | loss=0.1413
  [Client  3] Round 12 | Hier-pFedMe(λ2=35.0,K=3) | loss=0.3593
  [Client  2] Round 12 | Hier-pFedMe(λ2=35.0,K=3) | loss=0.1490
  [Edge 0] G12 | E5 | loss=0.2950
  [Edge 1] G12 | E1 | Hier-pFedMe | Selected 10/10
  [Client 10] Round 12 | Hier-pFedMe(λ2=35.0,K=3) | loss=0.3386
  [Client 14] Round 12 | Hier-pFedMe(λ2=35.0,K=3) | loss=0.1897
  [Client 13] Round 12 | Hier-pFedMe(λ2=35.0,K=3) | loss=2.3978
  [Client 18] Round 12 | Hier-pFedMe(λ2=35.0,K=3) | loss=0.3616
  [Client 15] Round 12 | Hier-pFedMe(λ2=35.0,K=3) | loss=0.1753
  [Client 17] Round 12 | Hier-pFedMe(λ2=35.0,K=3) | loss=0.2161
  [Client 19] Round 12 | Hier-pFedMe(λ2=35.0,K=3) | loss=0.2847
  [Client 12] Round 12 | Hier-pFedMe(λ2=35.0,K=3) | loss=0.2617
  [Client 11] Round 12 | Hier-pFedMe(λ2=35.0,K=3) | loss=0.0892
  [Client 16] Round 12 | Hier-pFedMe(λ2=35.0,K=3) | loss=0.0990
  [Edge 1] G12 | E1 | loss=0.4414
  [Edge 1] G12 | E2 | Hier-pFedMe | Selected 10/10
  [Client 15] Round 12 | Hier-pFedMe(λ2=35.0,K=3) | loss=0.2351
  [Client 11] Round 12 | Hier-pFedMe(λ2=35.0,K=3) | loss=0.1433
  [Client 13] Round 12 | Hier-pFedMe(λ2=35.0,K=3) | loss=0.2894
  [Client 19] Round 12 | Hier-pFedMe(λ2=35.0,K=3) | loss=0.1774
  [Client 18] Round 12 | Hier-pFedMe(λ2=35.0,K=3) | loss=1.7835
  [Client 14] Round 12 | Hier-pFedMe(λ2=35.0,K=3) | loss=0.0752
  [Client 12] Round 12 | Hier-pFedMe(λ2=35.0,K=3) | loss=0.2315
  [Client 10] Round 12 | Hier-pFedMe(λ2=35.0,K=3) | loss=0.4568
  [Client 16] Round 12 | Hier-pFedMe(λ2=35.0,K=3) | loss=0.0715
  [Client 17] Round 12 | Hier-pFedMe(λ2=35.0,K=3) | loss=0.4682
  [Edge 1] G12 | E2 | loss=0.3932
  [Edge 1] G12 | E3 | Hier-pFedMe | Selected 10/10
  [Client 14] Round 12 | Hier-pFedMe(λ2=35.0,K=3) | loss=0.3443
  [Client 12] Round 12 | Hier-pFedMe(λ2=35.0,K=3) | loss=0.0726
  [Client 10] Round 12 | Hier-pFedMe(λ2=35.0,K=3) | loss=0.0877
  [Client 13] Round 12 | Hier-pFedMe(λ2=35.0,K=3) | loss=2.5782
  [Client 18] Round 12 | Hier-pFedMe(λ2=35.0,K=3) | loss=0.6093
  [Client 19] Round 12 | Hier-pFedMe(λ2=35.0,K=3) | loss=0.1753
  [Client 16] Round 12 | Hier-pFedMe(λ2=35.0,K=3) | loss=0.1789
  [Client 15] Round 12 | Hier-pFedMe(λ2=35.0,K=3) | loss=0.2055
  [Client 11] Round 12 | Hier-pFedMe(λ2=35.0,K=3) | loss=0.2035
  [Client 17] Round 12 | Hier-pFedMe(λ2=35.0,K=3) | loss=0.9552
  [Edge 1] G12 | E3 | loss=0.5411
  [Edge 1] G12 | E4 | Hier-pFedMe | Selected 10/10
  [Client 15] Round 12 | Hier-pFedMe(λ2=35.0,K=3) | loss=0.3960
  [Client 17] Round 12 | Hier-pFedMe(λ2=35.0,K=3) | loss=1.0102
  [Client 11] Round 12 | Hier-pFedMe(λ2=35.0,K=3) | loss=0.1364
  [Client 13] Round 12 | Hier-pFedMe(λ2=35.0,K=3) | loss=0.2194
  [Client 19] Round 12 | Hier-pFedMe(λ2=35.0,K=3) | loss=0.1410
  [Client 14] Round 12 | Hier-pFedMe(λ2=35.0,K=3) | loss=0.0993
  [Client 18] Round 12 | Hier-pFedMe(λ2=35.0,K=3) | loss=3.9333
  [Client 10] Round 12 | Hier-pFedMe(λ2=35.0,K=3) | loss=0.4129
  [Client 12] Round 12 | Hier-pFedMe(λ2=35.0,K=3) | loss=0.1269
  [Client 16] Round 12 | Hier-pFedMe(λ2=35.0,K=3) | loss=0.2151
  [Edge 1] G12 | E4 | loss=0.6690
  [Edge 1] G12 | E5 | Hier-pFedMe | Selected 10/10
  [Client 18] Round 12 | Hier-pFedMe(λ2=35.0,K=3) | loss=0.5015
  [Client 16] Round 12 | Hier-pFedMe(λ2=35.0,K=3) | loss=0.1310
  [Client 13] Round 12 | Hier-pFedMe(λ2=35.0,K=3) | loss=3.5447
  [Client 15] Round 12 | Hier-pFedMe(λ2=35.0,K=3) | loss=0.4814
  [Client 11] Round 12 | Hier-pFedMe(λ2=35.0,K=3) | loss=0.2805
  [Client 17] Round 12 | Hier-pFedMe(λ2=35.0,K=3) | loss=0.4831
  [Client 10] Round 12 | Hier-pFedMe(λ2=35.0,K=3) | loss=0.1500
  [Client 19] Round 12 | Hier-pFedMe(λ2=35.0,K=3) | loss=0.1727
  [Client 14] Round 12 | Hier-pFedMe(λ2=35.0,K=3) | loss=0.1912
  [Client 12] Round 12 | Hier-pFedMe(λ2=35.0,K=3) | loss=0.0930
  [Edge 1] G12 | E5 | loss=0.6029
  [Cloud] GM=0.2635 | EM=0.3986 | loss=2.0719 | time=27.9s | comm=4556.2MB (total=54674MB)

[Round  13] Broadcasting to 2 edges...
  [Edge 0] G13 | E1 | Hier-pFedMe | Selected 10/10
  [Client  9] Round 13 | Hier-pFedMe(λ2=35.0,K=3) | loss=0.0105
  [Client  1] Round 13 | Hier-pFedMe(λ2=35.0,K=3) | loss=0.3298
  [Client  3] Round 13 | Hier-pFedMe(λ2=35.0,K=3) | loss=0.1684
  [Client  6] Round 13 | Hier-pFedMe(λ2=35.0,K=3) | loss=0.2098
  [Client  4] Round 13 | Hier-pFedMe(λ2=35.0,K=3) | loss=0.8570
  [Client  8] Round 13 | Hier-pFedMe(λ2=35.0,K=3) | loss=0.0054
  [Client  5] Round 13 | Hier-pFedMe(λ2=35.0,K=3) | loss=1.1986
  [Client  0] Round 13 | Hier-pFedMe(λ2=35.0,K=3) | loss=0.1256
  [Client  2] Round 13 | Hier-pFedMe(λ2=35.0,K=3) | loss=0.4045
  [Client  7] Round 13 | Hier-pFedMe(λ2=35.0,K=3) | loss=1.4376
  [Edge 0] G13 | E1 | loss=0.5266
  [Edge 0] G13 | E2 | Hier-pFedMe | Selected 10/10
  [Client  0] Round 13 | Hier-pFedMe(λ2=35.0,K=3) | loss=0.1324
  [Client  9] Round 13 | Hier-pFedMe(λ2=35.0,K=3) | loss=0.0082
  [Client  2] Round 13 | Hier-pFedMe(λ2=35.0,K=3) | loss=0.2062
  [Client  8] Round 13 | Hier-pFedMe(λ2=35.0,K=3) | loss=0.0131
  [Client  5] Round 13 | Hier-pFedMe(λ2=35.0,K=3) | loss=0.6559
  [Client  3] Round 13 | Hier-pFedMe(λ2=35.0,K=3) | loss=0.1055
  [Client  6] Round 13 | Hier-pFedMe(λ2=35.0,K=3) | loss=0.3754
  [Client  1] Round 13 | Hier-pFedMe(λ2=35.0,K=3) | loss=0.1376
  [Client  7] Round 13 | Hier-pFedMe(λ2=35.0,K=3) | loss=0.2235
  [Client  4] Round 13 | Hier-pFedMe(λ2=35.0,K=3) | loss=0.3270
  [Edge 0] G13 | E2 | loss=0.2416
  [Edge 0] G13 | E3 | Hier-pFedMe | Selected 10/10
  [Client  1] Round 13 | Hier-pFedMe(λ2=35.0,K=3) | loss=0.1475
  [Client  2] Round 13 | Hier-pFedMe(λ2=35.0,K=3) | loss=0.1310
  [Client  5] Round 13 | Hier-pFedMe(λ2=35.0,K=3) | loss=0.5151
  [Client  8] Round 13 | Hier-pFedMe(λ2=35.0,K=3) | loss=0.0038
  [Client  9] Round 13 | Hier-pFedMe(λ2=35.0,K=3) | loss=0.0053
  [Client  6] Round 13 | Hier-pFedMe(λ2=35.0,K=3) | loss=0.5434
  [Client  0] Round 13 | Hier-pFedMe(λ2=35.0,K=3) | loss=0.3389
  [Client  4] Round 13 | Hier-pFedMe(λ2=35.0,K=3) | loss=0.8077
  [Client  3] Round 13 | Hier-pFedMe(λ2=35.0,K=3) | loss=0.2075
  [Client  7] Round 13 | Hier-pFedMe(λ2=35.0,K=3) | loss=2.2367
  [Edge 0] G13 | E3 | loss=0.5480
  [Edge 0] G13 | E4 | Hier-pFedMe | Selected 10/10
  [Client  6] Round 13 | Hier-pFedMe(λ2=35.0,K=3) | loss=0.1241
  [Client  8] Round 13 | Hier-pFedMe(λ2=35.0,K=3) | loss=0.0116
  [Client  5] Round 13 | Hier-pFedMe(λ2=35.0,K=3) | loss=0.1136
  [Client  7] Round 13 | Hier-pFedMe(λ2=35.0,K=3) | loss=0.1798
  [Client  0] Round 13 | Hier-pFedMe(λ2=35.0,K=3) | loss=0.1539
  [Client  2] Round 13 | Hier-pFedMe(λ2=35.0,K=3) | loss=0.1580
  [Client  3] Round 13 | Hier-pFedMe(λ2=35.0,K=3) | loss=0.3154
  [Client  4] Round 13 | Hier-pFedMe(λ2=35.0,K=3) | loss=0.1811
  [Client  1] Round 13 | Hier-pFedMe(λ2=35.0,K=3) | loss=0.1989
  [Client  9] Round 13 | Hier-pFedMe(λ2=35.0,K=3) | loss=0.0045
  [Edge 0] G13 | E4 | loss=0.1592
  [Edge 0] G13 | E5 | Hier-pFedMe | Selected 10/10
  [Client  8] Round 13 | Hier-pFedMe(λ2=35.0,K=3) | loss=0.0028
  [Client  2] Round 13 | Hier-pFedMe(λ2=35.0,K=3) | loss=0.0965
  [Client  0] Round 13 | Hier-pFedMe(λ2=35.0,K=3) | loss=0.1807
  [Client  3] Round 13 | Hier-pFedMe(λ2=35.0,K=3) | loss=0.9585
  [Client  6] Round 13 | Hier-pFedMe(λ2=35.0,K=3) | loss=0.0808
  [Client  9] Round 13 | Hier-pFedMe(λ2=35.0,K=3) | loss=0.0035
  [Client  4] Round 13 | Hier-pFedMe(λ2=35.0,K=3) | loss=0.3983
  [Client  5] Round 13 | Hier-pFedMe(λ2=35.0,K=3) | loss=0.4109
  [Client  7] Round 13 | Hier-pFedMe(λ2=35.0,K=3) | loss=0.9099
  [Client  1] Round 13 | Hier-pFedMe(λ2=35.0,K=3) | loss=0.2041
  [Edge 0] G13 | E5 | loss=0.3603
  [Edge 1] G13 | E1 | Hier-pFedMe | Selected 10/10
  [Client 16] Round 13 | Hier-pFedMe(λ2=35.0,K=3) | loss=0.0502
  [Client 19] Round 13 | Hier-pFedMe(λ2=35.0,K=3) | loss=0.2729
  [Client 10] Round 13 | Hier-pFedMe(λ2=35.0,K=3) | loss=0.2220
  [Client 14] Round 13 | Hier-pFedMe(λ2=35.0,K=3) | loss=0.1265
  [Client 11] Round 13 | Hier-pFedMe(λ2=35.0,K=3) | loss=0.2444
  [Client 15] Round 13 | Hier-pFedMe(λ2=35.0,K=3) | loss=0.2544
  [Client 12] Round 13 | Hier-pFedMe(λ2=35.0,K=3) | loss=0.1168
  [Client 13] Round 13 | Hier-pFedMe(λ2=35.0,K=3) | loss=0.4549
  [Client 18] Round 13 | Hier-pFedMe(λ2=35.0,K=3) | loss=3.3490
  [Client 17] Round 13 | Hier-pFedMe(λ2=35.0,K=3) | loss=0.2339
  [Edge 1] G13 | E1 | loss=0.5325
  [Edge 1] G13 | E2 | Hier-pFedMe | Selected 10/10
  [Client 17] Round 13 | Hier-pFedMe(λ2=35.0,K=3) | loss=0.3859
  [Client 13] Round 13 | Hier-pFedMe(λ2=35.0,K=3) | loss=3.7196  [Client 14] Round 13 | Hier-pFedMe(λ2=35.0,K=3) | loss=0.1556

  [Client 11] Round 13 | Hier-pFedMe(λ2=35.0,K=3) | loss=0.1029
  [Client 12] Round 13 | Hier-pFedMe(λ2=35.0,K=3) | loss=0.0941
  [Client 19] Round 13 | Hier-pFedMe(λ2=35.0,K=3) | loss=0.1810
  [Client 18] Round 13 | Hier-pFedMe(λ2=35.0,K=3) | loss=0.2159
  [Client 16] Round 13 | Hier-pFedMe(λ2=35.0,K=3) | loss=0.1265
  [Client 15] Round 13 | Hier-pFedMe(λ2=35.0,K=3) | loss=0.0932
  [Client 10] Round 13 | Hier-pFedMe(λ2=35.0,K=3) | loss=0.1773
  [Edge 1] G13 | E2 | loss=0.5252
  [Edge 1] G13 | E3 | Hier-pFedMe | Selected 10/10
  [Client 13] Round 13 | Hier-pFedMe(λ2=35.0,K=3) | loss=0.3276
  [Client 12] Round 13 | Hier-pFedMe(λ2=35.0,K=3) | loss=0.0945
  [Client 15] Round 13 | Hier-pFedMe(λ2=35.0,K=3) | loss=0.1718
  [Client 11] Round 13 | Hier-pFedMe(λ2=35.0,K=3) | loss=0.0430
  [Client 18] Round 13 | Hier-pFedMe(λ2=35.0,K=3) | loss=5.8446
  [Client 10] Round 13 | Hier-pFedMe(λ2=35.0,K=3) | loss=0.1441
  [Client 16] Round 13 | Hier-pFedMe(λ2=35.0,K=3) | loss=0.1339
  [Client 14] Round 13 | Hier-pFedMe(λ2=35.0,K=3) | loss=0.1952
  [Client 19] Round 13 | Hier-pFedMe(λ2=35.0,K=3) | loss=0.0645
  [Client 17] Round 13 | Hier-pFedMe(λ2=35.0,K=3) | loss=0.9367
  [Edge 1] G13 | E3 | loss=0.7956
  [Edge 1] G13 | E4 | Hier-pFedMe | Selected 10/10
  [Client 12] Round 13 | Hier-pFedMe(λ2=35.0,K=3) | loss=0.0831
  [Client 19] Round 13 | Hier-pFedMe(λ2=35.0,K=3) | loss=0.0853  [Client 16] Round 13 | Hier-pFedMe(λ2=35.0,K=3) | loss=0.1107

  [Client 11] Round 13 | Hier-pFedMe(λ2=35.0,K=3) | loss=0.0758
  [Client 15] Round 13 | Hier-pFedMe(λ2=35.0,K=3) | loss=0.1287  [Client 17] Round 13 | Hier-pFedMe(λ2=35.0,K=3) | loss=0.4910

  [Client 18] Round 13 | Hier-pFedMe(λ2=35.0,K=3) | loss=0.5322
  [Client 10] Round 13 | Hier-pFedMe(λ2=35.0,K=3) | loss=0.2592
  [Client 14] Round 13 | Hier-pFedMe(λ2=35.0,K=3) | loss=0.1102
  [Client 13] Round 13 | Hier-pFedMe(λ2=35.0,K=3) | loss=3.1024
  [Edge 1] G13 | E4 | loss=0.4979
  [Edge 1] G13 | E5 | Hier-pFedMe | Selected 10/10
  [Client 11] Round 13 | Hier-pFedMe(λ2=35.0,K=3) | loss=0.0579  [Client 17] Round 13 | Hier-pFedMe(λ2=35.0,K=3) | loss=0.2018

  [Client 10] Round 13 | Hier-pFedMe(λ2=35.0,K=3) | loss=0.1328
  [Client 14] Round 13 | Hier-pFedMe(λ2=35.0,K=3) | loss=0.1570
  [Client 13] Round 13 | Hier-pFedMe(λ2=35.0,K=3) | loss=0.3722
  [Client 12] Round 13 | Hier-pFedMe(λ2=35.0,K=3) | loss=0.1182
  [Client 19] Round 13 | Hier-pFedMe(λ2=35.0,K=3) | loss=0.0647
  [Client 16] Round 13 | Hier-pFedMe(λ2=35.0,K=3) | loss=0.0609
  [Client 15] Round 13 | Hier-pFedMe(λ2=35.0,K=3) | loss=0.1438
  [Client 18] Round 13 | Hier-pFedMe(λ2=35.0,K=3) | loss=0.5606
  [Edge 1] G13 | E5 | loss=0.1870
  [Cloud] GM=0.2661 | EM=0.3972 | loss=2.0640 | time=27.9s | comm=4556.2MB (total=59230MB)

[Round  14] Broadcasting to 2 edges...
  [Edge 0] G14 | E1 | Hier-pFedMe | Selected 10/10
  [Client  5] Round 14 | Hier-pFedMe(λ2=35.0,K=3) | loss=0.7560
  [Client  8] Round 14 | Hier-pFedMe(λ2=35.0,K=3) | loss=0.0079
  [Client  7] Round 14 | Hier-pFedMe(λ2=35.0,K=3) | loss=0.4678
  [Client  6] Round 14 | Hier-pFedMe(λ2=35.0,K=3) | loss=0.1459
  [Client  1] Round 14 | Hier-pFedMe(λ2=35.0,K=3) | loss=0.1754
  [Client  9] Round 14 | Hier-pFedMe(λ2=35.0,K=3) | loss=0.0078
  [Client  4] Round 14 | Hier-pFedMe(λ2=35.0,K=3) | loss=0.1079
  [Client  0] Round 14 | Hier-pFedMe(λ2=35.0,K=3) | loss=0.1868
  [Client  2] Round 14 | Hier-pFedMe(λ2=35.0,K=3) | loss=0.4581
  [Client  3] Round 14 | Hier-pFedMe(λ2=35.0,K=3) | loss=0.8502
  [Edge 0] G14 | E1 | loss=0.3507
  [Edge 0] G14 | E2 | Hier-pFedMe | Selected 10/10
  [Client  2] Round 14 | Hier-pFedMe(λ2=35.0,K=3) | loss=0.3212
  [Client  9] Round 14 | Hier-pFedMe(λ2=35.0,K=3) | loss=0.0052
  [Client  5] Round 14 | Hier-pFedMe(λ2=35.0,K=3) | loss=0.4719
  [Client  1] Round 14 | Hier-pFedMe(λ2=35.0,K=3) | loss=0.2063
  [Client  6] Round 14 | Hier-pFedMe(λ2=35.0,K=3) | loss=0.0614
  [Client  0] Round 14 | Hier-pFedMe(λ2=35.0,K=3) | loss=0.3664
  [Client  8] Round 14 | Hier-pFedMe(λ2=35.0,K=3) | loss=0.0072
  [Client  4] Round 14 | Hier-pFedMe(λ2=35.0,K=3) | loss=0.8166
  [Client  7] Round 14 | Hier-pFedMe(λ2=35.0,K=3) | loss=2.1627
  [Client  3] Round 14 | Hier-pFedMe(λ2=35.0,K=3) | loss=0.9376
  [Edge 0] G14 | E2 | loss=0.5945
  [Edge 0] G14 | E3 | Hier-pFedMe | Selected 10/10
  [Client  7] Round 14 | Hier-pFedMe(λ2=35.0,K=3) | loss=0.2209
  [Client  4] Round 14 | Hier-pFedMe(λ2=35.0,K=3) | loss=0.8877
  [Client  5] Round 14 | Hier-pFedMe(λ2=35.0,K=3) | loss=0.2203
  [Client  0] Round 14 | Hier-pFedMe(λ2=35.0,K=3) | loss=0.4104
  [Client  1] Round 14 | Hier-pFedMe(λ2=35.0,K=3) | loss=0.0509
  [Client  3] Round 14 | Hier-pFedMe(λ2=35.0,K=3) | loss=1.2878
  [Client  2] Round 14 | Hier-pFedMe(λ2=35.0,K=3) | loss=0.4331
  [Client  9] Round 14 | Hier-pFedMe(λ2=35.0,K=3) | loss=0.0078
  [Client  8] Round 14 | Hier-pFedMe(λ2=35.0,K=3) | loss=0.0037
  [Client  6] Round 14 | Hier-pFedMe(λ2=35.0,K=3) | loss=0.1056
  [Edge 0] G14 | E3 | loss=0.4025
  [Edge 0] G14 | E4 | Hier-pFedMe | Selected 10/10
  [Client  1] Round 14 | Hier-pFedMe(λ2=35.0,K=3) | loss=0.0790
  [Client  7] Round 14 | Hier-pFedMe(λ2=35.0,K=3) | loss=2.5173
  [Client  3] Round 14 | Hier-pFedMe(λ2=35.0,K=3) | loss=0.0910
  [Client  9] Round 14 | Hier-pFedMe(λ2=35.0,K=3) | loss=0.0044
  [Client  8] Round 14 | Hier-pFedMe(λ2=35.0,K=3) | loss=0.0104
  [Client  2] Round 14 | Hier-pFedMe(λ2=35.0,K=3) | loss=0.4122
  [Client  6] Round 14 | Hier-pFedMe(λ2=35.0,K=3) | loss=0.1828
  [Client  4] Round 14 | Hier-pFedMe(λ2=35.0,K=3) | loss=1.3306
  [Client  5] Round 14 | Hier-pFedMe(λ2=35.0,K=3) | loss=0.3742
  [Client  0] Round 14 | Hier-pFedMe(λ2=35.0,K=3) | loss=0.1611
  [Edge 0] G14 | E4 | loss=0.5729
  [Edge 0] G14 | E5 | Hier-pFedMe | Selected 10/10
  [Client  4] Round 14 | Hier-pFedMe(λ2=35.0,K=3) | loss=0.1069
  [Client  5] Round 14 | Hier-pFedMe(λ2=35.0,K=3) | loss=0.3671
  [Client  6] Round 14 | Hier-pFedMe(λ2=35.0,K=3) | loss=0.1134
  [Client  1] Round 14 | Hier-pFedMe(λ2=35.0,K=3) | loss=0.3347
  [Client  0] Round 14 | Hier-pFedMe(λ2=35.0,K=3) | loss=0.2469
  [Client  2] Round 14 | Hier-pFedMe(λ2=35.0,K=3) | loss=0.3110
  [Client  9] Round 14 | Hier-pFedMe(λ2=35.0,K=3) | loss=0.0028
  [Client  7] Round 14 | Hier-pFedMe(λ2=35.0,K=3) | loss=0.5972
  [Client  8] Round 14 | Hier-pFedMe(λ2=35.0,K=3) | loss=0.0038
  [Client  3] Round 14 | Hier-pFedMe(λ2=35.0,K=3) | loss=0.2064
  [Edge 0] G14 | E5 | loss=0.2541
  [Edge 1] G14 | E1 | Hier-pFedMe | Selected 10/10
  [Client 19] Round 14 | Hier-pFedMe(λ2=35.0,K=3) | loss=0.2045
  [Client 15] Round 14 | Hier-pFedMe(λ2=35.0,K=3) | loss=0.3998
  [Client 17] Round 14 | Hier-pFedMe(λ2=35.0,K=3) | loss=0.2253
  [Client 12] Round 14 | Hier-pFedMe(λ2=35.0,K=3) | loss=0.1909
  [Client 14] Round 14 | Hier-pFedMe(λ2=35.0,K=3) | loss=0.0900
  [Client 13] Round 14 | Hier-pFedMe(λ2=35.0,K=3) | loss=4.0947
  [Client 18] Round 14 | Hier-pFedMe(λ2=35.0,K=3) | loss=0.5800
  [Client 11] Round 14 | Hier-pFedMe(λ2=35.0,K=3) | loss=0.0922
  [Client 10] Round 14 | Hier-pFedMe(λ2=35.0,K=3) | loss=0.5144
  [Client 16] Round 14 | Hier-pFedMe(λ2=35.0,K=3) | loss=0.0497
  [Edge 1] G14 | E1 | loss=0.6442
  [Edge 1] G14 | E2 | Hier-pFedMe | Selected 10/10
  [Client 13] Round 14 | Hier-pFedMe(λ2=35.0,K=3) | loss=0.3939
  [Client 19] Round 14 | Hier-pFedMe(λ2=35.0,K=3) | loss=0.0785
  [Client 16] Round 14 | Hier-pFedMe(λ2=35.0,K=3) | loss=0.1691
  [Client 10] Round 14 | Hier-pFedMe(λ2=35.0,K=3) | loss=0.0738
  [Client 18] Round 14 | Hier-pFedMe(λ2=35.0,K=3) | loss=0.7416
  [Client 12] Round 14 | Hier-pFedMe(λ2=35.0,K=3) | loss=0.0630
  [Client 15] Round 14 | Hier-pFedMe(λ2=35.0,K=3) | loss=0.1691
  [Client 17] Round 14 | Hier-pFedMe(λ2=35.0,K=3) | loss=0.1530
  [Client 11] Round 14 | Hier-pFedMe(λ2=35.0,K=3) | loss=0.0881
  [Client 14] Round 14 | Hier-pFedMe(λ2=35.0,K=3) | loss=0.0550
  [Edge 1] G14 | E2 | loss=0.1985
  [Edge 1] G14 | E3 | Hier-pFedMe | Selected 10/10
  [Client 11] Round 14 | Hier-pFedMe(λ2=35.0,K=3) | loss=0.1354
  [Client 12] Round 14 | Hier-pFedMe(λ2=35.0,K=3) | loss=0.0571
  [Client 17] Round 14 | Hier-pFedMe(λ2=35.0,K=3) | loss=0.3822
  [Client 13] Round 14 | Hier-pFedMe(λ2=35.0,K=3) | loss=0.2366
  [Client 14] Round 14 | Hier-pFedMe(λ2=35.0,K=3) | loss=0.0551
  [Client 19] Round 14 | Hier-pFedMe(λ2=35.0,K=3) | loss=0.1039
  [Client 16] Round 14 | Hier-pFedMe(λ2=35.0,K=3) | loss=0.0569
  [Client 15] Round 14 | Hier-pFedMe(λ2=35.0,K=3) | loss=0.2368
  [Client 10] Round 14 | Hier-pFedMe(λ2=35.0,K=3) | loss=0.1260
  [Client 18] Round 14 | Hier-pFedMe(λ2=35.0,K=3) | loss=0.7834
  [Edge 1] G14 | E3 | loss=0.2173
  [Edge 1] G14 | E4 | Hier-pFedMe | Selected 10/10
  [Client 12] Round 14 | Hier-pFedMe(λ2=35.0,K=3) | loss=0.0956
  [Client 10] Round 14 | Hier-pFedMe(λ2=35.0,K=3) | loss=0.1439
  [Client 11] Round 14 | Hier-pFedMe(λ2=35.0,K=3) | loss=0.1133
  [Client 18] Round 14 | Hier-pFedMe(λ2=35.0,K=3) | loss=2.4653
  [Client 14] Round 14 | Hier-pFedMe(λ2=35.0,K=3) | loss=0.0799
  [Client 13] Round 14 | Hier-pFedMe(λ2=35.0,K=3) | loss=0.2069
  [Client 17] Round 14 | Hier-pFedMe(λ2=35.0,K=3) | loss=0.6623
  [Client 15] Round 14 | Hier-pFedMe(λ2=35.0,K=3) | loss=0.5133
  [Client 16] Round 14 | Hier-pFedMe(λ2=35.0,K=3) | loss=0.2606
  [Client 19] Round 14 | Hier-pFedMe(λ2=35.0,K=3) | loss=0.0796
  [Edge 1] G14 | E4 | loss=0.4621
  [Edge 1] G14 | E5 | Hier-pFedMe | Selected 10/10
  [Client 10] Round 14 | Hier-pFedMe(λ2=35.0,K=3) | loss=0.6899
  [Client 13] Round 14 | Hier-pFedMe(λ2=35.0,K=3) | loss=0.0759
  [Client 18] Round 14 | Hier-pFedMe(λ2=35.0,K=3) | loss=0.5007
  [Client 16] Round 14 | Hier-pFedMe(λ2=35.0,K=3) | loss=0.3382
  [Client 14] Round 14 | Hier-pFedMe(λ2=35.0,K=3) | loss=0.4412
  [Client 12] Round 14 | Hier-pFedMe(λ2=35.0,K=3) | loss=0.3162
  [Client 17] Round 14 | Hier-pFedMe(λ2=35.0,K=3) | loss=0.0401
  [Client 11] Round 14 | Hier-pFedMe(λ2=35.0,K=3) | loss=0.0392
  [Client 19] Round 14 | Hier-pFedMe(λ2=35.0,K=3) | loss=0.0825
  [Client 15] Round 14 | Hier-pFedMe(λ2=35.0,K=3) | loss=0.5737
  [Edge 1] G14 | E5 | loss=0.3098
  [Cloud] GM=0.2750 | EM=0.4098 | loss=2.0466 | time=28.2s | comm=4556.2MB (total=63787MB)

[Round  15] Broadcasting to 2 edges...
  [Edge 0] G15 | E1 | Hier-pFedMe | Selected 10/10
  [Client  2] Round 15 | Hier-pFedMe(λ2=35.0,K=3) | loss=0.7124
  [Client  3] Round 15 | Hier-pFedMe(λ2=35.0,K=3) | loss=0.4748
  [Client  0] Round 15 | Hier-pFedMe(λ2=35.0,K=3) | loss=0.1391
  [Client  6] Round 15 | Hier-pFedMe(λ2=35.0,K=3) | loss=0.5305
  [Client  4] Round 15 | Hier-pFedMe(λ2=35.0,K=3) | loss=0.2583
  [Client  9] Round 15 | Hier-pFedMe(λ2=35.0,K=3) | loss=0.0040
  [Client  5] Round 15 | Hier-pFedMe(λ2=35.0,K=3) | loss=0.1427
  [Client  1] Round 15 | Hier-pFedMe(λ2=35.0,K=3) | loss=0.0780
  [Client  7] Round 15 | Hier-pFedMe(λ2=35.0,K=3) | loss=3.8849
  [Client  8] Round 15 | Hier-pFedMe(λ2=35.0,K=3) | loss=0.0036
  [Edge 0] G15 | E1 | loss=0.6916
  [Edge 0] G15 | E2 | Hier-pFedMe | Selected 10/10
  [Client  6] Round 15 | Hier-pFedMe(λ2=35.0,K=3) | loss=0.2662
  [Client  5] Round 15 | Hier-pFedMe(λ2=35.0,K=3) | loss=0.3635
  [Client  2] Round 15 | Hier-pFedMe(λ2=35.0,K=3) | loss=0.1277
  [Client  9] Round 15 | Hier-pFedMe(λ2=35.0,K=3) | loss=0.0094
  [Client  8] Round 15 | Hier-pFedMe(λ2=35.0,K=3) | loss=0.0073
  [Client  4] Round 15 | Hier-pFedMe(λ2=35.0,K=3) | loss=0.0588
  [Client  7] Round 15 | Hier-pFedMe(λ2=35.0,K=3) | loss=0.2821
  [Client  0] Round 15 | Hier-pFedMe(λ2=35.0,K=3) | loss=0.3202
  [Client  3] Round 15 | Hier-pFedMe(λ2=35.0,K=3) | loss=0.1436
  [Client  1] Round 15 | Hier-pFedMe(λ2=35.0,K=3) | loss=0.1858
  [Edge 0] G15 | E2 | loss=0.1951
  [Edge 0] G15 | E3 | Hier-pFedMe | Selected 10/10
  [Client  7] Round 15 | Hier-pFedMe(λ2=35.0,K=3) | loss=4.0711
  [Client  0] Round 15 | Hier-pFedMe(λ2=35.0,K=3) | loss=0.2575
  [Client  9] Round 15 | Hier-pFedMe(λ2=35.0,K=3) | loss=0.0042
  [Client  6] Round 15 | Hier-pFedMe(λ2=35.0,K=3) | loss=0.0741
  [Client  1] Round 15 | Hier-pFedMe(λ2=35.0,K=3) | loss=0.5773
  [Client  4] Round 15 | Hier-pFedMe(λ2=35.0,K=3) | loss=0.3893
  [Client  3] Round 15 | Hier-pFedMe(λ2=35.0,K=3) | loss=0.2021
  [Client  2] Round 15 | Hier-pFedMe(λ2=35.0,K=3) | loss=0.1482
  [Client  8] Round 15 | Hier-pFedMe(λ2=35.0,K=3) | loss=0.0022
  [Client  5] Round 15 | Hier-pFedMe(λ2=35.0,K=3) | loss=0.1983
  [Edge 0] G15 | E3 | loss=0.6579
  [Edge 0] G15 | E4 | Hier-pFedMe | Selected 10/10
  [Client  0] Round 15 | Hier-pFedMe(λ2=35.0,K=3) | loss=0.1372  [Client  5] Round 15 | Hier-pFedMe(λ2=35.0,K=3) | loss=0.4222

  [Client  9] Round 15 | Hier-pFedMe(λ2=35.0,K=3) | loss=0.0033
  [Client  6] Round 15 | Hier-pFedMe(λ2=35.0,K=3) | loss=0.1856
  [Client  1] Round 15 | Hier-pFedMe(λ2=35.0,K=3) | loss=0.1263
  [Client  4] Round 15 | Hier-pFedMe(λ2=35.0,K=3) | loss=0.1742
  [Client  2] Round 15 | Hier-pFedMe(λ2=35.0,K=3) | loss=0.1355
  [Client  3] Round 15 | Hier-pFedMe(λ2=35.0,K=3) | loss=0.1882
  [Client  7] Round 15 | Hier-pFedMe(λ2=35.0,K=3) | loss=0.3563
  [Client  8] Round 15 | Hier-pFedMe(λ2=35.0,K=3) | loss=0.0044
  [Edge 0] G15 | E4 | loss=0.1922
  [Edge 0] G15 | E5 | Hier-pFedMe | Selected 10/10
  [Client  1] Round 15 | Hier-pFedMe(λ2=35.0,K=3) | loss=0.2141
  [Client  3] Round 15 | Hier-pFedMe(λ2=35.0,K=3) | loss=0.2781
  [Client  2] Round 15 | Hier-pFedMe(λ2=35.0,K=3) | loss=0.1549
  [Client  7] Round 15 | Hier-pFedMe(λ2=35.0,K=3) | loss=2.6529
  [Client  6] Round 15 | Hier-pFedMe(λ2=35.0,K=3) | loss=0.2341
  [Client  4] Round 15 | Hier-pFedMe(λ2=35.0,K=3) | loss=0.5842
  [Client  0] Round 15 | Hier-pFedMe(λ2=35.0,K=3) | loss=0.2145
  [Client  8] Round 15 | Hier-pFedMe(λ2=35.0,K=3) | loss=0.0037
  [Client  9] Round 15 | Hier-pFedMe(λ2=35.0,K=3) | loss=0.0041
  [Client  5] Round 15 | Hier-pFedMe(λ2=35.0,K=3) | loss=1.3764
  [Edge 0] G15 | E5 | loss=0.6348
  [Edge 1] G15 | E1 | Hier-pFedMe | Selected 10/10
  [Client 10] Round 15 | Hier-pFedMe(λ2=35.0,K=3) | loss=1.1030
  [Client 13] Round 15 | Hier-pFedMe(λ2=35.0,K=3) | loss=0.3311
  [Client 14] Round 15 | Hier-pFedMe(λ2=35.0,K=3) | loss=0.0715
  [Client 17] Round 15 | Hier-pFedMe(λ2=35.0,K=3) | loss=0.3189
  [Client 19] Round 15 | Hier-pFedMe(λ2=35.0,K=3) | loss=0.0858
  [Client 18] Round 15 | Hier-pFedMe(λ2=35.0,K=3) | loss=0.9997
  [Client 11] Round 15 | Hier-pFedMe(λ2=35.0,K=3) | loss=0.0766
  [Client 15] Round 15 | Hier-pFedMe(λ2=35.0,K=3) | loss=0.1260
  [Client 12] Round 15 | Hier-pFedMe(λ2=35.0,K=3) | loss=0.2366
  [Client 16] Round 15 | Hier-pFedMe(λ2=35.0,K=3) | loss=0.1344
  [Edge 1] G15 | E1 | loss=0.3484
  [Edge 1] G15 | E2 | Hier-pFedMe | Selected 10/10
  [Client 14] Round 15 | Hier-pFedMe(λ2=35.0,K=3) | loss=0.1331
  [Client 15] Round 15 | Hier-pFedMe(λ2=35.0,K=3) | loss=0.1062
  [Client 19] Round 15 | Hier-pFedMe(λ2=35.0,K=3) | loss=0.0666
  [Client 16] Round 15 | Hier-pFedMe(λ2=35.0,K=3) | loss=0.1146
  [Client 13] Round 15 | Hier-pFedMe(λ2=35.0,K=3) | loss=0.2729
  [Client 18] Round 15 | Hier-pFedMe(λ2=35.0,K=3) | loss=0.3302
  [Client 12] Round 15 | Hier-pFedMe(λ2=35.0,K=3) | loss=0.1007
  [Client 10] Round 15 | Hier-pFedMe(λ2=35.0,K=3) | loss=0.5530
  [Client 11] Round 15 | Hier-pFedMe(λ2=35.0,K=3) | loss=0.0583
  [Client 17] Round 15 | Hier-pFedMe(λ2=35.0,K=3) | loss=0.6072
  [Edge 1] G15 | E2 | loss=0.2343
  [Edge 1] G15 | E3 | Hier-pFedMe | Selected 10/10
  [Client 10] Round 15 | Hier-pFedMe(λ2=35.0,K=3) | loss=0.0745
  [Client 11] Round 15 | Hier-pFedMe(λ2=35.0,K=3) | loss=0.3181
  [Client 14] Round 15 | Hier-pFedMe(λ2=35.0,K=3) | loss=0.0990
  [Client 17] Round 15 | Hier-pFedMe(λ2=35.0,K=3) | loss=0.7371
  [Client 16] Round 15 | Hier-pFedMe(λ2=35.0,K=3) | loss=0.0948
  [Client 18] Round 15 | Hier-pFedMe(λ2=35.0,K=3) | loss=2.0637
  [Client 19] Round 15 | Hier-pFedMe(λ2=35.0,K=3) | loss=0.0740
  [Client 12] Round 15 | Hier-pFedMe(λ2=35.0,K=3) | loss=0.1100
  [Client 15] Round 15 | Hier-pFedMe(λ2=35.0,K=3) | loss=0.2630
  [Client 13] Round 15 | Hier-pFedMe(λ2=35.0,K=3) | loss=0.2040
  [Edge 1] G15 | E3 | loss=0.4038
  [Edge 1] G15 | E4 | Hier-pFedMe | Selected 10/10
  [Client 18] Round 15 | Hier-pFedMe(λ2=35.0,K=3) | loss=0.4301
  [Client 12] Round 15 | Hier-pFedMe(λ2=35.0,K=3) | loss=0.2527
  [Client 16] Round 15 | Hier-pFedMe(λ2=35.0,K=3) | loss=0.2490
  [Client 17] Round 15 | Hier-pFedMe(λ2=35.0,K=3) | loss=0.1708
  [Client 11] Round 15 | Hier-pFedMe(λ2=35.0,K=3) | loss=0.0578
  [Client 19] Round 15 | Hier-pFedMe(λ2=35.0,K=3) | loss=0.1354
  [Client 13] Round 15 | Hier-pFedMe(λ2=35.0,K=3) | loss=0.2259
  [Client 10] Round 15 | Hier-pFedMe(λ2=35.0,K=3) | loss=0.0948
  [Client 15] Round 15 | Hier-pFedMe(λ2=35.0,K=3) | loss=0.2071
  [Client 14] Round 15 | Hier-pFedMe(λ2=35.0,K=3) | loss=0.0660
  [Edge 1] G15 | E4 | loss=0.1889
  [Edge 1] G15 | E5 | Hier-pFedMe | Selected 10/10
  [Client 19] Round 15 | Hier-pFedMe(λ2=35.0,K=3) | loss=0.1649  [Client 17] Round 15 | Hier-pFedMe(λ2=35.0,K=3) | loss=0.2091

  [Client 16] Round 15 | Hier-pFedMe(λ2=35.0,K=3) | loss=0.1280
  [Client 11] Round 15 | Hier-pFedMe(λ2=35.0,K=3) | loss=0.1668
  [Client 14] Round 15 | Hier-pFedMe(λ2=35.0,K=3) | loss=0.0787
  [Client 13] Round 15 | Hier-pFedMe(λ2=35.0,K=3) | loss=0.1526
  [Client 10] Round 15 | Hier-pFedMe(λ2=35.0,K=3) | loss=0.1237
  [Client 15] Round 15 | Hier-pFedMe(λ2=35.0,K=3) | loss=0.7142
  [Client 12] Round 15 | Hier-pFedMe(λ2=35.0,K=3) | loss=0.0697
  [Client 18] Round 15 | Hier-pFedMe(λ2=35.0,K=3) | loss=3.0901
  [Edge 1] G15 | E5 | loss=0.4898
  [Cloud] GM=0.2857 | EM=0.4113 PM=0.6598 | loss=2.0191 | time=38.7s | comm=4556.2MB (total=68343MB)

[Round  16] Broadcasting to 2 edges...
  [Edge 0] G16 | E1 | Hier-pFedMe | Selected 10/10
  [Client  6] Round 16 | Hier-pFedMe(λ2=35.0,K=3) | loss=0.1554
  [Client  5] Round 16 | Hier-pFedMe(λ2=35.0,K=3) | loss=0.6694
  [Client  7] Round 16 | Hier-pFedMe(λ2=35.0,K=3) | loss=0.6009
  [Client  9] Round 16 | Hier-pFedMe(λ2=35.0,K=3) | loss=0.0051
  [Client  3] Round 16 | Hier-pFedMe(λ2=35.0,K=3) | loss=0.1845
  [Client  8] Round 16 | Hier-pFedMe(λ2=35.0,K=3) | loss=0.0084
  [Client  0] Round 16 | Hier-pFedMe(λ2=35.0,K=3) | loss=0.2969
  [Client  1] Round 16 | Hier-pFedMe(λ2=35.0,K=3) | loss=0.1176
  [Client  2] Round 16 | Hier-pFedMe(λ2=35.0,K=3) | loss=0.0834
  [Client  4] Round 16 | Hier-pFedMe(λ2=35.0,K=3) | loss=0.0816
  [Edge 0] G16 | E1 | loss=0.2441
  [Edge 0] G16 | E2 | Hier-pFedMe | Selected 10/10
  [Client  3] Round 16 | Hier-pFedMe(λ2=35.0,K=3) | loss=0.7040
  [Client  2] Round 16 | Hier-pFedMe(λ2=35.0,K=3) | loss=0.2170
  [Client  0] Round 16 | Hier-pFedMe(λ2=35.0,K=3) | loss=0.1118
  [Client  8] Round 16 | Hier-pFedMe(λ2=35.0,K=3) | loss=0.0038
  [Client  4] Round 16 | Hier-pFedMe(λ2=35.0,K=3) | loss=0.5553
  [Client  7] Round 16 | Hier-pFedMe(λ2=35.0,K=3) | loss=1.5368
  [Client  1] Round 16 | Hier-pFedMe(λ2=35.0,K=3) | loss=0.2083
  [Client  6] Round 16 | Hier-pFedMe(λ2=35.0,K=3) | loss=0.1117
  [Client  5] Round 16 | Hier-pFedMe(λ2=35.0,K=3) | loss=1.7181
  [Client  9] Round 16 | Hier-pFedMe(λ2=35.0,K=3) | loss=0.0065
  [Edge 0] G16 | E2 | loss=0.5742
  [Edge 0] G16 | E3 | Hier-pFedMe | Selected 10/10
  [Client  1] Round 16 | Hier-pFedMe(λ2=35.0,K=3) | loss=0.1811
  [Client  2] Round 16 | Hier-pFedMe(λ2=35.0,K=3) | loss=0.1962
  [Client  4] Round 16 | Hier-pFedMe(λ2=35.0,K=3) | loss=0.0994
  [Client  5] Round 16 | Hier-pFedMe(λ2=35.0,K=3) | loss=0.7444
  [Client  7] Round 16 | Hier-pFedMe(λ2=35.0,K=3) | loss=0.2027
  [Client  3] Round 16 | Hier-pFedMe(λ2=35.0,K=3) | loss=0.4425
  [Client  9] Round 16 | Hier-pFedMe(λ2=35.0,K=3) | loss=0.0035
  [Client  0] Round 16 | Hier-pFedMe(λ2=35.0,K=3) | loss=0.1029
  [Client  6] Round 16 | Hier-pFedMe(λ2=35.0,K=3) | loss=0.0915
  [Client  8] Round 16 | Hier-pFedMe(λ2=35.0,K=3) | loss=0.0028
  [Edge 0] G16 | E3 | loss=0.2293
  [Edge 0] G16 | E4 | Hier-pFedMe | Selected 10/10
  [Client  2] Round 16 | Hier-pFedMe(λ2=35.0,K=3) | loss=0.1404
  [Client  5] Round 16 | Hier-pFedMe(λ2=35.0,K=3) | loss=1.0779
  [Client  7] Round 16 | Hier-pFedMe(λ2=35.0,K=3) | loss=0.9287
  [Client  8] Round 16 | Hier-pFedMe(λ2=35.0,K=3) | loss=0.0046
  [Client  0] Round 16 | Hier-pFedMe(λ2=35.0,K=3) | loss=0.2286
  [Client  9] Round 16 | Hier-pFedMe(λ2=35.0,K=3) | loss=0.0031
  [Client  6] Round 16 | Hier-pFedMe(λ2=35.0,K=3) | loss=0.1697
  [Client  1] Round 16 | Hier-pFedMe(λ2=35.0,K=3) | loss=0.0612
  [Client  4] Round 16 | Hier-pFedMe(λ2=35.0,K=3) | loss=0.6426
  [Client  3] Round 16 | Hier-pFedMe(λ2=35.0,K=3) | loss=0.4110
  [Edge 0] G16 | E4 | loss=0.4071
  [Edge 0] G16 | E5 | Hier-pFedMe | Selected 10/10
  [Client  7] Round 16 | Hier-pFedMe(λ2=35.0,K=3) | loss=0.4206
  [Client  2] Round 16 | Hier-pFedMe(λ2=35.0,K=3) | loss=0.0926
  [Client  4] Round 16 | Hier-pFedMe(λ2=35.0,K=3) | loss=0.3548
  [Client  3] Round 16 | Hier-pFedMe(λ2=35.0,K=3) | loss=0.2720
  [Client  0] Round 16 | Hier-pFedMe(λ2=35.0,K=3) | loss=0.0873
  [Client  5] Round 16 | Hier-pFedMe(λ2=35.0,K=3) | loss=2.3875
  [Client  8] Round 16 | Hier-pFedMe(λ2=35.0,K=3) | loss=0.0032
  [Client  1] Round 16 | Hier-pFedMe(λ2=35.0,K=3) | loss=0.5337
  [Client  6] Round 16 | Hier-pFedMe(λ2=35.0,K=3) | loss=0.0680
  [Client  9] Round 16 | Hier-pFedMe(λ2=35.0,K=3) | loss=0.0048
  [Edge 0] G16 | E5 | loss=0.4689
  [Edge 1] G16 | E1 | Hier-pFedMe | Selected 10/10
  [Client 13] Round 16 | Hier-pFedMe(λ2=35.0,K=3) | loss=0.1973
  [Client 17] Round 16 | Hier-pFedMe(λ2=35.0,K=3) | loss=0.4048
  [Client 12] Round 16 | Hier-pFedMe(λ2=35.0,K=3) | loss=0.4263
  [Client 10] Round 16 | Hier-pFedMe(λ2=35.0,K=3) | loss=0.1657
  [Client 15] Round 16 | Hier-pFedMe(λ2=35.0,K=3) | loss=0.2500
  [Client 19] Round 16 | Hier-pFedMe(λ2=35.0,K=3) | loss=0.1051
  [Client 11] Round 16 | Hier-pFedMe(λ2=35.0,K=3) | loss=0.2484
  [Client 18] Round 16 | Hier-pFedMe(λ2=35.0,K=3) | loss=0.2690
  [Client 14] Round 16 | Hier-pFedMe(λ2=35.0,K=3) | loss=0.1796
  [Client 16] Round 16 | Hier-pFedMe(λ2=35.0,K=3) | loss=0.0416
  [Edge 1] G16 | E1 | loss=0.2288
  [Edge 1] G16 | E2 | Hier-pFedMe | Selected 10/10
  [Client 10] Round 16 | Hier-pFedMe(λ2=35.0,K=3) | loss=0.0845
  [Client 15] Round 16 | Hier-pFedMe(λ2=35.0,K=3) | loss=0.4386
  [Client 12] Round 16 | Hier-pFedMe(λ2=35.0,K=3) | loss=0.1133
  [Client 11] Round 16 | Hier-pFedMe(λ2=35.0,K=3) | loss=0.1534
  [Client 18] Round 16 | Hier-pFedMe(λ2=35.0,K=3) | loss=0.6618
  [Client 14] Round 16 | Hier-pFedMe(λ2=35.0,K=3) | loss=0.0526
  [Client 16] Round 16 | Hier-pFedMe(λ2=35.0,K=3) | loss=0.1171
  [Client 19] Round 16 | Hier-pFedMe(λ2=35.0,K=3) | loss=0.0753
  [Client 17] Round 16 | Hier-pFedMe(λ2=35.0,K=3) | loss=0.2924
  [Client 13] Round 16 | Hier-pFedMe(λ2=35.0,K=3) | loss=0.1146
  [Edge 1] G16 | E2 | loss=0.2104
  [Edge 1] G16 | E3 | Hier-pFedMe | Selected 10/10
  [Client 11] Round 16 | Hier-pFedMe(λ2=35.0,K=3) | loss=0.0754
  [Client 12] Round 16 | Hier-pFedMe(λ2=35.0,K=3) | loss=0.0675
  [Client 18] Round 16 | Hier-pFedMe(λ2=35.0,K=3) | loss=0.5122
  [Client 17] Round 16 | Hier-pFedMe(λ2=35.0,K=3) | loss=0.2715
  [Client 16] Round 16 | Hier-pFedMe(λ2=35.0,K=3) | loss=0.1234
  [Client 19] Round 16 | Hier-pFedMe(λ2=35.0,K=3) | loss=0.0192
  [Client 13] Round 16 | Hier-pFedMe(λ2=35.0,K=3) | loss=0.1427
  [Client 10] Round 16 | Hier-pFedMe(λ2=35.0,K=3) | loss=0.0836
  [Client 15] Round 16 | Hier-pFedMe(λ2=35.0,K=3) | loss=0.1863
  [Client 14] Round 16 | Hier-pFedMe(λ2=35.0,K=3) | loss=0.1333
  [Edge 1] G16 | E3 | loss=0.1615
  [Edge 1] G16 | E4 | Hier-pFedMe | Selected 10/10
  [Client 18] Round 16 | Hier-pFedMe(λ2=35.0,K=3) | loss=0.3232
  [Client 10] Round 16 | Hier-pFedMe(λ2=35.0,K=3) | loss=0.0592
  [Client 11] Round 16 | Hier-pFedMe(λ2=35.0,K=3) | loss=0.1870
  [Client 14] Round 16 | Hier-pFedMe(λ2=35.0,K=3) | loss=0.2071
  [Client 15] Round 16 | Hier-pFedMe(λ2=35.0,K=3) | loss=0.3027
  [Client 16] Round 16 | Hier-pFedMe(λ2=35.0,K=3) | loss=0.2633
  [Client 19] Round 16 | Hier-pFedMe(λ2=35.0,K=3) | loss=0.1183
  [Client 12] Round 16 | Hier-pFedMe(λ2=35.0,K=3) | loss=0.0724
  [Client 17] Round 16 | Hier-pFedMe(λ2=35.0,K=3) | loss=0.4205
  [Client 13] Round 16 | Hier-pFedMe(λ2=35.0,K=3) | loss=0.1884
  [Edge 1] G16 | E4 | loss=0.2142
  [Edge 1] G16 | E5 | Hier-pFedMe | Selected 10/10
  [Client 15] Round 16 | Hier-pFedMe(λ2=35.0,K=3) | loss=0.5679
  [Client 11] Round 16 | Hier-pFedMe(λ2=35.0,K=3) | loss=0.0649
  [Client 19] Round 16 | Hier-pFedMe(λ2=35.0,K=3) | loss=0.4051
  [Client 17] Round 16 | Hier-pFedMe(λ2=35.0,K=3) | loss=0.3794
  [Client 12] Round 16 | Hier-pFedMe(λ2=35.0,K=3) | loss=0.0569
  [Client 13] Round 16 | Hier-pFedMe(λ2=35.0,K=3) | loss=0.8262
  [Client 18] Round 16 | Hier-pFedMe(λ2=35.0,K=3) | loss=0.6691
  [Client 16] Round 16 | Hier-pFedMe(λ2=35.0,K=3) | loss=0.0486
  [Client 10] Round 16 | Hier-pFedMe(λ2=35.0,K=3) | loss=0.1192
  [Client 14] Round 16 | Hier-pFedMe(λ2=35.0,K=3) | loss=0.5865
  [Edge 1] G16 | E5 | loss=0.3724
  [Cloud] GM=0.2780 | EM=0.3967 | loss=2.0337 | time=28.5s | comm=4556.2MB (total=72899MB)

[Round  17] Broadcasting to 2 edges...
  [Edge 0] G17 | E1 | Hier-pFedMe | Selected 10/10
  [Client  2] Round 17 | Hier-pFedMe(λ2=35.0,K=3) | loss=0.4405
  [Client  4] Round 17 | Hier-pFedMe(λ2=35.0,K=3) | loss=0.0729
  [Client  6] Round 17 | Hier-pFedMe(λ2=35.0,K=3) | loss=0.1769
  [Client  0] Round 17 | Hier-pFedMe(λ2=35.0,K=3) | loss=0.9807
  [Client  1] Round 17 | Hier-pFedMe(λ2=35.0,K=3) | loss=0.2705
  [Client  7] Round 17 | Hier-pFedMe(λ2=35.0,K=3) | loss=0.5553
  [Client  5] Round 17 | Hier-pFedMe(λ2=35.0,K=3) | loss=1.5826
  [Client  9] Round 17 | Hier-pFedMe(λ2=35.0,K=3) | loss=0.0021
  [Client  8] Round 17 | Hier-pFedMe(λ2=35.0,K=3) | loss=0.0039
  [Client  3] Round 17 | Hier-pFedMe(λ2=35.0,K=3) | loss=1.9302
  [Edge 0] G17 | E1 | loss=0.6681
  [Edge 0] G17 | E2 | Hier-pFedMe | Selected 10/10
  [Client  4] Round 17 | Hier-pFedMe(λ2=35.0,K=3) | loss=0.1653
  [Client  8] Round 17 | Hier-pFedMe(λ2=35.0,K=3) | loss=0.0062
  [Client  2] Round 17 | Hier-pFedMe(λ2=35.0,K=3) | loss=0.0963
  [Client  5] Round 17 | Hier-pFedMe(λ2=35.0,K=3) | loss=0.9066
  [Client  1] Round 17 | Hier-pFedMe(λ2=35.0,K=3) | loss=0.0575
  [Client  6] Round 17 | Hier-pFedMe(λ2=35.0,K=3) | loss=0.8629
  [Client  9] Round 17 | Hier-pFedMe(λ2=35.0,K=3) | loss=0.0094
  [Client  7] Round 17 | Hier-pFedMe(λ2=35.0,K=3) | loss=0.5893
  [Client  0] Round 17 | Hier-pFedMe(λ2=35.0,K=3) | loss=0.0944
  [Client  3] Round 17 | Hier-pFedMe(λ2=35.0,K=3) | loss=0.2505
  [Edge 0] G17 | E2 | loss=0.3367
  [Edge 0] G17 | E3 | Hier-pFedMe | Selected 10/10
  [Client  3] Round 17 | Hier-pFedMe(λ2=35.0,K=3) | loss=2.3381
  [Client  6] Round 17 | Hier-pFedMe(λ2=35.0,K=3) | loss=0.6529
  [Client  7] Round 17 | Hier-pFedMe(λ2=35.0,K=3) | loss=2.7759
  [Client  1] Round 17 | Hier-pFedMe(λ2=35.0,K=3) | loss=0.1079
  [Client  0] Round 17 | Hier-pFedMe(λ2=35.0,K=3) | loss=0.1609
  [Client  8] Round 17 | Hier-pFedMe(λ2=35.0,K=3) | loss=0.0058
  [Client  9] Round 17 | Hier-pFedMe(λ2=35.0,K=3) | loss=0.0029
  [Client  4] Round 17 | Hier-pFedMe(λ2=35.0,K=3) | loss=0.1285
  [Client  5] Round 17 | Hier-pFedMe(λ2=35.0,K=3) | loss=3.2540
  [Client  2] Round 17 | Hier-pFedMe(λ2=35.0,K=3) | loss=0.1416
  [Edge 0] G17 | E3 | loss=1.0627
  [Edge 0] G17 | E4 | Hier-pFedMe | Selected 10/10
  [Client  4] Round 17 | Hier-pFedMe(λ2=35.0,K=3) | loss=0.1528
  [Client  8] Round 17 | Hier-pFedMe(λ2=35.0,K=3) | loss=0.0069
  [Client  9] Round 17 | Hier-pFedMe(λ2=35.0,K=3) | loss=0.0110
  [Client  1] Round 17 | Hier-pFedMe(λ2=35.0,K=3) | loss=0.1603
  [Client  0] Round 17 | Hier-pFedMe(λ2=35.0,K=3) | loss=0.2046
  [Client  2] Round 17 | Hier-pFedMe(λ2=35.0,K=3) | loss=0.1176
  [Client  5] Round 17 | Hier-pFedMe(λ2=35.0,K=3) | loss=0.0878
  [Client  6] Round 17 | Hier-pFedMe(λ2=35.0,K=3) | loss=0.3291
  [Client  7] Round 17 | Hier-pFedMe(λ2=35.0,K=3) | loss=0.4739
  [Client  3] Round 17 | Hier-pFedMe(λ2=35.0,K=3) | loss=0.5204
  [Edge 0] G17 | E4 | loss=0.2284
  [Edge 0] G17 | E5 | Hier-pFedMe | Selected 10/10
  [Client  1] Round 17 | Hier-pFedMe(λ2=35.0,K=3) | loss=0.1086
  [Client  9] Round 17 | Hier-pFedMe(λ2=35.0,K=3) | loss=0.0023
  [Client  8] Round 17 | Hier-pFedMe(λ2=35.0,K=3) | loss=0.0040
  [Client  4] Round 17 | Hier-pFedMe(λ2=35.0,K=3) | loss=0.2316
  [Client  7] Round 17 | Hier-pFedMe(λ2=35.0,K=3) | loss=0.4528
  [Client  2] Round 17 | Hier-pFedMe(λ2=35.0,K=3) | loss=0.1263
  [Client  0] Round 17 | Hier-pFedMe(λ2=35.0,K=3) | loss=0.0941
  [Client  5] Round 17 | Hier-pFedMe(λ2=35.0,K=3) | loss=1.9083
  [Client  6] Round 17 | Hier-pFedMe(λ2=35.0,K=3) | loss=0.1020
  [Client  3] Round 17 | Hier-pFedMe(λ2=35.0,K=3) | loss=2.3307
  [Edge 0] G17 | E5 | loss=0.5953
  [Edge 1] G17 | E1 | Hier-pFedMe | Selected 10/10
  [Client 13] Round 17 | Hier-pFedMe(λ2=35.0,K=3) | loss=0.5495
  [Client 15] Round 17 | Hier-pFedMe(λ2=35.0,K=3) | loss=1.3032
  [Client 11] Round 17 | Hier-pFedMe(λ2=35.0,K=3) | loss=0.0809
  [Client 14] Round 17 | Hier-pFedMe(λ2=35.0,K=3) | loss=1.3003
  [Client 16] Round 17 | Hier-pFedMe(λ2=35.0,K=3) | loss=0.0527
  [Client 19] Round 17 | Hier-pFedMe(λ2=35.0,K=3) | loss=0.0989
  [Client 12] Round 17 | Hier-pFedMe(λ2=35.0,K=3) | loss=0.2699
  [Client 17] Round 17 | Hier-pFedMe(λ2=35.0,K=3) | loss=1.0886
  [Client 18] Round 17 | Hier-pFedMe(λ2=35.0,K=3) | loss=0.1556
  [Client 10] Round 17 | Hier-pFedMe(λ2=35.0,K=3) | loss=0.2619
  [Edge 1] G17 | E1 | loss=0.5161
  [Edge 1] G17 | E2 | Hier-pFedMe | Selected 10/10
  [Client 19] Round 17 | Hier-pFedMe(λ2=35.0,K=3) | loss=0.0152
  [Client 14] Round 17 | Hier-pFedMe(λ2=35.0,K=3) | loss=0.2994
  [Client 11] Round 17 | Hier-pFedMe(λ2=35.0,K=3) | loss=0.1703
  [Client 17] Round 17 | Hier-pFedMe(λ2=35.0,K=3) | loss=0.9060
  [Client 15] Round 17 | Hier-pFedMe(λ2=35.0,K=3) | loss=0.2732
  [Client 12] Round 17 | Hier-pFedMe(λ2=35.0,K=3) | loss=0.0950
  [Client 10] Round 17 | Hier-pFedMe(λ2=35.0,K=3) | loss=0.0667
  [Client 13] Round 17 | Hier-pFedMe(λ2=35.0,K=3) | loss=0.2161
  [Client 18] Round 17 | Hier-pFedMe(λ2=35.0,K=3) | loss=0.3342
  [Client 16] Round 17 | Hier-pFedMe(λ2=35.0,K=3) | loss=0.0800
  [Edge 1] G17 | E2 | loss=0.2456
  [Edge 1] G17 | E3 | Hier-pFedMe | Selected 10/10
  [Client 16] Round 17 | Hier-pFedMe(λ2=35.0,K=3) | loss=0.1096
  [Client 14] Round 17 | Hier-pFedMe(λ2=35.0,K=3) | loss=0.3558
  [Client 17] Round 17 | Hier-pFedMe(λ2=35.0,K=3) | loss=1.4857
  [Client 10] Round 17 | Hier-pFedMe(λ2=35.0,K=3) | loss=0.0935
  [Client 12] Round 17 | Hier-pFedMe(λ2=35.0,K=3) | loss=0.0362
  [Client 15] Round 17 | Hier-pFedMe(λ2=35.0,K=3) | loss=0.6603
  [Client 13] Round 17 | Hier-pFedMe(λ2=35.0,K=3) | loss=0.1157
  [Client 11] Round 17 | Hier-pFedMe(λ2=35.0,K=3) | loss=0.0628
  [Client 18] Round 17 | Hier-pFedMe(λ2=35.0,K=3) | loss=0.7752
  [Client 19] Round 17 | Hier-pFedMe(λ2=35.0,K=3) | loss=0.0968
  [Edge 1] G17 | E3 | loss=0.3791
  [Edge 1] G17 | E4 | Hier-pFedMe | Selected 10/10
  [Client 14] Round 17 | Hier-pFedMe(λ2=35.0,K=3) | loss=0.3156
  [Client 16] Round 17 | Hier-pFedMe(λ2=35.0,K=3) | loss=0.0402
  [Client 19] Round 17 | Hier-pFedMe(λ2=35.0,K=3) | loss=0.7657
  [Client 12] Round 17 | Hier-pFedMe(λ2=35.0,K=3) | loss=0.0517
  [Client 18] Round 17 | Hier-pFedMe(λ2=35.0,K=3) | loss=0.1479
  [Client 13] Round 17 | Hier-pFedMe(λ2=35.0,K=3) | loss=0.1202
  [Client 15] Round 17 | Hier-pFedMe(λ2=35.0,K=3) | loss=0.4851
  [Client 10] Round 17 | Hier-pFedMe(λ2=35.0,K=3) | loss=0.0308
  [Client 11] Round 17 | Hier-pFedMe(λ2=35.0,K=3) | loss=0.0845
  [Client 17] Round 17 | Hier-pFedMe(λ2=35.0,K=3) | loss=0.4226
  [Edge 1] G17 | E4 | loss=0.2464
  [Edge 1] G17 | E5 | Hier-pFedMe | Selected 10/10
  [Client 15] Round 17 | Hier-pFedMe(λ2=35.0,K=3) | loss=0.7137
  [Client 13] Round 17 | Hier-pFedMe(λ2=35.0,K=3) | loss=0.1303
  [Client 11] Round 17 | Hier-pFedMe(λ2=35.0,K=3) | loss=0.0413
  [Client 16] Round 17 | Hier-pFedMe(λ2=35.0,K=3) | loss=0.0577
  [Client 19] Round 17 | Hier-pFedMe(λ2=35.0,K=3) | loss=0.5999
  [Client 18] Round 17 | Hier-pFedMe(λ2=35.0,K=3) | loss=0.3728
  [Client 12] Round 17 | Hier-pFedMe(λ2=35.0,K=3) | loss=0.1083
  [Client 17] Round 17 | Hier-pFedMe(λ2=35.0,K=3) | loss=0.2433
  [Client 14] Round 17 | Hier-pFedMe(λ2=35.0,K=3) | loss=0.0270
  [Client 10] Round 17 | Hier-pFedMe(λ2=35.0,K=3) | loss=0.1059
  [Edge 1] G17 | E5 | loss=0.2400
  [Cloud] GM=0.2898 | EM=0.4156 | loss=2.0022 | time=28.0s | comm=4556.2MB (total=77455MB)

[Round  18] Broadcasting to 2 edges...
  [Edge 0] G18 | E1 | Hier-pFedMe | Selected 10/10
  [Client  2] Round 18 | Hier-pFedMe(λ2=35.0,K=3) | loss=0.2343  [Client  0] Round 18 | Hier-pFedMe(λ2=35.0,K=3) | loss=0.1792

  [Client  1] Round 18 | Hier-pFedMe(λ2=35.0,K=3) | loss=0.0987
  [Client  5] Round 18 | Hier-pFedMe(λ2=35.0,K=3) | loss=0.4149
  [Client  8] Round 18 | Hier-pFedMe(λ2=35.0,K=3) | loss=0.0100
  [Client  3] Round 18 | Hier-pFedMe(λ2=35.0,K=3) | loss=0.2435
  [Client  9] Round 18 | Hier-pFedMe(λ2=35.0,K=3) | loss=0.0090
  [Client  4] Round 18 | Hier-pFedMe(λ2=35.0,K=3) | loss=0.1640
  [Client  7] Round 18 | Hier-pFedMe(λ2=35.0,K=3) | loss=0.6605
  [Client  6] Round 18 | Hier-pFedMe(λ2=35.0,K=3) | loss=0.0912
  [Edge 0] G18 | E1 | loss=0.2329
  [Edge 0] G18 | E2 | Hier-pFedMe | Selected 10/10
  [Client  5] Round 18 | Hier-pFedMe(λ2=35.0,K=3) | loss=2.8293
  [Client  8] Round 18 | Hier-pFedMe(λ2=35.0,K=3) | loss=0.0054
  [Client  4] Round 18 | Hier-pFedMe(λ2=35.0,K=3) | loss=0.1113
  [Client  9] Round 18 | Hier-pFedMe(λ2=35.0,K=3) | loss=0.0034
  [Client  2] Round 18 | Hier-pFedMe(λ2=35.0,K=3) | loss=0.1110
  [Client  7] Round 18 | Hier-pFedMe(λ2=35.0,K=3) | loss=0.2318
  [Client  3] Round 18 | Hier-pFedMe(λ2=35.0,K=3) | loss=2.1675
  [Client  6] Round 18 | Hier-pFedMe(λ2=35.0,K=3) | loss=0.1912
  [Client  0] Round 18 | Hier-pFedMe(λ2=35.0,K=3) | loss=0.1423
  [Client  1] Round 18 | Hier-pFedMe(λ2=35.0,K=3) | loss=0.0901
  [Edge 0] G18 | E2 | loss=0.6532
  [Edge 0] G18 | E3 | Hier-pFedMe | Selected 10/10
  [Client  8] Round 18 | Hier-pFedMe(λ2=35.0,K=3) | loss=0.0099
  [Client  5] Round 18 | Hier-pFedMe(λ2=35.0,K=3) | loss=0.3277
  [Client  3] Round 18 | Hier-pFedMe(λ2=35.0,K=3) | loss=0.2609
  [Client  2] Round 18 | Hier-pFedMe(λ2=35.0,K=3) | loss=0.1172
  [Client  4] Round 18 | Hier-pFedMe(λ2=35.0,K=3) | loss=0.0582
  [Client  9] Round 18 | Hier-pFedMe(λ2=35.0,K=3) | loss=0.0093
  [Client  1] Round 18 | Hier-pFedMe(λ2=35.0,K=3) | loss=0.2923
  [Client  0] Round 18 | Hier-pFedMe(λ2=35.0,K=3) | loss=0.3071
  [Client  7] Round 18 | Hier-pFedMe(λ2=35.0,K=3) | loss=0.4232
  [Client  6] Round 18 | Hier-pFedMe(λ2=35.0,K=3) | loss=0.1184
  [Edge 0] G18 | E3 | loss=0.2127
  [Edge 0] G18 | E4 | Hier-pFedMe | Selected 10/10
  [Client  6] Round 18 | Hier-pFedMe(λ2=35.0,K=3) | loss=0.1476
  [Client  7] Round 18 | Hier-pFedMe(λ2=35.0,K=3) | loss=0.1072
  [Client  5] Round 18 | Hier-pFedMe(λ2=35.0,K=3) | loss=0.4502
  [Client  4] Round 18 | Hier-pFedMe(λ2=35.0,K=3) | loss=0.1428
  [Client  8] Round 18 | Hier-pFedMe(λ2=35.0,K=3) | loss=0.0096
  [Client  0] Round 18 | Hier-pFedMe(λ2=35.0,K=3) | loss=0.1564
  [Client  9] Round 18 | Hier-pFedMe(λ2=35.0,K=3) | loss=0.0053
  [Client  1] Round 18 | Hier-pFedMe(λ2=35.0,K=3) | loss=0.2419
  [Client  2] Round 18 | Hier-pFedMe(λ2=35.0,K=3) | loss=0.2765
  [Client  3] Round 18 | Hier-pFedMe(λ2=35.0,K=3) | loss=2.8138
  [Edge 0] G18 | E4 | loss=0.4827
  [Edge 0] G18 | E5 | Hier-pFedMe | Selected 10/10
  [Client  1] Round 18 | Hier-pFedMe(λ2=35.0,K=3) | loss=0.2982
  [Client  0] Round 18 | Hier-pFedMe(λ2=35.0,K=3) | loss=0.0862
  [Client  4] Round 18 | Hier-pFedMe(λ2=35.0,K=3) | loss=0.0587
  [Client  3] Round 18 | Hier-pFedMe(λ2=35.0,K=3) | loss=0.5795
  [Client  8] Round 18 | Hier-pFedMe(λ2=35.0,K=3) | loss=0.0057
  [Client  5] Round 18 | Hier-pFedMe(λ2=35.0,K=3) | loss=0.4920
  [Client  9] Round 18 | Hier-pFedMe(λ2=35.0,K=3) | loss=0.0048
  [Client  2] Round 18 | Hier-pFedMe(λ2=35.0,K=3) | loss=0.1566
  [Client  6] Round 18 | Hier-pFedMe(λ2=35.0,K=3) | loss=0.1272
  [Client  7] Round 18 | Hier-pFedMe(λ2=35.0,K=3) | loss=0.1499
  [Edge 0] G18 | E5 | loss=0.2171
  [Edge 1] G18 | E1 | Hier-pFedMe | Selected 10/10
  [Client 13] Round 18 | Hier-pFedMe(λ2=35.0,K=3) | loss=0.2190
  [Client 14] Round 18 | Hier-pFedMe(λ2=35.0,K=3) | loss=0.0981
  [Client 16] Round 18 | Hier-pFedMe(λ2=35.0,K=3) | loss=0.0529
  [Client 10] Round 18 | Hier-pFedMe(λ2=35.0,K=3) | loss=0.0903
  [Client 15] Round 18 | Hier-pFedMe(λ2=35.0,K=3) | loss=0.1896
  [Client 18] Round 18 | Hier-pFedMe(λ2=35.0,K=3) | loss=0.6787
  [Client 11] Round 18 | Hier-pFedMe(λ2=35.0,K=3) | loss=0.1124
  [Client 12] Round 18 | Hier-pFedMe(λ2=35.0,K=3) | loss=0.7287
  [Client 19] Round 18 | Hier-pFedMe(λ2=35.0,K=3) | loss=1.0911
  [Client 17] Round 18 | Hier-pFedMe(λ2=35.0,K=3) | loss=0.7027
  [Edge 1] G18 | E1 | loss=0.3963
  [Edge 1] G18 | E2 | Hier-pFedMe | Selected 10/10
  [Client 10] Round 18 | Hier-pFedMe(λ2=35.0,K=3) | loss=0.3630
  [Client 15] Round 18 | Hier-pFedMe(λ2=35.0,K=3) | loss=0.0999
  [Client 13] Round 18 | Hier-pFedMe(λ2=35.0,K=3) | loss=0.4048
  [Client 11] Round 18 | Hier-pFedMe(λ2=35.0,K=3) | loss=0.0889
  [Client 12] Round 18 | Hier-pFedMe(λ2=35.0,K=3) | loss=0.2436
  [Client 19] Round 18 | Hier-pFedMe(λ2=35.0,K=3) | loss=1.1812
  [Client 14] Round 18 | Hier-pFedMe(λ2=35.0,K=3) | loss=0.0893
  [Client 18] Round 18 | Hier-pFedMe(λ2=35.0,K=3) | loss=0.6704
  [Client 16] Round 18 | Hier-pFedMe(λ2=35.0,K=3) | loss=0.1097
  [Client 17] Round 18 | Hier-pFedMe(λ2=35.0,K=3) | loss=0.2051
  [Edge 1] G18 | E2 | loss=0.3456
  [Edge 1] G18 | E3 | Hier-pFedMe | Selected 10/10
  [Client 16] Round 18 | Hier-pFedMe(λ2=35.0,K=3) | loss=0.8001
  [Client 11] Round 18 | Hier-pFedMe(λ2=35.0,K=3) | loss=0.1721
  [Client 18] Round 18 | Hier-pFedMe(λ2=35.0,K=3) | loss=0.1655
  [Client 13] Round 18 | Hier-pFedMe(λ2=35.0,K=3) | loss=0.4032
  [Client 12] Round 18 | Hier-pFedMe(λ2=35.0,K=3) | loss=0.5399
  [Client 14] Round 18 | Hier-pFedMe(λ2=35.0,K=3) | loss=0.1451
  [Client 15] Round 18 | Hier-pFedMe(λ2=35.0,K=3) | loss=0.4169
  [Client 17] Round 18 | Hier-pFedMe(λ2=35.0,K=3) | loss=1.1647
  [Client 10] Round 18 | Hier-pFedMe(λ2=35.0,K=3) | loss=0.5006
  [Client 19] Round 18 | Hier-pFedMe(λ2=35.0,K=3) | loss=0.2284
  [Edge 1] G18 | E3 | loss=0.4537
  [Edge 1] G18 | E4 | Hier-pFedMe | Selected 10/10
  [Client 17] Round 18 | Hier-pFedMe(λ2=35.0,K=3) | loss=0.4170
  [Client 10] Round 18 | Hier-pFedMe(λ2=35.0,K=3) | loss=0.1975
  [Client 15] Round 18 | Hier-pFedMe(λ2=35.0,K=3) | loss=0.1861
  [Client 19] Round 18 | Hier-pFedMe(λ2=35.0,K=3) | loss=0.8883
  [Client 12] Round 18 | Hier-pFedMe(λ2=35.0,K=3) | loss=0.0640
  [Client 14] Round 18 | Hier-pFedMe(λ2=35.0,K=3) | loss=0.0484
  [Client 11] Round 18 | Hier-pFedMe(λ2=35.0,K=3) | loss=0.0771
  [Client 13] Round 18 | Hier-pFedMe(λ2=35.0,K=3) | loss=0.4259
  [Client 16] Round 18 | Hier-pFedMe(λ2=35.0,K=3) | loss=0.1919
  [Client 18] Round 18 | Hier-pFedMe(λ2=35.0,K=3) | loss=0.4812
  [Edge 1] G18 | E4 | loss=0.2977
  [Edge 1] G18 | E5 | Hier-pFedMe | Selected 10/10
  [Client 19] Round 18 | Hier-pFedMe(λ2=35.0,K=3) | loss=0.4010
  [Client 11] Round 18 | Hier-pFedMe(λ2=35.0,K=3) | loss=0.2378
  [Client 18] Round 18 | Hier-pFedMe(λ2=35.0,K=3) | loss=0.3043
  [Client 10] Round 18 | Hier-pFedMe(λ2=35.0,K=3) | loss=0.0452
  [Client 13] Round 18 | Hier-pFedMe(λ2=35.0,K=3) | loss=0.3746
  [Client 15] Round 18 | Hier-pFedMe(λ2=35.0,K=3) | loss=0.1065
  [Client 14] Round 18 | Hier-pFedMe(λ2=35.0,K=3) | loss=0.0811
  [Client 17] Round 18 | Hier-pFedMe(λ2=35.0,K=3) | loss=0.6018
  [Client 12] Round 18 | Hier-pFedMe(λ2=35.0,K=3) | loss=0.1088
  [Client 16] Round 18 | Hier-pFedMe(λ2=35.0,K=3) | loss=0.0881
  [Edge 1] G18 | E5 | loss=0.2349
  [Cloud] GM=0.2974 | EM=0.4270 | loss=1.9951 | time=28.0s | comm=4556.2MB (total=82011MB)

[Round  19] Broadcasting to 2 edges...
  [Edge 0] G19 | E1 | Hier-pFedMe | Selected 10/10
  [Client  4] Round 19 | Hier-pFedMe(λ2=35.0,K=3) | loss=0.1551
  [Client  8] Round 19 | Hier-pFedMe(λ2=35.0,K=3) | loss=0.0079
  [Client  6] Round 19 | Hier-pFedMe(λ2=35.0,K=3) | loss=0.2946
  [Client  3] Round 19 | Hier-pFedMe(λ2=35.0,K=3) | loss=4.1808
  [Client  1] Round 19 | Hier-pFedMe(λ2=35.0,K=3) | loss=0.4299
  [Client  2] Round 19 | Hier-pFedMe(λ2=35.0,K=3) | loss=0.1100
  [Client  0] Round 19 | Hier-pFedMe(λ2=35.0,K=3) | loss=0.1088
  [Client  7] Round 19 | Hier-pFedMe(λ2=35.0,K=3) | loss=0.1842
  [Client  9] Round 19 | Hier-pFedMe(λ2=35.0,K=3) | loss=0.0050
  [Client  5] Round 19 | Hier-pFedMe(λ2=35.0,K=3) | loss=1.5200
  [Edge 0] G19 | E1 | loss=0.7767
  [Edge 0] G19 | E2 | Hier-pFedMe | Selected 10/10
  [Client  7] Round 19 | Hier-pFedMe(λ2=35.0,K=3) | loss=0.3061
  [Client  0] Round 19 | Hier-pFedMe(λ2=35.0,K=3) | loss=0.1769
  [Client  3] Round 19 | Hier-pFedMe(λ2=35.0,K=3) | loss=0.2334
  [Client  5] Round 19 | Hier-pFedMe(λ2=35.0,K=3) | loss=0.2294
  [Client  2] Round 19 | Hier-pFedMe(λ2=35.0,K=3) | loss=0.1042
  [Client  9] Round 19 | Hier-pFedMe(λ2=35.0,K=3) | loss=0.0096
  [Client  6] Round 19 | Hier-pFedMe(λ2=35.0,K=3) | loss=0.1199
  [Client  8] Round 19 | Hier-pFedMe(λ2=35.0,K=3) | loss=0.0040
  [Client  1] Round 19 | Hier-pFedMe(λ2=35.0,K=3) | loss=0.1194
  [Client  4] Round 19 | Hier-pFedMe(λ2=35.0,K=3) | loss=0.1438
  [Edge 0] G19 | E2 | loss=0.1600
  [Edge 0] G19 | E3 | Hier-pFedMe | Selected 10/10
  [Client  4] Round 19 | Hier-pFedMe(λ2=35.0,K=3) | loss=0.3090
  [Client  1] Round 19 | Hier-pFedMe(λ2=35.0,K=3) | loss=0.0607
  [Client  5] Round 19 | Hier-pFedMe(λ2=35.0,K=3) | loss=2.6261
  [Client  9] Round 19 | Hier-pFedMe(λ2=35.0,K=3) | loss=0.0034
  [Client  2] Round 19 | Hier-pFedMe(λ2=35.0,K=3) | loss=0.1245
  [Client  0] Round 19 | Hier-pFedMe(λ2=35.0,K=3) | loss=0.3228
  [Client  8] Round 19 | Hier-pFedMe(λ2=35.0,K=3) | loss=0.0077
  [Client  7] Round 19 | Hier-pFedMe(λ2=35.0,K=3) | loss=0.1720
  [Client  3] Round 19 | Hier-pFedMe(λ2=35.0,K=3) | loss=5.6692
  [Client  6] Round 19 | Hier-pFedMe(λ2=35.0,K=3) | loss=0.5484
  [Edge 0] G19 | E3 | loss=1.0931
  [Edge 0] G19 | E4 | Hier-pFedMe | Selected 10/10
  [Client  9] Round 19 | Hier-pFedMe(λ2=35.0,K=3) | loss=0.0083
  [Client  6] Round 19 | Hier-pFedMe(λ2=35.0,K=3) | loss=0.1565
  [Client  8] Round 19 | Hier-pFedMe(λ2=35.0,K=3) | loss=0.0063
  [Client  5] Round 19 | Hier-pFedMe(λ2=35.0,K=3) | loss=0.2951
  [Client  3] Round 19 | Hier-pFedMe(λ2=35.0,K=3) | loss=0.2606
  [Client  0] Round 19 | Hier-pFedMe(λ2=35.0,K=3) | loss=0.1362
  [Client  4] Round 19 | Hier-pFedMe(λ2=35.0,K=3) | loss=0.1150
  [Client  2] Round 19 | Hier-pFedMe(λ2=35.0,K=3) | loss=0.0966
  [Client  7] Round 19 | Hier-pFedMe(λ2=35.0,K=3) | loss=0.5262
  [Client  1] Round 19 | Hier-pFedMe(λ2=35.0,K=3) | loss=0.1952
  [Edge 0] G19 | E4 | loss=0.1987
  [Edge 0] G19 | E5 | Hier-pFedMe | Selected 10/10
  [Client  5] Round 19 | Hier-pFedMe(λ2=35.0,K=3) | loss=4.4145
  [Client  2] Round 19 | Hier-pFedMe(λ2=35.0,K=3) | loss=0.2007
  [Client  8] Round 19 | Hier-pFedMe(λ2=35.0,K=3) | loss=0.0044
  [Client  9] Round 19 | Hier-pFedMe(λ2=35.0,K=3) | loss=0.0047
  [Client  6] Round 19 | Hier-pFedMe(λ2=35.0,K=3) | loss=0.4792
  [Client  4] Round 19 | Hier-pFedMe(λ2=35.0,K=3) | loss=0.0625
  [Client  1] Round 19 | Hier-pFedMe(λ2=35.0,K=3) | loss=0.1628
  [Client  7] Round 19 | Hier-pFedMe(λ2=35.0,K=3) | loss=0.6780
  [Client  0] Round 19 | Hier-pFedMe(λ2=35.0,K=3) | loss=0.2579
  [Client  3] Round 19 | Hier-pFedMe(λ2=35.0,K=3) | loss=4.9342
  [Edge 0] G19 | E5 | loss=1.2438
  [Edge 1] G19 | E1 | Hier-pFedMe | Selected 10/10
  [Client 15] Round 19 | Hier-pFedMe(λ2=35.0,K=3) | loss=0.4370
  [Client 12] Round 19 | Hier-pFedMe(λ2=35.0,K=3) | loss=0.0844
  [Client 17] Round 19 | Hier-pFedMe(λ2=35.0,K=3) | loss=1.0770
  [Client 19] Round 19 | Hier-pFedMe(λ2=35.0,K=3) | loss=0.2667
  [Client 13] Round 19 | Hier-pFedMe(λ2=35.0,K=3) | loss=0.1558
  [Client 11] Round 19 | Hier-pFedMe(λ2=35.0,K=3) | loss=0.0410
  [Client 18] Round 19 | Hier-pFedMe(λ2=35.0,K=3) | loss=0.5780
  [Client 16] Round 19 | Hier-pFedMe(λ2=35.0,K=3) | loss=0.1442
  [Client 10] Round 19 | Hier-pFedMe(λ2=35.0,K=3) | loss=0.1252
  [Client 14] Round 19 | Hier-pFedMe(λ2=35.0,K=3) | loss=0.3644
  [Edge 1] G19 | E1 | loss=0.3274
  [Edge 1] G19 | E2 | Hier-pFedMe | Selected 10/10
  [Client 14] Round 19 | Hier-pFedMe(λ2=35.0,K=3) | loss=0.0726
  [Client 11] Round 19 | Hier-pFedMe(λ2=35.0,K=3) | loss=0.0954
  [Client 12] Round 19 | Hier-pFedMe(λ2=35.0,K=3) | loss=0.1112
  [Client 13] Round 19 | Hier-pFedMe(λ2=35.0,K=3) | loss=0.2187
  [Client 17] Round 19 | Hier-pFedMe(λ2=35.0,K=3) | loss=0.4550
  [Client 10] Round 19 | Hier-pFedMe(λ2=35.0,K=3) | loss=0.0424
  [Client 19] Round 19 | Hier-pFedMe(λ2=35.0,K=3) | loss=0.1238
  [Client 18] Round 19 | Hier-pFedMe(λ2=35.0,K=3) | loss=0.2907
  [Client 15] Round 19 | Hier-pFedMe(λ2=35.0,K=3) | loss=0.1528
  [Client 16] Round 19 | Hier-pFedMe(λ2=35.0,K=3) | loss=0.0936
  [Edge 1] G19 | E2 | loss=0.1656
  [Edge 1] G19 | E3 | Hier-pFedMe | Selected 10/10
  [Client 19] Round 19 | Hier-pFedMe(λ2=35.0,K=3) | loss=0.1016
  [Client 18] Round 19 | Hier-pFedMe(λ2=35.0,K=3) | loss=0.0803
  [Client 14] Round 19 | Hier-pFedMe(λ2=35.0,K=3) | loss=0.1691
  [Client 15] Round 19 | Hier-pFedMe(λ2=35.0,K=3) | loss=0.7035
  [Client 12] Round 19 | Hier-pFedMe(λ2=35.0,K=3) | loss=0.1755
  [Client 10] Round 19 | Hier-pFedMe(λ2=35.0,K=3) | loss=0.0454
  [Client 13] Round 19 | Hier-pFedMe(λ2=35.0,K=3) | loss=0.1499
  [Client 17] Round 19 | Hier-pFedMe(λ2=35.0,K=3) | loss=0.2481
  [Client 16] Round 19 | Hier-pFedMe(λ2=35.0,K=3) | loss=0.2787
  [Client 11] Round 19 | Hier-pFedMe(λ2=35.0,K=3) | loss=0.1903
  [Edge 1] G19 | E3 | loss=0.2142
  [Edge 1] G19 | E4 | Hier-pFedMe | Selected 10/10
  [Client 17] Round 19 | Hier-pFedMe(λ2=35.0,K=3) | loss=0.2356
  [Client 13] Round 19 | Hier-pFedMe(λ2=35.0,K=3) | loss=0.0923
  [Client 16] Round 19 | Hier-pFedMe(λ2=35.0,K=3) | loss=0.1528
  [Client 19] Round 19 | Hier-pFedMe(λ2=35.0,K=3) | loss=0.0900
  [Client 18] Round 19 | Hier-pFedMe(λ2=35.0,K=3) | loss=0.4131
  [Client 11] Round 19 | Hier-pFedMe(λ2=35.0,K=3) | loss=0.0453
  [Client 10] Round 19 | Hier-pFedMe(λ2=35.0,K=3) | loss=0.0617
  [Client 14] Round 19 | Hier-pFedMe(λ2=35.0,K=3) | loss=0.0868
  [Client 15] Round 19 | Hier-pFedMe(λ2=35.0,K=3) | loss=0.1981
  [Client 12] Round 19 | Hier-pFedMe(λ2=35.0,K=3) | loss=0.1670
  [Edge 1] G19 | E4 | loss=0.1543
  [Edge 1] G19 | E5 | Hier-pFedMe | Selected 10/10
  [Client 10] Round 19 | Hier-pFedMe(λ2=35.0,K=3) | loss=0.0481
  [Client 16] Round 19 | Hier-pFedMe(λ2=35.0,K=3) | loss=0.0545
  [Client 17] Round 19 | Hier-pFedMe(λ2=35.0,K=3) | loss=0.5905
  [Client 11] Round 19 | Hier-pFedMe(λ2=35.0,K=3) | loss=0.1673
  [Client 13] Round 19 | Hier-pFedMe(λ2=35.0,K=3) | loss=0.1525
  [Client 19] Round 19 | Hier-pFedMe(λ2=35.0,K=3) | loss=0.1127
  [Client 14] Round 19 | Hier-pFedMe(λ2=35.0,K=3) | loss=0.0215
  [Client 12] Round 19 | Hier-pFedMe(λ2=35.0,K=3) | loss=0.0710
  [Client 15] Round 19 | Hier-pFedMe(λ2=35.0,K=3) | loss=1.0876
  [Client 18] Round 19 | Hier-pFedMe(λ2=35.0,K=3) | loss=0.1325
  [Edge 1] G19 | E5 | loss=0.2438
  [Cloud] GM=0.2871 | EM=0.4200 | loss=2.0030 | time=28.6s | comm=4556.2MB (total=86568MB)

[Round  20] Broadcasting to 2 edges...
  [Edge 0] G20 | E1 | Hier-pFedMe | Selected 10/10
  [Client  5] Round 20 | Hier-pFedMe(λ2=35.0,K=3) | loss=0.3222
  [Client  1] Round 20 | Hier-pFedMe(λ2=35.0,K=3) | loss=0.0482
  [Client  4] Round 20 | Hier-pFedMe(λ2=35.0,K=3) | loss=0.2593
  [Client  9] Round 20 | Hier-pFedMe(λ2=35.0,K=3) | loss=0.0030
  [Client  2] Round 20 | Hier-pFedMe(λ2=35.0,K=3) | loss=0.1972
  [Client  7] Round 20 | Hier-pFedMe(λ2=35.0,K=3) | loss=0.2084
  [Client  8] Round 20 | Hier-pFedMe(λ2=35.0,K=3) | loss=0.0061
  [Client  0] Round 20 | Hier-pFedMe(λ2=35.0,K=3) | loss=0.0386
  [Client  3] Round 20 | Hier-pFedMe(λ2=35.0,K=3) | loss=0.6319
  [Client  6] Round 20 | Hier-pFedMe(λ2=35.0,K=3) | loss=0.1008
  [Edge 0] G20 | E1 | loss=0.2012
  [Edge 0] G20 | E2 | Hier-pFedMe | Selected 10/10
  [Client  9] Round 20 | Hier-pFedMe(λ2=35.0,K=3) | loss=0.0064
  [Client  4] Round 20 | Hier-pFedMe(λ2=35.0,K=3) | loss=0.2688
  [Client  8] Round 20 | Hier-pFedMe(λ2=35.0,K=3) | loss=0.0053
  [Client  6] Round 20 | Hier-pFedMe(λ2=35.0,K=3) | loss=0.0972
  [Client  0] Round 20 | Hier-pFedMe(λ2=35.0,K=3) | loss=0.2354
  [Client  7] Round 20 | Hier-pFedMe(λ2=35.0,K=3) | loss=0.2607
  [Client  5] Round 20 | Hier-pFedMe(λ2=35.0,K=3) | loss=4.7368
  [Client  2] Round 20 | Hier-pFedMe(λ2=35.0,K=3) | loss=0.2682
  [Client  1] Round 20 | Hier-pFedMe(λ2=35.0,K=3) | loss=0.2070
  [Client  3] Round 20 | Hier-pFedMe(λ2=35.0,K=3) | loss=2.1964
  [Edge 0] G20 | E2 | loss=0.9196
  [Edge 0] G20 | E3 | Hier-pFedMe | Selected 10/10
  [Client  3] Round 20 | Hier-pFedMe(λ2=35.0,K=3) | loss=0.2855
  [Client  9] Round 20 | Hier-pFedMe(λ2=35.0,K=3) | loss=0.0084
  [Client  2] Round 20 | Hier-pFedMe(λ2=35.0,K=3) | loss=0.1679
  [Client  5] Round 20 | Hier-pFedMe(λ2=35.0,K=3) | loss=0.5301
  [Client  8] Round 20 | Hier-pFedMe(λ2=35.0,K=3) | loss=0.0071
  [Client  4] Round 20 | Hier-pFedMe(λ2=35.0,K=3) | loss=0.2263
  [Client  7] Round 20 | Hier-pFedMe(λ2=35.0,K=3) | loss=0.1408
  [Client  6] Round 20 | Hier-pFedMe(λ2=35.0,K=3) | loss=0.0841
  [Client  0] Round 20 | Hier-pFedMe(λ2=35.0,K=3) | loss=0.1846
  [Client  1] Round 20 | Hier-pFedMe(λ2=35.0,K=3) | loss=0.2602
  [Edge 0] G20 | E3 | loss=0.2097
  [Edge 0] G20 | E4 | Hier-pFedMe | Selected 10/10
  [Client  6] Round 20 | Hier-pFedMe(λ2=35.0,K=3) | loss=0.1065
  [Client  9] Round 20 | Hier-pFedMe(λ2=35.0,K=3) | loss=0.0036
  [Client  2] Round 20 | Hier-pFedMe(λ2=35.0,K=3) | loss=0.1538
  [Client  8] Round 20 | Hier-pFedMe(λ2=35.0,K=3) | loss=0.0040
  [Client  5] Round 20 | Hier-pFedMe(λ2=35.0,K=3) | loss=5.0904
  [Client  0] Round 20 | Hier-pFedMe(λ2=35.0,K=3) | loss=0.0870
  [Client  3] Round 20 | Hier-pFedMe(λ2=35.0,K=3) | loss=3.5516
  [Client  7] Round 20 | Hier-pFedMe(λ2=35.0,K=3) | loss=0.1707
  [Client  4] Round 20 | Hier-pFedMe(λ2=35.0,K=3) | loss=0.1013
  [Client  1] Round 20 | Hier-pFedMe(λ2=35.0,K=3) | loss=0.1565
  [Edge 0] G20 | E4 | loss=1.0468
  [Edge 0] G20 | E5 | Hier-pFedMe | Selected 10/10
  [Client  6] Round 20 | Hier-pFedMe(λ2=35.0,K=3) | loss=0.0884
  [Client  5] Round 20 | Hier-pFedMe(λ2=35.0,K=3) | loss=0.3242
  [Client  4] Round 20 | Hier-pFedMe(λ2=35.0,K=3) | loss=0.2664
  [Client  0] Round 20 | Hier-pFedMe(λ2=35.0,K=3) | loss=0.1694
  [Client  3] Round 20 | Hier-pFedMe(λ2=35.0,K=3) | loss=0.3969
  [Client  7] Round 20 | Hier-pFedMe(λ2=35.0,K=3) | loss=0.2059
  [Client  8] Round 20 | Hier-pFedMe(λ2=35.0,K=3) | loss=0.0088
  [Client  2] Round 20 | Hier-pFedMe(λ2=35.0,K=3) | loss=0.0858
  [Client  1] Round 20 | Hier-pFedMe(λ2=35.0,K=3) | loss=0.0977
  [Client  9] Round 20 | Hier-pFedMe(λ2=35.0,K=3) | loss=0.0105
  [Edge 0] G20 | E5 | loss=0.1827
  [Edge 1] G20 | E1 | Hier-pFedMe | Selected 10/10
  [Client 12] Round 20 | Hier-pFedMe(λ2=35.0,K=3) | loss=0.2959
  [Client 16] Round 20 | Hier-pFedMe(λ2=35.0,K=3) | loss=0.1043
  [Client 13] Round 20 | Hier-pFedMe(λ2=35.0,K=3) | loss=0.0792
  [Client 14] Round 20 | Hier-pFedMe(λ2=35.0,K=3) | loss=0.1640
  [Client 10] Round 20 | Hier-pFedMe(λ2=35.0,K=3) | loss=0.0570
  [Client 18] Round 20 | Hier-pFedMe(λ2=35.0,K=3) | loss=0.6247
  [Client 19] Round 20 | Hier-pFedMe(λ2=35.0,K=3) | loss=0.1413
  [Client 15] Round 20 | Hier-pFedMe(λ2=35.0,K=3) | loss=0.6071
  [Client 17] Round 20 | Hier-pFedMe(λ2=35.0,K=3) | loss=0.2448
  [Client 11] Round 20 | Hier-pFedMe(λ2=35.0,K=3) | loss=0.1429
  [Edge 1] G20 | E1 | loss=0.2461
  [Edge 1] G20 | E2 | Hier-pFedMe | Selected 10/10
  [Client 19] Round 20 | Hier-pFedMe(λ2=35.0,K=3) | loss=0.0637
  [Client 13] Round 20 | Hier-pFedMe(λ2=35.0,K=3) | loss=0.2012
  [Client 16] Round 20 | Hier-pFedMe(λ2=35.0,K=3) | loss=0.0479
  [Client 10] Round 20 | Hier-pFedMe(λ2=35.0,K=3) | loss=0.1509
  [Client 11] Round 20 | Hier-pFedMe(λ2=35.0,K=3) | loss=0.0461
  [Client 15] Round 20 | Hier-pFedMe(λ2=35.0,K=3) | loss=1.0211
  [Client 12] Round 20 | Hier-pFedMe(λ2=35.0,K=3) | loss=0.1665
  [Client 14] Round 20 | Hier-pFedMe(λ2=35.0,K=3) | loss=0.0697
  [Client 18] Round 20 | Hier-pFedMe(λ2=35.0,K=3) | loss=0.2967
  [Client 17] Round 20 | Hier-pFedMe(λ2=35.0,K=3) | loss=0.1779
  [Edge 1] G20 | E2 | loss=0.2242
  [Edge 1] G20 | E3 | Hier-pFedMe | Selected 10/10
  [Client 11] Round 20 | Hier-pFedMe(λ2=35.0,K=3) | loss=0.0586
  [Client 14] Round 20 | Hier-pFedMe(λ2=35.0,K=3) | loss=0.0706
  [Client 16] Round 20 | Hier-pFedMe(λ2=35.0,K=3) | loss=0.0491
  [Client 13] Round 20 | Hier-pFedMe(λ2=35.0,K=3) | loss=0.1641
  [Client 15] Round 20 | Hier-pFedMe(λ2=35.0,K=3) | loss=0.3042
  [Client 19] Round 20 | Hier-pFedMe(λ2=35.0,K=3) | loss=0.1301
  [Client 12] Round 20 | Hier-pFedMe(λ2=35.0,K=3) | loss=0.0402
  [Client 18] Round 20 | Hier-pFedMe(λ2=35.0,K=3) | loss=0.0597
  [Client 17] Round 20 | Hier-pFedMe(λ2=35.0,K=3) | loss=0.1857
  [Client 10] Round 20 | Hier-pFedMe(λ2=35.0,K=3) | loss=0.0426
  [Edge 1] G20 | E3 | loss=0.1105
  [Edge 1] G20 | E4 | Hier-pFedMe | Selected 10/10
  [Client 19] Round 20 | Hier-pFedMe(λ2=35.0,K=3) | loss=0.2449
  [Client 14] Round 20 | Hier-pFedMe(λ2=35.0,K=3) | loss=0.1039
  [Client 17] Round 20 | Hier-pFedMe(λ2=35.0,K=3) | loss=0.4962
  [Client 18] Round 20 | Hier-pFedMe(λ2=35.0,K=3) | loss=0.2939
  [Client 16] Round 20 | Hier-pFedMe(λ2=35.0,K=3) | loss=0.0924
  [Client 10] Round 20 | Hier-pFedMe(λ2=35.0,K=3) | loss=0.1492
  [Client 12] Round 20 | Hier-pFedMe(λ2=35.0,K=3) | loss=0.0468
  [Client 11] Round 20 | Hier-pFedMe(λ2=35.0,K=3) | loss=0.1069
  [Client 15] Round 20 | Hier-pFedMe(λ2=35.0,K=3) | loss=0.6678
  [Client 13] Round 20 | Hier-pFedMe(λ2=35.0,K=3) | loss=0.0836
  [Edge 1] G20 | E4 | loss=0.2286
  [Edge 1] G20 | E5 | Hier-pFedMe | Selected 10/10
  [Client 12] Round 20 | Hier-pFedMe(λ2=35.0,K=3) | loss=0.0565
  [Client 11] Round 20 | Hier-pFedMe(λ2=35.0,K=3) | loss=0.0765
  [Client 15] Round 20 | Hier-pFedMe(λ2=35.0,K=3) | loss=0.2468
  [Client 14] Round 20 | Hier-pFedMe(λ2=35.0,K=3) | loss=0.0536
  [Client 18] Round 20 | Hier-pFedMe(λ2=35.0,K=3) | loss=0.4970
  [Client 19] Round 20 | Hier-pFedMe(λ2=35.0,K=3) | loss=0.0422
  [Client 13] Round 20 | Hier-pFedMe(λ2=35.0,K=3) | loss=0.2339
  [Client 10] Round 20 | Hier-pFedMe(λ2=35.0,K=3) | loss=0.2793
  [Client 16] Round 20 | Hier-pFedMe(λ2=35.0,K=3) | loss=0.0407
  [Client 17] Round 20 | Hier-pFedMe(λ2=35.0,K=3) | loss=0.2396
  [Edge 1] G20 | E5 | loss=0.1766
  [Cloud] GM=0.2931 | EM=0.4163 PM=0.6953 | loss=1.9924 | time=40.2s | comm=4556.2MB (total=91124MB)

[Round  21] Broadcasting to 2 edges...
  [Edge 0] G21 | E1 | Hier-pFedMe | Selected 10/10
  [Client  8] Round 21 | Hier-pFedMe(λ2=35.0,K=3) | loss=0.0061
  [Client  2] Round 21 | Hier-pFedMe(λ2=35.0,K=3) | loss=0.0524
  [Client  5] Round 21 | Hier-pFedMe(λ2=35.0,K=3) | loss=6.0098
  [Client  4] Round 21 | Hier-pFedMe(λ2=35.0,K=3) | loss=0.0805
  [Client  0] Round 21 | Hier-pFedMe(λ2=35.0,K=3) | loss=0.0923
  [Client  3] Round 21 | Hier-pFedMe(λ2=35.0,K=3) | loss=2.2874
  [Client  6] Round 21 | Hier-pFedMe(λ2=35.0,K=3) | loss=0.2237
  [Client  7] Round 21 | Hier-pFedMe(λ2=35.0,K=3) | loss=0.2383
  [Client  9] Round 21 | Hier-pFedMe(λ2=35.0,K=3) | loss=0.0029
  [Client  1] Round 21 | Hier-pFedMe(λ2=35.0,K=3) | loss=0.2067
  [Edge 0] G21 | E1 | loss=1.0217
  [Edge 0] G21 | E2 | Hier-pFedMe | Selected 10/10
  [Client  6] Round 21 | Hier-pFedMe(λ2=35.0,K=3) | loss=0.1000
  [Client  3] Round 21 | Hier-pFedMe(λ2=35.0,K=3) | loss=0.1604
  [Client  1] Round 21 | Hier-pFedMe(λ2=35.0,K=3) | loss=0.3414
  [Client  4] Round 21 | Hier-pFedMe(λ2=35.0,K=3) | loss=0.1417
  [Client  8] Round 21 | Hier-pFedMe(λ2=35.0,K=3) | loss=0.0132
  [Client  7] Round 21 | Hier-pFedMe(λ2=35.0,K=3) | loss=0.1321
  [Client  2] Round 21 | Hier-pFedMe(λ2=35.0,K=3) | loss=0.1168
  [Client  5] Round 21 | Hier-pFedMe(λ2=35.0,K=3) | loss=0.4331
  [Client  0] Round 21 | Hier-pFedMe(λ2=35.0,K=3) | loss=0.0813
  [Client  9] Round 21 | Hier-pFedMe(λ2=35.0,K=3) | loss=0.0096
  [Edge 0] G21 | E2 | loss=0.1687
  [Edge 0] G21 | E3 | Hier-pFedMe | Selected 10/10
  [Client  2] Round 21 | Hier-pFedMe(λ2=35.0,K=3) | loss=0.0921
  [Client  0] Round 21 | Hier-pFedMe(λ2=35.0,K=3) | loss=0.5289
  [Client  6] Round 21 | Hier-pFedMe(λ2=35.0,K=3) | loss=0.1264
  [Client  5] Round 21 | Hier-pFedMe(λ2=35.0,K=3) | loss=0.0983
  [Client  8] Round 21 | Hier-pFedMe(λ2=35.0,K=3) | loss=0.0044
  [Client  3] Round 21 | Hier-pFedMe(λ2=35.0,K=3) | loss=4.2193
  [Client  1] Round 21 | Hier-pFedMe(λ2=35.0,K=3) | loss=0.0615
  [Client  9] Round 21 | Hier-pFedMe(λ2=35.0,K=3) | loss=0.0052
  [Client  4] Round 21 | Hier-pFedMe(λ2=35.0,K=3) | loss=0.1149
  [Client  7] Round 21 | Hier-pFedMe(λ2=35.0,K=3) | loss=0.1214
  [Edge 0] G21 | E3 | loss=0.5964
  [Edge 0] G21 | E4 | Hier-pFedMe | Selected 10/10
  [Client  2] Round 21 | Hier-pFedMe(λ2=35.0,K=3) | loss=0.1659
  [Client  9] Round 21 | Hier-pFedMe(λ2=35.0,K=3) | loss=0.0039
  [Client  4] Round 21 | Hier-pFedMe(λ2=35.0,K=3) | loss=0.2115
  [Client  7] Round 21 | Hier-pFedMe(λ2=35.0,K=3) | loss=0.4311
  [Client  5] Round 21 | Hier-pFedMe(λ2=35.0,K=3) | loss=0.6474
  [Client  6] Round 21 | Hier-pFedMe(λ2=35.0,K=3) | loss=0.1015
  [Client  1] Round 21 | Hier-pFedMe(λ2=35.0,K=3) | loss=0.1664
  [Client  8] Round 21 | Hier-pFedMe(λ2=35.0,K=3) | loss=0.0051
  [Client  3] Round 21 | Hier-pFedMe(λ2=35.0,K=3) | loss=0.1927
  [Client  0] Round 21 | Hier-pFedMe(λ2=35.0,K=3) | loss=0.2105
  [Edge 0] G21 | E4 | loss=0.2368
  [Edge 0] G21 | E5 | Hier-pFedMe | Selected 10/10
  [Client  7] Round 21 | Hier-pFedMe(λ2=35.0,K=3) | loss=0.2551
  [Client  2] Round 21 | Hier-pFedMe(λ2=35.0,K=3) | loss=0.1682
  [Client  4] Round 21 | Hier-pFedMe(λ2=35.0,K=3) | loss=0.1132
  [Client  0] Round 21 | Hier-pFedMe(λ2=35.0,K=3) | loss=0.0680
  [Client  9] Round 21 | Hier-pFedMe(λ2=35.0,K=3) | loss=0.0044
  [Client  3] Round 21 | Hier-pFedMe(λ2=35.0,K=3) | loss=1.6172
  [Client  5] Round 21 | Hier-pFedMe(λ2=35.0,K=3) | loss=2.3548
  [Client  8] Round 21 | Hier-pFedMe(λ2=35.0,K=3) | loss=0.0034
  [Client  6] Round 21 | Hier-pFedMe(λ2=35.0,K=3) | loss=0.1641
  [Client  1] Round 21 | Hier-pFedMe(λ2=35.0,K=3) | loss=0.0982
  [Edge 0] G21 | E5 | loss=0.5381
  [Edge 1] G21 | E1 | Hier-pFedMe | Selected 10/10
  [Client 12] Round 21 | Hier-pFedMe(λ2=35.0,K=3) | loss=0.1161
  [Client 17] Round 21 | Hier-pFedMe(λ2=35.0,K=3) | loss=0.6399
  [Client 11] Round 21 | Hier-pFedMe(λ2=35.0,K=3) | loss=0.1557
  [Client 10] Round 21 | Hier-pFedMe(λ2=35.0,K=3) | loss=0.1505
  [Client 13] Round 21 | Hier-pFedMe(λ2=35.0,K=3) | loss=0.2291
  [Client 18] Round 21 | Hier-pFedMe(λ2=35.0,K=3) | loss=1.2407
  [Client 15] Round 21 | Hier-pFedMe(λ2=35.0,K=3) | loss=1.2909
  [Client 19] Round 21 | Hier-pFedMe(λ2=35.0,K=3) | loss=0.0906
  [Client 14] Round 21 | Hier-pFedMe(λ2=35.0,K=3) | loss=0.0473
  [Client 16] Round 21 | Hier-pFedMe(λ2=35.0,K=3) | loss=0.0992
  [Edge 1] G21 | E1 | loss=0.4060
  [Edge 1] G21 | E2 | Hier-pFedMe | Selected 10/10
  [Client 16] Round 21 | Hier-pFedMe(λ2=35.0,K=3) | loss=0.0719
  [Client 17] Round 21 | Hier-pFedMe(λ2=35.0,K=3) | loss=0.3429
  [Client 14] Round 21 | Hier-pFedMe(λ2=35.0,K=3) | loss=0.2088
  [Client 12] Round 21 | Hier-pFedMe(λ2=35.0,K=3) | loss=0.0929
  [Client 11] Round 21 | Hier-pFedMe(λ2=35.0,K=3) | loss=0.0456
  [Client 15] Round 21 | Hier-pFedMe(λ2=35.0,K=3) | loss=0.1177
  [Client 19] Round 21 | Hier-pFedMe(λ2=35.0,K=3) | loss=0.1164
  [Client 18] Round 21 | Hier-pFedMe(λ2=35.0,K=3) | loss=1.1894
  [Client 13] Round 21 | Hier-pFedMe(λ2=35.0,K=3) | loss=0.1683
  [Client 10] Round 21 | Hier-pFedMe(λ2=35.0,K=3) | loss=0.0639
  [Edge 1] G21 | E2 | loss=0.2418
  [Edge 1] G21 | E3 | Hier-pFedMe | Selected 10/10
  [Client 17] Round 21 | Hier-pFedMe(λ2=35.0,K=3) | loss=0.1401
  [Client 19] Round 21 | Hier-pFedMe(λ2=35.0,K=3) | loss=0.1362
  [Client 13] Round 21 | Hier-pFedMe(λ2=35.0,K=3) | loss=0.2066
  [Client 12] Round 21 | Hier-pFedMe(λ2=35.0,K=3) | loss=0.1052
  [Client 18] Round 21 | Hier-pFedMe(λ2=35.0,K=3) | loss=1.0667
  [Client 14] Round 21 | Hier-pFedMe(λ2=35.0,K=3) | loss=0.0235
  [Client 10] Round 21 | Hier-pFedMe(λ2=35.0,K=3) | loss=0.0991
  [Client 15] Round 21 | Hier-pFedMe(λ2=35.0,K=3) | loss=0.0856
  [Client 11] Round 21 | Hier-pFedMe(λ2=35.0,K=3) | loss=0.2324
  [Client 16] Round 21 | Hier-pFedMe(λ2=35.0,K=3) | loss=0.0246
  [Edge 1] G21 | E3 | loss=0.2120
  [Edge 1] G21 | E4 | Hier-pFedMe | Selected 10/10
  [Client 19] Round 21 | Hier-pFedMe(λ2=35.0,K=3) | loss=0.1292
  [Client 14] Round 21 | Hier-pFedMe(λ2=35.0,K=3) | loss=0.1960
  [Client 15] Round 21 | Hier-pFedMe(λ2=35.0,K=3) | loss=0.1486
  [Client 17] Round 21 | Hier-pFedMe(λ2=35.0,K=3) | loss=0.3931
  [Client 18] Round 21 | Hier-pFedMe(λ2=35.0,K=3) | loss=1.1010
  [Client 11] Round 21 | Hier-pFedMe(λ2=35.0,K=3) | loss=0.0954
  [Client 16] Round 21 | Hier-pFedMe(λ2=35.0,K=3) | loss=0.7281
  [Client 10] Round 21 | Hier-pFedMe(λ2=35.0,K=3) | loss=0.4256
  [Client 13] Round 21 | Hier-pFedMe(λ2=35.0,K=3) | loss=0.2109
  [Client 12] Round 21 | Hier-pFedMe(λ2=35.0,K=3) | loss=0.1504
  [Edge 1] G21 | E4 | loss=0.3578
  [Edge 1] G21 | E5 | Hier-pFedMe | Selected 10/10
  [Client 10] Round 21 | Hier-pFedMe(λ2=35.0,K=3) | loss=0.1048
  [Client 14] Round 21 | Hier-pFedMe(λ2=35.0,K=3) | loss=0.0290
  [Client 19] Round 21 | Hier-pFedMe(λ2=35.0,K=3) | loss=0.0895
  [Client 18] Round 21 | Hier-pFedMe(λ2=35.0,K=3) | loss=1.3685
  [Client 12] Round 21 | Hier-pFedMe(λ2=35.0,K=3) | loss=0.2070
  [Client 17] Round 21 | Hier-pFedMe(λ2=35.0,K=3) | loss=0.5737
  [Client 11] Round 21 | Hier-pFedMe(λ2=35.0,K=3) | loss=0.1674
  [Client 15] Round 21 | Hier-pFedMe(λ2=35.0,K=3) | loss=0.3978
  [Client 16] Round 21 | Hier-pFedMe(λ2=35.0,K=3) | loss=0.0887
  [Client 13] Round 21 | Hier-pFedMe(λ2=35.0,K=3) | loss=1.0292
  [Edge 1] G21 | E5 | loss=0.4056
  [Cloud] GM=0.3063 | EM=0.4348 | loss=1.9712 | time=29.0s | comm=4556.2MB (total=95680MB)

[Round  22] Broadcasting to 2 edges...
  [Edge 0] G22 | E1 | Hier-pFedMe | Selected 10/10
  [Client  3] Round 22 | Hier-pFedMe(λ2=35.0,K=3) | loss=0.5341
  [Client  7] Round 22 | Hier-pFedMe(λ2=35.0,K=3) | loss=0.4375
  [Client  4] Round 22 | Hier-pFedMe(λ2=35.0,K=3) | loss=0.1216
  [Client  8] Round 22 | Hier-pFedMe(λ2=35.0,K=3) | loss=0.0124
  [Client  6] Round 22 | Hier-pFedMe(λ2=35.0,K=3) | loss=0.1708
  [Client  0] Round 22 | Hier-pFedMe(λ2=35.0,K=3) | loss=0.5463
  [Client  5] Round 22 | Hier-pFedMe(λ2=35.0,K=3) | loss=0.3507
  [Client  9] Round 22 | Hier-pFedMe(λ2=35.0,K=3) | loss=0.0114
  [Client  2] Round 22 | Hier-pFedMe(λ2=35.0,K=3) | loss=0.1613
  [Client  1] Round 22 | Hier-pFedMe(λ2=35.0,K=3) | loss=0.2245
  [Edge 0] G22 | E1 | loss=0.2843
  [Edge 0] G22 | E2 | Hier-pFedMe | Selected 10/10
  [Client  7] Round 22 | Hier-pFedMe(λ2=35.0,K=3) | loss=0.0766  [Client  9] Round 22 | Hier-pFedMe(λ2=35.0,K=3) | loss=0.0114

  [Client  4] Round 22 | Hier-pFedMe(λ2=35.0,K=3) | loss=0.1265
  [Client  1] Round 22 | Hier-pFedMe(λ2=35.0,K=3) | loss=0.1575
  [Client  8] Round 22 | Hier-pFedMe(λ2=35.0,K=3) | loss=0.0045
  [Client  2] Round 22 | Hier-pFedMe(λ2=35.0,K=3) | loss=0.0962
  [Client  5] Round 22 | Hier-pFedMe(λ2=35.0,K=3) | loss=1.8293
  [Client  3] Round 22 | Hier-pFedMe(λ2=35.0,K=3) | loss=3.5704
  [Client  6] Round 22 | Hier-pFedMe(λ2=35.0,K=3) | loss=0.0901
  [Client  0] Round 22 | Hier-pFedMe(λ2=35.0,K=3) | loss=0.4695
  [Edge 0] G22 | E2 | loss=0.7138
  [Edge 0] G22 | E3 | Hier-pFedMe | Selected 10/10
  [Client  6] Round 22 | Hier-pFedMe(λ2=35.0,K=3) | loss=0.1518
  [Client  5] Round 22 | Hier-pFedMe(λ2=35.0,K=3) | loss=0.3407
  [Client  0] Round 22 | Hier-pFedMe(λ2=35.0,K=3) | loss=0.4806
  [Client  8] Round 22 | Hier-pFedMe(λ2=35.0,K=3) | loss=0.0076
  [Client  3] Round 22 | Hier-pFedMe(λ2=35.0,K=3) | loss=0.5375
  [Client  1] Round 22 | Hier-pFedMe(λ2=35.0,K=3) | loss=0.2000
  [Client  9] Round 22 | Hier-pFedMe(λ2=35.0,K=3) | loss=0.0055
  [Client  4] Round 22 | Hier-pFedMe(λ2=35.0,K=3) | loss=0.2817
  [Client  2] Round 22 | Hier-pFedMe(λ2=35.0,K=3) | loss=0.1364
  [Client  7] Round 22 | Hier-pFedMe(λ2=35.0,K=3) | loss=0.1052
  [Edge 0] G22 | E3 | loss=0.2489
  [Edge 0] G22 | E4 | Hier-pFedMe | Selected 10/10
  [Client  3] Round 22 | Hier-pFedMe(λ2=35.0,K=3) | loss=3.2334
  [Client  7] Round 22 | Hier-pFedMe(λ2=35.0,K=3) | loss=0.1687
  [Client  5] Round 22 | Hier-pFedMe(λ2=35.0,K=3) | loss=1.8687
  [Client  0] Round 22 | Hier-pFedMe(λ2=35.0,K=3) | loss=0.9446
  [Client  2] Round 22 | Hier-pFedMe(λ2=35.0,K=3) | loss=0.3677
  [Client  9] Round 22 | Hier-pFedMe(λ2=35.0,K=3) | loss=0.0067
  [Client  1] Round 22 | Hier-pFedMe(λ2=35.0,K=3) | loss=0.4986
  [Client  6] Round 22 | Hier-pFedMe(λ2=35.0,K=3) | loss=0.2421
  [Client  8] Round 22 | Hier-pFedMe(λ2=35.0,K=3) | loss=0.0029
  [Client  4] Round 22 | Hier-pFedMe(λ2=35.0,K=3) | loss=0.0397
  [Edge 0] G22 | E4 | loss=0.8187
  [Edge 0] G22 | E5 | Hier-pFedMe | Selected 10/10
  [Client  8] Round 22 | Hier-pFedMe(λ2=35.0,K=3) | loss=0.0127
  [Client  1] Round 22 | Hier-pFedMe(λ2=35.0,K=3) | loss=0.7364
  [Client  7] Round 22 | Hier-pFedMe(λ2=35.0,K=3) | loss=0.6186
  [Client  6] Round 22 | Hier-pFedMe(λ2=35.0,K=3) | loss=0.2011
  [Client  2] Round 22 | Hier-pFedMe(λ2=35.0,K=3) | loss=0.1245
  [Client  5] Round 22 | Hier-pFedMe(λ2=35.0,K=3) | loss=0.4937
  [Client  3] Round 22 | Hier-pFedMe(λ2=35.0,K=3) | loss=0.3973
  [Client  0] Round 22 | Hier-pFedMe(λ2=35.0,K=3) | loss=0.3674
  [Client  9] Round 22 | Hier-pFedMe(λ2=35.0,K=3) | loss=0.0078
  [Client  4] Round 22 | Hier-pFedMe(λ2=35.0,K=3) | loss=0.2961
  [Edge 0] G22 | E5 | loss=0.3606
  [Edge 1] G22 | E1 | Hier-pFedMe | Selected 10/10
  [Client 10] Round 22 | Hier-pFedMe(λ2=35.0,K=3) | loss=0.2809
  [Client 17] Round 22 | Hier-pFedMe(λ2=35.0,K=3) | loss=0.1233
  [Client 14] Round 22 | Hier-pFedMe(λ2=35.0,K=3) | loss=0.2405
  [Client 18] Round 22 | Hier-pFedMe(λ2=35.0,K=3) | loss=0.2072
  [Client 19] Round 22 | Hier-pFedMe(λ2=35.0,K=3) | loss=0.0751
  [Client 15] Round 22 | Hier-pFedMe(λ2=35.0,K=3) | loss=0.5055
  [Client 13] Round 22 | Hier-pFedMe(λ2=35.0,K=3) | loss=0.2290
  [Client 12] Round 22 | Hier-pFedMe(λ2=35.0,K=3) | loss=0.0874
  [Client 11] Round 22 | Hier-pFedMe(λ2=35.0,K=3) | loss=0.0436
  [Client 16] Round 22 | Hier-pFedMe(λ2=35.0,K=3) | loss=0.0396
  [Edge 1] G22 | E1 | loss=0.1832
  [Edge 1] G22 | E2 | Hier-pFedMe | Selected 10/10
  [Client 13] Round 22 | Hier-pFedMe(λ2=35.0,K=3) | loss=0.3237
  [Client 14] Round 22 | Hier-pFedMe(λ2=35.0,K=3) | loss=0.1424
  [Client 19] Round 22 | Hier-pFedMe(λ2=35.0,K=3) | loss=0.0781
  [Client 10] Round 22 | Hier-pFedMe(λ2=35.0,K=3) | loss=0.1451
  [Client 16] Round 22 | Hier-pFedMe(λ2=35.0,K=3) | loss=0.1464
  [Client 12] Round 22 | Hier-pFedMe(λ2=35.0,K=3) | loss=0.3786
  [Client 18] Round 22 | Hier-pFedMe(λ2=35.0,K=3) | loss=2.1993
  [Client 15] Round 22 | Hier-pFedMe(λ2=35.0,K=3) | loss=0.8892
  [Client 11] Round 22 | Hier-pFedMe(λ2=35.0,K=3) | loss=0.0948
  [Client 17] Round 22 | Hier-pFedMe(λ2=35.0,K=3) | loss=0.0637
  [Edge 1] G22 | E2 | loss=0.4461
  [Edge 1] G22 | E3 | Hier-pFedMe | Selected 10/10
  [Client 14] Round 22 | Hier-pFedMe(λ2=35.0,K=3) | loss=0.2197
  [Client 18] Round 22 | Hier-pFedMe(λ2=35.0,K=3) | loss=0.3634
  [Client 10] Round 22 | Hier-pFedMe(λ2=35.0,K=3) | loss=0.2904
  [Client 17] Round 22 | Hier-pFedMe(λ2=35.0,K=3) | loss=0.2575
  [Client 16] Round 22 | Hier-pFedMe(λ2=35.0,K=3) | loss=0.0413
  [Client 12] Round 22 | Hier-pFedMe(λ2=35.0,K=3) | loss=0.4206
  [Client 13] Round 22 | Hier-pFedMe(λ2=35.0,K=3) | loss=0.4027
  [Client 15] Round 22 | Hier-pFedMe(λ2=35.0,K=3) | loss=0.5097
  [Client 11] Round 22 | Hier-pFedMe(λ2=35.0,K=3) | loss=0.0151
  [Client 19] Round 22 | Hier-pFedMe(λ2=35.0,K=3) | loss=0.0687
  [Edge 1] G22 | E3 | loss=0.2589
  [Edge 1] G22 | E4 | Hier-pFedMe | Selected 10/10
  [Client 15] Round 22 | Hier-pFedMe(λ2=35.0,K=3) | loss=0.3686
  [Client 10] Round 22 | Hier-pFedMe(λ2=35.0,K=3) | loss=0.0808
  [Client 12] Round 22 | Hier-pFedMe(λ2=35.0,K=3) | loss=0.4977
  [Client 17] Round 22 | Hier-pFedMe(λ2=35.0,K=3) | loss=0.4946
  [Client 19] Round 22 | Hier-pFedMe(λ2=35.0,K=3) | loss=0.0678
  [Client 13] Round 22 | Hier-pFedMe(λ2=35.0,K=3) | loss=0.1876
  [Client 11] Round 22 | Hier-pFedMe(λ2=35.0,K=3) | loss=0.2490
  [Client 18] Round 22 | Hier-pFedMe(λ2=35.0,K=3) | loss=1.0349
  [Client 16] Round 22 | Hier-pFedMe(λ2=35.0,K=3) | loss=0.0856
  [Client 14] Round 22 | Hier-pFedMe(λ2=35.0,K=3) | loss=0.0714
  [Edge 1] G22 | E4 | loss=0.3138
  [Edge 1] G22 | E5 | Hier-pFedMe | Selected 10/10
  [Client 16] Round 22 | Hier-pFedMe(λ2=35.0,K=3) | loss=0.3531
  [Client 19] Round 22 | Hier-pFedMe(λ2=35.0,K=3) | loss=0.0567
  [Client 15] Round 22 | Hier-pFedMe(λ2=35.0,K=3) | loss=0.1230
  [Client 11] Round 22 | Hier-pFedMe(λ2=35.0,K=3) | loss=0.4112
  [Client 10] Round 22 | Hier-pFedMe(λ2=35.0,K=3) | loss=0.0264
  [Client 14] Round 22 | Hier-pFedMe(λ2=35.0,K=3) | loss=0.1461
  [Client 13] Round 22 | Hier-pFedMe(λ2=35.0,K=3) | loss=0.3438
  [Client 17] Round 22 | Hier-pFedMe(λ2=35.0,K=3) | loss=0.5846
  [Client 18] Round 22 | Hier-pFedMe(λ2=35.0,K=3) | loss=0.5621
  [Client 12] Round 22 | Hier-pFedMe(λ2=35.0,K=3) | loss=0.6212
  [Edge 1] G22 | E5 | loss=0.3228
  [Cloud] GM=0.3000 | EM=0.4251 | loss=1.9765 | time=29.2s | comm=4556.2MB (total=100236MB)

[Round  23] Broadcasting to 2 edges...
  [Edge 0] G23 | E1 | Hier-pFedMe | Selected 10/10
  [Client  6] Round 23 | Hier-pFedMe(λ2=35.0,K=3) | loss=0.2619
  [Client  1] Round 23 | Hier-pFedMe(λ2=35.0,K=3) | loss=0.5589
  [Client  3] Round 23 | Hier-pFedMe(λ2=35.0,K=3) | loss=3.3877
  [Client  7] Round 23 | Hier-pFedMe(λ2=35.0,K=3) | loss=0.2705
  [Client  5] Round 23 | Hier-pFedMe(λ2=35.0,K=3) | loss=2.5742
  [Client  4] Round 23 | Hier-pFedMe(λ2=35.0,K=3) | loss=0.1358
  [Client  8] Round 23 | Hier-pFedMe(λ2=35.0,K=3) | loss=0.0073
  [Client  0] Round 23 | Hier-pFedMe(λ2=35.0,K=3) | loss=1.5464
  [Client  9] Round 23 | Hier-pFedMe(λ2=35.0,K=3) | loss=0.0078
  [Client  2] Round 23 | Hier-pFedMe(λ2=35.0,K=3) | loss=0.3386
  [Edge 0] G23 | E1 | loss=1.0091
  [Edge 0] G23 | E2 | Hier-pFedMe | Selected 10/10
  [Client  8] Round 23 | Hier-pFedMe(λ2=35.0,K=3) | loss=0.0123
  [Client  9] Round 23 | Hier-pFedMe(λ2=35.0,K=3) | loss=0.0100
  [Client  7] Round 23 | Hier-pFedMe(λ2=35.0,K=3) | loss=0.0959
  [Client  6] Round 23 | Hier-pFedMe(λ2=35.0,K=3) | loss=0.0827
  [Client  5] Round 23 | Hier-pFedMe(λ2=35.0,K=3) | loss=0.2623
  [Client  3] Round 23 | Hier-pFedMe(λ2=35.0,K=3) | loss=0.2803
  [Client  1] Round 23 | Hier-pFedMe(λ2=35.0,K=3) | loss=0.1500
  [Client  0] Round 23 | Hier-pFedMe(λ2=35.0,K=3) | loss=0.0855
  [Client  2] Round 23 | Hier-pFedMe(λ2=35.0,K=3) | loss=0.1447
  [Client  4] Round 23 | Hier-pFedMe(λ2=35.0,K=3) | loss=0.1208
  [Edge 0] G23 | E2 | loss=0.1370
  [Edge 0] G23 | E3 | Hier-pFedMe | Selected 10/10
  [Client  3] Round 23 | Hier-pFedMe(λ2=35.0,K=3) | loss=3.6986
  [Client  7] Round 23 | Hier-pFedMe(λ2=35.0,K=3) | loss=0.5438
  [Client  0] Round 23 | Hier-pFedMe(λ2=35.0,K=3) | loss=0.1233
  [Client  5] Round 23 | Hier-pFedMe(λ2=35.0,K=3) | loss=1.4094
  [Client  2] Round 23 | Hier-pFedMe(λ2=35.0,K=3) | loss=0.0855
  [Client  9] Round 23 | Hier-pFedMe(λ2=35.0,K=3) | loss=0.0051
  [Client  8] Round 23 | Hier-pFedMe(λ2=35.0,K=3) | loss=0.0041
  [Client  1] Round 23 | Hier-pFedMe(λ2=35.0,K=3) | loss=0.1141
  [Client  6] Round 23 | Hier-pFedMe(λ2=35.0,K=3) | loss=0.0811
  [Client  4] Round 23 | Hier-pFedMe(λ2=35.0,K=3) | loss=0.0973
  [Edge 0] G23 | E3 | loss=0.6842
  [Edge 0] G23 | E4 | Hier-pFedMe | Selected 10/10
  [Client  4] Round 23 | Hier-pFedMe(λ2=35.0,K=3) | loss=0.1040
  [Client  6] Round 23 | Hier-pFedMe(λ2=35.0,K=3) | loss=0.1236
  [Client  5] Round 23 | Hier-pFedMe(λ2=35.0,K=3) | loss=0.4274
  [Client  2] Round 23 | Hier-pFedMe(λ2=35.0,K=3) | loss=0.1601
  [Client  0] Round 23 | Hier-pFedMe(λ2=35.0,K=3) | loss=0.0819
  [Client  1] Round 23 | Hier-pFedMe(λ2=35.0,K=3) | loss=0.1217
  [Client  7] Round 23 | Hier-pFedMe(λ2=35.0,K=3) | loss=0.3542
  [Client  9] Round 23 | Hier-pFedMe(λ2=35.0,K=3) | loss=0.0085
  [Client  8] Round 23 | Hier-pFedMe(λ2=35.0,K=3) | loss=0.0103
  [Client  3] Round 23 | Hier-pFedMe(λ2=35.0,K=3) | loss=0.2101
  [Edge 0] G23 | E4 | loss=0.1769
  [Edge 0] G23 | E5 | Hier-pFedMe | Selected 10/10
  [Client  6] Round 23 | Hier-pFedMe(λ2=35.0,K=3) | loss=0.0654
  [Client  0] Round 23 | Hier-pFedMe(λ2=35.0,K=3) | loss=0.1941
  [Client  9] Round 23 | Hier-pFedMe(λ2=35.0,K=3) | loss=0.0074
  [Client  4] Round 23 | Hier-pFedMe(λ2=35.0,K=3) | loss=0.2878
  [Client  2] Round 23 | Hier-pFedMe(λ2=35.0,K=3) | loss=0.1039
  [Client  1] Round 23 | Hier-pFedMe(λ2=35.0,K=3) | loss=0.0914
  [Client  8] Round 23 | Hier-pFedMe(λ2=35.0,K=3) | loss=0.0036
  [Client  7] Round 23 | Hier-pFedMe(λ2=35.0,K=3) | loss=0.3442
  [Client  3] Round 23 | Hier-pFedMe(λ2=35.0,K=3) | loss=1.8267
  [Client  5] Round 23 | Hier-pFedMe(λ2=35.0,K=3) | loss=0.1777
  [Edge 0] G23 | E5 | loss=0.3441
  [Edge 1] G23 | E1 | Hier-pFedMe | Selected 10/10
  [Client 18] Round 23 | Hier-pFedMe(λ2=35.0,K=3) | loss=2.6236
  [Client 10] Round 23 | Hier-pFedMe(λ2=35.0,K=3) | loss=0.0836
  [Client 15] Round 23 | Hier-pFedMe(λ2=35.0,K=3) | loss=0.4145
  [Client 11] Round 23 | Hier-pFedMe(λ2=35.0,K=3) | loss=0.0423
  [Client 12] Round 23 | Hier-pFedMe(λ2=35.0,K=3) | loss=0.2202
  [Client 14] Round 23 | Hier-pFedMe(λ2=35.0,K=3) | loss=0.1486
  [Client 19] Round 23 | Hier-pFedMe(λ2=35.0,K=3) | loss=0.1294
  [Client 17] Round 23 | Hier-pFedMe(λ2=35.0,K=3) | loss=1.0548
  [Client 13] Round 23 | Hier-pFedMe(λ2=35.0,K=3) | loss=0.1506
  [Client 16] Round 23 | Hier-pFedMe(λ2=35.0,K=3) | loss=0.1106
  [Edge 1] G23 | E1 | loss=0.4978
  [Edge 1] G23 | E2 | Hier-pFedMe | Selected 10/10
  [Client 18] Round 23 | Hier-pFedMe(λ2=35.0,K=3) | loss=0.4307
  [Client 10] Round 23 | Hier-pFedMe(λ2=35.0,K=3) | loss=0.1063
  [Client 15] Round 23 | Hier-pFedMe(λ2=35.0,K=3) | loss=0.2568
  [Client 11] Round 23 | Hier-pFedMe(λ2=35.0,K=3) | loss=0.0641
  [Client 19] Round 23 | Hier-pFedMe(λ2=35.0,K=3) | loss=0.1294
  [Client 13] Round 23 | Hier-pFedMe(λ2=35.0,K=3) | loss=0.2382
  [Client 12] Round 23 | Hier-pFedMe(λ2=35.0,K=3) | loss=0.0820
  [Client 17] Round 23 | Hier-pFedMe(λ2=35.0,K=3) | loss=0.6311
  [Client 16] Round 23 | Hier-pFedMe(λ2=35.0,K=3) | loss=0.1080
  [Client 14] Round 23 | Hier-pFedMe(λ2=35.0,K=3) | loss=0.1064
  [Edge 1] G23 | E2 | loss=0.2153
  [Edge 1] G23 | E3 | Hier-pFedMe | Selected 10/10
  [Client 11] Round 23 | Hier-pFedMe(λ2=35.0,K=3) | loss=0.0486
  [Client 17] Round 23 | Hier-pFedMe(λ2=35.0,K=3) | loss=0.2936
  [Client 10] Round 23 | Hier-pFedMe(λ2=35.0,K=3) | loss=0.0826
  [Client 18] Round 23 | Hier-pFedMe(λ2=35.0,K=3) | loss=2.8599
  [Client 13] Round 23 | Hier-pFedMe(λ2=35.0,K=3) | loss=0.1329
  [Client 12] Round 23 | Hier-pFedMe(λ2=35.0,K=3) | loss=0.0494
  [Client 14] Round 23 | Hier-pFedMe(λ2=35.0,K=3) | loss=0.0450
  [Client 15] Round 23 | Hier-pFedMe(λ2=35.0,K=3) | loss=0.8059
  [Client 19] Round 23 | Hier-pFedMe(λ2=35.0,K=3) | loss=0.0431
  [Client 16] Round 23 | Hier-pFedMe(λ2=35.0,K=3) | loss=0.0248
  [Edge 1] G23 | E3 | loss=0.4386
  [Edge 1] G23 | E4 | Hier-pFedMe | Selected 10/10
  [Client 12] Round 23 | Hier-pFedMe(λ2=35.0,K=3) | loss=0.0472
  [Client 18] Round 23 | Hier-pFedMe(λ2=35.0,K=3) | loss=0.2065
  [Client 17] Round 23 | Hier-pFedMe(λ2=35.0,K=3) | loss=0.3409
  [Client 16] Round 23 | Hier-pFedMe(λ2=35.0,K=3) | loss=0.2389
  [Client 15] Round 23 | Hier-pFedMe(λ2=35.0,K=3) | loss=0.3720
  [Client 13] Round 23 | Hier-pFedMe(λ2=35.0,K=3) | loss=0.2237
  [Client 19] Round 23 | Hier-pFedMe(λ2=35.0,K=3) | loss=0.0439  [Client 14] Round 23 | Hier-pFedMe(λ2=35.0,K=3) | loss=0.1082

  [Client 10] Round 23 | Hier-pFedMe(λ2=35.0,K=3) | loss=0.0469
  [Client 11] Round 23 | Hier-pFedMe(λ2=35.0,K=3) | loss=0.0455
  [Edge 1] G23 | E4 | loss=0.1674
  [Edge 1] G23 | E5 | Hier-pFedMe | Selected 10/10
  [Client 13] Round 23 | Hier-pFedMe(λ2=35.0,K=3) | loss=0.3068
  [Client 18] Round 23 | Hier-pFedMe(λ2=35.0,K=3) | loss=1.3235
  [Client 16] Round 23 | Hier-pFedMe(λ2=35.0,K=3) | loss=0.4249
  [Client 19] Round 23 | Hier-pFedMe(λ2=35.0,K=3) | loss=0.2379
  [Client 12] Round 23 | Hier-pFedMe(λ2=35.0,K=3) | loss=0.0471
  [Client 15] Round 23 | Hier-pFedMe(λ2=35.0,K=3) | loss=0.0754
  [Client 11] Round 23 | Hier-pFedMe(λ2=35.0,K=3) | loss=0.0484
  [Client 14] Round 23 | Hier-pFedMe(λ2=35.0,K=3) | loss=0.0779
  [Client 10] Round 23 | Hier-pFedMe(λ2=35.0,K=3) | loss=0.1010
  [Client 17] Round 23 | Hier-pFedMe(λ2=35.0,K=3) | loss=0.1444
  [Edge 1] G23 | E5 | loss=0.2787
  [Cloud] GM=0.3018 | EM=0.4396 | loss=1.9678 | time=29.5s | comm=4556.2MB (total=104792MB)

[Round  24] Broadcasting to 2 edges...
  [Edge 0] G24 | E1 | Hier-pFedMe | Selected 10/10
  [Client  3] Round 24 | Hier-pFedMe(λ2=35.0,K=3) | loss=0.2522
  [Client  4] Round 24 | Hier-pFedMe(λ2=35.0,K=3) | loss=0.1648
  [Client  9] Round 24 | Hier-pFedMe(λ2=35.0,K=3) | loss=0.0076
  [Client  7] Round 24 | Hier-pFedMe(λ2=35.0,K=3) | loss=0.3381
  [Client  8] Round 24 | Hier-pFedMe(λ2=35.0,K=3) | loss=0.0060
  [Client  1] Round 24 | Hier-pFedMe(λ2=35.0,K=3) | loss=0.1159
  [Client  2] Round 24 | Hier-pFedMe(λ2=35.0,K=3) | loss=0.0911
  [Client  0] Round 24 | Hier-pFedMe(λ2=35.0,K=3) | loss=0.0883
  [Client  5] Round 24 | Hier-pFedMe(λ2=35.0,K=3) | loss=0.2239
  [Client  6] Round 24 | Hier-pFedMe(λ2=35.0,K=3) | loss=0.2373
  [Edge 0] G24 | E1 | loss=0.1687
  [Edge 0] G24 | E2 | Hier-pFedMe | Selected 10/10
  [Client  6] Round 24 | Hier-pFedMe(λ2=35.0,K=3) | loss=0.1567
  [Client  5] Round 24 | Hier-pFedMe(λ2=35.0,K=3) | loss=0.1824
  [Client  1] Round 24 | Hier-pFedMe(λ2=35.0,K=3) | loss=0.5080
  [Client  9] Round 24 | Hier-pFedMe(λ2=35.0,K=3) | loss=0.0083
  [Client  8] Round 24 | Hier-pFedMe(λ2=35.0,K=3) | loss=0.0100
  [Client  3] Round 24 | Hier-pFedMe(λ2=35.0,K=3) | loss=2.2846
  [Client  0] Round 24 | Hier-pFedMe(λ2=35.0,K=3) | loss=0.1703
  [Client  7] Round 24 | Hier-pFedMe(λ2=35.0,K=3) | loss=0.2775
  [Client  4] Round 24 | Hier-pFedMe(λ2=35.0,K=3) | loss=0.1173
  [Client  2] Round 24 | Hier-pFedMe(λ2=35.0,K=3) | loss=0.0922
  [Edge 0] G24 | E2 | loss=0.4220
  [Edge 0] G24 | E3 | Hier-pFedMe | Selected 10/10
  [Client  0] Round 24 | Hier-pFedMe(λ2=35.0,K=3) | loss=0.2093
  [Client  1] Round 24 | Hier-pFedMe(λ2=35.0,K=3) | loss=0.1447
  [Client  3] Round 24 | Hier-pFedMe(λ2=35.0,K=3) | loss=0.2878
  [Client  5] Round 24 | Hier-pFedMe(λ2=35.0,K=3) | loss=0.0968
  [Client  7] Round 24 | Hier-pFedMe(λ2=35.0,K=3) | loss=0.6285
  [Client  2] Round 24 | Hier-pFedMe(λ2=35.0,K=3) | loss=0.1759  [Client  6] Round 24 | Hier-pFedMe(λ2=35.0,K=3) | loss=0.1184

  [Client  9] Round 24 | Hier-pFedMe(λ2=35.0,K=3) | loss=0.0056
  [Client  8] Round 24 | Hier-pFedMe(λ2=35.0,K=3) | loss=0.0041
  [Client  4] Round 24 | Hier-pFedMe(λ2=35.0,K=3) | loss=0.1513
  [Edge 0] G24 | E3 | loss=0.2020
  [Edge 0] G24 | E4 | Hier-pFedMe | Selected 10/10
  [Client  9] Round 24 | Hier-pFedMe(λ2=35.0,K=3) | loss=0.0067
  [Client  6] Round 24 | Hier-pFedMe(λ2=35.0,K=3) | loss=0.0614
  [Client  5] Round 24 | Hier-pFedMe(λ2=35.0,K=3) | loss=0.7617
  [Client  3] Round 24 | Hier-pFedMe(λ2=35.0,K=3) | loss=1.9469
  [Client  7] Round 24 | Hier-pFedMe(λ2=35.0,K=3) | loss=0.7509
  [Client  0] Round 24 | Hier-pFedMe(λ2=35.0,K=3) | loss=0.2699
  [Client  1] Round 24 | Hier-pFedMe(λ2=35.0,K=3) | loss=0.4174
  [Client  2] Round 24 | Hier-pFedMe(λ2=35.0,K=3) | loss=0.1347
  [Client  4] Round 24 | Hier-pFedMe(λ2=35.0,K=3) | loss=0.2418
  [Client  8] Round 24 | Hier-pFedMe(λ2=35.0,K=3) | loss=0.0044
  [Edge 0] G24 | E4 | loss=0.5100
  [Edge 0] G24 | E5 | Hier-pFedMe | Selected 10/10
  [Client  4] Round 24 | Hier-pFedMe(λ2=35.0,K=3) | loss=0.0491
  [Client  5] Round 24 | Hier-pFedMe(λ2=35.0,K=3) | loss=0.1079
  [Client  0] Round 24 | Hier-pFedMe(λ2=35.0,K=3) | loss=0.1495
  [Client  8] Round 24 | Hier-pFedMe(λ2=35.0,K=3) | loss=0.0047
  [Client  3] Round 24 | Hier-pFedMe(λ2=35.0,K=3) | loss=0.5849
  [Client  1] Round 24 | Hier-pFedMe(λ2=35.0,K=3) | loss=0.1503
  [Client  2] Round 24 | Hier-pFedMe(λ2=35.0,K=3) | loss=0.3783
  [Client  7] Round 24 | Hier-pFedMe(λ2=35.0,K=3) | loss=0.5380
  [Client  6] Round 24 | Hier-pFedMe(λ2=35.0,K=3) | loss=0.6008
  [Client  9] Round 24 | Hier-pFedMe(λ2=35.0,K=3) | loss=0.0048
  [Edge 0] G24 | E5 | loss=0.2848
  [Edge 1] G24 | E1 | Hier-pFedMe | Selected 10/10
  [Client 10] Round 24 | Hier-pFedMe(λ2=35.0,K=3) | loss=0.1383
  [Client 12] Round 24 | Hier-pFedMe(λ2=35.0,K=3) | loss=0.7358
  [Client 11] Round 24 | Hier-pFedMe(λ2=35.0,K=3) | loss=0.0322
  [Client 13] Round 24 | Hier-pFedMe(λ2=35.0,K=3) | loss=0.4154
  [Client 16] Round 24 | Hier-pFedMe(λ2=35.0,K=3) | loss=0.1081
  [Client 14] Round 24 | Hier-pFedMe(λ2=35.0,K=3) | loss=0.1674
  [Client 19] Round 24 | Hier-pFedMe(λ2=35.0,K=3) | loss=0.0675
  [Client 15] Round 24 | Hier-pFedMe(λ2=35.0,K=3) | loss=0.1793
  [Client 18] Round 24 | Hier-pFedMe(λ2=35.0,K=3) | loss=0.4029
  [Client 17] Round 24 | Hier-pFedMe(λ2=35.0,K=3) | loss=0.1523
  [Edge 1] G24 | E1 | loss=0.2399
  [Edge 1] G24 | E2 | Hier-pFedMe | Selected 10/10
  [Client 19] Round 24 | Hier-pFedMe(λ2=35.0,K=3) | loss=0.3409
  [Client 13] Round 24 | Hier-pFedMe(λ2=35.0,K=3) | loss=0.0894
  [Client 11] Round 24 | Hier-pFedMe(λ2=35.0,K=3) | loss=0.0729
  [Client 17] Round 24 | Hier-pFedMe(λ2=35.0,K=3) | loss=0.1810
  [Client 16] Round 24 | Hier-pFedMe(λ2=35.0,K=3) | loss=0.0856
  [Client 12] Round 24 | Hier-pFedMe(λ2=35.0,K=3) | loss=0.3649
  [Client 10] Round 24 | Hier-pFedMe(λ2=35.0,K=3) | loss=0.3391
  [Client 14] Round 24 | Hier-pFedMe(λ2=35.0,K=3) | loss=0.0302
  [Client 15] Round 24 | Hier-pFedMe(λ2=35.0,K=3) | loss=0.2559
  [Client 18] Round 24 | Hier-pFedMe(λ2=35.0,K=3) | loss=1.9868
  [Edge 1] G24 | E2 | loss=0.3747
  [Edge 1] G24 | E3 | Hier-pFedMe | Selected 10/10
  [Client 18] Round 24 | Hier-pFedMe(λ2=35.0,K=3) | loss=0.2343
  [Client 14] Round 24 | Hier-pFedMe(λ2=35.0,K=3) | loss=0.1122
  [Client 17] Round 24 | Hier-pFedMe(λ2=35.0,K=3) | loss=0.1973
  [Client 10] Round 24 | Hier-pFedMe(λ2=35.0,K=3) | loss=0.3834
  [Client 19] Round 24 | Hier-pFedMe(λ2=35.0,K=3) | loss=0.0595
  [Client 11] Round 24 | Hier-pFedMe(λ2=35.0,K=3) | loss=0.0308
  [Client 15] Round 24 | Hier-pFedMe(λ2=35.0,K=3) | loss=0.4406
  [Client 16] Round 24 | Hier-pFedMe(λ2=35.0,K=3) | loss=0.0588
  [Client 13] Round 24 | Hier-pFedMe(λ2=35.0,K=3) | loss=0.2880
  [Client 12] Round 24 | Hier-pFedMe(λ2=35.0,K=3) | loss=0.0783
  [Edge 1] G24 | E3 | loss=0.1883
  [Edge 1] G24 | E4 | Hier-pFedMe | Selected 10/10
  [Client 17] Round 24 | Hier-pFedMe(λ2=35.0,K=3) | loss=0.2486
  [Client 14] Round 24 | Hier-pFedMe(λ2=35.0,K=3) | loss=0.3122
  [Client 19] Round 24 | Hier-pFedMe(λ2=35.0,K=3) | loss=0.1010
  [Client 18] Round 24 | Hier-pFedMe(λ2=35.0,K=3) | loss=0.3630
  [Client 16] Round 24 | Hier-pFedMe(λ2=35.0,K=3) | loss=0.0627
  [Client 11] Round 24 | Hier-pFedMe(λ2=35.0,K=3) | loss=0.0759
  [Client 12] Round 24 | Hier-pFedMe(λ2=35.0,K=3) | loss=0.0693
  [Client 13] Round 24 | Hier-pFedMe(λ2=35.0,K=3) | loss=0.3745
  [Client 15] Round 24 | Hier-pFedMe(λ2=35.0,K=3) | loss=0.8722
  [Client 10] Round 24 | Hier-pFedMe(λ2=35.0,K=3) | loss=1.0037
  [Edge 1] G24 | E4 | loss=0.3483
  [Edge 1] G24 | E5 | Hier-pFedMe | Selected 10/10
  [Client 10] Round 24 | Hier-pFedMe(λ2=35.0,K=3) | loss=0.4569
  [Client 11] Round 24 | Hier-pFedMe(λ2=35.0,K=3) | loss=0.0465
  [Client 13] Round 24 | Hier-pFedMe(λ2=35.0,K=3) | loss=0.3057
  [Client 16] Round 24 | Hier-pFedMe(λ2=35.0,K=3) | loss=0.0747
  [Client 15] Round 24 | Hier-pFedMe(λ2=35.0,K=3) | loss=0.2194
  [Client 14] Round 24 | Hier-pFedMe(λ2=35.0,K=3) | loss=0.0366
  [Client 19] Round 24 | Hier-pFedMe(λ2=35.0,K=3) | loss=0.0300
  [Client 12] Round 24 | Hier-pFedMe(λ2=35.0,K=3) | loss=0.1094
  [Client 17] Round 24 | Hier-pFedMe(λ2=35.0,K=3) | loss=0.4591
  [Client 18] Round 24 | Hier-pFedMe(λ2=35.0,K=3) | loss=0.3575
  [Edge 1] G24 | E5 | loss=0.2096
  [Cloud] GM=0.3091 | EM=0.4301 | loss=1.9612 | time=29.8s | comm=4556.2MB (total=109349MB)

[Round  25] Broadcasting to 2 edges...
  [Edge 0] G25 | E1 | Hier-pFedMe | Selected 10/10
  [Client  9] Round 25 | Hier-pFedMe(λ2=35.0,K=3) | loss=0.0069
  [Client  1] Round 25 | Hier-pFedMe(λ2=35.0,K=3) | loss=0.0879
  [Client  6] Round 25 | Hier-pFedMe(λ2=35.0,K=3) | loss=0.1637
  [Client  2] Round 25 | Hier-pFedMe(λ2=35.0,K=3) | loss=0.4010
  [Client  7] Round 25 | Hier-pFedMe(λ2=35.0,K=3) | loss=0.1318
  [Client  0] Round 25 | Hier-pFedMe(λ2=35.0,K=3) | loss=0.1231
  [Client  8] Round 25 | Hier-pFedMe(λ2=35.0,K=3) | loss=0.0108
  [Client  3] Round 25 | Hier-pFedMe(λ2=35.0,K=3) | loss=2.2117
  [Client  5] Round 25 | Hier-pFedMe(λ2=35.0,K=3) | loss=0.1805
  [Client  4] Round 25 | Hier-pFedMe(λ2=35.0,K=3) | loss=0.1833
  [Edge 0] G25 | E1 | loss=0.3880
  [Edge 0] G25 | E2 | Hier-pFedMe | Selected 10/10
  [Client  0] Round 25 | Hier-pFedMe(λ2=35.0,K=3) | loss=0.0594
  [Client  4] Round 25 | Hier-pFedMe(λ2=35.0,K=3) | loss=0.0618
  [Client  8] Round 25 | Hier-pFedMe(λ2=35.0,K=3) | loss=0.0064
  [Client  3] Round 25 | Hier-pFedMe(λ2=35.0,K=3) | loss=0.2188
  [Client  5] Round 25 | Hier-pFedMe(λ2=35.0,K=3) | loss=0.0852
  [Client  7] Round 25 | Hier-pFedMe(λ2=35.0,K=3) | loss=0.3299
  [Client  2] Round 25 | Hier-pFedMe(λ2=35.0,K=3) | loss=0.0770
  [Client  6] Round 25 | Hier-pFedMe(λ2=35.0,K=3) | loss=0.3684
  [Client  9] Round 25 | Hier-pFedMe(λ2=35.0,K=3) | loss=0.0116
  [Client  1] Round 25 | Hier-pFedMe(λ2=35.0,K=3) | loss=0.1627
  [Edge 0] G25 | E2 | loss=0.1525
  [Edge 0] G25 | E3 | Hier-pFedMe | Selected 10/10
  [Client  9] Round 25 | Hier-pFedMe(λ2=35.0,K=3) | loss=0.0020
  [Client  1] Round 25 | Hier-pFedMe(λ2=35.0,K=3) | loss=0.3079
  [Client  5] Round 25 | Hier-pFedMe(λ2=35.0,K=3) | loss=0.3212  [Client  0] Round 25 | Hier-pFedMe(λ2=35.0,K=3) | loss=0.1259

  [Client  8] Round 25 | Hier-pFedMe(λ2=35.0,K=3) | loss=0.0051
  [Client  6] Round 25 | Hier-pFedMe(λ2=35.0,K=3) | loss=0.0663
  [Client  4] Round 25 | Hier-pFedMe(λ2=35.0,K=3) | loss=0.1460
  [Client  7] Round 25 | Hier-pFedMe(λ2=35.0,K=3) | loss=0.2827
  [Client  3] Round 25 | Hier-pFedMe(λ2=35.0,K=3) | loss=1.0454
  [Client  2] Round 25 | Hier-pFedMe(λ2=35.0,K=3) | loss=0.4009
  [Edge 0] G25 | E3 | loss=0.3000
  [Edge 0] G25 | E4 | Hier-pFedMe | Selected 10/10
  [Client  3] Round 25 | Hier-pFedMe(λ2=35.0,K=3) | loss=0.4302
  [Client  1] Round 25 | Hier-pFedMe(λ2=35.0,K=3) | loss=0.2254
  [Client  2] Round 25 | Hier-pFedMe(λ2=35.0,K=3) | loss=0.0879
  [Client  6] Round 25 | Hier-pFedMe(λ2=35.0,K=3) | loss=0.0533
  [Client  5] Round 25 | Hier-pFedMe(λ2=35.0,K=3) | loss=0.2354
  [Client  9] Round 25 | Hier-pFedMe(λ2=35.0,K=3) | loss=0.0062
  [Client  8] Round 25 | Hier-pFedMe(λ2=35.0,K=3) | loss=0.0050
  [Client  7] Round 25 | Hier-pFedMe(λ2=35.0,K=3) | loss=0.1662
  [Client  4] Round 25 | Hier-pFedMe(λ2=35.0,K=3) | loss=0.1518
  [Client  0] Round 25 | Hier-pFedMe(λ2=35.0,K=3) | loss=0.1912
  [Edge 0] G25 | E4 | loss=0.1719
  [Edge 0] G25 | E5 | Hier-pFedMe | Selected 10/10
  [Client  4] Round 25 | Hier-pFedMe(λ2=35.0,K=3) | loss=0.1184
  [Client  3] Round 25 | Hier-pFedMe(λ2=35.0,K=3) | loss=1.8112
  [Client  9] Round 25 | Hier-pFedMe(λ2=35.0,K=3) | loss=0.0027
  [Client  7] Round 25 | Hier-pFedMe(λ2=35.0,K=3) | loss=0.1436
  [Client  2] Round 25 | Hier-pFedMe(λ2=35.0,K=3) | loss=0.1087
  [Client  5] Round 25 | Hier-pFedMe(λ2=35.0,K=3) | loss=0.4001
  [Client  1] Round 25 | Hier-pFedMe(λ2=35.0,K=3) | loss=0.2954
  [Client  6] Round 25 | Hier-pFedMe(λ2=35.0,K=3) | loss=0.1565
  [Client  8] Round 25 | Hier-pFedMe(λ2=35.0,K=3) | loss=0.0030
  [Client  0] Round 25 | Hier-pFedMe(λ2=35.0,K=3) | loss=0.0868
  [Edge 0] G25 | E5 | loss=0.3471
  [Edge 1] G25 | E1 | Hier-pFedMe | Selected 10/10
  [Client 16] Round 25 | Hier-pFedMe(λ2=35.0,K=3) | loss=0.0712
  [Client 13] Round 25 | Hier-pFedMe(λ2=35.0,K=3) | loss=0.0952  [Client 11] Round 25 | Hier-pFedMe(λ2=35.0,K=3) | loss=0.0547

  [Client 15] Round 25 | Hier-pFedMe(λ2=35.0,K=3) | loss=0.1169
  [Client 10] Round 25 | Hier-pFedMe(λ2=35.0,K=3) | loss=0.4462
  [Client 18] Round 25 | Hier-pFedMe(λ2=35.0,K=3) | loss=0.3227
  [Client 17] Round 25 | Hier-pFedMe(λ2=35.0,K=3) | loss=0.2235
  [Client 12] Round 25 | Hier-pFedMe(λ2=35.0,K=3) | loss=0.0875
  [Client 14] Round 25 | Hier-pFedMe(λ2=35.0,K=3) | loss=0.0390
  [Client 19] Round 25 | Hier-pFedMe(λ2=35.0,K=3) | loss=0.1317
  [Edge 1] G25 | E1 | loss=0.1589
  [Edge 1] G25 | E2 | Hier-pFedMe | Selected 10/10
  [Client 19] Round 25 | Hier-pFedMe(λ2=35.0,K=3) | loss=0.0798
  [Client 11] Round 25 | Hier-pFedMe(λ2=35.0,K=3) | loss=0.0496
  [Client 14] Round 25 | Hier-pFedMe(λ2=35.0,K=3) | loss=0.0866
  [Client 17] Round 25 | Hier-pFedMe(λ2=35.0,K=3) | loss=0.2798
  [Client 16] Round 25 | Hier-pFedMe(λ2=35.0,K=3) | loss=0.0430
  [Client 10] Round 25 | Hier-pFedMe(λ2=35.0,K=3) | loss=0.0598
  [Client 18] Round 25 | Hier-pFedMe(λ2=35.0,K=3) | loss=0.4220
  [Client 13] Round 25 | Hier-pFedMe(λ2=35.0,K=3) | loss=0.0953
  [Client 12] Round 25 | Hier-pFedMe(λ2=35.0,K=3) | loss=0.1527
  [Client 15] Round 25 | Hier-pFedMe(λ2=35.0,K=3) | loss=0.0691
  [Edge 1] G25 | E2 | loss=0.1338
  [Edge 1] G25 | E3 | Hier-pFedMe | Selected 10/10
  [Client 19] Round 25 | Hier-pFedMe(λ2=35.0,K=3) | loss=0.0175
  [Client 17] Round 25 | Hier-pFedMe(λ2=35.0,K=3) | loss=0.1764
  [Client 13] Round 25 | Hier-pFedMe(λ2=35.0,K=3) | loss=0.0992
  [Client 18] Round 25 | Hier-pFedMe(λ2=35.0,K=3) | loss=0.2284
  [Client 15] Round 25 | Hier-pFedMe(λ2=35.0,K=3) | loss=0.1891
  [Client 10] Round 25 | Hier-pFedMe(λ2=35.0,K=3) | loss=0.0939
  [Client 14] Round 25 | Hier-pFedMe(λ2=35.0,K=3) | loss=0.0311
  [Client 12] Round 25 | Hier-pFedMe(λ2=35.0,K=3) | loss=0.2137
  [Client 11] Round 25 | Hier-pFedMe(λ2=35.0,K=3) | loss=0.0355
  [Client 16] Round 25 | Hier-pFedMe(λ2=35.0,K=3) | loss=0.5514
  [Edge 1] G25 | E3 | loss=0.1636
  [Edge 1] G25 | E4 | Hier-pFedMe | Selected 10/10
  [Client 18] Round 25 | Hier-pFedMe(λ2=35.0,K=3) | loss=0.1386
  [Client 14] Round 25 | Hier-pFedMe(λ2=35.0,K=3) | loss=0.0935
  [Client 11] Round 25 | Hier-pFedMe(λ2=35.0,K=3) | loss=0.2259
  [Client 10] Round 25 | Hier-pFedMe(λ2=35.0,K=3) | loss=0.0403
  [Client 15] Round 25 | Hier-pFedMe(λ2=35.0,K=3) | loss=0.1581
  [Client 12] Round 25 | Hier-pFedMe(λ2=35.0,K=3) | loss=0.4647
  [Client 16] Round 25 | Hier-pFedMe(λ2=35.0,K=3) | loss=0.1788
  [Client 13] Round 25 | Hier-pFedMe(λ2=35.0,K=3) | loss=0.1239
  [Client 19] Round 25 | Hier-pFedMe(λ2=35.0,K=3) | loss=0.0697
  [Client 17] Round 25 | Hier-pFedMe(λ2=35.0,K=3) | loss=0.2369
  [Edge 1] G25 | E4 | loss=0.1730
  [Edge 1] G25 | E5 | Hier-pFedMe | Selected 10/10
  [Client 16] Round 25 | Hier-pFedMe(λ2=35.0,K=3) | loss=0.1104
  [Client 18] Round 25 | Hier-pFedMe(λ2=35.0,K=3) | loss=0.6072
  [Client 11] Round 25 | Hier-pFedMe(λ2=35.0,K=3) | loss=0.1729
  [Client 12] Round 25 | Hier-pFedMe(λ2=35.0,K=3) | loss=0.0503
  [Client 19] Round 25 | Hier-pFedMe(λ2=35.0,K=3) | loss=0.0379
  [Client 13] Round 25 | Hier-pFedMe(λ2=35.0,K=3) | loss=0.0778
  [Client 10] Round 25 | Hier-pFedMe(λ2=35.0,K=3) | loss=0.0672
  [Client 14] Round 25 | Hier-pFedMe(λ2=35.0,K=3) | loss=0.0204
  [Client 15] Round 25 | Hier-pFedMe(λ2=35.0,K=3) | loss=0.7827
  [Client 17] Round 25 | Hier-pFedMe(λ2=35.0,K=3) | loss=0.4366
  [Edge 1] G25 | E5 | loss=0.2364
  [Cloud] GM=0.3029 | EM=0.4399 PM=0.6877 | loss=1.9673 | time=40.3s | comm=4556.2MB (total=113905MB)

[Round  26] Broadcasting to 2 edges...
  [Edge 0] G26 | E1 | Hier-pFedMe | Selected 10/10
  [Client  0] Round 26 | Hier-pFedMe(λ2=35.0,K=3) | loss=0.0757
  [Client  3] Round 26 | Hier-pFedMe(λ2=35.0,K=3) | loss=0.5128
  [Client  6] Round 26 | Hier-pFedMe(λ2=35.0,K=3) | loss=0.0979
  [Client  2] Round 26 | Hier-pFedMe(λ2=35.0,K=3) | loss=0.2943
  [Client  8] Round 26 | Hier-pFedMe(λ2=35.0,K=3) | loss=0.0065
  [Client  7] Round 26 | Hier-pFedMe(λ2=35.0,K=3) | loss=0.1076
  [Client  4] Round 26 | Hier-pFedMe(λ2=35.0,K=3) | loss=0.1474
  [Client  1] Round 26 | Hier-pFedMe(λ2=35.0,K=3) | loss=0.1486
  [Client  5] Round 26 | Hier-pFedMe(λ2=35.0,K=3) | loss=0.1323
  [Client  9] Round 26 | Hier-pFedMe(λ2=35.0,K=3) | loss=0.0034
  [Edge 0] G26 | E1 | loss=0.1691
  [Edge 0] G26 | E2 | Hier-pFedMe | Selected 10/10
  [Client  9] Round 26 | Hier-pFedMe(λ2=35.0,K=3) | loss=0.0107
  [Client  5] Round 26 | Hier-pFedMe(λ2=35.0,K=3) | loss=0.2050
  [Client  7] Round 26 | Hier-pFedMe(λ2=35.0,K=3) | loss=0.6210
  [Client  1] Round 26 | Hier-pFedMe(λ2=35.0,K=3) | loss=0.6783
  [Client  4] Round 26 | Hier-pFedMe(λ2=35.0,K=3) | loss=0.0403
  [Client  2] Round 26 | Hier-pFedMe(λ2=35.0,K=3) | loss=0.1197
  [Client  0] Round 26 | Hier-pFedMe(λ2=35.0,K=3) | loss=0.6257
  [Client  6] Round 26 | Hier-pFedMe(λ2=35.0,K=3) | loss=0.0673
  [Client  3] Round 26 | Hier-pFedMe(λ2=35.0,K=3) | loss=1.1991
  [Client  8] Round 26 | Hier-pFedMe(λ2=35.0,K=3) | loss=0.0055
  [Edge 0] G26 | E2 | loss=0.3961
  [Edge 0] G26 | E3 | Hier-pFedMe | Selected 10/10
  [Client  3] Round 26 | Hier-pFedMe(λ2=35.0,K=3) | loss=0.1961
  [Client  2] Round 26 | Hier-pFedMe(λ2=35.0,K=3) | loss=0.3148
  [Client  4] Round 26 | Hier-pFedMe(λ2=35.0,K=3) | loss=0.0819
  [Client  5] Round 26 | Hier-pFedMe(λ2=35.0,K=3) | loss=0.1360
  [Client  8] Round 26 | Hier-pFedMe(λ2=35.0,K=3) | loss=0.0065
  [Client  9] Round 26 | Hier-pFedMe(λ2=35.0,K=3) | loss=0.0025
  [Client  0] Round 26 | Hier-pFedMe(λ2=35.0,K=3) | loss=0.6477
  [Client  7] Round 26 | Hier-pFedMe(λ2=35.0,K=3) | loss=0.2236
  [Client  6] Round 26 | Hier-pFedMe(λ2=35.0,K=3) | loss=0.1200
  [Client  1] Round 26 | Hier-pFedMe(λ2=35.0,K=3) | loss=0.1814
  [Edge 0] G26 | E3 | loss=0.2118
  [Edge 0] G26 | E4 | Hier-pFedMe | Selected 10/10
  [Client  1] Round 26 | Hier-pFedMe(λ2=35.0,K=3) | loss=0.1415
  [Client  0] Round 26 | Hier-pFedMe(λ2=35.0,K=3) | loss=0.1108
  [Client  3] Round 26 | Hier-pFedMe(λ2=35.0,K=3) | loss=0.2731
  [Client  6] Round 26 | Hier-pFedMe(λ2=35.0,K=3) | loss=0.2255
  [Client  8] Round 26 | Hier-pFedMe(λ2=35.0,K=3) | loss=0.0054
  [Client  2] Round 26 | Hier-pFedMe(λ2=35.0,K=3) | loss=0.0952
  [Client  4] Round 26 | Hier-pFedMe(λ2=35.0,K=3) | loss=0.1330
  [Client  7] Round 26 | Hier-pFedMe(λ2=35.0,K=3) | loss=0.1014
  [Client  9] Round 26 | Hier-pFedMe(λ2=35.0,K=3) | loss=0.0142
  [Client  5] Round 26 | Hier-pFedMe(λ2=35.0,K=3) | loss=0.2805
  [Edge 0] G26 | E4 | loss=0.1523
  [Edge 0] G26 | E5 | Hier-pFedMe | Selected 10/10
  [Client  9] Round 26 | Hier-pFedMe(λ2=35.0,K=3) | loss=0.0018
  [Client  1] Round 26 | Hier-pFedMe(λ2=35.0,K=3) | loss=0.0925
  [Client  4] Round 26 | Hier-pFedMe(λ2=35.0,K=3) | loss=0.6180
  [Client  8] Round 26 | Hier-pFedMe(λ2=35.0,K=3) | loss=0.0010
  [Client  0] Round 26 | Hier-pFedMe(λ2=35.0,K=3) | loss=0.2381
  [Client  7] Round 26 | Hier-pFedMe(λ2=35.0,K=3) | loss=0.1962
  [Client  3] Round 26 | Hier-pFedMe(λ2=35.0,K=3) | loss=0.1069
  [Client  5] Round 26 | Hier-pFedMe(λ2=35.0,K=3) | loss=1.1360
  [Client  6] Round 26 | Hier-pFedMe(λ2=35.0,K=3) | loss=0.0923
  [Client  2] Round 26 | Hier-pFedMe(λ2=35.0,K=3) | loss=0.5876
  [Edge 0] G26 | E5 | loss=0.3410
  [Edge 1] G26 | E1 | Hier-pFedMe | Selected 10/10
  [Client 14] Round 26 | Hier-pFedMe(λ2=35.0,K=3) | loss=0.1643
  [Client 13] Round 26 | Hier-pFedMe(λ2=35.0,K=3) | loss=0.3475
  [Client 17] Round 26 | Hier-pFedMe(λ2=35.0,K=3) | loss=1.1286
  [Client 19] Round 26 | Hier-pFedMe(λ2=35.0,K=3) | loss=0.0135
  [Client 16] Round 26 | Hier-pFedMe(λ2=35.0,K=3) | loss=0.6578
  [Client 10] Round 26 | Hier-pFedMe(λ2=35.0,K=3) | loss=0.2285
  [Client 12] Round 26 | Hier-pFedMe(λ2=35.0,K=3) | loss=0.1095
  [Client 11] Round 26 | Hier-pFedMe(λ2=35.0,K=3) | loss=0.0457
  [Client 18] Round 26 | Hier-pFedMe(λ2=35.0,K=3) | loss=0.9784
  [Client 15] Round 26 | Hier-pFedMe(λ2=35.0,K=3) | loss=0.2364
  [Edge 1] G26 | E1 | loss=0.3910
  [Edge 1] G26 | E2 | Hier-pFedMe | Selected 10/10
  [Client 18] Round 26 | Hier-pFedMe(λ2=35.0,K=3) | loss=0.2178
  [Client 12] Round 26 | Hier-pFedMe(λ2=35.0,K=3) | loss=0.0614
  [Client 15] Round 26 | Hier-pFedMe(λ2=35.0,K=3) | loss=0.6152
  [Client 19] Round 26 | Hier-pFedMe(λ2=35.0,K=3) | loss=0.0365
  [Client 11] Round 26 | Hier-pFedMe(λ2=35.0,K=3) | loss=0.0238
  [Client 10] Round 26 | Hier-pFedMe(λ2=35.0,K=3) | loss=0.0722
  [Client 13] Round 26 | Hier-pFedMe(λ2=35.0,K=3) | loss=0.2715
  [Client 16] Round 26 | Hier-pFedMe(λ2=35.0,K=3) | loss=0.1214
  [Client 17] Round 26 | Hier-pFedMe(λ2=35.0,K=3) | loss=0.5429
  [Client 14] Round 26 | Hier-pFedMe(λ2=35.0,K=3) | loss=0.0341
  [Edge 1] G26 | E2 | loss=0.1997
  [Edge 1] G26 | E3 | Hier-pFedMe | Selected 10/10
  [Client 16] Round 26 | Hier-pFedMe(λ2=35.0,K=3) | loss=0.0788
  [Client 19] Round 26 | Hier-pFedMe(λ2=35.0,K=3) | loss=0.0862
  [Client 14] Round 26 | Hier-pFedMe(λ2=35.0,K=3) | loss=0.0708
  [Client 17] Round 26 | Hier-pFedMe(λ2=35.0,K=3) | loss=0.3235
  [Client 18] Round 26 | Hier-pFedMe(λ2=35.0,K=3) | loss=0.5033
  [Client 11] Round 26 | Hier-pFedMe(λ2=35.0,K=3) | loss=0.3213
  [Client 10] Round 26 | Hier-pFedMe(λ2=35.0,K=3) | loss=0.0800
  [Client 12] Round 26 | Hier-pFedMe(λ2=35.0,K=3) | loss=0.0355
  [Client 15] Round 26 | Hier-pFedMe(λ2=35.0,K=3) | loss=0.0769
  [Client 13] Round 26 | Hier-pFedMe(λ2=35.0,K=3) | loss=0.1160
  [Edge 1] G26 | E3 | loss=0.1692
  [Edge 1] G26 | E4 | Hier-pFedMe | Selected 10/10
  [Client 17] Round 26 | Hier-pFedMe(λ2=35.0,K=3) | loss=1.1966
  [Client 10] Round 26 | Hier-pFedMe(λ2=35.0,K=3) | loss=0.0255
  [Client 18] Round 26 | Hier-pFedMe(λ2=35.0,K=3) | loss=0.1084
  [Client 11] Round 26 | Hier-pFedMe(λ2=35.0,K=3) | loss=0.4146
  [Client 13] Round 26 | Hier-pFedMe(λ2=35.0,K=3) | loss=0.1497
  [Client 19] Round 26 | Hier-pFedMe(λ2=35.0,K=3) | loss=0.0966
  [Client 15] Round 26 | Hier-pFedMe(λ2=35.0,K=3) | loss=1.4721
  [Client 14] Round 26 | Hier-pFedMe(λ2=35.0,K=3) | loss=0.1274
  [Client 12] Round 26 | Hier-pFedMe(λ2=35.0,K=3) | loss=0.0933
  [Client 16] Round 26 | Hier-pFedMe(λ2=35.0,K=3) | loss=0.0716
  [Edge 1] G26 | E4 | loss=0.3756
  [Edge 1] G26 | E5 | Hier-pFedMe | Selected 10/10
  [Client 15] Round 26 | Hier-pFedMe(λ2=35.0,K=3) | loss=0.0981
  [Client 14] Round 26 | Hier-pFedMe(λ2=35.0,K=3) | loss=0.1009
  [Client 13] Round 26 | Hier-pFedMe(λ2=35.0,K=3) | loss=0.0919
  [Client 10] Round 26 | Hier-pFedMe(λ2=35.0,K=3) | loss=0.2014
  [Client 12] Round 26 | Hier-pFedMe(λ2=35.0,K=3) | loss=0.0607
  [Client 17] Round 26 | Hier-pFedMe(λ2=35.0,K=3) | loss=0.6012
  [Client 18] Round 26 | Hier-pFedMe(λ2=35.0,K=3) | loss=0.8288
  [Client 11] Round 26 | Hier-pFedMe(λ2=35.0,K=3) | loss=0.0743
  [Client 19] Round 26 | Hier-pFedMe(λ2=35.0,K=3) | loss=0.0279
  [Client 16] Round 26 | Hier-pFedMe(λ2=35.0,K=3) | loss=0.0718
  [Edge 1] G26 | E5 | loss=0.2157
  [Cloud] GM=0.3171 | EM=0.4361 | loss=1.9422 | time=29.2s | comm=4556.2MB (total=118461MB)

[Round  27] Broadcasting to 2 edges...
  [Edge 0] G27 | E1 | Hier-pFedMe | Selected 10/10
  [Client  2] Round 27 | Hier-pFedMe(λ2=35.0,K=3) | loss=0.1452
  [Client  6] Round 27 | Hier-pFedMe(λ2=35.0,K=3) | loss=0.1280
  [Client  1] Round 27 | Hier-pFedMe(λ2=35.0,K=3) | loss=0.1868
  [Client  9] Round 27 | Hier-pFedMe(λ2=35.0,K=3) | loss=0.0117
  [Client  4] Round 27 | Hier-pFedMe(λ2=35.0,K=3) | loss=0.0836
  [Client  5] Round 27 | Hier-pFedMe(λ2=35.0,K=3) | loss=0.8464
  [Client  8] Round 27 | Hier-pFedMe(λ2=35.0,K=3) | loss=0.0067
  [Client  3] Round 27 | Hier-pFedMe(λ2=35.0,K=3) | loss=0.1072
  [Client  7] Round 27 | Hier-pFedMe(λ2=35.0,K=3) | loss=0.4668
  [Client  0] Round 27 | Hier-pFedMe(λ2=35.0,K=3) | loss=0.1367
  [Edge 0] G27 | E1 | loss=0.2344
  [Edge 0] G27 | E2 | Hier-pFedMe | Selected 10/10
  [Client  5] Round 27 | Hier-pFedMe(λ2=35.0,K=3) | loss=0.7504
  [Client  1] Round 27 | Hier-pFedMe(λ2=35.0,K=3) | loss=0.0509
  [Client  2] Round 27 | Hier-pFedMe(λ2=35.0,K=3) | loss=0.3315
  [Client  9] Round 27 | Hier-pFedMe(λ2=35.0,K=3) | loss=0.0029
  [Client  3] Round 27 | Hier-pFedMe(λ2=35.0,K=3) | loss=0.2867
  [Client  4] Round 27 | Hier-pFedMe(λ2=35.0,K=3) | loss=0.0771
  [Client  7] Round 27 | Hier-pFedMe(λ2=35.0,K=3) | loss=0.1500
  [Client  0] Round 27 | Hier-pFedMe(λ2=35.0,K=3) | loss=0.0739
  [Client  8] Round 27 | Hier-pFedMe(λ2=35.0,K=3) | loss=0.0031
  [Client  6] Round 27 | Hier-pFedMe(λ2=35.0,K=3) | loss=0.0460
  [Edge 0] G27 | E2 | loss=0.1966
  [Edge 0] G27 | E3 | Hier-pFedMe | Selected 10/10
  [Client  4] Round 27 | Hier-pFedMe(λ2=35.0,K=3) | loss=0.0747
  [Client  7] Round 27 | Hier-pFedMe(λ2=35.0,K=3) | loss=0.1330
  [Client  5] Round 27 | Hier-pFedMe(λ2=35.0,K=3) | loss=1.4558
  [Client  0] Round 27 | Hier-pFedMe(λ2=35.0,K=3) | loss=0.0812
  [Client  8] Round 27 | Hier-pFedMe(λ2=35.0,K=3) | loss=0.0027
  [Client  6] Round 27 | Hier-pFedMe(λ2=35.0,K=3) | loss=0.4675
  [Client  2] Round 27 | Hier-pFedMe(λ2=35.0,K=3) | loss=0.0994
  [Client  1] Round 27 | Hier-pFedMe(λ2=35.0,K=3) | loss=0.4544
  [Client  9] Round 27 | Hier-pFedMe(λ2=35.0,K=3) | loss=0.0046
  [Client  3] Round 27 | Hier-pFedMe(λ2=35.0,K=3) | loss=0.3097
  [Edge 0] G27 | E3 | loss=0.3422
  [Edge 0] G27 | E4 | Hier-pFedMe | Selected 10/10
  [Client  5] Round 27 | Hier-pFedMe(λ2=35.0,K=3) | loss=1.6390
  [Client  2] Round 27 | Hier-pFedMe(λ2=35.0,K=3) | loss=0.1341
  [Client  0] Round 27 | Hier-pFedMe(λ2=35.0,K=3) | loss=0.0928
  [Client  6] Round 27 | Hier-pFedMe(λ2=35.0,K=3) | loss=0.1535
  [Client  9] Round 27 | Hier-pFedMe(λ2=35.0,K=3) | loss=0.0021
  [Client  3] Round 27 | Hier-pFedMe(λ2=35.0,K=3) | loss=0.0400
  [Client  7] Round 27 | Hier-pFedMe(λ2=35.0,K=3) | loss=0.0853
  [Client  4] Round 27 | Hier-pFedMe(λ2=35.0,K=3) | loss=0.0616
  [Client  8] Round 27 | Hier-pFedMe(λ2=35.0,K=3) | loss=0.0043
  [Client  1] Round 27 | Hier-pFedMe(λ2=35.0,K=3) | loss=0.0316
  [Edge 0] G27 | E4 | loss=0.2490
  [Edge 0] G27 | E5 | Hier-pFedMe | Selected 10/10
  [Client  8] Round 27 | Hier-pFedMe(λ2=35.0,K=3) | loss=0.0037
  [Client  3] Round 27 | Hier-pFedMe(λ2=35.0,K=3) | loss=0.0741
  [Client  9] Round 27 | Hier-pFedMe(λ2=35.0,K=3) | loss=0.0028
  [Client  6] Round 27 | Hier-pFedMe(λ2=35.0,K=3) | loss=0.0874
  [Client  4] Round 27 | Hier-pFedMe(λ2=35.0,K=3) | loss=0.1750
  [Client  2] Round 27 | Hier-pFedMe(λ2=35.0,K=3) | loss=0.0435
  [Client  1] Round 27 | Hier-pFedMe(λ2=35.0,K=3) | loss=0.0563
  [Client  7] Round 27 | Hier-pFedMe(λ2=35.0,K=3) | loss=0.0899
  [Client  0] Round 27 | Hier-pFedMe(λ2=35.0,K=3) | loss=0.0445
  [Client  5] Round 27 | Hier-pFedMe(λ2=35.0,K=3) | loss=0.1152
  [Edge 0] G27 | E5 | loss=0.0766
  [Edge 1] G27 | E1 | Hier-pFedMe | Selected 10/10
  [Client 17] Round 27 | Hier-pFedMe(λ2=35.0,K=3) | loss=0.7688
  [Client 15] Round 27 | Hier-pFedMe(λ2=35.0,K=3) | loss=1.7209
  [Client 16] Round 27 | Hier-pFedMe(λ2=35.0,K=3) | loss=0.0539
  [Client 13] Round 27 | Hier-pFedMe(λ2=35.0,K=3) | loss=0.1544
  [Client 18] Round 27 | Hier-pFedMe(λ2=35.0,K=3) | loss=0.9408
  [Client 14] Round 27 | Hier-pFedMe(λ2=35.0,K=3) | loss=0.0315
  [Client 12] Round 27 | Hier-pFedMe(λ2=35.0,K=3) | loss=0.0614
  [Client 19] Round 27 | Hier-pFedMe(λ2=35.0,K=3) | loss=0.0953
  [Client 11] Round 27 | Hier-pFedMe(λ2=35.0,K=3) | loss=0.0311
  [Client 10] Round 27 | Hier-pFedMe(λ2=35.0,K=3) | loss=0.0763
  [Edge 1] G27 | E1 | loss=0.3934
  [Edge 1] G27 | E2 | Hier-pFedMe | Selected 10/10
  [Client 13] Round 27 | Hier-pFedMe(λ2=35.0,K=3) | loss=0.1268
  [Client 16] Round 27 | Hier-pFedMe(λ2=35.0,K=3) | loss=0.0731
  [Client 14] Round 27 | Hier-pFedMe(λ2=35.0,K=3) | loss=0.0754
  [Client 10] Round 27 | Hier-pFedMe(λ2=35.0,K=3) | loss=0.0555
  [Client 11] Round 27 | Hier-pFedMe(λ2=35.0,K=3) | loss=0.0193  [Client 17] Round 27 | Hier-pFedMe(λ2=35.0,K=3) | loss=0.0970

  [Client 12] Round 27 | Hier-pFedMe(λ2=35.0,K=3) | loss=0.0536
  [Client 15] Round 27 | Hier-pFedMe(λ2=35.0,K=3) | loss=0.2070
  [Client 19] Round 27 | Hier-pFedMe(λ2=35.0,K=3) | loss=0.0858
  [Client 18] Round 27 | Hier-pFedMe(λ2=35.0,K=3) | loss=0.5535
  [Edge 1] G27 | E2 | loss=0.1347
  [Edge 1] G27 | E3 | Hier-pFedMe | Selected 10/10
  [Client 14] Round 27 | Hier-pFedMe(λ2=35.0,K=3) | loss=0.0484
  [Client 18] Round 27 | Hier-pFedMe(λ2=35.0,K=3) | loss=0.1610
  [Client 12] Round 27 | Hier-pFedMe(λ2=35.0,K=3) | loss=0.2775
  [Client 15] Round 27 | Hier-pFedMe(λ2=35.0,K=3) | loss=3.3709
  [Client 11] Round 27 | Hier-pFedMe(λ2=35.0,K=3) | loss=0.3537
  [Client 13] Round 27 | Hier-pFedMe(λ2=35.0,K=3) | loss=0.3888
  [Client 19] Round 27 | Hier-pFedMe(λ2=35.0,K=3) | loss=0.0502
  [Client 10] Round 27 | Hier-pFedMe(λ2=35.0,K=3) | loss=0.0508
  [Client 17] Round 27 | Hier-pFedMe(λ2=35.0,K=3) | loss=1.2055
  [Client 16] Round 27 | Hier-pFedMe(λ2=35.0,K=3) | loss=0.0360
  [Edge 1] G27 | E3 | loss=0.5943
  [Edge 1] G27 | E4 | Hier-pFedMe | Selected 10/10
  [Client 11] Round 27 | Hier-pFedMe(λ2=35.0,K=3) | loss=0.1969
  [Client 12] Round 27 | Hier-pFedMe(λ2=35.0,K=3) | loss=0.6856
  [Client 19] Round 27 | Hier-pFedMe(λ2=35.0,K=3) | loss=0.1138
  [Client 13] Round 27 | Hier-pFedMe(λ2=35.0,K=3) | loss=0.6648
  [Client 10] Round 27 | Hier-pFedMe(λ2=35.0,K=3) | loss=0.0490
  [Client 14] Round 27 | Hier-pFedMe(λ2=35.0,K=3) | loss=0.1254
  [Client 15] Round 27 | Hier-pFedMe(λ2=35.0,K=3) | loss=0.2681
  [Client 18] Round 27 | Hier-pFedMe(λ2=35.0,K=3) | loss=0.1847
  [Client 17] Round 27 | Hier-pFedMe(λ2=35.0,K=3) | loss=1.0191
  [Client 16] Round 27 | Hier-pFedMe(λ2=35.0,K=3) | loss=0.1443
  [Edge 1] G27 | E4 | loss=0.3452
  [Edge 1] G27 | E5 | Hier-pFedMe | Selected 10/10
  [Client 19] Round 27 | Hier-pFedMe(λ2=35.0,K=3) | loss=0.0639
  [Client 17] Round 27 | Hier-pFedMe(λ2=35.0,K=3) | loss=1.0711
  [Client 14] Round 27 | Hier-pFedMe(λ2=35.0,K=3) | loss=0.4082
  [Client 12] Round 27 | Hier-pFedMe(λ2=35.0,K=3) | loss=0.1565
  [Client 11] Round 27 | Hier-pFedMe(λ2=35.0,K=3) | loss=0.3150
  [Client 13] Round 27 | Hier-pFedMe(λ2=35.0,K=3) | loss=0.0812
  [Client 16] Round 27 | Hier-pFedMe(λ2=35.0,K=3) | loss=0.0506
  [Client 10] Round 27 | Hier-pFedMe(λ2=35.0,K=3) | loss=0.0797
  [Client 15] Round 27 | Hier-pFedMe(λ2=35.0,K=3) | loss=2.5535
  [Client 18] Round 27 | Hier-pFedMe(λ2=35.0,K=3) | loss=0.2852
  [Edge 1] G27 | E5 | loss=0.5065
