This job can be monitored from: https://job.c3se.chalmers.se/alvis/6635792
========================================
Job ID      : 6635792
Job Name    : HierFLcifar10
Node        : alvis5-04
Start Time  : Fri May 15 12:14:02 CEST 2026
Working Dir : /cephyr/users/ziangg/Alvis/tf-dpfl
========================================
[Setup] Python: /cephyr/users/ziangg/Alvis/tf-dpfl/bin/python
[Setup] TF version: 2.15.1
[Setup] GPU available: [PhysicalDevice(name='/physical_device:GPU:0', device_type='GPU')]
[Config] Override: wandb.enabled = True
[Setup] Random seed: 42
[Setup] Loading dataset...
[Data] CIFAR-10 from Mimer: /mimer/NOBACKUP/Datasets/CIFAR
[Setup] Building global model...
Model: "cifar_cnn_3conv"
_________________________________________________________________
 Layer (type)                Output Shape              Param #   
=================================================================
 input_1 (InputLayer)        [(None, 32, 32, 3)]       0         
                                                                 
 conv2d (Conv2D)             (None, 32, 32, 32)        896       
                                                                 
 batch_normalization (Batch  (None, 32, 32, 32)        128       
 Normalization)                                                  
                                                                 
 re_lu (ReLU)                (None, 32, 32, 32)        0         
                                                                 
 conv2d_1 (Conv2D)           (None, 32, 32, 64)        18496     
                                                                 
 batch_normalization_1 (Bat  (None, 32, 32, 64)        256       
 chNormalization)                                                
                                                                 
 re_lu_1 (ReLU)              (None, 32, 32, 64)        0         
                                                                 
 max_pooling2d (MaxPooling2  (None, 16, 16, 64)        0         
 D)                                                              
                                                                 
 conv2d_2 (Conv2D)           (None, 16, 16, 128)       73856     
                                                                 
 batch_normalization_2 (Bat  (None, 16, 16, 128)       512       
 chNormalization)                                                
                                                                 
 re_lu_2 (ReLU)              (None, 16, 16, 128)       0         
                                                                 
 conv2d_3 (Conv2D)           (None, 16, 16, 128)       147584    
                                                                 
 batch_normalization_3 (Bat  (None, 16, 16, 128)       512       
 chNormalization)                                                
                                                                 
 re_lu_3 (ReLU)              (None, 16, 16, 128)       0         
                                                                 
 max_pooling2d_1 (MaxPoolin  (None, 8, 8, 128)         0         
 g2D)                                                            
                                                                 
 spatial_dropout2d (Spatial  (None, 8, 8, 128)         0         
 Dropout2D)                                                      
                                                                 
 conv2d_4 (Conv2D)           (None, 8, 8, 256)         295168    
                                                                 
 batch_normalization_4 (Bat  (None, 8, 8, 256)         1024      
 chNormalization)                                                
                                                                 
 re_lu_4 (ReLU)              (None, 8, 8, 256)         0         
                                                                 
 conv2d_5 (Conv2D)           (None, 8, 8, 256)         590080    
                                                                 
 batch_normalization_5 (Bat  (None, 8, 8, 256)         1024      
 chNormalization)                                                
                                                                 
 re_lu_5 (ReLU)              (None, 8, 8, 256)         0         
                                                                 
 max_pooling2d_2 (MaxPoolin  (None, 4, 4, 256)         0         
 g2D)                                                            
                                                                 
 flatten (Flatten)           (None, 4096)              0         
                                                                 
 dropout (Dropout)           (None, 4096)              0         
                                                                 
 dense (Dense)               (None, 1024)              4195328   
                                                                 
 dense_1 (Dense)             (None, 512)               524800    
                                                                 
 dropout_1 (Dropout)         (None, 512)               0         
                                                                 
 dense_2 (Dense)             (None, 10)                5130      
                                                                 
=================================================================
Total params: 5854794 (22.33 MB)
Trainable params: 5853066 (22.33 MB)
Non-trainable params: 1728 (6.75 KB)
_________________________________________________________________
[Setup] Building clients...

[Superclass-aware partition] 2 edges, 2 classes/client

  Edge 0 (class pool: [2, 3, 4, 5, 6, 7]):
  Client       Samples    Classes held                        Out-of-pool?
  ---------------------------------------------------------------------------
  client_0     4000       [3, 6]                              OK
  client_1     4000       [3, 6]                              OK
  client_2     4000       [2, 5]                              OK
  client_3     4000       [5, 7]                              OK
  client_4     4000       [2, 7]                              OK
  client_5     4000       [2, 4]                              OK
  client_6     4000       [6, 7]                              OK
  client_7     4000       [3, 5]                              OK
  client_8     2000       [4]                                 OK
  client_9     2000       [4]                                 OK

  Edge 1 (class pool: [0, 1, 8, 9]):
  Client       Samples    Classes held                        Out-of-pool?
  ---------------------------------------------------------------------------
  client_10    2400       [8, 9]                              OK
  client_11    2400       [0, 1]                              OK
  client_12    2400       [1, 8]                              OK
  client_13    2400       [0, 8]                              OK
  client_14    2400       [0, 9]                              OK
  client_15    2400       [0, 8]                              OK
  client_16    2400       [1, 8]                              OK
  client_17    2400       [1, 9]                              OK
  client_18    2400       [1, 9]                              OK
  client_19    2400       [0, 9]                              OK

[Train/Test split] 20 clients | avg train=2250, avg test=750 samples (ratio=0.25)
[Setup] 20 clients built (superclass_pathological) | per-client test sets injected
[Setup] Building edge servers...
[Assignment] Using pre-baked superclass assignments | 2 edges
[EdgeServer 0] 10 clients | 27000 samples
[EdgeServer 1] 10 clients | 18000 samples

[Setup] Built 2 edge servers (strategy=superclass_baked)
  Edge 0: 10 clients | 27000 samples
  Edge 1: 10 clients | 18000 samples
[Setup] Building per-edge test datasets (superclass-aware)...
[CloudServer] 2 edges | model: 22.33 MB

====================================================
 HierFAVG Training Start
====================================================

[Round   1] Broadcasting to 2 edges...
  [Edge 0] W_n reset to global weights for new round.
  [Edge 1] W_n reset to global weights for new round.
  [Edge 0] G1 | E1 | Hier-pFedMe | Selected 10/10
  [Client  3] Received edge weights.
  [Client  6] Received edge weights.
  [Client  9] Received edge weights.
  [Client  8] Received edge weights.
  [Client  7] Received edge weights.
  [Client  1] Received edge weights.
  [Client  4] Received edge weights.
  [Client  0] Received edge weights.
  [Client  5] Received edge weights.
  [Client  2] Received edge weights.
  [Client  9] Round 1 | Hier-pFedMe(λ2=35.0,K=5) | loss=0.0000
  [Client  8] Round 1 | Hier-pFedMe(λ2=35.0,K=5) | loss=0.0000
  [Client  6] Round 1 | Hier-pFedMe(λ2=35.0,K=5) | loss=0.4362  [Client  3] Round 1 | Hier-pFedMe(λ2=35.0,K=5) | loss=0.6294

  [Client  1] Round 1 | Hier-pFedMe(λ2=35.0,K=5) | loss=3.6729
  [Client  7] Round 1 | Hier-pFedMe(λ2=35.0,K=5) | loss=0.6164
  [Client  0] Round 1 | Hier-pFedMe(λ2=35.0,K=5) | loss=1.0445
  [Client  4] Round 1 | Hier-pFedMe(λ2=35.0,K=5) | loss=0.7623
  [Client  5] Round 1 | Hier-pFedMe(λ2=35.0,K=5) | loss=28.3750
  [Client  2] Round 1 | Hier-pFedMe(λ2=35.0,K=5) | loss=1.3033
  [Edge 0] G1 | E1 | loss=4.0933
  [Edge 0] G1 | E2 | Hier-pFedMe | Selected 10/10
  [Client  3] Received edge weights.
  [Client  0] Received edge weights.
  [Client  7] Received edge weights.
  [Client  9] Received edge weights.
  [Client  6] Received edge weights.
  [Client  4] Received edge weights.
  [Client  2] Received edge weights.
  [Client  8] Received edge weights.
  [Client  5] Received edge weights.
  [Client  1] Received edge weights.
  [Client  9] Round 1 | Hier-pFedMe(λ2=35.0,K=5) | loss=0.0000
  [Client  7] Round 1 | Hier-pFedMe(λ2=35.0,K=5) | loss=0.1082
  [Client  3] Round 1 | Hier-pFedMe(λ2=35.0,K=5) | loss=0.1740
  [Client  0] Round 1 | Hier-pFedMe(λ2=35.0,K=5) | loss=0.2351
  [Client  6] Round 1 | Hier-pFedMe(λ2=35.0,K=5) | loss=0.1214
  [Client  4] Round 1 | Hier-pFedMe(λ2=35.0,K=5) | loss=0.1763
  [Client  2] Round 1 | Hier-pFedMe(λ2=35.0,K=5) | loss=0.2735
  [Client  8] Round 1 | Hier-pFedMe(λ2=35.0,K=5) | loss=0.0000
  [Client  5] Round 1 | Hier-pFedMe(λ2=35.0,K=5) | loss=0.3375
  [Client  1] Round 1 | Hier-pFedMe(λ2=35.0,K=5) | loss=0.2091
  [Edge 0] G1 | E2 | loss=0.1817
  [Edge 0] G1 | E3 | Hier-pFedMe | Selected 10/10
  [Client  9] Received edge weights.
  [Client  7] Received edge weights.
  [Client  8] Received edge weights.
  [Client  6] Received edge weights.
  [Client  4] Received edge weights.
  [Client  1] Received edge weights.
  [Client  0] Received edge weights.
  [Client  3] Received edge weights.
  [Client  5] Received edge weights.
  [Client  2] Received edge weights.
  [Client  9] Round 1 | Hier-pFedMe(λ2=35.0,K=5) | loss=0.0001
  [Client  7] Round 1 | Hier-pFedMe(λ2=35.0,K=5) | loss=0.0804
  [Client  8] Round 1 | Hier-pFedMe(λ2=35.0,K=5) | loss=0.0003
  [Client  6] Round 1 | Hier-pFedMe(λ2=35.0,K=5) | loss=0.0308
  [Client  4] Round 1 | Hier-pFedMe(λ2=35.0,K=5) | loss=0.1650
  [Client  1] Round 1 | Hier-pFedMe(λ2=35.0,K=5) | loss=0.0850
  [Client  0] Round 1 | Hier-pFedMe(λ2=35.0,K=5) | loss=0.1391
  [Client  3] Round 1 | Hier-pFedMe(λ2=35.0,K=5) | loss=0.1902
  [Client  5] Round 1 | Hier-pFedMe(λ2=35.0,K=5) | loss=0.2356
  [Client  2] Round 1 | Hier-pFedMe(λ2=35.0,K=5) | loss=0.1114
  [Edge 0] G1 | E3 | loss=0.1153
  [Edge 0] G1 | E4 | Hier-pFedMe | Selected 10/10
  [Client  8] Received edge weights.
  [Client  6] Received edge weights.
  [Client  0] Received edge weights.
  [Client  9] Received edge weights.
  [Client  7] Received edge weights.
  [Client  3] Received edge weights.
  [Client  5] Received edge weights.
  [Client  2] Received edge weights.
  [Client  1] Received edge weights.
  [Client  4] Received edge weights.
  [Client  8] Round 1 | Hier-pFedMe(λ2=35.0,K=5) | loss=0.0000
  [Client  0] Round 1 | Hier-pFedMe(λ2=35.0,K=5) | loss=0.1048
  [Client  9] Round 1 | Hier-pFedMe(λ2=35.0,K=5) | loss=0.0000
  [Client  6] Round 1 | Hier-pFedMe(λ2=35.0,K=5) | loss=0.1805
  [Client  7] Round 1 | Hier-pFedMe(λ2=35.0,K=5) | loss=0.0995
  [Client  3] Round 1 | Hier-pFedMe(λ2=35.0,K=5) | loss=0.0477
  [Client  5] Round 1 | Hier-pFedMe(λ2=35.0,K=5) | loss=0.1413
  [Client  2] Round 1 | Hier-pFedMe(λ2=35.0,K=5) | loss=0.1569
  [Client  1] Round 1 | Hier-pFedMe(λ2=35.0,K=5) | loss=0.0607
  [Client  4] Round 1 | Hier-pFedMe(λ2=35.0,K=5) | loss=0.1090
  [Edge 0] G1 | E4 | loss=0.1001
  [Edge 0] G1 | E5 | Hier-pFedMe | Selected 10/10
  [Client  8] Received edge weights.
  [Client  1] Received edge weights.
  [Client  7] Received edge weights.
  [Client  4] Received edge weights.
  [Client  5] Received edge weights.
  [Client  9] Received edge weights.
  [Client  3] Received edge weights.
  [Client  0] Received edge weights.
  [Client  6] Received edge weights.
  [Client  2] Received edge weights.
  [Client  1] Round 1 | Hier-pFedMe(λ2=35.0,K=5) | loss=0.0422
  [Client  4] Round 1 | Hier-pFedMe(λ2=35.0,K=5) | loss=0.0719
  [Client  8] Round 1 | Hier-pFedMe(λ2=35.0,K=5) | loss=0.0001
  [Client  7] Round 1 | Hier-pFedMe(λ2=35.0,K=5) | loss=0.0408
  [Client  5] Round 1 | Hier-pFedMe(λ2=35.0,K=5) | loss=0.2801
  [Client  9] Round 1 | Hier-pFedMe(λ2=35.0,K=5) | loss=0.0001
  [Client  3] Round 1 | Hier-pFedMe(λ2=35.0,K=5) | loss=0.0566
  [Client  0] Round 1 | Hier-pFedMe(λ2=35.0,K=5) | loss=0.0092
  [Client  6] Round 1 | Hier-pFedMe(λ2=35.0,K=5) | loss=0.2157
  [Client  2] Round 1 | Hier-pFedMe(λ2=35.0,K=5) | loss=0.0766
  [Edge 0] G1 | E5 | loss=0.0881
  [Edge 1] G1 | E1 | Hier-pFedMe | Selected 10/10
  [Client 10] Received edge weights.
  [Client 19] Received edge weights.
  [Client 13] Received edge weights.
  [Client 17] Received edge weights.
  [Client 12] Received edge weights.
  [Client 14] Received edge weights.
  [Client 15] Received edge weights.
  [Client 11] Received edge weights.
  [Client 16] Received edge weights.
  [Client 18] Received edge weights.
  [Client 17] Round 1 | Hier-pFedMe(λ2=35.0,K=5) | loss=0.8626
  [Client 13] Round 1 | Hier-pFedMe(λ2=35.0,K=5) | loss=1.3023
  [Client 19] Round 1 | Hier-pFedMe(λ2=35.0,K=5) | loss=0.3757
  [Client 10] Round 1 | Hier-pFedMe(λ2=35.0,K=5) | loss=0.4504
  [Client 14] Round 1 | Hier-pFedMe(λ2=35.0,K=5) | loss=0.5506
  [Client 12] Round 1 | Hier-pFedMe(λ2=35.0,K=5) | loss=0.6292
  [Client 15] Round 1 | Hier-pFedMe(λ2=35.0,K=5) | loss=0.7608
  [Client 11] Round 1 | Hier-pFedMe(λ2=35.0,K=5) | loss=0.4150
  [Client 18] Round 1 | Hier-pFedMe(λ2=35.0,K=5) | loss=0.7295
  [Client 16] Round 1 | Hier-pFedMe(λ2=35.0,K=5) | loss=0.4082
  [Edge 1] G1 | E1 | loss=0.6484
  [Edge 1] G1 | E2 | Hier-pFedMe | Selected 10/10
  [Client 11] Received edge weights.
  [Client 15] Received edge weights.
  [Client 19] Received edge weights.
  [Client 16] Received edge weights.
  [Client 18] Received edge weights.
  [Client 14] Received edge weights.
  [Client 17] Received edge weights.
  [Client 12] Received edge weights.
  [Client 13] Received edge weights.
  [Client 10] Received edge weights.
  [Client 15] Round 1 | Hier-pFedMe(λ2=35.0,K=5) | loss=0.1452
  [Client 16] Round 1 | Hier-pFedMe(λ2=35.0,K=5) | loss=0.1082
  [Client 19] Round 1 | Hier-pFedMe(λ2=35.0,K=5) | loss=0.0717
  [Client 11] Round 1 | Hier-pFedMe(λ2=35.0,K=5) | loss=0.2715
  [Client 18] Round 1 | Hier-pFedMe(λ2=35.0,K=5) | loss=0.1565
  [Client 14] Round 1 | Hier-pFedMe(λ2=35.0,K=5) | loss=0.1627
  [Client 17] Round 1 | Hier-pFedMe(λ2=35.0,K=5) | loss=0.3476
  [Client 12] Round 1 | Hier-pFedMe(λ2=35.0,K=5) | loss=0.2933
  [Client 13] Round 1 | Hier-pFedMe(λ2=35.0,K=5) | loss=0.2920
  [Client 10] Round 1 | Hier-pFedMe(λ2=35.0,K=5) | loss=0.2511
  [Edge 1] G1 | E2 | loss=0.2100
  [Edge 1] G1 | E3 | Hier-pFedMe | Selected 10/10
  [Client 10] Received edge weights.
  [Client 14] Received edge weights.
  [Client 15] Received edge weights.
  [Client 12] Received edge weights.
  [Client 18] Received edge weights.
  [Client 11] Received edge weights.
  [Client 16] Received edge weights.
  [Client 13] Received edge weights.
  [Client 17] Received edge weights.
  [Client 19] Received edge weights.
  [Client 10] Round 1 | Hier-pFedMe(λ2=35.0,K=5) | loss=0.0220
  [Client 12] Round 1 | Hier-pFedMe(λ2=35.0,K=5) | loss=0.0158
  [Client 14] Round 1 | Hier-pFedMe(λ2=35.0,K=5) | loss=0.1227
  [Client 15] Round 1 | Hier-pFedMe(λ2=35.0,K=5) | loss=0.1199
  [Client 18] Round 1 | Hier-pFedMe(λ2=35.0,K=5) | loss=0.1665
  [Client 11] Round 1 | Hier-pFedMe(λ2=35.0,K=5) | loss=0.0680
  [Client 16] Round 1 | Hier-pFedMe(λ2=35.0,K=5) | loss=0.0526
  [Client 13] Round 1 | Hier-pFedMe(λ2=35.0,K=5) | loss=0.0243
  [Client 17] Round 1 | Hier-pFedMe(λ2=35.0,K=5) | loss=0.1926
  [Client 19] Round 1 | Hier-pFedMe(λ2=35.0,K=5) | loss=0.0568
  [Edge 1] G1 | E3 | loss=0.0841
  [Edge 1] G1 | E4 | Hier-pFedMe | Selected 10/10
  [Client 12] Received edge weights.
  [Client 18] Received edge weights.
  [Client 14] Received edge weights.
  [Client 15] Received edge weights.
  [Client 10] Received edge weights.
  [Client 13] Received edge weights.
  [Client 11] Received edge weights.
  [Client 16] Received edge weights.
  [Client 19] Received edge weights.
  [Client 17] Received edge weights.
  [Client 14] Round 1 | Hier-pFedMe(λ2=35.0,K=5) | loss=0.0146
  [Client 15] Round 1 | Hier-pFedMe(λ2=35.0,K=5) | loss=0.1128
  [Client 18] Round 1 | Hier-pFedMe(λ2=35.0,K=5) | loss=0.0272
  [Client 12] Round 1 | Hier-pFedMe(λ2=35.0,K=5) | loss=0.0191
  [Client 10] Round 1 | Hier-pFedMe(λ2=35.0,K=5) | loss=0.0271
  [Client 13] Round 1 | Hier-pFedMe(λ2=35.0,K=5) | loss=0.0925
  [Client 11] Round 1 | Hier-pFedMe(λ2=35.0,K=5) | loss=0.1174
  [Client 16] Round 1 | Hier-pFedMe(λ2=35.0,K=5) | loss=0.0246
  [Client 19] Round 1 | Hier-pFedMe(λ2=35.0,K=5) | loss=0.0253
  [Client 17] Round 1 | Hier-pFedMe(λ2=35.0,K=5) | loss=0.1294
  [Edge 1] G1 | E4 | loss=0.0590
  [Edge 1] G1 | E5 | Hier-pFedMe | Selected 10/10
  [Client 13] Received edge weights.
  [Client 16] Received edge weights.
  [Client 18] Received edge weights.
  [Client 19] Received edge weights.
  [Client 17] Received edge weights.
  [Client 15] Received edge weights.
  [Client 12] Received edge weights.
  [Client 14] Received edge weights.
  [Client 11] Received edge weights.
  [Client 10] Received edge weights.
  [Client 16] Round 1 | Hier-pFedMe(λ2=35.0,K=5) | loss=0.0901
  [Client 13] Round 1 | Hier-pFedMe(λ2=35.0,K=5) | loss=0.1528
  [Client 18] Round 1 | Hier-pFedMe(λ2=35.0,K=5) | loss=0.0423
  [Client 19] Round 1 | Hier-pFedMe(λ2=35.0,K=5) | loss=0.0429
  [Client 17] Round 1 | Hier-pFedMe(λ2=35.0,K=5) | loss=0.1659
  [Client 15] Round 1 | Hier-pFedMe(λ2=35.0,K=5) | loss=0.0367
  [Client 12] Round 1 | Hier-pFedMe(λ2=35.0,K=5) | loss=0.0932
  [Client 14] Round 1 | Hier-pFedMe(λ2=35.0,K=5) | loss=0.1123
  [Client 11] Round 1 | Hier-pFedMe(λ2=35.0,K=5) | loss=0.0507
  [Client 10] Round 1 | Hier-pFedMe(λ2=35.0,K=5) | loss=0.0304
  [Edge 1] G1 | E5 | loss=0.0817
[C0] eval model[0] mean=-0.000905 | θ̃ mean=-0.000905 | edge mean=-0.000459 |local ref=-0.000898
[C0] n=1000 | classes=[3, 6] | acc=0.5300 | per_class={3: '0.12', 6: '0.96'}
[C1] eval model[0] mean=-0.000691 | θ̃ mean=-0.000691 | edge mean=-0.000459 |local ref=-0.000678
[C1] n=1000 | classes=[3, 6] | acc=0.6860 | per_class={3: '0.59', 6: '0.78'}
[C2] eval model[0] mean=-0.000368 | θ̃ mean=-0.000368 | edge mean=-0.000459 |local ref=-0.000399
[C2] n=1000 | classes=[2, 5] | acc=0.5150 | per_class={2: '0.99', 5: '0.03'}
[C3] eval model[0] mean=-0.000699 | θ̃ mean=-0.000699 | edge mean=-0.000459 |local ref=-0.000726
[C3] n=1000 | classes=[5, 7] | acc=0.4960 | per_class={5: '0.00', 7: '1.00'}
[C4] eval model[0] mean=-0.000432 | θ̃ mean=-0.000432 | edge mean=-0.000459 |local ref=-0.000406
[C4] n=1000 | classes=[2, 7] | acc=0.4960 | per_class={2: '0.98', 7: '0.00'}
[C5] eval model[0] mean=0.000270 | θ̃ mean=0.000270 | edge mean=-0.000459 |local ref=0.000213
[C5] n=1000 | classes=[2, 4] | acc=0.5170 | per_class={2: '0.21', 4: '0.83'}
[C6] eval model[0] mean=-0.000213 | θ̃ mean=-0.000213 | edge mean=-0.000459 |local ref=-0.000225
[C6] n=1000 | classes=[6, 7] | acc=0.4910 | per_class={6: '1.00', 7: '0.00'}
[C7] eval model[0] mean=-0.001303 | θ̃ mean=-0.001303 | edge mean=-0.000459 |local ref=-0.001280
[C7] n=1000 | classes=[3, 5] | acc=0.5310 | per_class={3: '0.81', 5: '0.27'}
[C8] eval model[0] mean=-0.000490 | θ̃ mean=-0.000490 | edge mean=-0.000459 |local ref=-0.000481
[C8] n=500 | classes=[4] | acc=1.0000 | per_class={4: '1.00'}
[C9] eval model[0] mean=-0.001077 | θ̃ mean=-0.001077 | edge mean=-0.000459 |local ref=-0.001060
[C9] n=500 | classes=[4] | acc=1.0000 | per_class={4: '1.00'}
[C10] eval model[0] mean=0.002096 | θ̃ mean=0.002096 | edge mean=0.002331 |local ref=0.002144
[C10] n=600 | classes=[8, 9] | acc=0.4883 | per_class={8: '1.00', 9: '0.01'}
[C11] eval model[0] mean=0.002653 | θ̃ mean=0.002653 | edge mean=0.002331 |local ref=0.002646
[C11] n=600 | classes=[0, 1] | acc=0.5000 | per_class={0: '1.00', 1: '0.00'}
[C12] eval model[0] mean=0.002743 | θ̃ mean=0.002743 | edge mean=0.002331 |local ref=0.002737
[C12] n=600 | classes=[1, 8] | acc=0.6633 | per_class={1: '0.56', 8: '0.77'}
[C13] eval model[0] mean=0.001481 | θ̃ mean=0.001481 | edge mean=0.002331 |local ref=0.001458
[C13] n=600 | classes=[0, 8] | acc=0.5183 | per_class={0: '1.00', 8: '0.00'}
[C14] eval model[0] mean=0.002483 | θ̃ mean=0.002483 | edge mean=0.002331 |local ref=0.002516
[C14] n=600 | classes=[0, 9] | acc=0.5733 | per_class={0: '0.89', 9: '0.24'}
[C15] eval model[0] mean=0.002160 | θ̃ mean=0.002160 | edge mean=0.002331 |local ref=0.002180
[C15] n=600 | classes=[0, 8] | acc=0.4950 | per_class={0: '0.03', 8: '0.98'}
[C16] eval model[0] mean=0.002315 | θ̃ mean=0.002315 | edge mean=0.002331 |local ref=0.002329
[C16] n=600 | classes=[1, 8] | acc=0.5717 | per_class={1: '0.14', 8: '0.98'}
[C17] eval model[0] mean=0.002719 | θ̃ mean=0.002719 | edge mean=0.002331 |local ref=0.002752
[C17] n=600 | classes=[1, 9] | acc=0.5483 | per_class={1: '0.15', 9: '0.92'}
[C18] eval model[0] mean=0.002310 | θ̃ mean=0.002310 | edge mean=0.002331 |local ref=0.002356
[C18] n=600 | classes=[1, 9] | acc=0.5250 | per_class={1: '0.12', 9: '0.97'}
[C19] eval model[0] mean=0.002825 | θ̃ mean=0.002825 | edge mean=0.002331 |local ref=0.002831
[C19] n=600 | classes=[0, 9] | acc=0.4883 | per_class={0: '0.99', 9: '0.03'}
  [Cloud] GM=0.1111 | EM=0.2567 PM=0.5657 | loss=2.3079 | time=84.0s | comm=4556.2MB (total=4556MB)

[Round   2] Broadcasting to 2 edges...
  [Edge 0] W_n reset to global weights for new round.
  [Edge 1] W_n reset to global weights for new round.
  [Edge 0] G2 | E1 | Hier-pFedMe | Selected 10/10
  [Client  9] Received edge weights.
  [Client  2] Received edge weights.
  [Client  6] Received edge weights.
  [Client  8] Received edge weights.
  [Client  5] Received edge weights.
  [Client  1] Received edge weights.
  [Client  4] Received edge weights.
  [Client  0] Received edge weights.
  [Client  7] Received edge weights.
  [Client  3] Received edge weights.
  [Client  8] Round 2 | Hier-pFedMe(λ2=35.0,K=5) | loss=0.0000
  [Client  2] Round 2 | Hier-pFedMe(λ2=35.0,K=5) | loss=0.0482
  [Client  9] Round 2 | Hier-pFedMe(λ2=35.0,K=5) | loss=0.0000
  [Client  6] Round 2 | Hier-pFedMe(λ2=35.0,K=5) | loss=0.0648
  [Client  5] Round 2 | Hier-pFedMe(λ2=35.0,K=5) | loss=0.1243
  [Client  1] Round 2 | Hier-pFedMe(λ2=35.0,K=5) | loss=0.1011
  [Client  4] Round 2 | Hier-pFedMe(λ2=35.0,K=5) | loss=0.0901
  [Client  0] Round 2 | Hier-pFedMe(λ2=35.0,K=5) | loss=0.0155
  [Client  7] Round 2 | Hier-pFedMe(λ2=35.0,K=5) | loss=0.0321
  [Client  3] Round 2 | Hier-pFedMe(λ2=35.0,K=5) | loss=0.2380
  [Edge 0] G2 | E1 | loss=0.0794
  [Edge 0] G2 | E2 | Hier-pFedMe | Selected 10/10
  [Client  1] Received edge weights.
  [Client  5] Received edge weights.
  [Client  6] Received edge weights.
  [Client  8] Received edge weights.
  [Client  4] Received edge weights.
  [Client  3] Received edge weights.
  [Client  0] Received edge weights.
  [Client  7] Received edge weights.
  [Client  9] Received edge weights.
  [Client  2] Received edge weights.
  [Client  5] Round 2 | Hier-pFedMe(λ2=35.0,K=5) | loss=0.0554  [Client  6] Round 2 | Hier-pFedMe(λ2=35.0,K=5) | loss=0.3047

  [Client  1] Round 2 | Hier-pFedMe(λ2=35.0,K=5) | loss=1.3747  [Client  8] Round 2 | Hier-pFedMe(λ2=35.0,K=5) | loss=0.0000

  [Client  4] Round 2 | Hier-pFedMe(λ2=35.0,K=5) | loss=0.0248
  [Client  3] Round 2 | Hier-pFedMe(λ2=35.0,K=5) | loss=0.0499
  [Client  7] Round 2 | Hier-pFedMe(λ2=35.0,K=5) | loss=0.0619  [Client  0] Round 2 | Hier-pFedMe(λ2=35.0,K=5) | loss=0.0480

  [Client  9] Round 2 | Hier-pFedMe(λ2=35.0,K=5) | loss=0.0000
  [Client  2] Round 2 | Hier-pFedMe(λ2=35.0,K=5) | loss=0.0715
  [Edge 0] G2 | E2 | loss=0.2212
  [Edge 0] G2 | E3 | Hier-pFedMe | Selected 10/10
  [Client  6] Received edge weights.
  [Client  8] Received edge weights.
  [Client  3] Received edge weights.
  [Client  1] Received edge weights.
  [Client  9] Received edge weights.
  [Client  0] Received edge weights.
  [Client  5] Received edge weights.
  [Client  4] Received edge weights.
  [Client  7] Received edge weights.
  [Client  2] Received edge weights.
  [Client  8] Round 2 | Hier-pFedMe(λ2=35.0,K=5) | loss=0.0001
  [Client  6] Round 2 | Hier-pFedMe(λ2=35.0,K=5) | loss=0.0413
  [Client  3] Round 2 | Hier-pFedMe(λ2=35.0,K=5) | loss=0.0371
  [Client  1] Round 2 | Hier-pFedMe(λ2=35.0,K=5) | loss=0.0741
  [Client  9] Round 2 | Hier-pFedMe(λ2=35.0,K=5) | loss=0.0001
  [Client  0] Round 2 | Hier-pFedMe(λ2=35.0,K=5) | loss=0.0878  [Client  5] Round 2 | Hier-pFedMe(λ2=35.0,K=5) | loss=0.0841

  [Client  4] Round 2 | Hier-pFedMe(λ2=35.0,K=5) | loss=0.0303
  [Client  7] Round 2 | Hier-pFedMe(λ2=35.0,K=5) | loss=0.0417
  [Client  2] Round 2 | Hier-pFedMe(λ2=35.0,K=5) | loss=0.0698
  [Edge 0] G2 | E3 | loss=0.0518
  [Edge 0] G2 | E4 | Hier-pFedMe | Selected 10/10
  [Client  5] Received edge weights.
  [Client  1] Received edge weights.
  [Client  6] Received edge weights.
  [Client  2] Received edge weights.
  [Client  8] Received edge weights.
  [Client  0] Received edge weights.
  [Client  7] Received edge weights.
  [Client  4] Received edge weights.
  [Client  3] Received edge weights.
  [Client  9] Received edge weights.
  [Client  6] Round 2 | Hier-pFedMe(λ2=35.0,K=5) | loss=0.0815
  [Client  5] Round 2 | Hier-pFedMe(λ2=35.0,K=5) | loss=0.0669  [Client  2] Round 2 | Hier-pFedMe(λ2=35.0,K=5) | loss=0.0615
  [Client  1] Round 2 | Hier-pFedMe(λ2=35.0,K=5) | loss=0.0285

  [Client  8] Round 2 | Hier-pFedMe(λ2=35.0,K=5) | loss=0.0000
  [Client  7] Round 2 | Hier-pFedMe(λ2=35.0,K=5) | loss=0.0738
  [Client  0] Round 2 | Hier-pFedMe(λ2=35.0,K=5) | loss=0.0375
  [Client  4] Round 2 | Hier-pFedMe(λ2=35.0,K=5) | loss=0.0317
  [Client  3] Round 2 | Hier-pFedMe(λ2=35.0,K=5) | loss=0.0702
  [Client  9] Round 2 | Hier-pFedMe(λ2=35.0,K=5) | loss=0.0000
  [Edge 0] G2 | E4 | loss=0.0502
  [Edge 0] G2 | E5 | Hier-pFedMe | Selected 10/10
  [Client  6] Received edge weights.
  [Client  2] Received edge weights.
  [Client  5] Received edge weights.
  [Client  1] Received edge weights.
  [Client  8] Received edge weights.
  [Client  9] Received edge weights.
  [Client  3] Received edge weights.
  [Client  7] Received edge weights.
  [Client  4] Received edge weights.
  [Client  0] Received edge weights.
  [Client  5] Round 2 | Hier-pFedMe(λ2=35.0,K=5) | loss=0.0344
  [Client  2] Round 2 | Hier-pFedMe(λ2=35.0,K=5) | loss=0.1357  [Client  1] Round 2 | Hier-pFedMe(λ2=35.0,K=5) | loss=0.0492

  [Client  6] Round 2 | Hier-pFedMe(λ2=35.0,K=5) | loss=0.0308
  [Client  9] Round 2 | Hier-pFedMe(λ2=35.0,K=5) | loss=0.0001  [Client  8] Round 2 | Hier-pFedMe(λ2=35.0,K=5) | loss=0.0000

  [Client  3] Round 2 | Hier-pFedMe(λ2=35.0,K=5) | loss=0.0505
  [Client  7] Round 2 | Hier-pFedMe(λ2=35.0,K=5) | loss=0.0503
  [Client  4] Round 2 | Hier-pFedMe(λ2=35.0,K=5) | loss=0.0223
  [Client  0] Round 2 | Hier-pFedMe(λ2=35.0,K=5) | loss=0.0353
  [Edge 0] G2 | E5 | loss=0.0454
  [Edge 1] G2 | E1 | Hier-pFedMe | Selected 10/10
  [Client 14] Received edge weights.
  [Client 16] Received edge weights.
  [Client 17] Received edge weights.
  [Client 11] Received edge weights.
  [Client 13] Received edge weights.
  [Client 19] Received edge weights.
  [Client 12] Received edge weights.
  [Client 10] Received edge weights.
  [Client 15] Received edge weights.
  [Client 18] Received edge weights.
  [Client 16] Round 2 | Hier-pFedMe(λ2=35.0,K=5) | loss=0.0249
  [Client 17] Round 2 | Hier-pFedMe(λ2=35.0,K=5) | loss=0.2762  [Client 11] Round 2 | Hier-pFedMe(λ2=35.0,K=5) | loss=0.0496
  [Client 14] Round 2 | Hier-pFedMe(λ2=35.0,K=5) | loss=0.0203

  [Client 13] Round 2 | Hier-pFedMe(λ2=35.0,K=5) | loss=0.0878
  [Client 19] Round 2 | Hier-pFedMe(λ2=35.0,K=5) | loss=0.0217
  [Client 12] Round 2 | Hier-pFedMe(λ2=35.0,K=5) | loss=0.0507
  [Client 10] Round 2 | Hier-pFedMe(λ2=35.0,K=5) | loss=0.0424
  [Client 15] Round 2 | Hier-pFedMe(λ2=35.0,K=5) | loss=0.0813
  [Client 18] Round 2 | Hier-pFedMe(λ2=35.0,K=5) | loss=0.0997
  [Edge 1] G2 | E1 | loss=0.0754
  [Edge 1] G2 | E2 | Hier-pFedMe | Selected 10/10
  [Client 12] Received edge weights.
  [Client 11] Received edge weights.
  [Client 10] Received edge weights.
  [Client 13] Received edge weights.
  [Client 17] Received edge weights.
  [Client 19] Received edge weights.
  [Client 16] Received edge weights.
  [Client 18] Received edge weights.
  [Client 15] Received edge weights.
  [Client 14] Received edge weights.
  [Client 12] Round 2 | Hier-pFedMe(λ2=35.0,K=5) | loss=0.0551
  [Client 11] Round 2 | Hier-pFedMe(λ2=35.0,K=5) | loss=0.0351
  [Client 10] Round 2 | Hier-pFedMe(λ2=35.0,K=5) | loss=0.0101  [Client 13] Round 2 | Hier-pFedMe(λ2=35.0,K=5) | loss=0.1068

  [Client 17] Round 2 | Hier-pFedMe(λ2=35.0,K=5) | loss=0.0635  [Client 19] Round 2 | Hier-pFedMe(λ2=35.0,K=5) | loss=0.0194

  [Client 16] Round 2 | Hier-pFedMe(λ2=35.0,K=5) | loss=0.0164
  [Client 18] Round 2 | Hier-pFedMe(λ2=35.0,K=5) | loss=0.1454
  [Client 15] Round 2 | Hier-pFedMe(λ2=35.0,K=5) | loss=0.0702
  [Client 14] Round 2 | Hier-pFedMe(λ2=35.0,K=5) | loss=0.0654
  [Edge 1] G2 | E2 | loss=0.0587
  [Edge 1] G2 | E3 | Hier-pFedMe | Selected 10/10
  [Client 13] Received edge weights.
  [Client 10] Received edge weights.
  [Client 14] Received edge weights.
  [Client 12] Received edge weights.
  [Client 17] Received edge weights.
  [Client 18] Received edge weights.
  [Client 16] Received edge weights.
  [Client 19] Received edge weights.
  [Client 15] Received edge weights.
  [Client 11] Received edge weights.
  [Client 14] Round 2 | Hier-pFedMe(λ2=35.0,K=5) | loss=0.0221
  [Client 13] Round 2 | Hier-pFedMe(λ2=35.0,K=5) | loss=0.1331
  [Client 10] Round 2 | Hier-pFedMe(λ2=35.0,K=5) | loss=0.0150
  [Client 12] Round 2 | Hier-pFedMe(λ2=35.0,K=5) | loss=0.0053
  [Client 17] Round 2 | Hier-pFedMe(λ2=35.0,K=5) | loss=0.0803  [Client 18] Round 2 | Hier-pFedMe(λ2=35.0,K=5) | loss=0.0502

  [Client 16] Round 2 | Hier-pFedMe(λ2=35.0,K=5) | loss=0.0257
  [Client 19] Round 2 | Hier-pFedMe(λ2=35.0,K=5) | loss=0.0479
  [Client 15] Round 2 | Hier-pFedMe(λ2=35.0,K=5) | loss=0.0379
  [Client 11] Round 2 | Hier-pFedMe(λ2=35.0,K=5) | loss=0.0822
  [Edge 1] G2 | E3 | loss=0.0500
  [Edge 1] G2 | E4 | Hier-pFedMe | Selected 10/10
  [Client 11] Received edge weights.
  [Client 15] Received edge weights.
  [Client 14] Received edge weights.
  [Client 19] Received edge weights.
  [Client 12] Received edge weights.
  [Client 17] Received edge weights.
  [Client 10] Received edge weights.
  [Client 13] Received edge weights.
  [Client 16] Received edge weights.
  [Client 18] Received edge weights.
  [Client 19] Round 2 | Hier-pFedMe(λ2=35.0,K=5) | loss=0.0138
  [Client 14] Round 2 | Hier-pFedMe(λ2=35.0,K=5) | loss=0.0053  [Client 15] Round 2 | Hier-pFedMe(λ2=35.0,K=5) | loss=0.0753

  [Client 11] Round 2 | Hier-pFedMe(λ2=35.0,K=5) | loss=0.0198
  [Client 17] Round 2 | Hier-pFedMe(λ2=35.0,K=5) | loss=0.0605  [Client 12] Round 2 | Hier-pFedMe(λ2=35.0,K=5) | loss=0.0248

  [Client 10] Round 2 | Hier-pFedMe(λ2=35.0,K=5) | loss=0.0699  [Client 13] Round 2 | Hier-pFedMe(λ2=35.0,K=5) | loss=0.0893

  [Client 16] Round 2 | Hier-pFedMe(λ2=35.0,K=5) | loss=0.0365
  [Client 18] Round 2 | Hier-pFedMe(λ2=35.0,K=5) | loss=0.0525
  [Edge 1] G2 | E4 | loss=0.0448
  [Edge 1] G2 | E5 | Hier-pFedMe | Selected 10/10
  [Client 14] Received edge weights.
  [Client 18] Received edge weights.
  [Client 11] Received edge weights.
  [Client 13] Received edge weights.
  [Client 17] Received edge weights.
  [Client 16] Received edge weights.
  [Client 10] Received edge weights.
  [Client 15] Received edge weights.
  [Client 19] Received edge weights.
  [Client 12] Received edge weights.
  [Client 11] Round 2 | Hier-pFedMe(λ2=35.0,K=5) | loss=0.0277
  [Client 13] Round 2 | Hier-pFedMe(λ2=35.0,K=5) | loss=0.0786
  [Client 14] Round 2 | Hier-pFedMe(λ2=35.0,K=5) | loss=0.0126
  [Client 18] Round 2 | Hier-pFedMe(λ2=35.0,K=5) | loss=0.1466
  [Client 17] Round 2 | Hier-pFedMe(λ2=35.0,K=5) | loss=0.0550
  [Client 16] Round 2 | Hier-pFedMe(λ2=35.0,K=5) | loss=0.0087
  [Client 10] Round 2 | Hier-pFedMe(λ2=35.0,K=5) | loss=0.0209  [Client 15] Round 2 | Hier-pFedMe(λ2=35.0,K=5) | loss=0.0509

  [Client 19] Round 2 | Hier-pFedMe(λ2=35.0,K=5) | loss=0.0540
  [Client 12] Round 2 | Hier-pFedMe(λ2=35.0,K=5) | loss=0.0445
  [Edge 1] G2 | E5 | loss=0.0499
[C0] eval model[0] mean=0.001788 | θ̃ mean=0.001788 | edge mean=0.000841 |local ref=0.001748
[C0] n=1000 | classes=[3, 6] | acc=0.6060 | per_class={3: '0.33', 6: '0.89'}
[C1] eval model[0] mean=0.000364 | θ̃ mean=0.000364 | edge mean=0.000841 |local ref=0.000380
[C1] n=1000 | classes=[3, 6] | acc=0.5280 | per_class={3: '0.09', 6: '0.99'}
[C2] eval model[0] mean=0.000894 | θ̃ mean=0.000894 | edge mean=0.000841 |local ref=0.000962
[C2] n=1000 | classes=[2, 5] | acc=0.5790 | per_class={2: '0.75', 5: '0.41'}
[C3] eval model[0] mean=0.001356 | θ̃ mean=0.001356 | edge mean=0.000841 |local ref=0.001333
[C3] n=1000 | classes=[5, 7] | acc=0.5180 | per_class={5: '0.07', 7: '0.98'}
[C4] eval model[0] mean=0.000005 | θ̃ mean=0.000005 | edge mean=0.000841 |local ref=0.000012
[C4] n=1000 | classes=[2, 7] | acc=0.5890 | per_class={2: '0.41', 7: '0.78'}
[C5] eval model[0] mean=0.001056 | θ̃ mean=0.001056 | edge mean=0.000841 |local ref=0.001008
[C5] n=1000 | classes=[2, 4] | acc=0.5050 | per_class={2: '0.89', 4: '0.10'}
[C6] eval model[0] mean=0.000933 | θ̃ mean=0.000933 | edge mean=0.000841 |local ref=0.000946
[C6] n=1000 | classes=[6, 7] | acc=0.6740 | per_class={6: '0.74', 7: '0.61'}
[C7] eval model[0] mean=0.001123 | θ̃ mean=0.001123 | edge mean=0.000841 |local ref=0.001154
[C7] n=1000 | classes=[3, 5] | acc=0.5460 | per_class={3: '0.68', 5: '0.42'}
[C8] eval model[0] mean=0.000569 | θ̃ mean=0.000569 | edge mean=0.000841 |local ref=0.000577
[C8] n=500 | classes=[4] | acc=1.0000 | per_class={4: '1.00'}
[C9] eval model[0] mean=0.001012 | θ̃ mean=0.001012 | edge mean=0.000841 |local ref=0.001008
[C9] n=500 | classes=[4] | acc=1.0000 | per_class={4: '1.00'}
[C10] eval model[0] mean=0.000043 | θ̃ mean=0.000043 | edge mean=0.000507 |local ref=0.000040
[C10] n=600 | classes=[8, 9] | acc=0.5967 | per_class={8: '0.99', 9: '0.22'}
[C11] eval model[0] mean=0.000370 | θ̃ mean=0.000370 | edge mean=0.000507 |local ref=0.000380
[C11] n=600 | classes=[0, 1] | acc=0.7183 | per_class={0: '0.68', 1: '0.76'}
[C12] eval model[0] mean=0.000705 | θ̃ mean=0.000705 | edge mean=0.000507 |local ref=0.000691
[C12] n=600 | classes=[1, 8] | acc=0.7217 | per_class={1: '0.56', 8: '0.90'}
[C13] eval model[0] mean=0.000388 | θ̃ mean=0.000388 | edge mean=0.000507 |local ref=0.000395
[C13] n=600 | classes=[0, 8] | acc=0.5383 | per_class={0: '0.95', 8: '0.10'}
[C14] eval model[0] mean=0.001076 | θ̃ mean=0.001076 | edge mean=0.000507 |local ref=0.001073
[C14] n=600 | classes=[0, 9] | acc=0.7583 | per_class={0: '0.62', 9: '0.90'}
[C15] eval model[0] mean=-0.000098 | θ̃ mean=-0.000098 | edge mean=0.000507 |local ref=-0.000046
[C15] n=600 | classes=[0, 8] | acc=0.6483 | per_class={0: '0.68', 8: '0.62'}
[C16] eval model[0] mean=0.000576 | θ̃ mean=0.000576 | edge mean=0.000507 |local ref=0.000594
[C16] n=600 | classes=[1, 8] | acc=0.6367 | per_class={1: '0.29', 8: '0.96'}
[C17] eval model[0] mean=-0.000041 | θ̃ mean=-0.000041 | edge mean=0.000507 |local ref=0.000054
[C17] n=600 | classes=[1, 9] | acc=0.5250 | per_class={1: '0.92', 9: '0.16'}
[C18] eval model[0] mean=0.000435 | θ̃ mean=0.000435 | edge mean=0.000507 |local ref=0.000453
[C18] n=600 | classes=[1, 9] | acc=0.5650 | per_class={1: '0.33', 9: '0.83'}
[C19] eval model[0] mean=-0.000176 | θ̃ mean=-0.000176 | edge mean=0.000507 |local ref=-0.000167
[C19] n=600 | classes=[0, 9] | acc=0.7433 | per_class={0: '0.83', 9: '0.67'}
  [Cloud] GM=0.2011 | EM=0.3022 PM=0.6277 | loss=2.2390 | time=50.0s | comm=4556.2MB (total=9112MB)

[Round   3] Broadcasting to 2 edges...
  [Edge 0] W_n reset to global weights for new round.
  [Edge 1] W_n reset to global weights for new round.
  [Edge 0] G3 | E1 | Hier-pFedMe | Selected 10/10
  [Client  9] Received edge weights.
  [Client  4] Received edge weights.
  [Client  3] Received edge weights.
  [Client  6] Received edge weights.
  [Client  1] Received edge weights.
  [Client  5] Received edge weights.
  [Client  0] Received edge weights.
  [Client  7] Received edge weights.
  [Client  8] Received edge weights.
  [Client  2] Received edge weights.
  [Client  9] Round 3 | Hier-pFedMe(λ2=35.0,K=5) | loss=0.0000
  [Client  4] Round 3 | Hier-pFedMe(λ2=35.0,K=5) | loss=0.0357
  [Client  3] Round 3 | Hier-pFedMe(λ2=35.0,K=5) | loss=0.0260
  [Client  6] Round 3 | Hier-pFedMe(λ2=35.0,K=5) | loss=0.1339
  [Client  1] Round 3 | Hier-pFedMe(λ2=35.0,K=5) | loss=0.0585
  [Client  5] Round 3 | Hier-pFedMe(λ2=35.0,K=5) | loss=0.0402
  [Client  0] Round 3 | Hier-pFedMe(λ2=35.0,K=5) | loss=0.1234
  [Client  7] Round 3 | Hier-pFedMe(λ2=35.0,K=5) | loss=0.0391
  [Client  8] Round 3 | Hier-pFedMe(λ2=35.0,K=5) | loss=0.0000
  [Client  2] Round 3 | Hier-pFedMe(λ2=35.0,K=5) | loss=0.0665
  [Edge 0] G3 | E1 | loss=0.0581
  [Edge 0] G3 | E2 | Hier-pFedMe | Selected 10/10
  [Client  4] Received edge weights.
  [Client  9] Received edge weights.
  [Client  5] Received edge weights.
  [Client  6] Received edge weights.
  [Client  7] Received edge weights.
  [Client  1] Received edge weights.
  [Client  8] Received edge weights.
  [Client  0] Received edge weights.
  [Client  3] Received edge weights.
  [Client  2] Received edge weights.
  [Client  9] Round 3 | Hier-pFedMe(λ2=35.0,K=5) | loss=0.0000
  [Client  6] Round 3 | Hier-pFedMe(λ2=35.0,K=5) | loss=0.0272
  [Client  5] Round 3 | Hier-pFedMe(λ2=35.0,K=5) | loss=0.0754
  [Client  4] Round 3 | Hier-pFedMe(λ2=35.0,K=5) | loss=0.0896
  [Client  7] Round 3 | Hier-pFedMe(λ2=35.0,K=5) | loss=0.0466
  [Client  1] Round 3 | Hier-pFedMe(λ2=35.0,K=5) | loss=0.0306
  [Client  0] Round 3 | Hier-pFedMe(λ2=35.0,K=5) | loss=0.0177
  [Client  8] Round 3 | Hier-pFedMe(λ2=35.0,K=5) | loss=0.0000
  [Client  3] Round 3 | Hier-pFedMe(λ2=35.0,K=5) | loss=0.1026
  [Client  2] Round 3 | Hier-pFedMe(λ2=35.0,K=5) | loss=0.1003
  [Edge 0] G3 | E2 | loss=0.0544
  [Edge 0] G3 | E3 | Hier-pFedMe | Selected 10/10
  [Client  7] Received edge weights.
  [Client  6] Received edge weights.
  [Client  5] Received edge weights.
  [Client  9] Received edge weights.
  [Client  4] Received edge weights.
  [Client  1] Received edge weights.
  [Client  2] Received edge weights.
  [Client  0] Received edge weights.
  [Client  3] Received edge weights.
  [Client  8] Received edge weights.
  [Client  7] Round 3 | Hier-pFedMe(λ2=35.0,K=5) | loss=0.0109
  [Client  5] Round 3 | Hier-pFedMe(λ2=35.0,K=5) | loss=0.0963
  [Client  6] Round 3 | Hier-pFedMe(λ2=35.0,K=5) | loss=0.0315
  [Client  9] Round 3 | Hier-pFedMe(λ2=35.0,K=5) | loss=0.0000
  [Client  4] Round 3 | Hier-pFedMe(λ2=35.0,K=5) | loss=0.0466
  [Client  1] Round 3 | Hier-pFedMe(λ2=35.0,K=5) | loss=0.0579
  [Client  2] Round 3 | Hier-pFedMe(λ2=35.0,K=5) | loss=0.0417
  [Client  0] Round 3 | Hier-pFedMe(λ2=35.0,K=5) | loss=0.1006
  [Client  3] Round 3 | Hier-pFedMe(λ2=35.0,K=5) | loss=0.0305
  [Client  8] Round 3 | Hier-pFedMe(λ2=35.0,K=5) | loss=0.0000
  [Edge 0] G3 | E3 | loss=0.0462
  [Edge 0] G3 | E4 | Hier-pFedMe | Selected 10/10
  [Client  7] Received edge weights.
  [Client  0] Received edge weights.
  [Client  8] Received edge weights.
  [Client  1] Received edge weights.
  [Client  2] Received edge weights.
  [Client  3] Received edge weights.
  [Client  9] Received edge weights.
  [Client  6] Received edge weights.
  [Client  5] Received edge weights.
  [Client  4] Received edge weights.
  [Client  8] Round 3 | Hier-pFedMe(λ2=35.0,K=5) | loss=0.0000
  [Client  0] Round 3 | Hier-pFedMe(λ2=35.0,K=5) | loss=0.0614
  [Client  7] Round 3 | Hier-pFedMe(λ2=35.0,K=5) | loss=0.0320
  [Client  1] Round 3 | Hier-pFedMe(λ2=35.0,K=5) | loss=0.0383
  [Client  2] Round 3 | Hier-pFedMe(λ2=35.0,K=5) | loss=0.0303
  [Client  3] Round 3 | Hier-pFedMe(λ2=35.0,K=5) | loss=0.0344
  [Client  9] Round 3 | Hier-pFedMe(λ2=35.0,K=5) | loss=0.0000
  [Client  6] Round 3 | Hier-pFedMe(λ2=35.0,K=5) | loss=0.0352
  [Client  5] Round 3 | Hier-pFedMe(λ2=35.0,K=5) | loss=0.0170
  [Client  4] Round 3 | Hier-pFedMe(λ2=35.0,K=5) | loss=1.1702
  [Edge 0] G3 | E4 | loss=0.1577
  [Edge 0] G3 | E5 | Hier-pFedMe | Selected 10/10
  [Client  4] Received edge weights.
  [Client  5] Received edge weights.
  [Client  9] Received edge weights.
  [Client  0] Received edge weights.
  [Client  3] Received edge weights.
  [Client  7] Received edge weights.
  [Client  2] Received edge weights.
  [Client  6] Received edge weights.
  [Client  1] Received edge weights.
  [Client  8] Received edge weights.
  [Client  5] Round 3 | Hier-pFedMe(λ2=35.0,K=5) | loss=0.0703
  [Client  9] Round 3 | Hier-pFedMe(λ2=35.0,K=5) | loss=0.0000
  [Client  0] Round 3 | Hier-pFedMe(λ2=35.0,K=5) | loss=0.0267
  [Client  4] Round 3 | Hier-pFedMe(λ2=35.0,K=5) | loss=0.0603
  [Client  3] Round 3 | Hier-pFedMe(λ2=35.0,K=5) | loss=0.0167
  [Client  7] Round 3 | Hier-pFedMe(λ2=35.0,K=5) | loss=0.0795
  [Client  2] Round 3 | Hier-pFedMe(λ2=35.0,K=5) | loss=0.0580
  [Client  6] Round 3 | Hier-pFedMe(λ2=35.0,K=5) | loss=0.0446
  [Client  1] Round 3 | Hier-pFedMe(λ2=35.0,K=5) | loss=0.0678
  [Client  8] Round 3 | Hier-pFedMe(λ2=35.0,K=5) | loss=0.0000
  [Edge 0] G3 | E5 | loss=0.0471
  [Edge 1] G3 | E1 | Hier-pFedMe | Selected 10/10
  [Client 18] Received edge weights.
  [Client 11] Received edge weights.
  [Client 12] Received edge weights.
  [Client 17] Received edge weights.
  [Client 10] Received edge weights.
  [Client 15] Received edge weights.
  [Client 19] Received edge weights.
  [Client 13] Received edge weights.
  [Client 14] Received edge weights.
  [Client 16] Received edge weights.
  [Client 12] Round 3 | Hier-pFedMe(λ2=35.0,K=5) | loss=0.0208
  [Client 17] Round 3 | Hier-pFedMe(λ2=35.0,K=5) | loss=0.0296
  [Client 11] Round 3 | Hier-pFedMe(λ2=35.0,K=5) | loss=0.0267
  [Client 18] Round 3 | Hier-pFedMe(λ2=35.0,K=5) | loss=0.0273
  [Client 10] Round 3 | Hier-pFedMe(λ2=35.0,K=5) | loss=0.0149
  [Client 15] Round 3 | Hier-pFedMe(λ2=35.0,K=5) | loss=0.0283
  [Client 19] Round 3 | Hier-pFedMe(λ2=35.0,K=5) | loss=0.0075
  [Client 13] Round 3 | Hier-pFedMe(λ2=35.0,K=5) | loss=0.1139
  [Client 14] Round 3 | Hier-pFedMe(λ2=35.0,K=5) | loss=0.0119
  [Client 16] Round 3 | Hier-pFedMe(λ2=35.0,K=5) | loss=0.0163
  [Edge 1] G3 | E1 | loss=0.0297
  [Edge 1] G3 | E2 | Hier-pFedMe | Selected 10/10
  [Client 15] Received edge weights.
  [Client 10] Received edge weights.
  [Client 13] Received edge weights.
  [Client 12] Received edge weights.
  [Client 17] Received edge weights.
  [Client 16] Received edge weights.
  [Client 19] Received edge weights.
  [Client 18] Received edge weights.
  [Client 14] Received edge weights.
  [Client 11] Received edge weights.
  [Client 12] Round 3 | Hier-pFedMe(λ2=35.0,K=5) | loss=0.0241
  [Client 13] Round 3 | Hier-pFedMe(λ2=35.0,K=5) | loss=0.1191
  [Client 10] Round 3 | Hier-pFedMe(λ2=35.0,K=5) | loss=0.0323
  [Client 15] Round 3 | Hier-pFedMe(λ2=35.0,K=5) | loss=0.0495
  [Client 17] Round 3 | Hier-pFedMe(λ2=35.0,K=5) | loss=0.3631
  [Client 19] Round 3 | Hier-pFedMe(λ2=35.0,K=5) | loss=0.0332
  [Client 16] Round 3 | Hier-pFedMe(λ2=35.0,K=5) | loss=0.0173
  [Client 18] Round 3 | Hier-pFedMe(λ2=35.0,K=5) | loss=0.1199
  [Client 14] Round 3 | Hier-pFedMe(λ2=35.0,K=5) | loss=0.0277
  [Client 11] Round 3 | Hier-pFedMe(λ2=35.0,K=5) | loss=0.0476
  [Edge 1] G3 | E2 | loss=0.0834
  [Edge 1] G3 | E3 | Hier-pFedMe | Selected 10/10
  [Client 15] Received edge weights.
  [Client 17] Received edge weights.
  [Client 16] Received edge weights.
  [Client 10] Received edge weights.
  [Client 12] Received edge weights.
  [Client 14] Received edge weights.
  [Client 18] Received edge weights.
  [Client 19] Received edge weights.
  [Client 13] Received edge weights.
  [Client 11] Received edge weights.
  [Client 15] Round 3 | Hier-pFedMe(λ2=35.0,K=5) | loss=0.0326
  [Client 17] Round 3 | Hier-pFedMe(λ2=35.0,K=5) | loss=0.0505
  [Client 16] Round 3 | Hier-pFedMe(λ2=35.0,K=5) | loss=0.0111
  [Client 10] Round 3 | Hier-pFedMe(λ2=35.0,K=5) | loss=0.0881
  [Client 12] Round 3 | Hier-pFedMe(λ2=35.0,K=5) | loss=0.0277
  [Client 14] Round 3 | Hier-pFedMe(λ2=35.0,K=5) | loss=0.0137
  [Client 18] Round 3 | Hier-pFedMe(λ2=35.0,K=5) | loss=0.1049
  [Client 19] Round 3 | Hier-pFedMe(λ2=35.0,K=5) | loss=0.0243
  [Client 13] Round 3 | Hier-pFedMe(λ2=35.0,K=5) | loss=0.0233
  [Client 11] Round 3 | Hier-pFedMe(λ2=35.0,K=5) | loss=0.0305
  [Edge 1] G3 | E3 | loss=0.0407
  [Edge 1] G3 | E4 | Hier-pFedMe | Selected 10/10
  [Client 10] Received edge weights.
  [Client 19] Received edge weights.
  [Client 13] Received edge weights.
  [Client 15] Received edge weights.
  [Client 17] Received edge weights.
  [Client 16] Received edge weights.
  [Client 12] Received edge weights.
  [Client 11] Received edge weights.
  [Client 14] Received edge weights.
  [Client 18] Received edge weights.
  [Client 19] Round 3 | Hier-pFedMe(λ2=35.0,K=5) | loss=0.0061
  [Client 13] Round 3 | Hier-pFedMe(λ2=35.0,K=5) | loss=0.0283
  [Client 10] Round 3 | Hier-pFedMe(λ2=35.0,K=5) | loss=0.0157
  [Client 15] Round 3 | Hier-pFedMe(λ2=35.0,K=5) | loss=0.0295
  [Client 17] Round 3 | Hier-pFedMe(λ2=35.0,K=5) | loss=0.0519
  [Client 16] Round 3 | Hier-pFedMe(λ2=35.0,K=5) | loss=0.0217
  [Client 12] Round 3 | Hier-pFedMe(λ2=35.0,K=5) | loss=0.0131
  [Client 11] Round 3 | Hier-pFedMe(λ2=35.0,K=5) | loss=0.0286
  [Client 14] Round 3 | Hier-pFedMe(λ2=35.0,K=5) | loss=0.0129
  [Client 18] Round 3 | Hier-pFedMe(λ2=35.0,K=5) | loss=0.0310
  [Edge 1] G3 | E4 | loss=0.0239
  [Edge 1] G3 | E5 | Hier-pFedMe | Selected 10/10
  [Client 12] Received edge weights.
  [Client 14] Received edge weights.
  [Client 13] Received edge weights.
  [Client 10] Received edge weights.
  [Client 19] Received edge weights.
  [Client 11] Received edge weights.
  [Client 17] Received edge weights.
  [Client 15] Received edge weights.
  [Client 18] Received edge weights.
  [Client 16] Received edge weights.
  [Client 10] Round 3 | Hier-pFedMe(λ2=35.0,K=5) | loss=0.0432
  [Client 14] Round 3 | Hier-pFedMe(λ2=35.0,K=5) | loss=0.0322
  [Client 12] Round 3 | Hier-pFedMe(λ2=35.0,K=5) | loss=0.0152
  [Client 13] Round 3 | Hier-pFedMe(λ2=35.0,K=5) | loss=0.0392
  [Client 11] Round 3 | Hier-pFedMe(λ2=35.0,K=5) | loss=0.0105
  [Client 19] Round 3 | Hier-pFedMe(λ2=35.0,K=5) | loss=0.0537
  [Client 17] Round 3 | Hier-pFedMe(λ2=35.0,K=5) | loss=0.0744
  [Client 15] Round 3 | Hier-pFedMe(λ2=35.0,K=5) | loss=0.0752
  [Client 18] Round 3 | Hier-pFedMe(λ2=35.0,K=5) | loss=0.1747
  [Client 16] Round 3 | Hier-pFedMe(λ2=35.0,K=5) | loss=0.0220
  [Edge 1] G3 | E5 | loss=0.0540
[C0] eval model[0] mean=0.000186 | θ̃ mean=0.000186 | edge mean=0.000232 |local ref=0.000184
[C0] n=1000 | classes=[3, 6] | acc=0.6640 | per_class={3: '0.53', 6: '0.80'}
[C1] eval model[0] mean=0.000326 | θ̃ mean=0.000326 | edge mean=0.000232 |local ref=0.000327
[C1] n=1000 | classes=[3, 6] | acc=0.6990 | per_class={3: '0.60', 6: '0.81'}
[C2] eval model[0] mean=-0.000008 | θ̃ mean=-0.000008 | edge mean=0.000232 |local ref=0.000015
[C2] n=1000 | classes=[2, 5] | acc=0.7010 | per_class={2: '0.75', 5: '0.65'}
[C3] eval model[0] mean=-0.000077 | θ̃ mean=-0.000077 | edge mean=0.000232 |local ref=-0.000077
[C3] n=1000 | classes=[5, 7] | acc=0.6150 | per_class={5: '0.66', 7: '0.57'}
[C4] eval model[0] mean=0.001357 | θ̃ mean=0.001357 | edge mean=0.000232 |local ref=0.001373
[C4] n=1000 | classes=[2, 7] | acc=0.6010 | per_class={2: '0.84', 7: '0.36'}
[C5] eval model[0] mean=0.000515 | θ̃ mean=0.000515 | edge mean=0.000232 |local ref=0.000538
[C5] n=1000 | classes=[2, 4] | acc=0.4710 | per_class={2: '0.29', 4: '0.66'}
[C6] eval model[0] mean=0.000440 | θ̃ mean=0.000440 | edge mean=0.000232 |local ref=0.000447
[C6] n=1000 | classes=[6, 7] | acc=0.5640 | per_class={6: '1.00', 7: '0.14'}
[C7] eval model[0] mean=-0.000675 | θ̃ mean=-0.000675 | edge mean=0.000232 |local ref=-0.000661
[C7] n=1000 | classes=[3, 5] | acc=0.5050 | per_class={3: '0.28', 5: '0.71'}
[C8] eval model[0] mean=0.000672 | θ̃ mean=0.000672 | edge mean=0.000232 |local ref=0.000659
[C8] n=500 | classes=[4] | acc=1.0000 | per_class={4: '1.00'}
[C9] eval model[0] mean=-0.000145 | θ̃ mean=-0.000145 | edge mean=0.000232 |local ref=-0.000131
[C9] n=500 | classes=[4] | acc=1.0000 | per_class={4: '1.00'}
[C10] eval model[0] mean=-0.000066 | θ̃ mean=-0.000066 | edge mean=0.000496 |local ref=-0.000035
[C10] n=600 | classes=[8, 9] | acc=0.7017 | per_class={8: '0.92', 9: '0.50'}
[C11] eval model[0] mean=0.000515 | θ̃ mean=0.000515 | edge mean=0.000496 |local ref=0.000582
[C11] n=600 | classes=[0, 1] | acc=0.7667 | per_class={0: '0.72', 1: '0.82'}
[C12] eval model[0] mean=0.000798 | θ̃ mean=0.000798 | edge mean=0.000496 |local ref=0.000777
[C12] n=600 | classes=[1, 8] | acc=0.7033 | per_class={1: '0.92', 8: '0.48'}
[C13] eval model[0] mean=0.000587 | θ̃ mean=0.000587 | edge mean=0.000496 |local ref=0.000612
[C13] n=600 | classes=[0, 8] | acc=0.6133 | per_class={0: '0.57', 8: '0.66'}
[C14] eval model[0] mean=0.000369 | θ̃ mean=0.000369 | edge mean=0.000496 |local ref=0.000364
[C14] n=600 | classes=[0, 9] | acc=0.7733 | per_class={0: '0.80', 9: '0.75'}
[C15] eval model[0] mean=0.000868 | θ̃ mean=0.000868 | edge mean=0.000496 |local ref=0.000867
[C15] n=600 | classes=[0, 8] | acc=0.6650 | per_class={0: '0.46', 8: '0.88'}
[C16] eval model[0] mean=0.000495 | θ̃ mean=0.000495 | edge mean=0.000496 |local ref=0.000505
[C16] n=600 | classes=[1, 8] | acc=0.8017 | per_class={1: '0.88', 8: '0.72'}
[C17] eval model[0] mean=0.000492 | θ̃ mean=0.000492 | edge mean=0.000496 |local ref=0.000531
[C17] n=600 | classes=[1, 9] | acc=0.6300 | per_class={1: '0.76', 9: '0.51'}
[C18] eval model[0] mean=0.000448 | θ̃ mean=0.000448 | edge mean=0.000496 |local ref=0.000464
[C18] n=600 | classes=[1, 9] | acc=0.5217 | per_class={1: '0.99', 9: '0.00'}
[C19] eval model[0] mean=0.000333 | θ̃ mean=0.000333 | edge mean=0.000496 |local ref=0.000351
[C19] n=600 | classes=[0, 9] | acc=0.6800 | per_class={0: '0.90', 9: '0.48'}
  [Cloud] GM=0.2147 | EM=0.2939 PM=0.6623 | loss=2.1648 | time=48.9s | comm=4556.2MB (total=13669MB)

[Round   4] Broadcasting to 2 edges...
  [Edge 0] W_n reset to global weights for new round.
  [Edge 1] W_n reset to global weights for new round.
  [Edge 0] G4 | E1 | Hier-pFedMe | Selected 10/10
  [Client  5] Received edge weights.
  [Client  6] Received edge weights.
  [Client  2] Received edge weights.
  [Client  7] Received edge weights.
  [Client  1] Received edge weights.
  [Client  8] Received edge weights.
  [Client  0] Received edge weights.
  [Client  4] Received edge weights.
  [Client  9] Received edge weights.
  [Client  3] Received edge weights.
  [Client  5] Round 4 | Hier-pFedMe(λ2=35.0,K=5) | loss=0.0761
  [Client  6] Round 4 | Hier-pFedMe(λ2=35.0,K=5) | loss=0.0234
  [Client  7] Round 4 | Hier-pFedMe(λ2=35.0,K=5) | loss=0.1592
  [Client  2] Round 4 | Hier-pFedMe(λ2=35.0,K=5) | loss=0.0145
  [Client  8] Round 4 | Hier-pFedMe(λ2=35.0,K=5) | loss=0.0000
  [Client  1] Round 4 | Hier-pFedMe(λ2=35.0,K=5) | loss=0.0371
  [Client  0] Round 4 | Hier-pFedMe(λ2=35.0,K=5) | loss=0.0213
  [Client  4] Round 4 | Hier-pFedMe(λ2=35.0,K=5) | loss=0.0490
  [Client  9] Round 4 | Hier-pFedMe(λ2=35.0,K=5) | loss=0.0000
  [Client  3] Round 4 | Hier-pFedMe(λ2=35.0,K=5) | loss=0.0155
  [Edge 0] G4 | E1 | loss=0.0440
  [Edge 0] G4 | E2 | Hier-pFedMe | Selected 10/10
  [Client  1] Received edge weights.
  [Client  6] Received edge weights.
  [Client  2] Received edge weights.
  [Client  4] Received edge weights.
  [Client  3] Received edge weights.
  [Client  5] Received edge weights.
  [Client  9] Received edge weights.
  [Client  0] Received edge weights.
  [Client  8] Received edge weights.
  [Client  7] Received edge weights.
  [Client  1] Round 4 | Hier-pFedMe(λ2=35.0,K=5) | loss=0.0976
  [Client  4] Round 4 | Hier-pFedMe(λ2=35.0,K=5) | loss=0.0513
  [Client  2] Round 4 | Hier-pFedMe(λ2=35.0,K=5) | loss=0.0289
  [Client  6] Round 4 | Hier-pFedMe(λ2=35.0,K=5) | loss=0.0305
  [Client  3] Round 4 | Hier-pFedMe(λ2=35.0,K=5) | loss=0.0431
  [Client  5] Round 4 | Hier-pFedMe(λ2=35.0,K=5) | loss=0.0577
  [Client  9] Round 4 | Hier-pFedMe(λ2=35.0,K=5) | loss=0.0000
  [Client  0] Round 4 | Hier-pFedMe(λ2=35.0,K=5) | loss=0.0088
  [Client  8] Round 4 | Hier-pFedMe(λ2=35.0,K=5) | loss=0.0000
  [Client  7] Round 4 | Hier-pFedMe(λ2=35.0,K=5) | loss=0.0679
  [Edge 0] G4 | E2 | loss=0.0429
  [Edge 0] G4 | E3 | Hier-pFedMe | Selected 10/10
  [Client  6] Received edge weights.
  [Client  3] Received edge weights.
  [Client  8] Received edge weights.
  [Client  2] Received edge weights.
  [Client  7] Received edge weights.
  [Client  1] Received edge weights.
  [Client  0] Received edge weights.
  [Client  9] Received edge weights.
  [Client  5] Received edge weights.
  [Client  4] Received edge weights.
  [Client  8] Round 4 | Hier-pFedMe(λ2=35.0,K=5) | loss=0.0001
  [Client  2] Round 4 | Hier-pFedMe(λ2=35.0,K=5) | loss=0.0089
  [Client  6] Round 4 | Hier-pFedMe(λ2=35.0,K=5) | loss=0.0096
  [Client  3] Round 4 | Hier-pFedMe(λ2=35.0,K=5) | loss=0.0340
  [Client  1] Round 4 | Hier-pFedMe(λ2=35.0,K=5) | loss=0.0182
  [Client  7] Round 4 | Hier-pFedMe(λ2=35.0,K=5) | loss=0.2682
  [Client  0] Round 4 | Hier-pFedMe(λ2=35.0,K=5) | loss=0.0154
  [Client  9] Round 4 | Hier-pFedMe(λ2=35.0,K=5) | loss=0.0000
  [Client  5] Round 4 | Hier-pFedMe(λ2=35.0,K=5) | loss=0.0869
  [Client  4] Round 4 | Hier-pFedMe(λ2=35.0,K=5) | loss=0.0142
  [Edge 0] G4 | E3 | loss=0.0506
  [Edge 0] G4 | E4 | Hier-pFedMe | Selected 10/10
  [Client  2] Received edge weights.
  [Client  9] Received edge weights.
  [Client  4] Received edge weights.
  [Client  7] Received edge weights.
  [Client  0] Received edge weights.
  [Client  6] Received edge weights.
  [Client  1] Received edge weights.
  [Client  3] Received edge weights.
  [Client  8] Received edge weights.
  [Client  5] Received edge weights.
  [Client  9] Round 4 | Hier-pFedMe(λ2=35.0,K=5) | loss=0.0000
  [Client  2] Round 4 | Hier-pFedMe(λ2=35.0,K=5) | loss=0.0206
  [Client  7] Round 4 | Hier-pFedMe(λ2=35.0,K=5) | loss=0.0572
  [Client  4] Round 4 | Hier-pFedMe(λ2=35.0,K=5) | loss=0.0344
  [Client  0] Round 4 | Hier-pFedMe(λ2=35.0,K=5) | loss=0.0487
  [Client  6] Round 4 | Hier-pFedMe(λ2=35.0,K=5) | loss=0.0180
  [Client  1] Round 4 | Hier-pFedMe(λ2=35.0,K=5) | loss=0.0308
  [Client  3] Round 4 | Hier-pFedMe(λ2=35.0,K=5) | loss=0.1143
  [Client  8] Round 4 | Hier-pFedMe(λ2=35.0,K=5) | loss=0.0000
  [Client  5] Round 4 | Hier-pFedMe(λ2=35.0,K=5) | loss=0.0544
  [Edge 0] G4 | E4 | loss=0.0420
  [Edge 0] G4 | E5 | Hier-pFedMe | Selected 10/10
  [Client  8] Received edge weights.
  [Client  1] Received edge weights.
  [Client  4] Received edge weights.
  [Client  2] Received edge weights.
  [Client  5] Received edge weights.
  [Client  9] Received edge weights.
  [Client  0] Received edge weights.
  [Client  3] Received edge weights.
  [Client  7] Received edge weights.
  [Client  6] Received edge weights.
  [Client  8] Round 4 | Hier-pFedMe(λ2=35.0,K=5) | loss=0.0000
  [Client  1] Round 4 | Hier-pFedMe(λ2=35.0,K=5) | loss=0.0141
  [Client  4] Round 4 | Hier-pFedMe(λ2=35.0,K=5) | loss=0.0187
  [Client  2] Round 4 | Hier-pFedMe(λ2=35.0,K=5) | loss=0.0161
  [Client  9] Round 4 | Hier-pFedMe(λ2=35.0,K=5) | loss=0.0000
  [Client  5] Round 4 | Hier-pFedMe(λ2=35.0,K=5) | loss=0.1288
  [Client  0] Round 4 | Hier-pFedMe(λ2=35.0,K=5) | loss=0.0215
  [Client  3] Round 4 | Hier-pFedMe(λ2=35.0,K=5) | loss=0.0135
  [Client  7] Round 4 | Hier-pFedMe(λ2=35.0,K=5) | loss=0.0464
  [Client  6] Round 4 | Hier-pFedMe(λ2=35.0,K=5) | loss=0.0121
  [Edge 0] G4 | E5 | loss=0.0301
  [Edge 1] G4 | E1 | Hier-pFedMe | Selected 10/10
  [Client 10] Received edge weights.
  [Client 17] Received edge weights.
  [Client 14] Received edge weights.
  [Client 13] Received edge weights.
  [Client 12] Received edge weights.
  [Client 11] Received edge weights.
  [Client 18] Received edge weights.
  [Client 19] Received edge weights.
  [Client 16] Received edge weights.
  [Client 15] Received edge weights.
  [Client 10] Round 4 | Hier-pFedMe(λ2=35.0,K=5) | loss=0.0150
  [Client 17] Round 4 | Hier-pFedMe(λ2=35.0,K=5) | loss=0.0404
  [Client 13] Round 4 | Hier-pFedMe(λ2=35.0,K=5) | loss=0.0581
  [Client 14] Round 4 | Hier-pFedMe(λ2=35.0,K=5) | loss=0.0093
  [Client 12] Round 4 | Hier-pFedMe(λ2=35.0,K=5) | loss=0.0373
  [Client 11] Round 4 | Hier-pFedMe(λ2=35.0,K=5) | loss=0.0131
  [Client 18] Round 4 | Hier-pFedMe(λ2=35.0,K=5) | loss=0.0199
  [Client 19] Round 4 | Hier-pFedMe(λ2=35.0,K=5) | loss=0.0362
  [Client 16] Round 4 | Hier-pFedMe(λ2=35.0,K=5) | loss=0.0078
  [Client 15] Round 4 | Hier-pFedMe(λ2=35.0,K=5) | loss=0.0347
  [Edge 1] G4 | E1 | loss=0.0272
  [Edge 1] G4 | E2 | Hier-pFedMe | Selected 10/10
  [Client 16] Received edge weights.
  [Client 10] Received edge weights.
  [Client 17] Received edge weights.
  [Client 11] Received edge weights.
  [Client 19] Received edge weights.
  [Client 15] Received edge weights.
  [Client 12] Received edge weights.
  [Client 14] Received edge weights.
  [Client 13] Received edge weights.
  [Client 18] Received edge weights.
  [Client 11] Round 4 | Hier-pFedMe(λ2=35.0,K=5) | loss=0.0292
  [Client 17] Round 4 | Hier-pFedMe(λ2=35.0,K=5) | loss=0.2038
  [Client 10] Round 4 | Hier-pFedMe(λ2=35.0,K=5) | loss=0.0110
  [Client 16] Round 4 | Hier-pFedMe(λ2=35.0,K=5) | loss=0.0250
  [Client 19] Round 4 | Hier-pFedMe(λ2=35.0,K=5) | loss=0.0325
  [Client 15] Round 4 | Hier-pFedMe(λ2=35.0,K=5) | loss=0.1172
  [Client 12] Round 4 | Hier-pFedMe(λ2=35.0,K=5) | loss=0.0536
  [Client 14] Round 4 | Hier-pFedMe(λ2=35.0,K=5) | loss=0.0272
  [Client 13] Round 4 | Hier-pFedMe(λ2=35.0,K=5) | loss=0.0544
  [Client 18] Round 4 | Hier-pFedMe(λ2=35.0,K=5) | loss=0.3039
  [Edge 1] G4 | E2 | loss=0.0858
  [Edge 1] G4 | E3 | Hier-pFedMe | Selected 10/10
  [Client 14] Received edge weights.
  [Client 10] Received edge weights.
  [Client 12] Received edge weights.
  [Client 18] Received edge weights.
  [Client 16] Received edge weights.
  [Client 17] Received edge weights.
  [Client 19] Received edge weights.
  [Client 11] Received edge weights.
  [Client 15] Received edge weights.
  [Client 13] Received edge weights.
  [Client 10] Round 4 | Hier-pFedMe(λ2=35.0,K=5) | loss=0.0419
  [Client 12] Round 4 | Hier-pFedMe(λ2=35.0,K=5) | loss=0.0117
  [Client 14] Round 4 | Hier-pFedMe(λ2=35.0,K=5) | loss=0.0679
  [Client 18] Round 4 | Hier-pFedMe(λ2=35.0,K=5) | loss=0.0596
  [Client 16] Round 4 | Hier-pFedMe(λ2=35.0,K=5) | loss=0.0080
  [Client 17] Round 4 | Hier-pFedMe(λ2=35.0,K=5) | loss=0.0926
  [Client 19] Round 4 | Hier-pFedMe(λ2=35.0,K=5) | loss=0.0746
  [Client 11] Round 4 | Hier-pFedMe(λ2=35.0,K=5) | loss=0.0141
  [Client 15] Round 4 | Hier-pFedMe(λ2=35.0,K=5) | loss=0.0209
  [Client 13] Round 4 | Hier-pFedMe(λ2=35.0,K=5) | loss=0.0230
  [Edge 1] G4 | E3 | loss=0.0414
  [Edge 1] G4 | E4 | Hier-pFedMe | Selected 10/10
  [Client 19] Received edge weights.
  [Client 17] Received edge weights.
  [Client 10] Received edge weights.
  [Client 14] Received edge weights.
  [Client 16] Received edge weights.
  [Client 18] Received edge weights.
  [Client 13] Received edge weights.
  [Client 11] Received edge weights.
  [Client 15] Received edge weights.
  [Client 12] Received edge weights.
  [Client 17] Round 4 | Hier-pFedMe(λ2=35.0,K=5) | loss=0.0262
  [Client 19] Round 4 | Hier-pFedMe(λ2=35.0,K=5) | loss=0.0115
  [Client 10] Round 4 | Hier-pFedMe(λ2=35.0,K=5) | loss=0.0153
  [Client 14] Round 4 | Hier-pFedMe(λ2=35.0,K=5) | loss=0.0156
  [Client 16] Round 4 | Hier-pFedMe(λ2=35.0,K=5) | loss=0.0346
  [Client 18] Round 4 | Hier-pFedMe(λ2=35.0,K=5) | loss=0.0896
  [Client 13] Round 4 | Hier-pFedMe(λ2=35.0,K=5) | loss=0.0249
  [Client 11] Round 4 | Hier-pFedMe(λ2=35.0,K=5) | loss=0.0188
  [Client 15] Round 4 | Hier-pFedMe(λ2=35.0,K=5) | loss=0.0171
  [Client 12] Round 4 | Hier-pFedMe(λ2=35.0,K=5) | loss=0.0105
  [Edge 1] G4 | E4 | loss=0.0264
  [Edge 1] G4 | E5 | Hier-pFedMe | Selected 10/10
  [Client 11] Received edge weights.
  [Client 10] Received edge weights.
  [Client 14] Received edge weights.
  [Client 17] Received edge weights.
  [Client 13] Received edge weights.
  [Client 15] Received edge weights.
  [Client 18] Received edge weights.
  [Client 19] Received edge weights.
  [Client 16] Received edge weights.
  [Client 12] Received edge weights.
  [Client 11] Round 4 | Hier-pFedMe(λ2=35.0,K=5) | loss=0.0173
  [Client 10] Round 4 | Hier-pFedMe(λ2=35.0,K=5) | loss=0.0040
  [Client 17] Round 4 | Hier-pFedMe(λ2=35.0,K=5) | loss=0.0480
  [Client 14] Round 4 | Hier-pFedMe(λ2=35.0,K=5) | loss=0.0072
  [Client 13] Round 4 | Hier-pFedMe(λ2=35.0,K=5) | loss=0.0497
  [Client 15] Round 4 | Hier-pFedMe(λ2=35.0,K=5) | loss=0.0460
  [Client 18] Round 4 | Hier-pFedMe(λ2=35.0,K=5) | loss=0.0558
  [Client 19] Round 4 | Hier-pFedMe(λ2=35.0,K=5) | loss=0.0140
  [Client 16] Round 4 | Hier-pFedMe(λ2=35.0,K=5) | loss=0.0076
  [Client 12] Round 4 | Hier-pFedMe(λ2=35.0,K=5) | loss=0.0176
  [Edge 1] G4 | E5 | loss=0.0267
[C0] eval model[0] mean=0.000404 | θ̃ mean=0.000404 | edge mean=0.000255 |local ref=0.000433
[C0] n=1000 | classes=[3, 6] | acc=0.6100 | per_class={3: '0.29', 6: '0.94'}
[C1] eval model[0] mean=0.000293 | θ̃ mean=0.000293 | edge mean=0.000255 |local ref=0.000304
[C1] n=1000 | classes=[3, 6] | acc=0.6540 | per_class={3: '0.74', 6: '0.57'}
[C2] eval model[0] mean=-0.000027 | θ̃ mean=-0.000027 | edge mean=0.000255 |local ref=0.000005
[C2] n=1000 | classes=[2, 5] | acc=0.6590 | per_class={2: '0.43', 5: '0.89'}
[C3] eval model[0] mean=-0.000211 | θ̃ mean=-0.000211 | edge mean=0.000255 |local ref=-0.000155
[C3] n=1000 | classes=[5, 7] | acc=0.6480 | per_class={5: '0.53', 7: '0.77'}
[C4] eval model[0] mean=0.001033 | θ̃ mean=0.001033 | edge mean=0.000255 |local ref=0.001004
[C4] n=1000 | classes=[2, 7] | acc=0.7200 | per_class={2: '0.80', 7: '0.63'}
[C5] eval model[0] mean=-0.000530 | θ̃ mean=-0.000530 | edge mean=0.000255 |local ref=-0.000504
[C5] n=1000 | classes=[2, 4] | acc=0.5290 | per_class={2: '0.58', 4: '0.48'}
[C6] eval model[0] mean=0.000656 | θ̃ mean=0.000656 | edge mean=0.000255 |local ref=0.000654
[C6] n=1000 | classes=[6, 7] | acc=0.7150 | per_class={6: '0.60', 7: '0.83'}
[C7] eval model[0] mean=0.000267 | θ̃ mean=0.000267 | edge mean=0.000255 |local ref=0.000330
[C7] n=1000 | classes=[3, 5] | acc=0.5230 | per_class={3: '0.36', 5: '0.67'}
[C8] eval model[0] mean=0.000291 | θ̃ mean=0.000291 | edge mean=0.000255 |local ref=0.000295
[C8] n=500 | classes=[4] | acc=1.0000 | per_class={4: '1.00'}
[C9] eval model[0] mean=0.000151 | θ̃ mean=0.000151 | edge mean=0.000255 |local ref=0.000150
[C9] n=500 | classes=[4] | acc=1.0000 | per_class={4: '1.00'}
[C10] eval model[0] mean=0.000551 | θ̃ mean=0.000551 | edge mean=0.000201 |local ref=0.000560
[C10] n=600 | classes=[8, 9] | acc=0.7733 | per_class={8: '0.66', 9: '0.88'}
[C11] eval model[0] mean=-0.000448 | θ̃ mean=-0.000448 | edge mean=0.000201 |local ref=-0.000427
[C11] n=600 | classes=[0, 1] | acc=0.7200 | per_class={0: '0.72', 1: '0.72'}
[C12] eval model[0] mean=-0.000433 | θ̃ mean=-0.000433 | edge mean=0.000201 |local ref=-0.000418
[C12] n=600 | classes=[1, 8] | acc=0.8000 | per_class={1: '0.85', 8: '0.74'}
[C13] eval model[0] mean=-0.000548 | θ̃ mean=-0.000548 | edge mean=0.000201 |local ref=-0.000506
[C13] n=600 | classes=[0, 8] | acc=0.6167 | per_class={0: '0.77', 8: '0.46'}
[C14] eval model[0] mean=0.000890 | θ̃ mean=0.000890 | edge mean=0.000201 |local ref=0.000854
[C14] n=600 | classes=[0, 9] | acc=0.7767 | per_class={0: '0.68', 9: '0.88'}
[C15] eval model[0] mean=-0.000342 | θ̃ mean=-0.000342 | edge mean=0.000201 |local ref=-0.000313
[C15] n=600 | classes=[0, 8] | acc=0.5900 | per_class={0: '0.68', 8: '0.49'}
[C16] eval model[0] mean=-0.000365 | θ̃ mean=-0.000365 | edge mean=0.000201 |local ref=-0.000352
[C16] n=600 | classes=[1, 8] | acc=0.7767 | per_class={1: '0.92', 8: '0.64'}
[C17] eval model[0] mean=-0.000310 | θ̃ mean=-0.000310 | edge mean=0.000201 |local ref=-0.000331
[C17] n=600 | classes=[1, 9] | acc=0.5800 | per_class={1: '0.21', 9: '0.92'}
[C18] eval model[0] mean=0.000817 | θ̃ mean=0.000817 | edge mean=0.000201 |local ref=0.000806
[C18] n=600 | classes=[1, 9] | acc=0.5833 | per_class={1: '0.93', 9: '0.20'}
[C19] eval model[0] mean=0.000244 | θ̃ mean=0.000244 | edge mean=0.000201 |local ref=0.000248
[C19] n=600 | classes=[0, 9] | acc=0.8317 | per_class={0: '0.70', 9: '0.96'}
  [Cloud] GM=0.2504 | EM=0.3169 PM=0.6858 | loss=2.0778 | time=49.0s | comm=4556.2MB (total=18225MB)

[Round   5] Broadcasting to 2 edges...
  [Edge 0] W_n reset to global weights for new round.
  [Edge 1] W_n reset to global weights for new round.
  [Edge 0] G5 | E1 | Hier-pFedMe | Selected 10/10
  [Client  0] Received edge weights.
  [Client  2] Received edge weights.
  [Client  1] Received edge weights.
  [Client  8] Received edge weights.
  [Client  7] Received edge weights.
  [Client  6] Received edge weights.
  [Client  9] Received edge weights.
  [Client  4] Received edge weights.
  [Client  3] Received edge weights.
  [Client  5] Received edge weights.
  [Client  0] Round 5 | Hier-pFedMe(λ2=35.0,K=5) | loss=0.0357
  [Client  8] Round 5 | Hier-pFedMe(λ2=35.0,K=5) | loss=0.0000
  [Client  2] Round 5 | Hier-pFedMe(λ2=35.0,K=5) | loss=0.0102
  [Client  1] Round 5 | Hier-pFedMe(λ2=35.0,K=5) | loss=0.0080
  [Client  7] Round 5 | Hier-pFedMe(λ2=35.0,K=5) | loss=0.0776
  [Client  6] Round 5 | Hier-pFedMe(λ2=35.0,K=5) | loss=0.0058
  [Client  9] Round 5 | Hier-pFedMe(λ2=35.0,K=5) | loss=0.0000
  [Client  4] Round 5 | Hier-pFedMe(λ2=35.0,K=5) | loss=0.0122
  [Client  3] Round 5 | Hier-pFedMe(λ2=35.0,K=5) | loss=0.0122
  [Client  5] Round 5 | Hier-pFedMe(λ2=35.0,K=5) | loss=0.0601
  [Edge 0] G5 | E1 | loss=0.0247
  [Edge 0] G5 | E2 | Hier-pFedMe | Selected 10/10
  [Client  9] Received edge weights.
  [Client  1] Received edge weights.
  [Client  7] Received edge weights.
  [Client  5] Received edge weights.
  [Client  3] Received edge weights.
  [Client  0] Received edge weights.
  [Client  2] Received edge weights.
  [Client  8] Received edge weights.
  [Client  4] Received edge weights.
  [Client  6] Received edge weights.
  [Client  9] Round 5 | Hier-pFedMe(λ2=35.0,K=5) | loss=0.0000
  [Client  7] Round 5 | Hier-pFedMe(λ2=35.0,K=5) | loss=0.8057
  [Client  1] Round 5 | Hier-pFedMe(λ2=35.0,K=5) | loss=0.0143
  [Client  5] Round 5 | Hier-pFedMe(λ2=35.0,K=5) | loss=0.0649
  [Client  3] Round 5 | Hier-pFedMe(λ2=35.0,K=5) | loss=0.0336
  [Client  0] Round 5 | Hier-pFedMe(λ2=35.0,K=5) | loss=0.0049
  [Client  2] Round 5 | Hier-pFedMe(λ2=35.0,K=5) | loss=0.0093
  [Client  8] Round 5 | Hier-pFedMe(λ2=35.0,K=5) | loss=0.0000
  [Client  4] Round 5 | Hier-pFedMe(λ2=35.0,K=5) | loss=0.0609
  [Client  6] Round 5 | Hier-pFedMe(λ2=35.0,K=5) | loss=0.0133
  [Edge 0] G5 | E2 | loss=0.1119
  [Edge 0] G5 | E3 | Hier-pFedMe | Selected 10/10
  [Client  9] Received edge weights.
  [Client  0] Received edge weights.
  [Client  8] Received edge weights.
  [Client  7] Received edge weights.
  [Client  4] Received edge weights.
  [Client  5] Received edge weights.
  [Client  6] Received edge weights.
  [Client  1] Received edge weights.
  [Client  3] Received edge weights.
  [Client  2] Received edge weights.
  [Client  0] Round 5 | Hier-pFedMe(λ2=35.0,K=5) | loss=0.0274
  [Client  9] Round 5 | Hier-pFedMe(λ2=35.0,K=5) | loss=0.0000
  [Client  8] Round 5 | Hier-pFedMe(λ2=35.0,K=5) | loss=0.0000
  [Client  7] Round 5 | Hier-pFedMe(λ2=35.0,K=5) | loss=0.1090
  [Client  4] Round 5 | Hier-pFedMe(λ2=35.0,K=5) | loss=0.0465
  [Client  5] Round 5 | Hier-pFedMe(λ2=35.0,K=5) | loss=0.0757
  [Client  6] Round 5 | Hier-pFedMe(λ2=35.0,K=5) | loss=0.0261
  [Client  1] Round 5 | Hier-pFedMe(λ2=35.0,K=5) | loss=0.0222
  [Client  3] Round 5 | Hier-pFedMe(λ2=35.0,K=5) | loss=0.0136
  [Client  2] Round 5 | Hier-pFedMe(λ2=35.0,K=5) | loss=0.1260
  [Edge 0] G5 | E3 | loss=0.0496
  [Edge 0] G5 | E4 | Hier-pFedMe | Selected 10/10
  [Client  2] Received edge weights.
  [Client  8] Received edge weights.
  [Client  9] Received edge weights.
  [Client  4] Received edge weights.
  [Client  0] Received edge weights.
  [Client  6] Received edge weights.
  [Client  1] Received edge weights.
  [Client  5] Received edge weights.
  [Client  3] Received edge weights.
  [Client  7] Received edge weights.
  [Client  8] Round 5 | Hier-pFedMe(λ2=35.0,K=5) | loss=0.0000
  [Client  2] Round 5 | Hier-pFedMe(λ2=35.0,K=5) | loss=0.0537
  [Client  9] Round 5 | Hier-pFedMe(λ2=35.0,K=5) | loss=0.0000
  [Client  4] Round 5 | Hier-pFedMe(λ2=35.0,K=5) | loss=0.0156
  [Client  0] Round 5 | Hier-pFedMe(λ2=35.0,K=5) | loss=0.0100
  [Client  1] Round 5 | Hier-pFedMe(λ2=35.0,K=5) | loss=0.0285
  [Client  6] Round 5 | Hier-pFedMe(λ2=35.0,K=5) | loss=0.0024
  [Client  5] Round 5 | Hier-pFedMe(λ2=35.0,K=5) | loss=0.0351
  [Client  3] Round 5 | Hier-pFedMe(λ2=35.0,K=5) | loss=0.0160
  [Client  7] Round 5 | Hier-pFedMe(λ2=35.0,K=5) | loss=0.0298
  [Edge 0] G5 | E4 | loss=0.0212
  [Edge 0] G5 | E5 | Hier-pFedMe | Selected 10/10
  [Client  6] Received edge weights.
  [Client  3] Received edge weights.
  [Client  0] Received edge weights.
  [Client  7] Received edge weights.
  [Client  1] Received edge weights.
  [Client  5] Received edge weights.
  [Client  2] Received edge weights.
  [Client  8] Received edge weights.
  [Client  9] Received edge weights.
  [Client  4] Received edge weights.
  [Client  3] Round 5 | Hier-pFedMe(λ2=35.0,K=5) | loss=0.0203
  [Client  0] Round 5 | Hier-pFedMe(λ2=35.0,K=5) | loss=0.0119
  [Client  7] Round 5 | Hier-pFedMe(λ2=35.0,K=5) | loss=0.1453
  [Client  6] Round 5 | Hier-pFedMe(λ2=35.0,K=5) | loss=0.0070
  [Client  1] Round 5 | Hier-pFedMe(λ2=35.0,K=5) | loss=0.0168
  [Client  5] Round 5 | Hier-pFedMe(λ2=35.0,K=5) | loss=0.0133
  [Client  2] Round 5 | Hier-pFedMe(λ2=35.0,K=5) | loss=0.0280
  [Client  8] Round 5 | Hier-pFedMe(λ2=35.0,K=5) | loss=0.0001
  [Client  9] Round 5 | Hier-pFedMe(λ2=35.0,K=5) | loss=0.0000
  [Client  4] Round 5 | Hier-pFedMe(λ2=35.0,K=5) | loss=0.0244
  [Edge 0] G5 | E5 | loss=0.0297
  [Edge 1] G5 | E1 | Hier-pFedMe | Selected 10/10
  [Client 16] Received edge weights.
  [Client 10] Received edge weights.
  [Client 18] Received edge weights.
  [Client 12] Received edge weights.
  [Client 13] Received edge weights.
  [Client 15] Received edge weights.
  [Client 19] Received edge weights.
  [Client 17] Received edge weights.
  [Client 14] Received edge weights.
  [Client 11] Received edge weights.
  [Client 18] Round 5 | Hier-pFedMe(λ2=35.0,K=5) | loss=0.0306
  [Client 12] Round 5 | Hier-pFedMe(λ2=35.0,K=5) | loss=0.0133
  [Client 16] Round 5 | Hier-pFedMe(λ2=35.0,K=5) | loss=0.0241
  [Client 10] Round 5 | Hier-pFedMe(λ2=35.0,K=5) | loss=0.0147
  [Client 13] Round 5 | Hier-pFedMe(λ2=35.0,K=5) | loss=0.0112
  [Client 19] Round 5 | Hier-pFedMe(λ2=35.0,K=5) | loss=0.0247
  [Client 15] Round 5 | Hier-pFedMe(λ2=35.0,K=5) | loss=0.0522
  [Client 17] Round 5 | Hier-pFedMe(λ2=35.0,K=5) | loss=0.9553
  [Client 14] Round 5 | Hier-pFedMe(λ2=35.0,K=5) | loss=0.0067
  [Client 11] Round 5 | Hier-pFedMe(λ2=35.0,K=5) | loss=0.0100
  [Edge 1] G5 | E1 | loss=0.1143
  [Edge 1] G5 | E2 | Hier-pFedMe | Selected 10/10
  [Client 10] Received edge weights.
  [Client 12] Received edge weights.
  [Client 19] Received edge weights.
  [Client 15] Received edge weights.
  [Client 14] Received edge weights.
  [Client 13] Received edge weights.
  [Client 16] Received edge weights.
  [Client 11] Received edge weights.
  [Client 17] Received edge weights.
  [Client 18] Received edge weights.
  [Client 12] Round 5 | Hier-pFedMe(λ2=35.0,K=5) | loss=0.0294
  [Client 19] Round 5 | Hier-pFedMe(λ2=35.0,K=5) | loss=0.0053
  [Client 10] Round 5 | Hier-pFedMe(λ2=35.0,K=5) | loss=0.0025
  [Client 15] Round 5 | Hier-pFedMe(λ2=35.0,K=5) | loss=0.0523
  [Client 13] Round 5 | Hier-pFedMe(λ2=35.0,K=5) | loss=2.4115
  [Client 14] Round 5 | Hier-pFedMe(λ2=35.0,K=5) | loss=0.0239
  [Client 16] Round 5 | Hier-pFedMe(λ2=35.0,K=5) | loss=0.0349
  [Client 11] Round 5 | Hier-pFedMe(λ2=35.0,K=5) | loss=0.0201
  [Client 18] Round 5 | Hier-pFedMe(λ2=35.0,K=5) | loss=0.0458
  [Client 17] Round 5 | Hier-pFedMe(λ2=35.0,K=5) | loss=0.1238
  [Edge 1] G5 | E2 | loss=0.2750
  [Edge 1] G5 | E3 | Hier-pFedMe | Selected 10/10
  [Client 15] Received edge weights.
  [Client 14] Received edge weights.
  [Client 17] Received edge weights.
  [Client 16] Received edge weights.
  [Client 10] Received edge weights.
  [Client 19] Received edge weights.
  [Client 12] Received edge weights.
  [Client 13] Received edge weights.
  [Client 11] Received edge weights.
  [Client 18] Received edge weights.
  [Client 17] Round 5 | Hier-pFedMe(λ2=35.0,K=5) | loss=0.0223
  [Client 15] Round 5 | Hier-pFedMe(λ2=35.0,K=5) | loss=0.0376
  [Client 14] Round 5 | Hier-pFedMe(λ2=35.0,K=5) | loss=0.0510
  [Client 16] Round 5 | Hier-pFedMe(λ2=35.0,K=5) | loss=0.0069
  [Client 10] Round 5 | Hier-pFedMe(λ2=35.0,K=5) | loss=0.0504
  [Client 19] Round 5 | Hier-pFedMe(λ2=35.0,K=5) | loss=0.0249
  [Client 12] Round 5 | Hier-pFedMe(λ2=35.0,K=5) | loss=0.0121
  [Client 13] Round 5 | Hier-pFedMe(λ2=35.0,K=5) | loss=0.0378
  [Client 11] Round 5 | Hier-pFedMe(λ2=35.0,K=5) | loss=0.0064
  [Client 18] Round 5 | Hier-pFedMe(λ2=35.0,K=5) | loss=0.0466
  [Edge 1] G5 | E3 | loss=0.0296
  [Edge 1] G5 | E4 | Hier-pFedMe | Selected 10/10
  [Client 12] Received edge weights.
  [Client 13] Received edge weights.
  [Client 10] Received edge weights.
  [Client 11] Received edge weights.
  [Client 14] Received edge weights.
  [Client 16] Received edge weights.
  [Client 19] Received edge weights.
  [Client 15] Received edge weights.
  [Client 17] Received edge weights.
  [Client 18] Received edge weights.
  [Client 12] Round 5 | Hier-pFedMe(λ2=35.0,K=5) | loss=0.0152
  [Client 10] Round 5 | Hier-pFedMe(λ2=35.0,K=5) | loss=0.0045
  [Client 11] Round 5 | Hier-pFedMe(λ2=35.0,K=5) | loss=0.0307
  [Client 13] Round 5 | Hier-pFedMe(λ2=35.0,K=5) | loss=0.0712
  [Client 14] Round 5 | Hier-pFedMe(λ2=35.0,K=5) | loss=0.0180
  [Client 16] Round 5 | Hier-pFedMe(λ2=35.0,K=5) | loss=0.0222
  [Client 19] Round 5 | Hier-pFedMe(λ2=35.0,K=5) | loss=0.0931
  [Client 15] Round 5 | Hier-pFedMe(λ2=35.0,K=5) | loss=0.1037
  [Client 17] Round 5 | Hier-pFedMe(λ2=35.0,K=5) | loss=0.0430
  [Client 18] Round 5 | Hier-pFedMe(λ2=35.0,K=5) | loss=0.0359
  [Edge 1] G5 | E4 | loss=0.0437
  [Edge 1] G5 | E5 | Hier-pFedMe | Selected 10/10
  [Client 12] Received edge weights.
  [Client 13] Received edge weights.
  [Client 17] Received edge weights.
  [Client 16] Received edge weights.
  [Client 19] Received edge weights.
  [Client 10] Received edge weights.
  [Client 18] Received edge weights.
  [Client 14] Received edge weights.
  [Client 11] Received edge weights.
  [Client 15] Received edge weights.
  [Client 13] Round 5 | Hier-pFedMe(λ2=35.0,K=5) | loss=0.0155
  [Client 17] Round 5 | Hier-pFedMe(λ2=35.0,K=5) | loss=0.1574
  [Client 12] Round 5 | Hier-pFedMe(λ2=35.0,K=5) | loss=0.0102
  [Client 16] Round 5 | Hier-pFedMe(λ2=35.0,K=5) | loss=0.0132
  [Client 19] Round 5 | Hier-pFedMe(λ2=35.0,K=5) | loss=0.0570
  [Client 10] Round 5 | Hier-pFedMe(λ2=35.0,K=5) | loss=0.0365
  [Client 18] Round 5 | Hier-pFedMe(λ2=35.0,K=5) | loss=0.1320
  [Client 14] Round 5 | Hier-pFedMe(λ2=35.0,K=5) | loss=0.0042
  [Client 11] Round 5 | Hier-pFedMe(λ2=35.0,K=5) | loss=0.0037
  [Client 15] Round 5 | Hier-pFedMe(λ2=35.0,K=5) | loss=0.0320
  [Edge 1] G5 | E5 | loss=0.0462
[C0] eval model[0] mean=0.000497 | θ̃ mean=0.000497 | edge mean=0.000249 |local ref=0.000494
[C0] n=1000 | classes=[3, 6] | acc=0.6400 | per_class={3: '0.58', 6: '0.70'}
[C1] eval model[0] mean=0.000389 | θ̃ mean=0.000389 | edge mean=0.000249 |local ref=0.000383
[C1] n=1000 | classes=[3, 6] | acc=0.6740 | per_class={3: '0.49', 6: '0.87'}
[C2] eval model[0] mean=0.000087 | θ̃ mean=0.000087 | edge mean=0.000249 |local ref=0.000095
[C2] n=1000 | classes=[2, 5] | acc=0.6220 | per_class={2: '0.73', 5: '0.52'}
[C3] eval model[0] mean=0.000945 | θ̃ mean=0.000945 | edge mean=0.000249 |local ref=0.000939
[C3] n=1000 | classes=[5, 7] | acc=0.6470 | per_class={5: '0.55', 7: '0.75'}
[C4] eval model[0] mean=0.000526 | θ̃ mean=0.000526 | edge mean=0.000249 |local ref=0.000500
[C4] n=1000 | classes=[2, 7] | acc=0.6410 | per_class={2: '0.32', 7: '0.97'}
[C5] eval model[0] mean=0.000390 | θ̃ mean=0.000390 | edge mean=0.000249 |local ref=0.000381
[C5] n=1000 | classes=[2, 4] | acc=0.6150 | per_class={2: '0.77', 4: '0.46'}
[C6] eval model[0] mean=0.000570 | θ̃ mean=0.000570 | edge mean=0.000249 |local ref=0.000580
[C6] n=1000 | classes=[6, 7] | acc=0.7590 | per_class={6: '0.82', 7: '0.70'}
[C7] eval model[0] mean=0.001261 | θ̃ mean=0.001261 | edge mean=0.000249 |local ref=0.001221
[C7] n=1000 | classes=[3, 5] | acc=0.5170 | per_class={3: '0.06', 5: '0.95'}
[C8] eval model[0] mean=0.000187 | θ̃ mean=0.000187 | edge mean=0.000249 |local ref=0.000190
[C8] n=500 | classes=[4] | acc=1.0000 | per_class={4: '1.00'}
[C9] eval model[0] mean=-0.000216 | θ̃ mean=-0.000216 | edge mean=0.000249 |local ref=-0.000205
[C9] n=500 | classes=[4] | acc=1.0000 | per_class={4: '1.00'}
[C10] eval model[0] mean=-0.001218 | θ̃ mean=-0.001218 | edge mean=0.000095 |local ref=-0.001146
[C10] n=600 | classes=[8, 9] | acc=0.7217 | per_class={8: '0.95', 9: '0.51'}
[C11] eval model[0] mean=0.000113 | θ̃ mean=0.000113 | edge mean=0.000095 |local ref=0.000114
[C11] n=600 | classes=[0, 1] | acc=0.7433 | per_class={0: '0.80', 1: '0.69'}
[C12] eval model[0] mean=0.000704 | θ̃ mean=0.000704 | edge mean=0.000095 |local ref=0.000672
[C12] n=600 | classes=[1, 8] | acc=0.7333 | per_class={1: '0.87', 8: '0.59'}
[C13] eval model[0] mean=-0.000496 | θ̃ mean=-0.000496 | edge mean=0.000095 |local ref=-0.000451
[C13] n=600 | classes=[0, 8] | acc=0.6717 | per_class={0: '0.79', 8: '0.54'}
[C14] eval model[0] mean=0.000480 | θ̃ mean=0.000480 | edge mean=0.000095 |local ref=0.000478
[C14] n=600 | classes=[0, 9] | acc=0.7050 | per_class={0: '0.45', 9: '0.97'}
[C15] eval model[0] mean=-0.000078 | θ̃ mean=-0.000078 | edge mean=0.000095 |local ref=-0.000069
[C15] n=600 | classes=[0, 8] | acc=0.5833 | per_class={0: '0.84', 8: '0.32'}
[C16] eval model[0] mean=0.000186 | θ̃ mean=0.000186 | edge mean=0.000095 |local ref=0.000173
[C16] n=600 | classes=[1, 8] | acc=0.6867 | per_class={1: '0.53', 8: '0.83'}
[C17] eval model[0] mean=-0.001135 | θ̃ mean=-0.001135 | edge mean=0.000095 |local ref=-0.001121
[C17] n=600 | classes=[1, 9] | acc=0.5633 | per_class={1: '0.76', 9: '0.38'}
[C18] eval model[0] mean=0.000638 | θ̃ mean=0.000638 | edge mean=0.000095 |local ref=0.000654
[C18] n=600 | classes=[1, 9] | acc=0.6017 | per_class={1: '0.78', 9: '0.41'}
[C19] eval model[0] mean=-0.000337 | θ̃ mean=-0.000337 | edge mean=0.000095 |local ref=-0.000320
[C19] n=600 | classes=[0, 9] | acc=0.7283 | per_class={0: '0.89', 9: '0.58'}
  [Cloud] GM=0.3074 | EM=0.3431 PM=0.6772 | loss=2.0130 | time=49.0s | comm=4556.2MB (total=22781MB)

[Round   6] Broadcasting to 2 edges...
  [Edge 0] W_n reset to global weights for new round.
  [Edge 1] W_n reset to global weights for new round.
  [Edge 0] G6 | E1 | Hier-pFedMe | Selected 10/10
  [Client  9] Received edge weights.
  [Client  5] Received edge weights.
  [Client  3] Received edge weights.
  [Client  4] Received edge weights.
  [Client  6] Received edge weights.
  [Client  2] Received edge weights.
  [Client  0] Received edge weights.
  [Client  7] Received edge weights.
  [Client  8] Received edge weights.
  [Client  1] Received edge weights.
  [Client  5] Round 6 | Hier-pFedMe(λ2=35.0,K=5) | loss=0.0175
  [Client  9] Round 6 | Hier-pFedMe(λ2=35.0,K=5) | loss=0.0000
  [Client  3] Round 6 | Hier-pFedMe(λ2=35.0,K=5) | loss=0.0123
  [Client  4] Round 6 | Hier-pFedMe(λ2=35.0,K=5) | loss=0.0444
  [Client  6] Round 6 | Hier-pFedMe(λ2=35.0,K=5) | loss=0.0176
  [Client  2] Round 6 | Hier-pFedMe(λ2=35.0,K=5) | loss=0.0153
  [Client  0] Round 6 | Hier-pFedMe(λ2=35.0,K=5) | loss=0.0231
  [Client  7] Round 6 | Hier-pFedMe(λ2=35.0,K=5) | loss=0.0219
  [Client  8] Round 6 | Hier-pFedMe(λ2=35.0,K=5) | loss=0.0000
  [Client  1] Round 6 | Hier-pFedMe(λ2=35.0,K=5) | loss=0.0176
  [Edge 0] G6 | E1 | loss=0.0189
  [Edge 0] G6 | E2 | Hier-pFedMe | Selected 10/10
  [Client  8] Received edge weights.
  [Client  4] Received edge weights.
  [Client  0] Received edge weights.
  [Client  7] Received edge weights.
  [Client  6] Received edge weights.
  [Client  2] Received edge weights.
  [Client  1] Received edge weights.
  [Client  3] Received edge weights.
  [Client  9] Received edge weights.
  [Client  5] Received edge weights.
  [Client  0] Round 6 | Hier-pFedMe(λ2=35.0,K=5) | loss=0.0063
  [Client  4] Round 6 | Hier-pFedMe(λ2=35.0,K=5) | loss=0.0099
  [Client  8] Round 6 | Hier-pFedMe(λ2=35.0,K=5) | loss=0.0000
  [Client  7] Round 6 | Hier-pFedMe(λ2=35.0,K=5) | loss=0.0188
  [Client  6] Round 6 | Hier-pFedMe(λ2=35.0,K=5) | loss=0.0293
  [Client  2] Round 6 | Hier-pFedMe(λ2=35.0,K=5) | loss=0.0342
  [Client  1] Round 6 | Hier-pFedMe(λ2=35.0,K=5) | loss=0.0217
  [Client  3] Round 6 | Hier-pFedMe(λ2=35.0,K=5) | loss=0.0164
  [Client  9] Round 6 | Hier-pFedMe(λ2=35.0,K=5) | loss=0.0000
  [Client  5] Round 6 | Hier-pFedMe(λ2=35.0,K=5) | loss=0.0380
  [Edge 0] G6 | E2 | loss=0.0194
  [Edge 0] G6 | E3 | Hier-pFedMe | Selected 10/10
  [Client  5] Received edge weights.
  [Client  2] Received edge weights.
  [Client  8] Received edge weights.
  [Client  0] Received edge weights.
  [Client  9] Received edge weights.
  [Client  1] Received edge weights.
  [Client  4] Received edge weights.
  [Client  3] Received edge weights.
  [Client  6] Received edge weights.
  [Client  7] Received edge weights.
  [Client  5] Round 6 | Hier-pFedMe(λ2=35.0,K=5) | loss=0.0735
  [Client  0] Round 6 | Hier-pFedMe(λ2=35.0,K=5) | loss=0.0313
  [Client  2] Round 6 | Hier-pFedMe(λ2=35.0,K=5) | loss=0.0464
  [Client  8] Round 6 | Hier-pFedMe(λ2=35.0,K=5) | loss=0.0000
  [Client  9] Round 6 | Hier-pFedMe(λ2=35.0,K=5) | loss=0.0001
  [Client  1] Round 6 | Hier-pFedMe(λ2=35.0,K=5) | loss=0.0325
  [Client  4] Round 6 | Hier-pFedMe(λ2=35.0,K=5) | loss=0.0689
  [Client  3] Round 6 | Hier-pFedMe(λ2=35.0,K=5) | loss=0.0459
  [Client  6] Round 6 | Hier-pFedMe(λ2=35.0,K=5) | loss=0.0113
  [Client  7] Round 6 | Hier-pFedMe(λ2=35.0,K=5) | loss=0.0665
  [Edge 0] G6 | E3 | loss=0.0418
  [Edge 0] G6 | E4 | Hier-pFedMe | Selected 10/10
  [Client  2] Received edge weights.
  [Client  6] Received edge weights.
  [Client  8] Received edge weights.
  [Client  0] Received edge weights.
  [Client  1] Received edge weights.
  [Client  3] Received edge weights.
  [Client  4] Received edge weights.
  [Client  5] Received edge weights.
  [Client  7] Received edge weights.
  [Client  9] Received edge weights.
  [Client  8] Round 6 | Hier-pFedMe(λ2=35.0,K=5) | loss=0.0000
  [Client  2] Round 6 | Hier-pFedMe(λ2=35.0,K=5) | loss=0.0792
  [Client  6] Round 6 | Hier-pFedMe(λ2=35.0,K=5) | loss=0.0030
  [Client  0] Round 6 | Hier-pFedMe(λ2=35.0,K=5) | loss=0.0160
  [Client  1] Round 6 | Hier-pFedMe(λ2=35.0,K=5) | loss=0.0144
  [Client  3] Round 6 | Hier-pFedMe(λ2=35.0,K=5) | loss=0.0080
  [Client  4] Round 6 | Hier-pFedMe(λ2=35.0,K=5) | loss=0.0187
  [Client  5] Round 6 | Hier-pFedMe(λ2=35.0,K=5) | loss=0.0208
  [Client  7] Round 6 | Hier-pFedMe(λ2=35.0,K=5) | loss=0.0360
  [Client  9] Round 6 | Hier-pFedMe(λ2=35.0,K=5) | loss=0.0000
  [Edge 0] G6 | E4 | loss=0.0218
  [Edge 0] G6 | E5 | Hier-pFedMe | Selected 10/10
  [Client  1] Received edge weights.
  [Client  3] Received edge weights.
  [Client  9] Received edge weights.
  [Client  5] Received edge weights.
  [Client  2] Received edge weights.
  [Client  6] Received edge weights.
  [Client  7] Received edge weights.
  [Client  4] Received edge weights.
  [Client  0] Received edge weights.
  [Client  8] Received edge weights.
  [Client  9] Round 6 | Hier-pFedMe(λ2=35.0,K=5) | loss=0.0000
  [Client  3] Round 6 | Hier-pFedMe(λ2=35.0,K=5) | loss=0.0159
  [Client  1] Round 6 | Hier-pFedMe(λ2=35.0,K=5) | loss=0.0159
  [Client  5] Round 6 | Hier-pFedMe(λ2=35.0,K=5) | loss=0.0241
  [Client  2] Round 6 | Hier-pFedMe(λ2=35.0,K=5) | loss=0.0878
  [Client  6] Round 6 | Hier-pFedMe(λ2=35.0,K=5) | loss=0.0599
  [Client  7] Round 6 | Hier-pFedMe(λ2=35.0,K=5) | loss=0.0114
  [Client  4] Round 6 | Hier-pFedMe(λ2=35.0,K=5) | loss=0.0116
  [Client  0] Round 6 | Hier-pFedMe(λ2=35.0,K=5) | loss=0.0043
  [Client  8] Round 6 | Hier-pFedMe(λ2=35.0,K=5) | loss=0.0000
  [Edge 0] G6 | E5 | loss=0.0257
  [Edge 1] G6 | E1 | Hier-pFedMe | Selected 10/10
  [Client 19] Received edge weights.
  [Client 13] Received edge weights.
  [Client 14] Received edge weights.
  [Client 18] Received edge weights.
  [Client 16] Received edge weights.
  [Client 12] Received edge weights.
  [Client 15] Received edge weights.
  [Client 11] Received edge weights.
  [Client 10] Received edge weights.
  [Client 17] Received edge weights.
  [Client 19] Round 6 | Hier-pFedMe(λ2=35.0,K=5) | loss=0.0092
  [Client 13] Round 6 | Hier-pFedMe(λ2=35.0,K=5) | loss=0.0254
  [Client 14] Round 6 | Hier-pFedMe(λ2=35.0,K=5) | loss=0.0088  [Client 18] Round 6 | Hier-pFedMe(λ2=35.0,K=5) | loss=0.0131

  [Client 12] Round 6 | Hier-pFedMe(λ2=35.0,K=5) | loss=0.0110
  [Client 16] Round 6 | Hier-pFedMe(λ2=35.0,K=5) | loss=0.0200
  [Client 15] Round 6 | Hier-pFedMe(λ2=35.0,K=5) | loss=0.0459
  [Client 11] Round 6 | Hier-pFedMe(λ2=35.0,K=5) | loss=0.0064
  [Client 10] Round 6 | Hier-pFedMe(λ2=35.0,K=5) | loss=0.0091
  [Client 17] Round 6 | Hier-pFedMe(λ2=35.0,K=5) | loss=0.0513
  [Edge 1] G6 | E1 | loss=0.0200
  [Edge 1] G6 | E2 | Hier-pFedMe | Selected 10/10
  [Client 13] Received edge weights.
  [Client 18] Received edge weights.
  [Client 19] Received edge weights.
  [Client 10] Received edge weights.
  [Client 17] Received edge weights.
  [Client 15] Received edge weights.
  [Client 12] Received edge weights.
  [Client 11] Received edge weights.
  [Client 16] Received edge weights.
  [Client 14] Received edge weights.
  [Client 13] Round 6 | Hier-pFedMe(λ2=35.0,K=5) | loss=0.0273
  [Client 18] Round 6 | Hier-pFedMe(λ2=35.0,K=5) | loss=0.0257
  [Client 10] Round 6 | Hier-pFedMe(λ2=35.0,K=5) | loss=0.0141
  [Client 19] Round 6 | Hier-pFedMe(λ2=35.0,K=5) | loss=0.0048
  [Client 17] Round 6 | Hier-pFedMe(λ2=35.0,K=5) | loss=0.1099
  [Client 15] Round 6 | Hier-pFedMe(λ2=35.0,K=5) | loss=0.1993
  [Client 12] Round 6 | Hier-pFedMe(λ2=35.0,K=5) | loss=0.0057
  [Client 11] Round 6 | Hier-pFedMe(λ2=35.0,K=5) | loss=0.0048
  [Client 16] Round 6 | Hier-pFedMe(λ2=35.0,K=5) | loss=0.0065
  [Client 14] Round 6 | Hier-pFedMe(λ2=35.0,K=5) | loss=0.0016
  [Edge 1] G6 | E2 | loss=0.0400
  [Edge 1] G6 | E3 | Hier-pFedMe | Selected 10/10
  [Client 10] Received edge weights.
  [Client 16] Received edge weights.
  [Client 13] Received edge weights.
  [Client 18] Received edge weights.
  [Client 17] Received edge weights.
  [Client 11] Received edge weights.
  [Client 14] Received edge weights.
  [Client 12] Received edge weights.
  [Client 15] Received edge weights.
  [Client 19] Received edge weights.
  [Client 16] Round 6 | Hier-pFedMe(λ2=35.0,K=5) | loss=0.0210
  [Client 18] Round 6 | Hier-pFedMe(λ2=35.0,K=5) | loss=0.1117
  [Client 13] Round 6 | Hier-pFedMe(λ2=35.0,K=5) | loss=0.0201
  [Client 10] Round 6 | Hier-pFedMe(λ2=35.0,K=5) | loss=0.0104
  [Client 17] Round 6 | Hier-pFedMe(λ2=35.0,K=5) | loss=0.0628
  [Client 11] Round 6 | Hier-pFedMe(λ2=35.0,K=5) | loss=0.0227
  [Client 14] Round 6 | Hier-pFedMe(λ2=35.0,K=5) | loss=0.0089
  [Client 12] Round 6 | Hier-pFedMe(λ2=35.0,K=5) | loss=0.0038
  [Client 15] Round 6 | Hier-pFedMe(λ2=35.0,K=5) | loss=0.0159
  [Client 19] Round 6 | Hier-pFedMe(λ2=35.0,K=5) | loss=0.0156
  [Edge 1] G6 | E3 | loss=0.0293
  [Edge 1] G6 | E4 | Hier-pFedMe | Selected 10/10
  [Client 17] Received edge weights.
  [Client 15] Received edge weights.
  [Client 19] Received edge weights.
  [Client 10] Received edge weights.
  [Client 14] Received edge weights.
  [Client 12] Received edge weights.
  [Client 18] Received edge weights.
  [Client 16] Received edge weights.
  [Client 11] Received edge weights.
  [Client 13] Received edge weights.
  [Client 17] Round 6 | Hier-pFedMe(λ2=35.0,K=5) | loss=0.0318
  [Client 19] Round 6 | Hier-pFedMe(λ2=35.0,K=5) | loss=0.0425
  [Client 15] Round 6 | Hier-pFedMe(λ2=35.0,K=5) | loss=0.0199
  [Client 10] Round 6 | Hier-pFedMe(λ2=35.0,K=5) | loss=0.0198
  [Client 14] Round 6 | Hier-pFedMe(λ2=35.0,K=5) | loss=0.0199
  [Client 12] Round 6 | Hier-pFedMe(λ2=35.0,K=5) | loss=0.0054
  [Client 18] Round 6 | Hier-pFedMe(λ2=35.0,K=5) | loss=0.0345
  [Client 16] Round 6 | Hier-pFedMe(λ2=35.0,K=5) | loss=0.0093
  [Client 11] Round 6 | Hier-pFedMe(λ2=35.0,K=5) | loss=0.0274
  [Client 13] Round 6 | Hier-pFedMe(λ2=35.0,K=5) | loss=0.0267
  [Edge 1] G6 | E4 | loss=0.0237
  [Edge 1] G6 | E5 | Hier-pFedMe | Selected 10/10
  [Client 11] Received edge weights.
  [Client 17] Received edge weights.
  [Client 18] Received edge weights.
  [Client 12] Received edge weights.
  [Client 19] Received edge weights.
  [Client 14] Received edge weights.
  [Client 16] Received edge weights.
  [Client 15] Received edge weights.
  [Client 10] Received edge weights.
  [Client 13] Received edge weights.
  [Client 11] Round 6 | Hier-pFedMe(λ2=35.0,K=5) | loss=0.0038
  [Client 18] Round 6 | Hier-pFedMe(λ2=35.0,K=5) | loss=0.0305
  [Client 17] Round 6 | Hier-pFedMe(λ2=35.0,K=5) | loss=0.0292
  [Client 12] Round 6 | Hier-pFedMe(λ2=35.0,K=5) | loss=0.0059
  [Client 14] Round 6 | Hier-pFedMe(λ2=35.0,K=5) | loss=0.0118
  [Client 19] Round 6 | Hier-pFedMe(λ2=35.0,K=5) | loss=0.0073
  [Client 16] Round 6 | Hier-pFedMe(λ2=35.0,K=5) | loss=0.0228
  [Client 15] Round 6 | Hier-pFedMe(λ2=35.0,K=5) | loss=0.0496
  [Client 10] Round 6 | Hier-pFedMe(λ2=35.0,K=5) | loss=0.0220
  [Client 13] Round 6 | Hier-pFedMe(λ2=35.0,K=5) | loss=0.0382
  [Edge 1] G6 | E5 | loss=0.0221
[C0] eval model[0] mean=-0.000124 | θ̃ mean=-0.000124 | edge mean=-0.000017 |local ref=-0.000105
[C0] n=1000 | classes=[3, 6] | acc=0.7080 | per_class={3: '0.81', 6: '0.60'}
[C1] eval model[0] mean=-0.000126 | θ̃ mean=-0.000126 | edge mean=-0.000017 |local ref=-0.000122
[C1] n=1000 | classes=[3, 6] | acc=0.7420 | per_class={3: '0.75', 6: '0.73'}
[C2] eval model[0] mean=0.000369 | θ̃ mean=0.000369 | edge mean=-0.000017 |local ref=0.000355
[C2] n=1000 | classes=[2, 5] | acc=0.5020 | per_class={2: '0.02', 5: '1.00'}
[C3] eval model[0] mean=0.000299 | θ̃ mean=0.000299 | edge mean=-0.000017 |local ref=0.000312
[C3] n=1000 | classes=[5, 7] | acc=0.6270 | per_class={5: '0.93', 7: '0.31'}
[C4] eval model[0] mean=-0.000039 | θ̃ mean=-0.000039 | edge mean=-0.000017 |local ref=-0.000040
[C4] n=1000 | classes=[2, 7] | acc=0.6520 | per_class={2: '0.81', 7: '0.49'}
[C5] eval model[0] mean=0.000332 | θ̃ mean=0.000332 | edge mean=-0.000017 |local ref=0.000328
[C5] n=1000 | classes=[2, 4] | acc=0.5400 | per_class={2: '0.33', 4: '0.76'}
[C6] eval model[0] mean=-0.000256 | θ̃ mean=-0.000256 | edge mean=-0.000017 |local ref=-0.000313
[C6] n=1000 | classes=[6, 7] | acc=0.7380 | per_class={6: '0.81', 7: '0.67'}
[C7] eval model[0] mean=0.000578 | θ̃ mean=0.000578 | edge mean=-0.000017 |local ref=0.000661
[C7] n=1000 | classes=[3, 5] | acc=0.4880 | per_class={3: '0.88', 5: '0.12'}
[C8] eval model[0] mean=-0.000575 | θ̃ mean=-0.000575 | edge mean=-0.000017 |local ref=-0.000558
[C8] n=500 | classes=[4] | acc=1.0000 | per_class={4: '1.00'}
[C9] eval model[0] mean=0.000469 | θ̃ mean=0.000469 | edge mean=-0.000017 |local ref=0.000455
[C9] n=500 | classes=[4] | acc=1.0000 | per_class={4: '1.00'}
[C10] eval model[0] mean=0.000425 | θ̃ mean=0.000425 | edge mean=0.000028 |local ref=0.000417
[C10] n=600 | classes=[8, 9] | acc=0.7933 | per_class={8: '0.71', 9: '0.87'}
[C11] eval model[0] mean=0.000289 | θ̃ mean=0.000289 | edge mean=0.000028 |local ref=0.000287
[C11] n=600 | classes=[0, 1] | acc=0.7283 | per_class={0: '0.82', 1: '0.64'}
[C12] eval model[0] mean=0.000046 | θ̃ mean=0.000046 | edge mean=0.000028 |local ref=0.000043
[C12] n=600 | classes=[1, 8] | acc=0.7050 | per_class={1: '0.47', 8: '0.96'}
[C13] eval model[0] mean=0.000194 | θ̃ mean=0.000194 | edge mean=0.000028 |local ref=0.000157
[C13] n=600 | classes=[0, 8] | acc=0.6367 | per_class={0: '0.41', 8: '0.88'}
[C14] eval model[0] mean=-0.000250 | θ̃ mean=-0.000250 | edge mean=0.000028 |local ref=-0.000223
[C14] n=600 | classes=[0, 9] | acc=0.8283 | per_class={0: '0.86', 9: '0.80'}
[C15] eval model[0] mean=0.000812 | θ̃ mean=0.000812 | edge mean=0.000028 |local ref=0.000777
[C15] n=600 | classes=[0, 8] | acc=0.5317 | per_class={0: '0.86', 8: '0.20'}
[C16] eval model[0] mean=-0.000384 | θ̃ mean=-0.000384 | edge mean=0.000028 |local ref=-0.000371
[C16] n=600 | classes=[1, 8] | acc=0.7983 | per_class={1: '0.80', 8: '0.80'}
[C17] eval model[0] mean=0.000131 | θ̃ mean=0.000131 | edge mean=0.000028 |local ref=0.000145
[C17] n=600 | classes=[1, 9] | acc=0.6017 | per_class={1: '0.52', 9: '0.68'}
[C18] eval model[0] mean=0.000356 | θ̃ mean=0.000356 | edge mean=0.000028 |local ref=0.000394
[C18] n=600 | classes=[1, 9] | acc=0.6200 | per_class={1: '0.61', 9: '0.63'}
[C19] eval model[0] mean=-0.000131 | θ̃ mean=-0.000131 | edge mean=0.000028 |local ref=-0.000121
[C19] n=600 | classes=[0, 9] | acc=0.7817 | per_class={0: '0.80', 9: '0.77'}
  [Cloud] GM=0.2869 | EM=0.3720 PM=0.6808 | loss=2.0171 | time=49.0s | comm=4556.2MB (total=27337MB)

[Round   7] Broadcasting to 2 edges...
  [Edge 0] W_n reset to global weights for new round.
  [Edge 1] W_n reset to global weights for new round.
  [Edge 0] G7 | E1 | Hier-pFedMe | Selected 10/10
  [Client  1] Received edge weights.
  [Client  5] Received edge weights.
  [Client  3] Received edge weights.
  [Client  7] Received edge weights.
  [Client  9] Received edge weights.
  [Client  0] Received edge weights.
  [Client  6] Received edge weights.
  [Client  8] Received edge weights.
  [Client  4] Received edge weights.
  [Client  2] Received edge weights.
  [Client  5] Round 7 | Hier-pFedMe(λ2=35.0,K=5) | loss=0.0373
  [Client  1] Round 7 | Hier-pFedMe(λ2=35.0,K=5) | loss=0.0146
  [Client  3] Round 7 | Hier-pFedMe(λ2=35.0,K=5) | loss=0.0109
  [Client  7] Round 7 | Hier-pFedMe(λ2=35.0,K=5) | loss=0.0090
  [Client  9] Round 7 | Hier-pFedMe(λ2=35.0,K=5) | loss=0.0000
  [Client  0] Round 7 | Hier-pFedMe(λ2=35.0,K=5) | loss=0.0064
  [Client  8] Round 7 | Hier-pFedMe(λ2=35.0,K=5) | loss=0.0000
  [Client  6] Round 7 | Hier-pFedMe(λ2=35.0,K=5) | loss=0.0279
  [Client  4] Round 7 | Hier-pFedMe(λ2=35.0,K=5) | loss=0.0079
  [Client  2] Round 7 | Hier-pFedMe(λ2=35.0,K=5) | loss=0.0176
  [Edge 0] G7 | E1 | loss=0.0146
  [Edge 0] G7 | E2 | Hier-pFedMe | Selected 10/10
  [Client  5] Received edge weights.
  [Client  8] Received edge weights.
  [Client  1] Received edge weights.
  [Client  3] Received edge weights.
  [Client  0] Received edge weights.
  [Client  4] Received edge weights.
  [Client  6] Received edge weights.
  [Client  2] Received edge weights.
  [Client  7] Received edge weights.
  [Client  9] Received edge weights.
  [Client  3] Round 7 | Hier-pFedMe(λ2=35.0,K=5) | loss=0.0133
  [Client  5] Round 7 | Hier-pFedMe(λ2=35.0,K=5) | loss=0.0299
  [Client  8] Round 7 | Hier-pFedMe(λ2=35.0,K=5) | loss=0.0000
  [Client  1] Round 7 | Hier-pFedMe(λ2=35.0,K=5) | loss=0.0121
  [Client  0] Round 7 | Hier-pFedMe(λ2=35.0,K=5) | loss=0.0205
  [Client  6] Round 7 | Hier-pFedMe(λ2=35.0,K=5) | loss=0.0092
  [Client  4] Round 7 | Hier-pFedMe(λ2=35.0,K=5) | loss=0.1161
  [Client  2] Round 7 | Hier-pFedMe(λ2=35.0,K=5) | loss=0.0413
  [Client  7] Round 7 | Hier-pFedMe(λ2=35.0,K=5) | loss=0.0149
  [Client  9] Round 7 | Hier-pFedMe(λ2=35.0,K=5) | loss=0.0000
  [Edge 0] G7 | E2 | loss=0.0286
  [Edge 0] G7 | E3 | Hier-pFedMe | Selected 10/10
  [Client  7] Received edge weights.
  [Client  1] Received edge weights.
  [Client  8] Received edge weights.
  [Client  9] Received edge weights.
  [Client  2] Received edge weights.
  [Client  5] Received edge weights.
  [Client  3] Received edge weights.
  [Client  0] Received edge weights.
  [Client  6] Received edge weights.
  [Client  4] Received edge weights.
  [Client  7] Round 7 | Hier-pFedMe(λ2=35.0,K=5) | loss=0.0800
  [Client  1] Round 7 | Hier-pFedMe(λ2=35.0,K=5) | loss=0.0054
  [Client  9] Round 7 | Hier-pFedMe(λ2=35.0,K=5) | loss=0.0000
  [Client  8] Round 7 | Hier-pFedMe(λ2=35.0,K=5) | loss=0.0000
  [Client  2] Round 7 | Hier-pFedMe(λ2=35.0,K=5) | loss=0.0389
  [Client  3] Round 7 | Hier-pFedMe(λ2=35.0,K=5) | loss=0.2853
  [Client  5] Round 7 | Hier-pFedMe(λ2=35.0,K=5) | loss=0.0702
  [Client  0] Round 7 | Hier-pFedMe(λ2=35.0,K=5) | loss=0.0044
  [Client  6] Round 7 | Hier-pFedMe(λ2=35.0,K=5) | loss=0.0043
  [Client  4] Round 7 | Hier-pFedMe(λ2=35.0,K=5) | loss=0.0274
  [Edge 0] G7 | E3 | loss=0.0573
  [Edge 0] G7 | E4 | Hier-pFedMe | Selected 10/10
  [Client  2] Received edge weights.
  [Client  0] Received edge weights.
  [Client  8] Received edge weights.
  [Client  6] Received edge weights.
  [Client  4] Received edge weights.
  [Client  1] Received edge weights.
  [Client  9] Received edge weights.
  [Client  5] Received edge weights.
  [Client  3] Received edge weights.
  [Client  7] Received edge weights.
  [Client  2] Round 7 | Hier-pFedMe(λ2=35.0,K=5) | loss=0.0169
  [Client  0] Round 7 | Hier-pFedMe(λ2=35.0,K=5) | loss=0.0071
  [Client  8] Round 7 | Hier-pFedMe(λ2=35.0,K=5) | loss=0.0000
  [Client  6] Round 7 | Hier-pFedMe(λ2=35.0,K=5) | loss=0.0156
  [Client  4] Round 7 | Hier-pFedMe(λ2=35.0,K=5) | loss=0.0356
  [Client  1] Round 7 | Hier-pFedMe(λ2=35.0,K=5) | loss=0.0125
  [Client  9] Round 7 | Hier-pFedMe(λ2=35.0,K=5) | loss=0.0000
  [Client  5] Round 7 | Hier-pFedMe(λ2=35.0,K=5) | loss=0.0218
  [Client  3] Round 7 | Hier-pFedMe(λ2=35.0,K=5) | loss=0.0113
  [Client  7] Round 7 | Hier-pFedMe(λ2=35.0,K=5) | loss=0.0349
  [Edge 0] G7 | E4 | loss=0.0173
  [Edge 0] G7 | E5 | Hier-pFedMe | Selected 10/10
  [Client  6] Received edge weights.
  [Client  1] Received edge weights.
  [Client  5] Received edge weights.
  [Client  0] Received edge weights.
  [Client  8] Received edge weights.
  [Client  9] Received edge weights.
  [Client  2] Received edge weights.
  [Client  7] Received edge weights.
  [Client  3] Received edge weights.
  [Client  4] Received edge weights.
  [Client  5] Round 7 | Hier-pFedMe(λ2=35.0,K=5) | loss=0.0520
  [Client  0] Round 7 | Hier-pFedMe(λ2=35.0,K=5) | loss=0.0381
  [Client  1] Round 7 | Hier-pFedMe(λ2=35.0,K=5) | loss=0.0107
  [Client  6] Round 7 | Hier-pFedMe(λ2=35.0,K=5) | loss=0.0049
  [Client  9] Round 7 | Hier-pFedMe(λ2=35.0,K=5) | loss=0.0000
  [Client  8] Round 7 | Hier-pFedMe(λ2=35.0,K=5) | loss=0.0000
  [Client  7] Round 7 | Hier-pFedMe(λ2=35.0,K=5) | loss=0.7047
  [Client  2] Round 7 | Hier-pFedMe(λ2=35.0,K=5) | loss=0.0045
  [Client  3] Round 7 | Hier-pFedMe(λ2=35.0,K=5) | loss=0.0138
  [Client  4] Round 7 | Hier-pFedMe(λ2=35.0,K=5) | loss=0.0238
  [Edge 0] G7 | E5 | loss=0.0947
  [Edge 1] G7 | E1 | Hier-pFedMe | Selected 10/10
  [Client 16] Received edge weights.
  [Client 11] Received edge weights.
  [Client 19] Received edge weights.
  [Client 15] Received edge weights.
  [Client 18] Received edge weights.
  [Client 13] Received edge weights.
  [Client 12] Received edge weights.
  [Client 14] Received edge weights.
  [Client 10] Received edge weights.
  [Client 17] Received edge weights.
  [Client 11] Round 7 | Hier-pFedMe(λ2=35.0,K=5) | loss=0.0038
  [Client 19] Round 7 | Hier-pFedMe(λ2=35.0,K=5) | loss=0.0106
  [Client 15] Round 7 | Hier-pFedMe(λ2=35.0,K=5) | loss=0.1029
  [Client 16] Round 7 | Hier-pFedMe(λ2=35.0,K=5) | loss=0.0034
  [Client 18] Round 7 | Hier-pFedMe(λ2=35.0,K=5) | loss=0.0151  [Client 13] Round 7 | Hier-pFedMe(λ2=35.0,K=5) | loss=0.0299

  [Client 12] Round 7 | Hier-pFedMe(λ2=35.0,K=5) | loss=0.0203
  [Client 14] Round 7 | Hier-pFedMe(λ2=35.0,K=5) | loss=0.0044
  [Client 10] Round 7 | Hier-pFedMe(λ2=35.0,K=5) | loss=0.0030
  [Client 17] Round 7 | Hier-pFedMe(λ2=35.0,K=5) | loss=0.1190
  [Edge 1] G7 | E1 | loss=0.0312
  [Edge 1] G7 | E2 | Hier-pFedMe | Selected 10/10
  [Client 17] Received edge weights.
  [Client 10] Received edge weights.
  [Client 11] Received edge weights.
  [Client 14] Received edge weights.
  [Client 15] Received edge weights.
  [Client 16] Received edge weights.
  [Client 13] Received edge weights.
  [Client 18] Received edge weights.
  [Client 12] Received edge weights.
  [Client 19] Received edge weights.
  [Client 14] Round 7 | Hier-pFedMe(λ2=35.0,K=5) | loss=0.0165
  [Client 11] Round 7 | Hier-pFedMe(λ2=35.0,K=5) | loss=0.0167
  [Client 17] Round 7 | Hier-pFedMe(λ2=35.0,K=5) | loss=0.0836
  [Client 10] Round 7 | Hier-pFedMe(λ2=35.0,K=5) | loss=0.1301
  [Client 15] Round 7 | Hier-pFedMe(λ2=35.0,K=5) | loss=0.0721
  [Client 16] Round 7 | Hier-pFedMe(λ2=35.0,K=5) | loss=0.0219
  [Client 13] Round 7 | Hier-pFedMe(λ2=35.0,K=5) | loss=0.0241
  [Client 18] Round 7 | Hier-pFedMe(λ2=35.0,K=5) | loss=0.0925
  [Client 12] Round 7 | Hier-pFedMe(λ2=35.0,K=5) | loss=0.0139
  [Client 19] Round 7 | Hier-pFedMe(λ2=35.0,K=5) | loss=0.0049
  [Edge 1] G7 | E2 | loss=0.0476
  [Edge 1] G7 | E3 | Hier-pFedMe | Selected 10/10
  [Client 16] Received edge weights.
  [Client 15] Received edge weights.
  [Client 19] Received edge weights.
  [Client 17] Received edge weights.
  [Client 12] Received edge weights.
  [Client 14] Received edge weights.
  [Client 18] Received edge weights.
  [Client 11] Received edge weights.
  [Client 13] Received edge weights.
  [Client 10] Received edge weights.
  [Client 16] Round 7 | Hier-pFedMe(λ2=35.0,K=5) | loss=0.0044
  [Client 19] Round 7 | Hier-pFedMe(λ2=35.0,K=5) | loss=0.0082
  [Client 17] Round 7 | Hier-pFedMe(λ2=35.0,K=5) | loss=0.0391
  [Client 15] Round 7 | Hier-pFedMe(λ2=35.0,K=5) | loss=0.0307
  [Client 12] Round 7 | Hier-pFedMe(λ2=35.0,K=5) | loss=0.0021
  [Client 18] Round 7 | Hier-pFedMe(λ2=35.0,K=5) | loss=0.0185
  [Client 14] Round 7 | Hier-pFedMe(λ2=35.0,K=5) | loss=0.0054
  [Client 11] Round 7 | Hier-pFedMe(λ2=35.0,K=5) | loss=0.0171
  [Client 13] Round 7 | Hier-pFedMe(λ2=35.0,K=5) | loss=0.0215
  [Client 10] Round 7 | Hier-pFedMe(λ2=35.0,K=5) | loss=0.0125
  [Edge 1] G7 | E3 | loss=0.0159
  [Edge 1] G7 | E4 | Hier-pFedMe | Selected 10/10
  [Client 14] Received edge weights.
  [Client 17] Received edge weights.
  [Client 13] Received edge weights.
  [Client 10] Received edge weights.
  [Client 15] Received edge weights.
  [Client 18] Received edge weights.
  [Client 11] Received edge weights.
  [Client 19] Received edge weights.
  [Client 16] Received edge weights.
  [Client 12] Received edge weights.
  [Client 13] Round 7 | Hier-pFedMe(λ2=35.0,K=5) | loss=0.0094
  [Client 10] Round 7 | Hier-pFedMe(λ2=35.0,K=5) | loss=0.0250
  [Client 14] Round 7 | Hier-pFedMe(λ2=35.0,K=5) | loss=0.0060
  [Client 17] Round 7 | Hier-pFedMe(λ2=35.0,K=5) | loss=0.0289
  [Client 15] Round 7 | Hier-pFedMe(λ2=35.0,K=5) | loss=0.0245
  [Client 18] Round 7 | Hier-pFedMe(λ2=35.0,K=5) | loss=0.0135
  [Client 19] Round 7 | Hier-pFedMe(λ2=35.0,K=5) | loss=0.0044
  [Client 11] Round 7 | Hier-pFedMe(λ2=35.0,K=5) | loss=0.0515
  [Client 16] Round 7 | Hier-pFedMe(λ2=35.0,K=5) | loss=0.0107
  [Client 12] Round 7 | Hier-pFedMe(λ2=35.0,K=5) | loss=0.0067
  [Edge 1] G7 | E4 | loss=0.0181
  [Edge 1] G7 | E5 | Hier-pFedMe | Selected 10/10
  [Client 10] Received edge weights.
  [Client 11] Received edge weights.
  [Client 14] Received edge weights.
  [Client 18] Received edge weights.
  [Client 12] Received edge weights.
  [Client 17] Received edge weights.
  [Client 19] Received edge weights.
  [Client 13] Received edge weights.
  [Client 16] Received edge weights.
  [Client 15] Received edge weights.
  [Client 11] Round 7 | Hier-pFedMe(λ2=35.0,K=5) | loss=0.0142
  [Client 18] Round 7 | Hier-pFedMe(λ2=35.0,K=5) | loss=0.2154
  [Client 10] Round 7 | Hier-pFedMe(λ2=35.0,K=5) | loss=0.0252
  [Client 14] Round 7 | Hier-pFedMe(λ2=35.0,K=5) | loss=0.0072
  [Client 12] Round 7 | Hier-pFedMe(λ2=35.0,K=5) | loss=0.0048
  [Client 17] Round 7 | Hier-pFedMe(λ2=35.0,K=5) | loss=0.0227
  [Client 19] Round 7 | Hier-pFedMe(λ2=35.0,K=5) | loss=0.0086
  [Client 13] Round 7 | Hier-pFedMe(λ2=35.0,K=5) | loss=0.0084
  [Client 16] Round 7 | Hier-pFedMe(λ2=35.0,K=5) | loss=0.0085
  [Client 15] Round 7 | Hier-pFedMe(λ2=35.0,K=5) | loss=0.0212
  [Edge 1] G7 | E5 | loss=0.0336
[C0] eval model[0] mean=0.000481 | θ̃ mean=0.000481 | edge mean=0.000023 |local ref=0.000488
[C0] n=1000 | classes=[3, 6] | acc=0.6020 | per_class={3: '0.33', 6: '0.89'}
[C1] eval model[0] mean=0.000125 | θ̃ mean=0.000125 | edge mean=0.000023 |local ref=0.000128
[C1] n=1000 | classes=[3, 6] | acc=0.7320 | per_class={3: '0.88', 6: '0.58'}
[C2] eval model[0] mean=0.000066 | θ̃ mean=0.000066 | edge mean=0.000023 |local ref=0.000100
[C2] n=1000 | classes=[2, 5] | acc=0.6000 | per_class={2: '0.85', 5: '0.35'}
[C3] eval model[0] mean=-0.000202 | θ̃ mean=-0.000202 | edge mean=0.000023 |local ref=-0.000184
[C3] n=1000 | classes=[5, 7] | acc=0.6250 | per_class={5: '0.92', 7: '0.32'}
[C4] eval model[0] mean=0.000148 | θ̃ mean=0.000148 | edge mean=0.000023 |local ref=0.000162
[C4] n=1000 | classes=[2, 7] | acc=0.5790 | per_class={2: '0.99', 7: '0.16'}
[C5] eval model[0] mean=0.001140 | θ̃ mean=0.001140 | edge mean=0.000023 |local ref=0.001126
[C5] n=1000 | classes=[2, 4] | acc=0.4650 | per_class={2: '0.76', 4: '0.15'}
[C6] eval model[0] mean=0.000519 | θ̃ mean=0.000519 | edge mean=0.000023 |local ref=0.000521
[C6] n=1000 | classes=[6, 7] | acc=0.7160 | per_class={6: '0.89', 7: '0.54'}
[C7] eval model[0] mean=-0.000523 | θ̃ mean=-0.000523 | edge mean=0.000023 |local ref=-0.000607
[C7] n=1000 | classes=[3, 5] | acc=0.5180 | per_class={3: '0.01', 5: '1.00'}
[C8] eval model[0] mean=-0.000279 | θ̃ mean=-0.000279 | edge mean=0.000023 |local ref=-0.000270
[C8] n=500 | classes=[4] | acc=1.0000 | per_class={4: '1.00'}
[C9] eval model[0] mean=0.000167 | θ̃ mean=0.000167 | edge mean=0.000023 |local ref=0.000163
[C9] n=500 | classes=[4] | acc=1.0000 | per_class={4: '1.00'}
[C10] eval model[0] mean=-0.001180 | θ̃ mean=-0.001180 | edge mean=-0.000233 |local ref=-0.001137
[C10] n=600 | classes=[8, 9] | acc=0.8067 | per_class={8: '0.89', 9: '0.73'}
[C11] eval model[0] mean=0.000511 | θ̃ mean=0.000511 | edge mean=-0.000233 |local ref=0.000477
[C11] n=600 | classes=[0, 1] | acc=0.7817 | per_class={0: '0.83', 1: '0.73'}
[C12] eval model[0] mean=-0.000675 | θ̃ mean=-0.000675 | edge mean=-0.000233 |local ref=-0.000654
[C12] n=600 | classes=[1, 8] | acc=0.7217 | per_class={1: '0.64', 8: '0.81'}
[C13] eval model[0] mean=0.000344 | θ̃ mean=0.000344 | edge mean=-0.000233 |local ref=0.000348
[C13] n=600 | classes=[0, 8] | acc=0.6200 | per_class={0: '0.71', 8: '0.52'}
[C14] eval model[0] mean=-0.000024 | θ̃ mean=-0.000024 | edge mean=-0.000233 |local ref=-0.000010
[C14] n=600 | classes=[0, 9] | acc=0.7283 | per_class={0: '0.54', 9: '0.92'}
[C15] eval model[0] mean=-0.000074 | θ̃ mean=-0.000074 | edge mean=-0.000233 |local ref=-0.000079
[C15] n=600 | classes=[0, 8] | acc=0.5833 | per_class={0: '0.87', 8: '0.29'}
[C16] eval model[0] mean=-0.000860 | θ̃ mean=-0.000860 | edge mean=-0.000233 |local ref=-0.000857
[C16] n=600 | classes=[1, 8] | acc=0.7850 | per_class={1: '0.70', 8: '0.86'}
[C17] eval model[0] mean=0.000413 | θ̃ mean=0.000413 | edge mean=-0.000233 |local ref=0.000416
[C17] n=600 | classes=[1, 9] | acc=0.5883 | per_class={1: '0.26', 9: '0.90'}
[C18] eval model[0] mean=-0.000329 | θ̃ mean=-0.000329 | edge mean=-0.000233 |local ref=-0.000317
[C18] n=600 | classes=[1, 9] | acc=0.6117 | per_class={1: '0.45', 9: '0.79'}
[C19] eval model[0] mean=0.001387 | θ̃ mean=0.001387 | edge mean=-0.000233 |local ref=0.001355
[C19] n=600 | classes=[0, 9] | acc=0.7733 | per_class={0: '0.61', 9: '0.92'}
  [Cloud] GM=0.3116 | EM=0.3225 PM=0.6691 | loss=1.9671 | time=48.8s | comm=4556.2MB (total=31893MB)

[Round   8] Broadcasting to 2 edges...
  [Edge 0] W_n reset to global weights for new round.
  [Edge 1] W_n reset to global weights for new round.
  [Edge 0] G8 | E1 | Hier-pFedMe | Selected 10/10
  [Client  6] Received edge weights.
  [Client  1] Received edge weights.
  [Client  5] Received edge weights.
  [Client  7] Received edge weights.
  [Client  3] Received edge weights.
  [Client  8] Received edge weights.
  [Client  0] Received edge weights.
  [Client  4] Received edge weights.
  [Client  9] Received edge weights.
  [Client  2] Received edge weights.
  [Client  7] Round 8 | Hier-pFedMe(λ2=35.0,K=5) | loss=0.0809
  [Client  6] Round 8 | Hier-pFedMe(λ2=35.0,K=5) | loss=0.0143
  [Client  5] Round 8 | Hier-pFedMe(λ2=35.0,K=5) | loss=0.0317
  [Client  1] Round 8 | Hier-pFedMe(λ2=35.0,K=5) | loss=0.0235
  [Client  3] Round 8 | Hier-pFedMe(λ2=35.0,K=5) | loss=0.0191
  [Client  8] Round 8 | Hier-pFedMe(λ2=35.0,K=5) | loss=0.0000
  [Client  0] Round 8 | Hier-pFedMe(λ2=35.0,K=5) | loss=0.0164
  [Client  4] Round 8 | Hier-pFedMe(λ2=35.0,K=5) | loss=0.0108
  [Client  9] Round 8 | Hier-pFedMe(λ2=35.0,K=5) | loss=0.0000
  [Client  2] Round 8 | Hier-pFedMe(λ2=35.0,K=5) | loss=0.0049
  [Edge 0] G8 | E1 | loss=0.0224
  [Edge 0] G8 | E2 | Hier-pFedMe | Selected 10/10
  [Client  1] Received edge weights.
  [Client  0] Received edge weights.
  [Client  5] Received edge weights.
  [Client  6] Received edge weights.
  [Client  4] Received edge weights.
  [Client  7] Received edge weights.
  [Client  8] Received edge weights.
  [Client  2] Received edge weights.
  [Client  3] Received edge weights.
  [Client  9] Received edge weights.
  [Client  5] Round 8 | Hier-pFedMe(λ2=35.0,K=5) | loss=0.0275
  [Client  1] Round 8 | Hier-pFedMe(λ2=35.0,K=5) | loss=0.0076
  [Client  6] Round 8 | Hier-pFedMe(λ2=35.0,K=5) | loss=0.0031
  [Client  0] Round 8 | Hier-pFedMe(λ2=35.0,K=5) | loss=0.0672
  [Client  4] Round 8 | Hier-pFedMe(λ2=35.0,K=5) | loss=0.0303
  [Client  7] Round 8 | Hier-pFedMe(λ2=35.0,K=5) | loss=0.0092
  [Client  8] Round 8 | Hier-pFedMe(λ2=35.0,K=5) | loss=0.0000
  [Client  2] Round 8 | Hier-pFedMe(λ2=35.0,K=5) | loss=0.0130
  [Client  3] Round 8 | Hier-pFedMe(λ2=35.0,K=5) | loss=0.0410
  [Client  9] Round 8 | Hier-pFedMe(λ2=35.0,K=5) | loss=0.0000
  [Edge 0] G8 | E2 | loss=0.0221
  [Edge 0] G8 | E3 | Hier-pFedMe | Selected 10/10
  [Client  6] Received edge weights.
  [Client  4] Received edge weights.
  [Client  5] Received edge weights.
  [Client  0] Received edge weights.
  [Client  3] Received edge weights.
  [Client  8] Received edge weights.
  [Client  1] Received edge weights.
  [Client  9] Received edge weights.
  [Client  2] Received edge weights.
  [Client  7] Received edge weights.
  [Client  4] Round 8 | Hier-pFedMe(λ2=35.0,K=5) | loss=0.0306
  [Client  6] Round 8 | Hier-pFedMe(λ2=35.0,K=5) | loss=0.0107
  [Client  0] Round 8 | Hier-pFedMe(λ2=35.0,K=5) | loss=0.0121
  [Client  5] Round 8 | Hier-pFedMe(λ2=35.0,K=5) | loss=0.0195
  [Client  3] Round 8 | Hier-pFedMe(λ2=35.0,K=5) | loss=0.0106
  [Client  8] Round 8 | Hier-pFedMe(λ2=35.0,K=5) | loss=0.0001
  [Client  1] Round 8 | Hier-pFedMe(λ2=35.0,K=5) | loss=0.0033
  [Client  9] Round 8 | Hier-pFedMe(λ2=35.0,K=5) | loss=0.0001
  [Client  2] Round 8 | Hier-pFedMe(λ2=35.0,K=5) | loss=0.0516
  [Client  7] Round 8 | Hier-pFedMe(λ2=35.0,K=5) | loss=0.0164
  [Edge 0] G8 | E3 | loss=0.0172
  [Edge 0] G8 | E4 | Hier-pFedMe | Selected 10/10
  [Client  5] Received edge weights.
  [Client  4] Received edge weights.
  [Client  1] Received edge weights.
  [Client  6] Received edge weights.
  [Client  9] Received edge weights.
  [Client  8] Received edge weights.
  [Client  7] Received edge weights.
  [Client  0] Received edge weights.
  [Client  2] Received edge weights.
  [Client  3] Received edge weights.
  [Client  5] Round 8 | Hier-pFedMe(λ2=35.0,K=5) | loss=0.0261
  [Client  6] Round 8 | Hier-pFedMe(λ2=35.0,K=5) | loss=0.0186
  [Client  1] Round 8 | Hier-pFedMe(λ2=35.0,K=5) | loss=0.0067
  [Client  4] Round 8 | Hier-pFedMe(λ2=35.0,K=5) | loss=0.0075
  [Client  9] Round 8 | Hier-pFedMe(λ2=35.0,K=5) | loss=0.0000
  [Client  8] Round 8 | Hier-pFedMe(λ2=35.0,K=5) | loss=0.0000
  [Client  7] Round 8 | Hier-pFedMe(λ2=35.0,K=5) | loss=0.0707
  [Client  0] Round 8 | Hier-pFedMe(λ2=35.0,K=5) | loss=0.0668
  [Client  2] Round 8 | Hier-pFedMe(λ2=35.0,K=5) | loss=0.0120
  [Client  3] Round 8 | Hier-pFedMe(λ2=35.0,K=5) | loss=0.0216
  [Edge 0] G8 | E4 | loss=0.0255
  [Edge 0] G8 | E5 | Hier-pFedMe | Selected 10/10
  [Client  1] Received edge weights.
  [Client  8] Received edge weights.
  [Client  5] Received edge weights.
  [Client  4] Received edge weights.
  [Client  7] Received edge weights.
  [Client  9] Received edge weights.
  [Client  3] Received edge weights.
  [Client  6] Received edge weights.
  [Client  0] Received edge weights.
  [Client  2] Received edge weights.
  [Client  1] Round 8 | Hier-pFedMe(λ2=35.0,K=5) | loss=0.0158
  [Client  8] Round 8 | Hier-pFedMe(λ2=35.0,K=5) | loss=0.0000
  [Client  5] Round 8 | Hier-pFedMe(λ2=35.0,K=5) | loss=0.0423
  [Client  4] Round 8 | Hier-pFedMe(λ2=35.0,K=5) | loss=0.0088
  [Client  7] Round 8 | Hier-pFedMe(λ2=35.0,K=5) | loss=0.0077
  [Client  9] Round 8 | Hier-pFedMe(λ2=35.0,K=5) | loss=0.0000
  [Client  3] Round 8 | Hier-pFedMe(λ2=35.0,K=5) | loss=0.0139
  [Client  6] Round 8 | Hier-pFedMe(λ2=35.0,K=5) | loss=0.0044
  [Client  0] Round 8 | Hier-pFedMe(λ2=35.0,K=5) | loss=0.0039
  [Client  2] Round 8 | Hier-pFedMe(λ2=35.0,K=5) | loss=0.0070
  [Edge 0] G8 | E5 | loss=0.0115
  [Edge 1] G8 | E1 | Hier-pFedMe | Selected 10/10
  [Client 16] Received edge weights.
  [Client 14] Received edge weights.
  [Client 19] Received edge weights.
  [Client 17] Received edge weights.
  [Client 11] Received edge weights.
  [Client 15] Received edge weights.
  [Client 18] Received edge weights.
  [Client 13] Received edge weights.
  [Client 10] Received edge weights.
  [Client 12] Received edge weights.
  [Client 19] Round 8 | Hier-pFedMe(λ2=35.0,K=5) | loss=0.0058
  [Client 17] Round 8 | Hier-pFedMe(λ2=35.0,K=5) | loss=0.0351
  [Client 16] Round 8 | Hier-pFedMe(λ2=35.0,K=5) | loss=0.0055
  [Client 14] Round 8 | Hier-pFedMe(λ2=35.0,K=5) | loss=0.0186
  [Client 11] Round 8 | Hier-pFedMe(λ2=35.0,K=5) | loss=0.0032
  [Client 15] Round 8 | Hier-pFedMe(λ2=35.0,K=5) | loss=0.0181
  [Client 18] Round 8 | Hier-pFedMe(λ2=35.0,K=5) | loss=0.0314
  [Client 13] Round 8 | Hier-pFedMe(λ2=35.0,K=5) | loss=0.0250
  [Client 10] Round 8 | Hier-pFedMe(λ2=35.0,K=5) | loss=0.0030
  [Client 12] Round 8 | Hier-pFedMe(λ2=35.0,K=5) | loss=0.0060
  [Edge 1] G8 | E1 | loss=0.0152
  [Edge 1] G8 | E2 | Hier-pFedMe | Selected 10/10
  [Client 11] Received edge weights.
  [Client 18] Received edge weights.
  [Client 15] Received edge weights.
  [Client 17] Received edge weights.
  [Client 10] Received edge weights.
  [Client 14] Received edge weights.
  [Client 19] Received edge weights.
  [Client 16] Received edge weights.
  [Client 13] Received edge weights.
  [Client 12] Received edge weights.
  [Client 15] Round 8 | Hier-pFedMe(λ2=35.0,K=5) | loss=0.0509
  [Client 11] Round 8 | Hier-pFedMe(λ2=35.0,K=5) | loss=0.0031
  [Client 17] Round 8 | Hier-pFedMe(λ2=35.0,K=5) | loss=0.0481
  [Client 18] Round 8 | Hier-pFedMe(λ2=35.0,K=5) | loss=0.1726
  [Client 10] Round 8 | Hier-pFedMe(λ2=35.0,K=5) | loss=0.0081
  [Client 14] Round 8 | Hier-pFedMe(λ2=35.0,K=5) | loss=0.0022
  [Client 19] Round 8 | Hier-pFedMe(λ2=35.0,K=5) | loss=0.0069
  [Client 16] Round 8 | Hier-pFedMe(λ2=35.0,K=5) | loss=0.0102
  [Client 13] Round 8 | Hier-pFedMe(λ2=35.0,K=5) | loss=0.8760
  [Client 12] Round 8 | Hier-pFedMe(λ2=35.0,K=5) | loss=0.0104
  [Edge 1] G8 | E2 | loss=0.1189
  [Edge 1] G8 | E3 | Hier-pFedMe | Selected 10/10
  [Client 11] Received edge weights.
  [Client 14] Received edge weights.
  [Client 17] Received edge weights.
  [Client 19] Received edge weights.
  [Client 13] Received edge weights.
  [Client 16] Received edge weights.
  [Client 18] Received edge weights.
  [Client 10] Received edge weights.
  [Client 15] Received edge weights.
  [Client 12] Received edge weights.
  [Client 17] Round 8 | Hier-pFedMe(λ2=35.0,K=5) | loss=0.1220  [Client 11] Round 8 | Hier-pFedMe(λ2=35.0,K=5) | loss=0.0434

  [Client 19] Round 8 | Hier-pFedMe(λ2=35.0,K=5) | loss=0.0064
  [Client 14] Round 8 | Hier-pFedMe(λ2=35.0,K=5) | loss=0.0096
  [Client 13] Round 8 | Hier-pFedMe(λ2=35.0,K=5) | loss=0.0213
  [Client 16] Round 8 | Hier-pFedMe(λ2=35.0,K=5) | loss=0.0129
  [Client 18] Round 8 | Hier-pFedMe(λ2=35.0,K=5) | loss=0.0165
  [Client 10] Round 8 | Hier-pFedMe(λ2=35.0,K=5) | loss=0.0030
  [Client 15] Round 8 | Hier-pFedMe(λ2=35.0,K=5) | loss=0.0158
  [Client 12] Round 8 | Hier-pFedMe(λ2=35.0,K=5) | loss=0.0038
  [Edge 1] G8 | E3 | loss=0.0255
  [Edge 1] G8 | E4 | Hier-pFedMe | Selected 10/10
  [Client 18] Received edge weights.
  [Client 12] Received edge weights.
  [Client 16] Received edge weights.
  [Client 14] Received edge weights.
  [Client 13] Received edge weights.
  [Client 11] Received edge weights.
  [Client 15] Received edge weights.
  [Client 19] Received edge weights.
  [Client 10] Received edge weights.
  [Client 17] Received edge weights.
  [Client 16] Round 8 | Hier-pFedMe(λ2=35.0,K=5) | loss=0.0051
  [Client 18] Round 8 | Hier-pFedMe(λ2=35.0,K=5) | loss=0.0231
  [Client 14] Round 8 | Hier-pFedMe(λ2=35.0,K=5) | loss=0.0095
  [Client 12] Round 8 | Hier-pFedMe(λ2=35.0,K=5) | loss=0.0079
  [Client 11] Round 8 | Hier-pFedMe(λ2=35.0,K=5) | loss=0.0304
  [Client 13] Round 8 | Hier-pFedMe(λ2=35.0,K=5) | loss=0.0397
  [Client 15] Round 8 | Hier-pFedMe(λ2=35.0,K=5) | loss=0.0334
  [Client 19] Round 8 | Hier-pFedMe(λ2=35.0,K=5) | loss=0.0057
  [Client 10] Round 8 | Hier-pFedMe(λ2=35.0,K=5) | loss=0.0239
  [Client 17] Round 8 | Hier-pFedMe(λ2=35.0,K=5) | loss=0.0293
  [Edge 1] G8 | E4 | loss=0.0208
  [Edge 1] G8 | E5 | Hier-pFedMe | Selected 10/10
  [Client 15] Received edge weights.
  [Client 12] Received edge weights.
  [Client 11] Received edge weights.
  [Client 16] Received edge weights.
  [Client 17] Received edge weights.
  [Client 18] Received edge weights.
  [Client 10] Received edge weights.
  [Client 14] Received edge weights.
  [Client 13] Received edge weights.
  [Client 19] Received edge weights.
  [Client 15] Round 8 | Hier-pFedMe(λ2=35.0,K=5) | loss=0.0160
  [Client 11] Round 8 | Hier-pFedMe(λ2=35.0,K=5) | loss=0.0021
  [Client 16] Round 8 | Hier-pFedMe(λ2=35.0,K=5) | loss=0.0134
  [Client 12] Round 8 | Hier-pFedMe(λ2=35.0,K=5) | loss=0.0348
  [Client 17] Round 8 | Hier-pFedMe(λ2=35.0,K=5) | loss=0.0262
  [Client 18] Round 8 | Hier-pFedMe(λ2=35.0,K=5) | loss=0.1464
  [Client 10] Round 8 | Hier-pFedMe(λ2=35.0,K=5) | loss=0.0028
  [Client 14] Round 8 | Hier-pFedMe(λ2=35.0,K=5) | loss=0.0095
  [Client 13] Round 8 | Hier-pFedMe(λ2=35.0,K=5) | loss=0.0387
  [Client 19] Round 8 | Hier-pFedMe(λ2=35.0,K=5) | loss=0.0039
  [Edge 1] G8 | E5 | loss=0.0294
[C0] eval model[0] mean=-0.000171 | θ̃ mean=-0.000171 | edge mean=-0.000330 |local ref=-0.000199
[C0] n=1000 | classes=[3, 6] | acc=0.6530 | per_class={3: '0.47', 6: '0.85'}
[C1] eval model[0] mean=-0.000270 | θ̃ mean=-0.000270 | edge mean=-0.000330 |local ref=-0.000275
[C1] n=1000 | classes=[3, 6] | acc=0.6700 | per_class={3: '0.72', 6: '0.62'}
[C2] eval model[0] mean=-0.000441 | θ̃ mean=-0.000441 | edge mean=-0.000330 |local ref=-0.000446
[C2] n=1000 | classes=[2, 5] | acc=0.6020 | per_class={2: '0.97', 5: '0.22'}
[C3] eval model[0] mean=-0.001586 | θ̃ mean=-0.001586 | edge mean=-0.000330 |local ref=-0.001558
[C3] n=1000 | classes=[5, 7] | acc=0.5750 | per_class={5: '0.78', 7: '0.36'}
[C4] eval model[0] mean=-0.001041 | θ̃ mean=-0.001041 | edge mean=-0.000330 |local ref=-0.001013
[C4] n=1000 | classes=[2, 7] | acc=0.6900 | per_class={2: '0.86', 7: '0.51'}
[C5] eval model[0] mean=-0.000480 | θ̃ mean=-0.000480 | edge mean=-0.000330 |local ref=-0.000454
[C5] n=1000 | classes=[2, 4] | acc=0.5650 | per_class={2: '0.61', 4: '0.52'}
[C6] eval model[0] mean=0.000207 | θ̃ mean=0.000207 | edge mean=-0.000330 |local ref=0.000182
[C6] n=1000 | classes=[6, 7] | acc=0.7610 | per_class={6: '0.65', 7: '0.87'}
[C7] eval model[0] mean=-0.001066 | θ̃ mean=-0.001066 | edge mean=-0.000330 |local ref=-0.001066
[C7] n=1000 | classes=[3, 5] | acc=0.5530 | per_class={3: '0.21', 5: '0.87'}
[C8] eval model[0] mean=0.000619 | θ̃ mean=0.000619 | edge mean=-0.000330 |local ref=0.000591
[C8] n=500 | classes=[4] | acc=1.0000 | per_class={4: '1.00'}
[C9] eval model[0] mean=0.000092 | θ̃ mean=0.000092 | edge mean=-0.000330 |local ref=0.000079
[C9] n=500 | classes=[4] | acc=1.0000 | per_class={4: '1.00'}
[C10] eval model[0] mean=0.000449 | θ̃ mean=0.000449 | edge mean=0.000162 |local ref=0.000431
[C10] n=600 | classes=[8, 9] | acc=0.7683 | per_class={8: '0.58', 9: '0.95'}
[C11] eval model[0] mean=0.000091 | θ̃ mean=0.000091 | edge mean=0.000162 |local ref=0.000096
[C11] n=600 | classes=[0, 1] | acc=0.7917 | per_class={0: '0.64', 1: '0.94'}
[C12] eval model[0] mean=-0.000320 | θ̃ mean=-0.000320 | edge mean=0.000162 |local ref=-0.000299
[C12] n=600 | classes=[1, 8] | acc=0.7450 | per_class={1: '0.95', 8: '0.53'}
[C13] eval model[0] mean=0.000688 | θ̃ mean=0.000688 | edge mean=0.000162 |local ref=0.000671
[C13] n=600 | classes=[0, 8] | acc=0.5850 | per_class={0: '0.29', 8: '0.90'}
[C14] eval model[0] mean=0.001457 | θ̃ mean=0.001457 | edge mean=0.000162 |local ref=0.001400
[C14] n=600 | classes=[0, 9] | acc=0.6767 | per_class={0: '0.41', 9: '0.95'}
[C15] eval model[0] mean=0.000716 | θ̃ mean=0.000716 | edge mean=0.000162 |local ref=0.000704
[C15] n=600 | classes=[0, 8] | acc=0.6400 | per_class={0: '0.39', 8: '0.90'}
[C16] eval model[0] mean=0.000117 | θ̃ mean=0.000117 | edge mean=0.000162 |local ref=0.000122
[C16] n=600 | classes=[1, 8] | acc=0.6417 | per_class={1: '1.00', 8: '0.31'}
[C17] eval model[0] mean=-0.000505 | θ̃ mean=-0.000505 | edge mean=0.000162 |local ref=-0.000479
[C17] n=600 | classes=[1, 9] | acc=0.5650 | per_class={1: '0.85', 9: '0.30'}
[C18] eval model[0] mean=0.000751 | θ̃ mean=0.000751 | edge mean=0.000162 |local ref=0.000722
[C18] n=600 | classes=[1, 9] | acc=0.4783 | per_class={1: '0.04', 9: '0.96'}
[C19] eval model[0] mean=0.001713 | θ̃ mean=0.001713 | edge mean=0.000162 |local ref=0.001681
[C19] n=600 | classes=[0, 9] | acc=0.6683 | per_class={0: '0.32', 9: '0.98'}
  [Cloud] GM=0.2923 | EM=0.3733 PM=0.6670 | loss=1.9785 | time=48.1s | comm=4556.2MB (total=36450MB)

[Round   9] Broadcasting to 2 edges...
  [Edge 0] W_n reset to global weights for new round.
  [Edge 1] W_n reset to global weights for new round.
  [Edge 0] G9 | E1 | Hier-pFedMe | Selected 10/10
  [Client  3] Received edge weights.
  [Client  2] Received edge weights.
  [Client  5] Received edge weights.
  [Client  0] Received edge weights.
  [Client  1] Received edge weights.
  [Client  9] Received edge weights.
  [Client  6] Received edge weights.
  [Client  8] Received edge weights.
  [Client  7] Received edge weights.
  [Client  4] Received edge weights.
  [Client  2] Round 9 | Hier-pFedMe(λ2=35.0,K=5) | loss=0.0064
  [Client  3] Round 9 | Hier-pFedMe(λ2=35.0,K=5) | loss=0.0116
  [Client  5] Round 9 | Hier-pFedMe(λ2=35.0,K=5) | loss=0.0218
  [Client  0] Round 9 | Hier-pFedMe(λ2=35.0,K=5) | loss=0.0051
  [Client  1] Round 9 | Hier-pFedMe(λ2=35.0,K=5) | loss=0.0254
  [Client  9] Round 9 | Hier-pFedMe(λ2=35.0,K=5) | loss=0.0000
  [Client  6] Round 9 | Hier-pFedMe(λ2=35.0,K=5) | loss=0.0443
  [Client  8] Round 9 | Hier-pFedMe(λ2=35.0,K=5) | loss=0.0000
  [Client  7] Round 9 | Hier-pFedMe(λ2=35.0,K=5) | loss=0.0449
  [Client  4] Round 9 | Hier-pFedMe(λ2=35.0,K=5) | loss=0.0076
  [Edge 0] G9 | E1 | loss=0.0186
  [Edge 0] G9 | E2 | Hier-pFedMe | Selected 10/10
  [Client  5] Received edge weights.
  [Client  7] Received edge weights.
  [Client  0] Received edge weights.
  [Client  6] Received edge weights.
  [Client  4] Received edge weights.
  [Client  8] Received edge weights.
  [Client  1] Received edge weights.
  [Client  2] Received edge weights.
  [Client  3] Received edge weights.
  [Client  9] Received edge weights.
  [Client  5] Round 9 | Hier-pFedMe(λ2=35.0,K=5) | loss=0.1928
  [Client  0] Round 9 | Hier-pFedMe(λ2=35.0,K=5) | loss=0.0056
  [Client  7] Round 9 | Hier-pFedMe(λ2=35.0,K=5) | loss=0.0108
  [Client  6] Round 9 | Hier-pFedMe(λ2=35.0,K=5) | loss=0.0233
  [Client  4] Round 9 | Hier-pFedMe(λ2=35.0,K=5) | loss=0.0350
  [Client  8] Round 9 | Hier-pFedMe(λ2=35.0,K=5) | loss=0.0000
  [Client  1] Round 9 | Hier-pFedMe(λ2=35.0,K=5) | loss=0.0083
  [Client  2] Round 9 | Hier-pFedMe(λ2=35.0,K=5) | loss=0.0195
  [Client  3] Round 9 | Hier-pFedMe(λ2=35.0,K=5) | loss=0.0746
  [Client  9] Round 9 | Hier-pFedMe(λ2=35.0,K=5) | loss=0.0000
  [Edge 0] G9 | E2 | loss=0.0411
  [Edge 0] G9 | E3 | Hier-pFedMe | Selected 10/10
  [Client  8] Received edge weights.
  [Client  3] Received edge weights.
  [Client  4] Received edge weights.
  [Client  0] Received edge weights.
  [Client  9] Received edge weights.
  [Client  7] Received edge weights.
  [Client  2] Received edge weights.
  [Client  5] Received edge weights.
  [Client  6] Received edge weights.
  [Client  1] Received edge weights.
  [Client  8] Round 9 | Hier-pFedMe(λ2=35.0,K=5) | loss=0.0001
  [Client  3] Round 9 | Hier-pFedMe(λ2=35.0,K=5) | loss=0.0061
  [Client  0] Round 9 | Hier-pFedMe(λ2=35.0,K=5) | loss=0.0067
  [Client  4] Round 9 | Hier-pFedMe(λ2=35.0,K=5) | loss=0.0060
  [Client  7] Round 9 | Hier-pFedMe(λ2=35.0,K=5) | loss=0.0027
  [Client  9] Round 9 | Hier-pFedMe(λ2=35.0,K=5) | loss=0.0001
  [Client  2] Round 9 | Hier-pFedMe(λ2=35.0,K=5) | loss=0.0066
  [Client  5] Round 9 | Hier-pFedMe(λ2=35.0,K=5) | loss=0.0293
  [Client  6] Round 9 | Hier-pFedMe(λ2=35.0,K=5) | loss=0.0111
  [Client  1] Round 9 | Hier-pFedMe(λ2=35.0,K=5) | loss=0.0093
  [Edge 0] G9 | E3 | loss=0.0087
  [Edge 0] G9 | E4 | Hier-pFedMe | Selected 10/10
  [Client  4] Received edge weights.
  [Client  3] Received edge weights.
  [Client  0] Received edge weights.
  [Client  8] Received edge weights.
  [Client  6] Received edge weights.
  [Client  2] Received edge weights.
  [Client  9] Received edge weights.
  [Client  5] Received edge weights.
  [Client  1] Received edge weights.
  [Client  7] Received edge weights.
  [Client  0] Round 9 | Hier-pFedMe(λ2=35.0,K=5) | loss=0.0080
  [Client  3] Round 9 | Hier-pFedMe(λ2=35.0,K=5) | loss=0.0237
  [Client  4] Round 9 | Hier-pFedMe(λ2=35.0,K=5) | loss=0.0117
  [Client  8] Round 9 | Hier-pFedMe(λ2=35.0,K=5) | loss=0.0000
  [Client  6] Round 9 | Hier-pFedMe(λ2=35.0,K=5) | loss=0.0143
  [Client  2] Round 9 | Hier-pFedMe(λ2=35.0,K=5) | loss=0.0255
  [Client  9] Round 9 | Hier-pFedMe(λ2=35.0,K=5) | loss=0.0000
  [Client  5] Round 9 | Hier-pFedMe(λ2=35.0,K=5) | loss=0.0716
  [Client  1] Round 9 | Hier-pFedMe(λ2=35.0,K=5) | loss=0.0140
  [Client  7] Round 9 | Hier-pFedMe(λ2=35.0,K=5) | loss=0.0209
  [Edge 0] G9 | E4 | loss=0.0211
  [Edge 0] G9 | E5 | Hier-pFedMe | Selected 10/10
  [Client  6] Received edge weights.
  [Client  3] Received edge weights.
  [Client  8] Received edge weights.
  [Client  1] Received edge weights.
  [Client  9] Received edge weights.
  [Client  2] Received edge weights.
  [Client  7] Received edge weights.
  [Client  0] Received edge weights.
  [Client  5] Received edge weights.
  [Client  4] Received edge weights.
  [Client  1] Round 9 | Hier-pFedMe(λ2=35.0,K=5) | loss=0.0164
  [Client  6] Round 9 | Hier-pFedMe(λ2=35.0,K=5) | loss=0.0023
  [Client  8] Round 9 | Hier-pFedMe(λ2=35.0,K=5) | loss=0.0001
  [Client  3] Round 9 | Hier-pFedMe(λ2=35.0,K=5) | loss=0.0044
  [Client  9] Round 9 | Hier-pFedMe(λ2=35.0,K=5) | loss=0.0001
  [Client  2] Round 9 | Hier-pFedMe(λ2=35.0,K=5) | loss=0.0071
  [Client  7] Round 9 | Hier-pFedMe(λ2=35.0,K=5) | loss=0.0596
  [Client  0] Round 9 | Hier-pFedMe(λ2=35.0,K=5) | loss=0.0200
  [Client  5] Round 9 | Hier-pFedMe(λ2=35.0,K=5) | loss=0.0427
  [Client  4] Round 9 | Hier-pFedMe(λ2=35.0,K=5) | loss=0.0115
  [Edge 0] G9 | E5 | loss=0.0182
  [Edge 1] G9 | E1 | Hier-pFedMe | Selected 10/10
  [Client 12] Received edge weights.
  [Client 15] Received edge weights.
  [Client 14] Received edge weights.
  [Client 17] Received edge weights.
  [Client 11] Received edge weights.
  [Client 18] Received edge weights.
  [Client 16] Received edge weights.
  [Client 10] Received edge weights.
  [Client 13] Received edge weights.
  [Client 19] Received edge weights.
  [Client 14] Round 9 | Hier-pFedMe(λ2=35.0,K=5) | loss=0.0080
  [Client 15] Round 9 | Hier-pFedMe(λ2=35.0,K=5) | loss=0.0224
  [Client 12] Round 9 | Hier-pFedMe(λ2=35.0,K=5) | loss=0.0025
  [Client 17] Round 9 | Hier-pFedMe(λ2=35.0,K=5) | loss=0.0292
  [Client 18] Round 9 | Hier-pFedMe(λ2=35.0,K=5) | loss=0.0191
  [Client 11] Round 9 | Hier-pFedMe(λ2=35.0,K=5) | loss=0.0028
  [Client 16] Round 9 | Hier-pFedMe(λ2=35.0,K=5) | loss=0.0018
  [Client 10] Round 9 | Hier-pFedMe(λ2=35.0,K=5) | loss=0.0050
  [Client 13] Round 9 | Hier-pFedMe(λ2=35.0,K=5) | loss=0.0216
  [Client 19] Round 9 | Hier-pFedMe(λ2=35.0,K=5) | loss=0.0032
  [Edge 1] G9 | E1 | loss=0.0116
  [Edge 1] G9 | E2 | Hier-pFedMe | Selected 10/10
  [Client 13] Received edge weights.
  [Client 18] Received edge weights.
  [Client 11] Received edge weights.
  [Client 12] Received edge weights.
  [Client 10] Received edge weights.
  [Client 16] Received edge weights.
  [Client 17] Received edge weights.
  [Client 14] Received edge weights.
  [Client 15] Received edge weights.
  [Client 19] Received edge weights.
  [Client 13] Round 9 | Hier-pFedMe(λ2=35.0,K=5) | loss=0.0072
  [Client 18] Round 9 | Hier-pFedMe(λ2=35.0,K=5) | loss=0.1031
  [Client 11] Round 9 | Hier-pFedMe(λ2=35.0,K=5) | loss=0.0117  [Client 12] Round 9 | Hier-pFedMe(λ2=35.0,K=5) | loss=0.0164

  [Client 10] Round 9 | Hier-pFedMe(λ2=35.0,K=5) | loss=0.0080
  [Client 16] Round 9 | Hier-pFedMe(λ2=35.0,K=5) | loss=0.0030
  [Client 17] Round 9 | Hier-pFedMe(λ2=35.0,K=5) | loss=0.1255
  [Client 14] Round 9 | Hier-pFedMe(λ2=35.0,K=5) | loss=0.0148
  [Client 15] Round 9 | Hier-pFedMe(λ2=35.0,K=5) | loss=0.1127
  [Client 19] Round 9 | Hier-pFedMe(λ2=35.0,K=5) | loss=0.0010
  [Edge 1] G9 | E2 | loss=0.0403
  [Edge 1] G9 | E3 | Hier-pFedMe | Selected 10/10
  [Client 16] Received edge weights.
  [Client 17] Received edge weights.
  [Client 14] Received edge weights.
  [Client 19] Received edge weights.
  [Client 12] Received edge weights.
  [Client 10] Received edge weights.
  [Client 15] Received edge weights.
  [Client 11] Received edge weights.
  [Client 13] Received edge weights.
  [Client 18] Received edge weights.
  [Client 19] Round 9 | Hier-pFedMe(λ2=35.0,K=5) | loss=0.0123
  [Client 16] Round 9 | Hier-pFedMe(λ2=35.0,K=5) | loss=0.0142
  [Client 14] Round 9 | Hier-pFedMe(λ2=35.0,K=5) | loss=0.0143
  [Client 17] Round 9 | Hier-pFedMe(λ2=35.0,K=5) | loss=0.0398
  [Client 12] Round 9 | Hier-pFedMe(λ2=35.0,K=5) | loss=0.0197
  [Client 10] Round 9 | Hier-pFedMe(λ2=35.0,K=5) | loss=0.0377
  [Client 15] Round 9 | Hier-pFedMe(λ2=35.0,K=5) | loss=0.0103
  [Client 11] Round 9 | Hier-pFedMe(λ2=35.0,K=5) | loss=0.0090
  [Client 13] Round 9 | Hier-pFedMe(λ2=35.0,K=5) | loss=0.0152
  [Client 18] Round 9 | Hier-pFedMe(λ2=35.0,K=5) | loss=0.0568
  [Edge 1] G9 | E3 | loss=0.0229
  [Edge 1] G9 | E4 | Hier-pFedMe | Selected 10/10
  [Client 18] Received edge weights.
  [Client 10] Received edge weights.
  [Client 15] Received edge weights.
  [Client 14] Received edge weights.
  [Client 19] Received edge weights.
  [Client 11] Received edge weights.
  [Client 17] Received edge weights.
  [Client 12] Received edge weights.
  [Client 16] Received edge weights.
  [Client 13] Received edge weights.
  [Client 10] Round 9 | Hier-pFedMe(λ2=35.0,K=5) | loss=0.0101
  [Client 14] Round 9 | Hier-pFedMe(λ2=35.0,K=5) | loss=0.0076
  [Client 18] Round 9 | Hier-pFedMe(λ2=35.0,K=5) | loss=0.0593
  [Client 15] Round 9 | Hier-pFedMe(λ2=35.0,K=5) | loss=0.0181
  [Client 17] Round 9 | Hier-pFedMe(λ2=35.0,K=5) | loss=0.0691
  [Client 19] Round 9 | Hier-pFedMe(λ2=35.0,K=5) | loss=0.0058  [Client 11] Round 9 | Hier-pFedMe(λ2=35.0,K=5) | loss=0.0037

  [Client 12] Round 9 | Hier-pFedMe(λ2=35.0,K=5) | loss=0.0070
  [Client 16] Round 9 | Hier-pFedMe(λ2=35.0,K=5) | loss=0.0026
  [Client 13] Round 9 | Hier-pFedMe(λ2=35.0,K=5) | loss=0.0322
  [Edge 1] G9 | E4 | loss=0.0216
  [Edge 1] G9 | E5 | Hier-pFedMe | Selected 10/10
  [Client 12] Received edge weights.
  [Client 10] Received edge weights.
  [Client 11] Received edge weights.
  [Client 16] Received edge weights.
  [Client 15] Received edge weights.
  [Client 14] Received edge weights.
  [Client 13] Received edge weights.
  [Client 18] Received edge weights.
  [Client 17] Received edge weights.
  [Client 19] Received edge weights.
  [Client 12] Round 9 | Hier-pFedMe(λ2=35.0,K=5) | loss=0.0104
  [Client 10] Round 9 | Hier-pFedMe(λ2=35.0,K=5) | loss=0.0091
  [Client 11] Round 9 | Hier-pFedMe(λ2=35.0,K=5) | loss=0.0053
  [Client 16] Round 9 | Hier-pFedMe(λ2=35.0,K=5) | loss=0.0099
  [Client 15] Round 9 | Hier-pFedMe(λ2=35.0,K=5) | loss=0.0504
  [Client 14] Round 9 | Hier-pFedMe(λ2=35.0,K=5) | loss=0.0028
  [Client 13] Round 9 | Hier-pFedMe(λ2=35.0,K=5) | loss=0.0877
  [Client 18] Round 9 | Hier-pFedMe(λ2=35.0,K=5) | loss=0.0248
  [Client 17] Round 9 | Hier-pFedMe(λ2=35.0,K=5) | loss=0.0190
  [Client 19] Round 9 | Hier-pFedMe(λ2=35.0,K=5) | loss=0.0212
  [Edge 1] G9 | E5 | loss=0.0241
[C0] eval model[0] mean=0.000171 | θ̃ mean=0.000171 | edge mean=0.000246 |local ref=0.000172
[C0] n=1000 | classes=[3, 6] | acc=0.6920 | per_class={3: '0.76', 6: '0.62'}
[C1] eval model[0] mean=-0.000213 | θ̃ mean=-0.000213 | edge mean=0.000246 |local ref=-0.000193
[C1] n=1000 | classes=[3, 6] | acc=0.7510 | per_class={3: '0.79', 6: '0.71'}
[C2] eval model[0] mean=0.000703 | θ̃ mean=0.000703 | edge mean=0.000246 |local ref=0.000698
[C2] n=1000 | classes=[2, 5] | acc=0.6490 | per_class={2: '0.39', 5: '0.92'}
[C3] eval model[0] mean=-0.000835 | θ̃ mean=-0.000835 | edge mean=0.000246 |local ref=-0.000786
[C3] n=1000 | classes=[5, 7] | acc=0.6690 | per_class={5: '0.62', 7: '0.72'}
[C4] eval model[0] mean=0.000026 | θ̃ mean=0.000026 | edge mean=0.000246 |local ref=0.000009
[C4] n=1000 | classes=[2, 7] | acc=0.7110 | per_class={2: '0.53', 7: '0.90'}
[C5] eval model[0] mean=0.000352 | θ̃ mean=0.000352 | edge mean=0.000246 |local ref=0.000387
[C5] n=1000 | classes=[2, 4] | acc=0.5810 | per_class={2: '0.70', 4: '0.46'}
[C6] eval model[0] mean=0.001109 | θ̃ mean=0.001109 | edge mean=0.000246 |local ref=0.001044
[C6] n=1000 | classes=[6, 7] | acc=0.8190 | per_class={6: '0.76', 7: '0.88'}
[C7] eval model[0] mean=0.000217 | θ̃ mean=0.000217 | edge mean=0.000246 |local ref=0.000214
[C7] n=1000 | classes=[3, 5] | acc=0.5840 | per_class={3: '0.28', 5: '0.87'}
[C8] eval model[0] mean=0.000297 | θ̃ mean=0.000297 | edge mean=0.000246 |local ref=0.000295
[C8] n=500 | classes=[4] | acc=1.0000 | per_class={4: '1.00'}
[C9] eval model[0] mean=-0.000884 | θ̃ mean=-0.000884 | edge mean=0.000246 |local ref=-0.000850
[C9] n=500 | classes=[4] | acc=1.0000 | per_class={4: '1.00'}
[C10] eval model[0] mean=0.000093 | θ̃ mean=0.000093 | edge mean=-0.000083 |local ref=0.000099
[C10] n=600 | classes=[8, 9] | acc=0.8150 | per_class={8: '0.87', 9: '0.76'}
[C11] eval model[0] mean=-0.000324 | θ̃ mean=-0.000324 | edge mean=-0.000083 |local ref=-0.000317
[C11] n=600 | classes=[0, 1] | acc=0.8000 | per_class={0: '0.65', 1: '0.95'}
[C12] eval model[0] mean=-0.000576 | θ̃ mean=-0.000576 | edge mean=-0.000083 |local ref=-0.000566
[C12] n=600 | classes=[1, 8] | acc=0.7800 | per_class={1: '0.81', 8: '0.74'}
[C13] eval model[0] mean=-0.000393 | θ̃ mean=-0.000393 | edge mean=-0.000083 |local ref=-0.000364
[C13] n=600 | classes=[0, 8] | acc=0.6267 | per_class={0: '0.74', 8: '0.50'}
[C14] eval model[0] mean=0.000207 | θ̃ mean=0.000207 | edge mean=-0.000083 |local ref=0.000199
[C14] n=600 | classes=[0, 9] | acc=0.7317 | per_class={0: '0.50', 9: '0.97'}
[C15] eval model[0] mean=-0.000748 | θ̃ mean=-0.000748 | edge mean=-0.000083 |local ref=-0.000738
[C15] n=600 | classes=[0, 8] | acc=0.6083 | per_class={0: '0.74', 8: '0.47'}
[C16] eval model[0] mean=-0.000064 | θ̃ mean=-0.000064 | edge mean=-0.000083 |local ref=-0.000083
[C16] n=600 | classes=[1, 8] | acc=0.7333 | per_class={1: '0.98', 8: '0.50'}
[C17] eval model[0] mean=0.000376 | θ̃ mean=0.000376 | edge mean=-0.000083 |local ref=0.000340
[C17] n=600 | classes=[1, 9] | acc=0.6267 | per_class={1: '0.78', 9: '0.49'}
[C18] eval model[0] mean=-0.000127 | θ̃ mean=-0.000127 | edge mean=-0.000083 |local ref=-0.000103
[C18] n=600 | classes=[1, 9] | acc=0.6483 | per_class={1: '0.86', 9: '0.42'}
[C19] eval model[0] mean=-0.000009 | θ̃ mean=-0.000009 | edge mean=-0.000083 |local ref=0.000014
[C19] n=600 | classes=[0, 9] | acc=0.7850 | per_class={0: '0.65', 9: '0.90'}
  [Cloud] GM=0.3053 | EM=0.3548 PM=0.7166 | loss=1.9673 | time=48.7s | comm=4556.2MB (total=41006MB)

[Round  10] Broadcasting to 2 edges...
  [Edge 0] W_n reset to global weights for new round.
  [Edge 1] W_n reset to global weights for new round.
  [Edge 0] G10 | E1 | Hier-pFedMe | Selected 10/10
  [Client  9] Received edge weights.
  [Client  3] Received edge weights.
  [Client  5] Received edge weights.
  [Client  7] Received edge weights.
  [Client  4] Received edge weights.
  [Client  0] Received edge weights.
  [Client  6] Received edge weights.
  [Client  8] Received edge weights.
  [Client  2] Received edge weights.
  [Client  1] Received edge weights.
  [Client  9] Round 10 | Hier-pFedMe(λ2=35.0,K=5) | loss=0.0000
  [Client  5] Round 10 | Hier-pFedMe(λ2=35.0,K=5) | loss=0.0231
  [Client  3] Round 10 | Hier-pFedMe(λ2=35.0,K=5) | loss=0.0112
  [Client  7] Round 10 | Hier-pFedMe(λ2=35.0,K=5) | loss=0.0264
  [Client  4] Round 10 | Hier-pFedMe(λ2=35.0,K=5) | loss=0.0115
  [Client  0] Round 10 | Hier-pFedMe(λ2=35.0,K=5) | loss=0.0087
  [Client  6] Round 10 | Hier-pFedMe(λ2=35.0,K=5) | loss=0.0104
  [Client  8] Round 10 | Hier-pFedMe(λ2=35.0,K=5) | loss=0.0000
  [Client  2] Round 10 | Hier-pFedMe(λ2=35.0,K=5) | loss=0.0040
  [Client  1] Round 10 | Hier-pFedMe(λ2=35.0,K=5) | loss=0.0112
  [Edge 0] G10 | E1 | loss=0.0118
  [Edge 0] G10 | E2 | Hier-pFedMe | Selected 10/10
  [Client  4] Received edge weights.
  [Client  7] Received edge weights.
  [Client  6] Received edge weights.
  [Client  5] Received edge weights.
  [Client  0] Received edge weights.
  [Client  8] Received edge weights.
  [Client  1] Received edge weights.
  [Client  2] Received edge weights.
  [Client  3] Received edge weights.
  [Client  9] Received edge weights.
  [Client  4] Round 10 | Hier-pFedMe(λ2=35.0,K=5) | loss=0.0175
  [Client  6] Round 10 | Hier-pFedMe(λ2=35.0,K=5) | loss=0.0059
  [Client  5] Round 10 | Hier-pFedMe(λ2=35.0,K=5) | loss=0.1385
  [Client  7] Round 10 | Hier-pFedMe(λ2=35.0,K=5) | loss=0.0162
  [Client  0] Round 10 | Hier-pFedMe(λ2=35.0,K=5) | loss=0.0052
  [Client  8] Round 10 | Hier-pFedMe(λ2=35.0,K=5) | loss=0.0000
  [Client  2] Round 10 | Hier-pFedMe(λ2=35.0,K=5) | loss=0.0059  [Client  1] Round 10 | Hier-pFedMe(λ2=35.0,K=5) | loss=0.0084

  [Client  3] Round 10 | Hier-pFedMe(λ2=35.0,K=5) | loss=0.0172
  [Client  9] Round 10 | Hier-pFedMe(λ2=35.0,K=5) | loss=0.0000
  [Edge 0] G10 | E2 | loss=0.0239
  [Edge 0] G10 | E3 | Hier-pFedMe | Selected 10/10
  [Client  2] Received edge weights.
  [Client  8] Received edge weights.
  [Client  1] Received edge weights.
  [Client  3] Received edge weights.
  [Client  7] Received edge weights.
  [Client  4] Received edge weights.
  [Client  0] Received edge weights.
  [Client  9] Received edge weights.
  [Client  5] Received edge weights.
  [Client  6] Received edge weights.
  [Client  3] Round 10 | Hier-pFedMe(λ2=35.0,K=5) | loss=0.0043
  [Client  8] Round 10 | Hier-pFedMe(λ2=35.0,K=5) | loss=0.0001
  [Client  2] Round 10 | Hier-pFedMe(λ2=35.0,K=5) | loss=0.0210
  [Client  1] Round 10 | Hier-pFedMe(λ2=35.0,K=5) | loss=0.0428
  [Client  7] Round 10 | Hier-pFedMe(λ2=35.0,K=5) | loss=0.0439
  [Client  4] Round 10 | Hier-pFedMe(λ2=35.0,K=5) | loss=0.0049
  [Client  0] Round 10 | Hier-pFedMe(λ2=35.0,K=5) | loss=0.0035
  [Client  9] Round 10 | Hier-pFedMe(λ2=35.0,K=5) | loss=0.0000
  [Client  5] Round 10 | Hier-pFedMe(λ2=35.0,K=5) | loss=0.0785
  [Client  6] Round 10 | Hier-pFedMe(λ2=35.0,K=5) | loss=0.0295
  [Edge 0] G10 | E3 | loss=0.0254
  [Edge 0] G10 | E4 | Hier-pFedMe | Selected 10/10
  [Client  4] Received edge weights.
  [Client  1] Received edge weights.
  [Client  0] Received edge weights.
  [Client  6] Received edge weights.
  [Client  5] Received edge weights.
  [Client  9] Received edge weights.
  [Client  3] Received edge weights.
  [Client  2] Received edge weights.
  [Client  8] Received edge weights.
  [Client  7] Received edge weights.
  [Client  4] Round 10 | Hier-pFedMe(λ2=35.0,K=5) | loss=0.0209
  [Client  6] Round 10 | Hier-pFedMe(λ2=35.0,K=5) | loss=0.0050
  [Client  0] Round 10 | Hier-pFedMe(λ2=35.0,K=5) | loss=0.0294
  [Client  1] Round 10 | Hier-pFedMe(λ2=35.0,K=5) | loss=0.0034
  [Client  5] Round 10 | Hier-pFedMe(λ2=35.0,K=5) | loss=0.0339
  [Client  9] Round 10 | Hier-pFedMe(λ2=35.0,K=5) | loss=0.0000
  [Client  3] Round 10 | Hier-pFedMe(λ2=35.0,K=5) | loss=0.0124
  [Client  2] Round 10 | Hier-pFedMe(λ2=35.0,K=5) | loss=0.0240
  [Client  8] Round 10 | Hier-pFedMe(λ2=35.0,K=5) | loss=0.0000
  [Client  7] Round 10 | Hier-pFedMe(λ2=35.0,K=5) | loss=0.0160
  [Edge 0] G10 | E4 | loss=0.0161
  [Edge 0] G10 | E5 | Hier-pFedMe | Selected 10/10
  [Client  2] Received edge weights.
  [Client  6] Received edge weights.
  [Client  0] Received edge weights.
  [Client  4] Received edge weights.
  [Client  5] Received edge weights.
  [Client  8] Received edge weights.
  [Client  7] Received edge weights.
  [Client  3] Received edge weights.
  [Client  9] Received edge weights.
  [Client  1] Received edge weights.
  [Client  2] Round 10 | Hier-pFedMe(λ2=35.0,K=5) | loss=0.0162
  [Client  0] Round 10 | Hier-pFedMe(λ2=35.0,K=5) | loss=0.0029
  [Client  4] Round 10 | Hier-pFedMe(λ2=35.0,K=5) | loss=0.0096
  [Client  6] Round 10 | Hier-pFedMe(λ2=35.0,K=5) | loss=0.0028
  [Client  5] Round 10 | Hier-pFedMe(λ2=35.0,K=5) | loss=0.0763
  [Client  8] Round 10 | Hier-pFedMe(λ2=35.0,K=5) | loss=0.0000
  [Client  7] Round 10 | Hier-pFedMe(λ2=35.0,K=5) | loss=0.0134
  [Client  3] Round 10 | Hier-pFedMe(λ2=35.0,K=5) | loss=0.0116
  [Client  1] Round 10 | Hier-pFedMe(λ2=35.0,K=5) | loss=0.0123
  [Client  9] Round 10 | Hier-pFedMe(λ2=35.0,K=5) | loss=0.0001
  [Edge 0] G10 | E5 | loss=0.0161
  [Edge 1] G10 | E1 | Hier-pFedMe | Selected 10/10
  [Client 11] Received edge weights.
  [Client 18] Received edge weights.
  [Client 19] Received edge weights.
  [Client 16] Received edge weights.
  [Client 13] Received edge weights.
  [Client 14] Received edge weights.
  [Client 17] Received edge weights.
  [Client 10] Received edge weights.
  [Client 12] Received edge weights.
  [Client 15] Received edge weights.
  [Client 11] Round 10 | Hier-pFedMe(λ2=35.0,K=5) | loss=0.0030
  [Client 18] Round 10 | Hier-pFedMe(λ2=35.0,K=5) | loss=0.0425
  [Client 19] Round 10 | Hier-pFedMe(λ2=35.0,K=5) | loss=0.0035
  [Client 16] Round 10 | Hier-pFedMe(λ2=35.0,K=5) | loss=0.0028
  [Client 13] Round 10 | Hier-pFedMe(λ2=35.0,K=5) | loss=0.0202
  [Client 14] Round 10 | Hier-pFedMe(λ2=35.0,K=5) | loss=0.0172
  [Client 17] Round 10 | Hier-pFedMe(λ2=35.0,K=5) | loss=0.0137
  [Client 10] Round 10 | Hier-pFedMe(λ2=35.0,K=5) | loss=0.0041
  [Client 12] Round 10 | Hier-pFedMe(λ2=35.0,K=5) | loss=0.0097
  [Client 15] Round 10 | Hier-pFedMe(λ2=35.0,K=5) | loss=0.0181
  [Edge 1] G10 | E1 | loss=0.0135
  [Edge 1] G10 | E2 | Hier-pFedMe | Selected 10/10
  [Client 18] Received edge weights.
  [Client 10] Received edge weights.
  [Client 14] Received edge weights.
  [Client 16] Received edge weights.
  [Client 13] Received edge weights.
  [Client 19] Received edge weights.
  [Client 12] Received edge weights.
  [Client 17] Received edge weights.
  [Client 15] Received edge weights.
  [Client 11] Received edge weights.
  [Client 10] Round 10 | Hier-pFedMe(λ2=35.0,K=5) | loss=0.0054
  [Client 18] Round 10 | Hier-pFedMe(λ2=35.0,K=5) | loss=0.0204
  [Client 16] Round 10 | Hier-pFedMe(λ2=35.0,K=5) | loss=0.0021
  [Client 14] Round 10 | Hier-pFedMe(λ2=35.0,K=5) | loss=0.0048
  [Client 13] Round 10 | Hier-pFedMe(λ2=35.0,K=5) | loss=0.0124
  [Client 19] Round 10 | Hier-pFedMe(λ2=35.0,K=5) | loss=0.0199
  [Client 12] Round 10 | Hier-pFedMe(λ2=35.0,K=5) | loss=0.0131
  [Client 17] Round 10 | Hier-pFedMe(λ2=35.0,K=5) | loss=0.0152
  [Client 15] Round 10 | Hier-pFedMe(λ2=35.0,K=5) | loss=0.0413
  [Client 11] Round 10 | Hier-pFedMe(λ2=35.0,K=5) | loss=0.0238
  [Edge 1] G10 | E2 | loss=0.0158
  [Edge 1] G10 | E3 | Hier-pFedMe | Selected 10/10
  [Client 16] Received edge weights.
  [Client 10] Received edge weights.
  [Client 12] Received edge weights.
  [Client 15] Received edge weights.
  [Client 11] Received edge weights.
  [Client 18] Received edge weights.
  [Client 17] Received edge weights.
  [Client 19] Received edge weights.
  [Client 13] Received edge weights.
  [Client 14] Received edge weights.
  [Client 12] Round 10 | Hier-pFedMe(λ2=35.0,K=5) | loss=0.0092
  [Client 15] Round 10 | Hier-pFedMe(λ2=35.0,K=5) | loss=0.0232
  [Client 10] Round 10 | Hier-pFedMe(λ2=35.0,K=5) | loss=0.0567
  [Client 16] Round 10 | Hier-pFedMe(λ2=35.0,K=5) | loss=0.0030
  [Client 11] Round 10 | Hier-pFedMe(λ2=35.0,K=5) | loss=0.0110
  [Client 18] Round 10 | Hier-pFedMe(λ2=35.0,K=5) | loss=0.0251
  [Client 17] Round 10 | Hier-pFedMe(λ2=35.0,K=5) | loss=0.0210
  [Client 19] Round 10 | Hier-pFedMe(λ2=35.0,K=5) | loss=0.0035
  [Client 13] Round 10 | Hier-pFedMe(λ2=35.0,K=5) | loss=0.0145
  [Client 14] Round 10 | Hier-pFedMe(λ2=35.0,K=5) | loss=0.0009
  [Edge 1] G10 | E3 | loss=0.0168
  [Edge 1] G10 | E4 | Hier-pFedMe | Selected 10/10
  [Client 11] Received edge weights.
  [Client 17] Received edge weights.
  [Client 15] Received edge weights.
  [Client 19] Received edge weights.
  [Client 12] Received edge weights.
  [Client 18] Received edge weights.
  [Client 10] Received edge weights.
  [Client 16] Received edge weights.
  [Client 14] Received edge weights.
  [Client 13] Received edge weights.
  [Client 11] Round 10 | Hier-pFedMe(λ2=35.0,K=5) | loss=0.0101
  [Client 15] Round 10 | Hier-pFedMe(λ2=35.0,K=5) | loss=0.0073
  [Client 17] Round 10 | Hier-pFedMe(λ2=35.0,K=5) | loss=0.0262
  [Client 19] Round 10 | Hier-pFedMe(λ2=35.0,K=5) | loss=0.0251
  [Client 12] Round 10 | Hier-pFedMe(λ2=35.0,K=5) | loss=0.0071
  [Client 18] Round 10 | Hier-pFedMe(λ2=35.0,K=5) | loss=0.0334
  [Client 10] Round 10 | Hier-pFedMe(λ2=35.0,K=5) | loss=0.0230
  [Client 16] Round 10 | Hier-pFedMe(λ2=35.0,K=5) | loss=0.0063
  [Client 14] Round 10 | Hier-pFedMe(λ2=35.0,K=5) | loss=0.0172
  [Client 13] Round 10 | Hier-pFedMe(λ2=35.0,K=5) | loss=0.0840
  [Edge 1] G10 | E4 | loss=0.0240
  [Edge 1] G10 | E5 | Hier-pFedMe | Selected 10/10
  [Client 16] Received edge weights.
  [Client 10] Received edge weights.
  [Client 13] Received edge weights.
  [Client 19] Received edge weights.
  [Client 15] Received edge weights.
  [Client 18] Received edge weights.
  [Client 11] Received edge weights.
  [Client 12] Received edge weights.
  [Client 14] Received edge weights.
  [Client 17] Received edge weights.
  [Client 19] Round 10 | Hier-pFedMe(λ2=35.0,K=5) | loss=0.0036
  [Client 13] Round 10 | Hier-pFedMe(λ2=35.0,K=5) | loss=0.0210
  [Client 16] Round 10 | Hier-pFedMe(λ2=35.0,K=5) | loss=0.0015
  [Client 10] Round 10 | Hier-pFedMe(λ2=35.0,K=5) | loss=0.0840
  [Client 15] Round 10 | Hier-pFedMe(λ2=35.0,K=5) | loss=0.0188
  [Client 18] Round 10 | Hier-pFedMe(λ2=35.0,K=5) | loss=0.0830
  [Client 11] Round 10 | Hier-pFedMe(λ2=35.0,K=5) | loss=0.0027
  [Client 12] Round 10 | Hier-pFedMe(λ2=35.0,K=5) | loss=0.0469
  [Client 14] Round 10 | Hier-pFedMe(λ2=35.0,K=5) | loss=0.0165
  [Client 17] Round 10 | Hier-pFedMe(λ2=35.0,K=5) | loss=0.0618
  [Edge 1] G10 | E5 | loss=0.0340
[C0] eval model[0] mean=0.000011 | θ̃ mean=0.000011 | edge mean=-0.000040 |local ref=0.000013
[C0] n=1000 | classes=[3, 6] | acc=0.6540 | per_class={3: '0.62', 6: '0.69'}
[C1] eval model[0] mean=0.000272 | θ̃ mean=0.000272 | edge mean=-0.000040 |local ref=0.000270
[C1] n=1000 | classes=[3, 6] | acc=0.5920 | per_class={3: '0.59', 6: '0.60'}
[C2] eval model[0] mean=0.000462 | θ̃ mean=0.000462 | edge mean=-0.000040 |local ref=0.000458
[C2] n=1000 | classes=[2, 5] | acc=0.6850 | per_class={2: '0.49', 5: '0.89'}
[C3] eval model[0] mean=0.000229 | θ̃ mean=0.000229 | edge mean=-0.000040 |local ref=0.000263
[C3] n=1000 | classes=[5, 7] | acc=0.7040 | per_class={5: '0.69', 7: '0.72'}
[C4] eval model[0] mean=0.000347 | θ̃ mean=0.000347 | edge mean=-0.000040 |local ref=0.000340
[C4] n=1000 | classes=[2, 7] | acc=0.7290 | per_class={2: '0.53', 7: '0.94'}
[C5] eval model[0] mean=0.000679 | θ̃ mean=0.000679 | edge mean=-0.000040 |local ref=0.000669
[C5] n=1000 | classes=[2, 4] | acc=0.5120 | per_class={2: '0.96', 4: '0.04'}
[C6] eval model[0] mean=0.000302 | θ̃ mean=0.000302 | edge mean=-0.000040 |local ref=0.000293
[C6] n=1000 | classes=[6, 7] | acc=0.6180 | per_class={6: '0.24', 7: '0.99'}
[C7] eval model[0] mean=0.001287 | θ̃ mean=0.001287 | edge mean=-0.000040 |local ref=0.001264
[C7] n=1000 | classes=[3, 5] | acc=0.4850 | per_class={3: '0.75', 5: '0.23'}
[C8] eval model[0] mean=-0.000416 | θ̃ mean=-0.000416 | edge mean=-0.000040 |local ref=-0.000402
[C8] n=500 | classes=[4] | acc=1.0000 | per_class={4: '1.00'}
[C9] eval model[0] mean=-0.000089 | θ̃ mean=-0.000089 | edge mean=-0.000040 |local ref=-0.000082
[C9] n=500 | classes=[4] | acc=1.0000 | per_class={4: '1.00'}
[C10] eval model[0] mean=-0.000192 | θ̃ mean=-0.000192 | edge mean=0.000044 |local ref=-0.000148
[C10] n=600 | classes=[8, 9] | acc=0.8167 | per_class={8: '0.75', 9: '0.88'}
[C11] eval model[0] mean=-0.000326 | θ̃ mean=-0.000326 | edge mean=0.000044 |local ref=-0.000315
[C11] n=600 | classes=[0, 1] | acc=0.6350 | per_class={0: '0.87', 1: '0.40'}
[C12] eval model[0] mean=-0.000782 | θ̃ mean=-0.000782 | edge mean=0.000044 |local ref=-0.000775
[C12] n=600 | classes=[1, 8] | acc=0.7583 | per_class={1: '0.81', 8: '0.71'}
[C13] eval model[0] mean=0.000318 | θ̃ mean=0.000318 | edge mean=0.000044 |local ref=0.000293
[C13] n=600 | classes=[0, 8] | acc=0.5933 | per_class={0: '0.58', 8: '0.61'}
[C14] eval model[0] mean=-0.000862 | θ̃ mean=-0.000862 | edge mean=0.000044 |local ref=-0.000840
[C14] n=600 | classes=[0, 9] | acc=0.7050 | per_class={0: '0.45', 9: '0.98'}
[C15] eval model[0] mean=-0.000073 | θ̃ mean=-0.000073 | edge mean=0.000044 |local ref=-0.000067
[C15] n=600 | classes=[0, 8] | acc=0.6750 | per_class={0: '0.70', 8: '0.65'}
[C16] eval model[0] mean=0.000609 | θ̃ mean=0.000609 | edge mean=0.000044 |local ref=0.000586
[C16] n=600 | classes=[1, 8] | acc=0.7117 | per_class={1: '0.53', 8: '0.89'}
[C17] eval model[0] mean=-0.000057 | θ̃ mean=-0.000057 | edge mean=0.000044 |local ref=-0.000004
[C17] n=600 | classes=[1, 9] | acc=0.5850 | per_class={1: '0.57', 9: '0.60'}
[C18] eval model[0] mean=0.000054 | θ̃ mean=0.000054 | edge mean=0.000044 |local ref=0.000103
[C18] n=600 | classes=[1, 9] | acc=0.5317 | per_class={1: '1.00', 9: '0.02'}
[C19] eval model[0] mean=0.000211 | θ̃ mean=0.000211 | edge mean=0.000044 |local ref=0.000225
[C19] n=600 | classes=[0, 9] | acc=0.7800 | per_class={0: '0.62', 9: '0.92'}
  [Cloud] GM=0.3122 | EM=0.3613 PM=0.6703 | loss=1.9292 | time=49.3s | comm=4556.2MB (total=45562MB)

[Round  11] Broadcasting to 2 edges...
  [Edge 0] W_n reset to global weights for new round.
  [Edge 1] W_n reset to global weights for new round.
  [Edge 0] G11 | E1 | Hier-pFedMe | Selected 10/10
  [Client  3] Received edge weights.
  [Client  7] Received edge weights.
