This job can be monitored from: https://job.c3se.chalmers.se/alvis/6656309
========================================
Job ID      : 6656309
Job Name    : HierFLcifar10
Node        : alvis9-10
Start Time  : Wed May 20 22:38:54 CEST 2026
Working Dir : /cephyr/users/ziangg/Alvis/tf-dpfl
========================================
[Setup] Python: /cephyr/users/ziangg/Alvis/tf-dpfl/bin/python
[Setup] TF version: 2.15.1
[Setup] GPU available: [PhysicalDevice(name='/physical_device:GPU:0', device_type='GPU')]
[Config] Override: wandb.enabled = True
[Setup] Random seed: 42
[Setup] Loading dataset...
[Data] CIFAR-10 from Mimer: /mimer/NOBACKUP/Datasets/CIFAR
[Setup] Building global model...
Model: "fedavg_cnn"
_________________________________________________________________
 Layer (type)                Output Shape              Param #   
=================================================================
 input_1 (InputLayer)        [(None, 32, 32, 3)]       0         
                                                                 
 conv2d (Conv2D)             (None, 28, 28, 32)        2432      
                                                                 
 max_pooling2d (MaxPooling2  (None, 14, 14, 32)        0         
 D)                                                              
                                                                 
 conv2d_1 (Conv2D)           (None, 10, 10, 64)        51264     
                                                                 
 max_pooling2d_1 (MaxPoolin  (None, 5, 5, 64)          0         
 g2D)                                                            
                                                                 
 flatten (Flatten)           (None, 1600)              0         
                                                                 
 dense (Dense)               (None, 512)               819712    
                                                                 
 dense_1 (Dense)             (None, 10)                5130      
                                                                 
=================================================================
Total params: 878538 (3.35 MB)
Trainable params: 878538 (3.35 MB)
Non-trainable params: 0 (0.00 Byte)
_________________________________________________________________
[Setup] Building clients...

[Superclass-aware partition] 2 edges, 2 classes/client

  Edge 0 (class pool: [2, 3, 4, 5, 6, 7]):
  Client       Samples    Classes held                        Out-of-pool?
  ---------------------------------------------------------------------------
  client_0     4000       [3, 6]                              OK
  client_1     4000       [3, 6]                              OK
  client_2     4000       [2, 5]                              OK
  client_3     4000       [5, 7]                              OK
  client_4     4000       [2, 7]                              OK
  client_5     4000       [2, 4]                              OK
  client_6     4000       [6, 7]                              OK
  client_7     4000       [3, 5]                              OK
  client_8     2000       [4]                                 OK
  client_9     2000       [4]                                 OK

  Edge 1 (class pool: [0, 1, 8, 9]):
  Client       Samples    Classes held                        Out-of-pool?
  ---------------------------------------------------------------------------
  client_10    2400       [8, 9]                              OK
  client_11    2400       [0, 1]                              OK
  client_12    2400       [1, 8]                              OK
  client_13    2400       [0, 8]                              OK
  client_14    2400       [0, 9]                              OK
  client_15    2400       [0, 8]                              OK
  client_16    2400       [1, 8]                              OK
  client_17    2400       [1, 9]                              OK
  client_18    2400       [1, 9]                              OK
  client_19    2400       [0, 9]                              OK

[Train/Test split] 20 clients | avg train=2250, avg test=750 samples (ratio=0.25)
[Setup] 20 clients built (superclass_pathological) | per-client test sets injected
[Setup] Building edge servers...
[Assignment] Using pre-baked superclass assignments | 2 edges
[EdgeServer 0] 10 clients | 27000 samples
[EdgeServer 1] 10 clients | 18000 samples

[Setup] Built 2 edge servers (strategy=superclass_baked)
  Edge 0: 10 clients | 27000 samples
  Edge 1: 10 clients | 18000 samples
[Setup] Building per-edge test datasets (superclass-aware)...
[CloudServer] 2 edges | model: 3.35 MB

====================================================
 HierFAVG Training Start
====================================================

[Round   1] Broadcasting to 2 edges...
  [Edge 0] W_n reset to global weights for new round.
  [Edge 1] W_n reset to global weights for new round.
  [Edge 0] G1 | E1 | Hier-pFedMe | Selected 10/10
  [Client  3] Received edge weights.
[C3] Test set: samples=1000, class_dist={5: 506, 7: 494}
  [Client  6] Received edge weights.
[C6] Test set: samples=1000, class_dist={6: 493, 7: 507}
  [Client  9] Received edge weights.
[C9] Test set: samples=500, class_dist={4: 500}
  [Client  8] Received edge weights.
[C8] Test set: samples=500, class_dist={4: 500}
  [Client  7] Received edge weights.
[C7] Test set: samples=1000, class_dist={3: 485, 5: 515}
  [Client  1] Received edge weights.
[C1] Test set: samples=1000, class_dist={3: 515, 6: 485}
  [Client  4] Received edge weights.
[C4] Test set: samples=1000, class_dist={2: 507, 7: 493}
  [Client  0] Received edge weights.
[C0] Test set: samples=1000, class_dist={3: 511, 6: 489}
  [Client  5] Received edge weights.
[C5] Test set: samples=1000, class_dist={2: 510, 4: 490}
  [Client  2] Received edge weights.
[C2] Test set: samples=1000, class_dist={2: 507, 5: 493}
  [Client  6] Starting Hier-pFedMe | λ2=35.0, η2=0.02, inner_steps=3, epochs=1, batches/epoch=188  [Client  9] Starting Hier-pFedMe | λ2=35.0, η2=0.02, inner_steps=3, epochs=1, batches/epoch=94

  [Client  3] Starting Hier-pFedMe | λ2=35.0, η2=0.02, inner_steps=3, epochs=1, batches/epoch=188
  [Client  8] Starting Hier-pFedMe | λ2=35.0, η2=0.02, inner_steps=3, epochs=1, batches/epoch=94
[C3] eval model[0] mean=0.000265 | edge mean=0.000265
[C6] eval model[0] mean=0.000265 | edge mean=0.000265[C8] eval model[0] mean=0.000265 | edge mean=0.000265

[C9] eval model[0] mean=0.000265 | edge mean=0.000265
[C8] n=500 | classes=[4] | acc=0.0020 | per_class={4: '0.00'}
[C9] n=500 | classes=[4] | acc=0.0100 | per_class={4: '0.01'}
[C3] n=1000 | classes=[5, 7] | acc=0.3000 | per_class={5: '0.59', 7: '0.00'}
[C6] n=1000 | classes=[6, 7] | acc=0.0690 | per_class={6: '0.13', 7: '0.01'}
[C8] eval model[0] mean=-0.000577 | edge mean=0.000265
[C9] eval model[0] mean=-0.000488 | edge mean=0.000265
[C8] n=500 | classes=[4] | acc=1.0000 | per_class={4: '1.00'}
  [Client  8] Round 1 | Hier-pFedMe(λ2=35.0, K=3) | loss=0.0077
  [Client  7] Starting Hier-pFedMe | λ2=35.0, η2=0.02, inner_steps=3, epochs=1, batches/epoch=188
[C7] eval model[0] mean=0.000265 | edge mean=0.000265
[C9] n=500 | classes=[4] | acc=1.0000 | per_class={4: '1.00'}
  [Client  9] Round 1 | Hier-pFedMe(λ2=35.0, K=3) | loss=0.0081
  [Client  1] Starting Hier-pFedMe | λ2=35.0, η2=0.02, inner_steps=3, epochs=1, batches/epoch=188
[C1] eval model[0] mean=0.000265 | edge mean=0.000265
[C3] eval model[0] mean=0.001709 | edge mean=0.000265
[C6] eval model[0] mean=0.000557 | edge mean=0.000265
[C7] n=1000 | classes=[3, 5] | acc=0.3210 | per_class={3: '0.07', 5: '0.56'}
[C1] n=1000 | classes=[3, 6] | acc=0.0920 | per_class={3: '0.08', 6: '0.11'}
[C3] n=1000 | classes=[5, 7] | acc=0.7400 | per_class={5: '0.60', 7: '0.88'}
  [Client  3] Round 1 | Hier-pFedMe(λ2=35.0, K=3) | loss=0.3404
  [Client  4] Starting Hier-pFedMe | λ2=35.0, η2=0.02, inner_steps=3, epochs=1, batches/epoch=188
[C6] n=1000 | classes=[6, 7] | acc=0.8200 | per_class={6: '0.91', 7: '0.73'}
[C4] eval model[0] mean=0.000265 | edge mean=0.000265
  [Client  6] Round 1 | Hier-pFedMe(λ2=35.0, K=3) | loss=0.2934
  [Client  0] Starting Hier-pFedMe | λ2=35.0, η2=0.02, inner_steps=3, epochs=1, batches/epoch=188
[C0] eval model[0] mean=0.000265 | edge mean=0.000265
[C4] n=1000 | classes=[2, 7] | acc=0.0070 | per_class={2: '0.00', 7: '0.01'}
    [ERROR] Client 0: {{function_node __wrapped____EagerConst_device_/job:localhost/replica:0/task:0/device:GPU:0}} End of sequence
  [Client  5] Starting Hier-pFedMe | λ2=35.0, η2=0.02, inner_steps=3, epochs=1, batches/epoch=188
[C5] eval model[0] mean=0.000265 | edge mean=0.000265
[C5] n=1000 | classes=[2, 4] | acc=0.0040 | per_class={2: '0.00', 4: '0.01'}
[C7] eval model[0] mean=0.000764 | edge mean=0.000265
[C1] eval model[0] mean=0.002255 | edge mean=0.000265
[C7] n=1000 | classes=[3, 5] | acc=0.6030 | per_class={3: '0.82', 5: '0.40'}
  [Client  7] Round 1 | Hier-pFedMe(λ2=35.0, K=3) | loss=0.4496
  [Client  2] Starting Hier-pFedMe | λ2=35.0, η2=0.02, inner_steps=3, epochs=1, batches/epoch=188
[C2] eval model[0] mean=0.000265 | edge mean=0.000265
[C1] n=1000 | classes=[3, 6] | acc=0.7840 | per_class={3: '0.73', 6: '0.84'}
  [Client  1] Round 1 | Hier-pFedMe(λ2=35.0, K=3) | loss=0.4163
[C2] n=1000 | classes=[2, 5] | acc=0.2800 | per_class={2: '0.00', 5: '0.57'}
[C4] eval model[0] mean=0.001179 | edge mean=0.000265
[C4] n=1000 | classes=[2, 7] | acc=0.7130 | per_class={2: '0.94', 7: '0.47'}
  [Client  4] Round 1 | Hier-pFedMe(λ2=35.0, K=3) | loss=0.3756
[C5] eval model[0] mean=0.000350 | edge mean=0.000265
[C5] n=1000 | classes=[2, 4] | acc=0.5970 | per_class={2: '0.38', 4: '0.82'}
  [Client  5] Round 1 | Hier-pFedMe(λ2=35.0, K=3) | loss=0.4765
[C2] eval model[0] mean=0.003066 | edge mean=0.000265
[C2] n=1000 | classes=[2, 5] | acc=0.6660 | per_class={2: '0.44', 5: '0.90'}
  [Client  2] Round 1 | Hier-pFedMe(λ2=35.0, K=3) | loss=0.4082
  [Edge 0] G1 | E1 | loss=0.3460
  [Edge 0] G1 | E2 | Hier-pFedMe | Selected 10/10
  [Client  3] Received edge weights.
[C3] Test set: samples=1000, class_dist={5: 506, 7: 494}
  [Client  0] Received edge weights.
[C0] Test set: samples=1000, class_dist={3: 511, 6: 489}
  [Client  7] Received edge weights.
[C7] Test set: samples=1000, class_dist={3: 485, 5: 515}
  [Client  9] Received edge weights.
[C9] Test set: samples=500, class_dist={4: 500}
  [Client  6] Received edge weights.
[C6] Test set: samples=1000, class_dist={6: 493, 7: 507}
  [Client  4] Received edge weights.
[C4] Test set: samples=1000, class_dist={2: 507, 7: 493}
  [Client  2] Received edge weights.
[C2] Test set: samples=1000, class_dist={2: 507, 5: 493}
  [Client  8] Received edge weights.
[C8] Test set: samples=500, class_dist={4: 500}
  [Client  5] Received edge weights.
[C5] Test set: samples=1000, class_dist={2: 510, 4: 490}
  [Client  1] Received edge weights.
[C1] Test set: samples=1000, class_dist={3: 515, 6: 485}
  [Client  3] Starting Hier-pFedMe | λ2=35.0, η2=0.02, inner_steps=3, epochs=1, batches/epoch=188  [Client  9] Starting Hier-pFedMe | λ2=35.0, η2=0.02, inner_steps=3, epochs=1, batches/epoch=94

  [Client  0] Starting Hier-pFedMe | λ2=35.0, η2=0.02, inner_steps=3, epochs=1, batches/epoch=188
  [Client  7] Starting Hier-pFedMe | λ2=35.0, η2=0.02, inner_steps=3, epochs=1, batches/epoch=188
[C3] eval model[0] mean=0.000957 | edge mean=0.000957
[C9] eval model[0] mean=0.000957 | edge mean=0.000957
[C0] eval model[0] mean=0.000957 | edge mean=0.000957
[C7] eval model[0] mean=0.000957 | edge mean=0.000957
[C9] n=500 | classes=[4] | acc=0.3700 | per_class={4: '0.37'}
[C0] n=1000 | classes=[3, 6] | acc=0.0080 | per_class={3: '0.01', 6: '0.01'}
[C7] n=1000 | classes=[3, 5] | acc=0.3320 | per_class={3: '0.02', 5: '0.63'}
[C3] n=1000 | classes=[5, 7] | acc=0.5080 | per_class={5: '0.62', 7: '0.39'}
[C9] eval model[0] mean=0.000396 | edge mean=0.000957
[C9] n=500 | classes=[4] | acc=1.0000 | per_class={4: '1.00'}
  [Client  9] Round 1 | Hier-pFedMe(λ2=35.0, K=3) | loss=0.0047
  [Client  6] Starting Hier-pFedMe | λ2=35.0, η2=0.02, inner_steps=3, epochs=1, batches/epoch=188
[C6] eval model[0] mean=0.000957 | edge mean=0.000957
[C6] n=1000 | classes=[6, 7] | acc=0.1870 | per_class={6: '0.00', 7: '0.36'}
[C7] eval model[0] mean=0.000718 | edge mean=0.000957
[C3] eval model[0] mean=0.001974 | edge mean=0.000957
[C0] eval model[0] mean=0.002744 | edge mean=0.000957
[C7] n=1000 | classes=[3, 5] | acc=0.5510 | per_class={3: '0.92', 5: '0.20'}
  [Client  7] Round 1 | Hier-pFedMe(λ2=35.0, K=3) | loss=0.3743
  [Client  4] Starting Hier-pFedMe | λ2=35.0, η2=0.02, inner_steps=3, epochs=1, batches/epoch=188
[C4] eval model[0] mean=0.000957 | edge mean=0.000957
[C3] n=1000 | classes=[5, 7] | acc=0.7450 | per_class={5: '0.77', 7: '0.72'}
  [Client  3] Round 1 | Hier-pFedMe(λ2=35.0, K=3) | loss=0.2571
  [Client  2] Starting Hier-pFedMe | λ2=35.0, η2=0.02, inner_steps=3, epochs=1, batches/epoch=188
[C2] eval model[0] mean=0.000957 | edge mean=0.000957
[C6] eval model[0] mean=0.001933 | edge mean=0.000957
[C0] n=1000 | classes=[3, 6] | acc=0.7440 | per_class={3: '0.72', 6: '0.77'}
  [Client  0] Round 1 | Hier-pFedMe(λ2=35.0, K=3) | loss=0.3090
  [Client  8] Starting Hier-pFedMe | λ2=35.0, η2=0.02, inner_steps=3, epochs=1, batches/epoch=94
[C8] eval model[0] mean=0.000957 | edge mean=0.000957
[C4] n=1000 | classes=[2, 7] | acc=0.2890 | per_class={2: '0.17', 7: '0.42'}
[C2] n=1000 | classes=[2, 5] | acc=0.4250 | per_class={2: '0.21', 5: '0.64'}
[C8] n=500 | classes=[4] | acc=0.3500 | per_class={4: '0.35'}
[C6] n=1000 | classes=[6, 7] | acc=0.8230 | per_class={6: '0.95', 7: '0.70'}
  [Client  6] Round 1 | Hier-pFedMe(λ2=35.0, K=3) | loss=0.2084
  [Client  5] Starting Hier-pFedMe | λ2=35.0, η2=0.02, inner_steps=3, epochs=1, batches/epoch=188
[C5] eval model[0] mean=0.000957 | edge mean=0.000957
[C5] n=1000 | classes=[2, 4] | acc=0.2530 | per_class={2: '0.16', 4: '0.34'}
[C8] eval model[0] mean=0.000460 | edge mean=0.000957
[C8] n=500 | classes=[4] | acc=1.0000 | per_class={4: '1.00'}
  [Client  8] Round 1 | Hier-pFedMe(λ2=35.0, K=3) | loss=0.0042
  [Client  1] Starting Hier-pFedMe | λ2=35.0, η2=0.02, inner_steps=3, epochs=1, batches/epoch=188
[C1] eval model[0] mean=0.000957 | edge mean=0.000957
[C4] eval model[0] mean=0.002551 | edge mean=0.000957
[C2] eval model[0] mean=0.003638 | edge mean=0.000957
[C1] n=1000 | classes=[3, 6] | acc=0.0100 | per_class={3: '0.02', 6: '0.00'}
[C4] n=1000 | classes=[2, 7] | acc=0.7970 | per_class={2: '0.75', 7: '0.85'}
  [Client  4] Round 1 | Hier-pFedMe(λ2=35.0, K=3) | loss=0.2814
[C2] n=1000 | classes=[2, 5] | acc=0.7110 | per_class={2: '0.95', 5: '0.47'}
  [Client  2] Round 1 | Hier-pFedMe(λ2=35.0, K=3) | loss=0.3111
[C5] eval model[0] mean=0.000848 | edge mean=0.000957
[C5] n=1000 | classes=[2, 4] | acc=0.6200 | per_class={2: '0.34', 4: '0.91'}
  [Client  5] Round 1 | Hier-pFedMe(λ2=35.0, K=3) | loss=0.3860
[C1] eval model[0] mean=0.002344 | edge mean=0.000957
[C1] n=1000 | classes=[3, 6] | acc=0.7860 | per_class={3: '0.72', 6: '0.85'}
  [Client  1] Round 1 | Hier-pFedMe(λ2=35.0, K=3) | loss=0.3256
  [Edge 0] G1 | E2 | loss=0.2730
  [Edge 0] G1 | E3 | Hier-pFedMe | Selected 10/10
  [Client  9] Received edge weights.
[C9] Test set: samples=500, class_dist={4: 500}
  [Client  7] Received edge weights.
[C7] Test set: samples=1000, class_dist={3: 485, 5: 515}
  [Client  8] Received edge weights.
[C8] Test set: samples=500, class_dist={4: 500}
  [Client  6] Received edge weights.
[C6] Test set: samples=1000, class_dist={6: 493, 7: 507}
  [Client  4] Received edge weights.
[C4] Test set: samples=1000, class_dist={2: 507, 7: 493}
  [Client  1] Received edge weights.
[C1] Test set: samples=1000, class_dist={3: 515, 6: 485}
  [Client  0] Received edge weights.
[C0] Test set: samples=1000, class_dist={3: 511, 6: 489}
  [Client  3] Received edge weights.
[C3] Test set: samples=1000, class_dist={5: 506, 7: 494}
  [Client  5] Received edge weights.
[C5] Test set: samples=1000, class_dist={2: 510, 4: 490}
  [Client  2] Received edge weights.
[C2] Test set: samples=1000, class_dist={2: 507, 5: 493}
  [Client  8] Starting Hier-pFedMe | λ2=35.0, η2=0.02, inner_steps=3, epochs=1, batches/epoch=94
  [Client  6] Starting Hier-pFedMe | λ2=35.0, η2=0.02, inner_steps=3, epochs=1, batches/epoch=188  [Client  7] Starting Hier-pFedMe | λ2=35.0, η2=0.02, inner_steps=3, epochs=1, batches/epoch=188

  [Client  9] Starting Hier-pFedMe | λ2=35.0, η2=0.02, inner_steps=3, epochs=1, batches/epoch=94
[C7] eval model[0] mean=0.001623 | edge mean=0.001623[C8] eval model[0] mean=0.001623 | edge mean=0.001623

[C9] eval model[0] mean=0.001623 | edge mean=0.001623[C6] eval model[0] mean=0.001623 | edge mean=0.001623

[C8] n=500 | classes=[4] | acc=0.1460 | per_class={4: '0.15'}
[C9] n=500 | classes=[4] | acc=0.1580 | per_class={4: '0.16'}
[C7] n=1000 | classes=[3, 5] | acc=0.3360 | per_class={3: '0.32', 5: '0.36'}
[C6] n=1000 | classes=[6, 7] | acc=0.5210 | per_class={6: '0.61', 7: '0.43'}
[C8] eval model[0] mean=0.001099 | edge mean=0.001623
[C9] eval model[0] mean=0.001089 | edge mean=0.001623
[C8] n=500 | classes=[4] | acc=1.0000 | per_class={4: '1.00'}
[C9] n=500 | classes=[4] | acc=1.0000 | per_class={4: '1.00'}
  [Client  8] Round 1 | Hier-pFedMe(λ2=35.0, K=3) | loss=0.0038
  [Client  9] Round 1 | Hier-pFedMe(λ2=35.0, K=3) | loss=0.0043
  [Client  4] Starting Hier-pFedMe | λ2=35.0, η2=0.02, inner_steps=3, epochs=1, batches/epoch=188
  [Client  1] Starting Hier-pFedMe | λ2=35.0, η2=0.02, inner_steps=3, epochs=1, batches/epoch=188
[C4] eval model[0] mean=0.001623 | edge mean=0.001623
[C1] eval model[0] mean=0.001623 | edge mean=0.001623
[C4] n=1000 | classes=[2, 7] | acc=0.3310 | per_class={2: '0.21', 7: '0.45'}
[C1] n=1000 | classes=[3, 6] | acc=0.5060 | per_class={3: '0.36', 6: '0.66'}
[C7] eval model[0] mean=0.001752 | edge mean=0.001623
[C6] eval model[0] mean=0.002095 | edge mean=0.001623
[C7] n=1000 | classes=[3, 5] | acc=0.6530 | per_class={3: '0.61', 5: '0.69'}
  [Client  7] Round 1 | Hier-pFedMe(λ2=35.0, K=3) | loss=0.3383
  [Client  0] Starting Hier-pFedMe | λ2=35.0, η2=0.02, inner_steps=3, epochs=1, batches/epoch=188
[C0] eval model[0] mean=0.001623 | edge mean=0.001623
[C6] n=1000 | classes=[6, 7] | acc=0.8320 | per_class={6: '0.91', 7: '0.75'}
  [Client  6] Round 1 | Hier-pFedMe(λ2=35.0, K=3) | loss=0.1736
  [Client  3] Starting Hier-pFedMe | λ2=35.0, η2=0.02, inner_steps=3, epochs=1, batches/epoch=188
[C3] eval model[0] mean=0.001623 | edge mean=0.001623
[C0] n=1000 | classes=[3, 6] | acc=0.4670 | per_class={3: '0.34', 6: '0.60'}
[C3] n=1000 | classes=[5, 7] | acc=0.3730 | per_class={5: '0.33', 7: '0.41'}
[C4] eval model[0] mean=0.003280 | edge mean=0.001623
[C1] eval model[0] mean=0.002726 | edge mean=0.001623
[C4] n=1000 | classes=[2, 7] | acc=0.7640 | per_class={2: '0.61', 7: '0.92'}
  [Client  4] Round 1 | Hier-pFedMe(λ2=35.0, K=3) | loss=0.2245
  [Client  5] Starting Hier-pFedMe | λ2=35.0, η2=0.02, inner_steps=3, epochs=1, batches/epoch=188
[C5] eval model[0] mean=0.001623 | edge mean=0.001623
[C1] n=1000 | classes=[3, 6] | acc=0.7550 | per_class={3: '0.66', 6: '0.85'}
  [Client  1] Round 1 | Hier-pFedMe(λ2=35.0, K=3) | loss=0.2860
  [Client  2] Starting Hier-pFedMe | λ2=35.0, η2=0.02, inner_steps=3, epochs=1, batches/epoch=188
[C2] eval model[0] mean=0.001623 | edge mean=0.001623
[C5] n=1000 | classes=[2, 4] | acc=0.2010 | per_class={2: '0.25', 4: '0.15'}
[C2] n=1000 | classes=[2, 5] | acc=0.3170 | per_class={2: '0.26', 5: '0.37'}
[C0] eval model[0] mean=0.003562 | edge mean=0.001623
[C3] eval model[0] mean=0.002283 | edge mean=0.001623
[C0] n=1000 | classes=[3, 6] | acc=0.7550 | per_class={3: '0.82', 6: '0.69'}
  [Client  0] Round 1 | Hier-pFedMe(λ2=35.0, K=3) | loss=0.2613
[C3] n=1000 | classes=[5, 7] | acc=0.7380 | per_class={5: '0.90', 7: '0.58'}
  [Client  3] Round 1 | Hier-pFedMe(λ2=35.0, K=3) | loss=0.2047
[C2] eval model[0] mean=0.002929 | edge mean=0.001623
[C5] eval model[0] mean=0.001799 | edge mean=0.001623
[C2] n=1000 | classes=[2, 5] | acc=0.7170 | per_class={2: '0.88', 5: '0.55'}
[C5] n=1000 | classes=[2, 4] | acc=0.6360 | per_class={2: '0.44', 4: '0.84'}
  [Client  2] Round 1 | Hier-pFedMe(λ2=35.0, K=3) | loss=0.2484
  [Client  5] Round 1 | Hier-pFedMe(λ2=35.0, K=3) | loss=0.3479
  [Edge 0] G1 | E3 | loss=0.2321
  [Edge 0] G1 | E4 | Hier-pFedMe | Selected 10/10
  [Client  8] Received edge weights.
[C8] Test set: samples=500, class_dist={4: 500}
  [Client  6] Received edge weights.
[C6] Test set: samples=1000, class_dist={6: 493, 7: 507}
  [Client  0] Received edge weights.
[C0] Test set: samples=1000, class_dist={3: 511, 6: 489}
  [Client  9] Received edge weights.
[C9] Test set: samples=500, class_dist={4: 500}
  [Client  7] Received edge weights.
[C7] Test set: samples=1000, class_dist={3: 485, 5: 515}
  [Client  3] Received edge weights.
[C3] Test set: samples=1000, class_dist={5: 506, 7: 494}
  [Client  5] Received edge weights.
[C5] Test set: samples=1000, class_dist={2: 510, 4: 490}
  [Client  2] Received edge weights.
[C2] Test set: samples=1000, class_dist={2: 507, 5: 493}
  [Client  1] Received edge weights.
[C1] Test set: samples=1000, class_dist={3: 515, 6: 485}
  [Client  4] Received edge weights.
[C4] Test set: samples=1000, class_dist={2: 507, 7: 493}
  [Client  8] Starting Hier-pFedMe | λ2=35.0, η2=0.02, inner_steps=3, epochs=1, batches/epoch=94
  [Client  0] Starting Hier-pFedMe | λ2=35.0, η2=0.02, inner_steps=3, epochs=1, batches/epoch=188
  [Client  9] Starting Hier-pFedMe | λ2=35.0, η2=0.02, inner_steps=3, epochs=1, batches/epoch=94
  [Client  6] Starting Hier-pFedMe | λ2=35.0, η2=0.02, inner_steps=3, epochs=1, batches/epoch=188
[C8] eval model[0] mean=0.002078 | edge mean=0.002078
[C0] eval model[0] mean=0.002078 | edge mean=0.002078
[C9] eval model[0] mean=0.002078 | edge mean=0.002078
[C6] eval model[0] mean=0.002078 | edge mean=0.002078
[C8] n=500 | classes=[4] | acc=0.2100 | per_class={4: '0.21'}
[C9] n=500 | classes=[4] | acc=0.2120 | per_class={4: '0.21'}
[C6] n=1000 | classes=[6, 7] | acc=0.4880 | per_class={6: '0.54', 7: '0.43'}
[C0] n=1000 | classes=[3, 6] | acc=0.3840 | per_class={3: '0.24', 6: '0.53'}
[C8] eval model[0] mean=0.001504 | edge mean=0.002078
[C9] eval model[0] mean=0.001449 | edge mean=0.002078
[C8] n=500 | classes=[4] | acc=1.0000 | per_class={4: '1.00'}
  [Client  8] Round 1 | Hier-pFedMe(λ2=35.0, K=3) | loss=0.0035
[C9] n=500 | classes=[4] | acc=1.0000 | per_class={4: '1.00'}
  [Client  7] Starting Hier-pFedMe | λ2=35.0, η2=0.02, inner_steps=3, epochs=1, batches/epoch=188
[C7] eval model[0] mean=0.002078 | edge mean=0.002078
  [Client  9] Round 1 | Hier-pFedMe(λ2=35.0, K=3) | loss=0.0040
  [Client  3] Starting Hier-pFedMe | λ2=35.0, η2=0.02, inner_steps=3, epochs=1, batches/epoch=188
[C3] eval model[0] mean=0.002078 | edge mean=0.002078
[C7] n=1000 | classes=[3, 5] | acc=0.3440 | per_class={3: '0.23', 5: '0.45'}
[C3] n=1000 | classes=[5, 7] | acc=0.4390 | per_class={5: '0.44', 7: '0.44'}
[C0] eval model[0] mean=0.003341 | edge mean=0.002078
[C6] eval model[0] mean=0.003019 | edge mean=0.002078
[C0] n=1000 | classes=[3, 6] | acc=0.7540 | per_class={3: '0.81', 6: '0.70'}
[C6] n=1000 | classes=[6, 7] | acc=0.8660 | per_class={6: '0.83', 7: '0.90'}
  [Client  0] Round 1 | Hier-pFedMe(λ2=35.0, K=3) | loss=0.2164
  [Client  5] Starting Hier-pFedMe | λ2=35.0, η2=0.02, inner_steps=3, epochs=1, batches/epoch=188
[C5] eval model[0] mean=0.002078 | edge mean=0.002078
  [Client  6] Round 1 | Hier-pFedMe(λ2=35.0, K=3) | loss=0.1390
  [Client  2] Starting Hier-pFedMe | λ2=35.0, η2=0.02, inner_steps=3, epochs=1, batches/epoch=188
[C2] eval model[0] mean=0.002078 | edge mean=0.002078
[C5] n=1000 | classes=[2, 4] | acc=0.2930 | per_class={2: '0.37', 4: '0.22'}
[C2] n=1000 | classes=[2, 5] | acc=0.4140 | per_class={2: '0.38', 5: '0.44'}
[C7] eval model[0] mean=0.001998 | edge mean=0.002078
[C3] eval model[0] mean=0.002483 | edge mean=0.002078
[C7] n=1000 | classes=[3, 5] | acc=0.6070 | per_class={3: '0.42', 5: '0.78'}
  [Client  7] Round 1 | Hier-pFedMe(λ2=35.0, K=3) | loss=0.2772
  [Client  1] Starting Hier-pFedMe | λ2=35.0, η2=0.02, inner_steps=3, epochs=1, batches/epoch=188[C3] n=1000 | classes=[5, 7] | acc=0.7450 | per_class={5: '0.72', 7: '0.78'}

[C1] eval model[0] mean=0.002078 | edge mean=0.002078
  [Client  3] Round 1 | Hier-pFedMe(λ2=35.0, K=3) | loss=0.1781
  [Client  4] Starting Hier-pFedMe | λ2=35.0, η2=0.02, inner_steps=3, epochs=1, batches/epoch=188
[C4] eval model[0] mean=0.002078 | edge mean=0.002078
[C1] n=1000 | classes=[3, 6] | acc=0.4220 | per_class={3: '0.27', 6: '0.59'}
[C4] n=1000 | classes=[2, 7] | acc=0.4270 | per_class={2: '0.40', 7: '0.45'}
[C2] eval model[0] mean=0.003622 | edge mean=0.002078
[C5] eval model[0] mean=0.002253 | edge mean=0.002078
[C2] n=1000 | classes=[2, 5] | acc=0.7180 | per_class={2: '0.69', 5: '0.75'}
[C5] n=1000 | classes=[2, 4] | acc=0.6540 | per_class={2: '0.77', 4: '0.53'}
  [Client  2] Round 1 | Hier-pFedMe(λ2=35.0, K=3) | loss=0.2086
  [Client  5] Round 1 | Hier-pFedMe(λ2=35.0, K=3) | loss=0.3126
[C1] eval model[0] mean=0.003073 | edge mean=0.002078
[C4] eval model[0] mean=0.003520 | edge mean=0.002078
[C1] n=1000 | classes=[3, 6] | acc=0.7980 | per_class={3: '0.79', 6: '0.80'}
  [Client  1] Round 1 | Hier-pFedMe(λ2=35.0, K=3) | loss=0.2223
[C4] n=1000 | classes=[2, 7] | acc=0.7080 | per_class={2: '0.96', 7: '0.45'}
  [Client  4] Round 1 | Hier-pFedMe(λ2=35.0, K=3) | loss=0.1789
  [Edge 0] G1 | E4 | loss=0.1930
  [Edge 0] G1 | E5 | Hier-pFedMe | Selected 10/10
  [Client  8] Received edge weights.
[C8] Test set: samples=500, class_dist={4: 500}
  [Client  1] Received edge weights.
[C1] Test set: samples=1000, class_dist={3: 515, 6: 485}
  [Client  7] Received edge weights.
[C7] Test set: samples=1000, class_dist={3: 485, 5: 515}
  [Client  4] Received edge weights.
[C4] Test set: samples=1000, class_dist={2: 507, 7: 493}
  [Client  5] Received edge weights.
[C5] Test set: samples=1000, class_dist={2: 510, 4: 490}
  [Client  9] Received edge weights.
[C9] Test set: samples=500, class_dist={4: 500}
  [Client  3] Received edge weights.
[C3] Test set: samples=1000, class_dist={5: 506, 7: 494}
  [Client  0] Received edge weights.
[C0] Test set: samples=1000, class_dist={3: 511, 6: 489}
  [Client  6] Received edge weights.
[C6] Test set: samples=1000, class_dist={6: 493, 7: 507}
  [Client  2] Received edge weights.
[C2] Test set: samples=1000, class_dist={2: 507, 5: 493}
  [Client  8] Starting Hier-pFedMe | λ2=35.0, η2=0.02, inner_steps=3, epochs=1, batches/epoch=94
  [Client  4] Starting Hier-pFedMe | λ2=35.0, η2=0.02, inner_steps=3, epochs=1, batches/epoch=188  [Client  7] Starting Hier-pFedMe | λ2=35.0, η2=0.02, inner_steps=3, epochs=1, batches/epoch=188

  [Client  1] Starting Hier-pFedMe | λ2=35.0, η2=0.02, inner_steps=3, epochs=1, batches/epoch=188[C8] eval model[0] mean=0.002446 | edge mean=0.002446

[C7] eval model[0] mean=0.002446 | edge mean=0.002446[C4] eval model[0] mean=0.002446 | edge mean=0.002446

[C1] eval model[0] mean=0.002446 | edge mean=0.002446
[C8] n=500 | classes=[4] | acc=0.1660 | per_class={4: '0.17'}
[C7] n=1000 | classes=[3, 5] | acc=0.3440 | per_class={3: '0.18', 5: '0.50'}
[C4] n=1000 | classes=[2, 7] | acc=0.5450 | per_class={2: '0.58', 7: '0.51'}
[C1] n=1000 | classes=[3, 6] | acc=0.3710 | per_class={3: '0.23', 6: '0.52'}
[C8] eval model[0] mean=0.001995 | edge mean=0.002446
[C8] n=500 | classes=[4] | acc=1.0000 | per_class={4: '1.00'}
  [Client  8] Round 1 | Hier-pFedMe(λ2=35.0, K=3) | loss=0.0031
  [Client  5] Starting Hier-pFedMe | λ2=35.0, η2=0.02, inner_steps=3, epochs=1, batches/epoch=188
[C5] eval model[0] mean=0.002446 | edge mean=0.002446
[C5] n=1000 | classes=[2, 4] | acc=0.3620 | per_class={2: '0.54', 4: '0.18'}
[C7] eval model[0] mean=0.001990 | edge mean=0.002446
[C4] eval model[0] mean=0.003144 | edge mean=0.002446
[C1] eval model[0] mean=0.004083 | edge mean=0.002446
[C7] n=1000 | classes=[3, 5] | acc=0.6610 | per_class={3: '0.55', 5: '0.76'}
  [Client  7] Round 1 | Hier-pFedMe(λ2=35.0, K=3) | loss=0.2579
  [Client  9] Starting Hier-pFedMe | λ2=35.0, η2=0.02, inner_steps=3, epochs=1, batches/epoch=94
[C4] n=1000 | classes=[2, 7] | acc=0.7990 | per_class={2: '0.77', 7: '0.83'}
[C9] eval model[0] mean=0.002446 | edge mean=0.002446
[C1] n=1000 | classes=[3, 6] | acc=0.7800 | per_class={3: '0.72', 6: '0.84'}
  [Client  4] Round 1 | Hier-pFedMe(λ2=35.0, K=3) | loss=0.1503
  [Client  3] Starting Hier-pFedMe | λ2=35.0, η2=0.02, inner_steps=3, epochs=1, batches/epoch=188  [Client  1] Round 1 | Hier-pFedMe(λ2=35.0, K=3) | loss=0.2092

[C3] eval model[0] mean=0.002446 | edge mean=0.002446
  [Client  0] Starting Hier-pFedMe | λ2=35.0, η2=0.02, inner_steps=3, epochs=1, batches/epoch=188
[C0] eval model[0] mean=0.002446 | edge mean=0.002446
[C9] n=500 | classes=[4] | acc=0.1680 | per_class={4: '0.17'}
[C5] eval model[0] mean=0.002024 | edge mean=0.002446
[C3] n=1000 | classes=[5, 7] | acc=0.4580 | per_class={5: '0.45', 7: '0.46'}
[C0] n=1000 | classes=[3, 6] | acc=0.3150 | per_class={3: '0.18', 6: '0.46'}
[C5] n=1000 | classes=[2, 4] | acc=0.6630 | per_class={2: '0.82', 4: '0.50'}
  [Client  5] Round 1 | Hier-pFedMe(λ2=35.0, K=3) | loss=0.2716
  [Client  6] Starting Hier-pFedMe | λ2=35.0, η2=0.02, inner_steps=3, epochs=1, batches/epoch=188
[C9] eval model[0] mean=0.001917 | edge mean=0.002446
[C6] eval model[0] mean=0.002446 | edge mean=0.002446
[C9] n=500 | classes=[4] | acc=1.0000 | per_class={4: '1.00'}
  [Client  9] Round 1 | Hier-pFedMe(λ2=35.0, K=3) | loss=0.0035
  [Client  2] Starting Hier-pFedMe | λ2=35.0, η2=0.02, inner_steps=3, epochs=1, batches/epoch=188
[C2] eval model[0] mean=0.002446 | edge mean=0.002446
[C6] n=1000 | classes=[6, 7] | acc=0.4670 | per_class={6: '0.44', 7: '0.49'}
[C2] n=1000 | classes=[2, 5] | acc=0.5170 | per_class={2: '0.55', 5: '0.48'}
[C3] eval model[0] mean=0.002977 | edge mean=0.002446
[C0] eval model[0] mean=0.004019 | edge mean=0.002446
[C3] n=1000 | classes=[5, 7] | acc=0.7580 | per_class={5: '0.84', 7: '0.67'}
  [Client  3] Round 1 | Hier-pFedMe(λ2=35.0, K=3) | loss=0.1524
[C0] n=1000 | classes=[3, 6] | acc=0.7450 | per_class={3: '0.83', 6: '0.65'}
  [Client  0] Round 1 | Hier-pFedMe(λ2=35.0, K=3) | loss=0.1842
[C6] eval model[0] mean=0.002993 | edge mean=0.002446
[C2] eval model[0] mean=0.003162 | edge mean=0.002446
[C6] n=1000 | classes=[6, 7] | acc=0.8710 | per_class={6: '0.92', 7: '0.82'}
  [Client  6] Round 1 | Hier-pFedMe(λ2=35.0, K=3) | loss=0.1171
[C2] n=1000 | classes=[2, 5] | acc=0.7450 | per_class={2: '0.86', 5: '0.63'}
  [Client  2] Round 1 | Hier-pFedMe(λ2=35.0, K=3) | loss=0.1782
  [Edge 0] G1 | E5 | loss=0.1694
  [Edge 1] G1 | E1 | Hier-pFedMe | Selected 10/10
  [Client 10] Received edge weights.
[C10] Test set: samples=600, class_dist={8: 292, 9: 308}
  [Client 19] Received edge weights.
[C19] Test set: samples=600, class_dist={0: 286, 9: 314}
  [Client 13] Received edge weights.
[C13] Test set: samples=600, class_dist={0: 311, 8: 289}
  [Client 17] Received edge weights.
[C17] Test set: samples=600, class_dist={1: 289, 9: 311}
  [Client 12] Received edge weights.
[C12] Test set: samples=600, class_dist={1: 308, 8: 292}
  [Client 14] Received edge weights.
[C14] Test set: samples=600, class_dist={0: 307, 9: 293}
  [Client 15] Received edge weights.
[C15] Test set: samples=600, class_dist={0: 305, 8: 295}
  [Client 11] Received edge weights.
[C11] Test set: samples=600, class_dist={0: 300, 1: 300}
  [Client 16] Received edge weights.
[C16] Test set: samples=600, class_dist={1: 291, 8: 309}
  [Client 18] Received edge weights.
[C18] Test set: samples=600, class_dist={1: 314, 9: 286}
  [Client 19] Starting Hier-pFedMe | λ2=35.0, η2=0.02, inner_steps=3, epochs=1, batches/epoch=113  [Client 10] Starting Hier-pFedMe | λ2=35.0, η2=0.02, inner_steps=3, epochs=1, batches/epoch=113
  [Client 13] Starting Hier-pFedMe | λ2=35.0, η2=0.02, inner_steps=3, epochs=1, batches/epoch=113

  [Client 17] Starting Hier-pFedMe | λ2=35.0, η2=0.02, inner_steps=3, epochs=1, batches/epoch=113[C19] eval model[0] mean=0.000265 | edge mean=0.000265[C10] eval model[0] mean=0.000265 | edge mean=0.000265
[C13] eval model[0] mean=0.000265 | edge mean=0.000265


[C17] eval model[0] mean=0.000265 | edge mean=0.000265
[C13] n=600 | classes=[0, 8] | acc=0.0750 | per_class={0: '0.05', 8: '0.10'}
[C17] n=600 | classes=[1, 9] | acc=0.0583 | per_class={1: '0.00', 9: '0.11'}
[C19] n=600 | classes=[0, 9] | acc=0.0933 | per_class={0: '0.05', 9: '0.13'}[C10] n=600 | classes=[8, 9] | acc=0.1217 | per_class={8: '0.09', 9: '0.15'}

[C13] eval model[0] mean=0.000206 | edge mean=0.000265
[C10] eval model[0] mean=0.000450 | edge mean=0.000265
[C17] eval model[0] mean=0.000914 | edge mean=0.000265
[C19] eval model[0] mean=0.000424 | edge mean=0.000265
[C13] n=600 | classes=[0, 8] | acc=0.7183 | per_class={0: '0.76', 8: '0.67'}
  [Client 13] Round 1 | Hier-pFedMe(λ2=35.0, K=3) | loss=0.4609
  [Client 12] Starting Hier-pFedMe | λ2=35.0, η2=0.02, inner_steps=3, epochs=1, batches/epoch=113
[C12] eval model[0] mean=0.000265 | edge mean=0.000265
[C10] n=600 | classes=[8, 9] | acc=0.7667 | per_class={8: '0.68', 9: '0.85'}
  [Client 10] Round 1 | Hier-pFedMe(λ2=35.0, K=3) | loss=0.3656
  [Client 14] Starting Hier-pFedMe | λ2=35.0, η2=0.02, inner_steps=3, epochs=1, batches/epoch=113
[C14] eval model[0] mean=0.000265 | edge mean=0.000265
[C19] n=600 | classes=[0, 9] | acc=0.8083 | per_class={0: '0.73', 9: '0.88'}[C17] n=600 | classes=[1, 9] | acc=0.6350 | per_class={1: '0.73', 9: '0.54'}

  [Client 19] Round 1 | Hier-pFedMe(λ2=35.0, K=3) | loss=0.3366
  [Client 15] Starting Hier-pFedMe | λ2=35.0, η2=0.02, inner_steps=3, epochs=1, batches/epoch=113  [Client 17] Round 1 | Hier-pFedMe(λ2=35.0, K=3) | loss=0.5179

  [Client 11] Starting Hier-pFedMe | λ2=35.0, η2=0.02, inner_steps=3, epochs=1, batches/epoch=113
[C15] eval model[0] mean=0.000265 | edge mean=0.000265
[C11] eval model[0] mean=0.000265 | edge mean=0.000265
[C12] n=600 | classes=[1, 8] | acc=0.0500 | per_class={1: '0.00', 8: '0.10'}
[C14] n=600 | classes=[0, 9] | acc=0.1183 | per_class={0: '0.06', 9: '0.18'}
[C11] n=600 | classes=[0, 1] | acc=0.0183 | per_class={0: '0.04', 1: '0.00'}
[C15] n=600 | classes=[0, 8] | acc=0.0700 | per_class={0: '0.05', 8: '0.09'}
[C12] eval model[0] mean=0.000498 | edge mean=0.000265
[C14] eval model[0] mean=0.000269 | edge mean=0.000265
[C12] n=600 | classes=[1, 8] | acc=0.7617 | per_class={1: '0.88', 8: '0.64'}
  [Client 12] Round 1 | Hier-pFedMe(λ2=35.0, K=3) | loss=0.3752
  [Client 16] Starting Hier-pFedMe | λ2=35.0, η2=0.02, inner_steps=3, epochs=1, batches/epoch=113
[C16] eval model[0] mean=0.000265 | edge mean=0.000265
[C15] eval model[0] mean=0.000645 | edge mean=0.000265[C14] n=600 | classes=[0, 9] | acc=0.7917 | per_class={0: '0.71', 9: '0.87'}

  [Client 14] Round 1 | Hier-pFedMe(λ2=35.0, K=3) | loss=0.3674
[C11] eval model[0] mean=-0.000118 | edge mean=0.000265  [Client 18] Starting Hier-pFedMe | λ2=35.0, η2=0.02, inner_steps=3, epochs=1, batches/epoch=113

[C18] eval model[0] mean=0.000265 | edge mean=0.000265
[C16] n=600 | classes=[1, 8] | acc=0.0467 | per_class={1: '0.00', 8: '0.09'}
[C15] n=600 | classes=[0, 8] | acc=0.6717 | per_class={0: '0.76', 8: '0.58'}
  [Client 15] Round 1 | Hier-pFedMe(λ2=35.0, K=3) | loss=0.4262
[C11] n=600 | classes=[0, 1] | acc=0.8100 | per_class={0: '0.68', 1: '0.94'}
  [Client 11] Round 1 | Hier-pFedMe(λ2=35.0, K=3) | loss=0.3659
[C18] n=600 | classes=[1, 9] | acc=0.0617 | per_class={1: '0.00', 9: '0.13'}
[C16] eval model[0] mean=0.000186 | edge mean=0.000265
[C16] n=600 | classes=[1, 8] | acc=0.7933 | per_class={1: '0.71', 8: '0.87'}
  [Client 16] Round 1 | Hier-pFedMe(λ2=35.0, K=3) | loss=0.4036
[C18] eval model[0] mean=0.000649 | edge mean=0.000265
[C18] n=600 | classes=[1, 9] | acc=0.6800 | per_class={1: '0.68', 9: '0.67'}
  [Client 18] Round 1 | Hier-pFedMe(λ2=35.0, K=3) | loss=0.4725
  [Edge 1] G1 | E1 | loss=0.4092
  [Edge 1] G1 | E2 | Hier-pFedMe | Selected 10/10
  [Client 11] Received edge weights.
[C11] Test set: samples=600, class_dist={0: 300, 1: 300}
  [Client 15] Received edge weights.
[C15] Test set: samples=600, class_dist={0: 305, 8: 295}
  [Client 19] Received edge weights.
[C19] Test set: samples=600, class_dist={0: 286, 9: 314}
  [Client 16] Received edge weights.
[C16] Test set: samples=600, class_dist={1: 291, 8: 309}
  [Client 18] Received edge weights.
[C18] Test set: samples=600, class_dist={1: 314, 9: 286}
  [Client 14] Received edge weights.
[C14] Test set: samples=600, class_dist={0: 307, 9: 293}
  [Client 17] Received edge weights.
[C17] Test set: samples=600, class_dist={1: 289, 9: 311}
  [Client 12] Received edge weights.
[C12] Test set: samples=600, class_dist={1: 308, 8: 292}
  [Client 13] Received edge weights.
[C13] Test set: samples=600, class_dist={0: 311, 8: 289}
  [Client 10] Received edge weights.
[C10] Test set: samples=600, class_dist={8: 292, 9: 308}
  [Client 15] Starting Hier-pFedMe | λ2=35.0, η2=0.02, inner_steps=3, epochs=1, batches/epoch=113  [Client 16] Starting Hier-pFedMe | λ2=35.0, η2=0.02, inner_steps=3, epochs=1, batches/epoch=113  [Client 11] Starting Hier-pFedMe | λ2=35.0, η2=0.02, inner_steps=3, epochs=1, batches/epoch=113


  [Client 19] Starting Hier-pFedMe | λ2=35.0, η2=0.02, inner_steps=3, epochs=1, batches/epoch=113[C15] eval model[0] mean=0.000417 | edge mean=0.000417
[C11] eval model[0] mean=0.000417 | edge mean=0.000417
[C16] eval model[0] mean=0.000417 | edge mean=0.000417
[C19] eval model[0] mean=0.000417 | edge mean=0.000417

[C19] n=600 | classes=[0, 9] | acc=0.5667 | per_class={0: '0.46', 9: '0.66'}
[C11] n=600 | classes=[0, 1] | acc=0.4133 | per_class={0: '0.42', 1: '0.41'}
[C16] n=600 | classes=[1, 8] | acc=0.4383 | per_class={1: '0.40', 8: '0.47'}
[C15] n=600 | classes=[0, 8] | acc=0.4867 | per_class={0: '0.54', 8: '0.43'}
[C19] eval model[0] mean=0.000468 | edge mean=0.000417
[C16] eval model[0] mean=0.000503 | edge mean=0.000417
[C11] eval model[0] mean=0.000106 | edge mean=0.000417[C15] eval model[0] mean=0.000383 | edge mean=0.000417

[C16] n=600 | classes=[1, 8] | acc=0.8533 | per_class={1: '0.88', 8: '0.83'}
[C19] n=600 | classes=[0, 9] | acc=0.7917 | per_class={0: '0.82', 9: '0.77'}
  [Client 16] Round 1 | Hier-pFedMe(λ2=35.0, K=3) | loss=0.3016
  [Client 18] Starting Hier-pFedMe | λ2=35.0, η2=0.02, inner_steps=3, epochs=1, batches/epoch=113
[C18] eval model[0] mean=0.000417 | edge mean=0.000417  [Client 19] Round 1 | Hier-pFedMe(λ2=35.0, K=3) | loss=0.2439

[C11] n=600 | classes=[0, 1] | acc=0.8033 | per_class={0: '0.72', 1: '0.88'}[C15] n=600 | classes=[0, 8] | acc=0.6983 | per_class={0: '0.54', 8: '0.86'}

  [Client 14] Starting Hier-pFedMe | λ2=35.0, η2=0.02, inner_steps=3, epochs=1, batches/epoch=113
[C14] eval model[0] mean=0.000417 | edge mean=0.000417
  [Client 11] Round 1 | Hier-pFedMe(λ2=35.0, K=3) | loss=0.2599  [Client 15] Round 1 | Hier-pFedMe(λ2=35.0, K=3) | loss=0.3490

  [Client 12] Starting Hier-pFedMe | λ2=35.0, η2=0.02, inner_steps=3, epochs=1, batches/epoch=113
  [Client 17] Starting Hier-pFedMe | λ2=35.0, η2=0.02, inner_steps=3, epochs=1, batches/epoch=113
[C12] eval model[0] mean=0.000417 | edge mean=0.000417
[C17] eval model[0] mean=0.000417 | edge mean=0.000417
[C18] n=600 | classes=[1, 9] | acc=0.5300 | per_class={1: '0.46', 9: '0.61'}
[C14] n=600 | classes=[0, 9] | acc=0.5383 | per_class={0: '0.42', 9: '0.66'}
[C12] n=600 | classes=[1, 8] | acc=0.4300 | per_class={1: '0.41', 8: '0.45'}
[C17] n=600 | classes=[1, 9] | acc=0.5300 | per_class={1: '0.42', 9: '0.63'}
[C18] eval model[0] mean=0.000784 | edge mean=0.000417
[C14] eval model[0] mean=-0.000402 | edge mean=0.000417
[C12] eval model[0] mean=0.001147 | edge mean=0.000417
[C17] eval model[0] mean=0.000991 | edge mean=0.000417
[C14] n=600 | classes=[0, 9] | acc=0.8267 | per_class={0: '0.75', 9: '0.91'}
[C18] n=600 | classes=[1, 9] | acc=0.6567 | per_class={1: '0.54', 9: '0.78'}
  [Client 14] Round 1 | Hier-pFedMe(λ2=35.0, K=3) | loss=0.2590
[C12] n=600 | classes=[1, 8] | acc=0.7500 | per_class={1: '0.70', 8: '0.80'}  [Client 18] Round 1 | Hier-pFedMe(λ2=35.0, K=3) | loss=0.3498
  [Client 13] Starting Hier-pFedMe | λ2=35.0, η2=0.02, inner_steps=3, epochs=1, batches/epoch=113
[C17] n=600 | classes=[1, 9] | acc=0.6850 | per_class={1: '0.82', 9: '0.56'}

  [Client 10] Starting Hier-pFedMe | λ2=35.0, η2=0.02, inner_steps=3, epochs=1, batches/epoch=113[C13] eval model[0] mean=0.000417 | edge mean=0.000417

  [Client 12] Round 1 | Hier-pFedMe(λ2=35.0, K=3) | loss=0.2760[C10] eval model[0] mean=0.000417 | edge mean=0.000417

  [Client 17] Round 1 | Hier-pFedMe(λ2=35.0, K=3) | loss=0.3562
[C10] n=600 | classes=[8, 9] | acc=0.5500 | per_class={8: '0.46', 9: '0.64'}
[C13] n=600 | classes=[0, 8] | acc=0.4950 | per_class={0: '0.48', 8: '0.51'}
[C10] eval model[0] mean=0.000547 | edge mean=0.000417
[C13] eval model[0] mean=0.000278 | edge mean=0.000417
[C10] n=600 | classes=[8, 9] | acc=0.7967 | per_class={8: '0.73', 9: '0.86'}[C13] n=600 | classes=[0, 8] | acc=0.7367 | per_class={0: '0.66', 8: '0.82'}

  [Client 10] Round 1 | Hier-pFedMe(λ2=35.0, K=3) | loss=0.2705  [Client 13] Round 1 | Hier-pFedMe(λ2=35.0, K=3) | loss=0.3595

  [Edge 1] G1 | E2 | loss=0.3025
  [Edge 1] G1 | E3 | Hier-pFedMe | Selected 10/10
  [Client 10] Received edge weights.
[C10] Test set: samples=600, class_dist={8: 292, 9: 308}
  [Client 14] Received edge weights.
[C14] Test set: samples=600, class_dist={0: 307, 9: 293}
  [Client 15] Received edge weights.
[C15] Test set: samples=600, class_dist={0: 305, 8: 295}
  [Client 12] Received edge weights.
[C12] Test set: samples=600, class_dist={1: 308, 8: 292}
  [Client 18] Received edge weights.
[C18] Test set: samples=600, class_dist={1: 314, 9: 286}
  [Client 11] Received edge weights.
[C11] Test set: samples=600, class_dist={0: 300, 1: 300}
  [Client 16] Received edge weights.
[C16] Test set: samples=600, class_dist={1: 291, 8: 309}
  [Client 13] Received edge weights.
[C13] Test set: samples=600, class_dist={0: 311, 8: 289}
  [Client 17] Received edge weights.
[C17] Test set: samples=600, class_dist={1: 289, 9: 311}
  [Client 19] Received edge weights.
[C19] Test set: samples=600, class_dist={0: 286, 9: 314}
  [Client 15] Starting Hier-pFedMe | λ2=35.0, η2=0.02, inner_steps=3, epochs=1, batches/epoch=113  [Client 12] Starting Hier-pFedMe | λ2=35.0, η2=0.02, inner_steps=3, epochs=1, batches/epoch=113  [Client 10] Starting Hier-pFedMe | λ2=35.0, η2=0.02, inner_steps=3, epochs=1, batches/epoch=113

  [Client 14] Starting Hier-pFedMe | λ2=35.0, η2=0.02, inner_steps=3, epochs=1, batches/epoch=113

[C15] eval model[0] mean=0.000474 | edge mean=0.000474
[C10] eval model[0] mean=0.000474 | edge mean=0.000474[C14] eval model[0] mean=0.000474 | edge mean=0.000474
[C12] eval model[0] mean=0.000474 | edge mean=0.000474

[C15] n=600 | classes=[0, 8] | acc=0.5533 | per_class={0: '0.56', 8: '0.54'}[C10] n=600 | classes=[8, 9] | acc=0.6150 | per_class={8: '0.58', 9: '0.65'}

[C14] n=600 | classes=[0, 9] | acc=0.5650 | per_class={0: '0.49', 9: '0.65'}
[C12] n=600 | classes=[1, 8] | acc=0.4883 | per_class={1: '0.43', 8: '0.55'}
[C15] eval model[0] mean=0.000462 | edge mean=0.000474[C10] eval model[0] mean=0.001052 | edge mean=0.000474

[C14] eval model[0] mean=0.000056 | edge mean=0.000474
[C12] eval model[0] mean=0.000785 | edge mean=0.000474
[C15] n=600 | classes=[0, 8] | acc=0.7300 | per_class={0: '0.67', 8: '0.79'}
[C10] n=600 | classes=[8, 9] | acc=0.8050 | per_class={8: '0.88', 9: '0.73'}
  [Client 15] Round 1 | Hier-pFedMe(λ2=35.0, K=3) | loss=0.2971
  [Client 10] Round 1 | Hier-pFedMe(λ2=35.0, K=3) | loss=0.2476
  [Client 18] Starting Hier-pFedMe | λ2=35.0, η2=0.02, inner_steps=3, epochs=1, batches/epoch=113
[C14] n=600 | classes=[0, 9] | acc=0.8317 | per_class={0: '0.75', 9: '0.92'}
  [Client 11] Starting Hier-pFedMe | λ2=35.0, η2=0.02, inner_steps=3, epochs=1, batches/epoch=113[C18] eval model[0] mean=0.000474 | edge mean=0.000474[C12] n=600 | classes=[1, 8] | acc=0.7883 | per_class={1: '0.74', 8: '0.84'}


  [Client 14] Round 1 | Hier-pFedMe(λ2=35.0, K=3) | loss=0.1944[C11] eval model[0] mean=0.000474 | edge mean=0.000474

  [Client 16] Starting Hier-pFedMe | λ2=35.0, η2=0.02, inner_steps=3, epochs=1, batches/epoch=113  [Client 12] Round 1 | Hier-pFedMe(λ2=35.0, K=3) | loss=0.2183

  [Client 13] Starting Hier-pFedMe | λ2=35.0, η2=0.02, inner_steps=3, epochs=1, batches/epoch=113[C16] eval model[0] mean=0.000474 | edge mean=0.000474

[C13] eval model[0] mean=0.000474 | edge mean=0.000474
[C18] n=600 | classes=[1, 9] | acc=0.5600 | per_class={1: '0.51', 9: '0.61'}
[C11] n=600 | classes=[0, 1] | acc=0.4817 | per_class={0: '0.50', 1: '0.46'}
[C16] n=600 | classes=[1, 8] | acc=0.5100 | per_class={1: '0.44', 8: '0.57'}[C13] n=600 | classes=[0, 8] | acc=0.5883 | per_class={0: '0.55', 8: '0.63'}

[C18] eval model[0] mean=0.000578 | edge mean=0.000474
[C11] eval model[0] mean=0.000505 | edge mean=0.000474
[C16] eval model[0] mean=0.000265 | edge mean=0.000474
[C13] eval model[0] mean=0.000387 | edge mean=0.000474
[C18] n=600 | classes=[1, 9] | acc=0.7083 | per_class={1: '0.80', 9: '0.60'}
  [Client 18] Round 1 | Hier-pFedMe(λ2=35.0, K=3) | loss=0.2987
[C11] n=600 | classes=[0, 1] | acc=0.7983 | per_class={0: '0.64', 1: '0.96'}[C16] n=600 | classes=[1, 8] | acc=0.8533 | per_class={1: '0.88', 8: '0.83'}

  [Client 17] Starting Hier-pFedMe | λ2=35.0, η2=0.02, inner_steps=3, epochs=1, batches/epoch=113
[C17] eval model[0] mean=0.000474 | edge mean=0.000474
  [Client 16] Round 1 | Hier-pFedMe(λ2=35.0, K=3) | loss=0.2378  [Client 11] Round 1 | Hier-pFedMe(λ2=35.0, K=3) | loss=0.2026

  [Client 19] Starting Hier-pFedMe | λ2=35.0, η2=0.02, inner_steps=3, epochs=1, batches/epoch=113
[C19] eval model[0] mean=0.000474 | edge mean=0.000474
[C13] n=600 | classes=[0, 8] | acc=0.6850 | per_class={0: '0.48', 8: '0.91'}
  [Client 13] Round 1 | Hier-pFedMe(λ2=35.0, K=3) | loss=0.3043
    [ERROR] Client 19: {{function_node __wrapped____EagerConst_device_/job:localhost/replica:0/task:0/device:GPU:0}} End of sequence[C17] n=600 | classes=[1, 9] | acc=0.5183 | per_class={1: '0.42', 9: '0.61'}

[C17] eval model[0] mean=0.001068 | edge mean=0.000474
[C17] n=600 | classes=[1, 9] | acc=0.6733 | per_class={1: '0.65', 9: '0.69'}
  [Client 17] Round 1 | Hier-pFedMe(λ2=35.0, K=3) | loss=0.2951
  [Edge 1] G1 | E3 | loss=0.2551
  [Edge 1] G1 | E4 | Hier-pFedMe | Selected 10/10
  [Client 12] Received edge weights.
[C12] Test set: samples=600, class_dist={1: 308, 8: 292}
  [Client 18] Received edge weights.
[C18] Test set: samples=600, class_dist={1: 314, 9: 286}
  [Client 14] Received edge weights.
[C14] Test set: samples=600, class_dist={0: 307, 9: 293}
  [Client 15] Received edge weights.
[C15] Test set: samples=600, class_dist={0: 305, 8: 295}
  [Client 10] Received edge weights.
[C10] Test set: samples=600, class_dist={8: 292, 9: 308}
  [Client 13] Received edge weights.
[C13] Test set: samples=600, class_dist={0: 311, 8: 289}
  [Client 11] Received edge weights.
[C11] Test set: samples=600, class_dist={0: 300, 1: 300}
  [Client 16] Received edge weights.
[C16] Test set: samples=600, class_dist={1: 291, 8: 309}
  [Client 19] Received edge weights.
[C19] Test set: samples=600, class_dist={0: 286, 9: 314}
  [Client 17] Received edge weights.
[C17] Test set: samples=600, class_dist={1: 289, 9: 311}
  [Client 18] Starting Hier-pFedMe | λ2=35.0, η2=0.02, inner_steps=3, epochs=1, batches/epoch=113  [Client 15] Starting Hier-pFedMe | λ2=35.0, η2=0.02, inner_steps=3, epochs=1, batches/epoch=113  [Client 14] Starting Hier-pFedMe | λ2=35.0, η2=0.02, inner_steps=3, epochs=1, batches/epoch=113

  [Client 12] Starting Hier-pFedMe | λ2=35.0, η2=0.02, inner_steps=3, epochs=1, batches/epoch=113
[C14] eval model[0] mean=0.000558 | edge mean=0.000558
[C18] eval model[0] mean=0.000558 | edge mean=0.000558
[C15] eval model[0] mean=0.000558 | edge mean=0.000558

[C12] eval model[0] mean=0.000558 | edge mean=0.000558
[C15] n=600 | classes=[0, 8] | acc=0.4883 | per_class={0: '0.26', 8: '0.73'}[C18] n=600 | classes=[1, 9] | acc=0.5633 | per_class={1: '0.82', 9: '0.28'}

[C14] n=600 | classes=[0, 9] | acc=0.2433 | per_class={0: '0.21', 9: '0.28'}[C12] n=600 | classes=[1, 8] | acc=0.7300 | per_class={1: '0.73', 8: '0.73'}

[C18] eval model[0] mean=0.000769 | edge mean=0.000558[C14] eval model[0] mean=0.000620 | edge mean=0.000558
[C12] eval model[0] mean=0.000455 | edge mean=0.000558
[C15] eval model[0] mean=0.000379 | edge mean=0.000558

[C14] n=600 | classes=[0, 9] | acc=0.8567 | per_class={0: '0.91', 9: '0.80'}
[C18] n=600 | classes=[1, 9] | acc=0.6817 | per_class={1: '0.69', 9: '0.67'}
  [Client 14] Round 1 | Hier-pFedMe(λ2=35.0, K=3) | loss=0.1686[C15] n=600 | classes=[0, 8] | acc=0.7233 | per_class={0: '0.54', 8: '0.91'}

  [Client 18] Round 1 | Hier-pFedMe(λ2=35.0, K=3) | loss=0.2516
  [Client 10] Starting Hier-pFedMe | λ2=35.0, η2=0.02, inner_steps=3, epochs=1, batches/epoch=113
  [Client 13] Starting Hier-pFedMe | λ2=35.0, η2=0.02, inner_steps=3, epochs=1, batches/epoch=113[C10] eval model[0] mean=0.000558 | edge mean=0.000558

[C12] n=600 | classes=[1, 8] | acc=0.8067 | per_class={1: '0.78', 8: '0.84'}[C13] eval model[0] mean=0.000558 | edge mean=0.000558  [Client 15] Round 1 | Hier-pFedMe(λ2=35.0, K=3) | loss=0.2512


  [Client 11] Starting Hier-pFedMe | λ2=35.0, η2=0.02, inner_steps=3, epochs=1, batches/epoch=113
[C11] eval model[0] mean=0.000558 | edge mean=0.000558
  [Client 12] Round 1 | Hier-pFedMe(λ2=35.0, K=3) | loss=0.1592
  [Client 16] Starting Hier-pFedMe | λ2=35.0, η2=0.02, inner_steps=3, epochs=1, batches/epoch=113
[C16] eval model[0] mean=0.000558 | edge mean=0.000558
[C13] n=600 | classes=[0, 8] | acc=0.4783 | per_class={0: '0.21', 8: '0.77'}[C10] n=600 | classes=[8, 9] | acc=0.5333 | per_class={8: '0.76', 9: '0.32'}

[C11] n=600 | classes=[0, 1] | acc=0.4950 | per_class={0: '0.22', 1: '0.77'}
[C16] n=600 | classes=[1, 8] | acc=0.7933 | per_class={1: '0.80', 8: '0.79'}
[C13] eval model[0] mean=0.000334 | edge mean=0.000558[C10] eval model[0] mean=0.001213 | edge mean=0.000558

[C11] eval model[0] mean=0.001078 | edge mean=0.000558
[C16] eval model[0] mean=0.000398 | edge mean=0.000558
[C13] n=600 | classes=[0, 8] | acc=0.7400 | per_class={0: '0.78', 8: '0.70'}[C10] n=600 | classes=[8, 9] | acc=0.8217 | per_class={8: '0.91', 9: '0.74'}

  [Client 13] Round 1 | Hier-pFedMe(λ2=35.0, K=3) | loss=0.2537
  [Client 19] Starting Hier-pFedMe | λ2=35.0, η2=0.02, inner_steps=3, epochs=1, batches/epoch=113  [Client 10] Round 1 | Hier-pFedMe(λ2=35.0, K=3) | loss=0.1830

[C19] eval model[0] mean=0.000558 | edge mean=0.000558
  [Client 17] Starting Hier-pFedMe | λ2=35.0, η2=0.02, inner_steps=3, epochs=1, batches/epoch=113[C16] n=600 | classes=[1, 8] | acc=0.8283 | per_class={1: '0.81', 8: '0.85'}

[C17] eval model[0] mean=0.000558 | edge mean=0.000558
[C11] n=600 | classes=[0, 1] | acc=0.8017 | per_class={0: '0.87', 1: '0.73'}
  [Client 16] Round 1 | Hier-pFedMe(λ2=35.0, K=3) | loss=0.1713
  [Client 11] Round 1 | Hier-pFedMe(λ2=35.0, K=3) | loss=0.1485
[C19] n=600 | classes=[0, 9] | acc=0.2650 | per_class={0: '0.21', 9: '0.32'}
[C17] n=600 | classes=[1, 9] | acc=0.5083 | per_class={1: '0.78', 9: '0.26'}
[C19] eval model[0] mean=0.000701 | edge mean=0.000558
[C17] eval model[0] mean=0.001279 | edge mean=0.000558
[C19] n=600 | classes=[0, 9] | acc=0.8267 | per_class={0: '0.76', 9: '0.89'}
[C17] n=600 | classes=[1, 9] | acc=0.6617 | per_class={1: '0.74', 9: '0.59'}
  [Client 19] Round 1 | Hier-pFedMe(λ2=35.0, K=3) | loss=0.1701
  [Client 17] Round 1 | Hier-pFedMe(λ2=35.0, K=3) | loss=0.2483
  [Edge 1] G1 | E4 | loss=0.2006
  [Edge 1] G1 | E5 | Hier-pFedMe | Selected 10/10
  [Client 13] Received edge weights.
[C13] Test set: samples=600, class_dist={0: 311, 8: 289}
  [Client 16] Received edge weights.
[C16] Test set: samples=600, class_dist={1: 291, 8: 309}
  [Client 18] Received edge weights.
[C18] Test set: samples=600, class_dist={1: 314, 9: 286}
  [Client 19] Received edge weights.
[C19] Test set: samples=600, class_dist={0: 286, 9: 314}
  [Client 17] Received edge weights.
[C17] Test set: samples=600, class_dist={1: 289, 9: 311}
  [Client 15] Received edge weights.
[C15] Test set: samples=600, class_dist={0: 305, 8: 295}
  [Client 12] Received edge weights.
[C12] Test set: samples=600, class_dist={1: 308, 8: 292}
  [Client 14] Received edge weights.
[C14] Test set: samples=600, class_dist={0: 307, 9: 293}
  [Client 11] Received edge weights.
[C11] Test set: samples=600, class_dist={0: 300, 1: 300}
  [Client 10] Received edge weights.
[C10] Test set: samples=600, class_dist={8: 292, 9: 308}
  [Client 18] Starting Hier-pFedMe | λ2=35.0, η2=0.02, inner_steps=3, epochs=1, batches/epoch=113  [Client 16] Starting Hier-pFedMe | λ2=35.0, η2=0.02, inner_steps=3, epochs=1, batches/epoch=113

  [Client 19] Starting Hier-pFedMe | λ2=35.0, η2=0.02, inner_steps=3, epochs=1, batches/epoch=113  [Client 13] Starting Hier-pFedMe | λ2=35.0, η2=0.02, inner_steps=3, epochs=1, batches/epoch=113
[C16] eval model[0] mean=0.000722 | edge mean=0.000722[C18] eval model[0] mean=0.000722 | edge mean=0.000722


[C13] eval model[0] mean=0.000722 | edge mean=0.000722[C19] eval model[0] mean=0.000722 | edge mean=0.000722

[C16] n=600 | classes=[1, 8] | acc=0.5317 | per_class={1: '0.46', 8: '0.60'}
[C18] n=600 | classes=[1, 9] | acc=0.5617 | per_class={1: '0.51', 9: '0.62'}
[C19] n=600 | classes=[0, 9] | acc=0.6450 | per_class={0: '0.66', 9: '0.63'}
[C13] n=600 | classes=[0, 8] | acc=0.6400 | per_class={0: '0.66', 8: '0.62'}
[C16] eval model[0] mean=0.000530 | edge mean=0.000722
[C19] eval model[0] mean=0.000663 | edge mean=0.000722
[C18] eval model[0] mean=0.000755 | edge mean=0.000722
[C13] eval model[0] mean=-0.000075 | edge mean=0.000722
[C16] n=600 | classes=[1, 8] | acc=0.8700 | per_class={1: '0.90', 8: '0.84'}
[C19] n=600 | classes=[0, 9] | acc=0.8350 | per_class={0: '0.79', 9: '0.88'}
  [Client 16] Round 1 | Hier-pFedMe(λ2=35.0, K=3) | loss=0.1458  [Client 19] Round 1 | Hier-pFedMe(λ2=35.0, K=3) | loss=0.1348[C13] n=600 | classes=[0, 8] | acc=0.7717 | per_class={0: '0.70', 8: '0.84'}
[C18] n=600 | classes=[1, 9] | acc=0.6550 | per_class={1: '0.61', 9: '0.71'}


  [Client 15] Starting Hier-pFedMe | λ2=35.0, η2=0.02, inner_steps=3, epochs=1, batches/epoch=113
  [Client 17] Starting Hier-pFedMe | λ2=35.0, η2=0.02, inner_steps=3, epochs=1, batches/epoch=113
[C15] eval model[0] mean=0.000722 | edge mean=0.000722
  [Client 18] Round 1 | Hier-pFedMe(λ2=35.0, K=3) | loss=0.2070
[C17] eval model[0] mean=0.000722 | edge mean=0.000722
  [Client 13] Round 1 | Hier-pFedMe(λ2=35.0, K=3) | loss=0.2133  [Client 12] Starting Hier-pFedMe | λ2=35.0, η2=0.02, inner_steps=3, epochs=1, batches/epoch=113

  [Client 14] Starting Hier-pFedMe | λ2=35.0, η2=0.02, inner_steps=3, epochs=1, batches/epoch=113
[C12] eval model[0] mean=0.000722 | edge mean=0.000722
[C14] eval model[0] mean=0.000722 | edge mean=0.000722
[C12] n=600 | classes=[1, 8] | acc=0.5283 | per_class={1: '0.47', 8: '0.59'}
[C15] n=600 | classes=[0, 8] | acc=0.6000 | per_class={0: '0.64', 8: '0.56'}
[C17] n=600 | classes=[1, 9] | acc=0.5483 | per_class={1: '0.48', 9: '0.61'}
[C14] n=600 | classes=[0, 9] | acc=0.6500 | per_class={0: '0.62', 9: '0.69'}
[C12] eval model[0] mean=0.000330 | edge mean=0.000722
[C17] eval model[0] mean=0.001822 | edge mean=0.000722
[C15] eval model[0] mean=0.000384 | edge mean=0.000722
[C14] eval model[0] mean=0.000491 | edge mean=0.000722
[C12] n=600 | classes=[1, 8] | acc=0.8233 | per_class={1: '0.84', 8: '0.81'}
  [Client 12] Round 1 | Hier-pFedMe(λ2=35.0, K=3) | loss=0.1322[C14] n=600 | classes=[0, 9] | acc=0.8250 | per_class={0: '0.91', 9: '0.73'}

  [Client 11] Starting Hier-pFedMe | λ2=35.0, η2=0.02, inner_steps=3, epochs=1, batches/epoch=113
[C17] n=600 | classes=[1, 9] | acc=0.6617 | per_class={1: '0.88', 9: '0.46'}
[C11] eval model[0] mean=0.000722 | edge mean=0.000722[C15] n=600 | classes=[0, 8] | acc=0.7217 | per_class={0: '0.69', 8: '0.75'}
  [Client 14] Round 1 | Hier-pFedMe(λ2=35.0, K=3) | loss=0.1359

  [Client 17] Round 1 | Hier-pFedMe(λ2=35.0, K=3) | loss=0.1999
  [Client 10] Starting Hier-pFedMe | λ2=35.0, η2=0.02, inner_steps=3, epochs=1, batches/epoch=113
  [Client 15] Round 1 | Hier-pFedMe(λ2=35.0, K=3) | loss=0.2061[C10] eval model[0] mean=0.000722 | edge mean=0.000722

[C11] n=600 | classes=[0, 1] | acc=0.5183 | per_class={0: '0.59', 1: '0.45'}
[C10] n=600 | classes=[8, 9] | acc=0.6233 | per_class={8: '0.61', 9: '0.63'}
[C11] eval model[0] mean=0.000563 | edge mean=0.000722
[C10] eval model[0] mean=0.000731 | edge mean=0.000722
[C11] n=600 | classes=[0, 1] | acc=0.7717 | per_class={0: '0.59', 1: '0.96'}
  [Client 11] Round 1 | Hier-pFedMe(λ2=35.0, K=3) | loss=0.1298
[C10] n=600 | classes=[8, 9] | acc=0.8250 | per_class={8: '0.81', 9: '0.84'}
  [Client 10] Round 1 | Hier-pFedMe(λ2=35.0, K=3) | loss=0.1413
  [Edge 1] G1 | E5 | loss=0.1646
[C0] eval model[0] mean=0.004024 | edge mean=0.002446
[C0] n=1000 | classes=[3, 6] | acc=0.7480 | per_class={3: '0.82', 6: '0.67'}
[C1] eval model[0] mean=0.004079 | edge mean=0.002446
[C1] n=1000 | classes=[3, 6] | acc=0.8070 | per_class={3: '0.85', 6: '0.76'}
[C2] eval model[0] mean=0.003161 | edge mean=0.002446
[C2] n=1000 | classes=[2, 5] | acc=0.7450 | per_class={2: '0.87', 5: '0.62'}
[C3] eval model[0] mean=0.002858 | edge mean=0.002446
[C3] n=1000 | classes=[5, 7] | acc=0.7700 | per_class={5: '0.85', 7: '0.69'}
[C4] eval model[0] mean=0.003162 | edge mean=0.002446
[C4] n=1000 | classes=[2, 7] | acc=0.8000 | per_class={2: '0.75', 7: '0.86'}
[C5] eval model[0] mean=0.002048 | edge mean=0.002446
[C5] n=1000 | classes=[2, 4] | acc=0.6590 | per_class={2: '0.84', 4: '0.47'}
[C6] eval model[0] mean=0.003047 | edge mean=0.002446
[C6] n=1000 | classes=[6, 7] | acc=0.8800 | per_class={6: '0.90', 7: '0.86'}
[C7] eval model[0] mean=0.002028 | edge mean=0.002446
[C7] n=1000 | classes=[3, 5] | acc=0.6450 | per_class={3: '0.63', 5: '0.66'}
[C8] eval model[0] mean=0.001996 | edge mean=0.002446
[C8] n=500 | classes=[4] | acc=1.0000 | per_class={4: '1.00'}
[C9] eval model[0] mean=0.001916 | edge mean=0.002446
[C9] n=500 | classes=[4] | acc=1.0000 | per_class={4: '1.00'}
[C10] eval model[0] mean=0.000702 | edge mean=0.000722
[C10] n=600 | classes=[8, 9] | acc=0.8217 | per_class={8: '0.83', 9: '0.81'}
[C11] eval model[0] mean=0.000502 | edge mean=0.000722
[C11] n=600 | classes=[0, 1] | acc=0.8083 | per_class={0: '0.68', 1: '0.94'}
[C12] eval model[0] mean=0.000408 | edge mean=0.000722
[C12] n=600 | classes=[1, 8] | acc=0.8200 | per_class={1: '0.82', 8: '0.82'}
[C13] eval model[0] mean=-0.000091 | edge mean=0.000722
[C13] n=600 | classes=[0, 8] | acc=0.7667 | per_class={0: '0.71', 8: '0.82'}
[C14] eval model[0] mean=0.000478 | edge mean=0.000722
[C14] n=600 | classes=[0, 9] | acc=0.8433 | per_class={0: '0.91', 9: '0.78'}
[C15] eval model[0] mean=0.000372 | edge mean=0.000722
[C15] n=600 | classes=[0, 8] | acc=0.7267 | per_class={0: '0.69', 8: '0.77'}
[C16] eval model[0] mean=0.000459 | edge mean=0.000722
[C16] n=600 | classes=[1, 8] | acc=0.8767 | per_class={1: '0.90', 8: '0.85'}
[C17] eval model[0] mean=0.001812 | edge mean=0.000722
[C17] n=600 | classes=[1, 9] | acc=0.6617 | per_class={1: '0.88', 9: '0.46'}
[C18] eval model[0] mean=0.000855 | edge mean=0.000722
[C18] n=600 | classes=[1, 9] | acc=0.6700 | per_class={1: '0.61', 9: '0.74'}
[C19] eval model[0] mean=0.000632 | edge mean=0.000722
[C19] n=600 | classes=[0, 9] | acc=0.8350 | per_class={0: '0.79', 9: '0.88'}
  [Cloud] GM=0.2451 | EM=0.4931 PM=0.7835 | loss=2.0949 | time=139.1s | comm=683.7MB (total=684MB)

[Round   2] Broadcasting to 2 edges...
  [Edge 0] W_n reset to global weights for new round.
  [Edge 1] W_n reset to global weights for new round.
  [Edge 0] G2 | E1 | Hier-pFedMe | Selected 10/10
  [Client  9] Received edge weights.
[C9] Test set: samples=500, class_dist={4: 500}
  [Client  2] Received edge weights.
[C2] Test set: samples=1000, class_dist={2: 507, 5: 493}
  [Client  6] Received edge weights.
[C6] Test set: samples=1000, class_dist={6: 493, 7: 507}
  [Client  8] Received edge weights.
[C8] Test set: samples=500, class_dist={4: 500}
  [Client  5] Received edge weights.
[C5] Test set: samples=1000, class_dist={2: 510, 4: 490}
  [Client  1] Received edge weights.
[C1] Test set: samples=1000, class_dist={3: 515, 6: 485}
  [Client  4] Received edge weights.
[C4] Test set: samples=1000, class_dist={2: 507, 7: 493}
  [Client  0] Received edge weights.
[C0] Test set: samples=1000, class_dist={3: 511, 6: 489}
  [Client  7] Received edge weights.
[C7] Test set: samples=1000, class_dist={3: 485, 5: 515}
  [Client  3] Received edge weights.
[C3] Test set: samples=1000, class_dist={5: 506, 7: 494}
  [Client  2] Starting Hier-pFedMe | λ2=35.0, η2=0.02, inner_steps=3, epochs=1, batches/epoch=188  [Client  6] Starting Hier-pFedMe | λ2=35.0, η2=0.02, inner_steps=3, epochs=1, batches/epoch=188  [Client  9] Starting Hier-pFedMe | λ2=35.0, η2=0.02, inner_steps=3, epochs=1, batches/epoch=94
  [Client  8] Starting Hier-pFedMe | λ2=35.0, η2=0.02, inner_steps=3, epochs=1, batches/epoch=94
[C2] eval model[0] mean=0.001588 | edge mean=0.001588


[C6] eval model[0] mean=0.001588 | edge mean=0.001588
[C9] eval model[0] mean=0.001588 | edge mean=0.001588[C8] eval model[0] mean=0.001588 | edge mean=0.001588

[C9] n=500 | classes=[4] | acc=0.0340 | per_class={4: '0.03'}
[C8] n=500 | classes=[4] | acc=0.0500 | per_class={4: '0.05'}
[C6] n=1000 | classes=[6, 7] | acc=0.1150 | per_class={6: '0.16', 7: '0.07'}
[C2] n=1000 | classes=[2, 5] | acc=0.1100 | per_class={2: '0.10', 5: '0.12'}
[C9] eval model[0] mean=0.000943 | edge mean=0.001588
[C8] eval model[0] mean=0.001015 | edge mean=0.001588
[C9] n=500 | classes=[4] | acc=1.0000 | per_class={4: '1.00'}[C8] n=500 | classes=[4] | acc=1.0000 | per_class={4: '1.00'}

  [Client  9] Round 2 | Hier-pFedMe(λ2=35.0, K=3) | loss=0.0060
  [Client  8] Round 2 | Hier-pFedMe(λ2=35.0, K=3) | loss=0.0058
  [Client  5] Starting Hier-pFedMe | λ2=35.0, η2=0.02, inner_steps=3, epochs=1, batches/epoch=188
  [Client  1] Starting Hier-pFedMe | λ2=35.0, η2=0.02, inner_steps=3, epochs=1, batches/epoch=188
[C5] eval model[0] mean=0.001588 | edge mean=0.001588
[C1] eval model[0] mean=0.001588 | edge mean=0.001588
[C5] n=1000 | classes=[2, 4] | acc=0.0700 | per_class={2: '0.10', 4: '0.04'}
[C1] n=1000 | classes=[3, 6] | acc=0.0830 | per_class={3: '0.01', 6: '0.16'}
[C6] eval model[0] mean=0.002818 | edge mean=0.001588
[C2] eval model[0] mean=0.002932 | edge mean=0.001588
[C6] n=1000 | classes=[6, 7] | acc=0.8730 | per_class={6: '0.93', 7: '0.82'}
  [Client  6] Round 2 | Hier-pFedMe(λ2=35.0, K=3) | loss=0.1461
  [Client  4] Starting Hier-pFedMe | λ2=35.0, η2=0.02, inner_steps=3, epochs=1, batches/epoch=188
[C4] eval model[0] mean=0.001588 | edge mean=0.001588
[C2] n=1000 | classes=[2, 5] | acc=0.6500 | per_class={2: '0.41', 5: '0.89'}
  [Client  2] Round 2 | Hier-pFedMe(λ2=35.0, K=3) | loss=0.2170
  [Client  0] Starting Hier-pFedMe | λ2=35.0, η2=0.02, inner_steps=3, epochs=1, batches/epoch=188
[C0] eval model[0] mean=0.001588 | edge mean=0.001588
[C4] n=1000 | classes=[2, 7] | acc=0.0920 | per_class={2: '0.09', 7: '0.09'}
[C0] n=1000 | classes=[3, 6] | acc=0.0820 | per_class={3: '0.02', 6: '0.15'}
[C1] eval model[0] mean=0.003784 | edge mean=0.001588
[C5] eval model[0] mean=0.001374 | edge mean=0.001588
[C1] n=1000 | classes=[3, 6] | acc=0.7900 | per_class={3: '0.83', 6: '0.74'}
  [Client  1] Round 2 | Hier-pFedMe(λ2=35.0, K=3) | loss=0.2481
  [Client  7] Starting Hier-pFedMe | λ2=35.0, η2=0.02, inner_steps=3, epochs=1, batches/epoch=188
[C7] eval model[0] mean=0.001588 | edge mean=0.001588
[C5] n=1000 | classes=[2, 4] | acc=0.5680 | per_class={2: '0.19', 4: '0.96'}
  [Client  5] Round 2 | Hier-pFedMe(λ2=35.0, K=3) | loss=0.2988
  [Client  3] Starting Hier-pFedMe | λ2=35.0, η2=0.02, inner_steps=3, epochs=1, batches/epoch=188
[C3] eval model[0] mean=0.001588 | edge mean=0.001588
[C7] n=1000 | classes=[3, 5] | acc=0.0580 | per_class={3: '0.02', 5: '0.10'}
[C3] n=1000 | classes=[5, 7] | acc=0.0840 | per_class={5: '0.10', 7: '0.07'}
[C4] eval model[0] mean=0.002626 | edge mean=0.001588
[C0] eval model[0] mean=0.003254 | edge mean=0.001588
[C4] n=1000 | classes=[2, 7] | acc=0.7650 | per_class={2: '0.68', 7: '0.86'}[C0] n=1000 | classes=[3, 6] | acc=0.7680 | per_class={3: '0.72', 6: '0.82'}

  [Client  4] Round 2 | Hier-pFedMe(λ2=35.0, K=3) | loss=0.1934  [Client  0] Round 2 | Hier-pFedMe(λ2=35.0, K=3) | loss=0.2212

[C7] eval model[0] mean=0.001478 | edge mean=0.001588
[C3] eval model[0] mean=0.002480 | edge mean=0.001588
[C7] n=1000 | classes=[3, 5] | acc=0.6020 | per_class={3: '0.64', 5: '0.57'}
[C3] n=1000 | classes=[5, 7] | acc=0.7580 | per_class={5: '0.91', 7: '0.61'}
  [Client  7] Round 2 | Hier-pFedMe(λ2=35.0, K=3) | loss=0.2949
  [Client  3] Round 2 | Hier-pFedMe(λ2=35.0, K=3) | loss=0.1806
  [Edge 0] G2 | E1 | loss=0.2007
  [Edge 0] G2 | E2 | Hier-pFedMe | Selected 10/10
  [Client  1] Received edge weights.
[C1] Test set: samples=1000, class_dist={3: 515, 6: 485}
  [Client  5] Received edge weights.
[C5] Test set: samples=1000, class_dist={2: 510, 4: 490}
  [Client  6] Received edge weights.
[C6] Test set: samples=1000, class_dist={6: 493, 7: 507}
  [Client  8] Received edge weights.
[C8] Test set: samples=500, class_dist={4: 500}
  [Client  4] Received edge weights.
[C4] Test set: samples=1000, class_dist={2: 507, 7: 493}
  [Client  3] Received edge weights.
[C3] Test set: samples=1000, class_dist={5: 506, 7: 494}
  [Client  0] Received edge weights.
[C0] Test set: samples=1000, class_dist={3: 511, 6: 489}
  [Client  7] Received edge weights.
[C7] Test set: samples=1000, class_dist={3: 485, 5: 515}
  [Client  9] Received edge weights.
[C9] Test set: samples=500, class_dist={4: 500}
  [Client  2] Received edge weights.
[C2] Test set: samples=1000, class_dist={2: 507, 5: 493}
  [Client  1] Starting Hier-pFedMe | λ2=35.0, η2=0.02, inner_steps=3, epochs=1, batches/epoch=188  [Client  6] Starting Hier-pFedMe | λ2=35.0, η2=0.02, inner_steps=3, epochs=1, batches/epoch=188
  [Client  5] Starting Hier-pFedMe | λ2=35.0, η2=0.02, inner_steps=3, epochs=1, batches/epoch=188  [Client  8] Starting Hier-pFedMe | λ2=35.0, η2=0.02, inner_steps=3, epochs=1, batches/epoch=94


[C1] eval model[0] mean=0.002304 | edge mean=0.002304[C8] eval model[0] mean=0.002304 | edge mean=0.002304

[C6] eval model[0] mean=0.002304 | edge mean=0.002304[C5] eval model[0] mean=0.002304 | edge mean=0.002304

[C8] n=500 | classes=[4] | acc=0.1960 | per_class={4: '0.20'}
[C1] n=1000 | classes=[3, 6] | acc=0.4420 | per_class={3: '0.30', 6: '0.59'}
[C5] n=1000 | classes=[2, 4] | acc=0.2790 | per_class={2: '0.35', 4: '0.20'}
[C6] n=1000 | classes=[6, 7] | acc=0.5270 | per_class={6: '0.55', 7: '0.50'}
[C8] eval model[0] mean=0.001792 | edge mean=0.002304
[C8] n=500 | classes=[4] | acc=1.0000 | per_class={4: '1.00'}
  [Client  8] Round 2 | Hier-pFedMe(λ2=35.0, K=3) | loss=0.0031
  [Client  4] Starting Hier-pFedMe | λ2=35.0, η2=0.02, inner_steps=3, epochs=1, batches/epoch=188
[C4] eval model[0] mean=0.002304 | edge mean=0.002304
[C4] n=1000 | classes=[2, 7] | acc=0.4480 | per_class={2: '0.39', 7: '0.51'}
[C1] eval model[0] mean=0.002890 | edge mean=0.002304
[C5] eval model[0] mean=0.002179 | edge mean=0.002304
[C6] eval model[0] mean=0.003215 | edge mean=0.002304
[C1] n=1000 | classes=[3, 6] | acc=0.7920 | per_class={3: '0.84', 6: '0.74'}
  [Client  1] Round 2 | Hier-pFedMe(λ2=35.0, K=3) | loss=0.1876
  [Client  3] Starting Hier-pFedMe | λ2=35.0, η2=0.02, inner_steps=3, epochs=1, batches/epoch=188
[C3] eval model[0] mean=0.002304 | edge mean=0.002304[C5] n=1000 | classes=[2, 4] | acc=0.6270 | per_class={2: '0.35', 4: '0.91'}

  [Client  5] Round 2 | Hier-pFedMe(λ2=35.0, K=3) | loss=0.2578
  [Client  0] Starting Hier-pFedMe | λ2=35.0, η2=0.02, inner_steps=3, epochs=1, batches/epoch=188
[C6] n=1000 | classes=[6, 7] | acc=0.7880 | per_class={6: '0.98', 7: '0.61'}
[C0] eval model[0] mean=0.002304 | edge mean=0.002304
  [Client  6] Round 2 | Hier-pFedMe(λ2=35.0, K=3) | loss=0.1160
  [Client  7] Starting Hier-pFedMe | λ2=35.0, η2=0.02, inner_steps=3, epochs=1, batches/epoch=188
[C7] eval model[0] mean=0.002304 | edge mean=0.002304
[C4] eval model[0] mean=0.003567 | edge mean=0.002304
[C3] n=1000 | classes=[5, 7] | acc=0.4400 | per_class={5: '0.42', 7: '0.46'}
[C0] n=1000 | classes=[3, 6] | acc=0.4180 | per_class={3: '0.29', 6: '0.55'}
[C7] n=1000 | classes=[3, 5] | acc=0.3670 | per_class={3: '0.29', 5: '0.44'}
[C4] n=1000 | classes=[2, 7] | acc=0.7790 | per_class={2: '0.91', 7: '0.65'}
  [Client  4] Round 2 | Hier-pFedMe(λ2=35.0, K=3) | loss=0.1513
  [Client  9] Starting Hier-pFedMe | λ2=35.0, η2=0.02, inner_steps=3, epochs=1, batches/epoch=94
[C9] eval model[0] mean=0.002304 | edge mean=0.002304
[C9] n=500 | classes=[4] | acc=0.2060 | per_class={4: '0.21'}
[C9] eval model[0] mean=0.001787 | edge mean=0.002304
[C3] eval model[0] mean=0.002360 | edge mean=0.002304
[C0] eval model[0] mean=0.004166 | edge mean=0.002304
[C9] n=500 | classes=[4] | acc=1.0000 | per_class={4: '1.00'}
  [Client  9] Round 2 | Hier-pFedMe(λ2=35.0, K=3) | loss=0.0039
  [Client  2] Starting Hier-pFedMe | λ2=35.0, η2=0.02, inner_steps=3, epochs=1, batches/epoch=188
[C2] eval model[0] mean=0.002304 | edge mean=0.002304
[C7] eval model[0] mean=0.001645 | edge mean=0.002304
[C3] n=1000 | classes=[5, 7] | acc=0.7610 | per_class={5: '0.90', 7: '0.62'}
  [Client  3] Round 2 | Hier-pFedMe(λ2=35.0, K=3) | loss=0.1426
[C0] n=1000 | classes=[3, 6] | acc=0.7340 | per_class={3: '0.85', 6: '0.61'}
[C7] n=1000 | classes=[3, 5] | acc=0.6250 | per_class={3: '0.87', 5: '0.39'}
  [Client  0] Round 2 | Hier-pFedMe(λ2=35.0, K=3) | loss=0.1746[C2] n=1000 | classes=[2, 5] | acc=0.3950 | per_class={2: '0.36', 5: '0.43'}

  [Client  7] Round 2 | Hier-pFedMe(λ2=35.0, K=3) | loss=0.2277
[C2] eval model[0] mean=0.003538 | edge mean=0.002304
[C2] n=1000 | classes=[2, 5] | acc=0.7270 | per_class={2: '0.77', 5: '0.68'}
  [Client  2] Round 2 | Hier-pFedMe(λ2=35.0, K=3) | loss=0.1701
  [Edge 0] G2 | E2 | loss=0.1590
  [Edge 0] G2 | E3 | Hier-pFedMe | Selected 10/10
  [Client  6] Received edge weights.
[C6] Test set: samples=1000, class_dist={6: 493, 7: 507}
  [Client  8] Received edge weights.
[C8] Test set: samples=500, class_dist={4: 500}
  [Client  3] Received edge weights.
[C3] Test set: samples=1000, class_dist={5: 506, 7: 494}
  [Client  1] Received edge weights.
[C1] Test set: samples=1000, class_dist={3: 515, 6: 485}
  [Client  9] Received edge weights.
[C9] Test set: samples=500, class_dist={4: 500}
  [Client  0] Received edge weights.
[C0] Test set: samples=1000, class_dist={3: 511, 6: 489}
  [Client  5] Received edge weights.
[C5] Test set: samples=1000, class_dist={2: 510, 4: 490}
  [Client  4] Received edge weights.
[C4] Test set: samples=1000, class_dist={2: 507, 7: 493}
  [Client  7] Received edge weights.
[C7] Test set: samples=1000, class_dist={3: 485, 5: 515}
  [Client  2] Received edge weights.
[C2] Test set: samples=1000, class_dist={2: 507, 5: 493}
  [Client  8] Starting Hier-pFedMe | λ2=35.0, η2=0.02, inner_steps=3, epochs=1, batches/epoch=94  [Client  3] Starting Hier-pFedMe | λ2=35.0, η2=0.02, inner_steps=3, epochs=1, batches/epoch=188
  [Client  6] Starting Hier-pFedMe | λ2=35.0, η2=0.02, inner_steps=3, epochs=1, batches/epoch=188

[C8] eval model[0] mean=0.002540 | edge mean=0.002540  [Client  1] Starting Hier-pFedMe | λ2=35.0, η2=0.02, inner_steps=3, epochs=1, batches/epoch=188[C3] eval model[0] mean=0.002540 | edge mean=0.002540
[C6] eval model[0] mean=0.002540 | edge mean=0.002540


[C1] eval model[0] mean=0.002540 | edge mean=0.002540
[C8] n=500 | classes=[4] | acc=0.1980 | per_class={4: '0.20'}
[C3] n=1000 | classes=[5, 7] | acc=0.4730 | per_class={5: '0.44', 7: '0.51'}
[C1] n=1000 | classes=[3, 6] | acc=0.4140 | per_class={3: '0.26', 6: '0.58'}
[C6] n=1000 | classes=[6, 7] | acc=0.5040 | per_class={6: '0.49', 7: '0.51'}
[C8] eval model[0] mean=0.002068 | edge mean=0.002540
[C8] n=500 | classes=[4] | acc=1.0000 | per_class={4: '1.00'}
  [Client  8] Round 2 | Hier-pFedMe(λ2=35.0, K=3) | loss=0.0032
  [Client  9] Starting Hier-pFedMe | λ2=35.0, η2=0.02, inner_steps=3, epochs=1, batches/epoch=94
[C9] eval model[0] mean=0.002540 | edge mean=0.002540
[C9] n=500 | classes=[4] | acc=0.2100 | per_class={4: '0.21'}
[C3] eval model[0] mean=0.002484 | edge mean=0.002540
[C1] eval model[0] mean=0.003468 | edge mean=0.002540
[C6] eval model[0] mean=0.003080 | edge mean=0.002540
[C9] eval model[0] mean=0.002067 | edge mean=0.002540
[C9] n=500 | classes=[4] | acc=1.0000 | per_class={4: '1.00'}
[C3] n=1000 | classes=[5, 7] | acc=0.7760 | per_class={5: '0.81', 7: '0.74'}  [Client  9] Round 2 | Hier-pFedMe(λ2=35.0, K=3) | loss=0.0038

  [Client  0] Starting Hier-pFedMe | λ2=35.0, η2=0.02, inner_steps=3, epochs=1, batches/epoch=188
[C0] eval model[0] mean=0.002540 | edge mean=0.002540
  [Client  3] Round 2 | Hier-pFedMe(λ2=35.0, K=3) | loss=0.1284[C1] n=1000 | classes=[3, 6] | acc=0.8120 | per_class={3: '0.78', 6: '0.85'}

  [Client  5] Starting Hier-pFedMe | λ2=35.0, η2=0.02, inner_steps=3, epochs=1, batches/epoch=188
[C6] n=1000 | classes=[6, 7] | acc=0.8970 | per_class={6: '0.93', 7: '0.87'}
[C5] eval model[0] mean=0.002540 | edge mean=0.002540
  [Client  1] Round 2 | Hier-pFedMe(λ2=35.0, K=3) | loss=0.1619
  [Client  4] Starting Hier-pFedMe | λ2=35.0, η2=0.02, inner_steps=3, epochs=1, batches/epoch=188
  [Client  6] Round 2 | Hier-pFedMe(λ2=35.0, K=3) | loss=0.0928
[C4] eval model[0] mean=0.002540 | edge mean=0.002540  [Client  7] Starting Hier-pFedMe | λ2=35.0, η2=0.02, inner_steps=3, epochs=1, batches/epoch=188

[C7] eval model[0] mean=0.002540 | edge mean=0.002540
[C0] n=1000 | classes=[3, 6] | acc=0.3660 | per_class={3: '0.22', 6: '0.52'}
[C5] n=1000 | classes=[2, 4] | acc=0.3660 | per_class={2: '0.52', 4: '0.21'}
[C4] n=1000 | classes=[2, 7] | acc=0.5450 | per_class={2: '0.56', 7: '0.53'}
[C7] n=1000 | classes=[3, 5] | acc=0.3420 | per_class={3: '0.23', 5: '0.44'}
[C0] eval model[0] mean=0.003416 | edge mean=0.002540
[C5] eval model[0] mean=0.002454 | edge mean=0.002540
[C4] eval model[0] mean=0.003409 | edge mean=0.002540
[C7] eval model[0] mean=0.001946 | edge mean=0.002540
[C0] n=1000 | classes=[3, 6] | acc=0.7580 | per_class={3: '0.69', 6: '0.83'}[C5] n=1000 | classes=[2, 4] | acc=0.5580 | per_class={2: '0.33', 4: '0.80'}

  [Client  0] Round 2 | Hier-pFedMe(λ2=35.0, K=3) | loss=0.1454
  [Client  5] Round 2 | Hier-pFedMe(λ2=35.0, K=3) | loss=0.2288
[C4] n=1000 | classes=[2, 7] | acc=0.7910 | per_class={2: '0.70', 7: '0.88'}
  [Client  2] Starting Hier-pFedMe | λ2=35.0, η2=0.02, inner_steps=3, epochs=1, batches/epoch=188
[C2] eval model[0] mean=0.002540 | edge mean=0.002540
  [Client  4] Round 2 | Hier-pFedMe(λ2=35.0, K=3) | loss=0.1259
[C7] n=1000 | classes=[3, 5] | acc=0.5880 | per_class={3: '0.27', 5: '0.89'}
  [Client  7] Round 2 | Hier-pFedMe(λ2=35.0, K=3) | loss=0.2062
[C2] n=1000 | classes=[2, 5] | acc=0.5030 | per_class={2: '0.54', 5: '0.46'}
[C2] eval model[0] mean=0.003308 | edge mean=0.002540
[C2] n=1000 | classes=[2, 5] | acc=0.7650 | per_class={2: '0.82', 5: '0.70'}
  [Client  2] Round 2 | Hier-pFedMe(λ2=35.0, K=3) | loss=0.1543
  [Edge 0] G2 | E3 | loss=0.1386
  [Edge 0] G2 | E4 | Hier-pFedMe | Selected 10/10
  [Client  5] Received edge weights.
[C5] Test set: samples=1000, class_dist={2: 510, 4: 490}
  [Client  1] Received edge weights.
[C1] Test set: samples=1000, class_dist={3: 515, 6: 485}
  [Client  6] Received edge weights.
[C6] Test set: samples=1000, class_dist={6: 493, 7: 507}
  [Client  2] Received edge weights.
[C2] Test set: samples=1000, class_dist={2: 507, 5: 493}
  [Client  8] Received edge weights.
[C8] Test set: samples=500, class_dist={4: 500}
  [Client  0] Received edge weights.
[C0] Test set: samples=1000, class_dist={3: 511, 6: 489}
  [Client  7] Received edge weights.
[C7] Test set: samples=1000, class_dist={3: 485, 5: 515}
  [Client  4] Received edge weights.
[C4] Test set: samples=1000, class_dist={2: 507, 7: 493}
  [Client  3] Received edge weights.
[C3] Test set: samples=1000, class_dist={5: 506, 7: 494}
  [Client  9] Received edge weights.
[C9] Test set: samples=500, class_dist={4: 500}
  [Client  2] Starting Hier-pFedMe | λ2=35.0, η2=0.02, inner_steps=3, epochs=1, batches/epoch=188  [Client  6] Starting Hier-pFedMe | λ2=35.0, η2=0.02, inner_steps=3, epochs=1, batches/epoch=188
  [Client  5] Starting Hier-pFedMe | λ2=35.0, η2=0.02, inner_steps=3, epochs=1, batches/epoch=188
  [Client  1] Starting Hier-pFedMe | λ2=35.0, η2=0.02, inner_steps=3, epochs=1, batches/epoch=188

[C2] eval model[0] mean=0.002675 | edge mean=0.002675[C6] eval model[0] mean=0.002675 | edge mean=0.002675
[C5] eval model[0] mean=0.002675 | edge mean=0.002675
[C1] eval model[0] mean=0.002675 | edge mean=0.002675

[C6] n=1000 | classes=[6, 7] | acc=0.6020 | per_class={6: '0.58', 7: '0.63'}
[C1] n=1000 | classes=[3, 6] | acc=0.4300 | per_class={3: '0.25', 6: '0.62'}
[C5] n=1000 | classes=[2, 4] | acc=0.3170 | per_class={2: '0.47', 4: '0.16'}[C2] n=1000 | classes=[2, 5] | acc=0.4810 | per_class={2: '0.49', 5: '0.47'}

[C5] eval model[0] mean=0.002663 | edge mean=0.002675
[C6] eval model[0] mean=0.003380 | edge mean=0.002675
[C1] eval model[0] mean=0.003164 | edge mean=0.002675
[C2] eval model[0] mean=0.003679 | edge mean=0.002675
[C6] n=1000 | classes=[6, 7] | acc=0.8770 | per_class={6: '0.88', 7: '0.87'}
[C1] n=1000 | classes=[3, 6] | acc=0.8030 | per_class={3: '0.78', 6: '0.83'}[C2] n=1000 | classes=[2, 5] | acc=0.7580 | per_class={2: '0.74', 5: '0.78'}[C5] n=1000 | classes=[2, 4] | acc=0.6630 | per_class={2: '0.80', 4: '0.52'}

  [Client  6] Round 2 | Hier-pFedMe(λ2=35.0, K=3) | loss=0.0849

  [Client  8] Starting Hier-pFedMe | λ2=35.0, η2=0.02, inner_steps=3, epochs=1, batches/epoch=94  [Client  1] Round 2 | Hier-pFedMe(λ2=35.0, K=3) | loss=0.1560
  [Client  2] Round 2 | Hier-pFedMe(λ2=35.0, K=3) | loss=0.1257
  [Client  5] Round 2 | Hier-pFedMe(λ2=35.0, K=3) | loss=0.2073
[C8] eval model[0] mean=0.002675 | edge mean=0.002675  [Client  0] Starting Hier-pFedMe | λ2=35.0, η2=0.02, inner_steps=3, epochs=1, batches/epoch=188

  [Client  7] Starting Hier-pFedMe | λ2=35.0, η2=0.02, inner_steps=3, epochs=1, batches/epoch=188

  [Client  4] Starting Hier-pFedMe | λ2=35.0, η2=0.02, inner_steps=3, epochs=1, batches/epoch=188
[C7] eval model[0] mean=0.002675 | edge mean=0.002675[C0] eval model[0] mean=0.002675 | edge mean=0.002675

[C4] eval model[0] mean=0.002675 | edge mean=0.002675
[C8] n=500 | classes=[4] | acc=0.1640 | per_class={4: '0.16'}
[C7] n=1000 | classes=[3, 5] | acc=0.3550 | per_class={3: '0.22', 5: '0.49'}
[C4] n=1000 | classes=[2, 7] | acc=0.5560 | per_class={2: '0.50', 7: '0.62'}[C0] n=1000 | classes=[3, 6] | acc=0.3750 | per_class={3: '0.20', 6: '0.56'}

[C8] eval model[0] mean=0.002315 | edge mean=0.002675
[C8] n=500 | classes=[4] | acc=1.0000 | per_class={4: '1.00'}
  [Client  8] Round 2 | Hier-pFedMe(λ2=35.0, K=3) | loss=0.0035
  [Client  3] Starting Hier-pFedMe | λ2=35.0, η2=0.02, inner_steps=3, epochs=1, batches/epoch=188
[C3] eval model[0] mean=0.002675 | edge mean=0.002675
[C3] n=1000 | classes=[5, 7] | acc=0.5300 | per_class={5: '0.47', 7: '0.59'}
[C7] eval model[0] mean=0.001301 | edge mean=0.002675[C0] eval model[0] mean=0.003956 | edge mean=0.002675[C4] eval model[0] mean=0.003395 | edge mean=0.002675


[C7] n=1000 | classes=[3, 5] | acc=0.6120 | per_class={3: '0.79', 5: '0.44'}[C4] n=1000 | classes=[2, 7] | acc=0.8150 | per_class={2: '0.86', 7: '0.77'}

[C0] n=1000 | classes=[3, 6] | acc=0.7660 | per_class={3: '0.68', 6: '0.86'}
  [Client  4] Round 2 | Hier-pFedMe(λ2=35.0, K=3) | loss=0.1030
  [Client  9] Starting Hier-pFedMe | λ2=35.0, η2=0.02, inner_steps=3, epochs=1, batches/epoch=94  [Client  7] Round 2 | Hier-pFedMe(λ2=35.0, K=3) | loss=0.1826

  [Client  0] Round 2 | Hier-pFedMe(λ2=35.0, K=3) | loss=0.1377
[C9] eval model[0] mean=0.002675 | edge mean=0.002675
[C9] n=500 | classes=[4] | acc=0.1920 | per_class={4: '0.19'}
[C3] eval model[0] mean=0.002665 | edge mean=0.002675
[C3] n=1000 | classes=[5, 7] | acc=0.7800 | per_class={5: '0.82', 7: '0.74'}
  [Client  3] Round 2 | Hier-pFedMe(λ2=35.0, K=3) | loss=0.1143
[C9] eval model[0] mean=0.002245 | edge mean=0.002675
[C9] n=500 | classes=[4] | acc=1.0000 | per_class={4: '1.00'}
  [Client  9] Round 2 | Hier-pFedMe(λ2=35.0, K=3) | loss=0.0036
  [Edge 0] G2 | E4 | loss=0.1239
  [Edge 0] G2 | E5 | Hier-pFedMe | Selected 10/10
  [Client  6] Received edge weights.
[C6] Test set: samples=1000, class_dist={6: 493, 7: 507}
  [Client  2] Received edge weights.
[C2] Test set: samples=1000, class_dist={2: 507, 5: 493}
  [Client  5] Received edge weights.
[C5] Test set: samples=1000, class_dist={2: 510, 4: 490}
  [Client  1] Received edge weights.
[C1] Test set: samples=1000, class_dist={3: 515, 6: 485}
  [Client  8] Received edge weights.
[C8] Test set: samples=500, class_dist={4: 500}
  [Client  9] Received edge weights.
[C9] Test set: samples=500, class_dist={4: 500}
  [Client  3] Received edge weights.
[C3] Test set: samples=1000, class_dist={5: 506, 7: 494}
  [Client  7] Received edge weights.
[C7] Test set: samples=1000, class_dist={3: 485, 5: 515}
  [Client  4] Received edge weights.
[C4] Test set: samples=1000, class_dist={2: 507, 7: 493}
  [Client  0] Received edge weights.
[C0] Test set: samples=1000, class_dist={3: 511, 6: 489}
  [Client  6] Starting Hier-pFedMe | λ2=35.0, η2=0.02, inner_steps=3, epochs=1, batches/epoch=188
  [Client  5] Starting Hier-pFedMe | λ2=35.0, η2=0.02, inner_steps=3, epochs=1, batches/epoch=188  [Client  2] Starting Hier-pFedMe | λ2=35.0, η2=0.02, inner_steps=3, epochs=1, batches/epoch=188

  [Client  1] Starting Hier-pFedMe | λ2=35.0, η2=0.02, inner_steps=3, epochs=1, batches/epoch=188
[C6] eval model[0] mean=0.002818 | edge mean=0.002818[C5] eval model[0] mean=0.002818 | edge mean=0.002818[C2] eval model[0] mean=0.002818 | edge mean=0.002818

[C1] eval model[0] mean=0.002818 | edge mean=0.002818

[C1] n=1000 | classes=[3, 6] | acc=0.4120 | per_class={3: '0.29', 6: '0.54'}
[C5] n=1000 | classes=[2, 4] | acc=0.3750 | per_class={2: '0.56', 4: '0.18'}
[C2] n=1000 | classes=[2, 5] | acc=0.5240 | per_class={2: '0.60', 5: '0.45'}
[C6] n=1000 | classes=[6, 7] | acc=0.5550 | per_class={6: '0.49', 7: '0.62'}
[C1] eval model[0] mean=0.003665 | edge mean=0.002818
[C5] eval model[0] mean=0.003043 | edge mean=0.002818
[C2] eval model[0] mean=0.003711 | edge mean=0.002818
[C6] eval model[0] mean=0.003149 | edge mean=0.002818
[C5] n=1000 | classes=[2, 4] | acc=0.6810 | per_class={2: '0.82', 4: '0.54'}
[C1] n=1000 | classes=[3, 6] | acc=0.7970 | per_class={3: '0.82', 6: '0.78'}  [Client  5] Round 2 | Hier-pFedMe(λ2=35.0, K=3) | loss=0.1969

  [Client  8] Starting Hier-pFedMe | λ2=35.0, η2=0.02, inner_steps=3, epochs=1, batches/epoch=94
[C8] eval model[0] mean=0.002818 | edge mean=0.002818  [Client  1] Round 2 | Hier-pFedMe(λ2=35.0, K=3) | loss=0.1318

  [Client  9] Starting Hier-pFedMe | λ2=35.0, η2=0.02, inner_steps=3, epochs=1, batches/epoch=94
[C9] eval model[0] mean=0.002818 | edge mean=0.002818
[C6] n=1000 | classes=[6, 7] | acc=0.8760 | per_class={6: '0.94', 7: '0.81'}
[C2] n=1000 | classes=[2, 5] | acc=0.7550 | per_class={2: '0.79', 5: '0.72'}
  [Client  6] Round 2 | Hier-pFedMe(λ2=35.0, K=3) | loss=0.0725
  [Client  2] Round 2 | Hier-pFedMe(λ2=35.0, K=3) | loss=0.1128
  [Client  3] Starting Hier-pFedMe | λ2=35.0, η2=0.02, inner_steps=3, epochs=1, batches/epoch=188
  [Client  7] Starting Hier-pFedMe | λ2=35.0, η2=0.02, inner_steps=3, epochs=1, batches/epoch=188
[C3] eval model[0] mean=0.002818 | edge mean=0.002818
[C7] eval model[0] mean=0.002818 | edge mean=0.002818
[C8] n=500 | classes=[4] | acc=0.1960 | per_class={4: '0.20'}
[C9] n=500 | classes=[4] | acc=0.1980 | per_class={4: '0.20'}
[C3] n=1000 | classes=[5, 7] | acc=0.5010 | per_class={5: '0.41', 7: '0.59'}
[C7] n=1000 | classes=[3, 5] | acc=0.3430 | per_class={3: '0.25', 5: '0.43'}
[C8] eval model[0] mean=0.002477 | edge mean=0.002818
[C9] eval model[0] mean=0.002450 | edge mean=0.002818
[C8] n=500 | classes=[4] | acc=1.0000 | per_class={4: '1.00'}
  [Client  8] Round 2 | Hier-pFedMe(λ2=35.0, K=3) | loss=0.0034
  [Client  4] Starting Hier-pFedMe | λ2=35.0, η2=0.02, inner_steps=3, epochs=1, batches/epoch=188
[C4] eval model[0] mean=0.002818 | edge mean=0.002818
[C9] n=500 | classes=[4] | acc=1.0000 | per_class={4: '1.00'}
  [Client  9] Round 2 | Hier-pFedMe(λ2=35.0, K=3) | loss=0.0041
  [Client  0] Starting Hier-pFedMe | λ2=35.0, η2=0.02, inner_steps=3, epochs=1, batches/epoch=188
[C0] eval model[0] mean=0.002818 | edge mean=0.002818
[C4] n=1000 | classes=[2, 7] | acc=0.6040 | per_class={2: '0.59', 7: '0.61'}
[C0] n=1000 | classes=[3, 6] | acc=0.3690 | per_class={3: '0.23', 6: '0.52'}
[C7] eval model[0] mean=0.002513 | edge mean=0.002818
[C3] eval model[0] mean=0.002924 | edge mean=0.002818
[C3] n=1000 | classes=[5, 7] | acc=0.7900 | per_class={5: '0.84', 7: '0.73'}
[C7] n=1000 | classes=[3, 5] | acc=0.6450 | per_class={3: '0.54', 5: '0.74'}
  [Client  3] Round 2 | Hier-pFedMe(λ2=35.0, K=3) | loss=0.0946
  [Client  7] Round 2 | Hier-pFedMe(λ2=35.0, K=3) | loss=0.1654
[C4] eval model[0] mean=0.003596 | edge mean=0.002818
[C0] eval model[0] mean=0.003668 | edge mean=0.002818
[C4] n=1000 | classes=[2, 7] | acc=0.8000 | per_class={2: '0.86', 7: '0.74'}
  [Client  4] Round 2 | Hier-pFedMe(λ2=35.0, K=3) | loss=0.0990
[C0] n=1000 | classes=[3, 6] | acc=0.7610 | per_class={3: '0.80', 6: '0.72'}
  [Client  0] Round 2 | Hier-pFedMe(λ2=35.0, K=3) | loss=0.1186
  [Edge 0] G2 | E5 | loss=0.1106
  [Edge 1] G2 | E1 | Hier-pFedMe | Selected 10/10
  [Client 14] Received edge weights.
[C14] Test set: samples=600, class_dist={0: 307, 9: 293}
  [Client 16] Received edge weights.
[C16] Test set: samples=600, class_dist={1: 291, 8: 309}
  [Client 17] Received edge weights.
[C17] Test set: samples=600, class_dist={1: 289, 9: 311}
  [Client 11] Received edge weights.
[C11] Test set: samples=600, class_dist={0: 300, 1: 300}
  [Client 13] Received edge weights.
[C13] Test set: samples=600, class_dist={0: 311, 8: 289}
  [Client 19] Received edge weights.
[C19] Test set: samples=600, class_dist={0: 286, 9: 314}
  [Client 12] Received edge weights.
[C12] Test set: samples=600, class_dist={1: 308, 8: 292}
  [Client 10] Received edge weights.
[C10] Test set: samples=600, class_dist={8: 292, 9: 308}
  [Client 15] Received edge weights.
[C15] Test set: samples=600, class_dist={0: 305, 8: 295}
  [Client 18] Received edge weights.
[C18] Test set: samples=600, class_dist={1: 314, 9: 286}
  [Client 14] Starting Hier-pFedMe | λ2=35.0, η2=0.02, inner_steps=3, epochs=1, batches/epoch=113  [Client 11] Starting Hier-pFedMe | λ2=35.0, η2=0.02, inner_steps=3, epochs=1, batches/epoch=113
  [Client 17] Starting Hier-pFedMe | λ2=35.0, η2=0.02, inner_steps=3, epochs=1, batches/epoch=113

  [Client 16] Starting Hier-pFedMe | λ2=35.0, η2=0.02, inner_steps=3, epochs=1, batches/epoch=113[C11] eval model[0] mean=0.001588 | edge mean=0.001588[C17] eval model[0] mean=0.001588 | edge mean=0.001588

[C14] eval model[0] mean=0.001588 | edge mean=0.001588

[C16] eval model[0] mean=0.001588 | edge mean=0.001588
[C11] n=600 | classes=[0, 1] | acc=0.4050 | per_class={0: '0.37', 1: '0.44'}[C14] n=600 | classes=[0, 9] | acc=0.4617 | per_class={0: '0.40', 9: '0.53'}

[C17] n=600 | classes=[1, 9] | acc=0.4417 | per_class={1: '0.40', 9: '0.48'}
[C16] n=600 | classes=[1, 8] | acc=0.5450 | per_class={1: '0.45', 8: '0.64'}
[C11] eval model[0] mean=0.001110 | edge mean=0.001588
[C14] eval model[0] mean=0.001897 | edge mean=0.001588
[C16] eval model[0] mean=0.000793 | edge mean=0.001588
[C17] eval model[0] mean=0.001525 | edge mean=0.001588
[C14] n=600 | classes=[0, 9] | acc=0.8150 | per_class={0: '0.77', 9: '0.86'}
[C11] n=600 | classes=[0, 1] | acc=0.8050 | per_class={0: '0.68', 1: '0.93'}
  [Client 14] Round 2 | Hier-pFedMe(λ2=35.0, K=3) | loss=0.1695
[C17] n=600 | classes=[1, 9] | acc=0.6867 | per_class={1: '0.85', 9: '0.53'}
[C16] n=600 | classes=[1, 8] | acc=0.7783 | per_class={1: '0.94', 8: '0.63'}
  [Client 11] Round 2 | Hier-pFedMe(λ2=35.0, K=3) | loss=0.1609
  [Client 13] Starting Hier-pFedMe | λ2=35.0, η2=0.02, inner_steps=3, epochs=1, batches/epoch=113
  [Client 19] Starting Hier-pFedMe | λ2=35.0, η2=0.02, inner_steps=3, epochs=1, batches/epoch=113[C13] eval model[0] mean=0.001588 | edge mean=0.001588

  [Client 17] Round 2 | Hier-pFedMe(λ2=35.0, K=3) | loss=0.2525  [Client 16] Round 2 | Hier-pFedMe(λ2=35.0, K=3) | loss=0.1958

[C19] eval model[0] mean=0.001588 | edge mean=0.001588
  [Client 12] Starting Hier-pFedMe | λ2=35.0, η2=0.02, inner_steps=3, epochs=1, batches/epoch=113  [Client 10] Starting Hier-pFedMe | λ2=35.0, η2=0.02, inner_steps=3, epochs=1, batches/epoch=113

[C12] eval model[0] mean=0.001588 | edge mean=0.001588[C10] eval model[0] mean=0.001588 | edge mean=0.001588

[C13] n=600 | classes=[0, 8] | acc=0.5367 | per_class={0: '0.41', 8: '0.67'}
[C12] n=600 | classes=[1, 8] | acc=0.5083 | per_class={1: '0.40', 8: '0.63'}[C19] n=600 | classes=[0, 9] | acc=0.4567 | per_class={0: '0.37', 9: '0.53'}

[C10] n=600 | classes=[8, 9] | acc=0.5767 | per_class={8: '0.62', 9: '0.54'}
[C13] eval model[0] mean=0.000588 | edge mean=0.001588
[C12] eval model[0] mean=0.001779 | edge mean=0.001588
[C19] eval model[0] mean=0.001097 | edge mean=0.001588
[C10] eval model[0] mean=0.001378 | edge mean=0.001588
[C12] n=600 | classes=[1, 8] | acc=0.7967 | per_class={1: '0.78', 8: '0.82'}
  [Client 12] Round 2 | Hier-pFedMe(λ2=35.0, K=3) | loss=0.1771
  [Client 15] Starting Hier-pFedMe | λ2=35.0, η2=0.02, inner_steps=3, epochs=1, batches/epoch=113
[C13] n=600 | classes=[0, 8] | acc=0.7317 | per_class={0: '0.83', 8: '0.63'}
[C15] eval model[0] mean=0.001588 | edge mean=0.001588
[C19] n=600 | classes=[0, 9] | acc=0.8233 | per_class={0: '0.77', 9: '0.87'}
[C10] n=600 | classes=[8, 9] | acc=0.7417 | per_class={8: '0.97', 9: '0.53'}
  [Client 13] Round 2 | Hier-pFedMe(λ2=35.0, K=3) | loss=0.2512
  [Client 18] Starting Hier-pFedMe | λ2=35.0, η2=0.02, inner_steps=3, epochs=1, batches/epoch=113
  [Client 19] Round 2 | Hier-pFedMe(λ2=35.0, K=3) | loss=0.1570
  [Client 10] Round 2 | Hier-pFedMe(λ2=35.0, K=3) | loss=0.1784[C18] eval model[0] mean=0.001588 | edge mean=0.001588

[C15] n=600 | classes=[0, 8] | acc=0.4950 | per_class={0: '0.41', 8: '0.58'}
[C18] n=600 | classes=[1, 9] | acc=0.4750 | per_class={1: '0.45', 9: '0.50'}
[C15] eval model[0] mean=0.000941 | edge mean=0.001588
[C18] eval model[0] mean=0.001707 | edge mean=0.001588
[C15] n=600 | classes=[0, 8] | acc=0.7217 | per_class={0: '0.69', 8: '0.76'}
  [Client 15] Round 2 | Hier-pFedMe(λ2=35.0, K=3) | loss=0.2514
[C18] n=600 | classes=[1, 9] | acc=0.6967 | per_class={1: '0.58', 9: '0.83'}
  [Client 18] Round 2 | Hier-pFedMe(λ2=35.0, K=3) | loss=0.2463
  [Edge 1] G2 | E1 | loss=0.2040
  [Edge 1] G2 | E2 | Hier-pFedMe | Selected 10/10
  [Client 12] Received edge weights.
[C12] Test set: samples=600, class_dist={1: 308, 8: 292}
  [Client 11] Received edge weights.
[C11] Test set: samples=600, class_dist={0: 300, 1: 300}
  [Client 10] Received edge weights.
[C10] Test set: samples=600, class_dist={8: 292, 9: 308}
  [Client 13] Received edge weights.
[C13] Test set: samples=600, class_dist={0: 311, 8: 289}
  [Client 17] Received edge weights.
[C17] Test set: samples=600, class_dist={1: 289, 9: 311}
  [Client 19] Received edge weights.
[C19] Test set: samples=600, class_dist={0: 286, 9: 314}
  [Client 16] Received edge weights.
[C16] Test set: samples=600, class_dist={1: 291, 8: 309}
  [Client 18] Received edge weights.
[C18] Test set: samples=600, class_dist={1: 314, 9: 286}
  [Client 15] Received edge weights.
[C15] Test set: samples=600, class_dist={0: 305, 8: 295}
  [Client 14] Received edge weights.
[C14] Test set: samples=600, class_dist={0: 307, 9: 293}
  [Client 10] Starting Hier-pFedMe | λ2=35.0, η2=0.02, inner_steps=3, epochs=1, batches/epoch=113  [Client 11] Starting Hier-pFedMe | λ2=35.0, η2=0.02, inner_steps=3, epochs=1, batches/epoch=113

  [Client 12] Starting Hier-pFedMe | λ2=35.0, η2=0.02, inner_steps=3, epochs=1, batches/epoch=113  [Client 13] Starting Hier-pFedMe | λ2=35.0, η2=0.02, inner_steps=3, epochs=1, batches/epoch=113

[C10] eval model[0] mean=0.001268 | edge mean=0.001268[C11] eval model[0] mean=0.001268 | edge mean=0.001268
[C12] eval model[0] mean=0.001268 | edge mean=0.001268
[C13] eval model[0] mean=0.001268 | edge mean=0.001268

[C10] n=600 | classes=[8, 9] | acc=0.5850 | per_class={8: '0.59', 9: '0.58'}
[C11] n=600 | classes=[0, 1] | acc=0.5750 | per_class={0: '0.55', 1: '0.60'}
[C12] n=600 | classes=[1, 8] | acc=0.5800 | per_class={1: '0.59', 8: '0.57'}
[C13] n=600 | classes=[0, 8] | acc=0.6067 | per_class={0: '0.61', 8: '0.60'}
[C11] eval model[0] mean=0.000995 | edge mean=0.001268
[C10] eval model[0] mean=0.001333 | edge mean=0.001268
[C12] eval model[0] mean=0.001845 | edge mean=0.001268
[C13] eval model[0] mean=0.000947 | edge mean=0.001268
[C11] n=600 | classes=[0, 1] | acc=0.8133 | per_class={0: '0.85', 1: '0.78'}
[C12] n=600 | classes=[1, 8] | acc=0.8250 | per_class={1: '0.85', 8: '0.79'}
[C10] n=600 | classes=[8, 9] | acc=0.8433 | per_class={8: '0.81', 9: '0.87'}
  [Client 11] Round 2 | Hier-pFedMe(λ2=35.0, K=3) | loss=0.1063
  [Client 12] Round 2 | Hier-pFedMe(λ2=35.0, K=3) | loss=0.1255
  [Client 17] Starting Hier-pFedMe | λ2=35.0, η2=0.02, inner_steps=3, epochs=1, batches/epoch=113  [Client 19] Starting Hier-pFedMe | λ2=35.0, η2=0.02, inner_steps=3, epochs=1, batches/epoch=113  [Client 10] Round 2 | Hier-pFedMe(λ2=35.0, K=3) | loss=0.1295

[C13] n=600 | classes=[0, 8] | acc=0.7500 | per_class={0: '0.65', 8: '0.86'}
[C17] eval model[0] mean=0.001268 | edge mean=0.001268
[C19] eval model[0] mean=0.001268 | edge mean=0.001268
  [Client 16] Starting Hier-pFedMe | λ2=35.0, η2=0.02, inner_steps=3, epochs=1, batches/epoch=113

[C16] eval model[0] mean=0.001268 | edge mean=0.001268
  [Client 13] Round 2 | Hier-pFedMe(λ2=35.0, K=3) | loss=0.1942
  [Client 18] Starting Hier-pFedMe | λ2=35.0, η2=0.02, inner_steps=3, epochs=1, batches/epoch=113
[C18] eval model[0] mean=0.001268 | edge mean=0.001268
[C19] n=600 | classes=[0, 9] | acc=0.5767 | per_class={0: '0.57', 9: '0.58'}
[C17] n=600 | classes=[1, 9] | acc=0.5950 | per_class={1: '0.64', 9: '0.56'}
[C16] n=600 | classes=[1, 8] | acc=0.6117 | per_class={1: '0.65', 8: '0.58'}
[C18] n=600 | classes=[1, 9] | acc=0.5850 | per_class={1: '0.63', 9: '0.53'}
[C19] eval model[0] mean=0.001203 | edge mean=0.001268
[C17] eval model[0] mean=0.001514 | edge mean=0.001268[C18] eval model[0] mean=0.000885 | edge mean=0.001268

[C16] eval model[0] mean=0.001508 | edge mean=0.001268
[C19] n=600 | classes=[0, 9] | acc=0.8367 | per_class={0: '0.82', 9: '0.85'}
[C18] n=600 | classes=[1, 9] | acc=0.6250 | per_class={1: '0.37', 9: '0.90'}
  [Client 19] Round 2 | Hier-pFedMe(λ2=35.0, K=3) | loss=0.1184
[C17] n=600 | classes=[1, 9] | acc=0.6883 | per_class={1: '0.75', 9: '0.63'}
  [Client 15] Starting Hier-pFedMe | λ2=35.0, η2=0.02, inner_steps=3, epochs=1, batches/epoch=113
[C16] n=600 | classes=[1, 8] | acc=0.8483 | per_class={1: '0.96', 8: '0.75'}  [Client 18] Round 2 | Hier-pFedMe(λ2=35.0, K=3) | loss=0.1898

[C15] eval model[0] mean=0.001268 | edge mean=0.001268
  [Client 17] Round 2 | Hier-pFedMe(λ2=35.0, K=3) | loss=0.1883
  [Client 14] Starting Hier-pFedMe | λ2=35.0, η2=0.02, inner_steps=3, epochs=1, batches/epoch=113
[C14] eval model[0] mean=0.001268 | edge mean=0.001268  [Client 16] Round 2 | Hier-pFedMe(λ2=35.0, K=3) | loss=0.1368

[C15] n=600 | classes=[0, 8] | acc=0.5533 | per_class={0: '0.60', 8: '0.51'}
[C14] n=600 | classes=[0, 9] | acc=0.6000 | per_class={0: '0.59', 9: '0.61'}
[C15] eval model[0] mean=0.000754 | edge mean=0.001268
[C14] eval model[0] mean=0.001935 | edge mean=0.001268
[C15] n=600 | classes=[0, 8] | acc=0.7267 | per_class={0: '0.72', 8: '0.74'}
  [Client 15] Round 2 | Hier-pFedMe(λ2=35.0, K=3) | loss=0.1854
[C14] n=600 | classes=[0, 9] | acc=0.6733 | per_class={0: '0.98', 9: '0.35'}
  [Client 14] Round 2 | Hier-pFedMe(λ2=35.0, K=3) | loss=0.1201
  [Edge 1] G2 | E2 | loss=0.1494
  [Edge 1] G2 | E3 | Hier-pFedMe | Selected 10/10
  [Client 13] Received edge weights.
[C13] Test set: samples=600, class_dist={0: 311, 8: 289}
  [Client 10] Received edge weights.
[C10] Test set: samples=600, class_dist={8: 292, 9: 308}
  [Client 14] Received edge weights.
[C14] Test set: samples=600, class_dist={0: 307, 9: 293}
  [Client 12] Received edge weights.
[C12] Test set: samples=600, class_dist={1: 308, 8: 292}
  [Client 17] Received edge weights.
[C17] Test set: samples=600, class_dist={1: 289, 9: 311}
  [Client 18] Received edge weights.
[C18] Test set: samples=600, class_dist={1: 314, 9: 286}
  [Client 16] Received edge weights.
[C16] Test set: samples=600, class_dist={1: 291, 8: 309}
  [Client 19] Received edge weights.
[C19] Test set: samples=600, class_dist={0: 286, 9: 314}
  [Client 15] Received edge weights.
[C15] Test set: samples=600, class_dist={0: 305, 8: 295}
  [Client 11] Received edge weights.
[C11] Test set: samples=600, class_dist={0: 300, 1: 300}
  [Client 13] Starting Hier-pFedMe | λ2=35.0, η2=0.02, inner_steps=3, epochs=1, batches/epoch=113  [Client 14] Starting Hier-pFedMe | λ2=35.0, η2=0.02, inner_steps=3, epochs=1, batches/epoch=113

  [Client 12] Starting Hier-pFedMe | λ2=35.0, η2=0.02, inner_steps=3, epochs=1, batches/epoch=113  [Client 10] Starting Hier-pFedMe | λ2=35.0, η2=0.02, inner_steps=3, epochs=1, batches/epoch=113[C13] eval model[0] mean=0.001361 | edge mean=0.001361
[C14] eval model[0] mean=0.001361 | edge mean=0.001361


[C12] eval model[0] mean=0.001361 | edge mean=0.001361
[C10] eval model[0] mean=0.001361 | edge mean=0.001361
[C12] n=600 | classes=[1, 8] | acc=0.5900 | per_class={1: '0.57', 8: '0.61'}
[C10] n=600 | classes=[8, 9] | acc=0.6033 | per_class={8: '0.65', 9: '0.56'}[C14] n=600 | classes=[0, 9] | acc=0.6033 | per_class={0: '0.63', 9: '0.57'}

[C13] n=600 | classes=[0, 8] | acc=0.6583 | per_class={0: '0.67', 8: '0.65'}
[C12] eval model[0] mean=0.001828 | edge mean=0.001361
[C10] eval model[0] mean=0.001579 | edge mean=0.001361
[C14] eval model[0] mean=0.001644 | edge mean=0.001361
[C13] eval model[0] mean=0.000801 | edge mean=0.001361
[C12] n=600 | classes=[1, 8] | acc=0.8117 | per_class={1: '0.72', 8: '0.91'}
[C10] n=600 | classes=[8, 9] | acc=0.8500 | per_class={8: '0.84', 9: '0.86'}
  [Client 12] Round 2 | Hier-pFedMe(λ2=35.0, K=3) | loss=0.1021
  [Client 17] Starting Hier-pFedMe | λ2=35.0, η2=0.02, inner_steps=3, epochs=1, batches/epoch=113
[C13] n=600 | classes=[0, 8] | acc=0.7850 | per_class={0: '0.77', 8: '0.80'}
  [Client 10] Round 2 | Hier-pFedMe(λ2=35.0, K=3) | loss=0.1030[C17] eval model[0] mean=0.001361 | edge mean=0.001361
[C14] n=600 | classes=[0, 9] | acc=0.8400 | per_class={0: '0.80', 9: '0.88'}

  [Client 18] Starting Hier-pFedMe | λ2=35.0, η2=0.02, inner_steps=3, epochs=1, batches/epoch=113
  [Client 13] Round 2 | Hier-pFedMe(λ2=35.0, K=3) | loss=0.1670
[C18] eval model[0] mean=0.001361 | edge mean=0.001361
  [Client 16] Starting Hier-pFedMe | λ2=35.0, η2=0.02, inner_steps=3, epochs=1, batches/epoch=113
  [Client 14] Round 2 | Hier-pFedMe(λ2=35.0, K=3) | loss=0.1036
  [Client 19] Starting Hier-pFedMe | λ2=35.0, η2=0.02, inner_steps=3, epochs=1, batches/epoch=113[C16] eval model[0] mean=0.001361 | edge mean=0.001361

[C19] eval model[0] mean=0.001361 | edge mean=0.001361
[C17] n=600 | classes=[1, 9] | acc=0.5683 | per_class={1: '0.60', 9: '0.54'}
[C18] n=600 | classes=[1, 9] | acc=0.5833 | per_class={1: '0.63', 9: '0.53'}
[C16] n=600 | classes=[1, 8] | acc=0.6317 | per_class={1: '0.64', 8: '0.62'}
[C19] n=600 | classes=[0, 9] | acc=0.5933 | per_class={0: '0.64', 9: '0.55'}
[C17] eval model[0] mean=0.001724 | edge mean=0.001361
[C16] eval model[0] mean=0.001115 | edge mean=0.001361
[C19] eval model[0] mean=0.001193 | edge mean=0.001361
[C18] eval model[0] mean=0.000770 | edge mean=0.001361
[C17] n=600 | classes=[1, 9] | acc=0.7133 | per_class={1: '0.78', 9: '0.65'}
[C16] n=600 | classes=[1, 8] | acc=0.8800 | per_class={1: '0.88', 8: '0.88'}
[C19] n=600 | classes=[0, 9] | acc=0.8400 | per_class={0: '0.87', 9: '0.81'}
  [Client 17] Round 2 | Hier-pFedMe(λ2=35.0, K=3) | loss=0.1704
  [Client 16] Round 2 | Hier-pFedMe(λ2=35.0, K=3) | loss=0.1275
  [Client 15] Starting Hier-pFedMe | λ2=35.0, η2=0.02, inner_steps=3, epochs=1, batches/epoch=113  [Client 19] Round 2 | Hier-pFedMe(λ2=35.0, K=3) | loss=0.0929  [Client 11] Starting Hier-pFedMe | λ2=35.0, η2=0.02, inner_steps=3, epochs=1, batches/epoch=113


[C18] n=600 | classes=[1, 9] | acc=0.6533 | per_class={1: '0.51', 9: '0.81'}[C11] eval model[0] mean=0.001361 | edge mean=0.001361[C15] eval model[0] mean=0.001361 | edge mean=0.001361


  [Client 18] Round 2 | Hier-pFedMe(λ2=35.0, K=3) | loss=0.1574
[C15] n=600 | classes=[0, 8] | acc=0.6083 | per_class={0: '0.67', 8: '0.54'}[C11] n=600 | classes=[0, 1] | acc=0.5833 | per_class={0: '0.59', 1: '0.57'}

[C11] eval model[0] mean=0.001008 | edge mean=0.001361
[C15] eval model[0] mean=0.001072 | edge mean=0.001361
[C11] n=600 | classes=[0, 1] | acc=0.8167 | per_class={0: '0.87', 1: '0.76'}
[C15] n=600 | classes=[0, 8] | acc=0.7500 | per_class={0: '0.71', 8: '0.79'}
  [Client 11] Round 2 | Hier-pFedMe(λ2=35.0, K=3) | loss=0.0930
  [Client 15] Round 2 | Hier-pFedMe(λ2=35.0, K=3) | loss=0.1718
  [Edge 1] G2 | E3 | loss=0.1289
  [Edge 1] G2 | E4 | Hier-pFedMe | Selected 10/10
  [Client 11] Received edge weights.
[C11] Test set: samples=600, class_dist={0: 300, 1: 300}
  [Client 15] Received edge weights.
[C15] Test set: samples=600, class_dist={0: 305, 8: 295}
  [Client 14] Received edge weights.
[C14] Test set: samples=600, class_dist={0: 307, 9: 293}
  [Client 19] Received edge weights.
[C19] Test set: samples=600, class_dist={0: 286, 9: 314}
  [Client 12] Received edge weights.
[C12] Test set: samples=600, class_dist={1: 308, 8: 292}
  [Client 17] Received edge weights.
[C17] Test set: samples=600, class_dist={1: 289, 9: 311}
  [Client 10] Received edge weights.
[C10] Test set: samples=600, class_dist={8: 292, 9: 308}
  [Client 13] Received edge weights.
[C13] Test set: samples=600, class_dist={0: 311, 8: 289}
  [Client 16] Received edge weights.
[C16] Test set: samples=600, class_dist={1: 291, 8: 309}
  [Client 18] Received edge weights.
[C18] Test set: samples=600, class_dist={1: 314, 9: 286}
  [Client 15] Starting Hier-pFedMe | λ2=35.0, η2=0.02, inner_steps=3, epochs=1, batches/epoch=113
  [Client 11] Starting Hier-pFedMe | λ2=35.0, η2=0.02, inner_steps=3, epochs=1, batches/epoch=113
  [Client 14] Starting Hier-pFedMe | λ2=35.0, η2=0.02, inner_steps=3, epochs=1, batches/epoch=113  [Client 19] Starting Hier-pFedMe | λ2=35.0, η2=0.02, inner_steps=3, epochs=1, batches/epoch=113[C15] eval model[0] mean=0.001275 | edge mean=0.001275

[C11] eval model[0] mean=0.001275 | edge mean=0.001275

[C14] eval model[0] mean=0.001275 | edge mean=0.001275[C19] eval model[0] mean=0.001275 | edge mean=0.001275

[C15] n=600 | classes=[0, 8] | acc=0.6183 | per_class={0: '0.68', 8: '0.56'}[C19] n=600 | classes=[0, 9] | acc=0.6100 | per_class={0: '0.65', 9: '0.57'}

[C14] n=600 | classes=[0, 9] | acc=0.6233 | per_class={0: '0.64', 9: '0.61'}
[C11] n=600 | classes=[0, 1] | acc=0.5917 | per_class={0: '0.60', 1: '0.58'}
[C15] eval model[0] mean=0.001019 | edge mean=0.001275
[C14] eval model[0] mean=0.001375 | edge mean=0.001275[C19] eval model[0] mean=0.001267 | edge mean=0.001275

[C11] eval model[0] mean=0.000898 | edge mean=0.001275
[C15] n=600 | classes=[0, 8] | acc=0.7433 | per_class={0: '0.64', 8: '0.85'}
[C14] n=600 | classes=[0, 9] | acc=0.8183 | per_class={0: '0.72', 9: '0.92'}
[C19] n=600 | classes=[0, 9] | acc=0.8333 | per_class={0: '0.78', 9: '0.88'}
[C11] n=600 | classes=[0, 1] | acc=0.8167 | per_class={0: '0.89', 1: '0.75'}
  [Client 15] Round 2 | Hier-pFedMe(λ2=35.0, K=3) | loss=0.1401
  [Client 19] Round 2 | Hier-pFedMe(λ2=35.0, K=3) | loss=0.0794  [Client 12] Starting Hier-pFedMe | λ2=35.0, η2=0.02, inner_steps=3, epochs=1, batches/epoch=113
  [Client 14] Round 2 | Hier-pFedMe(λ2=35.0, K=3) | loss=0.0891

  [Client 11] Round 2 | Hier-pFedMe(λ2=35.0, K=3) | loss=0.0795
[C12] eval model[0] mean=0.001275 | edge mean=0.001275  [Client 17] Starting Hier-pFedMe | λ2=35.0, η2=0.02, inner_steps=3, epochs=1, batches/epoch=113
  [Client 10] Starting Hier-pFedMe | λ2=35.0, η2=0.02, inner_steps=3, epochs=1, batches/epoch=113
  [Client 13] Starting Hier-pFedMe | λ2=35.0, η2=0.02, inner_steps=3, epochs=1, batches/epoch=113

[C10] eval model[0] mean=0.001275 | edge mean=0.001275
[C17] eval model[0] mean=0.001275 | edge mean=0.001275
[C13] eval model[0] mean=0.001275 | edge mean=0.001275
[C12] n=600 | classes=[1, 8] | acc=0.6100 | per_class={1: '0.59', 8: '0.63'}
[C17] n=600 | classes=[1, 9] | acc=0.5950 | per_class={1: '0.64', 9: '0.56'}[C10] n=600 | classes=[8, 9] | acc=0.6100 | per_class={8: '0.64', 9: '0.58'}

[C13] n=600 | classes=[0, 8] | acc=0.6500 | per_class={0: '0.65', 8: '0.65'}
[C12] eval model[0] mean=0.001557 | edge mean=0.001275
[C13] eval model[0] mean=0.000571 | edge mean=0.001275
[C17] eval model[0] mean=0.001696 | edge mean=0.001275
[C10] eval model[0] mean=0.001281 | edge mean=0.001275
[C12] n=600 | classes=[1, 8] | acc=0.8350 | per_class={1: '0.77', 8: '0.90'}
  [Client 12] Round 2 | Hier-pFedMe(λ2=35.0, K=3) | loss=0.0858
  [Client 16] Starting Hier-pFedMe | λ2=35.0, η2=0.02, inner_steps=3, epochs=1, batches/epoch=113
[C16] eval model[0] mean=0.001275 | edge mean=0.001275
[C13] n=600 | classes=[0, 8] | acc=0.7583 | per_class={0: '0.70', 8: '0.82'}[C10] n=600 | classes=[8, 9] | acc=0.8317 | per_class={8: '0.92', 9: '0.75'}

  [Client 13] Round 2 | Hier-pFedMe(λ2=35.0, K=3) | loss=0.1444
  [Client 10] Round 2 | Hier-pFedMe(λ2=35.0, K=3) | loss=0.0881
  [Client 18] Starting Hier-pFedMe | λ2=35.0, η2=0.02, inner_steps=3, epochs=1, batches/epoch=113
[C18] eval model[0] mean=0.001275 | edge mean=0.001275
[C17] n=600 | classes=[1, 9] | acc=0.6950 | per_class={1: '0.57', 9: '0.81'}
  [Client 17] Round 2 | Hier-pFedMe(λ2=35.0, K=3) | loss=0.1458
[C16] n=600 | classes=[1, 8] | acc=0.6467 | per_class={1: '0.64', 8: '0.65'}
[C18] n=600 | classes=[1, 9] | acc=0.5917 | per_class={1: '0.63', 9: '0.55'}
[C16] eval model[0] mean=0.000616 | edge mean=0.001275
[C18] eval model[0] mean=0.001498 | edge mean=0.001275
[C16] n=600 | classes=[1, 8] | acc=0.8433 | per_class={1: '0.91', 8: '0.78'}
  [Client 16] Round 2 | Hier-pFedMe(λ2=35.0, K=3) | loss=0.0950
[C18] n=600 | classes=[1, 9] | acc=0.7183 | per_class={1: '0.67', 9: '0.77'}
  [Client 18] Round 2 | Hier-pFedMe(λ2=35.0, K=3) | loss=0.1444
  [Edge 1] G2 | E4 | loss=0.1092
  [Edge 1] G2 | E5 | Hier-pFedMe | Selected 10/10
  [Client 14] Received edge weights.
[C14] Test set: samples=600, class_dist={0: 307, 9: 293}
  [Client 18] Received edge weights.
[C18] Test set: samples=600, class_dist={1: 314, 9: 286}
  [Client 11] Received edge weights.
[C11] Test set: samples=600, class_dist={0: 300, 1: 300}
  [Client 13] Received edge weights.
[C13] Test set: samples=600, class_dist={0: 311, 8: 289}
  [Client 17] Received edge weights.
[C17] Test set: samples=600, class_dist={1: 289, 9: 311}
  [Client 16] Received edge weights.
[C16] Test set: samples=600, class_dist={1: 291, 8: 309}
  [Client 10] Received edge weights.
[C10] Test set: samples=600, class_dist={8: 292, 9: 308}
  [Client 15] Received edge weights.
[C15] Test set: samples=600, class_dist={0: 305, 8: 295}
  [Client 19] Received edge weights.
[C19] Test set: samples=600, class_dist={0: 286, 9: 314}
  [Client 12] Received edge weights.
[C12] Test set: samples=600, class_dist={1: 308, 8: 292}
  [Client 14] Starting Hier-pFedMe | λ2=35.0, η2=0.02, inner_steps=3, epochs=1, batches/epoch=113  [Client 13] Starting Hier-pFedMe | λ2=35.0, η2=0.02, inner_steps=3, epochs=1, batches/epoch=113  [Client 11] Starting Hier-pFedMe | λ2=35.0, η2=0.02, inner_steps=3, epochs=1, batches/epoch=113  [Client 18] Starting Hier-pFedMe | λ2=35.0, η2=0.02, inner_steps=3, epochs=1, batches/epoch=113



[C18] eval model[0] mean=0.001186 | edge mean=0.001186[C14] eval model[0] mean=0.001186 | edge mean=0.001186[C13] eval model[0] mean=0.001186 | edge mean=0.001186

[C11] eval model[0] mean=0.001186 | edge mean=0.001186

[C18] n=600 | classes=[1, 9] | acc=0.6000 | per_class={1: '0.63', 9: '0.57'}
[C13] n=600 | classes=[0, 8] | acc=0.6667 | per_class={0: '0.67', 8: '0.67'}
[C14] n=600 | classes=[0, 9] | acc=0.6483 | per_class={0: '0.65', 9: '0.65'}[C11] n=600 | classes=[0, 1] | acc=0.5933 | per_class={0: '0.62', 1: '0.57'}

[C13] eval model[0] mean=0.000854 | edge mean=0.001186
[C18] eval model[0] mean=0.001339 | edge mean=0.001186
[C11] eval model[0] mean=0.000968 | edge mean=0.001186[C14] eval model[0] mean=0.001398 | edge mean=0.001186

[C18] n=600 | classes=[1, 9] | acc=0.7250 | per_class={1: '0.85', 9: '0.59'}[C13] n=600 | classes=[0, 8] | acc=0.7683 | per_class={0: '0.70', 8: '0.84'}

  [Client 18] Round 2 | Hier-pFedMe(λ2=35.0, K=3) | loss=0.1235  [Client 13] Round 2 | Hier-pFedMe(λ2=35.0, K=3) | loss=0.1210

  [Client 17] Starting Hier-pFedMe | λ2=35.0, η2=0.02, inner_steps=3, epochs=1, batches/epoch=113
  [Client 16] Starting Hier-pFedMe | λ2=35.0, η2=0.02, inner_steps=3, epochs=1, batches/epoch=113
[C17] eval model[0] mean=0.001186 | edge mean=0.001186[C16] eval model[0] mean=0.001186 | edge mean=0.001186
[C14] n=600 | classes=[0, 9] | acc=0.8417 | per_class={0: '0.86', 9: '0.82'}
[C11] n=600 | classes=[0, 1] | acc=0.8317 | per_class={0: '0.76', 1: '0.91'}

  [Client 14] Round 2 | Hier-pFedMe(λ2=35.0, K=3) | loss=0.0716
  [Client 10] Starting Hier-pFedMe | λ2=35.0, η2=0.02, inner_steps=3, epochs=1, batches/epoch=113  [Client 11] Round 2 | Hier-pFedMe(λ2=35.0, K=3) | loss=0.0676

  [Client 15] Starting Hier-pFedMe | λ2=35.0, η2=0.02, inner_steps=3, epochs=1, batches/epoch=113
[C10] eval model[0] mean=0.001186 | edge mean=0.001186
[C15] eval model[0] mean=0.001186 | edge mean=0.001186
[C16] n=600 | classes=[1, 8] | acc=0.6700 | per_class={1: '0.65', 8: '0.69'}
[C17] n=600 | classes=[1, 9] | acc=0.5967 | per_class={1: '0.63', 9: '0.57'}
[C10] n=600 | classes=[8, 9] | acc=0.6467 | per_class={8: '0.69', 9: '0.60'}
[C15] n=600 | classes=[0, 8] | acc=0.6450 | per_class={0: '0.68', 8: '0.61'}
[C16] eval model[0] mean=0.001010 | edge mean=0.001186
[C17] eval model[0] mean=0.001537 | edge mean=0.001186
[C10] eval model[0] mean=0.001344 | edge mean=0.001186
[C15] eval model[0] mean=0.000583 | edge mean=0.001186
[C17] n=600 | classes=[1, 9] | acc=0.6900 | per_class={1: '0.82', 9: '0.57'}[C16] n=600 | classes=[1, 8] | acc=0.8633 | per_class={1: '0.83', 8: '0.89'}

  [Client 17] Round 2 | Hier-pFedMe(λ2=35.0, K=3) | loss=0.1346[C10] n=600 | classes=[8, 9] | acc=0.8467 | per_class={8: '0.90', 9: '0.80'}  [Client 16] Round 2 | Hier-pFedMe(λ2=35.0, K=3) | loss=0.0819


  [Client 19] Starting Hier-pFedMe | λ2=35.0, η2=0.02, inner_steps=3, epochs=1, batches/epoch=113
  [Client 12] Starting Hier-pFedMe | λ2=35.0, η2=0.02, inner_steps=3, epochs=1, batches/epoch=113
[C15] n=600 | classes=[0, 8] | acc=0.7283 | per_class={0: '0.69', 8: '0.77'}[C19] eval model[0] mean=0.001186 | edge mean=0.001186[C12] eval model[0] mean=0.001186 | edge mean=0.001186

  [Client 10] Round 2 | Hier-pFedMe(λ2=35.0, K=3) | loss=0.0838

  [Client 15] Round 2 | Hier-pFedMe(λ2=35.0, K=3) | loss=0.1346
[C19] n=600 | classes=[0, 9] | acc=0.6350 | per_class={0: '0.68', 9: '0.60'}
[C12] n=600 | classes=[1, 8] | acc=0.6333 | per_class={1: '0.60', 8: '0.67'}
[C19] eval model[0] mean=0.001354 | edge mean=0.001186
[C12] eval model[0] mean=0.002201 | edge mean=0.001186
[C19] n=600 | classes=[0, 9] | acc=0.8517 | per_class={0: '0.78', 9: '0.91'}
[C12] n=600 | classes=[1, 8] | acc=0.8150 | per_class={1: '0.74', 8: '0.90'}  [Client 19] Round 2 | Hier-pFedMe(λ2=35.0, K=3) | loss=0.0693

  [Client 12] Round 2 | Hier-pFedMe(λ2=35.0, K=3) | loss=0.0764
  [Edge 1] G2 | E5 | loss=0.0964
[C0] eval model[0] mean=0.003577 | edge mean=0.002818
[C0] n=1000 | classes=[3, 6] | acc=0.7620 | per_class={3: '0.78', 6: '0.74'}
[C1] eval model[0] mean=0.003652 | edge mean=0.002818
[C1] n=1000 | classes=[3, 6] | acc=0.8050 | per_class={3: '0.80', 6: '0.81'}
[C2] eval model[0] mean=0.003749 | edge mean=0.002818
[C2] n=1000 | classes=[2, 5] | acc=0.7590 | per_class={2: '0.77', 5: '0.74'}
[C3] eval model[0] mean=0.002932 | edge mean=0.002818
[C3] n=1000 | classes=[5, 7] | acc=0.7970 | per_class={5: '0.85', 7: '0.74'}
[C4] eval model[0] mean=0.003558 | edge mean=0.002818
[C4] n=1000 | classes=[2, 7] | acc=0.8120 | per_class={2: '0.84', 7: '0.79'}
[C5] eval model[0] mean=0.003039 | edge mean=0.002818
[C5] n=1000 | classes=[2, 4] | acc=0.6860 | per_class={2: '0.77', 4: '0.60'}
[C6] eval model[0] mean=0.003159 | edge mean=0.002818
[C6] n=1000 | classes=[6, 7] | acc=0.8720 | per_class={6: '0.92', 7: '0.82'}
[C7] eval model[0] mean=0.002539 | edge mean=0.002818
[C7] n=1000 | classes=[3, 5] | acc=0.6500 | per_class={3: '0.56', 5: '0.74'}
[C8] eval model[0] mean=0.002476 | edge mean=0.002818
[C8] n=500 | classes=[4] | acc=1.0000 | per_class={4: '1.00'}
[C9] eval model[0] mean=0.002449 | edge mean=0.002818
[C9] n=500 | classes=[4] | acc=1.0000 | per_class={4: '1.00'}
[C10] eval model[0] mean=0.001338 | edge mean=0.001186
[C10] n=600 | classes=[8, 9] | acc=0.8533 | per_class={8: '0.87', 9: '0.83'}
[C11] eval model[0] mean=0.000947 | edge mean=0.001186
[C11] n=600 | classes=[0, 1] | acc=0.8250 | per_class={0: '0.74', 1: '0.91'}
[C12] eval model[0] mean=0.002155 | edge mean=0.001186
[C12] n=600 | classes=[1, 8] | acc=0.8183 | per_class={1: '0.75', 8: '0.89'}
[C13] eval model[0] mean=0.000875 | edge mean=0.001186
[C13] n=600 | classes=[0, 8] | acc=0.7867 | per_class={0: '0.71', 8: '0.87'}
[C14] eval model[0] mean=0.001370 | edge mean=0.001186
[C14] n=600 | classes=[0, 9] | acc=0.8567 | per_class={0: '0.86', 9: '0.85'}
[C15] eval model[0] mean=0.000606 | edge mean=0.001186
[C15] n=600 | classes=[0, 8] | acc=0.7383 | per_class={0: '0.68', 8: '0.80'}
[C16] eval model[0] mean=0.000998 | edge mean=0.001186
[C16] n=600 | classes=[1, 8] | acc=0.8667 | per_class={1: '0.86', 8: '0.87'}
[C17] eval model[0] mean=0.001553 | edge mean=0.001186
[C17] n=600 | classes=[1, 9] | acc=0.6983 | per_class={1: '0.79', 9: '0.61'}
[C18] eval model[0] mean=0.001287 | edge mean=0.001186
[C18] n=600 | classes=[1, 9] | acc=0.7333 | per_class={1: '0.84', 9: '0.62'}
[C19] eval model[0] mean=0.001335 | edge mean=0.001186
[C19] n=600 | classes=[0, 9] | acc=0.8500 | per_class={0: '0.78', 9: '0.91'}
  [Cloud] GM=0.3203 | EM=0.5184 PM=0.7973 | loss=1.9338 | time=134.8s | comm=683.7MB (total=1367MB)

[Round   3] Broadcasting to 2 edges...
  [Edge 0] W_n reset to global weights for new round.
  [Edge 1] W_n reset to global weights for new round.
  [Edge 0] G3 | E1 | Hier-pFedMe | Selected 10/10
  [Client  9] Received edge weights.
[C9] Test set: samples=500, class_dist={4: 500}
  [Client  4] Received edge weights.
[C4] Test set: samples=1000, class_dist={2: 507, 7: 493}
  [Client  3] Received edge weights.
[C3] Test set: samples=1000, class_dist={5: 506, 7: 494}
  [Client  6] Received edge weights.
[C6] Test set: samples=1000, class_dist={6: 493, 7: 507}
  [Client  1] Received edge weights.
[C1] Test set: samples=1000, class_dist={3: 515, 6: 485}
  [Client  5] Received edge weights.
[C5] Test set: samples=1000, class_dist={2: 510, 4: 490}
  [Client  0] Received edge weights.
[C0] Test set: samples=1000, class_dist={3: 511, 6: 489}
  [Client  7] Received edge weights.
[C7] Test set: samples=1000, class_dist={3: 485, 5: 515}
  [Client  8] Received edge weights.
[C8] Test set: samples=500, class_dist={4: 500}
  [Client  2] Received edge weights.
[C2] Test set: samples=1000, class_dist={2: 507, 5: 493}
  [Client  9] Starting Hier-pFedMe | λ2=35.0, η2=0.02, inner_steps=3, epochs=1, batches/epoch=94  [Client  3] Starting Hier-pFedMe | λ2=35.0, η2=0.02, inner_steps=3, epochs=1, batches/epoch=188

  [Client  4] Starting Hier-pFedMe | λ2=35.0, η2=0.02, inner_steps=3, epochs=1, batches/epoch=188  [Client  6] Starting Hier-pFedMe | λ2=35.0, η2=0.02, inner_steps=3, epochs=1, batches/epoch=188

[C3] eval model[0] mean=0.002113 | edge mean=0.002113
[C9] eval model[0] mean=0.002113 | edge mean=0.002113[C6] eval model[0] mean=0.002113 | edge mean=0.002113[C4] eval model[0] mean=0.002113 | edge mean=0.002113


[C9] n=500 | classes=[4] | acc=0.0640 | per_class={4: '0.06'}
[C3] n=1000 | classes=[5, 7] | acc=0.1830 | per_class={5: '0.18', 7: '0.18'}
[C6] n=1000 | classes=[6, 7] | acc=0.2820 | per_class={6: '0.38', 7: '0.19'}
[C4] n=1000 | classes=[2, 7] | acc=0.1760 | per_class={2: '0.15', 7: '0.21'}
[C9] eval model[0] mean=0.001705 | edge mean=0.002113
[C9] n=500 | classes=[4] | acc=1.0000 | per_class={4: '1.00'}
  [Client  9] Round 3 | Hier-pFedMe(λ2=35.0, K=3) | loss=0.0046
  [Client  1] Starting Hier-pFedMe | λ2=35.0, η2=0.02, inner_steps=3, epochs=1, batches/epoch=188
[C1] eval model[0] mean=0.002113 | edge mean=0.002113
[C1] n=1000 | classes=[3, 6] | acc=0.1960 | per_class={3: '0.04', 6: '0.36'}
[C3] eval model[0] mean=0.003348 | edge mean=0.002113
[C6] eval model[0] mean=0.003698 | edge mean=0.002113
[C4] eval model[0] mean=0.003595 | edge mean=0.002113
[C6] n=1000 | classes=[6, 7] | acc=0.8810 | per_class={6: '0.90', 7: '0.86'}
[C3] n=1000 | classes=[5, 7] | acc=0.7570 | per_class={5: '0.66', 7: '0.86'}
  [Client  6] Round 3 | Hier-pFedMe(λ2=35.0, K=3) | loss=0.0873
  [Client  5] Starting Hier-pFedMe | λ2=35.0, η2=0.02, inner_steps=3, epochs=1, batches/epoch=188  [Client  3] Round 3 | Hier-pFedMe(λ2=35.0, K=3) | loss=0.1179

  [Client  0] Starting Hier-pFedMe | λ2=35.0, η2=0.02, inner_steps=3, epochs=1, batches/epoch=188
[C5] eval model[0] mean=0.002113 | edge mean=0.002113
[C4] n=1000 | classes=[2, 7] | acc=0.7610 | per_class={2: '0.60', 7: '0.92'}
[C0] eval model[0] mean=0.002113 | edge mean=0.002113
  [Client  4] Round 3 | Hier-pFedMe(λ2=35.0, K=3) | loss=0.1185
  [Client  7] Starting Hier-pFedMe | λ2=35.0, η2=0.02, inner_steps=3, epochs=1, batches/epoch=188
[C7] eval model[0] mean=0.002113 | edge mean=0.002113
[C1] eval model[0] mean=0.003356 | edge mean=0.002113
[C0] n=1000 | classes=[3, 6] | acc=0.1910 | per_class={3: '0.02', 6: '0.37'}
[C5] n=1000 | classes=[2, 4] | acc=0.1040 | per_class={2: '0.15', 4: '0.06'}
[C7] n=1000 | classes=[3, 5] | acc=0.1080 | per_class={3: '0.02', 5: '0.19'}
[C1] n=1000 | classes=[3, 6] | acc=0.7990 | per_class={3: '0.86', 6: '0.73'}
  [Client  1] Round 3 | Hier-pFedMe(λ2=35.0, K=3) | loss=0.1563
  [Client  8] Starting Hier-pFedMe | λ2=35.0, η2=0.02, inner_steps=3, epochs=1, batches/epoch=94
[C8] eval model[0] mean=0.002113 | edge mean=0.002113
[C8] n=500 | classes=[4] | acc=0.0440 | per_class={4: '0.04'}
[C8] eval model[0] mean=0.001650 | edge mean=0.002113
[C0] eval model[0] mean=0.003107 | edge mean=0.002113
[C5] eval model[0] mean=0.002011 | edge mean=0.002113
[C7] eval model[0] mean=0.002397 | edge mean=0.002113
[C8] n=500 | classes=[4] | acc=1.0000 | per_class={4: '1.00'}
  [Client  8] Round 3 | Hier-pFedMe(λ2=35.0, K=3) | loss=0.0047
  [Client  2] Starting Hier-pFedMe | λ2=35.0, η2=0.02, inner_steps=3, epochs=1, batches/epoch=188
[C2] eval model[0] mean=0.002113 | edge mean=0.002113
[C0] n=1000 | classes=[3, 6] | acc=0.7360 | per_class={3: '0.61', 6: '0.87'}
  [Client  0] Round 3 | Hier-pFedMe(λ2=35.0, K=3) | loss=0.1395
[C5] n=1000 | classes=[2, 4] | acc=0.6410 | per_class={2: '0.85', 4: '0.42'}
  [Client  5] Round 3 | Hier-pFedMe(λ2=35.0, K=3) | loss=0.2204[C7] n=1000 | classes=[3, 5] | acc=0.6220 | per_class={3: '0.40', 5: '0.83'}

  [Client  7] Round 3 | Hier-pFedMe(λ2=35.0, K=3) | loss=0.1959
[C2] n=1000 | classes=[2, 5] | acc=0.1710 | per_class={2: '0.15', 5: '0.19'}
[C2] eval model[0] mean=0.002804 | edge mean=0.002113
[C2] n=1000 | classes=[2, 5] | acc=0.7760 | per_class={2: '0.82', 5: '0.73'}
  [Client  2] Round 3 | Hier-pFedMe(λ2=35.0, K=3) | loss=0.1398
  [Edge 0] G3 | E1 | loss=0.1311
  [Edge 0] G3 | E2 | Hier-pFedMe | Selected 10/10
  [Client  4] Received edge weights.
[C4] Test set: samples=1000, class_dist={2: 507, 7: 493}
  [Client  9] Received edge weights.
[C9] Test set: samples=500, class_dist={4: 500}
  [Client  5] Received edge weights.
[C5] Test set: samples=1000, class_dist={2: 510, 4: 490}
  [Client  6] Received edge weights.
[C6] Test set: samples=1000, class_dist={6: 493, 7: 507}
  [Client  7] Received edge weights.
[C7] Test set: samples=1000, class_dist={3: 485, 5: 515}
  [Client  1] Received edge weights.
[C1] Test set: samples=1000, class_dist={3: 515, 6: 485}
  [Client  8] Received edge weights.
[C8] Test set: samples=500, class_dist={4: 500}
  [Client  0] Received edge weights.
[C0] Test set: samples=1000, class_dist={3: 511, 6: 489}
  [Client  3] Received edge weights.
[C3] Test set: samples=1000, class_dist={5: 506, 7: 494}
  [Client  2] Received edge weights.
[C2] Test set: samples=1000, class_dist={2: 507, 5: 493}
  [Client  4] Starting Hier-pFedMe | λ2=35.0, η2=0.02, inner_steps=3, epochs=1, batches/epoch=188  [Client  9] Starting Hier-pFedMe | λ2=35.0, η2=0.02, inner_steps=3, epochs=1, batches/epoch=94  [Client  5] Starting Hier-pFedMe | λ2=35.0, η2=0.02, inner_steps=3, epochs=1, batches/epoch=188
  [Client  6] Starting Hier-pFedMe | λ2=35.0, η2=0.02, inner_steps=3, epochs=1, batches/epoch=188


[C4] eval model[0] mean=0.002770 | edge mean=0.002770[C9] eval model[0] mean=0.002770 | edge mean=0.002770[C5] eval model[0] mean=0.002770 | edge mean=0.002770
[C6] eval model[0] mean=0.002770 | edge mean=0.002770


[C9] n=500 | classes=[4] | acc=0.1820 | per_class={4: '0.18'}
[C5] n=1000 | classes=[2, 4] | acc=0.3360 | per_class={2: '0.51', 4: '0.15'}
[C4] n=1000 | classes=[2, 7] | acc=0.5850 | per_class={2: '0.56', 7: '0.61'}[C6] n=1000 | classes=[6, 7] | acc=0.5800 | per_class={6: '0.54', 7: '0.62'}

[C9] eval model[0] mean=0.002329 | edge mean=0.002770
[C9] n=500 | classes=[4] | acc=1.0000 | per_class={4: '1.00'}
  [Client  9] Round 3 | Hier-pFedMe(λ2=35.0, K=3) | loss=0.0038
  [Client  7] Starting Hier-pFedMe | λ2=35.0, η2=0.02, inner_steps=3, epochs=1, batches/epoch=188
[C7] eval model[0] mean=0.002770 | edge mean=0.002770
[C7] n=1000 | classes=[3, 5] | acc=0.3330 | per_class={3: '0.18', 5: '0.48'}
[C5] eval model[0] mean=0.001674 | edge mean=0.002770
[C4] eval model[0] mean=0.003191 | edge mean=0.002770
[C6] eval model[0] mean=0.003805 | edge mean=0.002770
[C5] n=1000 | classes=[2, 4] | acc=0.6460 | per_class={2: '0.51', 4: '0.79'}
  [Client  5] Round 3 | Hier-pFedMe(λ2=35.0, K=3) | loss=0.1932
  [Client  1] Starting Hier-pFedMe | λ2=35.0, η2=0.02, inner_steps=3, epochs=1, batches/epoch=188
[C1] eval model[0] mean=0.002770 | edge mean=0.002770
[C4] n=1000 | classes=[2, 7] | acc=0.8120 | per_class={2: '0.76', 7: '0.87'}
[C6] n=1000 | classes=[6, 7] | acc=0.8810 | per_class={6: '0.89', 7: '0.87'}
  [Client  4] Round 3 | Hier-pFedMe(λ2=35.0, K=3) | loss=0.0955
  [Client  8] Starting Hier-pFedMe | λ2=35.0, η2=0.02, inner_steps=3, epochs=1, batches/epoch=94
  [Client  6] Round 3 | Hier-pFedMe(λ2=35.0, K=3) | loss=0.0646
  [Client  0] Starting Hier-pFedMe | λ2=35.0, η2=0.02, inner_steps=3, epochs=1, batches/epoch=188
[C8] eval model[0] mean=0.002770 | edge mean=0.002770
[C0] eval model[0] mean=0.002770 | edge mean=0.002770
[C7] eval model[0] mean=0.002455 | edge mean=0.002770
[C8] n=500 | classes=[4] | acc=0.1580 | per_class={4: '0.16'}
[C1] n=1000 | classes=[3, 6] | acc=0.3970 | per_class={3: '0.22', 6: '0.59'}
[C0] n=1000 | classes=[3, 6] | acc=0.3580 | per_class={3: '0.16', 6: '0.56'}
[C7] n=1000 | classes=[3, 5] | acc=0.6230 | per_class={3: '0.73', 5: '0.52'}
  [Client  7] Round 3 | Hier-pFedMe(λ2=35.0, K=3) | loss=0.1683
  [Client  3] Starting Hier-pFedMe | λ2=35.0, η2=0.02, inner_steps=3, epochs=1, batches/epoch=188
[C3] eval model[0] mean=0.002770 | edge mean=0.002770
[C8] eval model[0] mean=0.002282 | edge mean=0.002770
[C8] n=500 | classes=[4] | acc=1.0000 | per_class={4: '1.00'}
  [Client  8] Round 3 | Hier-pFedMe(λ2=35.0, K=3) | loss=0.0036
  [Client  2] Starting Hier-pFedMe | λ2=35.0, η2=0.02, inner_steps=3, epochs=1, batches/epoch=188
[C2] eval model[0] mean=0.002770 | edge mean=0.002770
[C3] n=1000 | classes=[5, 7] | acc=0.5380 | per_class={5: '0.49', 7: '0.58'}
[C2] n=1000 | classes=[2, 5] | acc=0.5120 | per_class={2: '0.53', 5: '0.50'}
[C1] eval model[0] mean=0.003685 | edge mean=0.002770
[C0] eval model[0] mean=0.003567 | edge mean=0.002770
[C1] n=1000 | classes=[3, 6] | acc=0.7600 | per_class={3: '0.67', 6: '0.85'}
  [Client  1] Round 3 | Hier-pFedMe(λ2=35.0, K=3) | loss=0.1278
[C0] n=1000 | classes=[3, 6] | acc=0.7430 | per_class={3: '0.87', 6: '0.61'}
  [Client  0] Round 3 | Hier-pFedMe(λ2=35.0, K=3) | loss=0.1144
[C3] eval model[0] mean=0.003425 | edge mean=0.002770
[C2] eval model[0] mean=0.003238 | edge mean=0.002770
[C3] n=1000 | classes=[5, 7] | acc=0.7810 | per_class={5: '0.92', 7: '0.63'}
  [Client  3] Round 3 | Hier-pFedMe(λ2=35.0, K=3) | loss=0.0949
[C2] n=1000 | classes=[2, 5] | acc=0.7360 | per_class={2: '0.83', 5: '0.64'}
  [Client  2] Round 3 | Hier-pFedMe(λ2=35.0, K=3) | loss=0.1143
  [Edge 0] G3 | E2 | loss=0.1085
  [Edge 0] G3 | E3 | Hier-pFedMe | Selected 10/10
  [Client  7] Received edge weights.
[C7] Test set: samples=1000, class_dist={3: 485, 5: 515}
  [Client  6] Received edge weights.
[C6] Test set: samples=1000, class_dist={6: 493, 7: 507}
  [Client  5] Received edge weights.
[C5] Test set: samples=1000, class_dist={2: 510, 4: 490}
  [Client  9] Received edge weights.
[C9] Test set: samples=500, class_dist={4: 500}
  [Client  4] Received edge weights.
[C4] Test set: samples=1000, class_dist={2: 507, 7: 493}
  [Client  1] Received edge weights.
[C1] Test set: samples=1000, class_dist={3: 515, 6: 485}
  [Client  2] Received edge weights.
[C2] Test set: samples=1000, class_dist={2: 507, 5: 493}
  [Client  0] Received edge weights.
[C0] Test set: samples=1000, class_dist={3: 511, 6: 489}
  [Client  3] Received edge weights.
[C3] Test set: samples=1000, class_dist={5: 506, 7: 494}
  [Client  8] Received edge weights.
[C8] Test set: samples=500, class_dist={4: 500}
  [Client  7] Starting Hier-pFedMe | λ2=35.0, η2=0.02, inner_steps=3, epochs=1, batches/epoch=188  [Client  9] Starting Hier-pFedMe | λ2=35.0, η2=0.02, inner_steps=3, epochs=1, batches/epoch=94  [Client  6] Starting Hier-pFedMe | λ2=35.0, η2=0.02, inner_steps=3, epochs=1, batches/epoch=188


  [Client  5] Starting Hier-pFedMe | λ2=35.0, η2=0.02, inner_steps=3, epochs=1, batches/epoch=188[C7] eval model[0] mean=0.002824 | edge mean=0.002824
[C9] eval model[0] mean=0.002824 | edge mean=0.002824
[C6] eval model[0] mean=0.002824 | edge mean=0.002824
[C5] eval model[0] mean=0.002824 | edge mean=0.002824

[C9] n=500 | classes=[4] | acc=0.2000 | per_class={4: '0.20'}
[C7] n=1000 | classes=[3, 5] | acc=0.3760 | per_class={3: '0.23', 5: '0.51'}
[C6] n=1000 | classes=[6, 7] | acc=0.5750 | per_class={6: '0.52', 7: '0.63'}[C5] n=1000 | classes=[2, 4] | acc=0.3570 | per_class={2: '0.55', 4: '0.16'}

[C9] eval model[0] mean=0.002388 | edge mean=0.002824
[C9] n=500 | classes=[4] | acc=1.0000 | per_class={4: '1.00'}
  [Client  9] Round 3 | Hier-pFedMe(λ2=35.0, K=3) | loss=0.0048
  [Client  4] Starting Hier-pFedMe | λ2=35.0, η2=0.02, inner_steps=3, epochs=1, batches/epoch=188
[C4] eval model[0] mean=0.002824 | edge mean=0.002824
[C4] n=1000 | classes=[2, 7] | acc=0.5880 | per_class={2: '0.58', 7: '0.60'}
[C5] eval model[0] mean=0.002659 | edge mean=0.002824
[C7] eval model[0] mean=0.002181 | edge mean=0.002824
[C6] eval model[0] mean=0.003079 | edge mean=0.002824
[C5] n=1000 | classes=[2, 4] | acc=0.6320 | per_class={2: '0.54', 4: '0.73'}
[C6] n=1000 | classes=[6, 7] | acc=0.8510 | per_class={6: '0.97', 7: '0.73'}
  [Client  5] Round 3 | Hier-pFedMe(λ2=35.0, K=3) | loss=0.1754
  [Client  1] Starting Hier-pFedMe | λ2=35.0, η2=0.02, inner_steps=3, epochs=1, batches/epoch=188
[C7] n=1000 | classes=[3, 5] | acc=0.6250 | per_class={3: '0.57', 5: '0.67'}
  [Client  6] Round 3 | Hier-pFedMe(λ2=35.0, K=3) | loss=0.0618[C1] eval model[0] mean=0.002824 | edge mean=0.002824

  [Client  2] Starting Hier-pFedMe | λ2=35.0, η2=0.02, inner_steps=3, epochs=1, batches/epoch=188
  [Client  7] Round 3 | Hier-pFedMe(λ2=35.0, K=3) | loss=0.1488
[C2] eval model[0] mean=0.002824 | edge mean=0.002824
  [Client  0] Starting Hier-pFedMe | λ2=35.0, η2=0.02, inner_steps=3, epochs=1, batches/epoch=188
[C0] eval model[0] mean=0.002824 | edge mean=0.002824
[C4] eval model[0] mean=0.003643 | edge mean=0.002824
[C2] n=1000 | classes=[2, 5] | acc=0.5430 | per_class={2: '0.57', 5: '0.51'}
[C0] n=1000 | classes=[3, 6] | acc=0.3610 | per_class={3: '0.21', 6: '0.52'}[C1] n=1000 | classes=[3, 6] | acc=0.3910 | per_class={3: '0.26', 6: '0.53'}

[C4] n=1000 | classes=[2, 7] | acc=0.8160 | per_class={2: '0.76', 7: '0.87'}
  [Client  4] Round 3 | Hier-pFedMe(λ2=35.0, K=3) | loss=0.0828
  [Client  3] Starting Hier-pFedMe | λ2=35.0, η2=0.02, inner_steps=3, epochs=1, batches/epoch=188
[C3] eval model[0] mean=0.002824 | edge mean=0.002824
[C3] n=1000 | classes=[5, 7] | acc=0.5360 | per_class={5: '0.48', 7: '0.59'}
[C2] eval model[0] mean=0.003401 | edge mean=0.002824
[C1] eval model[0] mean=0.003708 | edge mean=0.002824
[C0] eval model[0] mean=0.004196 | edge mean=0.002824
[C2] n=1000 | classes=[2, 5] | acc=0.7340 | per_class={2: '0.85', 5: '0.61'}
  [Client  2] Round 3 | Hier-pFedMe(λ2=35.0, K=3) | loss=0.0969
[C1] n=1000 | classes=[3, 6] | acc=0.8240 | per_class={3: '0.80', 6: '0.85'}
[C0] n=1000 | classes=[3, 6] | acc=0.7660 | per_class={3: '0.76', 6: '0.77'}
  [Client  8] Starting Hier-pFedMe | λ2=35.0, η2=0.02, inner_steps=3, epochs=1, batches/epoch=94
  [Client  1] Round 3 | Hier-pFedMe(λ2=35.0, K=3) | loss=0.1112
[C8] eval model[0] mean=0.002824 | edge mean=0.002824
  [Client  0] Round 3 | Hier-pFedMe(λ2=35.0, K=3) | loss=0.1014
[C3] eval model[0] mean=0.002997 | edge mean=0.002824
[C8] n=500 | classes=[4] | acc=0.1640 | per_class={4: '0.16'}
[C3] n=1000 | classes=[5, 7] | acc=0.7730 | per_class={5: '0.82', 7: '0.72'}
  [Client  3] Round 3 | Hier-pFedMe(λ2=35.0, K=3) | loss=0.0881
[C8] eval model[0] mean=0.002473 | edge mean=0.002824
[C8] n=500 | classes=[4] | acc=1.0000 | per_class={4: '1.00'}
  [Client  8] Round 3 | Hier-pFedMe(λ2=35.0, K=3) | loss=0.0037
  [Edge 0] G3 | E3 | loss=0.0967
  [Edge 0] G3 | E4 | Hier-pFedMe | Selected 10/10
  [Client  7] Received edge weights.
[C7] Test set: samples=1000, class_dist={3: 485, 5: 515}
  [Client  0] Received edge weights.
[C0] Test set: samples=1000, class_dist={3: 511, 6: 489}
  [Client  8] Received edge weights.
[C8] Test set: samples=500, class_dist={4: 500}
  [Client  1] Received edge weights.
[C1] Test set: samples=1000, class_dist={3: 515, 6: 485}
  [Client  2] Received edge weights.
[C2] Test set: samples=1000, class_dist={2: 507, 5: 493}
  [Client  3] Received edge weights.
[C3] Test set: samples=1000, class_dist={5: 506, 7: 494}
  [Client  9] Received edge weights.
[C9] Test set: samples=500, class_dist={4: 500}
  [Client  6] Received edge weights.
[C6] Test set: samples=1000, class_dist={6: 493, 7: 507}
  [Client  5] Received edge weights.
[C5] Test set: samples=1000, class_dist={2: 510, 4: 490}
  [Client  4] Received edge weights.
[C4] Test set: samples=1000, class_dist={2: 507, 7: 493}
  [Client  0] Starting Hier-pFedMe | λ2=35.0, η2=0.02, inner_steps=3, epochs=1, batches/epoch=188  [Client  7] Starting Hier-pFedMe | λ2=35.0, η2=0.02, inner_steps=3, epochs=1, batches/epoch=188  [Client  8] Starting Hier-pFedMe | λ2=35.0, η2=0.02, inner_steps=3, epochs=1, batches/epoch=94

  [Client  1] Starting Hier-pFedMe | λ2=35.0, η2=0.02, inner_steps=3, epochs=1, batches/epoch=188

[C0] eval model[0] mean=0.003034 | edge mean=0.003034[C7] eval model[0] mean=0.003034 | edge mean=0.003034[C8] eval model[0] mean=0.003034 | edge mean=0.003034
[C1] eval model[0] mean=0.003034 | edge mean=0.003034


[C8] n=500 | classes=[4] | acc=0.1860 | per_class={4: '0.19'}
[C1] n=1000 | classes=[3, 6] | acc=0.4150 | per_class={3: '0.25', 6: '0.59'}
[C7] n=1000 | classes=[3, 5] | acc=0.3720 | per_class={3: '0.24', 5: '0.50'}
[C0] n=1000 | classes=[3, 6] | acc=0.3870 | per_class={3: '0.21', 6: '0.57'}
[C8] eval model[0] mean=0.002671 | edge mean=0.003034
[C8] n=500 | classes=[4] | acc=1.0000 | per_class={4: '1.00'}
  [Client  8] Round 3 | Hier-pFedMe(λ2=35.0, K=3) | loss=0.0040
  [Client  2] Starting Hier-pFedMe | λ2=35.0, η2=0.02, inner_steps=3, epochs=1, batches/epoch=188
[C2] eval model[0] mean=0.003034 | edge mean=0.003034
[C2] n=1000 | classes=[2, 5] | acc=0.5420 | per_class={2: '0.59', 5: '0.50'}
[C1] eval model[0] mean=0.003231 | edge mean=0.003034
[C0] eval model[0] mean=0.003661 | edge mean=0.003034
[C7] eval model[0] mean=0.002259 | edge mean=0.003034
[C1] n=1000 | classes=[3, 6] | acc=0.8060 | per_class={3: '0.84', 6: '0.77'}
  [Client  1] Round 3 | Hier-pFedMe(λ2=35.0, K=3) | loss=0.1015
  [Client  3] Starting Hier-pFedMe | λ2=35.0, η2=0.02, inner_steps=3, epochs=1, batches/epoch=188
[C3] eval model[0] mean=0.003034 | edge mean=0.003034
[C0] n=1000 | classes=[3, 6] | acc=0.7670 | per_class={3: '0.68', 6: '0.85'}
  [Client  0] Round 3 | Hier-pFedMe(λ2=35.0, K=3) | loss=0.0903
  [Client  9] Starting Hier-pFedMe | λ2=35.0, η2=0.02, inner_steps=3, epochs=1, batches/epoch=94
[C7] n=1000 | classes=[3, 5] | acc=0.6280 | per_class={3: '0.69', 5: '0.57'}[C9] eval model[0] mean=0.003034 | edge mean=0.003034

  [Client  7] Round 3 | Hier-pFedMe(λ2=35.0, K=3) | loss=0.1518
  [Client  6] Starting Hier-pFedMe | λ2=35.0, η2=0.02, inner_steps=3, epochs=1, batches/epoch=188
[C6] eval model[0] mean=0.003034 | edge mean=0.003034
[C9] n=500 | classes=[4] | acc=0.2180 | per_class={4: '0.22'}
[C2] eval model[0] mean=0.003621 | edge mean=0.003034
[C3] n=1000 | classes=[5, 7] | acc=0.5360 | per_class={5: '0.49', 7: '0.59'}
[C6] n=1000 | classes=[6, 7] | acc=0.5820 | per_class={6: '0.55', 7: '0.61'}
[C2] n=1000 | classes=[2, 5] | acc=0.7220 | per_class={2: '0.88', 5: '0.56'}
  [Client  2] Round 3 | Hier-pFedMe(λ2=35.0, K=3) | loss=0.0978
  [Client  5] Starting Hier-pFedMe | λ2=35.0, η2=0.02, inner_steps=3, epochs=1, batches/epoch=188
[C5] eval model[0] mean=0.003034 | edge mean=0.003034
[C9] eval model[0] mean=0.002703 | edge mean=0.003034
[C9] n=500 | classes=[4] | acc=1.0000 | per_class={4: '1.00'}
  [Client  9] Round 3 | Hier-pFedMe(λ2=35.0, K=3) | loss=0.0044
  [Client  4] Starting Hier-pFedMe | λ2=35.0, η2=0.02, inner_steps=3, epochs=1, batches/epoch=188
[C4] eval model[0] mean=0.003034 | edge mean=0.003034
[C5] n=1000 | classes=[2, 4] | acc=0.3900 | per_class={2: '0.58', 4: '0.19'}
[C4] n=1000 | classes=[2, 7] | acc=0.5990 | per_class={2: '0.59', 7: '0.60'}
[C3] eval model[0] mean=0.003217 | edge mean=0.003034
[C6] eval model[0] mean=0.004009 | edge mean=0.003034
[C3] n=1000 | classes=[5, 7] | acc=0.8010 | per_class={5: '0.83', 7: '0.77'}
  [Client  3] Round 3 | Hier-pFedMe(λ2=35.0, K=3) | loss=0.0784
[C6] n=1000 | classes=[6, 7] | acc=0.8490 | per_class={6: '0.83', 7: '0.86'}
  [Client  6] Round 3 | Hier-pFedMe(λ2=35.0, K=3) | loss=0.0655
[C5] eval model[0] mean=0.002893 | edge mean=0.003034
[C4] eval model[0] mean=0.003543 | edge mean=0.003034
[C5] n=1000 | classes=[2, 4] | acc=0.6440 | per_class={2: '0.51', 4: '0.78'}
  [Client  5] Round 3 | Hier-pFedMe(λ2=35.0, K=3) | loss=0.1604
[C4] n=1000 | classes=[2, 7] | acc=0.8380 | per_class={2: '0.82', 7: '0.85'}
  [Client  4] Round 3 | Hier-pFedMe(λ2=35.0, K=3) | loss=0.0827
  [Edge 0] G3 | E4 | loss=0.0925
  [Edge 0] G3 | E5 | Hier-pFedMe | Selected 10/10
  [Client  4] Received edge weights.
[C4] Test set: samples=1000, class_dist={2: 507, 7: 493}
  [Client  5] Received edge weights.
[C5] Test set: samples=1000, class_dist={2: 510, 4: 490}
  [Client  9] Received edge weights.
[C9] Test set: samples=500, class_dist={4: 500}
  [Client  0] Received edge weights.
[C0] Test set: samples=1000, class_dist={3: 511, 6: 489}
  [Client  3] Received edge weights.
[C3] Test set: samples=1000, class_dist={5: 506, 7: 494}
  [Client  7] Received edge weights.
[C7] Test set: samples=1000, class_dist={3: 485, 5: 515}
  [Client  2] Received edge weights.
[C2] Test set: samples=1000, class_dist={2: 507, 5: 493}
  [Client  6] Received edge weights.
[C6] Test set: samples=1000, class_dist={6: 493, 7: 507}
  [Client  1] Received edge weights.
[C1] Test set: samples=1000, class_dist={3: 515, 6: 485}
  [Client  8] Received edge weights.
[C8] Test set: samples=500, class_dist={4: 500}
  [Client  9] Starting Hier-pFedMe | λ2=35.0, η2=0.02, inner_steps=3, epochs=1, batches/epoch=94  [Client  0] Starting Hier-pFedMe | λ2=35.0, η2=0.02, inner_steps=3, epochs=1, batches/epoch=188  [Client  5] Starting Hier-pFedMe | λ2=35.0, η2=0.02, inner_steps=3, epochs=1, batches/epoch=188


  [Client  4] Starting Hier-pFedMe | λ2=35.0, η2=0.02, inner_steps=3, epochs=1, batches/epoch=188
[C9] eval model[0] mean=0.003114 | edge mean=0.003114[C0] eval model[0] mean=0.003114 | edge mean=0.003114[C5] eval model[0] mean=0.003114 | edge mean=0.003114

[C4] eval model[0] mean=0.003114 | edge mean=0.003114

[C9] n=500 | classes=[4] | acc=0.2260 | per_class={4: '0.23'}
[C4] n=1000 | classes=[2, 7] | acc=0.6080 | per_class={2: '0.59', 7: '0.62'}[C0] n=1000 | classes=[3, 6] | acc=0.3750 | per_class={3: '0.24', 6: '0.51'}

[C5] n=1000 | classes=[2, 4] | acc=0.3880 | per_class={2: '0.56', 4: '0.21'}
[C9] eval model[0] mean=0.002800 | edge mean=0.003114
[C9] n=500 | classes=[4] | acc=1.0000 | per_class={4: '1.00'}
  [Client  9] Round 3 | Hier-pFedMe(λ2=35.0, K=3) | loss=0.0044
  [Client  3] Starting Hier-pFedMe | λ2=35.0, η2=0.02, inner_steps=3, epochs=1, batches/epoch=188
[C3] eval model[0] mean=0.003114 | edge mean=0.003114
[C3] n=1000 | classes=[5, 7] | acc=0.5640 | per_class={5: '0.52', 7: '0.61'}
[C4] eval model[0] mean=0.003630 | edge mean=0.003114
[C0] eval model[0] mean=0.004473 | edge mean=0.003114
[C5] eval model[0] mean=0.003012 | edge mean=0.003114
[C4] n=1000 | classes=[2, 7] | acc=0.8270 | per_class={2: '0.76', 7: '0.90'}
[C0] n=1000 | classes=[3, 6] | acc=0.8010 | per_class={3: '0.84', 6: '0.76'}
  [Client  4] Round 3 | Hier-pFedMe(λ2=35.0, K=3) | loss=0.0728
  [Client  7] Starting Hier-pFedMe | λ2=35.0, η2=0.02, inner_steps=3, epochs=1, batches/epoch=188
[C7] eval model[0] mean=0.003114 | edge mean=0.003114
  [Client  0] Round 3 | Hier-pFedMe(λ2=35.0, K=3) | loss=0.0805
  [Client  2] Starting Hier-pFedMe | λ2=35.0, η2=0.02, inner_steps=3, epochs=1, batches/epoch=188
[C2] eval model[0] mean=0.003114 | edge mean=0.003114
[C5] n=1000 | classes=[2, 4] | acc=0.6930 | per_class={2: '0.74', 4: '0.64'}
  [Client  5] Round 3 | Hier-pFedMe(λ2=35.0, K=3) | loss=0.1451
  [Client  6] Starting Hier-pFedMe | λ2=35.0, η2=0.02, inner_steps=3, epochs=1, batches/epoch=188
[C6] eval model[0] mean=0.003114 | edge mean=0.003114
[C3] eval model[0] mean=0.002911 | edge mean=0.003114
[C7] n=1000 | classes=[3, 5] | acc=0.3820 | per_class={3: '0.25', 5: '0.50'}
[C2] n=1000 | classes=[2, 5] | acc=0.5640 | per_class={2: '0.60', 5: '0.53'}
[C6] n=1000 | classes=[6, 7] | acc=0.5730 | per_class={6: '0.49', 7: '0.65'}
[C3] n=1000 | classes=[5, 7] | acc=0.7990 | per_class={5: '0.80', 7: '0.80'}
  [Client  3] Round 3 | Hier-pFedMe(λ2=35.0, K=3) | loss=0.0695
  [Client  1] Starting Hier-pFedMe | λ2=35.0, η2=0.02, inner_steps=3, epochs=1, batches/epoch=188
[C1] eval model[0] mean=0.003114 | edge mean=0.003114
[C1] n=1000 | classes=[3, 6] | acc=0.4030 | per_class={3: '0.28', 6: '0.54'}
[C7] eval model[0] mean=0.001930 | edge mean=0.003114
[C2] eval model[0] mean=0.003540 | edge mean=0.003114
[C6] eval model[0] mean=0.003868 | edge mean=0.003114
[C7] n=1000 | classes=[3, 5] | acc=0.6690 | per_class={3: '0.76', 5: '0.59'}
  [Client  7] Round 3 | Hier-pFedMe(λ2=35.0, K=3) | loss=0.1213
  [Client  8] Starting Hier-pFedMe | λ2=35.0, η2=0.02, inner_steps=3, epochs=1, batches/epoch=94
[C8] eval model[0] mean=0.003114 | edge mean=0.003114
[C2] n=1000 | classes=[2, 5] | acc=0.7790 | per_class={2: '0.82', 5: '0.74'}
[C6] n=1000 | classes=[6, 7] | acc=0.8690 | per_class={6: '0.96', 7: '0.79'}
  [Client  2] Round 3 | Hier-pFedMe(λ2=35.0, K=3) | loss=0.0896
  [Client  6] Round 3 | Hier-pFedMe(λ2=35.0, K=3) | loss=0.0523
[C1] eval model[0] mean=0.003238 | edge mean=0.003114
[C8] n=500 | classes=[4] | acc=0.1920 | per_class={4: '0.19'}
[C1] n=1000 | classes=[3, 6] | acc=0.7650 | per_class={3: '0.59', 6: '0.95'}
  [Client  1] Round 3 | Hier-pFedMe(λ2=35.0, K=3) | loss=0.0940
[C8] eval model[0] mean=0.002823 | edge mean=0.003114
[C8] n=500 | classes=[4] | acc=1.0000 | per_class={4: '1.00'}
  [Client  8] Round 3 | Hier-pFedMe(λ2=35.0, K=3) | loss=0.0040
  [Edge 0] G3 | E5 | loss=0.0810
  [Edge 1] G3 | E1 | Hier-pFedMe | Selected 10/10
  [Client 18] Received edge weights.
[C18] Test set: samples=600, class_dist={1: 314, 9: 286}
  [Client 11] Received edge weights.
[C11] Test set: samples=600, class_dist={0: 300, 1: 300}
  [Client 12] Received edge weights.
[C12] Test set: samples=600, class_dist={1: 308, 8: 292}
  [Client 17] Received edge weights.
[C17] Test set: samples=600, class_dist={1: 289, 9: 311}
  [Client 10] Received edge weights.
[C10] Test set: samples=600, class_dist={8: 292, 9: 308}
  [Client 15] Received edge weights.
[C15] Test set: samples=600, class_dist={0: 305, 8: 295}
  [Client 19] Received edge weights.
[C19] Test set: samples=600, class_dist={0: 286, 9: 314}
  [Client 13] Received edge weights.
[C13] Test set: samples=600, class_dist={0: 311, 8: 289}
  [Client 14] Received edge weights.
[C14] Test set: samples=600, class_dist={0: 307, 9: 293}
  [Client 16] Received edge weights.
[C16] Test set: samples=600, class_dist={1: 291, 8: 309}
  [Client 12] Starting Hier-pFedMe | λ2=35.0, η2=0.02, inner_steps=3, epochs=1, batches/epoch=113  [Client 18] Starting Hier-pFedMe | λ2=35.0, η2=0.02, inner_steps=3, epochs=1, batches/epoch=113  [Client 17] Starting Hier-pFedMe | λ2=35.0, η2=0.02, inner_steps=3, epochs=1, batches/epoch=113

  [Client 11] Starting Hier-pFedMe | λ2=35.0, η2=0.02, inner_steps=3, epochs=1, batches/epoch=113[C12] eval model[0] mean=0.002113 | edge mean=0.002113


[C17] eval model[0] mean=0.002113 | edge mean=0.002113
[C18] eval model[0] mean=0.002113 | edge mean=0.002113[C11] eval model[0] mean=0.002113 | edge mean=0.002113

[C18] n=600 | classes=[1, 9] | acc=0.5167 | per_class={1: '0.62', 9: '0.40'}
[C12] n=600 | classes=[1, 8] | acc=0.6183 | per_class={1: '0.58', 8: '0.66'}
[C17] n=600 | classes=[1, 9] | acc=0.4933 | per_class={1: '0.55', 9: '0.44'}
[C11] n=600 | classes=[0, 1] | acc=0.5233 | per_class={0: '0.49', 1: '0.56'}
[C18] eval model[0] mean=0.001949 | edge mean=0.002113
[C17] eval model[0] mean=0.001652 | edge mean=0.002113
[C11] eval model[0] mean=0.001216 | edge mean=0.002113
[C12] eval model[0] mean=0.002094 | edge mean=0.002113
[C18] n=600 | classes=[1, 9] | acc=0.7417 | per_class={1: '0.85', 9: '0.62'}
[C17] n=600 | classes=[1, 9] | acc=0.7167 | per_class={1: '0.82', 9: '0.62'}
[C12] n=600 | classes=[1, 8] | acc=0.8017 | per_class={1: '0.72', 8: '0.89'}  [Client 18] Round 3 | Hier-pFedMe(λ2=35.0, K=3) | loss=0.1433

  [Client 10] Starting Hier-pFedMe | λ2=35.0, η2=0.02, inner_steps=3, epochs=1, batches/epoch=113
[C11] n=600 | classes=[0, 1] | acc=0.8300 | per_class={0: '0.76', 1: '0.90'}[C10] eval model[0] mean=0.002113 | edge mean=0.002113
  [Client 17] Round 3 | Hier-pFedMe(λ2=35.0, K=3) | loss=0.1430
  [Client 12] Round 3 | Hier-pFedMe(λ2=35.0, K=3) | loss=0.0960

  [Client 15] Starting Hier-pFedMe | λ2=35.0, η2=0.02, inner_steps=3, epochs=1, batches/epoch=113  [Client 19] Starting Hier-pFedMe | λ2=35.0, η2=0.02, inner_steps=3, epochs=1, batches/epoch=113

  [Client 11] Round 3 | Hier-pFedMe(λ2=35.0, K=3) | loss=0.0798
[C15] eval model[0] mean=0.002113 | edge mean=0.002113[C19] eval model[0] mean=0.002113 | edge mean=0.002113
  [Client 13] Starting Hier-pFedMe | λ2=35.0, η2=0.02, inner_steps=3, epochs=1, batches/epoch=113

[C13] eval model[0] mean=0.002113 | edge mean=0.002113
[C10] n=600 | classes=[8, 9] | acc=0.5700 | per_class={8: '0.70', 9: '0.45'}
[C15] n=600 | classes=[0, 8] | acc=0.6017 | per_class={0: '0.63', 8: '0.58'}
[C19] n=600 | classes=[0, 9] | acc=0.4967 | per_class={0: '0.54', 9: '0.46'}
[C13] n=600 | classes=[0, 8] | acc=0.6217 | per_class={0: '0.58', 8: '0.66'}
[C10] eval model[0] mean=0.001810 | edge mean=0.002113
[C15] eval model[0] mean=0.001312 | edge mean=0.002113
[C19] eval model[0] mean=0.001314 | edge mean=0.002113
[C13] eval model[0] mean=0.001648 | edge mean=0.002113
[C10] n=600 | classes=[8, 9] | acc=0.8100 | per_class={8: '0.91', 9: '0.71'}
  [Client 10] Round 3 | Hier-pFedMe(λ2=35.0, K=3) | loss=0.0990
  [Client 14] Starting Hier-pFedMe | λ2=35.0, η2=0.02, inner_steps=3, epochs=1, batches/epoch=113
[C14] eval model[0] mean=0.002113 | edge mean=0.002113
[C15] n=600 | classes=[0, 8] | acc=0.7250 | per_class={0: '0.53', 8: '0.92'}
[C19] n=600 | classes=[0, 9] | acc=0.8383 | per_class={0: '0.85', 9: '0.82'}
  [Client 15] Round 3 | Hier-pFedMe(λ2=35.0, K=3) | loss=0.1664
  [Client 16] Starting Hier-pFedMe | λ2=35.0, η2=0.02, inner_steps=3, epochs=1, batches/epoch=113
[C16] eval model[0] mean=0.002113 | edge mean=0.002113  [Client 19] Round 3 | Hier-pFedMe(λ2=35.0, K=3) | loss=0.0978

[C13] n=600 | classes=[0, 8] | acc=0.7533 | per_class={0: '0.77', 8: '0.73'}
  [Client 13] Round 3 | Hier-pFedMe(λ2=35.0, K=3) | loss=0.1481
[C14] n=600 | classes=[0, 9] | acc=0.4917 | per_class={0: '0.53', 9: '0.45'}
[C16] n=600 | classes=[1, 8] | acc=0.6317 | per_class={1: '0.60', 8: '0.66'}
[C14] eval model[0] mean=0.001777 | edge mean=0.002113
[C16] eval model[0] mean=0.001558 | edge mean=0.002113
[C14] n=600 | classes=[0, 9] | acc=0.8467 | per_class={0: '0.83', 9: '0.86'}
  [Client 14] Round 3 | Hier-pFedMe(λ2=35.0, K=3) | loss=0.0912
[C16] n=600 | classes=[1, 8] | acc=0.8150 | per_class={1: '0.67', 8: '0.95'}
  [Client 16] Round 3 | Hier-pFedMe(λ2=35.0, K=3) | loss=0.1008
  [Edge 1] G3 | E1 | loss=0.1165
  [Edge 1] G3 | E2 | Hier-pFedMe | Selected 10/10
  [Client 15] Received edge weights.
[C15] Test set: samples=600, class_dist={0: 305, 8: 295}
  [Client 10] Received edge weights.
[C10] Test set: samples=600, class_dist={8: 292, 9: 308}
  [Client 13] Received edge weights.
[C13] Test set: samples=600, class_dist={0: 311, 8: 289}
  [Client 12] Received edge weights.
[C12] Test set: samples=600, class_dist={1: 308, 8: 292}
  [Client 17] Received edge weights.
[C17] Test set: samples=600, class_dist={1: 289, 9: 311}
  [Client 16] Received edge weights.
[C16] Test set: samples=600, class_dist={1: 291, 8: 309}
  [Client 19] Received edge weights.
[C19] Test set: samples=600, class_dist={0: 286, 9: 314}
  [Client 18] Received edge weights.
[C18] Test set: samples=600, class_dist={1: 314, 9: 286}
  [Client 14] Received edge weights.
[C14] Test set: samples=600, class_dist={0: 307, 9: 293}
  [Client 11] Received edge weights.
[C11] Test set: samples=600, class_dist={0: 300, 1: 300}
  [Client 15] Starting Hier-pFedMe | λ2=35.0, η2=0.02, inner_steps=3, epochs=1, batches/epoch=113  [Client 10] Starting Hier-pFedMe | λ2=35.0, η2=0.02, inner_steps=3, epochs=1, batches/epoch=113

  [Client 13] Starting Hier-pFedMe | λ2=35.0, η2=0.02, inner_steps=3, epochs=1, batches/epoch=113  [Client 12] Starting Hier-pFedMe | λ2=35.0, η2=0.02, inner_steps=3, epochs=1, batches/epoch=113
[C15] eval model[0] mean=0.001630 | edge mean=0.001630[C10] eval model[0] mean=0.001630 | edge mean=0.001630

[C13] eval model[0] mean=0.001630 | edge mean=0.001630
[C12] eval model[0] mean=0.001630 | edge mean=0.001630

[C13] n=600 | classes=[0, 8] | acc=0.6767 | per_class={0: '0.62', 8: '0.74'}
[C15] n=600 | classes=[0, 8] | acc=0.6650 | per_class={0: '0.67', 8: '0.66'}
    [ERROR] Client 12: {{function_node __wrapped____EagerConst_device_/job:localhost/replica:0/task:0/device:GPU:0}} End of sequence[C10] n=600 | classes=[8, 9] | acc=0.6367 | per_class={8: '0.74', 9: '0.54'}

  [Client 17] Starting Hier-pFedMe | λ2=35.0, η2=0.02, inner_steps=3, epochs=1, batches/epoch=113
[C17] eval model[0] mean=0.001630 | edge mean=0.001630
[C17] n=600 | classes=[1, 9] | acc=0.5733 | per_class={1: '0.62', 9: '0.53'}
[C13] eval model[0] mean=0.001262 | edge mean=0.001630
[C15] eval model[0] mean=0.001232 | edge mean=0.001630
[C10] eval model[0] mean=0.001425 | edge mean=0.001630
[C17] eval model[0] mean=0.001823 | edge mean=0.001630
[C13] n=600 | classes=[0, 8] | acc=0.7667 | per_class={0: '0.66', 8: '0.89'}
[C15] n=600 | classes=[0, 8] | acc=0.7583 | per_class={0: '0.74', 8: '0.77'}
  [Client 13] Round 3 | Hier-pFedMe(λ2=35.0, K=3) | loss=0.1166
[C10] n=600 | classes=[8, 9] | acc=0.8250 | per_class={8: '0.80', 9: '0.85'}
  [Client 15] Round 3 | Hier-pFedMe(λ2=35.0, K=3) | loss=0.1221
  [Client 16] Starting Hier-pFedMe | λ2=35.0, η2=0.02, inner_steps=3, epochs=1, batches/epoch=113
  [Client 19] Starting Hier-pFedMe | λ2=35.0, η2=0.02, inner_steps=3, epochs=1, batches/epoch=113
[C16] eval model[0] mean=0.001630 | edge mean=0.001630
[C19] eval model[0] mean=0.001630 | edge mean=0.001630  [Client 10] Round 3 | Hier-pFedMe(λ2=35.0, K=3) | loss=0.0724

  [Client 18] Starting Hier-pFedMe | λ2=35.0, η2=0.02, inner_steps=3, epochs=1, batches/epoch=113
[C18] eval model[0] mean=0.001630 | edge mean=0.001630
[C17] n=600 | classes=[1, 9] | acc=0.7000 | per_class={1: '0.66', 9: '0.73'}
  [Client 17] Round 3 | Hier-pFedMe(λ2=35.0, K=3) | loss=0.1238
  [Client 14] Starting Hier-pFedMe | λ2=35.0, η2=0.02, inner_steps=3, epochs=1, batches/epoch=113
[C14] eval model[0] mean=0.001630 | edge mean=0.001630
[C19] n=600 | classes=[0, 9] | acc=0.5800 | per_class={0: '0.61', 9: '0.55'}
[C16] n=600 | classes=[1, 8] | acc=0.6917 | per_class={1: '0.63', 8: '0.75'}
[C18] n=600 | classes=[1, 9] | acc=0.5850 | per_class={1: '0.65', 9: '0.51'}
[C14] n=600 | classes=[0, 9] | acc=0.5917 | per_class={0: '0.60', 9: '0.58'}
[C19] eval model[0] mean=0.001403 | edge mean=0.001630
[C16] eval model[0] mean=0.001528 | edge mean=0.001630
[C18] eval model[0] mean=0.001426 | edge mean=0.001630
[C14] eval model[0] mean=0.001417 | edge mean=0.001630
[C16] n=600 | classes=[1, 8] | acc=0.8650 | per_class={1: '0.87', 8: '0.86'}
[C18] n=600 | classes=[1, 9] | acc=0.7067 | per_class={1: '0.74', 9: '0.67'}
[C19] n=600 | classes=[0, 9] | acc=0.8350 | per_class={0: '0.74', 9: '0.92'}
  [Client 16] Round 3 | Hier-pFedMe(λ2=35.0, K=3) | loss=0.0734
  [Client 18] Round 3 | Hier-pFedMe(λ2=35.0, K=3) | loss=0.1196
  [Client 11] Starting Hier-pFedMe | λ2=35.0, η2=0.02, inner_steps=3, epochs=1, batches/epoch=113  [Client 19] Round 3 | Hier-pFedMe(λ2=35.0, K=3) | loss=0.0717

[C11] eval model[0] mean=0.001630 | edge mean=0.001630
[C14] n=600 | classes=[0, 9] | acc=0.8467 | per_class={0: '0.82', 9: '0.88'}
  [Client 14] Round 3 | Hier-pFedMe(λ2=35.0, K=3) | loss=0.0722
[C11] n=600 | classes=[0, 1] | acc=0.5800 | per_class={0: '0.57', 1: '0.59'}
[C11] eval model[0] mean=0.000784 | edge mean=0.001630
[C11] n=600 | classes=[0, 1] | acc=0.8233 | per_class={0: '0.83', 1: '0.82'}
  [Client 11] Round 3 | Hier-pFedMe(λ2=35.0, K=3) | loss=0.0633
  [Edge 1] G3 | E2 | loss=0.0928
  [Edge 1] G3 | E3 | Hier-pFedMe | Selected 10/10
  [Client 15] Received edge weights.
[C15] Test set: samples=600, class_dist={0: 305, 8: 295}
  [Client 17] Received edge weights.
[C17] Test set: samples=600, class_dist={1: 289, 9: 311}
  [Client 16] Received edge weights.
[C16] Test set: samples=600, class_dist={1: 291, 8: 309}
  [Client 10] Received edge weights.
[C10] Test set: samples=600, class_dist={8: 292, 9: 308}
  [Client 12] Received edge weights.
[C12] Test set: samples=600, class_dist={1: 308, 8: 292}
  [Client 14] Received edge weights.
[C14] Test set: samples=600, class_dist={0: 307, 9: 293}
  [Client 18] Received edge weights.
[C18] Test set: samples=600, class_dist={1: 314, 9: 286}
  [Client 19] Received edge weights.
[C19] Test set: samples=600, class_dist={0: 286, 9: 314}
  [Client 13] Received edge weights.
[C13] Test set: samples=600, class_dist={0: 311, 8: 289}
  [Client 11] Received edge weights.
[C11] Test set: samples=600, class_dist={0: 300, 1: 300}
  [Client 15] Starting Hier-pFedMe | λ2=35.0, η2=0.02, inner_steps=3, epochs=1, batches/epoch=113
  [Client 16] Starting Hier-pFedMe | λ2=35.0, η2=0.02, inner_steps=3, epochs=1, batches/epoch=113  [Client 10] Starting Hier-pFedMe | λ2=35.0, η2=0.02, inner_steps=3, epochs=1, batches/epoch=113  [Client 17] Starting Hier-pFedMe | λ2=35.0, η2=0.02, inner_steps=3, epochs=1, batches/epoch=113

[C15] eval model[0] mean=0.001467 | edge mean=0.001467
[C16] eval model[0] mean=0.001467 | edge mean=0.001467[C17] eval model[0] mean=0.001467 | edge mean=0.001467
[C10] eval model[0] mean=0.001467 | edge mean=0.001467


[C16] n=600 | classes=[1, 8] | acc=0.4717 | per_class={1: '0.51', 8: '0.44'}
[C15] n=600 | classes=[0, 8] | acc=0.5967 | per_class={0: '0.81', 8: '0.38'}
[C17] n=600 | classes=[1, 9] | acc=0.6333 | per_class={1: '0.48', 9: '0.77'}
[C10] n=600 | classes=[8, 9] | acc=0.5983 | per_class={8: '0.46', 9: '0.73'}
[C16] eval model[0] mean=0.001135 | edge mean=0.001467
[C15] eval model[0] mean=0.001112 | edge mean=0.001467
[C17] eval model[0] mean=0.001811 | edge mean=0.001467
[C10] eval model[0] mean=0.001745 | edge mean=0.001467
[C17] n=600 | classes=[1, 9] | acc=0.7067 | per_class={1: '0.80', 9: '0.62'}[C16] n=600 | classes=[1, 8] | acc=0.8167 | per_class={1: '0.69', 8: '0.94'}

[C15] n=600 | classes=[0, 8] | acc=0.7417 | per_class={0: '0.70', 8: '0.79'}
[C10] n=600 | classes=[8, 9] | acc=0.8300 | per_class={8: '0.90', 9: '0.76'}  [Client 16] Round 3 | Hier-pFedMe(λ2=35.0, K=3) | loss=0.0690
  [Client 17] Round 3 | Hier-pFedMe(λ2=35.0, K=3) | loss=0.1058
  [Client 15] Round 3 | Hier-pFedMe(λ2=35.0, K=3) | loss=0.1096

  [Client 10] Round 3 | Hier-pFedMe(λ2=35.0, K=3) | loss=0.0650  [Client 12] Starting Hier-pFedMe | λ2=35.0, η2=0.02, inner_steps=3, epochs=1, batches/epoch=113
  [Client 14] Starting Hier-pFedMe | λ2=35.0, η2=0.02, inner_steps=3, epochs=1, batches/epoch=113

  [Client 19] Starting Hier-pFedMe | λ2=35.0, η2=0.02, inner_steps=3, epochs=1, batches/epoch=113  [Client 18] Starting Hier-pFedMe | λ2=35.0, η2=0.02, inner_steps=3, epochs=1, batches/epoch=113[C12] eval model[0] mean=0.001467 | edge mean=0.001467
[C14] eval model[0] mean=0.001467 | edge mean=0.001467


[C19] eval model[0] mean=0.001467 | edge mean=0.001467[C18] eval model[0] mean=0.001467 | edge mean=0.001467

[C12] n=600 | classes=[1, 8] | acc=0.4333 | per_class={1: '0.47', 8: '0.39'}[C19] n=600 | classes=[0, 9] | acc=0.7667 | per_class={0: '0.76', 9: '0.77'}[C18] n=600 | classes=[1, 9] | acc=0.6000 | per_class={1: '0.50', 9: '0.71'}
[C14] n=600 | classes=[0, 9] | acc=0.7900 | per_class={0: '0.79', 9: '0.79'}


[C12] eval model[0] mean=0.001739 | edge mean=0.001467
[C19] eval model[0] mean=0.001594 | edge mean=0.001467[C18] eval model[0] mean=0.001415 | edge mean=0.001467[C14] eval model[0] mean=0.001724 | edge mean=0.001467


[C12] n=600 | classes=[1, 8] | acc=0.8317 | per_class={1: '0.85', 8: '0.81'}
  [Client 12] Round 3 | Hier-pFedMe(λ2=35.0, K=3) | loss=0.0577[C14] n=600 | classes=[0, 9] | acc=0.8483 | per_class={0: '0.83', 9: '0.87'}[C18] n=600 | classes=[1, 9] | acc=0.7000 | per_class={1: '0.52', 9: '0.90'}


[C19] n=600 | classes=[0, 9] | acc=0.8367 | per_class={0: '0.86', 9: '0.82'}  [Client 13] Starting Hier-pFedMe | λ2=35.0, η2=0.02, inner_steps=3, epochs=1, batches/epoch=113

  [Client 14] Round 3 | Hier-pFedMe(λ2=35.0, K=3) | loss=0.0659
  [Client 18] Round 3 | Hier-pFedMe(λ2=35.0, K=3) | loss=0.1095[C13] eval model[0] mean=0.001467 | edge mean=0.001467

  [Client 11] Starting Hier-pFedMe | λ2=35.0, η2=0.02, inner_steps=3, epochs=1, batches/epoch=113
  [Client 19] Round 3 | Hier-pFedMe(λ2=35.0, K=3) | loss=0.0552
[C11] eval model[0] mean=0.001467 | edge mean=0.001467
[C13] n=600 | classes=[0, 8] | acc=0.6333 | per_class={0: '0.79', 8: '0.46'}
[C11] n=600 | classes=[0, 1] | acc=0.6017 | per_class={0: '0.76', 1: '0.44'}
[C13] eval model[0] mean=0.000813 | edge mean=0.001467
[C11] eval model[0] mean=0.001010 | edge mean=0.001467
[C13] n=600 | classes=[0, 8] | acc=0.7733 | per_class={0: '0.88', 8: '0.66'}
[C11] n=600 | classes=[0, 1] | acc=0.8067 | per_class={0: '0.72', 1: '0.89'}
  [Client 13] Round 3 | Hier-pFedMe(λ2=35.0, K=3) | loss=0.1069
  [Client 11] Round 3 | Hier-pFedMe(λ2=35.0, K=3) | loss=0.0576
  [Edge 1] G3 | E3 | loss=0.0802
  [Edge 1] G3 | E4 | Hier-pFedMe | Selected 10/10
  [Client 10] Received edge weights.
[C10] Test set: samples=600, class_dist={8: 292, 9: 308}
  [Client 19] Received edge weights.
[C19] Test set: samples=600, class_dist={0: 286, 9: 314}
  [Client 13] Received edge weights.
[C13] Test set: samples=600, class_dist={0: 311, 8: 289}
  [Client 15] Received edge weights.
[C15] Test set: samples=600, class_dist={0: 305, 8: 295}
  [Client 17] Received edge weights.
[C17] Test set: samples=600, class_dist={1: 289, 9: 311}
  [Client 16] Received edge weights.
[C16] Test set: samples=600, class_dist={1: 291, 8: 309}
  [Client 12] Received edge weights.
[C12] Test set: samples=600, class_dist={1: 308, 8: 292}
  [Client 11] Received edge weights.
[C11] Test set: samples=600, class_dist={0: 300, 1: 300}
  [Client 14] Received edge weights.
[C14] Test set: samples=600, class_dist={0: 307, 9: 293}
  [Client 18] Received edge weights.
[C18] Test set: samples=600, class_dist={1: 314, 9: 286}
  [Client 13] Starting Hier-pFedMe | λ2=35.0, η2=0.02, inner_steps=3, epochs=1, batches/epoch=113
  [Client 10] Starting Hier-pFedMe | λ2=35.0, η2=0.02, inner_steps=3, epochs=1, batches/epoch=113  [Client 15] Starting Hier-pFedMe | λ2=35.0, η2=0.02, inner_steps=3, epochs=1, batches/epoch=113[C13] eval model[0] mean=0.001457 | edge mean=0.001457
  [Client 19] Starting Hier-pFedMe | λ2=35.0, η2=0.02, inner_steps=3, epochs=1, batches/epoch=113

[C10] eval model[0] mean=0.001457 | edge mean=0.001457
[C15] eval model[0] mean=0.001457 | edge mean=0.001457

[C19] eval model[0] mean=0.001457 | edge mean=0.001457
[C13] n=600 | classes=[0, 8] | acc=0.6983 | per_class={0: '0.67', 8: '0.73'}
[C19] n=600 | classes=[0, 9] | acc=0.6117 | per_class={0: '0.65', 9: '0.58'}[C15] n=600 | classes=[0, 8] | acc=0.6817 | per_class={0: '0.70', 8: '0.67'}
[C10] n=600 | classes=[8, 9] | acc=0.6533 | per_class={8: '0.75', 9: '0.56'}

[C13] eval model[0] mean=0.000854 | edge mean=0.001457
[C10] eval model[0] mean=0.001665 | edge mean=0.001457[C15] eval model[0] mean=0.001298 | edge mean=0.001457
[C19] eval model[0] mean=0.001084 | edge mean=0.001457

[C13] n=600 | classes=[0, 8] | acc=0.7733 | per_class={0: '0.72', 8: '0.83'}
[C15] n=600 | classes=[0, 8] | acc=0.7467 | per_class={0: '0.71', 8: '0.79'}
  [Client 13] Round 3 | Hier-pFedMe(λ2=35.0, K=3) | loss=0.0951
[C10] n=600 | classes=[8, 9] | acc=0.8483 | per_class={8: '0.78', 9: '0.91'}[C19] n=600 | classes=[0, 9] | acc=0.8333 | per_class={0: '0.68', 9: '0.97'}  [Client 17] Starting Hier-pFedMe | λ2=35.0, η2=0.02, inner_steps=3, epochs=1, batches/epoch=113

  [Client 15] Round 3 | Hier-pFedMe(λ2=35.0, K=3) | loss=0.0950

  [Client 10] Round 3 | Hier-pFedMe(λ2=35.0, K=3) | loss=0.0596[C17] eval model[0] mean=0.001457 | edge mean=0.001457

  [Client 19] Round 3 | Hier-pFedMe(λ2=35.0, K=3) | loss=0.0560  [Client 16] Starting Hier-pFedMe | λ2=35.0, η2=0.02, inner_steps=3, epochs=1, batches/epoch=113

  [Client 12] Starting Hier-pFedMe | λ2=35.0, η2=0.02, inner_steps=3, epochs=1, batches/epoch=113
  [Client 11] Starting Hier-pFedMe | λ2=35.0, η2=0.02, inner_steps=3, epochs=1, batches/epoch=113
[C16] eval model[0] mean=0.001457 | edge mean=0.001457[C12] eval model[0] mean=0.001457 | edge mean=0.001457

[C11] eval model[0] mean=0.001457 | edge mean=0.001457
[C17] n=600 | classes=[1, 9] | acc=0.6083 | per_class={1: '0.66', 9: '0.56'}[C12] n=600 | classes=[1, 8] | acc=0.6850 | per_class={1: '0.67', 8: '0.70'}

[C16] n=600 | classes=[1, 8] | acc=0.6933 | per_class={1: '0.67', 8: '0.72'}[C11] n=600 | classes=[0, 1] | acc=0.6150 | per_class={0: '0.61', 1: '0.62'}

[C12] eval model[0] mean=0.002099 | edge mean=0.001457
[C17] eval model[0] mean=0.001810 | edge mean=0.001457
[C16] eval model[0] mean=0.001291 | edge mean=0.001457[C11] eval model[0] mean=0.000788 | edge mean=0.001457

[C17] n=600 | classes=[1, 9] | acc=0.7283 | per_class={1: '0.73', 9: '0.72'}
[C12] n=600 | classes=[1, 8] | acc=0.8117 | per_class={1: '0.71', 8: '0.91'}
[C16] n=600 | classes=[1, 8] | acc=0.8650 | per_class={1: '0.90', 8: '0.83'}  [Client 17] Round 3 | Hier-pFedMe(λ2=35.0, K=3) | loss=0.1052
  [Client 12] Round 3 | Hier-pFedMe(λ2=35.0, K=3) | loss=0.0522

[C11] n=600 | classes=[0, 1] | acc=0.8400 | per_class={0: '0.80', 1: '0.88'}  [Client 14] Starting Hier-pFedMe | λ2=35.0, η2=0.02, inner_steps=3, epochs=1, batches/epoch=113
  [Client 16] Round 3 | Hier-pFedMe(λ2=35.0, K=3) | loss=0.0644  [Client 18] Starting Hier-pFedMe | λ2=35.0, η2=0.02, inner_steps=3, epochs=1, batches/epoch=113


  [Client 11] Round 3 | Hier-pFedMe(λ2=35.0, K=3) | loss=0.0479
[C14] eval model[0] mean=0.001457 | edge mean=0.001457[C18] eval model[0] mean=0.001457 | edge mean=0.001457

[C18] n=600 | classes=[1, 9] | acc=0.6367 | per_class={1: '0.72', 9: '0.55'}[C14] n=600 | classes=[0, 9] | acc=0.6267 | per_class={0: '0.64', 9: '0.61'}

[C18] eval model[0] mean=0.001036 | edge mean=0.001457[C14] eval model[0] mean=0.001343 | edge mean=0.001457

[C18] n=600 | classes=[1, 9] | acc=0.7367 | per_class={1: '0.69', 9: '0.79'}
[C14] n=600 | classes=[0, 9] | acc=0.8350 | per_class={0: '0.79', 9: '0.88'}
  [Client 18] Round 3 | Hier-pFedMe(λ2=35.0, K=3) | loss=0.0986
  [Client 14] Round 3 | Hier-pFedMe(λ2=35.0, K=3) | loss=0.0690
  [Edge 1] G3 | E4 | loss=0.0743
  [Edge 1] G3 | E5 | Hier-pFedMe | Selected 10/10
  [Client 12] Received edge weights.
[C12] Test set: samples=600, class_dist={1: 308, 8: 292}
  [Client 14] Received edge weights.
[C14] Test set: samples=600, class_dist={0: 307, 9: 293}
  [Client 13] Received edge weights.
[C13] Test set: samples=600, class_dist={0: 311, 8: 289}
  [Client 10] Received edge weights.
[C10] Test set: samples=600, class_dist={8: 292, 9: 308}
  [Client 19] Received edge weights.
[C19] Test set: samples=600, class_dist={0: 286, 9: 314}
  [Client 11] Received edge weights.
[C11] Test set: samples=600, class_dist={0: 300, 1: 300}
  [Client 17] Received edge weights.
[C17] Test set: samples=600, class_dist={1: 289, 9: 311}
  [Client 15] Received edge weights.
[C15] Test set: samples=600, class_dist={0: 305, 8: 295}
  [Client 18] Received edge weights.
[C18] Test set: samples=600, class_dist={1: 314, 9: 286}
  [Client 16] Received edge weights.
[C16] Test set: samples=600, class_dist={1: 291, 8: 309}
  [Client 13] Starting Hier-pFedMe | λ2=35.0, η2=0.02, inner_steps=3, epochs=1, batches/epoch=113  [Client 14] Starting Hier-pFedMe | λ2=35.0, η2=0.02, inner_steps=3, epochs=1, batches/epoch=113

  [Client 10] Starting Hier-pFedMe | λ2=35.0, η2=0.02, inner_steps=3, epochs=1, batches/epoch=113  [Client 12] Starting Hier-pFedMe | λ2=35.0, η2=0.02, inner_steps=3, epochs=1, batches/epoch=113

[C14] eval model[0] mean=0.001327 | edge mean=0.001327[C13] eval model[0] mean=0.001327 | edge mean=0.001327[C10] eval model[0] mean=0.001327 | edge mean=0.001327
[C12] eval model[0] mean=0.001327 | edge mean=0.001327


[C13] n=600 | classes=[0, 8] | acc=0.6817 | per_class={0: '0.68', 8: '0.69'}[C10] n=600 | classes=[8, 9] | acc=0.6917 | per_class={8: '0.70', 9: '0.68'}[C14] n=600 | classes=[0, 9] | acc=0.7050 | per_class={0: '0.70', 9: '0.71'}


[C12] n=600 | classes=[1, 8] | acc=0.6567 | per_class={1: '0.63', 8: '0.68'}
[C14] eval model[0] mean=0.000737 | edge mean=0.001327
[C13] eval model[0] mean=0.001225 | edge mean=0.001327
[C10] eval model[0] mean=0.001105 | edge mean=0.001327
[C12] eval model[0] mean=0.001490 | edge mean=0.001327
[C14] n=600 | classes=[0, 9] | acc=0.8600 | per_class={0: '0.84', 9: '0.88'}
[C13] n=600 | classes=[0, 8] | acc=0.7567 | per_class={0: '0.65', 8: '0.87'}
  [Client 14] Round 3 | Hier-pFedMe(λ2=35.0, K=3) | loss=0.0528
[C12] n=600 | classes=[1, 8] | acc=0.8017 | per_class={1: '0.72', 8: '0.89'}[C10] n=600 | classes=[8, 9] | acc=0.8550 | per_class={8: '0.84', 9: '0.87'}  [Client 13] Round 3 | Hier-pFedMe(λ2=35.0, K=3) | loss=0.0951

  [Client 19] Starting Hier-pFedMe | λ2=35.0, η2=0.02, inner_steps=3, epochs=1, batches/epoch=113

  [Client 11] Starting Hier-pFedMe | λ2=35.0, η2=0.02, inner_steps=3, epochs=1, batches/epoch=113[C19] eval model[0] mean=0.001327 | edge mean=0.001327
  [Client 12] Round 3 | Hier-pFedMe(λ2=35.0, K=3) | loss=0.0419
  [Client 10] Round 3 | Hier-pFedMe(λ2=35.0, K=3) | loss=0.0654

[C11] eval model[0] mean=0.001327 | edge mean=0.001327  [Client 17] Starting Hier-pFedMe | λ2=35.0, η2=0.02, inner_steps=3, epochs=1, batches/epoch=113

  [Client 15] Starting Hier-pFedMe | λ2=35.0, η2=0.02, inner_steps=3, epochs=1, batches/epoch=113
[C17] eval model[0] mean=0.001327 | edge mean=0.001327
[C15] eval model[0] mean=0.001327 | edge mean=0.001327
[C11] n=600 | classes=[0, 1] | acc=0.6250 | per_class={0: '0.64', 1: '0.61'}
[C19] n=600 | classes=[0, 9] | acc=0.6733 | per_class={0: '0.68', 9: '0.67'}
[C15] n=600 | classes=[0, 8] | acc=0.6867 | per_class={0: '0.74', 8: '0.63'}
[C17] n=600 | classes=[1, 9] | acc=0.6550 | per_class={1: '0.66', 9: '0.65'}
[C11] eval model[0] mean=0.000933 | edge mean=0.001327
[C15] eval model[0] mean=0.001059 | edge mean=0.001327[C19] eval model[0] mean=0.000670 | edge mean=0.001327

[C17] eval model[0] mean=0.001349 | edge mean=0.001327
[C11] n=600 | classes=[0, 1] | acc=0.8367 | per_class={0: '0.85', 1: '0.83'}
  [Client 11] Round 3 | Hier-pFedMe(λ2=35.0, K=3) | loss=0.0441
  [Client 18] Starting Hier-pFedMe | λ2=35.0, η2=0.02, inner_steps=3, epochs=1, batches/epoch=113
[C18] eval model[0] mean=0.001327 | edge mean=0.001327
[C15] n=600 | classes=[0, 8] | acc=0.7517 | per_class={0: '0.80', 8: '0.70'}[C19] n=600 | classes=[0, 9] | acc=0.8133 | per_class={0: '0.66', 9: '0.95'}

  [Client 19] Round 3 | Hier-pFedMe(λ2=35.0, K=3) | loss=0.0465[C17] n=600 | classes=[1, 9] | acc=0.7400 | per_class={1: '0.72', 9: '0.76'}

  [Client 15] Round 3 | Hier-pFedMe(λ2=35.0, K=3) | loss=0.1006
  [Client 16] Starting Hier-pFedMe | λ2=35.0, η2=0.02, inner_steps=3, epochs=1, batches/epoch=113
[C16] eval model[0] mean=0.001327 | edge mean=0.001327
  [Client 17] Round 3 | Hier-pFedMe(λ2=35.0, K=3) | loss=0.0918
[C18] n=600 | classes=[1, 9] | acc=0.6517 | per_class={1: '0.66', 9: '0.64'}
[C16] n=600 | classes=[1, 8] | acc=0.6683 | per_class={1: '0.64', 8: '0.69'}
[C18] eval model[0] mean=0.001284 | edge mean=0.001327
[C16] eval model[0] mean=0.001753 | edge mean=0.001327
[C18] n=600 | classes=[1, 9] | acc=0.7283 | per_class={1: '0.75', 9: '0.70'}
  [Client 18] Round 3 | Hier-pFedMe(λ2=35.0, K=3) | loss=0.0809
[C16] n=600 | classes=[1, 8] | acc=0.8750 | per_class={1: '0.84', 8: '0.91'}
  [Client 16] Round 3 | Hier-pFedMe(λ2=35.0, K=3) | loss=0.0571
  [Edge 1] G3 | E5 | loss=0.0676
[C0] eval model[0] mean=0.004420 | edge mean=0.003114
[C0] n=1000 | classes=[3, 6] | acc=0.7980 | per_class={3: '0.80', 6: '0.80'}
[C1] eval model[0] mean=0.003288 | edge mean=0.003114
[C1] n=1000 | classes=[3, 6] | acc=0.7810 | per_class={3: '0.63', 6: '0.94'}
[C2] eval model[0] mean=0.003527 | edge mean=0.003114
[C2] n=1000 | classes=[2, 5] | acc=0.7730 | per_class={2: '0.78', 5: '0.77'}
[C3] eval model[0] mean=0.002921 | edge mean=0.003114
[C3] n=1000 | classes=[5, 7] | acc=0.8050 | per_class={5: '0.81', 7: '0.80'}
[C4] eval model[0] mean=0.003633 | edge mean=0.003114
[C4] n=1000 | classes=[2, 7] | acc=0.8370 | per_class={2: '0.80', 7: '0.88'}
[C5] eval model[0] mean=0.002973 | edge mean=0.003114
[C5] n=1000 | classes=[2, 4] | acc=0.6990 | per_class={2: '0.73', 4: '0.67'}
[C6] eval model[0] mean=0.003886 | edge mean=0.003114
[C6] n=1000 | classes=[6, 7] | acc=0.8810 | per_class={6: '0.95', 7: '0.81'}
[C7] eval model[0] mean=0.001895 | edge mean=0.003114
[C7] n=1000 | classes=[3, 5] | acc=0.6670 | per_class={3: '0.76', 5: '0.57'}
[C8] eval model[0] mean=0.002823 | edge mean=0.003114
[C8] n=500 | classes=[4] | acc=1.0000 | per_class={4: '1.00'}
[C9] eval model[0] mean=0.002800 | edge mean=0.003114
[C9] n=500 | classes=[4] | acc=1.0000 | per_class={4: '1.00'}
[C10] eval model[0] mean=0.001094 | edge mean=0.001327
[C10] n=600 | classes=[8, 9] | acc=0.8633 | per_class={8: '0.86', 9: '0.87'}
[C11] eval model[0] mean=0.000927 | edge mean=0.001327
[C11] n=600 | classes=[0, 1] | acc=0.8333 | per_class={0: '0.85', 1: '0.81'}
[C12] eval model[0] mean=0.001473 | edge mean=0.001327
[C12] n=600 | classes=[1, 8] | acc=0.8283 | per_class={1: '0.77', 8: '0.89'}
[C13] eval model[0] mean=0.001251 | edge mean=0.001327
[C13] n=600 | classes=[0, 8] | acc=0.7667 | per_class={0: '0.66', 8: '0.88'}
[C14] eval model[0] mean=0.000730 | edge mean=0.001327
[C14] n=600 | classes=[0, 9] | acc=0.8600 | per_class={0: '0.87', 9: '0.85'}
[C15] eval model[0] mean=0.001061 | edge mean=0.001327
[C15] n=600 | classes=[0, 8] | acc=0.7533 | per_class={0: '0.79', 8: '0.71'}
[C16] eval model[0] mean=0.001765 | edge mean=0.001327
[C16] n=600 | classes=[1, 8] | acc=0.8767 | per_class={1: '0.84', 8: '0.91'}
[C17] eval model[0] mean=0.001341 | edge mean=0.001327
[C17] n=600 | classes=[1, 9] | acc=0.7400 | per_class={1: '0.73', 9: '0.75'}
[C18] eval model[0] mean=0.001290 | edge mean=0.001327
[C18] n=600 | classes=[1, 9] | acc=0.7350 | per_class={1: '0.78', 9: '0.69'}
[C19] eval model[0] mean=0.000641 | edge mean=0.001327
[C19] n=600 | classes=[0, 9] | acc=0.8183 | per_class={0: '0.67', 9: '0.95'}
  [Cloud] GM=0.3551 | EM=0.5455 PM=0.8057 | loss=1.8454 | time=135.8s | comm=683.7MB (total=2051MB)

[Round   4] Broadcasting to 2 edges...
  [Edge 0] W_n reset to global weights for new round.
  [Edge 1] W_n reset to global weights for new round.
  [Edge 0] G4 | E1 | Hier-pFedMe | Selected 10/10
  [Client  5] Received edge weights.
[C5] Test set: samples=1000, class_dist={2: 510, 4: 490}
  [Client  6] Received edge weights.
[C6] Test set: samples=1000, class_dist={6: 493, 7: 507}
  [Client  2] Received edge weights.
[C2] Test set: samples=1000, class_dist={2: 507, 5: 493}
  [Client  7] Received edge weights.
[C7] Test set: samples=1000, class_dist={3: 485, 5: 515}
  [Client  1] Received edge weights.
[C1] Test set: samples=1000, class_dist={3: 515, 6: 485}
  [Client  8] Received edge weights.
[C8] Test set: samples=500, class_dist={4: 500}
  [Client  0] Received edge weights.
[C0] Test set: samples=1000, class_dist={3: 511, 6: 489}
  [Client  4] Received edge weights.
[C4] Test set: samples=1000, class_dist={2: 507, 7: 493}
  [Client  9] Received edge weights.
[C9] Test set: samples=500, class_dist={4: 500}
  [Client  3] Received edge weights.
[C3] Test set: samples=1000, class_dist={5: 506, 7: 494}
  [Client  5] Starting Hier-pFedMe | λ2=35.0, η2=0.02, inner_steps=3, epochs=1, batches/epoch=188
  [Client  2] Starting Hier-pFedMe | λ2=35.0, η2=0.02, inner_steps=3, epochs=1, batches/epoch=188  [Client  6] Starting Hier-pFedMe | λ2=35.0, η2=0.02, inner_steps=3, epochs=1, batches/epoch=188  [Client  7] Starting Hier-pFedMe | λ2=35.0, η2=0.02, inner_steps=3, epochs=1, batches/epoch=188

[C5] eval model[0] mean=0.002196 | edge mean=0.002196

[C7] eval model[0] mean=0.002196 | edge mean=0.002196
[C2] eval model[0] mean=0.002196 | edge mean=0.002196
[C6] eval model[0] mean=0.002196 | edge mean=0.002196
[C5] n=1000 | classes=[2, 4] | acc=0.1240 | per_class={2: '0.19', 4: '0.06'}
[C2] n=1000 | classes=[2, 5] | acc=0.2190 | per_class={2: '0.18', 5: '0.26'}[C7] n=1000 | classes=[3, 5] | acc=0.1670 | per_class={3: '0.07', 5: '0.26'}

[C6] n=1000 | classes=[6, 7] | acc=0.3450 | per_class={6: '0.44', 7: '0.25'}
[C5] eval model[0] mean=0.002846 | edge mean=0.002196
[C6] eval model[0] mean=0.003525 | edge mean=0.002196
[C2] eval model[0] mean=0.002985 | edge mean=0.002196
[C7] eval model[0] mean=0.002693 | edge mean=0.002196
[C2] n=1000 | classes=[2, 5] | acc=0.7670 | per_class={2: '0.84', 5: '0.69'}[C5] n=1000 | classes=[2, 4] | acc=0.7000 | per_class={2: '0.68', 4: '0.72'}

[C6] n=1000 | classes=[6, 7] | acc=0.9070 | per_class={6: '0.90', 7: '0.91'}
[C7] n=1000 | classes=[3, 5] | acc=0.6550 | per_class={3: '0.87', 5: '0.45'}  [Client  2] Round 4 | Hier-pFedMe(λ2=35.0, K=3) | loss=0.1064  [Client  5] Round 4 | Hier-pFedMe(λ2=35.0, K=3) | loss=0.1674


  [Client  6] Round 4 | Hier-pFedMe(λ2=35.0, K=3) | loss=0.0636  [Client  1] Starting Hier-pFedMe | λ2=35.0, η2=0.02, inner_steps=3, epochs=1, batches/epoch=188

  [Client  0] Starting Hier-pFedMe | λ2=35.0, η2=0.02, inner_steps=3, epochs=1, batches/epoch=188  [Client  8] Starting Hier-pFedMe | λ2=35.0, η2=0.02, inner_steps=3, epochs=1, batches/epoch=94
[C1] eval model[0] mean=0.002196 | edge mean=0.002196

  [Client  7] Round 4 | Hier-pFedMe(λ2=35.0, K=3) | loss=0.1536[C0] eval model[0] mean=0.002196 | edge mean=0.002196

[C8] eval model[0] mean=0.002196 | edge mean=0.002196
  [Client  4] Starting Hier-pFedMe | λ2=35.0, η2=0.02, inner_steps=3, epochs=1, batches/epoch=188
[C4] eval model[0] mean=0.002196 | edge mean=0.002196
[C8] n=500 | classes=[4] | acc=0.0640 | per_class={4: '0.06'}
[C0] n=1000 | classes=[3, 6] | acc=0.2340 | per_class={3: '0.05', 6: '0.43'}
[C4] n=1000 | classes=[2, 7] | acc=0.2230 | per_class={2: '0.18', 7: '0.26'}
[C1] n=1000 | classes=[3, 6] | acc=0.2660 | per_class={3: '0.07', 6: '0.47'}
[C8] eval model[0] mean=0.001907 | edge mean=0.002196
[C8] n=500 | classes=[4] | acc=1.0000 | per_class={4: '1.00'}
  [Client  8] Round 4 | Hier-pFedMe(λ2=35.0, K=3) | loss=0.0040
  [Client  9] Starting Hier-pFedMe | λ2=35.0, η2=0.02, inner_steps=3, epochs=1, batches/epoch=94
[C9] eval model[0] mean=0.002196 | edge mean=0.002196
[C9] n=500 | classes=[4] | acc=0.0700 | per_class={4: '0.07'}
[C0] eval model[0] mean=0.003414 | edge mean=0.002196
[C4] eval model[0] mean=0.003612 | edge mean=0.002196[C1] eval model[0] mean=0.003715 | edge mean=0.002196

[C9] eval model[0] mean=0.001890 | edge mean=0.002196
[C9] n=500 | classes=[4] | acc=1.0000 | per_class={4: '1.00'}
  [Client  9] Round 4 | Hier-pFedMe(λ2=35.0, K=3) | loss=0.0047
  [Client  3] Starting Hier-pFedMe | λ2=35.0, η2=0.02, inner_steps=3, epochs=1, batches/epoch=188
[C3] eval model[0] mean=0.002196 | edge mean=0.002196
[C0] n=1000 | classes=[3, 6] | acc=0.7390 | per_class={3: '0.63', 6: '0.85'}
[C1] n=1000 | classes=[3, 6] | acc=0.7810 | per_class={3: '0.77', 6: '0.79'}
[C4] n=1000 | classes=[2, 7] | acc=0.8370 | per_class={2: '0.86', 7: '0.81'}
  [Client  0] Round 4 | Hier-pFedMe(λ2=35.0, K=3) | loss=0.1090
  [Client  1] Round 4 | Hier-pFedMe(λ2=35.0, K=3) | loss=0.1176
  [Client  4] Round 4 | Hier-pFedMe(λ2=35.0, K=3) | loss=0.0864
[C3] n=1000 | classes=[5, 7] | acc=0.2500 | per_class={5: '0.25', 7: '0.24'}
[C3] eval model[0] mean=0.003505 | edge mean=0.002196
[C3] n=1000 | classes=[5, 7] | acc=0.7800 | per_class={5: '0.80', 7: '0.76'}
  [Client  3] Round 4 | Hier-pFedMe(λ2=35.0, K=3) | loss=0.0819
  [Edge 0] G4 | E1 | loss=0.0989
  [Edge 0] G4 | E2 | Hier-pFedMe | Selected 10/10
  [Client  1] Received edge weights.
[C1] Test set: samples=1000, class_dist={3: 515, 6: 485}
  [Client  6] Received edge weights.
[C6] Test set: samples=1000, class_dist={6: 493, 7: 507}
  [Client  2] Received edge weights.
[C2] Test set: samples=1000, class_dist={2: 507, 5: 493}
  [Client  4] Received edge weights.
[C4] Test set: samples=1000, class_dist={2: 507, 7: 493}
  [Client  3] Received edge weights.
[C3] Test set: samples=1000, class_dist={5: 506, 7: 494}
  [Client  5] Received edge weights.
[C5] Test set: samples=1000, class_dist={2: 510, 4: 490}
  [Client  9] Received edge weights.
[C9] Test set: samples=500, class_dist={4: 500}
  [Client  0] Received edge weights.
[C0] Test set: samples=1000, class_dist={3: 511, 6: 489}
  [Client  8] Received edge weights.
[C8] Test set: samples=500, class_dist={4: 500}
  [Client  7] Received edge weights.
[C7] Test set: samples=1000, class_dist={3: 485, 5: 515}
  [Client  6] Starting Hier-pFedMe | λ2=35.0, η2=0.02, inner_steps=3, epochs=1, batches/epoch=188  [Client  1] Starting Hier-pFedMe | λ2=35.0, η2=0.02, inner_steps=3, epochs=1, batches/epoch=188

  [Client  4] Starting Hier-pFedMe | λ2=35.0, η2=0.02, inner_steps=3, epochs=1, batches/epoch=188  [Client  2] Starting Hier-pFedMe | λ2=35.0, η2=0.02, inner_steps=3, epochs=1, batches/epoch=188
[C6] eval model[0] mean=0.002994 | edge mean=0.002994
[C1] eval model[0] mean=0.002994 | edge mean=0.002994
[C4] eval model[0] mean=0.002994 | edge mean=0.002994

[C2] eval model[0] mean=0.002994 | edge mean=0.002994
[C6] n=1000 | classes=[6, 7] | acc=0.5740 | per_class={6: '0.51', 7: '0.64'}
[C1] n=1000 | classes=[3, 6] | acc=0.3880 | per_class={3: '0.22', 6: '0.56'}
[C4] n=1000 | classes=[2, 7] | acc=0.6200 | per_class={2: '0.60', 7: '0.64'}
[C2] n=1000 | classes=[2, 5] | acc=0.5470 | per_class={2: '0.58', 5: '0.51'}
[C6] eval model[0] mean=0.003367 | edge mean=0.002994
[C1] eval model[0] mean=0.002973 | edge mean=0.002994
[C4] eval model[0] mean=0.002936 | edge mean=0.002994
[C2] eval model[0] mean=0.003654 | edge mean=0.002994
[C1] n=1000 | classes=[3, 6] | acc=0.7640 | per_class={3: '0.63', 6: '0.91'}
[C6] n=1000 | classes=[6, 7] | acc=0.9060 | per_class={6: '0.95', 7: '0.87'}
  [Client  1] Round 4 | Hier-pFedMe(λ2=35.0, K=3) | loss=0.1000
  [Client  6] Round 4 | Hier-pFedMe(λ2=35.0, K=3) | loss=0.0600  [Client  3] Starting Hier-pFedMe | λ2=35.0, η2=0.02, inner_steps=3, epochs=1, batches/epoch=188

  [Client  5] Starting Hier-pFedMe | λ2=35.0, η2=0.02, inner_steps=3, epochs=1, batches/epoch=188[C3] eval model[0] mean=0.002994 | edge mean=0.002994

[C5] eval model[0] mean=0.002994 | edge mean=0.002994
[C4] n=1000 | classes=[2, 7] | acc=0.8280 | per_class={2: '0.89', 7: '0.76'}[C2] n=1000 | classes=[2, 5] | acc=0.7790 | per_class={2: '0.79', 5: '0.77'}

  [Client  4] Round 4 | Hier-pFedMe(λ2=35.0, K=3) | loss=0.0754
  [Client  9] Starting Hier-pFedMe | λ2=35.0, η2=0.02, inner_steps=3, epochs=1, batches/epoch=94
  [Client  2] Round 4 | Hier-pFedMe(λ2=35.0, K=3) | loss=0.0931
  [Client  0] Starting Hier-pFedMe | λ2=35.0, η2=0.02, inner_steps=3, epochs=1, batches/epoch=188
[C9] eval model[0] mean=0.002994 | edge mean=0.002994
[C0] eval model[0] mean=0.002994 | edge mean=0.002994
[C9] n=500 | classes=[4] | acc=0.2300 | per_class={4: '0.23'}
[C3] n=1000 | classes=[5, 7] | acc=0.5550 | per_class={5: '0.51', 7: '0.60'}
[C5] n=1000 | classes=[2, 4] | acc=0.3880 | per_class={2: '0.56', 4: '0.20'}
[C0] n=1000 | classes=[3, 6] | acc=0.3650 | per_class={3: '0.20', 6: '0.54'}
[C9] eval model[0] mean=0.002522 | edge mean=0.002994
[C9] n=500 | classes=[4] | acc=1.0000 | per_class={4: '1.00'}
  [Client  9] Round 4 | Hier-pFedMe(λ2=35.0, K=3) | loss=0.0045
  [Client  8] Starting Hier-pFedMe | λ2=35.0, η2=0.02, inner_steps=3, epochs=1, batches/epoch=94
[C8] eval model[0] mean=0.002994 | edge mean=0.002994
[C8] n=500 | classes=[4] | acc=0.1820 | per_class={4: '0.18'}
[C3] eval model[0] mean=0.003439 | edge mean=0.002994
[C5] eval model[0] mean=0.003043 | edge mean=0.002994
[C0] eval model[0] mean=0.003586 | edge mean=0.002994
[C8] eval model[0] mean=0.002732 | edge mean=0.002994
[C3] n=1000 | classes=[5, 7] | acc=0.7950 | per_class={5: '0.86', 7: '0.73'}[C8] n=500 | classes=[4] | acc=1.0000 | per_class={4: '1.00'}
[C5] n=1000 | classes=[2, 4] | acc=0.6850 | per_class={2: '0.76', 4: '0.61'}

  [Client  3] Round 4 | Hier-pFedMe(λ2=35.0, K=3) | loss=0.0776
  [Client  8] Round 4 | Hier-pFedMe(λ2=35.0, K=3) | loss=0.0044
  [Client  7] Starting Hier-pFedMe | λ2=35.0, η2=0.02, inner_steps=3, epochs=1, batches/epoch=188  [Client  5] Round 4 | Hier-pFedMe(λ2=35.0, K=3) | loss=0.1577

[C7] eval model[0] mean=0.002994 | edge mean=0.002994
[C0] n=1000 | classes=[3, 6] | acc=0.7890 | per_class={3: '0.74', 6: '0.84'}
  [Client  0] Round 4 | Hier-pFedMe(λ2=35.0, K=3) | loss=0.0972
[C7] n=1000 | classes=[3, 5] | acc=0.3770 | per_class={3: '0.22', 5: '0.52'}
[C7] eval model[0] mean=0.002198 | edge mean=0.002994
[C7] n=1000 | classes=[3, 5] | acc=0.6560 | per_class={3: '0.66', 5: '0.65'}
  [Client  7] Round 4 | Hier-pFedMe(λ2=35.0, K=3) | loss=0.1379
  [Edge 0] G4 | E2 | loss=0.0893
  [Edge 0] G4 | E3 | Hier-pFedMe | Selected 10/10
  [Client  6] Received edge weights.
[C6] Test set: samples=1000, class_dist={6: 493, 7: 507}
  [Client  3] Received edge weights.
[C3] Test set: samples=1000, class_dist={5: 506, 7: 494}
  [Client  8] Received edge weights.
[C8] Test set: samples=500, class_dist={4: 500}
  [Client  2] Received edge weights.
[C2] Test set: samples=1000, class_dist={2: 507, 5: 493}
  [Client  7] Received edge weights.
[C7] Test set: samples=1000, class_dist={3: 485, 5: 515}
  [Client  1] Received edge weights.
[C1] Test set: samples=1000, class_dist={3: 515, 6: 485}
  [Client  0] Received edge weights.
[C0] Test set: samples=1000, class_dist={3: 511, 6: 489}
  [Client  9] Received edge weights.
[C9] Test set: samples=500, class_dist={4: 500}
  [Client  5] Received edge weights.
[C5] Test set: samples=1000, class_dist={2: 510, 4: 490}
  [Client  4] Received edge weights.
[C4] Test set: samples=1000, class_dist={2: 507, 7: 493}
  [Client  6] Starting Hier-pFedMe | λ2=35.0, η2=0.02, inner_steps=3, epochs=1, batches/epoch=188
  [Client  2] Starting Hier-pFedMe | λ2=35.0, η2=0.02, inner_steps=3, epochs=1, batches/epoch=188
  [Client  3] Starting Hier-pFedMe | λ2=35.0, η2=0.02, inner_steps=3, epochs=1, batches/epoch=188
  [Client  8] Starting Hier-pFedMe | λ2=35.0, η2=0.02, inner_steps=3, epochs=1, batches/epoch=94
[C6] eval model[0] mean=0.002889 | edge mean=0.002889[C2] eval model[0] mean=0.002889 | edge mean=0.002889[C3] eval model[0] mean=0.002889 | edge mean=0.002889
[C8] eval model[0] mean=0.002889 | edge mean=0.002889


[C8] n=500 | classes=[4] | acc=0.1720 | per_class={4: '0.17'}
[C2] n=1000 | classes=[2, 5] | acc=0.5520 | per_class={2: '0.60', 5: '0.51'}
[C3] n=1000 | classes=[5, 7] | acc=0.5510 | per_class={5: '0.51', 7: '0.60'}
[C6] n=1000 | classes=[6, 7] | acc=0.6030 | per_class={6: '0.57', 7: '0.64'}
[C8] eval model[0] mean=0.002606 | edge mean=0.002889
[C8] n=500 | classes=[4] | acc=1.0000 | per_class={4: '1.00'}
  [Client  8] Round 4 | Hier-pFedMe(λ2=35.0, K=3) | loss=0.0036
  [Client  7] Starting Hier-pFedMe | λ2=35.0, η2=0.02, inner_steps=3, epochs=1, batches/epoch=188
[C7] eval model[0] mean=0.002889 | edge mean=0.002889
[C7] n=1000 | classes=[3, 5] | acc=0.3740 | per_class={3: '0.22', 5: '0.51'}
[C3] eval model[0] mean=0.002536 | edge mean=0.002889
[C2] eval model[0] mean=0.003224 | edge mean=0.002889
[C6] eval model[0] mean=0.003427 | edge mean=0.002889
[C3] n=1000 | classes=[5, 7] | acc=0.7780 | per_class={5: '0.71', 7: '0.84'}
  [Client  3] Round 4 | Hier-pFedMe(λ2=35.0, K=3) | loss=0.0685[C2] n=1000 | classes=[2, 5] | acc=0.7670 | per_class={2: '0.72', 5: '0.81'}

  [Client  1] Starting Hier-pFedMe | λ2=35.0, η2=0.02, inner_steps=3, epochs=1, batches/epoch=188[C6] n=1000 | classes=[6, 7] | acc=0.9050 | per_class={6: '0.92', 7: '0.89'}

  [Client  2] Round 4 | Hier-pFedMe(λ2=35.0, K=3) | loss=0.0895
[C1] eval model[0] mean=0.002889 | edge mean=0.002889  [Client  6] Round 4 | Hier-pFedMe(λ2=35.0, K=3) | loss=0.0505

  [Client  0] Starting Hier-pFedMe | λ2=35.0, η2=0.02, inner_steps=3, epochs=1, batches/epoch=188
  [Client  9] Starting Hier-pFedMe | λ2=35.0, η2=0.02, inner_steps=3, epochs=1, batches/epoch=94
[C0] eval model[0] mean=0.002889 | edge mean=0.002889
[C9] eval model[0] mean=0.002889 | edge mean=0.002889
[C7] eval model[0] mean=0.002254 | edge mean=0.002889
[C9] n=500 | classes=[4] | acc=0.2040 | per_class={4: '0.20'}
[C1] n=1000 | classes=[3, 6] | acc=0.4220 | per_class={3: '0.24', 6: '0.61'}
[C0] n=1000 | classes=[3, 6] | acc=0.3910 | per_class={3: '0.21', 6: '0.58'}
[C7] n=1000 | classes=[3, 5] | acc=0.6560 | per_class={3: '0.69', 5: '0.62'}
  [Client  7] Round 4 | Hier-pFedMe(λ2=35.0, K=3) | loss=0.1354
  [Client  5] Starting Hier-pFedMe | λ2=35.0, η2=0.02, inner_steps=3, epochs=1, batches/epoch=188
[C5] eval model[0] mean=0.002889 | edge mean=0.002889
[C9] eval model[0] mean=0.002537 | edge mean=0.002889
[C9] n=500 | classes=[4] | acc=1.0000 | per_class={4: '1.00'}
  [Client  9] Round 4 | Hier-pFedMe(λ2=35.0, K=3) | loss=0.0042
  [Client  4] Starting Hier-pFedMe | λ2=35.0, η2=0.02, inner_steps=3, epochs=1, batches/epoch=188
[C4] eval model[0] mean=0.002889 | edge mean=0.002889
[C5] n=1000 | classes=[2, 4] | acc=0.3850 | per_class={2: '0.57', 4: '0.19'}
[C4] n=1000 | classes=[2, 7] | acc=0.6130 | per_class={2: '0.60', 7: '0.62'}
[C1] eval model[0] mean=0.003702 | edge mean=0.002889
[C0] eval model[0] mean=0.003610 | edge mean=0.002889
[C1] n=1000 | classes=[3, 6] | acc=0.7830 | per_class={3: '0.66', 6: '0.91'}
  [Client  1] Round 4 | Hier-pFedMe(λ2=35.0, K=3) | loss=0.1004
[C0] n=1000 | classes=[3, 6] | acc=0.7560 | per_class={3: '0.67', 6: '0.85'}
  [Client  0] Round 4 | Hier-pFedMe(λ2=35.0, K=3) | loss=0.0810
[C5] eval model[0] mean=0.003070 | edge mean=0.002889
[C4] eval model[0] mean=0.003180 | edge mean=0.002889
[C5] n=1000 | classes=[2, 4] | acc=0.6750 | per_class={2: '0.67', 4: '0.68'}
  [Client  5] Round 4 | Hier-pFedMe(λ2=35.0, K=3) | loss=0.1422
[C4] n=1000 | classes=[2, 7] | acc=0.8170 | per_class={2: '0.89', 7: '0.74'}
  [Client  4] Round 4 | Hier-pFedMe(λ2=35.0, K=3) | loss=0.0653
  [Edge 0] G4 | E3 | loss=0.0819
  [Edge 0] G4 | E4 | Hier-pFedMe | Selected 10/10
  [Client  2] Received edge weights.
[C2] Test set: samples=1000, class_dist={2: 507, 5: 493}
  [Client  9] Received edge weights.
[C9] Test set: samples=500, class_dist={4: 500}
  [Client  4] Received edge weights.
[C4] Test set: samples=1000, class_dist={2: 507, 7: 493}
  [Client  7] Received edge weights.
[C7] Test set: samples=1000, class_dist={3: 485, 5: 515}
  [Client  0] Received edge weights.
[C0] Test set: samples=1000, class_dist={3: 511, 6: 489}
  [Client  6] Received edge weights.
[C6] Test set: samples=1000, class_dist={6: 493, 7: 507}
  [Client  1] Received edge weights.
[C1] Test set: samples=1000, class_dist={3: 515, 6: 485}
  [Client  3] Received edge weights.
[C3] Test set: samples=1000, class_dist={5: 506, 7: 494}
  [Client  8] Received edge weights.
[C8] Test set: samples=500, class_dist={4: 500}
  [Client  5] Received edge weights.
[C5] Test set: samples=1000, class_dist={2: 510, 4: 490}
  [Client  2] Starting Hier-pFedMe | λ2=35.0, η2=0.02, inner_steps=3, epochs=1, batches/epoch=188
  [Client  4] Starting Hier-pFedMe | λ2=35.0, η2=0.02, inner_steps=3, epochs=1, batches/epoch=188  [Client  7] Starting Hier-pFedMe | λ2=35.0, η2=0.02, inner_steps=3, epochs=1, batches/epoch=188  [Client  9] Starting Hier-pFedMe | λ2=35.0, η2=0.02, inner_steps=3, epochs=1, batches/epoch=94

[C2] eval model[0] mean=0.002982 | edge mean=0.002982
[C4] eval model[0] mean=0.002982 | edge mean=0.002982
[C7] eval model[0] mean=0.002982 | edge mean=0.002982
[C9] eval model[0] mean=0.002982 | edge mean=0.002982

[C9] n=500 | classes=[4] | acc=0.2260 | per_class={4: '0.23'}
[C2] n=1000 | classes=[2, 5] | acc=0.5580 | per_class={2: '0.59', 5: '0.52'}
[C7] n=1000 | classes=[3, 5] | acc=0.3950 | per_class={3: '0.24', 5: '0.54'}
[C4] n=1000 | classes=[2, 7] | acc=0.6330 | per_class={2: '0.59', 7: '0.68'}
[C9] eval model[0] mean=0.002654 | edge mean=0.002982
[C9] n=500 | classes=[4] | acc=1.0000 | per_class={4: '1.00'}
  [Client  9] Round 4 | Hier-pFedMe(λ2=35.0, K=3) | loss=0.0039
  [Client  0] Starting Hier-pFedMe | λ2=35.0, η2=0.02, inner_steps=3, epochs=1, batches/epoch=188
[C0] eval model[0] mean=0.002982 | edge mean=0.002982
[C0] n=1000 | classes=[3, 6] | acc=0.3860 | per_class={3: '0.23', 6: '0.55'}
[C2] eval model[0] mean=0.002890 | edge mean=0.002982
[C7] eval model[0] mean=0.001959 | edge mean=0.002982
[C4] eval model[0] mean=0.003456 | edge mean=0.002982
[C2] n=1000 | classes=[2, 5] | acc=0.7700 | per_class={2: '0.81', 5: '0.73'}
[C7] n=1000 | classes=[3, 5] | acc=0.6580 | per_class={3: '0.67', 5: '0.64'}
  [Client  2] Round 4 | Hier-pFedMe(λ2=35.0, K=3) | loss=0.0865  [Client  7] Round 4 | Hier-pFedMe(λ2=35.0, K=3) | loss=0.1171
[C4] n=1000 | classes=[2, 7] | acc=0.8420 | per_class={2: '0.82', 7: '0.86'}

  [Client  6] Starting Hier-pFedMe | λ2=35.0, η2=0.02, inner_steps=3, epochs=1, batches/epoch=188
  [Client  1] Starting Hier-pFedMe | λ2=35.0, η2=0.02, inner_steps=3, epochs=1, batches/epoch=188
[C6] eval model[0] mean=0.002982 | edge mean=0.002982  [Client  4] Round 4 | Hier-pFedMe(λ2=35.0, K=3) | loss=0.0617
[C1] eval model[0] mean=0.002982 | edge mean=0.002982

  [Client  3] Starting Hier-pFedMe | λ2=35.0, η2=0.02, inner_steps=3, epochs=1, batches/epoch=188
[C3] eval model[0] mean=0.002982 | edge mean=0.002982
[C0] eval model[0] mean=0.004086 | edge mean=0.002982
[C6] n=1000 | classes=[6, 7] | acc=0.6100 | per_class={6: '0.54', 7: '0.68'}
[C3] n=1000 | classes=[5, 7] | acc=0.5750 | per_class={5: '0.52', 7: '0.63'}[C1] n=1000 | classes=[3, 6] | acc=0.4100 | per_class={3: '0.24', 6: '0.59'}

[C0] n=1000 | classes=[3, 6] | acc=0.7970 | per_class={3: '0.82', 6: '0.77'}
  [Client  0] Round 4 | Hier-pFedMe(λ2=35.0, K=3) | loss=0.0763
  [Client  8] Starting Hier-pFedMe | λ2=35.0, η2=0.02, inner_steps=3, epochs=1, batches/epoch=94
[C8] eval model[0] mean=0.002982 | edge mean=0.002982
[C8] n=500 | classes=[4] | acc=0.1940 | per_class={4: '0.19'}
[C8] eval model[0] mean=0.002680 | edge mean=0.002982
[C6] eval model[0] mean=0.003392 | edge mean=0.002982
[C3] eval model[0] mean=0.002742 | edge mean=0.002982
[C1] eval model[0] mean=0.003902 | edge mean=0.002982
[C8] n=500 | classes=[4] | acc=1.0000 | per_class={4: '1.00'}
  [Client  8] Round 4 | Hier-pFedMe(λ2=35.0, K=3) | loss=0.0037
  [Client  5] Starting Hier-pFedMe | λ2=35.0, η2=0.02, inner_steps=3, epochs=1, batches/epoch=188
[C5] eval model[0] mean=0.002982 | edge mean=0.002982
[C6] n=1000 | classes=[6, 7] | acc=0.8950 | per_class={6: '0.95', 7: '0.85'}
  [Client  6] Round 4 | Hier-pFedMe(λ2=35.0, K=3) | loss=0.0506
[C1] n=1000 | classes=[3, 6] | acc=0.8100 | per_class={3: '0.77', 6: '0.85'}
  [Client  1] Round 4 | Hier-pFedMe(λ2=35.0, K=3) | loss=0.0951[C3] n=1000 | classes=[5, 7] | acc=0.8070 | per_class={5: '0.79', 7: '0.83'}

  [Client  3] Round 4 | Hier-pFedMe(λ2=35.0, K=3) | loss=0.0619
[C5] n=1000 | classes=[2, 4] | acc=0.3770 | per_class={2: '0.53', 4: '0.22'}
[C5] eval model[0] mean=0.003299 | edge mean=0.002982
[C5] n=1000 | classes=[2, 4] | acc=0.6860 | per_class={2: '0.68', 4: '0.69'}
  [Client  5] Round 4 | Hier-pFedMe(λ2=35.0, K=3) | loss=0.1345
  [Edge 0] G4 | E4 | loss=0.0764
  [Edge 0] G4 | E5 | Hier-pFedMe | Selected 10/10
  [Client  8] Received edge weights.
[C8] Test set: samples=500, class_dist={4: 500}
  [Client  1] Received edge weights.
[C1] Test set: samples=1000, class_dist={3: 515, 6: 485}
  [Client  4] Received edge weights.
[C4] Test set: samples=1000, class_dist={2: 507, 7: 493}
  [Client  2] Received edge weights.
[C2] Test set: samples=1000, class_dist={2: 507, 5: 493}
  [Client  5] Received edge weights.
[C5] Test set: samples=1000, class_dist={2: 510, 4: 490}
  [Client  9] Received edge weights.
[C9] Test set: samples=500, class_dist={4: 500}
  [Client  0] Received edge weights.
[C0] Test set: samples=1000, class_dist={3: 511, 6: 489}
  [Client  3] Received edge weights.
[C3] Test set: samples=1000, class_dist={5: 506, 7: 494}
  [Client  7] Received edge weights.
[C7] Test set: samples=1000, class_dist={3: 485, 5: 515}
  [Client  6] Received edge weights.
[C6] Test set: samples=1000, class_dist={6: 493, 7: 507}
  [Client  4] Starting Hier-pFedMe | λ2=35.0, η2=0.02, inner_steps=3, epochs=1, batches/epoch=188
  [Client  1] Starting Hier-pFedMe | λ2=35.0, η2=0.02, inner_steps=3, epochs=1, batches/epoch=188  [Client  8] Starting Hier-pFedMe | λ2=35.0, η2=0.02, inner_steps=3, epochs=1, batches/epoch=94

  [Client  2] Starting Hier-pFedMe | λ2=35.0, η2=0.02, inner_steps=3, epochs=1, batches/epoch=188[C4] eval model[0] mean=0.003088 | edge mean=0.003088[C8] eval model[0] mean=0.003088 | edge mean=0.003088[C1] eval model[0] mean=0.003088 | edge mean=0.003088



[C2] eval model[0] mean=0.003088 | edge mean=0.003088
[C8] n=500 | classes=[4] | acc=0.1840 | per_class={4: '0.18'}
[C1] n=1000 | classes=[3, 6] | acc=0.4490 | per_class={3: '0.29', 6: '0.62'}
[C4] n=1000 | classes=[2, 7] | acc=0.6140 | per_class={2: '0.56', 7: '0.67'}
[C2] n=1000 | classes=[2, 5] | acc=0.5430 | per_class={2: '0.57', 5: '0.52'}
[C8] eval model[0] mean=0.002875 | edge mean=0.003088
[C8] n=500 | classes=[4] | acc=1.0000 | per_class={4: '1.00'}
  [Client  8] Round 4 | Hier-pFedMe(λ2=35.0, K=3) | loss=0.0032
  [Client  5] Starting Hier-pFedMe | λ2=35.0, η2=0.02, inner_steps=3, epochs=1, batches/epoch=188
[C5] eval model[0] mean=0.003088 | edge mean=0.003088
[C5] n=1000 | classes=[2, 4] | acc=0.3760 | per_class={2: '0.54', 4: '0.21'}
[C1] eval model[0] mean=0.003356 | edge mean=0.003088
[C4] eval model[0] mean=0.003401 | edge mean=0.003088
[C2] eval model[0] mean=0.002760 | edge mean=0.003088
[C1] n=1000 | classes=[3, 6] | acc=0.8170 | per_class={3: '0.74', 6: '0.89'}
[C4] n=1000 | classes=[2, 7] | acc=0.8200 | per_class={2: '0.70', 7: '0.95'}
  [Client  4] Round 4 | Hier-pFedMe(λ2=35.0, K=3) | loss=0.0630
  [Client  1] Round 4 | Hier-pFedMe(λ2=35.0, K=3) | loss=0.0890
  [Client  9] Starting Hier-pFedMe | λ2=35.0, η2=0.02, inner_steps=3, epochs=1, batches/epoch=94
  [Client  0] Starting Hier-pFedMe | λ2=35.0, η2=0.02, inner_steps=3, epochs=1, batches/epoch=188
[C9] eval model[0] mean=0.003088 | edge mean=0.003088
[C0] eval model[0] mean=0.003088 | edge mean=0.003088
[C2] n=1000 | classes=[2, 5] | acc=0.7840 | per_class={2: '0.76', 5: '0.81'}
  [Client  2] Round 4 | Hier-pFedMe(λ2=35.0, K=3) | loss=0.0761
  [Client  3] Starting Hier-pFedMe | λ2=35.0, η2=0.02, inner_steps=3, epochs=1, batches/epoch=188
[C3] eval model[0] mean=0.003088 | edge mean=0.003088
[C5] eval model[0] mean=0.002730 | edge mean=0.003088
[C9] n=500 | classes=[4] | acc=0.2240 | per_class={4: '0.22'}
[C0] n=1000 | classes=[3, 6] | acc=0.4250 | per_class={3: '0.28', 6: '0.58'}
[C3] n=1000 | classes=[5, 7] | acc=0.5620 | per_class={5: '0.50', 7: '0.62'}
[C5] n=1000 | classes=[2, 4] | acc=0.7030 | per_class={2: '0.64', 4: '0.77'}
  [Client  5] Round 4 | Hier-pFedMe(λ2=35.0, K=3) | loss=0.1334
  [Client  7] Starting Hier-pFedMe | λ2=35.0, η2=0.02, inner_steps=3, epochs=1, batches/epoch=188
[C7] eval model[0] mean=0.003088 | edge mean=0.003088
[C9] eval model[0] mean=0.002869 | edge mean=0.003088
[C9] n=500 | classes=[4] | acc=1.0000 | per_class={4: '1.00'}
  [Client  9] Round 4 | Hier-pFedMe(λ2=35.0, K=3) | loss=0.0033
  [Client  6] Starting Hier-pFedMe | λ2=35.0, η2=0.02, inner_steps=3, epochs=1, batches/epoch=188
[C6] eval model[0] mean=0.003088 | edge mean=0.003088
[C7] n=1000 | classes=[3, 5] | acc=0.4170 | per_class={3: '0.29', 5: '0.53'}
[C6] n=1000 | classes=[6, 7] | acc=0.6290 | per_class={6: '0.57', 7: '0.68'}
[C0] eval model[0] mean=0.004686 | edge mean=0.003088
[C3] eval model[0] mean=0.002728 | edge mean=0.003088
[C0] n=1000 | classes=[3, 6] | acc=0.7690 | per_class={3: '0.80', 6: '0.74'}
[C3] n=1000 | classes=[5, 7] | acc=0.7870 | per_class={5: '0.83', 7: '0.74'}  [Client  0] Round 4 | Hier-pFedMe(λ2=35.0, K=3) | loss=0.0675

  [Client  3] Round 4 | Hier-pFedMe(λ2=35.0, K=3) | loss=0.0629
[C7] eval model[0] mean=0.002676 | edge mean=0.003088
[C6] eval model[0] mean=0.003251 | edge mean=0.003088
[C7] n=1000 | classes=[3, 5] | acc=0.6650 | per_class={3: '0.71', 5: '0.62'}
  [Client  7] Round 4 | Hier-pFedMe(λ2=35.0, K=3) | loss=0.1040
[C6] n=1000 | classes=[6, 7] | acc=0.9110 | per_class={6: '0.93', 7: '0.89'}
  [Client  6] Round 4 | Hier-pFedMe(λ2=35.0, K=3) | loss=0.0475
  [Edge 0] G4 | E5 | loss=0.0718
  [Edge 1] G4 | E1 | Hier-pFedMe | Selected 10/10
  [Client 10] Received edge weights.
[C10] Test set: samples=600, class_dist={8: 292, 9: 308}
  [Client 17] Received edge weights.
[C17] Test set: samples=600, class_dist={1: 289, 9: 311}
  [Client 14] Received edge weights.
[C14] Test set: samples=600, class_dist={0: 307, 9: 293}
  [Client 13] Received edge weights.
[C13] Test set: samples=600, class_dist={0: 311, 8: 289}
  [Client 12] Received edge weights.
[C12] Test set: samples=600, class_dist={1: 308, 8: 292}
  [Client 11] Received edge weights.
[C11] Test set: samples=600, class_dist={0: 300, 1: 300}
  [Client 18] Received edge weights.
[C18] Test set: samples=600, class_dist={1: 314, 9: 286}
  [Client 19] Received edge weights.
[C19] Test set: samples=600, class_dist={0: 286, 9: 314}
  [Client 16] Received edge weights.
[C16] Test set: samples=600, class_dist={1: 291, 8: 309}
  [Client 15] Received edge weights.
[C15] Test set: samples=600, class_dist={0: 305, 8: 295}
  [Client 17] Starting Hier-pFedMe | λ2=35.0, η2=0.02, inner_steps=3, epochs=1, batches/epoch=113
  [Client 13] Starting Hier-pFedMe | λ2=35.0, η2=0.02, inner_steps=3, epochs=1, batches/epoch=113  [Client 10] Starting Hier-pFedMe | λ2=35.0, η2=0.02, inner_steps=3, epochs=1, batches/epoch=113

  [Client 14] Starting Hier-pFedMe | λ2=35.0, η2=0.02, inner_steps=3, epochs=1, batches/epoch=113
[C17] eval model[0] mean=0.002196 | edge mean=0.002196
[C10] eval model[0] mean=0.002196 | edge mean=0.002196[C13] eval model[0] mean=0.002196 | edge mean=0.002196[C14] eval model[0] mean=0.002196 | edge mean=0.002196


[C14] n=600 | classes=[0, 9] | acc=0.5283 | per_class={0: '0.58', 9: '0.47'}
[C10] n=600 | classes=[8, 9] | acc=0.5500 | per_class={8: '0.71', 9: '0.40'}[C17] n=600 | classes=[1, 9] | acc=0.4917 | per_class={1: '0.55', 9: '0.44'}
[C13] n=600 | classes=[0, 8] | acc=0.6633 | per_class={0: '0.63', 8: '0.70'}

[C14] eval model[0] mean=0.001823 | edge mean=0.002196
[C10] eval model[0] mean=0.002335 | edge mean=0.002196[C17] eval model[0] mean=0.002001 | edge mean=0.002196

[C13] eval model[0] mean=0.001272 | edge mean=0.002196
[C14] n=600 | classes=[0, 9] | acc=0.8417 | per_class={0: '0.74', 9: '0.95'}
  [Client 14] Round 4 | Hier-pFedMe(λ2=35.0, K=3) | loss=0.0595
[C10] n=600 | classes=[8, 9] | acc=0.8550 | per_class={8: '0.88', 9: '0.83'}[C17] n=600 | classes=[1, 9] | acc=0.7150 | per_class={1: '0.86', 9: '0.58'}
  [Client 12] Starting Hier-pFedMe | λ2=35.0, η2=0.02, inner_steps=3, epochs=1, batches/epoch=113

[C13] n=600 | classes=[0, 8] | acc=0.7750 | per_class={0: '0.88', 8: '0.66'}  [Client 10] Round 4 | Hier-pFedMe(λ2=35.0, K=3) | loss=0.0680[C12] eval model[0] mean=0.002196 | edge mean=0.002196

  [Client 17] Round 4 | Hier-pFedMe(λ2=35.0, K=3) | loss=0.0996
  [Client 11] Starting Hier-pFedMe | λ2=35.0, η2=0.02, inner_steps=3, epochs=1, batches/epoch=113
  [Client 13] Round 4 | Hier-pFedMe(λ2=35.0, K=3) | loss=0.1005
  [Client 18] Starting Hier-pFedMe | λ2=35.0, η2=0.02, inner_steps=3, epochs=1, batches/epoch=113
[C11] eval model[0] mean=0.002196 | edge mean=0.002196

  [Client 19] Starting Hier-pFedMe | λ2=35.0, η2=0.02, inner_steps=3, epochs=1, batches/epoch=113[C18] eval model[0] mean=0.002196 | edge mean=0.002196

[C19] eval model[0] mean=0.002196 | edge mean=0.002196
[C12] n=600 | classes=[1, 8] | acc=0.6200 | per_class={1: '0.59', 8: '0.65'}
[C11] n=600 | classes=[0, 1] | acc=0.5467 | per_class={0: '0.56', 1: '0.53'}
[C19] n=600 | classes=[0, 9] | acc=0.5167 | per_class={0: '0.61', 9: '0.43'}
[C18] n=600 | classes=[1, 9] | acc=0.5200 | per_class={1: '0.64', 9: '0.39'}
[C12] eval model[0] mean=0.002590 | edge mean=0.002196
[C11] eval model[0] mean=0.000769 | edge mean=0.002196[C18] eval model[0] mean=0.001285 | edge mean=0.002196
[C19] eval model[0] mean=0.001523 | edge mean=0.002196

[C12] n=600 | classes=[1, 8] | acc=0.8400 | per_class={1: '0.80', 8: '0.89'}
  [Client 12] Round 4 | Hier-pFedMe(λ2=35.0, K=3) | loss=0.0591
  [Client 16] Starting Hier-pFedMe | λ2=35.0, η2=0.02, inner_steps=3, epochs=1, batches/epoch=113
[C16] eval model[0] mean=0.002196 | edge mean=0.002196
[C19] n=600 | classes=[0, 9] | acc=0.8533 | per_class={0: '0.82', 9: '0.88'}[C11] n=600 | classes=[0, 1] | acc=0.8333 | per_class={0: '0.83', 1: '0.83'}

  [Client 19] Round 4 | Hier-pFedMe(λ2=35.0, K=3) | loss=0.0492[C18] n=600 | classes=[1, 9] | acc=0.7567 | per_class={1: '0.77', 9: '0.74'}  [Client 11] Round 4 | Hier-pFedMe(λ2=35.0, K=3) | loss=0.0547


  [Client 15] Starting Hier-pFedMe | λ2=35.0, η2=0.02, inner_steps=3, epochs=1, batches/epoch=113
[C15] eval model[0] mean=0.002196 | edge mean=0.002196  [Client 18] Round 4 | Hier-pFedMe(λ2=35.0, K=3) | loss=0.0996

[C16] n=600 | classes=[1, 8] | acc=0.6400 | per_class={1: '0.58', 8: '0.69'}
[C15] n=600 | classes=[0, 8] | acc=0.6433 | per_class={0: '0.67', 8: '0.62'}
[C16] eval model[0] mean=0.001855 | edge mean=0.002196
[C15] eval model[0] mean=0.001506 | edge mean=0.002196
[C16] n=600 | classes=[1, 8] | acc=0.8433 | per_class={1: '0.74', 8: '0.94'}
  [Client 16] Round 4 | Hier-pFedMe(λ2=35.0, K=3) | loss=0.0623
[C15] n=600 | classes=[0, 8] | acc=0.7450 | per_class={0: '0.84', 8: '0.65'}
  [Client 15] Round 4 | Hier-pFedMe(λ2=35.0, K=3) | loss=0.1072
  [Edge 1] G4 | E1 | loss=0.0760
  [Edge 1] G4 | E2 | Hier-pFedMe | Selected 10/10
  [Client 16] Received edge weights.
[C16] Test set: samples=600, class_dist={1: 291, 8: 309}
  [Client 10] Received edge weights.
[C10] Test set: samples=600, class_dist={8: 292, 9: 308}
  [Client 17] Received edge weights.
[C17] Test set: samples=600, class_dist={1: 289, 9: 311}
  [Client 11] Received edge weights.
[C11] Test set: samples=600, class_dist={0: 300, 1: 300}
  [Client 19] Received edge weights.
[C19] Test set: samples=600, class_dist={0: 286, 9: 314}
  [Client 15] Received edge weights.
[C15] Test set: samples=600, class_dist={0: 305, 8: 295}
  [Client 12] Received edge weights.
[C12] Test set: samples=600, class_dist={1: 308, 8: 292}
  [Client 14] Received edge weights.
[C14] Test set: samples=600, class_dist={0: 307, 9: 293}
  [Client 13] Received edge weights.
[C13] Test set: samples=600, class_dist={0: 311, 8: 289}
  [Client 18] Received edge weights.
[C18] Test set: samples=600, class_dist={1: 314, 9: 286}
  [Client 16] Starting Hier-pFedMe | λ2=35.0, η2=0.02, inner_steps=3, epochs=1, batches/epoch=113  [Client 10] Starting Hier-pFedMe | λ2=35.0, η2=0.02, inner_steps=3, epochs=1, batches/epoch=113
  [Client 11] Starting Hier-pFedMe | λ2=35.0, η2=0.02, inner_steps=3, epochs=1, batches/epoch=113
  [Client 17] Starting Hier-pFedMe | λ2=35.0, η2=0.02, inner_steps=3, epochs=1, batches/epoch=113[C16] eval model[0] mean=0.001680 | edge mean=0.001680

[C10] eval model[0] mean=0.001680 | edge mean=0.001680

[C11] eval model[0] mean=0.001680 | edge mean=0.001680[C17] eval model[0] mean=0.001680 | edge mean=0.001680

[C10] n=600 | classes=[8, 9] | acc=0.6467 | per_class={8: '0.67', 9: '0.63'}
[C16] n=600 | classes=[1, 8] | acc=0.6583 | per_class={1: '0.66', 8: '0.65'}
[C17] n=600 | classes=[1, 9] | acc=0.6367 | per_class={1: '0.66', 9: '0.62'}
[C11] n=600 | classes=[0, 1] | acc=0.6383 | per_class={0: '0.65', 1: '0.63'}
[C10] eval model[0] mean=0.002065 | edge mean=0.001680
[C16] eval model[0] mean=0.001653 | edge mean=0.001680
[C11] eval model[0] mean=0.001119 | edge mean=0.001680
[C17] eval model[0] mean=0.001603 | edge mean=0.001680
[C10] n=600 | classes=[8, 9] | acc=0.8817 | per_class={8: '0.85', 9: '0.91'}
  [Client 10] Round 4 | Hier-pFedMe(λ2=35.0, K=3) | loss=0.0527
  [Client 19] Starting Hier-pFedMe | λ2=35.0, η2=0.02, inner_steps=3, epochs=1, batches/epoch=113
[C19] eval model[0] mean=0.001680 | edge mean=0.001680[C16] n=600 | classes=[1, 8] | acc=0.8533 | per_class={1: '0.92', 8: '0.79'}

[C11] n=600 | classes=[0, 1] | acc=0.8467 | per_class={0: '0.79', 1: '0.91'}
[C17] n=600 | classes=[1, 9] | acc=0.7433 | per_class={1: '0.82', 9: '0.68'}
  [Client 16] Round 4 | Hier-pFedMe(λ2=35.0, K=3) | loss=0.0595
  [Client 11] Round 4 | Hier-pFedMe(λ2=35.0, K=3) | loss=0.0391
  [Client 15] Starting Hier-pFedMe | λ2=35.0, η2=0.02, inner_steps=3, epochs=1, batches/epoch=113
  [Client 17] Round 4 | Hier-pFedMe(λ2=35.0, K=3) | loss=0.0834  [Client 12] Starting Hier-pFedMe | λ2=35.0, η2=0.02, inner_steps=3, epochs=1, batches/epoch=113
[C15] eval model[0] mean=0.001680 | edge mean=0.001680

  [Client 14] Starting Hier-pFedMe | λ2=35.0, η2=0.02, inner_steps=3, epochs=1, batches/epoch=113
[C12] eval model[0] mean=0.001680 | edge mean=0.001680
[C14] eval model[0] mean=0.001680 | edge mean=0.001680
[C19] n=600 | classes=[0, 9] | acc=0.6600 | per_class={0: '0.71', 9: '0.62'}
[C12] n=600 | classes=[1, 8] | acc=0.6633 | per_class={1: '0.64', 8: '0.68'}
[C15] n=600 | classes=[0, 8] | acc=0.6733 | per_class={0: '0.74', 8: '0.60'}[C14] n=600 | classes=[0, 9] | acc=0.6667 | per_class={0: '0.69', 9: '0.65'}

[C19] eval model[0] mean=0.001155 | edge mean=0.001680
[C12] eval model[0] mean=0.001841 | edge mean=0.001680
[C14] eval model[0] mean=0.001601 | edge mean=0.001680
[C15] eval model[0] mean=0.001426 | edge mean=0.001680
[C19] n=600 | classes=[0, 9] | acc=0.8400 | per_class={0: '0.79', 9: '0.89'}
  [Client 19] Round 4 | Hier-pFedMe(λ2=35.0, K=3) | loss=0.0571
  [Client 13] Starting Hier-pFedMe | λ2=35.0, η2=0.02, inner_steps=3, epochs=1, batches/epoch=113
[C13] eval model[0] mean=0.001680 | edge mean=0.001680
[C12] n=600 | classes=[1, 8] | acc=0.8483 | per_class={1: '0.84', 8: '0.85'}
[C15] n=600 | classes=[0, 8] | acc=0.7717 | per_class={0: '0.82', 8: '0.72'}  [Client 12] Round 4 | Hier-pFedMe(λ2=35.0, K=3) | loss=0.0549

[C14] n=600 | classes=[0, 9] | acc=0.8683 | per_class={0: '0.90', 9: '0.84'}
  [Client 18] Starting Hier-pFedMe | λ2=35.0, η2=0.02, inner_steps=3, epochs=1, batches/epoch=113
  [Client 15] Round 4 | Hier-pFedMe(λ2=35.0, K=3) | loss=0.0922  [Client 14] Round 4 | Hier-pFedMe(λ2=35.0, K=3) | loss=0.0559[C18] eval model[0] mean=0.001680 | edge mean=0.001680


[C13] n=600 | classes=[0, 8] | acc=0.6917 | per_class={0: '0.69', 8: '0.70'}
[C18] n=600 | classes=[1, 9] | acc=0.6400 | per_class={1: '0.69', 9: '0.58'}
[C13] eval model[0] mean=0.001403 | edge mean=0.001680
[C18] eval model[0] mean=0.001095 | edge mean=0.001680
[C13] n=600 | classes=[0, 8] | acc=0.7883 | per_class={0: '0.78', 8: '0.79'}
  [Client 13] Round 4 | Hier-pFedMe(λ2=35.0, K=3) | loss=0.0854
[C18] n=600 | classes=[1, 9] | acc=0.7450 | per_class={1: '0.73', 9: '0.76'}
  [Client 18] Round 4 | Hier-pFedMe(λ2=35.0, K=3) | loss=0.0899
  [Edge 1] G4 | E2 | loss=0.0670
  [Edge 1] G4 | E3 | Hier-pFedMe | Selected 10/10
  [Client 14] Received edge weights.
[C14] Test set: samples=600, class_dist={0: 307, 9: 293}
  [Client 10] Received edge weights.
[C10] Test set: samples=600, class_dist={8: 292, 9: 308}
  [Client 12] Received edge weights.
[C12] Test set: samples=600, class_dist={1: 308, 8: 292}
  [Client 18] Received edge weights.
[C18] Test set: samples=600, class_dist={1: 314, 9: 286}
  [Client 16] Received edge weights.
[C16] Test set: samples=600, class_dist={1: 291, 8: 309}
  [Client 17] Received edge weights.
[C17] Test set: samples=600, class_dist={1: 289, 9: 311}
  [Client 19] Received edge weights.
[C19] Test set: samples=600, class_dist={0: 286, 9: 314}
  [Client 11] Received edge weights.
[C11] Test set: samples=600, class_dist={0: 300, 1: 300}
  [Client 15] Received edge weights.
[C15] Test set: samples=600, class_dist={0: 305, 8: 295}
  [Client 13] Received edge weights.
[C13] Test set: samples=600, class_dist={0: 311, 8: 289}
  [Client 10] Starting Hier-pFedMe | λ2=35.0, η2=0.02, inner_steps=3, epochs=1, batches/epoch=113  [Client 18] Starting Hier-pFedMe | λ2=35.0, η2=0.02, inner_steps=3, epochs=1, batches/epoch=113
  [Client 12] Starting Hier-pFedMe | λ2=35.0, η2=0.02, inner_steps=3, epochs=1, batches/epoch=113  [Client 14] Starting Hier-pFedMe | λ2=35.0, η2=0.02, inner_steps=3, epochs=1, batches/epoch=113

[C10] eval model[0] mean=0.001595 | edge mean=0.001595
[C18] eval model[0] mean=0.001595 | edge mean=0.001595
[C12] eval model[0] mean=0.001595 | edge mean=0.001595
[C14] eval model[0] mean=0.001595 | edge mean=0.001595

[C18] n=600 | classes=[1, 9] | acc=0.6550 | per_class={1: '0.74', 9: '0.56'}
[C10] n=600 | classes=[8, 9] | acc=0.6317 | per_class={8: '0.66', 9: '0.60'}[C14] n=600 | classes=[0, 9] | acc=0.6717 | per_class={0: '0.71', 9: '0.63'}
[C12] n=600 | classes=[1, 8] | acc=0.6817 | per_class={1: '0.70', 8: '0.66'}

[C10] eval model[0] mean=0.001901 | edge mean=0.001595
[C18] eval model[0] mean=0.001138 | edge mean=0.001595
[C12] eval model[0] mean=0.001573 | edge mean=0.001595[C14] eval model[0] mean=0.001081 | edge mean=0.001595

[C10] n=600 | classes=[8, 9] | acc=0.8667 | per_class={8: '0.87', 9: '0.87'}
[C18] n=600 | classes=[1, 9] | acc=0.7850 | per_class={1: '0.74', 9: '0.84'}
  [Client 10] Round 4 | Hier-pFedMe(λ2=35.0, K=3) | loss=0.0449
  [Client 16] Starting Hier-pFedMe | λ2=35.0, η2=0.02, inner_steps=3, epochs=1, batches/epoch=113
[C14] n=600 | classes=[0, 9] | acc=0.8583 | per_class={0: '0.89', 9: '0.83'}[C16] eval model[0] mean=0.001595 | edge mean=0.001595  [Client 18] Round 4 | Hier-pFedMe(λ2=35.0, K=3) | loss=0.0919[C12] n=600 | classes=[1, 8] | acc=0.8400 | per_class={1: '0.88', 8: '0.79'}



  [Client 17] Starting Hier-pFedMe | λ2=35.0, η2=0.02, inner_steps=3, epochs=1, batches/epoch=113
  [Client 14] Round 4 | Hier-pFedMe(λ2=35.0, K=3) | loss=0.0546
[C17] eval model[0] mean=0.001595 | edge mean=0.001595  [Client 19] Starting Hier-pFedMe | λ2=35.0, η2=0.02, inner_steps=3, epochs=1, batches/epoch=113

  [Client 12] Round 4 | Hier-pFedMe(λ2=35.0, K=3) | loss=0.0440
[C19] eval model[0] mean=0.001595 | edge mean=0.001595  [Client 11] Starting Hier-pFedMe | λ2=35.0, η2=0.02, inner_steps=3, epochs=1, batches/epoch=113

[C11] eval model[0] mean=0.001595 | edge mean=0.001595
[C16] n=600 | classes=[1, 8] | acc=0.6817 | per_class={1: '0.69', 8: '0.67'}
[C17] n=600 | classes=[1, 9] | acc=0.6667 | per_class={1: '0.73', 9: '0.61'}
[C19] n=600 | classes=[0, 9] | acc=0.6633 | per_class={0: '0.71', 9: '0.62'}
[C11] n=600 | classes=[0, 1] | acc=0.6567 | per_class={0: '0.65', 1: '0.67'}
[C16] eval model[0] mean=0.001163 | edge mean=0.001595
[C17] eval model[0] mean=0.001918 | edge mean=0.001595
[C11] eval model[0] mean=0.000786 | edge mean=0.001595
[C19] eval model[0] mean=0.001083 | edge mean=0.001595
    [ERROR] Client 17: {{function_node __wrapped__Sum_device_/job:localhost/replica:0/task:0/device:GPU:0}} End of sequence [Op:Sum] name: 
  [Client 15] Starting Hier-pFedMe | λ2=35.0, η2=0.02, inner_steps=3, epochs=1, batches/epoch=113
[C15] eval model[0] mean=0.001595 | edge mean=0.001595
[C16] n=600 | classes=[1, 8] | acc=0.8383 | per_class={1: '0.75', 8: '0.92'}
  [Client 16] Round 4 | Hier-pFedMe(λ2=35.0, K=3) | loss=0.0465
  [Client 13] Starting Hier-pFedMe | λ2=35.0, η2=0.02, inner_steps=3, epochs=1, batches/epoch=113
[C11] n=600 | classes=[0, 1] | acc=0.8350 | per_class={0: '0.77', 1: '0.90'}
[C13] eval model[0] mean=0.001595 | edge mean=0.001595
[C19] n=600 | classes=[0, 9] | acc=0.8417 | per_class={0: '0.79', 9: '0.89'}
  [Client 11] Round 4 | Hier-pFedMe(λ2=35.0, K=3) | loss=0.0381
  [Client 19] Round 4 | Hier-pFedMe(λ2=35.0, K=3) | loss=0.0410
[C15] n=600 | classes=[0, 8] | acc=0.6800 | per_class={0: '0.76', 8: '0.60'}
[C13] n=600 | classes=[0, 8] | acc=0.6867 | per_class={0: '0.71', 8: '0.66'}
[C15] eval model[0] mean=0.001278 | edge mean=0.001595
[C13] eval model[0] mean=0.000499 | edge mean=0.001595
[C15] n=600 | classes=[0, 8] | acc=0.7717 | per_class={0: '0.78', 8: '0.76'}
  [Client 15] Round 4 | Hier-pFedMe(λ2=35.0, K=3) | loss=0.0906
[C13] n=600 | classes=[0, 8] | acc=0.7933 | per_class={0: '0.80', 8: '0.79'}
  [Client 13] Round 4 | Hier-pFedMe(λ2=35.0, K=3) | loss=0.0799
  [Edge 1] G4 | E3 | loss=0.0590
  [Edge 1] G4 | E4 | Hier-pFedMe | Selected 10/10
  [Client 19] Received edge weights.
[C19] Test set: samples=600, class_dist={0: 286, 9: 314}
  [Client 17] Received edge weights.
[C17] Test set: samples=600, class_dist={1: 289, 9: 311}
  [Client 10] Received edge weights.
[C10] Test set: samples=600, class_dist={8: 292, 9: 308}
  [Client 14] Received edge weights.
[C14] Test set: samples=600, class_dist={0: 307, 9: 293}
  [Client 16] Received edge weights.
[C16] Test set: samples=600, class_dist={1: 291, 8: 309}
  [Client 18] Received edge weights.
[C18] Test set: samples=600, class_dist={1: 314, 9: 286}
  [Client 13] Received edge weights.
[C13] Test set: samples=600, class_dist={0: 311, 8: 289}
  [Client 11] Received edge weights.
[C11] Test set: samples=600, class_dist={0: 300, 1: 300}
  [Client 15] Received edge weights.
[C15] Test set: samples=600, class_dist={0: 305, 8: 295}
  [Client 12] Received edge weights.
[C12] Test set: samples=600, class_dist={1: 308, 8: 292}
  [Client 17] Starting Hier-pFedMe | λ2=35.0, η2=0.02, inner_steps=3, epochs=1, batches/epoch=113  [Client 14] Starting Hier-pFedMe | λ2=35.0, η2=0.02, inner_steps=3, epochs=1, batches/epoch=113  [Client 10] Starting Hier-pFedMe | λ2=35.0, η2=0.02, inner_steps=3, epochs=1, batches/epoch=113
  [Client 19] Starting Hier-pFedMe | λ2=35.0, η2=0.02, inner_steps=3, epochs=1, batches/epoch=113


[C17] eval model[0] mean=0.001225 | edge mean=0.001225[C14] eval model[0] mean=0.001225 | edge mean=0.001225[C10] eval model[0] mean=0.001225 | edge mean=0.001225
[C19] eval model[0] mean=0.001225 | edge mean=0.001225


[C14] n=600 | classes=[0, 9] | acc=0.7050 | per_class={0: '0.78', 9: '0.63'}
[C17] n=600 | classes=[1, 9] | acc=0.5733 | per_class={1: '0.56', 9: '0.59'}
[C10] n=600 | classes=[8, 9] | acc=0.6650 | per_class={8: '0.74', 9: '0.59'}
[C19] n=600 | classes=[0, 9] | acc=0.6700 | per_class={0: '0.76', 9: '0.59'}
[C14] eval model[0] mean=0.001025 | edge mean=0.001225
[C17] eval model[0] mean=0.001116 | edge mean=0.001225
[C10] eval model[0] mean=0.001554 | edge mean=0.001225[C19] eval model[0] mean=0.001257 | edge mean=0.001225

[C14] n=600 | classes=[0, 9] | acc=0.8717 | per_class={0: '0.88', 9: '0.86'}
  [Client 14] Round 4 | Hier-pFedMe(λ2=35.0, K=3) | loss=0.0616
  [Client 16] Starting Hier-pFedMe | λ2=35.0, η2=0.02, inner_steps=3, epochs=1, batches/epoch=113
[C16] eval model[0] mean=0.001225 | edge mean=0.001225
[C10] n=600 | classes=[8, 9] | acc=0.8650 | per_class={8: '0.91', 9: '0.82'}
[C19] n=600 | classes=[0, 9] | acc=0.8533 | per_class={0: '0.91', 9: '0.81'}
[C17] n=600 | classes=[1, 9] | acc=0.6817 | per_class={1: '0.92', 9: '0.46'}
  [Client 10] Round 4 | Hier-pFedMe(λ2=35.0, K=3) | loss=0.0428
  [Client 19] Round 4 | Hier-pFedMe(λ2=35.0, K=3) | loss=0.0408  [Client 18] Starting Hier-pFedMe | λ2=35.0, η2=0.02, inner_steps=3, epochs=1, batches/epoch=113

  [Client 17] Round 4 | Hier-pFedMe(λ2=35.0, K=3) | loss=0.0964
  [Client 13] Starting Hier-pFedMe | λ2=35.0, η2=0.02, inner_steps=3, epochs=1, batches/epoch=113  [Client 11] Starting Hier-pFedMe | λ2=35.0, η2=0.02, inner_steps=3, epochs=1, batches/epoch=113
[C18] eval model[0] mean=0.001225 | edge mean=0.001225

[C13] eval model[0] mean=0.001225 | edge mean=0.001225
[C11] eval model[0] mean=0.001225 | edge mean=0.001225
[C16] n=600 | classes=[1, 8] | acc=0.6600 | per_class={1: '0.60', 8: '0.72'}
[C11] n=600 | classes=[0, 1] | acc=0.6283 | per_class={0: '0.71', 1: '0.55'}
[C18] n=600 | classes=[1, 9] | acc=0.5783 | per_class={1: '0.62', 9: '0.53'}
[C13] n=600 | classes=[0, 8] | acc=0.7417 | per_class={0: '0.75', 8: '0.74'}
[C16] eval model[0] mean=0.000855 | edge mean=0.001225
[C11] eval model[0] mean=0.000910 | edge mean=0.001225
[C18] eval model[0] mean=0.001288 | edge mean=0.001225
[C13] eval model[0] mean=0.000835 | edge mean=0.001225
[C16] n=600 | classes=[1, 8] | acc=0.8433 | per_class={1: '0.75', 8: '0.94'}
  [Client 16] Round 4 | Hier-pFedMe(λ2=35.0, K=3) | loss=0.0420
  [Client 15] Starting Hier-pFedMe | λ2=35.0, η2=0.02, inner_steps=3, epochs=1, batches/epoch=113
[C15] eval model[0] mean=0.001225 | edge mean=0.001225
[C18] n=600 | classes=[1, 9] | acc=0.7533 | per_class={1: '0.75', 9: '0.75'}[C11] n=600 | classes=[0, 1] | acc=0.8250 | per_class={0: '0.86', 1: '0.79'}

[C13] n=600 | classes=[0, 8] | acc=0.7767 | per_class={0: '0.63', 8: '0.93'}
  [Client 11] Round 4 | Hier-pFedMe(λ2=35.0, K=3) | loss=0.0318
  [Client 18] Round 4 | Hier-pFedMe(λ2=35.0, K=3) | loss=0.0730
  [Client 13] Round 4 | Hier-pFedMe(λ2=35.0, K=3) | loss=0.0697  [Client 12] Starting Hier-pFedMe | λ2=35.0, η2=0.02, inner_steps=3, epochs=1, batches/epoch=113

[C12] eval model[0] mean=0.001225 | edge mean=0.001225
[C15] n=600 | classes=[0, 8] | acc=0.7450 | per_class={0: '0.81', 8: '0.68'}
[C12] n=600 | classes=[1, 8] | acc=0.6400 | per_class={1: '0.58', 8: '0.70'}
[C15] eval model[0] mean=0.001348 | edge mean=0.001225
[C12] eval model[0] mean=0.001885 | edge mean=0.001225
    [ERROR] Client 12: {{function_node __wrapped____EagerConst_device_/job:localhost/replica:0/task:0/device:GPU:0}} End of sequence[C15] n=600 | classes=[0, 8] | acc=0.7750 | per_class={0: '0.74', 8: '0.81'}

  [Client 15] Round 4 | Hier-pFedMe(λ2=35.0, K=3) | loss=0.0703
  [Edge 1] G4 | E4 | loss=0.0587
  [Edge 1] G4 | E5 | Hier-pFedMe | Selected 10/10
  [Client 11] Received edge weights.
[C11] Test set: samples=600, class_dist={0: 300, 1: 300}
  [Client 10] Received edge weights.
[C10] Test set: samples=600, class_dist={8: 292, 9: 308}
  [Client 14] Received edge weights.
[C14] Test set: samples=600, class_dist={0: 307, 9: 293}
  [Client 17] Received edge weights.
[C17] Test set: samples=600, class_dist={1: 289, 9: 311}
  [Client 13] Received edge weights.
[C13] Test set: samples=600, class_dist={0: 311, 8: 289}
  [Client 15] Received edge weights.
[C15] Test set: samples=600, class_dist={0: 305, 8: 295}
  [Client 18] Received edge weights.
[C18] Test set: samples=600, class_dist={1: 314, 9: 286}
  [Client 19] Received edge weights.
[C19] Test set: samples=600, class_dist={0: 286, 9: 314}
  [Client 16] Received edge weights.
[C16] Test set: samples=600, class_dist={1: 291, 8: 309}
  [Client 12] Received edge weights.
[C12] Test set: samples=600, class_dist={1: 308, 8: 292}
  [Client 10] Starting Hier-pFedMe | λ2=35.0, η2=0.02, inner_steps=3, epochs=1, batches/epoch=113  [Client 11] Starting Hier-pFedMe | λ2=35.0, η2=0.02, inner_steps=3, epochs=1, batches/epoch=113
  [Client 17] Starting Hier-pFedMe | λ2=35.0, η2=0.02, inner_steps=3, epochs=1, batches/epoch=113
  [Client 14] Starting Hier-pFedMe | λ2=35.0, η2=0.02, inner_steps=3, epochs=1, batches/epoch=113

[C11] eval model[0] mean=0.001237 | edge mean=0.001237[C10] eval model[0] mean=0.001237 | edge mean=0.001237[C14] eval model[0] mean=0.001237 | edge mean=0.001237
[C17] eval model[0] mean=0.001237 | edge mean=0.001237


[C14] n=600 | classes=[0, 9] | acc=0.7700 | per_class={0: '0.78', 9: '0.76'}[C11] n=600 | classes=[0, 1] | acc=0.6400 | per_class={0: '0.74', 1: '0.54'}[C10] n=600 | classes=[8, 9] | acc=0.6833 | per_class={8: '0.62', 9: '0.75'}

[C17] n=600 | classes=[1, 9] | acc=0.6550 | per_class={1: '0.57', 9: '0.73'}

[C10] eval model[0] mean=0.000874 | edge mean=0.001237
[C14] eval model[0] mean=0.001523 | edge mean=0.001237
[C11] eval model[0] mean=0.000622 | edge mean=0.001237
[C17] eval model[0] mean=0.001099 | edge mean=0.001237
[C10] n=600 | classes=[8, 9] | acc=0.8783 | per_class={8: '0.91', 9: '0.85'}[C14] n=600 | classes=[0, 9] | acc=0.8633 | per_class={0: '0.81', 9: '0.92'}

[C17] n=600 | classes=[1, 9] | acc=0.7067 | per_class={1: '0.88', 9: '0.54'}
  [Client 10] Round 4 | Hier-pFedMe(λ2=35.0, K=3) | loss=0.0455
[C11] n=600 | classes=[0, 1] | acc=0.8117 | per_class={0: '0.66', 1: '0.96'}
  [Client 13] Starting Hier-pFedMe | λ2=35.0, η2=0.02, inner_steps=3, epochs=1, batches/epoch=113  [Client 17] Round 4 | Hier-pFedMe(λ2=35.0, K=3) | loss=0.0742
  [Client 14] Round 4 | Hier-pFedMe(λ2=35.0, K=3) | loss=0.0428

  [Client 15] Starting Hier-pFedMe | λ2=35.0, η2=0.02, inner_steps=3, epochs=1, batches/epoch=113  [Client 11] Round 4 | Hier-pFedMe(λ2=35.0, K=3) | loss=0.0363
[C13] eval model[0] mean=0.001237 | edge mean=0.001237

  [Client 18] Starting Hier-pFedMe | λ2=35.0, η2=0.02, inner_steps=3, epochs=1, batches/epoch=113[C15] eval model[0] mean=0.001237 | edge mean=0.001237

  [Client 19] Starting Hier-pFedMe | λ2=35.0, η2=0.02, inner_steps=3, epochs=1, batches/epoch=113
[C18] eval model[0] mean=0.001237 | edge mean=0.001237
[C19] eval model[0] mean=0.001237 | edge mean=0.001237
[C13] n=600 | classes=[0, 8] | acc=0.7050 | per_class={0: '0.79', 8: '0.61'}
[C15] n=600 | classes=[0, 8] | acc=0.6850 | per_class={0: '0.81', 8: '0.56'}
[C18] n=600 | classes=[1, 9] | acc=0.6600 | per_class={1: '0.61', 9: '0.71'}
[C19] n=600 | classes=[0, 9] | acc=0.7567 | per_class={0: '0.77', 9: '0.75'}
[C13] eval model[0] mean=0.000313 | edge mean=0.001237
[C15] eval model[0] mean=0.001205 | edge mean=0.001237
[C18] eval model[0] mean=0.001119 | edge mean=0.001237
[C19] eval model[0] mean=0.001181 | edge mean=0.001237
    [ERROR] Client 18: {{function_node __wrapped____EagerConst_device_/job:localhost/replica:0/task:0/device:GPU:0}} End of sequence[C13] n=600 | classes=[0, 8] | acc=0.7583 | per_class={0: '0.66', 8: '0.87'}

  [Client 16] Starting Hier-pFedMe | λ2=35.0, η2=0.02, inner_steps=3, epochs=1, batches/epoch=113
[C16] eval model[0] mean=0.001237 | edge mean=0.001237
  [Client 13] Round 4 | Hier-pFedMe(λ2=35.0, K=3) | loss=0.0688
  [Client 12] Starting Hier-pFedMe | λ2=35.0, η2=0.02, inner_steps=3, epochs=1, batches/epoch=113
[C15] n=600 | classes=[0, 8] | acc=0.7817 | per_class={0: '0.78', 8: '0.78'}[C12] eval model[0] mean=0.001237 | edge mean=0.001237

  [Client 15] Round 4 | Hier-pFedMe(λ2=35.0, K=3) | loss=0.0846
[C19] n=600 | classes=[0, 9] | acc=0.8550 | per_class={0: '0.79', 9: '0.91'}
  [Client 19] Round 4 | Hier-pFedMe(λ2=35.0, K=3) | loss=0.0407
[C16] n=600 | classes=[1, 8] | acc=0.6017 | per_class={1: '0.57', 8: '0.63'}
[C12] n=600 | classes=[1, 8] | acc=0.5683 | per_class={1: '0.56', 8: '0.58'}
[C16] eval model[0] mean=0.001317 | edge mean=0.001237
[C12] eval model[0] mean=0.001715 | edge mean=0.001237
[C16] n=600 | classes=[1, 8] | acc=0.8667 | per_class={1: '0.87', 8: '0.86'}
  [Client 16] Round 4 | Hier-pFedMe(λ2=35.0, K=3) | loss=0.0470
[C12] n=600 | classes=[1, 8] | acc=0.8700 | per_class={1: '0.88', 8: '0.86'}
  [Client 12] Round 4 | Hier-pFedMe(λ2=35.0, K=3) | loss=0.0419
  [Edge 1] G4 | E5 | loss=0.0535
[C0] eval model[0] mean=0.004464 | edge mean=0.003088
[C0] n=1000 | classes=[3, 6] | acc=0.7760 | per_class={3: '0.78', 6: '0.77'}
[C1] eval model[0] mean=0.003411 | edge mean=0.003088
[C1] n=1000 | classes=[3, 6] | acc=0.8140 | per_class={3: '0.76', 6: '0.88'}
[C2] eval model[0] mean=0.002787 | edge mean=0.003088
[C2] n=1000 | classes=[2, 5] | acc=0.7820 | per_class={2: '0.76', 5: '0.80'}
[C3] eval model[0] mean=0.002725 | edge mean=0.003088
[C3] n=1000 | classes=[5, 7] | acc=0.7920 | per_class={5: '0.83', 7: '0.75'}
[C4] eval model[0] mean=0.003381 | edge mean=0.003088
[C4] n=1000 | classes=[2, 7] | acc=0.8260 | per_class={2: '0.74', 7: '0.92'}
[C5] eval model[0] mean=0.002761 | edge mean=0.003088
[C5] n=1000 | classes=[2, 4] | acc=0.7080 | per_class={2: '0.65', 4: '0.77'}
[C6] eval model[0] mean=0.003267 | edge mean=0.003088
[C6] n=1000 | classes=[6, 7] | acc=0.9130 | per_class={6: '0.93', 7: '0.90'}
[C7] eval model[0] mean=0.002656 | edge mean=0.003088
[C7] n=1000 | classes=[3, 5] | acc=0.6760 | per_class={3: '0.77', 5: '0.59'}
[C8] eval model[0] mean=0.002875 | edge mean=0.003088
[C8] n=500 | classes=[4] | acc=1.0000 | per_class={4: '1.00'}
[C9] eval model[0] mean=0.002869 | edge mean=0.003088
[C9] n=500 | classes=[4] | acc=1.0000 | per_class={4: '1.00'}
[C10] eval model[0] mean=0.000952 | edge mean=0.001237
[C10] n=600 | classes=[8, 9] | acc=0.8867 | per_class={8: '0.91', 9: '0.87'}
[C11] eval model[0] mean=0.000605 | edge mean=0.001237
[C11] n=600 | classes=[0, 1] | acc=0.8300 | per_class={0: '0.71', 1: '0.95'}
[C12] eval model[0] mean=0.001726 | edge mean=0.001237
[C12] n=600 | classes=[1, 8] | acc=0.8683 | per_class={1: '0.88', 8: '0.86'}
[C13] eval model[0] mean=0.000421 | edge mean=0.001237
[C13] n=600 | classes=[0, 8] | acc=0.7800 | per_class={0: '0.68', 8: '0.89'}
[C14] eval model[0] mean=0.001538 | edge mean=0.001237
[C14] n=600 | classes=[0, 9] | acc=0.8667 | per_class={0: '0.83', 9: '0.91'}
[C15] eval model[0] mean=0.001240 | edge mean=0.001237
[C15] n=600 | classes=[0, 8] | acc=0.7900 | per_class={0: '0.77', 8: '0.81'}
[C16] eval model[0] mean=0.001278 | edge mean=0.001237
[C16] n=600 | classes=[1, 8] | acc=0.8583 | per_class={1: '0.89', 8: '0.83'}
[C17] eval model[0] mean=0.001075 | edge mean=0.001237
[C17] n=600 | classes=[1, 9] | acc=0.7450 | per_class={1: '0.87', 9: '0.63'}
[C18] eval model[0] mean=0.001119 | edge mean=0.001237
[C18] n=600 | classes=[1, 9] | acc=0.7700 | per_class={1: '0.75', 9: '0.79'}
[C19] eval model[0] mean=0.001191 | edge mean=0.001237
[C19] n=600 | classes=[0, 9] | acc=0.8650 | per_class={0: '0.81', 9: '0.91'}
  [Cloud] GM=0.3800 | EM=0.5554 PM=0.8162 | loss=1.7948 | time=136.7s | comm=683.7MB (total=2735MB)

[Round   5] Broadcasting to 2 edges...
  [Edge 0] W_n reset to global weights for new round.
  [Edge 1] W_n reset to global weights for new round.
  [Edge 0] G5 | E1 | Hier-pFedMe | Selected 10/10
  [Client  0] Received edge weights.
[C0] Test set: samples=1000, class_dist={3: 511, 6: 489}
  [Client  2] Received edge weights.
[C2] Test set: samples=1000, class_dist={2: 507, 5: 493}
  [Client  1] Received edge weights.
[C1] Test set: samples=1000, class_dist={3: 515, 6: 485}
  [Client  8] Received edge weights.
[C8] Test set: samples=500, class_dist={4: 500}
  [Client  7] Received edge weights.
[C7] Test set: samples=1000, class_dist={3: 485, 5: 515}
  [Client  6] Received edge weights.
[C6] Test set: samples=1000, class_dist={6: 493, 7: 507}
  [Client  9] Received edge weights.
[C9] Test set: samples=500, class_dist={4: 500}
  [Client  4] Received edge weights.
[C4] Test set: samples=1000, class_dist={2: 507, 7: 493}
  [Client  3] Received edge weights.
[C3] Test set: samples=1000, class_dist={5: 506, 7: 494}
  [Client  5] Received edge weights.
[C5] Test set: samples=1000, class_dist={2: 510, 4: 490}
  [Client  2] Starting Hier-pFedMe | λ2=35.0, η2=0.02, inner_steps=3, epochs=1, batches/epoch=188
  [Client  8] Starting Hier-pFedMe | λ2=35.0, η2=0.02, inner_steps=3, epochs=1, batches/epoch=94
  [Client  0] Starting Hier-pFedMe | λ2=35.0, η2=0.02, inner_steps=3, epochs=1, batches/epoch=188  [Client  1] Starting Hier-pFedMe | λ2=35.0, η2=0.02, inner_steps=3, epochs=1, batches/epoch=188
[C2] eval model[0] mean=0.002127 | edge mean=0.002127[C8] eval model[0] mean=0.002127 | edge mean=0.002127

[C0] eval model[0] mean=0.002127 | edge mean=0.002127

[C1] eval model[0] mean=0.002127 | edge mean=0.002127
[C8] n=500 | classes=[4] | acc=0.0780 | per_class={4: '0.08'}
[C2] n=1000 | classes=[2, 5] | acc=0.2490 | per_class={2: '0.18', 5: '0.32'}
[C0] n=1000 | classes=[3, 6] | acc=0.2710 | per_class={3: '0.07', 6: '0.48'}
[C1] n=1000 | classes=[3, 6] | acc=0.3090 | per_class={3: '0.11', 6: '0.52'}
[C8] eval model[0] mean=0.001864 | edge mean=0.002127
[C8] n=500 | classes=[4] | acc=1.0000 | per_class={4: '1.00'}
  [Client  8] Round 5 | Hier-pFedMe(λ2=35.0, K=3) | loss=0.0039
  [Client  7] Starting Hier-pFedMe | λ2=35.0, η2=0.02, inner_steps=3, epochs=1, batches/epoch=188
[C7] eval model[0] mean=0.002127 | edge mean=0.002127
[C7] n=1000 | classes=[3, 5] | acc=0.2060 | per_class={3: '0.08', 5: '0.32'}
[C0] eval model[0] mean=0.003721 | edge mean=0.002127
[C2] eval model[0] mean=0.003158 | edge mean=0.002127
[C1] eval model[0] mean=0.003775 | edge mean=0.002127
[C0] n=1000 | classes=[3, 6] | acc=0.7660 | per_class={3: '0.65', 6: '0.89'}
[C1] n=1000 | classes=[3, 6] | acc=0.8240 | per_class={3: '0.87', 6: '0.78'}
[C2] n=1000 | classes=[2, 5] | acc=0.7600 | per_class={2: '0.72', 5: '0.81'}  [Client  0] Round 5 | Hier-pFedMe(λ2=35.0, K=3) | loss=0.0816

  [Client  1] Round 5 | Hier-pFedMe(λ2=35.0, K=3) | loss=0.1008
  [Client  6] Starting Hier-pFedMe | λ2=35.0, η2=0.02, inner_steps=3, epochs=1, batches/epoch=188
  [Client  9] Starting Hier-pFedMe | λ2=35.0, η2=0.02, inner_steps=3, epochs=1, batches/epoch=94
  [Client  2] Round 5 | Hier-pFedMe(λ2=35.0, K=3) | loss=0.0849
[C6] eval model[0] mean=0.002127 | edge mean=0.002127
  [Client  4] Starting Hier-pFedMe | λ2=35.0, η2=0.02, inner_steps=3, epochs=1, batches/epoch=188
[C9] eval model[0] mean=0.002127 | edge mean=0.002127
[C4] eval model[0] mean=0.002127 | edge mean=0.002127
[C9] n=500 | classes=[4] | acc=0.0900 | per_class={4: '0.09'}[C7] eval model[0] mean=0.002055 | edge mean=0.002127

[C6] n=1000 | classes=[6, 7] | acc=0.4150 | per_class={6: '0.48', 7: '0.35'}
[C4] n=1000 | classes=[2, 7] | acc=0.2630 | per_class={2: '0.19', 7: '0.34'}
[C7] n=1000 | classes=[3, 5] | acc=0.6510 | per_class={3: '0.60', 5: '0.70'}
  [Client  7] Round 5 | Hier-pFedMe(λ2=35.0, K=3) | loss=0.1299
  [Client  3] Starting Hier-pFedMe | λ2=35.0, η2=0.02, inner_steps=3, epochs=1, batches/epoch=188
[C3] eval model[0] mean=0.002127 | edge mean=0.002127
[C9] eval model[0] mean=0.001818 | edge mean=0.002127
[C9] n=500 | classes=[4] | acc=1.0000 | per_class={4: '1.00'}
  [Client  9] Round 5 | Hier-pFedMe(λ2=35.0, K=3) | loss=0.0040
  [Client  5] Starting Hier-pFedMe | λ2=35.0, η2=0.02, inner_steps=3, epochs=1, batches/epoch=188
[C5] eval model[0] mean=0.002127 | edge mean=0.002127
[C3] n=1000 | classes=[5, 7] | acc=0.3370 | per_class={5: '0.31', 7: '0.36'}
[C5] n=1000 | classes=[2, 4] | acc=0.1340 | per_class={2: '0.17', 4: '0.10'}
[C6] eval model[0] mean=0.003506 | edge mean=0.002127
[C4] eval model[0] mean=0.002971 | edge mean=0.002127
[C6] n=1000 | classes=[6, 7] | acc=0.8780 | per_class={6: '0.79', 7: '0.96'}
  [Client  6] Round 5 | Hier-pFedMe(λ2=35.0, K=3) | loss=0.0542
[C4] n=1000 | classes=[2, 7] | acc=0.8320 | per_class={2: '0.85', 7: '0.82'}
  [Client  4] Round 5 | Hier-pFedMe(λ2=35.0, K=3) | loss=0.0672
[C3] eval model[0] mean=0.003345 | edge mean=0.002127
[C5] eval model[0] mean=0.002662 | edge mean=0.002127
[C3] n=1000 | classes=[5, 7] | acc=0.7900 | per_class={5: '0.88', 7: '0.70'}
  [Client  3] Round 5 | Hier-pFedMe(λ2=35.0, K=3) | loss=0.0725
[C5] n=1000 | classes=[2, 4] | acc=0.6810 | per_class={2: '0.59', 4: '0.78'}
  [Client  5] Round 5 | Hier-pFedMe(λ2=35.0, K=3) | loss=0.1469
  [Edge 0] G5 | E1 | loss=0.0824
  [Edge 0] G5 | E2 | Hier-pFedMe | Selected 10/10
  [Client  9] Received edge weights.
[C9] Test set: samples=500, class_dist={4: 500}
  [Client  1] Received edge weights.
[C1] Test set: samples=1000, class_dist={3: 515, 6: 485}
  [Client  7] Received edge weights.
[C7] Test set: samples=1000, class_dist={3: 485, 5: 515}
  [Client  5] Received edge weights.
[C5] Test set: samples=1000, class_dist={2: 510, 4: 490}
  [Client  3] Received edge weights.
[C3] Test set: samples=1000, class_dist={5: 506, 7: 494}
  [Client  0] Received edge weights.
[C0] Test set: samples=1000, class_dist={3: 511, 6: 489}
  [Client  2] Received edge weights.
[C2] Test set: samples=1000, class_dist={2: 507, 5: 493}
  [Client  8] Received edge weights.
[C8] Test set: samples=500, class_dist={4: 500}
  [Client  4] Received edge weights.
[C4] Test set: samples=1000, class_dist={2: 507, 7: 493}
  [Client  6] Received edge weights.
[C6] Test set: samples=1000, class_dist={6: 493, 7: 507}
  [Client  9] Starting Hier-pFedMe | λ2=35.0, η2=0.02, inner_steps=3, epochs=1, batches/epoch=94
  [Client  7] Starting Hier-pFedMe | λ2=35.0, η2=0.02, inner_steps=3, epochs=1, batches/epoch=188
  [Client  1] Starting Hier-pFedMe | λ2=35.0, η2=0.02, inner_steps=3, epochs=1, batches/epoch=188
  [Client  5] Starting Hier-pFedMe | λ2=35.0, η2=0.02, inner_steps=3, epochs=1, batches/epoch=188[C9] eval model[0] mean=0.002891 | edge mean=0.002891
[C7] eval model[0] mean=0.002891 | edge mean=0.002891[C1] eval model[0] mean=0.002891 | edge mean=0.002891


[C5] eval model[0] mean=0.002891 | edge mean=0.002891
[C9] n=500 | classes=[4] | acc=0.2480 | per_class={4: '0.25'}
[C1] n=1000 | classes=[3, 6] | acc=0.4050 | per_class={3: '0.23', 6: '0.59'}
[C5] n=1000 | classes=[2, 4] | acc=0.3670 | per_class={2: '0.51', 4: '0.22'}
[C7] n=1000 | classes=[3, 5] | acc=0.3940 | per_class={3: '0.24', 5: '0.54'}
[C9] eval model[0] mean=0.002499 | edge mean=0.002891
[C9] n=500 | classes=[4] | acc=1.0000 | per_class={4: '1.00'}
  [Client  9] Round 5 | Hier-pFedMe(λ2=35.0, K=3) | loss=0.0031
  [Client  3] Starting Hier-pFedMe | λ2=35.0, η2=0.02, inner_steps=3, epochs=1, batches/epoch=188
[C3] eval model[0] mean=0.002891 | edge mean=0.002891
[C3] n=1000 | classes=[5, 7] | acc=0.5850 | per_class={5: '0.53', 7: '0.65'}
[C1] eval model[0] mean=0.003839 | edge mean=0.002891
[C5] eval model[0] mean=0.002688 | edge mean=0.002891
[C7] eval model[0] mean=0.002262 | edge mean=0.002891
[C1] n=1000 | classes=[3, 6] | acc=0.7960 | per_class={3: '0.85', 6: '0.74'}
[C7] n=1000 | classes=[3, 5] | acc=0.6520 | per_class={3: '0.59', 5: '0.71'}  [Client  1] Round 5 | Hier-pFedMe(λ2=35.0, K=3) | loss=0.0959

[C5] n=1000 | classes=[2, 4] | acc=0.7120 | per_class={2: '0.73', 4: '0.70'}
  [Client  0] Starting Hier-pFedMe | λ2=35.0, η2=0.02, inner_steps=3, epochs=1, batches/epoch=188
  [Client  7] Round 5 | Hier-pFedMe(λ2=35.0, K=3) | loss=0.1163
  [Client  5] Round 5 | Hier-pFedMe(λ2=35.0, K=3) | loss=0.1367
[C0] eval model[0] mean=0.002891 | edge mean=0.002891
  [Client  2] Starting Hier-pFedMe | λ2=35.0, η2=0.02, inner_steps=3, epochs=1, batches/epoch=188  [Client  8] Starting Hier-pFedMe | λ2=35.0, η2=0.02, inner_steps=3, epochs=1, batches/epoch=94

[C8] eval model[0] mean=0.002891 | edge mean=0.002891[C2] eval model[0] mean=0.002891 | edge mean=0.002891

[C3] eval model[0] mean=0.003525 | edge mean=0.002891
[C8] n=500 | classes=[4] | acc=0.2120 | per_class={4: '0.21'}
[C0] n=1000 | classes=[3, 6] | acc=0.3630 | per_class={3: '0.21', 6: '0.53'}
[C2] n=1000 | classes=[2, 5] | acc=0.5380 | per_class={2: '0.56', 5: '0.52'}
[C3] n=1000 | classes=[5, 7] | acc=0.7700 | per_class={5: '0.70', 7: '0.84'}
  [Client  3] Round 5 | Hier-pFedMe(λ2=35.0, K=3) | loss=0.0739
  [Client  4] Starting Hier-pFedMe | λ2=35.0, η2=0.02, inner_steps=3, epochs=1, batches/epoch=188
[C4] eval model[0] mean=0.002891 | edge mean=0.002891
[C8] eval model[0] mean=0.002610 | edge mean=0.002891
[C8] n=500 | classes=[4] | acc=1.0000 | per_class={4: '1.00'}
  [Client  8] Round 5 | Hier-pFedMe(λ2=35.0, K=3) | loss=0.0031
  [Client  6] Starting Hier-pFedMe | λ2=35.0, η2=0.02, inner_steps=3, epochs=1, batches/epoch=188
[C6] eval model[0] mean=0.002891 | edge mean=0.002891
[C4] n=1000 | classes=[2, 7] | acc=0.6130 | per_class={2: '0.56', 7: '0.67'}
[C6] n=1000 | classes=[6, 7] | acc=0.5990 | per_class={6: '0.51', 7: '0.69'}
[C0] eval model[0] mean=0.003914 | edge mean=0.002891
[C2] eval model[0] mean=0.003516 | edge mean=0.002891
[C0] n=1000 | classes=[3, 6] | acc=0.7870 | per_class={3: '0.80', 6: '0.78'}
  [Client  0] Round 5 | Hier-pFedMe(λ2=35.0, K=3) | loss=0.0722
[C2] n=1000 | classes=[2, 5] | acc=0.7600 | per_class={2: '0.73', 5: '0.79'}
  [Client  2] Round 5 | Hier-pFedMe(λ2=35.0, K=3) | loss=0.0878
[C4] eval model[0] mean=0.003278 | edge mean=0.002891
[C6] eval model[0] mean=0.003266 | edge mean=0.002891
[C4] n=1000 | classes=[2, 7] | acc=0.8400 | per_class={2: '0.89', 7: '0.79'}
  [Client  4] Round 5 | Hier-pFedMe(λ2=35.0, K=3) | loss=0.0523
[C6] n=1000 | classes=[6, 7] | acc=0.8940 | per_class={6: '0.85', 7: '0.94'}
  [Client  6] Round 5 | Hier-pFedMe(λ2=35.0, K=3) | loss=0.0419
  [Edge 0] G5 | E2 | loss=0.0756
  [Edge 0] G5 | E3 | Hier-pFedMe | Selected 10/10
  [Client  9] Received edge weights.
[C9] Test set: samples=500, class_dist={4: 500}
  [Client  0] Received edge weights.
[C0] Test set: samples=1000, class_dist={3: 511, 6: 489}
  [Client  8] Received edge weights.
[C8] Test set: samples=500, class_dist={4: 500}
  [Client  7] Received edge weights.
[C7] Test set: samples=1000, class_dist={3: 485, 5: 515}
  [Client  4] Received edge weights.
[C4] Test set: samples=1000, class_dist={2: 507, 7: 493}
  [Client  5] Received edge weights.
[C5] Test set: samples=1000, class_dist={2: 510, 4: 490}
  [Client  6] Received edge weights.
[C6] Test set: samples=1000, class_dist={6: 493, 7: 507}
  [Client  1] Received edge weights.
[C1] Test set: samples=1000, class_dist={3: 515, 6: 485}
  [Client  3] Received edge weights.
[C3] Test set: samples=1000, class_dist={5: 506, 7: 494}
  [Client  2] Received edge weights.
[C2] Test set: samples=1000, class_dist={2: 507, 5: 493}
  [Client  9] Starting Hier-pFedMe | λ2=35.0, η2=0.02, inner_steps=3, epochs=1, batches/epoch=94
  [Client  0] Starting Hier-pFedMe | λ2=35.0, η2=0.02, inner_steps=3, epochs=1, batches/epoch=188  [Client  7] Starting Hier-pFedMe | λ2=35.0, η2=0.02, inner_steps=3, epochs=1, batches/epoch=188
  [Client  8] Starting Hier-pFedMe | λ2=35.0, η2=0.02, inner_steps=3, epochs=1, batches/epoch=94

[C9] eval model[0] mean=0.002975 | edge mean=0.002975[C0] eval model[0] mean=0.002975 | edge mean=0.002975
[C7] eval model[0] mean=0.002975 | edge mean=0.002975[C8] eval model[0] mean=0.002975 | edge mean=0.002975


[C8] n=500 | classes=[4] | acc=0.2600 | per_class={4: '0.26'}
[C9] n=500 | classes=[4] | acc=0.2920 | per_class={4: '0.29'}
[C7] n=1000 | classes=[3, 5] | acc=0.4100 | per_class={3: '0.29', 5: '0.52'}
[C0] n=1000 | classes=[3, 6] | acc=0.3790 | per_class={3: '0.25', 6: '0.52'}
[C9] eval model[0] mean=0.002673 | edge mean=0.002975
[C8] eval model[0] mean=0.002625 | edge mean=0.002975
[C9] n=500 | classes=[4] | acc=1.0000 | per_class={4: '1.00'}
[C8] n=500 | classes=[4] | acc=1.0000 | per_class={4: '1.00'}
  [Client  9] Round 5 | Hier-pFedMe(λ2=35.0, K=3) | loss=0.0031
  [Client  4] Starting Hier-pFedMe | λ2=35.0, η2=0.02, inner_steps=3, epochs=1, batches/epoch=188
  [Client  8] Round 5 | Hier-pFedMe(λ2=35.0, K=3) | loss=0.0028
[C4] eval model[0] mean=0.002975 | edge mean=0.002975
  [Client  5] Starting Hier-pFedMe | λ2=35.0, η2=0.02, inner_steps=3, epochs=1, batches/epoch=188
[C5] eval model[0] mean=0.002975 | edge mean=0.002975
[C5] n=1000 | classes=[2, 4] | acc=0.3950 | per_class={2: '0.54', 4: '0.25'}
[C4] n=1000 | classes=[2, 7] | acc=0.6230 | per_class={2: '0.59', 7: '0.65'}
[C7] eval model[0] mean=0.002520 | edge mean=0.002975
[C0] eval model[0] mean=0.004429 | edge mean=0.002975
[C7] n=1000 | classes=[3, 5] | acc=0.6570 | per_class={3: '0.59', 5: '0.72'}
  [Client  7] Round 5 | Hier-pFedMe(λ2=35.0, K=3) | loss=0.0993[C0] n=1000 | classes=[3, 6] | acc=0.7770 | per_class={3: '0.71', 6: '0.84'}

  [Client  6] Starting Hier-pFedMe | λ2=35.0, η2=0.02, inner_steps=3, epochs=1, batches/epoch=188
  [Client  0] Round 5 | Hier-pFedMe(λ2=35.0, K=3) | loss=0.0750
[C6] eval model[0] mean=0.002975 | edge mean=0.002975
  [Client  1] Starting Hier-pFedMe | λ2=35.0, η2=0.02, inner_steps=3, epochs=1, batches/epoch=188
[C1] eval model[0] mean=0.002975 | edge mean=0.002975
[C1] n=1000 | classes=[3, 6] | acc=0.4070 | per_class={3: '0.28', 6: '0.54'}[C6] n=1000 | classes=[6, 7] | acc=0.5970 | per_class={6: '0.51', 7: '0.68'}

[C5] eval model[0] mean=0.003087 | edge mean=0.002975
[C4] eval model[0] mean=0.002856 | edge mean=0.002975
[C5] n=1000 | classes=[2, 4] | acc=0.6450 | per_class={2: '0.39', 4: '0.91'}
[C4] n=1000 | classes=[2, 7] | acc=0.8320 | per_class={2: '0.91', 7: '0.76'}
  [Client  5] Round 5 | Hier-pFedMe(λ2=35.0, K=3) | loss=0.1358
  [Client  3] Starting Hier-pFedMe | λ2=35.0, η2=0.02, inner_steps=3, epochs=1, batches/epoch=188
  [Client  4] Round 5 | Hier-pFedMe(λ2=35.0, K=3) | loss=0.0542
[C3] eval model[0] mean=0.002975 | edge mean=0.002975
  [Client  2] Starting Hier-pFedMe | λ2=35.0, η2=0.02, inner_steps=3, epochs=1, batches/epoch=188
[C2] eval model[0] mean=0.002975 | edge mean=0.002975
[C2] n=1000 | classes=[2, 5] | acc=0.5270 | per_class={2: '0.56', 5: '0.49'}[C3] n=1000 | classes=[5, 7] | acc=0.5690 | per_class={5: '0.51', 7: '0.63'}

[C6] eval model[0] mean=0.003738 | edge mean=0.002975
[C1] eval model[0] mean=0.003269 | edge mean=0.002975
[C6] n=1000 | classes=[6, 7] | acc=0.9140 | per_class={6: '0.93', 7: '0.90'}
  [Client  6] Round 5 | Hier-pFedMe(λ2=35.0, K=3) | loss=0.0553[C1] n=1000 | classes=[3, 6] | acc=0.8250 | per_class={3: '0.78', 6: '0.87'}

  [Client  1] Round 5 | Hier-pFedMe(λ2=35.0, K=3) | loss=0.0852
[C3] eval model[0] mean=0.003109 | edge mean=0.002975
[C2] eval model[0] mean=0.002691 | edge mean=0.002975
[C3] n=1000 | classes=[5, 7] | acc=0.7900 | per_class={5: '0.69', 7: '0.89'}[C2] n=1000 | classes=[2, 5] | acc=0.7910 | per_class={2: '0.77', 5: '0.81'}

  [Client  3] Round 5 | Hier-pFedMe(λ2=35.0, K=3) | loss=0.0680  [Client  2] Round 5 | Hier-pFedMe(λ2=35.0, K=3) | loss=0.0777

  [Edge 0] G5 | E3 | loss=0.0726
  [Edge 0] G5 | E4 | Hier-pFedMe | Selected 10/10
  [Client  2] Received edge weights.
[C2] Test set: samples=1000, class_dist={2: 507, 5: 493}
  [Client  8] Received edge weights.
[C8] Test set: samples=500, class_dist={4: 500}
  [Client  9] Received edge weights.
[C9] Test set: samples=500, class_dist={4: 500}
  [Client  4] Received edge weights.
[C4] Test set: samples=1000, class_dist={2: 507, 7: 493}
  [Client  0] Received edge weights.
[C0] Test set: samples=1000, class_dist={3: 511, 6: 489}
  [Client  6] Received edge weights.
[C6] Test set: samples=1000, class_dist={6: 493, 7: 507}
  [Client  1] Received edge weights.
[C1] Test set: samples=1000, class_dist={3: 515, 6: 485}
  [Client  5] Received edge weights.
[C5] Test set: samples=1000, class_dist={2: 510, 4: 490}
  [Client  3] Received edge weights.
[C3] Test set: samples=1000, class_dist={5: 506, 7: 494}
  [Client  7] Received edge weights.
[C7] Test set: samples=1000, class_dist={3: 485, 5: 515}
  [Client  2] Starting Hier-pFedMe | λ2=35.0, η2=0.02, inner_steps=3, epochs=1, batches/epoch=188  [Client  4] Starting Hier-pFedMe | λ2=35.0, η2=0.02, inner_steps=3, epochs=1, batches/epoch=188

  [Client  9] Starting Hier-pFedMe | λ2=35.0, η2=0.02, inner_steps=3, epochs=1, batches/epoch=94  [Client  8] Starting Hier-pFedMe | λ2=35.0, η2=0.02, inner_steps=3, epochs=1, batches/epoch=94
[C2] eval model[0] mean=0.003036 | edge mean=0.003036

[C4] eval model[0] mean=0.003036 | edge mean=0.003036[C9] eval model[0] mean=0.003036 | edge mean=0.003036

[C8] eval model[0] mean=0.003036 | edge mean=0.003036
[C8] n=500 | classes=[4] | acc=0.2180 | per_class={4: '0.22'}
[C9] n=500 | classes=[4] | acc=0.2700 | per_class={4: '0.27'}
[C4] n=1000 | classes=[2, 7] | acc=0.6090 | per_class={2: '0.53', 7: '0.69'}[C2] n=1000 | classes=[2, 5] | acc=0.5310 | per_class={2: '0.53', 5: '0.54'}

[C8] eval model[0] mean=0.002759 | edge mean=0.003036
[C9] eval model[0] mean=0.002859 | edge mean=0.003036
[C8] n=500 | classes=[4] | acc=1.0000 | per_class={4: '1.00'}
[C9] n=500 | classes=[4] | acc=1.0000 | per_class={4: '1.00'}  [Client  8] Round 5 | Hier-pFedMe(λ2=35.0, K=3) | loss=0.0026

  [Client  0] Starting Hier-pFedMe | λ2=35.0, η2=0.02, inner_steps=3, epochs=1, batches/epoch=188
[C0] eval model[0] mean=0.003036 | edge mean=0.003036
  [Client  9] Round 5 | Hier-pFedMe(λ2=35.0, K=3) | loss=0.0028
  [Client  6] Starting Hier-pFedMe | λ2=35.0, η2=0.02, inner_steps=3, epochs=1, batches/epoch=188
[C6] eval model[0] mean=0.003036 | edge mean=0.003036
[C0] n=1000 | classes=[3, 6] | acc=0.4330 | per_class={3: '0.27', 6: '0.60'}
[C6] n=1000 | classes=[6, 7] | acc=0.6430 | per_class={6: '0.58', 7: '0.70'}
[C2] eval model[0] mean=0.002754 | edge mean=0.003036
[C4] eval model[0] mean=0.003208 | edge mean=0.003036
[C2] n=1000 | classes=[2, 5] | acc=0.7830 | per_class={2: '0.79', 5: '0.78'}
[C4] n=1000 | classes=[2, 7] | acc=0.8260 | per_class={2: '0.77', 7: '0.88'}
  [Client  2] Round 5 | Hier-pFedMe(λ2=35.0, K=3) | loss=0.0706
  [Client  4] Round 5 | Hier-pFedMe(λ2=35.0, K=3) | loss=0.0494
  [Client  1] Starting Hier-pFedMe | λ2=35.0, η2=0.02, inner_steps=3, epochs=1, batches/epoch=188
  [Client  5] Starting Hier-pFedMe | λ2=35.0, η2=0.02, inner_steps=3, epochs=1, batches/epoch=188[C1] eval model[0] mean=0.003036 | edge mean=0.003036

[C5] eval model[0] mean=0.003036 | edge mean=0.003036
[C1] n=1000 | classes=[3, 6] | acc=0.4470 | per_class={3: '0.28', 6: '0.63'}
[C5] n=1000 | classes=[2, 4] | acc=0.3570 | per_class={2: '0.48', 4: '0.22'}
[C0] eval model[0] mean=0.003985 | edge mean=0.003036
[C6] eval model[0] mean=0.003461 | edge mean=0.003036
[C0] n=1000 | classes=[3, 6] | acc=0.8210 | per_class={3: '0.85', 6: '0.79'}
[C6] n=1000 | classes=[6, 7] | acc=0.9000 | per_class={6: '0.87', 7: '0.93'}
  [Client  0] Round 5 | Hier-pFedMe(λ2=35.0, K=3) | loss=0.0732
  [Client  3] Starting Hier-pFedMe | λ2=35.0, η2=0.02, inner_steps=3, epochs=1, batches/epoch=188  [Client  6] Round 5 | Hier-pFedMe(λ2=35.0, K=3) | loss=0.0431

  [Client  7] Starting Hier-pFedMe | λ2=35.0, η2=0.02, inner_steps=3, epochs=1, batches/epoch=188[C3] eval model[0] mean=0.003036 | edge mean=0.003036

[C7] eval model[0] mean=0.003036 | edge mean=0.003036
[C7] n=1000 | classes=[3, 5] | acc=0.4190 | per_class={3: '0.28', 5: '0.55'}
[C1] eval model[0] mean=0.003616 | edge mean=0.003036
[C3] n=1000 | classes=[5, 7] | acc=0.5990 | per_class={5: '0.54', 7: '0.66'}[C5] eval model[0] mean=0.002980 | edge mean=0.003036

[C1] n=1000 | classes=[3, 6] | acc=0.8290 | per_class={3: '0.90', 6: '0.75'}
  [Client  1] Round 5 | Hier-pFedMe(λ2=35.0, K=3) | loss=0.0820
[C5] n=1000 | classes=[2, 4] | acc=0.7080 | per_class={2: '0.67', 4: '0.74'}
  [Client  5] Round 5 | Hier-pFedMe(λ2=35.0, K=3) | loss=0.1330
[C7] eval model[0] mean=0.002219 | edge mean=0.003036
[C3] eval model[0] mean=0.003292 | edge mean=0.003036
[C7] n=1000 | classes=[3, 5] | acc=0.6510 | per_class={3: '0.66', 5: '0.64'}
  [Client  7] Round 5 | Hier-pFedMe(λ2=35.0, K=3) | loss=0.0951
[C3] n=1000 | classes=[5, 7] | acc=0.7950 | per_class={5: '0.76', 7: '0.83'}
  [Client  3] Round 5 | Hier-pFedMe(λ2=35.0, K=3) | loss=0.0600
  [Edge 0] G5 | E4 | loss=0.0677
  [Edge 0] G5 | E5 | Hier-pFedMe | Selected 10/10
  [Client  6] Received edge weights.
[C6] Test set: samples=1000, class_dist={6: 493, 7: 507}
  [Client  3] Received edge weights.
[C3] Test set: samples=1000, class_dist={5: 506, 7: 494}
  [Client  0] Received edge weights.
[C0] Test set: samples=1000, class_dist={3: 511, 6: 489}
  [Client  7] Received edge weights.
[C7] Test set: samples=1000, class_dist={3: 485, 5: 515}
  [Client  1] Received edge weights.
[C1] Test set: samples=1000, class_dist={3: 515, 6: 485}
  [Client  5] Received edge weights.
[C5] Test set: samples=1000, class_dist={2: 510, 4: 490}
  [Client  2] Received edge weights.
[C2] Test set: samples=1000, class_dist={2: 507, 5: 493}
  [Client  8] Received edge weights.
[C8] Test set: samples=500, class_dist={4: 500}
  [Client  9] Received edge weights.
[C9] Test set: samples=500, class_dist={4: 500}
  [Client  4] Received edge weights.
[C4] Test set: samples=1000, class_dist={2: 507, 7: 493}
  [Client  6] Starting Hier-pFedMe | λ2=35.0, η2=0.02, inner_steps=3, epochs=1, batches/epoch=188
  [Client  0] Starting Hier-pFedMe | λ2=35.0, η2=0.02, inner_steps=3, epochs=1, batches/epoch=188  [Client  7] Starting Hier-pFedMe | λ2=35.0, η2=0.02, inner_steps=3, epochs=1, batches/epoch=188  [Client  3] Starting Hier-pFedMe | λ2=35.0, η2=0.02, inner_steps=3, epochs=1, batches/epoch=188
[C6] eval model[0] mean=0.003083 | edge mean=0.003083

[C7] eval model[0] mean=0.003083 | edge mean=0.003083[C0] eval model[0] mean=0.003083 | edge mean=0.003083

[C3] eval model[0] mean=0.003083 | edge mean=0.003083

[C6] n=1000 | classes=[6, 7] | acc=0.6270 | per_class={6: '0.54', 7: '0.71'}
[C3] n=1000 | classes=[5, 7] | acc=0.6010 | per_class={5: '0.52', 7: '0.68'}
[C0] n=1000 | classes=[3, 6] | acc=0.3700 | per_class={3: '0.21', 6: '0.54'}
[C7] n=1000 | classes=[3, 5] | acc=0.4000 | per_class={3: '0.27', 5: '0.52'}
[C6] eval model[0] mean=0.003318 | edge mean=0.003083
[C3] eval model[0] mean=0.002857 | edge mean=0.003083
[C0] eval model[0] mean=0.004187 | edge mean=0.003083
[C7] eval model[0] mean=0.002492 | edge mean=0.003083
[C6] n=1000 | classes=[6, 7] | acc=0.8970 | per_class={6: '0.94', 7: '0.85'}
[C7] n=1000 | classes=[3, 5] | acc=0.6640 | per_class={3: '0.57', 5: '0.75'}
  [Client  6] Round 5 | Hier-pFedMe(λ2=35.0, K=3) | loss=0.0470
  [Client  1] Starting Hier-pFedMe | λ2=35.0, η2=0.02, inner_steps=3, epochs=1, batches/epoch=188
[C1] eval model[0] mean=0.003083 | edge mean=0.003083
  [Client  7] Round 5 | Hier-pFedMe(λ2=35.0, K=3) | loss=0.0904
  [Client  5] Starting Hier-pFedMe | λ2=35.0, η2=0.02, inner_steps=3, epochs=1, batches/epoch=188
[C0] n=1000 | classes=[3, 6] | acc=0.7850 | per_class={3: '0.87', 6: '0.69'}
[C5] eval model[0] mean=0.003083 | edge mean=0.003083
[C3] n=1000 | classes=[5, 7] | acc=0.8150 | per_class={5: '0.86', 7: '0.77'}
  [Client  0] Round 5 | Hier-pFedMe(λ2=35.0, K=3) | loss=0.0762
  [Client  2] Starting Hier-pFedMe | λ2=35.0, η2=0.02, inner_steps=3, epochs=1, batches/epoch=188
  [Client  3] Round 5 | Hier-pFedMe(λ2=35.0, K=3) | loss=0.0527
  [Client  8] Starting Hier-pFedMe | λ2=35.0, η2=0.02, inner_steps=3, epochs=1, batches/epoch=94
[C2] eval model[0] mean=0.003083 | edge mean=0.003083
[C8] eval model[0] mean=0.003083 | edge mean=0.003083
[C8] n=500 | classes=[4] | acc=0.2180 | per_class={4: '0.22'}
[C1] n=1000 | classes=[3, 6] | acc=0.4020 | per_class={3: '0.25', 6: '0.56'}
[C5] n=1000 | classes=[2, 4] | acc=0.3990 | per_class={2: '0.57', 4: '0.22'}
[C2] n=1000 | classes=[2, 5] | acc=0.5410 | per_class={2: '0.60', 5: '0.48'}
[C8] eval model[0] mean=0.002741 | edge mean=0.003083
[C8] n=500 | classes=[4] | acc=1.0000 | per_class={4: '1.00'}
  [Client  8] Round 5 | Hier-pFedMe(λ2=35.0, K=3) | loss=0.0020
  [Client  9] Starting Hier-pFedMe | λ2=35.0, η2=0.02, inner_steps=3, epochs=1, batches/epoch=94
[C9] eval model[0] mean=0.003083 | edge mean=0.003083
[C9] n=500 | classes=[4] | acc=0.2700 | per_class={4: '0.27'}
[C1] eval model[0] mean=0.002994 | edge mean=0.003083
[C5] eval model[0] mean=0.003075 | edge mean=0.003083
[C2] eval model[0] mean=0.003394 | edge mean=0.003083
[C9] eval model[0] mean=0.002847 | edge mean=0.003083
[C9] n=500 | classes=[4] | acc=1.0000 | per_class={4: '1.00'}
[C5] n=1000 | classes=[2, 4] | acc=0.7160 | per_class={2: '0.73', 4: '0.70'}
  [Client  9] Round 5 | Hier-pFedMe(λ2=35.0, K=3) | loss=0.0022
  [Client  4] Starting Hier-pFedMe | λ2=35.0, η2=0.02, inner_steps=3, epochs=1, batches/epoch=188
[C4] eval model[0] mean=0.003083 | edge mean=0.003083
  [Client  5] Round 5 | Hier-pFedMe(λ2=35.0, K=3) | loss=0.1117
[C1] n=1000 | classes=[3, 6] | acc=0.7820 | per_class={3: '0.67', 6: '0.90'}
  [Client  1] Round 5 | Hier-pFedMe(λ2=35.0, K=3) | loss=0.0731
[C2] n=1000 | classes=[2, 5] | acc=0.7490 | per_class={2: '0.81', 5: '0.69'}
  [Client  2] Round 5 | Hier-pFedMe(λ2=35.0, K=3) | loss=0.0813
[C4] n=1000 | classes=[2, 7] | acc=0.6560 | per_class={2: '0.61', 7: '0.70'}
[C4] eval model[0] mean=0.002770 | edge mean=0.003083
[C4] n=1000 | classes=[2, 7] | acc=0.7970 | per_class={2: '0.66', 7: '0.94'}
  [Client  4] Round 5 | Hier-pFedMe(λ2=35.0, K=3) | loss=0.0498
  [Edge 0] G5 | E5 | loss=0.0649
  [Edge 1] G5 | E1 | Hier-pFedMe | Selected 10/10
  [Client 16] Received edge weights.
[C16] Test set: samples=600, class_dist={1: 291, 8: 309}
  [Client 10] Received edge weights.
[C10] Test set: samples=600, class_dist={8: 292, 9: 308}
  [Client 18] Received edge weights.
[C18] Test set: samples=600, class_dist={1: 314, 9: 286}
  [Client 12] Received edge weights.
[C12] Test set: samples=600, class_dist={1: 308, 8: 292}
  [Client 13] Received edge weights.
[C13] Test set: samples=600, class_dist={0: 311, 8: 289}
  [Client 15] Received edge weights.
[C15] Test set: samples=600, class_dist={0: 305, 8: 295}
  [Client 19] Received edge weights.
[C19] Test set: samples=600, class_dist={0: 286, 9: 314}
  [Client 17] Received edge weights.
[C17] Test set: samples=600, class_dist={1: 289, 9: 311}
  [Client 14] Received edge weights.
[C14] Test set: samples=600, class_dist={0: 307, 9: 293}
  [Client 11] Received edge weights.
[C11] Test set: samples=600, class_dist={0: 300, 1: 300}
  [Client 10] Starting Hier-pFedMe | λ2=35.0, η2=0.02, inner_steps=3, epochs=1, batches/epoch=113
  [Client 18] Starting Hier-pFedMe | λ2=35.0, η2=0.02, inner_steps=3, epochs=1, batches/epoch=113  [Client 12] Starting Hier-pFedMe | λ2=35.0, η2=0.02, inner_steps=3, epochs=1, batches/epoch=113  [Client 16] Starting Hier-pFedMe | λ2=35.0, η2=0.02, inner_steps=3, epochs=1, batches/epoch=113


[C16] eval model[0] mean=0.002127 | edge mean=0.002127
[C12] eval model[0] mean=0.002127 | edge mean=0.002127
[C18] eval model[0] mean=0.002127 | edge mean=0.002127
[C10] eval model[0] mean=0.002127 | edge mean=0.002127
[C12] n=600 | classes=[1, 8] | acc=0.5933 | per_class={1: '0.55', 8: '0.64'}
[C16] n=600 | classes=[1, 8] | acc=0.6383 | per_class={1: '0.56', 8: '0.71'}
[C10] n=600 | classes=[8, 9] | acc=0.5283 | per_class={8: '0.72', 9: '0.35'}
[C18] n=600 | classes=[1, 9] | acc=0.4933 | per_class={1: '0.61', 9: '0.36'}
[C16] eval model[0] mean=0.001384 | edge mean=0.002127
[C12] eval model[0] mean=0.002416 | edge mean=0.002127
[C10] eval model[0] mean=0.002161 | edge mean=0.002127
[C18] eval model[0] mean=0.001360 | edge mean=0.002127
[C12] n=600 | classes=[1, 8] | acc=0.8617 | per_class={1: '0.88', 8: '0.85'}
[C16] n=600 | classes=[1, 8] | acc=0.8633 | per_class={1: '0.89', 8: '0.84'}
[C10] n=600 | classes=[8, 9] | acc=0.8683 | per_class={8: '0.87', 9: '0.87'}
  [Client 12] Round 5 | Hier-pFedMe(λ2=35.0, K=3) | loss=0.0471
  [Client 16] Round 5 | Hier-pFedMe(λ2=35.0, K=3) | loss=0.0482
  [Client 13] Starting Hier-pFedMe | λ2=35.0, η2=0.02, inner_steps=3, epochs=1, batches/epoch=113
  [Client 10] Round 5 | Hier-pFedMe(λ2=35.0, K=3) | loss=0.0557
[C18] n=600 | classes=[1, 9] | acc=0.7850 | per_class={1: '0.82', 9: '0.74'}
  [Client 15] Starting Hier-pFedMe | λ2=35.0, η2=0.02, inner_steps=3, epochs=1, batches/epoch=113
[C13] eval model[0] mean=0.002127 | edge mean=0.002127
  [Client 19] Starting Hier-pFedMe | λ2=35.0, η2=0.02, inner_steps=3, epochs=1, batches/epoch=113
[C15] eval model[0] mean=0.002127 | edge mean=0.002127
[C19] eval model[0] mean=0.002127 | edge mean=0.002127
  [Client 18] Round 5 | Hier-pFedMe(λ2=35.0, K=3) | loss=0.0788
  [Client 17] Starting Hier-pFedMe | λ2=35.0, η2=0.02, inner_steps=3, epochs=1, batches/epoch=113
[C17] eval model[0] mean=0.002127 | edge mean=0.002127
[C17] n=600 | classes=[1, 9] | acc=0.4633 | per_class={1: '0.55', 9: '0.39'}
[C19] n=600 | classes=[0, 9] | acc=0.5217 | per_class={0: '0.67', 9: '0.39'}
[C13] n=600 | classes=[0, 8] | acc=0.7067 | per_class={0: '0.68', 8: '0.74'}
[C15] n=600 | classes=[0, 8] | acc=0.6917 | per_class={0: '0.73', 8: '0.65'}
[C13] eval model[0] mean=0.001286 | edge mean=0.002127
[C17] eval model[0] mean=0.001436 | edge mean=0.002127
[C19] eval model[0] mean=0.001343 | edge mean=0.002127
[C15] eval model[0] mean=0.001271 | edge mean=0.002127
[C13] n=600 | classes=[0, 8] | acc=0.7783 | per_class={0: '0.71', 8: '0.85'}
[C19] n=600 | classes=[0, 9] | acc=0.8567 | per_class={0: '0.77', 9: '0.94'}
[C17] n=600 | classes=[1, 9] | acc=0.6600 | per_class={1: '0.95', 9: '0.39'}
[C15] n=600 | classes=[0, 8] | acc=0.7483 | per_class={0: '0.63', 8: '0.87'}
  [Client 13] Round 5 | Hier-pFedMe(λ2=35.0, K=3) | loss=0.0890
  [Client 14] Starting Hier-pFedMe | λ2=35.0, η2=0.02, inner_steps=3, epochs=1, batches/epoch=113
  [Client 19] Round 5 | Hier-pFedMe(λ2=35.0, K=3) | loss=0.0413
[C14] eval model[0] mean=0.002127 | edge mean=0.002127
  [Client 11] Starting Hier-pFedMe | λ2=35.0, η2=0.02, inner_steps=3, epochs=1, batches/epoch=113
  [Client 17] Round 5 | Hier-pFedMe(λ2=35.0, K=3) | loss=0.0930
  [Client 15] Round 5 | Hier-pFedMe(λ2=35.0, K=3) | loss=0.0878
[C11] eval model[0] mean=0.002127 | edge mean=0.002127
[C14] n=600 | classes=[0, 9] | acc=0.5117 | per_class={0: '0.63', 9: '0.39'}
[C11] n=600 | classes=[0, 1] | acc=0.5717 | per_class={0: '0.61', 1: '0.53'}
[C14] eval model[0] mean=0.001733 | edge mean=0.002127
[C11] eval model[0] mean=0.001442 | edge mean=0.002127
[C14] n=600 | classes=[0, 9] | acc=0.8683 | per_class={0: '0.81', 9: '0.93'}
[C11] n=600 | classes=[0, 1] | acc=0.8533 | per_class={0: '0.85', 1: '0.86'}
  [Client 14] Round 5 | Hier-pFedMe(λ2=35.0, K=3) | loss=0.0467
  [Client 11] Round 5 | Hier-pFedMe(λ2=35.0, K=3) | loss=0.0443
  [Edge 1] G5 | E1 | loss=0.0632
  [Edge 1] G5 | E2 | Hier-pFedMe | Selected 10/10
  [Client 10] Received edge weights.
[C10] Test set: samples=600, class_dist={8: 292, 9: 308}
  [Client 12] Received edge weights.
[C12] Test set: samples=600, class_dist={1: 308, 8: 292}
  [Client 19] Received edge weights.
[C19] Test set: samples=600, class_dist={0: 286, 9: 314}
  [Client 15] Received edge weights.
[C15] Test set: samples=600, class_dist={0: 305, 8: 295}
  [Client 14] Received edge weights.
[C14] Test set: samples=600, class_dist={0: 307, 9: 293}
  [Client 13] Received edge weights.
[C13] Test set: samples=600, class_dist={0: 311, 8: 289}
  [Client 16] Received edge weights.
[C16] Test set: samples=600, class_dist={1: 291, 8: 309}
  [Client 11] Received edge weights.
[C11] Test set: samples=600, class_dist={0: 300, 1: 300}
  [Client 17] Received edge weights.
[C17] Test set: samples=600, class_dist={1: 289, 9: 311}
  [Client 18] Received edge weights.
[C18] Test set: samples=600, class_dist={1: 314, 9: 286}
  [Client 15] Starting Hier-pFedMe | λ2=35.0, η2=0.02, inner_steps=3, epochs=1, batches/epoch=113
  [Client 19] Starting Hier-pFedMe | λ2=35.0, η2=0.02, inner_steps=3, epochs=1, batches/epoch=113
  [Client 12] Starting Hier-pFedMe | λ2=35.0, η2=0.02, inner_steps=3, epochs=1, batches/epoch=113
  [Client 10] Starting Hier-pFedMe | λ2=35.0, η2=0.02, inner_steps=3, epochs=1, batches/epoch=113
[C19] eval model[0] mean=0.001584 | edge mean=0.001584
[C10] eval model[0] mean=0.001584 | edge mean=0.001584
[C15] eval model[0] mean=0.001584 | edge mean=0.001584
[C12] eval model[0] mean=0.001584 | edge mean=0.001584
[C12] n=600 | classes=[1, 8] | acc=0.7133 | per_class={1: '0.71', 8: '0.72'}
[C10] n=600 | classes=[8, 9] | acc=0.6700 | per_class={8: '0.74', 9: '0.60'}
[C19] n=600 | classes=[0, 9] | acc=0.6517 | per_class={0: '0.70', 9: '0.61'}
[C15] n=600 | classes=[0, 8] | acc=0.7033 | per_class={0: '0.75', 8: '0.65'}
[C12] eval model[0] mean=0.002207 | edge mean=0.001584
[C10] eval model[0] mean=0.001174 | edge mean=0.001584
[C19] eval model[0] mean=0.001433 | edge mean=0.001584
[C15] eval model[0] mean=0.001408 | edge mean=0.001584
[C12] n=600 | classes=[1, 8] | acc=0.8600 | per_class={1: '0.87', 8: '0.85'}
[C10] n=600 | classes=[8, 9] | acc=0.8583 | per_class={8: '0.94', 9: '0.78'}
  [Client 12] Round 5 | Hier-pFedMe(λ2=35.0, K=3) | loss=0.0410
[C19] n=600 | classes=[0, 9] | acc=0.8633 | per_class={0: '0.91', 9: '0.82'}
  [Client 14] Starting Hier-pFedMe | λ2=35.0, η2=0.02, inner_steps=3, epochs=1, batches/epoch=113
  [Client 10] Round 5 | Hier-pFedMe(λ2=35.0, K=3) | loss=0.0352
[C15] n=600 | classes=[0, 8] | acc=0.7983 | per_class={0: '0.80', 8: '0.79'}
[C14] eval model[0] mean=0.001584 | edge mean=0.001584
  [Client 13] Starting Hier-pFedMe | λ2=35.0, η2=0.02, inner_steps=3, epochs=1, batches/epoch=113
[C13] eval model[0] mean=0.001584 | edge mean=0.001584
  [Client 19] Round 5 | Hier-pFedMe(λ2=35.0, K=3) | loss=0.0458
  [Client 15] Round 5 | Hier-pFedMe(λ2=35.0, K=3) | loss=0.0910  [Client 16] Starting Hier-pFedMe | λ2=35.0, η2=0.02, inner_steps=3, epochs=1, batches/epoch=113

  [Client 11] Starting Hier-pFedMe | λ2=35.0, η2=0.02, inner_steps=3, epochs=1, batches/epoch=113
[C16] eval model[0] mean=0.001584 | edge mean=0.001584
[C11] eval model[0] mean=0.001584 | edge mean=0.001584
[C13] n=600 | classes=[0, 8] | acc=0.7117 | per_class={0: '0.70', 8: '0.72'}
[C14] n=600 | classes=[0, 9] | acc=0.6717 | per_class={0: '0.71', 9: '0.63'}
[C16] n=600 | classes=[1, 8] | acc=0.7167 | per_class={1: '0.71', 8: '0.72'}
[C11] n=600 | classes=[0, 1] | acc=0.6717 | per_class={0: '0.65', 1: '0.70'}
[C14] eval model[0] mean=0.001364 | edge mean=0.001584
[C13] eval model[0] mean=0.001356 | edge mean=0.001584
[C16] eval model[0] mean=0.001331 | edge mean=0.001584
[C11] eval model[0] mean=0.001160 | edge mean=0.001584
[C14] n=600 | classes=[0, 9] | acc=0.8567 | per_class={0: '0.94', 9: '0.76'}
[C16] n=600 | classes=[1, 8] | acc=0.8817 | per_class={1: '0.88', 8: '0.88'}
[C11] n=600 | classes=[0, 1] | acc=0.8517 | per_class={0: '0.86', 1: '0.85'}
  [Client 14] Round 5 | Hier-pFedMe(λ2=35.0, K=3) | loss=0.0472
[C13] n=600 | classes=[0, 8] | acc=0.7933 | per_class={0: '0.74', 8: '0.85'}
  [Client 17] Starting Hier-pFedMe | λ2=35.0, η2=0.02, inner_steps=3, epochs=1, batches/epoch=113
  [Client 16] Round 5 | Hier-pFedMe(λ2=35.0, K=3) | loss=0.0385
[C17] eval model[0] mean=0.001584 | edge mean=0.001584
  [Client 11] Round 5 | Hier-pFedMe(λ2=35.0, K=3) | loss=0.0408  [Client 18] Starting Hier-pFedMe | λ2=35.0, η2=0.02, inner_steps=3, epochs=1, batches/epoch=113

[C18] eval model[0] mean=0.001584 | edge mean=0.001584
  [Client 13] Round 5 | Hier-pFedMe(λ2=35.0, K=3) | loss=0.0781
[C17] n=600 | classes=[1, 9] | acc=0.6517 | per_class={1: '0.69', 9: '0.61'}
[C18] n=600 | classes=[1, 9] | acc=0.6600 | per_class={1: '0.75', 9: '0.56'}
[C17] eval model[0] mean=0.001992 | edge mean=0.001584
[C18] eval model[0] mean=0.001745 | edge mean=0.001584
[C17] n=600 | classes=[1, 9] | acc=0.6850 | per_class={1: '0.83', 9: '0.55'}
[C18] n=600 | classes=[1, 9] | acc=0.7483 | per_class={1: '0.64', 9: '0.87'}
  [Client 17] Round 5 | Hier-pFedMe(λ2=35.0, K=3) | loss=0.0853
  [Client 18] Round 5 | Hier-pFedMe(λ2=35.0, K=3) | loss=0.0815
  [Edge 1] G5 | E2 | loss=0.0584
  [Edge 1] G5 | E3 | Hier-pFedMe | Selected 10/10
  [Client 15] Received edge weights.
[C15] Test set: samples=600, class_dist={0: 305, 8: 295}
  [Client 14] Received edge weights.
[C14] Test set: samples=600, class_dist={0: 307, 9: 293}
  [Client 17] Received edge weights.
[C17] Test set: samples=600, class_dist={1: 289, 9: 311}
  [Client 16] Received edge weights.
[C16] Test set: samples=600, class_dist={1: 291, 8: 309}
  [Client 10] Received edge weights.
[C10] Test set: samples=600, class_dist={8: 292, 9: 308}
  [Client 19] Received edge weights.
[C19] Test set: samples=600, class_dist={0: 286, 9: 314}
  [Client 12] Received edge weights.
[C12] Test set: samples=600, class_dist={1: 308, 8: 292}
  [Client 13] Received edge weights.
[C13] Test set: samples=600, class_dist={0: 311, 8: 289}
  [Client 11] Received edge weights.
[C11] Test set: samples=600, class_dist={0: 300, 1: 300}
  [Client 18] Received edge weights.
[C18] Test set: samples=600, class_dist={1: 314, 9: 286}
  [Client 15] Starting Hier-pFedMe | λ2=35.0, η2=0.02, inner_steps=3, epochs=1, batches/epoch=113
  [Client 14] Starting Hier-pFedMe | λ2=35.0, η2=0.02, inner_steps=3, epochs=1, batches/epoch=113
  [Client 17] Starting Hier-pFedMe | λ2=35.0, η2=0.02, inner_steps=3, epochs=1, batches/epoch=113
  [Client 16] Starting Hier-pFedMe | λ2=35.0, η2=0.02, inner_steps=3, epochs=1, batches/epoch=113
[C14] eval model[0] mean=0.001637 | edge mean=0.001637[C15] eval model[0] mean=0.001637 | edge mean=0.001637

[C17] eval model[0] mean=0.001637 | edge mean=0.001637
[C16] eval model[0] mean=0.001637 | edge mean=0.001637
[C16] n=600 | classes=[1, 8] | acc=0.7150 | per_class={1: '0.70', 8: '0.73'}
[C15] n=600 | classes=[0, 8] | acc=0.7383 | per_class={0: '0.78', 8: '0.69'}
[C14] n=600 | classes=[0, 9] | acc=0.6900 | per_class={0: '0.77', 9: '0.60'}
[C17] n=600 | classes=[1, 9] | acc=0.6383 | per_class={1: '0.69', 9: '0.59'}
[C14] eval model[0] mean=0.001458 | edge mean=0.001637
[C16] eval model[0] mean=0.001467 | edge mean=0.001637
[C15] eval model[0] mean=0.001108 | edge mean=0.001637
[C17] eval model[0] mean=0.001460 | edge mean=0.001637
[C14] n=600 | classes=[0, 9] | acc=0.8783 | per_class={0: '0.91', 9: '0.85'}
[C16] n=600 | classes=[1, 8] | acc=0.8650 | per_class={1: '0.88', 8: '0.85'}
[C17] n=600 | classes=[1, 9] | acc=0.7617 | per_class={1: '0.68', 9: '0.84'}
  [Client 14] Round 5 | Hier-pFedMe(λ2=35.0, K=3) | loss=0.0431
  [Client 16] Round 5 | Hier-pFedMe(λ2=35.0, K=3) | loss=0.0438
  [Client 10] Starting Hier-pFedMe | λ2=35.0, η2=0.02, inner_steps=3, epochs=1, batches/epoch=113
[C15] n=600 | classes=[0, 8] | acc=0.7983 | per_class={0: '0.81', 8: '0.78'}
  [Client 19] Starting Hier-pFedMe | λ2=35.0, η2=0.02, inner_steps=3, epochs=1, batches/epoch=113
[C10] eval model[0] mean=0.001637 | edge mean=0.001637
[C19] eval model[0] mean=0.001637 | edge mean=0.001637
  [Client 17] Round 5 | Hier-pFedMe(λ2=35.0, K=3) | loss=0.0691
  [Client 12] Starting Hier-pFedMe | λ2=35.0, η2=0.02, inner_steps=3, epochs=1, batches/epoch=113
[C12] eval model[0] mean=0.001637 | edge mean=0.001637
  [Client 15] Round 5 | Hier-pFedMe(λ2=35.0, K=3) | loss=0.0849
  [Client 13] Starting Hier-pFedMe | λ2=35.0, η2=0.02, inner_steps=3, epochs=1, batches/epoch=113
[C13] eval model[0] mean=0.001637 | edge mean=0.001637
[C12] n=600 | classes=[1, 8] | acc=0.7067 | per_class={1: '0.69', 8: '0.73'}
[C10] n=600 | classes=[8, 9] | acc=0.6583 | per_class={8: '0.73', 9: '0.59'}
[C19] n=600 | classes=[0, 9] | acc=0.6650 | per_class={0: '0.73', 9: '0.61'}
[C13] n=600 | classes=[0, 8] | acc=0.7500 | per_class={0: '0.76', 8: '0.74'}
[C10] eval model[0] mean=0.001510 | edge mean=0.001637
[C12] eval model[0] mean=0.002457 | edge mean=0.001637
[C19] eval model[0] mean=0.001242 | edge mean=0.001637
[C13] eval model[0] mean=0.000692 | edge mean=0.001637
[C10] n=600 | classes=[8, 9] | acc=0.8817 | per_class={8: '0.93', 9: '0.84'}
  [Client 10] Round 5 | Hier-pFedMe(λ2=35.0, K=3) | loss=0.0459
  [Client 11] Starting Hier-pFedMe | λ2=35.0, η2=0.02, inner_steps=3, epochs=1, batches/epoch=113
[C11] eval model[0] mean=0.001637 | edge mean=0.001637
[C19] n=600 | classes=[0, 9] | acc=0.8533 | per_class={0: '0.90', 9: '0.81'}
[C12] n=600 | classes=[1, 8] | acc=0.8450 | per_class={1: '0.96', 8: '0.72'}
  [Client 19] Round 5 | Hier-pFedMe(λ2=35.0, K=3) | loss=0.0606
  [Client 18] Starting Hier-pFedMe | λ2=35.0, η2=0.02, inner_steps=3, epochs=1, batches/epoch=113
  [Client 12] Round 5 | Hier-pFedMe(λ2=35.0, K=3) | loss=0.0376
[C18] eval model[0] mean=0.001637 | edge mean=0.001637
[C13] n=600 | classes=[0, 8] | acc=0.7750 | per_class={0: '0.68', 8: '0.87'}
  [Client 13] Round 5 | Hier-pFedMe(λ2=35.0, K=3) | loss=0.0776
[C11] n=600 | classes=[0, 1] | acc=0.6717 | per_class={0: '0.69', 1: '0.66'}
[C18] n=600 | classes=[1, 9] | acc=0.6550 | per_class={1: '0.75', 9: '0.55'}
[C11] eval model[0] mean=0.001222 | edge mean=0.001637
[C18] eval model[0] mean=0.001434 | edge mean=0.001637
[C18] n=600 | classes=[1, 9] | acc=0.7700 | per_class={1: '0.68', 9: '0.86'}
[C11] n=600 | classes=[0, 1] | acc=0.8200 | per_class={0: '0.90', 1: '0.74'}
  [Client 11] Round 5 | Hier-pFedMe(λ2=35.0, K=3) | loss=0.0407
  [Client 18] Round 5 | Hier-pFedMe(λ2=35.0, K=3) | loss=0.0601
  [Edge 1] G5 | E3 | loss=0.0563
  [Edge 1] G5 | E4 | Hier-pFedMe | Selected 10/10
  [Client 12] Received edge weights.
[C12] Test set: samples=600, class_dist={1: 308, 8: 292}
  [Client 13] Received edge weights.
[C13] Test set: samples=600, class_dist={0: 311, 8: 289}
  [Client 10] Received edge weights.
[C10] Test set: samples=600, class_dist={8: 292, 9: 308}
  [Client 11] Received edge weights.
[C11] Test set: samples=600, class_dist={0: 300, 1: 300}
  [Client 14] Received edge weights.
[C14] Test set: samples=600, class_dist={0: 307, 9: 293}
  [Client 16] Received edge weights.
[C16] Test set: samples=600, class_dist={1: 291, 8: 309}
  [Client 19] Received edge weights.
[C19] Test set: samples=600, class_dist={0: 286, 9: 314}
  [Client 15] Received edge weights.
[C15] Test set: samples=600, class_dist={0: 305, 8: 295}
  [Client 17] Received edge weights.
[C17] Test set: samples=600, class_dist={1: 289, 9: 311}
  [Client 18] Received edge weights.
[C18] Test set: samples=600, class_dist={1: 314, 9: 286}
  [Client 12] Starting Hier-pFedMe | λ2=35.0, η2=0.02, inner_steps=3, epochs=1, batches/epoch=113
  [Client 10] Starting Hier-pFedMe | λ2=35.0, η2=0.02, inner_steps=3, epochs=1, batches/epoch=113  [Client 11] Starting Hier-pFedMe | λ2=35.0, η2=0.02, inner_steps=3, epochs=1, batches/epoch=113

  [Client 13] Starting Hier-pFedMe | λ2=35.0, η2=0.02, inner_steps=3, epochs=1, batches/epoch=113
[C12] eval model[0] mean=0.001423 | edge mean=0.001423
[C10] eval model[0] mean=0.001423 | edge mean=0.001423
[C13] eval model[0] mean=0.001423 | edge mean=0.001423
[C11] eval model[0] mean=0.001423 | edge mean=0.001423
[C12] n=600 | classes=[1, 8] | acc=0.6833 | per_class={1: '0.67', 8: '0.70'}
[C10] n=600 | classes=[8, 9] | acc=0.7033 | per_class={8: '0.75', 9: '0.66'}
[C11] n=600 | classes=[0, 1] | acc=0.6617 | per_class={0: '0.67', 1: '0.65'}
[C13] n=600 | classes=[0, 8] | acc=0.7200 | per_class={0: '0.73', 8: '0.71'}
[C10] eval model[0] mean=0.001519 | edge mean=0.001423
[C12] eval model[0] mean=0.002065 | edge mean=0.001423
[C13] eval model[0] mean=0.000877 | edge mean=0.001423
[C11] eval model[0] mean=0.000548 | edge mean=0.001423
[C10] n=600 | classes=[8, 9] | acc=0.8883 | per_class={8: '0.84', 9: '0.93'}
  [Client 10] Round 5 | Hier-pFedMe(λ2=35.0, K=3) | loss=0.0397
[C11] n=600 | classes=[0, 1] | acc=0.8517 | per_class={0: '0.88', 1: '0.83'}
[C13] n=600 | classes=[0, 8] | acc=0.8167 | per_class={0: '0.74', 8: '0.90'}
  [Client 14] Starting Hier-pFedMe | λ2=35.0, η2=0.02, inner_steps=3, epochs=1, batches/epoch=113
[C14] eval model[0] mean=0.001423 | edge mean=0.001423
[C12] n=600 | classes=[1, 8] | acc=0.8717 | per_class={1: '0.82', 8: '0.92'}
  [Client 13] Round 5 | Hier-pFedMe(λ2=35.0, K=3) | loss=0.0698
  [Client 11] Round 5 | Hier-pFedMe(λ2=35.0, K=3) | loss=0.0306
  [Client 19] Starting Hier-pFedMe | λ2=35.0, η2=0.02, inner_steps=3, epochs=1, batches/epoch=113
  [Client 16] Starting Hier-pFedMe | λ2=35.0, η2=0.02, inner_steps=3, epochs=1, batches/epoch=113
[C19] eval model[0] mean=0.001423 | edge mean=0.001423
[C16] eval model[0] mean=0.001423 | edge mean=0.001423
  [Client 12] Round 5 | Hier-pFedMe(λ2=35.0, K=3) | loss=0.0345
  [Client 15] Starting Hier-pFedMe | λ2=35.0, η2=0.02, inner_steps=3, epochs=1, batches/epoch=113
[C15] eval model[0] mean=0.001423 | edge mean=0.001423
[C19] n=600 | classes=[0, 9] | acc=0.6917 | per_class={0: '0.73', 9: '0.66'}
[C14] n=600 | classes=[0, 9] | acc=0.7167 | per_class={0: '0.74', 9: '0.70'}
[C15] n=600 | classes=[0, 8] | acc=0.7317 | per_class={0: '0.77', 8: '0.69'}
[C16] n=600 | classes=[1, 8] | acc=0.7050 | per_class={1: '0.67', 8: '0.74'}
[C19] eval model[0] mean=0.001241 | edge mean=0.001423
[C14] eval model[0] mean=0.001066 | edge mean=0.001423
[C15] eval model[0] mean=0.001003 | edge mean=0.001423
[C16] eval model[0] mean=0.001346 | edge mean=0.001423
[C14] n=600 | classes=[0, 9] | acc=0.8767 | per_class={0: '0.91', 9: '0.85'}
  [Client 14] Round 5 | Hier-pFedMe(λ2=35.0, K=3) | loss=0.0564
  [Client 17] Starting Hier-pFedMe | λ2=35.0, η2=0.02, inner_steps=3, epochs=1, batches/epoch=113
[C15] n=600 | classes=[0, 8] | acc=0.7833 | per_class={0: '0.80', 8: '0.77'}
[C19] n=600 | classes=[0, 9] | acc=0.8533 | per_class={0: '0.76', 9: '0.94'}
[C17] eval model[0] mean=0.001423 | edge mean=0.001423
[C16] n=600 | classes=[1, 8] | acc=0.8550 | per_class={1: '0.83', 8: '0.88'}
  [Client 15] Round 5 | Hier-pFedMe(λ2=35.0, K=3) | loss=0.0842
  [Client 19] Round 5 | Hier-pFedMe(λ2=35.0, K=3) | loss=0.0449
  [Client 18] Starting Hier-pFedMe | λ2=35.0, η2=0.02, inner_steps=3, epochs=1, batches/epoch=113
  [Client 16] Round 5 | Hier-pFedMe(λ2=35.0, K=3) | loss=0.0403
[C18] eval model[0] mean=0.001423 | edge mean=0.001423
[C17] n=600 | classes=[1, 9] | acc=0.6633 | per_class={1: '0.67', 9: '0.65'}
[C18] n=600 | classes=[1, 9] | acc=0.6617 | per_class={1: '0.72', 9: '0.59'}
[C17] eval model[0] mean=0.001675 | edge mean=0.001423
[C18] eval model[0] mean=0.002026 | edge mean=0.001423
[C17] n=600 | classes=[1, 9] | acc=0.7300 | per_class={1: '0.80', 9: '0.67'}
  [Client 17] Round 5 | Hier-pFedMe(λ2=35.0, K=3) | loss=0.0821
[C18] n=600 | classes=[1, 9] | acc=0.7833 | per_class={1: '0.77', 9: '0.80'}
  [Client 18] Round 5 | Hier-pFedMe(λ2=35.0, K=3) | loss=0.0719
  [Edge 1] G5 | E4 | loss=0.0554
  [Edge 1] G5 | E5 | Hier-pFedMe | Selected 10/10
  [Client 12] Received edge weights.
[C12] Test set: samples=600, class_dist={1: 308, 8: 292}
  [Client 13] Received edge weights.
[C13] Test set: samples=600, class_dist={0: 311, 8: 289}
  [Client 17] Received edge weights.
[C17] Test set: samples=600, class_dist={1: 289, 9: 311}
  [Client 16] Received edge weights.
[C16] Test set: samples=600, class_dist={1: 291, 8: 309}
  [Client 19] Received edge weights.
[C19] Test set: samples=600, class_dist={0: 286, 9: 314}
  [Client 10] Received edge weights.
[C10] Test set: samples=600, class_dist={8: 292, 9: 308}
  [Client 18] Received edge weights.
[C18] Test set: samples=600, class_dist={1: 314, 9: 286}
  [Client 14] Received edge weights.
[C14] Test set: samples=600, class_dist={0: 307, 9: 293}
  [Client 11] Received edge weights.
[C11] Test set: samples=600, class_dist={0: 300, 1: 300}
  [Client 15] Received edge weights.
[C15] Test set: samples=600, class_dist={0: 305, 8: 295}
  [Client 16] Starting Hier-pFedMe | λ2=35.0, η2=0.02, inner_steps=3, epochs=1, batches/epoch=113
  [Client 17] Starting Hier-pFedMe | λ2=35.0, η2=0.02, inner_steps=3, epochs=1, batches/epoch=113
  [Client 12] Starting Hier-pFedMe | λ2=35.0, η2=0.02, inner_steps=3, epochs=1, batches/epoch=113  [Client 13] Starting Hier-pFedMe | λ2=35.0, η2=0.02, inner_steps=3, epochs=1, batches/epoch=113

[C13] eval model[0] mean=0.001380 | edge mean=0.001380
[C16] eval model[0] mean=0.001380 | edge mean=0.001380
[C17] eval model[0] mean=0.001380 | edge mean=0.001380
[C12] eval model[0] mean=0.001380 | edge mean=0.001380
[C16] n=600 | classes=[1, 8] | acc=0.7083 | per_class={1: '0.68', 8: '0.73'}
[C17] n=600 | classes=[1, 9] | acc=0.6717 | per_class={1: '0.66', 9: '0.68'}
[C12] n=600 | classes=[1, 8] | acc=0.6950 | per_class={1: '0.67', 8: '0.72'}
[C13] n=600 | classes=[0, 8] | acc=0.7517 | per_class={0: '0.75', 8: '0.75'}
[C16] eval model[0] mean=0.001125 | edge mean=0.001380
[C17] eval model[0] mean=0.001414 | edge mean=0.001380
[C13] eval model[0] mean=0.000570 | edge mean=0.001380
[C12] eval model[0] mean=0.001977 | edge mean=0.001380
[C16] n=600 | classes=[1, 8] | acc=0.8733 | per_class={1: '0.93', 8: '0.82'}
[C17] n=600 | classes=[1, 9] | acc=0.6967 | per_class={1: '0.90', 9: '0.50'}
  [Client 16] Round 5 | Hier-pFedMe(λ2=35.0, K=3) | loss=0.0415
  [Client 19] Starting Hier-pFedMe | λ2=35.0, η2=0.02, inner_steps=3, epochs=1, batches/epoch=113
[C13] n=600 | classes=[0, 8] | acc=0.8100 | per_class={0: '0.70', 8: '0.92'}
  [Client 17] Round 5 | Hier-pFedMe(λ2=35.0, K=3) | loss=0.0680
[C19] eval model[0] mean=0.001380 | edge mean=0.001380
[C12] n=600 | classes=[1, 8] | acc=0.8700 | per_class={1: '0.83', 8: '0.91'}
  [Client 10] Starting Hier-pFedMe | λ2=35.0, η2=0.02, inner_steps=3, epochs=1, batches/epoch=113
[C10] eval model[0] mean=0.001380 | edge mean=0.001380
  [Client 13] Round 5 | Hier-pFedMe(λ2=35.0, K=3) | loss=0.0640
  [Client 18] Starting Hier-pFedMe | λ2=35.0, η2=0.02, inner_steps=3, epochs=1, batches/epoch=113
  [Client 12] Round 5 | Hier-pFedMe(λ2=35.0, K=3) | loss=0.0467
  [Client 14] Starting Hier-pFedMe | λ2=35.0, η2=0.02, inner_steps=3, epochs=1, batches/epoch=113
[C18] eval model[0] mean=0.001380 | edge mean=0.001380
[C14] eval model[0] mean=0.001380 | edge mean=0.001380
[C10] n=600 | classes=[8, 9] | acc=0.7033 | per_class={8: '0.72', 9: '0.69'}
[C19] n=600 | classes=[0, 9] | acc=0.7150 | per_class={0: '0.73', 9: '0.70'}
[C14] n=600 | classes=[0, 9] | acc=0.7367 | per_class={0: '0.76', 9: '0.72'}
[C18] n=600 | classes=[1, 9] | acc=0.6550 | per_class={1: '0.68', 9: '0.62'}
[C10] eval model[0] mean=0.000829 | edge mean=0.001380
[C19] eval model[0] mean=0.000784 | edge mean=0.001380
[C18] eval model[0] mean=0.001417 | edge mean=0.001380
[C14] eval model[0] mean=0.001088 | edge mean=0.001380
[C10] n=600 | classes=[8, 9] | acc=0.8833 | per_class={8: '0.86', 9: '0.91'}
  [Client 10] Round 5 | Hier-pFedMe(λ2=35.0, K=3) | loss=0.0380
  [Client 11] Starting Hier-pFedMe | λ2=35.0, η2=0.02, inner_steps=3, epochs=1, batches/epoch=113
[C11] eval model[0] mean=0.001380 | edge mean=0.001380
[C18] n=600 | classes=[1, 9] | acc=0.7367 | per_class={1: '0.95', 9: '0.50'}
[C14] n=600 | classes=[0, 9] | acc=0.8417 | per_class={0: '0.72', 9: '0.97'}
  [Client 18] Round 5 | Hier-pFedMe(λ2=35.0, K=3) | loss=0.0741
[C19] n=600 | classes=[0, 9] | acc=0.8333 | per_class={0: '0.89', 9: '0.78'}
  [Client 15] Starting Hier-pFedMe | λ2=35.0, η2=0.02, inner_steps=3, epochs=1, batches/epoch=113
  [Client 14] Round 5 | Hier-pFedMe(λ2=35.0, K=3) | loss=0.0392
[C15] eval model[0] mean=0.001380 | edge mean=0.001380
  [Client 19] Round 5 | Hier-pFedMe(λ2=35.0, K=3) | loss=0.0334
[C11] n=600 | classes=[0, 1] | acc=0.6633 | per_class={0: '0.69', 1: '0.64'}
[C15] n=600 | classes=[0, 8] | acc=0.7333 | per_class={0: '0.76', 8: '0.71'}
[C11] eval model[0] mean=0.000702 | edge mean=0.001380
[C15] eval model[0] mean=0.001321 | edge mean=0.001380
[C11] n=600 | classes=[0, 1] | acc=0.8333 | per_class={0: '0.81', 1: '0.85'}
  [Client 11] Round 5 | Hier-pFedMe(λ2=35.0, K=3) | loss=0.0348
[C15] n=600 | classes=[0, 8] | acc=0.7933 | per_class={0: '0.79', 8: '0.80'}
  [Client 15] Round 5 | Hier-pFedMe(λ2=35.0, K=3) | loss=0.0750
  [Edge 1] G5 | E5 | loss=0.0515
[C0] eval model[0] mean=0.004187 | edge mean=0.003083
[C0] n=1000 | classes=[3, 6] | acc=0.7960 | per_class={3: '0.85', 6: '0.74'}
[C1] eval model[0] mean=0.002967 | edge mean=0.003083
[C1] n=1000 | classes=[3, 6] | acc=0.8010 | per_class={3: '0.73', 6: '0.87'}
[C2] eval model[0] mean=0.003396 | edge mean=0.003083
[C2] n=1000 | classes=[2, 5] | acc=0.7610 | per_class={2: '0.78', 5: '0.74'}
[C3] eval model[0] mean=0.002905 | edge mean=0.003083
[C3] n=1000 | classes=[5, 7] | acc=0.8180 | per_class={5: '0.85', 7: '0.78'}
[C4] eval model[0] mean=0.002746 | edge mean=0.003083
[C4] n=1000 | classes=[2, 7] | acc=0.8290 | per_class={2: '0.74', 7: '0.92'}
[C5] eval model[0] mean=0.003074 | edge mean=0.003083
[C5] n=1000 | classes=[2, 4] | acc=0.7180 | per_class={2: '0.71', 4: '0.73'}
[C6] eval model[0] mean=0.003316 | edge mean=0.003083
[C6] n=1000 | classes=[6, 7] | acc=0.9090 | per_class={6: '0.95', 7: '0.87'}
[C7] eval model[0] mean=0.002513 | edge mean=0.003083
[C7] n=1000 | classes=[3, 5] | acc=0.6690 | per_class={3: '0.60', 5: '0.73'}
[C8] eval model[0] mean=0.002742 | edge mean=0.003083
[C8] n=500 | classes=[4] | acc=1.0000 | per_class={4: '1.00'}
[C9] eval model[0] mean=0.002847 | edge mean=0.003083
[C9] n=500 | classes=[4] | acc=1.0000 | per_class={4: '1.00'}
[C10] eval model[0] mean=0.000843 | edge mean=0.001380
[C10] n=600 | classes=[8, 9] | acc=0.8883 | per_class={8: '0.88', 9: '0.90'}
[C11] eval model[0] mean=0.000676 | edge mean=0.001380
[C11] n=600 | classes=[0, 1] | acc=0.8367 | per_class={0: '0.83', 1: '0.85'}
[C12] eval model[0] mean=0.001984 | edge mean=0.001380
[C12] n=600 | classes=[1, 8] | acc=0.8733 | per_class={1: '0.84', 8: '0.90'}
[C13] eval model[0] mean=0.000595 | edge mean=0.001380
[C13] n=600 | classes=[0, 8] | acc=0.8083 | per_class={0: '0.72', 8: '0.90'}
[C14] eval model[0] mean=0.001062 | edge mean=0.001380
[C14] n=600 | classes=[0, 9] | acc=0.8550 | per_class={0: '0.76', 9: '0.95'}
[C15] eval model[0] mean=0.001254 | edge mean=0.001380
[C15] n=600 | classes=[0, 8] | acc=0.8033 | per_class={0: '0.80', 8: '0.80'}
[C16] eval model[0] mean=0.001182 | edge mean=0.001380
[C16] n=600 | classes=[1, 8] | acc=0.8883 | per_class={1: '0.93', 8: '0.85'}
[C17] eval model[0] mean=0.001388 | edge mean=0.001380
[C17] n=600 | classes=[1, 9] | acc=0.7300 | per_class={1: '0.89', 9: '0.58'}
[C18] eval model[0] mean=0.001470 | edge mean=0.001380
[C18] n=600 | classes=[1, 9] | acc=0.7650 | per_class={1: '0.92', 9: '0.59'}
[C19] eval model[0] mean=0.000775 | edge mean=0.001380
[C19] n=600 | classes=[0, 9] | acc=0.8367 | per_class={0: '0.89', 9: '0.79'}
  [Cloud] GM=0.3963 | EM=0.5739 PM=0.8181 | loss=1.7630 | time=131.7s | comm=683.7MB (total=3418MB)

[Round   6] Broadcasting to 2 edges...
  [Edge 0] W_n reset to global weights for new round.
  [Edge 1] W_n reset to global weights for new round.
  [Edge 0] G6 | E1 | Hier-pFedMe | Selected 10/10
  [Client  9] Received edge weights.
[C9] Test set: samples=500, class_dist={4: 500}
  [Client  5] Received edge weights.
[C5] Test set: samples=1000, class_dist={2: 510, 4: 490}
  [Client  3] Received edge weights.
[C3] Test set: samples=1000, class_dist={5: 506, 7: 494}
  [Client  4] Received edge weights.
[C4] Test set: samples=1000, class_dist={2: 507, 7: 493}
  [Client  6] Received edge weights.
[C6] Test set: samples=1000, class_dist={6: 493, 7: 507}
  [Client  2] Received edge weights.
[C2] Test set: samples=1000, class_dist={2: 507, 5: 493}
  [Client  0] Received edge weights.
[C0] Test set: samples=1000, class_dist={3: 511, 6: 489}
  [Client  7] Received edge weights.
[C7] Test set: samples=1000, class_dist={3: 485, 5: 515}
  [Client  8] Received edge weights.
[C8] Test set: samples=500, class_dist={4: 500}
  [Client  1] Received edge weights.
[C1] Test set: samples=1000, class_dist={3: 515, 6: 485}
  [Client  5] Starting Hier-pFedMe | λ2=35.0, η2=0.02, inner_steps=3, epochs=1, batches/epoch=188
  [Client  3] Starting Hier-pFedMe | λ2=35.0, η2=0.02, inner_steps=3, epochs=1, batches/epoch=188  [Client  4] Starting Hier-pFedMe | λ2=35.0, η2=0.02, inner_steps=3, epochs=1, batches/epoch=188
  [Client  9] Starting Hier-pFedMe | λ2=35.0, η2=0.02, inner_steps=3, epochs=1, batches/epoch=94

[C5] eval model[0] mean=0.002140 | edge mean=0.002140
[C9] eval model[0] mean=0.002140 | edge mean=0.002140
[C4] eval model[0] mean=0.002140 | edge mean=0.002140
[C3] eval model[0] mean=0.002140 | edge mean=0.002140
[C9] n=500 | classes=[4] | acc=0.1160 | per_class={4: '0.12'}
[C3] n=1000 | classes=[5, 7] | acc=0.3650 | per_class={5: '0.33', 7: '0.40'}
[C4] n=1000 | classes=[2, 7] | acc=0.2930 | per_class={2: '0.20', 7: '0.39'}
[C5] n=1000 | classes=[2, 4] | acc=0.1410 | per_class={2: '0.18', 4: '0.10'}
[C9] eval model[0] mean=0.001877 | edge mean=0.002140
[C9] n=500 | classes=[4] | acc=1.0000 | per_class={4: '1.00'}
  [Client  9] Round 6 | Hier-pFedMe(λ2=35.0, K=3) | loss=0.0030
  [Client  6] Starting Hier-pFedMe | λ2=35.0, η2=0.02, inner_steps=3, epochs=1, batches/epoch=188
[C6] eval model[0] mean=0.002140 | edge mean=0.002140
[C6] n=1000 | classes=[6, 7] | acc=0.4360 | per_class={6: '0.47', 7: '0.41'}
[C3] eval model[0] mean=0.002906 | edge mean=0.002140
[C4] eval model[0] mean=0.003452 | edge mean=0.002140
[C5] eval model[0] mean=0.003073 | edge mean=0.002140
[C3] n=1000 | classes=[5, 7] | acc=0.7960 | per_class={5: '0.83', 7: '0.76'}[C4] n=1000 | classes=[2, 7] | acc=0.7430 | per_class={2: '0.52', 7: '0.97'}

  [Client  4] Round 6 | Hier-pFedMe(λ2=35.0, K=3) | loss=0.0630  [Client  3] Round 6 | Hier-pFedMe(λ2=35.0, K=3) | loss=0.0713

  [Client  2] Starting Hier-pFedMe | λ2=35.0, η2=0.02, inner_steps=3, epochs=1, batches/epoch=188
  [Client  0] Starting Hier-pFedMe | λ2=35.0, η2=0.02, inner_steps=3, epochs=1, batches/epoch=188
[C2] eval model[0] mean=0.002140 | edge mean=0.002140
[C5] n=1000 | classes=[2, 4] | acc=0.7290 | per_class={2: '0.76', 4: '0.69'}
[C0] eval model[0] mean=0.002140 | edge mean=0.002140
  [Client  5] Round 6 | Hier-pFedMe(λ2=35.0, K=3) | loss=0.1297
  [Client  7] Starting Hier-pFedMe | λ2=35.0, η2=0.02, inner_steps=3, epochs=1, batches/epoch=188
[C7] eval model[0] mean=0.002140 | edge mean=0.002140
[C6] eval model[0] mean=0.003167 | edge mean=0.002140
[C2] n=1000 | classes=[2, 5] | acc=0.2580 | per_class={2: '0.18', 5: '0.34'}
[C0] n=1000 | classes=[3, 6] | acc=0.2690 | per_class={3: '0.07', 6: '0.47'}
[C7] n=1000 | classes=[3, 5] | acc=0.2210 | per_class={3: '0.11', 5: '0.33'}
[C6] n=1000 | classes=[6, 7] | acc=0.8930 | per_class={6: '0.95', 7: '0.84'}
  [Client  6] Round 6 | Hier-pFedMe(λ2=35.0, K=3) | loss=0.0533
  [Client  8] Starting Hier-pFedMe | λ2=35.0, η2=0.02, inner_steps=3, epochs=1, batches/epoch=94
[C8] eval model[0] mean=0.002140 | edge mean=0.002140
[C8] n=500 | classes=[4] | acc=0.0940 | per_class={4: '0.09'}
[C8] eval model[0] mean=0.001860 | edge mean=0.002140
[C2] eval model[0] mean=0.003509 | edge mean=0.002140
[C0] eval model[0] mean=0.003186 | edge mean=0.002140
[C7] eval model[0] mean=0.002898 | edge mean=0.002140
[C8] n=500 | classes=[4] | acc=1.0000 | per_class={4: '1.00'}
  [Client  8] Round 6 | Hier-pFedMe(λ2=35.0, K=3) | loss=0.0030
  [Client  1] Starting Hier-pFedMe | λ2=35.0, η2=0.02, inner_steps=3, epochs=1, batches/epoch=188
[C1] eval model[0] mean=0.002140 | edge mean=0.002140
[C2] n=1000 | classes=[2, 5] | acc=0.7890 | per_class={2: '0.78', 5: '0.80'}
[C0] n=1000 | classes=[3, 6] | acc=0.7620 | per_class={3: '0.62', 6: '0.91'}
  [Client  2] Round 6 | Hier-pFedMe(λ2=35.0, K=3) | loss=0.0851
  [Client  0] Round 6 | Hier-pFedMe(λ2=35.0, K=3) | loss=0.0788
[C7] n=1000 | classes=[3, 5] | acc=0.6570 | per_class={3: '0.49', 5: '0.81'}
  [Client  7] Round 6 | Hier-pFedMe(λ2=35.0, K=3) | loss=0.1111
[C1] n=1000 | classes=[3, 6] | acc=0.3090 | per_class={3: '0.13', 6: '0.50'}
[C1] eval model[0] mean=0.003910 | edge mean=0.002140
[C1] n=1000 | classes=[3, 6] | acc=0.8180 | per_class={3: '0.77', 6: '0.86'}
  [Client  1] Round 6 | Hier-pFedMe(λ2=35.0, K=3) | loss=0.1036
  [Edge 0] G6 | E1 | loss=0.0777
  [Edge 0] G6 | E2 | Hier-pFedMe | Selected 10/10
  [Client  8] Received edge weights.
[C8] Test set: samples=500, class_dist={4: 500}
  [Client  4] Received edge weights.
[C4] Test set: samples=1000, class_dist={2: 507, 7: 493}
  [Client  0] Received edge weights.
[C0] Test set: samples=1000, class_dist={3: 511, 6: 489}
  [Client  7] Received edge weights.
[C7] Test set: samples=1000, class_dist={3: 485, 5: 515}
  [Client  6] Received edge weights.
[C6] Test set: samples=1000, class_dist={6: 493, 7: 507}
  [Client  2] Received edge weights.
[C2] Test set: samples=1000, class_dist={2: 507, 5: 493}
  [Client  1] Received edge weights.
[C1] Test set: samples=1000, class_dist={3: 515, 6: 485}
  [Client  3] Received edge weights.
[C3] Test set: samples=1000, class_dist={5: 506, 7: 494}
  [Client  9] Received edge weights.
[C9] Test set: samples=500, class_dist={4: 500}
  [Client  5] Received edge weights.
[C5] Test set: samples=1000, class_dist={2: 510, 4: 490}
  [Client  7] Starting Hier-pFedMe | λ2=35.0, η2=0.02, inner_steps=3, epochs=1, batches/epoch=188
  [Client  4] Starting Hier-pFedMe | λ2=35.0, η2=0.02, inner_steps=3, epochs=1, batches/epoch=188
  [Client  8] Starting Hier-pFedMe | λ2=35.0, η2=0.02, inner_steps=3, epochs=1, batches/epoch=94
  [Client  0] Starting Hier-pFedMe | λ2=35.0, η2=0.02, inner_steps=3, epochs=1, batches/epoch=188
[C7] eval model[0] mean=0.002983 | edge mean=0.002983
[C8] eval model[0] mean=0.002983 | edge mean=0.002983
[C0] eval model[0] mean=0.002983 | edge mean=0.002983
[C4] eval model[0] mean=0.002983 | edge mean=0.002983
[C8] n=500 | classes=[4] | acc=0.2100 | per_class={4: '0.21'}
[C4] n=1000 | classes=[2, 7] | acc=0.6120 | per_class={2: '0.53', 7: '0.70'}
[C7] n=1000 | classes=[3, 5] | acc=0.4050 | per_class={3: '0.23', 5: '0.57'}
[C0] n=1000 | classes=[3, 6] | acc=0.4100 | per_class={3: '0.22', 6: '0.61'}
[C8] eval model[0] mean=0.002663 | edge mean=0.002983
[C8] n=500 | classes=[4] | acc=1.0000 | per_class={4: '1.00'}
  [Client  8] Round 6 | Hier-pFedMe(λ2=35.0, K=3) | loss=0.0025
  [Client  6] Starting Hier-pFedMe | λ2=35.0, η2=0.02, inner_steps=3, epochs=1, batches/epoch=188
[C6] eval model[0] mean=0.002983 | edge mean=0.002983
[C6] n=1000 | classes=[6, 7] | acc=0.6510 | per_class={6: '0.60', 7: '0.70'}
[C4] eval model[0] mean=0.003318 | edge mean=0.002983
[C7] eval model[0] mean=0.002621 | edge mean=0.002983
[C0] eval model[0] mean=0.003872 | edge mean=0.002983
[C7] n=1000 | classes=[3, 5] | acc=0.6260 | per_class={3: '0.53', 5: '0.71'}
[C4] n=1000 | classes=[2, 7] | acc=0.8370 | per_class={2: '0.79', 7: '0.89'}
[C0] n=1000 | classes=[3, 6] | acc=0.7760 | per_class={3: '0.66', 6: '0.90'}
  [Client  7] Round 6 | Hier-pFedMe(λ2=35.0, K=3) | loss=0.1010
  [Client  4] Round 6 | Hier-pFedMe(λ2=35.0, K=3) | loss=0.0659
  [Client  2] Starting Hier-pFedMe | λ2=35.0, η2=0.02, inner_steps=3, epochs=1, batches/epoch=188
  [Client  0] Round 6 | Hier-pFedMe(λ2=35.0, K=3) | loss=0.0706
  [Client  3] Starting Hier-pFedMe | λ2=35.0, η2=0.02, inner_steps=3, epochs=1, batches/epoch=188
[C2] eval model[0] mean=0.002983 | edge mean=0.002983
  [Client  1] Starting Hier-pFedMe | λ2=35.0, η2=0.02, inner_steps=3, epochs=1, batches/epoch=188
[C1] eval model[0] mean=0.002983 | edge mean=0.002983
[C3] eval model[0] mean=0.002983 | edge mean=0.002983
[C6] eval model[0] mean=0.003882 | edge mean=0.002983
[C2] n=1000 | classes=[2, 5] | acc=0.5280 | per_class={2: '0.52', 5: '0.53'}
[C1] n=1000 | classes=[3, 6] | acc=0.4330 | per_class={3: '0.25', 6: '0.63'}
[C3] n=1000 | classes=[5, 7] | acc=0.6130 | per_class={5: '0.57', 7: '0.66'}
[C6] n=1000 | classes=[6, 7] | acc=0.9110 | per_class={6: '0.90', 7: '0.92'}
  [Client  6] Round 6 | Hier-pFedMe(λ2=35.0, K=3) | loss=0.0554
  [Client  9] Starting Hier-pFedMe | λ2=35.0, η2=0.02, inner_steps=3, epochs=1, batches/epoch=94
[C9] eval model[0] mean=0.002983 | edge mean=0.002983
[C9] n=500 | classes=[4] | acc=0.2580 | per_class={4: '0.26'}
[C9] eval model[0] mean=0.002622 | edge mean=0.002983
[C1] eval model[0] mean=0.003241 | edge mean=0.002983
[C2] eval model[0] mean=0.002249 | edge mean=0.002983
[C3] eval model[0] mean=0.003511 | edge mean=0.002983
[C9] n=500 | classes=[4] | acc=1.0000 | per_class={4: '1.00'}
  [Client  9] Round 6 | Hier-pFedMe(λ2=35.0, K=3) | loss=0.0025
  [Client  5] Starting Hier-pFedMe | λ2=35.0, η2=0.02, inner_steps=3, epochs=1, batches/epoch=188
[C5] eval model[0] mean=0.002983 | edge mean=0.002983
[C1] n=1000 | classes=[3, 6] | acc=0.8250 | per_class={3: '0.82', 6: '0.84'}
  [Client  1] Round 6 | Hier-pFedMe(λ2=35.0, K=3) | loss=0.0856
[C2] n=1000 | classes=[2, 5] | acc=0.7990 | per_class={2: '0.75', 5: '0.85'}
[C3] n=1000 | classes=[5, 7] | acc=0.8140 | per_class={5: '0.84', 7: '0.78'}
  [Client  2] Round 6 | Hier-pFedMe(λ2=35.0, K=3) | loss=0.0885
  [Client  3] Round 6 | Hier-pFedMe(λ2=35.0, K=3) | loss=0.0694
[C5] n=1000 | classes=[2, 4] | acc=0.3700 | per_class={2: '0.51', 4: '0.22'}
[C5] eval model[0] mean=0.003252 | edge mean=0.002983
[C5] n=1000 | classes=[2, 4] | acc=0.7160 | per_class={2: '0.76', 4: '0.67'}
  [Client  5] Round 6 | Hier-pFedMe(λ2=35.0, K=3) | loss=0.1262
  [Edge 0] G6 | E2 | loss=0.0739
  [Edge 0] G6 | E3 | Hier-pFedMe | Selected 10/10
  [Client  5] Received edge weights.
[C5] Test set: samples=1000, class_dist={2: 510, 4: 490}
  [Client  2] Received edge weights.
[C2] Test set: samples=1000, class_dist={2: 507, 5: 493}
  [Client  8] Received edge weights.
[C8] Test set: samples=500, class_dist={4: 500}
  [Client  0] Received edge weights.
[C0] Test set: samples=1000, class_dist={3: 511, 6: 489}
  [Client  9] Received edge weights.
[C9] Test set: samples=500, class_dist={4: 500}
  [Client  1] Received edge weights.
[C1] Test set: samples=1000, class_dist={3: 515, 6: 485}
  [Client  4] Received edge weights.
[C4] Test set: samples=1000, class_dist={2: 507, 7: 493}
  [Client  3] Received edge weights.
[C3] Test set: samples=1000, class_dist={5: 506, 7: 494}
  [Client  6] Received edge weights.
[C6] Test set: samples=1000, class_dist={6: 493, 7: 507}
  [Client  7] Received edge weights.
[C7] Test set: samples=1000, class_dist={3: 485, 5: 515}
  [Client  5] Starting Hier-pFedMe | λ2=35.0, η2=0.02, inner_steps=3, epochs=1, batches/epoch=188  [Client  0] Starting Hier-pFedMe | λ2=35.0, η2=0.02, inner_steps=3, epochs=1, batches/epoch=188
  [Client  2] Starting Hier-pFedMe | λ2=35.0, η2=0.02, inner_steps=3, epochs=1, batches/epoch=188

  [Client  8] Starting Hier-pFedMe | λ2=35.0, η2=0.02, inner_steps=3, epochs=1, batches/epoch=94
[C8] eval model[0] mean=0.002948 | edge mean=0.002948
[C0] eval model[0] mean=0.002948 | edge mean=0.002948
[C5] eval model[0] mean=0.002948 | edge mean=0.002948
[C2] eval model[0] mean=0.002948 | edge mean=0.002948
[C8] n=500 | classes=[4] | acc=0.2080 | per_class={4: '0.21'}
[C0] n=1000 | classes=[3, 6] | acc=0.3940 | per_class={3: '0.22', 6: '0.58'}
[C2] n=1000 | classes=[2, 5] | acc=0.5420 | per_class={2: '0.55', 5: '0.54'}
[C5] n=1000 | classes=[2, 4] | acc=0.3740 | per_class={2: '0.52', 4: '0.22'}
[C8] eval model[0] mean=0.002681 | edge mean=0.002948
[C8] n=500 | classes=[4] | acc=1.0000 | per_class={4: '1.00'}
  [Client  8] Round 6 | Hier-pFedMe(λ2=35.0, K=3) | loss=0.0023
  [Client  9] Starting Hier-pFedMe | λ2=35.0, η2=0.02, inner_steps=3, epochs=1, batches/epoch=94
[C9] eval model[0] mean=0.002948 | edge mean=0.002948
[C9] n=500 | classes=[4] | acc=0.2580 | per_class={4: '0.26'}
[C0] eval model[0] mean=0.003430 | edge mean=0.002948
[C2] eval model[0] mean=0.003169 | edge mean=0.002948
[C5] eval model[0] mean=0.002913 | edge mean=0.002948
[C9] eval model[0] mean=0.002650 | edge mean=0.002948
[C9] n=500 | classes=[4] | acc=1.0000 | per_class={4: '1.00'}
  [Client  9] Round 6 | Hier-pFedMe(λ2=35.0, K=3) | loss=0.0023
  [Client  1] Starting Hier-pFedMe | λ2=35.0, η2=0.02, inner_steps=3, epochs=1, batches/epoch=188
[C1] eval model[0] mean=0.002948 | edge mean=0.002948
[C2] n=1000 | classes=[2, 5] | acc=0.7810 | per_class={2: '0.86', 5: '0.70'}
[C0] n=1000 | classes=[3, 6] | acc=0.7890 | per_class={3: '0.74', 6: '0.84'}
  [Client  2] Round 6 | Hier-pFedMe(λ2=35.0, K=3) | loss=0.0873
  [Client  4] Starting Hier-pFedMe | λ2=35.0, η2=0.02, inner_steps=3, epochs=1, batches/epoch=188
  [Client  0] Round 6 | Hier-pFedMe(λ2=35.0, K=3) | loss=0.0682
[C4] eval model[0] mean=0.002948 | edge mean=0.002948
  [Client  3] Starting Hier-pFedMe | λ2=35.0, η2=0.02, inner_steps=3, epochs=1, batches/epoch=188
[C3] eval model[0] mean=0.002948 | edge mean=0.002948
[C5] n=1000 | classes=[2, 4] | acc=0.6890 | per_class={2: '0.53', 4: '0.85'}
  [Client  5] Round 6 | Hier-pFedMe(λ2=35.0, K=3) | loss=0.1190
  [Client  6] Starting Hier-pFedMe | λ2=35.0, η2=0.02, inner_steps=3, epochs=1, batches/epoch=188
[C6] eval model[0] mean=0.002948 | edge mean=0.002948
[C1] n=1000 | classes=[3, 6] | acc=0.4230 | per_class={3: '0.25', 6: '0.61'}
[C3] n=1000 | classes=[5, 7] | acc=0.6160 | per_class={5: '0.56', 7: '0.68'}
[C4] n=1000 | classes=[2, 7] | acc=0.6350 | per_class={2: '0.56', 7: '0.71'}
[C6] n=1000 | classes=[6, 7] | acc=0.6460 | per_class={6: '0.57', 7: '0.72'}
[C1] eval model[0] mean=0.003612 | edge mean=0.002948
[C3] eval model[0] mean=0.003144 | edge mean=0.002948
[C4] eval model[0] mean=0.003396 | edge mean=0.002948
[C6] eval model[0] mean=0.003517 | edge mean=0.002948
[C1] n=1000 | classes=[3, 6] | acc=0.8350 | per_class={3: '0.84', 6: '0.82'}
  [Client  1] Round 6 | Hier-pFedMe(λ2=35.0, K=3) | loss=0.0833
  [Client  7] Starting Hier-pFedMe | λ2=35.0, η2=0.02, inner_steps=3, epochs=1, batches/epoch=188
[C7] eval model[0] mean=0.002948 | edge mean=0.002948
[C3] n=1000 | classes=[5, 7] | acc=0.8140 | per_class={5: '0.83', 7: '0.80'}
  [Client  3] Round 6 | Hier-pFedMe(λ2=35.0, K=3) | loss=0.0593
[C4] n=1000 | classes=[2, 7] | acc=0.8240 | per_class={2: '0.78', 7: '0.87'}
[C6] n=1000 | classes=[6, 7] | acc=0.9240 | per_class={6: '0.94', 7: '0.91'}
  [Client  4] Round 6 | Hier-pFedMe(λ2=35.0, K=3) | loss=0.0675
  [Client  6] Round 6 | Hier-pFedMe(λ2=35.0, K=3) | loss=0.0453
[C7] n=1000 | classes=[3, 5] | acc=0.4100 | per_class={3: '0.22', 5: '0.58'}
[C7] eval model[0] mean=0.002649 | edge mean=0.002948
[C7] n=1000 | classes=[3, 5] | acc=0.6680 | per_class={3: '0.73', 5: '0.61'}
  [Client  7] Round 6 | Hier-pFedMe(λ2=35.0, K=3) | loss=0.0929
  [Edge 0] G6 | E3 | loss=0.0694
  [Edge 0] G6 | E4 | Hier-pFedMe | Selected 10/10
  [Client  2] Received edge weights.
[C2] Test set: samples=1000, class_dist={2: 507, 5: 493}
  [Client  6] Received edge weights.
[C6] Test set: samples=1000, class_dist={6: 493, 7: 507}
  [Client  8] Received edge weights.
[C8] Test set: samples=500, class_dist={4: 500}
  [Client  0] Received edge weights.
[C0] Test set: samples=1000, class_dist={3: 511, 6: 489}
  [Client  1] Received edge weights.
[C1] Test set: samples=1000, class_dist={3: 515, 6: 485}
  [Client  3] Received edge weights.
[C3] Test set: samples=1000, class_dist={5: 506, 7: 494}
  [Client  4] Received edge weights.
[C4] Test set: samples=1000, class_dist={2: 507, 7: 493}
  [Client  5] Received edge weights.
[C5] Test set: samples=1000, class_dist={2: 510, 4: 490}
  [Client  7] Received edge weights.
[C7] Test set: samples=1000, class_dist={3: 485, 5: 515}
  [Client  9] Received edge weights.
[C9] Test set: samples=500, class_dist={4: 500}
  [Client  2] Starting Hier-pFedMe | λ2=35.0, η2=0.02, inner_steps=3, epochs=1, batches/epoch=188
  [Client  6] Starting Hier-pFedMe | λ2=35.0, η2=0.02, inner_steps=3, epochs=1, batches/epoch=188
  [Client  8] Starting Hier-pFedMe | λ2=35.0, η2=0.02, inner_steps=3, epochs=1, batches/epoch=94
  [Client  0] Starting Hier-pFedMe | λ2=35.0, η2=0.02, inner_steps=3, epochs=1, batches/epoch=188
[C2] eval model[0] mean=0.003072 | edge mean=0.003072
[C6] eval model[0] mean=0.003072 | edge mean=0.003072
[C8] eval model[0] mean=0.003072 | edge mean=0.003072
[C0] eval model[0] mean=0.003072 | edge mean=0.003072
[C8] n=500 | classes=[4] | acc=0.2820 | per_class={4: '0.28'}
[C6] n=1000 | classes=[6, 7] | acc=0.6070 | per_class={6: '0.54', 7: '0.67'}
[C2] n=1000 | classes=[2, 5] | acc=0.5470 | per_class={2: '0.59', 5: '0.51'}
[C0] n=1000 | classes=[3, 6] | acc=0.3860 | per_class={3: '0.24', 6: '0.54'}
[C8] eval model[0] mean=0.002829 | edge mean=0.003072
[C8] n=500 | classes=[4] | acc=1.0000 | per_class={4: '1.00'}
  [Client  8] Round 6 | Hier-pFedMe(λ2=35.0, K=3) | loss=0.0022
  [Client  1] Starting Hier-pFedMe | λ2=35.0, η2=0.02, inner_steps=3, epochs=1, batches/epoch=188
[C1] eval model[0] mean=0.003072 | edge mean=0.003072
[C1] n=1000 | classes=[3, 6] | acc=0.4110 | per_class={3: '0.27', 6: '0.56'}
[C6] eval model[0] mean=0.003549 | edge mean=0.003072
[C2] eval model[0] mean=0.002539 | edge mean=0.003072
[C0] eval model[0] mean=0.003343 | edge mean=0.003072
[C6] n=1000 | classes=[6, 7] | acc=0.9050 | per_class={6: '0.85', 7: '0.96'}
  [Client  6] Round 6 | Hier-pFedMe(λ2=35.0, K=3) | loss=0.0407
  [Client  3] Starting Hier-pFedMe | λ2=35.0, η2=0.02, inner_steps=3, epochs=1, batches/epoch=188
[C3] eval model[0] mean=0.003072 | edge mean=0.003072
[C0] n=1000 | classes=[3, 6] | acc=0.7990 | per_class={3: '0.77', 6: '0.82'}
[C2] n=1000 | classes=[2, 5] | acc=0.7830 | per_class={2: '0.77', 5: '0.80'}
  [Client  0] Round 6 | Hier-pFedMe(λ2=35.0, K=3) | loss=0.0700
  [Client  4] Starting Hier-pFedMe | λ2=35.0, η2=0.02, inner_steps=3, epochs=1, batches/epoch=188
[C4] eval model[0] mean=0.003072 | edge mean=0.003072
  [Client  2] Round 6 | Hier-pFedMe(λ2=35.0, K=3) | loss=0.0605
  [Client  5] Starting Hier-pFedMe | λ2=35.0, η2=0.02, inner_steps=3, epochs=1, batches/epoch=188
[C5] eval model[0] mean=0.003072 | edge mean=0.003072
[C1] eval model[0] mean=0.004347 | edge mean=0.003072
[C3] n=1000 | classes=[5, 7] | acc=0.5920 | per_class={5: '0.54', 7: '0.65'}
[C4] n=1000 | classes=[2, 7] | acc=0.6260 | per_class={2: '0.58', 7: '0.67'}
[C5] n=1000 | classes=[2, 4] | acc=0.4280 | per_class={2: '0.57', 4: '0.28'}
[C1] n=1000 | classes=[3, 6] | acc=0.7980 | per_class={3: '0.76', 6: '0.84'}
  [Client  1] Round 6 | Hier-pFedMe(λ2=35.0, K=3) | loss=0.0819
  [Client  7] Starting Hier-pFedMe | λ2=35.0, η2=0.02, inner_steps=3, epochs=1, batches/epoch=188
[C7] eval model[0] mean=0.003072 | edge mean=0.003072
[C7] n=1000 | classes=[3, 5] | acc=0.4120 | per_class={3: '0.26', 5: '0.55'}
[C4] eval model[0] mean=0.003540 | edge mean=0.003072
[C3] eval model[0] mean=0.003245 | edge mean=0.003072
[C5] eval model[0] mean=0.003183 | edge mean=0.003072
[C3] n=1000 | classes=[5, 7] | acc=0.8140 | per_class={5: '0.81', 7: '0.82'}
  [Client  3] Round 6 | Hier-pFedMe(λ2=35.0, K=3) | loss=0.0634
[C5] n=1000 | classes=[2, 4] | acc=0.6910 | per_class={2: '0.86', 4: '0.51'}
[C4] n=1000 | classes=[2, 7] | acc=0.8320 | per_class={2: '0.80', 7: '0.86'}  [Client  9] Starting Hier-pFedMe | λ2=35.0, η2=0.02, inner_steps=3, epochs=1, batches/epoch=94

[C9] eval model[0] mean=0.003072 | edge mean=0.003072
  [Client  5] Round 6 | Hier-pFedMe(λ2=35.0, K=3) | loss=0.1436
  [Client  4] Round 6 | Hier-pFedMe(λ2=35.0, K=3) | loss=0.0587
[C7] eval model[0] mean=0.002236 | edge mean=0.003072
[C9] n=500 | classes=[4] | acc=0.3240 | per_class={4: '0.32'}
[C7] n=1000 | classes=[3, 5] | acc=0.6720 | per_class={3: '0.69', 5: '0.65'}
  [Client  7] Round 6 | Hier-pFedMe(λ2=35.0, K=3) | loss=0.0922
[C9] eval model[0] mean=0.002787 | edge mean=0.003072
[C9] n=500 | classes=[4] | acc=1.0000 | per_class={4: '1.00'}
  [Client  9] Round 6 | Hier-pFedMe(λ2=35.0, K=3) | loss=0.0023
  [Edge 0] G6 | E4 | loss=0.0681
  [Edge 0] G6 | E5 | Hier-pFedMe | Selected 10/10
  [Client  1] Received edge weights.
[C1] Test set: samples=1000, class_dist={3: 515, 6: 485}
  [Client  3] Received edge weights.
[C3] Test set: samples=1000, class_dist={5: 506, 7: 494}
  [Client  9] Received edge weights.
[C9] Test set: samples=500, class_dist={4: 500}
  [Client  5] Received edge weights.
[C5] Test set: samples=1000, class_dist={2: 510, 4: 490}
  [Client  2] Received edge weights.
[C2] Test set: samples=1000, class_dist={2: 507, 5: 493}
  [Client  6] Received edge weights.
[C6] Test set: samples=1000, class_dist={6: 493, 7: 507}
  [Client  7] Received edge weights.
[C7] Test set: samples=1000, class_dist={3: 485, 5: 515}
  [Client  4] Received edge weights.
[C4] Test set: samples=1000, class_dist={2: 507, 7: 493}
  [Client  0] Received edge weights.
[C0] Test set: samples=1000, class_dist={3: 511, 6: 489}
  [Client  8] Received edge weights.
[C8] Test set: samples=500, class_dist={4: 500}
  [Client  3] Starting Hier-pFedMe | λ2=35.0, η2=0.02, inner_steps=3, epochs=1, batches/epoch=188  [Client  1] Starting Hier-pFedMe | λ2=35.0, η2=0.02, inner_steps=3, epochs=1, batches/epoch=188
  [Client  9] Starting Hier-pFedMe | λ2=35.0, η2=0.02, inner_steps=3, epochs=1, batches/epoch=94

  [Client  5] Starting Hier-pFedMe | λ2=35.0, η2=0.02, inner_steps=3, epochs=1, batches/epoch=188
[C9] eval model[0] mean=0.003102 | edge mean=0.003102
[C5] eval model[0] mean=0.003102 | edge mean=0.003102
[C3] eval model[0] mean=0.003102 | edge mean=0.003102
[C1] eval model[0] mean=0.003102 | edge mean=0.003102
[C9] n=500 | classes=[4] | acc=0.2780 | per_class={4: '0.28'}
[C5] n=1000 | classes=[2, 4] | acc=0.4100 | per_class={2: '0.57', 4: '0.24'}
[C3] n=1000 | classes=[5, 7] | acc=0.6160 | per_class={5: '0.54', 7: '0.69'}
[C1] n=1000 | classes=[3, 6] | acc=0.4250 | per_class={3: '0.28', 6: '0.58'}
[C9] eval model[0] mean=0.002767 | edge mean=0.003102
[C9] n=500 | classes=[4] | acc=1.0000 | per_class={4: '1.00'}
  [Client  9] Round 6 | Hier-pFedMe(λ2=35.0, K=3) | loss=0.0021
  [Client  2] Starting Hier-pFedMe | λ2=35.0, η2=0.02, inner_steps=3, epochs=1, batches/epoch=188
[C2] eval model[0] mean=0.003102 | edge mean=0.003102
[C2] n=1000 | classes=[2, 5] | acc=0.5450 | per_class={2: '0.58', 5: '0.51'}
[C5] eval model[0] mean=0.003056 | edge mean=0.003102
[C3] eval model[0] mean=0.002917 | edge mean=0.003102
[C1] eval model[0] mean=0.003884 | edge mean=0.003102
[C5] n=1000 | classes=[2, 4] | acc=0.6590 | per_class={2: '0.42', 4: '0.91'}
[C3] n=1000 | classes=[5, 7] | acc=0.8060 | per_class={5: '0.82', 7: '0.79'}
  [Client  5] Round 6 | Hier-pFedMe(λ2=35.0, K=3) | loss=0.1078
  [Client  3] Round 6 | Hier-pFedMe(λ2=35.0, K=3) | loss=0.0538
  [Client  6] Starting Hier-pFedMe | λ2=35.0, η2=0.02, inner_steps=3, epochs=1, batches/epoch=188
  [Client  7] Starting Hier-pFedMe | λ2=35.0, η2=0.02, inner_steps=3, epochs=1, batches/epoch=188
[C1] n=1000 | classes=[3, 6] | acc=0.8130 | per_class={3: '0.91', 6: '0.71'}
[C6] eval model[0] mean=0.003102 | edge mean=0.003102
[C7] eval model[0] mean=0.003102 | edge mean=0.003102
  [Client  1] Round 6 | Hier-pFedMe(λ2=35.0, K=3) | loss=0.0756
  [Client  4] Starting Hier-pFedMe | λ2=35.0, η2=0.02, inner_steps=3, epochs=1, batches/epoch=188
[C4] eval model[0] mean=0.003102 | edge mean=0.003102
[C2] eval model[0] mean=0.002831 | edge mean=0.003102
[C7] n=1000 | classes=[3, 5] | acc=0.4090 | per_class={3: '0.24', 5: '0.57'}
[C6] n=1000 | classes=[6, 7] | acc=0.6480 | per_class={6: '0.56', 7: '0.73'}
[C4] n=1000 | classes=[2, 7] | acc=0.6520 | per_class={2: '0.58', 7: '0.72'}
[C2] n=1000 | classes=[2, 5] | acc=0.7240 | per_class={2: '0.95', 5: '0.49'}
  [Client  2] Round 6 | Hier-pFedMe(λ2=35.0, K=3) | loss=0.0646
  [Client  0] Starting Hier-pFedMe | λ2=35.0, η2=0.02, inner_steps=3, epochs=1, batches/epoch=188
[C0] eval model[0] mean=0.003102 | edge mean=0.003102
[C0] n=1000 | classes=[3, 6] | acc=0.3930 | per_class={3: '0.23', 6: '0.56'}
[C7] eval model[0] mean=0.002279 | edge mean=0.003102
[C6] eval model[0] mean=0.003688 | edge mean=0.003102
[C4] eval model[0] mean=0.003014 | edge mean=0.003102
[C7] n=1000 | classes=[3, 5] | acc=0.6280 | per_class={3: '0.89', 5: '0.38'}
  [Client  7] Round 6 | Hier-pFedMe(λ2=35.0, K=3) | loss=0.0898
  [Client  8] Starting Hier-pFedMe | λ2=35.0, η2=0.02, inner_steps=3, epochs=1, batches/epoch=94
[C8] eval model[0] mean=0.003102 | edge mean=0.003102
[C6] n=1000 | classes=[6, 7] | acc=0.9170 | per_class={6: '0.91', 7: '0.93'}
  [Client  6] Round 6 | Hier-pFedMe(λ2=35.0, K=3) | loss=0.0479
[C4] n=1000 | classes=[2, 7] | acc=0.8250 | per_class={2: '0.72', 7: '0.93'}
  [Client  4] Round 6 | Hier-pFedMe(λ2=35.0, K=3) | loss=0.0606
[C0] eval model[0] mean=0.004088 | edge mean=0.003102
[C8] n=500 | classes=[4] | acc=0.2320 | per_class={4: '0.23'}
[C0] n=1000 | classes=[3, 6] | acc=0.7930 | per_class={3: '0.87', 6: '0.71'}
  [Client  0] Round 6 | Hier-pFedMe(λ2=35.0, K=3) | loss=0.0702
[C8] eval model[0] mean=0.002820 | edge mean=0.003102
[C8] n=500 | classes=[4] | acc=1.0000 | per_class={4: '1.00'}
  [Client  8] Round 6 | Hier-pFedMe(λ2=35.0, K=3) | loss=0.0019
  [Edge 0] G6 | E5 | loss=0.0636
  [Edge 1] G6 | E1 | Hier-pFedMe | Selected 10/10
  [Client 19] Received edge weights.
[C19] Test set: samples=600, class_dist={0: 286, 9: 314}
  [Client 13] Received edge weights.
[C13] Test set: samples=600, class_dist={0: 311, 8: 289}
  [Client 14] Received edge weights.
[C14] Test set: samples=600, class_dist={0: 307, 9: 293}
  [Client 18] Received edge weights.
[C18] Test set: samples=600, class_dist={1: 314, 9: 286}
  [Client 16] Received edge weights.
[C16] Test set: samples=600, class_dist={1: 291, 8: 309}
  [Client 12] Received edge weights.
[C12] Test set: samples=600, class_dist={1: 308, 8: 292}
  [Client 15] Received edge weights.
[C15] Test set: samples=600, class_dist={0: 305, 8: 295}
  [Client 11] Received edge weights.
[C11] Test set: samples=600, class_dist={0: 300, 1: 300}
  [Client 10] Received edge weights.
[C10] Test set: samples=600, class_dist={8: 292, 9: 308}
  [Client 17] Received edge weights.
[C17] Test set: samples=600, class_dist={1: 289, 9: 311}
  [Client 13] Starting Hier-pFedMe | λ2=35.0, η2=0.02, inner_steps=3, epochs=1, batches/epoch=113  [Client 14] Starting Hier-pFedMe | λ2=35.0, η2=0.02, inner_steps=3, epochs=1, batches/epoch=113

  [Client 19] Starting Hier-pFedMe | λ2=35.0, η2=0.02, inner_steps=3, epochs=1, batches/epoch=113
  [Client 18] Starting Hier-pFedMe | λ2=35.0, η2=0.02, inner_steps=3, epochs=1, batches/epoch=113
[C13] eval model[0] mean=0.002140 | edge mean=0.002140
[C14] eval model[0] mean=0.002140 | edge mean=0.002140
[C19] eval model[0] mean=0.002140 | edge mean=0.002140
[C18] eval model[0] mean=0.002140 | edge mean=0.002140
[C13] n=600 | classes=[0, 8] | acc=0.6883 | per_class={0: '0.65', 8: '0.73'}
[C14] n=600 | classes=[0, 9] | acc=0.5267 | per_class={0: '0.63', 9: '0.42'}
[C19] n=600 | classes=[0, 9] | acc=0.5200 | per_class={0: '0.65', 9: '0.40'}
[C18] n=600 | classes=[1, 9] | acc=0.5267 | per_class={1: '0.66', 9: '0.38'}
[C13] eval model[0] mean=0.001301 | edge mean=0.002140
[C14] eval model[0] mean=0.001727 | edge mean=0.002140
[C18] eval model[0] mean=0.001135 | edge mean=0.002140
[C19] eval model[0] mean=0.001244 | edge mean=0.002140
[C13] n=600 | classes=[0, 8] | acc=0.8250 | per_class={0: '0.87', 8: '0.78'}
  [Client 13] Round 6 | Hier-pFedMe(λ2=35.0, K=3) | loss=0.0593
  [Client 16] Starting Hier-pFedMe | λ2=35.0, η2=0.02, inner_steps=3, epochs=1, batches/epoch=113
[C16] eval model[0] mean=0.002140 | edge mean=0.002140
[C14] n=600 | classes=[0, 9] | acc=0.8800 | per_class={0: '0.87', 9: '0.89'}
[C19] n=600 | classes=[0, 9] | acc=0.8767 | per_class={0: '0.88', 9: '0.88'}
  [Client 14] Round 6 | Hier-pFedMe(λ2=35.0, K=3) | loss=0.0594
[C18] n=600 | classes=[1, 9] | acc=0.7433 | per_class={1: '0.79', 9: '0.69'}
  [Client 19] Round 6 | Hier-pFedMe(λ2=35.0, K=3) | loss=0.0434
  [Client 12] Starting Hier-pFedMe | λ2=35.0, η2=0.02, inner_steps=3, epochs=1, batches/epoch=113
  [Client 15] Starting Hier-pFedMe | λ2=35.0, η2=0.02, inner_steps=3, epochs=1, batches/epoch=113
[C12] eval model[0] mean=0.002140 | edge mean=0.002140
[C15] eval model[0] mean=0.002140 | edge mean=0.002140
  [Client 18] Round 6 | Hier-pFedMe(λ2=35.0, K=3) | loss=0.0668
  [Client 11] Starting Hier-pFedMe | λ2=35.0, η2=0.02, inner_steps=3, epochs=1, batches/epoch=113
[C11] eval model[0] mean=0.002140 | edge mean=0.002140
[C16] n=600 | classes=[1, 8] | acc=0.6567 | per_class={1: '0.59', 8: '0.72'}
[C15] n=600 | classes=[0, 8] | acc=0.6917 | per_class={0: '0.73', 8: '0.65'}
[C12] n=600 | classes=[1, 8] | acc=0.6417 | per_class={1: '0.63', 8: '0.65'}
[C11] n=600 | classes=[0, 1] | acc=0.6000 | per_class={0: '0.60', 1: '0.60'}
[C16] eval model[0] mean=0.002007 | edge mean=0.002140
[C15] eval model[0] mean=0.001538 | edge mean=0.002140
[C11] eval model[0] mean=0.001379 | edge mean=0.002140
[C12] eval model[0] mean=0.002851 | edge mean=0.002140
[C16] n=600 | classes=[1, 8] | acc=0.8617 | per_class={1: '0.83', 8: '0.89'}
  [Client 16] Round 6 | Hier-pFedMe(λ2=35.0, K=3) | loss=0.0473
  [Client 10] Starting Hier-pFedMe | λ2=35.0, η2=0.02, inner_steps=3, epochs=1, batches/epoch=113
[C10] eval model[0] mean=0.002140 | edge mean=0.002140
[C15] n=600 | classes=[0, 8] | acc=0.7700 | per_class={0: '0.68', 8: '0.86'}
[C12] n=600 | classes=[1, 8] | acc=0.8667 | per_class={1: '0.85', 8: '0.88'}
  [Client 15] Round 6 | Hier-pFedMe(λ2=35.0, K=3) | loss=0.0858
[C11] n=600 | classes=[0, 1] | acc=0.8517 | per_class={0: '0.87', 1: '0.83'}
  [Client 17] Starting Hier-pFedMe | λ2=35.0, η2=0.02, inner_steps=3, epochs=1, batches/epoch=113
[C17] eval model[0] mean=0.002140 | edge mean=0.002140
  [Client 12] Round 6 | Hier-pFedMe(λ2=35.0, K=3) | loss=0.0412
  [Client 11] Round 6 | Hier-pFedMe(λ2=35.0, K=3) | loss=0.0302
[C10] n=600 | classes=[8, 9] | acc=0.5483 | per_class={8: '0.74', 9: '0.36'}
[C17] n=600 | classes=[1, 9] | acc=0.5117 | per_class={1: '0.61', 9: '0.42'}
[C10] eval model[0] mean=0.001704 | edge mean=0.002140
[C17] eval model[0] mean=0.001811 | edge mean=0.002140
[C10] n=600 | classes=[8, 9] | acc=0.8900 | per_class={8: '0.93', 9: '0.85'}
  [Client 10] Round 6 | Hier-pFedMe(λ2=35.0, K=3) | loss=0.0466
[C17] n=600 | classes=[1, 9] | acc=0.7300 | per_class={1: '0.54', 9: '0.91'}
  [Client 17] Round 6 | Hier-pFedMe(λ2=35.0, K=3) | loss=0.0806
  [Edge 1] G6 | E1 | loss=0.0561
  [Edge 1] G6 | E2 | Hier-pFedMe | Selected 10/10
  [Client 13] Received edge weights.
[C13] Test set: samples=600, class_dist={0: 311, 8: 289}
  [Client 18] Received edge weights.
[C18] Test set: samples=600, class_dist={1: 314, 9: 286}
  [Client 19] Received edge weights.
[C19] Test set: samples=600, class_dist={0: 286, 9: 314}
  [Client 10] Received edge weights.
[C10] Test set: samples=600, class_dist={8: 292, 9: 308}
  [Client 17] Received edge weights.
[C17] Test set: samples=600, class_dist={1: 289, 9: 311}
  [Client 15] Received edge weights.
[C15] Test set: samples=600, class_dist={0: 305, 8: 295}
  [Client 12] Received edge weights.
[C12] Test set: samples=600, class_dist={1: 308, 8: 292}
  [Client 11] Received edge weights.
[C11] Test set: samples=600, class_dist={0: 300, 1: 300}
  [Client 16] Received edge weights.
[C16] Test set: samples=600, class_dist={1: 291, 8: 309}
  [Client 14] Received edge weights.
[C14] Test set: samples=600, class_dist={0: 307, 9: 293}
  [Client 18] Starting Hier-pFedMe | λ2=35.0, η2=0.02, inner_steps=3, epochs=1, batches/epoch=113
  [Client 13] Starting Hier-pFedMe | λ2=35.0, η2=0.02, inner_steps=3, epochs=1, batches/epoch=113  [Client 19] Starting Hier-pFedMe | λ2=35.0, η2=0.02, inner_steps=3, epochs=1, batches/epoch=113  [Client 10] Starting Hier-pFedMe | λ2=35.0, η2=0.02, inner_steps=3, epochs=1, batches/epoch=113


[C18] eval model[0] mean=0.001673 | edge mean=0.001673
[C10] eval model[0] mean=0.001673 | edge mean=0.001673
[C13] eval model[0] mean=0.001673 | edge mean=0.001673
[C19] eval model[0] mean=0.001673 | edge mean=0.001673
[C13] n=600 | classes=[0, 8] | acc=0.7367 | per_class={0: '0.75', 8: '0.72'}
[C10] n=600 | classes=[8, 9] | acc=0.7100 | per_class={8: '0.72', 9: '0.70'}
[C18] n=600 | classes=[1, 9] | acc=0.6550 | per_class={1: '0.67', 9: '0.64'}
[C19] n=600 | classes=[0, 9] | acc=0.7167 | per_class={0: '0.73', 9: '0.70'}
[C19] eval model[0] mean=0.001338 | edge mean=0.001673
[C13] eval model[0] mean=0.001001 | edge mean=0.001673
[C18] eval model[0] mean=0.001402 | edge mean=0.001673
[C10] eval model[0] mean=0.001732 | edge mean=0.001673
[C18] n=600 | classes=[1, 9] | acc=0.7500 | per_class={1: '0.85', 9: '0.64'}
[C10] n=600 | classes=[8, 9] | acc=0.8767 | per_class={8: '0.85', 9: '0.90'}
[C19] n=600 | classes=[0, 9] | acc=0.8633 | per_class={0: '0.86', 9: '0.86'}
  [Client 18] Round 6 | Hier-pFedMe(λ2=35.0, K=3) | loss=0.0725
  [Client 17] Starting Hier-pFedMe | λ2=35.0, η2=0.02, inner_steps=3, epochs=1, batches/epoch=113
[C17] eval model[0] mean=0.001673 | edge mean=0.001673
[C13] n=600 | classes=[0, 8] | acc=0.7817 | per_class={0: '0.71', 8: '0.86'}
  [Client 10] Round 6 | Hier-pFedMe(λ2=35.0, K=3) | loss=0.0483
  [Client 19] Round 6 | Hier-pFedMe(λ2=35.0, K=3) | loss=0.0494
  [Client 15] Starting Hier-pFedMe | λ2=35.0, η2=0.02, inner_steps=3, epochs=1, batches/epoch=113
  [Client 12] Starting Hier-pFedMe | λ2=35.0, η2=0.02, inner_steps=3, epochs=1, batches/epoch=113
[C15] eval model[0] mean=0.001673 | edge mean=0.001673[C12] eval model[0] mean=0.001673 | edge mean=0.001673

  [Client 13] Round 6 | Hier-pFedMe(λ2=35.0, K=3) | loss=0.0614
  [Client 11] Starting Hier-pFedMe | λ2=35.0, η2=0.02, inner_steps=3, epochs=1, batches/epoch=113
[C11] eval model[0] mean=0.001673 | edge mean=0.001673
[C17] n=600 | classes=[1, 9] | acc=0.6717 | per_class={1: '0.65', 9: '0.69'}
[C15] n=600 | classes=[0, 8] | acc=0.7317 | per_class={0: '0.79', 8: '0.67'}
[C12] n=600 | classes=[1, 8] | acc=0.6667 | per_class={1: '0.64', 8: '0.70'}
[C11] n=600 | classes=[0, 1] | acc=0.6733 | per_class={0: '0.70', 1: '0.65'}
[C15] eval model[0] mean=0.000973 | edge mean=0.001673
[C17] eval model[0] mean=0.001952 | edge mean=0.001673
[C12] eval model[0] mean=0.002466 | edge mean=0.001673
[C11] eval model[0] mean=0.000915 | edge mean=0.001673
[C15] n=600 | classes=[0, 8] | acc=0.7933 | per_class={0: '0.89', 8: '0.69'}
[C17] n=600 | classes=[1, 9] | acc=0.7617 | per_class={1: '0.77', 9: '0.76'}
[C12] n=600 | classes=[1, 8] | acc=0.8633 | per_class={1: '0.87', 8: '0.85'}
  [Client 15] Round 6 | Hier-pFedMe(λ2=35.0, K=3) | loss=0.0743
  [Client 16] Starting Hier-pFedMe | λ2=35.0, η2=0.02, inner_steps=3, epochs=1, batches/epoch=113
  [Client 12] Round 6 | Hier-pFedMe(λ2=35.0, K=3) | loss=0.0428
  [Client 17] Round 6 | Hier-pFedMe(λ2=35.0, K=3) | loss=0.0799  [Client 14] Starting Hier-pFedMe | λ2=35.0, η2=0.02, inner_steps=3, epochs=1, batches/epoch=113
[C16] eval model[0] mean=0.001673 | edge mean=0.001673

[C14] eval model[0] mean=0.001673 | edge mean=0.001673
[C11] n=600 | classes=[0, 1] | acc=0.8450 | per_class={0: '0.82', 1: '0.87'}
  [Client 11] Round 6 | Hier-pFedMe(λ2=35.0, K=3) | loss=0.0399
[C16] n=600 | classes=[1, 8] | acc=0.6717 | per_class={1: '0.63', 8: '0.71'}
[C14] n=600 | classes=[0, 9] | acc=0.7383 | per_class={0: '0.75', 9: '0.72'}
[C16] eval model[0] mean=0.001852 | edge mean=0.001673
[C14] eval model[0] mean=0.001616 | edge mean=0.001673
[C16] n=600 | classes=[1, 8] | acc=0.8650 | per_class={1: '0.97', 8: '0.77'}
[C14] n=600 | classes=[0, 9] | acc=0.8833 | per_class={0: '0.89', 9: '0.87'}
  [Client 16] Round 6 | Hier-pFedMe(λ2=35.0, K=3) | loss=0.0407
  [Client 14] Round 6 | Hier-pFedMe(λ2=35.0, K=3) | loss=0.0506
  [Edge 1] G6 | E2 | loss=0.0560
  [Edge 1] G6 | E3 | Hier-pFedMe | Selected 10/10
  [Client 10] Received edge weights.
[C10] Test set: samples=600, class_dist={8: 292, 9: 308}
  [Client 16] Received edge weights.
[C16] Test set: samples=600, class_dist={1: 291, 8: 309}
  [Client 13] Received edge weights.
[C13] Test set: samples=600, class_dist={0: 311, 8: 289}
  [Client 18] Received edge weights.
[C18] Test set: samples=600, class_dist={1: 314, 9: 286}
  [Client 17] Received edge weights.
[C17] Test set: samples=600, class_dist={1: 289, 9: 311}
  [Client 11] Received edge weights.
[C11] Test set: samples=600, class_dist={0: 300, 1: 300}
  [Client 14] Received edge weights.
[C14] Test set: samples=600, class_dist={0: 307, 9: 293}
  [Client 12] Received edge weights.
[C12] Test set: samples=600, class_dist={1: 308, 8: 292}
  [Client 15] Received edge weights.
[C15] Test set: samples=600, class_dist={0: 305, 8: 295}
  [Client 19] Received edge weights.
[C19] Test set: samples=600, class_dist={0: 286, 9: 314}
  [Client 16] Starting Hier-pFedMe | λ2=35.0, η2=0.02, inner_steps=3, epochs=1, batches/epoch=113
  [Client 18] Starting Hier-pFedMe | λ2=35.0, η2=0.02, inner_steps=3, epochs=1, batches/epoch=113  [Client 10] Starting Hier-pFedMe | λ2=35.0, η2=0.02, inner_steps=3, epochs=1, batches/epoch=113
  [Client 13] Starting Hier-pFedMe | λ2=35.0, η2=0.02, inner_steps=3, epochs=1, batches/epoch=113

[C16] eval model[0] mean=0.001644 | edge mean=0.001644
[C10] eval model[0] mean=0.001644 | edge mean=0.001644
[C18] eval model[0] mean=0.001644 | edge mean=0.001644
[C13] eval model[0] mean=0.001644 | edge mean=0.001644
[C18] n=600 | classes=[1, 9] | acc=0.6933 | per_class={1: '0.79', 9: '0.59'}
[C16] n=600 | classes=[1, 8] | acc=0.6933 | per_class={1: '0.71', 8: '0.67'}
[C10] n=600 | classes=[8, 9] | acc=0.6500 | per_class={8: '0.68', 9: '0.62'}
[C13] n=600 | classes=[0, 8] | acc=0.7333 | per_class={0: '0.78', 8: '0.68'}
[C18] eval model[0] mean=0.001687 | edge mean=0.001644
[C16] eval model[0] mean=0.001792 | edge mean=0.001644
[C10] eval model[0] mean=0.001375 | edge mean=0.001644
[C13] eval model[0] mean=0.000908 | edge mean=0.001644
[C18] n=600 | classes=[1, 9] | acc=0.7850 | per_class={1: '0.80', 9: '0.77'}
  [Client 18] Round 6 | Hier-pFedMe(λ2=35.0, K=3) | loss=0.0742
  [Client 17] Starting Hier-pFedMe | λ2=35.0, η2=0.02, inner_steps=3, epochs=1, batches/epoch=113
[C17] eval model[0] mean=0.001644 | edge mean=0.001644
[C16] n=600 | classes=[1, 8] | acc=0.8900 | per_class={1: '0.86', 8: '0.92'}
  [Client 16] Round 6 | Hier-pFedMe(λ2=35.0, K=3) | loss=0.0419
  [Client 11] Starting Hier-pFedMe | λ2=35.0, η2=0.02, inner_steps=3, epochs=1, batches/epoch=113
[C11] eval model[0] mean=0.001644 | edge mean=0.001644
[C10] n=600 | classes=[8, 9] | acc=0.8700 | per_class={8: '0.88', 9: '0.86'}
[C13] n=600 | classes=[0, 8] | acc=0.8017 | per_class={0: '0.89', 8: '0.70'}
  [Client 10] Round 6 | Hier-pFedMe(λ2=35.0, K=3) | loss=0.0365
  [Client 13] Round 6 | Hier-pFedMe(λ2=35.0, K=3) | loss=0.0554  [Client 14] Starting Hier-pFedMe | λ2=35.0, η2=0.02, inner_steps=3, epochs=1, batches/epoch=113

  [Client 12] Starting Hier-pFedMe | λ2=35.0, η2=0.02, inner_steps=3, epochs=1, batches/epoch=113
[C14] eval model[0] mean=0.001644 | edge mean=0.001644
[C12] eval model[0] mean=0.001644 | edge mean=0.001644
[C17] n=600 | classes=[1, 9] | acc=0.6850 | per_class={1: '0.73', 9: '0.64'}
[C11] n=600 | classes=[0, 1] | acc=0.7150 | per_class={0: '0.71', 1: '0.72'}
[C14] n=600 | classes=[0, 9] | acc=0.7133 | per_class={0: '0.77', 9: '0.66'}
[C12] n=600 | classes=[1, 8] | acc=0.6900 | per_class={1: '0.73', 8: '0.64'}
[C17] eval model[0] mean=0.001618 | edge mean=0.001644
[C11] eval model[0] mean=0.001509 | edge mean=0.001644
[C14] eval model[0] mean=0.001555 | edge mean=0.001644
[C12] eval model[0] mean=0.002394 | edge mean=0.001644
[C17] n=600 | classes=[1, 9] | acc=0.7033 | per_class={1: '0.93', 9: '0.49'}
  [Client 17] Round 6 | Hier-pFedMe(λ2=35.0, K=3) | loss=0.0666
  [Client 15] Starting Hier-pFedMe | λ2=35.0, η2=0.02, inner_steps=3, epochs=1, batches/epoch=113
[C15] eval model[0] mean=0.001644 | edge mean=0.001644
[C11] n=600 | classes=[0, 1] | acc=0.8550 | per_class={0: '0.80', 1: '0.91'}
  [Client 11] Round 6 | Hier-pFedMe(λ2=35.0, K=3) | loss=0.0324
  [Client 19] Starting Hier-pFedMe | λ2=35.0, η2=0.02, inner_steps=3, epochs=1, batches/epoch=113
[C19] eval model[0] mean=0.001644 | edge mean=0.001644
[C14] n=600 | classes=[0, 9] | acc=0.8850 | per_class={0: '0.84', 9: '0.93'}
  [Client 14] Round 6 | Hier-pFedMe(λ2=35.0, K=3) | loss=0.0491
[C12] n=600 | classes=[1, 8] | acc=0.8333 | per_class={1: '0.77', 8: '0.90'}
  [Client 12] Round 6 | Hier-pFedMe(λ2=35.0, K=3) | loss=0.0436
[C15] n=600 | classes=[0, 8] | acc=0.7033 | per_class={0: '0.78', 8: '0.63'}
[C19] n=600 | classes=[0, 9] | acc=0.7017 | per_class={0: '0.76', 9: '0.65'}
[C15] eval model[0] mean=0.001391 | edge mean=0.001644
[C19] eval model[0] mean=0.001240 | edge mean=0.001644
[C15] n=600 | classes=[0, 8] | acc=0.7917 | per_class={0: '0.80', 8: '0.78'}
  [Client 15] Round 6 | Hier-pFedMe(λ2=35.0, K=3) | loss=0.0853
[C19] n=600 | classes=[0, 9] | acc=0.8617 | per_class={0: '0.88', 9: '0.84'}
  [Client 19] Round 6 | Hier-pFedMe(λ2=35.0, K=3) | loss=0.0372
  [Edge 1] G6 | E3 | loss=0.0522
  [Edge 1] G6 | E4 | Hier-pFedMe | Selected 10/10
  [Client 17] Received edge weights.
[C17] Test set: samples=600, class_dist={1: 289, 9: 311}
  [Client 15] Received edge weights.
[C15] Test set: samples=600, class_dist={0: 305, 8: 295}
  [Client 19] Received edge weights.
[C19] Test set: samples=600, class_dist={0: 286, 9: 314}
  [Client 10] Received edge weights.
[C10] Test set: samples=600, class_dist={8: 292, 9: 308}
  [Client 14] Received edge weights.
[C14] Test set: samples=600, class_dist={0: 307, 9: 293}
  [Client 12] Received edge weights.
[C12] Test set: samples=600, class_dist={1: 308, 8: 292}
  [Client 18] Received edge weights.
[C18] Test set: samples=600, class_dist={1: 314, 9: 286}
  [Client 16] Received edge weights.
[C16] Test set: samples=600, class_dist={1: 291, 8: 309}
  [Client 11] Received edge weights.
[C11] Test set: samples=600, class_dist={0: 300, 1: 300}
  [Client 13] Received edge weights.
[C13] Test set: samples=600, class_dist={0: 311, 8: 289}
  [Client 17] Starting Hier-pFedMe | λ2=35.0, η2=0.02, inner_steps=3, epochs=1, batches/epoch=113  [Client 15] Starting Hier-pFedMe | λ2=35.0, η2=0.02, inner_steps=3, epochs=1, batches/epoch=113

  [Client 19] Starting Hier-pFedMe | λ2=35.0, η2=0.02, inner_steps=3, epochs=1, batches/epoch=113
  [Client 10] Starting Hier-pFedMe | λ2=35.0, η2=0.02, inner_steps=3, epochs=1, batches/epoch=113
[C15] eval model[0] mean=0.001571 | edge mean=0.001571
[C17] eval model[0] mean=0.001571 | edge mean=0.001571
[C19] eval model[0] mean=0.001571 | edge mean=0.001571
[C10] eval model[0] mean=0.001571 | edge mean=0.001571
[C10] n=600 | classes=[8, 9] | acc=0.7083 | per_class={8: '0.76', 9: '0.66'}
[C17] n=600 | classes=[1, 9] | acc=0.6800 | per_class={1: '0.70', 9: '0.66'}
[C19] n=600 | classes=[0, 9] | acc=0.7000 | per_class={0: '0.75', 9: '0.65'}
[C15] n=600 | classes=[0, 8] | acc=0.7367 | per_class={0: '0.77', 8: '0.70'}
[C10] eval model[0] mean=0.001799 | edge mean=0.001571
[C17] eval model[0] mean=0.001600 | edge mean=0.001571
[C19] eval model[0] mean=0.001323 | edge mean=0.001571
[C15] eval model[0] mean=0.001283 | edge mean=0.001571
[C10] n=600 | classes=[8, 9] | acc=0.8883 | per_class={8: '0.83', 9: '0.95'}
  [Client 10] Round 6 | Hier-pFedMe(λ2=35.0, K=3) | loss=0.0438
  [Client 14] Starting Hier-pFedMe | λ2=35.0, η2=0.02, inner_steps=3, epochs=1, batches/epoch=113
[C14] eval model[0] mean=0.001571 | edge mean=0.001571
[C17] n=600 | classes=[1, 9] | acc=0.7317 | per_class={1: '0.83', 9: '0.64'}
[C15] n=600 | classes=[0, 8] | acc=0.8083 | per_class={0: '0.84', 8: '0.78'}
  [Client 17] Round 6 | Hier-pFedMe(λ2=35.0, K=3) | loss=0.0690
[C19] n=600 | classes=[0, 9] | acc=0.8683 | per_class={0: '0.89', 9: '0.85'}
  [Client 12] Starting Hier-pFedMe | λ2=35.0, η2=0.02, inner_steps=3, epochs=1, batches/epoch=113
[C12] eval model[0] mean=0.001571 | edge mean=0.001571
  [Client 15] Round 6 | Hier-pFedMe(λ2=35.0, K=3) | loss=0.0712
  [Client 18] Starting Hier-pFedMe | λ2=35.0, η2=0.02, inner_steps=3, epochs=1, batches/epoch=113
  [Client 19] Round 6 | Hier-pFedMe(λ2=35.0, K=3) | loss=0.0389
  [Client 16] Starting Hier-pFedMe | λ2=35.0, η2=0.02, inner_steps=3, epochs=1, batches/epoch=113
[C18] eval model[0] mean=0.001571 | edge mean=0.001571
[C16] eval model[0] mean=0.001571 | edge mean=0.001571
[C14] n=600 | classes=[0, 9] | acc=0.7233 | per_class={0: '0.76', 9: '0.69'}
[C18] n=600 | classes=[1, 9] | acc=0.6717 | per_class={1: '0.73', 9: '0.60'}[C16] n=600 | classes=[1, 8] | acc=0.7167 | per_class={1: '0.69', 8: '0.74'}

[C12] n=600 | classes=[1, 8] | acc=0.7067 | per_class={1: '0.69', 8: '0.73'}
[C14] eval model[0] mean=0.001538 | edge mean=0.001571
[C18] eval model[0] mean=0.001576 | edge mean=0.001571
[C12] eval model[0] mean=0.002202 | edge mean=0.001571
[C16] eval model[0] mean=0.001018 | edge mean=0.001571
[C14] n=600 | classes=[0, 9] | acc=0.8900 | per_class={0: '0.86', 9: '0.92'}
  [Client 14] Round 6 | Hier-pFedMe(λ2=35.0, K=3) | loss=0.0477
  [Client 11] Starting Hier-pFedMe | λ2=35.0, η2=0.02, inner_steps=3, epochs=1, batches/epoch=113
[C11] eval model[0] mean=0.001571 | edge mean=0.001571
[C18] n=600 | classes=[1, 9] | acc=0.7617 | per_class={1: '0.83', 9: '0.69'}
  [Client 18] Round 6 | Hier-pFedMe(λ2=35.0, K=3) | loss=0.0575
  [Client 13] Starting Hier-pFedMe | λ2=35.0, η2=0.02, inner_steps=3, epochs=1, batches/epoch=113
[C16] n=600 | classes=[1, 8] | acc=0.8500 | per_class={1: '0.74', 8: '0.95'}
[C13] eval model[0] mean=0.001571 | edge mean=0.001571
[C12] n=600 | classes=[1, 8] | acc=0.8500 | per_class={1: '0.94', 8: '0.76'}
  [Client 16] Round 6 | Hier-pFedMe(λ2=35.0, K=3) | loss=0.0452
  [Client 12] Round 6 | Hier-pFedMe(λ2=35.0, K=3) | loss=0.0478
[C11] n=600 | classes=[0, 1] | acc=0.6967 | per_class={0: '0.71', 1: '0.69'}
[C13] n=600 | classes=[0, 8] | acc=0.7567 | per_class={0: '0.76', 8: '0.75'}
[C11] eval model[0] mean=0.001375 | edge mean=0.001571
[C13] eval model[0] mean=0.001283 | edge mean=0.001571
[C11] n=600 | classes=[0, 1] | acc=0.8783 | per_class={0: '0.87', 1: '0.89'}
  [Client 11] Round 6 | Hier-pFedMe(λ2=35.0, K=3) | loss=0.0279
[C13] n=600 | classes=[0, 8] | acc=0.7883 | per_class={0: '0.68', 8: '0.90'}
  [Client 13] Round 6 | Hier-pFedMe(λ2=35.0, K=3) | loss=0.0678
  [Edge 1] G6 | E4 | loss=0.0517
  [Edge 1] G6 | E5 | Hier-pFedMe | Selected 10/10
  [Client 11] Received edge weights.
[C11] Test set: samples=600, class_dist={0: 300, 1: 300}
  [Client 17] Received edge weights.
[C17] Test set: samples=600, class_dist={1: 289, 9: 311}
  [Client 18] Received edge weights.
[C18] Test set: samples=600, class_dist={1: 314, 9: 286}
  [Client 12] Received edge weights.
[C12] Test set: samples=600, class_dist={1: 308, 8: 292}
  [Client 19] Received edge weights.
[C19] Test set: samples=600, class_dist={0: 286, 9: 314}
  [Client 14] Received edge weights.
[C14] Test set: samples=600, class_dist={0: 307, 9: 293}
  [Client 16] Received edge weights.
[C16] Test set: samples=600, class_dist={1: 291, 8: 309}
  [Client 15] Received edge weights.
[C15] Test set: samples=600, class_dist={0: 305, 8: 295}
  [Client 10] Received edge weights.
[C10] Test set: samples=600, class_dist={8: 292, 9: 308}
  [Client 13] Received edge weights.
[C13] Test set: samples=600, class_dist={0: 311, 8: 289}
  [Client 12] Starting Hier-pFedMe | λ2=35.0, η2=0.02, inner_steps=3, epochs=1, batches/epoch=113
  [Client 11] Starting Hier-pFedMe | λ2=35.0, η2=0.02, inner_steps=3, epochs=1, batches/epoch=113  [Client 17] Starting Hier-pFedMe | λ2=35.0, η2=0.02, inner_steps=3, epochs=1, batches/epoch=113

  [Client 18] Starting Hier-pFedMe | λ2=35.0, η2=0.02, inner_steps=3, epochs=1, batches/epoch=113
[C12] eval model[0] mean=0.001528 | edge mean=0.001528
[C17] eval model[0] mean=0.001528 | edge mean=0.001528
[C11] eval model[0] mean=0.001528 | edge mean=0.001528
[C18] eval model[0] mean=0.001528 | edge mean=0.001528
[C18] n=600 | classes=[1, 9] | acc=0.6883 | per_class={1: '0.76', 9: '0.61'}
[C12] n=600 | classes=[1, 8] | acc=0.7100 | per_class={1: '0.70', 8: '0.72'}
[C17] n=600 | classes=[1, 9] | acc=0.6867 | per_class={1: '0.72', 9: '0.66'}
[C11] n=600 | classes=[0, 1] | acc=0.7000 | per_class={0: '0.69', 1: '0.71'}
[C18] eval model[0] mean=0.001780 | edge mean=0.001528
[C17] eval model[0] mean=0.001645 | edge mean=0.001528
[C12] eval model[0] mean=0.001909 | edge mean=0.001528
[C11] eval model[0] mean=0.000808 | edge mean=0.001528
[C18] n=600 | classes=[1, 9] | acc=0.7717 | per_class={1: '0.76', 9: '0.79'}
[C11] n=600 | classes=[0, 1] | acc=0.8500 | per_class={0: '0.77', 1: '0.93'}
  [Client 18] Round 6 | Hier-pFedMe(λ2=35.0, K=3) | loss=0.0754
[C12] n=600 | classes=[1, 8] | acc=0.8500 | per_class={1: '0.96', 8: '0.73'}
  [Client 19] Starting Hier-pFedMe | λ2=35.0, η2=0.02, inner_steps=3, epochs=1, batches/epoch=113
[C19] eval model[0] mean=0.001528 | edge mean=0.001528
  [Client 11] Round 6 | Hier-pFedMe(λ2=35.0, K=3) | loss=0.0357
[C17] n=600 | classes=[1, 9] | acc=0.7383 | per_class={1: '0.68', 9: '0.79'}
  [Client 14] Starting Hier-pFedMe | λ2=35.0, η2=0.02, inner_steps=3, epochs=1, batches/epoch=113
[C14] eval model[0] mean=0.001528 | edge mean=0.001528
  [Client 12] Round 6 | Hier-pFedMe(λ2=35.0, K=3) | loss=0.0362
  [Client 16] Starting Hier-pFedMe | λ2=35.0, η2=0.02, inner_steps=3, epochs=1, batches/epoch=113
  [Client 17] Round 6 | Hier-pFedMe(λ2=35.0, K=3) | loss=0.0681
  [Client 15] Starting Hier-pFedMe | λ2=35.0, η2=0.02, inner_steps=3, epochs=1, batches/epoch=113
[C15] eval model[0] mean=0.001528 | edge mean=0.001528
[C16] eval model[0] mean=0.001528 | edge mean=0.001528
[C19] n=600 | classes=[0, 9] | acc=0.7000 | per_class={0: '0.74', 9: '0.67'}
[C14] n=600 | classes=[0, 9] | acc=0.7150 | per_class={0: '0.76', 9: '0.67'}
[C15] n=600 | classes=[0, 8] | acc=0.7317 | per_class={0: '0.76', 8: '0.70'}
[C16] n=600 | classes=[1, 8] | acc=0.7350 | per_class={1: '0.73', 8: '0.74'}
[C14] eval model[0] mean=0.001797 | edge mean=0.001528
[C19] eval model[0] mean=0.001000 | edge mean=0.001528
[C15] eval model[0] mean=0.000766 | edge mean=0.001528
[C16] eval model[0] mean=0.001956 | edge mean=0.001528
[C19] n=600 | classes=[0, 9] | acc=0.8667 | per_class={0: '0.85', 9: '0.89'}
[C14] n=600 | classes=[0, 9] | acc=0.8333 | per_class={0: '0.72', 9: '0.95'}
  [Client 19] Round 6 | Hier-pFedMe(λ2=35.0, K=3) | loss=0.0459
  [Client 10] Starting Hier-pFedMe | λ2=35.0, η2=0.02, inner_steps=3, epochs=1, batches/epoch=113
[C10] eval model[0] mean=0.001528 | edge mean=0.001528
[C15] n=600 | classes=[0, 8] | acc=0.7950 | per_class={0: '0.84', 8: '0.75'}
  [Client 14] Round 6 | Hier-pFedMe(λ2=35.0, K=3) | loss=0.0432
  [Client 13] Starting Hier-pFedMe | λ2=35.0, η2=0.02, inner_steps=3, epochs=1, batches/epoch=113
[C13] eval model[0] mean=0.001528 | edge mean=0.001528
  [Client 15] Round 6 | Hier-pFedMe(λ2=35.0, K=3) | loss=0.0719
[C16] n=600 | classes=[1, 8] | acc=0.8683 | per_class={1: '0.81', 8: '0.92'}
  [Client 16] Round 6 | Hier-pFedMe(λ2=35.0, K=3) | loss=0.0435
[C10] n=600 | classes=[8, 9] | acc=0.7050 | per_class={8: '0.76', 9: '0.66'}
[C13] n=600 | classes=[0, 8] | acc=0.7500 | per_class={0: '0.76', 8: '0.74'}
[C10] eval model[0] mean=0.001253 | edge mean=0.001528
[C13] eval model[0] mean=0.000975 | edge mean=0.001528
[C10] n=600 | classes=[8, 9] | acc=0.8783 | per_class={8: '0.88', 9: '0.88'}
  [Client 10] Round 6 | Hier-pFedMe(λ2=35.0, K=3) | loss=0.0466
[C13] n=600 | classes=[0, 8] | acc=0.8350 | per_class={0: '0.85', 8: '0.82'}
  [Client 13] Round 6 | Hier-pFedMe(λ2=35.0, K=3) | loss=0.0704
  [Edge 1] G6 | E5 | loss=0.0537
[C0] eval model[0] mean=0.004065 | edge mean=0.003102
[C0] n=1000 | classes=[3, 6] | acc=0.8110 | per_class={3: '0.85', 6: '0.77'}
[C1] eval model[0] mean=0.003899 | edge mean=0.003102
[C1] n=1000 | classes=[3, 6] | acc=0.8150 | per_class={3: '0.90', 6: '0.72'}
[C2] eval model[0] mean=0.002848 | edge mean=0.003102
