This job can be monitored from: https://job.c3se.chalmers.se/alvis/6635794
========================================
Job ID      : 6635794
Job Name    : HierFLcifar10
Node        : alvis5-04
Start Time  : Fri May 15 12:17:03 CEST 2026
Working Dir : /cephyr/users/ziangg/Alvis/tf-dpfl
========================================
[Setup] Python: /cephyr/users/ziangg/Alvis/tf-dpfl/bin/python
[Setup] TF version: 2.15.1
[Setup] GPU available: [PhysicalDevice(name='/physical_device:GPU:0', device_type='GPU')]
[Config] Override: wandb.enabled = True
[Setup] Random seed: 42
[Setup] Loading dataset...
[Data] CIFAR-10 from Mimer: /mimer/NOBACKUP/Datasets/CIFAR
[Setup] Building global model...
Model: "cifar_cnn_3conv"
_________________________________________________________________
 Layer (type)                Output Shape              Param #   
=================================================================
 input_1 (InputLayer)        [(None, 32, 32, 3)]       0         
                                                                 
 conv2d (Conv2D)             (None, 32, 32, 32)        896       
                                                                 
 batch_normalization (Batch  (None, 32, 32, 32)        128       
 Normalization)                                                  
                                                                 
 re_lu (ReLU)                (None, 32, 32, 32)        0         
                                                                 
 conv2d_1 (Conv2D)           (None, 32, 32, 64)        18496     
                                                                 
 batch_normalization_1 (Bat  (None, 32, 32, 64)        256       
 chNormalization)                                                
                                                                 
 re_lu_1 (ReLU)              (None, 32, 32, 64)        0         
                                                                 
 max_pooling2d (MaxPooling2  (None, 16, 16, 64)        0         
 D)                                                              
                                                                 
 conv2d_2 (Conv2D)           (None, 16, 16, 128)       73856     
                                                                 
 batch_normalization_2 (Bat  (None, 16, 16, 128)       512       
 chNormalization)                                                
                                                                 
 re_lu_2 (ReLU)              (None, 16, 16, 128)       0         
                                                                 
 conv2d_3 (Conv2D)           (None, 16, 16, 128)       147584    
                                                                 
 batch_normalization_3 (Bat  (None, 16, 16, 128)       512       
 chNormalization)                                                
                                                                 
 re_lu_3 (ReLU)              (None, 16, 16, 128)       0         
                                                                 
 max_pooling2d_1 (MaxPoolin  (None, 8, 8, 128)         0         
 g2D)                                                            
                                                                 
 spatial_dropout2d (Spatial  (None, 8, 8, 128)         0         
 Dropout2D)                                                      
                                                                 
 conv2d_4 (Conv2D)           (None, 8, 8, 256)         295168    
                                                                 
 batch_normalization_4 (Bat  (None, 8, 8, 256)         1024      
 chNormalization)                                                
                                                                 
 re_lu_4 (ReLU)              (None, 8, 8, 256)         0         
                                                                 
 conv2d_5 (Conv2D)           (None, 8, 8, 256)         590080    
                                                                 
 batch_normalization_5 (Bat  (None, 8, 8, 256)         1024      
 chNormalization)                                                
                                                                 
 re_lu_5 (ReLU)              (None, 8, 8, 256)         0         
                                                                 
 max_pooling2d_2 (MaxPoolin  (None, 4, 4, 256)         0         
 g2D)                                                            
                                                                 
 flatten (Flatten)           (None, 4096)              0         
                                                                 
 dropout (Dropout)           (None, 4096)              0         
                                                                 
 dense (Dense)               (None, 1024)              4195328   
                                                                 
 dense_1 (Dense)             (None, 512)               524800    
                                                                 
 dropout_1 (Dropout)         (None, 512)               0         
                                                                 
 dense_2 (Dense)             (None, 10)                5130      
                                                                 
=================================================================
Total params: 5854794 (22.33 MB)
Trainable params: 5853066 (22.33 MB)
Non-trainable params: 1728 (6.75 KB)
_________________________________________________________________
[Setup] Building clients...

[Superclass-aware partition] 2 edges, 2 classes/client

  Edge 0 (class pool: [2, 3, 4, 5, 6, 7]):
  Client       Samples    Classes held                        Out-of-pool?
  ---------------------------------------------------------------------------
  client_0     4000       [3, 6]                              OK
  client_1     4000       [3, 6]                              OK
  client_2     4000       [2, 5]                              OK
  client_3     4000       [5, 7]                              OK
  client_4     4000       [2, 7]                              OK
  client_5     4000       [2, 4]                              OK
  client_6     4000       [6, 7]                              OK
  client_7     4000       [3, 5]                              OK
  client_8     2000       [4]                                 OK
  client_9     2000       [4]                                 OK

  Edge 1 (class pool: [0, 1, 8, 9]):
  Client       Samples    Classes held                        Out-of-pool?
  ---------------------------------------------------------------------------
  client_10    2400       [8, 9]                              OK
  client_11    2400       [0, 1]                              OK
  client_12    2400       [1, 8]                              OK
  client_13    2400       [0, 8]                              OK
  client_14    2400       [0, 9]                              OK
  client_15    2400       [0, 8]                              OK
  client_16    2400       [1, 8]                              OK
  client_17    2400       [1, 9]                              OK
  client_18    2400       [1, 9]                              OK
  client_19    2400       [0, 9]                              OK

[Train/Test split] 20 clients | avg train=2250, avg test=750 samples (ratio=0.25)
[Setup] 20 clients built (superclass_pathological) | per-client test sets injected
[Setup] Building edge servers...
[Assignment] Using pre-baked superclass assignments | 2 edges
[EdgeServer 0] 10 clients | 27000 samples
[EdgeServer 1] 10 clients | 18000 samples

[Setup] Built 2 edge servers (strategy=superclass_baked)
  Edge 0: 10 clients | 27000 samples
  Edge 1: 10 clients | 18000 samples
[Setup] Building per-edge test datasets (superclass-aware)...
[CloudServer] 2 edges | model: 22.33 MB

====================================================
 HierFAVG Training Start
====================================================

[Round   1] Broadcasting to 2 edges...
  [Edge 0] W_n reset to global weights for new round.
  [Edge 1] W_n reset to global weights for new round.
  [Edge 0] G1 | E1 | Hier-pFedMe | Selected 10/10
  [Client  3] Received edge weights.
  [Client  6] Received edge weights.
  [Client  9] Received edge weights.
  [Client  8] Received edge weights.
  [Client  7] Received edge weights.
  [Client  1] Received edge weights.
  [Client  4] Received edge weights.
  [Client  0] Received edge weights.
  [Client  5] Received edge weights.
  [Client  2] Received edge weights.
  [Client  6] Round 1 | Hier-pFedMe(λ2=35.0,K=10) | loss=0.1238
  [Client  3] Round 1 | Hier-pFedMe(λ2=35.0,K=10) | loss=0.0733
  [Client  8] Round 1 | Hier-pFedMe(λ2=35.0,K=10) | loss=0.0000
  [Client  9] Round 1 | Hier-pFedMe(λ2=35.0,K=10) | loss=0.0000
  [Client  7] Round 1 | Hier-pFedMe(λ2=35.0,K=10) | loss=0.1272
  [Client  1] Round 1 | Hier-pFedMe(λ2=35.0,K=10) | loss=0.3537
  [Client  0] Round 1 | Hier-pFedMe(λ2=35.0,K=10) | loss=0.2409
  [Client  4] Round 1 | Hier-pFedMe(λ2=35.0,K=10) | loss=0.0713
  [Client  5] Round 1 | Hier-pFedMe(λ2=35.0,K=10) | loss=0.1629
  [Client  2] Round 1 | Hier-pFedMe(λ2=35.0,K=10) | loss=0.0168
  [Edge 0] G1 | E1 | loss=0.1300
  [Edge 0] G1 | E2 | Hier-pFedMe | Selected 10/10
  [Client  3] Received edge weights.
  [Client  0] Received edge weights.
  [Client  7] Received edge weights.
  [Client  9] Received edge weights.
  [Client  6] Received edge weights.
  [Client  4] Received edge weights.
  [Client  2] Received edge weights.
  [Client  8] Received edge weights.
  [Client  5] Received edge weights.
  [Client  1] Received edge weights.
  [Client  7] Round 1 | Hier-pFedMe(λ2=35.0,K=10) | loss=0.0073
  [Client  0] Round 1 | Hier-pFedMe(λ2=35.0,K=10) | loss=0.0072
  [Client  3] Round 1 | Hier-pFedMe(λ2=35.0,K=10) | loss=0.0075
  [Client  9] Round 1 | Hier-pFedMe(λ2=35.0,K=10) | loss=0.0000
  [Client  6] Round 1 | Hier-pFedMe(λ2=35.0,K=10) | loss=0.0025
  [Client  4] Round 1 | Hier-pFedMe(λ2=35.0,K=10) | loss=0.0039
  [Client  2] Round 1 | Hier-pFedMe(λ2=35.0,K=10) | loss=0.0172
  [Client  8] Round 1 | Hier-pFedMe(λ2=35.0,K=10) | loss=0.0000
  [Client  5] Round 1 | Hier-pFedMe(λ2=35.0,K=10) | loss=0.0107
  [Client  1] Round 1 | Hier-pFedMe(λ2=35.0,K=10) | loss=0.0167
  [Edge 0] G1 | E2 | loss=0.0081
  [Edge 0] G1 | E3 | Hier-pFedMe | Selected 10/10
  [Client  9] Received edge weights.
  [Client  7] Received edge weights.
  [Client  8] Received edge weights.
  [Client  6] Received edge weights.
  [Client  4] Received edge weights.
  [Client  1] Received edge weights.
  [Client  0] Received edge weights.
  [Client  3] Received edge weights.
  [Client  5] Received edge weights.
  [Client  2] Received edge weights.
  [Client  9] Round 1 | Hier-pFedMe(λ2=35.0,K=10) | loss=0.0000
  [Client  7] Round 1 | Hier-pFedMe(λ2=35.0,K=10) | loss=0.0036
  [Client  8] Round 1 | Hier-pFedMe(λ2=35.0,K=10) | loss=0.0000
  [Client  6] Round 1 | Hier-pFedMe(λ2=35.0,K=10) | loss=0.0011
  [Client  4] Round 1 | Hier-pFedMe(λ2=35.0,K=10) | loss=0.0071
  [Client  1] Round 1 | Hier-pFedMe(λ2=35.0,K=10) | loss=0.0066
  [Client  0] Round 1 | Hier-pFedMe(λ2=35.0,K=10) | loss=0.0052
  [Client  3] Round 1 | Hier-pFedMe(λ2=35.0,K=10) | loss=0.0125
  [Client  5] Round 1 | Hier-pFedMe(λ2=35.0,K=10) | loss=0.0124
  [Client  2] Round 1 | Hier-pFedMe(λ2=35.0,K=10) | loss=0.0092
  [Edge 0] G1 | E3 | loss=0.0064
  [Edge 0] G1 | E4 | Hier-pFedMe | Selected 10/10
  [Client  8] Received edge weights.
  [Client  6] Received edge weights.
  [Client  0] Received edge weights.
  [Client  9] Received edge weights.
  [Client  7] Received edge weights.
  [Client  3] Received edge weights.
  [Client  5] Received edge weights.
  [Client  2] Received edge weights.
  [Client  1] Received edge weights.
  [Client  4] Received edge weights.
  [Client  0] Round 1 | Hier-pFedMe(λ2=35.0,K=10) | loss=0.0069
  [Client  8] Round 1 | Hier-pFedMe(λ2=35.0,K=10) | loss=0.0000
  [Client  9] Round 1 | Hier-pFedMe(λ2=35.0,K=10) | loss=0.0000
  [Client  6] Round 1 | Hier-pFedMe(λ2=35.0,K=10) | loss=0.0051
  [Client  3] Round 1 | Hier-pFedMe(λ2=35.0,K=10) | loss=0.0131
  [Client  7] Round 1 | Hier-pFedMe(λ2=35.0,K=10) | loss=0.0071
  [Client  5] Round 1 | Hier-pFedMe(λ2=35.0,K=10) | loss=0.0085
  [Client  2] Round 1 | Hier-pFedMe(λ2=35.0,K=10) | loss=0.0050
  [Client  1] Round 1 | Hier-pFedMe(λ2=35.0,K=10) | loss=0.0054
  [Client  4] Round 1 | Hier-pFedMe(λ2=35.0,K=10) | loss=0.0034
  [Edge 0] G1 | E4 | loss=0.0060
  [Edge 0] G1 | E5 | Hier-pFedMe | Selected 10/10
  [Client  8] Received edge weights.
  [Client  1] Received edge weights.
  [Client  7] Received edge weights.
  [Client  4] Received edge weights.
  [Client  5] Received edge weights.
  [Client  9] Received edge weights.
  [Client  3] Received edge weights.
  [Client  0] Received edge weights.
  [Client  6] Received edge weights.
  [Client  2] Received edge weights.
  [Client  1] Round 1 | Hier-pFedMe(λ2=35.0,K=10) | loss=0.0019
  [Client  8] Round 1 | Hier-pFedMe(λ2=35.0,K=10) | loss=0.0000
  [Client  4] Round 1 | Hier-pFedMe(λ2=35.0,K=10) | loss=0.0036
  [Client  7] Round 1 | Hier-pFedMe(λ2=35.0,K=10) | loss=0.0107
  [Client  5] Round 1 | Hier-pFedMe(λ2=35.0,K=10) | loss=0.0141
  [Client  9] Round 1 | Hier-pFedMe(λ2=35.0,K=10) | loss=0.0000
  [Client  3] Round 1 | Hier-pFedMe(λ2=35.0,K=10) | loss=0.0014
  [Client  0] Round 1 | Hier-pFedMe(λ2=35.0,K=10) | loss=0.0038
  [Client  6] Round 1 | Hier-pFedMe(λ2=35.0,K=10) | loss=0.0049
  [Client  2] Round 1 | Hier-pFedMe(λ2=35.0,K=10) | loss=0.0028
  [Edge 0] G1 | E5 | loss=0.0048
  [Edge 1] G1 | E1 | Hier-pFedMe | Selected 10/10
  [Client 10] Received edge weights.
  [Client 19] Received edge weights.
  [Client 13] Received edge weights.
  [Client 17] Received edge weights.
  [Client 12] Received edge weights.
  [Client 14] Received edge weights.
  [Client 15] Received edge weights.
  [Client 11] Received edge weights.
  [Client 16] Received edge weights.
  [Client 18] Received edge weights.
  [Client 19] Round 1 | Hier-pFedMe(λ2=35.0,K=10) | loss=0.1896
  [Client 17] Round 1 | Hier-pFedMe(λ2=35.0,K=10) | loss=0.3507
  [Client 13] Round 1 | Hier-pFedMe(λ2=35.0,K=10) | loss=0.1149
  [Client 10] Round 1 | Hier-pFedMe(λ2=35.0,K=10) | loss=0.0160
  [Client 12] Round 1 | Hier-pFedMe(λ2=35.0,K=10) | loss=0.0888
  [Client 15] Round 1 | Hier-pFedMe(λ2=35.0,K=10) | loss=0.2660
  [Client 14] Round 1 | Hier-pFedMe(λ2=35.0,K=10) | loss=0.0057
  [Client 11] Round 1 | Hier-pFedMe(λ2=35.0,K=10) | loss=0.2719
  [Client 16] Round 1 | Hier-pFedMe(λ2=35.0,K=10) | loss=0.1273
  [Client 18] Round 1 | Hier-pFedMe(λ2=35.0,K=10) | loss=0.0465
  [Edge 1] G1 | E1 | loss=0.1477
  [Edge 1] G1 | E2 | Hier-pFedMe | Selected 10/10
  [Client 11] Received edge weights.
  [Client 15] Received edge weights.
  [Client 19] Received edge weights.
  [Client 16] Received edge weights.
  [Client 18] Received edge weights.
  [Client 14] Received edge weights.
  [Client 17] Received edge weights.
  [Client 12] Received edge weights.
  [Client 13] Received edge weights.
  [Client 10] Received edge weights.
  [Client 11] Round 1 | Hier-pFedMe(λ2=35.0,K=10) | loss=0.0107
  [Client 15] Round 1 | Hier-pFedMe(λ2=35.0,K=10) | loss=0.0142
  [Client 16] Round 1 | Hier-pFedMe(λ2=35.0,K=10) | loss=0.0068
  [Client 19] Round 1 | Hier-pFedMe(λ2=35.0,K=10) | loss=0.0041
  [Client 18] Round 1 | Hier-pFedMe(λ2=35.0,K=10) | loss=0.0108
  [Client 14] Round 1 | Hier-pFedMe(λ2=35.0,K=10) | loss=0.0069
  [Client 17] Round 1 | Hier-pFedMe(λ2=35.0,K=10) | loss=0.0171
  [Client 12] Round 1 | Hier-pFedMe(λ2=35.0,K=10) | loss=0.0033
  [Client 13] Round 1 | Hier-pFedMe(λ2=35.0,K=10) | loss=0.0146
  [Client 10] Round 1 | Hier-pFedMe(λ2=35.0,K=10) | loss=0.0128
  [Edge 1] G1 | E2 | loss=0.0101
  [Edge 1] G1 | E3 | Hier-pFedMe | Selected 10/10
  [Client 10] Received edge weights.
  [Client 14] Received edge weights.
  [Client 15] Received edge weights.
  [Client 12] Received edge weights.
  [Client 18] Received edge weights.
  [Client 11] Received edge weights.
  [Client 16] Received edge weights.
  [Client 13] Received edge weights.
  [Client 17] Received edge weights.
  [Client 19] Received edge weights.
  [Client 10] Round 1 | Hier-pFedMe(λ2=35.0,K=10) | loss=0.0013
  [Client 14] Round 1 | Hier-pFedMe(λ2=35.0,K=10) | loss=0.0131
  [Client 15] Round 1 | Hier-pFedMe(λ2=35.0,K=10) | loss=0.0030
  [Client 12] Round 1 | Hier-pFedMe(λ2=35.0,K=10) | loss=0.0032
  [Client 18] Round 1 | Hier-pFedMe(λ2=35.0,K=10) | loss=0.0040
  [Client 11] Round 1 | Hier-pFedMe(λ2=35.0,K=10) | loss=0.0063
  [Client 16] Round 1 | Hier-pFedMe(λ2=35.0,K=10) | loss=0.0031
  [Client 13] Round 1 | Hier-pFedMe(λ2=35.0,K=10) | loss=0.0012
  [Client 17] Round 1 | Hier-pFedMe(λ2=35.0,K=10) | loss=0.0229
  [Client 19] Round 1 | Hier-pFedMe(λ2=35.0,K=10) | loss=0.0027
  [Edge 1] G1 | E3 | loss=0.0061
  [Edge 1] G1 | E4 | Hier-pFedMe | Selected 10/10
  [Client 12] Received edge weights.
  [Client 18] Received edge weights.
  [Client 14] Received edge weights.
  [Client 15] Received edge weights.
  [Client 10] Received edge weights.
  [Client 13] Received edge weights.
  [Client 11] Received edge weights.
  [Client 16] Received edge weights.
  [Client 19] Received edge weights.
  [Client 17] Received edge weights.
  [Client 12] Round 1 | Hier-pFedMe(λ2=35.0,K=10) | loss=0.0043
  [Client 18] Round 1 | Hier-pFedMe(λ2=35.0,K=10) | loss=0.0053
  [Client 14] Round 1 | Hier-pFedMe(λ2=35.0,K=10) | loss=0.0016
  [Client 15] Round 1 | Hier-pFedMe(λ2=35.0,K=10) | loss=0.0046
  [Client 10] Round 1 | Hier-pFedMe(λ2=35.0,K=10) | loss=0.0027
  [Client 13] Round 1 | Hier-pFedMe(λ2=35.0,K=10) | loss=0.0180
  [Client 11] Round 1 | Hier-pFedMe(λ2=35.0,K=10) | loss=0.0029
  [Client 16] Round 1 | Hier-pFedMe(λ2=35.0,K=10) | loss=0.0038
  [Client 19] Round 1 | Hier-pFedMe(λ2=35.0,K=10) | loss=0.0038
  [Client 17] Round 1 | Hier-pFedMe(λ2=35.0,K=10) | loss=0.0044
  [Edge 1] G1 | E4 | loss=0.0051
  [Edge 1] G1 | E5 | Hier-pFedMe | Selected 10/10
  [Client 13] Received edge weights.
  [Client 16] Received edge weights.
  [Client 18] Received edge weights.
  [Client 19] Received edge weights.
  [Client 17] Received edge weights.
  [Client 15] Received edge weights.
  [Client 12] Received edge weights.
  [Client 14] Received edge weights.
  [Client 11] Received edge weights.
  [Client 10] Received edge weights.
  [Client 16] Round 1 | Hier-pFedMe(λ2=35.0,K=10) | loss=0.0051
  [Client 18] Round 1 | Hier-pFedMe(λ2=35.0,K=10) | loss=0.0254
  [Client 13] Round 1 | Hier-pFedMe(λ2=35.0,K=10) | loss=0.0091
  [Client 19] Round 1 | Hier-pFedMe(λ2=35.0,K=10) | loss=0.0040
  [Client 17] Round 1 | Hier-pFedMe(λ2=35.0,K=10) | loss=0.0734
  [Client 15] Round 1 | Hier-pFedMe(λ2=35.0,K=10) | loss=0.0022
  [Client 12] Round 1 | Hier-pFedMe(λ2=35.0,K=10) | loss=0.0063
  [Client 14] Round 1 | Hier-pFedMe(λ2=35.0,K=10) | loss=0.0078
  [Client 11] Round 1 | Hier-pFedMe(λ2=35.0,K=10) | loss=0.0049
  [Client 10] Round 1 | Hier-pFedMe(λ2=35.0,K=10) | loss=0.0028
  [Edge 1] G1 | E5 | loss=0.0141
[C0] eval model[0] mean=-0.004217 | θ̃ mean=-0.004217 | edge mean=-0.004018 |local ref=-0.004216
[C0] n=1000 | classes=[3, 6] | acc=0.5600 | per_class={3: '0.22', 6: '0.92'}
[C1] eval model[0] mean=-0.003783 | θ̃ mean=-0.003783 | edge mean=-0.004018 |local ref=-0.003776
[C1] n=1000 | classes=[3, 6] | acc=0.6680 | per_class={3: '0.46', 6: '0.89'}
[C2] eval model[0] mean=-0.003184 | θ̃ mean=-0.003184 | edge mean=-0.004018 |local ref=-0.003182
[C2] n=1000 | classes=[2, 5] | acc=0.5540 | per_class={2: '0.95', 5: '0.14'}
[C3] eval model[0] mean=-0.004189 | θ̃ mean=-0.004189 | edge mean=-0.004018 |local ref=-0.004185
[C3] n=1000 | classes=[5, 7] | acc=0.5250 | per_class={5: '0.14', 7: '0.92'}
[C4] eval model[0] mean=-0.004404 | θ̃ mean=-0.004404 | edge mean=-0.004018 |local ref=-0.004398
[C4] n=1000 | classes=[2, 7] | acc=0.6850 | per_class={2: '0.72', 7: '0.65'}
[C5] eval model[0] mean=-0.003822 | θ̃ mean=-0.003822 | edge mean=-0.004018 |local ref=-0.003816
[C5] n=1000 | classes=[2, 4] | acc=0.5380 | per_class={2: '0.34', 4: '0.75'}
[C6] eval model[0] mean=-0.003642 | θ̃ mean=-0.003642 | edge mean=-0.004018 |local ref=-0.003628
[C6] n=1000 | classes=[6, 7] | acc=0.6770 | per_class={6: '0.85', 7: '0.50'}
[C7] eval model[0] mean=-0.004305 | θ̃ mean=-0.004305 | edge mean=-0.004018 |local ref=-0.004316
[C7] n=1000 | classes=[3, 5] | acc=0.4930 | per_class={3: '0.89', 5: '0.12'}
[C8] eval model[0] mean=-0.003988 | θ̃ mean=-0.003988 | edge mean=-0.004018 |local ref=-0.003988
[C8] n=500 | classes=[4] | acc=1.0000 | per_class={4: '1.00'}
[C9] eval model[0] mean=-0.004748 | θ̃ mean=-0.004748 | edge mean=-0.004018 |local ref=-0.004748
[C9] n=500 | classes=[4] | acc=1.0000 | per_class={4: '1.00'}
[C10] eval model[0] mean=-0.002848 | θ̃ mean=-0.002848 | edge mean=-0.003544 |local ref=-0.002850
[C10] n=600 | classes=[8, 9] | acc=0.6983 | per_class={8: '0.93', 9: '0.48'}
[C11] eval model[0] mean=-0.003308 | θ̃ mean=-0.003308 | edge mean=-0.003544 |local ref=-0.003289
[C11] n=600 | classes=[0, 1] | acc=0.6067 | per_class={0: '0.92', 1: '0.29'}
[C12] eval model[0] mean=-0.003691 | θ̃ mean=-0.003691 | edge mean=-0.003544 |local ref=-0.003694
[C12] n=600 | classes=[1, 8] | acc=0.6417 | per_class={1: '0.31', 8: '0.99'}
[C13] eval model[0] mean=-0.004288 | θ̃ mean=-0.004288 | edge mean=-0.003544 |local ref=-0.004281
[C13] n=600 | classes=[0, 8] | acc=0.5433 | per_class={0: '0.93', 8: '0.13'}
[C14] eval model[0] mean=-0.003088 | θ̃ mean=-0.003088 | edge mean=-0.003544 |local ref=-0.003068
[C14] n=600 | classes=[0, 9] | acc=0.5867 | per_class={0: '0.26', 9: '0.93'}
[C15] eval model[0] mean=-0.003379 | θ̃ mean=-0.003379 | edge mean=-0.003544 |local ref=-0.003381
[C15] n=600 | classes=[0, 8] | acc=0.5150 | per_class={0: '0.06', 8: '0.98'}
[C16] eval model[0] mean=-0.002906 | θ̃ mean=-0.002906 | edge mean=-0.003544 |local ref=-0.002911
[C16] n=600 | classes=[1, 8] | acc=0.7267 | per_class={1: '0.56', 8: '0.88'}
[C17] eval model[0] mean=-0.003337 | θ̃ mean=-0.003337 | edge mean=-0.003544 |local ref=-0.003329
[C17] n=600 | classes=[1, 9] | acc=0.5667 | per_class={1: '0.81', 9: '0.34'}
[C18] eval model[0] mean=-0.003208 | θ̃ mean=-0.003208 | edge mean=-0.003544 |local ref=-0.003167
[C18] n=600 | classes=[1, 9] | acc=0.6017 | per_class={1: '0.47', 9: '0.74'}
[C19] eval model[0] mean=-0.001589 | θ̃ mean=-0.001589 | edge mean=-0.003544 |local ref=-0.001585
[C19] n=600 | classes=[0, 9] | acc=0.7633 | per_class={0: '0.80', 9: '0.73'}
  [Cloud] GM=0.1016 | EM=0.2435 PM=0.6300 | loss=2.3114 | time=82.9s | comm=4556.2MB (total=4556MB)

[Round   2] Broadcasting to 2 edges...
  [Edge 0] W_n reset to global weights for new round.
  [Edge 1] W_n reset to global weights for new round.
  [Edge 0] G2 | E1 | Hier-pFedMe | Selected 10/10
  [Client  9] Received edge weights.
  [Client  2] Received edge weights.
  [Client  6] Received edge weights.
  [Client  8] Received edge weights.
  [Client  5] Received edge weights.
  [Client  1] Received edge weights.
  [Client  4] Received edge weights.
  [Client  0] Received edge weights.
  [Client  7] Received edge weights.
  [Client  3] Received edge weights.
  [Client  9] Round 2 | Hier-pFedMe(λ2=35.0,K=10) | loss=0.0000
  [Client  2] Round 2 | Hier-pFedMe(λ2=35.0,K=10) | loss=0.0037
  [Client  6] Round 2 | Hier-pFedMe(λ2=35.0,K=10) | loss=0.0054
  [Client  8] Round 2 | Hier-pFedMe(λ2=35.0,K=10) | loss=0.0000
  [Client  5] Round 2 | Hier-pFedMe(λ2=35.0,K=10) | loss=0.0037
  [Client  1] Round 2 | Hier-pFedMe(λ2=35.0,K=10) | loss=0.0051
  [Client  4] Round 2 | Hier-pFedMe(λ2=35.0,K=10) | loss=0.0079
  [Client  0] Round 2 | Hier-pFedMe(λ2=35.0,K=10) | loss=0.0016
  [Client  7] Round 2 | Hier-pFedMe(λ2=35.0,K=10) | loss=0.0056
  [Client  3] Round 2 | Hier-pFedMe(λ2=35.0,K=10) | loss=0.0101
  [Edge 0] G2 | E1 | loss=0.0048
  [Edge 0] G2 | E2 | Hier-pFedMe | Selected 10/10
  [Client  1] Received edge weights.
  [Client  5] Received edge weights.
  [Client  6] Received edge weights.
  [Client  8] Received edge weights.
  [Client  4] Received edge weights.
  [Client  3] Received edge weights.
  [Client  0] Received edge weights.
  [Client  7] Received edge weights.
  [Client  9] Received edge weights.
  [Client  2] Received edge weights.
  [Client  8] Round 2 | Hier-pFedMe(λ2=35.0,K=10) | loss=0.0000
  [Client  1] Round 2 | Hier-pFedMe(λ2=35.0,K=10) | loss=0.0139
  [Client  5] Round 2 | Hier-pFedMe(λ2=35.0,K=10) | loss=0.0153
  [Client  6] Round 2 | Hier-pFedMe(λ2=35.0,K=10) | loss=0.0031
  [Client  4] Round 2 | Hier-pFedMe(λ2=35.0,K=10) | loss=0.0032
  [Client  3] Round 2 | Hier-pFedMe(λ2=35.0,K=10) | loss=0.0009
  [Client  0] Round 2 | Hier-pFedMe(λ2=35.0,K=10) | loss=0.0119
  [Client  7] Round 2 | Hier-pFedMe(λ2=35.0,K=10) | loss=0.0010
  [Client  9] Round 2 | Hier-pFedMe(λ2=35.0,K=10) | loss=0.0000
  [Client  2] Round 2 | Hier-pFedMe(λ2=35.0,K=10) | loss=0.0225
  [Edge 0] G2 | E2 | loss=0.0080
  [Edge 0] G2 | E3 | Hier-pFedMe | Selected 10/10
  [Client  6] Received edge weights.
  [Client  8] Received edge weights.
  [Client  3] Received edge weights.
  [Client  1] Received edge weights.
  [Client  9] Received edge weights.
  [Client  0] Received edge weights.
  [Client  5] Received edge weights.
  [Client  4] Received edge weights.
  [Client  7] Received edge weights.
  [Client  2] Received edge weights.
  [Client  6] Round 2 | Hier-pFedMe(λ2=35.0,K=10) | loss=0.0031
  [Client  1] Round 2 | Hier-pFedMe(λ2=35.0,K=10) | loss=0.0042
  [Client  3] Round 2 | Hier-pFedMe(λ2=35.0,K=10) | loss=0.0019
  [Client  8] Round 2 | Hier-pFedMe(λ2=35.0,K=10) | loss=0.0000
  [Client  9] Round 2 | Hier-pFedMe(λ2=35.0,K=10) | loss=0.0000
  [Client  0] Round 2 | Hier-pFedMe(λ2=35.0,K=10) | loss=0.0015
  [Client  5] Round 2 | Hier-pFedMe(λ2=35.0,K=10) | loss=0.0071
  [Client  4] Round 2 | Hier-pFedMe(λ2=35.0,K=10) | loss=0.0036
  [Client  7] Round 2 | Hier-pFedMe(λ2=35.0,K=10) | loss=0.0037
  [Client  2] Round 2 | Hier-pFedMe(λ2=35.0,K=10) | loss=0.0042
  [Edge 0] G2 | E3 | loss=0.0033
  [Edge 0] G2 | E4 | Hier-pFedMe | Selected 10/10
  [Client  5] Received edge weights.
  [Client  1] Received edge weights.
  [Client  6] Received edge weights.
  [Client  2] Received edge weights.
  [Client  8] Received edge weights.
  [Client  0] Received edge weights.
  [Client  7] Received edge weights.
  [Client  4] Received edge weights.
  [Client  3] Received edge weights.
  [Client  9] Received edge weights.
  [Client  2] Round 2 | Hier-pFedMe(λ2=35.0,K=10) | loss=0.0039
  [Client  5] Round 2 | Hier-pFedMe(λ2=35.0,K=10) | loss=0.0093
  [Client  6] Round 2 | Hier-pFedMe(λ2=35.0,K=10) | loss=0.0039
  [Client  1] Round 2 | Hier-pFedMe(λ2=35.0,K=10) | loss=0.0021
  [Client  8] Round 2 | Hier-pFedMe(λ2=35.0,K=10) | loss=0.0000
  [Client  0] Round 2 | Hier-pFedMe(λ2=35.0,K=10) | loss=0.0075
  [Client  7] Round 2 | Hier-pFedMe(λ2=35.0,K=10) | loss=0.0026
  [Client  4] Round 2 | Hier-pFedMe(λ2=35.0,K=10) | loss=0.0027
  [Client  3] Round 2 | Hier-pFedMe(λ2=35.0,K=10) | loss=0.0040
  [Client  9] Round 2 | Hier-pFedMe(λ2=35.0,K=10) | loss=0.0000
  [Edge 0] G2 | E4 | loss=0.0040
  [Edge 0] G2 | E5 | Hier-pFedMe | Selected 10/10
  [Client  6] Received edge weights.
  [Client  2] Received edge weights.
  [Client  5] Received edge weights.
  [Client  1] Received edge weights.
  [Client  8] Received edge weights.
  [Client  9] Received edge weights.
  [Client  3] Received edge weights.
  [Client  7] Received edge weights.
  [Client  4] Received edge weights.
  [Client  0] Received edge weights.
  [Client  5] Round 2 | Hier-pFedMe(λ2=35.0,K=10) | loss=0.0030
  [Client  1] Round 2 | Hier-pFedMe(λ2=35.0,K=10) | loss=0.0025
  [Client  2] Round 2 | Hier-pFedMe(λ2=35.0,K=10) | loss=0.0045
  [Client  6] Round 2 | Hier-pFedMe(λ2=35.0,K=10) | loss=0.0029
  [Client  8] Round 2 | Hier-pFedMe(λ2=35.0,K=10) | loss=0.0000
  [Client  9] Round 2 | Hier-pFedMe(λ2=35.0,K=10) | loss=0.0000
  [Client  3] Round 2 | Hier-pFedMe(λ2=35.0,K=10) | loss=0.0017
  [Client  7] Round 2 | Hier-pFedMe(λ2=35.0,K=10) | loss=0.0058
  [Client  4] Round 2 | Hier-pFedMe(λ2=35.0,K=10) | loss=0.0030
  [Client  0] Round 2 | Hier-pFedMe(λ2=35.0,K=10) | loss=0.0044
  [Edge 0] G2 | E5 | loss=0.0031
  [Edge 1] G2 | E1 | Hier-pFedMe | Selected 10/10
  [Client 14] Received edge weights.
  [Client 16] Received edge weights.
  [Client 17] Received edge weights.
  [Client 11] Received edge weights.
  [Client 13] Received edge weights.
  [Client 19] Received edge weights.
  [Client 12] Received edge weights.
  [Client 10] Received edge weights.
  [Client 15] Received edge weights.
  [Client 18] Received edge weights.
  [Client 11] Round 2 | Hier-pFedMe(λ2=35.0,K=10) | loss=0.0032
  [Client 14] Round 2 | Hier-pFedMe(λ2=35.0,K=10) | loss=0.0017
  [Client 16] Round 2 | Hier-pFedMe(λ2=35.0,K=10) | loss=0.0030
  [Client 17] Round 2 | Hier-pFedMe(λ2=35.0,K=10) | loss=0.0037
  [Client 13] Round 2 | Hier-pFedMe(λ2=35.0,K=10) | loss=0.0099
  [Client 19] Round 2 | Hier-pFedMe(λ2=35.0,K=10) | loss=0.0013
  [Client 12] Round 2 | Hier-pFedMe(λ2=35.0,K=10) | loss=0.0049
  [Client 10] Round 2 | Hier-pFedMe(λ2=35.0,K=10) | loss=0.0019
  [Client 15] Round 2 | Hier-pFedMe(λ2=35.0,K=10) | loss=0.0021
  [Client 18] Round 2 | Hier-pFedMe(λ2=35.0,K=10) | loss=0.0040
  [Edge 1] G2 | E1 | loss=0.0036
  [Edge 1] G2 | E2 | Hier-pFedMe | Selected 10/10
  [Client 12] Received edge weights.
  [Client 11] Received edge weights.
  [Client 10] Received edge weights.
  [Client 13] Received edge weights.
  [Client 17] Received edge weights.
  [Client 19] Received edge weights.
  [Client 16] Received edge weights.
  [Client 18] Received edge weights.
  [Client 15] Received edge weights.
  [Client 14] Received edge weights.
  [Client 10] Round 2 | Hier-pFedMe(λ2=35.0,K=10) | loss=0.0008
  [Client 11] Round 2 | Hier-pFedMe(λ2=35.0,K=10) | loss=0.0037
  [Client 13] Round 2 | Hier-pFedMe(λ2=35.0,K=10) | loss=0.0121
  [Client 12] Round 2 | Hier-pFedMe(λ2=35.0,K=10) | loss=0.0038
  [Client 17] Round 2 | Hier-pFedMe(λ2=35.0,K=10) | loss=0.0096
  [Client 19] Round 2 | Hier-pFedMe(λ2=35.0,K=10) | loss=0.0013
  [Client 16] Round 2 | Hier-pFedMe(λ2=35.0,K=10) | loss=0.0032
  [Client 18] Round 2 | Hier-pFedMe(λ2=35.0,K=10) | loss=0.0021
  [Client 15] Round 2 | Hier-pFedMe(λ2=35.0,K=10) | loss=0.0378
  [Client 14] Round 2 | Hier-pFedMe(λ2=35.0,K=10) | loss=0.0022
  [Edge 1] G2 | E2 | loss=0.0077
  [Edge 1] G2 | E3 | Hier-pFedMe | Selected 10/10
  [Client 13] Received edge weights.
  [Client 10] Received edge weights.
  [Client 14] Received edge weights.
  [Client 12] Received edge weights.
  [Client 17] Received edge weights.
  [Client 18] Received edge weights.
  [Client 16] Received edge weights.
  [Client 19] Received edge weights.
  [Client 15] Received edge weights.
  [Client 11] Received edge weights.
  [Client 13] Round 2 | Hier-pFedMe(λ2=35.0,K=10) | loss=0.0051
  [Client 14] Round 2 | Hier-pFedMe(λ2=35.0,K=10) | loss=0.0021
  [Client 12] Round 2 | Hier-pFedMe(λ2=35.0,K=10) | loss=0.0021
  [Client 10] Round 2 | Hier-pFedMe(λ2=35.0,K=10) | loss=0.0031
  [Client 17] Round 2 | Hier-pFedMe(λ2=35.0,K=10) | loss=0.0024
  [Client 18] Round 2 | Hier-pFedMe(λ2=35.0,K=10) | loss=0.0027
  [Client 16] Round 2 | Hier-pFedMe(λ2=35.0,K=10) | loss=0.0054
  [Client 19] Round 2 | Hier-pFedMe(λ2=35.0,K=10) | loss=0.0030
  [Client 15] Round 2 | Hier-pFedMe(λ2=35.0,K=10) | loss=0.0065
  [Client 11] Round 2 | Hier-pFedMe(λ2=35.0,K=10) | loss=0.0041
  [Edge 1] G2 | E3 | loss=0.0037
  [Edge 1] G2 | E4 | Hier-pFedMe | Selected 10/10
  [Client 11] Received edge weights.
  [Client 15] Received edge weights.
  [Client 14] Received edge weights.
  [Client 19] Received edge weights.
  [Client 12] Received edge weights.
  [Client 17] Received edge weights.
  [Client 10] Received edge weights.
  [Client 13] Received edge weights.
  [Client 16] Received edge weights.
  [Client 18] Received edge weights.
  [Client 14] Round 2 | Hier-pFedMe(λ2=35.0,K=10) | loss=0.0015
  [Client 15] Round 2 | Hier-pFedMe(λ2=35.0,K=10) | loss=0.0035
  [Client 19] Round 2 | Hier-pFedMe(λ2=35.0,K=10) | loss=0.0024
  [Client 11] Round 2 | Hier-pFedMe(λ2=35.0,K=10) | loss=0.0023
  [Client 12] Round 2 | Hier-pFedMe(λ2=35.0,K=10) | loss=0.0042
  [Client 17] Round 2 | Hier-pFedMe(λ2=35.0,K=10) | loss=0.0031
  [Client 10] Round 2 | Hier-pFedMe(λ2=35.0,K=10) | loss=0.0019
  [Client 13] Round 2 | Hier-pFedMe(λ2=35.0,K=10) | loss=0.0027
  [Client 16] Round 2 | Hier-pFedMe(λ2=35.0,K=10) | loss=0.0024
  [Client 18] Round 2 | Hier-pFedMe(λ2=35.0,K=10) | loss=0.0062
  [Edge 1] G2 | E4 | loss=0.0030
  [Edge 1] G2 | E5 | Hier-pFedMe | Selected 10/10
  [Client 14] Received edge weights.
  [Client 18] Received edge weights.
  [Client 11] Received edge weights.
  [Client 13] Received edge weights.
  [Client 17] Received edge weights.
  [Client 16] Received edge weights.
  [Client 10] Received edge weights.
  [Client 15] Received edge weights.
  [Client 19] Received edge weights.
  [Client 12] Received edge weights.
  [Client 18] Round 2 | Hier-pFedMe(λ2=35.0,K=10) | loss=0.0038
  [Client 11] Round 2 | Hier-pFedMe(λ2=35.0,K=10) | loss=0.0031  [Client 14] Round 2 | Hier-pFedMe(λ2=35.0,K=10) | loss=0.0019

  [Client 13] Round 2 | Hier-pFedMe(λ2=35.0,K=10) | loss=0.0050
  [Client 17] Round 2 | Hier-pFedMe(λ2=35.0,K=10) | loss=0.0030
  [Client 16] Round 2 | Hier-pFedMe(λ2=35.0,K=10) | loss=0.0053
  [Client 10] Round 2 | Hier-pFedMe(λ2=35.0,K=10) | loss=0.0032
  [Client 15] Round 2 | Hier-pFedMe(λ2=35.0,K=10) | loss=0.0024
  [Client 19] Round 2 | Hier-pFedMe(λ2=35.0,K=10) | loss=0.0021
  [Client 12] Round 2 | Hier-pFedMe(λ2=35.0,K=10) | loss=0.0028
  [Edge 1] G2 | E5 | loss=0.0033
[C0] eval model[0] mean=-0.002690 | θ̃ mean=-0.002690 | edge mean=-0.003483 |local ref=-0.002689
[C0] n=1000 | classes=[3, 6] | acc=0.6510 | per_class={3: '0.59', 6: '0.71'}
[C1] eval model[0] mean=-0.003290 | θ̃ mean=-0.003290 | edge mean=-0.003483 |local ref=-0.003287
[C1] n=1000 | classes=[3, 6] | acc=0.5660 | per_class={3: '0.29', 6: '0.86'}
[C2] eval model[0] mean=-0.004264 | θ̃ mean=-0.004264 | edge mean=-0.003483 |local ref=-0.004272
[C2] n=1000 | classes=[2, 5] | acc=0.5310 | per_class={2: '0.54', 5: '0.53'}
[C3] eval model[0] mean=-0.005082 | θ̃ mean=-0.005082 | edge mean=-0.003483 |local ref=-0.005093
[C3] n=1000 | classes=[5, 7] | acc=0.5590 | per_class={5: '0.26', 7: '0.87'}
[C4] eval model[0] mean=-0.003821 | θ̃ mean=-0.003821 | edge mean=-0.003483 |local ref=-0.003819
[C4] n=1000 | classes=[2, 7] | acc=0.6310 | per_class={2: '0.52', 7: '0.74'}
[C5] eval model[0] mean=-0.004050 | θ̃ mean=-0.004050 | edge mean=-0.003483 |local ref=-0.004046
[C5] n=1000 | classes=[2, 4] | acc=0.5450 | per_class={2: '0.71', 4: '0.37'}
[C6] eval model[0] mean=-0.003754 | θ̃ mean=-0.003754 | edge mean=-0.003483 |local ref=-0.003753
[C6] n=1000 | classes=[6, 7] | acc=0.6820 | per_class={6: '0.72', 7: '0.64'}
[C7] eval model[0] mean=-0.002694 | θ̃ mean=-0.002694 | edge mean=-0.003483 |local ref=-0.002696
[C7] n=1000 | classes=[3, 5] | acc=0.5370 | per_class={3: '0.75', 5: '0.34'}
[C8] eval model[0] mean=-0.002209 | θ̃ mean=-0.002209 | edge mean=-0.003483 |local ref=-0.002209
[C8] n=500 | classes=[4] | acc=1.0000 | per_class={4: '1.00'}
[C9] eval model[0] mean=-0.004160 | θ̃ mean=-0.004160 | edge mean=-0.003483 |local ref=-0.004160
[C9] n=500 | classes=[4] | acc=1.0000 | per_class={4: '1.00'}
[C10] eval model[0] mean=-0.002831 | θ̃ mean=-0.002831 | edge mean=-0.003201 |local ref=-0.002842
[C10] n=600 | classes=[8, 9] | acc=0.7933 | per_class={8: '0.83', 9: '0.76'}
[C11] eval model[0] mean=-0.002383 | θ̃ mean=-0.002383 | edge mean=-0.003201 |local ref=-0.002384
[C11] n=600 | classes=[0, 1] | acc=0.6517 | per_class={0: '0.43', 1: '0.87'}
[C12] eval model[0] mean=-0.003686 | θ̃ mean=-0.003686 | edge mean=-0.003201 |local ref=-0.003681
[C12] n=600 | classes=[1, 8] | acc=0.7750 | per_class={1: '0.82', 8: '0.72'}
[C13] eval model[0] mean=-0.003236 | θ̃ mean=-0.003236 | edge mean=-0.003201 |local ref=-0.003229
[C13] n=600 | classes=[0, 8] | acc=0.5917 | per_class={0: '0.69', 8: '0.49'}
[C14] eval model[0] mean=-0.002929 | θ̃ mean=-0.002929 | edge mean=-0.003201 |local ref=-0.002928
[C14] n=600 | classes=[0, 9] | acc=0.7717 | per_class={0: '0.64', 9: '0.91'}
[C15] eval model[0] mean=-0.003812 | θ̃ mean=-0.003812 | edge mean=-0.003201 |local ref=-0.003804
[C15] n=600 | classes=[0, 8] | acc=0.6500 | per_class={0: '0.70', 8: '0.60'}
[C16] eval model[0] mean=-0.002406 | θ̃ mean=-0.002406 | edge mean=-0.003201 |local ref=-0.002407
[C16] n=600 | classes=[1, 8] | acc=0.7100 | per_class={1: '0.50', 8: '0.91'}
[C17] eval model[0] mean=-0.002227 | θ̃ mean=-0.002227 | edge mean=-0.003201 |local ref=-0.002225
[C17] n=600 | classes=[1, 9] | acc=0.5100 | per_class={1: '0.81', 9: '0.23'}
[C18] eval model[0] mean=-0.004507 | θ̃ mean=-0.004507 | edge mean=-0.003201 |local ref=-0.004510
[C18] n=600 | classes=[1, 9] | acc=0.5917 | per_class={1: '0.36', 9: '0.85'}
[C19] eval model[0] mean=-0.002892 | θ̃ mean=-0.002892 | edge mean=-0.003201 |local ref=-0.002885
[C19] n=600 | classes=[0, 9] | acc=0.7767 | per_class={0: '0.67', 9: '0.88'}
  [Cloud] GM=0.1655 | EM=0.3085 PM=0.6530 | loss=2.2313 | time=49.4s | comm=4556.2MB (total=9112MB)

[Round   3] Broadcasting to 2 edges...
  [Edge 0] W_n reset to global weights for new round.
  [Edge 1] W_n reset to global weights for new round.
  [Edge 0] G3 | E1 | Hier-pFedMe | Selected 10/10
  [Client  9] Received edge weights.
  [Client  4] Received edge weights.
  [Client  3] Received edge weights.
  [Client  6] Received edge weights.
  [Client  1] Received edge weights.
  [Client  5] Received edge weights.
  [Client  0] Received edge weights.
  [Client  7] Received edge weights.
  [Client  8] Received edge weights.
  [Client  2] Received edge weights.
  [Client  9] Round 3 | Hier-pFedMe(λ2=35.0,K=10) | loss=0.0000
  [Client  3] Round 3 | Hier-pFedMe(λ2=35.0,K=10) | loss=0.0057
  [Client  4] Round 3 | Hier-pFedMe(λ2=35.0,K=10) | loss=0.0048
  [Client  6] Round 3 | Hier-pFedMe(λ2=35.0,K=10) | loss=0.0025
  [Client  1] Round 3 | Hier-pFedMe(λ2=35.0,K=10) | loss=0.0024
  [Client  0] Round 3 | Hier-pFedMe(λ2=35.0,K=10) | loss=0.0036
  [Client  5] Round 3 | Hier-pFedMe(λ2=35.0,K=10) | loss=0.0042
  [Client  7] Round 3 | Hier-pFedMe(λ2=35.0,K=10) | loss=0.0035
  [Client  8] Round 3 | Hier-pFedMe(λ2=35.0,K=10) | loss=0.0000
  [Client  2] Round 3 | Hier-pFedMe(λ2=35.0,K=10) | loss=0.0037
  [Edge 0] G3 | E1 | loss=0.0034
  [Edge 0] G3 | E2 | Hier-pFedMe | Selected 10/10
  [Client  4] Received edge weights.
  [Client  9] Received edge weights.
  [Client  5] Received edge weights.
  [Client  6] Received edge weights.
  [Client  7] Received edge weights.
  [Client  1] Received edge weights.
  [Client  8] Received edge weights.
  [Client  0] Received edge weights.
  [Client  3] Received edge weights.
  [Client  2] Received edge weights.
  [Client  9] Round 3 | Hier-pFedMe(λ2=35.0,K=10) | loss=0.0000
  [Client  6] Round 3 | Hier-pFedMe(λ2=35.0,K=10) | loss=0.0017
  [Client  5] Round 3 | Hier-pFedMe(λ2=35.0,K=10) | loss=0.0074
  [Client  4] Round 3 | Hier-pFedMe(λ2=35.0,K=10) | loss=0.0051
  [Client  7] Round 3 | Hier-pFedMe(λ2=35.0,K=10) | loss=0.0147
  [Client  1] Round 3 | Hier-pFedMe(λ2=35.0,K=10) | loss=0.0029
  [Client  8] Round 3 | Hier-pFedMe(λ2=35.0,K=10) | loss=0.0000
  [Client  0] Round 3 | Hier-pFedMe(λ2=35.0,K=10) | loss=0.0023
  [Client  3] Round 3 | Hier-pFedMe(λ2=35.0,K=10) | loss=0.0038
  [Client  2] Round 3 | Hier-pFedMe(λ2=35.0,K=10) | loss=0.0016
  [Edge 0] G3 | E2 | loss=0.0044
  [Edge 0] G3 | E3 | Hier-pFedMe | Selected 10/10
  [Client  7] Received edge weights.
  [Client  6] Received edge weights.
  [Client  5] Received edge weights.
  [Client  9] Received edge weights.
  [Client  4] Received edge weights.
  [Client  1] Received edge weights.
  [Client  2] Received edge weights.
  [Client  0] Received edge weights.
  [Client  3] Received edge weights.
  [Client  8] Received edge weights.
  [Client  5] Round 3 | Hier-pFedMe(λ2=35.0,K=10) | loss=0.0044
  [Client  9] Round 3 | Hier-pFedMe(λ2=35.0,K=10) | loss=0.0000
  [Client  6] Round 3 | Hier-pFedMe(λ2=35.0,K=10) | loss=0.0016
  [Client  7] Round 3 | Hier-pFedMe(λ2=35.0,K=10) | loss=0.0288
  [Client  4] Round 3 | Hier-pFedMe(λ2=35.0,K=10) | loss=0.0016
  [Client  0] Round 3 | Hier-pFedMe(λ2=35.0,K=10) | loss=0.0056
  [Client  1] Round 3 | Hier-pFedMe(λ2=35.0,K=10) | loss=0.0043
  [Client  2] Round 3 | Hier-pFedMe(λ2=35.0,K=10) | loss=0.0070
  [Client  3] Round 3 | Hier-pFedMe(λ2=35.0,K=10) | loss=0.0074
  [Client  8] Round 3 | Hier-pFedMe(λ2=35.0,K=10) | loss=0.0000
  [Edge 0] G3 | E3 | loss=0.0067
  [Edge 0] G3 | E4 | Hier-pFedMe | Selected 10/10
  [Client  7] Received edge weights.
  [Client  0] Received edge weights.
  [Client  8] Received edge weights.
  [Client  1] Received edge weights.
  [Client  2] Received edge weights.
  [Client  3] Received edge weights.
  [Client  9] Received edge weights.
  [Client  6] Received edge weights.
  [Client  5] Received edge weights.
  [Client  4] Received edge weights.
  [Client  7] Round 3 | Hier-pFedMe(λ2=35.0,K=10) | loss=0.0242
  [Client  0] Round 3 | Hier-pFedMe(λ2=35.0,K=10) | loss=0.0069
  [Client  1] Round 3 | Hier-pFedMe(λ2=35.0,K=10) | loss=0.0026
  [Client  8] Round 3 | Hier-pFedMe(λ2=35.0,K=10) | loss=0.0000
  [Client  2] Round 3 | Hier-pFedMe(λ2=35.0,K=10) | loss=0.0019
  [Client  3] Round 3 | Hier-pFedMe(λ2=35.0,K=10) | loss=0.0024
  [Client  6] Round 3 | Hier-pFedMe(λ2=35.0,K=10) | loss=0.0021
  [Client  9] Round 3 | Hier-pFedMe(λ2=35.0,K=10) | loss=0.0000
  [Client  5] Round 3 | Hier-pFedMe(λ2=35.0,K=10) | loss=0.0016
  [Client  4] Round 3 | Hier-pFedMe(λ2=35.0,K=10) | loss=0.0027
  [Edge 0] G3 | E4 | loss=0.0049
  [Edge 0] G3 | E5 | Hier-pFedMe | Selected 10/10
  [Client  4] Received edge weights.
  [Client  5] Received edge weights.
  [Client  9] Received edge weights.
  [Client  0] Received edge weights.
  [Client  3] Received edge weights.
  [Client  7] Received edge weights.
  [Client  2] Received edge weights.
  [Client  6] Received edge weights.
  [Client  1] Received edge weights.
  [Client  8] Received edge weights.
  [Client  9] Round 3 | Hier-pFedMe(λ2=35.0,K=10) | loss=0.0000
  [Client  5] Round 3 | Hier-pFedMe(λ2=35.0,K=10) | loss=0.0051
  [Client  4] Round 3 | Hier-pFedMe(λ2=35.0,K=10) | loss=0.0032
  [Client  0] Round 3 | Hier-pFedMe(λ2=35.0,K=10) | loss=0.0015
  [Client  3] Round 3 | Hier-pFedMe(λ2=35.0,K=10) | loss=0.0031
  [Client  7] Round 3 | Hier-pFedMe(λ2=35.0,K=10) | loss=0.0026
  [Client  2] Round 3 | Hier-pFedMe(λ2=35.0,K=10) | loss=0.0028
  [Client  6] Round 3 | Hier-pFedMe(λ2=35.0,K=10) | loss=0.0035
  [Client  1] Round 3 | Hier-pFedMe(λ2=35.0,K=10) | loss=0.0019
  [Client  8] Round 3 | Hier-pFedMe(λ2=35.0,K=10) | loss=0.0000
  [Edge 0] G3 | E5 | loss=0.0026
  [Edge 1] G3 | E1 | Hier-pFedMe | Selected 10/10
  [Client 18] Received edge weights.
  [Client 11] Received edge weights.
  [Client 12] Received edge weights.
  [Client 17] Received edge weights.
  [Client 10] Received edge weights.
  [Client 15] Received edge weights.
  [Client 19] Received edge weights.
  [Client 13] Received edge weights.
  [Client 14] Received edge weights.
  [Client 16] Received edge weights.
  [Client 11] Round 3 | Hier-pFedMe(λ2=35.0,K=10) | loss=0.0037
  [Client 18] Round 3 | Hier-pFedMe(λ2=35.0,K=10) | loss=0.0025
  [Client 12] Round 3 | Hier-pFedMe(λ2=35.0,K=10) | loss=0.0046
  [Client 17] Round 3 | Hier-pFedMe(λ2=35.0,K=10) | loss=0.0058
  [Client 10] Round 3 | Hier-pFedMe(λ2=35.0,K=10) | loss=0.0020
  [Client 15] Round 3 | Hier-pFedMe(λ2=35.0,K=10) | loss=0.0019
  [Client 13] Round 3 | Hier-pFedMe(λ2=35.0,K=10) | loss=0.0040
  [Client 19] Round 3 | Hier-pFedMe(λ2=35.0,K=10) | loss=0.0009
  [Client 14] Round 3 | Hier-pFedMe(λ2=35.0,K=10) | loss=0.0004
  [Client 16] Round 3 | Hier-pFedMe(λ2=35.0,K=10) | loss=0.0025
  [Edge 1] G3 | E1 | loss=0.0028
  [Edge 1] G3 | E2 | Hier-pFedMe | Selected 10/10
  [Client 15] Received edge weights.
  [Client 10] Received edge weights.
  [Client 13] Received edge weights.
  [Client 12] Received edge weights.
  [Client 17] Received edge weights.
  [Client 16] Received edge weights.
  [Client 19] Received edge weights.
  [Client 18] Received edge weights.
  [Client 14] Received edge weights.
  [Client 11] Received edge weights.
  [Client 12] Round 3 | Hier-pFedMe(λ2=35.0,K=10) | loss=0.0018
  [Client 15] Round 3 | Hier-pFedMe(λ2=35.0,K=10) | loss=0.0091
  [Client 13] Round 3 | Hier-pFedMe(λ2=35.0,K=10) | loss=0.0039
  [Client 10] Round 3 | Hier-pFedMe(λ2=35.0,K=10) | loss=0.0009
  [Client 16] Round 3 | Hier-pFedMe(λ2=35.0,K=10) | loss=0.0014
  [Client 17] Round 3 | Hier-pFedMe(λ2=35.0,K=10) | loss=0.0048
  [Client 19] Round 3 | Hier-pFedMe(λ2=35.0,K=10) | loss=0.0038
  [Client 18] Round 3 | Hier-pFedMe(λ2=35.0,K=10) | loss=0.0028
  [Client 14] Round 3 | Hier-pFedMe(λ2=35.0,K=10) | loss=0.0037
  [Client 11] Round 3 | Hier-pFedMe(λ2=35.0,K=10) | loss=0.0014
  [Edge 1] G3 | E2 | loss=0.0034
  [Edge 1] G3 | E3 | Hier-pFedMe | Selected 10/10
  [Client 15] Received edge weights.
  [Client 17] Received edge weights.
  [Client 16] Received edge weights.
  [Client 10] Received edge weights.
  [Client 12] Received edge weights.
  [Client 14] Received edge weights.
  [Client 18] Received edge weights.
  [Client 19] Received edge weights.
  [Client 13] Received edge weights.
  [Client 11] Received edge weights.
  [Client 17] Round 3 | Hier-pFedMe(λ2=35.0,K=10) | loss=0.0041
  [Client 10] Round 3 | Hier-pFedMe(λ2=35.0,K=10) | loss=0.0042
  [Client 15] Round 3 | Hier-pFedMe(λ2=35.0,K=10) | loss=0.0021
  [Client 16] Round 3 | Hier-pFedMe(λ2=35.0,K=10) | loss=0.0011
  [Client 12] Round 3 | Hier-pFedMe(λ2=35.0,K=10) | loss=0.0025
  [Client 14] Round 3 | Hier-pFedMe(λ2=35.0,K=10) | loss=0.0023
  [Client 18] Round 3 | Hier-pFedMe(λ2=35.0,K=10) | loss=0.0032
  [Client 19] Round 3 | Hier-pFedMe(λ2=35.0,K=10) | loss=0.0012
  [Client 13] Round 3 | Hier-pFedMe(λ2=35.0,K=10) | loss=0.0020
  [Client 11] Round 3 | Hier-pFedMe(λ2=35.0,K=10) | loss=0.0067
  [Edge 1] G3 | E3 | loss=0.0030
  [Edge 1] G3 | E4 | Hier-pFedMe | Selected 10/10
  [Client 10] Received edge weights.
  [Client 19] Received edge weights.
  [Client 13] Received edge weights.
  [Client 15] Received edge weights.
  [Client 17] Received edge weights.
  [Client 16] Received edge weights.
  [Client 12] Received edge weights.
  [Client 11] Received edge weights.
  [Client 14] Received edge weights.
  [Client 18] Received edge weights.
  [Client 15] Round 3 | Hier-pFedMe(λ2=35.0,K=10) | loss=0.0028
  [Client 10] Round 3 | Hier-pFedMe(λ2=35.0,K=10) | loss=0.0041
  [Client 13] Round 3 | Hier-pFedMe(λ2=35.0,K=10) | loss=0.0040
  [Client 19] Round 3 | Hier-pFedMe(λ2=35.0,K=10) | loss=0.0036
  [Client 17] Round 3 | Hier-pFedMe(λ2=35.0,K=10) | loss=0.0054
  [Client 12] Round 3 | Hier-pFedMe(λ2=35.0,K=10) | loss=0.0014
  [Client 16] Round 3 | Hier-pFedMe(λ2=35.0,K=10) | loss=0.0045
  [Client 11] Round 3 | Hier-pFedMe(λ2=35.0,K=10) | loss=0.0091
  [Client 14] Round 3 | Hier-pFedMe(λ2=35.0,K=10) | loss=0.0024
  [Client 18] Round 3 | Hier-pFedMe(λ2=35.0,K=10) | loss=0.0028
  [Edge 1] G3 | E4 | loss=0.0040
  [Edge 1] G3 | E5 | Hier-pFedMe | Selected 10/10
  [Client 12] Received edge weights.
  [Client 14] Received edge weights.
  [Client 13] Received edge weights.
  [Client 10] Received edge weights.
  [Client 19] Received edge weights.
  [Client 11] Received edge weights.
  [Client 17] Received edge weights.
  [Client 15] Received edge weights.
  [Client 18] Received edge weights.
  [Client 16] Received edge weights.
  [Client 12] Round 3 | Hier-pFedMe(λ2=35.0,K=10) | loss=0.0039
  [Client 10] Round 3 | Hier-pFedMe(λ2=35.0,K=10) | loss=0.0029
  [Client 14] Round 3 | Hier-pFedMe(λ2=35.0,K=10) | loss=0.0020
  [Client 13] Round 3 | Hier-pFedMe(λ2=35.0,K=10) | loss=0.0047
  [Client 11] Round 3 | Hier-pFedMe(λ2=35.0,K=10) | loss=0.0013
  [Client 19] Round 3 | Hier-pFedMe(λ2=35.0,K=10) | loss=0.0026
  [Client 17] Round 3 | Hier-pFedMe(λ2=35.0,K=10) | loss=0.0011
  [Client 15] Round 3 | Hier-pFedMe(λ2=35.0,K=10) | loss=0.0040
  [Client 18] Round 3 | Hier-pFedMe(λ2=35.0,K=10) | loss=0.0049
  [Client 16] Round 3 | Hier-pFedMe(λ2=35.0,K=10) | loss=0.0034
  [Edge 1] G3 | E5 | loss=0.0031
[C0] eval model[0] mean=-0.003339 | θ̃ mean=-0.003339 | edge mean=-0.002790 |local ref=-0.003339
[C0] n=1000 | classes=[3, 6] | acc=0.5920 | per_class={3: '0.41', 6: '0.79'}
[C1] eval model[0] mean=-0.003332 | θ̃ mean=-0.003332 | edge mean=-0.002790 |local ref=-0.003327
[C1] n=1000 | classes=[3, 6] | acc=0.6830 | per_class={3: '0.50', 6: '0.88'}
[C2] eval model[0] mean=-0.002421 | θ̃ mean=-0.002421 | edge mean=-0.002790 |local ref=-0.002418
[C2] n=1000 | classes=[2, 5] | acc=0.6720 | per_class={2: '0.60', 5: '0.75'}
[C3] eval model[0] mean=-0.003279 | θ̃ mean=-0.003279 | edge mean=-0.002790 |local ref=-0.003277
[C3] n=1000 | classes=[5, 7] | acc=0.6220 | per_class={5: '0.62', 7: '0.63'}
[C4] eval model[0] mean=-0.002186 | θ̃ mean=-0.002186 | edge mean=-0.002790 |local ref=-0.002188
[C4] n=1000 | classes=[2, 7] | acc=0.6530 | per_class={2: '0.86', 7: '0.44'}
[C5] eval model[0] mean=-0.002351 | θ̃ mean=-0.002351 | edge mean=-0.002790 |local ref=-0.002353
[C5] n=1000 | classes=[2, 4] | acc=0.4890 | per_class={2: '0.42', 4: '0.56'}
[C6] eval model[0] mean=-0.003306 | θ̃ mean=-0.003306 | edge mean=-0.002790 |local ref=-0.003310
[C6] n=1000 | classes=[6, 7] | acc=0.5860 | per_class={6: '0.99', 7: '0.19'}
[C7] eval model[0] mean=-0.003241 | θ̃ mean=-0.003241 | edge mean=-0.002790 |local ref=-0.003240
[C7] n=1000 | classes=[3, 5] | acc=0.4870 | per_class={3: '0.33', 5: '0.63'}
[C8] eval model[0] mean=-0.003211 | θ̃ mean=-0.003211 | edge mean=-0.002790 |local ref=-0.003211
[C8] n=500 | classes=[4] | acc=1.0000 | per_class={4: '1.00'}
[C9] eval model[0] mean=-0.003639 | θ̃ mean=-0.003639 | edge mean=-0.002790 |local ref=-0.003638
[C9] n=500 | classes=[4] | acc=1.0000 | per_class={4: '1.00'}
[C10] eval model[0] mean=-0.001893 | θ̃ mean=-0.001893 | edge mean=-0.003500 |local ref=-0.001891
[C10] n=600 | classes=[8, 9] | acc=0.7667 | per_class={8: '0.75', 9: '0.79'}
[C11] eval model[0] mean=-0.004242 | θ̃ mean=-0.004242 | edge mean=-0.003500 |local ref=-0.004246
[C11] n=600 | classes=[0, 1] | acc=0.7533 | per_class={0: '0.60', 1: '0.91'}
[C12] eval model[0] mean=-0.002967 | θ̃ mean=-0.002967 | edge mean=-0.003500 |local ref=-0.002967
[C12] n=600 | classes=[1, 8] | acc=0.7383 | per_class={1: '0.86', 8: '0.61'}
[C13] eval model[0] mean=-0.003953 | θ̃ mean=-0.003953 | edge mean=-0.003500 |local ref=-0.003956
[C13] n=600 | classes=[0, 8] | acc=0.6117 | per_class={0: '0.59', 8: '0.63'}
[C14] eval model[0] mean=-0.004690 | θ̃ mean=-0.004690 | edge mean=-0.003500 |local ref=-0.004696
[C14] n=600 | classes=[0, 9] | acc=0.7367 | per_class={0: '0.71', 9: '0.77'}
[C15] eval model[0] mean=-0.002672 | θ̃ mean=-0.002672 | edge mean=-0.003500 |local ref=-0.002661
[C15] n=600 | classes=[0, 8] | acc=0.5950 | per_class={0: '0.52', 8: '0.67'}
[C16] eval model[0] mean=-0.002259 | θ̃ mean=-0.002259 | edge mean=-0.003500 |local ref=-0.002259
[C16] n=600 | classes=[1, 8] | acc=0.7750 | per_class={1: '0.89', 8: '0.67'}
[C17] eval model[0] mean=-0.001910 | θ̃ mean=-0.001910 | edge mean=-0.003500 |local ref=-0.001907
[C17] n=600 | classes=[1, 9] | acc=0.6017 | per_class={1: '0.67', 9: '0.54'}
[C18] eval model[0] mean=-0.002851 | θ̃ mean=-0.002851 | edge mean=-0.003500 |local ref=-0.002839
[C18] n=600 | classes=[1, 9] | acc=0.5467 | per_class={1: '0.72', 9: '0.36'}
[C19] eval model[0] mean=-0.003131 | θ̃ mean=-0.003131 | edge mean=-0.003500 |local ref=-0.003127
[C19] n=600 | classes=[0, 9] | acc=0.7717 | per_class={0: '0.80', 9: '0.74'}
  [Cloud] GM=0.2356 | EM=0.2703 PM=0.6615 | loss=2.1493 | time=49.5s | comm=4556.2MB (total=13669MB)

[Round   4] Broadcasting to 2 edges...
  [Edge 0] W_n reset to global weights for new round.
  [Edge 1] W_n reset to global weights for new round.
  [Edge 0] G4 | E1 | Hier-pFedMe | Selected 10/10
  [Client  5] Received edge weights.
  [Client  6] Received edge weights.
  [Client  2] Received edge weights.
  [Client  7] Received edge weights.
  [Client  1] Received edge weights.
  [Client  8] Received edge weights.
  [Client  0] Received edge weights.
  [Client  4] Received edge weights.
  [Client  9] Received edge weights.
  [Client  3] Received edge weights.
  [Client  6] Round 4 | Hier-pFedMe(λ2=35.0,K=10) | loss=0.0038
  [Client  7] Round 4 | Hier-pFedMe(λ2=35.0,K=10) | loss=0.0040
  [Client  5] Round 4 | Hier-pFedMe(λ2=35.0,K=10) | loss=0.0036
  [Client  2] Round 4 | Hier-pFedMe(λ2=35.0,K=10) | loss=0.0020
  [Client  1] Round 4 | Hier-pFedMe(λ2=35.0,K=10) | loss=0.0065
  [Client  8] Round 4 | Hier-pFedMe(λ2=35.0,K=10) | loss=0.0000
  [Client  0] Round 4 | Hier-pFedMe(λ2=35.0,K=10) | loss=0.0048
  [Client  4] Round 4 | Hier-pFedMe(λ2=35.0,K=10) | loss=0.0042
  [Client  9] Round 4 | Hier-pFedMe(λ2=35.0,K=10) | loss=0.0000
  [Client  3] Round 4 | Hier-pFedMe(λ2=35.0,K=10) | loss=0.0028
  [Edge 0] G4 | E1 | loss=0.0035
  [Edge 0] G4 | E2 | Hier-pFedMe | Selected 10/10
  [Client  1] Received edge weights.
  [Client  6] Received edge weights.
  [Client  2] Received edge weights.
  [Client  4] Received edge weights.
  [Client  3] Received edge weights.
  [Client  5] Received edge weights.
  [Client  9] Received edge weights.
  [Client  0] Received edge weights.
  [Client  8] Received edge weights.
  [Client  7] Received edge weights.
  [Client  4] Round 4 | Hier-pFedMe(λ2=35.0,K=10) | loss=0.0025
  [Client  2] Round 4 | Hier-pFedMe(λ2=35.0,K=10) | loss=0.0035
  [Client  1] Round 4 | Hier-pFedMe(λ2=35.0,K=10) | loss=0.0039
  [Client  6] Round 4 | Hier-pFedMe(λ2=35.0,K=10) | loss=0.0009
  [Client  3] Round 4 | Hier-pFedMe(λ2=35.0,K=10) | loss=0.0132
  [Client  5] Round 4 | Hier-pFedMe(λ2=35.0,K=10) | loss=0.0037
  [Client  9] Round 4 | Hier-pFedMe(λ2=35.0,K=10) | loss=0.0000
  [Client  0] Round 4 | Hier-pFedMe(λ2=35.0,K=10) | loss=0.0010
  [Client  8] Round 4 | Hier-pFedMe(λ2=35.0,K=10) | loss=0.0000
  [Client  7] Round 4 | Hier-pFedMe(λ2=35.0,K=10) | loss=0.0023
  [Edge 0] G4 | E2 | loss=0.0034
  [Edge 0] G4 | E3 | Hier-pFedMe | Selected 10/10
  [Client  6] Received edge weights.
  [Client  3] Received edge weights.
  [Client  8] Received edge weights.
  [Client  2] Received edge weights.
  [Client  7] Received edge weights.
  [Client  1] Received edge weights.
  [Client  0] Received edge weights.
  [Client  9] Received edge weights.
  [Client  5] Received edge weights.
  [Client  4] Received edge weights.
  [Client  6] Round 4 | Hier-pFedMe(λ2=35.0,K=10) | loss=0.0014
  [Client  8] Round 4 | Hier-pFedMe(λ2=35.0,K=10) | loss=0.0000
  [Client  2] Round 4 | Hier-pFedMe(λ2=35.0,K=10) | loss=0.0020
  [Client  3] Round 4 | Hier-pFedMe(λ2=35.0,K=10) | loss=0.0022
  [Client  7] Round 4 | Hier-pFedMe(λ2=35.0,K=10) | loss=0.0047
  [Client  1] Round 4 | Hier-pFedMe(λ2=35.0,K=10) | loss=0.0020
  [Client  0] Round 4 | Hier-pFedMe(λ2=35.0,K=10) | loss=0.0020
  [Client  9] Round 4 | Hier-pFedMe(λ2=35.0,K=10) | loss=0.0000
  [Client  5] Round 4 | Hier-pFedMe(λ2=35.0,K=10) | loss=0.0025
  [Client  4] Round 4 | Hier-pFedMe(λ2=35.0,K=10) | loss=0.0025
  [Edge 0] G4 | E3 | loss=0.0021
  [Edge 0] G4 | E4 | Hier-pFedMe | Selected 10/10
  [Client  2] Received edge weights.
  [Client  9] Received edge weights.
  [Client  4] Received edge weights.
  [Client  7] Received edge weights.
  [Client  0] Received edge weights.
  [Client  6] Received edge weights.
  [Client  1] Received edge weights.
  [Client  3] Received edge weights.
  [Client  8] Received edge weights.
  [Client  5] Received edge weights.
  [Client  2] Round 4 | Hier-pFedMe(λ2=35.0,K=10) | loss=0.0020
  [Client  7] Round 4 | Hier-pFedMe(λ2=35.0,K=10) | loss=0.0024
  [Client  9] Round 4 | Hier-pFedMe(λ2=35.0,K=10) | loss=0.0000
  [Client  4] Round 4 | Hier-pFedMe(λ2=35.0,K=10) | loss=0.0020
  [Client  0] Round 4 | Hier-pFedMe(λ2=35.0,K=10) | loss=0.0029
  [Client  6] Round 4 | Hier-pFedMe(λ2=35.0,K=10) | loss=0.0011
  [Client  3] Round 4 | Hier-pFedMe(λ2=35.0,K=10) | loss=0.0043
  [Client  1] Round 4 | Hier-pFedMe(λ2=35.0,K=10) | loss=0.0055
  [Client  8] Round 4 | Hier-pFedMe(λ2=35.0,K=10) | loss=0.0000
  [Client  5] Round 4 | Hier-pFedMe(λ2=35.0,K=10) | loss=0.0055
  [Edge 0] G4 | E4 | loss=0.0029
  [Edge 0] G4 | E5 | Hier-pFedMe | Selected 10/10
  [Client  8] Received edge weights.
  [Client  1] Received edge weights.
  [Client  4] Received edge weights.
  [Client  2] Received edge weights.
  [Client  5] Received edge weights.
  [Client  9] Received edge weights.
  [Client  0] Received edge weights.
  [Client  3] Received edge weights.
  [Client  7] Received edge weights.
  [Client  6] Received edge weights.
  [Client  8] Round 4 | Hier-pFedMe(λ2=35.0,K=10) | loss=0.0000
  [Client  4] Round 4 | Hier-pFedMe(λ2=35.0,K=10) | loss=0.0019
  [Client  1] Round 4 | Hier-pFedMe(λ2=35.0,K=10) | loss=0.0024
  [Client  2] Round 4 | Hier-pFedMe(λ2=35.0,K=10) | loss=0.0019
  [Client  5] Round 4 | Hier-pFedMe(λ2=35.0,K=10) | loss=0.0080
  [Client  9] Round 4 | Hier-pFedMe(λ2=35.0,K=10) | loss=0.0000
  [Client  0] Round 4 | Hier-pFedMe(λ2=35.0,K=10) | loss=0.0016
  [Client  3] Round 4 | Hier-pFedMe(λ2=35.0,K=10) | loss=0.0026
  [Client  7] Round 4 | Hier-pFedMe(λ2=35.0,K=10) | loss=0.0013
  [Client  6] Round 4 | Hier-pFedMe(λ2=35.0,K=10) | loss=0.0026
  [Edge 0] G4 | E5 | loss=0.0025
  [Edge 1] G4 | E1 | Hier-pFedMe | Selected 10/10
  [Client 10] Received edge weights.
  [Client 17] Received edge weights.
  [Client 14] Received edge weights.
  [Client 13] Received edge weights.
  [Client 12] Received edge weights.
  [Client 11] Received edge weights.
  [Client 18] Received edge weights.
  [Client 19] Received edge weights.
  [Client 16] Received edge weights.
  [Client 15] Received edge weights.
  [Client 13] Round 4 | Hier-pFedMe(λ2=35.0,K=10) | loss=0.0022
  [Client 14] Round 4 | Hier-pFedMe(λ2=35.0,K=10) | loss=0.0022
  [Client 10] Round 4 | Hier-pFedMe(λ2=35.0,K=10) | loss=0.0009
  [Client 17] Round 4 | Hier-pFedMe(λ2=35.0,K=10) | loss=0.0033
  [Client 12] Round 4 | Hier-pFedMe(λ2=35.0,K=10) | loss=0.0025
  [Client 11] Round 4 | Hier-pFedMe(λ2=35.0,K=10) | loss=0.0013
  [Client 18] Round 4 | Hier-pFedMe(λ2=35.0,K=10) | loss=0.0025
  [Client 19] Round 4 | Hier-pFedMe(λ2=35.0,K=10) | loss=0.0020
  [Client 16] Round 4 | Hier-pFedMe(λ2=35.0,K=10) | loss=0.0022
  [Client 15] Round 4 | Hier-pFedMe(λ2=35.0,K=10) | loss=0.0018
  [Edge 1] G4 | E1 | loss=0.0021
  [Edge 1] G4 | E2 | Hier-pFedMe | Selected 10/10
  [Client 16] Received edge weights.
  [Client 10] Received edge weights.
  [Client 17] Received edge weights.
  [Client 11] Received edge weights.
  [Client 19] Received edge weights.
  [Client 15] Received edge weights.
  [Client 12] Received edge weights.
  [Client 14] Received edge weights.
  [Client 13] Received edge weights.
  [Client 18] Received edge weights.
  [Client 17] Round 4 | Hier-pFedMe(λ2=35.0,K=10) | loss=0.0025
  [Client 16] Round 4 | Hier-pFedMe(λ2=35.0,K=10) | loss=0.0012
  [Client 11] Round 4 | Hier-pFedMe(λ2=35.0,K=10) | loss=0.0036
  [Client 10] Round 4 | Hier-pFedMe(λ2=35.0,K=10) | loss=0.0027
  [Client 19] Round 4 | Hier-pFedMe(λ2=35.0,K=10) | loss=0.0020
  [Client 15] Round 4 | Hier-pFedMe(λ2=35.0,K=10) | loss=0.0010
  [Client 12] Round 4 | Hier-pFedMe(λ2=35.0,K=10) | loss=0.0017
  [Client 14] Round 4 | Hier-pFedMe(λ2=35.0,K=10) | loss=0.0022
  [Client 13] Round 4 | Hier-pFedMe(λ2=35.0,K=10) | loss=0.0015
  [Client 18] Round 4 | Hier-pFedMe(λ2=35.0,K=10) | loss=0.0020
  [Edge 1] G4 | E2 | loss=0.0020
  [Edge 1] G4 | E3 | Hier-pFedMe | Selected 10/10
  [Client 14] Received edge weights.
  [Client 10] Received edge weights.
  [Client 12] Received edge weights.
  [Client 18] Received edge weights.
  [Client 16] Received edge weights.
  [Client 17] Received edge weights.
  [Client 19] Received edge weights.
  [Client 11] Received edge weights.
  [Client 15] Received edge weights.
  [Client 13] Received edge weights.
  [Client 12] Round 4 | Hier-pFedMe(λ2=35.0,K=10) | loss=0.0014
  [Client 14] Round 4 | Hier-pFedMe(λ2=35.0,K=10) | loss=0.0034
  [Client 10] Round 4 | Hier-pFedMe(λ2=35.0,K=10) | loss=0.0012
  [Client 18] Round 4 | Hier-pFedMe(λ2=35.0,K=10) | loss=0.0032
  [Client 17] Round 4 | Hier-pFedMe(λ2=35.0,K=10) | loss=0.0022
  [Client 16] Round 4 | Hier-pFedMe(λ2=35.0,K=10) | loss=0.0024
  [Client 11] Round 4 | Hier-pFedMe(λ2=35.0,K=10) | loss=0.0019
  [Client 19] Round 4 | Hier-pFedMe(λ2=35.0,K=10) | loss=0.0029
  [Client 15] Round 4 | Hier-pFedMe(λ2=35.0,K=10) | loss=0.0024
  [Client 13] Round 4 | Hier-pFedMe(λ2=35.0,K=10) | loss=0.0017
  [Edge 1] G4 | E3 | loss=0.0023
  [Edge 1] G4 | E4 | Hier-pFedMe | Selected 10/10
  [Client 19] Received edge weights.
  [Client 17] Received edge weights.
  [Client 10] Received edge weights.
  [Client 14] Received edge weights.
  [Client 16] Received edge weights.
  [Client 18] Received edge weights.
  [Client 13] Received edge weights.
  [Client 11] Received edge weights.
  [Client 15] Received edge weights.
  [Client 12] Received edge weights.
  [Client 14] Round 4 | Hier-pFedMe(λ2=35.0,K=10) | loss=0.0042
  [Client 10] Round 4 | Hier-pFedMe(λ2=35.0,K=10) | loss=0.0024
  [Client 17] Round 4 | Hier-pFedMe(λ2=35.0,K=10) | loss=0.0030
  [Client 19] Round 4 | Hier-pFedMe(λ2=35.0,K=10) | loss=0.0033
  [Client 18] Round 4 | Hier-pFedMe(λ2=35.0,K=10) | loss=0.0052
  [Client 16] Round 4 | Hier-pFedMe(λ2=35.0,K=10) | loss=0.0043
  [Client 13] Round 4 | Hier-pFedMe(λ2=35.0,K=10) | loss=0.0033
  [Client 11] Round 4 | Hier-pFedMe(λ2=35.0,K=10) | loss=0.0022
  [Client 15] Round 4 | Hier-pFedMe(λ2=35.0,K=10) | loss=0.0014
  [Client 12] Round 4 | Hier-pFedMe(λ2=35.0,K=10) | loss=0.0076
  [Edge 1] G4 | E4 | loss=0.0037
  [Edge 1] G4 | E5 | Hier-pFedMe | Selected 10/10
  [Client 11] Received edge weights.
  [Client 10] Received edge weights.
  [Client 14] Received edge weights.
  [Client 17] Received edge weights.
  [Client 13] Received edge weights.
  [Client 15] Received edge weights.
  [Client 18] Received edge weights.
  [Client 19] Received edge weights.
  [Client 16] Received edge weights.
  [Client 12] Received edge weights.
  [Client 10] Round 4 | Hier-pFedMe(λ2=35.0,K=10) | loss=0.0031
  [Client 14] Round 4 | Hier-pFedMe(λ2=35.0,K=10) | loss=0.0016
  [Client 17] Round 4 | Hier-pFedMe(λ2=35.0,K=10) | loss=0.0050
  [Client 11] Round 4 | Hier-pFedMe(λ2=35.0,K=10) | loss=0.0020
  [Client 13] Round 4 | Hier-pFedMe(λ2=35.0,K=10) | loss=0.0034
  [Client 15] Round 4 | Hier-pFedMe(λ2=35.0,K=10) | loss=0.0020
  [Client 18] Round 4 | Hier-pFedMe(λ2=35.0,K=10) | loss=0.0102
  [Client 19] Round 4 | Hier-pFedMe(λ2=35.0,K=10) | loss=0.0026
  [Client 16] Round 4 | Hier-pFedMe(λ2=35.0,K=10) | loss=0.0016
  [Client 12] Round 4 | Hier-pFedMe(λ2=35.0,K=10) | loss=0.0018
  [Edge 1] G4 | E5 | loss=0.0033
[C0] eval model[0] mean=-0.002680 | θ̃ mean=-0.002680 | edge mean=-0.002353 |local ref=-0.002682
[C0] n=1000 | classes=[3, 6] | acc=0.6290 | per_class={3: '0.36', 6: '0.91'}
[C1] eval model[0] mean=-0.002373 | θ̃ mean=-0.002373 | edge mean=-0.002353 |local ref=-0.002372
[C1] n=1000 | classes=[3, 6] | acc=0.6710 | per_class={3: '0.59', 6: '0.76'}
[C2] eval model[0] mean=-0.001897 | θ̃ mean=-0.001897 | edge mean=-0.002353 |local ref=-0.001897
[C2] n=1000 | classes=[2, 5] | acc=0.6610 | per_class={2: '0.54', 5: '0.78'}
[C3] eval model[0] mean=-0.003808 | θ̃ mean=-0.003808 | edge mean=-0.002353 |local ref=-0.003810
[C3] n=1000 | classes=[5, 7] | acc=0.6660 | per_class={5: '0.76', 7: '0.57'}
[C4] eval model[0] mean=-0.001983 | θ̃ mean=-0.001983 | edge mean=-0.002353 |local ref=-0.001983
[C4] n=1000 | classes=[2, 7] | acc=0.7000 | per_class={2: '0.79', 7: '0.61'}
[C5] eval model[0] mean=-0.002444 | θ̃ mean=-0.002444 | edge mean=-0.002353 |local ref=-0.002438
[C5] n=1000 | classes=[2, 4] | acc=0.5070 | per_class={2: '0.35', 4: '0.67'}
[C6] eval model[0] mean=-0.001873 | θ̃ mean=-0.001873 | edge mean=-0.002353 |local ref=-0.001869
[C6] n=1000 | classes=[6, 7] | acc=0.7030 | per_class={6: '0.52', 7: '0.89'}
[C7] eval model[0] mean=-0.002373 | θ̃ mean=-0.002373 | edge mean=-0.002353 |local ref=-0.002371
[C7] n=1000 | classes=[3, 5] | acc=0.5630 | per_class={3: '0.58', 5: '0.55'}
[C8] eval model[0] mean=-0.002299 | θ̃ mean=-0.002299 | edge mean=-0.002353 |local ref=-0.002299
[C8] n=500 | classes=[4] | acc=1.0000 | per_class={4: '1.00'}
[C9] eval model[0] mean=-0.002332 | θ̃ mean=-0.002332 | edge mean=-0.002353 |local ref=-0.002332
[C9] n=500 | classes=[4] | acc=1.0000 | per_class={4: '1.00'}
[C10] eval model[0] mean=-0.003321 | θ̃ mean=-0.003321 | edge mean=-0.003710 |local ref=-0.003319
[C10] n=600 | classes=[8, 9] | acc=0.7467 | per_class={8: '0.58', 9: '0.91'}
[C11] eval model[0] mean=-0.003350 | θ̃ mean=-0.003350 | edge mean=-0.003710 |local ref=-0.003340
[C11] n=600 | classes=[0, 1] | acc=0.6450 | per_class={0: '0.31', 1: '0.98'}
[C12] eval model[0] mean=-0.004122 | θ̃ mean=-0.004122 | edge mean=-0.003710 |local ref=-0.004126
[C12] n=600 | classes=[1, 8] | acc=0.7833 | per_class={1: '0.78', 8: '0.79'}
[C13] eval model[0] mean=-0.003967 | θ̃ mean=-0.003967 | edge mean=-0.003710 |local ref=-0.003970
[C13] n=600 | classes=[0, 8] | acc=0.5933 | per_class={0: '0.50', 8: '0.69'}
[C14] eval model[0] mean=-0.002422 | θ̃ mean=-0.002422 | edge mean=-0.003710 |local ref=-0.002424
[C14] n=600 | classes=[0, 9] | acc=0.7483 | per_class={0: '0.69', 9: '0.81'}
[C15] eval model[0] mean=-0.003308 | θ̃ mean=-0.003308 | edge mean=-0.003710 |local ref=-0.003317
[C15] n=600 | classes=[0, 8] | acc=0.6300 | per_class={0: '0.77', 8: '0.48'}
[C16] eval model[0] mean=-0.004277 | θ̃ mean=-0.004277 | edge mean=-0.003710 |local ref=-0.004284
[C16] n=600 | classes=[1, 8] | acc=0.7867 | per_class={1: '0.93', 8: '0.65'}
[C17] eval model[0] mean=-0.003709 | θ̃ mean=-0.003709 | edge mean=-0.003710 |local ref=-0.003704
[C17] n=600 | classes=[1, 9] | acc=0.5833 | per_class={1: '0.37', 9: '0.78'}
[C18] eval model[0] mean=-0.002276 | θ̃ mean=-0.002276 | edge mean=-0.003710 |local ref=-0.002289
[C18] n=600 | classes=[1, 9] | acc=0.5900 | per_class={1: '0.54', 9: '0.65'}
[C19] eval model[0] mean=-0.003814 | θ̃ mean=-0.003814 | edge mean=-0.003710 |local ref=-0.003810
[C19] n=600 | classes=[0, 9] | acc=0.6917 | per_class={0: '0.90', 9: '0.50'}
  [Cloud] GM=0.2457 | EM=0.3222 PM=0.6786 | loss=2.1003 | time=50.0s | comm=4556.2MB (total=18225MB)

[Round   5] Broadcasting to 2 edges...
  [Edge 0] W_n reset to global weights for new round.
  [Edge 1] W_n reset to global weights for new round.
  [Edge 0] G5 | E1 | Hier-pFedMe | Selected 10/10
  [Client  0] Received edge weights.
  [Client  2] Received edge weights.
  [Client  1] Received edge weights.
  [Client  8] Received edge weights.
  [Client  7] Received edge weights.
  [Client  6] Received edge weights.
  [Client  9] Received edge weights.
  [Client  4] Received edge weights.
  [Client  3] Received edge weights.
  [Client  5] Received edge weights.
  [Client  0] Round 5 | Hier-pFedMe(λ2=35.0,K=10) | loss=0.0024
  [Client  8] Round 5 | Hier-pFedMe(λ2=35.0,K=10) | loss=0.0000
  [Client  1] Round 5 | Hier-pFedMe(λ2=35.0,K=10) | loss=0.0015
  [Client  2] Round 5 | Hier-pFedMe(λ2=35.0,K=10) | loss=0.0006
  [Client  7] Round 5 | Hier-pFedMe(λ2=35.0,K=10) | loss=0.0035
  [Client  6] Round 5 | Hier-pFedMe(λ2=35.0,K=10) | loss=0.0012
  [Client  9] Round 5 | Hier-pFedMe(λ2=35.0,K=10) | loss=0.0000
  [Client  4] Round 5 | Hier-pFedMe(λ2=35.0,K=10) | loss=0.0008
  [Client  3] Round 5 | Hier-pFedMe(λ2=35.0,K=10) | loss=0.0010
  [Client  5] Round 5 | Hier-pFedMe(λ2=35.0,K=10) | loss=0.0050
  [Edge 0] G5 | E1 | loss=0.0018
  [Edge 0] G5 | E2 | Hier-pFedMe | Selected 10/10
  [Client  9] Received edge weights.
  [Client  1] Received edge weights.
  [Client  7] Received edge weights.
  [Client  5] Received edge weights.
  [Client  3] Received edge weights.
  [Client  0] Received edge weights.
  [Client  2] Received edge weights.
  [Client  8] Received edge weights.
  [Client  4] Received edge weights.
  [Client  6] Received edge weights.
  [Client  9] Round 5 | Hier-pFedMe(λ2=35.0,K=10) | loss=0.0000
  [Client  1] Round 5 | Hier-pFedMe(λ2=35.0,K=10) | loss=0.0024
  [Client  5] Round 5 | Hier-pFedMe(λ2=35.0,K=10) | loss=0.0048
  [Client  7] Round 5 | Hier-pFedMe(λ2=35.0,K=10) | loss=0.0169
  [Client  3] Round 5 | Hier-pFedMe(λ2=35.0,K=10) | loss=0.0051
  [Client  0] Round 5 | Hier-pFedMe(λ2=35.0,K=10) | loss=0.0003
  [Client  2] Round 5 | Hier-pFedMe(λ2=35.0,K=10) | loss=0.0070
  [Client  8] Round 5 | Hier-pFedMe(λ2=35.0,K=10) | loss=0.0000
  [Client  4] Round 5 | Hier-pFedMe(λ2=35.0,K=10) | loss=0.0034
  [Client  6] Round 5 | Hier-pFedMe(λ2=35.0,K=10) | loss=0.0011
  [Edge 0] G5 | E2 | loss=0.0046
  [Edge 0] G5 | E3 | Hier-pFedMe | Selected 10/10
  [Client  9] Received edge weights.
  [Client  0] Received edge weights.
  [Client  8] Received edge weights.
  [Client  7] Received edge weights.
  [Client  4] Received edge weights.
  [Client  5] Received edge weights.
  [Client  6] Received edge weights.
  [Client  1] Received edge weights.
  [Client  3] Received edge weights.
  [Client  2] Received edge weights.
  [Client  0] Round 5 | Hier-pFedMe(λ2=35.0,K=10) | loss=0.0054
  [Client  8] Round 5 | Hier-pFedMe(λ2=35.0,K=10) | loss=0.0000
  [Client  9] Round 5 | Hier-pFedMe(λ2=35.0,K=10) | loss=0.0000
  [Client  7] Round 5 | Hier-pFedMe(λ2=35.0,K=10) | loss=0.0026
  [Client  4] Round 5 | Hier-pFedMe(λ2=35.0,K=10) | loss=0.0026
  [Client  5] Round 5 | Hier-pFedMe(λ2=35.0,K=10) | loss=0.0040
  [Client  6] Round 5 | Hier-pFedMe(λ2=35.0,K=10) | loss=0.0018
  [Client  1] Round 5 | Hier-pFedMe(λ2=35.0,K=10) | loss=0.0018
  [Client  3] Round 5 | Hier-pFedMe(λ2=35.0,K=10) | loss=0.0009
  [Client  2] Round 5 | Hier-pFedMe(λ2=35.0,K=10) | loss=0.0050
  [Edge 0] G5 | E3 | loss=0.0027
  [Edge 0] G5 | E4 | Hier-pFedMe | Selected 10/10
  [Client  2] Received edge weights.
  [Client  8] Received edge weights.
  [Client  9] Received edge weights.
  [Client  4] Received edge weights.
  [Client  0] Received edge weights.
  [Client  6] Received edge weights.
  [Client  1] Received edge weights.
  [Client  5] Received edge weights.
  [Client  3] Received edge weights.
  [Client  7] Received edge weights.
  [Client  8] Round 5 | Hier-pFedMe(λ2=35.0,K=10) | loss=0.0000
  [Client  4] Round 5 | Hier-pFedMe(λ2=35.0,K=10) | loss=0.0015
  [Client  9] Round 5 | Hier-pFedMe(λ2=35.0,K=10) | loss=0.0000
  [Client  2] Round 5 | Hier-pFedMe(λ2=35.0,K=10) | loss=0.0023
  [Client  0] Round 5 | Hier-pFedMe(λ2=35.0,K=10) | loss=0.0015
  [Client  6] Round 5 | Hier-pFedMe(λ2=35.0,K=10) | loss=0.0003
  [Client  1] Round 5 | Hier-pFedMe(λ2=35.0,K=10) | loss=0.0018
  [Client  5] Round 5 | Hier-pFedMe(λ2=35.0,K=10) | loss=0.0032
  [Client  3] Round 5 | Hier-pFedMe(λ2=35.0,K=10) | loss=0.0010
  [Client  7] Round 5 | Hier-pFedMe(λ2=35.0,K=10) | loss=0.0005
  [Edge 0] G5 | E4 | loss=0.0013
  [Edge 0] G5 | E5 | Hier-pFedMe | Selected 10/10
  [Client  6] Received edge weights.
  [Client  3] Received edge weights.
  [Client  0] Received edge weights.
  [Client  7] Received edge weights.
  [Client  1] Received edge weights.
  [Client  5] Received edge weights.
  [Client  2] Received edge weights.
  [Client  8] Received edge weights.
  [Client  9] Received edge weights.
  [Client  4] Received edge weights.
  [Client  0] Round 5 | Hier-pFedMe(λ2=35.0,K=10) | loss=0.0012
  [Client  6] Round 5 | Hier-pFedMe(λ2=35.0,K=10) | loss=0.0012
  [Client  3] Round 5 | Hier-pFedMe(λ2=35.0,K=10) | loss=0.0054
  [Client  7] Round 5 | Hier-pFedMe(λ2=35.0,K=10) | loss=0.0019
  [Client  1] Round 5 | Hier-pFedMe(λ2=35.0,K=10) | loss=0.0047
  [Client  5] Round 5 | Hier-pFedMe(λ2=35.0,K=10) | loss=0.0024
  [Client  2] Round 5 | Hier-pFedMe(λ2=35.0,K=10) | loss=0.0032
  [Client  8] Round 5 | Hier-pFedMe(λ2=35.0,K=10) | loss=0.0000
  [Client  9] Round 5 | Hier-pFedMe(λ2=35.0,K=10) | loss=0.0000
  [Client  4] Round 5 | Hier-pFedMe(λ2=35.0,K=10) | loss=0.0015
  [Edge 0] G5 | E5 | loss=0.0024
  [Edge 1] G5 | E1 | Hier-pFedMe | Selected 10/10
  [Client 16] Received edge weights.
  [Client 10] Received edge weights.
  [Client 18] Received edge weights.
  [Client 12] Received edge weights.
  [Client 13] Received edge weights.
  [Client 15] Received edge weights.
  [Client 19] Received edge weights.
  [Client 17] Received edge weights.
  [Client 14] Received edge weights.
  [Client 11] Received edge weights.
  [Client 18] Round 5 | Hier-pFedMe(λ2=35.0,K=10) | loss=0.0047
  [Client 16] Round 5 | Hier-pFedMe(λ2=35.0,K=10) | loss=0.0027
  [Client 12] Round 5 | Hier-pFedMe(λ2=35.0,K=10) | loss=0.0009
  [Client 10] Round 5 | Hier-pFedMe(λ2=35.0,K=10) | loss=0.0024
  [Client 13] Round 5 | Hier-pFedMe(λ2=35.0,K=10) | loss=0.0020
  [Client 15] Round 5 | Hier-pFedMe(λ2=35.0,K=10) | loss=0.0032
  [Client 19] Round 5 | Hier-pFedMe(λ2=35.0,K=10) | loss=0.0030
  [Client 17] Round 5 | Hier-pFedMe(λ2=35.0,K=10) | loss=0.0035
  [Client 14] Round 5 | Hier-pFedMe(λ2=35.0,K=10) | loss=0.0023
  [Client 11] Round 5 | Hier-pFedMe(λ2=35.0,K=10) | loss=0.0021
  [Edge 1] G5 | E1 | loss=0.0027
  [Edge 1] G5 | E2 | Hier-pFedMe | Selected 10/10
  [Client 10] Received edge weights.
  [Client 12] Received edge weights.
  [Client 19] Received edge weights.
  [Client 15] Received edge weights.
  [Client 14] Received edge weights.
  [Client 13] Received edge weights.
  [Client 16] Received edge weights.
  [Client 11] Received edge weights.
  [Client 17] Received edge weights.
  [Client 18] Received edge weights.
  [Client 10] Round 5 | Hier-pFedMe(λ2=35.0,K=10) | loss=0.0007
  [Client 19] Round 5 | Hier-pFedMe(λ2=35.0,K=10) | loss=0.0036
  [Client 12] Round 5 | Hier-pFedMe(λ2=35.0,K=10) | loss=0.0011
  [Client 15] Round 5 | Hier-pFedMe(λ2=35.0,K=10) | loss=0.0026
  [Client 14] Round 5 | Hier-pFedMe(λ2=35.0,K=10) | loss=0.0036
  [Client 13] Round 5 | Hier-pFedMe(λ2=35.0,K=10) | loss=0.0091
  [Client 16] Round 5 | Hier-pFedMe(λ2=35.0,K=10) | loss=0.0043
  [Client 11] Round 5 | Hier-pFedMe(λ2=35.0,K=10) | loss=0.0013
  [Client 17] Round 5 | Hier-pFedMe(λ2=35.0,K=10) | loss=0.0191
  [Client 18] Round 5 | Hier-pFedMe(λ2=35.0,K=10) | loss=0.0040
  [Edge 1] G5 | E2 | loss=0.0050
  [Edge 1] G5 | E3 | Hier-pFedMe | Selected 10/10
  [Client 15] Received edge weights.
  [Client 14] Received edge weights.
  [Client 17] Received edge weights.
  [Client 16] Received edge weights.
  [Client 10] Received edge weights.
  [Client 19] Received edge weights.
  [Client 12] Received edge weights.
  [Client 13] Received edge weights.
  [Client 11] Received edge weights.
  [Client 18] Received edge weights.
  [Client 17] Round 5 | Hier-pFedMe(λ2=35.0,K=10) | loss=0.0020
  [Client 16] Round 5 | Hier-pFedMe(λ2=35.0,K=10) | loss=0.0026
  [Client 15] Round 5 | Hier-pFedMe(λ2=35.0,K=10) | loss=0.0027
  [Client 14] Round 5 | Hier-pFedMe(λ2=35.0,K=10) | loss=0.0037
  [Client 12] Round 5 | Hier-pFedMe(λ2=35.0,K=10) | loss=0.0031
  [Client 10] Round 5 | Hier-pFedMe(λ2=35.0,K=10) | loss=0.0021
  [Client 19] Round 5 | Hier-pFedMe(λ2=35.0,K=10) | loss=0.0009
  [Client 13] Round 5 | Hier-pFedMe(λ2=35.0,K=10) | loss=0.0075
  [Client 11] Round 5 | Hier-pFedMe(λ2=35.0,K=10) | loss=0.0013
  [Client 18] Round 5 | Hier-pFedMe(λ2=35.0,K=10) | loss=0.0027
  [Edge 1] G5 | E3 | loss=0.0028
  [Edge 1] G5 | E4 | Hier-pFedMe | Selected 10/10
  [Client 12] Received edge weights.
  [Client 13] Received edge weights.
  [Client 10] Received edge weights.
  [Client 11] Received edge weights.
  [Client 14] Received edge weights.
  [Client 16] Received edge weights.
  [Client 19] Received edge weights.
  [Client 15] Received edge weights.
  [Client 17] Received edge weights.
  [Client 18] Received edge weights.
  [Client 13] Round 5 | Hier-pFedMe(λ2=35.0,K=10) | loss=0.0021
  [Client 11] Round 5 | Hier-pFedMe(λ2=35.0,K=10) | loss=0.0028
  [Client 12] Round 5 | Hier-pFedMe(λ2=35.0,K=10) | loss=0.0031
  [Client 10] Round 5 | Hier-pFedMe(λ2=35.0,K=10) | loss=0.0014
  [Client 14] Round 5 | Hier-pFedMe(λ2=35.0,K=10) | loss=0.0019
  [Client 16] Round 5 | Hier-pFedMe(λ2=35.0,K=10) | loss=0.0041
  [Client 19] Round 5 | Hier-pFedMe(λ2=35.0,K=10) | loss=0.0014
  [Client 15] Round 5 | Hier-pFedMe(λ2=35.0,K=10) | loss=0.0025
  [Client 17] Round 5 | Hier-pFedMe(λ2=35.0,K=10) | loss=0.0032
  [Client 18] Round 5 | Hier-pFedMe(λ2=35.0,K=10) | loss=0.0012
  [Edge 1] G5 | E4 | loss=0.0024
  [Edge 1] G5 | E5 | Hier-pFedMe | Selected 10/10
  [Client 12] Received edge weights.
  [Client 13] Received edge weights.
  [Client 17] Received edge weights.
  [Client 16] Received edge weights.
  [Client 19] Received edge weights.
  [Client 10] Received edge weights.
  [Client 18] Received edge weights.
  [Client 14] Received edge weights.
  [Client 11] Received edge weights.
  [Client 15] Received edge weights.
  [Client 13] Round 5 | Hier-pFedMe(λ2=35.0,K=10) | loss=0.0024
  [Client 16] Round 5 | Hier-pFedMe(λ2=35.0,K=10) | loss=0.0027
  [Client 17] Round 5 | Hier-pFedMe(λ2=35.0,K=10) | loss=0.0084
  [Client 12] Round 5 | Hier-pFedMe(λ2=35.0,K=10) | loss=0.0025
  [Client 19] Round 5 | Hier-pFedMe(λ2=35.0,K=10) | loss=0.0029
  [Client 10] Round 5 | Hier-pFedMe(λ2=35.0,K=10) | loss=0.0033
  [Client 18] Round 5 | Hier-pFedMe(λ2=35.0,K=10) | loss=0.0065
  [Client 14] Round 5 | Hier-pFedMe(λ2=35.0,K=10) | loss=0.0017
  [Client 11] Round 5 | Hier-pFedMe(λ2=35.0,K=10) | loss=0.0008
  [Client 15] Round 5 | Hier-pFedMe(λ2=35.0,K=10) | loss=0.0033
  [Edge 1] G5 | E5 | loss=0.0034
[C0] eval model[0] mean=-0.002240 | θ̃ mean=-0.002240 | edge mean=-0.002485 |local ref=-0.002243
[C0] n=1000 | classes=[3, 6] | acc=0.6190 | per_class={3: '0.54', 6: '0.71'}
[C1] eval model[0] mean=-0.002688 | θ̃ mean=-0.002688 | edge mean=-0.002485 |local ref=-0.002689
[C1] n=1000 | classes=[3, 6] | acc=0.6930 | per_class={3: '0.56', 6: '0.83'}
[C2] eval model[0] mean=-0.002654 | θ̃ mean=-0.002654 | edge mean=-0.002485 |local ref=-0.002656
[C2] n=1000 | classes=[2, 5] | acc=0.6060 | per_class={2: '0.65', 5: '0.56'}
[C3] eval model[0] mean=-0.002145 | θ̃ mean=-0.002145 | edge mean=-0.002485 |local ref=-0.002147
[C3] n=1000 | classes=[5, 7] | acc=0.6290 | per_class={5: '0.41', 7: '0.85'}
[C4] eval model[0] mean=-0.002573 | θ̃ mean=-0.002573 | edge mean=-0.002485 |local ref=-0.002570
[C4] n=1000 | classes=[2, 7] | acc=0.7160 | per_class={2: '0.50', 7: '0.94'}
[C5] eval model[0] mean=-0.002590 | θ̃ mean=-0.002590 | edge mean=-0.002485 |local ref=-0.002592
[C5] n=1000 | classes=[2, 4] | acc=0.5830 | per_class={2: '0.40', 4: '0.77'}
[C6] eval model[0] mean=-0.002418 | θ̃ mean=-0.002418 | edge mean=-0.002485 |local ref=-0.002425
[C6] n=1000 | classes=[6, 7] | acc=0.7570 | per_class={6: '0.76', 7: '0.76'}
[C7] eval model[0] mean=-0.002648 | θ̃ mean=-0.002648 | edge mean=-0.002485 |local ref=-0.002647
[C7] n=1000 | classes=[3, 5] | acc=0.4800 | per_class={3: '0.40', 5: '0.56'}
[C8] eval model[0] mean=-0.002793 | θ̃ mean=-0.002793 | edge mean=-0.002485 |local ref=-0.002793
[C8] n=500 | classes=[4] | acc=1.0000 | per_class={4: '1.00'}
[C9] eval model[0] mean=-0.002468 | θ̃ mean=-0.002468 | edge mean=-0.002485 |local ref=-0.002468
[C9] n=500 | classes=[4] | acc=1.0000 | per_class={4: '1.00'}
[C10] eval model[0] mean=-0.003100 | θ̃ mean=-0.003100 | edge mean=-0.002885 |local ref=-0.003106
[C10] n=600 | classes=[8, 9] | acc=0.7667 | per_class={8: '0.78', 9: '0.75'}
[C11] eval model[0] mean=-0.002926 | θ̃ mean=-0.002926 | edge mean=-0.002885 |local ref=-0.002924
[C11] n=600 | classes=[0, 1] | acc=0.7233 | per_class={0: '0.72', 1: '0.73'}
[C12] eval model[0] mean=-0.003220 | θ̃ mean=-0.003220 | edge mean=-0.002885 |local ref=-0.003221
[C12] n=600 | classes=[1, 8] | acc=0.7000 | per_class={1: '0.81', 8: '0.59'}
[C13] eval model[0] mean=-0.003380 | θ̃ mean=-0.003380 | edge mean=-0.002885 |local ref=-0.003375
[C13] n=600 | classes=[0, 8] | acc=0.6617 | per_class={0: '0.88', 8: '0.42'}
[C14] eval model[0] mean=-0.002315 | θ̃ mean=-0.002315 | edge mean=-0.002885 |local ref=-0.002313
[C14] n=600 | classes=[0, 9] | acc=0.7583 | per_class={0: '0.55', 9: '0.97'}
[C15] eval model[0] mean=-0.003380 | θ̃ mean=-0.003380 | edge mean=-0.002885 |local ref=-0.003378
[C15] n=600 | classes=[0, 8] | acc=0.6483 | per_class={0: '0.48', 8: '0.83'}
[C16] eval model[0] mean=-0.002557 | θ̃ mean=-0.002557 | edge mean=-0.002885 |local ref=-0.002553
[C16] n=600 | classes=[1, 8] | acc=0.6633 | per_class={1: '0.44', 8: '0.87'}
[C17] eval model[0] mean=-0.002690 | θ̃ mean=-0.002690 | edge mean=-0.002885 |local ref=-0.002705
[C17] n=600 | classes=[1, 9] | acc=0.6450 | per_class={1: '0.70', 9: '0.59'}
[C18] eval model[0] mean=-0.002706 | θ̃ mean=-0.002706 | edge mean=-0.002885 |local ref=-0.002706
[C18] n=600 | classes=[1, 9] | acc=0.6050 | per_class={1: '0.73', 9: '0.47'}
[C19] eval model[0] mean=-0.003279 | θ̃ mean=-0.003279 | edge mean=-0.002885 |local ref=-0.003285
[C19] n=600 | classes=[0, 9] | acc=0.7700 | per_class={0: '0.77', 9: '0.77'}
  [Cloud] GM=0.2637 | EM=0.3435 PM=0.6832 | loss=2.0675 | time=49.3s | comm=4556.2MB (total=22781MB)

[Round   6] Broadcasting to 2 edges...
  [Edge 0] W_n reset to global weights for new round.
  [Edge 1] W_n reset to global weights for new round.
  [Edge 0] G6 | E1 | Hier-pFedMe | Selected 10/10
  [Client  9] Received edge weights.
  [Client  5] Received edge weights.
  [Client  3] Received edge weights.
  [Client  4] Received edge weights.
  [Client  6] Received edge weights.
  [Client  2] Received edge weights.
  [Client  0] Received edge weights.
  [Client  7] Received edge weights.
  [Client  8] Received edge weights.
  [Client  1] Received edge weights.
  [Client  4] Round 6 | Hier-pFedMe(λ2=35.0,K=10) | loss=0.0017
  [Client  5] Round 6 | Hier-pFedMe(λ2=35.0,K=10) | loss=0.0023  [Client  3] Round 6 | Hier-pFedMe(λ2=35.0,K=10) | loss=0.0017
  [Client  9] Round 6 | Hier-pFedMe(λ2=35.0,K=10) | loss=0.0000

  [Client  6] Round 6 | Hier-pFedMe(λ2=35.0,K=10) | loss=0.0035
  [Client  2] Round 6 | Hier-pFedMe(λ2=35.0,K=10) | loss=0.0020  [Client  0] Round 6 | Hier-pFedMe(λ2=35.0,K=10) | loss=0.0033

  [Client  7] Round 6 | Hier-pFedMe(λ2=35.0,K=10) | loss=0.0030
  [Client  8] Round 6 | Hier-pFedMe(λ2=35.0,K=10) | loss=0.0000
  [Client  1] Round 6 | Hier-pFedMe(λ2=35.0,K=10) | loss=0.0028
  [Edge 0] G6 | E1 | loss=0.0022
  [Edge 0] G6 | E2 | Hier-pFedMe | Selected 10/10
  [Client  8] Received edge weights.
  [Client  4] Received edge weights.
  [Client  0] Received edge weights.
  [Client  7] Received edge weights.
  [Client  6] Received edge weights.
  [Client  2] Received edge weights.
  [Client  1] Received edge weights.
  [Client  3] Received edge weights.
  [Client  9] Received edge weights.
  [Client  5] Received edge weights.
  [Client  0] Round 6 | Hier-pFedMe(λ2=35.0,K=10) | loss=0.0012
  [Client  4] Round 6 | Hier-pFedMe(λ2=35.0,K=10) | loss=0.0027
  [Client  8] Round 6 | Hier-pFedMe(λ2=35.0,K=10) | loss=0.0000
  [Client  7] Round 6 | Hier-pFedMe(λ2=35.0,K=10) | loss=0.0043
  [Client  6] Round 6 | Hier-pFedMe(λ2=35.0,K=10) | loss=0.0037  [Client  2] Round 6 | Hier-pFedMe(λ2=35.0,K=10) | loss=0.0014

  [Client  1] Round 6 | Hier-pFedMe(λ2=35.0,K=10) | loss=0.0015
  [Client  3] Round 6 | Hier-pFedMe(λ2=35.0,K=10) | loss=0.0013
  [Client  9] Round 6 | Hier-pFedMe(λ2=35.0,K=10) | loss=0.0000
  [Client  5] Round 6 | Hier-pFedMe(λ2=35.0,K=10) | loss=0.0090
  [Edge 0] G6 | E2 | loss=0.0028
  [Edge 0] G6 | E3 | Hier-pFedMe | Selected 10/10
  [Client  5] Received edge weights.
  [Client  2] Received edge weights.
  [Client  8] Received edge weights.
  [Client  0] Received edge weights.
  [Client  9] Received edge weights.
  [Client  1] Received edge weights.
  [Client  4] Received edge weights.
  [Client  3] Received edge weights.
  [Client  6] Received edge weights.
  [Client  7] Received edge weights.
  [Client  8] Round 6 | Hier-pFedMe(λ2=35.0,K=10) | loss=0.0000  [Client  2] Round 6 | Hier-pFedMe(λ2=35.0,K=10) | loss=0.0054  [Client  5] Round 6 | Hier-pFedMe(λ2=35.0,K=10) | loss=0.0068
  [Client  0] Round 6 | Hier-pFedMe(λ2=35.0,K=10) | loss=0.0021


  [Client  9] Round 6 | Hier-pFedMe(λ2=35.0,K=10) | loss=0.0000
  [Client  1] Round 6 | Hier-pFedMe(λ2=35.0,K=10) | loss=0.0054
  [Client  4] Round 6 | Hier-pFedMe(λ2=35.0,K=10) | loss=0.0022
  [Client  3] Round 6 | Hier-pFedMe(λ2=35.0,K=10) | loss=0.0027
  [Client  6] Round 6 | Hier-pFedMe(λ2=35.0,K=10) | loss=0.0013
  [Client  7] Round 6 | Hier-pFedMe(λ2=35.0,K=10) | loss=0.0049
  [Edge 0] G6 | E3 | loss=0.0034
  [Edge 0] G6 | E4 | Hier-pFedMe | Selected 10/10
  [Client  2] Received edge weights.
  [Client  6] Received edge weights.
  [Client  8] Received edge weights.
  [Client  0] Received edge weights.
  [Client  1] Received edge weights.
  [Client  3] Received edge weights.
  [Client  4] Received edge weights.
  [Client  5] Received edge weights.
  [Client  7] Received edge weights.
  [Client  9] Received edge weights.
  [Client  6] Round 6 | Hier-pFedMe(λ2=35.0,K=10) | loss=0.0013
  [Client  2] Round 6 | Hier-pFedMe(λ2=35.0,K=10) | loss=0.0034
  [Client  8] Round 6 | Hier-pFedMe(λ2=35.0,K=10) | loss=0.0000
  [Client  0] Round 6 | Hier-pFedMe(λ2=35.0,K=10) | loss=0.0035
  [Client  1] Round 6 | Hier-pFedMe(λ2=35.0,K=10) | loss=0.0021
  [Client  3] Round 6 | Hier-pFedMe(λ2=35.0,K=10) | loss=0.0013
  [Client  4] Round 6 | Hier-pFedMe(λ2=35.0,K=10) | loss=0.0021
  [Client  5] Round 6 | Hier-pFedMe(λ2=35.0,K=10) | loss=0.0018
  [Client  7] Round 6 | Hier-pFedMe(λ2=35.0,K=10) | loss=0.0037
  [Client  9] Round 6 | Hier-pFedMe(λ2=35.0,K=10) | loss=0.0000
  [Edge 0] G6 | E4 | loss=0.0021
  [Edge 0] G6 | E5 | Hier-pFedMe | Selected 10/10
  [Client  1] Received edge weights.
  [Client  3] Received edge weights.
  [Client  9] Received edge weights.
  [Client  5] Received edge weights.
  [Client  2] Received edge weights.
  [Client  6] Received edge weights.
  [Client  7] Received edge weights.
  [Client  4] Received edge weights.
  [Client  0] Received edge weights.
  [Client  8] Received edge weights.
  [Client  9] Round 6 | Hier-pFedMe(λ2=35.0,K=10) | loss=0.0000
  [Client  5] Round 6 | Hier-pFedMe(λ2=35.0,K=10) | loss=0.0071
  [Client  1] Round 6 | Hier-pFedMe(λ2=35.0,K=10) | loss=0.0026
  [Client  3] Round 6 | Hier-pFedMe(λ2=35.0,K=10) | loss=0.0026
  [Client  2] Round 6 | Hier-pFedMe(λ2=35.0,K=10) | loss=0.0050
  [Client  6] Round 6 | Hier-pFedMe(λ2=35.0,K=10) | loss=0.0006
  [Client  7] Round 6 | Hier-pFedMe(λ2=35.0,K=10) | loss=0.0019
  [Client  4] Round 6 | Hier-pFedMe(λ2=35.0,K=10) | loss=0.0016
  [Client  0] Round 6 | Hier-pFedMe(λ2=35.0,K=10) | loss=0.0013
  [Client  8] Round 6 | Hier-pFedMe(λ2=35.0,K=10) | loss=0.0000
  [Edge 0] G6 | E5 | loss=0.0025
  [Edge 1] G6 | E1 | Hier-pFedMe | Selected 10/10
  [Client 19] Received edge weights.
  [Client 13] Received edge weights.
  [Client 14] Received edge weights.
  [Client 18] Received edge weights.
  [Client 16] Received edge weights.
  [Client 12] Received edge weights.
  [Client 15] Received edge weights.
  [Client 11] Received edge weights.
  [Client 10] Received edge weights.
  [Client 17] Received edge weights.
  [Client 14] Round 6 | Hier-pFedMe(λ2=35.0,K=10) | loss=0.0006
  [Client 19] Round 6 | Hier-pFedMe(λ2=35.0,K=10) | loss=0.0024
  [Client 18] Round 6 | Hier-pFedMe(λ2=35.0,K=10) | loss=0.0037  [Client 13] Round 6 | Hier-pFedMe(λ2=35.0,K=10) | loss=0.0037

  [Client 16] Round 6 | Hier-pFedMe(λ2=35.0,K=10) | loss=0.0052
  [Client 12] Round 6 | Hier-pFedMe(λ2=35.0,K=10) | loss=0.0033
  [Client 15] Round 6 | Hier-pFedMe(λ2=35.0,K=10) | loss=0.0019
  [Client 11] Round 6 | Hier-pFedMe(λ2=35.0,K=10) | loss=0.0021
  [Client 10] Round 6 | Hier-pFedMe(λ2=35.0,K=10) | loss=0.0011
  [Client 17] Round 6 | Hier-pFedMe(λ2=35.0,K=10) | loss=0.0049
  [Edge 1] G6 | E1 | loss=0.0029
  [Edge 1] G6 | E2 | Hier-pFedMe | Selected 10/10
  [Client 13] Received edge weights.
  [Client 18] Received edge weights.
  [Client 19] Received edge weights.
  [Client 10] Received edge weights.
  [Client 17] Received edge weights.
  [Client 15] Received edge weights.
  [Client 12] Received edge weights.
  [Client 11] Received edge weights.
  [Client 16] Received edge weights.
  [Client 14] Received edge weights.
  [Client 18] Round 6 | Hier-pFedMe(λ2=35.0,K=10) | loss=0.0018  [Client 13] Round 6 | Hier-pFedMe(λ2=35.0,K=10) | loss=0.0027

  [Client 19] Round 6 | Hier-pFedMe(λ2=35.0,K=10) | loss=0.0022
  [Client 10] Round 6 | Hier-pFedMe(λ2=35.0,K=10) | loss=0.0016
  [Client 17] Round 6 | Hier-pFedMe(λ2=35.0,K=10) | loss=0.0017
  [Client 15] Round 6 | Hier-pFedMe(λ2=35.0,K=10) | loss=0.0016
  [Client 12] Round 6 | Hier-pFedMe(λ2=35.0,K=10) | loss=0.0017
  [Client 11] Round 6 | Hier-pFedMe(λ2=35.0,K=10) | loss=0.0015
  [Client 16] Round 6 | Hier-pFedMe(λ2=35.0,K=10) | loss=0.0015
  [Client 14] Round 6 | Hier-pFedMe(λ2=35.0,K=10) | loss=0.0009
  [Edge 1] G6 | E2 | loss=0.0017
  [Edge 1] G6 | E3 | Hier-pFedMe | Selected 10/10
  [Client 10] Received edge weights.
  [Client 16] Received edge weights.
  [Client 13] Received edge weights.
  [Client 18] Received edge weights.
  [Client 17] Received edge weights.
  [Client 11] Received edge weights.
  [Client 14] Received edge weights.
  [Client 12] Received edge weights.
  [Client 15] Received edge weights.
  [Client 19] Received edge weights.
  [Client 10] Round 6 | Hier-pFedMe(λ2=35.0,K=10) | loss=0.0027
  [Client 16] Round 6 | Hier-pFedMe(λ2=35.0,K=10) | loss=0.0025
  [Client 18] Round 6 | Hier-pFedMe(λ2=35.0,K=10) | loss=0.0027
  [Client 13] Round 6 | Hier-pFedMe(λ2=35.0,K=10) | loss=0.0011
  [Client 17] Round 6 | Hier-pFedMe(λ2=35.0,K=10) | loss=0.0013
  [Client 11] Round 6 | Hier-pFedMe(λ2=35.0,K=10) | loss=0.0033
  [Client 14] Round 6 | Hier-pFedMe(λ2=35.0,K=10) | loss=0.0010
  [Client 12] Round 6 | Hier-pFedMe(λ2=35.0,K=10) | loss=0.0019
  [Client 15] Round 6 | Hier-pFedMe(λ2=35.0,K=10) | loss=0.0013
  [Client 19] Round 6 | Hier-pFedMe(λ2=35.0,K=10) | loss=0.0012
  [Edge 1] G6 | E3 | loss=0.0019
  [Edge 1] G6 | E4 | Hier-pFedMe | Selected 10/10
  [Client 17] Received edge weights.
  [Client 15] Received edge weights.
  [Client 19] Received edge weights.
  [Client 10] Received edge weights.
  [Client 14] Received edge weights.
  [Client 12] Received edge weights.
  [Client 18] Received edge weights.
  [Client 16] Received edge weights.
  [Client 11] Received edge weights.
  [Client 13] Received edge weights.
  [Client 19] Round 6 | Hier-pFedMe(λ2=35.0,K=10) | loss=0.0068  [Client 10] Round 6 | Hier-pFedMe(λ2=35.0,K=10) | loss=0.0035
  [Client 15] Round 6 | Hier-pFedMe(λ2=35.0,K=10) | loss=0.0023

  [Client 17] Round 6 | Hier-pFedMe(λ2=35.0,K=10) | loss=0.0037
  [Client 14] Round 6 | Hier-pFedMe(λ2=35.0,K=10) | loss=0.0046
  [Client 12] Round 6 | Hier-pFedMe(λ2=35.0,K=10) | loss=0.0014
  [Client 18] Round 6 | Hier-pFedMe(λ2=35.0,K=10) | loss=0.0035
  [Client 16] Round 6 | Hier-pFedMe(λ2=35.0,K=10) | loss=0.0037
  [Client 11] Round 6 | Hier-pFedMe(λ2=35.0,K=10) | loss=0.0048
  [Client 13] Round 6 | Hier-pFedMe(λ2=35.0,K=10) | loss=0.0016
  [Edge 1] G6 | E4 | loss=0.0036
  [Edge 1] G6 | E5 | Hier-pFedMe | Selected 10/10
  [Client 11] Received edge weights.
  [Client 17] Received edge weights.
  [Client 18] Received edge weights.
  [Client 12] Received edge weights.
  [Client 19] Received edge weights.
  [Client 14] Received edge weights.
  [Client 16] Received edge weights.
  [Client 15] Received edge weights.
  [Client 10] Received edge weights.
  [Client 13] Received edge weights.
  [Client 12] Round 6 | Hier-pFedMe(λ2=35.0,K=10) | loss=0.0008
  [Client 11] Round 6 | Hier-pFedMe(λ2=35.0,K=10) | loss=0.0025
  [Client 17] Round 6 | Hier-pFedMe(λ2=35.0,K=10) | loss=0.0004
  [Client 18] Round 6 | Hier-pFedMe(λ2=35.0,K=10) | loss=0.0033
  [Client 19] Round 6 | Hier-pFedMe(λ2=35.0,K=10) | loss=0.0056
  [Client 16] Round 6 | Hier-pFedMe(λ2=35.0,K=10) | loss=0.0036
  [Client 14] Round 6 | Hier-pFedMe(λ2=35.0,K=10) | loss=0.0023
  [Client 15] Round 6 | Hier-pFedMe(λ2=35.0,K=10) | loss=0.0016
  [Client 10] Round 6 | Hier-pFedMe(λ2=35.0,K=10) | loss=0.0020
  [Client 13] Round 6 | Hier-pFedMe(λ2=35.0,K=10) | loss=0.0020
  [Edge 1] G6 | E5 | loss=0.0024
[C0] eval model[0] mean=-0.002092 | θ̃ mean=-0.002092 | edge mean=-0.002372 |local ref=-0.002090
[C0] n=1000 | classes=[3, 6] | acc=0.6500 | per_class={3: '0.56', 6: '0.74'}
[C1] eval model[0] mean=-0.002039 | θ̃ mean=-0.002039 | edge mean=-0.002372 |local ref=-0.002034
[C1] n=1000 | classes=[3, 6] | acc=0.7140 | per_class={3: '0.79', 6: '0.63'}
[C2] eval model[0] mean=-0.001468 | θ̃ mean=-0.001468 | edge mean=-0.002372 |local ref=-0.001465
[C2] n=1000 | classes=[2, 5] | acc=0.6590 | per_class={2: '0.57', 5: '0.75'}
[C3] eval model[0] mean=-0.002356 | θ̃ mean=-0.002356 | edge mean=-0.002372 |local ref=-0.002355
[C3] n=1000 | classes=[5, 7] | acc=0.6950 | per_class={5: '0.85', 7: '0.54'}
[C4] eval model[0] mean=-0.002554 | θ̃ mean=-0.002554 | edge mean=-0.002372 |local ref=-0.002549
[C4] n=1000 | classes=[2, 7] | acc=0.6910 | per_class={2: '0.60', 7: '0.78'}
[C5] eval model[0] mean=-0.001759 | θ̃ mean=-0.001759 | edge mean=-0.002372 |local ref=-0.001756
[C5] n=1000 | classes=[2, 4] | acc=0.5580 | per_class={2: '0.35', 4: '0.77'}
[C6] eval model[0] mean=-0.001549 | θ̃ mean=-0.001549 | edge mean=-0.002372 |local ref=-0.001550
[C6] n=1000 | classes=[6, 7] | acc=0.6250 | per_class={6: '0.78', 7: '0.47'}
[C7] eval model[0] mean=-0.001657 | θ̃ mean=-0.001657 | edge mean=-0.002372 |local ref=-0.001663
[C7] n=1000 | classes=[3, 5] | acc=0.4700 | per_class={3: '0.56', 5: '0.38'}
[C8] eval model[0] mean=-0.002310 | θ̃ mean=-0.002310 | edge mean=-0.002372 |local ref=-0.002310
[C8] n=500 | classes=[4] | acc=1.0000 | per_class={4: '1.00'}
[C9] eval model[0] mean=-0.002117 | θ̃ mean=-0.002117 | edge mean=-0.002372 |local ref=-0.002117
[C9] n=500 | classes=[4] | acc=1.0000 | per_class={4: '1.00'}
[C10] eval model[0] mean=-0.003726 | θ̃ mean=-0.003726 | edge mean=-0.003120 |local ref=-0.003727
[C10] n=600 | classes=[8, 9] | acc=0.7733 | per_class={8: '0.68', 9: '0.86'}
[C11] eval model[0] mean=-0.003317 | θ̃ mean=-0.003317 | edge mean=-0.003120 |local ref=-0.003315
[C11] n=600 | classes=[0, 1] | acc=0.6617 | per_class={0: '0.86', 1: '0.47'}
[C12] eval model[0] mean=-0.002774 | θ̃ mean=-0.002774 | edge mean=-0.003120 |local ref=-0.002773
[C12] n=600 | classes=[1, 8] | acc=0.6383 | per_class={1: '0.33', 8: '0.96'}
[C13] eval model[0] mean=-0.002942 | θ̃ mean=-0.002942 | edge mean=-0.003120 |local ref=-0.002934
[C13] n=600 | classes=[0, 8] | acc=0.5333 | per_class={0: '0.15', 8: '0.95'}
[C14] eval model[0] mean=-0.003105 | θ̃ mean=-0.003105 | edge mean=-0.003120 |local ref=-0.003113
[C14] n=600 | classes=[0, 9] | acc=0.7900 | per_class={0: '0.89', 9: '0.68'}
[C15] eval model[0] mean=-0.001930 | θ̃ mean=-0.001930 | edge mean=-0.003120 |local ref=-0.001926
[C15] n=600 | classes=[0, 8] | acc=0.5650 | per_class={0: '0.68', 8: '0.45'}
[C16] eval model[0] mean=-0.002947 | θ̃ mean=-0.002947 | edge mean=-0.003120 |local ref=-0.002950
[C16] n=600 | classes=[1, 8] | acc=0.8350 | per_class={1: '0.86', 8: '0.81'}
[C17] eval model[0] mean=-0.003724 | θ̃ mean=-0.003724 | edge mean=-0.003120 |local ref=-0.003743
[C17] n=600 | classes=[1, 9] | acc=0.5383 | per_class={1: '0.50', 9: '0.58'}
[C18] eval model[0] mean=-0.002535 | θ̃ mean=-0.002535 | edge mean=-0.003120 |local ref=-0.002524
[C18] n=600 | classes=[1, 9] | acc=0.5700 | per_class={1: '0.29', 9: '0.88'}
[C19] eval model[0] mean=-0.002971 | θ̃ mean=-0.002971 | edge mean=-0.003120 |local ref=-0.002961
[C19] n=600 | classes=[0, 9] | acc=0.7583 | per_class={0: '0.70', 9: '0.81'}
  [Cloud] GM=0.2821 | EM=0.2862 PM=0.6707 | loss=2.0295 | time=49.8s | comm=4556.2MB (total=27337MB)

[Round   7] Broadcasting to 2 edges...
  [Edge 0] W_n reset to global weights for new round.
  [Edge 1] W_n reset to global weights for new round.
  [Edge 0] G7 | E1 | Hier-pFedMe | Selected 10/10
  [Client  1] Received edge weights.
  [Client  5] Received edge weights.
  [Client  3] Received edge weights.
  [Client  7] Received edge weights.
  [Client  9] Received edge weights.
  [Client  0] Received edge weights.
  [Client  6] Received edge weights.
  [Client  8] Received edge weights.
  [Client  4] Received edge weights.
  [Client  2] Received edge weights.
  [Client  5] Round 7 | Hier-pFedMe(λ2=35.0,K=10) | loss=0.0024
  [Client  1] Round 7 | Hier-pFedMe(λ2=35.0,K=10) | loss=0.0040  [Client  7] Round 7 | Hier-pFedMe(λ2=35.0,K=10) | loss=0.0009

  [Client  3] Round 7 | Hier-pFedMe(λ2=35.0,K=10) | loss=0.0023
  [Client  9] Round 7 | Hier-pFedMe(λ2=35.0,K=10) | loss=0.0000
  [Client  0] Round 7 | Hier-pFedMe(λ2=35.0,K=10) | loss=0.0011
  [Client  6] Round 7 | Hier-pFedMe(λ2=35.0,K=10) | loss=0.0006
  [Client  8] Round 7 | Hier-pFedMe(λ2=35.0,K=10) | loss=0.0000
  [Client  4] Round 7 | Hier-pFedMe(λ2=35.0,K=10) | loss=0.0006
  [Client  2] Round 7 | Hier-pFedMe(λ2=35.0,K=10) | loss=0.0008
  [Edge 0] G7 | E1 | loss=0.0014
  [Edge 0] G7 | E2 | Hier-pFedMe | Selected 10/10
  [Client  5] Received edge weights.
  [Client  8] Received edge weights.
  [Client  1] Received edge weights.
  [Client  3] Received edge weights.
  [Client  0] Received edge weights.
  [Client  4] Received edge weights.
  [Client  6] Received edge weights.
  [Client  2] Received edge weights.
  [Client  7] Received edge weights.
  [Client  9] Received edge weights.
  [Client  3] Round 7 | Hier-pFedMe(λ2=35.0,K=10) | loss=0.0014
  [Client  8] Round 7 | Hier-pFedMe(λ2=35.0,K=10) | loss=0.0000
  [Client  5] Round 7 | Hier-pFedMe(λ2=35.0,K=10) | loss=0.0023  [Client  1] Round 7 | Hier-pFedMe(λ2=35.0,K=10) | loss=0.0018

  [Client  0] Round 7 | Hier-pFedMe(λ2=35.0,K=10) | loss=0.0025
  [Client  4] Round 7 | Hier-pFedMe(λ2=35.0,K=10) | loss=0.0009
  [Client  6] Round 7 | Hier-pFedMe(λ2=35.0,K=10) | loss=0.0048
  [Client  2] Round 7 | Hier-pFedMe(λ2=35.0,K=10) | loss=0.0019
  [Client  7] Round 7 | Hier-pFedMe(λ2=35.0,K=10) | loss=0.0016
  [Client  9] Round 7 | Hier-pFedMe(λ2=35.0,K=10) | loss=0.0000
  [Edge 0] G7 | E2 | loss=0.0019
  [Edge 0] G7 | E3 | Hier-pFedMe | Selected 10/10
  [Client  7] Received edge weights.
  [Client  1] Received edge weights.
  [Client  8] Received edge weights.
  [Client  9] Received edge weights.
  [Client  2] Received edge weights.
  [Client  5] Received edge weights.
  [Client  3] Received edge weights.
  [Client  0] Received edge weights.
  [Client  6] Received edge weights.
  [Client  4] Received edge weights.
  [Client  8] Round 7 | Hier-pFedMe(λ2=35.0,K=10) | loss=0.0000
  [Client  1] Round 7 | Hier-pFedMe(λ2=35.0,K=10) | loss=0.0005
  [Client  9] Round 7 | Hier-pFedMe(λ2=35.0,K=10) | loss=0.0000
  [Client  7] Round 7 | Hier-pFedMe(λ2=35.0,K=10) | loss=0.0027
  [Client  2] Round 7 | Hier-pFedMe(λ2=35.0,K=10) | loss=0.0010
  [Client  5] Round 7 | Hier-pFedMe(λ2=35.0,K=10) | loss=0.0029
  [Client  3] Round 7 | Hier-pFedMe(λ2=35.0,K=10) | loss=0.0027
  [Client  0] Round 7 | Hier-pFedMe(λ2=35.0,K=10) | loss=0.0008
  [Client  6] Round 7 | Hier-pFedMe(λ2=35.0,K=10) | loss=0.0007
  [Client  4] Round 7 | Hier-pFedMe(λ2=35.0,K=10) | loss=0.0028
  [Edge 0] G7 | E3 | loss=0.0016
  [Edge 0] G7 | E4 | Hier-pFedMe | Selected 10/10
  [Client  2] Received edge weights.
  [Client  0] Received edge weights.
  [Client  8] Received edge weights.
  [Client  6] Received edge weights.
  [Client  4] Received edge weights.
  [Client  1] Received edge weights.
  [Client  9] Received edge weights.
  [Client  5] Received edge weights.
  [Client  3] Received edge weights.
  [Client  7] Received edge weights.
  [Client  0] Round 7 | Hier-pFedMe(λ2=35.0,K=10) | loss=0.0009  [Client  6] Round 7 | Hier-pFedMe(λ2=35.0,K=10) | loss=0.0020

  [Client  2] Round 7 | Hier-pFedMe(λ2=35.0,K=10) | loss=0.0015
  [Client  8] Round 7 | Hier-pFedMe(λ2=35.0,K=10) | loss=0.0000
  [Client  4] Round 7 | Hier-pFedMe(λ2=35.0,K=10) | loss=0.0023
  [Client  1] Round 7 | Hier-pFedMe(λ2=35.0,K=10) | loss=0.0026
  [Client  9] Round 7 | Hier-pFedMe(λ2=35.0,K=10) | loss=0.0000
  [Client  5] Round 7 | Hier-pFedMe(λ2=35.0,K=10) | loss=0.0049
  [Client  3] Round 7 | Hier-pFedMe(λ2=35.0,K=10) | loss=0.0035
  [Client  7] Round 7 | Hier-pFedMe(λ2=35.0,K=10) | loss=0.0026
  [Edge 0] G7 | E4 | loss=0.0023
  [Edge 0] G7 | E5 | Hier-pFedMe | Selected 10/10
  [Client  6] Received edge weights.
  [Client  1] Received edge weights.
  [Client  5] Received edge weights.
  [Client  0] Received edge weights.
  [Client  8] Received edge weights.
  [Client  9] Received edge weights.
  [Client  2] Received edge weights.
  [Client  7] Received edge weights.
  [Client  3] Received edge weights.
  [Client  4] Received edge weights.
  [Client  6] Round 7 | Hier-pFedMe(λ2=35.0,K=10) | loss=0.0006
  [Client  1] Round 7 | Hier-pFedMe(λ2=35.0,K=10) | loss=0.0016  [Client  0] Round 7 | Hier-pFedMe(λ2=35.0,K=10) | loss=0.0011

  [Client  5] Round 7 | Hier-pFedMe(λ2=35.0,K=10) | loss=0.0043
  [Client  8] Round 7 | Hier-pFedMe(λ2=35.0,K=10) | loss=0.0000
  [Client  9] Round 7 | Hier-pFedMe(λ2=35.0,K=10) | loss=0.0000
  [Client  2] Round 7 | Hier-pFedMe(λ2=35.0,K=10) | loss=0.0011
  [Client  7] Round 7 | Hier-pFedMe(λ2=35.0,K=10) | loss=0.0036
  [Client  3] Round 7 | Hier-pFedMe(λ2=35.0,K=10) | loss=0.0021
  [Client  4] Round 7 | Hier-pFedMe(λ2=35.0,K=10) | loss=0.0019
  [Edge 0] G7 | E5 | loss=0.0018
  [Edge 1] G7 | E1 | Hier-pFedMe | Selected 10/10
  [Client 16] Received edge weights.
  [Client 11] Received edge weights.
  [Client 19] Received edge weights.
  [Client 15] Received edge weights.
  [Client 18] Received edge weights.
  [Client 13] Received edge weights.
  [Client 12] Received edge weights.
  [Client 14] Received edge weights.
  [Client 10] Received edge weights.
  [Client 17] Received edge weights.
  [Client 16] Round 7 | Hier-pFedMe(λ2=35.0,K=10) | loss=0.0017
  [Client 19] Round 7 | Hier-pFedMe(λ2=35.0,K=10) | loss=0.0011
  [Client 11] Round 7 | Hier-pFedMe(λ2=35.0,K=10) | loss=0.0015
  [Client 15] Round 7 | Hier-pFedMe(λ2=35.0,K=10) | loss=0.0027
  [Client 18] Round 7 | Hier-pFedMe(λ2=35.0,K=10) | loss=0.0016  [Client 13] Round 7 | Hier-pFedMe(λ2=35.0,K=10) | loss=0.0014

  [Client 12] Round 7 | Hier-pFedMe(λ2=35.0,K=10) | loss=0.0028
  [Client 14] Round 7 | Hier-pFedMe(λ2=35.0,K=10) | loss=0.0006
  [Client 10] Round 7 | Hier-pFedMe(λ2=35.0,K=10) | loss=0.0016
  [Client 17] Round 7 | Hier-pFedMe(λ2=35.0,K=10) | loss=0.0014
  [Edge 1] G7 | E1 | loss=0.0017
  [Edge 1] G7 | E2 | Hier-pFedMe | Selected 10/10
  [Client 17] Received edge weights.
  [Client 10] Received edge weights.
  [Client 11] Received edge weights.
  [Client 14] Received edge weights.
  [Client 15] Received edge weights.
  [Client 16] Received edge weights.
  [Client 13] Received edge weights.
  [Client 18] Received edge weights.
  [Client 12] Received edge weights.
  [Client 19] Received edge weights.
  [Client 10] Round 7 | Hier-pFedMe(λ2=35.0,K=10) | loss=0.0123
  [Client 14] Round 7 | Hier-pFedMe(λ2=35.0,K=10) | loss=0.0021
  [Client 11] Round 7 | Hier-pFedMe(λ2=35.0,K=10) | loss=0.0029  [Client 17] Round 7 | Hier-pFedMe(λ2=35.0,K=10) | loss=0.0072

  [Client 15] Round 7 | Hier-pFedMe(λ2=35.0,K=10) | loss=0.0016
  [Client 16] Round 7 | Hier-pFedMe(λ2=35.0,K=10) | loss=0.0022
  [Client 18] Round 7 | Hier-pFedMe(λ2=35.0,K=10) | loss=0.0019
  [Client 13] Round 7 | Hier-pFedMe(λ2=35.0,K=10) | loss=0.0036
  [Client 12] Round 7 | Hier-pFedMe(λ2=35.0,K=10) | loss=0.0016
  [Client 19] Round 7 | Hier-pFedMe(λ2=35.0,K=10) | loss=0.0009
  [Edge 1] G7 | E2 | loss=0.0036
  [Edge 1] G7 | E3 | Hier-pFedMe | Selected 10/10
  [Client 16] Received edge weights.
  [Client 15] Received edge weights.
  [Client 19] Received edge weights.
  [Client 17] Received edge weights.
  [Client 12] Received edge weights.
  [Client 14] Received edge weights.
  [Client 18] Received edge weights.
  [Client 11] Received edge weights.
  [Client 13] Received edge weights.
  [Client 10] Received edge weights.
  [Client 16] Round 7 | Hier-pFedMe(λ2=35.0,K=10) | loss=0.0016  [Client 19] Round 7 | Hier-pFedMe(λ2=35.0,K=10) | loss=0.0032

  [Client 17] Round 7 | Hier-pFedMe(λ2=35.0,K=10) | loss=0.0023
  [Client 15] Round 7 | Hier-pFedMe(λ2=35.0,K=10) | loss=0.0038
  [Client 12] Round 7 | Hier-pFedMe(λ2=35.0,K=10) | loss=0.0020
  [Client 14] Round 7 | Hier-pFedMe(λ2=35.0,K=10) | loss=0.0007
  [Client 18] Round 7 | Hier-pFedMe(λ2=35.0,K=10) | loss=0.0027
  [Client 11] Round 7 | Hier-pFedMe(λ2=35.0,K=10) | loss=0.0010
  [Client 13] Round 7 | Hier-pFedMe(λ2=35.0,K=10) | loss=0.0016
  [Client 10] Round 7 | Hier-pFedMe(λ2=35.0,K=10) | loss=0.0020
  [Edge 1] G7 | E3 | loss=0.0021
  [Edge 1] G7 | E4 | Hier-pFedMe | Selected 10/10
  [Client 14] Received edge weights.
  [Client 17] Received edge weights.
  [Client 13] Received edge weights.
  [Client 10] Received edge weights.
  [Client 15] Received edge weights.
  [Client 18] Received edge weights.
  [Client 11] Received edge weights.
  [Client 19] Received edge weights.
  [Client 16] Received edge weights.
  [Client 12] Received edge weights.
  [Client 17] Round 7 | Hier-pFedMe(λ2=35.0,K=10) | loss=0.0059
  [Client 14] Round 7 | Hier-pFedMe(λ2=35.0,K=10) | loss=0.0013
  [Client 13] Round 7 | Hier-pFedMe(λ2=35.0,K=10) | loss=0.0016
  [Client 10] Round 7 | Hier-pFedMe(λ2=35.0,K=10) | loss=0.0014
  [Client 15] Round 7 | Hier-pFedMe(λ2=35.0,K=10) | loss=0.0026
  [Client 18] Round 7 | Hier-pFedMe(λ2=35.0,K=10) | loss=0.0030
  [Client 11] Round 7 | Hier-pFedMe(λ2=35.0,K=10) | loss=0.0013
  [Client 19] Round 7 | Hier-pFedMe(λ2=35.0,K=10) | loss=0.0016
  [Client 16] Round 7 | Hier-pFedMe(λ2=35.0,K=10) | loss=0.0020
  [Client 12] Round 7 | Hier-pFedMe(λ2=35.0,K=10) | loss=0.0030
  [Edge 1] G7 | E4 | loss=0.0024
  [Edge 1] G7 | E5 | Hier-pFedMe | Selected 10/10
  [Client 10] Received edge weights.
  [Client 11] Received edge weights.
  [Client 14] Received edge weights.
  [Client 18] Received edge weights.
  [Client 12] Received edge weights.
  [Client 17] Received edge weights.
  [Client 19] Received edge weights.
  [Client 13] Received edge weights.
  [Client 16] Received edge weights.
  [Client 15] Received edge weights.
  [Client 14] Round 7 | Hier-pFedMe(λ2=35.0,K=10) | loss=0.0012  [Client 10] Round 7 | Hier-pFedMe(λ2=35.0,K=10) | loss=0.0012

  [Client 11] Round 7 | Hier-pFedMe(λ2=35.0,K=10) | loss=0.0022  [Client 18] Round 7 | Hier-pFedMe(λ2=35.0,K=10) | loss=0.0082

  [Client 12] Round 7 | Hier-pFedMe(λ2=35.0,K=10) | loss=0.0011
  [Client 17] Round 7 | Hier-pFedMe(λ2=35.0,K=10) | loss=0.0041
  [Client 19] Round 7 | Hier-pFedMe(λ2=35.0,K=10) | loss=0.0015
  [Client 13] Round 7 | Hier-pFedMe(λ2=35.0,K=10) | loss=0.0020
  [Client 16] Round 7 | Hier-pFedMe(λ2=35.0,K=10) | loss=0.0021
  [Client 15] Round 7 | Hier-pFedMe(λ2=35.0,K=10) | loss=0.0028
  [Edge 1] G7 | E5 | loss=0.0026
[C0] eval model[0] mean=-0.002951 | θ̃ mean=-0.002951 | edge mean=-0.002872 |local ref=-0.002952
[C0] n=1000 | classes=[3, 6] | acc=0.6450 | per_class={3: '0.57', 6: '0.73'}
[C1] eval model[0] mean=-0.002834 | θ̃ mean=-0.002834 | edge mean=-0.002872 |local ref=-0.002836
[C1] n=1000 | classes=[3, 6] | acc=0.6750 | per_class={3: '0.90', 6: '0.44'}
[C2] eval model[0] mean=-0.002653 | θ̃ mean=-0.002653 | edge mean=-0.002872 |local ref=-0.002656
[C2] n=1000 | classes=[2, 5] | acc=0.6110 | per_class={2: '0.82', 5: '0.40'}
[C3] eval model[0] mean=-0.002101 | θ̃ mean=-0.002101 | edge mean=-0.002872 |local ref=-0.002101
[C3] n=1000 | classes=[5, 7] | acc=0.6630 | per_class={5: '0.83', 7: '0.49'}
[C4] eval model[0] mean=-0.003368 | θ̃ mean=-0.003368 | edge mean=-0.002872 |local ref=-0.003390
[C4] n=1000 | classes=[2, 7] | acc=0.5460 | per_class={2: '0.99', 7: '0.09'}
[C5] eval model[0] mean=-0.002855 | θ̃ mean=-0.002855 | edge mean=-0.002872 |local ref=-0.002856
[C5] n=1000 | classes=[2, 4] | acc=0.4940 | per_class={2: '0.62', 4: '0.36'}
[C6] eval model[0] mean=-0.002367 | θ̃ mean=-0.002367 | edge mean=-0.002872 |local ref=-0.002365
[C6] n=1000 | classes=[6, 7] | acc=0.7590 | per_class={6: '0.87', 7: '0.65'}
[C7] eval model[0] mean=-0.002618 | θ̃ mean=-0.002618 | edge mean=-0.002872 |local ref=-0.002607
[C7] n=1000 | classes=[3, 5] | acc=0.5660 | per_class={3: '0.51', 5: '0.62'}
[C8] eval model[0] mean=-0.002170 | θ̃ mean=-0.002170 | edge mean=-0.002872 |local ref=-0.002170
[C8] n=500 | classes=[4] | acc=1.0000 | per_class={4: '1.00'}
[C9] eval model[0] mean=-0.003291 | θ̃ mean=-0.003291 | edge mean=-0.002872 |local ref=-0.003291
[C9] n=500 | classes=[4] | acc=1.0000 | per_class={4: '1.00'}
[C10] eval model[0] mean=-0.002423 | θ̃ mean=-0.002423 | edge mean=-0.002534 |local ref=-0.002423
[C10] n=600 | classes=[8, 9] | acc=0.7700 | per_class={8: '0.86', 9: '0.69'}
[C11] eval model[0] mean=-0.001836 | θ̃ mean=-0.001836 | edge mean=-0.002534 |local ref=-0.001838
[C11] n=600 | classes=[0, 1] | acc=0.7333 | per_class={0: '0.89', 1: '0.58'}
[C12] eval model[0] mean=-0.001837 | θ̃ mean=-0.001837 | edge mean=-0.002534 |local ref=-0.001835
[C12] n=600 | classes=[1, 8] | acc=0.6900 | per_class={1: '0.61', 8: '0.77'}
[C13] eval model[0] mean=-0.003092 | θ̃ mean=-0.003092 | edge mean=-0.002534 |local ref=-0.003096
[C13] n=600 | classes=[0, 8] | acc=0.6450 | per_class={0: '0.74', 8: '0.54'}
[C14] eval model[0] mean=-0.001108 | θ̃ mean=-0.001108 | edge mean=-0.002534 |local ref=-0.001104
[C14] n=600 | classes=[0, 9] | acc=0.7400 | per_class={0: '0.65', 9: '0.84'}
[C15] eval model[0] mean=-0.001796 | θ̃ mean=-0.001796 | edge mean=-0.002534 |local ref=-0.001803
[C15] n=600 | classes=[0, 8] | acc=0.6200 | per_class={0: '0.78', 8: '0.46'}
[C16] eval model[0] mean=-0.002301 | θ̃ mean=-0.002301 | edge mean=-0.002534 |local ref=-0.002298
[C16] n=600 | classes=[1, 8] | acc=0.7850 | per_class={1: '0.74', 8: '0.83'}
[C17] eval model[0] mean=-0.002390 | θ̃ mean=-0.002390 | edge mean=-0.002534 |local ref=-0.002384
[C17] n=600 | classes=[1, 9] | acc=0.5467 | per_class={1: '0.12', 9: '0.94'}
[C18] eval model[0] mean=-0.002782 | θ̃ mean=-0.002782 | edge mean=-0.002534 |local ref=-0.002782
[C18] n=600 | classes=[1, 9] | acc=0.5817 | per_class={1: '0.26', 9: '0.93'}
[C19] eval model[0] mean=-0.002176 | θ̃ mean=-0.002176 | edge mean=-0.002534 |local ref=-0.002174
[C19] n=600 | classes=[0, 9] | acc=0.7950 | per_class={0: '0.68', 9: '0.90'}
  [Cloud] GM=0.2639 | EM=0.3270 PM=0.6735 | loss=2.0724 | time=50.0s | comm=4556.2MB (total=31893MB)

[Round   8] Broadcasting to 2 edges...
  [Edge 0] W_n reset to global weights for new round.
  [Edge 1] W_n reset to global weights for new round.
  [Edge 0] G8 | E1 | Hier-pFedMe | Selected 10/10
  [Client  6] Received edge weights.
  [Client  1] Received edge weights.
  [Client  5] Received edge weights.
  [Client  7] Received edge weights.
  [Client  3] Received edge weights.
  [Client  8] Received edge weights.
  [Client  0] Received edge weights.
  [Client  4] Received edge weights.
  [Client  9] Received edge weights.
  [Client  2] Received edge weights.
  [Client  1] Round 8 | Hier-pFedMe(λ2=35.0,K=10) | loss=0.0023
  [Client  7] Round 8 | Hier-pFedMe(λ2=35.0,K=10) | loss=0.0034
  [Client  5] Round 8 | Hier-pFedMe(λ2=35.0,K=10) | loss=0.0022
  [Client  6] Round 8 | Hier-pFedMe(λ2=35.0,K=10) | loss=0.0020
  [Client  3] Round 8 | Hier-pFedMe(λ2=35.0,K=10) | loss=0.0013
  [Client  8] Round 8 | Hier-pFedMe(λ2=35.0,K=10) | loss=0.0000
  [Client  0] Round 8 | Hier-pFedMe(λ2=35.0,K=10) | loss=0.0021
  [Client  4] Round 8 | Hier-pFedMe(λ2=35.0,K=10) | loss=0.0029
  [Client  9] Round 8 | Hier-pFedMe(λ2=35.0,K=10) | loss=0.0000
  [Client  2] Round 8 | Hier-pFedMe(λ2=35.0,K=10) | loss=0.0015
  [Edge 0] G8 | E1 | loss=0.0020
  [Edge 0] G8 | E2 | Hier-pFedMe | Selected 10/10
  [Client  1] Received edge weights.
  [Client  0] Received edge weights.
  [Client  5] Received edge weights.
  [Client  6] Received edge weights.
  [Client  4] Received edge weights.
  [Client  7] Received edge weights.
  [Client  8] Received edge weights.
  [Client  2] Received edge weights.
  [Client  3] Received edge weights.
  [Client  9] Received edge weights.
  [Client  1] Round 8 | Hier-pFedMe(λ2=35.0,K=10) | loss=0.0008
  [Client  6] Round 8 | Hier-pFedMe(λ2=35.0,K=10) | loss=0.0005
  [Client  5] Round 8 | Hier-pFedMe(λ2=35.0,K=10) | loss=0.0025
  [Client  0] Round 8 | Hier-pFedMe(λ2=35.0,K=10) | loss=0.0045
  [Client  4] Round 8 | Hier-pFedMe(λ2=35.0,K=10) | loss=0.0019
  [Client  7] Round 8 | Hier-pFedMe(λ2=35.0,K=10) | loss=0.0002
  [Client  2] Round 8 | Hier-pFedMe(λ2=35.0,K=10) | loss=0.0021
  [Client  8] Round 8 | Hier-pFedMe(λ2=35.0,K=10) | loss=0.0000
  [Client  3] Round 8 | Hier-pFedMe(λ2=35.0,K=10) | loss=0.0026
  [Client  9] Round 8 | Hier-pFedMe(λ2=35.0,K=10) | loss=0.0000
  [Edge 0] G8 | E2 | loss=0.0017
  [Edge 0] G8 | E3 | Hier-pFedMe | Selected 10/10
  [Client  6] Received edge weights.
  [Client  4] Received edge weights.
  [Client  5] Received edge weights.
  [Client  0] Received edge weights.
  [Client  3] Received edge weights.
  [Client  8] Received edge weights.
  [Client  1] Received edge weights.
  [Client  9] Received edge weights.
  [Client  2] Received edge weights.
  [Client  7] Received edge weights.
  [Client  6] Round 8 | Hier-pFedMe(λ2=35.0,K=10) | loss=0.0021
  [Client  4] Round 8 | Hier-pFedMe(λ2=35.0,K=10) | loss=0.0032
  [Client  5] Round 8 | Hier-pFedMe(λ2=35.0,K=10) | loss=0.0023
  [Client  0] Round 8 | Hier-pFedMe(λ2=35.0,K=10) | loss=0.0017
  [Client  3] Round 8 | Hier-pFedMe(λ2=35.0,K=10) | loss=0.0008
  [Client  8] Round 8 | Hier-pFedMe(λ2=35.0,K=10) | loss=0.0000
  [Client  1] Round 8 | Hier-pFedMe(λ2=35.0,K=10) | loss=0.0017
  [Client  9] Round 8 | Hier-pFedMe(λ2=35.0,K=10) | loss=0.0000
  [Client  2] Round 8 | Hier-pFedMe(λ2=35.0,K=10) | loss=0.0021
  [Client  7] Round 8 | Hier-pFedMe(λ2=35.0,K=10) | loss=0.0008
  [Edge 0] G8 | E3 | loss=0.0016
  [Edge 0] G8 | E4 | Hier-pFedMe | Selected 10/10
  [Client  5] Received edge weights.
  [Client  4] Received edge weights.
  [Client  1] Received edge weights.
  [Client  6] Received edge weights.
  [Client  9] Received edge weights.
  [Client  8] Received edge weights.
  [Client  7] Received edge weights.
  [Client  0] Received edge weights.
  [Client  2] Received edge weights.
  [Client  3] Received edge weights.
  [Client  4] Round 8 | Hier-pFedMe(λ2=35.0,K=10) | loss=0.0024
  [Client  1] Round 8 | Hier-pFedMe(λ2=35.0,K=10) | loss=0.0005
  [Client  6] Round 8 | Hier-pFedMe(λ2=35.0,K=10) | loss=0.0012
  [Client  5] Round 8 | Hier-pFedMe(λ2=35.0,K=10) | loss=0.0014
  [Client  9] Round 8 | Hier-pFedMe(λ2=35.0,K=10) | loss=0.0000
  [Client  8] Round 8 | Hier-pFedMe(λ2=35.0,K=10) | loss=0.0000
  [Client  7] Round 8 | Hier-pFedMe(λ2=35.0,K=10) | loss=0.0039
  [Client  0] Round 8 | Hier-pFedMe(λ2=35.0,K=10) | loss=0.0035
  [Client  2] Round 8 | Hier-pFedMe(λ2=35.0,K=10) | loss=0.0008
  [Client  3] Round 8 | Hier-pFedMe(λ2=35.0,K=10) | loss=0.0071
  [Edge 0] G8 | E4 | loss=0.0023
  [Edge 0] G8 | E5 | Hier-pFedMe | Selected 10/10
  [Client  1] Received edge weights.
  [Client  8] Received edge weights.
  [Client  5] Received edge weights.
  [Client  4] Received edge weights.
  [Client  7] Received edge weights.
  [Client  9] Received edge weights.
  [Client  3] Received edge weights.
  [Client  6] Received edge weights.
  [Client  0] Received edge weights.
  [Client  2] Received edge weights.
  [Client  4] Round 8 | Hier-pFedMe(λ2=35.0,K=10) | loss=0.0019
  [Client  5] Round 8 | Hier-pFedMe(λ2=35.0,K=10) | loss=0.0148
  [Client  8] Round 8 | Hier-pFedMe(λ2=35.0,K=10) | loss=0.0000
  [Client  1] Round 8 | Hier-pFedMe(λ2=35.0,K=10) | loss=0.0028
  [Client  9] Round 8 | Hier-pFedMe(λ2=35.0,K=10) | loss=0.0000
  [Client  7] Round 8 | Hier-pFedMe(λ2=35.0,K=10) | loss=0.0019
  [Client  3] Round 8 | Hier-pFedMe(λ2=35.0,K=10) | loss=0.0033
  [Client  6] Round 8 | Hier-pFedMe(λ2=35.0,K=10) | loss=0.0006
  [Client  0] Round 8 | Hier-pFedMe(λ2=35.0,K=10) | loss=0.0008
  [Client  2] Round 8 | Hier-pFedMe(λ2=35.0,K=10) | loss=0.0011
  [Edge 0] G8 | E5 | loss=0.0030
  [Edge 1] G8 | E1 | Hier-pFedMe | Selected 10/10
  [Client 16] Received edge weights.
  [Client 14] Received edge weights.
  [Client 19] Received edge weights.
  [Client 17] Received edge weights.
  [Client 11] Received edge weights.
  [Client 15] Received edge weights.
  [Client 18] Received edge weights.
  [Client 13] Received edge weights.
  [Client 10] Received edge weights.
  [Client 12] Received edge weights.
  [Client 19] Round 8 | Hier-pFedMe(λ2=35.0,K=10) | loss=0.0011
  [Client 16] Round 8 | Hier-pFedMe(λ2=35.0,K=10) | loss=0.0017
  [Client 14] Round 8 | Hier-pFedMe(λ2=35.0,K=10) | loss=0.0021
  [Client 17] Round 8 | Hier-pFedMe(λ2=35.0,K=10) | loss=0.0020
  [Client 11] Round 8 | Hier-pFedMe(λ2=35.0,K=10) | loss=0.0013
  [Client 15] Round 8 | Hier-pFedMe(λ2=35.0,K=10) | loss=0.0021
  [Client 18] Round 8 | Hier-pFedMe(λ2=35.0,K=10) | loss=0.0023
  [Client 13] Round 8 | Hier-pFedMe(λ2=35.0,K=10) | loss=0.0032
  [Client 10] Round 8 | Hier-pFedMe(λ2=35.0,K=10) | loss=0.0009
  [Client 12] Round 8 | Hier-pFedMe(λ2=35.0,K=10) | loss=0.0019
  [Edge 1] G8 | E1 | loss=0.0019
  [Edge 1] G8 | E2 | Hier-pFedMe | Selected 10/10
  [Client 11] Received edge weights.
  [Client 18] Received edge weights.
  [Client 15] Received edge weights.
  [Client 17] Received edge weights.
  [Client 10] Received edge weights.
  [Client 14] Received edge weights.
  [Client 19] Received edge weights.
  [Client 16] Received edge weights.
  [Client 13] Received edge weights.
  [Client 12] Received edge weights.
  [Client 18] Round 8 | Hier-pFedMe(λ2=35.0,K=10) | loss=0.0019  [Client 11] Round 8 | Hier-pFedMe(λ2=35.0,K=10) | loss=0.0016

  [Client 15] Round 8 | Hier-pFedMe(λ2=35.0,K=10) | loss=0.0007
  [Client 17] Round 8 | Hier-pFedMe(λ2=35.0,K=10) | loss=0.0049
  [Client 10] Round 8 | Hier-pFedMe(λ2=35.0,K=10) | loss=0.0008
  [Client 14] Round 8 | Hier-pFedMe(λ2=35.0,K=10) | loss=0.0004
  [Client 19] Round 8 | Hier-pFedMe(λ2=35.0,K=10) | loss=0.0013
  [Client 16] Round 8 | Hier-pFedMe(λ2=35.0,K=10) | loss=0.0023
  [Client 13] Round 8 | Hier-pFedMe(λ2=35.0,K=10) | loss=0.0009
  [Client 12] Round 8 | Hier-pFedMe(λ2=35.0,K=10) | loss=0.0021
  [Edge 1] G8 | E2 | loss=0.0017
  [Edge 1] G8 | E3 | Hier-pFedMe | Selected 10/10
  [Client 11] Received edge weights.
  [Client 14] Received edge weights.
  [Client 17] Received edge weights.
  [Client 19] Received edge weights.
  [Client 13] Received edge weights.
  [Client 16] Received edge weights.
  [Client 18] Received edge weights.
  [Client 10] Received edge weights.
  [Client 15] Received edge weights.
  [Client 12] Received edge weights.
  [Client 11] Round 8 | Hier-pFedMe(λ2=35.0,K=10) | loss=0.0022
  [Client 14] Round 8 | Hier-pFedMe(λ2=35.0,K=10) | loss=0.0021
  [Client 17] Round 8 | Hier-pFedMe(λ2=35.0,K=10) | loss=0.0016
  [Client 19] Round 8 | Hier-pFedMe(λ2=35.0,K=10) | loss=0.0008
  [Client 13] Round 8 | Hier-pFedMe(λ2=35.0,K=10) | loss=0.0013
  [Client 16] Round 8 | Hier-pFedMe(λ2=35.0,K=10) | loss=0.0009
  [Client 18] Round 8 | Hier-pFedMe(λ2=35.0,K=10) | loss=0.0020
  [Client 10] Round 8 | Hier-pFedMe(λ2=35.0,K=10) | loss=0.0038
  [Client 15] Round 8 | Hier-pFedMe(λ2=35.0,K=10) | loss=0.0011
  [Client 12] Round 8 | Hier-pFedMe(λ2=35.0,K=10) | loss=0.0035
  [Edge 1] G8 | E3 | loss=0.0019
  [Edge 1] G8 | E4 | Hier-pFedMe | Selected 10/10
  [Client 18] Received edge weights.
  [Client 12] Received edge weights.
  [Client 16] Received edge weights.
  [Client 14] Received edge weights.
  [Client 13] Received edge weights.
  [Client 11] Received edge weights.
  [Client 15] Received edge weights.
  [Client 19] Received edge weights.
  [Client 10] Received edge weights.
  [Client 17] Received edge weights.
  [Client 16] Round 8 | Hier-pFedMe(λ2=35.0,K=10) | loss=0.0024
  [Client 18] Round 8 | Hier-pFedMe(λ2=35.0,K=10) | loss=0.0021
  [Client 12] Round 8 | Hier-pFedMe(λ2=35.0,K=10) | loss=0.0040
  [Client 14] Round 8 | Hier-pFedMe(λ2=35.0,K=10) | loss=0.0024
  [Client 11] Round 8 | Hier-pFedMe(λ2=35.0,K=10) | loss=0.0010
  [Client 13] Round 8 | Hier-pFedMe(λ2=35.0,K=10) | loss=0.0027
  [Client 15] Round 8 | Hier-pFedMe(λ2=35.0,K=10) | loss=0.0033
  [Client 19] Round 8 | Hier-pFedMe(λ2=35.0,K=10) | loss=0.0014
  [Client 10] Round 8 | Hier-pFedMe(λ2=35.0,K=10) | loss=0.0027
  [Client 17] Round 8 | Hier-pFedMe(λ2=35.0,K=10) | loss=0.0018
  [Edge 1] G8 | E4 | loss=0.0024
  [Edge 1] G8 | E5 | Hier-pFedMe | Selected 10/10
  [Client 15] Received edge weights.
  [Client 12] Received edge weights.
  [Client 11] Received edge weights.
  [Client 16] Received edge weights.
  [Client 17] Received edge weights.
  [Client 18] Received edge weights.
  [Client 10] Received edge weights.
  [Client 14] Received edge weights.
  [Client 13] Received edge weights.
  [Client 19] Received edge weights.
  [Client 15] Round 8 | Hier-pFedMe(λ2=35.0,K=10) | loss=0.0024
  [Client 12] Round 8 | Hier-pFedMe(λ2=35.0,K=10) | loss=0.0018
  [Client 16] Round 8 | Hier-pFedMe(λ2=35.0,K=10) | loss=0.0029
  [Client 11] Round 8 | Hier-pFedMe(λ2=35.0,K=10) | loss=0.0013
  [Client 17] Round 8 | Hier-pFedMe(λ2=35.0,K=10) | loss=0.0061
  [Client 18] Round 8 | Hier-pFedMe(λ2=35.0,K=10) | loss=0.0048
  [Client 10] Round 8 | Hier-pFedMe(λ2=35.0,K=10) | loss=0.0034
  [Client 14] Round 8 | Hier-pFedMe(λ2=35.0,K=10) | loss=0.0016
  [Client 13] Round 8 | Hier-pFedMe(λ2=35.0,K=10) | loss=0.0022
  [Client 19] Round 8 | Hier-pFedMe(λ2=35.0,K=10) | loss=0.0009
  [Edge 1] G8 | E5 | loss=0.0028
[C0] eval model[0] mean=-0.001847 | θ̃ mean=-0.001847 | edge mean=-0.002775 |local ref=-0.001836
[C0] n=1000 | classes=[3, 6] | acc=0.6650 | per_class={3: '0.66', 6: '0.67'}
[C1] eval model[0] mean=-0.002977 | θ̃ mean=-0.002977 | edge mean=-0.002775 |local ref=-0.002980
[C1] n=1000 | classes=[3, 6] | acc=0.6800 | per_class={3: '0.61', 6: '0.75'}
[C2] eval model[0] mean=-0.002691 | θ̃ mean=-0.002691 | edge mean=-0.002775 |local ref=-0.002693
[C2] n=1000 | classes=[2, 5] | acc=0.6820 | per_class={2: '0.94', 5: '0.42'}
[C3] eval model[0] mean=-0.003385 | θ̃ mean=-0.003385 | edge mean=-0.002775 |local ref=-0.003387
[C3] n=1000 | classes=[5, 7] | acc=0.5720 | per_class={5: '0.82', 7: '0.32'}
[C4] eval model[0] mean=-0.002700 | θ̃ mean=-0.002700 | edge mean=-0.002775 |local ref=-0.002697
[C4] n=1000 | classes=[2, 7] | acc=0.7170 | per_class={2: '0.78', 7: '0.66'}
[C5] eval model[0] mean=-0.002707 | θ̃ mean=-0.002707 | edge mean=-0.002775 |local ref=-0.002698
[C5] n=1000 | classes=[2, 4] | acc=0.5740 | per_class={2: '0.35', 4: '0.80'}
[C6] eval model[0] mean=-0.003711 | θ̃ mean=-0.003711 | edge mean=-0.002775 |local ref=-0.003709
[C6] n=1000 | classes=[6, 7] | acc=0.7480 | per_class={6: '0.61', 7: '0.89'}
[C7] eval model[0] mean=-0.003297 | θ̃ mean=-0.003297 | edge mean=-0.002775 |local ref=-0.003300
[C7] n=1000 | classes=[3, 5] | acc=0.5560 | per_class={3: '0.28', 5: '0.81'}
[C8] eval model[0] mean=-0.002962 | θ̃ mean=-0.002962 | edge mean=-0.002775 |local ref=-0.002962
[C8] n=500 | classes=[4] | acc=1.0000 | per_class={4: '1.00'}
[C9] eval model[0] mean=-0.002775 | θ̃ mean=-0.002775 | edge mean=-0.002775 |local ref=-0.002775
[C9] n=500 | classes=[4] | acc=1.0000 | per_class={4: '1.00'}
[C10] eval model[0] mean=-0.002953 | θ̃ mean=-0.002953 | edge mean=-0.002645 |local ref=-0.002955
[C10] n=600 | classes=[8, 9] | acc=0.7983 | per_class={8: '0.65', 9: '0.94'}
[C11] eval model[0] mean=-0.002587 | θ̃ mean=-0.002587 | edge mean=-0.002645 |local ref=-0.002586
[C11] n=600 | classes=[0, 1] | acc=0.7583 | per_class={0: '0.60', 1: '0.92'}
[C12] eval model[0] mean=-0.003198 | θ̃ mean=-0.003198 | edge mean=-0.002645 |local ref=-0.003202
[C12] n=600 | classes=[1, 8] | acc=0.7950 | per_class={1: '0.79', 8: '0.80'}
[C13] eval model[0] mean=-0.002499 | θ̃ mean=-0.002499 | edge mean=-0.002645 |local ref=-0.002496
[C13] n=600 | classes=[0, 8] | acc=0.6300 | per_class={0: '0.35', 8: '0.93'}
[C14] eval model[0] mean=-0.002724 | θ̃ mean=-0.002724 | edge mean=-0.002645 |local ref=-0.002728
[C14] n=600 | classes=[0, 9] | acc=0.6433 | per_class={0: '0.35', 9: '0.95'}
[C15] eval model[0] mean=-0.002444 | θ̃ mean=-0.002444 | edge mean=-0.002645 |local ref=-0.002446
[C15] n=600 | classes=[0, 8] | acc=0.6467 | per_class={0: '0.41', 8: '0.89'}
[C16] eval model[0] mean=-0.002247 | θ̃ mean=-0.002247 | edge mean=-0.002645 |local ref=-0.002245
[C16] n=600 | classes=[1, 8] | acc=0.7517 | per_class={1: '0.96', 8: '0.56'}
[C17] eval model[0] mean=-0.002518 | θ̃ mean=-0.002518 | edge mean=-0.002645 |local ref=-0.002512
[C17] n=600 | classes=[1, 9] | acc=0.5600 | per_class={1: '0.61', 9: '0.51'}
[C18] eval model[0] mean=-0.002959 | θ̃ mean=-0.002959 | edge mean=-0.002645 |local ref=-0.002958
[C18] n=600 | classes=[1, 9] | acc=0.4817 | per_class={1: '0.01', 9: '1.00'}
[C19] eval model[0] mean=-0.001604 | θ̃ mean=-0.001604 | edge mean=-0.002645 |local ref=-0.001604
[C19] n=600 | classes=[0, 9] | acc=0.7050 | per_class={0: '0.40', 9: '0.98'}
  [Cloud] GM=0.3241 | EM=0.3332 PM=0.6837 | loss=1.9716 | time=49.1s | comm=4556.2MB (total=36450MB)

[Round   9] Broadcasting to 2 edges...
  [Edge 0] W_n reset to global weights for new round.
  [Edge 1] W_n reset to global weights for new round.
  [Edge 0] G9 | E1 | Hier-pFedMe | Selected 10/10
  [Client  3] Received edge weights.
  [Client  2] Received edge weights.
  [Client  5] Received edge weights.
  [Client  0] Received edge weights.
  [Client  1] Received edge weights.
  [Client  9] Received edge weights.
  [Client  6] Received edge weights.
  [Client  8] Received edge weights.
  [Client  7] Received edge weights.
  [Client  4] Received edge weights.
  [Client  5] Round 9 | Hier-pFedMe(λ2=35.0,K=10) | loss=0.0017
  [Client  3] Round 9 | Hier-pFedMe(λ2=35.0,K=10) | loss=0.0015  [Client  0] Round 9 | Hier-pFedMe(λ2=35.0,K=10) | loss=0.0004  [Client  2] Round 9 | Hier-pFedMe(λ2=35.0,K=10) | loss=0.0027


  [Client  1] Round 9 | Hier-pFedMe(λ2=35.0,K=10) | loss=0.0018
  [Client  9] Round 9 | Hier-pFedMe(λ2=35.0,K=10) | loss=0.0000
  [Client  6] Round 9 | Hier-pFedMe(λ2=35.0,K=10) | loss=0.0011
  [Client  8] Round 9 | Hier-pFedMe(λ2=35.0,K=10) | loss=0.0000
  [Client  7] Round 9 | Hier-pFedMe(λ2=35.0,K=10) | loss=0.0022
  [Client  4] Round 9 | Hier-pFedMe(λ2=35.0,K=10) | loss=0.0013
  [Edge 0] G9 | E1 | loss=0.0014
  [Edge 0] G9 | E2 | Hier-pFedMe | Selected 10/10
  [Client  5] Received edge weights.
  [Client  7] Received edge weights.
  [Client  0] Received edge weights.
  [Client  6] Received edge weights.
  [Client  4] Received edge weights.
  [Client  8] Received edge weights.
  [Client  1] Received edge weights.
  [Client  2] Received edge weights.
  [Client  3] Received edge weights.
  [Client  9] Received edge weights.
  [Client  7] Round 9 | Hier-pFedMe(λ2=35.0,K=10) | loss=0.0088
  [Client  6] Round 9 | Hier-pFedMe(λ2=35.0,K=10) | loss=0.0025
  [Client  5] Round 9 | Hier-pFedMe(λ2=35.0,K=10) | loss=0.0055
  [Client  0] Round 9 | Hier-pFedMe(λ2=35.0,K=10) | loss=0.0016
  [Client  4] Round 9 | Hier-pFedMe(λ2=35.0,K=10) | loss=0.0011
  [Client  8] Round 9 | Hier-pFedMe(λ2=35.0,K=10) | loss=0.0000
  [Client  1] Round 9 | Hier-pFedMe(λ2=35.0,K=10) | loss=0.0019
  [Client  2] Round 9 | Hier-pFedMe(λ2=35.0,K=10) | loss=0.0015
  [Client  3] Round 9 | Hier-pFedMe(λ2=35.0,K=10) | loss=0.0012
  [Client  9] Round 9 | Hier-pFedMe(λ2=35.0,K=10) | loss=0.0000
  [Edge 0] G9 | E2 | loss=0.0027
  [Edge 0] G9 | E3 | Hier-pFedMe | Selected 10/10
  [Client  8] Received edge weights.
  [Client  3] Received edge weights.
  [Client  4] Received edge weights.
  [Client  0] Received edge weights.
  [Client  9] Received edge weights.
  [Client  7] Received edge weights.
  [Client  2] Received edge weights.
  [Client  5] Received edge weights.
  [Client  6] Received edge weights.
  [Client  1] Received edge weights.
  [Client  3] Round 9 | Hier-pFedMe(λ2=35.0,K=10) | loss=0.0039  [Client  8] Round 9 | Hier-pFedMe(λ2=35.0,K=10) | loss=0.0000

  [Client  4] Round 9 | Hier-pFedMe(λ2=35.0,K=10) | loss=0.0012  [Client  0] Round 9 | Hier-pFedMe(λ2=35.0,K=10) | loss=0.0023

  [Client  7] Round 9 | Hier-pFedMe(λ2=35.0,K=10) | loss=0.0010
  [Client  9] Round 9 | Hier-pFedMe(λ2=35.0,K=10) | loss=0.0000
  [Client  5] Round 9 | Hier-pFedMe(λ2=35.0,K=10) | loss=0.0047
  [Client  2] Round 9 | Hier-pFedMe(λ2=35.0,K=10) | loss=0.0029
  [Client  6] Round 9 | Hier-pFedMe(λ2=35.0,K=10) | loss=0.0019
  [Client  1] Round 9 | Hier-pFedMe(λ2=35.0,K=10) | loss=0.0011
  [Edge 0] G9 | E3 | loss=0.0021
  [Edge 0] G9 | E4 | Hier-pFedMe | Selected 10/10
  [Client  4] Received edge weights.
  [Client  3] Received edge weights.
  [Client  0] Received edge weights.
  [Client  8] Received edge weights.
  [Client  6] Received edge weights.
  [Client  2] Received edge weights.
  [Client  9] Received edge weights.
  [Client  5] Received edge weights.
  [Client  1] Received edge weights.
  [Client  7] Received edge weights.
  [Client  8] Round 9 | Hier-pFedMe(λ2=35.0,K=10) | loss=0.0000
  [Client  4] Round 9 | Hier-pFedMe(λ2=35.0,K=10) | loss=0.0019
  [Client  3] Round 9 | Hier-pFedMe(λ2=35.0,K=10) | loss=0.0133
  [Client  0] Round 9 | Hier-pFedMe(λ2=35.0,K=10) | loss=0.0017
  [Client  6] Round 9 | Hier-pFedMe(λ2=35.0,K=10) | loss=0.0004
  [Client  2] Round 9 | Hier-pFedMe(λ2=35.0,K=10) | loss=0.0009
  [Client  9] Round 9 | Hier-pFedMe(λ2=35.0,K=10) | loss=0.0000
  [Client  5] Round 9 | Hier-pFedMe(λ2=35.0,K=10) | loss=0.0033
  [Client  7] Round 9 | Hier-pFedMe(λ2=35.0,K=10) | loss=0.0220
  [Client  1] Round 9 | Hier-pFedMe(λ2=35.0,K=10) | loss=0.0014
  [Edge 0] G9 | E4 | loss=0.0050
  [Edge 0] G9 | E5 | Hier-pFedMe | Selected 10/10
  [Client  6] Received edge weights.
  [Client  3] Received edge weights.
  [Client  8] Received edge weights.
  [Client  1] Received edge weights.
  [Client  9] Received edge weights.
  [Client  2] Received edge weights.
  [Client  7] Received edge weights.
  [Client  0] Received edge weights.
  [Client  5] Received edge weights.
  [Client  4] Received edge weights.
  [Client  8] Round 9 | Hier-pFedMe(λ2=35.0,K=10) | loss=0.0000
  [Client  6] Round 9 | Hier-pFedMe(λ2=35.0,K=10) | loss=0.0008
  [Client  1] Round 9 | Hier-pFedMe(λ2=35.0,K=10) | loss=0.0013
  [Client  3] Round 9 | Hier-pFedMe(λ2=35.0,K=10) | loss=0.0025
  [Client  9] Round 9 | Hier-pFedMe(λ2=35.0,K=10) | loss=0.0000
  [Client  2] Round 9 | Hier-pFedMe(λ2=35.0,K=10) | loss=0.0023
  [Client  7] Round 9 | Hier-pFedMe(λ2=35.0,K=10) | loss=0.0020
  [Client  0] Round 9 | Hier-pFedMe(λ2=35.0,K=10) | loss=0.0009
  [Client  5] Round 9 | Hier-pFedMe(λ2=35.0,K=10) | loss=0.0034
  [Client  4] Round 9 | Hier-pFedMe(λ2=35.0,K=10) | loss=0.0017
  [Edge 0] G9 | E5 | loss=0.0017
  [Edge 1] G9 | E1 | Hier-pFedMe | Selected 10/10
  [Client 12] Received edge weights.
  [Client 15] Received edge weights.
  [Client 14] Received edge weights.
  [Client 17] Received edge weights.
  [Client 11] Received edge weights.
  [Client 18] Received edge weights.
  [Client 16] Received edge weights.
  [Client 10] Received edge weights.
  [Client 13] Received edge weights.
  [Client 19] Received edge weights.
  [Client 17] Round 9 | Hier-pFedMe(λ2=35.0,K=10) | loss=0.0032
  [Client 14] Round 9 | Hier-pFedMe(λ2=35.0,K=10) | loss=0.0031  [Client 15] Round 9 | Hier-pFedMe(λ2=35.0,K=10) | loss=0.0011

  [Client 12] Round 9 | Hier-pFedMe(λ2=35.0,K=10) | loss=0.0012
  [Client 11] Round 9 | Hier-pFedMe(λ2=35.0,K=10) | loss=0.0019
  [Client 16] Round 9 | Hier-pFedMe(λ2=35.0,K=10) | loss=0.0022  [Client 18] Round 9 | Hier-pFedMe(λ2=35.0,K=10) | loss=0.0025

  [Client 10] Round 9 | Hier-pFedMe(λ2=35.0,K=10) | loss=0.0018
  [Client 13] Round 9 | Hier-pFedMe(λ2=35.0,K=10) | loss=0.0035
  [Client 19] Round 9 | Hier-pFedMe(λ2=35.0,K=10) | loss=0.0011
  [Edge 1] G9 | E1 | loss=0.0021
  [Edge 1] G9 | E2 | Hier-pFedMe | Selected 10/10
  [Client 13] Received edge weights.
  [Client 18] Received edge weights.
  [Client 11] Received edge weights.
  [Client 12] Received edge weights.
  [Client 10] Received edge weights.
  [Client 16] Received edge weights.
  [Client 17] Received edge weights.
  [Client 14] Received edge weights.
  [Client 15] Received edge weights.
  [Client 19] Received edge weights.
  [Client 18] Round 9 | Hier-pFedMe(λ2=35.0,K=10) | loss=0.0024
  [Client 11] Round 9 | Hier-pFedMe(λ2=35.0,K=10) | loss=0.0018  [Client 12] Round 9 | Hier-pFedMe(λ2=35.0,K=10) | loss=0.0018  [Client 13] Round 9 | Hier-pFedMe(λ2=35.0,K=10) | loss=0.0014


  [Client 10] Round 9 | Hier-pFedMe(λ2=35.0,K=10) | loss=0.0017
  [Client 16] Round 9 | Hier-pFedMe(λ2=35.0,K=10) | loss=0.0011
  [Client 17] Round 9 | Hier-pFedMe(λ2=35.0,K=10) | loss=0.0077
  [Client 14] Round 9 | Hier-pFedMe(λ2=35.0,K=10) | loss=0.0054
  [Client 15] Round 9 | Hier-pFedMe(λ2=35.0,K=10) | loss=0.0033
  [Client 19] Round 9 | Hier-pFedMe(λ2=35.0,K=10) | loss=0.0026
  [Edge 1] G9 | E2 | loss=0.0029
  [Edge 1] G9 | E3 | Hier-pFedMe | Selected 10/10
  [Client 16] Received edge weights.
  [Client 17] Received edge weights.
  [Client 14] Received edge weights.
  [Client 19] Received edge weights.
  [Client 12] Received edge weights.
  [Client 10] Received edge weights.
  [Client 15] Received edge weights.
  [Client 11] Received edge weights.
  [Client 13] Received edge weights.
  [Client 18] Received edge weights.
  [Client 17] Round 9 | Hier-pFedMe(λ2=35.0,K=10) | loss=0.0026
  [Client 19] Round 9 | Hier-pFedMe(λ2=35.0,K=10) | loss=0.0019
  [Client 14] Round 9 | Hier-pFedMe(λ2=35.0,K=10) | loss=0.0020  [Client 16] Round 9 | Hier-pFedMe(λ2=35.0,K=10) | loss=0.0021

  [Client 12] Round 9 | Hier-pFedMe(λ2=35.0,K=10) | loss=0.0020
  [Client 10] Round 9 | Hier-pFedMe(λ2=35.0,K=10) | loss=0.0032
  [Client 15] Round 9 | Hier-pFedMe(λ2=35.0,K=10) | loss=0.0019
  [Client 11] Round 9 | Hier-pFedMe(λ2=35.0,K=10) | loss=0.0042
  [Client 18] Round 9 | Hier-pFedMe(λ2=35.0,K=10) | loss=0.0077
  [Client 13] Round 9 | Hier-pFedMe(λ2=35.0,K=10) | loss=0.0032
  [Edge 1] G9 | E3 | loss=0.0031
  [Edge 1] G9 | E4 | Hier-pFedMe | Selected 10/10
  [Client 18] Received edge weights.
  [Client 10] Received edge weights.
  [Client 15] Received edge weights.
  [Client 14] Received edge weights.
  [Client 19] Received edge weights.
  [Client 11] Received edge weights.
  [Client 17] Received edge weights.
  [Client 12] Received edge weights.
  [Client 16] Received edge weights.
  [Client 13] Received edge weights.
  [Client 15] Round 9 | Hier-pFedMe(λ2=35.0,K=10) | loss=0.0022
  [Client 14] Round 9 | Hier-pFedMe(λ2=35.0,K=10) | loss=0.0020
  [Client 18] Round 9 | Hier-pFedMe(λ2=35.0,K=10) | loss=0.0036
  [Client 10] Round 9 | Hier-pFedMe(λ2=35.0,K=10) | loss=0.0012
  [Client 19] Round 9 | Hier-pFedMe(λ2=35.0,K=10) | loss=0.0020
  [Client 11] Round 9 | Hier-pFedMe(λ2=35.0,K=10) | loss=0.0027
  [Client 17] Round 9 | Hier-pFedMe(λ2=35.0,K=10) | loss=0.0051
  [Client 12] Round 9 | Hier-pFedMe(λ2=35.0,K=10) | loss=0.0013
  [Client 16] Round 9 | Hier-pFedMe(λ2=35.0,K=10) | loss=0.0011
  [Client 13] Round 9 | Hier-pFedMe(λ2=35.0,K=10) | loss=0.0027
  [Edge 1] G9 | E4 | loss=0.0024
  [Edge 1] G9 | E5 | Hier-pFedMe | Selected 10/10
  [Client 12] Received edge weights.
  [Client 10] Received edge weights.
  [Client 11] Received edge weights.
  [Client 16] Received edge weights.
  [Client 15] Received edge weights.
  [Client 14] Received edge weights.
  [Client 13] Received edge weights.
  [Client 18] Received edge weights.
  [Client 17] Received edge weights.
  [Client 19] Received edge weights.
  [Client 10] Round 9 | Hier-pFedMe(λ2=35.0,K=10) | loss=0.0008
  [Client 12] Round 9 | Hier-pFedMe(λ2=35.0,K=10) | loss=0.0021
  [Client 11] Round 9 | Hier-pFedMe(λ2=35.0,K=10) | loss=0.0031
  [Client 16] Round 9 | Hier-pFedMe(λ2=35.0,K=10) | loss=0.0012
  [Client 15] Round 9 | Hier-pFedMe(λ2=35.0,K=10) | loss=0.0023
  [Client 13] Round 9 | Hier-pFedMe(λ2=35.0,K=10) | loss=0.0025
  [Client 14] Round 9 | Hier-pFedMe(λ2=35.0,K=10) | loss=0.0014
  [Client 18] Round 9 | Hier-pFedMe(λ2=35.0,K=10) | loss=0.0047
  [Client 17] Round 9 | Hier-pFedMe(λ2=35.0,K=10) | loss=0.0039
  [Client 19] Round 9 | Hier-pFedMe(λ2=35.0,K=10) | loss=0.0033
  [Edge 1] G9 | E5 | loss=0.0025
[C0] eval model[0] mean=-0.002424 | θ̃ mean=-0.002424 | edge mean=-0.002985 |local ref=-0.002421
[C0] n=1000 | classes=[3, 6] | acc=0.6760 | per_class={3: '0.68', 6: '0.67'}
[C1] eval model[0] mean=-0.002821 | θ̃ mean=-0.002821 | edge mean=-0.002985 |local ref=-0.002822
[C1] n=1000 | classes=[3, 6] | acc=0.7360 | per_class={3: '0.70', 6: '0.77'}
[C2] eval model[0] mean=-0.002807 | θ̃ mean=-0.002807 | edge mean=-0.002985 |local ref=-0.002809
[C2] n=1000 | classes=[2, 5] | acc=0.6660 | per_class={2: '0.49', 5: '0.85'}
[C3] eval model[0] mean=-0.002942 | θ̃ mean=-0.002942 | edge mean=-0.002985 |local ref=-0.002945
[C3] n=1000 | classes=[5, 7] | acc=0.6160 | per_class={5: '0.43', 7: '0.80'}
[C4] eval model[0] mean=-0.003462 | θ̃ mean=-0.003462 | edge mean=-0.002985 |local ref=-0.003464
[C4] n=1000 | classes=[2, 7] | acc=0.6490 | per_class={2: '0.40', 7: '0.91'}
[C5] eval model[0] mean=-0.003257 | θ̃ mean=-0.003257 | edge mean=-0.002985 |local ref=-0.003258
[C5] n=1000 | classes=[2, 4] | acc=0.5550 | per_class={2: '0.80', 4: '0.30'}
[C6] eval model[0] mean=-0.002770 | θ̃ mean=-0.002770 | edge mean=-0.002985 |local ref=-0.002772
[C6] n=1000 | classes=[6, 7] | acc=0.8310 | per_class={6: '0.90', 7: '0.76'}
[C7] eval model[0] mean=-0.003075 | θ̃ mean=-0.003075 | edge mean=-0.002985 |local ref=-0.003087
[C7] n=1000 | classes=[3, 5] | acc=0.5950 | per_class={3: '0.58', 5: '0.61'}
[C8] eval model[0] mean=-0.003111 | θ̃ mean=-0.003111 | edge mean=-0.002985 |local ref=-0.003111
[C8] n=500 | classes=[4] | acc=1.0000 | per_class={4: '1.00'}
[C9] eval model[0] mean=-0.002557 | θ̃ mean=-0.002557 | edge mean=-0.002985 |local ref=-0.002558
[C9] n=500 | classes=[4] | acc=1.0000 | per_class={4: '1.00'}
[C10] eval model[0] mean=-0.002320 | θ̃ mean=-0.002320 | edge mean=-0.002711 |local ref=-0.002321
[C10] n=600 | classes=[8, 9] | acc=0.7917 | per_class={8: '0.85', 9: '0.73'}
[C11] eval model[0] mean=-0.003204 | θ̃ mean=-0.003204 | edge mean=-0.002711 |local ref=-0.003207
[C11] n=600 | classes=[0, 1] | acc=0.7667 | per_class={0: '0.57', 1: '0.97'}
[C12] eval model[0] mean=-0.002473 | θ̃ mean=-0.002473 | edge mean=-0.002711 |local ref=-0.002475
[C12] n=600 | classes=[1, 8] | acc=0.7917 | per_class={1: '0.69', 8: '0.90'}
[C13] eval model[0] mean=-0.003289 | θ̃ mean=-0.003289 | edge mean=-0.002711 |local ref=-0.003292
[C13] n=600 | classes=[0, 8] | acc=0.6650 | per_class={0: '0.51', 8: '0.83'}
[C14] eval model[0] mean=-0.002380 | θ̃ mean=-0.002380 | edge mean=-0.002711 |local ref=-0.002381
[C14] n=600 | classes=[0, 9] | acc=0.7800 | per_class={0: '0.61', 9: '0.96'}
[C15] eval model[0] mean=-0.002582 | θ̃ mean=-0.002582 | edge mean=-0.002711 |local ref=-0.002579
[C15] n=600 | classes=[0, 8] | acc=0.6683 | per_class={0: '0.56', 8: '0.78'}
[C16] eval model[0] mean=-0.003370 | θ̃ mean=-0.003370 | edge mean=-0.002711 |local ref=-0.003371
[C16] n=600 | classes=[1, 8] | acc=0.8183 | per_class={1: '0.92', 8: '0.72'}
[C17] eval model[0] mean=-0.003122 | θ̃ mean=-0.003122 | edge mean=-0.002711 |local ref=-0.003130
[C17] n=600 | classes=[1, 9] | acc=0.6333 | per_class={1: '0.62', 9: '0.65'}
[C18] eval model[0] mean=-0.001966 | θ̃ mean=-0.001966 | edge mean=-0.002711 |local ref=-0.001967
[C18] n=600 | classes=[1, 9] | acc=0.6417 | per_class={1: '0.60', 9: '0.69'}
[C19] eval model[0] mean=-0.001954 | θ̃ mean=-0.001954 | edge mean=-0.002711 |local ref=-0.001952
[C19] n=600 | classes=[0, 9] | acc=0.7617 | per_class={0: '0.71', 9: '0.81'}
  [Cloud] GM=0.2943 | EM=0.3223 PM=0.7143 | loss=1.9912 | time=49.7s | comm=4556.2MB (total=41006MB)

[Round  10] Broadcasting to 2 edges...
  [Edge 0] W_n reset to global weights for new round.
  [Edge 1] W_n reset to global weights for new round.
  [Edge 0] G10 | E1 | Hier-pFedMe | Selected 10/10
  [Client  9] Received edge weights.
  [Client  3] Received edge weights.
  [Client  5] Received edge weights.
  [Client  7] Received edge weights.
  [Client  4] Received edge weights.
  [Client  0] Received edge weights.
  [Client  6] Received edge weights.
  [Client  8] Received edge weights.
  [Client  2] Received edge weights.
  [Client  1] Received edge weights.
  [Client  3] Round 10 | Hier-pFedMe(λ2=35.0,K=10) | loss=0.0011
  [Client  9] Round 10 | Hier-pFedMe(λ2=35.0,K=10) | loss=0.0000
  [Client  5] Round 10 | Hier-pFedMe(λ2=35.0,K=10) | loss=0.0031
  [Client  7] Round 10 | Hier-pFedMe(λ2=35.0,K=10) | loss=0.0009
  [Client  4] Round 10 | Hier-pFedMe(λ2=35.0,K=10) | loss=0.0015
  [Client  0] Round 10 | Hier-pFedMe(λ2=35.0,K=10) | loss=0.0017
  [Client  6] Round 10 | Hier-pFedMe(λ2=35.0,K=10) | loss=0.0009
  [Client  8] Round 10 | Hier-pFedMe(λ2=35.0,K=10) | loss=0.0000
  [Client  2] Round 10 | Hier-pFedMe(λ2=35.0,K=10) | loss=0.0006
  [Client  1] Round 10 | Hier-pFedMe(λ2=35.0,K=10) | loss=0.0011
  [Edge 0] G10 | E1 | loss=0.0012
  [Edge 0] G10 | E2 | Hier-pFedMe | Selected 10/10
  [Client  4] Received edge weights.
  [Client  7] Received edge weights.
  [Client  6] Received edge weights.
  [Client  5] Received edge weights.
  [Client  0] Received edge weights.
  [Client  8] Received edge weights.
  [Client  1] Received edge weights.
  [Client  2] Received edge weights.
  [Client  3] Received edge weights.
  [Client  9] Received edge weights.
  [Client  7] Round 10 | Hier-pFedMe(λ2=35.0,K=10) | loss=0.0006  [Client  5] Round 10 | Hier-pFedMe(λ2=35.0,K=10) | loss=0.0072

  [Client  4] Round 10 | Hier-pFedMe(λ2=35.0,K=10) | loss=0.0016
  [Client  6] Round 10 | Hier-pFedMe(λ2=35.0,K=10) | loss=0.0041
  [Client  0] Round 10 | Hier-pFedMe(λ2=35.0,K=10) | loss=0.0019
  [Client  1] Round 10 | Hier-pFedMe(λ2=35.0,K=10) | loss=0.0030
  [Client  8] Round 10 | Hier-pFedMe(λ2=35.0,K=10) | loss=0.0000
  [Client  2] Round 10 | Hier-pFedMe(λ2=35.0,K=10) | loss=0.0014
  [Client  3] Round 10 | Hier-pFedMe(λ2=35.0,K=10) | loss=0.0002
  [Client  9] Round 10 | Hier-pFedMe(λ2=35.0,K=10) | loss=0.0000
  [Edge 0] G10 | E2 | loss=0.0022
  [Edge 0] G10 | E3 | Hier-pFedMe | Selected 10/10
  [Client  2] Received edge weights.
  [Client  8] Received edge weights.
  [Client  1] Received edge weights.
  [Client  3] Received edge weights.
  [Client  7] Received edge weights.
  [Client  4] Received edge weights.
  [Client  0] Received edge weights.
  [Client  9] Received edge weights.
  [Client  5] Received edge weights.
  [Client  6] Received edge weights.
  [Client  2] Round 10 | Hier-pFedMe(λ2=35.0,K=10) | loss=0.0013
  [Client  1] Round 10 | Hier-pFedMe(λ2=35.0,K=10) | loss=0.0012
  [Client  8] Round 10 | Hier-pFedMe(λ2=35.0,K=10) | loss=0.0000
  [Client  3] Round 10 | Hier-pFedMe(λ2=35.0,K=10) | loss=0.0005
  [Client  7] Round 10 | Hier-pFedMe(λ2=35.0,K=10) | loss=0.0049
  [Client  4] Round 10 | Hier-pFedMe(λ2=35.0,K=10) | loss=0.0010
  [Client  0] Round 10 | Hier-pFedMe(λ2=35.0,K=10) | loss=0.0017
  [Client  9] Round 10 | Hier-pFedMe(λ2=35.0,K=10) | loss=0.0000
  [Client  5] Round 10 | Hier-pFedMe(λ2=35.0,K=10) | loss=0.0057
  [Client  6] Round 10 | Hier-pFedMe(λ2=35.0,K=10) | loss=0.0025
  [Edge 0] G10 | E3 | loss=0.0021
  [Edge 0] G10 | E4 | Hier-pFedMe | Selected 10/10
  [Client  4] Received edge weights.
  [Client  1] Received edge weights.
  [Client  0] Received edge weights.
  [Client  6] Received edge weights.
  [Client  5] Received edge weights.
  [Client  9] Received edge weights.
  [Client  3] Received edge weights.
  [Client  2] Received edge weights.
  [Client  8] Received edge weights.
  [Client  7] Received edge weights.
  [Client  0] Round 10 | Hier-pFedMe(λ2=35.0,K=10) | loss=0.0034
  [Client  4] Round 10 | Hier-pFedMe(λ2=35.0,K=10) | loss=0.0025
  [Client  6] Round 10 | Hier-pFedMe(λ2=35.0,K=10) | loss=0.0017
  [Client  1] Round 10 | Hier-pFedMe(λ2=35.0,K=10) | loss=0.0013
  [Client  5] Round 10 | Hier-pFedMe(λ2=35.0,K=10) | loss=0.0047
  [Client  3] Round 10 | Hier-pFedMe(λ2=35.0,K=10) | loss=0.0017
  [Client  9] Round 10 | Hier-pFedMe(λ2=35.0,K=10) | loss=0.0000
  [Client  2] Round 10 | Hier-pFedMe(λ2=35.0,K=10) | loss=0.0025
  [Client  8] Round 10 | Hier-pFedMe(λ2=35.0,K=10) | loss=0.0000
  [Client  7] Round 10 | Hier-pFedMe(λ2=35.0,K=10) | loss=0.0030
  [Edge 0] G10 | E4 | loss=0.0023
  [Edge 0] G10 | E5 | Hier-pFedMe | Selected 10/10
  [Client  2] Received edge weights.
  [Client  6] Received edge weights.
  [Client  0] Received edge weights.
  [Client  4] Received edge weights.
  [Client  5] Received edge weights.
  [Client  8] Received edge weights.
  [Client  7] Received edge weights.
  [Client  3] Received edge weights.
  [Client  9] Received edge weights.
  [Client  1] Received edge weights.
  [Client  0] Round 10 | Hier-pFedMe(λ2=35.0,K=10) | loss=0.0015
  [Client  6] Round 10 | Hier-pFedMe(λ2=35.0,K=10) | loss=0.0006
  [Client  2] Round 10 | Hier-pFedMe(λ2=35.0,K=10) | loss=0.0016
  [Client  4] Round 10 | Hier-pFedMe(λ2=35.0,K=10) | loss=0.0025
  [Client  5] Round 10 | Hier-pFedMe(λ2=35.0,K=10) | loss=0.0069
  [Client  8] Round 10 | Hier-pFedMe(λ2=35.0,K=10) | loss=0.0000
  [Client  7] Round 10 | Hier-pFedMe(λ2=35.0,K=10) | loss=0.0013
  [Client  3] Round 10 | Hier-pFedMe(λ2=35.0,K=10) | loss=0.0012
  [Client  9] Round 10 | Hier-pFedMe(λ2=35.0,K=10) | loss=0.0000
  [Client  1] Round 10 | Hier-pFedMe(λ2=35.0,K=10) | loss=0.0012
  [Edge 0] G10 | E5 | loss=0.0019
  [Edge 1] G10 | E1 | Hier-pFedMe | Selected 10/10
  [Client 11] Received edge weights.
  [Client 18] Received edge weights.
  [Client 19] Received edge weights.
  [Client 16] Received edge weights.
  [Client 13] Received edge weights.
  [Client 14] Received edge weights.
  [Client 17] Received edge weights.
  [Client 10] Received edge weights.
  [Client 12] Received edge weights.
  [Client 15] Received edge weights.
  [Client 19] Round 10 | Hier-pFedMe(λ2=35.0,K=10) | loss=0.0013
  [Client 11] Round 10 | Hier-pFedMe(λ2=35.0,K=10) | loss=0.0037
  [Client 18] Round 10 | Hier-pFedMe(λ2=35.0,K=10) | loss=0.0013
  [Client 16] Round 10 | Hier-pFedMe(λ2=35.0,K=10) | loss=0.0008
  [Client 13] Round 10 | Hier-pFedMe(λ2=35.0,K=10) | loss=0.0024
  [Client 14] Round 10 | Hier-pFedMe(λ2=35.0,K=10) | loss=0.0020
  [Client 17] Round 10 | Hier-pFedMe(λ2=35.0,K=10) | loss=0.0045
  [Client 10] Round 10 | Hier-pFedMe(λ2=35.0,K=10) | loss=0.0009
  [Client 12] Round 10 | Hier-pFedMe(λ2=35.0,K=10) | loss=0.0022
  [Client 15] Round 10 | Hier-pFedMe(λ2=35.0,K=10) | loss=0.0027
  [Edge 1] G10 | E1 | loss=0.0022
  [Edge 1] G10 | E2 | Hier-pFedMe | Selected 10/10
  [Client 18] Received edge weights.
  [Client 10] Received edge weights.
  [Client 14] Received edge weights.
  [Client 16] Received edge weights.
  [Client 13] Received edge weights.
  [Client 19] Received edge weights.
  [Client 12] Received edge weights.
  [Client 17] Received edge weights.
  [Client 15] Received edge weights.
  [Client 11] Received edge weights.
  [Client 10] Round 10 | Hier-pFedMe(λ2=35.0,K=10) | loss=0.0026
  [Client 18] Round 10 | Hier-pFedMe(λ2=35.0,K=10) | loss=0.0031
  [Client 16] Round 10 | Hier-pFedMe(λ2=35.0,K=10) | loss=0.0020
  [Client 14] Round 10 | Hier-pFedMe(λ2=35.0,K=10) | loss=0.0014
  [Client 19] Round 10 | Hier-pFedMe(λ2=35.0,K=10) | loss=0.0006
  [Client 13] Round 10 | Hier-pFedMe(λ2=35.0,K=10) | loss=0.0007
  [Client 12] Round 10 | Hier-pFedMe(λ2=35.0,K=10) | loss=0.0026
  [Client 17] Round 10 | Hier-pFedMe(λ2=35.0,K=10) | loss=0.0020
  [Client 15] Round 10 | Hier-pFedMe(λ2=35.0,K=10) | loss=0.0075
  [Client 11] Round 10 | Hier-pFedMe(λ2=35.0,K=10) | loss=0.0020
  [Edge 1] G10 | E2 | loss=0.0025
  [Edge 1] G10 | E3 | Hier-pFedMe | Selected 10/10
  [Client 16] Received edge weights.
  [Client 10] Received edge weights.
  [Client 12] Received edge weights.
  [Client 15] Received edge weights.
  [Client 11] Received edge weights.
  [Client 18] Received edge weights.
  [Client 17] Received edge weights.
  [Client 19] Received edge weights.
  [Client 13] Received edge weights.
  [Client 14] Received edge weights.
  [Client 16] Round 10 | Hier-pFedMe(λ2=35.0,K=10) | loss=0.0018  [Client 10] Round 10 | Hier-pFedMe(λ2=35.0,K=10) | loss=0.0040

  [Client 15] Round 10 | Hier-pFedMe(λ2=35.0,K=10) | loss=0.0030
  [Client 12] Round 10 | Hier-pFedMe(λ2=35.0,K=10) | loss=0.0034
  [Client 11] Round 10 | Hier-pFedMe(λ2=35.0,K=10) | loss=0.0015
  [Client 18] Round 10 | Hier-pFedMe(λ2=35.0,K=10) | loss=0.0021
  [Client 17] Round 10 | Hier-pFedMe(λ2=35.0,K=10) | loss=0.0021
  [Client 19] Round 10 | Hier-pFedMe(λ2=35.0,K=10) | loss=0.0009
  [Client 13] Round 10 | Hier-pFedMe(λ2=35.0,K=10) | loss=0.0039
  [Client 14] Round 10 | Hier-pFedMe(λ2=35.0,K=10) | loss=0.0007
  [Edge 1] G10 | E3 | loss=0.0023
  [Edge 1] G10 | E4 | Hier-pFedMe | Selected 10/10
  [Client 11] Received edge weights.
  [Client 17] Received edge weights.
  [Client 15] Received edge weights.
  [Client 19] Received edge weights.
  [Client 12] Received edge weights.
  [Client 18] Received edge weights.
  [Client 10] Received edge weights.
  [Client 16] Received edge weights.
  [Client 14] Received edge weights.
  [Client 13] Received edge weights.
  [Client 15] Round 10 | Hier-pFedMe(λ2=35.0,K=10) | loss=0.0028
  [Client 19] Round 10 | Hier-pFedMe(λ2=35.0,K=10) | loss=0.0028
  [Client 11] Round 10 | Hier-pFedMe(λ2=35.0,K=10) | loss=0.0020
  [Client 17] Round 10 | Hier-pFedMe(λ2=35.0,K=10) | loss=0.0024
  [Client 12] Round 10 | Hier-pFedMe(λ2=35.0,K=10) | loss=0.0028
  [Client 18] Round 10 | Hier-pFedMe(λ2=35.0,K=10) | loss=0.0020
  [Client 10] Round 10 | Hier-pFedMe(λ2=35.0,K=10) | loss=0.0062
  [Client 16] Round 10 | Hier-pFedMe(λ2=35.0,K=10) | loss=0.0030
  [Client 14] Round 10 | Hier-pFedMe(λ2=35.0,K=10) | loss=0.0020
  [Client 13] Round 10 | Hier-pFedMe(λ2=35.0,K=10) | loss=0.0073
  [Edge 1] G10 | E4 | loss=0.0033
  [Edge 1] G10 | E5 | Hier-pFedMe | Selected 10/10
  [Client 16] Received edge weights.
  [Client 10] Received edge weights.
  [Client 13] Received edge weights.
  [Client 19] Received edge weights.
  [Client 15] Received edge weights.
  [Client 18] Received edge weights.
  [Client 11] Received edge weights.
  [Client 12] Received edge weights.
  [Client 14] Received edge weights.
  [Client 17] Received edge weights.
  [Client 10] Round 10 | Hier-pFedMe(λ2=35.0,K=10) | loss=0.0034
  [Client 19] Round 10 | Hier-pFedMe(λ2=35.0,K=10) | loss=0.0006
  [Client 16] Round 10 | Hier-pFedMe(λ2=35.0,K=10) | loss=0.0014
  [Client 13] Round 10 | Hier-pFedMe(λ2=35.0,K=10) | loss=0.0031
  [Client 15] Round 10 | Hier-pFedMe(λ2=35.0,K=10) | loss=0.0014
  [Client 18] Round 10 | Hier-pFedMe(λ2=35.0,K=10) | loss=0.0025
  [Client 11] Round 10 | Hier-pFedMe(λ2=35.0,K=10) | loss=0.0011
  [Client 12] Round 10 | Hier-pFedMe(λ2=35.0,K=10) | loss=0.0051
  [Client 14] Round 10 | Hier-pFedMe(λ2=35.0,K=10) | loss=0.0021
  [Client 17] Round 10 | Hier-pFedMe(λ2=35.0,K=10) | loss=0.0039
  [Edge 1] G10 | E5 | loss=0.0025
[C0] eval model[0] mean=-0.002033 | θ̃ mean=-0.002033 | edge mean=-0.002629 |local ref=-0.002035
[C0] n=1000 | classes=[3, 6] | acc=0.6180 | per_class={3: '0.63', 6: '0.61'}
[C1] eval model[0] mean=-0.003342 | θ̃ mean=-0.003342 | edge mean=-0.002629 |local ref=-0.003347
[C1] n=1000 | classes=[3, 6] | acc=0.6030 | per_class={3: '0.67', 6: '0.54'}
[C2] eval model[0] mean=-0.001976 | θ̃ mean=-0.001976 | edge mean=-0.002629 |local ref=-0.001972
[C2] n=1000 | classes=[2, 5] | acc=0.6620 | per_class={2: '0.49', 5: '0.84'}
[C3] eval model[0] mean=-0.002398 | θ̃ mean=-0.002398 | edge mean=-0.002629 |local ref=-0.002397
[C3] n=1000 | classes=[5, 7] | acc=0.6980 | per_class={5: '0.80', 7: '0.60'}
[C4] eval model[0] mean=-0.001979 | θ̃ mean=-0.001979 | edge mean=-0.002629 |local ref=-0.001977
[C4] n=1000 | classes=[2, 7] | acc=0.7400 | per_class={2: '0.57', 7: '0.92'}
[C5] eval model[0] mean=-0.001894 | θ̃ mean=-0.001894 | edge mean=-0.002629 |local ref=-0.001903
[C5] n=1000 | classes=[2, 4] | acc=0.5410 | per_class={2: '0.56', 4: '0.52'}
[C6] eval model[0] mean=-0.002883 | θ̃ mean=-0.002883 | edge mean=-0.002629 |local ref=-0.002890
[C6] n=1000 | classes=[6, 7] | acc=0.7580 | per_class={6: '0.60', 7: '0.91'}
[C7] eval model[0] mean=-0.002771 | θ̃ mean=-0.002771 | edge mean=-0.002629 |local ref=-0.002762
[C7] n=1000 | classes=[3, 5] | acc=0.5160 | per_class={3: '0.86', 5: '0.19'}
[C8] eval model[0] mean=-0.003025 | θ̃ mean=-0.003025 | edge mean=-0.002629 |local ref=-0.003025
[C8] n=500 | classes=[4] | acc=1.0000 | per_class={4: '1.00'}
[C9] eval model[0] mean=-0.002945 | θ̃ mean=-0.002945 | edge mean=-0.002629 |local ref=-0.002944
[C9] n=500 | classes=[4] | acc=1.0000 | per_class={4: '1.00'}
[C10] eval model[0] mean=-0.003575 | θ̃ mean=-0.003575 | edge mean=-0.003045 |local ref=-0.003580
[C10] n=600 | classes=[8, 9] | acc=0.7550 | per_class={8: '0.54', 9: '0.95'}
[C11] eval model[0] mean=-0.002133 | θ̃ mean=-0.002133 | edge mean=-0.003045 |local ref=-0.002129
[C11] n=600 | classes=[0, 1] | acc=0.7517 | per_class={0: '0.62', 1: '0.88'}
[C12] eval model[0] mean=-0.003418 | θ̃ mean=-0.003418 | edge mean=-0.003045 |local ref=-0.003419
[C12] n=600 | classes=[1, 8] | acc=0.7567 | per_class={1: '0.89', 8: '0.61'}
[C13] eval model[0] mean=-0.002395 | θ̃ mean=-0.002395 | edge mean=-0.003045 |local ref=-0.002398
[C13] n=600 | classes=[0, 8] | acc=0.6050 | per_class={0: '0.36', 8: '0.87'}
[C14] eval model[0] mean=-0.002429 | θ̃ mean=-0.002429 | edge mean=-0.003045 |local ref=-0.002426
[C14] n=600 | classes=[0, 9] | acc=0.7483 | per_class={0: '0.53', 9: '0.97'}
[C15] eval model[0] mean=-0.002994 | θ̃ mean=-0.002994 | edge mean=-0.003045 |local ref=-0.002996
[C15] n=600 | classes=[0, 8] | acc=0.6950 | per_class={0: '0.76', 8: '0.62'}
[C16] eval model[0] mean=-0.003019 | θ̃ mean=-0.003019 | edge mean=-0.003045 |local ref=-0.003017
[C16] n=600 | classes=[1, 8] | acc=0.7800 | per_class={1: '0.79', 8: '0.77'}
[C17] eval model[0] mean=-0.002507 | θ̃ mean=-0.002507 | edge mean=-0.003045 |local ref=-0.002505
[C17] n=600 | classes=[1, 9] | acc=0.6000 | per_class={1: '0.47', 9: '0.72'}
[C18] eval model[0] mean=-0.002881 | θ̃ mean=-0.002881 | edge mean=-0.003045 |local ref=-0.002879
[C18] n=600 | classes=[1, 9] | acc=0.6283 | per_class={1: '0.87', 9: '0.36'}
[C19] eval model[0] mean=-0.002479 | θ̃ mean=-0.002479 | edge mean=-0.003045 |local ref=-0.002479
[C19] n=600 | classes=[0, 9] | acc=0.7867 | per_class={0: '0.68', 9: '0.89'}
  [Cloud] GM=0.3141 | EM=0.3659 PM=0.6933 | loss=1.9438 | time=48.7s | comm=4556.2MB (total=45562MB)

[Round  11] Broadcasting to 2 edges...
  [Edge 0] W_n reset to global weights for new round.
  [Edge 1] W_n reset to global weights for new round.
  [Edge 0] G11 | E1 | Hier-pFedMe | Selected 10/10
  [Client  3] Received edge weights.
  [Client  7] Received edge weights.
  [Client  8] Received edge weights.
  [Client  4] Received edge weights.
  [Client  6] Received edge weights.
  [Client  9] Received edge weights.
  [Client  2] Received edge weights.
  [Client  1] Received edge weights.
  [Client  5] Received edge weights.
  [Client  0] Received edge weights.
  [Client  3] Round 11 | Hier-pFedMe(λ2=35.0,K=10) | loss=0.0012
  [Client  7] Round 11 | Hier-pFedMe(λ2=35.0,K=10) | loss=0.0026
  [Client  8] Round 11 | Hier-pFedMe(λ2=35.0,K=10) | loss=0.0000
  [Client  4] Round 11 | Hier-pFedMe(λ2=35.0,K=10) | loss=0.0015
  [Client  9] Round 11 | Hier-pFedMe(λ2=35.0,K=10) | loss=0.0000
  [Client  2] Round 11 | Hier-pFedMe(λ2=35.0,K=10) | loss=0.0013
  [Client  6] Round 11 | Hier-pFedMe(λ2=35.0,K=10) | loss=0.0003
  [Client  1] Round 11 | Hier-pFedMe(λ2=35.0,K=10) | loss=0.0026
  [Client  5] Round 11 | Hier-pFedMe(λ2=35.0,K=10) | loss=0.0035
  [Client  0] Round 11 | Hier-pFedMe(λ2=35.0,K=10) | loss=0.0026
  [Edge 0] G11 | E1 | loss=0.0017
  [Edge 0] G11 | E2 | Hier-pFedMe | Selected 10/10
  [Client  8] Received edge weights.
  [Client  9] Received edge weights.
  [Client  2] Received edge weights.
  [Client  0] Received edge weights.
  [Client  1] Received edge weights.
  [Client  7] Received edge weights.
  [Client  3] Received edge weights.
  [Client  4] Received edge weights.
  [Client  5] Received edge weights.
  [Client  6] Received edge weights.
  [Client  0] Round 11 | Hier-pFedMe(λ2=35.0,K=10) | loss=0.0007
  [Client  9] Round 11 | Hier-pFedMe(λ2=35.0,K=10) | loss=0.0000
  [Client  2] Round 11 | Hier-pFedMe(λ2=35.0,K=10) | loss=0.0023
  [Client  8] Round 11 | Hier-pFedMe(λ2=35.0,K=10) | loss=0.0000
  [Client  7] Round 11 | Hier-pFedMe(λ2=35.0,K=10) | loss=0.0030
  [Client  1] Round 11 | Hier-pFedMe(λ2=35.0,K=10) | loss=0.0035
  [Client  3] Round 11 | Hier-pFedMe(λ2=35.0,K=10) | loss=0.0021
  [Client  4] Round 11 | Hier-pFedMe(λ2=35.0,K=10) | loss=0.0017
  [Client  5] Round 11 | Hier-pFedMe(λ2=35.0,K=10) | loss=0.0019
  [Client  6] Round 11 | Hier-pFedMe(λ2=35.0,K=10) | loss=0.0018
  [Edge 0] G11 | E2 | loss=0.0019
  [Edge 0] G11 | E3 | Hier-pFedMe | Selected 10/10
  [Client  7] Received edge weights.
  [Client  5] Received edge weights.
  [Client  6] Received edge weights.
  [Client  2] Received edge weights.
  [Client  9] Received edge weights.
  [Client  8] Received edge weights.
  [Client  1] Received edge weights.
  [Client  0] Received edge weights.
  [Client  4] Received edge weights.
  [Client  3] Received edge weights.
  [Client  5] Round 11 | Hier-pFedMe(λ2=35.0,K=10) | loss=0.0021
  [Client  6] Round 11 | Hier-pFedMe(λ2=35.0,K=10) | loss=0.0004
  [Client  7] Round 11 | Hier-pFedMe(λ2=35.0,K=10) | loss=0.0017
  [Client  2] Round 11 | Hier-pFedMe(λ2=35.0,K=10) | loss=0.0025
  [Client  9] Round 11 | Hier-pFedMe(λ2=35.0,K=10) | loss=0.0000
  [Client  8] Round 11 | Hier-pFedMe(λ2=35.0,K=10) | loss=0.0000
  [Client  1] Round 11 | Hier-pFedMe(λ2=35.0,K=10) | loss=0.0007
  [Client  0] Round 11 | Hier-pFedMe(λ2=35.0,K=10) | loss=0.0010
  [Client  4] Round 11 | Hier-pFedMe(λ2=35.0,K=10) | loss=0.0004
  [Client  3] Round 11 | Hier-pFedMe(λ2=35.0,K=10) | loss=0.0007
  [Edge 0] G11 | E3 | loss=0.0010
  [Edge 0] G11 | E4 | Hier-pFedMe | Selected 10/10
  [Client  9] Received edge weights.
  [Client  2] Received edge weights.
  [Client  8] Received edge weights.
  [Client  3] Received edge weights.
  [Client  1] Received edge weights.
  [Client  7] Received edge weights.
  [Client  5] Received edge weights.
  [Client  0] Received edge weights.
  [Client  4] Received edge weights.
  [Client  6] Received edge weights.
  [Client  8] Round 11 | Hier-pFedMe(λ2=35.0,K=10) | loss=0.0000
  [Client  2] Round 11 | Hier-pFedMe(λ2=35.0,K=10) | loss=0.0059
  [Client  9] Round 11 | Hier-pFedMe(λ2=35.0,K=10) | loss=0.0000
  [Client  3] Round 11 | Hier-pFedMe(λ2=35.0,K=10) | loss=0.0065
  [Client  1] Round 11 | Hier-pFedMe(λ2=35.0,K=10) | loss=0.0011
  [Client  7] Round 11 | Hier-pFedMe(λ2=35.0,K=10) | loss=0.0051
  [Client  5] Round 11 | Hier-pFedMe(λ2=35.0,K=10) | loss=0.0052
  [Client  0] Round 11 | Hier-pFedMe(λ2=35.0,K=10) | loss=0.0030
  [Client  4] Round 11 | Hier-pFedMe(λ2=35.0,K=10) | loss=0.0012
  [Client  6] Round 11 | Hier-pFedMe(λ2=35.0,K=10) | loss=0.0055
  [Edge 0] G11 | E4 | loss=0.0038
  [Edge 0] G11 | E5 | Hier-pFedMe | Selected 10/10
  [Client  2] Received edge weights.
  [Client  4] Received edge weights.
  [Client  6] Received edge weights.
  [Client  7] Received edge weights.
  [Client  9] Received edge weights.
  [Client  8] Received edge weights.
  [Client  5] Received edge weights.
  [Client  3] Received edge weights.
  [Client  1] Received edge weights.
  [Client  0] Received edge weights.
  [Client  2] Round 11 | Hier-pFedMe(λ2=35.0,K=10) | loss=0.0018
  [Client  4] Round 11 | Hier-pFedMe(λ2=35.0,K=10) | loss=0.0021
  [Client  6] Round 11 | Hier-pFedMe(λ2=35.0,K=10) | loss=0.0009
  [Client  7] Round 11 | Hier-pFedMe(λ2=35.0,K=10) | loss=0.0031
  [Client  9] Round 11 | Hier-pFedMe(λ2=35.0,K=10) | loss=0.0000
  [Client  8] Round 11 | Hier-pFedMe(λ2=35.0,K=10) | loss=0.0000
  [Client  5] Round 11 | Hier-pFedMe(λ2=35.0,K=10) | loss=0.0052
  [Client  3] Round 11 | Hier-pFedMe(λ2=35.0,K=10) | loss=0.0013
  [Client  1] Round 11 | Hier-pFedMe(λ2=35.0,K=10) | loss=0.0007
  [Client  0] Round 11 | Hier-pFedMe(λ2=35.0,K=10) | loss=0.0010
  [Edge 0] G11 | E5 | loss=0.0018
  [Edge 1] G11 | E1 | Hier-pFedMe | Selected 10/10
  [Client 13] Received edge weights.
  [Client 14] Received edge weights.
  [Client 16] Received edge weights.
  [Client 19] Received edge weights.
  [Client 10] Received edge weights.
  [Client 12] Received edge weights.
  [Client 11] Received edge weights.
  [Client 15] Received edge weights.
  [Client 18] Received edge weights.
  [Client 17] Received edge weights.
  [Client 14] Round 11 | Hier-pFedMe(λ2=35.0,K=10) | loss=0.0008
  [Client 19] Round 11 | Hier-pFedMe(λ2=35.0,K=10) | loss=0.0018
  [Client 16] Round 11 | Hier-pFedMe(λ2=35.0,K=10) | loss=0.0009
  [Client 13] Round 11 | Hier-pFedMe(λ2=35.0,K=10) | loss=0.0026
  [Client 10] Round 11 | Hier-pFedMe(λ2=35.0,K=10) | loss=0.0031
  [Client 12] Round 11 | Hier-pFedMe(λ2=35.0,K=10) | loss=0.0011
  [Client 11] Round 11 | Hier-pFedMe(λ2=35.0,K=10) | loss=0.0007
  [Client 15] Round 11 | Hier-pFedMe(λ2=35.0,K=10) | loss=0.0016
  [Client 18] Round 11 | Hier-pFedMe(λ2=35.0,K=10) | loss=0.0023
  [Client 17] Round 11 | Hier-pFedMe(λ2=35.0,K=10) | loss=0.0070
  [Edge 1] G11 | E1 | loss=0.0022
  [Edge 1] G11 | E2 | Hier-pFedMe | Selected 10/10
  [Client 16] Received edge weights.
  [Client 14] Received edge weights.
  [Client 18] Received edge weights.
  [Client 10] Received edge weights.
  [Client 12] Received edge weights.
  [Client 11] Received edge weights.
  [Client 13] Received edge weights.
  [Client 19] Received edge weights.
  [Client 15] Received edge weights.
  [Client 17] Received edge weights.
  [Client 18] Round 11 | Hier-pFedMe(λ2=35.0,K=10) | loss=0.0012
  [Client 14] Round 11 | Hier-pFedMe(λ2=35.0,K=10) | loss=0.0017
  [Client 10] Round 11 | Hier-pFedMe(λ2=35.0,K=10) | loss=0.0036
  [Client 16] Round 11 | Hier-pFedMe(λ2=35.0,K=10) | loss=0.0003
  [Client 11] Round 11 | Hier-pFedMe(λ2=35.0,K=10) | loss=0.0011
  [Client 12] Round 11 | Hier-pFedMe(λ2=35.0,K=10) | loss=0.0012
  [Client 13] Round 11 | Hier-pFedMe(λ2=35.0,K=10) | loss=0.0018
  [Client 19] Round 11 | Hier-pFedMe(λ2=35.0,K=10) | loss=0.0016
  [Client 15] Round 11 | Hier-pFedMe(λ2=35.0,K=10) | loss=0.0023
  [Client 17] Round 11 | Hier-pFedMe(λ2=35.0,K=10) | loss=0.0004
  [Edge 1] G11 | E2 | loss=0.0015
  [Edge 1] G11 | E3 | Hier-pFedMe | Selected 10/10
  [Client 15] Received edge weights.
  [Client 18] Received edge weights.
  [Client 13] Received edge weights.
  [Client 17] Received edge weights.
  [Client 16] Received edge weights.
  [Client 12] Received edge weights.
  [Client 19] Received edge weights.
  [Client 10] Received edge weights.
  [Client 11] Received edge weights.
  [Client 14] Received edge weights.
  [Client 18] Round 11 | Hier-pFedMe(λ2=35.0,K=10) | loss=0.0022
  [Client 17] Round 11 | Hier-pFedMe(λ2=35.0,K=10) | loss=0.0017
  [Client 13] Round 11 | Hier-pFedMe(λ2=35.0,K=10) | loss=0.0009
  [Client 15] Round 11 | Hier-pFedMe(λ2=35.0,K=10) | loss=0.0027
  [Client 16] Round 11 | Hier-pFedMe(λ2=35.0,K=10) | loss=0.0025
  [Client 12] Round 11 | Hier-pFedMe(λ2=35.0,K=10) | loss=0.0031
  [Client 19] Round 11 | Hier-pFedMe(λ2=35.0,K=10) | loss=0.0011
  [Client 10] Round 11 | Hier-pFedMe(λ2=35.0,K=10) | loss=0.0021
  [Client 11] Round 11 | Hier-pFedMe(λ2=35.0,K=10) | loss=0.0014
  [Client 14] Round 11 | Hier-pFedMe(λ2=35.0,K=10) | loss=0.0017
  [Edge 1] G11 | E3 | loss=0.0020
  [Edge 1] G11 | E4 | Hier-pFedMe | Selected 10/10
  [Client 11] Received edge weights.
  [Client 10] Received edge weights.
  [Client 19] Received edge weights.
  [Client 17] Received edge weights.
  [Client 15] Received edge weights.
  [Client 16] Received edge weights.
  [Client 12] Received edge weights.
  [Client 13] Received edge weights.
  [Client 14] Received edge weights.
  [Client 18] Received edge weights.
  [Client 10] Round 11 | Hier-pFedMe(λ2=35.0,K=10) | loss=0.0043
  [Client 11] Round 11 | Hier-pFedMe(λ2=35.0,K=10) | loss=0.0010
  [Client 17] Round 11 | Hier-pFedMe(λ2=35.0,K=10) | loss=0.0024
  [Client 19] Round 11 | Hier-pFedMe(λ2=35.0,K=10) | loss=0.0013
  [Client 15] Round 11 | Hier-pFedMe(λ2=35.0,K=10) | loss=0.0029
  [Client 16] Round 11 | Hier-pFedMe(λ2=35.0,K=10) | loss=0.0025
  [Client 12] Round 11 | Hier-pFedMe(λ2=35.0,K=10) | loss=0.0012
  [Client 13] Round 11 | Hier-pFedMe(λ2=35.0,K=10) | loss=0.0034
  [Client 14] Round 11 | Hier-pFedMe(λ2=35.0,K=10) | loss=0.0018
  [Client 18] Round 11 | Hier-pFedMe(λ2=35.0,K=10) | loss=0.0113
  [Edge 1] G11 | E4 | loss=0.0032
  [Edge 1] G11 | E5 | Hier-pFedMe | Selected 10/10
  [Client 11] Received edge weights.
  [Client 14] Received edge weights.
  [Client 18] Received edge weights.
  [Client 15] Received edge weights.
  [Client 12] Received edge weights.
  [Client 17] Received edge weights.
  [Client 10] Received edge weights.
  [Client 13] Received edge weights.
  [Client 16] Received edge weights.
  [Client 19] Received edge weights.
  [Client 18] Round 11 | Hier-pFedMe(λ2=35.0,K=10) | loss=0.0023
  [Client 14] Round 11 | Hier-pFedMe(λ2=35.0,K=10) | loss=0.0008
  [Client 11] Round 11 | Hier-pFedMe(λ2=35.0,K=10) | loss=0.0020
  [Client 15] Round 11 | Hier-pFedMe(λ2=35.0,K=10) | loss=0.0035
  [Client 12] Round 11 | Hier-pFedMe(λ2=35.0,K=10) | loss=0.0029
  [Client 17] Round 11 | Hier-pFedMe(λ2=35.0,K=10) | loss=0.0076
  [Client 10] Round 11 | Hier-pFedMe(λ2=35.0,K=10) | loss=0.0005
  [Client 13] Round 11 | Hier-pFedMe(λ2=35.0,K=10) | loss=0.0040
  [Client 16] Round 11 | Hier-pFedMe(λ2=35.0,K=10) | loss=0.0025
  [Client 19] Round 11 | Hier-pFedMe(λ2=35.0,K=10) | loss=0.0024
  [Edge 1] G11 | E5 | loss=0.0028
[C0] eval model[0] mean=-0.002885 | θ̃ mean=-0.002885 | edge mean=-0.003190 |local ref=-0.002883
[C0] n=1000 | classes=[3, 6] | acc=0.6940 | per_class={3: '0.84', 6: '0.55'}
[C1] eval model[0] mean=-0.002944 | θ̃ mean=-0.002944 | edge mean=-0.003190 |local ref=-0.002943
[C1] n=1000 | classes=[3, 6] | acc=0.6800 | per_class={3: '0.58', 6: '0.78'}
[C2] eval model[0] mean=-0.003470 | θ̃ mean=-0.003470 | edge mean=-0.003190 |local ref=-0.003472
[C2] n=1000 | classes=[2, 5] | acc=0.6820 | per_class={2: '0.87', 5: '0.49'}
[C3] eval model[0] mean=-0.003251 | θ̃ mean=-0.003251 | edge mean=-0.003190 |local ref=-0.003253
[C3] n=1000 | classes=[5, 7] | acc=0.6400 | per_class={5: '0.41', 7: '0.87'}
[C4] eval model[0] mean=-0.003138 | θ̃ mean=-0.003138 | edge mean=-0.003190 |local ref=-0.003136
[C4] n=1000 | classes=[2, 7] | acc=0.7320 | per_class={2: '0.77', 7: '0.69'}
[C5] eval model[0] mean=-0.003047 | θ̃ mean=-0.003047 | edge mean=-0.003190 |local ref=-0.003040
[C5] n=1000 | classes=[2, 4] | acc=0.5500 | per_class={2: '0.91', 4: '0.18'}
[C6] eval model[0] mean=-0.003003 | θ̃ mean=-0.003003 | edge mean=-0.003190 |local ref=-0.003002
[C6] n=1000 | classes=[6, 7] | acc=0.6980 | per_class={6: '0.43', 7: '0.96'}
[C7] eval model[0] mean=-0.003900 | θ̃ mean=-0.003900 | edge mean=-0.003190 |local ref=-0.003896
[C7] n=1000 | classes=[3, 5] | acc=0.5220 | per_class={3: '0.58', 5: '0.46'}
[C8] eval model[0] mean=-0.002098 | θ̃ mean=-0.002098 | edge mean=-0.003190 |local ref=-0.002099
[C8] n=500 | classes=[4] | acc=1.0000 | per_class={4: '1.00'}
[C9] eval model[0] mean=-0.002332 | θ̃ mean=-0.002332 | edge mean=-0.003190 |local ref=-0.002332
[C9] n=500 | classes=[4] | acc=1.0000 | per_class={4: '1.00'}
[C10] eval model[0] mean=-0.002747 | θ̃ mean=-0.002747 | edge mean=-0.002997 |local ref=-0.002745
[C10] n=600 | classes=[8, 9] | acc=0.7800 | per_class={8: '0.87', 9: '0.70'}
[C11] eval model[0] mean=-0.002441 | θ̃ mean=-0.002441 | edge mean=-0.002997 |local ref=-0.002439
[C11] n=600 | classes=[0, 1] | acc=0.6867 | per_class={0: '0.87', 1: '0.51'}
[C12] eval model[0] mean=-0.001804 | θ̃ mean=-0.001804 | edge mean=-0.002997 |local ref=-0.001798
[C12] n=600 | classes=[1, 8] | acc=0.7833 | per_class={1: '0.90', 8: '0.66'}
[C13] eval model[0] mean=-0.003035 | θ̃ mean=-0.003035 | edge mean=-0.002997 |local ref=-0.003029
[C13] n=600 | classes=[0, 8] | acc=0.5800 | per_class={0: '0.93', 8: '0.20'}
[C14] eval model[0] mean=-0.003262 | θ̃ mean=-0.003262 | edge mean=-0.002997 |local ref=-0.003263
[C14] n=600 | classes=[0, 9] | acc=0.8050 | per_class={0: '0.90', 9: '0.71'}
[C15] eval model[0] mean=-0.003271 | θ̃ mean=-0.003271 | edge mean=-0.002997 |local ref=-0.003274
[C15] n=600 | classes=[0, 8] | acc=0.6683 | per_class={0: '0.46', 8: '0.88'}
[C16] eval model[0] mean=-0.003745 | θ̃ mean=-0.003745 | edge mean=-0.002997 |local ref=-0.003744
[C16] n=600 | classes=[1, 8] | acc=0.6550 | per_class={1: '0.99', 8: '0.34'}
[C17] eval model[0] mean=-0.002595 | θ̃ mean=-0.002595 | edge mean=-0.002997 |local ref=-0.002592
[C17] n=600 | classes=[1, 9] | acc=0.4950 | per_class={1: '0.97', 9: '0.05'}
[C18] eval model[0] mean=-0.002619 | θ̃ mean=-0.002619 | edge mean=-0.002997 |local ref=-0.002617
[C18] n=600 | classes=[1, 9] | acc=0.5983 | per_class={1: '0.42', 9: '0.80'}
[C19] eval model[0] mean=-0.004410 | θ̃ mean=-0.004410 | edge mean=-0.002997 |local ref=-0.004411
[C19] n=600 | classes=[0, 9] | acc=0.5883 | per_class={0: '0.95', 9: '0.26'}
  [Cloud] GM=0.3221 | EM=0.3434 PM=0.6788 | loss=1.9511 | time=48.2s | comm=4556.2MB (total=50118MB)

[Round  12] Broadcasting to 2 edges...
  [Edge 0] W_n reset to global weights for new round.
  [Edge 1] W_n reset to global weights for new round.
  [Edge 0] G12 | E1 | Hier-pFedMe | Selected 10/10
  [Client  5] Received edge weights.
  [Client  8] Received edge weights.
  [Client  9] Received edge weights.
  [Client  0] Received edge weights.
  [Client  7] Received edge weights.
  [Client  1] Received edge weights.
  [Client  4] Received edge weights.
  [Client  6] Received edge weights.
  [Client  2] Received edge weights.
  [Client  3] Received edge weights.
  [Client  8] Round 12 | Hier-pFedMe(λ2=35.0,K=10) | loss=0.0000
  [Client  9] Round 12 | Hier-pFedMe(λ2=35.0,K=10) | loss=0.0000
  [Client  0] Round 12 | Hier-pFedMe(λ2=35.0,K=10) | loss=0.0007
  [Client  5] Round 12 | Hier-pFedMe(λ2=35.0,K=10) | loss=0.0050
  [Client  7] Round 12 | Hier-pFedMe(λ2=35.0,K=10) | loss=0.0023
  [Client  1] Round 12 | Hier-pFedMe(λ2=35.0,K=10) | loss=0.0019  [Client  6] Round 12 | Hier-pFedMe(λ2=35.0,K=10) | loss=0.0015

  [Client  4] Round 12 | Hier-pFedMe(λ2=35.0,K=10) | loss=0.0010
  [Client  2] Round 12 | Hier-pFedMe(λ2=35.0,K=10) | loss=0.0011
  [Client  3] Round 12 | Hier-pFedMe(λ2=35.0,K=10) | loss=0.0004
  [Edge 0] G12 | E1 | loss=0.0015
  [Edge 0] G12 | E2 | Hier-pFedMe | Selected 10/10
  [Client  9] Received edge weights.
  [Client  0] Received edge weights.
  [Client  4] Received edge weights.
  [Client  8] Received edge weights.
  [Client  7] Received edge weights.
  [Client  2] Received edge weights.
  [Client  1] Received edge weights.
  [Client  5] Received edge weights.
  [Client  6] Received edge weights.
  [Client  3] Received edge weights.
  [Client  9] Round 12 | Hier-pFedMe(λ2=35.0,K=10) | loss=0.0000
  [Client  0] Round 12 | Hier-pFedMe(λ2=35.0,K=10) | loss=0.0029
  [Client  4] Round 12 | Hier-pFedMe(λ2=35.0,K=10) | loss=0.0038  [Client  8] Round 12 | Hier-pFedMe(λ2=35.0,K=10) | loss=0.0000

  [Client  7] Round 12 | Hier-pFedMe(λ2=35.0,K=10) | loss=0.0016
  [Client  2] Round 12 | Hier-pFedMe(λ2=35.0,K=10) | loss=0.0006
  [Client  1] Round 12 | Hier-pFedMe(λ2=35.0,K=10) | loss=0.0040
  [Client  5] Round 12 | Hier-pFedMe(λ2=35.0,K=10) | loss=0.0023
  [Client  6] Round 12 | Hier-pFedMe(λ2=35.0,K=10) | loss=0.0005
  [Client  3] Round 12 | Hier-pFedMe(λ2=35.0,K=10) | loss=0.0012
  [Edge 0] G12 | E2 | loss=0.0019
  [Edge 0] G12 | E3 | Hier-pFedMe | Selected 10/10
  [Client  3] Received edge weights.
  [Client  4] Received edge weights.
  [Client  2] Received edge weights.
  [Client  0] Received edge weights.
  [Client  8] Received edge weights.
  [Client  7] Received edge weights.
  [Client  1] Received edge weights.
  [Client  9] Received edge weights.
  [Client  6] Received edge weights.
  [Client  5] Received edge weights.
  [Client  2] Round 12 | Hier-pFedMe(λ2=35.0,K=10) | loss=0.0024
  [Client  3] Round 12 | Hier-pFedMe(λ2=35.0,K=10) | loss=0.0008
  [Client  4] Round 12 | Hier-pFedMe(λ2=35.0,K=10) | loss=0.0009
  [Client  0] Round 12 | Hier-pFedMe(λ2=35.0,K=10) | loss=0.0011
  [Client  8] Round 12 | Hier-pFedMe(λ2=35.0,K=10) | loss=0.0000
  [Client  7] Round 12 | Hier-pFedMe(λ2=35.0,K=10) | loss=0.0045
  [Client  1] Round 12 | Hier-pFedMe(λ2=35.0,K=10) | loss=0.0029
  [Client  9] Round 12 | Hier-pFedMe(λ2=35.0,K=10) | loss=0.0000
  [Client  6] Round 12 | Hier-pFedMe(λ2=35.0,K=10) | loss=0.0011
  [Client  5] Round 12 | Hier-pFedMe(λ2=35.0,K=10) | loss=0.0028
  [Edge 0] G12 | E3 | loss=0.0018
  [Edge 0] G12 | E4 | Hier-pFedMe | Selected 10/10
  [Client  5] Received edge weights.
  [Client  6] Received edge weights.
  [Client  1] Received edge weights.
  [Client  0] Received edge weights.
  [Client  3] Received edge weights.
  [Client  2] Received edge weights.
  [Client  7] Received edge weights.
  [Client  4] Received edge weights.
  [Client  9] Received edge weights.
  [Client  8] Received edge weights.
  [Client  5] Round 12 | Hier-pFedMe(λ2=35.0,K=10) | loss=0.0023
  [Client  1] Round 12 | Hier-pFedMe(λ2=35.0,K=10) | loss=0.0009
  [Client  0] Round 12 | Hier-pFedMe(λ2=35.0,K=10) | loss=0.0022
  [Client  6] Round 12 | Hier-pFedMe(λ2=35.0,K=10) | loss=0.0007
  [Client  2] Round 12 | Hier-pFedMe(λ2=35.0,K=10) | loss=0.0030
  [Client  3] Round 12 | Hier-pFedMe(λ2=35.0,K=10) | loss=0.0026
  [Client  7] Round 12 | Hier-pFedMe(λ2=35.0,K=10) | loss=0.0007
  [Client  4] Round 12 | Hier-pFedMe(λ2=35.0,K=10) | loss=0.0031
  [Client  9] Round 12 | Hier-pFedMe(λ2=35.0,K=10) | loss=0.0000
  [Client  8] Round 12 | Hier-pFedMe(λ2=35.0,K=10) | loss=0.0000
  [Edge 0] G12 | E4 | loss=0.0017
  [Edge 0] G12 | E5 | Hier-pFedMe | Selected 10/10
  [Client  5] Received edge weights.
  [Client  1] Received edge weights.
  [Client  9] Received edge weights.
  [Client  4] Received edge weights.
  [Client  7] Received edge weights.
  [Client  8] Received edge weights.
  [Client  6] Received edge weights.
  [Client  0] Received edge weights.
  [Client  3] Received edge weights.
  [Client  2] Received edge weights.
  [Client  1] Round 12 | Hier-pFedMe(λ2=35.0,K=10) | loss=0.0012  [Client  5] Round 12 | Hier-pFedMe(λ2=35.0,K=10) | loss=0.0029

  [Client  9] Round 12 | Hier-pFedMe(λ2=35.0,K=10) | loss=0.0000
  [Client  4] Round 12 | Hier-pFedMe(λ2=35.0,K=10) | loss=0.0021
  [Client  7] Round 12 | Hier-pFedMe(λ2=35.0,K=10) | loss=0.0029
  [Client  8] Round 12 | Hier-pFedMe(λ2=35.0,K=10) | loss=0.0000
  [Client  6] Round 12 | Hier-pFedMe(λ2=35.0,K=10) | loss=0.0022
  [Client  0] Round 12 | Hier-pFedMe(λ2=35.0,K=10) | loss=0.0005
  [Client  3] Round 12 | Hier-pFedMe(λ2=35.0,K=10) | loss=0.0017
  [Client  2] Round 12 | Hier-pFedMe(λ2=35.0,K=10) | loss=0.0008
  [Edge 0] G12 | E5 | loss=0.0016
  [Edge 1] G12 | E1 | Hier-pFedMe | Selected 10/10
  [Client 14] Received edge weights.
  [Client 10] Received edge weights.
  [Client 18] Received edge weights.
  [Client 13] Received edge weights.
  [Client 15] Received edge weights.
  [Client 17] Received edge weights.
  [Client 19] Received edge weights.
  [Client 12] Received edge weights.
  [Client 11] Received edge weights.
  [Client 16] Received edge weights.
  [Client 14] Round 12 | Hier-pFedMe(λ2=35.0,K=10) | loss=0.0029
  [Client 10] Round 12 | Hier-pFedMe(λ2=35.0,K=10) | loss=0.0005
  [Client 18] Round 12 | Hier-pFedMe(λ2=35.0,K=10) | loss=0.0028
  [Client 13] Round 12 | Hier-pFedMe(λ2=35.0,K=10) | loss=0.0032
  [Client 15] Round 12 | Hier-pFedMe(λ2=35.0,K=10) | loss=0.0018
  [Client 17] Round 12 | Hier-pFedMe(λ2=35.0,K=10) | loss=0.0029
  [Client 19] Round 12 | Hier-pFedMe(λ2=35.0,K=10) | loss=0.0005
  [Client 12] Round 12 | Hier-pFedMe(λ2=35.0,K=10) | loss=0.0020
  [Client 11] Round 12 | Hier-pFedMe(λ2=35.0,K=10) | loss=0.0013
  [Client 16] Round 12 | Hier-pFedMe(λ2=35.0,K=10) | loss=0.0011
  [Edge 1] G12 | E1 | loss=0.0019
  [Edge 1] G12 | E2 | Hier-pFedMe | Selected 10/10
  [Client 13] Received edge weights.
  [Client 11] Received edge weights.
  [Client 19] Received edge weights.
  [Client 15] Received edge weights.
  [Client 18] Received edge weights.
  [Client 14] Received edge weights.
  [Client 12] Received edge weights.
  [Client 10] Received edge weights.
  [Client 16] Received edge weights.
  [Client 17] Received edge weights.
  [Client 11] Round 12 | Hier-pFedMe(λ2=35.0,K=10) | loss=0.0007
  [Client 13] Round 12 | Hier-pFedMe(λ2=35.0,K=10) | loss=0.0020
  [Client 19] Round 12 | Hier-pFedMe(λ2=35.0,K=10) | loss=0.0017
  [Client 15] Round 12 | Hier-pFedMe(λ2=35.0,K=10) | loss=0.0011
  [Client 18] Round 12 | Hier-pFedMe(λ2=35.0,K=10) | loss=0.0040
  [Client 14] Round 12 | Hier-pFedMe(λ2=35.0,K=10) | loss=0.0001
  [Client 12] Round 12 | Hier-pFedMe(λ2=35.0,K=10) | loss=0.0011
  [Client 10] Round 12 | Hier-pFedMe(λ2=35.0,K=10) | loss=0.0007
  [Client 16] Round 12 | Hier-pFedMe(λ2=35.0,K=10) | loss=0.0017
  [Client 17] Round 12 | Hier-pFedMe(λ2=35.0,K=10) | loss=0.0012
  [Edge 1] G12 | E2 | loss=0.0014
  [Edge 1] G12 | E3 | Hier-pFedMe | Selected 10/10
  [Client 13] Received edge weights.
  [Client 12] Received edge weights.
  [Client 14] Received edge weights.
  [Client 10] Received edge weights.
  [Client 18] Received edge weights.
  [Client 19] Received edge weights.
  [Client 16] Received edge weights.
  [Client 15] Received edge weights.
  [Client 17] Received edge weights.
  [Client 11] Received edge weights.
  [Client 14] Round 12 | Hier-pFedMe(λ2=35.0,K=10) | loss=0.0020
  [Client 10] Round 12 | Hier-pFedMe(λ2=35.0,K=10) | loss=0.0023
  [Client 13] Round 12 | Hier-pFedMe(λ2=35.0,K=10) | loss=0.0052
  [Client 12] Round 12 | Hier-pFedMe(λ2=35.0,K=10) | loss=0.0018
  [Client 18] Round 12 | Hier-pFedMe(λ2=35.0,K=10) | loss=0.0013
  [Client 19] Round 12 | Hier-pFedMe(λ2=35.0,K=10) | loss=0.0008
  [Client 16] Round 12 | Hier-pFedMe(λ2=35.0,K=10) | loss=0.0026
  [Client 15] Round 12 | Hier-pFedMe(λ2=35.0,K=10) | loss=0.0036
  [Client 17] Round 12 | Hier-pFedMe(λ2=35.0,K=10) | loss=0.0019
  [Client 11] Round 12 | Hier-pFedMe(λ2=35.0,K=10) | loss=0.0008
  [Edge 1] G12 | E3 | loss=0.0022
  [Edge 1] G12 | E4 | Hier-pFedMe | Selected 10/10
  [Client 13] Received edge weights.
  [Client 15] Received edge weights.
  [Client 11] Received edge weights.
  [Client 17] Received edge weights.
  [Client 19] Received edge weights.
  [Client 14] Received edge weights.
  [Client 18] Received edge weights.
  [Client 10] Received edge weights.
  [Client 12] Received edge weights.
  [Client 16] Received edge weights.
  [Client 17] Round 12 | Hier-pFedMe(λ2=35.0,K=10) | loss=0.0031
  [Client 15] Round 12 | Hier-pFedMe(λ2=35.0,K=10) | loss=0.0028
  [Client 13] Round 12 | Hier-pFedMe(λ2=35.0,K=10) | loss=0.0027
  [Client 11] Round 12 | Hier-pFedMe(λ2=35.0,K=10) | loss=0.0005
  [Client 19] Round 12 | Hier-pFedMe(λ2=35.0,K=10) | loss=0.0032
  [Client 14] Round 12 | Hier-pFedMe(λ2=35.0,K=10) | loss=0.0019
  [Client 18] Round 12 | Hier-pFedMe(λ2=35.0,K=10) | loss=0.0019
  [Client 10] Round 12 | Hier-pFedMe(λ2=35.0,K=10) | loss=0.0020
  [Client 12] Round 12 | Hier-pFedMe(λ2=35.0,K=10) | loss=0.0030
  [Client 16] Round 12 | Hier-pFedMe(λ2=35.0,K=10) | loss=0.0025
  [Edge 1] G12 | E4 | loss=0.0024
  [Edge 1] G12 | E5 | Hier-pFedMe | Selected 10/10
  [Client 16] Received edge weights.
  [Client 18] Received edge weights.
  [Client 13] Received edge weights.
  [Client 15] Received edge weights.
  [Client 17] Received edge weights.
  [Client 11] Received edge weights.
  [Client 10] Received edge weights.
  [Client 19] Received edge weights.
  [Client 12] Received edge weights.
  [Client 14] Received edge weights.
  [Client 16] Round 12 | Hier-pFedMe(λ2=35.0,K=10) | loss=0.0034
  [Client 13] Round 12 | Hier-pFedMe(λ2=35.0,K=10) | loss=0.0017
  [Client 18] Round 12 | Hier-pFedMe(λ2=35.0,K=10) | loss=0.0027  [Client 15] Round 12 | Hier-pFedMe(λ2=35.0,K=10) | loss=0.0013

  [Client 17] Round 12 | Hier-pFedMe(λ2=35.0,K=10) | loss=0.0020
  [Client 11] Round 12 | Hier-pFedMe(λ2=35.0,K=10) | loss=0.0015
  [Client 19] Round 12 | Hier-pFedMe(λ2=35.0,K=10) | loss=0.0027
  [Client 10] Round 12 | Hier-pFedMe(λ2=35.0,K=10) | loss=0.0023
  [Client 12] Round 12 | Hier-pFedMe(λ2=35.0,K=10) | loss=0.0012
  [Client 14] Round 12 | Hier-pFedMe(λ2=35.0,K=10) | loss=0.0033
  [Edge 1] G12 | E5 | loss=0.0022
