This job can be monitored from: https://job.c3se.chalmers.se/alvis/6634294
========================================
Job ID      : 6634294
Job Name    : HierFLcifar10
Node        : alvis6-02
Start Time  : Fri May 15 03:13:20 CEST 2026
Working Dir : /cephyr/users/ziangg/Alvis/tf-dpfl
========================================
[Setup] Python: /cephyr/users/ziangg/Alvis/tf-dpfl/bin/python
[Setup] TF version: 2.15.1
[Setup] GPU available: [PhysicalDevice(name='/physical_device:GPU:0', device_type='GPU')]
[Config] Override: wandb.enabled = True
[Setup] Random seed: 42
[Setup] Loading dataset...
[Data] CIFAR-10 from Mimer: /mimer/NOBACKUP/Datasets/CIFAR
[Setup] Building global model...
Model: "net_cnn"
_________________________________________________________________
 Layer (type)                Output Shape              Param #   
=================================================================
 input_1 (InputLayer)        [(None, 32, 32, 3)]       0         
                                                                 
 conv2d (Conv2D)             (None, 31, 31, 16)        208       
                                                                 
 max_pooling2d (MaxPooling2  (None, 30, 30, 16)        0         
 D)                                                              
                                                                 
 dropout (Dropout)           (None, 30, 30, 16)        0         
                                                                 
 conv2d_1 (Conv2D)           (None, 29, 29, 32)        2080      
                                                                 
 max_pooling2d_1 (MaxPoolin  (None, 28, 28, 32)        0         
 g2D)                                                            
                                                                 
 dropout_1 (Dropout)         (None, 28, 28, 32)        0         
                                                                 
 flatten (Flatten)           (None, 25088)             0         
                                                                 
 dense (Dense)               (None, 128)               3211392   
                                                                 
 dense_1 (Dense)             (None, 10)                1290      
                                                                 
=================================================================
Total params: 3214970 (12.26 MB)
Trainable params: 3214970 (12.26 MB)
Non-trainable params: 0 (0.00 Byte)
_________________________________________________________________
[Setup] Building clients...

[Superclass-aware partition] 2 edges, 2 classes/client

  Edge 0 (class pool: [2, 3, 4, 5, 6, 7]):
  Client       Samples    Classes held                        Out-of-pool?
  ---------------------------------------------------------------------------
  client_0     4000       [3, 6]                              OK
  client_1     4000       [3, 6]                              OK
  client_2     4000       [2, 5]                              OK
  client_3     4000       [5, 7]                              OK
  client_4     4000       [2, 7]                              OK
  client_5     4000       [2, 4]                              OK
  client_6     4000       [6, 7]                              OK
  client_7     4000       [3, 5]                              OK
  client_8     2000       [4]                                 OK
  client_9     2000       [4]                                 OK

  Edge 1 (class pool: [0, 1, 8, 9]):
  Client       Samples    Classes held                        Out-of-pool?
  ---------------------------------------------------------------------------
  client_10    2400       [8, 9]                              OK
  client_11    2400       [0, 1]                              OK
  client_12    2400       [1, 8]                              OK
  client_13    2400       [0, 8]                              OK
  client_14    2400       [0, 9]                              OK
  client_15    2400       [0, 8]                              OK
  client_16    2400       [1, 8]                              OK
  client_17    2400       [1, 9]                              OK
  client_18    2400       [1, 9]                              OK
  client_19    2400       [0, 9]                              OK

[Train/Test split] 20 clients | avg train=2250, avg test=750 samples (ratio=0.25)
[Setup] 20 clients built (superclass_pathological) | per-client test sets injected
[Setup] Building edge servers...
[Assignment] Using pre-baked superclass assignments | 2 edges
[EdgeServer 0] 10 clients | 27000 samples
[EdgeServer 1] 10 clients | 18000 samples

[Setup] Built 2 edge servers (strategy=superclass_baked)
  Edge 0: 10 clients | 27000 samples
  Edge 1: 10 clients | 18000 samples
[Setup] Building per-edge test datasets (superclass-aware)...
  [Test split] Edge 0: 6000 test samples (6 classes)
  [Test split] Edge 1: 4000 test samples (4 classes)
[CloudServer] 2 edges | model: 12.26 MB

====================================================
 HierFAVG Training Start
====================================================

[Round   1] Broadcasting to 2 edges...
  [Edge 0] G1 | E1 | Hier-pFedMe | Selected 10/10
  [Client  6] Round 1 | Hier-pFedMe(λ2=35.0,K=3) | loss=8.6508
  [Client  9] Round 1 | Hier-pFedMe(λ2=35.0,K=3) | loss=0.0000
  [Client  8] Round 1 | Hier-pFedMe(λ2=35.0,K=3) | loss=0.0000
  [Client  3] Round 1 | Hier-pFedMe(λ2=35.0,K=3) | loss=24.0007
  [Client  1] Round 1 | Hier-pFedMe(λ2=35.0,K=3) | loss=11.5658
  [Client  7] Round 1 | Hier-pFedMe(λ2=35.0,K=3) | loss=13.5391
  [Client  4] Round 1 | Hier-pFedMe(λ2=35.0,K=3) | loss=11.1533
  [Client  0] Round 1 | Hier-pFedMe(λ2=35.0,K=3) | loss=15.8406
  [Client  5] Round 1 | Hier-pFedMe(λ2=35.0,K=3) | loss=6.1940
  [Client  2] Round 1 | Hier-pFedMe(λ2=35.0,K=3) | loss=9.2810
  [Edge 0] G1 | E1 | loss=11.1362
  [Edge 0] G1 | E2 | Hier-pFedMe | Selected 10/10
  [Client  9] Round 1 | Hier-pFedMe(λ2=35.0,K=3) | loss=1.1447
  [Client  3] Round 1 | Hier-pFedMe(λ2=35.0,K=3) | loss=2.3041
  [Client  7] Round 1 | Hier-pFedMe(λ2=35.0,K=3) | loss=1.9075
  [Client  0] Round 1 | Hier-pFedMe(λ2=35.0,K=3) | loss=1.9803
  [Client  6] Round 1 | Hier-pFedMe(λ2=35.0,K=3) | loss=1.9980
  [Client  4] Round 1 | Hier-pFedMe(λ2=35.0,K=3) | loss=1.7991
  [Client  2] Round 1 | Hier-pFedMe(λ2=35.0,K=3) | loss=2.1559
  [Client  8] Round 1 | Hier-pFedMe(λ2=35.0,K=3) | loss=1.8995
  [Client  5] Round 1 | Hier-pFedMe(λ2=35.0,K=3) | loss=1.8612
  [Client  1] Round 1 | Hier-pFedMe(λ2=35.0,K=3) | loss=2.2567
  [Edge 0] G1 | E2 | loss=1.9761
  [Edge 0] G1 | E3 | Hier-pFedMe | Selected 10/10
  [Client  9] Round 1 | Hier-pFedMe(λ2=35.0,K=3) | loss=0.0778
  [Client  6] Round 1 | Hier-pFedMe(λ2=35.0,K=3) | loss=1.9722
  [Client  7] Round 1 | Hier-pFedMe(λ2=35.0,K=3) | loss=0.8337
  [Client  8] Round 1 | Hier-pFedMe(λ2=35.0,K=3) | loss=0.1897
  [Client  1] Round 1 | Hier-pFedMe(λ2=35.0,K=3) | loss=1.1466
  [Client  4] Round 1 | Hier-pFedMe(λ2=35.0,K=3) | loss=1.5321
  [Client  0] Round 1 | Hier-pFedMe(λ2=35.0,K=3) | loss=2.2695
  [Client  3] Round 1 | Hier-pFedMe(λ2=35.0,K=3) | loss=2.8155
  [Client  5] Round 1 | Hier-pFedMe(λ2=35.0,K=3) | loss=1.0026
  [Client  2] Round 1 | Hier-pFedMe(λ2=35.0,K=3) | loss=3.6076
  [Edge 0] G1 | E3 | loss=1.7015
  [Edge 0] G1 | E4 | Hier-pFedMe | Selected 10/10
  [Client  0] Round 1 | Hier-pFedMe(λ2=35.0,K=3) | loss=1.7569
  [Client  6] Round 1 | Hier-pFedMe(λ2=35.0,K=3) | loss=1.7066
  [Client  9] Round 1 | Hier-pFedMe(λ2=35.0,K=3) | loss=0.6533
  [Client  8] Round 1 | Hier-pFedMe(λ2=35.0,K=3) | loss=0.1130
  [Client  3] Round 1 | Hier-pFedMe(λ2=35.0,K=3) | loss=2.2238
  [Client  7] Round 1 | Hier-pFedMe(λ2=35.0,K=3) | loss=2.0817
  [Client  5] Round 1 | Hier-pFedMe(λ2=35.0,K=3) | loss=1.3101
  [Client  2] Round 1 | Hier-pFedMe(λ2=35.0,K=3) | loss=2.1578
  [Client  1] Round 1 | Hier-pFedMe(λ2=35.0,K=3) | loss=1.6938
  [Client  4] Round 1 | Hier-pFedMe(λ2=35.0,K=3) | loss=1.7126
  [Edge 0] G1 | E4 | loss=1.6696
  [Edge 0] G1 | E5 | Hier-pFedMe | Selected 10/10
  [Client  1] Round 1 | Hier-pFedMe(λ2=35.0,K=3) | loss=0.8924
  [Client  8] Round 1 | Hier-pFedMe(λ2=35.0,K=3) | loss=0.1847
  [Client  7] Round 1 | Hier-pFedMe(λ2=35.0,K=3) | loss=0.9041
  [Client  4] Round 1 | Hier-pFedMe(λ2=35.0,K=3) | loss=0.9093
  [Client  5] Round 1 | Hier-pFedMe(λ2=35.0,K=3) | loss=0.7555
  [Client  9] Round 1 | Hier-pFedMe(λ2=35.0,K=3) | loss=0.0399
  [Client  3] Round 1 | Hier-pFedMe(λ2=35.0,K=3) | loss=2.2741
  [Client  0] Round 1 | Hier-pFedMe(λ2=35.0,K=3) | loss=1.2745
  [Client  6] Round 1 | Hier-pFedMe(λ2=35.0,K=3) | loss=0.7669
  [Client  2] Round 1 | Hier-pFedMe(λ2=35.0,K=3) | loss=0.8063
  [Edge 0] G1 | E5 | loss=0.9662
  [Edge 1] G1 | E1 | Hier-pFedMe | Selected 10/10
  [Client 10] Round 1 | Hier-pFedMe(λ2=35.0,K=3) | loss=9.1930
  [Client 13] Round 1 | Hier-pFedMe(λ2=35.0,K=3) | loss=15.8422
  [Client 19] Round 1 | Hier-pFedMe(λ2=35.0,K=3) | loss=12.0256
  [Client 17] Round 1 | Hier-pFedMe(λ2=35.0,K=3) | loss=17.5302
  [Client 12] Round 1 | Hier-pFedMe(λ2=35.0,K=3) | loss=20.3603
  [Client 14] Round 1 | Hier-pFedMe(λ2=35.0,K=3) | loss=15.0763
  [Client 15] Round 1 | Hier-pFedMe(λ2=35.0,K=3) | loss=11.8030
  [Client 11] Round 1 | Hier-pFedMe(λ2=35.0,K=3) | loss=9.1336
  [Client 16] Round 1 | Hier-pFedMe(λ2=35.0,K=3) | loss=12.6377
  [Client 18] Round 1 | Hier-pFedMe(λ2=35.0,K=3) | loss=12.6608
  [Edge 1] G1 | E1 | loss=13.6263
  [Edge 1] G1 | E2 | Hier-pFedMe | Selected 10/10
  [Client 16] Round 1 | Hier-pFedMe(λ2=35.0,K=3) | loss=2.1995
  [Client 11] Round 1 | Hier-pFedMe(λ2=35.0,K=3) | loss=1.9002
  [Client 19] Round 1 | Hier-pFedMe(λ2=35.0,K=3) | loss=2.3931
  [Client 15] Round 1 | Hier-pFedMe(λ2=35.0,K=3) | loss=2.4150
  [Client 18] Round 1 | Hier-pFedMe(λ2=35.0,K=3) | loss=2.3396
  [Client 17] Round 1 | Hier-pFedMe(λ2=35.0,K=3) | loss=1.9920
  [Client 12] Round 1 | Hier-pFedMe(λ2=35.0,K=3) | loss=2.2838
  [Client 14] Round 1 | Hier-pFedMe(λ2=35.0,K=3) | loss=2.3367
  [Client 13] Round 1 | Hier-pFedMe(λ2=35.0,K=3) | loss=2.1382
  [Client 10] Round 1 | Hier-pFedMe(λ2=35.0,K=3) | loss=2.0968
  [Edge 1] G1 | E2 | loss=2.2095
  [Edge 1] G1 | E3 | Hier-pFedMe | Selected 10/10
  [Client 14] Round 1 | Hier-pFedMe(λ2=35.0,K=3) | loss=3.3115
  [Client 12] Round 1 | Hier-pFedMe(λ2=35.0,K=3) | loss=3.7348  [Client 10] Round 1 | Hier-pFedMe(λ2=35.0,K=3) | loss=0.6390

  [Client 15] Round 1 | Hier-pFedMe(λ2=35.0,K=3) | loss=0.8483
  [Client 18] Round 1 | Hier-pFedMe(λ2=35.0,K=3) | loss=2.9931
  [Client 11] Round 1 | Hier-pFedMe(λ2=35.0,K=3) | loss=1.2463
  [Client 16] Round 1 | Hier-pFedMe(λ2=35.0,K=3) | loss=1.0525
  [Client 13] Round 1 | Hier-pFedMe(λ2=35.0,K=3) | loss=0.9706
  [Client 17] Round 1 | Hier-pFedMe(λ2=35.0,K=3) | loss=3.9776
  [Client 19] Round 1 | Hier-pFedMe(λ2=35.0,K=3) | loss=1.1615
  [Edge 1] G1 | E3 | loss=1.9935
  [Edge 1] G1 | E4 | Hier-pFedMe | Selected 10/10
  [Client 18] Round 1 | Hier-pFedMe(λ2=35.0,K=3) | loss=2.1787
  [Client 14] Round 1 | Hier-pFedMe(λ2=35.0,K=3) | loss=2.1914
  [Client 12] Round 1 | Hier-pFedMe(λ2=35.0,K=3) | loss=2.0436
  [Client 15] Round 1 | Hier-pFedMe(λ2=35.0,K=3) | loss=1.8278
  [Client 10] Round 1 | Hier-pFedMe(λ2=35.0,K=3) | loss=2.0958
  [Client 13] Round 1 | Hier-pFedMe(λ2=35.0,K=3) | loss=1.9552
  [Client 11] Round 1 | Hier-pFedMe(λ2=35.0,K=3) | loss=1.3563
  [Client 16] Round 1 | Hier-pFedMe(λ2=35.0,K=3) | loss=1.1173
  [Client 19] Round 1 | Hier-pFedMe(λ2=35.0,K=3) | loss=1.8877
  [Client 17] Round 1 | Hier-pFedMe(λ2=35.0,K=3) | loss=2.1631
  [Edge 1] G1 | E4 | loss=1.8817
  [Edge 1] G1 | E5 | Hier-pFedMe | Selected 10/10
  [Client 18] Round 1 | Hier-pFedMe(λ2=35.0,K=3) | loss=0.8926
  [Client 16] Round 1 | Hier-pFedMe(λ2=35.0,K=3) | loss=0.7652
  [Client 13] Round 1 | Hier-pFedMe(λ2=35.0,K=3) | loss=0.8753
  [Client 19] Round 1 | Hier-pFedMe(λ2=35.0,K=3) | loss=0.9517
  [Client 17] Round 1 | Hier-pFedMe(λ2=35.0,K=3) | loss=0.7986
  [Client 15] Round 1 | Hier-pFedMe(λ2=35.0,K=3) | loss=0.7556
  [Client 14] Round 1 | Hier-pFedMe(λ2=35.0,K=3) | loss=1.3160
  [Client 12] Round 1 | Hier-pFedMe(λ2=35.0,K=3) | loss=0.8746
  [Client 11] Round 1 | Hier-pFedMe(λ2=35.0,K=3) | loss=0.9637
  [Client 10] Round 1 | Hier-pFedMe(λ2=35.0,K=3) | loss=1.0371
  [Edge 1] G1 | E5 | loss=0.9230
[C0] eval model[0] mean=0.004332 | θ̃ mean=0.004332 | edge mean=0.005191
[C0] n=1000 | classes=[3, 6] | acc=0.4890 | per_class={3: '0.00', 6: '1.00'}
[C1] eval model[0] mean=0.005604 | θ̃ mean=0.005604 | edge mean=0.005191
[C1] n=1000 | classes=[3, 6] | acc=0.5150 | per_class={3: '1.00', 6: '0.00'}
[C2] eval model[0] mean=0.005007 | θ̃ mean=0.005007 | edge mean=0.005191
[C2] n=1000 | classes=[2, 5] | acc=0.4930 | per_class={2: '0.00', 5: '1.00'}
[C3] eval model[0] mean=0.003988 | θ̃ mean=0.003988 | edge mean=0.005191
[C3] n=1000 | classes=[5, 7] | acc=0.4940 | per_class={5: '0.00', 7: '1.00'}
[C4] eval model[0] mean=0.004470 | θ̃ mean=0.004470 | edge mean=0.005191
[C4] n=1000 | classes=[2, 7] | acc=0.5100 | per_class={2: '0.05', 7: '0.99'}
[C5] eval model[0] mean=0.004821 | θ̃ mean=0.004821 | edge mean=0.005191
[C5] n=1000 | classes=[2, 4] | acc=0.5100 | per_class={2: '1.00', 4: '0.00'}
[C6] eval model[0] mean=0.004624 | θ̃ mean=0.004624 | edge mean=0.005191
[C6] n=1000 | classes=[6, 7] | acc=0.5590 | per_class={6: '0.37', 7: '0.75'}
[C7] eval model[0] mean=0.004863 | θ̃ mean=0.004863 | edge mean=0.005191
[C7] n=1000 | classes=[3, 5] | acc=0.4850 | per_class={3: '1.00', 5: '0.00'}
[C8] eval model[0] mean=0.003813 | θ̃ mean=0.003813 | edge mean=0.005191
[C8] n=500 | classes=[4] | acc=1.0000 | per_class={4: '1.00'}
[C9] eval model[0] mean=0.004659 | θ̃ mean=0.004659 | edge mean=0.005191
[C9] n=500 | classes=[4] | acc=1.0000 | per_class={4: '1.00'}
[C10] eval model[0] mean=-0.001082 | θ̃ mean=-0.001082 | edge mean=-0.000947
[C10] n=600 | classes=[8, 9] | acc=0.6917 | per_class={8: '0.43', 9: '0.94'}
[C11] eval model[0] mean=-0.000871 | θ̃ mean=-0.000871 | edge mean=-0.000947
[C11] n=600 | classes=[0, 1] | acc=0.5417 | per_class={0: '0.96', 1: '0.12'}
[C12] eval model[0] mean=-0.001516 | θ̃ mean=-0.001516 | edge mean=-0.000947
[C12] n=600 | classes=[1, 8] | acc=0.5083 | per_class={1: '0.05', 8: '1.00'}
[C13] eval model[0] mean=-0.000364 | θ̃ mean=-0.000364 | edge mean=-0.000947
[C13] n=600 | classes=[0, 8] | acc=0.5183 | per_class={0: '1.00', 8: '0.00'}
[C14] eval model[0] mean=0.001170 | θ̃ mean=0.001170 | edge mean=-0.000947
[C14] n=600 | classes=[0, 9] | acc=0.5300 | per_class={0: '0.96', 9: '0.08'}
[C15] eval model[0] mean=0.001009 | θ̃ mean=0.001009 | edge mean=-0.000947
[C15] n=600 | classes=[0, 8] | acc=0.5000 | per_class={0: '0.03', 8: '0.99'}
[C16] eval model[0] mean=-0.001400 | θ̃ mean=-0.001400 | edge mean=-0.000947
[C16] n=600 | classes=[1, 8] | acc=0.5383 | per_class={1: '0.05', 8: '1.00'}
[C17] eval model[0] mean=-0.001545 | θ̃ mean=-0.001545 | edge mean=-0.000947
[C17] n=600 | classes=[1, 9] | acc=0.5183 | per_class={1: '0.00', 9: '1.00'}
[C18] eval model[0] mean=-0.001492 | θ̃ mean=-0.001492 | edge mean=-0.000947
[C18] n=600 | classes=[1, 9] | acc=0.5250 | per_class={1: '1.00', 9: '0.00'}
[C19] eval model[0] mean=0.000122 | θ̃ mean=0.000122 | edge mean=-0.000947
[C19] n=600 | classes=[0, 9] | acc=0.5783 | per_class={0: '0.84', 9: '0.34'}
  [Cloud] GM=0.1243 | EM=0.2244 PM=0.5550 | loss=2.3019 | time=29.6s | comm=2501.9MB (total=2502MB)

[Round   2] Broadcasting to 2 edges...
  [Edge 0] G2 | E1 | Hier-pFedMe | Selected 10/10
  [Client  2] Round 2 | Hier-pFedMe(λ2=35.0,K=3) | loss=1.8883  [Client  9] Round 2 | Hier-pFedMe(λ2=35.0,K=3) | loss=1.7935
  [Client  6] Round 2 | Hier-pFedMe(λ2=35.0,K=3) | loss=1.9261
  [Client  8] Round 2 | Hier-pFedMe(λ2=35.0,K=3) | loss=0.1948

  [Client  5] Round 2 | Hier-pFedMe(λ2=35.0,K=3) | loss=1.4202
  [Client  1] Round 2 | Hier-pFedMe(λ2=35.0,K=3) | loss=1.8525
  [Client  4] Round 2 | Hier-pFedMe(λ2=35.0,K=3) | loss=1.7105
  [Client  0] Round 2 | Hier-pFedMe(λ2=35.0,K=3) | loss=2.0078
  [Client  7] Round 2 | Hier-pFedMe(λ2=35.0,K=3) | loss=1.7318
  [Client  3] Round 2 | Hier-pFedMe(λ2=35.0,K=3) | loss=1.8426
  [Edge 0] G2 | E1 | loss=1.7082
  [Edge 0] G2 | E2 | Hier-pFedMe | Selected 10/10
  [Client  1] Round 2 | Hier-pFedMe(λ2=35.0,K=3) | loss=0.8935
  [Client  5] Round 2 | Hier-pFedMe(λ2=35.0,K=3) | loss=0.7097  [Client  6] Round 2 | Hier-pFedMe(λ2=35.0,K=3) | loss=0.6361  [Client  8] Round 2 | Hier-pFedMe(λ2=35.0,K=3) | loss=0.1300


  [Client  4] Round 2 | Hier-pFedMe(λ2=35.0,K=3) | loss=0.7655  [Client  3] Round 2 | Hier-pFedMe(λ2=35.0,K=3) | loss=0.8479

  [Client  0] Round 2 | Hier-pFedMe(λ2=35.0,K=3) | loss=0.7624
  [Client  7] Round 2 | Hier-pFedMe(λ2=35.0,K=3) | loss=0.8751
  [Client  9] Round 2 | Hier-pFedMe(λ2=35.0,K=3) | loss=0.0377
  [Client  2] Round 2 | Hier-pFedMe(λ2=35.0,K=3) | loss=1.0664
  [Edge 0] G2 | E2 | loss=0.7378
  [Edge 0] G2 | E3 | Hier-pFedMe | Selected 10/10
  [Client  8] Round 2 | Hier-pFedMe(λ2=35.0,K=3) | loss=0.1087  [Client  3] Round 2 | Hier-pFedMe(λ2=35.0,K=3) | loss=1.1085
  [Client  6] Round 2 | Hier-pFedMe(λ2=35.0,K=3) | loss=0.8852

  [Client  1] Round 2 | Hier-pFedMe(λ2=35.0,K=3) | loss=0.8322
  [Client  9] Round 2 | Hier-pFedMe(λ2=35.0,K=3) | loss=0.2138
  [Client  0] Round 2 | Hier-pFedMe(λ2=35.0,K=3) | loss=0.6522
  [Client  5] Round 2 | Hier-pFedMe(λ2=35.0,K=3) | loss=0.9052
  [Client  4] Round 2 | Hier-pFedMe(λ2=35.0,K=3) | loss=0.9705
  [Client  7] Round 2 | Hier-pFedMe(λ2=35.0,K=3) | loss=1.0303
  [Client  2] Round 2 | Hier-pFedMe(λ2=35.0,K=3) | loss=1.0822
  [Edge 0] G2 | E3 | loss=0.8475
  [Edge 0] G2 | E4 | Hier-pFedMe | Selected 10/10
  [Client  5] Round 2 | Hier-pFedMe(λ2=35.0,K=3) | loss=0.6571
  [Client  1] Round 2 | Hier-pFedMe(λ2=35.0,K=3) | loss=0.7284  [Client  6] Round 2 | Hier-pFedMe(λ2=35.0,K=3) | loss=0.7454

  [Client  2] Round 2 | Hier-pFedMe(λ2=35.0,K=3) | loss=0.8156
  [Client  8] Round 2 | Hier-pFedMe(λ2=35.0,K=3) | loss=0.0480
  [Client  0] Round 2 | Hier-pFedMe(λ2=35.0,K=3) | loss=0.8235
  [Client  7] Round 2 | Hier-pFedMe(λ2=35.0,K=3) | loss=0.7509
  [Client  4] Round 2 | Hier-pFedMe(λ2=35.0,K=3) | loss=0.8695
  [Client  3] Round 2 | Hier-pFedMe(λ2=35.0,K=3) | loss=0.7421
  [Client  9] Round 2 | Hier-pFedMe(λ2=35.0,K=3) | loss=0.0424
  [Edge 0] G2 | E4 | loss=0.6864
  [Edge 0] G2 | E5 | Hier-pFedMe | Selected 10/10
  [Client  2] Round 2 | Hier-pFedMe(λ2=35.0,K=3) | loss=0.9192
  [Client  1] Round 2 | Hier-pFedMe(λ2=35.0,K=3) | loss=0.7048  [Client  5] Round 2 | Hier-pFedMe(λ2=35.0,K=3) | loss=0.7974  [Client  6] Round 2 | Hier-pFedMe(λ2=35.0,K=3) | loss=0.7339


  [Client  8] Round 2 | Hier-pFedMe(λ2=35.0,K=3) | loss=0.0620
  [Client  9] Round 2 | Hier-pFedMe(λ2=35.0,K=3) | loss=0.0946
  [Client  3] Round 2 | Hier-pFedMe(λ2=35.0,K=3) | loss=0.7607
  [Client  7] Round 2 | Hier-pFedMe(λ2=35.0,K=3) | loss=0.6954
  [Client  4] Round 2 | Hier-pFedMe(λ2=35.0,K=3) | loss=0.7519
  [Client  0] Round 2 | Hier-pFedMe(λ2=35.0,K=3) | loss=0.8009
  [Edge 0] G2 | E5 | loss=0.6936
  [Edge 1] G2 | E1 | Hier-pFedMe | Selected 10/10
  [Client 16] Round 2 | Hier-pFedMe(λ2=35.0,K=3) | loss=1.5145  [Client 14] Round 2 | Hier-pFedMe(λ2=35.0,K=3) | loss=1.6275
  [Client 11] Round 2 | Hier-pFedMe(λ2=35.0,K=3) | loss=1.3507

  [Client 17] Round 2 | Hier-pFedMe(λ2=35.0,K=3) | loss=1.5035
  [Client 13] Round 2 | Hier-pFedMe(λ2=35.0,K=3) | loss=1.4146
  [Client 19] Round 2 | Hier-pFedMe(λ2=35.0,K=3) | loss=1.2149
  [Client 12] Round 2 | Hier-pFedMe(λ2=35.0,K=3) | loss=2.0125
  [Client 10] Round 2 | Hier-pFedMe(λ2=35.0,K=3) | loss=1.2334
  [Client 15] Round 2 | Hier-pFedMe(λ2=35.0,K=3) | loss=0.9680
  [Client 18] Round 2 | Hier-pFedMe(λ2=35.0,K=3) | loss=1.3725
  [Edge 1] G2 | E1 | loss=1.4212
  [Edge 1] G2 | E2 | Hier-pFedMe | Selected 10/10
  [Client 11] Round 2 | Hier-pFedMe(λ2=35.0,K=3) | loss=0.6179  [Client 13] Round 2 | Hier-pFedMe(λ2=35.0,K=3) | loss=0.8577
  [Client 12] Round 2 | Hier-pFedMe(λ2=35.0,K=3) | loss=0.6577
  [Client 10] Round 2 | Hier-pFedMe(λ2=35.0,K=3) | loss=0.7627

  [Client 19] Round 2 | Hier-pFedMe(λ2=35.0,K=3) | loss=0.6969  [Client 17] Round 2 | Hier-pFedMe(λ2=35.0,K=3) | loss=1.2613

  [Client 16] Round 2 | Hier-pFedMe(λ2=35.0,K=3) | loss=0.5610  [Client 18] Round 2 | Hier-pFedMe(λ2=35.0,K=3) | loss=0.6927

  [Client 15] Round 2 | Hier-pFedMe(λ2=35.0,K=3) | loss=0.8772  [Client 14] Round 2 | Hier-pFedMe(λ2=35.0,K=3) | loss=0.6715

  [Edge 1] G2 | E2 | loss=0.7656
  [Edge 1] G2 | E3 | Hier-pFedMe | Selected 10/10
  [Client 13] Round 2 | Hier-pFedMe(λ2=35.0,K=3) | loss=0.8366
  [Client 12] Round 2 | Hier-pFedMe(λ2=35.0,K=3) | loss=0.9871  [Client 10] Round 2 | Hier-pFedMe(λ2=35.0,K=3) | loss=0.9007  [Client 14] Round 2 | Hier-pFedMe(λ2=35.0,K=3) | loss=0.6710


  [Client 17] Round 2 | Hier-pFedMe(λ2=35.0,K=3) | loss=1.3381
  [Client 18] Round 2 | Hier-pFedMe(λ2=35.0,K=3) | loss=0.9180
  [Client 16] Round 2 | Hier-pFedMe(λ2=35.0,K=3) | loss=0.6950
  [Client 19] Round 2 | Hier-pFedMe(λ2=35.0,K=3) | loss=0.8218
  [Client 15] Round 2 | Hier-pFedMe(λ2=35.0,K=3) | loss=0.8698
  [Client 11] Round 2 | Hier-pFedMe(λ2=35.0,K=3) | loss=0.9586
  [Edge 1] G2 | E3 | loss=0.8997
  [Edge 1] G2 | E4 | Hier-pFedMe | Selected 10/10
  [Client 11] Round 2 | Hier-pFedMe(λ2=35.0,K=3) | loss=0.8599  [Client 15] Round 2 | Hier-pFedMe(λ2=35.0,K=3) | loss=0.7435
  [Client 19] Round 2 | Hier-pFedMe(λ2=35.0,K=3) | loss=0.7909
  [Client 14] Round 2 | Hier-pFedMe(λ2=35.0,K=3) | loss=0.5929

  [Client 17] Round 2 | Hier-pFedMe(λ2=35.0,K=3) | loss=0.7843
  [Client 12] Round 2 | Hier-pFedMe(λ2=35.0,K=3) | loss=0.7266  [Client 10] Round 2 | Hier-pFedMe(λ2=35.0,K=3) | loss=0.8237

  [Client 13] Round 2 | Hier-pFedMe(λ2=35.0,K=3) | loss=0.5512
  [Client 16] Round 2 | Hier-pFedMe(λ2=35.0,K=3) | loss=0.5283
  [Client 18] Round 2 | Hier-pFedMe(λ2=35.0,K=3) | loss=1.1530
  [Edge 1] G2 | E4 | loss=0.7554
  [Edge 1] G2 | E5 | Hier-pFedMe | Selected 10/10
  [Client 14] Round 2 | Hier-pFedMe(λ2=35.0,K=3) | loss=0.6914
  [Client 11] Round 2 | Hier-pFedMe(λ2=35.0,K=3) | loss=0.7500  [Client 18] Round 2 | Hier-pFedMe(λ2=35.0,K=3) | loss=0.8258  [Client 13] Round 2 | Hier-pFedMe(λ2=35.0,K=3) | loss=0.9763


  [Client 17] Round 2 | Hier-pFedMe(λ2=35.0,K=3) | loss=0.8217
  [Client 16] Round 2 | Hier-pFedMe(λ2=35.0,K=3) | loss=0.7033
  [Client 10] Round 2 | Hier-pFedMe(λ2=35.0,K=3) | loss=0.6486
  [Client 15] Round 2 | Hier-pFedMe(λ2=35.0,K=3) | loss=0.6734
  [Client 19] Round 2 | Hier-pFedMe(λ2=35.0,K=3) | loss=0.6887
  [Client 12] Round 2 | Hier-pFedMe(λ2=35.0,K=3) | loss=0.7245
  [Edge 1] G2 | E5 | loss=0.7504
[C0] eval model[0] mean=0.001128 | θ̃ mean=0.001128 | edge mean=0.001043
[C0] n=1000 | classes=[3, 6] | acc=0.5110 | per_class={3: '1.00', 6: '0.00'}
[C1] eval model[0] mean=0.000198 | θ̃ mean=0.000198 | edge mean=0.001043
[C1] n=1000 | classes=[3, 6] | acc=0.4850 | per_class={3: '0.00', 6: '1.00'}
[C2] eval model[0] mean=0.000663 | θ̃ mean=0.000663 | edge mean=0.001043
[C2] n=1000 | classes=[2, 5] | acc=0.5090 | per_class={2: '1.00', 5: '0.00'}
[C3] eval model[0] mean=-0.000611 | θ̃ mean=-0.000611 | edge mean=0.001043
[C3] n=1000 | classes=[5, 7] | acc=0.5600 | per_class={5: '0.72', 7: '0.40'}
[C4] eval model[0] mean=0.001473 | θ̃ mean=0.001473 | edge mean=0.001043
[C4] n=1000 | classes=[2, 7] | acc=0.5010 | per_class={2: '0.98', 7: '0.01'}
[C5] eval model[0] mean=-0.000322 | θ̃ mean=-0.000322 | edge mean=0.001043
[C5] n=1000 | classes=[2, 4] | acc=0.4900 | per_class={2: '0.00', 4: '1.00'}
[C6] eval model[0] mean=0.000895 | θ̃ mean=0.000895 | edge mean=0.001043
[C6] n=1000 | classes=[6, 7] | acc=0.5070 | per_class={6: '0.00', 7: '1.00'}
[C7] eval model[0] mean=0.001163 | θ̃ mean=0.001163 | edge mean=0.001043
[C7] n=1000 | classes=[3, 5] | acc=0.5150 | per_class={3: '0.00', 5: '1.00'}
[C8] eval model[0] mean=0.000797 | θ̃ mean=0.000797 | edge mean=0.001043
[C8] n=500 | classes=[4] | acc=1.0000 | per_class={4: '1.00'}
[C9] eval model[0] mean=0.000128 | θ̃ mean=0.000128 | edge mean=0.001043
[C9] n=500 | classes=[4] | acc=1.0000 | per_class={4: '1.00'}
[C10] eval model[0] mean=0.001517 | θ̃ mean=0.001517 | edge mean=0.001807
[C10] n=600 | classes=[8, 9] | acc=0.7383 | per_class={8: '0.68', 9: '0.79'}
[C11] eval model[0] mean=0.001587 | θ̃ mean=0.001587 | edge mean=0.001807
[C11] n=600 | classes=[0, 1] | acc=0.6900 | per_class={0: '0.72', 1: '0.66'}
[C12] eval model[0] mean=0.001747 | θ̃ mean=0.001747 | edge mean=0.001807
[C12] n=600 | classes=[1, 8] | acc=0.5933 | per_class={1: '0.29', 8: '0.91'}
[C13] eval model[0] mean=0.002071 | θ̃ mean=0.002071 | edge mean=0.001807
[C13] n=600 | classes=[0, 8] | acc=0.4817 | per_class={0: '0.00', 8: '1.00'}
[C14] eval model[0] mean=0.001164 | θ̃ mean=0.001164 | edge mean=0.001807
[C14] n=600 | classes=[0, 9] | acc=0.6267 | per_class={0: '0.28', 9: '0.99'}
[C15] eval model[0] mean=0.001764 | θ̃ mean=0.001764 | edge mean=0.001807
[C15] n=600 | classes=[0, 8] | acc=0.5117 | per_class={0: '1.00', 8: '0.01'}
[C16] eval model[0] mean=0.002454 | θ̃ mean=0.002454 | edge mean=0.001807
[C16] n=600 | classes=[1, 8] | acc=0.7017 | per_class={1: '0.62', 8: '0.78'}
[C17] eval model[0] mean=0.001758 | θ̃ mean=0.001758 | edge mean=0.001807
[C17] n=600 | classes=[1, 9] | acc=0.5267 | per_class={1: '0.81', 9: '0.27'}
[C18] eval model[0] mean=0.001684 | θ̃ mean=0.001684 | edge mean=0.001807
[C18] n=600 | classes=[1, 9] | acc=0.5317 | per_class={1: '0.22', 9: '0.88'}
[C19] eval model[0] mean=0.001295 | θ̃ mean=0.001295 | edge mean=0.001807
[C19] n=600 | classes=[0, 9] | acc=0.6617 | per_class={0: '0.30', 9: '0.99'}
  [Cloud] GM=0.1568 | EM=0.2318 PM=0.5811 | loss=2.2643 | time=17.4s | comm=2501.9MB (total=5004MB)

[Round   3] Broadcasting to 2 edges...
  [Edge 0] G3 | E1 | Hier-pFedMe | Selected 10/10
  [Client  6] Round 3 | Hier-pFedMe(λ2=35.0,K=3) | loss=0.6519  [Client  4] Round 3 | Hier-pFedMe(λ2=35.0,K=3) | loss=0.8882  [Client  9] Round 3 | Hier-pFedMe(λ2=35.0,K=3) | loss=0.0475


  [Client  3] Round 3 | Hier-pFedMe(λ2=35.0,K=3) | loss=0.7115
  [Client  5] Round 3 | Hier-pFedMe(λ2=35.0,K=3) | loss=0.7019
  [Client  1] Round 3 | Hier-pFedMe(λ2=35.0,K=3) | loss=0.7089
  [Client  0] Round 3 | Hier-pFedMe(λ2=35.0,K=3) | loss=0.7688
  [Client  7] Round 3 | Hier-pFedMe(λ2=35.0,K=3) | loss=0.8590
  [Client  8] Round 3 | Hier-pFedMe(λ2=35.0,K=3) | loss=0.1034
  [Client  2] Round 3 | Hier-pFedMe(λ2=35.0,K=3) | loss=0.7230
  [Edge 0] G3 | E1 | loss=0.6765
  [Edge 0] G3 | E2 | Hier-pFedMe | Selected 10/10
  [Client  4] Round 3 | Hier-pFedMe(λ2=35.0,K=3) | loss=0.6917  [Client  6] Round 3 | Hier-pFedMe(λ2=35.0,K=3) | loss=0.5901
  [Client  5] Round 3 | Hier-pFedMe(λ2=35.0,K=3) | loss=0.7196

  [Client  9] Round 3 | Hier-pFedMe(λ2=35.0,K=3) | loss=0.0354
  [Client  7] Round 3 | Hier-pFedMe(λ2=35.0,K=3) | loss=0.9359
  [Client  1] Round 3 | Hier-pFedMe(λ2=35.0,K=3) | loss=0.6648  [Client  8] Round 3 | Hier-pFedMe(λ2=35.0,K=3) | loss=0.0393

  [Client  0] Round 3 | Hier-pFedMe(λ2=35.0,K=3) | loss=0.6988
  [Client  3] Round 3 | Hier-pFedMe(λ2=35.0,K=3) | loss=0.8647
  [Client  2] Round 3 | Hier-pFedMe(λ2=35.0,K=3) | loss=0.8863
  [Edge 0] G3 | E2 | loss=0.6766
  [Edge 0] G3 | E3 | Hier-pFedMe | Selected 10/10
  [Client  7] Round 3 | Hier-pFedMe(λ2=35.0,K=3) | loss=0.7303
  [Client  6] Round 3 | Hier-pFedMe(λ2=35.0,K=3) | loss=0.6300
  [Client  9] Round 3 | Hier-pFedMe(λ2=35.0,K=3) | loss=0.0349  [Client  5] Round 3 | Hier-pFedMe(λ2=35.0,K=3) | loss=0.8949

  [Client  4] Round 3 | Hier-pFedMe(λ2=35.0,K=3) | loss=0.8109
  [Client  1] Round 3 | Hier-pFedMe(λ2=35.0,K=3) | loss=0.6640  [Client  2] Round 3 | Hier-pFedMe(λ2=35.0,K=3) | loss=0.7845

  [Client  0] Round 3 | Hier-pFedMe(λ2=35.0,K=3) | loss=0.5343
  [Client  3] Round 3 | Hier-pFedMe(λ2=35.0,K=3) | loss=0.7994
  [Client  8] Round 3 | Hier-pFedMe(λ2=35.0,K=3) | loss=0.0542
  [Edge 0] G3 | E3 | loss=0.6548
  [Edge 0] G3 | E4 | Hier-pFedMe | Selected 10/10
  [Client  8] Round 3 | Hier-pFedMe(λ2=35.0,K=3) | loss=0.0363
  [Client  0] Round 3 | Hier-pFedMe(λ2=35.0,K=3) | loss=0.6412  [Client  7] Round 3 | Hier-pFedMe(λ2=35.0,K=3) | loss=0.5766
  [Client  1] Round 3 | Hier-pFedMe(λ2=35.0,K=3) | loss=0.9319

  [Client  2] Round 3 | Hier-pFedMe(λ2=35.0,K=3) | loss=0.9110
  [Client  3] Round 3 | Hier-pFedMe(λ2=35.0,K=3) | loss=0.8107
  [Client  9] Round 3 | Hier-pFedMe(λ2=35.0,K=3) | loss=0.0445
  [Client  6] Round 3 | Hier-pFedMe(λ2=35.0,K=3) | loss=0.7655
  [Client  5] Round 3 | Hier-pFedMe(λ2=35.0,K=3) | loss=0.9346
  [Client  4] Round 3 | Hier-pFedMe(λ2=35.0,K=3) | loss=0.7407
  [Edge 0] G3 | E4 | loss=0.7058
  [Edge 0] G3 | E5 | Hier-pFedMe | Selected 10/10
  [Client  4] Round 3 | Hier-pFedMe(λ2=35.0,K=3) | loss=0.7059  [Client  5] Round 3 | Hier-pFedMe(λ2=35.0,K=3) | loss=0.9187  [Client  9] Round 3 | Hier-pFedMe(λ2=35.0,K=3) | loss=0.0248


  [Client  0] Round 3 | Hier-pFedMe(λ2=35.0,K=3) | loss=0.6301
  [Client  3] Round 3 | Hier-pFedMe(λ2=35.0,K=3) | loss=0.5352
  [Client  7] Round 3 | Hier-pFedMe(λ2=35.0,K=3) | loss=0.7017
  [Client  2] Round 3 | Hier-pFedMe(λ2=35.0,K=3) | loss=0.7965  [Client  6] Round 3 | Hier-pFedMe(λ2=35.0,K=3) | loss=0.7611

  [Client  1] Round 3 | Hier-pFedMe(λ2=35.0,K=3) | loss=0.6652
  [Client  8] Round 3 | Hier-pFedMe(λ2=35.0,K=3) | loss=0.0352
  [Edge 0] G3 | E5 | loss=0.6383
  [Edge 1] G3 | E1 | Hier-pFedMe | Selected 10/10
  [Client 11] Round 3 | Hier-pFedMe(λ2=35.0,K=3) | loss=0.5614  [Client 17] Round 3 | Hier-pFedMe(λ2=35.0,K=3) | loss=0.7959
  [Client 12] Round 3 | Hier-pFedMe(λ2=35.0,K=3) | loss=0.5380
  [Client 18] Round 3 | Hier-pFedMe(λ2=35.0,K=3) | loss=0.5050

  [Client 10] Round 3 | Hier-pFedMe(λ2=35.0,K=3) | loss=0.5905
  [Client 15] Round 3 | Hier-pFedMe(λ2=35.0,K=3) | loss=0.8266
  [Client 19] Round 3 | Hier-pFedMe(λ2=35.0,K=3) | loss=0.5783  [Client 13] Round 3 | Hier-pFedMe(λ2=35.0,K=3) | loss=0.8581

  [Client 14] Round 3 | Hier-pFedMe(λ2=35.0,K=3) | loss=0.6812
  [Client 16] Round 3 | Hier-pFedMe(λ2=35.0,K=3) | loss=0.6240
  [Edge 1] G3 | E1 | loss=0.6559
  [Edge 1] G3 | E2 | Hier-pFedMe | Selected 10/10
  [Client 15] Round 3 | Hier-pFedMe(λ2=35.0,K=3) | loss=0.7349  [Client 13] Round 3 | Hier-pFedMe(λ2=35.0,K=3) | loss=0.6163

  [Client 10] Round 3 | Hier-pFedMe(λ2=35.0,K=3) | loss=0.4415  [Client 12] Round 3 | Hier-pFedMe(λ2=35.0,K=3) | loss=0.7802

  [Client 17] Round 3 | Hier-pFedMe(λ2=35.0,K=3) | loss=0.7206  [Client 16] Round 3 | Hier-pFedMe(λ2=35.0,K=3) | loss=0.4854

  [Client 19] Round 3 | Hier-pFedMe(λ2=35.0,K=3) | loss=0.4933
  [Client 18] Round 3 | Hier-pFedMe(λ2=35.0,K=3) | loss=0.6399
  [Client 14] Round 3 | Hier-pFedMe(λ2=35.0,K=3) | loss=0.7746  [Client 11] Round 3 | Hier-pFedMe(λ2=35.0,K=3) | loss=0.7285

  [Edge 1] G3 | E2 | loss=0.6415
  [Edge 1] G3 | E3 | Hier-pFedMe | Selected 10/10
  [Client 15] Round 3 | Hier-pFedMe(λ2=35.0,K=3) | loss=0.8627
  [Client 17] Round 3 | Hier-pFedMe(λ2=35.0,K=3) | loss=0.9899  [Client 16] Round 3 | Hier-pFedMe(λ2=35.0,K=3) | loss=0.8327
  [Client 10] Round 3 | Hier-pFedMe(λ2=35.0,K=3) | loss=0.4989

  [Client 12] Round 3 | Hier-pFedMe(λ2=35.0,K=3) | loss=0.6473
  [Client 14] Round 3 | Hier-pFedMe(λ2=35.0,K=3) | loss=0.8484
  [Client 18] Round 3 | Hier-pFedMe(λ2=35.0,K=3) | loss=0.7338
  [Client 19] Round 3 | Hier-pFedMe(λ2=35.0,K=3) | loss=1.2619
  [Client 13] Round 3 | Hier-pFedMe(λ2=35.0,K=3) | loss=1.7637  [Client 11] Round 3 | Hier-pFedMe(λ2=35.0,K=3) | loss=1.1306

  [Edge 1] G3 | E3 | loss=0.9570
  [Edge 1] G3 | E4 | Hier-pFedMe | Selected 10/10
  [Client 19] Round 3 | Hier-pFedMe(λ2=35.0,K=3) | loss=0.8853
  [Client 13] Round 3 | Hier-pFedMe(λ2=35.0,K=3) | loss=1.1011
  [Client 10] Round 3 | Hier-pFedMe(λ2=35.0,K=3) | loss=0.4424
  [Client 15] Round 3 | Hier-pFedMe(λ2=35.0,K=3) | loss=0.8895
  [Client 17] Round 3 | Hier-pFedMe(λ2=35.0,K=3) | loss=1.1065
  [Client 16] Round 3 | Hier-pFedMe(λ2=35.0,K=3) | loss=0.6519
  [Client 12] Round 3 | Hier-pFedMe(λ2=35.0,K=3) | loss=0.4828
  [Client 11] Round 3 | Hier-pFedMe(λ2=35.0,K=3) | loss=0.7834
  [Client 14] Round 3 | Hier-pFedMe(λ2=35.0,K=3) | loss=0.5837
  [Client 18] Round 3 | Hier-pFedMe(λ2=35.0,K=3) | loss=0.5978
  [Edge 1] G3 | E4 | loss=0.7524
  [Edge 1] G3 | E5 | Hier-pFedMe | Selected 10/10
  [Client 12] Round 3 | Hier-pFedMe(λ2=35.0,K=3) | loss=1.3376  [Client 14] Round 3 | Hier-pFedMe(λ2=35.0,K=3) | loss=1.0215

  [Client 13] Round 3 | Hier-pFedMe(λ2=35.0,K=3) | loss=1.1770
  [Client 10] Round 3 | Hier-pFedMe(λ2=35.0,K=3) | loss=1.1840
  [Client 19] Round 3 | Hier-pFedMe(λ2=35.0,K=3) | loss=1.3104
  [Client 17] Round 3 | Hier-pFedMe(λ2=35.0,K=3) | loss=1.1885
  [Client 11] Round 3 | Hier-pFedMe(λ2=35.0,K=3) | loss=1.5954
  [Client 15] Round 3 | Hier-pFedMe(λ2=35.0,K=3) | loss=1.1247
  [Client 18] Round 3 | Hier-pFedMe(λ2=35.0,K=3) | loss=1.0779  [Client 16] Round 3 | Hier-pFedMe(λ2=35.0,K=3) | loss=1.0176

  [Edge 1] G3 | E5 | loss=1.2035
[C0] eval model[0] mean=0.000633 | θ̃ mean=0.000633 | edge mean=0.000791
[C0] n=1000 | classes=[3, 6] | acc=0.5450 | per_class={3: '0.16', 6: '0.95'}
[C1] eval model[0] mean=0.000852 | θ̃ mean=0.000852 | edge mean=0.000791
[C1] n=1000 | classes=[3, 6] | acc=0.5170 | per_class={3: '0.99', 6: '0.01'}
[C2] eval model[0] mean=0.000245 | θ̃ mean=0.000245 | edge mean=0.000791
[C2] n=1000 | classes=[2, 5] | acc=0.6180 | per_class={2: '0.47', 5: '0.77'}
[C3] eval model[0] mean=0.000735 | θ̃ mean=0.000735 | edge mean=0.000791
[C3] n=1000 | classes=[5, 7] | acc=0.5220 | per_class={5: '0.73', 7: '0.31'}
[C4] eval model[0] mean=0.000237 | θ̃ mean=0.000237 | edge mean=0.000791
[C4] n=1000 | classes=[2, 7] | acc=0.5420 | per_class={2: '0.13', 7: '0.97'}
[C5] eval model[0] mean=0.000978 | θ̃ mean=0.000978 | edge mean=0.000791
[C5] n=1000 | classes=[2, 4] | acc=0.5310 | per_class={2: '0.43', 4: '0.64'}
[C6] eval model[0] mean=0.001539 | θ̃ mean=0.001539 | edge mean=0.000791
[C6] n=1000 | classes=[6, 7] | acc=0.5500 | per_class={6: '0.11', 7: '0.98'}
[C7] eval model[0] mean=-0.000777 | θ̃ mean=-0.000777 | edge mean=0.000791
[C7] n=1000 | classes=[3, 5] | acc=0.4910 | per_class={3: '1.00', 5: '0.01'}
[C8] eval model[0] mean=0.000196 | θ̃ mean=0.000196 | edge mean=0.000791
[C8] n=500 | classes=[4] | acc=1.0000 | per_class={4: '1.00'}
[C9] eval model[0] mean=0.000569 | θ̃ mean=0.000569 | edge mean=0.000791
[C9] n=500 | classes=[4] | acc=1.0000 | per_class={4: '1.00'}
[C10] eval model[0] mean=0.000553 | θ̃ mean=0.000553 | edge mean=0.001092
[C10] n=600 | classes=[8, 9] | acc=0.5217 | per_class={8: '0.02', 9: '1.00'}
[C11] eval model[0] mean=0.000135 | θ̃ mean=0.000135 | edge mean=0.001092
[C11] n=600 | classes=[0, 1] | acc=0.6150 | per_class={0: '0.84', 1: '0.39'}
[C12] eval model[0] mean=0.000073 | θ̃ mean=0.000073 | edge mean=0.001092
[C12] n=600 | classes=[1, 8] | acc=0.5167 | per_class={1: '0.06', 8: '1.00'}
[C13] eval model[0] mean=0.000477 | θ̃ mean=0.000477 | edge mean=0.001092
[C13] n=600 | classes=[0, 8] | acc=0.5600 | per_class={0: '0.86', 8: '0.23'}
[C14] eval model[0] mean=0.000719 | θ̃ mean=0.000719 | edge mean=0.001092
[C14] n=600 | classes=[0, 9] | acc=0.5117 | per_class={0: '1.00', 9: '0.00'}
[C15] eval model[0] mean=0.000419 | θ̃ mean=0.000419 | edge mean=0.001092
[C15] n=600 | classes=[0, 8] | acc=0.4917 | per_class={0: '0.00', 8: '1.00'}
[C16] eval model[0] mean=0.000747 | θ̃ mean=0.000747 | edge mean=0.001092
[C16] n=600 | classes=[1, 8] | acc=0.4933 | per_class={1: '1.00', 8: '0.02'}
[C17] eval model[0] mean=0.001930 | θ̃ mean=0.001930 | edge mean=0.001092
[C17] n=600 | classes=[1, 9] | acc=0.5183 | per_class={1: '0.00', 9: '1.00'}
[C18] eval model[0] mean=0.001773 | θ̃ mean=0.001773 | edge mean=0.001092
[C18] n=600 | classes=[1, 9] | acc=0.5233 | per_class={1: '1.00', 9: '0.00'}
[C19] eval model[0] mean=0.001213 | θ̃ mean=0.001213 | edge mean=0.001092
[C19] n=600 | classes=[0, 9] | acc=0.6033 | per_class={0: '0.90', 9: '0.34'}
  [Cloud] GM=0.1979 | EM=0.2613 PM=0.5686 | loss=2.2198 | time=17.2s | comm=2501.9MB (total=7506MB)

[Round   4] Broadcasting to 2 edges...
  [Edge 0] G4 | E1 | Hier-pFedMe | Selected 10/10
  [Client  7] Round 4 | Hier-pFedMe(λ2=35.0,K=3) | loss=0.8189  [Client  5] Round 4 | Hier-pFedMe(λ2=35.0,K=3) | loss=0.9296  [Client  6] Round 4 | Hier-pFedMe(λ2=35.0,K=3) | loss=1.1969  [Client  2] Round 4 | Hier-pFedMe(λ2=35.0,K=3) | loss=0.8147



  [Client  1] Round 4 | Hier-pFedMe(λ2=35.0,K=3) | loss=1.2957
  [Client  0] Round 4 | Hier-pFedMe(λ2=35.0,K=3) | loss=0.7900  [Client  8] Round 4 | Hier-pFedMe(λ2=35.0,K=3) | loss=0.0576

  [Client  4] Round 4 | Hier-pFedMe(λ2=35.0,K=3) | loss=0.6511
  [Client  9] Round 4 | Hier-pFedMe(λ2=35.0,K=3) | loss=0.0481
  [Client  3] Round 4 | Hier-pFedMe(λ2=35.0,K=3) | loss=0.6957
  [Edge 0] G4 | E1 | loss=0.8050
  [Edge 0] G4 | E2 | Hier-pFedMe | Selected 10/10
  [Client  6] Round 4 | Hier-pFedMe(λ2=35.0,K=3) | loss=0.8481
  [Client  1] Round 4 | Hier-pFedMe(λ2=35.0,K=3) | loss=0.8160  [Client  2] Round 4 | Hier-pFedMe(λ2=35.0,K=3) | loss=0.8267

  [Client  4] Round 4 | Hier-pFedMe(λ2=35.0,K=3) | loss=0.7303
  [Client  3] Round 4 | Hier-pFedMe(λ2=35.0,K=3) | loss=0.6887
  [Client  5] Round 4 | Hier-pFedMe(λ2=35.0,K=3) | loss=0.6560  [Client  9] Round 4 | Hier-pFedMe(λ2=35.0,K=3) | loss=0.0572
  [Client  0] Round 4 | Hier-pFedMe(λ2=35.0,K=3) | loss=0.5128

  [Client  8] Round 4 | Hier-pFedMe(λ2=35.0,K=3) | loss=0.0442
  [Client  7] Round 4 | Hier-pFedMe(λ2=35.0,K=3) | loss=0.7866
  [Edge 0] G4 | E2 | loss=0.6573
  [Edge 0] G4 | E3 | Hier-pFedMe | Selected 10/10
  [Client  6] Round 4 | Hier-pFedMe(λ2=35.0,K=3) | loss=0.7904
  [Client  2] Round 4 | Hier-pFedMe(λ2=35.0,K=3) | loss=0.7872  [Client  8] Round 4 | Hier-pFedMe(λ2=35.0,K=3) | loss=0.0429  [Client  3] Round 4 | Hier-pFedMe(λ2=35.0,K=3) | loss=0.5655


  [Client  7] Round 4 | Hier-pFedMe(λ2=35.0,K=3) | loss=0.9693
  [Client  1] Round 4 | Hier-pFedMe(λ2=35.0,K=3) | loss=0.6508
  [Client  0] Round 4 | Hier-pFedMe(λ2=35.0,K=3) | loss=1.4986
  [Client  9] Round 4 | Hier-pFedMe(λ2=35.0,K=3) | loss=0.0280
  [Client  5] Round 4 | Hier-pFedMe(λ2=35.0,K=3) | loss=0.8414
  [Client  4] Round 4 | Hier-pFedMe(λ2=35.0,K=3) | loss=0.5339
  [Edge 0] G4 | E3 | loss=0.7414
  [Edge 0] G4 | E4 | Hier-pFedMe | Selected 10/10
  [Client  7] Round 4 | Hier-pFedMe(λ2=35.0,K=3) | loss=0.5859  [Client  4] Round 4 | Hier-pFedMe(λ2=35.0,K=3) | loss=0.9388
  [Client  2] Round 4 | Hier-pFedMe(λ2=35.0,K=3) | loss=0.6177
  [Client  9] Round 4 | Hier-pFedMe(λ2=35.0,K=3) | loss=0.0473

  [Client  0] Round 4 | Hier-pFedMe(λ2=35.0,K=3) | loss=0.8115
  [Client  6] Round 4 | Hier-pFedMe(λ2=35.0,K=3) | loss=0.6597
  [Client  1] Round 4 | Hier-pFedMe(λ2=35.0,K=3) | loss=0.6854
  [Client  3] Round 4 | Hier-pFedMe(λ2=35.0,K=3) | loss=0.5917
  [Client  8] Round 4 | Hier-pFedMe(λ2=35.0,K=3) | loss=0.0459  [Client  5] Round 4 | Hier-pFedMe(λ2=35.0,K=3) | loss=0.9550

  [Edge 0] G4 | E4 | loss=0.6547
  [Edge 0] G4 | E5 | Hier-pFedMe | Selected 10/10
  [Client  4] Round 4 | Hier-pFedMe(λ2=35.0,K=3) | loss=0.7913
  [Client  2] Round 4 | Hier-pFedMe(λ2=35.0,K=3) | loss=0.7025
  [Client  8] Round 4 | Hier-pFedMe(λ2=35.0,K=3) | loss=0.0211  [Client  1] Round 4 | Hier-pFedMe(λ2=35.0,K=3) | loss=0.9373

  [Client  5] Round 4 | Hier-pFedMe(λ2=35.0,K=3) | loss=0.7941
  [Client  9] Round 4 | Hier-pFedMe(λ2=35.0,K=3) | loss=0.0447
  [Client  0] Round 4 | Hier-pFedMe(λ2=35.0,K=3) | loss=0.6798  [Client  3] Round 4 | Hier-pFedMe(λ2=35.0,K=3) | loss=1.0917

  [Client  7] Round 4 | Hier-pFedMe(λ2=35.0,K=3) | loss=0.5260  [Client  6] Round 4 | Hier-pFedMe(λ2=35.0,K=3) | loss=0.7097

  [Edge 0] G4 | E5 | loss=0.6961
  [Edge 1] G4 | E1 | Hier-pFedMe | Selected 10/10
  [Client 17] Round 4 | Hier-pFedMe(λ2=35.0,K=3) | loss=0.9874
  [Client 10] Round 4 | Hier-pFedMe(λ2=35.0,K=3) | loss=0.7871
  [Client 14] Round 4 | Hier-pFedMe(λ2=35.0,K=3) | loss=0.6652  [Client 13] Round 4 | Hier-pFedMe(λ2=35.0,K=3) | loss=0.7121

  [Client 12] Round 4 | Hier-pFedMe(λ2=35.0,K=3) | loss=0.8970
  [Client 11] Round 4 | Hier-pFedMe(λ2=35.0,K=3) | loss=0.7479
  [Client 18] Round 4 | Hier-pFedMe(λ2=35.0,K=3) | loss=0.9478
  [Client 19] Round 4 | Hier-pFedMe(λ2=35.0,K=3) | loss=0.6899
  [Client 16] Round 4 | Hier-pFedMe(λ2=35.0,K=3) | loss=0.5424
  [Client 15] Round 4 | Hier-pFedMe(λ2=35.0,K=3) | loss=0.8568
  [Edge 1] G4 | E1 | loss=0.7834
  [Edge 1] G4 | E2 | Hier-pFedMe | Selected 10/10
  [Client 10] Round 4 | Hier-pFedMe(λ2=35.0,K=3) | loss=0.6558  [Client 11] Round 4 | Hier-pFedMe(λ2=35.0,K=3) | loss=1.5576
  [Client 16] Round 4 | Hier-pFedMe(λ2=35.0,K=3) | loss=0.5181
  [Client 17] Round 4 | Hier-pFedMe(λ2=35.0,K=3) | loss=1.2163

  [Client 19] Round 4 | Hier-pFedMe(λ2=35.0,K=3) | loss=1.4141
  [Client 15] Round 4 | Hier-pFedMe(λ2=35.0,K=3) | loss=0.7634  [Client 12] Round 4 | Hier-pFedMe(λ2=35.0,K=3) | loss=0.6651
  [Client 14] Round 4 | Hier-pFedMe(λ2=35.0,K=3) | loss=0.8964

  [Client 13] Round 4 | Hier-pFedMe(λ2=35.0,K=3) | loss=0.4714
  [Client 18] Round 4 | Hier-pFedMe(λ2=35.0,K=3) | loss=1.9720
  [Edge 1] G4 | E2 | loss=1.0130
  [Edge 1] G4 | E3 | Hier-pFedMe | Selected 10/10
  [Client 14] Round 4 | Hier-pFedMe(λ2=35.0,K=3) | loss=0.8176  [Client 18] Round 4 | Hier-pFedMe(λ2=35.0,K=3) | loss=0.7894

  [Client 12] Round 4 | Hier-pFedMe(λ2=35.0,K=3) | loss=1.1507
  [Client 10] Round 4 | Hier-pFedMe(λ2=35.0,K=3) | loss=0.6700
  [Client 16] Round 4 | Hier-pFedMe(λ2=35.0,K=3) | loss=0.6114
  [Client 17] Round 4 | Hier-pFedMe(λ2=35.0,K=3) | loss=0.7832
  [Client 19] Round 4 | Hier-pFedMe(λ2=35.0,K=3) | loss=0.9664  [Client 11] Round 4 | Hier-pFedMe(λ2=35.0,K=3) | loss=1.0514

  [Client 15] Round 4 | Hier-pFedMe(λ2=35.0,K=3) | loss=0.8510
  [Client 13] Round 4 | Hier-pFedMe(λ2=35.0,K=3) | loss=0.6844
  [Edge 1] G4 | E3 | loss=0.8376
  [Edge 1] G4 | E4 | Hier-pFedMe | Selected 10/10
  [Client 17] Round 4 | Hier-pFedMe(λ2=35.0,K=3) | loss=1.7292
  [Client 19] Round 4 | Hier-pFedMe(λ2=35.0,K=3) | loss=0.7826  [Client 14] Round 4 | Hier-pFedMe(λ2=35.0,K=3) | loss=0.7052  [Client 10] Round 4 | Hier-pFedMe(λ2=35.0,K=3) | loss=0.4557


  [Client 16] Round 4 | Hier-pFedMe(λ2=35.0,K=3) | loss=1.3717
  [Client 18] Round 4 | Hier-pFedMe(λ2=35.0,K=3) | loss=3.3333
  [Client 13] Round 4 | Hier-pFedMe(λ2=35.0,K=3) | loss=0.9971
  [Client 11] Round 4 | Hier-pFedMe(λ2=35.0,K=3) | loss=2.6698
  [Client 15] Round 4 | Hier-pFedMe(λ2=35.0,K=3) | loss=0.8285  [Client 12] Round 4 | Hier-pFedMe(λ2=35.0,K=3) | loss=0.9363

  [Edge 1] G4 | E4 | loss=1.3809
  [Edge 1] G4 | E5 | Hier-pFedMe | Selected 10/10
  [Client 11] Round 4 | Hier-pFedMe(λ2=35.0,K=3) | loss=0.9700
  [Client 14] Round 4 | Hier-pFedMe(λ2=35.0,K=3) | loss=0.5125  [Client 10] Round 4 | Hier-pFedMe(λ2=35.0,K=3) | loss=0.7413
  [Client 17] Round 4 | Hier-pFedMe(λ2=35.0,K=3) | loss=1.3026

  [Client 13] Round 4 | Hier-pFedMe(λ2=35.0,K=3) | loss=0.7606  [Client 18] Round 4 | Hier-pFedMe(λ2=35.0,K=3) | loss=1.7115
  [Client 15] Round 4 | Hier-pFedMe(λ2=35.0,K=3) | loss=0.7231

  [Client 19] Round 4 | Hier-pFedMe(λ2=35.0,K=3) | loss=0.4658
  [Client 16] Round 4 | Hier-pFedMe(λ2=35.0,K=3) | loss=0.7488  [Client 12] Round 4 | Hier-pFedMe(λ2=35.0,K=3) | loss=0.7241

  [Edge 1] G4 | E5 | loss=0.8660
[C0] eval model[0] mean=0.001424 | θ̃ mean=0.001424 | edge mean=0.000227
[C0] n=1000 | classes=[3, 6] | acc=0.5110 | per_class={3: '1.00', 6: '0.00'}
[C1] eval model[0] mean=0.002150 | θ̃ mean=0.002150 | edge mean=0.000227
[C1] n=1000 | classes=[3, 6] | acc=0.5150 | per_class={3: '1.00', 6: '0.00'}
[C2] eval model[0] mean=-0.000453 | θ̃ mean=-0.000453 | edge mean=0.000227
[C2] n=1000 | classes=[2, 5] | acc=0.5140 | per_class={2: '0.99', 5: '0.02'}
[C3] eval model[0] mean=0.000621 | θ̃ mean=0.000621 | edge mean=0.000227
[C3] n=1000 | classes=[5, 7] | acc=0.5160 | per_class={5: '0.07', 7: '0.98'}
[C4] eval model[0] mean=0.000702 | θ̃ mean=0.000702 | edge mean=0.000227
[C4] n=1000 | classes=[2, 7] | acc=0.5140 | per_class={2: '0.92', 7: '0.10'}
[C5] eval model[0] mean=0.000079 | θ̃ mean=0.000079 | edge mean=0.000227
[C5] n=1000 | classes=[2, 4] | acc=0.5100 | per_class={2: '1.00', 4: '0.00'}
[C6] eval model[0] mean=-0.000232 | θ̃ mean=-0.000232 | edge mean=0.000227
[C6] n=1000 | classes=[6, 7] | acc=0.4940 | per_class={6: '1.00', 7: '0.00'}
[C7] eval model[0] mean=0.000055 | θ̃ mean=0.000055 | edge mean=0.000227
[C7] n=1000 | classes=[3, 5] | acc=0.5200 | per_class={3: '0.03', 5: '0.98'}
[C8] eval model[0] mean=0.000461 | θ̃ mean=0.000461 | edge mean=0.000227
[C8] n=500 | classes=[4] | acc=1.0000 | per_class={4: '1.00'}
[C9] eval model[0] mean=-0.000178 | θ̃ mean=-0.000178 | edge mean=0.000227
[C9] n=500 | classes=[4] | acc=1.0000 | per_class={4: '1.00'}
[C10] eval model[0] mean=0.000086 | θ̃ mean=0.000086 | edge mean=0.000361
[C10] n=600 | classes=[8, 9] | acc=0.6683 | per_class={8: '0.93', 9: '0.42'}
[C11] eval model[0] mean=-0.000783 | θ̃ mean=-0.000783 | edge mean=0.000361
[C11] n=600 | classes=[0, 1] | acc=0.6567 | per_class={0: '0.33', 1: '0.98'}
[C12] eval model[0] mean=-0.000394 | θ̃ mean=-0.000394 | edge mean=0.000361
[C12] n=600 | classes=[1, 8] | acc=0.7000 | per_class={1: '0.82', 8: '0.57'}
[C13] eval model[0] mean=0.000122 | θ̃ mean=0.000122 | edge mean=0.000361
[C13] n=600 | classes=[0, 8] | acc=0.4850 | per_class={0: '0.01', 8: '1.00'}
[C14] eval model[0] mean=-0.000193 | θ̃ mean=-0.000193 | edge mean=0.000361
[C14] n=600 | classes=[0, 9] | acc=0.7333 | per_class={0: '0.58', 9: '0.89'}
[C15] eval model[0] mean=-0.000154 | θ̃ mean=-0.000154 | edge mean=0.000361
[C15] n=600 | classes=[0, 8] | acc=0.4917 | per_class={0: '0.00', 8: '1.00'}
[C16] eval model[0] mean=-0.000119 | θ̃ mean=-0.000119 | edge mean=0.000361
[C16] n=600 | classes=[1, 8] | acc=0.5983 | per_class={1: '0.99', 8: '0.23'}
[C17] eval model[0] mean=0.000136 | θ̃ mean=0.000136 | edge mean=0.000361
[C17] n=600 | classes=[1, 9] | acc=0.4900 | per_class={1: '0.98', 9: '0.04'}
[C18] eval model[0] mean=0.001167 | θ̃ mean=0.001167 | edge mean=0.000361
[C18] n=600 | classes=[1, 9] | acc=0.5267 | per_class={1: '0.80', 9: '0.22'}
[C19] eval model[0] mean=0.001736 | θ̃ mean=0.001736 | edge mean=0.000361
[C19] n=600 | classes=[0, 9] | acc=0.6433 | per_class={0: '0.84', 9: '0.46'}
  [Cloud] GM=0.1881 | EM=0.2652 PM=0.5793 | loss=2.2001 | time=17.2s | comm=2501.9MB (total=10008MB)

[Round   5] Broadcasting to 2 edges...
  [Edge 0] G5 | E1 | Hier-pFedMe | Selected 10/10
  [Client  0] Round 5 | Hier-pFedMe(λ2=35.0,K=3) | loss=1.0137
  [Client  2] Round 5 | Hier-pFedMe(λ2=35.0,K=3) | loss=0.8739  [Client  1] Round 5 | Hier-pFedMe(λ2=35.0,K=3) | loss=0.8083

  [Client  8] Round 5 | Hier-pFedMe(λ2=35.0,K=3) | loss=0.0987
  [Client  7] Round 5 | Hier-pFedMe(λ2=35.0,K=3) | loss=0.7498  [Client  6] Round 5 | Hier-pFedMe(λ2=35.0,K=3) | loss=0.7154
  [Client  9] Round 5 | Hier-pFedMe(λ2=35.0,K=3) | loss=0.0769
  [Client  4] Round 5 | Hier-pFedMe(λ2=35.0,K=3) | loss=0.7229

  [Client  5] Round 5 | Hier-pFedMe(λ2=35.0,K=3) | loss=0.7610
  [Client  3] Round 5 | Hier-pFedMe(λ2=35.0,K=3) | loss=0.7118
  [Edge 0] G5 | E1 | loss=0.7161
  [Edge 0] G5 | E2 | Hier-pFedMe | Selected 10/10
  [Client  5] Round 5 | Hier-pFedMe(λ2=35.0,K=3) | loss=0.7001  [Client  9] Round 5 | Hier-pFedMe(λ2=35.0,K=3) | loss=0.0281  [Client  1] Round 5 | Hier-pFedMe(λ2=35.0,K=3) | loss=1.0111
  [Client  7] Round 5 | Hier-pFedMe(λ2=35.0,K=3) | loss=0.6311


  [Client  3] Round 5 | Hier-pFedMe(λ2=35.0,K=3) | loss=0.6274  [Client  0] Round 5 | Hier-pFedMe(λ2=35.0,K=3) | loss=0.7940

  [Client  2] Round 5 | Hier-pFedMe(λ2=35.0,K=3) | loss=0.7897
  [Client  8] Round 5 | Hier-pFedMe(λ2=35.0,K=3) | loss=0.0381
  [Client  4] Round 5 | Hier-pFedMe(λ2=35.0,K=3) | loss=0.7174
  [Client  6] Round 5 | Hier-pFedMe(λ2=35.0,K=3) | loss=0.8022
  [Edge 0] G5 | E2 | loss=0.6785
  [Edge 0] G5 | E3 | Hier-pFedMe | Selected 10/10
  [Client  8] Round 5 | Hier-pFedMe(λ2=35.0,K=3) | loss=0.0280  [Client  0] Round 5 | Hier-pFedMe(λ2=35.0,K=3) | loss=0.6600  [Client  9] Round 5 | Hier-pFedMe(λ2=35.0,K=3) | loss=0.0499

  [Client  7] Round 5 | Hier-pFedMe(λ2=35.0,K=3) | loss=0.7603

  [Client  4] Round 5 | Hier-pFedMe(λ2=35.0,K=3) | loss=0.7180
  [Client  5] Round 5 | Hier-pFedMe(λ2=35.0,K=3) | loss=0.6106
  [Client  6] Round 5 | Hier-pFedMe(λ2=35.0,K=3) | loss=0.7638
  [Client  1] Round 5 | Hier-pFedMe(λ2=35.0,K=3) | loss=0.9085
  [Client  2] Round 5 | Hier-pFedMe(λ2=35.0,K=3) | loss=1.0849  [Client  3] Round 5 | Hier-pFedMe(λ2=35.0,K=3) | loss=0.6311

  [Edge 0] G5 | E3 | loss=0.6862
  [Edge 0] G5 | E4 | Hier-pFedMe | Selected 10/10
  [Client  2] Round 5 | Hier-pFedMe(λ2=35.0,K=3) | loss=0.8260  [Client  9] Round 5 | Hier-pFedMe(λ2=35.0,K=3) | loss=0.0267

  [Client  4] Round 5 | Hier-pFedMe(λ2=35.0,K=3) | loss=0.5899
  [Client  8] Round 5 | Hier-pFedMe(λ2=35.0,K=3) | loss=0.0360
  [Client  1] Round 5 | Hier-pFedMe(λ2=35.0,K=3) | loss=0.9198
  [Client  0] Round 5 | Hier-pFedMe(λ2=35.0,K=3) | loss=0.8409  [Client  6] Round 5 | Hier-pFedMe(λ2=35.0,K=3) | loss=0.7629

  [Client  5] Round 5 | Hier-pFedMe(λ2=35.0,K=3) | loss=0.7703
  [Client  3] Round 5 | Hier-pFedMe(λ2=35.0,K=3) | loss=0.8044
  [Client  7] Round 5 | Hier-pFedMe(λ2=35.0,K=3) | loss=0.7071
  [Edge 0] G5 | E4 | loss=0.6947
  [Edge 0] G5 | E5 | Hier-pFedMe | Selected 10/10
  [Client  0] Round 5 | Hier-pFedMe(λ2=35.0,K=3) | loss=0.6734  [Client  3] Round 5 | Hier-pFedMe(λ2=35.0,K=3) | loss=0.6040
  [Client  7] Round 5 | Hier-pFedMe(λ2=35.0,K=3) | loss=0.7299
  [Client  6] Round 5 | Hier-pFedMe(λ2=35.0,K=3) | loss=0.5759

  [Client  1] Round 5 | Hier-pFedMe(λ2=35.0,K=3) | loss=0.7242
  [Client  5] Round 5 | Hier-pFedMe(λ2=35.0,K=3) | loss=0.6043
  [Client  2] Round 5 | Hier-pFedMe(λ2=35.0,K=3) | loss=0.8852
  [Client  8] Round 5 | Hier-pFedMe(λ2=35.0,K=3) | loss=0.0531
  [Client  9] Round 5 | Hier-pFedMe(λ2=35.0,K=3) | loss=0.0450
  [Client  4] Round 5 | Hier-pFedMe(λ2=35.0,K=3) | loss=0.6213
  [Edge 0] G5 | E5 | loss=0.6075
  [Edge 1] G5 | E1 | Hier-pFedMe | Selected 10/10
  [Client 16] Round 5 | Hier-pFedMe(λ2=35.0,K=3) | loss=2.5414  [Client 10] Round 5 | Hier-pFedMe(λ2=35.0,K=3) | loss=1.0109
  [Client 18] Round 5 | Hier-pFedMe(λ2=35.0,K=3) | loss=0.9578
  [Client 12] Round 5 | Hier-pFedMe(λ2=35.0,K=3) | loss=0.4812

  [Client 13] Round 5 | Hier-pFedMe(λ2=35.0,K=3) | loss=1.9013
  [Client 17] Round 5 | Hier-pFedMe(λ2=35.0,K=3) | loss=0.8510
  [Client 15] Round 5 | Hier-pFedMe(λ2=35.0,K=3) | loss=0.6688
  [Client 19] Round 5 | Hier-pFedMe(λ2=35.0,K=3) | loss=1.4375
  [Client 14] Round 5 | Hier-pFedMe(λ2=35.0,K=3) | loss=0.8085
  [Client 11] Round 5 | Hier-pFedMe(λ2=35.0,K=3) | loss=0.4323
  [Edge 1] G5 | E1 | loss=1.1091
  [Edge 1] G5 | E2 | Hier-pFedMe | Selected 10/10
  [Client 19] Round 5 | Hier-pFedMe(λ2=35.0,K=3) | loss=1.0685
  [Client 10] Round 5 | Hier-pFedMe(λ2=35.0,K=3) | loss=0.4569  [Client 12] Round 5 | Hier-pFedMe(λ2=35.0,K=3) | loss=0.6266  [Client 15] Round 5 | Hier-pFedMe(λ2=35.0,K=3) | loss=0.6344


  [Client 14] Round 5 | Hier-pFedMe(λ2=35.0,K=3) | loss=0.6847
  [Client 13] Round 5 | Hier-pFedMe(λ2=35.0,K=3) | loss=1.1386
  [Client 11] Round 5 | Hier-pFedMe(λ2=35.0,K=3) | loss=0.7078
  [Client 16] Round 5 | Hier-pFedMe(λ2=35.0,K=3) | loss=1.1592
  [Client 17] Round 5 | Hier-pFedMe(λ2=35.0,K=3) | loss=0.8993
  [Client 18] Round 5 | Hier-pFedMe(λ2=35.0,K=3) | loss=0.9549
  [Edge 1] G5 | E2 | loss=0.8331
  [Edge 1] G5 | E3 | Hier-pFedMe | Selected 10/10
  [Client 17] Round 5 | Hier-pFedMe(λ2=35.0,K=3) | loss=1.9889
  [Client 15] Round 5 | Hier-pFedMe(λ2=35.0,K=3) | loss=0.7081  [Client 16] Round 5 | Hier-pFedMe(λ2=35.0,K=3) | loss=2.6021
  [Client 14] Round 5 | Hier-pFedMe(λ2=35.0,K=3) | loss=0.9693

  [Client 10] Round 5 | Hier-pFedMe(λ2=35.0,K=3) | loss=1.0757
  [Client 19] Round 5 | Hier-pFedMe(λ2=35.0,K=3) | loss=0.6643
  [Client 12] Round 5 | Hier-pFedMe(λ2=35.0,K=3) | loss=0.7255
  [Client 13] Round 5 | Hier-pFedMe(λ2=35.0,K=3) | loss=0.5272
  [Client 11] Round 5 | Hier-pFedMe(λ2=35.0,K=3) | loss=2.7422
  [Client 18] Round 5 | Hier-pFedMe(λ2=35.0,K=3) | loss=2.7355
  [Edge 1] G5 | E3 | loss=1.4739
  [Edge 1] G5 | E4 | Hier-pFedMe | Selected 10/10
  [Client 12] Round 5 | Hier-pFedMe(λ2=35.0,K=3) | loss=0.6798
  [Client 10] Round 5 | Hier-pFedMe(λ2=35.0,K=3) | loss=0.8957  [Client 13] Round 5 | Hier-pFedMe(λ2=35.0,K=3) | loss=0.8864
  [Client 11] Round 5 | Hier-pFedMe(λ2=35.0,K=3) | loss=1.1061

  [Client 14] Round 5 | Hier-pFedMe(λ2=35.0,K=3) | loss=0.7104
  [Client 19] Round 5 | Hier-pFedMe(λ2=35.0,K=3) | loss=0.5591  [Client 16] Round 5 | Hier-pFedMe(λ2=35.0,K=3) | loss=1.1064

  [Client 15] Round 5 | Hier-pFedMe(λ2=35.0,K=3) | loss=0.6296
  [Client 17] Round 5 | Hier-pFedMe(λ2=35.0,K=3) | loss=1.3427
  [Client 18] Round 5 | Hier-pFedMe(λ2=35.0,K=3) | loss=1.2576
  [Edge 1] G5 | E4 | loss=0.9174
  [Edge 1] G5 | E5 | Hier-pFedMe | Selected 10/10
  [Client 17] Round 5 | Hier-pFedMe(λ2=35.0,K=3) | loss=2.3638
  [Client 12] Round 5 | Hier-pFedMe(λ2=35.0,K=3) | loss=0.6297
  [Client 13] Round 5 | Hier-pFedMe(λ2=35.0,K=3) | loss=1.1009  [Client 16] Round 5 | Hier-pFedMe(λ2=35.0,K=3) | loss=1.8026

  [Client 19] Round 5 | Hier-pFedMe(λ2=35.0,K=3) | loss=1.5397
  [Client 10] Round 5 | Hier-pFedMe(λ2=35.0,K=3) | loss=1.0184
  [Client 18] Round 5 | Hier-pFedMe(λ2=35.0,K=3) | loss=1.2286
  [Client 14] Round 5 | Hier-pFedMe(λ2=35.0,K=3) | loss=0.8008
  [Client 11] Round 5 | Hier-pFedMe(λ2=35.0,K=3) | loss=0.4852  [Client 15] Round 5 | Hier-pFedMe(λ2=35.0,K=3) | loss=0.6770

  [Edge 1] G5 | E5 | loss=1.1647
[C0] eval model[0] mean=0.000278 | θ̃ mean=0.000278 | edge mean=0.000125
[C0] n=1000 | classes=[3, 6] | acc=0.5190 | per_class={3: '0.98', 6: '0.03'}
[C1] eval model[0] mean=-0.000062 | θ̃ mean=-0.000062 | edge mean=0.000125
[C1] n=1000 | classes=[3, 6] | acc=0.5890 | per_class={3: '0.72', 6: '0.45'}
[C2] eval model[0] mean=0.000782 | θ̃ mean=0.000782 | edge mean=0.000125
[C2] n=1000 | classes=[2, 5] | acc=0.4950 | per_class={2: '0.00', 5: '1.00'}
[C3] eval model[0] mean=-0.000226 | θ̃ mean=-0.000226 | edge mean=0.000125
[C3] n=1000 | classes=[5, 7] | acc=0.6040 | per_class={5: '0.69', 7: '0.51'}
[C4] eval model[0] mean=-0.000573 | θ̃ mean=-0.000573 | edge mean=0.000125
[C4] n=1000 | classes=[2, 7] | acc=0.5220 | per_class={2: '0.92', 7: '0.12'}
[C5] eval model[0] mean=-0.000388 | θ̃ mean=-0.000388 | edge mean=0.000125
[C5] n=1000 | classes=[2, 4] | acc=0.5310 | per_class={2: '0.93', 4: '0.11'}
[C6] eval model[0] mean=0.000658 | θ̃ mean=0.000658 | edge mean=0.000125
[C6] n=1000 | classes=[6, 7] | acc=0.6510 | per_class={6: '0.66', 7: '0.64'}
[C7] eval model[0] mean=-0.000119 | θ̃ mean=-0.000119 | edge mean=0.000125
[C7] n=1000 | classes=[3, 5] | acc=0.4710 | per_class={3: '0.89', 5: '0.08'}
[C8] eval model[0] mean=-0.000658 | θ̃ mean=-0.000658 | edge mean=0.000125
[C8] n=500 | classes=[4] | acc=1.0000 | per_class={4: '1.00'}
[C9] eval model[0] mean=-0.000365 | θ̃ mean=-0.000365 | edge mean=0.000125
[C9] n=500 | classes=[4] | acc=1.0000 | per_class={4: '1.00'}
[C10] eval model[0] mean=0.000630 | θ̃ mean=0.000630 | edge mean=-0.000009
[C10] n=600 | classes=[8, 9] | acc=0.5167 | per_class={8: '0.01', 9: '1.00'}
[C11] eval model[0] mean=0.001895 | θ̃ mean=0.001895 | edge mean=-0.000009
[C11] n=600 | classes=[0, 1] | acc=0.5000 | per_class={0: '0.00', 1: '1.00'}
[C12] eval model[0] mean=-0.000553 | θ̃ mean=-0.000553 | edge mean=-0.000009
[C12] n=600 | classes=[1, 8] | acc=0.6283 | per_class={1: '0.45', 8: '0.81'}
[C13] eval model[0] mean=0.000120 | θ̃ mean=0.000120 | edge mean=-0.000009
[C13] n=600 | classes=[0, 8] | acc=0.5133 | per_class={0: '0.08', 8: '0.98'}
[C14] eval model[0] mean=-0.001228 | θ̃ mean=-0.001228 | edge mean=-0.000009
[C14] n=600 | classes=[0, 9] | acc=0.6000 | per_class={0: '0.22', 9: '1.00'}
[C15] eval model[0] mean=0.000692 | θ̃ mean=0.000692 | edge mean=-0.000009
[C15] n=600 | classes=[0, 8] | acc=0.5083 | per_class={0: '1.00', 8: '0.00'}
[C16] eval model[0] mean=-0.000211 | θ̃ mean=-0.000211 | edge mean=-0.000009
[C16] n=600 | classes=[1, 8] | acc=0.4850 | per_class={1: '1.00', 8: '0.00'}
[C17] eval model[0] mean=0.001807 | θ̃ mean=0.001807 | edge mean=-0.000009
[C17] n=600 | classes=[1, 9] | acc=0.5167 | per_class={1: '0.00', 9: '1.00'}
[C18] eval model[0] mean=-0.000601 | θ̃ mean=-0.000601 | edge mean=-0.000009
[C18] n=600 | classes=[1, 9] | acc=0.5233 | per_class={1: '1.00', 9: '0.00'}
[C19] eval model[0] mean=-0.001111 | θ̃ mean=-0.001111 | edge mean=-0.000009
[C19] n=600 | classes=[0, 9] | acc=0.7150 | per_class={0: '0.69', 9: '0.74'}
  [Cloud] GM=0.2058 | EM=0.3012 PM=0.5791 | loss=2.1775 | time=17.2s | comm=2501.9MB (total=12509MB)

[Round   6] Broadcasting to 2 edges...
  [Edge 0] G6 | E1 | Hier-pFedMe | Selected 10/10
  [Client  3] Round 6 | Hier-pFedMe(λ2=35.0,K=3) | loss=0.6768  [Client  9] Round 6 | Hier-pFedMe(λ2=35.0,K=3) | loss=0.0579

  [Client  5] Round 6 | Hier-pFedMe(λ2=35.0,K=3) | loss=0.5576
  [Client  4] Round 6 | Hier-pFedMe(λ2=35.0,K=3) | loss=0.8528
  [Client  0] Round 6 | Hier-pFedMe(λ2=35.0,K=3) | loss=0.5961
  [Client  6] Round 6 | Hier-pFedMe(λ2=35.0,K=3) | loss=0.6274
  [Client  2] Round 6 | Hier-pFedMe(λ2=35.0,K=3) | loss=0.8098
  [Client  7] Round 6 | Hier-pFedMe(λ2=35.0,K=3) | loss=0.7371
  [Client  8] Round 6 | Hier-pFedMe(λ2=35.0,K=3) | loss=0.0437
  [Client  1] Round 6 | Hier-pFedMe(λ2=35.0,K=3) | loss=0.6234
  [Edge 0] G6 | E1 | loss=0.6146
  [Edge 0] G6 | E2 | Hier-pFedMe | Selected 10/10
  [Client  4] Round 6 | Hier-pFedMe(λ2=35.0,K=3) | loss=0.6233  [Client  8] Round 6 | Hier-pFedMe(λ2=35.0,K=3) | loss=0.0378  [Client  0] Round 6 | Hier-pFedMe(λ2=35.0,K=3) | loss=0.5591
  [Client  7] Round 6 | Hier-pFedMe(λ2=35.0,K=3) | loss=0.6753


  [Client  6] Round 6 | Hier-pFedMe(λ2=35.0,K=3) | loss=0.5748
  [Client  1] Round 6 | Hier-pFedMe(λ2=35.0,K=3) | loss=0.7284
  [Client  2] Round 6 | Hier-pFedMe(λ2=35.0,K=3) | loss=1.0661  [Client  3] Round 6 | Hier-pFedMe(λ2=35.0,K=3) | loss=0.6563

  [Client  9] Round 6 | Hier-pFedMe(λ2=35.0,K=3) | loss=0.0416
  [Client  5] Round 6 | Hier-pFedMe(λ2=35.0,K=3) | loss=0.6002
  [Edge 0] G6 | E2 | loss=0.6137
  [Edge 0] G6 | E3 | Hier-pFedMe | Selected 10/10
  [Client  2] Round 6 | Hier-pFedMe(λ2=35.0,K=3) | loss=0.7683  [Client  8] Round 6 | Hier-pFedMe(λ2=35.0,K=3) | loss=0.0320
  [Client  5] Round 6 | Hier-pFedMe(λ2=35.0,K=3) | loss=0.5718  [Client  0] Round 6 | Hier-pFedMe(λ2=35.0,K=3) | loss=0.7064


  [Client  9] Round 6 | Hier-pFedMe(λ2=35.0,K=3) | loss=0.0443
  [Client  1] Round 6 | Hier-pFedMe(λ2=35.0,K=3) | loss=0.4769
  [Client  3] Round 6 | Hier-pFedMe(λ2=35.0,K=3) | loss=0.8025
  [Client  4] Round 6 | Hier-pFedMe(λ2=35.0,K=3) | loss=0.6697
  [Client  7] Round 6 | Hier-pFedMe(λ2=35.0,K=3) | loss=0.4971  [Client  6] Round 6 | Hier-pFedMe(λ2=35.0,K=3) | loss=1.1733

  [Edge 0] G6 | E3 | loss=0.6338
  [Edge 0] G6 | E4 | Hier-pFedMe | Selected 10/10
  [Client  2] Round 6 | Hier-pFedMe(λ2=35.0,K=3) | loss=0.8869  [Client  8] Round 6 | Hier-pFedMe(λ2=35.0,K=3) | loss=0.0183
  [Client  6] Round 6 | Hier-pFedMe(λ2=35.0,K=3) | loss=0.6997
  [Client  0] Round 6 | Hier-pFedMe(λ2=35.0,K=3) | loss=0.5401

  [Client  1] Round 6 | Hier-pFedMe(λ2=35.0,K=3) | loss=0.5474  [Client  3] Round 6 | Hier-pFedMe(λ2=35.0,K=3) | loss=0.7976

  [Client  4] Round 6 | Hier-pFedMe(λ2=35.0,K=3) | loss=0.8282
  [Client  5] Round 6 | Hier-pFedMe(λ2=35.0,K=3) | loss=0.6513
  [Client  7] Round 6 | Hier-pFedMe(λ2=35.0,K=3) | loss=0.6094
  [Client  9] Round 6 | Hier-pFedMe(λ2=35.0,K=3) | loss=0.0491
  [Edge 0] G6 | E4 | loss=0.6216
  [Edge 0] G6 | E5 | Hier-pFedMe | Selected 10/10
  [Client  9] Round 6 | Hier-pFedMe(λ2=35.0,K=3) | loss=0.0374
  [Client  5] Round 6 | Hier-pFedMe(λ2=35.0,K=3) | loss=0.7110  [Client  1] Round 6 | Hier-pFedMe(λ2=35.0,K=3) | loss=1.7179
  [Client  3] Round 6 | Hier-pFedMe(λ2=35.0,K=3) | loss=0.5359

  [Client  2] Round 6 | Hier-pFedMe(λ2=35.0,K=3) | loss=0.6944
  [Client  6] Round 6 | Hier-pFedMe(λ2=35.0,K=3) | loss=1.1486
  [Client  7] Round 6 | Hier-pFedMe(λ2=35.0,K=3) | loss=0.9662
  [Client  4] Round 6 | Hier-pFedMe(λ2=35.0,K=3) | loss=0.8943
  [Client  0] Round 6 | Hier-pFedMe(λ2=35.0,K=3) | loss=0.3741  [Client  8] Round 6 | Hier-pFedMe(λ2=35.0,K=3) | loss=0.0239

  [Edge 0] G6 | E5 | loss=0.7859
  [Edge 1] G6 | E1 | Hier-pFedMe | Selected 10/10
  [Client 13] Round 6 | Hier-pFedMe(λ2=35.0,K=3) | loss=0.5065
  [Client 18] Round 6 | Hier-pFedMe(λ2=35.0,K=3) | loss=0.7001
  [Client 14] Round 6 | Hier-pFedMe(λ2=35.0,K=3) | loss=0.2950  [Client 19] Round 6 | Hier-pFedMe(λ2=35.0,K=3) | loss=0.7059

  [Client 12] Round 6 | Hier-pFedMe(λ2=35.0,K=3) | loss=0.7594
  [Client 16] Round 6 | Hier-pFedMe(λ2=35.0,K=3) | loss=0.9722
  [Client 15] Round 6 | Hier-pFedMe(λ2=35.0,K=3) | loss=1.1328
  [Client 11] Round 6 | Hier-pFedMe(λ2=35.0,K=3) | loss=1.1737
  [Client 10] Round 6 | Hier-pFedMe(λ2=35.0,K=3) | loss=0.5351
  [Client 17] Round 6 | Hier-pFedMe(λ2=35.0,K=3) | loss=0.9976
  [Edge 1] G6 | E1 | loss=0.7778
  [Edge 1] G6 | E2 | Hier-pFedMe | Selected 10/10
  [Client 13] Round 6 | Hier-pFedMe(λ2=35.0,K=3) | loss=1.4264  [Client 18] Round 6 | Hier-pFedMe(λ2=35.0,K=3) | loss=0.4116

  [Client 19] Round 6 | Hier-pFedMe(λ2=35.0,K=3) | loss=1.7416  [Client 10] Round 6 | Hier-pFedMe(λ2=35.0,K=3) | loss=1.7732

  [Client 17] Round 6 | Hier-pFedMe(λ2=35.0,K=3) | loss=2.1151
  [Client 15] Round 6 | Hier-pFedMe(λ2=35.0,K=3) | loss=0.8283
  [Client 12] Round 6 | Hier-pFedMe(λ2=35.0,K=3) | loss=0.4337
  [Client 11] Round 6 | Hier-pFedMe(λ2=35.0,K=3) | loss=1.3025
  [Client 16] Round 6 | Hier-pFedMe(λ2=35.0,K=3) | loss=2.6587
  [Client 14] Round 6 | Hier-pFedMe(λ2=35.0,K=3) | loss=0.5698
  [Edge 1] G6 | E2 | loss=1.3261
  [Edge 1] G6 | E3 | Hier-pFedMe | Selected 10/10
  [Client 10] Round 6 | Hier-pFedMe(λ2=35.0,K=3) | loss=1.3429  [Client 13] Round 6 | Hier-pFedMe(λ2=35.0,K=3) | loss=0.9654
  [Client 18] Round 6 | Hier-pFedMe(λ2=35.0,K=3) | loss=0.6804  [Client 16] Round 6 | Hier-pFedMe(λ2=35.0,K=3) | loss=0.9354


  [Client 17] Round 6 | Hier-pFedMe(λ2=35.0,K=3) | loss=1.2615
  [Client 14] Round 6 | Hier-pFedMe(λ2=35.0,K=3) | loss=0.5928  [Client 12] Round 6 | Hier-pFedMe(λ2=35.0,K=3) | loss=0.4259
  [Client 11] Round 6 | Hier-pFedMe(λ2=35.0,K=3) | loss=0.7255

  [Client 15] Round 6 | Hier-pFedMe(λ2=35.0,K=3) | loss=0.8344
  [Client 19] Round 6 | Hier-pFedMe(λ2=35.0,K=3) | loss=0.9316
  [Edge 1] G6 | E3 | loss=0.8696
  [Edge 1] G6 | E4 | Hier-pFedMe | Selected 10/10
  [Client 17] Round 6 | Hier-pFedMe(λ2=35.0,K=3) | loss=0.7649
  [Client 19] Round 6 | Hier-pFedMe(λ2=35.0,K=3) | loss=0.8972  [Client 15] Round 6 | Hier-pFedMe(λ2=35.0,K=3) | loss=0.7827

  [Client 10] Round 6 | Hier-pFedMe(λ2=35.0,K=3) | loss=0.9708
  [Client 14] Round 6 | Hier-pFedMe(λ2=35.0,K=3) | loss=0.7395
  [Client 12] Round 6 | Hier-pFedMe(λ2=35.0,K=3) | loss=0.4572
  [Client 18] Round 6 | Hier-pFedMe(λ2=35.0,K=3) | loss=1.3833
  [Client 16] Round 6 | Hier-pFedMe(λ2=35.0,K=3) | loss=1.5221
  [Client 11] Round 6 | Hier-pFedMe(λ2=35.0,K=3) | loss=0.5819
  [Client 13] Round 6 | Hier-pFedMe(λ2=35.0,K=3) | loss=0.7093
  [Edge 1] G6 | E4 | loss=0.8809
  [Edge 1] G6 | E5 | Hier-pFedMe | Selected 10/10
  [Client 11] Round 6 | Hier-pFedMe(λ2=35.0,K=3) | loss=0.6055  [Client 18] Round 6 | Hier-pFedMe(λ2=35.0,K=3) | loss=0.7927  [Client 17] Round 6 | Hier-pFedMe(λ2=35.0,K=3) | loss=0.7443
  [Client 12] Round 6 | Hier-pFedMe(λ2=35.0,K=3) | loss=0.3829


  [Client 19] Round 6 | Hier-pFedMe(λ2=35.0,K=3) | loss=0.7727  [Client 16] Round 6 | Hier-pFedMe(λ2=35.0,K=3) | loss=1.4841  [Client 14] Round 6 | Hier-pFedMe(λ2=35.0,K=3) | loss=0.4451

  [Client 15] Round 6 | Hier-pFedMe(λ2=35.0,K=3) | loss=0.7191

  [Client 10] Round 6 | Hier-pFedMe(λ2=35.0,K=3) | loss=0.7077
  [Client 13] Round 6 | Hier-pFedMe(λ2=35.0,K=3) | loss=0.9788
  [Edge 1] G6 | E5 | loss=0.7633
[C0] eval model[0] mean=-0.000196 | θ̃ mean=-0.000196 | edge mean=-0.000287
[C0] n=1000 | classes=[3, 6] | acc=0.5900 | per_class={3: '0.44', 6: '0.75'}
[C1] eval model[0] mean=0.001496 | θ̃ mean=0.001496 | edge mean=-0.000287
[C1] n=1000 | classes=[3, 6] | acc=0.5150 | per_class={3: '1.00', 6: '0.00'}
[C2] eval model[0] mean=-0.000352 | θ̃ mean=-0.000352 | edge mean=-0.000287
[C2] n=1000 | classes=[2, 5] | acc=0.5070 | per_class={2: '1.00', 5: '0.00'}
[C3] eval model[0] mean=-0.000391 | θ̃ mean=-0.000391 | edge mean=-0.000287
[C3] n=1000 | classes=[5, 7] | acc=0.5430 | per_class={5: '0.15', 7: '0.95'}
[C4] eval model[0] mean=0.000511 | θ̃ mean=0.000511 | edge mean=-0.000287
[C4] n=1000 | classes=[2, 7] | acc=0.5800 | per_class={2: '0.40', 7: '0.76'}
[C5] eval model[0] mean=-0.000726 | θ̃ mean=-0.000726 | edge mean=-0.000287
[C5] n=1000 | classes=[2, 4] | acc=0.4970 | per_class={2: '0.03', 4: '0.99'}
[C6] eval model[0] mean=0.000405 | θ̃ mean=0.000405 | edge mean=-0.000287
[C6] n=1000 | classes=[6, 7] | acc=0.5070 | per_class={6: '0.00', 7: '1.00'}
[C7] eval model[0] mean=0.000479 | θ̃ mean=0.000479 | edge mean=-0.000287
[C7] n=1000 | classes=[3, 5] | acc=0.5150 | per_class={3: '0.00', 5: '1.00'}
[C8] eval model[0] mean=-0.000888 | θ̃ mean=-0.000888 | edge mean=-0.000287
[C8] n=500 | classes=[4] | acc=1.0000 | per_class={4: '1.00'}
[C9] eval model[0] mean=-0.000433 | θ̃ mean=-0.000433 | edge mean=-0.000287
[C9] n=500 | classes=[4] | acc=1.0000 | per_class={4: '1.00'}
[C10] eval model[0] mean=-0.000571 | θ̃ mean=-0.000571 | edge mean=-0.000989
[C10] n=600 | classes=[8, 9] | acc=0.5850 | per_class={8: '0.99', 9: '0.20'}
[C11] eval model[0] mean=-0.001161 | θ̃ mean=-0.001161 | edge mean=-0.000989
[C11] n=600 | classes=[0, 1] | acc=0.7283 | per_class={0: '0.53', 1: '0.93'}
[C12] eval model[0] mean=-0.000264 | θ̃ mean=-0.000264 | edge mean=-0.000989
[C12] n=600 | classes=[1, 8] | acc=0.6950 | per_class={1: '0.67', 8: '0.72'}
[C13] eval model[0] mean=-0.001141 | θ̃ mean=-0.001141 | edge mean=-0.000989
[C13] n=600 | classes=[0, 8] | acc=0.6117 | per_class={0: '0.44', 8: '0.80'}
[C14] eval model[0] mean=-0.000347 | θ̃ mean=-0.000347 | edge mean=-0.000989
[C14] n=600 | classes=[0, 9] | acc=0.6283 | per_class={0: '0.90', 9: '0.35'}
[C15] eval model[0] mean=-0.000206 | θ̃ mean=-0.000206 | edge mean=-0.000989
[C15] n=600 | classes=[0, 8] | acc=0.5083 | per_class={0: '1.00', 8: '0.00'}
[C16] eval model[0] mean=0.000982 | θ̃ mean=0.000982 | edge mean=-0.000989
[C16] n=600 | classes=[1, 8] | acc=0.7433 | per_class={1: '0.73', 8: '0.76'}
[C17] eval model[0] mean=-0.001051 | θ̃ mean=-0.001051 | edge mean=-0.000989
[C17] n=600 | classes=[1, 9] | acc=0.5067 | per_class={1: '0.84', 9: '0.19'}
[C18] eval model[0] mean=-0.000706 | θ̃ mean=-0.000706 | edge mean=-0.000989
[C18] n=600 | classes=[1, 9] | acc=0.5383 | per_class={1: '0.91', 9: '0.13'}
[C19] eval model[0] mean=-0.001619 | θ̃ mean=-0.001619 | edge mean=-0.000989
[C19] n=600 | classes=[0, 9] | acc=0.7350 | per_class={0: '0.50', 9: '0.95'}
  [Cloud] GM=0.2179 | EM=0.3086 PM=0.6015 | loss=2.1486 | time=16.9s | comm=2501.9MB (total=15011MB)

[Round   7] Broadcasting to 2 edges...
  [Edge 0] G7 | E1 | Hier-pFedMe | Selected 10/10
  [Client  5] Round 7 | Hier-pFedMe(λ2=35.0,K=3) | loss=0.6231
  [Client  1] Round 7 | Hier-pFedMe(λ2=35.0,K=3) | loss=1.0471
  [Client  3] Round 7 | Hier-pFedMe(λ2=35.0,K=3) | loss=0.6615
  [Client  7] Round 7 | Hier-pFedMe(λ2=35.0,K=3) | loss=0.7976
  [Client  9] Round 7 | Hier-pFedMe(λ2=35.0,K=3) | loss=0.0750
  [Client  0] Round 7 | Hier-pFedMe(λ2=35.0,K=3) | loss=0.4922
  [Client  8] Round 7 | Hier-pFedMe(λ2=35.0,K=3) | loss=0.0561
  [Client  6] Round 7 | Hier-pFedMe(λ2=35.0,K=3) | loss=0.9082
  [Client  4] Round 7 | Hier-pFedMe(λ2=35.0,K=3) | loss=0.9110
  [Client  2] Round 7 | Hier-pFedMe(λ2=35.0,K=3) | loss=1.1247
  [Edge 0] G7 | E1 | loss=0.7368
  [Edge 0] G7 | E2 | Hier-pFedMe | Selected 10/10
  [Client  5] Round 7 | Hier-pFedMe(λ2=35.0,K=3) | loss=0.6655
  [Client  1] Round 7 | Hier-pFedMe(λ2=35.0,K=3) | loss=0.8325
  [Client  8] Round 7 | Hier-pFedMe(λ2=35.0,K=3) | loss=0.0261
  [Client  3] Round 7 | Hier-pFedMe(λ2=35.0,K=3) | loss=0.5830
  [Client  0] Round 7 | Hier-pFedMe(λ2=35.0,K=3) | loss=0.4691
  [Client  4] Round 7 | Hier-pFedMe(λ2=35.0,K=3) | loss=0.8310
  [Client  6] Round 7 | Hier-pFedMe(λ2=35.0,K=3) | loss=2.2409
  [Client  2] Round 7 | Hier-pFedMe(λ2=35.0,K=3) | loss=0.9180
  [Client  7] Round 7 | Hier-pFedMe(λ2=35.0,K=3) | loss=0.9337
  [Client  9] Round 7 | Hier-pFedMe(λ2=35.0,K=3) | loss=0.0814
  [Edge 0] G7 | E2 | loss=0.8364
  [Edge 0] G7 | E3 | Hier-pFedMe | Selected 10/10
  [Client  1] Round 7 | Hier-pFedMe(λ2=35.0,K=3) | loss=0.7859
  [Client  8] Round 7 | Hier-pFedMe(λ2=35.0,K=3) | loss=0.0444
  [Client  7] Round 7 | Hier-pFedMe(λ2=35.0,K=3) | loss=0.6000
  [Client  9] Round 7 | Hier-pFedMe(λ2=35.0,K=3) | loss=0.0405
  [Client  5] Round 7 | Hier-pFedMe(λ2=35.0,K=3) | loss=0.6480
  [Client  2] Round 7 | Hier-pFedMe(λ2=35.0,K=3) | loss=0.8744
  [Client  3] Round 7 | Hier-pFedMe(λ2=35.0,K=3) | loss=0.7456
  [Client  0] Round 7 | Hier-pFedMe(λ2=35.0,K=3) | loss=0.7890
  [Client  6] Round 7 | Hier-pFedMe(λ2=35.0,K=3) | loss=0.9193
  [Client  4] Round 7 | Hier-pFedMe(λ2=35.0,K=3) | loss=0.8050
  [Edge 0] G7 | E3 | loss=0.6900
  [Edge 0] G7 | E4 | Hier-pFedMe | Selected 10/10
  [Client  8] Round 7 | Hier-pFedMe(λ2=35.0,K=3) | loss=0.0425
  [Client  2] Round 7 | Hier-pFedMe(λ2=35.0,K=3) | loss=0.6869
  [Client  0] Round 7 | Hier-pFedMe(λ2=35.0,K=3) | loss=0.6339
  [Client  6] Round 7 | Hier-pFedMe(λ2=35.0,K=3) | loss=1.5349
  [Client  4] Round 7 | Hier-pFedMe(λ2=35.0,K=3) | loss=0.6819
  [Client  1] Round 7 | Hier-pFedMe(λ2=35.0,K=3) | loss=0.9322
  [Client  5] Round 7 | Hier-pFedMe(λ2=35.0,K=3) | loss=0.6628
  [Client  9] Round 7 | Hier-pFedMe(λ2=35.0,K=3) | loss=0.0455
  [Client  3] Round 7 | Hier-pFedMe(λ2=35.0,K=3) | loss=0.6277
  [Client  7] Round 7 | Hier-pFedMe(λ2=35.0,K=3) | loss=0.5411
  [Edge 0] G7 | E4 | loss=0.7050
  [Edge 0] G7 | E5 | Hier-pFedMe | Selected 10/10
  [Client  5] Round 7 | Hier-pFedMe(λ2=35.0,K=3) | loss=0.5974
  [Client  1] Round 7 | Hier-pFedMe(λ2=35.0,K=3) | loss=0.6040
  [Client  6] Round 7 | Hier-pFedMe(λ2=35.0,K=3) | loss=1.3376
  [Client  0] Round 7 | Hier-pFedMe(λ2=35.0,K=3) | loss=0.5954
  [Client  8] Round 7 | Hier-pFedMe(λ2=35.0,K=3) | loss=0.0302
  [Client  9] Round 7 | Hier-pFedMe(λ2=35.0,K=3) | loss=0.0418
  [Client  2] Round 7 | Hier-pFedMe(λ2=35.0,K=3) | loss=0.9566
  [Client  7] Round 7 | Hier-pFedMe(λ2=35.0,K=3) | loss=0.8561
  [Client  3] Round 7 | Hier-pFedMe(λ2=35.0,K=3) | loss=0.6039
  [Client  4] Round 7 | Hier-pFedMe(λ2=35.0,K=3) | loss=0.9578
  [Edge 0] G7 | E5 | loss=0.7272
  [Edge 1] G7 | E1 | Hier-pFedMe | Selected 10/10
  [Client 16] Round 7 | Hier-pFedMe(λ2=35.0,K=3) | loss=0.7762
  [Client 11] Round 7 | Hier-pFedMe(λ2=35.0,K=3) | loss=1.0610
  [Client 19] Round 7 | Hier-pFedMe(λ2=35.0,K=3) | loss=1.0658
  [Client 15] Round 7 | Hier-pFedMe(λ2=35.0,K=3) | loss=0.8412
  [Client 18] Round 7 | Hier-pFedMe(λ2=35.0,K=3) | loss=1.0718
  [Client 13] Round 7 | Hier-pFedMe(λ2=35.0,K=3) | loss=1.2761
  [Client 12] Round 7 | Hier-pFedMe(λ2=35.0,K=3) | loss=0.7655
  [Client 14] Round 7 | Hier-pFedMe(λ2=35.0,K=3) | loss=0.2968
  [Client 10] Round 7 | Hier-pFedMe(λ2=35.0,K=3) | loss=1.9381
  [Client 17] Round 7 | Hier-pFedMe(λ2=35.0,K=3) | loss=0.4667
  [Edge 1] G7 | E1 | loss=0.9559
  [Edge 1] G7 | E2 | Hier-pFedMe | Selected 10/10
  [Client 17] Round 7 | Hier-pFedMe(λ2=35.0,K=3) | loss=0.8431
  [Client 10] Round 7 | Hier-pFedMe(λ2=35.0,K=3) | loss=0.9343
  [Client 14] Round 7 | Hier-pFedMe(λ2=35.0,K=3) | loss=0.4102
  [Client 11] Round 7 | Hier-pFedMe(λ2=35.0,K=3) | loss=0.6702
  [Client 15] Round 7 | Hier-pFedMe(λ2=35.0,K=3) | loss=0.7436
  [Client 16] Round 7 | Hier-pFedMe(λ2=35.0,K=3) | loss=1.1486
  [Client 13] Round 7 | Hier-pFedMe(λ2=35.0,K=3) | loss=0.7273
  [Client 18] Round 7 | Hier-pFedMe(λ2=35.0,K=3) | loss=0.5891
  [Client 12] Round 7 | Hier-pFedMe(λ2=35.0,K=3) | loss=0.7254
  [Client 19] Round 7 | Hier-pFedMe(λ2=35.0,K=3) | loss=1.0611
  [Edge 1] G7 | E2 | loss=0.7853
  [Edge 1] G7 | E3 | Hier-pFedMe | Selected 10/10
  [Client 16] Round 7 | Hier-pFedMe(λ2=35.0,K=3) | loss=0.7331
  [Client 17] Round 7 | Hier-pFedMe(λ2=35.0,K=3) | loss=1.3078
  [Client 15] Round 7 | Hier-pFedMe(λ2=35.0,K=3) | loss=0.6359
  [Client 19] Round 7 | Hier-pFedMe(λ2=35.0,K=3) | loss=1.4590
  [Client 12] Round 7 | Hier-pFedMe(λ2=35.0,K=3) | loss=0.5524
  [Client 14] Round 7 | Hier-pFedMe(λ2=35.0,K=3) | loss=0.3225
  [Client 18] Round 7 | Hier-pFedMe(λ2=35.0,K=3) | loss=1.6053
  [Client 11] Round 7 | Hier-pFedMe(λ2=35.0,K=3) | loss=0.7118
  [Client 13] Round 7 | Hier-pFedMe(λ2=35.0,K=3) | loss=0.5156
  [Client 10] Round 7 | Hier-pFedMe(λ2=35.0,K=3) | loss=2.2200
  [Edge 1] G7 | E3 | loss=1.0063
  [Edge 1] G7 | E4 | Hier-pFedMe | Selected 10/10
  [Client 14] Round 7 | Hier-pFedMe(λ2=35.0,K=3) | loss=0.6469
  [Client 17] Round 7 | Hier-pFedMe(λ2=35.0,K=3) | loss=0.8720
  [Client 13] Round 7 | Hier-pFedMe(λ2=35.0,K=3) | loss=0.7104
  [Client 10] Round 7 | Hier-pFedMe(λ2=35.0,K=3) | loss=0.8167
  [Client 15] Round 7 | Hier-pFedMe(λ2=35.0,K=3) | loss=0.6168
  [Client 18] Round 7 | Hier-pFedMe(λ2=35.0,K=3) | loss=1.2368
  [Client 11] Round 7 | Hier-pFedMe(λ2=35.0,K=3) | loss=1.0642
  [Client 19] Round 7 | Hier-pFedMe(λ2=35.0,K=3) | loss=0.7461
  [Client 16] Round 7 | Hier-pFedMe(λ2=35.0,K=3) | loss=0.8798
  [Client 12] Round 7 | Hier-pFedMe(λ2=35.0,K=3) | loss=0.5603
  [Edge 1] G7 | E4 | loss=0.8150
  [Edge 1] G7 | E5 | Hier-pFedMe | Selected 10/10
  [Client 18] Round 7 | Hier-pFedMe(λ2=35.0,K=3) | loss=0.8744
  [Client 10] Round 7 | Hier-pFedMe(λ2=35.0,K=3) | loss=2.9811
  [Client 14] Round 7 | Hier-pFedMe(λ2=35.0,K=3) | loss=0.4730
  [Client 11] Round 7 | Hier-pFedMe(λ2=35.0,K=3) | loss=1.1251
  [Client 12] Round 7 | Hier-pFedMe(λ2=35.0,K=3) | loss=0.4749
  [Client 17] Round 7 | Hier-pFedMe(λ2=35.0,K=3) | loss=0.3004
  [Client 19] Round 7 | Hier-pFedMe(λ2=35.0,K=3) | loss=0.7236
  [Client 13] Round 7 | Hier-pFedMe(λ2=35.0,K=3) | loss=0.7868
  [Client 16] Round 7 | Hier-pFedMe(λ2=35.0,K=3) | loss=0.7714
  [Client 15] Round 7 | Hier-pFedMe(λ2=35.0,K=3) | loss=0.6244
  [Edge 1] G7 | E5 | loss=0.9135
[C0] eval model[0] mean=-0.000537 | θ̃ mean=-0.000537 | edge mean=-0.000514
[C0] n=1000 | classes=[3, 6] | acc=0.5160 | per_class={3: '0.99', 6: '0.02'}
[C1] eval model[0] mean=0.000249 | θ̃ mean=0.000249 | edge mean=-0.000514
[C1] n=1000 | classes=[3, 6] | acc=0.6040 | per_class={3: '0.32', 6: '0.90'}
[C2] eval model[0] mean=-0.000812 | θ̃ mean=-0.000812 | edge mean=-0.000514
[C2] n=1000 | classes=[2, 5] | acc=0.5290 | per_class={2: '0.39', 5: '0.67'}
[C3] eval model[0] mean=-0.000434 | θ̃ mean=-0.000434 | edge mean=-0.000514
[C3] n=1000 | classes=[5, 7] | acc=0.5220 | per_class={5: '0.08', 7: '0.98'}
[C4] eval model[0] mean=0.001211 | θ̃ mean=0.001211 | edge mean=-0.000514
[C4] n=1000 | classes=[2, 7] | acc=0.5750 | per_class={2: '0.50', 7: '0.66'}
[C5] eval model[0] mean=-0.001722 | θ̃ mean=-0.001722 | edge mean=-0.000514
[C5] n=1000 | classes=[2, 4] | acc=0.4910 | per_class={2: '0.00', 4: '1.00'}
[C6] eval model[0] mean=0.002075 | θ̃ mean=0.002075 | edge mean=-0.000514
[C6] n=1000 | classes=[6, 7] | acc=0.5050 | per_class={6: '0.99', 7: '0.03'}
[C7] eval model[0] mean=0.000699 | θ̃ mean=0.000699 | edge mean=-0.000514
[C7] n=1000 | classes=[3, 5] | acc=0.5640 | per_class={3: '0.34', 5: '0.77'}
[C8] eval model[0] mean=-0.000715 | θ̃ mean=-0.000715 | edge mean=-0.000514
[C8] n=500 | classes=[4] | acc=1.0000 | per_class={4: '1.00'}
[C9] eval model[0] mean=-0.001127 | θ̃ mean=-0.001127 | edge mean=-0.000514
[C9] n=500 | classes=[4] | acc=1.0000 | per_class={4: '1.00'}
[C10] eval model[0] mean=-0.000859 | θ̃ mean=-0.000859 | edge mean=-0.000819
[C10] n=600 | classes=[8, 9] | acc=0.5900 | per_class={8: '0.98', 9: '0.22'}
[C11] eval model[0] mean=-0.001148 | θ̃ mean=-0.001148 | edge mean=-0.000819
[C11] n=600 | classes=[0, 1] | acc=0.5250 | per_class={0: '0.97', 1: '0.08'}
[C12] eval model[0] mean=-0.001136 | θ̃ mean=-0.001136 | edge mean=-0.000819
[C12] n=600 | classes=[1, 8] | acc=0.6350 | per_class={1: '0.48', 8: '0.79'}
[C13] eval model[0] mean=-0.000418 | θ̃ mean=-0.000418 | edge mean=-0.000819
[C13] n=600 | classes=[0, 8] | acc=0.5450 | per_class={0: '0.16', 8: '0.96'}
[C14] eval model[0] mean=-0.000244 | θ̃ mean=-0.000244 | edge mean=-0.000819
[C14] n=600 | classes=[0, 9] | acc=0.6767 | per_class={0: '0.83', 9: '0.52'}
[C15] eval model[0] mean=-0.000142 | θ̃ mean=-0.000142 | edge mean=-0.000819
[C15] n=600 | classes=[0, 8] | acc=0.5400 | per_class={0: '0.94', 8: '0.13'}
[C16] eval model[0] mean=-0.001560 | θ̃ mean=-0.001560 | edge mean=-0.000819
[C16] n=600 | classes=[1, 8] | acc=0.5367 | per_class={1: '1.00', 8: '0.10'}
[C17] eval model[0] mean=-0.000341 | θ̃ mean=-0.000341 | edge mean=-0.000819
[C17] n=600 | classes=[1, 9] | acc=0.4833 | per_class={1: '1.00', 9: '0.00'}
[C18] eval model[0] mean=0.000872 | θ̃ mean=0.000872 | edge mean=-0.000819
[C18] n=600 | classes=[1, 9] | acc=0.4767 | per_class={1: '0.00', 9: '1.00'}
[C19] eval model[0] mean=-0.001268 | θ̃ mean=-0.001268 | edge mean=-0.000819
[C19] n=600 | classes=[0, 9] | acc=0.5650 | per_class={0: '0.09', 9: '1.00'}
  [Cloud] GM=0.2311 | EM=0.3050 PM=0.5767 | loss=2.1308 | time=16.9s | comm=2501.9MB (total=17513MB)

[Round   8] Broadcasting to 2 edges...
  [Edge 0] G8 | E1 | Hier-pFedMe | Selected 10/10
  [Client  6] Round 8 | Hier-pFedMe(λ2=35.0,K=3) | loss=1.6149
  [Client  5] Round 8 | Hier-pFedMe(λ2=35.0,K=3) | loss=0.8282
  [Client  1] Round 8 | Hier-pFedMe(λ2=35.0,K=3) | loss=0.6614
  [Client  7] Round 8 | Hier-pFedMe(λ2=35.0,K=3) | loss=0.9050
  [Client  3] Round 8 | Hier-pFedMe(λ2=35.0,K=3) | loss=0.7357
  [Client  8] Round 8 | Hier-pFedMe(λ2=35.0,K=3) | loss=0.0543
  [Client  0] Round 8 | Hier-pFedMe(λ2=35.0,K=3) | loss=0.5743
  [Client  4] Round 8 | Hier-pFedMe(λ2=35.0,K=3) | loss=1.1037
  [Client  9] Round 8 | Hier-pFedMe(λ2=35.0,K=3) | loss=0.0564
  [Client  2] Round 8 | Hier-pFedMe(λ2=35.0,K=3) | loss=0.4625
  [Edge 0] G8 | E1 | loss=0.7712
  [Edge 0] G8 | E2 | Hier-pFedMe | Selected 10/10
  [Client  1] Round 8 | Hier-pFedMe(λ2=35.0,K=3) | loss=0.5503
  [Client  5] Round 8 | Hier-pFedMe(λ2=35.0,K=3) | loss=0.8074
  [Client  0] Round 8 | Hier-pFedMe(λ2=35.0,K=3) | loss=0.5083
  [Client  6] Round 8 | Hier-pFedMe(λ2=35.0,K=3) | loss=0.7116
  [Client  7] Round 8 | Hier-pFedMe(λ2=35.0,K=3) | loss=0.6659
  [Client  4] Round 8 | Hier-pFedMe(λ2=35.0,K=3) | loss=0.9972
  [Client  8] Round 8 | Hier-pFedMe(λ2=35.0,K=3) | loss=0.0349
  [Client  2] Round 8 | Hier-pFedMe(λ2=35.0,K=3) | loss=0.5492
  [Client  9] Round 8 | Hier-pFedMe(λ2=35.0,K=3) | loss=0.0389
  [Client  3] Round 8 | Hier-pFedMe(λ2=35.0,K=3) | loss=0.6340
  [Edge 0] G8 | E2 | loss=0.6067
  [Edge 0] G8 | E3 | Hier-pFedMe | Selected 10/10
  [Client  6] Round 8 | Hier-pFedMe(λ2=35.0,K=3) | loss=3.3086
  [Client  5] Round 8 | Hier-pFedMe(λ2=35.0,K=3) | loss=0.9613
  [Client  0] Round 8 | Hier-pFedMe(λ2=35.0,K=3) | loss=1.0882
  [Client  4] Round 8 | Hier-pFedMe(λ2=35.0,K=3) | loss=0.6867
  [Client  3] Round 8 | Hier-pFedMe(λ2=35.0,K=3) | loss=0.4894
  [Client  8] Round 8 | Hier-pFedMe(λ2=35.0,K=3) | loss=0.0494
  [Client  1] Round 8 | Hier-pFedMe(λ2=35.0,K=3) | loss=0.6915
  [Client  9] Round 8 | Hier-pFedMe(λ2=35.0,K=3) | loss=0.0398
  [Client  2] Round 8 | Hier-pFedMe(λ2=35.0,K=3) | loss=0.6344
  [Client  7] Round 8 | Hier-pFedMe(λ2=35.0,K=3) | loss=1.2855
  [Edge 0] G8 | E3 | loss=1.0211
  [Edge 0] G8 | E4 | Hier-pFedMe | Selected 10/10
  [Client  4] Round 8 | Hier-pFedMe(λ2=35.0,K=3) | loss=0.5810
  [Client  5] Round 8 | Hier-pFedMe(λ2=35.0,K=3) | loss=0.7600
  [Client  1] Round 8 | Hier-pFedMe(λ2=35.0,K=3) | loss=0.5927
  [Client  6] Round 8 | Hier-pFedMe(λ2=35.0,K=3) | loss=1.0601
  [Client  9] Round 8 | Hier-pFedMe(λ2=35.0,K=3) | loss=0.0400
  [Client  8] Round 8 | Hier-pFedMe(λ2=35.0,K=3) | loss=0.0320
  [Client  7] Round 8 | Hier-pFedMe(λ2=35.0,K=3) | loss=0.8254
  [Client  0] Round 8 | Hier-pFedMe(λ2=35.0,K=3) | loss=0.7171
  [Client  2] Round 8 | Hier-pFedMe(λ2=35.0,K=3) | loss=0.5955
  [Client  3] Round 8 | Hier-pFedMe(λ2=35.0,K=3) | loss=0.7231
  [Edge 0] G8 | E4 | loss=0.6545
  [Edge 0] G8 | E5 | Hier-pFedMe | Selected 10/10
  [Client  1] Round 8 | Hier-pFedMe(λ2=35.0,K=3) | loss=0.7320  [Client  8] Round 8 | Hier-pFedMe(λ2=35.0,K=3) | loss=0.0260

  [Client  4] Round 8 | Hier-pFedMe(λ2=35.0,K=3) | loss=0.5037
  [Client  5] Round 8 | Hier-pFedMe(λ2=35.0,K=3) | loss=0.6817
  [Client  7] Round 8 | Hier-pFedMe(λ2=35.0,K=3) | loss=0.6496
  [Client  3] Round 8 | Hier-pFedMe(λ2=35.0,K=3) | loss=0.7600
  [Client  9] Round 8 | Hier-pFedMe(λ2=35.0,K=3) | loss=0.0258
  [Client  6] Round 8 | Hier-pFedMe(λ2=35.0,K=3) | loss=4.5669
  [Client  0] Round 8 | Hier-pFedMe(λ2=35.0,K=3) | loss=1.5676
  [Client  2] Round 8 | Hier-pFedMe(λ2=35.0,K=3) | loss=0.6259
  [Edge 0] G8 | E5 | loss=1.1237
  [Edge 1] G8 | E1 | Hier-pFedMe | Selected 10/10
  [Client 16] Round 8 | Hier-pFedMe(λ2=35.0,K=3) | loss=0.6342  [Client 19] Round 8 | Hier-pFedMe(λ2=35.0,K=3) | loss=0.9309

  [Client 14] Round 8 | Hier-pFedMe(λ2=35.0,K=3) | loss=0.5912
  [Client 17] Round 8 | Hier-pFedMe(λ2=35.0,K=3) | loss=0.9522
  [Client 11] Round 8 | Hier-pFedMe(λ2=35.0,K=3) | loss=0.4627
  [Client 15] Round 8 | Hier-pFedMe(λ2=35.0,K=3) | loss=0.5734
  [Client 18] Round 8 | Hier-pFedMe(λ2=35.0,K=3) | loss=0.8635
  [Client 13] Round 8 | Hier-pFedMe(λ2=35.0,K=3) | loss=0.8642
  [Client 10] Round 8 | Hier-pFedMe(λ2=35.0,K=3) | loss=1.1717
  [Client 12] Round 8 | Hier-pFedMe(λ2=35.0,K=3) | loss=0.5262
  [Edge 1] G8 | E1 | loss=0.7570
  [Edge 1] G8 | E2 | Hier-pFedMe | Selected 10/10
  [Client 15] Round 8 | Hier-pFedMe(λ2=35.0,K=3) | loss=0.5422
  [Client 17] Round 8 | Hier-pFedMe(λ2=35.0,K=3) | loss=0.7343
  [Client 11] Round 8 | Hier-pFedMe(λ2=35.0,K=3) | loss=0.8290
  [Client 18] Round 8 | Hier-pFedMe(λ2=35.0,K=3) | loss=0.8759
  [Client 14] Round 8 | Hier-pFedMe(λ2=35.0,K=3) | loss=0.3021
  [Client 10] Round 8 | Hier-pFedMe(λ2=35.0,K=3) | loss=0.5032
  [Client 19] Round 8 | Hier-pFedMe(λ2=35.0,K=3) | loss=0.7817
  [Client 16] Round 8 | Hier-pFedMe(λ2=35.0,K=3) | loss=0.5649
  [Client 13] Round 8 | Hier-pFedMe(λ2=35.0,K=3) | loss=0.7540
  [Client 12] Round 8 | Hier-pFedMe(λ2=35.0,K=3) | loss=0.4603
  [Edge 1] G8 | E2 | loss=0.6348
  [Edge 1] G8 | E3 | Hier-pFedMe | Selected 10/10
  [Client 17] Round 8 | Hier-pFedMe(λ2=35.0,K=3) | loss=0.6717
  [Client 11] Round 8 | Hier-pFedMe(λ2=35.0,K=3) | loss=0.9036
  [Client 14] Round 8 | Hier-pFedMe(λ2=35.0,K=3) | loss=0.6803
  [Client 19] Round 8 | Hier-pFedMe(λ2=35.0,K=3) | loss=0.3767
  [Client 13] Round 8 | Hier-pFedMe(λ2=35.0,K=3) | loss=0.9242
  [Client 16] Round 8 | Hier-pFedMe(λ2=35.0,K=3) | loss=0.6549
  [Client 18] Round 8 | Hier-pFedMe(λ2=35.0,K=3) | loss=0.7331
  [Client 10] Round 8 | Hier-pFedMe(λ2=35.0,K=3) | loss=0.7673
  [Client 15] Round 8 | Hier-pFedMe(λ2=35.0,K=3) | loss=1.1195
  [Client 12] Round 8 | Hier-pFedMe(λ2=35.0,K=3) | loss=0.5328
  [Edge 1] G8 | E3 | loss=0.7364
  [Edge 1] G8 | E4 | Hier-pFedMe | Selected 10/10
  [Client 16] Round 8 | Hier-pFedMe(λ2=35.0,K=3) | loss=0.5882
  [Client 12] Round 8 | Hier-pFedMe(λ2=35.0,K=3) | loss=0.5804
  [Client 14] Round 8 | Hier-pFedMe(λ2=35.0,K=3) | loss=0.5302
  [Client 18] Round 8 | Hier-pFedMe(λ2=35.0,K=3) | loss=0.8050
  [Client 13] Round 8 | Hier-pFedMe(λ2=35.0,K=3) | loss=0.6274
  [Client 11] Round 8 | Hier-pFedMe(λ2=35.0,K=3) | loss=0.7488
  [Client 15] Round 8 | Hier-pFedMe(λ2=35.0,K=3) | loss=0.8175
  [Client 19] Round 8 | Hier-pFedMe(λ2=35.0,K=3) | loss=0.8019
  [Client 10] Round 8 | Hier-pFedMe(λ2=35.0,K=3) | loss=1.4499
  [Client 17] Round 8 | Hier-pFedMe(λ2=35.0,K=3) | loss=0.5393
  [Edge 1] G8 | E4 | loss=0.7489
  [Edge 1] G8 | E5 | Hier-pFedMe | Selected 10/10
  [Client 11] Round 8 | Hier-pFedMe(λ2=35.0,K=3) | loss=0.8651
  [Client 16] Round 8 | Hier-pFedMe(λ2=35.0,K=3) | loss=0.3431
  [Client 15] Round 8 | Hier-pFedMe(λ2=35.0,K=3) | loss=0.6001
  [Client 12] Round 8 | Hier-pFedMe(λ2=35.0,K=3) | loss=0.5354
  [Client 17] Round 8 | Hier-pFedMe(λ2=35.0,K=3) | loss=0.6087
  [Client 18] Round 8 | Hier-pFedMe(λ2=35.0,K=3) | loss=0.6688
  [Client 14] Round 8 | Hier-pFedMe(λ2=35.0,K=3) | loss=0.7445
  [Client 10] Round 8 | Hier-pFedMe(λ2=35.0,K=3) | loss=0.7185
  [Client 13] Round 8 | Hier-pFedMe(λ2=35.0,K=3) | loss=0.8644
  [Client 19] Round 8 | Hier-pFedMe(λ2=35.0,K=3) | loss=0.5286
  [Edge 1] G8 | E5 | loss=0.6477
[C0] eval model[0] mean=0.000540 | θ̃ mean=0.000540 | edge mean=-0.000555
[C0] n=1000 | classes=[3, 6] | acc=0.5350 | per_class={3: '0.13', 6: '0.96'}
[C1] eval model[0] mean=-0.000428 | θ̃ mean=-0.000428 | edge mean=-0.000555
[C1] n=1000 | classes=[3, 6] | acc=0.5150 | per_class={3: '1.00', 6: '0.00'}
[C2] eval model[0] mean=-0.001164 | θ̃ mean=-0.001164 | edge mean=-0.000555
[C2] n=1000 | classes=[2, 5] | acc=0.6570 | per_class={2: '0.78', 5: '0.53'}
[C3] eval model[0] mean=-0.000214 | θ̃ mean=-0.000214 | edge mean=-0.000555
[C3] n=1000 | classes=[5, 7] | acc=0.5200 | per_class={5: '0.08', 7: '0.97'}
[C4] eval model[0] mean=-0.001609 | θ̃ mean=-0.001609 | edge mean=-0.000555
[C4] n=1000 | classes=[2, 7] | acc=0.6010 | per_class={2: '0.38', 7: '0.83'}
[C5] eval model[0] mean=-0.000406 | θ̃ mean=-0.000406 | edge mean=-0.000555
[C5] n=1000 | classes=[2, 4] | acc=0.5290 | per_class={2: '0.37', 4: '0.69'}
[C6] eval model[0] mean=0.004185 | θ̃ mean=0.004185 | edge mean=-0.000555
[C6] n=1000 | classes=[6, 7] | acc=0.5820 | per_class={6: '0.94', 7: '0.23'}
[C7] eval model[0] mean=0.000779 | θ̃ mean=0.000779 | edge mean=-0.000555
[C7] n=1000 | classes=[3, 5] | acc=0.4880 | per_class={3: '0.83', 5: '0.17'}
[C8] eval model[0] mean=-0.001434 | θ̃ mean=-0.001434 | edge mean=-0.000555
[C8] n=500 | classes=[4] | acc=1.0000 | per_class={4: '1.00'}
[C9] eval model[0] mean=-0.001189 | θ̃ mean=-0.001189 | edge mean=-0.000555
[C9] n=500 | classes=[4] | acc=1.0000 | per_class={4: '1.00'}
[C10] eval model[0] mean=-0.001619 | θ̃ mean=-0.001619 | edge mean=-0.001067
[C10] n=600 | classes=[8, 9] | acc=0.7267 | per_class={8: '0.88', 9: '0.58'}
[C11] eval model[0] mean=-0.001657 | θ̃ mean=-0.001657 | edge mean=-0.001067
[C11] n=600 | classes=[0, 1] | acc=0.5567 | per_class={0: '0.11', 1: '1.00'}
[C12] eval model[0] mean=-0.001245 | θ̃ mean=-0.001245 | edge mean=-0.001067
[C12] n=600 | classes=[1, 8] | acc=0.6367 | per_class={1: '0.38', 8: '0.91'}
[C13] eval model[0] mean=-0.001367 | θ̃ mean=-0.001367 | edge mean=-0.001067
[C13] n=600 | classes=[0, 8] | acc=0.5267 | per_class={0: '1.00', 8: '0.02'}
[C14] eval model[0] mean=-0.002522 | θ̃ mean=-0.002522 | edge mean=-0.001067
[C14] n=600 | classes=[0, 9] | acc=0.5750 | per_class={0: '0.17', 9: '1.00'}
[C15] eval model[0] mean=-0.000933 | θ̃ mean=-0.000933 | edge mean=-0.001067
[C15] n=600 | classes=[0, 8] | acc=0.5150 | per_class={0: '0.96', 8: '0.06'}
[C16] eval model[0] mean=-0.002115 | θ̃ mean=-0.002115 | edge mean=-0.001067
[C16] n=600 | classes=[1, 8] | acc=0.7167 | per_class={1: '0.88', 8: '0.56'}
[C17] eval model[0] mean=-0.002434 | θ̃ mean=-0.002434 | edge mean=-0.001067
[C17] n=600 | classes=[1, 9] | acc=0.4783 | per_class={1: '0.94', 9: '0.05'}
[C18] eval model[0] mean=-0.000830 | θ̃ mean=-0.000830 | edge mean=-0.001067
[C18] n=600 | classes=[1, 9] | acc=0.5200 | per_class={1: '0.99', 9: '0.00'}
[C19] eval model[0] mean=-0.000736 | θ̃ mean=-0.000736 | edge mean=-0.001067
[C19] n=600 | classes=[0, 9] | acc=0.6550 | per_class={0: '0.80', 9: '0.52'}
  [Cloud] GM=0.2576 | EM=0.3103 PM=0.5981 | loss=2.1046 | time=16.8s | comm=2501.9MB (total=20015MB)

[Round   9] Broadcasting to 2 edges...
  [Edge 0] G9 | E1 | Hier-pFedMe | Selected 10/10
  [Client  2] Round 9 | Hier-pFedMe(λ2=35.0,K=3) | loss=0.5898  [Client  3] Round 9 | Hier-pFedMe(λ2=35.0,K=3) | loss=0.7624

  [Client  5] Round 9 | Hier-pFedMe(λ2=35.0,K=3) | loss=0.6172
  [Client  0] Round 9 | Hier-pFedMe(λ2=35.0,K=3) | loss=0.9141
  [Client  1] Round 9 | Hier-pFedMe(λ2=35.0,K=3) | loss=0.6593
  [Client  9] Round 9 | Hier-pFedMe(λ2=35.0,K=3) | loss=0.0248
  [Client  8] Round 9 | Hier-pFedMe(λ2=35.0,K=3) | loss=0.0413
  [Client  6] Round 9 | Hier-pFedMe(λ2=35.0,K=3) | loss=1.1310
  [Client  7] Round 9 | Hier-pFedMe(λ2=35.0,K=3) | loss=0.8194
  [Client  4] Round 9 | Hier-pFedMe(λ2=35.0,K=3) | loss=0.6917
  [Edge 0] G9 | E1 | loss=0.6909
  [Edge 0] G9 | E2 | Hier-pFedMe | Selected 10/10
  [Client  0] Round 9 | Hier-pFedMe(λ2=35.0,K=3) | loss=2.3665
  [Client  5] Round 9 | Hier-pFedMe(λ2=35.0,K=3) | loss=0.5843
  [Client  7] Round 9 | Hier-pFedMe(λ2=35.0,K=3) | loss=0.8014
  [Client  6] Round 9 | Hier-pFedMe(λ2=35.0,K=3) | loss=5.6147
  [Client  4] Round 9 | Hier-pFedMe(λ2=35.0,K=3) | loss=0.6692
  [Client  8] Round 9 | Hier-pFedMe(λ2=35.0,K=3) | loss=0.0523
  [Client  1] Round 9 | Hier-pFedMe(λ2=35.0,K=3) | loss=0.5194
  [Client  2] Round 9 | Hier-pFedMe(λ2=35.0,K=3) | loss=0.6708
  [Client  3] Round 9 | Hier-pFedMe(λ2=35.0,K=3) | loss=0.7250
  [Client  9] Round 9 | Hier-pFedMe(λ2=35.0,K=3) | loss=0.0954
  [Edge 0] G9 | E2 | loss=1.3361
  [Edge 0] G9 | E3 | Hier-pFedMe | Selected 10/10
  [Client  8] Round 9 | Hier-pFedMe(λ2=35.0,K=3) | loss=0.0556
  [Client  3] Round 9 | Hier-pFedMe(λ2=35.0,K=3) | loss=0.8566
  [Client  4] Round 9 | Hier-pFedMe(λ2=35.0,K=3) | loss=0.6734
  [Client  0] Round 9 | Hier-pFedMe(λ2=35.0,K=3) | loss=0.8717
  [Client  9] Round 9 | Hier-pFedMe(λ2=35.0,K=3) | loss=0.0320
  [Client  7] Round 9 | Hier-pFedMe(λ2=35.0,K=3) | loss=0.6596
  [Client  2] Round 9 | Hier-pFedMe(λ2=35.0,K=3) | loss=0.6697
  [Client  5] Round 9 | Hier-pFedMe(λ2=35.0,K=3) | loss=0.5472
  [Client  6] Round 9 | Hier-pFedMe(λ2=35.0,K=3) | loss=1.7297
  [Client  1] Round 9 | Hier-pFedMe(λ2=35.0,K=3) | loss=0.6227
  [Edge 0] G9 | E3 | loss=0.7416
  [Edge 0] G9 | E4 | Hier-pFedMe | Selected 10/10
  [Client  3] Round 9 | Hier-pFedMe(λ2=35.0,K=3) | loss=0.6365
  [Client  4] Round 9 | Hier-pFedMe(λ2=35.0,K=3) | loss=0.7282
  [Client  0] Round 9 | Hier-pFedMe(λ2=35.0,K=3) | loss=1.5536
  [Client  8] Round 9 | Hier-pFedMe(λ2=35.0,K=3) | loss=0.0165
  [Client  6] Round 9 | Hier-pFedMe(λ2=35.0,K=3) | loss=11.7290
  [Client  2] Round 9 | Hier-pFedMe(λ2=35.0,K=3) | loss=0.2722
  [Client  9] Round 9 | Hier-pFedMe(λ2=35.0,K=3) | loss=0.0380
  [Client  5] Round 9 | Hier-pFedMe(λ2=35.0,K=3) | loss=0.5863
  [Client  7] Round 9 | Hier-pFedMe(λ2=35.0,K=3) | loss=1.1888
  [Client  1] Round 9 | Hier-pFedMe(λ2=35.0,K=3) | loss=0.7722
  [Edge 0] G9 | E4 | loss=1.9438
  [Edge 0] G9 | E5 | Hier-pFedMe | Selected 10/10
  [Client  3] Round 9 | Hier-pFedMe(λ2=35.0,K=3) | loss=1.1746
  [Client  1] Round 9 | Hier-pFedMe(λ2=35.0,K=3) | loss=0.7223
  [Client  6] Round 9 | Hier-pFedMe(λ2=35.0,K=3) | loss=2.0670
  [Client  8] Round 9 | Hier-pFedMe(λ2=35.0,K=3) | loss=0.0337
  [Client  9] Round 9 | Hier-pFedMe(λ2=35.0,K=3) | loss=0.0391
  [Client  2] Round 9 | Hier-pFedMe(λ2=35.0,K=3) | loss=0.6530
  [Client  7] Round 9 | Hier-pFedMe(λ2=35.0,K=3) | loss=0.8528
  [Client  0] Round 9 | Hier-pFedMe(λ2=35.0,K=3) | loss=0.9776
  [Client  5] Round 9 | Hier-pFedMe(λ2=35.0,K=3) | loss=0.6304
  [Client  4] Round 9 | Hier-pFedMe(λ2=35.0,K=3) | loss=0.6885
  [Edge 0] G9 | E5 | loss=0.8670
  [Edge 1] G9 | E1 | Hier-pFedMe | Selected 10/10
  [Client 17] Round 9 | Hier-pFedMe(λ2=35.0,K=3) | loss=0.5242
  [Client 14] Round 9 | Hier-pFedMe(λ2=35.0,K=3) | loss=0.4988
  [Client 12] Round 9 | Hier-pFedMe(λ2=35.0,K=3) | loss=0.4496
  [Client 15] Round 9 | Hier-pFedMe(λ2=35.0,K=3) | loss=0.7897
  [Client 11] Round 9 | Hier-pFedMe(λ2=35.0,K=3) | loss=0.8048
  [Client 18] Round 9 | Hier-pFedMe(λ2=35.0,K=3) | loss=0.9304
  [Client 16] Round 9 | Hier-pFedMe(λ2=35.0,K=3) | loss=0.5659
  [Client 10] Round 9 | Hier-pFedMe(λ2=35.0,K=3) | loss=3.1979
  [Client 13] Round 9 | Hier-pFedMe(λ2=35.0,K=3) | loss=0.6794
  [Client 19] Round 9 | Hier-pFedMe(λ2=35.0,K=3) | loss=1.0590
  [Edge 1] G9 | E1 | loss=0.9500
  [Edge 1] G9 | E2 | Hier-pFedMe | Selected 10/10
  [Client 18] Round 9 | Hier-pFedMe(λ2=35.0,K=3) | loss=0.7563
  [Client 11] Round 9 | Hier-pFedMe(λ2=35.0,K=3) | loss=0.6503
  [Client 13] Round 9 | Hier-pFedMe(λ2=35.0,K=3) | loss=0.9411
  [Client 12] Round 9 | Hier-pFedMe(λ2=35.0,K=3) | loss=0.5546
  [Client 10] Round 9 | Hier-pFedMe(λ2=35.0,K=3) | loss=1.2998
  [Client 17] Round 9 | Hier-pFedMe(λ2=35.0,K=3) | loss=0.6042
  [Client 16] Round 9 | Hier-pFedMe(λ2=35.0,K=3) | loss=0.6274
  [Client 14] Round 9 | Hier-pFedMe(λ2=35.0,K=3) | loss=0.5285
  [Client 15] Round 9 | Hier-pFedMe(λ2=35.0,K=3) | loss=0.6128
  [Client 19] Round 9 | Hier-pFedMe(λ2=35.0,K=3) | loss=0.5242
  [Edge 1] G9 | E2 | loss=0.7099
  [Edge 1] G9 | E3 | Hier-pFedMe | Selected 10/10
  [Client 17] Round 9 | Hier-pFedMe(λ2=35.0,K=3) | loss=1.3211
  [Client 14] Round 9 | Hier-pFedMe(λ2=35.0,K=3) | loss=0.5141
  [Client 16] Round 9 | Hier-pFedMe(λ2=35.0,K=3) | loss=0.6057
  [Client 19] Round 9 | Hier-pFedMe(λ2=35.0,K=3) | loss=1.5306
  [Client 12] Round 9 | Hier-pFedMe(λ2=35.0,K=3) | loss=0.6657
  [Client 10] Round 9 | Hier-pFedMe(λ2=35.0,K=3) | loss=3.9395
  [Client 15] Round 9 | Hier-pFedMe(λ2=35.0,K=3) | loss=0.6761
  [Client 11] Round 9 | Hier-pFedMe(λ2=35.0,K=3) | loss=1.0317
  [Client 13] Round 9 | Hier-pFedMe(λ2=35.0,K=3) | loss=0.9101
  [Client 18] Round 9 | Hier-pFedMe(λ2=35.0,K=3) | loss=0.9149
  [Edge 1] G9 | E3 | loss=1.2109
  [Edge 1] G9 | E4 | Hier-pFedMe | Selected 10/10
  [Client 10] Round 9 | Hier-pFedMe(λ2=35.0,K=3) | loss=1.0649
  [Client 15] Round 9 | Hier-pFedMe(λ2=35.0,K=3) | loss=0.5724
  [Client 18] Round 9 | Hier-pFedMe(λ2=35.0,K=3) | loss=0.6255
  [Client 14] Round 9 | Hier-pFedMe(λ2=35.0,K=3) | loss=0.4262
  [Client 19] Round 9 | Hier-pFedMe(λ2=35.0,K=3) | loss=0.8609
  [Client 11] Round 9 | Hier-pFedMe(λ2=35.0,K=3) | loss=0.7073
  [Client 17] Round 9 | Hier-pFedMe(λ2=35.0,K=3) | loss=0.9249
  [Client 12] Round 9 | Hier-pFedMe(λ2=35.0,K=3) | loss=0.3576
  [Client 16] Round 9 | Hier-pFedMe(λ2=35.0,K=3) | loss=0.4427
  [Client 13] Round 9 | Hier-pFedMe(λ2=35.0,K=3) | loss=0.6770
  [Edge 1] G9 | E4 | loss=0.6659
  [Edge 1] G9 | E5 | Hier-pFedMe | Selected 10/10
  [Client 12] Round 9 | Hier-pFedMe(λ2=35.0,K=3) | loss=0.3887
  [Client 11] Round 9 | Hier-pFedMe(λ2=35.0,K=3) | loss=0.5228
  [Client 10] Round 9 | Hier-pFedMe(λ2=35.0,K=3) | loss=3.0827
  [Client 16] Round 9 | Hier-pFedMe(λ2=35.0,K=3) | loss=0.4661
  [Client 15] Round 9 | Hier-pFedMe(λ2=35.0,K=3) | loss=0.7743
  [Client 14] Round 9 | Hier-pFedMe(λ2=35.0,K=3) | loss=0.2557
  [Client 13] Round 9 | Hier-pFedMe(λ2=35.0,K=3) | loss=0.6686
  [Client 18] Round 9 | Hier-pFedMe(λ2=35.0,K=3) | loss=0.4656
  [Client 17] Round 9 | Hier-pFedMe(λ2=35.0,K=3) | loss=0.9401
  [Client 19] Round 9 | Hier-pFedMe(λ2=35.0,K=3) | loss=0.8349
  [Edge 1] G9 | E5 | loss=0.8399
[C0] eval model[0] mean=0.001211 | θ̃ mean=0.001211 | edge mean=0.000692
[C0] n=1000 | classes=[3, 6] | acc=0.5100 | per_class={3: '1.00', 6: '0.00'}
[C1] eval model[0] mean=0.000282 | θ̃ mean=0.000282 | edge mean=0.000692
[C1] n=1000 | classes=[3, 6] | acc=0.5790 | per_class={3: '0.23', 6: '0.95'}
[C2] eval model[0] mean=-0.000316 | θ̃ mean=-0.000316 | edge mean=0.000692
[C2] n=1000 | classes=[2, 5] | acc=0.6140 | per_class={2: '0.85', 5: '0.37'}
[C3] eval model[0] mean=0.000887 | θ̃ mean=0.000887 | edge mean=0.000692
[C3] n=1000 | classes=[5, 7] | acc=0.5060 | per_class={5: '1.00', 7: '0.00'}
[C4] eval model[0] mean=-0.000059 | θ̃ mean=-0.000059 | edge mean=0.000692
[C4] n=1000 | classes=[2, 7] | acc=0.5200 | per_class={2: '0.89', 7: '0.14'}
[C5] eval model[0] mean=0.000291 | θ̃ mean=0.000291 | edge mean=0.000692
[C5] n=1000 | classes=[2, 4] | acc=0.5140 | per_class={2: '0.11', 4: '0.94'}
[C6] eval model[0] mean=0.007671 | θ̃ mean=0.007671 | edge mean=0.000692
[C6] n=1000 | classes=[6, 7] | acc=0.5070 | per_class={6: '0.00', 7: '1.00'}
[C7] eval model[0] mean=0.000667 | θ̃ mean=0.000667 | edge mean=0.000692
[C7] n=1000 | classes=[3, 5] | acc=0.5150 | per_class={3: '0.00', 5: '1.00'}
[C8] eval model[0] mean=-0.001060 | θ̃ mean=-0.001060 | edge mean=0.000692
[C8] n=500 | classes=[4] | acc=1.0000 | per_class={4: '1.00'}
[C9] eval model[0] mean=-0.000423 | θ̃ mean=-0.000423 | edge mean=0.000692
[C9] n=500 | classes=[4] | acc=1.0000 | per_class={4: '1.00'}
[C10] eval model[0] mean=-0.002598 | θ̃ mean=-0.002598 | edge mean=-0.001441
[C10] n=600 | classes=[8, 9] | acc=0.5883 | per_class={8: '0.97', 9: '0.22'}
[C11] eval model[0] mean=-0.002052 | θ̃ mean=-0.002052 | edge mean=-0.001441
[C11] n=600 | classes=[0, 1] | acc=0.5483 | per_class={0: '0.95', 1: '0.15'}
[C12] eval model[0] mean=-0.001631 | θ̃ mean=-0.001631 | edge mean=-0.001441
[C12] n=600 | classes=[1, 8] | acc=0.6933 | per_class={1: '0.60', 8: '0.79'}
[C13] eval model[0] mean=-0.000368 | θ̃ mean=-0.000368 | edge mean=-0.001441
[C13] n=600 | classes=[0, 8] | acc=0.5000 | per_class={0: '0.96', 8: '0.00'}
[C14] eval model[0] mean=-0.001504 | θ̃ mean=-0.001504 | edge mean=-0.001441
[C14] n=600 | classes=[0, 9] | acc=0.7550 | per_class={0: '0.69', 9: '0.83'}
[C15] eval model[0] mean=-0.000404 | θ̃ mean=-0.000404 | edge mean=-0.001441
[C15] n=600 | classes=[0, 8] | acc=0.4850 | per_class={0: '0.05', 8: '0.94'}
[C16] eval model[0] mean=-0.001537 | θ̃ mean=-0.001537 | edge mean=-0.001441
[C16] n=600 | classes=[1, 8] | acc=0.7483 | per_class={1: '0.71', 8: '0.78'}
[C17] eval model[0] mean=-0.001389 | θ̃ mean=-0.001389 | edge mean=-0.001441
[C17] n=600 | classes=[1, 9] | acc=0.4817 | per_class={1: '1.00', 9: '0.00'}
[C18] eval model[0] mean=-0.002474 | θ̃ mean=-0.002474 | edge mean=-0.001441
[C18] n=600 | classes=[1, 9] | acc=0.6367 | per_class={1: '0.67', 9: '0.60'}
[C19] eval model[0] mean=-0.002026 | θ̃ mean=-0.002026 | edge mean=-0.001441
[C19] n=600 | classes=[0, 9] | acc=0.6817 | per_class={0: '0.34', 9: '0.99'}
  [Cloud] GM=0.2402 | EM=0.3113 PM=0.5957 | loss=2.0978 | time=17.1s | comm=2501.9MB (total=22517MB)

[Round  10] Broadcasting to 2 edges...
  [Edge 0] G10 | E1 | Hier-pFedMe | Selected 10/10
  [Client  3] Round 10 | Hier-pFedMe(λ2=35.0,K=3) | loss=0.7917
  [Client  7] Round 10 | Hier-pFedMe(λ2=35.0,K=3) | loss=0.7046
  [Client  9] Round 10 | Hier-pFedMe(λ2=35.0,K=3) | loss=0.0290
  [Client  5] Round 10 | Hier-pFedMe(λ2=35.0,K=3) | loss=0.5661
  [Client  4] Round 10 | Hier-pFedMe(λ2=35.0,K=3) | loss=0.6582
  [Client  0] Round 10 | Hier-pFedMe(λ2=35.0,K=3) | loss=1.4788
  [Client  6] Round 10 | Hier-pFedMe(λ2=35.0,K=3) | loss=9.5505
  [Client  8] Round 10 | Hier-pFedMe(λ2=35.0,K=3) | loss=0.0360
  [Client  2] Round 10 | Hier-pFedMe(λ2=35.0,K=3) | loss=0.6574
  [Client  1] Round 10 | Hier-pFedMe(λ2=35.0,K=3) | loss=0.7127
  [Edge 0] G10 | E1 | loss=1.6836
  [Edge 0] G10 | E2 | Hier-pFedMe | Selected 10/10
  [Client  7] Round 10 | Hier-pFedMe(λ2=35.0,K=3) | loss=0.9743  [Client  5] Round 10 | Hier-pFedMe(λ2=35.0,K=3) | loss=0.7536

  [Client  4] Round 10 | Hier-pFedMe(λ2=35.0,K=3) | loss=0.5839
  [Client  6] Round 10 | Hier-pFedMe(λ2=35.0,K=3) | loss=2.2428
  [Client  0] Round 10 | Hier-pFedMe(λ2=35.0,K=3) | loss=0.7741
  [Client  8] Round 10 | Hier-pFedMe(λ2=35.0,K=3) | loss=0.0699
  [Client  1] Round 10 | Hier-pFedMe(λ2=35.0,K=3) | loss=0.6533
  [Client  2] Round 10 | Hier-pFedMe(λ2=35.0,K=3) | loss=0.5433
  [Client  3] Round 10 | Hier-pFedMe(λ2=35.0,K=3) | loss=0.8495
  [Client  9] Round 10 | Hier-pFedMe(λ2=35.0,K=3) | loss=0.0191
  [Edge 0] G10 | E2 | loss=0.8244
  [Edge 0] G10 | E3 | Hier-pFedMe | Selected 10/10
  [Client  8] Round 10 | Hier-pFedMe(λ2=35.0,K=3) | loss=0.0221
  [Client  1] Round 10 | Hier-pFedMe(λ2=35.0,K=3) | loss=0.7235  [Client  2] Round 10 | Hier-pFedMe(λ2=35.0,K=3) | loss=0.6314

  [Client  3] Round 10 | Hier-pFedMe(λ2=35.0,K=3) | loss=0.7663
  [Client  7] Round 10 | Hier-pFedMe(λ2=35.0,K=3) | loss=0.9697
  [Client  4] Round 10 | Hier-pFedMe(λ2=35.0,K=3) | loss=0.5161
  [Client  0] Round 10 | Hier-pFedMe(λ2=35.0,K=3) | loss=0.4608
  [Client  9] Round 10 | Hier-pFedMe(λ2=35.0,K=3) | loss=0.0250
  [Client  5] Round 10 | Hier-pFedMe(λ2=35.0,K=3) | loss=0.7578
  [Client  6] Round 10 | Hier-pFedMe(λ2=35.0,K=3) | loss=19.5186
  [Edge 0] G10 | E3 | loss=2.7075
  [Edge 0] G10 | E4 | Hier-pFedMe | Selected 10/10
  [Client  1] Round 10 | Hier-pFedMe(λ2=35.0,K=3) | loss=0.6489
  [Client  4] Round 10 | Hier-pFedMe(λ2=35.0,K=3) | loss=0.7542
  [Client  0] Round 10 | Hier-pFedMe(λ2=35.0,K=3) | loss=0.9185
  [Client  6] Round 10 | Hier-pFedMe(λ2=35.0,K=3) | loss=2.2495
  [Client  5] Round 10 | Hier-pFedMe(λ2=35.0,K=3) | loss=0.7310
  [Client  3] Round 10 | Hier-pFedMe(λ2=35.0,K=3) | loss=1.2413
  [Client  9] Round 10 | Hier-pFedMe(λ2=35.0,K=3) | loss=0.0409
  [Client  2] Round 10 | Hier-pFedMe(λ2=35.0,K=3) | loss=0.5469
  [Client  8] Round 10 | Hier-pFedMe(λ2=35.0,K=3) | loss=0.0425
  [Client  7] Round 10 | Hier-pFedMe(λ2=35.0,K=3) | loss=0.8022
  [Edge 0] G10 | E4 | loss=0.8816
  [Edge 0] G10 | E5 | Hier-pFedMe | Selected 10/10
  [Client  0] Round 10 | Hier-pFedMe(λ2=35.0,K=3) | loss=0.4190
  [Client  2] Round 10 | Hier-pFedMe(λ2=35.0,K=3) | loss=0.7140
  [Client  4] Round 10 | Hier-pFedMe(λ2=35.0,K=3) | loss=0.5124
  [Client  6] Round 10 | Hier-pFedMe(λ2=35.0,K=3) | loss=10.6942
  [Client  5] Round 10 | Hier-pFedMe(λ2=35.0,K=3) | loss=0.8419
  [Client  8] Round 10 | Hier-pFedMe(λ2=35.0,K=3) | loss=0.0290
  [Client  7] Round 10 | Hier-pFedMe(λ2=35.0,K=3) | loss=0.8140
  [Client  3] Round 10 | Hier-pFedMe(λ2=35.0,K=3) | loss=1.0780
  [Client  9] Round 10 | Hier-pFedMe(λ2=35.0,K=3) | loss=0.0354
  [Client  1] Round 10 | Hier-pFedMe(λ2=35.0,K=3) | loss=0.6474
  [Edge 0] G10 | E5 | loss=1.7504
  [Edge 1] G10 | E1 | Hier-pFedMe | Selected 10/10
  [Client 11] Round 10 | Hier-pFedMe(λ2=35.0,K=3) | loss=0.6666
  [Client 18] Round 10 | Hier-pFedMe(λ2=35.0,K=3) | loss=0.6398
  [Client 19] Round 10 | Hier-pFedMe(λ2=35.0,K=3) | loss=0.4595
  [Client 16] Round 10 | Hier-pFedMe(λ2=35.0,K=3) | loss=0.4834
  [Client 13] Round 10 | Hier-pFedMe(λ2=35.0,K=3) | loss=0.9064  [Client 17] Round 10 | Hier-pFedMe(λ2=35.0,K=3) | loss=0.5766
  [Client 14] Round 10 | Hier-pFedMe(λ2=35.0,K=3) | loss=0.5088

  [Client 10] Round 10 | Hier-pFedMe(λ2=35.0,K=3) | loss=1.0529
  [Client 12] Round 10 | Hier-pFedMe(λ2=35.0,K=3) | loss=0.4220
  [Client 15] Round 10 | Hier-pFedMe(λ2=35.0,K=3) | loss=0.6012
  [Edge 1] G10 | E1 | loss=0.6317
  [Edge 1] G10 | E2 | Hier-pFedMe | Selected 10/10
  [Client 18] Round 10 | Hier-pFedMe(λ2=35.0,K=3) | loss=0.7974
  [Client 10] Round 10 | Hier-pFedMe(λ2=35.0,K=3) | loss=1.8354
  [Client 16] Round 10 | Hier-pFedMe(λ2=35.0,K=3) | loss=0.2289
  [Client 14] Round 10 | Hier-pFedMe(λ2=35.0,K=3) | loss=0.4685
  [Client 19] Round 10 | Hier-pFedMe(λ2=35.0,K=3) | loss=0.6229
  [Client 13] Round 10 | Hier-pFedMe(λ2=35.0,K=3) | loss=0.6214
  [Client 12] Round 10 | Hier-pFedMe(λ2=35.0,K=3) | loss=0.5534
  [Client 17] Round 10 | Hier-pFedMe(λ2=35.0,K=3) | loss=1.0425
  [Client 15] Round 10 | Hier-pFedMe(λ2=35.0,K=3) | loss=1.0269
  [Client 11] Round 10 | Hier-pFedMe(λ2=35.0,K=3) | loss=0.7142
  [Edge 1] G10 | E2 | loss=0.7911
  [Edge 1] G10 | E3 | Hier-pFedMe | Selected 10/10
  [Client 15] Round 10 | Hier-pFedMe(λ2=35.0,K=3) | loss=0.7897
  [Client 12] Round 10 | Hier-pFedMe(λ2=35.0,K=3) | loss=0.6825
  [Client 10] Round 10 | Hier-pFedMe(λ2=35.0,K=3) | loss=0.7730
  [Client 16] Round 10 | Hier-pFedMe(λ2=35.0,K=3) | loss=0.6801
  [Client 17] Round 10 | Hier-pFedMe(λ2=35.0,K=3) | loss=0.4889
  [Client 11] Round 10 | Hier-pFedMe(λ2=35.0,K=3) | loss=0.5572
  [Client 18] Round 10 | Hier-pFedMe(λ2=35.0,K=3) | loss=0.9736
  [Client 19] Round 10 | Hier-pFedMe(λ2=35.0,K=3) | loss=0.5306
  [Client 13] Round 10 | Hier-pFedMe(λ2=35.0,K=3) | loss=0.6167
  [Client 14] Round 10 | Hier-pFedMe(λ2=35.0,K=3) | loss=0.3423
  [Edge 1] G10 | E3 | loss=0.6435
  [Edge 1] G10 | E4 | Hier-pFedMe | Selected 10/10
  [Client 17] Round 10 | Hier-pFedMe(λ2=35.0,K=3) | loss=0.6282
  [Client 15] Round 10 | Hier-pFedMe(λ2=35.0,K=3) | loss=1.3056
  [Client 19] Round 10 | Hier-pFedMe(λ2=35.0,K=3) | loss=0.5911
  [Client 11] Round 10 | Hier-pFedMe(λ2=35.0,K=3) | loss=0.6864
  [Client 12] Round 10 | Hier-pFedMe(λ2=35.0,K=3) | loss=0.3680
  [Client 18] Round 10 | Hier-pFedMe(λ2=35.0,K=3) | loss=0.5426
  [Client 10] Round 10 | Hier-pFedMe(λ2=35.0,K=3) | loss=2.4754
  [Client 16] Round 10 | Hier-pFedMe(λ2=35.0,K=3) | loss=0.5057
  [Client 14] Round 10 | Hier-pFedMe(λ2=35.0,K=3) | loss=0.5704
  [Client 13] Round 10 | Hier-pFedMe(λ2=35.0,K=3) | loss=0.4561
  [Edge 1] G10 | E4 | loss=0.8130
  [Edge 1] G10 | E5 | Hier-pFedMe | Selected 10/10
  [Client 10] Round 10 | Hier-pFedMe(λ2=35.0,K=3) | loss=0.9574
  [Client 16] Round 10 | Hier-pFedMe(λ2=35.0,K=3) | loss=0.4636
  [Client 13] Round 10 | Hier-pFedMe(λ2=35.0,K=3) | loss=0.6420
  [Client 19] Round 10 | Hier-pFedMe(λ2=35.0,K=3) | loss=0.3748
  [Client 15] Round 10 | Hier-pFedMe(λ2=35.0,K=3) | loss=0.8536
  [Client 18] Round 10 | Hier-pFedMe(λ2=35.0,K=3) | loss=0.5957
  [Client 11] Round 10 | Hier-pFedMe(λ2=35.0,K=3) | loss=0.5977
  [Client 12] Round 10 | Hier-pFedMe(λ2=35.0,K=3) | loss=0.5588
  [Client 14] Round 10 | Hier-pFedMe(λ2=35.0,K=3) | loss=0.3747
  [Client 17] Round 10 | Hier-pFedMe(λ2=35.0,K=3) | loss=0.7646
  [Edge 1] G10 | E5 | loss=0.6183
[C0] eval model[0] mean=0.000431 | θ̃ mean=0.000431 | edge mean=0.000790
[C0] n=1000 | classes=[3, 6] | acc=0.6370 | per_class={3: '0.67', 6: '0.60'}
[C1] eval model[0] mean=0.000666 | θ̃ mean=0.000666 | edge mean=0.000790
[C1] n=1000 | classes=[3, 6] | acc=0.6640 | per_class={3: '0.57', 6: '0.77'}
[C2] eval model[0] mean=0.000616 | θ̃ mean=0.000616 | edge mean=0.000790
[C2] n=1000 | classes=[2, 5] | acc=0.6380 | per_class={2: '0.46', 5: '0.82'}
[C3] eval model[0] mean=0.001299 | θ̃ mean=0.001299 | edge mean=0.000790
[C3] n=1000 | classes=[5, 7] | acc=0.4950 | per_class={5: '0.00', 7: '1.00'}
[C4] eval model[0] mean=0.000323 | θ̃ mean=0.000323 | edge mean=0.000790
[C4] n=1000 | classes=[2, 7] | acc=0.5580 | per_class={2: '0.65', 7: '0.46'}
[C5] eval model[0] mean=0.000100 | θ̃ mean=0.000100 | edge mean=0.000790
[C5] n=1000 | classes=[2, 4] | acc=0.5100 | per_class={2: '1.00', 4: '0.00'}
[C6] eval model[0] mean=0.018905 | θ̃ mean=0.018905 | edge mean=0.000790
[C6] n=1000 | classes=[6, 7] | acc=0.5060 | per_class={6: '0.00', 7: '1.00'}
[C7] eval model[0] mean=0.001058 | θ̃ mean=0.001058 | edge mean=0.000790
[C7] n=1000 | classes=[3, 5] | acc=0.4900 | per_class={3: '0.76', 5: '0.24'}
[C8] eval model[0] mean=-0.000074 | θ̃ mean=-0.000074 | edge mean=0.000790
[C8] n=500 | classes=[4] | acc=1.0000 | per_class={4: '1.00'}
[C9] eval model[0] mean=0.000044 | θ̃ mean=0.000044 | edge mean=0.000790
[C9] n=500 | classes=[4] | acc=1.0000 | per_class={4: '1.00'}
[C10] eval model[0] mean=-0.002942 | θ̃ mean=-0.002942 | edge mean=-0.001127
[C10] n=600 | classes=[8, 9] | acc=0.6817 | per_class={8: '0.37', 9: '0.98'}
[C11] eval model[0] mean=0.000078 | θ̃ mean=0.000078 | edge mean=-0.001127
[C11] n=600 | classes=[0, 1] | acc=0.6083 | per_class={0: '0.88', 1: '0.33'}
[C12] eval model[0] mean=-0.002502 | θ̃ mean=-0.002502 | edge mean=-0.001127
[C12] n=600 | classes=[1, 8] | acc=0.6983 | per_class={1: '0.90', 8: '0.49'}
[C13] eval model[0] mean=-0.000741 | θ̃ mean=-0.000741 | edge mean=-0.001127
[C13] n=600 | classes=[0, 8] | acc=0.5167 | per_class={0: '0.96', 8: '0.03'}
[C14] eval model[0] mean=-0.000945 | θ̃ mean=-0.000945 | edge mean=-0.001127
[C14] n=600 | classes=[0, 9] | acc=0.7400 | per_class={0: '0.77', 9: '0.71'}
[C15] eval model[0] mean=-0.001301 | θ̃ mean=-0.001301 | edge mean=-0.001127
[C15] n=600 | classes=[0, 8] | acc=0.5183 | per_class={0: '0.06', 8: '0.99'}
[C16] eval model[0] mean=-0.001012 | θ̃ mean=-0.001012 | edge mean=-0.001127
[C16] n=600 | classes=[1, 8] | acc=0.7117 | per_class={1: '0.61', 8: '0.81'}
[C17] eval model[0] mean=-0.000942 | θ̃ mean=-0.000942 | edge mean=-0.001127
[C17] n=600 | classes=[1, 9] | acc=0.5183 | per_class={1: '0.00', 9: '1.00'}
[C18] eval model[0] mean=-0.002374 | θ̃ mean=-0.002374 | edge mean=-0.001127
[C18] n=600 | classes=[1, 9] | acc=0.5550 | per_class={1: '0.96', 9: '0.11'}
[C19] eval model[0] mean=-0.000950 | θ̃ mean=-0.000950 | edge mean=-0.001127
[C19] n=600 | classes=[0, 9] | acc=0.6583 | per_class={0: '0.82', 9: '0.51'}
  [Cloud] GM=0.2591 | EM=0.3284 PM=0.6148 | loss=2.0893 | time=16.9s | comm=2501.9MB (total=25019MB)

[Round  11] Broadcasting to 2 edges...
  [Edge 0] G11 | E1 | Hier-pFedMe | Selected 10/10
  [Client  3] Round 11 | Hier-pFedMe(λ2=35.0,K=3) | loss=0.8915
  [Client  4] Round 11 | Hier-pFedMe(λ2=35.0,K=3) | loss=0.7265
  [Client  7] Round 11 | Hier-pFedMe(λ2=35.0,K=3) | loss=0.7437
  [Client  8] Round 11 | Hier-pFedMe(λ2=35.0,K=3) | loss=0.0380
  [Client  9] Round 11 | Hier-pFedMe(λ2=35.0,K=3) | loss=0.0775
  [Client  6] Round 11 | Hier-pFedMe(λ2=35.0,K=3) | loss=2.1074
  [Client  2] Round 11 | Hier-pFedMe(λ2=35.0,K=3) | loss=0.6547
  [Client  1] Round 11 | Hier-pFedMe(λ2=35.0,K=3) | loss=0.7152
  [Client  5] Round 11 | Hier-pFedMe(λ2=35.0,K=3) | loss=0.6349
  [Client  0] Round 11 | Hier-pFedMe(λ2=35.0,K=3) | loss=0.8006
  [Edge 0] G11 | E1 | loss=0.8147
  [Edge 0] G11 | E2 | Hier-pFedMe | Selected 10/10
  [Client  9] Round 11 | Hier-pFedMe(λ2=35.0,K=3) | loss=0.0372
  [Client  2] Round 11 | Hier-pFedMe(λ2=35.0,K=3) | loss=0.6981
  [Client  8] Round 11 | Hier-pFedMe(λ2=35.0,K=3) | loss=0.0492
  [Client  0] Round 11 | Hier-pFedMe(λ2=35.0,K=3) | loss=0.4871
  [Client  1] Round 11 | Hier-pFedMe(λ2=35.0,K=3) | loss=0.5942
  [Client  7] Round 11 | Hier-pFedMe(λ2=35.0,K=3) | loss=0.5808
  [Client  3] Round 11 | Hier-pFedMe(λ2=35.0,K=3) | loss=0.9288
  [Client  4] Round 11 | Hier-pFedMe(λ2=35.0,K=3) | loss=0.7114
  [Client  5] Round 11 | Hier-pFedMe(λ2=35.0,K=3) | loss=0.5448
  [Client  6] Round 11 | Hier-pFedMe(λ2=35.0,K=3) | loss=28.8387
  [Edge 0] G11 | E2 | loss=3.7141
  [Edge 0] G11 | E3 | Hier-pFedMe | Selected 10/10
  [Client  5] Round 11 | Hier-pFedMe(λ2=35.0,K=3) | loss=0.7568
  [Client  6] Round 11 | Hier-pFedMe(λ2=35.0,K=3) | loss=2.2896
  [Client  7] Round 11 | Hier-pFedMe(λ2=35.0,K=3) | loss=0.8199
  [Client  2] Round 11 | Hier-pFedMe(λ2=35.0,K=3) | loss=0.7466
  [Client  9] Round 11 | Hier-pFedMe(λ2=35.0,K=3) | loss=0.1103
  [Client  8] Round 11 | Hier-pFedMe(λ2=35.0,K=3) | loss=0.0455
  [Client  1] Round 11 | Hier-pFedMe(λ2=35.0,K=3) | loss=0.7514
  [Client  0] Round 11 | Hier-pFedMe(λ2=35.0,K=3) | loss=0.8538
  [Client  4] Round 11 | Hier-pFedMe(λ2=35.0,K=3) | loss=0.5258
  [Client  3] Round 11 | Hier-pFedMe(λ2=35.0,K=3) | loss=0.5904
  [Edge 0] G11 | E3 | loss=0.8236
  [Edge 0] G11 | E4 | Hier-pFedMe | Selected 10/10
  [Client  9] Round 11 | Hier-pFedMe(λ2=35.0,K=3) | loss=0.0454
  [Client  2] Round 11 | Hier-pFedMe(λ2=35.0,K=3) | loss=0.7042
  [Client  3] Round 11 | Hier-pFedMe(λ2=35.0,K=3) | loss=0.7210
  [Client  8] Round 11 | Hier-pFedMe(λ2=35.0,K=3) | loss=0.0983
  [Client  1] Round 11 | Hier-pFedMe(λ2=35.0,K=3) | loss=0.6169
  [Client  7] Round 11 | Hier-pFedMe(λ2=35.0,K=3) | loss=0.4637
  [Client  5] Round 11 | Hier-pFedMe(λ2=35.0,K=3) | loss=0.6843
  [Client  0] Round 11 | Hier-pFedMe(λ2=35.0,K=3) | loss=0.5028
  [Client  4] Round 11 | Hier-pFedMe(λ2=35.0,K=3) | loss=0.7402
  [Client  6] Round 11 | Hier-pFedMe(λ2=35.0,K=3) | loss=15.4930
  [Edge 0] G11 | E4 | loss=2.2220
  [Edge 0] G11 | E5 | Hier-pFedMe | Selected 10/10
  [Client  7] Round 11 | Hier-pFedMe(λ2=35.0,K=3) | loss=0.7205
  [Client  2] Round 11 | Hier-pFedMe(λ2=35.0,K=3) | loss=0.5283
  [Client  4] Round 11 | Hier-pFedMe(λ2=35.0,K=3) | loss=0.8316
  [Client  6] Round 11 | Hier-pFedMe(λ2=35.0,K=3) | loss=2.3092
  [Client  9] Round 11 | Hier-pFedMe(λ2=35.0,K=3) | loss=0.0836
  [Client  3] Round 11 | Hier-pFedMe(λ2=35.0,K=3) | loss=0.8685
  [Client  5] Round 11 | Hier-pFedMe(λ2=35.0,K=3) | loss=0.6607
  [Client  8] Round 11 | Hier-pFedMe(λ2=35.0,K=3) | loss=0.0317
  [Client  0] Round 11 | Hier-pFedMe(λ2=35.0,K=3) | loss=0.7297
  [Client  1] Round 11 | Hier-pFedMe(λ2=35.0,K=3) | loss=0.6837
  [Edge 0] G11 | E5 | loss=0.8211
  [Edge 1] G11 | E1 | Hier-pFedMe | Selected 10/10
  [Client 13] Round 11 | Hier-pFedMe(λ2=35.0,K=3) | loss=1.1092
  [Client 19] Round 11 | Hier-pFedMe(λ2=35.0,K=3) | loss=0.7202
  [Client 14] Round 11 | Hier-pFedMe(λ2=35.0,K=3) | loss=0.5077
  [Client 16] Round 11 | Hier-pFedMe(λ2=35.0,K=3) | loss=0.4785
  [Client 12] Round 11 | Hier-pFedMe(λ2=35.0,K=3) | loss=0.4115
  [Client 11] Round 11 | Hier-pFedMe(λ2=35.0,K=3) | loss=0.5289
  [Client 10] Round 11 | Hier-pFedMe(λ2=35.0,K=3) | loss=4.2472
  [Client 15] Round 11 | Hier-pFedMe(λ2=35.0,K=3) | loss=1.5615
  [Client 18] Round 11 | Hier-pFedMe(λ2=35.0,K=3) | loss=0.6279
  [Client 17] Round 11 | Hier-pFedMe(λ2=35.0,K=3) | loss=0.7135
  [Edge 1] G11 | E1 | loss=1.0906
  [Edge 1] G11 | E2 | Hier-pFedMe | Selected 10/10
  [Client 14] Round 11 | Hier-pFedMe(λ2=35.0,K=3) | loss=0.2975
  [Client 16] Round 11 | Hier-pFedMe(λ2=35.0,K=3) | loss=0.3362
  [Client 18] Round 11 | Hier-pFedMe(λ2=35.0,K=3) | loss=0.5700
  [Client 10] Round 11 | Hier-pFedMe(λ2=35.0,K=3) | loss=1.2794
  [Client 11] Round 11 | Hier-pFedMe(λ2=35.0,K=3) | loss=1.0038
  [Client 13] Round 11 | Hier-pFedMe(λ2=35.0,K=3) | loss=0.8415
  [Client 12] Round 11 | Hier-pFedMe(λ2=35.0,K=3) | loss=0.5714
  [Client 19] Round 11 | Hier-pFedMe(λ2=35.0,K=3) | loss=0.2968
  [Client 15] Round 11 | Hier-pFedMe(λ2=35.0,K=3) | loss=0.9281
  [Client 17] Round 11 | Hier-pFedMe(λ2=35.0,K=3) | loss=0.6032
  [Edge 1] G11 | E2 | loss=0.6728
  [Edge 1] G11 | E3 | Hier-pFedMe | Selected 10/10
  [Client 13] Round 11 | Hier-pFedMe(λ2=35.0,K=3) | loss=1.2762  [Client 15] Round 11 | Hier-pFedMe(λ2=35.0,K=3) | loss=0.4351

  [Client 17] Round 11 | Hier-pFedMe(λ2=35.0,K=3) | loss=0.4234
  [Client 18] Round 11 | Hier-pFedMe(λ2=35.0,K=3) | loss=0.7167
  [Client 16] Round 11 | Hier-pFedMe(λ2=35.0,K=3) | loss=0.4884
  [Client 12] Round 11 | Hier-pFedMe(λ2=35.0,K=3) | loss=0.6414
  [Client 19] Round 11 | Hier-pFedMe(λ2=35.0,K=3) | loss=0.5797
  [Client 10] Round 11 | Hier-pFedMe(λ2=35.0,K=3) | loss=2.5443
  [Client 11] Round 11 | Hier-pFedMe(λ2=35.0,K=3) | loss=0.6985
  [Client 14] Round 11 | Hier-pFedMe(λ2=35.0,K=3) | loss=0.4230
  [Edge 1] G11 | E3 | loss=0.8227
  [Edge 1] G11 | E4 | Hier-pFedMe | Selected 10/10
  [Client 17] Round 11 | Hier-pFedMe(λ2=35.0,K=3) | loss=0.6417
  [Client 11] Round 11 | Hier-pFedMe(λ2=35.0,K=3) | loss=0.5708
  [Client 19] Round 11 | Hier-pFedMe(λ2=35.0,K=3) | loss=0.4200
  [Client 10] Round 11 | Hier-pFedMe(λ2=35.0,K=3) | loss=1.1139
  [Client 15] Round 11 | Hier-pFedMe(λ2=35.0,K=3) | loss=1.2162
  [Client 16] Round 11 | Hier-pFedMe(λ2=35.0,K=3) | loss=0.5081
  [Client 13] Round 11 | Hier-pFedMe(λ2=35.0,K=3) | loss=0.7086
  [Client 12] Round 11 | Hier-pFedMe(λ2=35.0,K=3) | loss=0.5617
  [Client 14] Round 11 | Hier-pFedMe(λ2=35.0,K=3) | loss=0.5306
  [Client 18] Round 11 | Hier-pFedMe(λ2=35.0,K=3) | loss=0.6085
  [Edge 1] G11 | E4 | loss=0.6880
  [Edge 1] G11 | E5 | Hier-pFedMe | Selected 10/10
  [Client 18] Round 11 | Hier-pFedMe(λ2=35.0,K=3) | loss=0.7074
  [Client 11] Round 11 | Hier-pFedMe(λ2=35.0,K=3) | loss=0.4081
  [Client 14] Round 11 | Hier-pFedMe(λ2=35.0,K=3) | loss=0.5070
  [Client 15] Round 11 | Hier-pFedMe(λ2=35.0,K=3) | loss=0.8937
  [Client 12] Round 11 | Hier-pFedMe(λ2=35.0,K=3) | loss=0.4442
  [Client 10] Round 11 | Hier-pFedMe(λ2=35.0,K=3) | loss=0.4678  [Client 17] Round 11 | Hier-pFedMe(λ2=35.0,K=3) | loss=0.5481

  [Client 13] Round 11 | Hier-pFedMe(λ2=35.0,K=3) | loss=0.6105
  [Client 16] Round 11 | Hier-pFedMe(λ2=35.0,K=3) | loss=0.4675
  [Client 19] Round 11 | Hier-pFedMe(λ2=35.0,K=3) | loss=0.4242
  [Edge 1] G11 | E5 | loss=0.5478
[C0] eval model[0] mean=0.003846 | θ̃ mean=0.003846 | edge mean=0.003633
[C0] n=1000 | classes=[3, 6] | acc=0.6250 | per_class={3: '0.47', 6: '0.79'}
[C1] eval model[0] mean=0.002678 | θ̃ mean=0.002678 | edge mean=0.003633
[C1] n=1000 | classes=[3, 6] | acc=0.5720 | per_class={3: '0.37', 6: '0.79'}
[C2] eval model[0] mean=0.004298 | θ̃ mean=0.004298 | edge mean=0.003633
[C2] n=1000 | classes=[2, 5] | acc=0.6140 | per_class={2: '0.91', 5: '0.31'}
[C3] eval model[0] mean=0.003559 | θ̃ mean=0.003559 | edge mean=0.003633
[C3] n=1000 | classes=[5, 7] | acc=0.5300 | per_class={5: '0.09', 7: '0.98'}
[C4] eval model[0] mean=0.003547 | θ̃ mean=0.003547 | edge mean=0.003633
[C4] n=1000 | classes=[2, 7] | acc=0.5920 | per_class={2: '0.64', 7: '0.54'}
[C5] eval model[0] mean=0.003511 | θ̃ mean=0.003511 | edge mean=0.003633
[C5] n=1000 | classes=[2, 4] | acc=0.5550 | per_class={2: '0.67', 4: '0.44'}
[C6] eval model[0] mean=0.016224 | θ̃ mean=0.016224 | edge mean=0.003633
[C6] n=1000 | classes=[6, 7] | acc=0.1880 | per_class={6: '0.03', 7: '0.34'}
[C7] eval model[0] mean=0.003975 | θ̃ mean=0.003975 | edge mean=0.003633
[C7] n=1000 | classes=[3, 5] | acc=0.5000 | per_class={3: '0.56', 5: '0.44'}
[C8] eval model[0] mean=0.002870 | θ̃ mean=0.002870 | edge mean=0.003633
[C8] n=500 | classes=[4] | acc=1.0000 | per_class={4: '1.00'}
[C9] eval model[0] mean=0.003282 | θ̃ mean=0.003282 | edge mean=0.003633
[C9] n=500 | classes=[4] | acc=1.0000 | per_class={4: '1.00'}
[C10] eval model[0] mean=-0.001045 | θ̃ mean=-0.001045 | edge mean=-0.001035
[C10] n=600 | classes=[8, 9] | acc=0.6717 | per_class={8: '0.89', 9: '0.46'}
[C11] eval model[0] mean=-0.000968 | θ̃ mean=-0.000968 | edge mean=-0.001035
[C11] n=600 | classes=[0, 1] | acc=0.6800 | per_class={0: '0.74', 1: '0.62'}
[C12] eval model[0] mean=-0.002012 | θ̃ mean=-0.002012 | edge mean=-0.001035
[C12] n=600 | classes=[1, 8] | acc=0.6483 | per_class={1: '0.39', 8: '0.92'}
[C13] eval model[0] mean=-0.000858 | θ̃ mean=-0.000858 | edge mean=-0.001035
[C13] n=600 | classes=[0, 8] | acc=0.6050 | per_class={0: '0.64', 8: '0.57'}
[C14] eval model[0] mean=-0.001794 | θ̃ mean=-0.001794 | edge mean=-0.001035
[C14] n=600 | classes=[0, 9] | acc=0.7300 | per_class={0: '0.52', 9: '0.95'}
[C15] eval model[0] mean=-0.002703 | θ̃ mean=-0.002703 | edge mean=-0.001035
[C15] n=600 | classes=[0, 8] | acc=0.4883 | per_class={0: '0.00', 8: '0.99'}
[C16] eval model[0] mean=-0.001858 | θ̃ mean=-0.001858 | edge mean=-0.001035
[C16] n=600 | classes=[1, 8] | acc=0.7583 | per_class={1: '0.80', 8: '0.72'}
[C17] eval model[0] mean=-0.001772 | θ̃ mean=-0.001772 | edge mean=-0.001035
[C17] n=600 | classes=[1, 9] | acc=0.5917 | per_class={1: '0.74', 9: '0.45'}
[C18] eval model[0] mean=-0.001314 | θ̃ mean=-0.001314 | edge mean=-0.001035
[C18] n=600 | classes=[1, 9] | acc=0.4800 | per_class={1: '0.01', 9: '1.00'}
[C19] eval model[0] mean=-0.000756 | θ̃ mean=-0.000756 | edge mean=-0.001035
[C19] n=600 | classes=[0, 9] | acc=0.7267 | per_class={0: '0.66', 9: '0.79'}
  [Cloud] GM=0.2514 | EM=0.3223 PM=0.6003 | loss=2.0853 | time=16.8s | comm=2501.9MB (total=27521MB)

[Round  12] Broadcasting to 2 edges...
  [Edge 0] G12 | E1 | Hier-pFedMe | Selected 10/10
  [Client  5] Round 12 | Hier-pFedMe(λ2=35.0,K=3) | loss=0.7284
  [Client  8] Round 12 | Hier-pFedMe(λ2=35.0,K=3) | loss=0.0569
  [Client  0] Round 12 | Hier-pFedMe(λ2=35.0,K=3) | loss=0.5688
  [Client  9] Round 12 | Hier-pFedMe(λ2=35.0,K=3) | loss=0.0286
  [Client  7] Round 12 | Hier-pFedMe(λ2=35.0,K=3) | loss=0.5512
  [Client  1] Round 12 | Hier-pFedMe(λ2=35.0,K=3) | loss=0.6768
  [Client  4] Round 12 | Hier-pFedMe(λ2=35.0,K=3) | loss=0.6901
  [Client  6] Round 12 | Hier-pFedMe(λ2=35.0,K=3) | loss=35.5087
  [Client  2] Round 12 | Hier-pFedMe(λ2=35.0,K=3) | loss=0.5097
  [Client  3] Round 12 | Hier-pFedMe(λ2=35.0,K=3) | loss=0.4512
  [Edge 0] G12 | E1 | loss=4.4142
  [Edge 0] G12 | E2 | Hier-pFedMe | Selected 10/10
  [Client  0] Round 12 | Hier-pFedMe(λ2=35.0,K=3) | loss=0.7198
  [Client  4] Round 12 | Hier-pFedMe(λ2=35.0,K=3) | loss=0.9554
  [Client  9] Round 12 | Hier-pFedMe(λ2=35.0,K=3) | loss=0.0502
  [Client  8] Round 12 | Hier-pFedMe(λ2=35.0,K=3) | loss=0.0411
  [Client  7] Round 12 | Hier-pFedMe(λ2=35.0,K=3) | loss=0.5967
  [Client  2] Round 12 | Hier-pFedMe(λ2=35.0,K=3) | loss=0.5497
  [Client  1] Round 12 | Hier-pFedMe(λ2=35.0,K=3) | loss=0.5952
  [Client  5] Round 12 | Hier-pFedMe(λ2=35.0,K=3) | loss=0.4779
  [Client  6] Round 12 | Hier-pFedMe(λ2=35.0,K=3) | loss=2.0109
  [Client  3] Round 12 | Hier-pFedMe(λ2=35.0,K=3) | loss=0.6536
  [Edge 0] G12 | E2 | loss=0.7339
  [Edge 0] G12 | E3 | Hier-pFedMe | Selected 10/10
  [Client  2] Round 12 | Hier-pFedMe(λ2=35.0,K=3) | loss=0.7615
  [Client  4] Round 12 | Hier-pFedMe(λ2=35.0,K=3) | loss=0.7063
  [Client  0] Round 12 | Hier-pFedMe(λ2=35.0,K=3) | loss=0.6830
  [Client  3] Round 12 | Hier-pFedMe(λ2=35.0,K=3) | loss=0.9113
  [Client  1] Round 12 | Hier-pFedMe(λ2=35.0,K=3) | loss=0.5326
  [Client  7] Round 12 | Hier-pFedMe(λ2=35.0,K=3) | loss=0.5798
  [Client  8] Round 12 | Hier-pFedMe(λ2=35.0,K=3) | loss=0.1218
  [Client  9] Round 12 | Hier-pFedMe(λ2=35.0,K=3) | loss=0.0869
  [Client  6] Round 12 | Hier-pFedMe(λ2=35.0,K=3) | loss=1.7566
  [Client  5] Round 12 | Hier-pFedMe(λ2=35.0,K=3) | loss=0.7667
  [Edge 0] G12 | E3 | loss=0.7558
  [Edge 0] G12 | E4 | Hier-pFedMe | Selected 10/10
  [Client  1] Round 12 | Hier-pFedMe(λ2=35.0,K=3) | loss=0.4897
  [Client  6] Round 12 | Hier-pFedMe(λ2=35.0,K=3) | loss=1.6922
  [Client  5] Round 12 | Hier-pFedMe(λ2=35.0,K=3) | loss=0.6075
  [Client  0] Round 12 | Hier-pFedMe(λ2=35.0,K=3) | loss=0.8410
  [Client  2] Round 12 | Hier-pFedMe(λ2=35.0,K=3) | loss=0.5388
  [Client  3] Round 12 | Hier-pFedMe(λ2=35.0,K=3) | loss=0.8148
  [Client  7] Round 12 | Hier-pFedMe(λ2=35.0,K=3) | loss=1.1894
  [Client  4] Round 12 | Hier-pFedMe(λ2=35.0,K=3) | loss=1.1428
  [Client  9] Round 12 | Hier-pFedMe(λ2=35.0,K=3) | loss=0.1240
  [Client  8] Round 12 | Hier-pFedMe(λ2=35.0,K=3) | loss=0.0548
  [Edge 0] G12 | E4 | loss=0.8228
  [Edge 0] G12 | E5 | Hier-pFedMe | Selected 10/10
  [Client  5] Round 12 | Hier-pFedMe(λ2=35.0,K=3) | loss=0.6520
  [Client  9] Round 12 | Hier-pFedMe(λ2=35.0,K=3) | loss=0.0498
  [Client  1] Round 12 | Hier-pFedMe(λ2=35.0,K=3) | loss=0.5740
  [Client  4] Round 12 | Hier-pFedMe(λ2=35.0,K=3) | loss=0.8049
  [Client  8] Round 12 | Hier-pFedMe(λ2=35.0,K=3) | loss=0.0695
  [Client  7] Round 12 | Hier-pFedMe(λ2=35.0,K=3) | loss=0.6982
  [Client  6] Round 12 | Hier-pFedMe(λ2=35.0,K=3) | loss=2.1865
  [Client  0] Round 12 | Hier-pFedMe(λ2=35.0,K=3) | loss=0.5382
  [Client  3] Round 12 | Hier-pFedMe(λ2=35.0,K=3) | loss=0.9488
  [Client  2] Round 12 | Hier-pFedMe(λ2=35.0,K=3) | loss=0.6703
  [Edge 0] G12 | E5 | loss=0.7925
  [Edge 1] G12 | E1 | Hier-pFedMe | Selected 10/10
  [Client 14] Round 12 | Hier-pFedMe(λ2=35.0,K=3) | loss=0.8144
  [Client 18] Round 12 | Hier-pFedMe(λ2=35.0,K=3) | loss=0.7434
  [Client 13] Round 12 | Hier-pFedMe(λ2=35.0,K=3) | loss=0.6726
  [Client 10] Round 12 | Hier-pFedMe(λ2=35.0,K=3) | loss=0.7896
  [Client 15] Round 12 | Hier-pFedMe(λ2=35.0,K=3) | loss=0.6851
  [Client 17] Round 12 | Hier-pFedMe(λ2=35.0,K=3) | loss=0.7735
  [Client 19] Round 12 | Hier-pFedMe(λ2=35.0,K=3) | loss=0.3459
  [Client 12] Round 12 | Hier-pFedMe(λ2=35.0,K=3) | loss=0.5934
  [Client 11] Round 12 | Hier-pFedMe(λ2=35.0,K=3) | loss=0.6041
  [Client 16] Round 12 | Hier-pFedMe(λ2=35.0,K=3) | loss=0.3622
  [Edge 1] G12 | E1 | loss=0.6384
  [Edge 1] G12 | E2 | Hier-pFedMe | Selected 10/10
  [Client 13] Round 12 | Hier-pFedMe(λ2=35.0,K=3) | loss=0.5684
  [Client 19] Round 12 | Hier-pFedMe(λ2=35.0,K=3) | loss=0.5224
  [Client 15] Round 12 | Hier-pFedMe(λ2=35.0,K=3) | loss=0.7889
  [Client 11] Round 12 | Hier-pFedMe(λ2=35.0,K=3) | loss=0.4895
  [Client 18] Round 12 | Hier-pFedMe(λ2=35.0,K=3) | loss=0.5958
  [Client 12] Round 12 | Hier-pFedMe(λ2=35.0,K=3) | loss=0.4186
  [Client 14] Round 12 | Hier-pFedMe(λ2=35.0,K=3) | loss=0.4289
  [Client 10] Round 12 | Hier-pFedMe(λ2=35.0,K=3) | loss=1.8061
  [Client 16] Round 12 | Hier-pFedMe(λ2=35.0,K=3) | loss=0.6232
  [Client 17] Round 12 | Hier-pFedMe(λ2=35.0,K=3) | loss=1.0870
  [Edge 1] G12 | E2 | loss=0.7329
  [Edge 1] G12 | E3 | Hier-pFedMe | Selected 10/10
  [Client 14] Round 12 | Hier-pFedMe(λ2=35.0,K=3) | loss=0.2893
  [Client 12] Round 12 | Hier-pFedMe(λ2=35.0,K=3) | loss=0.5305
  [Client 13] Round 12 | Hier-pFedMe(λ2=35.0,K=3) | loss=0.7512
  [Client 10] Round 12 | Hier-pFedMe(λ2=35.0,K=3) | loss=0.5712
  [Client 18] Round 12 | Hier-pFedMe(λ2=35.0,K=3) | loss=0.6025
  [Client 16] Round 12 | Hier-pFedMe(λ2=35.0,K=3) | loss=0.3866
  [Client 19] Round 12 | Hier-pFedMe(λ2=35.0,K=3) | loss=0.3792
  [Client 15] Round 12 | Hier-pFedMe(λ2=35.0,K=3) | loss=0.7782
  [Client 17] Round 12 | Hier-pFedMe(λ2=35.0,K=3) | loss=0.7204
  [Client 11] Round 12 | Hier-pFedMe(λ2=35.0,K=3) | loss=0.5111
  [Edge 1] G12 | E3 | loss=0.5520
  [Edge 1] G12 | E4 | Hier-pFedMe | Selected 10/10
  [Client 17] Round 12 | Hier-pFedMe(λ2=35.0,K=3) | loss=0.4567
  [Client 11] Round 12 | Hier-pFedMe(λ2=35.0,K=3) | loss=0.3060
  [Client 15] Round 12 | Hier-pFedMe(λ2=35.0,K=3) | loss=1.2167
  [Client 13] Round 12 | Hier-pFedMe(λ2=35.0,K=3) | loss=0.8529
  [Client 19] Round 12 | Hier-pFedMe(λ2=35.0,K=3) | loss=0.7130
  [Client 18] Round 12 | Hier-pFedMe(λ2=35.0,K=3) | loss=1.3642
  [Client 14] Round 12 | Hier-pFedMe(λ2=35.0,K=3) | loss=0.3192
  [Client 10] Round 12 | Hier-pFedMe(λ2=35.0,K=3) | loss=4.3345
  [Client 12] Round 12 | Hier-pFedMe(λ2=35.0,K=3) | loss=0.4177
  [Client 16] Round 12 | Hier-pFedMe(λ2=35.0,K=3) | loss=0.5664
  [Edge 1] G12 | E4 | loss=1.0547
  [Edge 1] G12 | E5 | Hier-pFedMe | Selected 10/10
  [Client 16] Round 12 | Hier-pFedMe(λ2=35.0,K=3) | loss=0.7758
  [Client 13] Round 12 | Hier-pFedMe(λ2=35.0,K=3) | loss=0.5474
  [Client 18] Round 12 | Hier-pFedMe(λ2=35.0,K=3) | loss=0.8335
  [Client 15] Round 12 | Hier-pFedMe(λ2=35.0,K=3) | loss=0.8666
  [Client 17] Round 12 | Hier-pFedMe(λ2=35.0,K=3) | loss=0.4803
  [Client 11] Round 12 | Hier-pFedMe(λ2=35.0,K=3) | loss=0.4354
  [Client 10] Round 12 | Hier-pFedMe(λ2=35.0,K=3) | loss=1.1393
  [Client 19] Round 12 | Hier-pFedMe(λ2=35.0,K=3) | loss=0.4471
  [Client 12] Round 12 | Hier-pFedMe(λ2=35.0,K=3) | loss=0.6156
  [Client 14] Round 12 | Hier-pFedMe(λ2=35.0,K=3) | loss=0.5393
  [Edge 1] G12 | E5 | loss=0.6680
[C0] eval model[0] mean=0.004334 | θ̃ mean=0.004334 | edge mean=0.004096
[C0] n=1000 | classes=[3, 6] | acc=0.5680 | per_class={3: '0.95', 6: '0.17'}
[C1] eval model[0] mean=0.004391 | θ̃ mean=0.004391 | edge mean=0.004096
[C1] n=1000 | classes=[3, 6] | acc=0.6370 | per_class={3: '0.44', 6: '0.84'}
[C2] eval model[0] mean=0.004854 | θ̃ mean=0.004854 | edge mean=0.004096
[C2] n=1000 | classes=[2, 5] | acc=0.5540 | per_class={2: '0.97', 5: '0.13'}
[C3] eval model[0] mean=0.004675 | θ̃ mean=0.004675 | edge mean=0.004096
[C3] n=1000 | classes=[5, 7] | acc=0.5380 | per_class={5: '0.80', 7: '0.27'}
[C4] eval model[0] mean=0.004159 | θ̃ mean=0.004159 | edge mean=0.004096
[C4] n=1000 | classes=[2, 7] | acc=0.5150 | per_class={2: '0.99', 7: '0.03'}
[C5] eval model[0] mean=0.004302 | θ̃ mean=0.004302 | edge mean=0.004096
[C5] n=1000 | classes=[2, 4] | acc=0.5540 | per_class={2: '0.29', 4: '0.83'}
[C6] eval model[0] mean=0.002845 | θ̃ mean=0.002845 | edge mean=0.004096
[C6] n=1000 | classes=[6, 7] | acc=0.4520 | per_class={6: '0.92', 7: '0.00'}
[C7] eval model[0] mean=0.003902 | θ̃ mean=0.003902 | edge mean=0.004096
[C7] n=1000 | classes=[3, 5] | acc=0.4800 | per_class={3: '0.99', 5: '0.00'}
[C8] eval model[0] mean=0.003472 | θ̃ mean=0.003472 | edge mean=0.004096
[C8] n=500 | classes=[4] | acc=1.0000 | per_class={4: '1.00'}
[C9] eval model[0] mean=0.003270 | θ̃ mean=0.003270 | edge mean=0.004096
[C9] n=500 | classes=[4] | acc=1.0000 | per_class={4: '1.00'}
[C10] eval model[0] mean=-0.002573 | θ̃ mean=-0.002573 | edge mean=0.000521
[C10] n=600 | classes=[8, 9] | acc=0.7033 | per_class={8: '0.48', 9: '0.92'}
[C11] eval model[0] mean=0.000770 | θ̃ mean=0.000770 | edge mean=0.000521
[C11] n=600 | classes=[0, 1] | acc=0.6833 | per_class={0: '0.76', 1: '0.61'}
[C12] eval model[0] mean=0.000234 | θ̃ mean=0.000234 | edge mean=0.000521
[C12] n=600 | classes=[1, 8] | acc=0.7100 | per_class={1: '0.63', 8: '0.80'}
[C13] eval model[0] mean=0.001042 | θ̃ mean=0.001042 | edge mean=0.000521
[C13] n=600 | classes=[0, 8] | acc=0.5967 | per_class={0: '0.33', 8: '0.88'}
[C14] eval model[0] mean=0.000906 | θ̃ mean=0.000906 | edge mean=0.000521
[C14] n=600 | classes=[0, 9] | acc=0.6700 | per_class={0: '0.87', 9: '0.46'}
[C15] eval model[0] mean=-0.000577 | θ̃ mean=-0.000577 | edge mean=0.000521
[C15] n=600 | classes=[0, 8] | acc=0.6400 | per_class={0: '0.48', 8: '0.81'}
[C16] eval model[0] mean=-0.000898 | θ̃ mean=-0.000898 | edge mean=0.000521
[C16] n=600 | classes=[1, 8] | acc=0.7517 | per_class={1: '0.80', 8: '0.71'}
[C17] eval model[0] mean=-0.000100 | θ̃ mean=-0.000100 | edge mean=0.000521
[C17] n=600 | classes=[1, 9] | acc=0.4850 | per_class={1: '1.00', 9: '0.01'}
[C18] eval model[0] mean=0.000008 | θ̃ mean=0.000008 | edge mean=0.000521
[C18] n=600 | classes=[1, 9] | acc=0.4850 | per_class={1: '0.02', 9: '1.00'}
[C19] eval model[0] mean=0.001598 | θ̃ mean=0.001598 | edge mean=0.000521
[C19] n=600 | classes=[0, 9] | acc=0.6367 | per_class={0: '0.79', 9: '0.49'}
  [Cloud] GM=0.2638 | EM=0.3250 PM=0.6077 | loss=2.0827 | time=17.2s | comm=2501.9MB (total=30023MB)

[Round  13] Broadcasting to 2 edges...
  [Edge 0] G13 | E1 | Hier-pFedMe | Selected 10/10
  [Client  1] Round 13 | Hier-pFedMe(λ2=35.0,K=3) | loss=0.5229
  [Client  6] Round 13 | Hier-pFedMe(λ2=35.0,K=3) | loss=1.7297
  [Client  9] Round 13 | Hier-pFedMe(λ2=35.0,K=3) | loss=0.0650
  [Client  3] Round 13 | Hier-pFedMe(λ2=35.0,K=3) | loss=0.6798
  [Client  5] Round 13 | Hier-pFedMe(λ2=35.0,K=3) | loss=0.4580
  [Client  4] Round 13 | Hier-pFedMe(λ2=35.0,K=3) | loss=0.9767
  [Client  8] Round 13 | Hier-pFedMe(λ2=35.0,K=3) | loss=0.0495
  [Client  0] Round 13 | Hier-pFedMe(λ2=35.0,K=3) | loss=0.4472
  [Client  7] Round 13 | Hier-pFedMe(λ2=35.0,K=3) | loss=0.8361
  [Client  2] Round 13 | Hier-pFedMe(λ2=35.0,K=3) | loss=0.5442
  [Edge 0] G13 | E1 | loss=0.6947
  [Edge 0] G13 | E2 | Hier-pFedMe | Selected 10/10
  [Client  0] Round 13 | Hier-pFedMe(λ2=35.0,K=3) | loss=0.4609
  [Client  8] Round 13 | Hier-pFedMe(λ2=35.0,K=3) | loss=0.0547
  [Client  9] Round 13 | Hier-pFedMe(λ2=35.0,K=3) | loss=0.0284
  [Client  2] Round 13 | Hier-pFedMe(λ2=35.0,K=3) | loss=0.6746
  [Client  3] Round 13 | Hier-pFedMe(λ2=35.0,K=3) | loss=0.6055
  [Client  5] Round 13 | Hier-pFedMe(λ2=35.0,K=3) | loss=0.4740
  [Client  6] Round 13 | Hier-pFedMe(λ2=35.0,K=3) | loss=2.1884
  [Client  1] Round 13 | Hier-pFedMe(λ2=35.0,K=3) | loss=0.5869
  [Client  7] Round 13 | Hier-pFedMe(λ2=35.0,K=3) | loss=0.7317
  [Client  4] Round 13 | Hier-pFedMe(λ2=35.0,K=3) | loss=0.4410
  [Edge 0] G13 | E2 | loss=0.6894
  [Edge 0] G13 | E3 | Hier-pFedMe | Selected 10/10
  [Client  8] Round 13 | Hier-pFedMe(λ2=35.0,K=3) | loss=0.0096
  [Client  5] Round 13 | Hier-pFedMe(λ2=35.0,K=3) | loss=0.7984
  [Client  2] Round 13 | Hier-pFedMe(λ2=35.0,K=3) | loss=0.5801
  [Client  1] Round 13 | Hier-pFedMe(λ2=35.0,K=3) | loss=0.5183
  [Client  9] Round 13 | Hier-pFedMe(λ2=35.0,K=3) | loss=0.0438
  [Client  0] Round 13 | Hier-pFedMe(λ2=35.0,K=3) | loss=0.6789
  [Client  6] Round 13 | Hier-pFedMe(λ2=35.0,K=3) | loss=1.4013  [Client  4] Round 13 | Hier-pFedMe(λ2=35.0,K=3) | loss=0.8732

  [Client  3] Round 13 | Hier-pFedMe(λ2=35.0,K=3) | loss=0.5114
  [Client  7] Round 13 | Hier-pFedMe(λ2=35.0,K=3) | loss=0.7242
  [Edge 0] G13 | E3 | loss=0.6792
  [Edge 0] G13 | E4 | Hier-pFedMe | Selected 10/10
  [Client  5] Round 13 | Hier-pFedMe(λ2=35.0,K=3) | loss=0.4350
  [Client  6] Round 13 | Hier-pFedMe(λ2=35.0,K=3) | loss=0.7831
  [Client  7] Round 13 | Hier-pFedMe(λ2=35.0,K=3) | loss=0.6485
  [Client  8] Round 13 | Hier-pFedMe(λ2=35.0,K=3) | loss=0.0395
  [Client  2] Round 13 | Hier-pFedMe(λ2=35.0,K=3) | loss=0.8794
  [Client  0] Round 13 | Hier-pFedMe(λ2=35.0,K=3) | loss=0.4943
  [Client  4] Round 13 | Hier-pFedMe(λ2=35.0,K=3) | loss=0.6124
  [Client  3] Round 13 | Hier-pFedMe(λ2=35.0,K=3) | loss=0.6064
  [Client  9] Round 13 | Hier-pFedMe(λ2=35.0,K=3) | loss=0.0341
  [Client  1] Round 13 | Hier-pFedMe(λ2=35.0,K=3) | loss=0.5989
  [Edge 0] G13 | E4 | loss=0.5661
  [Edge 0] G13 | E5 | Hier-pFedMe | Selected 10/10
  [Client  3] Round 13 | Hier-pFedMe(λ2=35.0,K=3) | loss=0.6022
  [Client  8] Round 13 | Hier-pFedMe(λ2=35.0,K=3) | loss=0.0142
  [Client  0] Round 13 | Hier-pFedMe(λ2=35.0,K=3) | loss=0.6549
  [Client  2] Round 13 | Hier-pFedMe(λ2=35.0,K=3) | loss=0.4199
  [Client  6] Round 13 | Hier-pFedMe(λ2=35.0,K=3) | loss=0.8002
  [Client  9] Round 13 | Hier-pFedMe(λ2=35.0,K=3) | loss=0.0122
  [Client  5] Round 13 | Hier-pFedMe(λ2=35.0,K=3) | loss=1.1660
  [Client  4] Round 13 | Hier-pFedMe(λ2=35.0,K=3) | loss=0.6354
  [Client  7] Round 13 | Hier-pFedMe(λ2=35.0,K=3) | loss=0.7719
  [Client  1] Round 13 | Hier-pFedMe(λ2=35.0,K=3) | loss=0.5359
  [Edge 0] G13 | E5 | loss=0.6222
  [Edge 1] G13 | E1 | Hier-pFedMe | Selected 10/10
  [Client 19] Round 13 | Hier-pFedMe(λ2=35.0,K=3) | loss=0.4530
  [Client 10] Round 13 | Hier-pFedMe(λ2=35.0,K=3) | loss=3.4848
  [Client 16] Round 13 | Hier-pFedMe(λ2=35.0,K=3) | loss=0.4697
  [Client 14] Round 13 | Hier-pFedMe(λ2=35.0,K=3) | loss=0.5453
  [Client 11] Round 13 | Hier-pFedMe(λ2=35.0,K=3) | loss=0.5854
  [Client 15] Round 13 | Hier-pFedMe(λ2=35.0,K=3) | loss=0.7799
  [Client 12] Round 13 | Hier-pFedMe(λ2=35.0,K=3) | loss=0.3633
  [Client 13] Round 13 | Hier-pFedMe(λ2=35.0,K=3) | loss=0.7056
  [Client 18] Round 13 | Hier-pFedMe(λ2=35.0,K=3) | loss=0.9290
  [Client 17] Round 13 | Hier-pFedMe(λ2=35.0,K=3) | loss=0.8954
  [Edge 1] G13 | E1 | loss=0.9211
  [Edge 1] G13 | E2 | Hier-pFedMe | Selected 10/10
  [Client 17] Round 13 | Hier-pFedMe(λ2=35.0,K=3) | loss=0.4246
  [Client 11] Round 13 | Hier-pFedMe(λ2=35.0,K=3) | loss=0.5730
  [Client 14] Round 13 | Hier-pFedMe(λ2=35.0,K=3) | loss=0.3554
  [Client 13] Round 13 | Hier-pFedMe(λ2=35.0,K=3) | loss=0.7590
  [Client 12] Round 13 | Hier-pFedMe(λ2=35.0,K=3) | loss=0.4880
  [Client 19] Round 13 | Hier-pFedMe(λ2=35.0,K=3) | loss=0.5741
  [Client 18] Round 13 | Hier-pFedMe(λ2=35.0,K=3) | loss=0.5633
  [Client 16] Round 13 | Hier-pFedMe(λ2=35.0,K=3) | loss=0.8406
  [Client 10] Round 13 | Hier-pFedMe(λ2=35.0,K=3) | loss=1.4144
  [Client 15] Round 13 | Hier-pFedMe(λ2=35.0,K=3) | loss=1.1327
  [Edge 1] G13 | E2 | loss=0.7125
  [Edge 1] G13 | E3 | Hier-pFedMe | Selected 10/10
  [Client 12] Round 13 | Hier-pFedMe(λ2=35.0,K=3) | loss=0.5115
  [Client 11] Round 13 | Hier-pFedMe(λ2=35.0,K=3) | loss=0.2575
  [Client 15] Round 13 | Hier-pFedMe(λ2=35.0,K=3) | loss=0.8682
  [Client 13] Round 13 | Hier-pFedMe(λ2=35.0,K=3) | loss=0.7321
  [Client 18] Round 13 | Hier-pFedMe(λ2=35.0,K=3) | loss=0.2621
  [Client 16] Round 13 | Hier-pFedMe(λ2=35.0,K=3) | loss=0.6186
  [Client 10] Round 13 | Hier-pFedMe(λ2=35.0,K=3) | loss=3.5965
  [Client 14] Round 13 | Hier-pFedMe(λ2=35.0,K=3) | loss=0.4070
  [Client 19] Round 13 | Hier-pFedMe(λ2=35.0,K=3) | loss=0.3388
  [Client 17] Round 13 | Hier-pFedMe(λ2=35.0,K=3) | loss=0.6834
  [Edge 1] G13 | E3 | loss=0.8276
  [Edge 1] G13 | E4 | Hier-pFedMe | Selected 10/10
  [Client 19] Round 13 | Hier-pFedMe(λ2=35.0,K=3) | loss=0.4408
  [Client 12] Round 13 | Hier-pFedMe(λ2=35.0,K=3) | loss=0.5355
  [Client 16] Round 13 | Hier-pFedMe(λ2=35.0,K=3) | loss=0.6766
  [Client 11] Round 13 | Hier-pFedMe(λ2=35.0,K=3) | loss=0.5607
  [Client 15] Round 13 | Hier-pFedMe(λ2=35.0,K=3) | loss=0.7578
  [Client 18] Round 13 | Hier-pFedMe(λ2=35.0,K=3) | loss=0.6682
  [Client 17] Round 13 | Hier-pFedMe(λ2=35.0,K=3) | loss=0.5805
  [Client 10] Round 13 | Hier-pFedMe(λ2=35.0,K=3) | loss=1.0691
  [Client 14] Round 13 | Hier-pFedMe(λ2=35.0,K=3) | loss=0.2137
  [Client 13] Round 13 | Hier-pFedMe(λ2=35.0,K=3) | loss=0.5193
  [Edge 1] G13 | E4 | loss=0.6022
  [Edge 1] G13 | E5 | Hier-pFedMe | Selected 10/10
  [Client 14] Round 13 | Hier-pFedMe(λ2=35.0,K=3) | loss=0.5793
  [Client 17] Round 13 | Hier-pFedMe(λ2=35.0,K=3) | loss=0.6470
  [Client 11] Round 13 | Hier-pFedMe(λ2=35.0,K=3) | loss=0.3875
  [Client 10] Round 13 | Hier-pFedMe(λ2=35.0,K=3) | loss=1.6332
  [Client 12] Round 13 | Hier-pFedMe(λ2=35.0,K=3) | loss=0.3086
  [Client 13] Round 13 | Hier-pFedMe(λ2=35.0,K=3) | loss=0.8463
  [Client 19] Round 13 | Hier-pFedMe(λ2=35.0,K=3) | loss=0.3368
  [Client 16] Round 13 | Hier-pFedMe(λ2=35.0,K=3) | loss=0.4985
  [Client 18] Round 13 | Hier-pFedMe(λ2=35.0,K=3) | loss=0.6398
  [Client 15] Round 13 | Hier-pFedMe(λ2=35.0,K=3) | loss=0.8860
  [Edge 1] G13 | E5 | loss=0.6763
[C0] eval model[0] mean=0.001874 | θ̃ mean=0.001874 | edge mean=0.002157
[C0] n=1000 | classes=[3, 6] | acc=0.6140 | per_class={3: '0.89', 6: '0.32'}
[C1] eval model[0] mean=0.002240 | θ̃ mean=0.002240 | edge mean=0.002157
[C1] n=1000 | classes=[3, 6] | acc=0.6620 | per_class={3: '0.60', 6: '0.73'}
[C2] eval model[0] mean=0.001689 | θ̃ mean=0.001689 | edge mean=0.002157
[C2] n=1000 | classes=[2, 5] | acc=0.5520 | per_class={2: '0.95', 5: '0.14'}
[C3] eval model[0] mean=0.002564 | θ̃ mean=0.002564 | edge mean=0.002157
[C3] n=1000 | classes=[5, 7] | acc=0.5910 | per_class={5: '0.87', 7: '0.31'}
[C4] eval model[0] mean=0.001809 | θ̃ mean=0.001809 | edge mean=0.002157
[C4] n=1000 | classes=[2, 7] | acc=0.6110 | per_class={2: '0.84', 7: '0.37'}
[C5] eval model[0] mean=0.000975 | θ̃ mean=0.000975 | edge mean=0.002157
[C5] n=1000 | classes=[2, 4] | acc=0.4900 | per_class={2: '0.00', 4: '1.00'}
[C6] eval model[0] mean=0.003902 | θ̃ mean=0.003902 | edge mean=0.002157
[C6] n=1000 | classes=[6, 7] | acc=0.6620 | per_class={6: '0.45', 7: '0.86'}
[C7] eval model[0] mean=0.001608 | θ̃ mean=0.001608 | edge mean=0.002157
[C7] n=1000 | classes=[3, 5] | acc=0.4850 | per_class={3: '1.00', 5: '0.00'}
[C8] eval model[0] mean=0.001841 | θ̃ mean=0.001841 | edge mean=0.002157
[C8] n=500 | classes=[4] | acc=1.0000 | per_class={4: '1.00'}
[C9] eval model[0] mean=0.001871 | θ̃ mean=0.001871 | edge mean=0.002157
[C9] n=500 | classes=[4] | acc=1.0000 | per_class={4: '1.00'}
[C10] eval model[0] mean=-0.000368 | θ̃ mean=-0.000368 | edge mean=0.000832
[C10] n=600 | classes=[8, 9] | acc=0.5133 | per_class={8: '0.00', 9: '1.00'}
[C11] eval model[0] mean=0.000255 | θ̃ mean=0.000255 | edge mean=0.000832
[C11] n=600 | classes=[0, 1] | acc=0.7283 | per_class={0: '0.69', 1: '0.77'}
[C12] eval model[0] mean=0.000223 | θ̃ mean=0.000223 | edge mean=0.000832
[C12] n=600 | classes=[1, 8] | acc=0.7050 | per_class={1: '0.56', 8: '0.86'}
[C13] eval model[0] mean=-0.000645 | θ̃ mean=-0.000645 | edge mean=0.000832
[C13] n=600 | classes=[0, 8] | acc=0.4817 | per_class={0: '0.00', 8: '1.00'}
[C14] eval model[0] mean=0.000840 | θ̃ mean=0.000840 | edge mean=0.000832
[C14] n=600 | classes=[0, 9] | acc=0.7583 | per_class={0: '0.74', 9: '0.78'}
[C15] eval model[0] mean=-0.000049 | θ̃ mean=-0.000049 | edge mean=0.000832
[C15] n=600 | classes=[0, 8] | acc=0.5033 | per_class={0: '0.06', 8: '0.96'}
[C16] eval model[0] mean=0.000222 | θ̃ mean=0.000222 | edge mean=0.000832
[C16] n=600 | classes=[1, 8] | acc=0.7500 | per_class={1: '0.75', 8: '0.75'}
[C17] eval model[0] mean=0.000250 | θ̃ mean=0.000250 | edge mean=0.000832
[C17] n=600 | classes=[1, 9] | acc=0.6033 | per_class={1: '0.83', 9: '0.39'}
[C18] eval model[0] mean=-0.000263 | θ̃ mean=-0.000263 | edge mean=0.000832
[C18] n=600 | classes=[1, 9] | acc=0.4683 | per_class={1: '0.00', 9: '0.98'}
[C19] eval model[0] mean=0.000367 | θ̃ mean=0.000367 | edge mean=0.000832
[C19] n=600 | classes=[0, 9] | acc=0.7367 | per_class={0: '0.60', 9: '0.86'}
  [Cloud] GM=0.2850 | EM=0.3366 PM=0.6277 | loss=2.0497 | time=17.1s | comm=2501.9MB (total=32524MB)

[Round  14] Broadcasting to 2 edges...
  [Edge 0] G14 | E1 | Hier-pFedMe | Selected 10/10
  [Client  8] Round 14 | Hier-pFedMe(λ2=35.0,K=3) | loss=0.0835
  [Client  5] Round 14 | Hier-pFedMe(λ2=35.0,K=3) | loss=0.7600
  [Client  7] Round 14 | Hier-pFedMe(λ2=35.0,K=3) | loss=0.6709
  [Client  6] Round 14 | Hier-pFedMe(λ2=35.0,K=3) | loss=0.4901
  [Client  9] Round 14 | Hier-pFedMe(λ2=35.0,K=3) | loss=0.0395
  [Client  1] Round 14 | Hier-pFedMe(λ2=35.0,K=3) | loss=0.7086
  [Client  4] Round 14 | Hier-pFedMe(λ2=35.0,K=3) | loss=0.6683
  [Client  0] Round 14 | Hier-pFedMe(λ2=35.0,K=3) | loss=0.6229
  [Client  2] Round 14 | Hier-pFedMe(λ2=35.0,K=3) | loss=0.7965
  [Client  3] Round 14 | Hier-pFedMe(λ2=35.0,K=3) | loss=0.7421
  [Edge 0] G14 | E1 | loss=0.6134
  [Edge 0] G14 | E2 | Hier-pFedMe | Selected 10/10
  [Client  1] Round 14 | Hier-pFedMe(λ2=35.0,K=3) | loss=0.8186
  [Client  5] Round 14 | Hier-pFedMe(λ2=35.0,K=3) | loss=0.5387  [Client  9] Round 14 | Hier-pFedMe(λ2=35.0,K=3) | loss=0.0338

  [Client  2] Round 14 | Hier-pFedMe(λ2=35.0,K=3) | loss=0.8154
  [Client  6] Round 14 | Hier-pFedMe(λ2=35.0,K=3) | loss=0.6758
  [Client  0] Round 14 | Hier-pFedMe(λ2=35.0,K=3) | loss=0.7555
  [Client  8] Round 14 | Hier-pFedMe(λ2=35.0,K=3) | loss=0.0056
  [Client  4] Round 14 | Hier-pFedMe(λ2=35.0,K=3) | loss=0.6594
  [Client  3] Round 14 | Hier-pFedMe(λ2=35.0,K=3) | loss=0.7592
  [Client  7] Round 14 | Hier-pFedMe(λ2=35.0,K=3) | loss=0.5573
  [Edge 0] G14 | E2 | loss=0.6222
  [Edge 0] G14 | E3 | Hier-pFedMe | Selected 10/10
  [Client  0] Round 14 | Hier-pFedMe(λ2=35.0,K=3) | loss=0.5442
  [Client  5] Round 14 | Hier-pFedMe(λ2=35.0,K=3) | loss=0.5812
  [Client  7] Round 14 | Hier-pFedMe(λ2=35.0,K=3) | loss=1.0484
  [Client  4] Round 14 | Hier-pFedMe(λ2=35.0,K=3) | loss=0.6104
  [Client  1] Round 14 | Hier-pFedMe(λ2=35.0,K=3) | loss=0.5846
  [Client  3] Round 14 | Hier-pFedMe(λ2=35.0,K=3) | loss=0.6322
  [Client  9] Round 14 | Hier-pFedMe(λ2=35.0,K=3) | loss=0.0139
  [Client  2] Round 14 | Hier-pFedMe(λ2=35.0,K=3) | loss=1.0020
  [Client  8] Round 14 | Hier-pFedMe(λ2=35.0,K=3) | loss=0.0381
  [Client  6] Round 14 | Hier-pFedMe(λ2=35.0,K=3) | loss=0.5778
  [Edge 0] G14 | E3 | loss=0.6230
  [Edge 0] G14 | E4 | Hier-pFedMe | Selected 10/10
  [Client  1] Round 14 | Hier-pFedMe(λ2=35.0,K=3) | loss=0.5258
  [Client  9] Round 14 | Hier-pFedMe(λ2=35.0,K=3) | loss=0.0240
  [Client  7] Round 14 | Hier-pFedMe(λ2=35.0,K=3) | loss=0.6771
  [Client  3] Round 14 | Hier-pFedMe(λ2=35.0,K=3) | loss=0.6788
  [Client  8] Round 14 | Hier-pFedMe(λ2=35.0,K=3) | loss=0.0191
  [Client  2] Round 14 | Hier-pFedMe(λ2=35.0,K=3) | loss=0.7280
  [Client  6] Round 14 | Hier-pFedMe(λ2=35.0,K=3) | loss=0.6256
  [Client  4] Round 14 | Hier-pFedMe(λ2=35.0,K=3) | loss=0.5332
  [Client  5] Round 14 | Hier-pFedMe(λ2=35.0,K=3) | loss=0.6221
  [Client  0] Round 14 | Hier-pFedMe(λ2=35.0,K=3) | loss=0.7142
  [Edge 0] G14 | E4 | loss=0.5696
  [Edge 0] G14 | E5 | Hier-pFedMe | Selected 10/10
  [Client  5] Round 14 | Hier-pFedMe(λ2=35.0,K=3) | loss=0.8449
  [Client  4] Round 14 | Hier-pFedMe(λ2=35.0,K=3) | loss=0.7014
  [Client  1] Round 14 | Hier-pFedMe(λ2=35.0,K=3) | loss=0.4626
  [Client  6] Round 14 | Hier-pFedMe(λ2=35.0,K=3) | loss=0.6133
  [Client  2] Round 14 | Hier-pFedMe(λ2=35.0,K=3) | loss=0.7126
  [Client  0] Round 14 | Hier-pFedMe(λ2=35.0,K=3) | loss=0.4864
  [Client  9] Round 14 | Hier-pFedMe(λ2=35.0,K=3) | loss=0.0205
  [Client  7] Round 14 | Hier-pFedMe(λ2=35.0,K=3) | loss=1.7516
  [Client  8] Round 14 | Hier-pFedMe(λ2=35.0,K=3) | loss=0.0201
  [Client  3] Round 14 | Hier-pFedMe(λ2=35.0,K=3) | loss=0.5375
  [Edge 0] G14 | E5 | loss=0.6812
  [Edge 1] G14 | E1 | Hier-pFedMe | Selected 10/10
  [Client 19] Round 14 | Hier-pFedMe(λ2=35.0,K=3) | loss=0.5081
  [Client 17] Round 14 | Hier-pFedMe(λ2=35.0,K=3) | loss=0.7813
  [Client 15] Round 14 | Hier-pFedMe(λ2=35.0,K=3) | loss=0.6587
  [Client 12] Round 14 | Hier-pFedMe(λ2=35.0,K=3) | loss=0.3196
  [Client 14] Round 14 | Hier-pFedMe(λ2=35.0,K=3) | loss=0.3862
  [Client 13] Round 14 | Hier-pFedMe(λ2=35.0,K=3) | loss=0.9192
  [Client 11] Round 14 | Hier-pFedMe(λ2=35.0,K=3) | loss=0.6456
  [Client 18] Round 14 | Hier-pFedMe(λ2=35.0,K=3) | loss=1.0802
  [Client 10] Round 14 | Hier-pFedMe(λ2=35.0,K=3) | loss=1.6428
  [Client 16] Round 14 | Hier-pFedMe(λ2=35.0,K=3) | loss=0.1717
  [Edge 1] G14 | E1 | loss=0.7113
  [Edge 1] G14 | E2 | Hier-pFedMe | Selected 10/10
  [Client 10] Round 14 | Hier-pFedMe(λ2=35.0,K=3) | loss=1.0165
  [Client 13] Round 14 | Hier-pFedMe(λ2=35.0,K=3) | loss=0.5582
  [Client 16] Round 14 | Hier-pFedMe(λ2=35.0,K=3) | loss=0.6342
  [Client 19] Round 14 | Hier-pFedMe(λ2=35.0,K=3) | loss=0.3529
  [Client 18] Round 14 | Hier-pFedMe(λ2=35.0,K=3) | loss=0.7194
  [Client 12] Round 14 | Hier-pFedMe(λ2=35.0,K=3) | loss=0.4393
  [Client 15] Round 14 | Hier-pFedMe(λ2=35.0,K=3) | loss=0.4610
  [Client 17] Round 14 | Hier-pFedMe(λ2=35.0,K=3) | loss=0.4484
  [Client 11] Round 14 | Hier-pFedMe(λ2=35.0,K=3) | loss=0.5661
  [Client 14] Round 14 | Hier-pFedMe(λ2=35.0,K=3) | loss=0.2925
  [Edge 1] G14 | E2 | loss=0.5488
  [Edge 1] G14 | E3 | Hier-pFedMe | Selected 10/10
  [Client 11] Round 14 | Hier-pFedMe(λ2=35.0,K=3) | loss=0.5407
  [Client 13] Round 14 | Hier-pFedMe(λ2=35.0,K=3) | loss=0.5792
  [Client 17] Round 14 | Hier-pFedMe(λ2=35.0,K=3) | loss=0.3258
  [Client 12] Round 14 | Hier-pFedMe(λ2=35.0,K=3) | loss=0.3664
  [Client 19] Round 14 | Hier-pFedMe(λ2=35.0,K=3) | loss=0.4814
  [Client 14] Round 14 | Hier-pFedMe(λ2=35.0,K=3) | loss=0.3320
  [Client 16] Round 14 | Hier-pFedMe(λ2=35.0,K=3) | loss=0.3170
  [Client 15] Round 14 | Hier-pFedMe(λ2=35.0,K=3) | loss=0.8693
  [Client 10] Round 14 | Hier-pFedMe(λ2=35.0,K=3) | loss=0.5730
  [Client 18] Round 14 | Hier-pFedMe(λ2=35.0,K=3) | loss=1.2153
  [Edge 1] G14 | E3 | loss=0.5600
  [Edge 1] G14 | E4 | Hier-pFedMe | Selected 10/10
  [Client 10] Round 14 | Hier-pFedMe(λ2=35.0,K=3) | loss=0.2808
  [Client 12] Round 14 | Hier-pFedMe(λ2=35.0,K=3) | loss=0.1887
  [Client 18] Round 14 | Hier-pFedMe(λ2=35.0,K=3) | loss=0.9155
  [Client 11] Round 14 | Hier-pFedMe(λ2=35.0,K=3) | loss=0.5611
  [Client 14] Round 14 | Hier-pFedMe(λ2=35.0,K=3) | loss=0.5040
  [Client 13] Round 14 | Hier-pFedMe(λ2=35.0,K=3) | loss=0.6965
  [Client 17] Round 14 | Hier-pFedMe(λ2=35.0,K=3) | loss=0.4620
  [Client 15] Round 14 | Hier-pFedMe(λ2=35.0,K=3) | loss=1.7994
  [Client 16] Round 14 | Hier-pFedMe(λ2=35.0,K=3) | loss=0.4605
  [Client 19] Round 14 | Hier-pFedMe(λ2=35.0,K=3) | loss=0.5496
  [Edge 1] G14 | E4 | loss=0.6418
  [Edge 1] G14 | E5 | Hier-pFedMe | Selected 10/10
  [Client 16] Round 14 | Hier-pFedMe(λ2=35.0,K=3) | loss=0.4319
  [Client 10] Round 14 | Hier-pFedMe(λ2=35.0,K=3) | loss=0.3519
  [Client 13] Round 14 | Hier-pFedMe(λ2=35.0,K=3) | loss=0.7462
  [Client 18] Round 14 | Hier-pFedMe(λ2=35.0,K=3) | loss=0.7218
  [Client 14] Round 14 | Hier-pFedMe(λ2=35.0,K=3) | loss=0.2356
  [Client 17] Round 14 | Hier-pFedMe(λ2=35.0,K=3) | loss=0.9887
  [Client 12] Round 14 | Hier-pFedMe(λ2=35.0,K=3) | loss=0.4945
  [Client 11] Round 14 | Hier-pFedMe(λ2=35.0,K=3) | loss=0.7128
  [Client 19] Round 14 | Hier-pFedMe(λ2=35.0,K=3) | loss=0.4901
  [Client 15] Round 14 | Hier-pFedMe(λ2=35.0,K=3) | loss=0.8129
  [Edge 1] G14 | E5 | loss=0.5987
[C0] eval model[0] mean=0.001531 | θ̃ mean=0.001531 | edge mean=0.001186
[C0] n=1000 | classes=[3, 6] | acc=0.6040 | per_class={3: '0.39', 6: '0.83'}
[C1] eval model[0] mean=0.000806 | θ̃ mean=0.000806 | edge mean=0.001186
[C1] n=1000 | classes=[3, 6] | acc=0.6440 | per_class={3: '0.42', 6: '0.88'}
[C2] eval model[0] mean=0.001530 | θ̃ mean=0.001530 | edge mean=0.001186
[C2] n=1000 | classes=[2, 5] | acc=0.5430 | per_class={2: '0.20', 5: '0.90'}
[C3] eval model[0] mean=0.001294 | θ̃ mean=0.001294 | edge mean=0.001186
[C3] n=1000 | classes=[5, 7] | acc=0.4950 | per_class={5: '0.00', 7: '1.00'}
[C4] eval model[0] mean=0.000957 | θ̃ mean=0.000957 | edge mean=0.001186
[C4] n=1000 | classes=[2, 7] | acc=0.5070 | per_class={2: '1.00', 7: '0.00'}
[C5] eval model[0] mean=0.000992 | θ̃ mean=0.000992 | edge mean=0.001186
[C5] n=1000 | classes=[2, 4] | acc=0.5170 | per_class={2: '0.18', 4: '0.87'}
[C6] eval model[0] mean=0.001412 | θ̃ mean=0.001412 | edge mean=0.001186
[C6] n=1000 | classes=[6, 7] | acc=0.6030 | per_class={6: '0.21', 7: '0.98'}
[C7] eval model[0] mean=0.000905 | θ̃ mean=0.000905 | edge mean=0.001186
[C7] n=1000 | classes=[3, 5] | acc=0.5340 | per_class={3: '0.09', 5: '0.95'}
[C8] eval model[0] mean=0.000848 | θ̃ mean=0.000848 | edge mean=0.001186
[C8] n=500 | classes=[4] | acc=1.0000 | per_class={4: '1.00'}
[C9] eval model[0] mean=0.000745 | θ̃ mean=0.000745 | edge mean=0.001186
[C9] n=500 | classes=[4] | acc=1.0000 | per_class={4: '1.00'}
[C10] eval model[0] mean=-0.001592 | θ̃ mean=-0.001592 | edge mean=0.000243
[C10] n=600 | classes=[8, 9] | acc=0.6400 | per_class={8: '0.97', 9: '0.33'}
[C11] eval model[0] mean=-0.000833 | θ̃ mean=-0.000833 | edge mean=0.000243
[C11] n=600 | classes=[0, 1] | acc=0.5133 | per_class={0: '0.97', 1: '0.06'}
[C12] eval model[0] mean=-0.000592 | θ̃ mean=-0.000592 | edge mean=0.000243
[C12] n=600 | classes=[1, 8] | acc=0.7067 | per_class={1: '0.58', 8: '0.84'}
[C13] eval model[0] mean=-0.000318 | θ̃ mean=-0.000318 | edge mean=0.000243
[C13] n=600 | classes=[0, 8] | acc=0.6117 | per_class={0: '0.56', 8: '0.67'}
[C14] eval model[0] mean=-0.000480 | θ̃ mean=-0.000480 | edge mean=0.000243
[C14] n=600 | classes=[0, 9] | acc=0.6933 | per_class={0: '0.43', 9: '0.97'}
[C15] eval model[0] mean=-0.001494 | θ̃ mean=-0.001494 | edge mean=0.000243
[C15] n=600 | classes=[0, 8] | acc=0.5650 | per_class={0: '0.78', 8: '0.34'}
[C16] eval model[0] mean=0.000266 | θ̃ mean=0.000266 | edge mean=0.000243
[C16] n=600 | classes=[1, 8] | acc=0.8000 | per_class={1: '0.80', 8: '0.80'}
[C17] eval model[0] mean=-0.000392 | θ̃ mean=-0.000392 | edge mean=0.000243
[C17] n=600 | classes=[1, 9] | acc=0.5200 | per_class={1: '0.01', 9: '0.99'}
[C18] eval model[0] mean=0.000980 | θ̃ mean=0.000980 | edge mean=0.000243
[C18] n=600 | classes=[1, 9] | acc=0.6050 | per_class={1: '0.87', 9: '0.32'}
[C19] eval model[0] mean=-0.000891 | θ̃ mean=-0.000891 | edge mean=0.000243
[C19] n=600 | classes=[0, 9] | acc=0.7567 | per_class={0: '0.55', 9: '0.94'}
  [Cloud] GM=0.2885 | EM=0.3411 PM=0.6196 | loss=2.0238 | time=16.9s | comm=2501.9MB (total=35026MB)

[Round  15] Broadcasting to 2 edges...
  [Edge 0] G15 | E1 | Hier-pFedMe | Selected 10/10
  [Client  6] Round 15 | Hier-pFedMe(λ2=35.0,K=3) | loss=0.5641
  [Client  3] Round 15 | Hier-pFedMe(λ2=35.0,K=3) | loss=0.7621
  [Client  2] Round 15 | Hier-pFedMe(λ2=35.0,K=3) | loss=0.5009
  [Client  0] Round 15 | Hier-pFedMe(λ2=35.0,K=3) | loss=0.5237
  [Client  9] Round 15 | Hier-pFedMe(λ2=35.0,K=3) | loss=0.0416
  [Client  5] Round 15 | Hier-pFedMe(λ2=35.0,K=3) | loss=0.5682
  [Client  4] Round 15 | Hier-pFedMe(λ2=35.0,K=3) | loss=0.8921
  [Client  1] Round 15 | Hier-pFedMe(λ2=35.0,K=3) | loss=0.4833
  [Client  7] Round 15 | Hier-pFedMe(λ2=35.0,K=3) | loss=0.9961
  [Client  8] Round 15 | Hier-pFedMe(λ2=35.0,K=3) | loss=0.0148
  [Edge 0] G15 | E1 | loss=0.5910
  [Edge 0] G15 | E2 | Hier-pFedMe | Selected 10/10
  [Client  2] Round 15 | Hier-pFedMe(λ2=35.0,K=3) | loss=0.5477
  [Client  9] Round 15 | Hier-pFedMe(λ2=35.0,K=3) | loss=0.0178
  [Client  5] Round 15 | Hier-pFedMe(λ2=35.0,K=3) | loss=0.7256
  [Client  6] Round 15 | Hier-pFedMe(λ2=35.0,K=3) | loss=0.4933
  [Client  4] Round 15 | Hier-pFedMe(λ2=35.0,K=3) | loss=0.3992
  [Client  7] Round 15 | Hier-pFedMe(λ2=35.0,K=3) | loss=1.6424  [Client  8] Round 15 | Hier-pFedMe(λ2=35.0,K=3) | loss=0.0508

  [Client  0] Round 15 | Hier-pFedMe(λ2=35.0,K=3) | loss=0.4017
  [Client  3] Round 15 | Hier-pFedMe(λ2=35.0,K=3) | loss=0.7222
  [Client  1] Round 15 | Hier-pFedMe(λ2=35.0,K=3) | loss=0.6328
  [Edge 0] G15 | E2 | loss=0.6221
  [Edge 0] G15 | E3 | Hier-pFedMe | Selected 10/10
  [Client  9] Round 15 | Hier-pFedMe(λ2=35.0,K=3) | loss=0.0119
  [Client  6] Round 15 | Hier-pFedMe(λ2=35.0,K=3) | loss=0.5491
  [Client  7] Round 15 | Hier-pFedMe(λ2=35.0,K=3) | loss=0.7611
  [Client  0] Round 15 | Hier-pFedMe(λ2=35.0,K=3) | loss=0.4020
  [Client  1] Round 15 | Hier-pFedMe(λ2=35.0,K=3) | loss=0.6621
  [Client  3] Round 15 | Hier-pFedMe(λ2=35.0,K=3) | loss=0.5617
  [Client  4] Round 15 | Hier-pFedMe(λ2=35.0,K=3) | loss=0.9786
  [Client  2] Round 15 | Hier-pFedMe(λ2=35.0,K=3) | loss=0.5442
  [Client  8] Round 15 | Hier-pFedMe(λ2=35.0,K=3) | loss=0.0053
  [Client  5] Round 15 | Hier-pFedMe(λ2=35.0,K=3) | loss=0.7294
  [Edge 0] G15 | E3 | loss=0.5774
  [Edge 0] G15 | E4 | Hier-pFedMe | Selected 10/10
  [Client  0] Round 15 | Hier-pFedMe(λ2=35.0,K=3) | loss=0.5401
  [Client  6] Round 15 | Hier-pFedMe(λ2=35.0,K=3) | loss=0.4980
  [Client  9] Round 15 | Hier-pFedMe(λ2=35.0,K=3) | loss=0.0329
  [Client  5] Round 15 | Hier-pFedMe(λ2=35.0,K=3) | loss=0.6785
  [Client  1] Round 15 | Hier-pFedMe(λ2=35.0,K=3) | loss=0.5307
  [Client  4] Round 15 | Hier-pFedMe(λ2=35.0,K=3) | loss=0.7163
  [Client  2] Round 15 | Hier-pFedMe(λ2=35.0,K=3) | loss=0.5607
  [Client  3] Round 15 | Hier-pFedMe(λ2=35.0,K=3) | loss=0.8752
  [Client  7] Round 15 | Hier-pFedMe(λ2=35.0,K=3) | loss=0.7968
  [Client  8] Round 15 | Hier-pFedMe(λ2=35.0,K=3) | loss=0.0384
  [Edge 0] G15 | E4 | loss=0.5813
  [Edge 0] G15 | E5 | Hier-pFedMe | Selected 10/10
  [Client  7] Round 15 | Hier-pFedMe(λ2=35.0,K=3) | loss=0.8195
  [Client  2] Round 15 | Hier-pFedMe(λ2=35.0,K=3) | loss=1.1755
  [Client  3] Round 15 | Hier-pFedMe(λ2=35.0,K=3) | loss=0.8281
  [Client  1] Round 15 | Hier-pFedMe(λ2=35.0,K=3) | loss=0.6700
  [Client  8] Round 15 | Hier-pFedMe(λ2=35.0,K=3) | loss=0.0138
  [Client  0] Round 15 | Hier-pFedMe(λ2=35.0,K=3) | loss=0.4890
  [Client  6] Round 15 | Hier-pFedMe(λ2=35.0,K=3) | loss=0.5532
  [Client  4] Round 15 | Hier-pFedMe(λ2=35.0,K=3) | loss=0.5640
  [Client  9] Round 15 | Hier-pFedMe(λ2=35.0,K=3) | loss=0.0068
  [Client  5] Round 15 | Hier-pFedMe(λ2=35.0,K=3) | loss=0.8051
  [Edge 0] G15 | E5 | loss=0.6572
  [Edge 1] G15 | E1 | Hier-pFedMe | Selected 10/10
  [Client 10] Round 15 | Hier-pFedMe(λ2=35.0,K=3) | loss=0.5375
  [Client 17] Round 15 | Hier-pFedMe(λ2=35.0,K=3) | loss=0.8992
  [Client 13] Round 15 | Hier-pFedMe(λ2=35.0,K=3) | loss=0.9348
  [Client 14] Round 15 | Hier-pFedMe(λ2=35.0,K=3) | loss=0.4637
  [Client 19] Round 15 | Hier-pFedMe(λ2=35.0,K=3) | loss=0.3528
  [Client 18] Round 15 | Hier-pFedMe(λ2=35.0,K=3) | loss=1.6331
  [Client 11] Round 15 | Hier-pFedMe(λ2=35.0,K=3) | loss=0.7162
  [Client 15] Round 15 | Hier-pFedMe(λ2=35.0,K=3) | loss=0.5772
  [Client 16] Round 15 | Hier-pFedMe(λ2=35.0,K=3) | loss=0.7428
  [Client 12] Round 15 | Hier-pFedMe(λ2=35.0,K=3) | loss=0.7669
  [Edge 1] G15 | E1 | loss=0.7624
  [Edge 1] G15 | E2 | Hier-pFedMe | Selected 10/10
  [Client 14] Round 15 | Hier-pFedMe(λ2=35.0,K=3) | loss=0.7836
  [Client 16] Round 15 | Hier-pFedMe(λ2=35.0,K=3) | loss=0.6250
  [Client 19] Round 15 | Hier-pFedMe(λ2=35.0,K=3) | loss=0.5196
  [Client 15] Round 15 | Hier-pFedMe(λ2=35.0,K=3) | loss=1.2195
  [Client 13] Round 15 | Hier-pFedMe(λ2=35.0,K=3) | loss=0.8561
  [Client 18] Round 15 | Hier-pFedMe(λ2=35.0,K=3) | loss=0.8635
  [Client 12] Round 15 | Hier-pFedMe(λ2=35.0,K=3) | loss=0.5227
  [Client 10] Round 15 | Hier-pFedMe(λ2=35.0,K=3) | loss=0.9445
  [Client 17] Round 15 | Hier-pFedMe(λ2=35.0,K=3) | loss=0.3792
  [Client 11] Round 15 | Hier-pFedMe(λ2=35.0,K=3) | loss=1.1039
  [Edge 1] G15 | E2 | loss=0.7818
  [Edge 1] G15 | E3 | Hier-pFedMe | Selected 10/10
  [Client 17] Round 15 | Hier-pFedMe(λ2=35.0,K=3) | loss=0.9303
  [Client 10] Round 15 | Hier-pFedMe(λ2=35.0,K=3) | loss=0.6799  [Client 14] Round 15 | Hier-pFedMe(λ2=35.0,K=3) | loss=0.4032

  [Client 11] Round 15 | Hier-pFedMe(λ2=35.0,K=3) | loss=0.9438
  [Client 16] Round 15 | Hier-pFedMe(λ2=35.0,K=3) | loss=0.5050
  [Client 19] Round 15 | Hier-pFedMe(λ2=35.0,K=3) | loss=0.7379
  [Client 12] Round 15 | Hier-pFedMe(λ2=35.0,K=3) | loss=0.9061
  [Client 18] Round 15 | Hier-pFedMe(λ2=35.0,K=3) | loss=0.7954
  [Client 15] Round 15 | Hier-pFedMe(λ2=35.0,K=3) | loss=0.8106
  [Client 13] Round 15 | Hier-pFedMe(λ2=35.0,K=3) | loss=0.9549
  [Edge 1] G15 | E3 | loss=0.7667
  [Edge 1] G15 | E4 | Hier-pFedMe | Selected 10/10
  [Client 17] Round 15 | Hier-pFedMe(λ2=35.0,K=3) | loss=0.6484
  [Client 18] Round 15 | Hier-pFedMe(λ2=35.0,K=3) | loss=0.5812
  [Client 16] Round 15 | Hier-pFedMe(λ2=35.0,K=3) | loss=0.4284
  [Client 12] Round 15 | Hier-pFedMe(λ2=35.0,K=3) | loss=0.3069
  [Client 11] Round 15 | Hier-pFedMe(λ2=35.0,K=3) | loss=0.4973
  [Client 19] Round 15 | Hier-pFedMe(λ2=35.0,K=3) | loss=0.7082
  [Client 13] Round 15 | Hier-pFedMe(λ2=35.0,K=3) | loss=0.5966
  [Client 10] Round 15 | Hier-pFedMe(λ2=35.0,K=3) | loss=0.9776
  [Client 15] Round 15 | Hier-pFedMe(λ2=35.0,K=3) | loss=0.6719
  [Client 14] Round 15 | Hier-pFedMe(λ2=35.0,K=3) | loss=0.3486
  [Edge 1] G15 | E4 | loss=0.5765
  [Edge 1] G15 | E5 | Hier-pFedMe | Selected 10/10
  [Client 19] Round 15 | Hier-pFedMe(λ2=35.0,K=3) | loss=0.5165
  [Client 17] Round 15 | Hier-pFedMe(λ2=35.0,K=3) | loss=0.7676
  [Client 11] Round 15 | Hier-pFedMe(λ2=35.0,K=3) | loss=0.5435
  [Client 16] Round 15 | Hier-pFedMe(λ2=35.0,K=3) | loss=0.4040
  [Client 14] Round 15 | Hier-pFedMe(λ2=35.0,K=3) | loss=0.5310
  [Client 13] Round 15 | Hier-pFedMe(λ2=35.0,K=3) | loss=0.7494
  [Client 10] Round 15 | Hier-pFedMe(λ2=35.0,K=3) | loss=0.6488
  [Client 15] Round 15 | Hier-pFedMe(λ2=35.0,K=3) | loss=0.6369
  [Client 12] Round 15 | Hier-pFedMe(λ2=35.0,K=3) | loss=0.4106
  [Client 18] Round 15 | Hier-pFedMe(λ2=35.0,K=3) | loss=0.5534
  [Edge 1] G15 | E5 | loss=0.5761
[C0] eval model[0] mean=-0.000894 | θ̃ mean=-0.000894 | edge mean=-0.000098
[C0] n=1000 | classes=[3, 6] | acc=0.5930 | per_class={3: '0.88', 6: '0.29'}
[C1] eval model[0] mean=-0.000338 | θ̃ mean=-0.000338 | edge mean=-0.000098
[C1] n=1000 | classes=[3, 6] | acc=0.5540 | per_class={3: '0.15', 6: '0.99'}
[C2] eval model[0] mean=0.001561 | θ̃ mean=0.001561 | edge mean=-0.000098
[C2] n=1000 | classes=[2, 5] | acc=0.5440 | per_class={2: '0.12', 5: '0.98'}
[C3] eval model[0] mean=0.000027 | θ̃ mean=0.000027 | edge mean=-0.000098
[C3] n=1000 | classes=[5, 7] | acc=0.4940 | per_class={5: '0.00', 7: '1.00'}
[C4] eval model[0] mean=0.001129 | θ̃ mean=0.001129 | edge mean=-0.000098
[C4] n=1000 | classes=[2, 7] | acc=0.5010 | per_class={2: '0.02', 7: '1.00'}
[C5] eval model[0] mean=0.000217 | θ̃ mean=0.000217 | edge mean=-0.000098
[C5] n=1000 | classes=[2, 4] | acc=0.4970 | per_class={2: '0.02', 4: '1.00'}
[C6] eval model[0] mean=0.000345 | θ̃ mean=0.000345 | edge mean=-0.000098
[C6] n=1000 | classes=[6, 7] | acc=0.6630 | per_class={6: '0.75', 7: '0.58'}
[C7] eval model[0] mean=-0.000765 | θ̃ mean=-0.000765 | edge mean=-0.000098
[C7] n=1000 | classes=[3, 5] | acc=0.4850 | per_class={3: '1.00', 5: '0.00'}
[C8] eval model[0] mean=-0.000636 | θ̃ mean=-0.000636 | edge mean=-0.000098
[C8] n=500 | classes=[4] | acc=1.0000 | per_class={4: '1.00'}
[C9] eval model[0] mean=-0.000573 | θ̃ mean=-0.000573 | edge mean=-0.000098
[C9] n=500 | classes=[4] | acc=1.0000 | per_class={4: '1.00'}
[C10] eval model[0] mean=-0.001440 | θ̃ mean=-0.001440 | edge mean=-0.001029
[C10] n=600 | classes=[8, 9] | acc=0.5333 | per_class={8: '0.04', 9: '1.00'}
[C11] eval model[0] mean=-0.000114 | θ̃ mean=-0.000114 | edge mean=-0.001029
[C11] n=600 | classes=[0, 1] | acc=0.7050 | per_class={0: '0.77', 1: '0.64'}
[C12] eval model[0] mean=-0.002463 | θ̃ mean=-0.002463 | edge mean=-0.001029
[C12] n=600 | classes=[1, 8] | acc=0.7300 | per_class={1: '0.70', 8: '0.76'}
[C13] eval model[0] mean=-0.000919 | θ̃ mean=-0.000919 | edge mean=-0.001029
[C13] n=600 | classes=[0, 8] | acc=0.6800 | per_class={0: '0.58', 8: '0.79'}
[C14] eval model[0] mean=-0.001149 | θ̃ mean=-0.001149 | edge mean=-0.001029
[C14] n=600 | classes=[0, 9] | acc=0.7467 | per_class={0: '0.79', 9: '0.70'}
[C15] eval model[0] mean=-0.000477 | θ̃ mean=-0.000477 | edge mean=-0.001029
[C15] n=600 | classes=[0, 8] | acc=0.5933 | per_class={0: '0.23', 8: '0.97'}
[C16] eval model[0] mean=-0.000599 | θ̃ mean=-0.000599 | edge mean=-0.001029
[C16] n=600 | classes=[1, 8] | acc=0.7533 | per_class={1: '0.65', 8: '0.85'}
[C17] eval model[0] mean=-0.001123 | θ̃ mean=-0.001123 | edge mean=-0.001029
[C17] n=600 | classes=[1, 9] | acc=0.5433 | per_class={1: '0.72', 9: '0.38'}
[C18] eval model[0] mean=-0.001656 | θ̃ mean=-0.001656 | edge mean=-0.001029
[C18] n=600 | classes=[1, 9] | acc=0.5333 | per_class={1: '0.98', 9: '0.04'}
[C19] eval model[0] mean=-0.000550 | θ̃ mean=-0.000550 | edge mean=-0.001029
[C19] n=600 | classes=[0, 9] | acc=0.7567 | per_class={0: '0.55', 9: '0.95'}
  [Cloud] GM=0.3005 | EM=0.3630 PM=0.6184 | loss=2.0102 | time=16.8s | comm=2501.9MB (total=37528MB)

[Round  16] Broadcasting to 2 edges...
  [Edge 0] G16 | E1 | Hier-pFedMe | Selected 10/10
  [Client  9] Round 16 | Hier-pFedMe(λ2=35.0,K=3) | loss=0.0330
  [Client  5] Round 16 | Hier-pFedMe(λ2=35.0,K=3) | loss=0.7257
  [Client  6] Round 16 | Hier-pFedMe(λ2=35.0,K=3) | loss=0.6433
  [Client  7] Round 16 | Hier-pFedMe(λ2=35.0,K=3) | loss=1.2913
  [Client  3] Round 16 | Hier-pFedMe(λ2=35.0,K=3) | loss=0.7316
  [Client  8] Round 16 | Hier-pFedMe(λ2=35.0,K=3) | loss=0.0360
  [Client  0] Round 16 | Hier-pFedMe(λ2=35.0,K=3) | loss=0.5890
  [Client  1] Round 16 | Hier-pFedMe(λ2=35.0,K=3) | loss=0.7917
  [Client  2] Round 16 | Hier-pFedMe(λ2=35.0,K=3) | loss=0.9810
  [Client  4] Round 16 | Hier-pFedMe(λ2=35.0,K=3) | loss=0.7934
  [Edge 0] G16 | E1 | loss=0.7313
  [Edge 0] G16 | E2 | Hier-pFedMe | Selected 10/10
  [Client  0] Round 16 | Hier-pFedMe(λ2=35.0,K=3) | loss=0.7902
  [Client  8] Round 16 | Hier-pFedMe(λ2=35.0,K=3) | loss=0.0162
  [Client  2] Round 16 | Hier-pFedMe(λ2=35.0,K=3) | loss=0.8604
  [Client  3] Round 16 | Hier-pFedMe(λ2=35.0,K=3) | loss=0.7000
  [Client  7] Round 16 | Hier-pFedMe(λ2=35.0,K=3) | loss=0.7166
  [Client  4] Round 16 | Hier-pFedMe(λ2=35.0,K=3) | loss=0.9330
  [Client  1] Round 16 | Hier-pFedMe(λ2=35.0,K=3) | loss=0.6801
  [Client  6] Round 16 | Hier-pFedMe(λ2=35.0,K=3) | loss=0.3511
  [Client  9] Round 16 | Hier-pFedMe(λ2=35.0,K=3) | loss=0.0176
  [Client  5] Round 16 | Hier-pFedMe(λ2=35.0,K=3) | loss=0.8479
  [Edge 0] G16 | E2 | loss=0.6551
  [Edge 0] G16 | E3 | Hier-pFedMe | Selected 10/10
  [Client  5] Round 16 | Hier-pFedMe(λ2=35.0,K=3) | loss=0.5262
  [Client  2] Round 16 | Hier-pFedMe(λ2=35.0,K=3) | loss=0.7039
  [Client  1] Round 16 | Hier-pFedMe(λ2=35.0,K=3) | loss=0.8149
  [Client  4] Round 16 | Hier-pFedMe(λ2=35.0,K=3) | loss=0.7822
  [Client  7] Round 16 | Hier-pFedMe(λ2=35.0,K=3) | loss=1.5187
  [Client  9] Round 16 | Hier-pFedMe(λ2=35.0,K=3) | loss=0.0272
  [Client  0] Round 16 | Hier-pFedMe(λ2=35.0,K=3) | loss=0.5672
  [Client  3] Round 16 | Hier-pFedMe(λ2=35.0,K=3) | loss=0.5016
  [Client  6] Round 16 | Hier-pFedMe(λ2=35.0,K=3) | loss=0.4712
  [Client  8] Round 16 | Hier-pFedMe(λ2=35.0,K=3) | loss=0.0563
  [Edge 0] G16 | E3 | loss=0.6586
  [Edge 0] G16 | E4 | Hier-pFedMe | Selected 10/10
  [Client  7] Round 16 | Hier-pFedMe(λ2=35.0,K=3) | loss=0.8206  [Client  8] Round 16 | Hier-pFedMe(λ2=35.0,K=3) | loss=0.0127

  [Client  5] Round 16 | Hier-pFedMe(λ2=35.0,K=3) | loss=0.7990
  [Client  2] Round 16 | Hier-pFedMe(λ2=35.0,K=3) | loss=0.6052
  [Client  9] Round 16 | Hier-pFedMe(λ2=35.0,K=3) | loss=0.0283
  [Client  0] Round 16 | Hier-pFedMe(λ2=35.0,K=3) | loss=0.8591
  [Client  6] Round 16 | Hier-pFedMe(λ2=35.0,K=3) | loss=0.4570
  [Client  1] Round 16 | Hier-pFedMe(λ2=35.0,K=3) | loss=0.6966
  [Client  4] Round 16 | Hier-pFedMe(λ2=35.0,K=3) | loss=0.5855
  [Client  3] Round 16 | Hier-pFedMe(λ2=35.0,K=3) | loss=0.5861
  [Edge 0] G16 | E4 | loss=0.6033
  [Edge 0] G16 | E5 | Hier-pFedMe | Selected 10/10
  [Client  4] Round 16 | Hier-pFedMe(λ2=35.0,K=3) | loss=0.4918
  [Client  2] Round 16 | Hier-pFedMe(λ2=35.0,K=3) | loss=0.5465
  [Client  7] Round 16 | Hier-pFedMe(λ2=35.0,K=3) | loss=2.0594
  [Client  3] Round 16 | Hier-pFedMe(λ2=35.0,K=3) | loss=0.6465
  [Client  5] Round 16 | Hier-pFedMe(λ2=35.0,K=3) | loss=0.5816
  [Client  0] Round 16 | Hier-pFedMe(λ2=35.0,K=3) | loss=0.6236
  [Client  8] Round 16 | Hier-pFedMe(λ2=35.0,K=3) | loss=0.0551
  [Client  1] Round 16 | Hier-pFedMe(λ2=35.0,K=3) | loss=0.4936
  [Client  6] Round 16 | Hier-pFedMe(λ2=35.0,K=3) | loss=0.4566
  [Client  9] Round 16 | Hier-pFedMe(λ2=35.0,K=3) | loss=0.0173
  [Edge 0] G16 | E5 | loss=0.6595
  [Edge 1] G16 | E1 | Hier-pFedMe | Selected 10/10
  [Client 10] Round 16 | Hier-pFedMe(λ2=35.0,K=3) | loss=0.8215
  [Client 12] Round 16 | Hier-pFedMe(λ2=35.0,K=3) | loss=0.4861
  [Client 13] Round 16 | Hier-pFedMe(λ2=35.0,K=3) | loss=0.5167
  [Client 17] Round 16 | Hier-pFedMe(λ2=35.0,K=3) | loss=0.8879
  [Client 15] Round 16 | Hier-pFedMe(λ2=35.0,K=3) | loss=1.7284
  [Client 19] Round 16 | Hier-pFedMe(λ2=35.0,K=3) | loss=0.8280
  [Client 11] Round 16 | Hier-pFedMe(λ2=35.0,K=3) | loss=0.5731
  [Client 18] Round 16 | Hier-pFedMe(λ2=35.0,K=3) | loss=0.5496
  [Client 14] Round 16 | Hier-pFedMe(λ2=35.0,K=3) | loss=0.2967
  [Client 16] Round 16 | Hier-pFedMe(λ2=35.0,K=3) | loss=0.2451
  [Edge 1] G16 | E1 | loss=0.6933
  [Edge 1] G16 | E2 | Hier-pFedMe | Selected 10/10
  [Client 11] Round 16 | Hier-pFedMe(λ2=35.0,K=3) | loss=0.8737
  [Client 12] Round 16 | Hier-pFedMe(λ2=35.0,K=3) | loss=0.5193
  [Client 15] Round 16 | Hier-pFedMe(λ2=35.0,K=3) | loss=0.9820
  [Client 10] Round 16 | Hier-pFedMe(λ2=35.0,K=3) | loss=0.8151
  [Client 18] Round 16 | Hier-pFedMe(λ2=35.0,K=3) | loss=0.9174
  [Client 14] Round 16 | Hier-pFedMe(λ2=35.0,K=3) | loss=0.1478
  [Client 16] Round 16 | Hier-pFedMe(λ2=35.0,K=3) | loss=0.4691
  [Client 19] Round 16 | Hier-pFedMe(λ2=35.0,K=3) | loss=0.7054
  [Client 13] Round 16 | Hier-pFedMe(λ2=35.0,K=3) | loss=0.5797
  [Client 17] Round 16 | Hier-pFedMe(λ2=35.0,K=3) | loss=0.6440
  [Edge 1] G16 | E2 | loss=0.6653
  [Edge 1] G16 | E3 | Hier-pFedMe | Selected 10/10
  [Client 17] Round 16 | Hier-pFedMe(λ2=35.0,K=3) | loss=1.1538
  [Client 18] Round 16 | Hier-pFedMe(λ2=35.0,K=3) | loss=0.7488
  [Client 12] Round 16 | Hier-pFedMe(λ2=35.0,K=3) | loss=0.4891
  [Client 11] Round 16 | Hier-pFedMe(λ2=35.0,K=3) | loss=0.3950
  [Client 13] Round 16 | Hier-pFedMe(λ2=35.0,K=3) | loss=0.9459
  [Client 19] Round 16 | Hier-pFedMe(λ2=35.0,K=3) | loss=0.2707
  [Client 16] Round 16 | Hier-pFedMe(λ2=35.0,K=3) | loss=0.4535
  [Client 10] Round 16 | Hier-pFedMe(λ2=35.0,K=3) | loss=1.0583
  [Client 15] Round 16 | Hier-pFedMe(λ2=35.0,K=3) | loss=0.6846
  [Client 14] Round 16 | Hier-pFedMe(λ2=35.0,K=3) | loss=0.7087
  [Edge 1] G16 | E3 | loss=0.6908
  [Edge 1] G16 | E4 | Hier-pFedMe | Selected 10/10
  [Client 18] Round 16 | Hier-pFedMe(λ2=35.0,K=3) | loss=0.6052
  [Client 10] Round 16 | Hier-pFedMe(λ2=35.0,K=3) | loss=0.4783  [Client 11] Round 16 | Hier-pFedMe(λ2=35.0,K=3) | loss=0.4767

  [Client 14] Round 16 | Hier-pFedMe(λ2=35.0,K=3) | loss=0.5876
  [Client 15] Round 16 | Hier-pFedMe(λ2=35.0,K=3) | loss=0.6767
  [Client 16] Round 16 | Hier-pFedMe(λ2=35.0,K=3) | loss=0.5288
  [Client 19] Round 16 | Hier-pFedMe(λ2=35.0,K=3) | loss=0.4430
  [Client 12] Round 16 | Hier-pFedMe(λ2=35.0,K=3) | loss=0.8151
  [Client 17] Round 16 | Hier-pFedMe(λ2=35.0,K=3) | loss=0.7114
  [Client 13] Round 16 | Hier-pFedMe(λ2=35.0,K=3) | loss=0.9338
  [Edge 1] G16 | E4 | loss=0.6257
  [Edge 1] G16 | E5 | Hier-pFedMe | Selected 10/10
  [Client 19] Round 16 | Hier-pFedMe(λ2=35.0,K=3) | loss=0.5490
  [Client 15] Round 16 | Hier-pFedMe(λ2=35.0,K=3) | loss=0.4896
  [Client 17] Round 16 | Hier-pFedMe(λ2=35.0,K=3) | loss=0.7757
  [Client 11] Round 16 | Hier-pFedMe(λ2=35.0,K=3) | loss=0.2522
  [Client 13] Round 16 | Hier-pFedMe(λ2=35.0,K=3) | loss=0.8039
  [Client 18] Round 16 | Hier-pFedMe(λ2=35.0,K=3) | loss=0.5181
  [Client 12] Round 16 | Hier-pFedMe(λ2=35.0,K=3) | loss=0.5852
  [Client 16] Round 16 | Hier-pFedMe(λ2=35.0,K=3) | loss=0.2416
  [Client 10] Round 16 | Hier-pFedMe(λ2=35.0,K=3) | loss=0.9147
  [Client 14] Round 16 | Hier-pFedMe(λ2=35.0,K=3) | loss=0.5156
  [Edge 1] G16 | E5 | loss=0.5646
[C0] eval model[0] mean=-0.000412 | θ̃ mean=-0.000412 | edge mean=-0.000293
[C0] n=1000 | classes=[3, 6] | acc=0.5500 | per_class={3: '0.16', 6: '0.96'}
[C1] eval model[0] mean=-0.000536 | θ̃ mean=-0.000536 | edge mean=-0.000293
[C1] n=1000 | classes=[3, 6] | acc=0.5130 | per_class={3: '1.00', 6: '0.00'}
[C2] eval model[0] mean=0.000711 | θ̃ mean=0.000711 | edge mean=-0.000293
[C2] n=1000 | classes=[2, 5] | acc=0.6550 | per_class={2: '0.82', 5: '0.48'}
[C3] eval model[0] mean=-0.000150 | θ̃ mean=-0.000150 | edge mean=-0.000293
[C3] n=1000 | classes=[5, 7] | acc=0.6150 | per_class={5: '0.51', 7: '0.72'}
[C4] eval model[0] mean=0.000103 | θ̃ mean=0.000103 | edge mean=-0.000293
[C4] n=1000 | classes=[2, 7] | acc=0.6290 | per_class={2: '0.75', 7: '0.51'}
[C5] eval model[0] mean=-0.000280 | θ̃ mean=-0.000280 | edge mean=-0.000293
[C5] n=1000 | classes=[2, 4] | acc=0.5680 | per_class={2: '0.41', 4: '0.74'}
[C6] eval model[0] mean=-0.000520 | θ̃ mean=-0.000520 | edge mean=-0.000293
[C6] n=1000 | classes=[6, 7] | acc=0.6130 | per_class={6: '0.25', 7: '0.97'}
[C7] eval model[0] mean=-0.002215 | θ̃ mean=-0.002215 | edge mean=-0.000293
[C7] n=1000 | classes=[3, 5] | acc=0.4450 | per_class={3: '0.91', 5: '0.01'}
[C8] eval model[0] mean=-0.000322 | θ̃ mean=-0.000322 | edge mean=-0.000293
[C8] n=500 | classes=[4] | acc=1.0000 | per_class={4: '1.00'}
[C9] eval model[0] mean=-0.000342 | θ̃ mean=-0.000342 | edge mean=-0.000293
[C9] n=500 | classes=[4] | acc=1.0000 | per_class={4: '1.00'}
[C10] eval model[0] mean=-0.001684 | θ̃ mean=-0.001684 | edge mean=-0.001044
[C10] n=600 | classes=[8, 9] | acc=0.5133 | per_class={8: '0.00', 9: '1.00'}
[C11] eval model[0] mean=-0.001313 | θ̃ mean=-0.001313 | edge mean=-0.001044
[C11] n=600 | classes=[0, 1] | acc=0.5783 | per_class={0: '0.88', 1: '0.28'}
[C12] eval model[0] mean=-0.001755 | θ̃ mean=-0.001755 | edge mean=-0.001044
[C12] n=600 | classes=[1, 8] | acc=0.7500 | per_class={1: '0.86', 8: '0.63'}
[C13] eval model[0] mean=-0.001113 | θ̃ mean=-0.001113 | edge mean=-0.001044
[C13] n=600 | classes=[0, 8] | acc=0.5567 | per_class={0: '0.80', 8: '0.29'}
[C14] eval model[0] mean=-0.001640 | θ̃ mean=-0.001640 | edge mean=-0.001044
[C14] n=600 | classes=[0, 9] | acc=0.6783 | per_class={0: '0.39', 9: '0.98'}
[C15] eval model[0] mean=-0.000281 | θ̃ mean=-0.000281 | edge mean=-0.001044
[C15] n=600 | classes=[0, 8] | acc=0.5867 | per_class={0: '0.34', 8: '0.84'}
[C16] eval model[0] mean=-0.001423 | θ̃ mean=-0.001423 | edge mean=-0.001044
[C16] n=600 | classes=[1, 8] | acc=0.7383 | per_class={1: '0.61', 8: '0.86'}
[C17] eval model[0] mean=0.000187 | θ̃ mean=0.000187 | edge mean=-0.001044
[C17] n=600 | classes=[1, 9] | acc=0.5583 | per_class={1: '0.14', 9: '0.95'}
[C18] eval model[0] mean=-0.000967 | θ̃ mean=-0.000967 | edge mean=-0.001044
[C18] n=600 | classes=[1, 9] | acc=0.5950 | per_class={1: '0.36', 9: '0.86'}
[C19] eval model[0] mean=-0.001405 | θ̃ mean=-0.001405 | edge mean=-0.001044
[C19] n=600 | classes=[0, 9] | acc=0.7533 | per_class={0: '0.60', 9: '0.89'}
  [Cloud] GM=0.2971 | EM=0.3543 PM=0.6249 | loss=2.0008 | time=16.9s | comm=2501.9MB (total=40030MB)

[Round  17] Broadcasting to 2 edges...
  [Edge 0] G17 | E1 | Hier-pFedMe | Selected 10/10
  [Client  4] Round 17 | Hier-pFedMe(λ2=35.0,K=3) | loss=0.4963
  [Client  6] Round 17 | Hier-pFedMe(λ2=35.0,K=3) | loss=0.4823
  [Client  2] Round 17 | Hier-pFedMe(λ2=35.0,K=3) | loss=0.6508
  [Client  0] Round 17 | Hier-pFedMe(λ2=35.0,K=3) | loss=0.6253
  [Client  1] Round 17 | Hier-pFedMe(λ2=35.0,K=3) | loss=0.5577  [Client  7] Round 17 | Hier-pFedMe(λ2=35.0,K=3) | loss=0.7655

  [Client  5] Round 17 | Hier-pFedMe(λ2=35.0,K=3) | loss=0.8603
  [Client  9] Round 17 | Hier-pFedMe(λ2=35.0,K=3) | loss=0.0222
  [Client  3] Round 17 | Hier-pFedMe(λ2=35.0,K=3) | loss=0.5256
  [Client  8] Round 17 | Hier-pFedMe(λ2=35.0,K=3) | loss=0.0121
  [Edge 0] G17 | E1 | loss=0.5535
  [Edge 0] G17 | E2 | Hier-pFedMe | Selected 10/10
  [Client  8] Round 17 | Hier-pFedMe(λ2=35.0,K=3) | loss=0.0345
  [Client  2] Round 17 | Hier-pFedMe(λ2=35.0,K=3) | loss=0.5260
  [Client  4] Round 17 | Hier-pFedMe(λ2=35.0,K=3) | loss=0.6295
  [Client  5] Round 17 | Hier-pFedMe(λ2=35.0,K=3) | loss=0.6902
  [Client  6] Round 17 | Hier-pFedMe(λ2=35.0,K=3) | loss=0.5290
  [Client  1] Round 17 | Hier-pFedMe(λ2=35.0,K=3) | loss=0.7813
  [Client  9] Round 17 | Hier-pFedMe(λ2=35.0,K=3) | loss=0.0146
  [Client  7] Round 17 | Hier-pFedMe(λ2=35.0,K=3) | loss=2.6642
  [Client  0] Round 17 | Hier-pFedMe(λ2=35.0,K=3) | loss=0.4722
  [Client  3] Round 17 | Hier-pFedMe(λ2=35.0,K=3) | loss=0.4736
  [Edge 0] G17 | E2 | loss=0.7545
  [Edge 0] G17 | E3 | Hier-pFedMe | Selected 10/10
  [Client  6] Round 17 | Hier-pFedMe(λ2=35.0,K=3) | loss=0.4182
  [Client  7] Round 17 | Hier-pFedMe(λ2=35.0,K=3) | loss=1.3473
  [Client  1] Round 17 | Hier-pFedMe(λ2=35.0,K=3) | loss=0.4962
  [Client  3] Round 17 | Hier-pFedMe(λ2=35.0,K=3) | loss=0.8256
  [Client  0] Round 17 | Hier-pFedMe(λ2=35.0,K=3) | loss=0.8105
  [Client  8] Round 17 | Hier-pFedMe(λ2=35.0,K=3) | loss=0.0059
  [Client  4] Round 17 | Hier-pFedMe(λ2=35.0,K=3) | loss=0.6507
  [Client  9] Round 17 | Hier-pFedMe(λ2=35.0,K=3) | loss=0.0361
  [Client  5] Round 17 | Hier-pFedMe(λ2=35.0,K=3) | loss=0.7907
  [Client  2] Round 17 | Hier-pFedMe(λ2=35.0,K=3) | loss=0.4601
  [Edge 0] G17 | E3 | loss=0.6467
  [Edge 0] G17 | E4 | Hier-pFedMe | Selected 10/10
  [Client  9] Round 17 | Hier-pFedMe(λ2=35.0,K=3) | loss=0.0116
  [Client  4] Round 17 | Hier-pFedMe(λ2=35.0,K=3) | loss=0.4436
  [Client  1] Round 17 | Hier-pFedMe(λ2=35.0,K=3) | loss=0.7759
  [Client  8] Round 17 | Hier-pFedMe(λ2=35.0,K=3) | loss=0.0244
  [Client  5] Round 17 | Hier-pFedMe(λ2=35.0,K=3) | loss=0.5819
  [Client  0] Round 17 | Hier-pFedMe(λ2=35.0,K=3) | loss=0.5800
  [Client  2] Round 17 | Hier-pFedMe(λ2=35.0,K=3) | loss=0.5882
  [Client  6] Round 17 | Hier-pFedMe(λ2=35.0,K=3) | loss=0.5383
  [Client  3] Round 17 | Hier-pFedMe(λ2=35.0,K=3) | loss=0.6357
  [Client  7] Round 17 | Hier-pFedMe(λ2=35.0,K=3) | loss=0.8679
  [Edge 0] G17 | E4 | loss=0.5588
  [Edge 0] G17 | E5 | Hier-pFedMe | Selected 10/10
  [Client  9] Round 17 | Hier-pFedMe(λ2=35.0,K=3) | loss=0.0252
  [Client  1] Round 17 | Hier-pFedMe(λ2=35.0,K=3) | loss=0.5637
  [Client  4] Round 17 | Hier-pFedMe(λ2=35.0,K=3) | loss=0.7459
  [Client  8] Round 17 | Hier-pFedMe(λ2=35.0,K=3) | loss=0.0111
  [Client  7] Round 17 | Hier-pFedMe(λ2=35.0,K=3) | loss=0.7452
  [Client  2] Round 17 | Hier-pFedMe(λ2=35.0,K=3) | loss=0.5016
  [Client  5] Round 17 | Hier-pFedMe(λ2=35.0,K=3) | loss=0.7959
  [Client  0] Round 17 | Hier-pFedMe(λ2=35.0,K=3) | loss=1.1537
  [Client  6] Round 17 | Hier-pFedMe(λ2=35.0,K=3) | loss=0.6919
  [Client  3] Round 17 | Hier-pFedMe(λ2=35.0,K=3) | loss=0.7661
  [Edge 0] G17 | E5 | loss=0.6647
  [Edge 1] G17 | E1 | Hier-pFedMe | Selected 10/10
  [Client 15] Round 17 | Hier-pFedMe(λ2=35.0,K=3) | loss=0.4607
  [Client 11] Round 17 | Hier-pFedMe(λ2=35.0,K=3) | loss=0.8317
  [Client 13] Round 17 | Hier-pFedMe(λ2=35.0,K=3) | loss=1.3923
  [Client 14] Round 17 | Hier-pFedMe(λ2=35.0,K=3) | loss=0.5009
  [Client 16] Round 17 | Hier-pFedMe(λ2=35.0,K=3) | loss=0.6002
  [Client 19] Round 17 | Hier-pFedMe(λ2=35.0,K=3) | loss=0.2885
  [Client 12] Round 17 | Hier-pFedMe(λ2=35.0,K=3) | loss=0.1790
  [Client 17] Round 17 | Hier-pFedMe(λ2=35.0,K=3) | loss=0.6446
  [Client 18] Round 17 | Hier-pFedMe(λ2=35.0,K=3) | loss=0.4695
  [Client 10] Round 17 | Hier-pFedMe(λ2=35.0,K=3) | loss=0.6625
  [Edge 1] G17 | E1 | loss=0.6030
  [Edge 1] G17 | E2 | Hier-pFedMe | Selected 10/10
  [Client 19] Round 17 | Hier-pFedMe(λ2=35.0,K=3) | loss=0.1228
  [Client 17] Round 17 | Hier-pFedMe(λ2=35.0,K=3) | loss=1.2518
  [Client 14] Round 17 | Hier-pFedMe(λ2=35.0,K=3) | loss=1.0419
  [Client 11] Round 17 | Hier-pFedMe(λ2=35.0,K=3) | loss=0.5716
  [Client 12] Round 17 | Hier-pFedMe(λ2=35.0,K=3) | loss=0.4640
  [Client 10] Round 17 | Hier-pFedMe(λ2=35.0,K=3) | loss=0.2604
  [Client 15] Round 17 | Hier-pFedMe(λ2=35.0,K=3) | loss=0.5917
  [Client 13] Round 17 | Hier-pFedMe(λ2=35.0,K=3) | loss=0.6505
  [Client 18] Round 17 | Hier-pFedMe(λ2=35.0,K=3) | loss=0.6625
  [Client 16] Round 17 | Hier-pFedMe(λ2=35.0,K=3) | loss=0.4797
  [Edge 1] G17 | E2 | loss=0.6097
  [Edge 1] G17 | E3 | Hier-pFedMe | Selected 10/10
  [Client 14] Round 17 | Hier-pFedMe(λ2=35.0,K=3) | loss=0.2586
  [Client 16] Round 17 | Hier-pFedMe(λ2=35.0,K=3) | loss=1.0823  [Client 17] Round 17 | Hier-pFedMe(λ2=35.0,K=3) | loss=1.3097

  [Client 10] Round 17 | Hier-pFedMe(λ2=35.0,K=3) | loss=0.8409
  [Client 15] Round 17 | Hier-pFedMe(λ2=35.0,K=3) | loss=0.7880
  [Client 12] Round 17 | Hier-pFedMe(λ2=35.0,K=3) | loss=0.5233
  [Client 11] Round 17 | Hier-pFedMe(λ2=35.0,K=3) | loss=0.4200
  [Client 13] Round 17 | Hier-pFedMe(λ2=35.0,K=3) | loss=0.8506
  [Client 18] Round 17 | Hier-pFedMe(λ2=35.0,K=3) | loss=0.4185
  [Client 19] Round 17 | Hier-pFedMe(λ2=35.0,K=3) | loss=0.2827
  [Edge 1] G17 | E3 | loss=0.6775
  [Edge 1] G17 | E4 | Hier-pFedMe | Selected 10/10
  [Client 14] Round 17 | Hier-pFedMe(λ2=35.0,K=3) | loss=0.2124
  [Client 19] Round 17 | Hier-pFedMe(λ2=35.0,K=3) | loss=0.3916
  [Client 16] Round 17 | Hier-pFedMe(λ2=35.0,K=3) | loss=0.6668
  [Client 12] Round 17 | Hier-pFedMe(λ2=35.0,K=3) | loss=0.4023
  [Client 13] Round 17 | Hier-pFedMe(λ2=35.0,K=3) | loss=0.5660
  [Client 18] Round 17 | Hier-pFedMe(λ2=35.0,K=3) | loss=0.4900
  [Client 15] Round 17 | Hier-pFedMe(λ2=35.0,K=3) | loss=0.8963
  [Client 10] Round 17 | Hier-pFedMe(λ2=35.0,K=3) | loss=0.4382
  [Client 11] Round 17 | Hier-pFedMe(λ2=35.0,K=3) | loss=0.5380
  [Client 17] Round 17 | Hier-pFedMe(λ2=35.0,K=3) | loss=0.9725
  [Edge 1] G17 | E4 | loss=0.5574
  [Edge 1] G17 | E5 | Hier-pFedMe | Selected 10/10
  [Client 16] Round 17 | Hier-pFedMe(λ2=35.0,K=3) | loss=0.3537
  [Client 13] Round 17 | Hier-pFedMe(λ2=35.0,K=3) | loss=0.6797
  [Client 11] Round 17 | Hier-pFedMe(λ2=35.0,K=3) | loss=0.4958
  [Client 15] Round 17 | Hier-pFedMe(λ2=35.0,K=3) | loss=0.4518
  [Client 18] Round 17 | Hier-pFedMe(λ2=35.0,K=3) | loss=0.5130
  [Client 12] Round 17 | Hier-pFedMe(λ2=35.0,K=3) | loss=0.4236
  [Client 19] Round 17 | Hier-pFedMe(λ2=35.0,K=3) | loss=0.4342
  [Client 17] Round 17 | Hier-pFedMe(λ2=35.0,K=3) | loss=1.1562
  [Client 14] Round 17 | Hier-pFedMe(λ2=35.0,K=3) | loss=0.4955
  [Client 10] Round 17 | Hier-pFedMe(λ2=35.0,K=3) | loss=0.3820
  [Edge 1] G17 | E5 | loss=0.5386
[C0] eval model[0] mean=-0.001902 | θ̃ mean=-0.001902 | edge mean=-0.000647
[C0] n=1000 | classes=[3, 6] | acc=0.5110 | per_class={3: '1.00', 6: '0.00'}
[C1] eval model[0] mean=-0.000377 | θ̃ mean=-0.000377 | edge mean=-0.000647
[C1] n=1000 | classes=[3, 6] | acc=0.6310 | per_class={3: '0.94', 6: '0.31'}
[C2] eval model[0] mean=-0.000688 | θ̃ mean=-0.000688 | edge mean=-0.000647
[C2] n=1000 | classes=[2, 5] | acc=0.6500 | per_class={2: '0.88', 5: '0.41'}
[C3] eval model[0] mean=-0.000369 | θ̃ mean=-0.000369 | edge mean=-0.000647
[C3] n=1000 | classes=[5, 7] | acc=0.6120 | per_class={5: '0.39', 7: '0.84'}
[C4] eval model[0] mean=-0.000504 | θ̃ mean=-0.000504 | edge mean=-0.000647
[C4] n=1000 | classes=[2, 7] | acc=0.5090 | per_class={2: '0.98', 7: '0.02'}
[C5] eval model[0] mean=-0.000929 | θ̃ mean=-0.000929 | edge mean=-0.000647
[C5] n=1000 | classes=[2, 4] | acc=0.5100 | per_class={2: '1.00', 4: '0.00'}
[C6] eval model[0] mean=-0.001362 | θ̃ mean=-0.001362 | edge mean=-0.000647
[C6] n=1000 | classes=[6, 7] | acc=0.6710 | per_class={6: '0.42', 7: '0.91'}
[C7] eval model[0] mean=-0.000608 | θ̃ mean=-0.000608 | edge mean=-0.000647
[C7] n=1000 | classes=[3, 5] | acc=0.5320 | per_class={3: '0.60', 5: '0.47'}
[C8] eval model[0] mean=-0.001206 | θ̃ mean=-0.001206 | edge mean=-0.000647
[C8] n=500 | classes=[4] | acc=0.9960 | per_class={4: '1.00'}
[C9] eval model[0] mean=-0.001156 | θ̃ mean=-0.001156 | edge mean=-0.000647
[C9] n=500 | classes=[4] | acc=1.0000 | per_class={4: '1.00'}
[C10] eval model[0] mean=-0.000944 | θ̃ mean=-0.000944 | edge mean=-0.001161
[C10] n=600 | classes=[8, 9] | acc=0.7533 | per_class={8: '0.84', 9: '0.67'}
[C11] eval model[0] mean=-0.003479 | θ̃ mean=-0.003479 | edge mean=-0.001161
[C11] n=600 | classes=[0, 1] | acc=0.7100 | per_class={0: '0.66', 1: '0.76'}
[C12] eval model[0] mean=-0.001154 | θ̃ mean=-0.001154 | edge mean=-0.001161
[C12] n=600 | classes=[1, 8] | acc=0.7300 | per_class={1: '0.69', 8: '0.77'}
[C13] eval model[0] mean=-0.001078 | θ̃ mean=-0.001078 | edge mean=-0.001161
[C13] n=600 | classes=[0, 8] | acc=0.4817 | per_class={0: '0.03', 8: '0.97'}
[C14] eval model[0] mean=-0.000959 | θ̃ mean=-0.000959 | edge mean=-0.001161
[C14] n=600 | classes=[0, 9] | acc=0.7617 | per_class={0: '0.76', 9: '0.76'}
[C15] eval model[0] mean=-0.000836 | θ̃ mean=-0.000836 | edge mean=-0.001161
[C15] n=600 | classes=[0, 8] | acc=0.5600 | per_class={0: '0.85', 8: '0.26'}
[C16] eval model[0] mean=-0.001006 | θ̃ mean=-0.001006 | edge mean=-0.001161
[C16] n=600 | classes=[1, 8] | acc=0.7350 | per_class={1: '0.66', 8: '0.81'}
[C17] eval model[0] mean=0.000088 | θ̃ mean=0.000088 | edge mean=-0.001161
[C17] n=600 | classes=[1, 9] | acc=0.5150 | per_class={1: '0.00', 9: '0.99'}
[C18] eval model[0] mean=-0.000666 | θ̃ mean=-0.000666 | edge mean=-0.001161
[C18] n=600 | classes=[1, 9] | acc=0.5217 | per_class={1: '0.99', 9: '0.00'}
[C19] eval model[0] mean=-0.000356 | θ̃ mean=-0.000356 | edge mean=-0.001161
[C19] n=600 | classes=[0, 9] | acc=0.6650 | per_class={0: '0.84', 9: '0.51'}
  [Cloud] GM=0.2995 | EM=0.3611 PM=0.6323 | loss=1.9857 | time=17.1s | comm=2501.9MB (total=42532MB)

[Round  18] Broadcasting to 2 edges...
  [Edge 0] G18 | E1 | Hier-pFedMe | Selected 10/10
  [Client  1] Round 18 | Hier-pFedMe(λ2=35.0,K=3) | loss=0.6297
  [Client  2] Round 18 | Hier-pFedMe(λ2=35.0,K=3) | loss=0.5853
  [Client  0] Round 18 | Hier-pFedMe(λ2=35.0,K=3) | loss=0.8822
  [Client  5] Round 18 | Hier-pFedMe(λ2=35.0,K=3) | loss=0.6587
  [Client  3] Round 18 | Hier-pFedMe(λ2=35.0,K=3) | loss=0.7502
  [Client  8] Round 18 | Hier-pFedMe(λ2=35.0,K=3) | loss=0.0392
  [Client  9] Round 18 | Hier-pFedMe(λ2=35.0,K=3) | loss=0.0220
  [Client  4] Round 18 | Hier-pFedMe(λ2=35.0,K=3) | loss=0.6169
  [Client  7] Round 18 | Hier-pFedMe(λ2=35.0,K=3) | loss=1.3263
  [Client  6] Round 18 | Hier-pFedMe(λ2=35.0,K=3) | loss=0.6391
  [Edge 0] G18 | E1 | loss=0.6799
  [Edge 0] G18 | E2 | Hier-pFedMe | Selected 10/10
  [Client  5] Round 18 | Hier-pFedMe(λ2=35.0,K=3) | loss=0.5633
  [Client  4] Round 18 | Hier-pFedMe(λ2=35.0,K=3) | loss=0.5286
  [Client  8] Round 18 | Hier-pFedMe(λ2=35.0,K=3) | loss=0.0117
  [Client  9] Round 18 | Hier-pFedMe(λ2=35.0,K=3) | loss=0.0280
  [Client  7] Round 18 | Hier-pFedMe(λ2=35.0,K=3) | loss=0.8420
  [Client  2] Round 18 | Hier-pFedMe(λ2=35.0,K=3) | loss=0.5173
  [Client  3] Round 18 | Hier-pFedMe(λ2=35.0,K=3) | loss=0.8334
  [Client  6] Round 18 | Hier-pFedMe(λ2=35.0,K=3) | loss=0.4418
  [Client  0] Round 18 | Hier-pFedMe(λ2=35.0,K=3) | loss=0.9649
  [Client  1] Round 18 | Hier-pFedMe(λ2=35.0,K=3) | loss=0.4334
  [Edge 0] G18 | E2 | loss=0.5716
  [Edge 0] G18 | E3 | Hier-pFedMe | Selected 10/10
  [Client  3] Round 18 | Hier-pFedMe(λ2=35.0,K=3) | loss=0.8379
  [Client  2] Round 18 | Hier-pFedMe(λ2=35.0,K=3) | loss=0.8683  [Client  8] Round 18 | Hier-pFedMe(λ2=35.0,K=3) | loss=0.0216

  [Client  5] Round 18 | Hier-pFedMe(λ2=35.0,K=3) | loss=0.8463
  [Client  4] Round 18 | Hier-pFedMe(λ2=35.0,K=3) | loss=0.7201
  [Client  9] Round 18 | Hier-pFedMe(λ2=35.0,K=3) | loss=0.0045
  [Client  0] Round 18 | Hier-pFedMe(λ2=35.0,K=3) | loss=0.5982
  [Client  1] Round 18 | Hier-pFedMe(λ2=35.0,K=3) | loss=0.8421
  [Client  7] Round 18 | Hier-pFedMe(λ2=35.0,K=3) | loss=0.8504
  [Client  6] Round 18 | Hier-pFedMe(λ2=35.0,K=3) | loss=0.7419
  [Edge 0] G18 | E3 | loss=0.7020
  [Edge 0] G18 | E4 | Hier-pFedMe | Selected 10/10
  [Client  6] Round 18 | Hier-pFedMe(λ2=35.0,K=3) | loss=0.5147
  [Client  4] Round 18 | Hier-pFedMe(λ2=35.0,K=3) | loss=0.6718
  [Client  7] Round 18 | Hier-pFedMe(λ2=35.0,K=3) | loss=0.7027
  [Client  5] Round 18 | Hier-pFedMe(λ2=35.0,K=3) | loss=0.5878
  [Client  8] Round 18 | Hier-pFedMe(λ2=35.0,K=3) | loss=0.0048
  [Client  0] Round 18 | Hier-pFedMe(λ2=35.0,K=3) | loss=0.7904
  [Client  9] Round 18 | Hier-pFedMe(λ2=35.0,K=3) | loss=0.0390
  [Client  1] Round 18 | Hier-pFedMe(λ2=35.0,K=3) | loss=0.6319
  [Client  2] Round 18 | Hier-pFedMe(λ2=35.0,K=3) | loss=0.8209
  [Client  3] Round 18 | Hier-pFedMe(λ2=35.0,K=3) | loss=0.5831
  [Edge 0] G18 | E4 | loss=0.5917
  [Edge 0] G18 | E5 | Hier-pFedMe | Selected 10/10
  [Client  1] Round 18 | Hier-pFedMe(λ2=35.0,K=3) | loss=0.5512
  [Client  3] Round 18 | Hier-pFedMe(λ2=35.0,K=3) | loss=0.5591
  [Client  0] Round 18 | Hier-pFedMe(λ2=35.0,K=3) | loss=0.3150
  [Client  4] Round 18 | Hier-pFedMe(λ2=35.0,K=3) | loss=1.0038
  [Client  8] Round 18 | Hier-pFedMe(λ2=35.0,K=3) | loss=0.0275
  [Client  5] Round 18 | Hier-pFedMe(λ2=35.0,K=3) | loss=0.6117
  [Client  9] Round 18 | Hier-pFedMe(λ2=35.0,K=3) | loss=0.0343
  [Client  2] Round 18 | Hier-pFedMe(λ2=35.0,K=3) | loss=0.5648
  [Client  6] Round 18 | Hier-pFedMe(λ2=35.0,K=3) | loss=0.5084
  [Client  7] Round 18 | Hier-pFedMe(λ2=35.0,K=3) | loss=0.6431
  [Edge 0] G18 | E5 | loss=0.5320
  [Edge 1] G18 | E1 | Hier-pFedMe | Selected 10/10
  [Client 16] Round 18 | Hier-pFedMe(λ2=35.0,K=3) | loss=0.4534
  [Client 13] Round 18 | Hier-pFedMe(λ2=35.0,K=3) | loss=0.5688
  [Client 14] Round 18 | Hier-pFedMe(λ2=35.0,K=3) | loss=0.4163
  [Client 10] Round 18 | Hier-pFedMe(λ2=35.0,K=3) | loss=0.5189
  [Client 15] Round 18 | Hier-pFedMe(λ2=35.0,K=3) | loss=0.4933
  [Client 18] Round 18 | Hier-pFedMe(λ2=35.0,K=3) | loss=0.9258
  [Client 11] Round 18 | Hier-pFedMe(λ2=35.0,K=3) | loss=0.5322
  [Client 12] Round 18 | Hier-pFedMe(λ2=35.0,K=3) | loss=0.6891
  [Client 19] Round 18 | Hier-pFedMe(λ2=35.0,K=3) | loss=0.4653
  [Client 17] Round 18 | Hier-pFedMe(λ2=35.0,K=3) | loss=0.4747
  [Edge 1] G18 | E1 | loss=0.5538
  [Edge 1] G18 | E2 | Hier-pFedMe | Selected 10/10
  [Client 13] Round 18 | Hier-pFedMe(λ2=35.0,K=3) | loss=0.9379
  [Client 10] Round 18 | Hier-pFedMe(λ2=35.0,K=3) | loss=0.4082
  [Client 11] Round 18 | Hier-pFedMe(λ2=35.0,K=3) | loss=0.4880  [Client 15] Round 18 | Hier-pFedMe(λ2=35.0,K=3) | loss=0.7313

  [Client 19] Round 18 | Hier-pFedMe(λ2=35.0,K=3) | loss=0.6861
  [Client 12] Round 18 | Hier-pFedMe(λ2=35.0,K=3) | loss=0.7728
  [Client 14] Round 18 | Hier-pFedMe(λ2=35.0,K=3) | loss=0.5660  [Client 18] Round 18 | Hier-pFedMe(λ2=35.0,K=3) | loss=1.1176

  [Client 16] Round 18 | Hier-pFedMe(λ2=35.0,K=3) | loss=0.6464
  [Client 17] Round 18 | Hier-pFedMe(λ2=35.0,K=3) | loss=0.8623
  [Edge 1] G18 | E2 | loss=0.7217
  [Edge 1] G18 | E3 | Hier-pFedMe | Selected 10/10
  [Client 16] Round 18 | Hier-pFedMe(λ2=35.0,K=3) | loss=0.4291
  [Client 11] Round 18 | Hier-pFedMe(λ2=35.0,K=3) | loss=0.3700
  [Client 18] Round 18 | Hier-pFedMe(λ2=35.0,K=3) | loss=0.8453
  [Client 13] Round 18 | Hier-pFedMe(λ2=35.0,K=3) | loss=0.7160
  [Client 12] Round 18 | Hier-pFedMe(λ2=35.0,K=3) | loss=0.4835
  [Client 15] Round 18 | Hier-pFedMe(λ2=35.0,K=3) | loss=0.6373
  [Client 14] Round 18 | Hier-pFedMe(λ2=35.0,K=3) | loss=0.6453
  [Client 17] Round 18 | Hier-pFedMe(λ2=35.0,K=3) | loss=0.8177
  [Client 10] Round 18 | Hier-pFedMe(λ2=35.0,K=3) | loss=1.0014
  [Client 19] Round 18 | Hier-pFedMe(λ2=35.0,K=3) | loss=0.5678
  [Edge 1] G18 | E3 | loss=0.6513
  [Edge 1] G18 | E4 | Hier-pFedMe | Selected 10/10
  [Client 15] Round 18 | Hier-pFedMe(λ2=35.0,K=3) | loss=0.8038
  [Client 19] Round 18 | Hier-pFedMe(λ2=35.0,K=3) | loss=0.4456
  [Client 10] Round 18 | Hier-pFedMe(λ2=35.0,K=3) | loss=0.6609
  [Client 17] Round 18 | Hier-pFedMe(λ2=35.0,K=3) | loss=0.7930
  [Client 12] Round 18 | Hier-pFedMe(λ2=35.0,K=3) | loss=0.6256
  [Client 14] Round 18 | Hier-pFedMe(λ2=35.0,K=3) | loss=0.6275
  [Client 13] Round 18 | Hier-pFedMe(λ2=35.0,K=3) | loss=0.6332  [Client 11] Round 18 | Hier-pFedMe(λ2=35.0,K=3) | loss=0.3787

  [Client 16] Round 18 | Hier-pFedMe(λ2=35.0,K=3) | loss=0.5942
  [Client 18] Round 18 | Hier-pFedMe(λ2=35.0,K=3) | loss=0.9097
  [Edge 1] G18 | E4 | loss=0.6472
  [Edge 1] G18 | E5 | Hier-pFedMe | Selected 10/10
  [Client 18] Round 18 | Hier-pFedMe(λ2=35.0,K=3) | loss=0.5287
  [Client 11] Round 18 | Hier-pFedMe(λ2=35.0,K=3) | loss=0.3437
  [Client 19] Round 18 | Hier-pFedMe(λ2=35.0,K=3) | loss=0.4684
  [Client 10] Round 18 | Hier-pFedMe(λ2=35.0,K=3) | loss=0.7473
  [Client 15] Round 18 | Hier-pFedMe(λ2=35.0,K=3) | loss=0.7552
  [Client 13] Round 18 | Hier-pFedMe(λ2=35.0,K=3) | loss=0.4978
  [Client 14] Round 18 | Hier-pFedMe(λ2=35.0,K=3) | loss=0.3404
  [Client 17] Round 18 | Hier-pFedMe(λ2=35.0,K=3) | loss=1.0713
  [Client 12] Round 18 | Hier-pFedMe(λ2=35.0,K=3) | loss=0.3277
  [Client 16] Round 18 | Hier-pFedMe(λ2=35.0,K=3) | loss=0.4700
  [Edge 1] G18 | E5 | loss=0.5550
[C0] eval model[0] mean=-0.001461 | θ̃ mean=-0.001461 | edge mean=-0.000809
[C0] n=1000 | classes=[3, 6] | acc=0.6550 | per_class={3: '0.68', 6: '0.63'}
[C1] eval model[0] mean=-0.000836 | θ̃ mean=-0.000836 | edge mean=-0.000809
[C1] n=1000 | classes=[3, 6] | acc=0.6760 | per_class={3: '0.57', 6: '0.79'}
[C2] eval model[0] mean=-0.001058 | θ̃ mean=-0.001058 | edge mean=-0.000809
[C2] n=1000 | classes=[2, 5] | acc=0.6470 | per_class={2: '0.86', 5: '0.43'}
[C3] eval model[0] mean=0.000270 | θ̃ mean=0.000270 | edge mean=-0.000809
[C3] n=1000 | classes=[5, 7] | acc=0.6380 | per_class={5: '0.45', 7: '0.83'}
[C4] eval model[0] mean=-0.000127 | θ̃ mean=-0.000127 | edge mean=-0.000809
[C4] n=1000 | classes=[2, 7] | acc=0.5810 | per_class={2: '0.68', 7: '0.47'}
[C5] eval model[0] mean=-0.000468 | θ̃ mean=-0.000468 | edge mean=-0.000809
[C5] n=1000 | classes=[2, 4] | acc=0.5090 | per_class={2: '0.07', 4: '0.97'}
[C6] eval model[0] mean=-0.000768 | θ̃ mean=-0.000768 | edge mean=-0.000809
[C6] n=1000 | classes=[6, 7] | acc=0.6720 | per_class={6: '0.53', 7: '0.81'}
[C7] eval model[0] mean=-0.001614 | θ̃ mean=-0.001614 | edge mean=-0.000809
[C7] n=1000 | classes=[3, 5] | acc=0.5470 | per_class={3: '0.27', 5: '0.81'}
[C8] eval model[0] mean=-0.001492 | θ̃ mean=-0.001492 | edge mean=-0.000809
[C8] n=500 | classes=[4] | acc=0.9940 | per_class={4: '0.99'}
[C9] eval model[0] mean=-0.000763 | θ̃ mean=-0.000763 | edge mean=-0.000809
[C9] n=500 | classes=[4] | acc=1.0000 | per_class={4: '1.00'}
[C10] eval model[0] mean=-0.001635 | θ̃ mean=-0.001635 | edge mean=-0.001500
[C10] n=600 | classes=[8, 9] | acc=0.5533 | per_class={8: '0.08', 9: '1.00'}
[C11] eval model[0] mean=-0.001149 | θ̃ mean=-0.001149 | edge mean=-0.001500
[C11] n=600 | classes=[0, 1] | acc=0.7050 | per_class={0: '0.72', 1: '0.69'}
[C12] eval model[0] mean=-0.001746 | θ̃ mean=-0.001746 | edge mean=-0.001500
[C12] n=600 | classes=[1, 8] | acc=0.7367 | per_class={1: '0.66', 8: '0.82'}
[C13] eval model[0] mean=-0.001226 | θ̃ mean=-0.001226 | edge mean=-0.001500
[C13] n=600 | classes=[0, 8] | acc=0.5567 | per_class={0: '0.84', 8: '0.25'}
[C14] eval model[0] mean=-0.000832 | θ̃ mean=-0.000832 | edge mean=-0.001500
[C14] n=600 | classes=[0, 9] | acc=0.7667 | per_class={0: '0.76', 9: '0.77'}
[C15] eval model[0] mean=-0.002180 | θ̃ mean=-0.002180 | edge mean=-0.001500
[C15] n=600 | classes=[0, 8] | acc=0.4967 | per_class={0: '0.02', 8: '0.99'}
[C16] eval model[0] mean=-0.001683 | θ̃ mean=-0.001683 | edge mean=-0.001500
[C16] n=600 | classes=[1, 8] | acc=0.7650 | per_class={1: '0.79', 8: '0.74'}
[C17] eval model[0] mean=-0.001366 | θ̃ mean=-0.001366 | edge mean=-0.001500
[C17] n=600 | classes=[1, 9] | acc=0.5533 | per_class={1: '0.09', 9: '0.99'}
[C18] eval model[0] mean=-0.000566 | θ̃ mean=-0.000566 | edge mean=-0.001500
[C18] n=600 | classes=[1, 9] | acc=0.4767 | per_class={1: '0.00', 9: '1.00'}
[C19] eval model[0] mean=-0.000984 | θ̃ mean=-0.000984 | edge mean=-0.001500
[C19] n=600 | classes=[0, 9] | acc=0.7283 | per_class={0: '0.68', 9: '0.77'}
  [Cloud] GM=0.3065 | EM=0.3410 PM=0.6483 | loss=1.9790 | time=17.1s | comm=2501.9MB (total=45034MB)

[Round  19] Broadcasting to 2 edges...
  [Edge 0] G19 | E1 | Hier-pFedMe | Selected 10/10
  [Client  6] Round 19 | Hier-pFedMe(λ2=35.0,K=3) | loss=0.5575
  [Client  3] Round 19 | Hier-pFedMe(λ2=35.0,K=3) | loss=0.6545
  [Client  4] Round 19 | Hier-pFedMe(λ2=35.0,K=3) | loss=0.7488
  [Client  8] Round 19 | Hier-pFedMe(λ2=35.0,K=3) | loss=0.0239
  [Client  1] Round 19 | Hier-pFedMe(λ2=35.0,K=3) | loss=0.5795  [Client  2] Round 19 | Hier-pFedMe(λ2=35.0,K=3) | loss=0.7289

  [Client  7] Round 19 | Hier-pFedMe(λ2=35.0,K=3) | loss=0.7802
  [Client  0] Round 19 | Hier-pFedMe(λ2=35.0,K=3) | loss=0.4731
  [Client  9] Round 19 | Hier-pFedMe(λ2=35.0,K=3) | loss=0.0219
  [Client  5] Round 19 | Hier-pFedMe(λ2=35.0,K=3) | loss=0.6267
  [Edge 0] G19 | E1 | loss=0.5747
  [Edge 0] G19 | E2 | Hier-pFedMe | Selected 10/10
  [Client  5] Round 19 | Hier-pFedMe(λ2=35.0,K=3) | loss=0.5303
  [Client  7] Round 19 | Hier-pFedMe(λ2=35.0,K=3) | loss=0.4215
  [Client  3] Round 19 | Hier-pFedMe(λ2=35.0,K=3) | loss=0.5392
  [Client  0] Round 19 | Hier-pFedMe(λ2=35.0,K=3) | loss=0.7801
  [Client  2] Round 19 | Hier-pFedMe(λ2=35.0,K=3) | loss=0.2663
  [Client  6] Round 19 | Hier-pFedMe(λ2=35.0,K=3) | loss=0.5228
  [Client  9] Round 19 | Hier-pFedMe(λ2=35.0,K=3) | loss=0.0096
  [Client  8] Round 19 | Hier-pFedMe(λ2=35.0,K=3) | loss=0.0211
  [Client  1] Round 19 | Hier-pFedMe(λ2=35.0,K=3) | loss=0.3649
  [Client  4] Round 19 | Hier-pFedMe(λ2=35.0,K=3) | loss=0.6807
  [Edge 0] G19 | E2 | loss=0.4579
  [Edge 0] G19 | E3 | Hier-pFedMe | Selected 10/10
  [Client  9] Round 19 | Hier-pFedMe(λ2=35.0,K=3) | loss=0.0099
  [Client  4] Round 19 | Hier-pFedMe(λ2=35.0,K=3) | loss=0.7225
  [Client  1] Round 19 | Hier-pFedMe(λ2=35.0,K=3) | loss=0.4607
  [Client  5] Round 19 | Hier-pFedMe(λ2=35.0,K=3) | loss=0.4227
  [Client  2] Round 19 | Hier-pFedMe(λ2=35.0,K=3) | loss=0.3877
  [Client  8] Round 19 | Hier-pFedMe(λ2=35.0,K=3) | loss=0.0125
  [Client  0] Round 19 | Hier-pFedMe(λ2=35.0,K=3) | loss=0.5515
  [Client  7] Round 19 | Hier-pFedMe(λ2=35.0,K=3) | loss=0.7726
  [Client  3] Round 19 | Hier-pFedMe(λ2=35.0,K=3) | loss=0.5268
  [Client  6] Round 19 | Hier-pFedMe(λ2=35.0,K=3) | loss=0.6207
  [Edge 0] G19 | E3 | loss=0.4974
  [Edge 0] G19 | E4 | Hier-pFedMe | Selected 10/10
  [Client  5] Round 19 | Hier-pFedMe(λ2=35.0,K=3) | loss=1.0011  [Client  6] Round 19 | Hier-pFedMe(λ2=35.0,K=3) | loss=0.7496

  [Client  0] Round 19 | Hier-pFedMe(λ2=35.0,K=3) | loss=0.7099  [Client  3] Round 19 | Hier-pFedMe(λ2=35.0,K=3) | loss=0.9257

  [Client  4] Round 19 | Hier-pFedMe(λ2=35.0,K=3) | loss=0.6752
  [Client  2] Round 19 | Hier-pFedMe(λ2=35.0,K=3) | loss=0.8614
  [Client  7] Round 19 | Hier-pFedMe(λ2=35.0,K=3) | loss=0.8198
  [Client  1] Round 19 | Hier-pFedMe(λ2=35.0,K=3) | loss=0.6627
  [Client  8] Round 19 | Hier-pFedMe(λ2=35.0,K=3) | loss=0.0333
  [Client  9] Round 19 | Hier-pFedMe(λ2=35.0,K=3) | loss=0.0073
  [Edge 0] G19 | E4 | loss=0.7140
  [Edge 0] G19 | E5 | Hier-pFedMe | Selected 10/10
  [Client  5] Round 19 | Hier-pFedMe(λ2=35.0,K=3) | loss=0.4673
  [Client  8] Round 19 | Hier-pFedMe(λ2=35.0,K=3) | loss=0.0042
  [Client  9] Round 19 | Hier-pFedMe(λ2=35.0,K=3) | loss=0.0131
  [Client  2] Round 19 | Hier-pFedMe(λ2=35.0,K=3) | loss=0.7914
  [Client  6] Round 19 | Hier-pFedMe(λ2=35.0,K=3) | loss=0.7065
  [Client  1] Round 19 | Hier-pFedMe(λ2=35.0,K=3) | loss=0.6129
  [Client  4] Round 19 | Hier-pFedMe(λ2=35.0,K=3) | loss=0.6239
  [Client  7] Round 19 | Hier-pFedMe(λ2=35.0,K=3) | loss=0.6219
  [Client  0] Round 19 | Hier-pFedMe(λ2=35.0,K=3) | loss=0.7388
  [Client  3] Round 19 | Hier-pFedMe(λ2=35.0,K=3) | loss=0.5919
  [Edge 0] G19 | E5 | loss=0.5737
  [Edge 1] G19 | E1 | Hier-pFedMe | Selected 10/10
  [Client 15] Round 19 | Hier-pFedMe(λ2=35.0,K=3) | loss=0.4785
  [Client 12] Round 19 | Hier-pFedMe(λ2=35.0,K=3) | loss=0.5184
  [Client 19] Round 19 | Hier-pFedMe(λ2=35.0,K=3) | loss=0.4342
  [Client 17] Round 19 | Hier-pFedMe(λ2=35.0,K=3) | loss=0.5191
  [Client 11] Round 19 | Hier-pFedMe(λ2=35.0,K=3) | loss=0.4865  [Client 13] Round 19 | Hier-pFedMe(λ2=35.0,K=3) | loss=0.9662

  [Client 16] Round 19 | Hier-pFedMe(λ2=35.0,K=3) | loss=0.6382
  [Client 18] Round 19 | Hier-pFedMe(λ2=35.0,K=3) | loss=0.7420
  [Client 10] Round 19 | Hier-pFedMe(λ2=35.0,K=3) | loss=0.5544
  [Client 14] Round 19 | Hier-pFedMe(λ2=35.0,K=3) | loss=0.4786
  [Edge 1] G19 | E1 | loss=0.5816
  [Edge 1] G19 | E2 | Hier-pFedMe | Selected 10/10
  [Client 11] Round 19 | Hier-pFedMe(λ2=35.0,K=3) | loss=0.4975
  [Client 13] Round 19 | Hier-pFedMe(λ2=35.0,K=3) | loss=0.7709
  [Client 14] Round 19 | Hier-pFedMe(λ2=35.0,K=3) | loss=0.1730
  [Client 12] Round 19 | Hier-pFedMe(λ2=35.0,K=3) | loss=0.5012
  [Client 17] Round 19 | Hier-pFedMe(λ2=35.0,K=3) | loss=0.5600
  [Client 10] Round 19 | Hier-pFedMe(λ2=35.0,K=3) | loss=0.5972
  [Client 19] Round 19 | Hier-pFedMe(λ2=35.0,K=3) | loss=0.8846
  [Client 18] Round 19 | Hier-pFedMe(λ2=35.0,K=3) | loss=0.4343
  [Client 15] Round 19 | Hier-pFedMe(λ2=35.0,K=3) | loss=0.5210
  [Client 16] Round 19 | Hier-pFedMe(λ2=35.0,K=3) | loss=0.5654
  [Edge 1] G19 | E2 | loss=0.5505
  [Edge 1] G19 | E3 | Hier-pFedMe | Selected 10/10
  [Client 19] Round 19 | Hier-pFedMe(λ2=35.0,K=3) | loss=0.7624
  [Client 18] Round 19 | Hier-pFedMe(λ2=35.0,K=3) | loss=0.8581
  [Client 14] Round 19 | Hier-pFedMe(λ2=35.0,K=3) | loss=0.3149
  [Client 15] Round 19 | Hier-pFedMe(λ2=35.0,K=3) | loss=0.6053
  [Client 10] Round 19 | Hier-pFedMe(λ2=35.0,K=3) | loss=0.9545
  [Client 12] Round 19 | Hier-pFedMe(λ2=35.0,K=3) | loss=0.3792
  [Client 13] Round 19 | Hier-pFedMe(λ2=35.0,K=3) | loss=0.8049
  [Client 17] Round 19 | Hier-pFedMe(λ2=35.0,K=3) | loss=0.7022
  [Client 11] Round 19 | Hier-pFedMe(λ2=35.0,K=3) | loss=0.7181
  [Client 16] Round 19 | Hier-pFedMe(λ2=35.0,K=3) | loss=0.8711
  [Edge 1] G19 | E3 | loss=0.6971
  [Edge 1] G19 | E4 | Hier-pFedMe | Selected 10/10
  [Client 16] Round 19 | Hier-pFedMe(λ2=35.0,K=3) | loss=0.4160
  [Client 13] Round 19 | Hier-pFedMe(λ2=35.0,K=3) | loss=0.5992
  [Client 17] Round 19 | Hier-pFedMe(λ2=35.0,K=3) | loss=1.2878
  [Client 19] Round 19 | Hier-pFedMe(λ2=35.0,K=3) | loss=0.6843
  [Client 18] Round 19 | Hier-pFedMe(λ2=35.0,K=3) | loss=0.6771
  [Client 10] Round 19 | Hier-pFedMe(λ2=35.0,K=3) | loss=1.1142
  [Client 11] Round 19 | Hier-pFedMe(λ2=35.0,K=3) | loss=0.4346
  [Client 14] Round 19 | Hier-pFedMe(λ2=35.0,K=3) | loss=0.3853
  [Client 15] Round 19 | Hier-pFedMe(λ2=35.0,K=3) | loss=0.5271
  [Client 12] Round 19 | Hier-pFedMe(λ2=35.0,K=3) | loss=0.5113
  [Edge 1] G19 | E4 | loss=0.6637
  [Edge 1] G19 | E5 | Hier-pFedMe | Selected 10/10
  [Client 17] Round 19 | Hier-pFedMe(λ2=35.0,K=3) | loss=0.6899
  [Client 11] Round 19 | Hier-pFedMe(λ2=35.0,K=3) | loss=0.2501
  [Client 10] Round 19 | Hier-pFedMe(λ2=35.0,K=3) | loss=0.8520
  [Client 16] Round 19 | Hier-pFedMe(λ2=35.0,K=3) | loss=0.3755
  [Client 13] Round 19 | Hier-pFedMe(λ2=35.0,K=3) | loss=0.5833
  [Client 19] Round 19 | Hier-pFedMe(λ2=35.0,K=3) | loss=0.5854
  [Client 14] Round 19 | Hier-pFedMe(λ2=35.0,K=3) | loss=0.5762
  [Client 12] Round 19 | Hier-pFedMe(λ2=35.0,K=3) | loss=0.9672
  [Client 18] Round 19 | Hier-pFedMe(λ2=35.0,K=3) | loss=0.6056
  [Client 15] Round 19 | Hier-pFedMe(λ2=35.0,K=3) | loss=0.7327
  [Edge 1] G19 | E5 | loss=0.6218
[C0] eval model[0] mean=-0.000031 | θ̃ mean=-0.000031 | edge mean=-0.001011
[C0] n=1000 | classes=[3, 6] | acc=0.6310 | per_class={3: '0.82', 6: '0.43'}
[C1] eval model[0] mean=-0.002278 | θ̃ mean=-0.002278 | edge mean=-0.001011
[C1] n=1000 | classes=[3, 6] | acc=0.6480 | per_class={3: '0.88', 6: '0.40'}
[C2] eval model[0] mean=0.000307 | θ̃ mean=0.000307 | edge mean=-0.001011
[C2] n=1000 | classes=[2, 5] | acc=0.6600 | per_class={2: '0.54', 5: '0.78'}
[C3] eval model[0] mean=-0.001177 | θ̃ mean=-0.001177 | edge mean=-0.001011
[C3] n=1000 | classes=[5, 7] | acc=0.6010 | per_class={5: '0.37', 7: '0.84'}
[C4] eval model[0] mean=-0.000176 | θ̃ mean=-0.000176 | edge mean=-0.001011
[C4] n=1000 | classes=[2, 7] | acc=0.6080 | per_class={2: '0.88', 7: '0.33'}
[C5] eval model[0] mean=-0.001870 | θ̃ mean=-0.001870 | edge mean=-0.001011
[C5] n=1000 | classes=[2, 4] | acc=0.5450 | per_class={2: '0.24', 4: '0.86'}
[C6] eval model[0] mean=-0.000507 | θ̃ mean=-0.000507 | edge mean=-0.001011
[C6] n=1000 | classes=[6, 7] | acc=0.6520 | per_class={6: '0.81', 7: '0.50'}
[C7] eval model[0] mean=-0.000705 | θ̃ mean=-0.000705 | edge mean=-0.001011
[C7] n=1000 | classes=[3, 5] | acc=0.5130 | per_class={3: '0.75', 5: '0.29'}
[C8] eval model[0] mean=-0.001236 | θ̃ mean=-0.001236 | edge mean=-0.001011
[C8] n=500 | classes=[4] | acc=0.9940 | per_class={4: '0.99'}
[C9] eval model[0] mean=-0.000985 | θ̃ mean=-0.000985 | edge mean=-0.001011
[C9] n=500 | classes=[4] | acc=1.0000 | per_class={4: '1.00'}
[C10] eval model[0] mean=-0.003211 | θ̃ mean=-0.003211 | edge mean=-0.001403
[C10] n=600 | classes=[8, 9] | acc=0.4867 | per_class={8: '1.00', 9: '0.00'}
[C11] eval model[0] mean=-0.001544 | θ̃ mean=-0.001544 | edge mean=-0.001403
[C11] n=600 | classes=[0, 1] | acc=0.6950 | per_class={0: '0.78', 1: '0.61'}
[C12] eval model[0] mean=-0.001953 | θ̃ mean=-0.001953 | edge mean=-0.001403
[C12] n=600 | classes=[1, 8] | acc=0.7133 | per_class={1: '0.55', 8: '0.89'}
[C13] eval model[0] mean=-0.001384 | θ̃ mean=-0.001384 | edge mean=-0.001403
[C13] n=600 | classes=[0, 8] | acc=0.5183 | per_class={0: '1.00', 8: '0.00'}
[C14] eval model[0] mean=-0.001073 | θ̃ mean=-0.001073 | edge mean=-0.001403
[C14] n=600 | classes=[0, 9] | acc=0.7717 | per_class={0: '0.64', 9: '0.91'}
[C15] eval model[0] mean=-0.001238 | θ̃ mean=-0.001238 | edge mean=-0.001403
[C15] n=600 | classes=[0, 8] | acc=0.5583 | per_class={0: '0.82', 8: '0.29'}
[C16] eval model[0] mean=-0.001032 | θ̃ mean=-0.001032 | edge mean=-0.001403
[C16] n=600 | classes=[1, 8] | acc=0.7567 | per_class={1: '0.87', 8: '0.65'}
[C17] eval model[0] mean=-0.001585 | θ̃ mean=-0.001585 | edge mean=-0.001403
[C17] n=600 | classes=[1, 9] | acc=0.4883 | per_class={1: '0.98', 9: '0.03'}
[C18] eval model[0] mean=-0.001574 | θ̃ mean=-0.001574 | edge mean=-0.001403
[C18] n=600 | classes=[1, 9] | acc=0.5217 | per_class={1: '0.99', 9: '0.00'}
[C19] eval model[0] mean=-0.000918 | θ̃ mean=-0.000918 | edge mean=-0.001403
[C19] n=600 | classes=[0, 9] | acc=0.7167 | per_class={0: '0.74', 9: '0.70'}
  [Cloud] GM=0.3007 | EM=0.3404 PM=0.6394 | loss=1.9717 | time=17.6s | comm=2501.9MB (total=47536MB)

[Round  20] Broadcasting to 2 edges...
  [Edge 0] G20 | E1 | Hier-pFedMe | Selected 10/10
  [Client  1] Round 20 | Hier-pFedMe(λ2=35.0,K=3) | loss=0.5665
  [Client  4] Round 20 | Hier-pFedMe(λ2=35.0,K=3) | loss=0.9315
  [Client  9] Round 20 | Hier-pFedMe(λ2=35.0,K=3) | loss=0.0235
  [Client  5] Round 20 | Hier-pFedMe(λ2=35.0,K=3) | loss=0.4427
  [Client  2] Round 20 | Hier-pFedMe(λ2=35.0,K=3) | loss=0.8903
  [Client  7] Round 20 | Hier-pFedMe(λ2=35.0,K=3) | loss=0.4718
  [Client  0] Round 20 | Hier-pFedMe(λ2=35.0,K=3) | loss=0.5993
  [Client  8] Round 20 | Hier-pFedMe(λ2=35.0,K=3) | loss=0.0220
  [Client  3] Round 20 | Hier-pFedMe(λ2=35.0,K=3) | loss=0.6469
  [Client  6] Round 20 | Hier-pFedMe(λ2=35.0,K=3) | loss=0.6301
  [Edge 0] G20 | E1 | loss=0.5780
  [Edge 0] G20 | E2 | Hier-pFedMe | Selected 10/10
  [Client  9] Round 20 | Hier-pFedMe(λ2=35.0,K=3) | loss=0.0188
  [Client  8] Round 20 | Hier-pFedMe(λ2=35.0,K=3) | loss=0.0205
  [Client  4] Round 20 | Hier-pFedMe(λ2=35.0,K=3) | loss=0.9207
  [Client  6] Round 20 | Hier-pFedMe(λ2=35.0,K=3) | loss=0.5507
  [Client  0] Round 20 | Hier-pFedMe(λ2=35.0,K=3) | loss=0.5032
  [Client  5] Round 20 | Hier-pFedMe(λ2=35.0,K=3) | loss=0.4509
  [Client  7] Round 20 | Hier-pFedMe(λ2=35.0,K=3) | loss=0.4203
  [Client  2] Round 20 | Hier-pFedMe(λ2=35.0,K=3) | loss=0.7894
  [Client  1] Round 20 | Hier-pFedMe(λ2=35.0,K=3) | loss=0.7268
  [Client  3] Round 20 | Hier-pFedMe(λ2=35.0,K=3) | loss=0.4685
  [Edge 0] G20 | E2 | loss=0.5389
  [Edge 0] G20 | E3 | Hier-pFedMe | Selected 10/10
  [Client  5] Round 20 | Hier-pFedMe(λ2=35.0,K=3) | loss=1.2964
  [Client  9] Round 20 | Hier-pFedMe(λ2=35.0,K=3) | loss=0.0124  [Client  2] Round 20 | Hier-pFedMe(λ2=35.0,K=3) | loss=1.4658

  [Client  3] Round 20 | Hier-pFedMe(λ2=35.0,K=3) | loss=0.4900
  [Client  8] Round 20 | Hier-pFedMe(λ2=35.0,K=3) | loss=0.0057
  [Client  4] Round 20 | Hier-pFedMe(λ2=35.0,K=3) | loss=0.5333
  [Client  7] Round 20 | Hier-pFedMe(λ2=35.0,K=3) | loss=0.9170
  [Client  6] Round 20 | Hier-pFedMe(λ2=35.0,K=3) | loss=0.4680
  [Client  0] Round 20 | Hier-pFedMe(λ2=35.0,K=3) | loss=0.6049
  [Client  1] Round 20 | Hier-pFedMe(λ2=35.0,K=3) | loss=0.9300
  [Edge 0] G20 | E3 | loss=0.7460
  [Edge 0] G20 | E4 | Hier-pFedMe | Selected 10/10
  [Client  9] Round 20 | Hier-pFedMe(λ2=35.0,K=3) | loss=0.0092
  [Client  2] Round 20 | Hier-pFedMe(λ2=35.0,K=3) | loss=0.6351
  [Client  6] Round 20 | Hier-pFedMe(λ2=35.0,K=3) | loss=0.4852
  [Client  8] Round 20 | Hier-pFedMe(λ2=35.0,K=3) | loss=0.0339
  [Client  5] Round 20 | Hier-pFedMe(λ2=35.0,K=3) | loss=0.6632
  [Client  3] Round 20 | Hier-pFedMe(λ2=35.0,K=3) | loss=0.5374
  [Client  0] Round 20 | Hier-pFedMe(λ2=35.0,K=3) | loss=0.5327
  [Client  7] Round 20 | Hier-pFedMe(λ2=35.0,K=3) | loss=0.8428
  [Client  4] Round 20 | Hier-pFedMe(λ2=35.0,K=3) | loss=0.6873
  [Client  1] Round 20 | Hier-pFedMe(λ2=35.0,K=3) | loss=0.6978
  [Edge 0] G20 | E4 | loss=0.5670
  [Edge 0] G20 | E5 | Hier-pFedMe | Selected 10/10
  [Client  5] Round 20 | Hier-pFedMe(λ2=35.0,K=3) | loss=0.6743
  [Client  0] Round 20 | Hier-pFedMe(λ2=35.0,K=3) | loss=0.8205
  [Client  4] Round 20 | Hier-pFedMe(λ2=35.0,K=3) | loss=0.8655
  [Client  6] Round 20 | Hier-pFedMe(λ2=35.0,K=3) | loss=0.5061
  [Client  7] Round 20 | Hier-pFedMe(λ2=35.0,K=3) | loss=0.6095
  [Client  8] Round 20 | Hier-pFedMe(λ2=35.0,K=3) | loss=0.0019
  [Client  3] Round 20 | Hier-pFedMe(λ2=35.0,K=3) | loss=0.8809
  [Client  2] Round 20 | Hier-pFedMe(λ2=35.0,K=3) | loss=0.6017
  [Client  1] Round 20 | Hier-pFedMe(λ2=35.0,K=3) | loss=1.7453
  [Client  9] Round 20 | Hier-pFedMe(λ2=35.0,K=3) | loss=0.0171
  [Edge 0] G20 | E5 | loss=0.7459
  [Edge 1] G20 | E1 | Hier-pFedMe | Selected 10/10
  [Client 14] Round 20 | Hier-pFedMe(λ2=35.0,K=3) | loss=0.4943
  [Client 12] Round 20 | Hier-pFedMe(λ2=35.0,K=3) | loss=0.3407
  [Client 13] Round 20 | Hier-pFedMe(λ2=35.0,K=3) | loss=0.6138
  [Client 16] Round 20 | Hier-pFedMe(λ2=35.0,K=3) | loss=0.4763
  [Client 10] Round 20 | Hier-pFedMe(λ2=35.0,K=3) | loss=0.3658
  [Client 18] Round 20 | Hier-pFedMe(λ2=35.0,K=3) | loss=0.5487
  [Client 19] Round 20 | Hier-pFedMe(λ2=35.0,K=3) | loss=0.6790
  [Client 15] Round 20 | Hier-pFedMe(λ2=35.0,K=3) | loss=0.4909
  [Client 11] Round 20 | Hier-pFedMe(λ2=35.0,K=3) | loss=0.3866
  [Client 17] Round 20 | Hier-pFedMe(λ2=35.0,K=3) | loss=2.6739
  [Edge 1] G20 | E1 | loss=0.7070
  [Edge 1] G20 | E2 | Hier-pFedMe | Selected 10/10
  [Client 13] Round 20 | Hier-pFedMe(λ2=35.0,K=3) | loss=0.6652
  [Client 16] Round 20 | Hier-pFedMe(λ2=35.0,K=3) | loss=0.3488
  [Client 10] Round 20 | Hier-pFedMe(λ2=35.0,K=3) | loss=1.0048
  [Client 19] Round 20 | Hier-pFedMe(λ2=35.0,K=3) | loss=0.4612
  [Client 11] Round 20 | Hier-pFedMe(λ2=35.0,K=3) | loss=0.2435
  [Client 15] Round 20 | Hier-pFedMe(λ2=35.0,K=3) | loss=0.3915
  [Client 12] Round 20 | Hier-pFedMe(λ2=35.0,K=3) | loss=0.4679
  [Client 14] Round 20 | Hier-pFedMe(λ2=35.0,K=3) | loss=0.6604
  [Client 17] Round 20 | Hier-pFedMe(λ2=35.0,K=3) | loss=0.4491
  [Client 18] Round 20 | Hier-pFedMe(λ2=35.0,K=3) | loss=0.4412
  [Edge 1] G20 | E2 | loss=0.5134
  [Edge 1] G20 | E3 | Hier-pFedMe | Selected 10/10
  [Client 13] Round 20 | Hier-pFedMe(λ2=35.0,K=3) | loss=0.4493
  [Client 11] Round 20 | Hier-pFedMe(λ2=35.0,K=3) | loss=0.8130
  [Client 14] Round 20 | Hier-pFedMe(λ2=35.0,K=3) | loss=0.5289
  [Client 16] Round 20 | Hier-pFedMe(λ2=35.0,K=3) | loss=0.3414
  [Client 19] Round 20 | Hier-pFedMe(λ2=35.0,K=3) | loss=1.6987
  [Client 15] Round 20 | Hier-pFedMe(λ2=35.0,K=3) | loss=0.4881
  [Client 18] Round 20 | Hier-pFedMe(λ2=35.0,K=3) | loss=0.3723
  [Client 12] Round 20 | Hier-pFedMe(λ2=35.0,K=3) | loss=0.6429
  [Client 17] Round 20 | Hier-pFedMe(λ2=35.0,K=3) | loss=0.3618
  [Client 10] Round 20 | Hier-pFedMe(λ2=35.0,K=3) | loss=1.8033
  [Edge 1] G20 | E3 | loss=0.7500
  [Edge 1] G20 | E4 | Hier-pFedMe | Selected 10/10
  [Client 14] Round 20 | Hier-pFedMe(λ2=35.0,K=3) | loss=0.1854
  [Client 18] Round 20 | Hier-pFedMe(λ2=35.0,K=3) | loss=1.0305
  [Client 17] Round 20 | Hier-pFedMe(λ2=35.0,K=3) | loss=0.3827
  [Client 19] Round 20 | Hier-pFedMe(λ2=35.0,K=3) | loss=0.4833
  [Client 16] Round 20 | Hier-pFedMe(λ2=35.0,K=3) | loss=0.4138
  [Client 10] Round 20 | Hier-pFedMe(λ2=35.0,K=3) | loss=0.7343
  [Client 12] Round 20 | Hier-pFedMe(λ2=35.0,K=3) | loss=0.2337
  [Client 11] Round 20 | Hier-pFedMe(λ2=35.0,K=3) | loss=0.2976
  [Client 13] Round 20 | Hier-pFedMe(λ2=35.0,K=3) | loss=0.5849
  [Client 15] Round 20 | Hier-pFedMe(λ2=35.0,K=3) | loss=0.6947
  [Edge 1] G20 | E4 | loss=0.5041
  [Edge 1] G20 | E5 | Hier-pFedMe | Selected 10/10
  [Client 12] Round 20 | Hier-pFedMe(λ2=35.0,K=3) | loss=0.3277
  [Client 11] Round 20 | Hier-pFedMe(λ2=35.0,K=3) | loss=0.5718
  [Client 14] Round 20 | Hier-pFedMe(λ2=35.0,K=3) | loss=0.5016
  [Client 15] Round 20 | Hier-pFedMe(λ2=35.0,K=3) | loss=0.6618
  [Client 18] Round 20 | Hier-pFedMe(λ2=35.0,K=3) | loss=0.2885
  [Client 13] Round 20 | Hier-pFedMe(λ2=35.0,K=3) | loss=0.4894
  [Client 19] Round 20 | Hier-pFedMe(λ2=35.0,K=3) | loss=1.1196
  [Client 10] Round 20 | Hier-pFedMe(λ2=35.0,K=3) | loss=1.4156
  [Client 16] Round 20 | Hier-pFedMe(λ2=35.0,K=3) | loss=0.3834
  [Client 17] Round 20 | Hier-pFedMe(λ2=35.0,K=3) | loss=1.2297
  [Edge 1] G20 | E5 | loss=0.6989
[C0] eval model[0] mean=-0.001393 | θ̃ mean=-0.001393 | edge mean=-0.000971
[C0] n=1000 | classes=[3, 6] | acc=0.6380 | per_class={3: '0.58', 6: '0.70'}
[C1] eval model[0] mean=-0.003221 | θ̃ mean=-0.003221 | edge mean=-0.000971
[C1] n=1000 | classes=[3, 6] | acc=0.4960 | per_class={3: '0.03', 6: '0.99'}
[C2] eval model[0] mean=-0.000409 | θ̃ mean=-0.000409 | edge mean=-0.000971
[C2] n=1000 | classes=[2, 5] | acc=0.4950 | per_class={2: '0.00', 5: '1.00'}
[C3] eval model[0] mean=-0.000609 | θ̃ mean=-0.000609 | edge mean=-0.000971
[C3] n=1000 | classes=[5, 7] | acc=0.5050 | per_class={5: '1.00', 7: '0.00'}
[C4] eval model[0] mean=-0.000848 | θ̃ mean=-0.000848 | edge mean=-0.000971
[C4] n=1000 | classes=[2, 7] | acc=0.6060 | per_class={2: '0.45', 7: '0.77'}
[C5] eval model[0] mean=-0.001447 | θ̃ mean=-0.001447 | edge mean=-0.000971
[C5] n=1000 | classes=[2, 4] | acc=0.5070 | per_class={2: '0.99', 4: '0.00'}
[C6] eval model[0] mean=-0.001244 | θ̃ mean=-0.001244 | edge mean=-0.000971
[C6] n=1000 | classes=[6, 7] | acc=0.6890 | per_class={6: '0.83', 7: '0.55'}
[C7] eval model[0] mean=-0.001121 | θ̃ mean=-0.001121 | edge mean=-0.000971
[C7] n=1000 | classes=[3, 5] | acc=0.5410 | per_class={3: '0.53', 5: '0.56'}
[C8] eval model[0] mean=-0.001295 | θ̃ mean=-0.001295 | edge mean=-0.000971
[C8] n=500 | classes=[4] | acc=0.9980 | per_class={4: '1.00'}
[C9] eval model[0] mean=-0.001237 | θ̃ mean=-0.001237 | edge mean=-0.000971
[C9] n=500 | classes=[4] | acc=1.0000 | per_class={4: '1.00'}
[C10] eval model[0] mean=-0.003009 | θ̃ mean=-0.003009 | edge mean=-0.002149
[C10] n=600 | classes=[8, 9] | acc=0.4867 | per_class={8: '1.00', 9: '0.00'}
[C11] eval model[0] mean=-0.002916 | θ̃ mean=-0.002916 | edge mean=-0.002149
[C11] n=600 | classes=[0, 1] | acc=0.6467 | per_class={0: '0.77', 1: '0.52'}
[C12] eval model[0] mean=-0.002339 | θ̃ mean=-0.002339 | edge mean=-0.002149
[C12] n=600 | classes=[1, 8] | acc=0.7333 | per_class={1: '0.66', 8: '0.82'}
[C13] eval model[0] mean=-0.000907 | θ̃ mean=-0.000907 | edge mean=-0.002149
[C13] n=600 | classes=[0, 8] | acc=0.6550 | per_class={0: '0.57', 8: '0.74'}
[C14] eval model[0] mean=-0.001323 | θ̃ mean=-0.001323 | edge mean=-0.002149
[C14] n=600 | classes=[0, 9] | acc=0.7233 | per_class={0: '0.83', 9: '0.61'}
[C15] eval model[0] mean=-0.002692 | θ̃ mean=-0.002692 | edge mean=-0.002149
[C15] n=600 | classes=[0, 8] | acc=0.5450 | per_class={0: '0.80', 8: '0.28'}
[C16] eval model[0] mean=-0.001930 | θ̃ mean=-0.001930 | edge mean=-0.002149
[C16] n=600 | classes=[1, 8] | acc=0.7617 | per_class={1: '0.66', 8: '0.86'}
[C17] eval model[0] mean=-0.002339 | θ̃ mean=-0.002339 | edge mean=-0.002149
[C17] n=600 | classes=[1, 9] | acc=0.5183 | per_class={1: '0.00', 9: '1.00'}
[C18] eval model[0] mean=-0.003619 | θ̃ mean=-0.003619 | edge mean=-0.002149
[C18] n=600 | classes=[1, 9] | acc=0.5767 | per_class={1: '0.31', 9: '0.87'}
[C19] eval model[0] mean=-0.001367 | θ̃ mean=-0.001367 | edge mean=-0.002149
[C19] n=600 | classes=[0, 9] | acc=0.5100 | per_class={0: '0.99', 9: '0.08'}
  [Cloud] GM=0.3115 | EM=0.3513 PM=0.6113 | loss=1.9608 | time=16.8s | comm=2501.9MB (total=50038MB)

[Round  21] Broadcasting to 2 edges...
  [Edge 0] G21 | E1 | Hier-pFedMe | Selected 10/10
  [Client  4] Round 21 | Hier-pFedMe(λ2=35.0,K=3) | loss=0.6256  [Client  5] Round 21 | Hier-pFedMe(λ2=35.0,K=3) | loss=0.7125

  [Client  8] Round 21 | Hier-pFedMe(λ2=35.0,K=3) | loss=0.0248
  [Client  2] Round 21 | Hier-pFedMe(λ2=35.0,K=3) | loss=0.5646
  [Client  3] Round 21 | Hier-pFedMe(λ2=35.0,K=3) | loss=0.7646
  [Client  0] Round 21 | Hier-pFedMe(λ2=35.0,K=3) | loss=0.6043
  [Client  6] Round 21 | Hier-pFedMe(λ2=35.0,K=3) | loss=0.7429
  [Client  7] Round 21 | Hier-pFedMe(λ2=35.0,K=3) | loss=0.4484
  [Client  1] Round 21 | Hier-pFedMe(λ2=35.0,K=3) | loss=0.7561
  [Client  9] Round 21 | Hier-pFedMe(λ2=35.0,K=3) | loss=0.0068
  [Edge 0] G21 | E1 | loss=0.5816
  [Edge 0] G21 | E2 | Hier-pFedMe | Selected 10/10
  [Client  6] Round 21 | Hier-pFedMe(λ2=35.0,K=3) | loss=0.6822
  [Client  1] Round 21 | Hier-pFedMe(λ2=35.0,K=3) | loss=1.6847
  [Client  4] Round 21 | Hier-pFedMe(λ2=35.0,K=3) | loss=1.1244
  [Client  3] Round 21 | Hier-pFedMe(λ2=35.0,K=3) | loss=1.0501
  [Client  2] Round 21 | Hier-pFedMe(λ2=35.0,K=3) | loss=0.3935
  [Client  8] Round 21 | Hier-pFedMe(λ2=35.0,K=3) | loss=0.0171
  [Client  7] Round 21 | Hier-pFedMe(λ2=35.0,K=3) | loss=0.6321
  [Client  5] Round 21 | Hier-pFedMe(λ2=35.0,K=3) | loss=0.4509
  [Client  9] Round 21 | Hier-pFedMe(λ2=35.0,K=3) | loss=0.0236
  [Client  0] Round 21 | Hier-pFedMe(λ2=35.0,K=3) | loss=0.5420
  [Edge 0] G21 | E2 | loss=0.7311
  [Edge 0] G21 | E3 | Hier-pFedMe | Selected 10/10
  [Client  6] Round 21 | Hier-pFedMe(λ2=35.0,K=3) | loss=0.6843
  [Client  0] Round 21 | Hier-pFedMe(λ2=35.0,K=3) | loss=0.4349
  [Client  5] Round 21 | Hier-pFedMe(λ2=35.0,K=3) | loss=0.6104
  [Client  2] Round 21 | Hier-pFedMe(λ2=35.0,K=3) | loss=0.6850
  [Client  8] Round 21 | Hier-pFedMe(λ2=35.0,K=3) | loss=0.0235
  [Client  3] Round 21 | Hier-pFedMe(λ2=35.0,K=3) | loss=1.1874
  [Client  1] Round 21 | Hier-pFedMe(λ2=35.0,K=3) | loss=0.5067
  [Client  9] Round 21 | Hier-pFedMe(λ2=35.0,K=3) | loss=0.0159
  [Client  7] Round 21 | Hier-pFedMe(λ2=35.0,K=3) | loss=0.8293
  [Client  4] Round 21 | Hier-pFedMe(λ2=35.0,K=3) | loss=1.0067
  [Edge 0] G21 | E3 | loss=0.6627
  [Edge 0] G21 | E4 | Hier-pFedMe | Selected 10/10
  [Client  7] Round 21 | Hier-pFedMe(λ2=35.0,K=3) | loss=0.8637
  [Client  2] Round 21 | Hier-pFedMe(λ2=35.0,K=3) | loss=0.5697
  [Client  9] Round 21 | Hier-pFedMe(λ2=35.0,K=3) | loss=0.0153
  [Client  4] Round 21 | Hier-pFedMe(λ2=35.0,K=3) | loss=0.6021
  [Client  6] Round 21 | Hier-pFedMe(λ2=35.0,K=3) | loss=0.4666
  [Client  8] Round 21 | Hier-pFedMe(λ2=35.0,K=3) | loss=0.0143  [Client  1] Round 21 | Hier-pFedMe(λ2=35.0,K=3) | loss=0.3071

  [Client  5] Round 21 | Hier-pFedMe(λ2=35.0,K=3) | loss=0.5539
  [Client  3] Round 21 | Hier-pFedMe(λ2=35.0,K=3) | loss=0.9907
  [Client  0] Round 21 | Hier-pFedMe(λ2=35.0,K=3) | loss=0.5385
  [Edge 0] G21 | E4 | loss=0.5452
  [Edge 0] G21 | E5 | Hier-pFedMe | Selected 10/10
  [Client  0] Round 21 | Hier-pFedMe(λ2=35.0,K=3) | loss=0.5370
  [Client  2] Round 21 | Hier-pFedMe(λ2=35.0,K=3) | loss=0.6315
  [Client  4] Round 21 | Hier-pFedMe(λ2=35.0,K=3) | loss=0.7728
  [Client  7] Round 21 | Hier-pFedMe(λ2=35.0,K=3) | loss=0.6794
  [Client  9] Round 21 | Hier-pFedMe(λ2=35.0,K=3) | loss=0.0166
  [Client  5] Round 21 | Hier-pFedMe(λ2=35.0,K=3) | loss=1.0635
  [Client  3] Round 21 | Hier-pFedMe(λ2=35.0,K=3) | loss=1.1594
  [Client  8] Round 21 | Hier-pFedMe(λ2=35.0,K=3) | loss=0.0337
  [Client  6] Round 21 | Hier-pFedMe(λ2=35.0,K=3) | loss=0.4219
  [Client  1] Round 21 | Hier-pFedMe(λ2=35.0,K=3) | loss=0.0207
  [Edge 0] G21 | E5 | loss=0.5901
  [Edge 1] G21 | E1 | Hier-pFedMe | Selected 10/10
  [Client 10] Round 21 | Hier-pFedMe(λ2=35.0,K=3) | loss=0.8379
  [Client 17] Round 21 | Hier-pFedMe(λ2=35.0,K=3) | loss=1.0587
  [Client 11] Round 21 | Hier-pFedMe(λ2=35.0,K=3) | loss=0.2779
  [Client 12] Round 21 | Hier-pFedMe(λ2=35.0,K=3) | loss=0.6002
  [Client 15] Round 21 | Hier-pFedMe(λ2=35.0,K=3) | loss=0.8571
  [Client 13] Round 21 | Hier-pFedMe(λ2=35.0,K=3) | loss=0.5717
  [Client 18] Round 21 | Hier-pFedMe(λ2=35.0,K=3) | loss=1.9602
  [Client 19] Round 21 | Hier-pFedMe(λ2=35.0,K=3) | loss=0.5776
  [Client 16] Round 21 | Hier-pFedMe(λ2=35.0,K=3) | loss=0.8713
  [Client 14] Round 21 | Hier-pFedMe(λ2=35.0,K=3) | loss=0.2295
  [Edge 1] G21 | E1 | loss=0.7842
  [Edge 1] G21 | E2 | Hier-pFedMe | Selected 10/10
  [Client 16] Round 21 | Hier-pFedMe(λ2=35.0,K=3) | loss=0.5017  [Client 17] Round 21 | Hier-pFedMe(λ2=35.0,K=3) | loss=0.8346

  [Client 14] Round 21 | Hier-pFedMe(λ2=35.0,K=3) | loss=0.3271
  [Client 12] Round 21 | Hier-pFedMe(λ2=35.0,K=3) | loss=0.2396
  [Client 11] Round 21 | Hier-pFedMe(λ2=35.0,K=3) | loss=0.6472
  [Client 15] Round 21 | Hier-pFedMe(λ2=35.0,K=3) | loss=0.4105
  [Client 19] Round 21 | Hier-pFedMe(λ2=35.0,K=3) | loss=1.2297
  [Client 18] Round 21 | Hier-pFedMe(λ2=35.0,K=3) | loss=0.7786
  [Client 13] Round 21 | Hier-pFedMe(λ2=35.0,K=3) | loss=0.4633
  [Client 10] Round 21 | Hier-pFedMe(λ2=35.0,K=3) | loss=1.3064
  [Edge 1] G21 | E2 | loss=0.6739
  [Edge 1] G21 | E3 | Hier-pFedMe | Selected 10/10
  [Client 12] Round 21 | Hier-pFedMe(λ2=35.0,K=3) | loss=0.1211
  [Client 13] Round 21 | Hier-pFedMe(λ2=35.0,K=3) | loss=0.5027
  [Client 17] Round 21 | Hier-pFedMe(λ2=35.0,K=3) | loss=0.5166
  [Client 19] Round 21 | Hier-pFedMe(λ2=35.0,K=3) | loss=0.3360
  [Client 18] Round 21 | Hier-pFedMe(λ2=35.0,K=3) | loss=0.4827
  [Client 10] Round 21 | Hier-pFedMe(λ2=35.0,K=3) | loss=0.6964
  [Client 14] Round 21 | Hier-pFedMe(λ2=35.0,K=3) | loss=0.8086
  [Client 15] Round 21 | Hier-pFedMe(λ2=35.0,K=3) | loss=0.4700
  [Client 11] Round 21 | Hier-pFedMe(λ2=35.0,K=3) | loss=0.3807
  [Client 16] Round 21 | Hier-pFedMe(λ2=35.0,K=3) | loss=0.2566
  [Edge 1] G21 | E3 | loss=0.4571
  [Edge 1] G21 | E4 | Hier-pFedMe | Selected 10/10
  [Client 17] Round 21 | Hier-pFedMe(λ2=35.0,K=3) | loss=0.3919
  [Client 14] Round 21 | Hier-pFedMe(λ2=35.0,K=3) | loss=0.7548
  [Client 19] Round 21 | Hier-pFedMe(λ2=35.0,K=3) | loss=1.0057
  [Client 15] Round 21 | Hier-pFedMe(λ2=35.0,K=3) | loss=0.6432
  [Client 18] Round 21 | Hier-pFedMe(λ2=35.0,K=3) | loss=1.2613
  [Client 11] Round 21 | Hier-pFedMe(λ2=35.0,K=3) | loss=0.6071  [Client 10] Round 21 | Hier-pFedMe(λ2=35.0,K=3) | loss=0.1816

  [Client 16] Round 21 | Hier-pFedMe(λ2=35.0,K=3) | loss=0.3949
  [Client 13] Round 21 | Hier-pFedMe(λ2=35.0,K=3) | loss=0.5542
  [Client 12] Round 21 | Hier-pFedMe(λ2=35.0,K=3) | loss=0.5797
  [Edge 1] G21 | E4 | loss=0.6374
  [Edge 1] G21 | E5 | Hier-pFedMe | Selected 10/10
  [Client 10] Round 21 | Hier-pFedMe(λ2=35.0,K=3) | loss=0.5026
  [Client 18] Round 21 | Hier-pFedMe(λ2=35.0,K=3) | loss=0.5888
  [Client 14] Round 21 | Hier-pFedMe(λ2=35.0,K=3) | loss=0.5816
  [Client 19] Round 21 | Hier-pFedMe(λ2=35.0,K=3) | loss=0.4160
  [Client 12] Round 21 | Hier-pFedMe(λ2=35.0,K=3) | loss=0.5589
  [Client 11] Round 21 | Hier-pFedMe(λ2=35.0,K=3) | loss=0.6380
  [Client 17] Round 21 | Hier-pFedMe(λ2=35.0,K=3) | loss=0.8253
  [Client 15] Round 21 | Hier-pFedMe(λ2=35.0,K=3) | loss=0.8580
  [Client 16] Round 21 | Hier-pFedMe(λ2=35.0,K=3) | loss=0.4796
  [Client 13] Round 21 | Hier-pFedMe(λ2=35.0,K=3) | loss=0.9581
  [Edge 1] G21 | E5 | loss=0.6407
[C0] eval model[0] mean=-0.001744 | θ̃ mean=-0.001744 | edge mean=-0.001173
[C0] n=1000 | classes=[3, 6] | acc=0.6440 | per_class={3: '0.65', 6: '0.64'}
[C1] eval model[0] mean=-0.001992 | θ̃ mean=-0.001992 | edge mean=-0.001173
[C1] n=1000 | classes=[3, 6] | acc=0.4850 | per_class={3: '0.00', 6: '1.00'}
[C2] eval model[0] mean=-0.000696 | θ̃ mean=-0.000696 | edge mean=-0.001173
[C2] n=1000 | classes=[2, 5] | acc=0.5190 | per_class={2: '0.06', 5: '0.99'}
[C3] eval model[0] mean=-0.000818 | θ̃ mean=-0.000818 | edge mean=-0.001173
[C3] n=1000 | classes=[5, 7] | acc=0.4800 | per_class={5: '0.02', 7: '0.95'}
[C4] eval model[0] mean=-0.000752 | θ̃ mean=-0.000752 | edge mean=-0.001173
[C4] n=1000 | classes=[2, 7] | acc=0.5570 | per_class={2: '0.15', 7: '0.98'}
[C5] eval model[0] mean=-0.000929 | θ̃ mean=-0.000929 | edge mean=-0.001173
[C5] n=1000 | classes=[2, 4] | acc=0.5500 | per_class={2: '0.29', 4: '0.82'}
[C6] eval model[0] mean=-0.001117 | θ̃ mean=-0.001117 | edge mean=-0.001173
[C6] n=1000 | classes=[6, 7] | acc=0.7110 | per_class={6: '0.70', 7: '0.72'}
[C7] eval model[0] mean=0.000229 | θ̃ mean=0.000229 | edge mean=-0.001173
[C7] n=1000 | classes=[3, 5] | acc=0.5100 | per_class={3: '0.00', 5: '0.99'}
[C8] eval model[0] mean=-0.001363 | θ̃ mean=-0.001363 | edge mean=-0.001173
[C8] n=500 | classes=[4] | acc=0.9940 | per_class={4: '0.99'}
[C9] eval model[0] mean=-0.001233 | θ̃ mean=-0.001233 | edge mean=-0.001173
[C9] n=500 | classes=[4] | acc=0.9900 | per_class={4: '0.99'}
[C10] eval model[0] mean=-0.001695 | θ̃ mean=-0.001695 | edge mean=-0.002069
[C10] n=600 | classes=[8, 9] | acc=0.6250 | per_class={8: '0.97', 9: '0.30'}
[C11] eval model[0] mean=-0.004203 | θ̃ mean=-0.004203 | edge mean=-0.002069
[C11] n=600 | classes=[0, 1] | acc=0.5117 | per_class={0: '0.02', 1: '1.00'}
[C12] eval model[0] mean=-0.002475 | θ̃ mean=-0.002475 | edge mean=-0.002069
[C12] n=600 | classes=[1, 8] | acc=0.6400 | per_class={1: '0.35', 8: '0.95'}
[C13] eval model[0] mean=-0.002118 | θ̃ mean=-0.002118 | edge mean=-0.002069
[C13] n=600 | classes=[0, 8] | acc=0.5183 | per_class={0: '1.00', 8: '0.00'}
[C14] eval model[0] mean=-0.002664 | θ̃ mean=-0.002664 | edge mean=-0.002069
[C14] n=600 | classes=[0, 9] | acc=0.7450 | per_class={0: '0.55', 9: '0.95'}
[C15] eval model[0] mean=-0.002290 | θ̃ mean=-0.002290 | edge mean=-0.002069
[C15] n=600 | classes=[0, 8] | acc=0.6417 | per_class={0: '0.45', 8: '0.84'}
[C16] eval model[0] mean=-0.002531 | θ̃ mean=-0.002531 | edge mean=-0.002069
[C16] n=600 | classes=[1, 8] | acc=0.6333 | per_class={1: '0.28', 8: '0.97'}
[C17] eval model[0] mean=-0.001240 | θ̃ mean=-0.001240 | edge mean=-0.002069
[C17] n=600 | classes=[1, 9] | acc=0.5600 | per_class={1: '0.16', 9: '0.93'}
[C18] eval model[0] mean=-0.001252 | θ̃ mean=-0.001252 | edge mean=-0.002069
[C18] n=600 | classes=[1, 9] | acc=0.5200 | per_class={1: '0.99', 9: '0.00'}
[C19] eval model[0] mean=-0.003404 | θ̃ mean=-0.003404 | edge mean=-0.002069
[C19] n=600 | classes=[0, 9] | acc=0.7583 | per_class={0: '0.54', 9: '0.96'}
  [Cloud] GM=0.3058 | EM=0.3589 PM=0.6093 | loss=1.9694 | time=17.3s | comm=2501.9MB (total=52540MB)

[Round  22] Broadcasting to 2 edges...
  [Edge 0] G22 | E1 | Hier-pFedMe | Selected 10/10
  [Client  4] Round 22 | Hier-pFedMe(λ2=35.0,K=3) | loss=0.3858
  [Client  8] Round 22 | Hier-pFedMe(λ2=35.0,K=3) | loss=0.0094
  [Client  3] Round 22 | Hier-pFedMe(λ2=35.0,K=3) | loss=0.8504
  [Client  7] Round 22 | Hier-pFedMe(λ2=35.0,K=3) | loss=0.8391
  [Client  6] Round 22 | Hier-pFedMe(λ2=35.0,K=3) | loss=0.4986
  [Client  5] Round 22 | Hier-pFedMe(λ2=35.0,K=3) | loss=0.5074
  [Client  0] Round 22 | Hier-pFedMe(λ2=35.0,K=3) | loss=0.7015
  [Client  9] Round 22 | Hier-pFedMe(λ2=35.0,K=3) | loss=0.0158
  [Client  1] Round 22 | Hier-pFedMe(λ2=35.0,K=3) | loss=0.9566
  [Client  2] Round 22 | Hier-pFedMe(λ2=35.0,K=3) | loss=0.3432
  [Edge 0] G22 | E1 | loss=0.5661
  [Edge 0] G22 | E2 | Hier-pFedMe | Selected 10/10
  [Client  9] Round 22 | Hier-pFedMe(λ2=35.0,K=3) | loss=0.0267
  [Client  7] Round 22 | Hier-pFedMe(λ2=35.0,K=3) | loss=0.6650
  [Client  4] Round 22 | Hier-pFedMe(λ2=35.0,K=3) | loss=0.6072
  [Client  1] Round 22 | Hier-pFedMe(λ2=35.0,K=3) | loss=0.7145
  [Client  5] Round 22 | Hier-pFedMe(λ2=35.0,K=3) | loss=0.5734
  [Client  2] Round 22 | Hier-pFedMe(λ2=35.0,K=3) | loss=0.7777
  [Client  3] Round 22 | Hier-pFedMe(λ2=35.0,K=3) | loss=1.2234
  [Client  8] Round 22 | Hier-pFedMe(λ2=35.0,K=3) | loss=0.0217
  [Client  0] Round 22 | Hier-pFedMe(λ2=35.0,K=3) | loss=0.6892
  [Client  6] Round 22 | Hier-pFedMe(λ2=35.0,K=3) | loss=0.5899
  [Edge 0] G22 | E2 | loss=0.6516
  [Edge 0] G22 | E3 | Hier-pFedMe | Selected 10/10
  [Client  0] Round 22 | Hier-pFedMe(λ2=35.0,K=3) | loss=0.8005
  [Client  6] Round 22 | Hier-pFedMe(λ2=35.0,K=3) | loss=0.6436
  [Client  5] Round 22 | Hier-pFedMe(λ2=35.0,K=3) | loss=0.6710
  [Client  8] Round 22 | Hier-pFedMe(λ2=35.0,K=3) | loss=0.0054
  [Client  3] Round 22 | Hier-pFedMe(λ2=35.0,K=3) | loss=0.8298
  [Client  1] Round 22 | Hier-pFedMe(λ2=35.0,K=3) | loss=0.6806
  [Client  9] Round 22 | Hier-pFedMe(λ2=35.0,K=3) | loss=0.0279
  [Client  4] Round 22 | Hier-pFedMe(λ2=35.0,K=3) | loss=0.7138
  [Client  2] Round 22 | Hier-pFedMe(λ2=35.0,K=3) | loss=0.5201
  [Client  7] Round 22 | Hier-pFedMe(λ2=35.0,K=3) | loss=0.5761
  [Edge 0] G22 | E3 | loss=0.6058
  [Edge 0] G22 | E4 | Hier-pFedMe | Selected 10/10
  [Client  3] Round 22 | Hier-pFedMe(λ2=35.0,K=3) | loss=1.0718
  [Client  0] Round 22 | Hier-pFedMe(λ2=35.0,K=3) | loss=0.6028
  [Client  7] Round 22 | Hier-pFedMe(λ2=35.0,K=3) | loss=0.6780
  [Client  5] Round 22 | Hier-pFedMe(λ2=35.0,K=3) | loss=0.8144
  [Client  2] Round 22 | Hier-pFedMe(λ2=35.0,K=3) | loss=0.5750
  [Client  6] Round 22 | Hier-pFedMe(λ2=35.0,K=3) | loss=0.5944
  [Client  9] Round 22 | Hier-pFedMe(λ2=35.0,K=3) | loss=0.0154
  [Client  1] Round 22 | Hier-pFedMe(λ2=35.0,K=3) | loss=0.6726
  [Client  8] Round 22 | Hier-pFedMe(λ2=35.0,K=3) | loss=0.0288
  [Client  4] Round 22 | Hier-pFedMe(λ2=35.0,K=3) | loss=0.6102
  [Edge 0] G22 | E4 | loss=0.6268
  [Edge 0] G22 | E5 | Hier-pFedMe | Selected 10/10
  [Client  8] Round 22 | Hier-pFedMe(λ2=35.0,K=3) | loss=0.0055
  [Client  7] Round 22 | Hier-pFedMe(λ2=35.0,K=3) | loss=0.6578
  [Client  6] Round 22 | Hier-pFedMe(λ2=35.0,K=3) | loss=0.5073
  [Client  1] Round 22 | Hier-pFedMe(λ2=35.0,K=3) | loss=0.5902
  [Client  2] Round 22 | Hier-pFedMe(λ2=35.0,K=3) | loss=0.7371
  [Client  5] Round 22 | Hier-pFedMe(λ2=35.0,K=3) | loss=0.6497
  [Client  3] Round 22 | Hier-pFedMe(λ2=35.0,K=3) | loss=0.9004
  [Client  0] Round 22 | Hier-pFedMe(λ2=35.0,K=3) | loss=0.5921
  [Client  9] Round 22 | Hier-pFedMe(λ2=35.0,K=3) | loss=0.0126
  [Client  4] Round 22 | Hier-pFedMe(λ2=35.0,K=3) | loss=0.3803
  [Edge 0] G22 | E5 | loss=0.5582
  [Edge 1] G22 | E1 | Hier-pFedMe | Selected 10/10
  [Client 18] Round 22 | Hier-pFedMe(λ2=35.0,K=3) | loss=1.1662
  [Client 14] Round 22 | Hier-pFedMe(λ2=35.0,K=3) | loss=0.4418
  [Client 10] Round 22 | Hier-pFedMe(λ2=35.0,K=3) | loss=1.1073
  [Client 17] Round 22 | Hier-pFedMe(λ2=35.0,K=3) | loss=1.2958
  [Client 15] Round 22 | Hier-pFedMe(λ2=35.0,K=3) | loss=0.6868
  [Client 19] Round 22 | Hier-pFedMe(λ2=35.0,K=3) | loss=1.1552
  [Client 12] Round 22 | Hier-pFedMe(λ2=35.0,K=3) | loss=0.2386  [Client 13] Round 22 | Hier-pFedMe(λ2=35.0,K=3) | loss=0.8685

  [Client 16] Round 22 | Hier-pFedMe(λ2=35.0,K=3) | loss=0.4147
  [Client 11] Round 22 | Hier-pFedMe(λ2=35.0,K=3) | loss=0.5828
  [Edge 1] G22 | E1 | loss=0.7958
  [Edge 1] G22 | E2 | Hier-pFedMe | Selected 10/10
  [Client 14] Round 22 | Hier-pFedMe(λ2=35.0,K=3) | loss=0.4176
  [Client 19] Round 22 | Hier-pFedMe(λ2=35.0,K=3) | loss=0.7466
  [Client 10] Round 22 | Hier-pFedMe(λ2=35.0,K=3) | loss=0.5134
  [Client 13] Round 22 | Hier-pFedMe(λ2=35.0,K=3) | loss=0.6750
  [Client 12] Round 22 | Hier-pFedMe(λ2=35.0,K=3) | loss=0.4041
  [Client 16] Round 22 | Hier-pFedMe(λ2=35.0,K=3) | loss=0.2872
  [Client 18] Round 22 | Hier-pFedMe(λ2=35.0,K=3) | loss=0.8921
  [Client 15] Round 22 | Hier-pFedMe(λ2=35.0,K=3) | loss=0.5924
  [Client 11] Round 22 | Hier-pFedMe(λ2=35.0,K=3) | loss=0.5264
  [Client 17] Round 22 | Hier-pFedMe(λ2=35.0,K=3) | loss=0.6511
  [Edge 1] G22 | E2 | loss=0.5706
  [Edge 1] G22 | E3 | Hier-pFedMe | Selected 10/10
  [Client 14] Round 22 | Hier-pFedMe(λ2=35.0,K=3) | loss=0.2828
  [Client 17] Round 22 | Hier-pFedMe(λ2=35.0,K=3) | loss=0.4165
  [Client 18] Round 22 | Hier-pFedMe(λ2=35.0,K=3) | loss=1.0721
  [Client 10] Round 22 | Hier-pFedMe(λ2=35.0,K=3) | loss=2.2777
  [Client 16] Round 22 | Hier-pFedMe(λ2=35.0,K=3) | loss=0.3714
  [Client 13] Round 22 | Hier-pFedMe(λ2=35.0,K=3) | loss=0.4950
  [Client 12] Round 22 | Hier-pFedMe(λ2=35.0,K=3) | loss=0.4865
  [Client 15] Round 22 | Hier-pFedMe(λ2=35.0,K=3) | loss=0.5325
  [Client 11] Round 22 | Hier-pFedMe(λ2=35.0,K=3) | loss=0.3908
  [Client 19] Round 22 | Hier-pFedMe(λ2=35.0,K=3) | loss=1.6082
  [Edge 1] G22 | E3 | loss=0.7933
  [Edge 1] G22 | E4 | Hier-pFedMe | Selected 10/10
  [Client 12] Round 22 | Hier-pFedMe(λ2=35.0,K=3) | loss=0.3654
  [Client 15] Round 22 | Hier-pFedMe(λ2=35.0,K=3) | loss=0.4639
  [Client 10] Round 22 | Hier-pFedMe(λ2=35.0,K=3) | loss=0.7945  [Client 17] Round 22 | Hier-pFedMe(λ2=35.0,K=3) | loss=0.6945

  [Client 19] Round 22 | Hier-pFedMe(λ2=35.0,K=3) | loss=0.6171
  [Client 13] Round 22 | Hier-pFedMe(λ2=35.0,K=3) | loss=0.8543
  [Client 11] Round 22 | Hier-pFedMe(λ2=35.0,K=3) | loss=0.3288
  [Client 18] Round 22 | Hier-pFedMe(λ2=35.0,K=3) | loss=0.8904
  [Client 16] Round 22 | Hier-pFedMe(λ2=35.0,K=3) | loss=0.4964
  [Client 14] Round 22 | Hier-pFedMe(λ2=35.0,K=3) | loss=0.3773
  [Edge 1] G22 | E4 | loss=0.5883
  [Edge 1] G22 | E5 | Hier-pFedMe | Selected 10/10
  [Client 16] Round 22 | Hier-pFedMe(λ2=35.0,K=3) | loss=0.4877
  [Client 19] Round 22 | Hier-pFedMe(λ2=35.0,K=3) | loss=0.6003
  [Client 11] Round 22 | Hier-pFedMe(λ2=35.0,K=3) | loss=0.4087
  [Client 15] Round 22 | Hier-pFedMe(λ2=35.0,K=3) | loss=0.6628
  [Client 10] Round 22 | Hier-pFedMe(λ2=35.0,K=3) | loss=2.6732
  [Client 13] Round 22 | Hier-pFedMe(λ2=35.0,K=3) | loss=0.6477
  [Client 14] Round 22 | Hier-pFedMe(λ2=35.0,K=3) | loss=0.4836
  [Client 17] Round 22 | Hier-pFedMe(λ2=35.0,K=3) | loss=0.4325
  [Client 12] Round 22 | Hier-pFedMe(λ2=35.0,K=3) | loss=0.4841
  [Client 18] Round 22 | Hier-pFedMe(λ2=35.0,K=3) | loss=0.4950
  [Edge 1] G22 | E5 | loss=0.7376
[C0] eval model[0] mean=-0.002071 | θ̃ mean=-0.002071 | edge mean=-0.001730
[C0] n=1000 | classes=[3, 6] | acc=0.6140 | per_class={3: '0.41', 6: '0.83'}
[C1] eval model[0] mean=-0.000710 | θ̃ mean=-0.000710 | edge mean=-0.001730
[C1] n=1000 | classes=[3, 6] | acc=0.5110 | per_class={3: '0.99', 6: '0.00'}
[C2] eval model[0] mean=0.000246 | θ̃ mean=0.000246 | edge mean=-0.001730
[C2] n=1000 | classes=[2, 5] | acc=0.5100 | per_class={2: '0.04', 5: '1.00'}
[C3] eval model[0] mean=-0.000281 | θ̃ mean=-0.000281 | edge mean=-0.001730
[C3] n=1000 | classes=[5, 7] | acc=0.5040 | per_class={5: '0.94', 7: '0.06'}
[C4] eval model[0] mean=-0.001443 | θ̃ mean=-0.001443 | edge mean=-0.001730
[C4] n=1000 | classes=[2, 7] | acc=0.6150 | per_class={2: '0.64', 7: '0.59'}
[C5] eval model[0] mean=-0.001839 | θ̃ mean=-0.001839 | edge mean=-0.001730
[C5] n=1000 | classes=[2, 4] | acc=0.5010 | per_class={2: '0.04', 4: '0.98'}
[C6] eval model[0] mean=-0.001237 | θ̃ mean=-0.001237 | edge mean=-0.001730
[C6] n=1000 | classes=[6, 7] | acc=0.6440 | per_class={6: '0.39', 7: '0.89'}
[C7] eval model[0] mean=-0.001318 | θ̃ mean=-0.001318 | edge mean=-0.001730
[C7] n=1000 | classes=[3, 5] | acc=0.5260 | per_class={3: '0.07', 5: '0.95'}
[C8] eval model[0] mean=-0.001798 | θ̃ mean=-0.001798 | edge mean=-0.001730
[C8] n=500 | classes=[4] | acc=0.9940 | per_class={4: '0.99'}
[C9] eval model[0] mean=-0.001847 | θ̃ mean=-0.001847 | edge mean=-0.001730
[C9] n=500 | classes=[4] | acc=0.9960 | per_class={4: '1.00'}
[C10] eval model[0] mean=-0.002631 | θ̃ mean=-0.002631 | edge mean=-0.002441
[C10] n=600 | classes=[8, 9] | acc=0.7333 | per_class={8: '0.87', 9: '0.60'}
[C11] eval model[0] mean=-0.003101 | θ̃ mean=-0.003101 | edge mean=-0.002441
[C11] n=600 | classes=[0, 1] | acc=0.7267 | per_class={0: '0.49', 1: '0.97'}
[C12] eval model[0] mean=-0.002864 | θ̃ mean=-0.002864 | edge mean=-0.002441
[C12] n=600 | classes=[1, 8] | acc=0.7550 | per_class={1: '0.84', 8: '0.66'}
[C13] eval model[0] mean=-0.002119 | θ̃ mean=-0.002119 | edge mean=-0.002441
[C13] n=600 | classes=[0, 8] | acc=0.5900 | per_class={0: '0.22', 8: '0.99'}
[C14] eval model[0] mean=-0.002357 | θ̃ mean=-0.002357 | edge mean=-0.002441
[C14] n=600 | classes=[0, 9] | acc=0.7717 | per_class={0: '0.72', 9: '0.83'}
[C15] eval model[0] mean=-0.002373 | θ̃ mean=-0.002373 | edge mean=-0.002441
[C15] n=600 | classes=[0, 8] | acc=0.5683 | per_class={0: '0.89', 8: '0.24'}
[C16] eval model[0] mean=-0.002825 | θ̃ mean=-0.002825 | edge mean=-0.002441
[C16] n=600 | classes=[1, 8] | acc=0.7433 | per_class={1: '0.56', 8: '0.92'}
[C17] eval model[0] mean=-0.002984 | θ̃ mean=-0.002984 | edge mean=-0.002441
[C17] n=600 | classes=[1, 9] | acc=0.6350 | per_class={1: '0.61', 9: '0.66'}
[C18] eval model[0] mean=-0.002940 | θ̃ mean=-0.002940 | edge mean=-0.002441
[C18] n=600 | classes=[1, 9] | acc=0.6567 | per_class={1: '0.69', 9: '0.62'}
[C19] eval model[0] mean=-0.002145 | θ̃ mean=-0.002145 | edge mean=-0.002441
[C19] n=600 | classes=[0, 9] | acc=0.6350 | per_class={0: '0.88', 9: '0.41'}
  [Cloud] GM=0.3139 | EM=0.3584 PM=0.6339 | loss=1.9589 | time=17.0s | comm=2501.9MB (total=55041MB)

[Round  23] Broadcasting to 2 edges...
  [Edge 0] G23 | E1 | Hier-pFedMe | Selected 10/10
  [Client  3] Round 23 | Hier-pFedMe(λ2=35.0,K=3) | loss=1.0895
  [Client  7] Round 23 | Hier-pFedMe(λ2=35.0,K=3) | loss=0.8994
  [Client  6] Round 23 | Hier-pFedMe(λ2=35.0,K=3) | loss=0.4498
  [Client  1] Round 23 | Hier-pFedMe(λ2=35.0,K=3) | loss=0.6513
  [Client  5] Round 23 | Hier-pFedMe(λ2=35.0,K=3) | loss=0.7845
  [Client  4] Round 23 | Hier-pFedMe(λ2=35.0,K=3) | loss=0.5472
  [Client  8] Round 23 | Hier-pFedMe(λ2=35.0,K=3) | loss=0.0284
  [Client  0] Round 23 | Hier-pFedMe(λ2=35.0,K=3) | loss=0.6436
  [Client  9] Round 23 | Hier-pFedMe(λ2=35.0,K=3) | loss=0.0490
  [Client  2] Round 23 | Hier-pFedMe(λ2=35.0,K=3) | loss=0.7315
  [Edge 0] G23 | E1 | loss=0.6484
  [Edge 0] G23 | E2 | Hier-pFedMe | Selected 10/10
  [Client  6] Round 23 | Hier-pFedMe(λ2=35.0,K=3) | loss=0.6305
  [Client  9] Round 23 | Hier-pFedMe(λ2=35.0,K=3) | loss=0.0114  [Client  7] Round 23 | Hier-pFedMe(λ2=35.0,K=3) | loss=0.6182

  [Client  8] Round 23 | Hier-pFedMe(λ2=35.0,K=3) | loss=0.0155
  [Client  5] Round 23 | Hier-pFedMe(λ2=35.0,K=3) | loss=0.8295  [Client  3] Round 23 | Hier-pFedMe(λ2=35.0,K=3) | loss=0.6642

  [Client  0] Round 23 | Hier-pFedMe(λ2=35.0,K=3) | loss=0.6066
  [Client  1] Round 23 | Hier-pFedMe(λ2=35.0,K=3) | loss=0.4685
  [Client  2] Round 23 | Hier-pFedMe(λ2=35.0,K=3) | loss=1.0557
  [Client  4] Round 23 | Hier-pFedMe(λ2=35.0,K=3) | loss=0.5598
  [Edge 0] G23 | E2 | loss=0.6051
  [Edge 0] G23 | E3 | Hier-pFedMe | Selected 10/10
  [Client  0] Round 23 | Hier-pFedMe(λ2=35.0,K=3) | loss=0.6901
  [Client  5] Round 23 | Hier-pFedMe(λ2=35.0,K=3) | loss=0.6417
  [Client  7] Round 23 | Hier-pFedMe(λ2=35.0,K=3) | loss=0.6588
  [Client  3] Round 23 | Hier-pFedMe(λ2=35.0,K=3) | loss=0.7172
  [Client  9] Round 23 | Hier-pFedMe(λ2=35.0,K=3) | loss=0.0288  [Client  2] Round 23 | Hier-pFedMe(λ2=35.0,K=3) | loss=0.7168

  [Client  8] Round 23 | Hier-pFedMe(λ2=35.0,K=3) | loss=0.0254
  [Client  1] Round 23 | Hier-pFedMe(λ2=35.0,K=3) | loss=0.5660
  [Client  6] Round 23 | Hier-pFedMe(λ2=35.0,K=3) | loss=0.5775
  [Client  4] Round 23 | Hier-pFedMe(λ2=35.0,K=3) | loss=0.6714
  [Edge 0] G23 | E3 | loss=0.5852
  [Edge 0] G23 | E4 | Hier-pFedMe | Selected 10/10
  [Client  5] Round 23 | Hier-pFedMe(λ2=35.0,K=3) | loss=0.9953
  [Client  6] Round 23 | Hier-pFedMe(λ2=35.0,K=3) | loss=0.3962
  [Client  4] Round 23 | Hier-pFedMe(λ2=35.0,K=3) | loss=0.6678
  [Client  2] Round 23 | Hier-pFedMe(λ2=35.0,K=3) | loss=0.8078
  [Client  0] Round 23 | Hier-pFedMe(λ2=35.0,K=3) | loss=0.5515
  [Client  1] Round 23 | Hier-pFedMe(λ2=35.0,K=3) | loss=0.9668
  [Client  9] Round 23 | Hier-pFedMe(λ2=35.0,K=3) | loss=0.0320
  [Client  7] Round 23 | Hier-pFedMe(λ2=35.0,K=3) | loss=0.5756
  [Client  8] Round 23 | Hier-pFedMe(λ2=35.0,K=3) | loss=0.0147
  [Client  3] Round 23 | Hier-pFedMe(λ2=35.0,K=3) | loss=0.5967
  [Edge 0] G23 | E4 | loss=0.6201
  [Edge 0] G23 | E5 | Hier-pFedMe | Selected 10/10
  [Client  0] Round 23 | Hier-pFedMe(λ2=35.0,K=3) | loss=0.6673
  [Client  4] Round 23 | Hier-pFedMe(λ2=35.0,K=3) | loss=0.6141
  [Client  6] Round 23 | Hier-pFedMe(λ2=35.0,K=3) | loss=0.6119
  [Client  9] Round 23 | Hier-pFedMe(λ2=35.0,K=3) | loss=0.0157
  [Client  2] Round 23 | Hier-pFedMe(λ2=35.0,K=3) | loss=0.4908
  [Client  1] Round 23 | Hier-pFedMe(λ2=35.0,K=3) | loss=0.6710
  [Client  8] Round 23 | Hier-pFedMe(λ2=35.0,K=3) | loss=0.0479
  [Client  7] Round 23 | Hier-pFedMe(λ2=35.0,K=3) | loss=0.5623
  [Client  3] Round 23 | Hier-pFedMe(λ2=35.0,K=3) | loss=0.7306
  [Client  5] Round 23 | Hier-pFedMe(λ2=35.0,K=3) | loss=0.6492
  [Edge 0] G23 | E5 | loss=0.5588
  [Edge 1] G23 | E1 | Hier-pFedMe | Selected 10/10
  [Client 15] Round 23 | Hier-pFedMe(λ2=35.0,K=3) | loss=0.5696
  [Client 18] Round 23 | Hier-pFedMe(λ2=35.0,K=3) | loss=0.4521
  [Client 11] Round 23 | Hier-pFedMe(λ2=35.0,K=3) | loss=0.6135
  [Client 10] Round 23 | Hier-pFedMe(λ2=35.0,K=3) | loss=0.7135
  [Client 14] Round 23 | Hier-pFedMe(λ2=35.0,K=3) | loss=0.2437
  [Client 12] Round 23 | Hier-pFedMe(λ2=35.0,K=3) | loss=0.5641
  [Client 19] Round 23 | Hier-pFedMe(λ2=35.0,K=3) | loss=0.4118
  [Client 17] Round 23 | Hier-pFedMe(λ2=35.0,K=3) | loss=0.5568
  [Client 13] Round 23 | Hier-pFedMe(λ2=35.0,K=3) | loss=0.9079
  [Client 16] Round 23 | Hier-pFedMe(λ2=35.0,K=3) | loss=0.7699
  [Edge 1] G23 | E1 | loss=0.5803
  [Edge 1] G23 | E2 | Hier-pFedMe | Selected 10/10
  [Client 10] Round 23 | Hier-pFedMe(λ2=35.0,K=3) | loss=3.1817
  [Client 11] Round 23 | Hier-pFedMe(λ2=35.0,K=3) | loss=0.4654
  [Client 18] Round 23 | Hier-pFedMe(λ2=35.0,K=3) | loss=0.5952
  [Client 15] Round 23 | Hier-pFedMe(λ2=35.0,K=3) | loss=0.6712
  [Client 19] Round 23 | Hier-pFedMe(λ2=35.0,K=3) | loss=0.3311
  [Client 13] Round 23 | Hier-pFedMe(λ2=35.0,K=3) | loss=0.6914
  [Client 12] Round 23 | Hier-pFedMe(λ2=35.0,K=3) | loss=0.2014
  [Client 17] Round 23 | Hier-pFedMe(λ2=35.0,K=3) | loss=0.3571
  [Client 16] Round 23 | Hier-pFedMe(λ2=35.0,K=3) | loss=0.3937
  [Client 14] Round 23 | Hier-pFedMe(λ2=35.0,K=3) | loss=0.3457
  [Edge 1] G23 | E2 | loss=0.7234
  [Edge 1] G23 | E3 | Hier-pFedMe | Selected 10/10
  [Client 18] Round 23 | Hier-pFedMe(λ2=35.0,K=3) | loss=0.5600
  [Client 17] Round 23 | Hier-pFedMe(λ2=35.0,K=3) | loss=0.1083
  [Client 10] Round 23 | Hier-pFedMe(λ2=35.0,K=3) | loss=0.7984
  [Client 11] Round 23 | Hier-pFedMe(λ2=35.0,K=3) | loss=0.2173
  [Client 13] Round 23 | Hier-pFedMe(λ2=35.0,K=3) | loss=0.7298
  [Client 12] Round 23 | Hier-pFedMe(λ2=35.0,K=3) | loss=0.3160
  [Client 14] Round 23 | Hier-pFedMe(λ2=35.0,K=3) | loss=0.3743
  [Client 15] Round 23 | Hier-pFedMe(λ2=35.0,K=3) | loss=0.2059
  [Client 19] Round 23 | Hier-pFedMe(λ2=35.0,K=3) | loss=0.2322
  [Client 16] Round 23 | Hier-pFedMe(λ2=35.0,K=3) | loss=0.3352
  [Edge 1] G23 | E3 | loss=0.3877
  [Edge 1] G23 | E4 | Hier-pFedMe | Selected 10/10
  [Client 16] Round 23 | Hier-pFedMe(λ2=35.0,K=3) | loss=0.4788
  [Client 12] Round 23 | Hier-pFedMe(λ2=35.0,K=3) | loss=0.4359
  [Client 17] Round 23 | Hier-pFedMe(λ2=35.0,K=3) | loss=0.6498
  [Client 18] Round 23 | Hier-pFedMe(λ2=35.0,K=3) | loss=0.4326
  [Client 15] Round 23 | Hier-pFedMe(λ2=35.0,K=3) | loss=0.5993
  [Client 13] Round 23 | Hier-pFedMe(λ2=35.0,K=3) | loss=0.7632
  [Client 14] Round 23 | Hier-pFedMe(λ2=35.0,K=3) | loss=0.3390
  [Client 19] Round 23 | Hier-pFedMe(λ2=35.0,K=3) | loss=0.4510
  [Client 11] Round 23 | Hier-pFedMe(λ2=35.0,K=3) | loss=0.4810
  [Client 10] Round 23 | Hier-pFedMe(λ2=35.0,K=3) | loss=0.6908
  [Edge 1] G23 | E4 | loss=0.5321
  [Edge 1] G23 | E5 | Hier-pFedMe | Selected 10/10
  [Client 13] Round 23 | Hier-pFedMe(λ2=35.0,K=3) | loss=0.9110
  [Client 19] Round 23 | Hier-pFedMe(λ2=35.0,K=3) | loss=0.2950
  [Client 18] Round 23 | Hier-pFedMe(λ2=35.0,K=3) | loss=0.5464  [Client 16] Round 23 | Hier-pFedMe(λ2=35.0,K=3) | loss=0.4925

  [Client 12] Round 23 | Hier-pFedMe(λ2=35.0,K=3) | loss=0.4134
  [Client 11] Round 23 | Hier-pFedMe(λ2=35.0,K=3) | loss=0.8614
  [Client 15] Round 23 | Hier-pFedMe(λ2=35.0,K=3) | loss=1.2178
  [Client 14] Round 23 | Hier-pFedMe(λ2=35.0,K=3) | loss=0.7965
  [Client 10] Round 23 | Hier-pFedMe(λ2=35.0,K=3) | loss=0.3522
  [Client 17] Round 23 | Hier-pFedMe(λ2=35.0,K=3) | loss=0.3388
  [Edge 1] G23 | E5 | loss=0.6225
[C0] eval model[0] mean=-0.001284 | θ̃ mean=-0.001284 | edge mean=-0.001741
[C0] n=1000 | classes=[3, 6] | acc=0.5160 | per_class={3: '0.07', 6: '0.98'}
[C1] eval model[0] mean=-0.001943 | θ̃ mean=-0.001943 | edge mean=-0.001741
[C1] n=1000 | classes=[3, 6] | acc=0.6940 | per_class={3: '0.87', 6: '0.51'}
[C2] eval model[0] mean=-0.001391 | θ̃ mean=-0.001391 | edge mean=-0.001741
[C2] n=1000 | classes=[2, 5] | acc=0.5120 | per_class={2: '0.98', 5: '0.03'}
[C3] eval model[0] mean=-0.002118 | θ̃ mean=-0.002118 | edge mean=-0.001741
[C3] n=1000 | classes=[5, 7] | acc=0.6030 | per_class={5: '0.87', 7: '0.33'}
[C4] eval model[0] mean=-0.001355 | θ̃ mean=-0.001355 | edge mean=-0.001741
[C4] n=1000 | classes=[2, 7] | acc=0.5110 | per_class={2: '1.00', 7: '0.01'}
[C5] eval model[0] mean=-0.002196 | θ̃ mean=-0.002196 | edge mean=-0.001741
[C5] n=1000 | classes=[2, 4] | acc=0.5100 | per_class={2: '1.00', 4: '0.00'}
[C6] eval model[0] mean=-0.002217 | θ̃ mean=-0.002217 | edge mean=-0.001741
[C6] n=1000 | classes=[6, 7] | acc=0.7090 | per_class={6: '0.57', 7: '0.85'}
[C7] eval model[0] mean=-0.001135 | θ̃ mean=-0.001135 | edge mean=-0.001741
[C7] n=1000 | classes=[3, 5] | acc=0.5780 | per_class={3: '0.60', 5: '0.56'}
[C8] eval model[0] mean=-0.001833 | θ̃ mean=-0.001833 | edge mean=-0.001741
[C8] n=500 | classes=[4] | acc=0.9940 | per_class={4: '0.99'}
[C9] eval model[0] mean=-0.002049 | θ̃ mean=-0.002049 | edge mean=-0.001741
[C9] n=500 | classes=[4] | acc=0.9980 | per_class={4: '1.00'}
[C10] eval model[0] mean=-0.002009 | θ̃ mean=-0.002009 | edge mean=-0.002576
[C10] n=600 | classes=[8, 9] | acc=0.6200 | per_class={8: '0.98', 9: '0.28'}
[C11] eval model[0] mean=-0.004090 | θ̃ mean=-0.004090 | edge mean=-0.002576
[C11] n=600 | classes=[0, 1] | acc=0.7150 | per_class={0: '0.71', 1: '0.72'}
[C12] eval model[0] mean=-0.002421 | θ̃ mean=-0.002421 | edge mean=-0.002576
[C12] n=600 | classes=[1, 8] | acc=0.7400 | per_class={1: '0.68', 8: '0.80'}
[C13] eval model[0] mean=-0.004774 | θ̃ mean=-0.004774 | edge mean=-0.002576
[C13] n=600 | classes=[0, 8] | acc=0.5533 | per_class={0: '0.75', 8: '0.34'}
[C14] eval model[0] mean=-0.002619 | θ̃ mean=-0.002619 | edge mean=-0.002576
[C14] n=600 | classes=[0, 9] | acc=0.5983 | per_class={0: '0.94', 9: '0.24'}
[C15] eval model[0] mean=-0.003353 | θ̃ mean=-0.003353 | edge mean=-0.002576
[C15] n=600 | classes=[0, 8] | acc=0.4833 | per_class={0: '0.02', 8: '0.96'}
[C16] eval model[0] mean=-0.002601 | θ̃ mean=-0.002601 | edge mean=-0.002576
[C16] n=600 | classes=[1, 8] | acc=0.7367 | per_class={1: '0.97', 8: '0.52'}
[C17] eval model[0] mean=-0.002692 | θ̃ mean=-0.002692 | edge mean=-0.002576
[C17] n=600 | classes=[1, 9] | acc=0.6083 | per_class={1: '0.26', 9: '0.93'}
[C18] eval model[0] mean=-0.003272 | θ̃ mean=-0.003272 | edge mean=-0.002576
[C18] n=600 | classes=[1, 9] | acc=0.5217 | per_class={1: '1.00', 9: '0.00'}
[C19] eval model[0] mean=-0.003082 | θ̃ mean=-0.003082 | edge mean=-0.002576
[C19] n=600 | classes=[0, 9] | acc=0.7550 | per_class={0: '0.66', 9: '0.84'}
  [Cloud] GM=0.3219 | EM=0.3775 PM=0.6285 | loss=1.9480 | time=18.8s | comm=2501.9MB (total=57543MB)

[Round  24] Broadcasting to 2 edges...
  [Edge 0] G24 | E1 | Hier-pFedMe | Selected 10/10
  [Client  3] Round 24 | Hier-pFedMe(λ2=35.0,K=3) | loss=0.7152
  [Client  4] Round 24 | Hier-pFedMe(λ2=35.0,K=3) | loss=0.8055
  [Client  9] Round 24 | Hier-pFedMe(λ2=35.0,K=3) | loss=0.0143
  [Client  7] Round 24 | Hier-pFedMe(λ2=35.0,K=3) | loss=0.4994
  [Client  1] Round 24 | Hier-pFedMe(λ2=35.0,K=3) | loss=0.4215
  [Client  8] Round 24 | Hier-pFedMe(λ2=35.0,K=3) | loss=0.0190
  [Client  2] Round 24 | Hier-pFedMe(λ2=35.0,K=3) | loss=0.5954
  [Client  0] Round 24 | Hier-pFedMe(λ2=35.0,K=3) | loss=0.4554
  [Client  5] Round 24 | Hier-pFedMe(λ2=35.0,K=3) | loss=0.6982
  [Client  6] Round 24 | Hier-pFedMe(λ2=35.0,K=3) | loss=0.6743
  [Edge 0] G24 | E1 | loss=0.5424
  [Edge 0] G24 | E2 | Hier-pFedMe | Selected 10/10
  [Client  6] Round 24 | Hier-pFedMe(λ2=35.0,K=3) | loss=0.7738
  [Client  9] Round 24 | Hier-pFedMe(λ2=35.0,K=3) | loss=0.0229
  [Client  1] Round 24 | Hier-pFedMe(λ2=35.0,K=3) | loss=0.5142
  [Client  5] Round 24 | Hier-pFedMe(λ2=35.0,K=3) | loss=0.8182
  [Client  8] Round 24 | Hier-pFedMe(λ2=35.0,K=3) | loss=0.0112
  [Client  3] Round 24 | Hier-pFedMe(λ2=35.0,K=3) | loss=0.5545
  [Client  0] Round 24 | Hier-pFedMe(λ2=35.0,K=3) | loss=0.5503
  [Client  7] Round 24 | Hier-pFedMe(λ2=35.0,K=3) | loss=0.5546
  [Client  4] Round 24 | Hier-pFedMe(λ2=35.0,K=3) | loss=0.7695
  [Client  2] Round 24 | Hier-pFedMe(λ2=35.0,K=3) | loss=0.3870
  [Edge 0] G24 | E2 | loss=0.5488
  [Edge 0] G24 | E3 | Hier-pFedMe | Selected 10/10
  [Client  3] Round 24 | Hier-pFedMe(λ2=35.0,K=3) | loss=0.5883
  [Client  1] Round 24 | Hier-pFedMe(λ2=35.0,K=3) | loss=0.9415
  [Client  0] Round 24 | Hier-pFedMe(λ2=35.0,K=3) | loss=0.5551
  [Client  5] Round 24 | Hier-pFedMe(λ2=35.0,K=3) | loss=0.5579
  [Client  6] Round 24 | Hier-pFedMe(λ2=35.0,K=3) | loss=0.8219
  [Client  7] Round 24 | Hier-pFedMe(λ2=35.0,K=3) | loss=0.4962
  [Client  2] Round 24 | Hier-pFedMe(λ2=35.0,K=3) | loss=0.6531
  [Client  9] Round 24 | Hier-pFedMe(λ2=35.0,K=3) | loss=0.0153
  [Client  8] Round 24 | Hier-pFedMe(λ2=35.0,K=3) | loss=0.0147
  [Client  4] Round 24 | Hier-pFedMe(λ2=35.0,K=3) | loss=0.5800
  [Edge 0] G24 | E3 | loss=0.5788
  [Edge 0] G24 | E4 | Hier-pFedMe | Selected 10/10
  [Client  3] Round 24 | Hier-pFedMe(λ2=35.0,K=3) | loss=0.5652
  [Client  9] Round 24 | Hier-pFedMe(λ2=35.0,K=3) | loss=0.0146
  [Client  6] Round 24 | Hier-pFedMe(λ2=35.0,K=3) | loss=0.5673
  [Client  5] Round 24 | Hier-pFedMe(λ2=35.0,K=3) | loss=0.8428
  [Client  0] Round 24 | Hier-pFedMe(λ2=35.0,K=3) | loss=0.7582
  [Client  7] Round 24 | Hier-pFedMe(λ2=35.0,K=3) | loss=0.7950
  [Client  1] Round 24 | Hier-pFedMe(λ2=35.0,K=3) | loss=0.4107
  [Client  2] Round 24 | Hier-pFedMe(λ2=35.0,K=3) | loss=0.5879
  [Client  4] Round 24 | Hier-pFedMe(λ2=35.0,K=3) | loss=0.4704
  [Client  8] Round 24 | Hier-pFedMe(λ2=35.0,K=3) | loss=0.0310
  [Edge 0] G24 | E4 | loss=0.5578
  [Edge 0] G24 | E5 | Hier-pFedMe | Selected 10/10
  [Client  4] Round 24 | Hier-pFedMe(λ2=35.0,K=3) | loss=0.7357
  [Client  5] Round 24 | Hier-pFedMe(λ2=35.0,K=3) | loss=0.6731
  [Client  8] Round 24 | Hier-pFedMe(λ2=35.0,K=3) | loss=0.0094
  [Client  0] Round 24 | Hier-pFedMe(λ2=35.0,K=3) | loss=0.4203
  [Client  3] Round 24 | Hier-pFedMe(λ2=35.0,K=3) | loss=0.6274
  [Client  1] Round 24 | Hier-pFedMe(λ2=35.0,K=3) | loss=0.5248
  [Client  2] Round 24 | Hier-pFedMe(λ2=35.0,K=3) | loss=0.6319
  [Client  7] Round 24 | Hier-pFedMe(λ2=35.0,K=3) | loss=0.5617
  [Client  6] Round 24 | Hier-pFedMe(λ2=35.0,K=3) | loss=0.8443
  [Client  9] Round 24 | Hier-pFedMe(λ2=35.0,K=3) | loss=0.0147
  [Edge 0] G24 | E5 | loss=0.5590
  [Edge 1] G24 | E1 | Hier-pFedMe | Selected 10/10
  [Client 11] Round 24 | Hier-pFedMe(λ2=35.0,K=3) | loss=0.3054
  [Client 13] Round 24 | Hier-pFedMe(λ2=35.0,K=3) | loss=0.4257
  [Client 12] Round 24 | Hier-pFedMe(λ2=35.0,K=3) | loss=0.1470  [Client 10] Round 24 | Hier-pFedMe(λ2=35.0,K=3) | loss=1.3011

  [Client 16] Round 24 | Hier-pFedMe(λ2=35.0,K=3) | loss=0.7025
  [Client 14] Round 24 | Hier-pFedMe(λ2=35.0,K=3) | loss=0.6328
  [Client 19] Round 24 | Hier-pFedMe(λ2=35.0,K=3) | loss=0.4650
  [Client 15] Round 24 | Hier-pFedMe(λ2=35.0,K=3) | loss=0.7102
  [Client 18] Round 24 | Hier-pFedMe(λ2=35.0,K=3) | loss=0.4826
  [Client 17] Round 24 | Hier-pFedMe(λ2=35.0,K=3) | loss=1.0220
  [Edge 1] G24 | E1 | loss=0.6194
  [Edge 1] G24 | E2 | Hier-pFedMe | Selected 10/10
  [Client 17] Round 24 | Hier-pFedMe(λ2=35.0,K=3) | loss=0.4252
  [Client 19] Round 24 | Hier-pFedMe(λ2=35.0,K=3) | loss=0.2479
  [Client 11] Round 24 | Hier-pFedMe(λ2=35.0,K=3) | loss=0.3366
  [Client 13] Round 24 | Hier-pFedMe(λ2=35.0,K=3) | loss=1.3207
  [Client 16] Round 24 | Hier-pFedMe(λ2=35.0,K=3) | loss=0.8220
  [Client 12] Round 24 | Hier-pFedMe(λ2=35.0,K=3) | loss=0.3337
  [Client 10] Round 24 | Hier-pFedMe(λ2=35.0,K=3) | loss=1.0596
  [Client 14] Round 24 | Hier-pFedMe(λ2=35.0,K=3) | loss=0.7715
  [Client 15] Round 24 | Hier-pFedMe(λ2=35.0,K=3) | loss=0.7621
  [Client 18] Round 24 | Hier-pFedMe(λ2=35.0,K=3) | loss=0.6648
  [Edge 1] G24 | E2 | loss=0.6744
  [Edge 1] G24 | E3 | Hier-pFedMe | Selected 10/10
  [Client 14] Round 24 | Hier-pFedMe(λ2=35.0,K=3) | loss=0.7405
  [Client 18] Round 24 | Hier-pFedMe(λ2=35.0,K=3) | loss=0.8788
  [Client 10] Round 24 | Hier-pFedMe(λ2=35.0,K=3) | loss=0.7412
  [Client 17] Round 24 | Hier-pFedMe(λ2=35.0,K=3) | loss=1.4292
  [Client 19] Round 24 | Hier-pFedMe(λ2=35.0,K=3) | loss=0.6876
  [Client 11] Round 24 | Hier-pFedMe(λ2=35.0,K=3) | loss=0.4073
  [Client 16] Round 24 | Hier-pFedMe(λ2=35.0,K=3) | loss=0.3320
  [Client 15] Round 24 | Hier-pFedMe(λ2=35.0,K=3) | loss=0.6048
  [Client 13] Round 24 | Hier-pFedMe(λ2=35.0,K=3) | loss=0.8622
  [Client 12] Round 24 | Hier-pFedMe(λ2=35.0,K=3) | loss=1.0076
  [Edge 1] G24 | E3 | loss=0.7691
  [Edge 1] G24 | E4 | Hier-pFedMe | Selected 10/10
  [Client 19] Round 24 | Hier-pFedMe(λ2=35.0,K=3) | loss=0.4519
  [Client 18] Round 24 | Hier-pFedMe(λ2=35.0,K=3) | loss=0.5429
  [Client 14] Round 24 | Hier-pFedMe(λ2=35.0,K=3) | loss=0.3782
  [Client 17] Round 24 | Hier-pFedMe(λ2=35.0,K=3) | loss=0.5023
  [Client 11] Round 24 | Hier-pFedMe(λ2=35.0,K=3) | loss=0.6818
  [Client 12] Round 24 | Hier-pFedMe(λ2=35.0,K=3) | loss=0.6956
  [Client 13] Round 24 | Hier-pFedMe(λ2=35.0,K=3) | loss=0.5786
  [Client 16] Round 24 | Hier-pFedMe(λ2=35.0,K=3) | loss=0.4169
  [Client 15] Round 24 | Hier-pFedMe(λ2=35.0,K=3) | loss=0.2615
  [Client 10] Round 24 | Hier-pFedMe(λ2=35.0,K=3) | loss=0.7443
  [Edge 1] G24 | E4 | loss=0.5254
  [Edge 1] G24 | E5 | Hier-pFedMe | Selected 10/10
  [Client 10] Round 24 | Hier-pFedMe(λ2=35.0,K=3) | loss=0.9409  [Client 11] Round 24 | Hier-pFedMe(λ2=35.0,K=3) | loss=0.4118

  [Client 13] Round 24 | Hier-pFedMe(λ2=35.0,K=3) | loss=0.7592
  [Client 16] Round 24 | Hier-pFedMe(λ2=35.0,K=3) | loss=0.2500
  [Client 14] Round 24 | Hier-pFedMe(λ2=35.0,K=3) | loss=0.3625
  [Client 19] Round 24 | Hier-pFedMe(λ2=35.0,K=3) | loss=0.4083
  [Client 15] Round 24 | Hier-pFedMe(λ2=35.0,K=3) | loss=0.7234
  [Client 12] Round 24 | Hier-pFedMe(λ2=35.0,K=3) | loss=0.5638
  [Client 17] Round 24 | Hier-pFedMe(λ2=35.0,K=3) | loss=0.2885
  [Client 18] Round 24 | Hier-pFedMe(λ2=35.0,K=3) | loss=0.7561
  [Edge 1] G24 | E5 | loss=0.5465
[C0] eval model[0] mean=-0.001352 | θ̃ mean=-0.001352 | edge mean=-0.001818
[C0] n=1000 | classes=[3, 6] | acc=0.6460 | per_class={3: '0.80', 6: '0.49'}
[C1] eval model[0] mean=-0.001544 | θ̃ mean=-0.001544 | edge mean=-0.001818
[C1] n=1000 | classes=[3, 6] | acc=0.6280 | per_class={3: '0.38', 6: '0.89'}
[C2] eval model[0] mean=-0.001040 | θ̃ mean=-0.001040 | edge mean=-0.001818
[C2] n=1000 | classes=[2, 5] | acc=0.5440 | per_class={2: '0.12', 5: '0.98'}
[C3] eval model[0] mean=-0.001515 | θ̃ mean=-0.001515 | edge mean=-0.001818
[C3] n=1000 | classes=[5, 7] | acc=0.6690 | per_class={5: '0.68', 7: '0.66'}
[C4] eval model[0] mean=-0.002754 | θ̃ mean=-0.002754 | edge mean=-0.001818
[C4] n=1000 | classes=[2, 7] | acc=0.5230 | per_class={2: '0.06', 7: '1.00'}
[C5] eval model[0] mean=-0.002265 | θ̃ mean=-0.002265 | edge mean=-0.001818
[C5] n=1000 | classes=[2, 4] | acc=0.5060 | per_class={2: '0.08', 4: '0.95'}
[C6] eval model[0] mean=-0.000852 | θ̃ mean=-0.000852 | edge mean=-0.001818
[C6] n=1000 | classes=[6, 7] | acc=0.5050 | per_class={6: '0.00', 7: '1.00'}
[C7] eval model[0] mean=0.000144 | θ̃ mean=0.000144 | edge mean=-0.001818
[C7] n=1000 | classes=[3, 5] | acc=0.5120 | per_class={3: '0.00', 5: '0.99'}
[C8] eval model[0] mean=-0.002073 | θ̃ mean=-0.002073 | edge mean=-0.001818
[C8] n=500 | classes=[4] | acc=0.9940 | per_class={4: '0.99'}
[C9] eval model[0] mean=-0.002261 | θ̃ mean=-0.002261 | edge mean=-0.001818
[C9] n=500 | classes=[4] | acc=1.0000 | per_class={4: '1.00'}
[C10] eval model[0] mean=-0.003484 | θ̃ mean=-0.003484 | edge mean=-0.002343
[C10] n=600 | classes=[8, 9] | acc=0.5767 | per_class={8: '0.14', 9: '0.99'}
[C11] eval model[0] mean=-0.002665 | θ̃ mean=-0.002665 | edge mean=-0.002343
[C11] n=600 | classes=[0, 1] | acc=0.7150 | per_class={0: '0.77', 1: '0.66'}
[C12] eval model[0] mean=-0.002566 | θ̃ mean=-0.002566 | edge mean=-0.002343
[C12] n=600 | classes=[1, 8] | acc=0.7483 | per_class={1: '0.93', 8: '0.56'}
[C13] eval model[0] mean=-0.002776 | θ̃ mean=-0.002776 | edge mean=-0.002343
[C13] n=600 | classes=[0, 8] | acc=0.4983 | per_class={0: '0.06', 8: '0.97'}
[C14] eval model[0] mean=-0.002251 | θ̃ mean=-0.002251 | edge mean=-0.002343
[C14] n=600 | classes=[0, 9] | acc=0.7683 | per_class={0: '0.81', 9: '0.73'}
[C15] eval model[0] mean=-0.002450 | θ̃ mean=-0.002450 | edge mean=-0.002343
[C15] n=600 | classes=[0, 8] | acc=0.5450 | per_class={0: '0.11', 8: '0.99'}
[C16] eval model[0] mean=-0.003084 | θ̃ mean=-0.003084 | edge mean=-0.002343
[C16] n=600 | classes=[1, 8] | acc=0.7717 | per_class={1: '0.77', 8: '0.77'}
[C17] eval model[0] mean=-0.003375 | θ̃ mean=-0.003375 | edge mean=-0.002343
[C17] n=600 | classes=[1, 9] | acc=0.6750 | per_class={1: '0.59', 9: '0.76'}
[C18] eval model[0] mean=-0.001956 | θ̃ mean=-0.001956 | edge mean=-0.002343
[C18] n=600 | classes=[1, 9] | acc=0.5333 | per_class={1: '0.97', 9: '0.05'}
[C19] eval model[0] mean=-0.001893 | θ̃ mean=-0.001893 | edge mean=-0.002343
[C19] n=600 | classes=[0, 9] | acc=0.5500 | per_class={0: '0.98', 9: '0.16'}
  [Cloud] GM=0.3276 | EM=0.3781 PM=0.6239 | loss=1.9365 | time=17.1s | comm=2501.9MB (total=60045MB)

[Round  25] Broadcasting to 2 edges...
  [Edge 0] G25 | E1 | Hier-pFedMe | Selected 10/10
  [Client  2] Round 25 | Hier-pFedMe(λ2=35.0,K=3) | loss=0.5122
  [Client  1] Round 25 | Hier-pFedMe(λ2=35.0,K=3) | loss=0.6889
  [Client  9] Round 25 | Hier-pFedMe(λ2=35.0,K=3) | loss=0.0234
  [Client  6] Round 25 | Hier-pFedMe(λ2=35.0,K=3) | loss=0.6278
  [Client  7] Round 25 | Hier-pFedMe(λ2=35.0,K=3) | loss=0.6234
  [Client  8] Round 25 | Hier-pFedMe(λ2=35.0,K=3) | loss=0.0158
  [Client  0] Round 25 | Hier-pFedMe(λ2=35.0,K=3) | loss=0.4938
  [Client  3] Round 25 | Hier-pFedMe(λ2=35.0,K=3) | loss=0.5703
  [Client  5] Round 25 | Hier-pFedMe(λ2=35.0,K=3) | loss=0.6719
  [Client  4] Round 25 | Hier-pFedMe(λ2=35.0,K=3) | loss=0.6262
  [Edge 0] G25 | E1 | loss=0.5371
  [Edge 0] G25 | E2 | Hier-pFedMe | Selected 10/10
  [Client  8] Round 25 | Hier-pFedMe(λ2=35.0,K=3) | loss=0.0245
  [Client  4] Round 25 | Hier-pFedMe(λ2=35.0,K=3) | loss=0.4820
  [Client  3] Round 25 | Hier-pFedMe(λ2=35.0,K=3) | loss=0.5524
  [Client  0] Round 25 | Hier-pFedMe(λ2=35.0,K=3) | loss=0.6829
  [Client  7] Round 25 | Hier-pFedMe(λ2=35.0,K=3) | loss=0.8425
  [Client  5] Round 25 | Hier-pFedMe(λ2=35.0,K=3) | loss=0.5790  [Client  2] Round 25 | Hier-pFedMe(λ2=35.0,K=3) | loss=0.5512

  [Client  6] Round 25 | Hier-pFedMe(λ2=35.0,K=3) | loss=1.0098
  [Client  1] Round 25 | Hier-pFedMe(λ2=35.0,K=3) | loss=0.8977
  [Client  9] Round 25 | Hier-pFedMe(λ2=35.0,K=3) | loss=0.0211
  [Edge 0] G25 | E2 | loss=0.6245
  [Edge 0] G25 | E3 | Hier-pFedMe | Selected 10/10
  [Client  1] Round 25 | Hier-pFedMe(λ2=35.0,K=3) | loss=0.4121
  [Client  5] Round 25 | Hier-pFedMe(λ2=35.0,K=3) | loss=1.0028
  [Client  0] Round 25 | Hier-pFedMe(λ2=35.0,K=3) | loss=0.6914
  [Client  9] Round 25 | Hier-pFedMe(λ2=35.0,K=3) | loss=0.0269
  [Client  8] Round 25 | Hier-pFedMe(λ2=35.0,K=3) | loss=0.0056
  [Client  6] Round 25 | Hier-pFedMe(λ2=35.0,K=3) | loss=0.6751
  [Client  4] Round 25 | Hier-pFedMe(λ2=35.0,K=3) | loss=0.6017
  [Client  7] Round 25 | Hier-pFedMe(λ2=35.0,K=3) | loss=0.5296
  [Client  3] Round 25 | Hier-pFedMe(λ2=35.0,K=3) | loss=0.5620
  [Client  2] Round 25 | Hier-pFedMe(λ2=35.0,K=3) | loss=0.7682
  [Edge 0] G25 | E3 | loss=0.5843
  [Edge 0] G25 | E4 | Hier-pFedMe | Selected 10/10
  [Client  1] Round 25 | Hier-pFedMe(λ2=35.0,K=3) | loss=0.6634
  [Client  6] Round 25 | Hier-pFedMe(λ2=35.0,K=3) | loss=0.2758
  [Client  3] Round 25 | Hier-pFedMe(λ2=35.0,K=3) | loss=0.9244
  [Client  2] Round 25 | Hier-pFedMe(λ2=35.0,K=3) | loss=0.6594
  [Client  5] Round 25 | Hier-pFedMe(λ2=35.0,K=3) | loss=0.6913
  [Client  9] Round 25 | Hier-pFedMe(λ2=35.0,K=3) | loss=0.0299
  [Client  8] Round 25 | Hier-pFedMe(λ2=35.0,K=3) | loss=0.0169
  [Client  7] Round 25 | Hier-pFedMe(λ2=35.0,K=3) | loss=0.6806
  [Client  4] Round 25 | Hier-pFedMe(λ2=35.0,K=3) | loss=0.6433
  [Client  0] Round 25 | Hier-pFedMe(λ2=35.0,K=3) | loss=0.3450
  [Edge 0] G25 | E4 | loss=0.5452
  [Edge 0] G25 | E5 | Hier-pFedMe | Selected 10/10
  [Client  3] Round 25 | Hier-pFedMe(λ2=35.0,K=3) | loss=0.4879
  [Client  9] Round 25 | Hier-pFedMe(λ2=35.0,K=3) | loss=0.0211
  [Client  7] Round 25 | Hier-pFedMe(λ2=35.0,K=3) | loss=0.8609
  [Client  4] Round 25 | Hier-pFedMe(λ2=35.0,K=3) | loss=0.4281
  [Client  2] Round 25 | Hier-pFedMe(λ2=35.0,K=3) | loss=0.6820
  [Client  1] Round 25 | Hier-pFedMe(λ2=35.0,K=3) | loss=0.5848
  [Client  5] Round 25 | Hier-pFedMe(λ2=35.0,K=3) | loss=0.5166
  [Client  6] Round 25 | Hier-pFedMe(λ2=35.0,K=3) | loss=0.5482
  [Client  8] Round 25 | Hier-pFedMe(λ2=35.0,K=3) | loss=0.0061
  [Client  0] Round 25 | Hier-pFedMe(λ2=35.0,K=3) | loss=0.4322
  [Edge 0] G25 | E5 | loss=0.5060
  [Edge 1] G25 | E1 | Hier-pFedMe | Selected 10/10
  [Client 16] Round 25 | Hier-pFedMe(λ2=35.0,K=3) | loss=0.8718
  [Client 11] Round 25 | Hier-pFedMe(λ2=35.0,K=3) | loss=0.5630
  [Client 15] Round 25 | Hier-pFedMe(λ2=35.0,K=3) | loss=0.5758
  [Client 13] Round 25 | Hier-pFedMe(λ2=35.0,K=3) | loss=1.8800
  [Client 10] Round 25 | Hier-pFedMe(λ2=35.0,K=3) | loss=0.4658
  [Client 18] Round 25 | Hier-pFedMe(λ2=35.0,K=3) | loss=0.8519
  [Client 17] Round 25 | Hier-pFedMe(λ2=35.0,K=3) | loss=0.3676
  [Client 12] Round 25 | Hier-pFedMe(λ2=35.0,K=3) | loss=0.3143
  [Client 19] Round 25 | Hier-pFedMe(λ2=35.0,K=3) | loss=0.4020
  [Client 14] Round 25 | Hier-pFedMe(λ2=35.0,K=3) | loss=0.3804
  [Edge 1] G25 | E1 | loss=0.6672
  [Edge 1] G25 | E2 | Hier-pFedMe | Selected 10/10
  [Client 19] Round 25 | Hier-pFedMe(λ2=35.0,K=3) | loss=0.9133  [Client 14] Round 25 | Hier-pFedMe(λ2=35.0,K=3) | loss=0.2304

  [Client 11] Round 25 | Hier-pFedMe(λ2=35.0,K=3) | loss=0.5018
  [Client 17] Round 25 | Hier-pFedMe(λ2=35.0,K=3) | loss=0.3268
  [Client 16] Round 25 | Hier-pFedMe(λ2=35.0,K=3) | loss=0.5694
  [Client 10] Round 25 | Hier-pFedMe(λ2=35.0,K=3) | loss=0.6827
  [Client 18] Round 25 | Hier-pFedMe(λ2=35.0,K=3) | loss=0.8567
  [Client 13] Round 25 | Hier-pFedMe(λ2=35.0,K=3) | loss=0.7813
  [Client 12] Round 25 | Hier-pFedMe(λ2=35.0,K=3) | loss=0.3688
  [Client 15] Round 25 | Hier-pFedMe(λ2=35.0,K=3) | loss=0.9091
  [Edge 1] G25 | E2 | loss=0.6140
  [Edge 1] G25 | E3 | Hier-pFedMe | Selected 10/10
  [Client 13] Round 25 | Hier-pFedMe(λ2=35.0,K=3) | loss=0.5710
  [Client 19] Round 25 | Hier-pFedMe(λ2=35.0,K=3) | loss=0.4682
  [Client 17] Round 25 | Hier-pFedMe(λ2=35.0,K=3) | loss=0.5170
  [Client 18] Round 25 | Hier-pFedMe(λ2=35.0,K=3) | loss=0.6820
  [Client 10] Round 25 | Hier-pFedMe(λ2=35.0,K=3) | loss=0.6694
  [Client 15] Round 25 | Hier-pFedMe(λ2=35.0,K=3) | loss=0.5151
  [Client 14] Round 25 | Hier-pFedMe(λ2=35.0,K=3) | loss=0.2524
  [Client 12] Round 25 | Hier-pFedMe(λ2=35.0,K=3) | loss=0.5764
  [Client 11] Round 25 | Hier-pFedMe(λ2=35.0,K=3) | loss=0.5200
  [Client 16] Round 25 | Hier-pFedMe(λ2=35.0,K=3) | loss=0.5855
  [Edge 1] G25 | E3 | loss=0.5357
  [Edge 1] G25 | E4 | Hier-pFedMe | Selected 10/10
  [Client 18] Round 25 | Hier-pFedMe(λ2=35.0,K=3) | loss=0.7486
  [Client 11] Round 25 | Hier-pFedMe(λ2=35.0,K=3) | loss=0.5021
  [Client 10] Round 25 | Hier-pFedMe(λ2=35.0,K=3) | loss=0.4163
  [Client 14] Round 25 | Hier-pFedMe(λ2=35.0,K=3) | loss=0.4084
  [Client 15] Round 25 | Hier-pFedMe(λ2=35.0,K=3) | loss=0.7218
  [Client 12] Round 25 | Hier-pFedMe(λ2=35.0,K=3) | loss=0.4255
  [Client 16] Round 25 | Hier-pFedMe(λ2=35.0,K=3) | loss=0.3968
  [Client 13] Round 25 | Hier-pFedMe(λ2=35.0,K=3) | loss=0.8195
  [Client 19] Round 25 | Hier-pFedMe(λ2=35.0,K=3) | loss=0.4123
  [Client 17] Round 25 | Hier-pFedMe(λ2=35.0,K=3) | loss=0.6693
  [Edge 1] G25 | E4 | loss=0.5521
  [Edge 1] G25 | E5 | Hier-pFedMe | Selected 10/10
  [Client 12] Round 25 | Hier-pFedMe(λ2=35.0,K=3) | loss=0.4803
  [Client 18] Round 25 | Hier-pFedMe(λ2=35.0,K=3) | loss=0.4655
  [Client 16] Round 25 | Hier-pFedMe(λ2=35.0,K=3) | loss=0.6678
  [Client 11] Round 25 | Hier-pFedMe(λ2=35.0,K=3) | loss=0.8152
  [Client 19] Round 25 | Hier-pFedMe(λ2=35.0,K=3) | loss=0.4279
  [Client 13] Round 25 | Hier-pFedMe(λ2=35.0,K=3) | loss=0.5562
  [Client 10] Round 25 | Hier-pFedMe(λ2=35.0,K=3) | loss=0.2906
  [Client 14] Round 25 | Hier-pFedMe(λ2=35.0,K=3) | loss=0.4050
  [Client 15] Round 25 | Hier-pFedMe(λ2=35.0,K=3) | loss=1.1444
  [Client 17] Round 25 | Hier-pFedMe(λ2=35.0,K=3) | loss=0.6700
  [Edge 1] G25 | E5 | loss=0.5923
[C0] eval model[0] mean=-0.001437 | θ̃ mean=-0.001437 | edge mean=-0.001904
[C0] n=1000 | classes=[3, 6] | acc=0.6140 | per_class={3: '0.90', 6: '0.31'}
[C1] eval model[0] mean=-0.002370 | θ̃ mean=-0.002370 | edge mean=-0.001904
[C1] n=1000 | classes=[3, 6] | acc=0.5170 | per_class={3: '0.07', 6: '0.99'}
[C2] eval model[0] mean=-0.001406 | θ̃ mean=-0.001406 | edge mean=-0.001904
[C2] n=1000 | classes=[2, 5] | acc=0.5150 | per_class={2: '0.99', 5: '0.03'}
[C3] eval model[0] mean=-0.001075 | θ̃ mean=-0.001075 | edge mean=-0.001904
[C3] n=1000 | classes=[5, 7] | acc=0.5420 | per_class={5: '0.12', 7: '0.98'}
[C4] eval model[0] mean=-0.001863 | θ̃ mean=-0.001863 | edge mean=-0.001904
[C4] n=1000 | classes=[2, 7] | acc=0.5970 | per_class={2: '0.67', 7: '0.52'}
[C5] eval model[0] mean=-0.002507 | θ̃ mean=-0.002507 | edge mean=-0.001904
[C5] n=1000 | classes=[2, 4] | acc=0.5140 | per_class={2: '0.99', 4: '0.02'}
[C6] eval model[0] mean=-0.001667 | θ̃ mean=-0.001667 | edge mean=-0.001904
[C6] n=1000 | classes=[6, 7] | acc=0.5350 | per_class={6: '0.06', 7: '1.00'}
[C7] eval model[0] mean=-0.001686 | θ̃ mean=-0.001686 | edge mean=-0.001904
[C7] n=1000 | classes=[3, 5] | acc=0.5260 | per_class={3: '0.06', 5: '0.96'}
[C8] eval model[0] mean=-0.001875 | θ̃ mean=-0.001875 | edge mean=-0.001904
[C8] n=500 | classes=[4] | acc=0.9900 | per_class={4: '0.99'}
[C9] eval model[0] mean=-0.002202 | θ̃ mean=-0.002202 | edge mean=-0.001904
[C9] n=500 | classes=[4] | acc=0.9960 | per_class={4: '1.00'}
[C10] eval model[0] mean=-0.002364 | θ̃ mean=-0.002364 | edge mean=-0.002607
[C10] n=600 | classes=[8, 9] | acc=0.6667 | per_class={8: '0.96', 9: '0.39'}
[C11] eval model[0] mean=-0.002056 | θ̃ mean=-0.002056 | edge mean=-0.002607
[C11] n=600 | classes=[0, 1] | acc=0.7667 | per_class={0: '0.73', 1: '0.81'}
[C12] eval model[0] mean=-0.002617 | θ̃ mean=-0.002617 | edge mean=-0.002607
[C12] n=600 | classes=[1, 8] | acc=0.7167 | per_class={1: '0.56', 8: '0.88'}
[C13] eval model[0] mean=-0.004739 | θ̃ mean=-0.004739 | edge mean=-0.002607
[C13] n=600 | classes=[0, 8] | acc=0.4800 | per_class={0: '0.00', 8: '0.99'}
[C14] eval model[0] mean=-0.003220 | θ̃ mean=-0.003220 | edge mean=-0.002607
[C14] n=600 | classes=[0, 9] | acc=0.6917 | per_class={0: '0.44', 9: '0.95'}
[C15] eval model[0] mean=-0.003444 | θ̃ mean=-0.003444 | edge mean=-0.002607
[C15] n=600 | classes=[0, 8] | acc=0.5100 | per_class={0: '0.97', 8: '0.03'}
[C16] eval model[0] mean=-0.002679 | θ̃ mean=-0.002679 | edge mean=-0.002607
[C16] n=600 | classes=[1, 8] | acc=0.7750 | per_class={1: '0.93', 8: '0.63'}
[C17] eval model[0] mean=-0.002990 | θ̃ mean=-0.002990 | edge mean=-0.002607
[C17] n=600 | classes=[1, 9] | acc=0.5183 | per_class={1: '0.85', 9: '0.21'}
[C18] eval model[0] mean=-0.003864 | θ̃ mean=-0.003864 | edge mean=-0.002607
[C18] n=600 | classes=[1, 9] | acc=0.6267 | per_class={1: '0.43', 9: '0.84'}
[C19] eval model[0] mean=-0.002207 | θ̃ mean=-0.002207 | edge mean=-0.002607
[C19] n=600 | classes=[0, 9] | acc=0.7667 | per_class={0: '0.67', 9: '0.85'}
  [Cloud] GM=0.3300 | EM=0.3740 PM=0.6176 | loss=1.9278 | time=17.2s | comm=2501.9MB (total=62547MB)

[Round  26] Broadcasting to 2 edges...
  [Edge 0] G26 | E1 | Hier-pFedMe | Selected 10/10
  [Client  2] Round 26 | Hier-pFedMe(λ2=35.0,K=3) | loss=0.3701
  [Client  3] Round 26 | Hier-pFedMe(λ2=35.0,K=3) | loss=0.7515
  [Client  0] Round 26 | Hier-pFedMe(λ2=35.0,K=3) | loss=0.7601
  [Client  6] Round 26 | Hier-pFedMe(λ2=35.0,K=3) | loss=0.6082
  [Client  8] Round 26 | Hier-pFedMe(λ2=35.0,K=3) | loss=0.0157
  [Client  7] Round 26 | Hier-pFedMe(λ2=35.0,K=3) | loss=0.6146
  [Client  4] Round 26 | Hier-pFedMe(λ2=35.0,K=3) | loss=0.5179
  [Client  1] Round 26 | Hier-pFedMe(λ2=35.0,K=3) | loss=0.7909
  [Client  5] Round 26 | Hier-pFedMe(λ2=35.0,K=3) | loss=0.6455
  [Client  9] Round 26 | Hier-pFedMe(λ2=35.0,K=3) | loss=0.0476
  [Edge 0] G26 | E1 | loss=0.5656
  [Edge 0] G26 | E2 | Hier-pFedMe | Selected 10/10
  [Client  5] Round 26 | Hier-pFedMe(λ2=35.0,K=3) | loss=0.8104
  [Client  7] Round 26 | Hier-pFedMe(λ2=35.0,K=3) | loss=0.4152
  [Client  1] Round 26 | Hier-pFedMe(λ2=35.0,K=3) | loss=0.5825
  [Client  9] Round 26 | Hier-pFedMe(λ2=35.0,K=3) | loss=0.0133
  [Client  4] Round 26 | Hier-pFedMe(λ2=35.0,K=3) | loss=0.4880
  [Client  2] Round 26 | Hier-pFedMe(λ2=35.0,K=3) | loss=0.3822
  [Client  6] Round 26 | Hier-pFedMe(λ2=35.0,K=3) | loss=0.4858
  [Client  0] Round 26 | Hier-pFedMe(λ2=35.0,K=3) | loss=0.6204
  [Client  3] Round 26 | Hier-pFedMe(λ2=35.0,K=3) | loss=0.5889
  [Client  8] Round 26 | Hier-pFedMe(λ2=35.0,K=3) | loss=0.0125
  [Edge 0] G26 | E2 | loss=0.4874
  [Edge 0] G26 | E3 | Hier-pFedMe | Selected 10/10
  [Client  4] Round 26 | Hier-pFedMe(λ2=35.0,K=3) | loss=0.8492
  [Client  3] Round 26 | Hier-pFedMe(λ2=35.0,K=3) | loss=0.7146
  [Client  2] Round 26 | Hier-pFedMe(λ2=35.0,K=3) | loss=0.3299
  [Client  5] Round 26 | Hier-pFedMe(λ2=35.0,K=3) | loss=0.6030
  [Client  9] Round 26 | Hier-pFedMe(λ2=35.0,K=3) | loss=0.0186
  [Client  8] Round 26 | Hier-pFedMe(λ2=35.0,K=3) | loss=0.0231
  [Client  0] Round 26 | Hier-pFedMe(λ2=35.0,K=3) | loss=0.6544
  [Client  7] Round 26 | Hier-pFedMe(λ2=35.0,K=3) | loss=0.3872
  [Client  6] Round 26 | Hier-pFedMe(λ2=35.0,K=3) | loss=0.7414
  [Client  1] Round 26 | Hier-pFedMe(λ2=35.0,K=3) | loss=0.9050
  [Edge 0] G26 | E3 | loss=0.5784
  [Edge 0] G26 | E4 | Hier-pFedMe | Selected 10/10
  [Client  6] Round 26 | Hier-pFedMe(λ2=35.0,K=3) | loss=0.7238
  [Client  0] Round 26 | Hier-pFedMe(λ2=35.0,K=3) | loss=0.4890
  [Client  1] Round 26 | Hier-pFedMe(λ2=35.0,K=3) | loss=0.5775
  [Client  3] Round 26 | Hier-pFedMe(λ2=35.0,K=3) | loss=0.5765
  [Client  8] Round 26 | Hier-pFedMe(λ2=35.0,K=3) | loss=0.0111
  [Client  2] Round 26 | Hier-pFedMe(λ2=35.0,K=3) | loss=1.0808
  [Client  4] Round 26 | Hier-pFedMe(λ2=35.0,K=3) | loss=0.5533
  [Client  7] Round 26 | Hier-pFedMe(λ2=35.0,K=3) | loss=0.4401
  [Client  5] Round 26 | Hier-pFedMe(λ2=35.0,K=3) | loss=0.7376
  [Client  9] Round 26 | Hier-pFedMe(λ2=35.0,K=3) | loss=0.0211
  [Edge 0] G26 | E4 | loss=0.5772
  [Edge 0] G26 | E5 | Hier-pFedMe | Selected 10/10
  [Client  8] Round 26 | Hier-pFedMe(λ2=35.0,K=3) | loss=0.0168
  [Client  4] Round 26 | Hier-pFedMe(λ2=35.0,K=3) | loss=0.4873
  [Client  9] Round 26 | Hier-pFedMe(λ2=35.0,K=3) | loss=0.0093  [Client  1] Round 26 | Hier-pFedMe(λ2=35.0,K=3) | loss=0.6026

  [Client  0] Round 26 | Hier-pFedMe(λ2=35.0,K=3) | loss=0.5130
  [Client  3] Round 26 | Hier-pFedMe(λ2=35.0,K=3) | loss=0.7669
  [Client  7] Round 26 | Hier-pFedMe(λ2=35.0,K=3) | loss=0.3624
  [Client  5] Round 26 | Hier-pFedMe(λ2=35.0,K=3) | loss=0.5575
  [Client  6] Round 26 | Hier-pFedMe(λ2=35.0,K=3) | loss=1.2603
  [Client  2] Round 26 | Hier-pFedMe(λ2=35.0,K=3) | loss=0.5173
  [Edge 0] G26 | E5 | loss=0.5645
  [Edge 1] G26 | E1 | Hier-pFedMe | Selected 10/10
  [Client 13] Round 26 | Hier-pFedMe(λ2=35.0,K=3) | loss=0.6864
  [Client 14] Round 26 | Hier-pFedMe(λ2=35.0,K=3) | loss=0.6893
  [Client 17] Round 26 | Hier-pFedMe(λ2=35.0,K=3) | loss=0.4730
  [Client 19] Round 26 | Hier-pFedMe(λ2=35.0,K=3) | loss=0.3852
  [Client 10] Round 26 | Hier-pFedMe(λ2=35.0,K=3) | loss=0.4236  [Client 16] Round 26 | Hier-pFedMe(λ2=35.0,K=3) | loss=0.6213

  [Client 12] Round 26 | Hier-pFedMe(λ2=35.0,K=3) | loss=0.3076
  [Client 11] Round 26 | Hier-pFedMe(λ2=35.0,K=3) | loss=0.8743
  [Client 18] Round 26 | Hier-pFedMe(λ2=35.0,K=3) | loss=0.5043
  [Client 15] Round 26 | Hier-pFedMe(λ2=35.0,K=3) | loss=0.5688
  [Edge 1] G26 | E1 | loss=0.5534
  [Edge 1] G26 | E2 | Hier-pFedMe | Selected 10/10
  [Client 19] Round 26 | Hier-pFedMe(λ2=35.0,K=3) | loss=0.4016
  [Client 15] Round 26 | Hier-pFedMe(λ2=35.0,K=3) | loss=1.3443
  [Client 18] Round 26 | Hier-pFedMe(λ2=35.0,K=3) | loss=0.6758
  [Client 12] Round 26 | Hier-pFedMe(λ2=35.0,K=3) | loss=0.2291
  [Client 11] Round 26 | Hier-pFedMe(λ2=35.0,K=3) | loss=0.3909
  [Client 10] Round 26 | Hier-pFedMe(λ2=35.0,K=3) | loss=0.3269
  [Client 13] Round 26 | Hier-pFedMe(λ2=35.0,K=3) | loss=0.5672
  [Client 16] Round 26 | Hier-pFedMe(λ2=35.0,K=3) | loss=0.5171
  [Client 17] Round 26 | Hier-pFedMe(λ2=35.0,K=3) | loss=0.8122
  [Client 14] Round 26 | Hier-pFedMe(λ2=35.0,K=3) | loss=0.3991
  [Edge 1] G26 | E2 | loss=0.5664
  [Edge 1] G26 | E3 | Hier-pFedMe | Selected 10/10
  [Client 19] Round 26 | Hier-pFedMe(λ2=35.0,K=3) | loss=0.4259
  [Client 17] Round 26 | Hier-pFedMe(λ2=35.0,K=3) | loss=0.7366
  [Client 14] Round 26 | Hier-pFedMe(λ2=35.0,K=3) | loss=0.5563
  [Client 16] Round 26 | Hier-pFedMe(λ2=35.0,K=3) | loss=0.9495
  [Client 18] Round 26 | Hier-pFedMe(λ2=35.0,K=3) | loss=0.5294
  [Client 11] Round 26 | Hier-pFedMe(λ2=35.0,K=3) | loss=0.3815
  [Client 10] Round 26 | Hier-pFedMe(λ2=35.0,K=3) | loss=0.6765
  [Client 12] Round 26 | Hier-pFedMe(λ2=35.0,K=3) | loss=0.2757
  [Client 13] Round 26 | Hier-pFedMe(λ2=35.0,K=3) | loss=0.6156
  [Client 15] Round 26 | Hier-pFedMe(λ2=35.0,K=3) | loss=0.8314
  [Edge 1] G26 | E3 | loss=0.5978
  [Edge 1] G26 | E4 | Hier-pFedMe | Selected 10/10
  [Client 10] Round 26 | Hier-pFedMe(λ2=35.0,K=3) | loss=0.5037
  [Client 17] Round 26 | Hier-pFedMe(λ2=35.0,K=3) | loss=0.5799
  [Client 18] Round 26 | Hier-pFedMe(λ2=35.0,K=3) | loss=1.1060
  [Client 11] Round 26 | Hier-pFedMe(λ2=35.0,K=3) | loss=0.2864
  [Client 13] Round 26 | Hier-pFedMe(λ2=35.0,K=3) | loss=0.4580
  [Client 19] Round 26 | Hier-pFedMe(λ2=35.0,K=3) | loss=0.7462
  [Client 15] Round 26 | Hier-pFedMe(λ2=35.0,K=3) | loss=1.1020
  [Client 14] Round 26 | Hier-pFedMe(λ2=35.0,K=3) | loss=0.3126
  [Client 12] Round 26 | Hier-pFedMe(λ2=35.0,K=3) | loss=0.4734
  [Client 16] Round 26 | Hier-pFedMe(λ2=35.0,K=3) | loss=0.4792
  [Edge 1] G26 | E4 | loss=0.6047
  [Edge 1] G26 | E5 | Hier-pFedMe | Selected 10/10
  [Client 15] Round 26 | Hier-pFedMe(λ2=35.0,K=3) | loss=0.6474
  [Client 13] Round 26 | Hier-pFedMe(λ2=35.0,K=3) | loss=0.8525
  [Client 10] Round 26 | Hier-pFedMe(λ2=35.0,K=3) | loss=0.5144
  [Client 14] Round 26 | Hier-pFedMe(λ2=35.0,K=3) | loss=0.4233
  [Client 17] Round 26 | Hier-pFedMe(λ2=35.0,K=3) | loss=0.4485
  [Client 12] Round 26 | Hier-pFedMe(λ2=35.0,K=3) | loss=0.2402
  [Client 18] Round 26 | Hier-pFedMe(λ2=35.0,K=3) | loss=0.6709
  [Client 11] Round 26 | Hier-pFedMe(λ2=35.0,K=3) | loss=0.1512
  [Client 19] Round 26 | Hier-pFedMe(λ2=35.0,K=3) | loss=0.4068
  [Client 16] Round 26 | Hier-pFedMe(λ2=35.0,K=3) | loss=0.3290
  [Edge 1] G26 | E5 | loss=0.4684
[C0] eval model[0] mean=-0.002340 | θ̃ mean=-0.002340 | edge mean=-0.001994
[C0] n=1000 | classes=[3, 6] | acc=0.6130 | per_class={3: '0.32', 6: '0.91'}
[C1] eval model[0] mean=-0.003560 | θ̃ mean=-0.003560 | edge mean=-0.001994
[C1] n=1000 | classes=[3, 6] | acc=0.4920 | per_class={3: '0.02', 6: '0.99'}
[C2] eval model[0] mean=-0.001886 | θ̃ mean=-0.001886 | edge mean=-0.001994
[C2] n=1000 | classes=[2, 5] | acc=0.5780 | per_class={2: '0.28', 5: '0.89'}
[C3] eval model[0] mean=-0.001737 | θ̃ mean=-0.001737 | edge mean=-0.001994
[C3] n=1000 | classes=[5, 7] | acc=0.6100 | per_class={5: '0.82', 7: '0.39'}
[C4] eval model[0] mean=-0.002077 | θ̃ mean=-0.002077 | edge mean=-0.001994
[C4] n=1000 | classes=[2, 7] | acc=0.6300 | per_class={2: '0.71', 7: '0.55'}
[C5] eval model[0] mean=-0.002381 | θ̃ mean=-0.002381 | edge mean=-0.001994
[C5] n=1000 | classes=[2, 4] | acc=0.5350 | per_class={2: '0.24', 4: '0.84'}
[C6] eval model[0] mean=-0.000767 | θ̃ mean=-0.000767 | edge mean=-0.001994
[C6] n=1000 | classes=[6, 7] | acc=0.6460 | per_class={6: '0.90', 7: '0.40'}
[C7] eval model[0] mean=-0.001613 | θ̃ mean=-0.001613 | edge mean=-0.001994
[C7] n=1000 | classes=[3, 5] | acc=0.5640 | per_class={3: '0.37', 5: '0.75'}
[C8] eval model[0] mean=-0.002207 | θ̃ mean=-0.002207 | edge mean=-0.001994
[C8] n=500 | classes=[4] | acc=0.9940 | per_class={4: '0.99'}
[C9] eval model[0] mean=-0.002270 | θ̃ mean=-0.002270 | edge mean=-0.001994
[C9] n=500 | classes=[4] | acc=1.0000 | per_class={4: '1.00'}
[C10] eval model[0] mean=-0.002832 | θ̃ mean=-0.002832 | edge mean=-0.002462
[C10] n=600 | classes=[8, 9] | acc=0.5633 | per_class={8: '0.10', 9: '1.00'}
[C11] eval model[0] mean=-0.002308 | θ̃ mean=-0.002308 | edge mean=-0.002462
[C11] n=600 | classes=[0, 1] | acc=0.7533 | per_class={0: '0.71', 1: '0.80'}
[C12] eval model[0] mean=-0.002437 | θ̃ mean=-0.002437 | edge mean=-0.002462
[C12] n=600 | classes=[1, 8] | acc=0.5600 | per_class={1: '0.15', 8: '1.00'}
[C13] eval model[0] mean=-0.002696 | θ̃ mean=-0.002696 | edge mean=-0.002462
[C13] n=600 | classes=[0, 8] | acc=0.5350 | per_class={0: '0.98', 8: '0.05'}
[C14] eval model[0] mean=-0.002587 | θ̃ mean=-0.002587 | edge mean=-0.002462
[C14] n=600 | classes=[0, 9] | acc=0.7717 | per_class={0: '0.73', 9: '0.82'}
[C15] eval model[0] mean=-0.002570 | θ̃ mean=-0.002570 | edge mean=-0.002462
[C15] n=600 | classes=[0, 8] | acc=0.6250 | per_class={0: '0.81', 8: '0.43'}
[C16] eval model[0] mean=-0.004437 | θ̃ mean=-0.004437 | edge mean=-0.002462
[C16] n=600 | classes=[1, 8] | acc=0.6950 | per_class={1: '0.51', 8: '0.87'}
[C17] eval model[0] mean=-0.002688 | θ̃ mean=-0.002688 | edge mean=-0.002462
[C17] n=600 | classes=[1, 9] | acc=0.5967 | per_class={1: '0.79', 9: '0.42'}
[C18] eval model[0] mean=-0.002880 | θ̃ mean=-0.002880 | edge mean=-0.002462
[C18] n=600 | classes=[1, 9] | acc=0.5600 | per_class={1: '0.96', 9: '0.12'}
[C19] eval model[0] mean=-0.003577 | θ̃ mean=-0.003577 | edge mean=-0.002462
[C19] n=600 | classes=[0, 9] | acc=0.7567 | per_class={0: '0.55', 9: '0.95'}
  [Cloud] GM=0.3347 | EM=0.3855 PM=0.6343 | loss=1.9155 | time=17.3s | comm=2501.9MB (total=65049MB)

[Round  27] Broadcasting to 2 edges...
  [Edge 0] G27 | E1 | Hier-pFedMe | Selected 10/10
  [Client  9] Round 27 | Hier-pFedMe(λ2=35.0,K=3) | loss=0.0189
  [Client  1] Round 27 | Hier-pFedMe(λ2=35.0,K=3) | loss=0.9036
  [Client  6] Round 27 | Hier-pFedMe(λ2=35.0,K=3) | loss=0.5358
  [Client  2] Round 27 | Hier-pFedMe(λ2=35.0,K=3) | loss=0.4907
  [Client  4] Round 27 | Hier-pFedMe(λ2=35.0,K=3) | loss=0.5917
  [Client  5] Round 27 | Hier-pFedMe(λ2=35.0,K=3) | loss=0.4269
  [Client  8] Round 27 | Hier-pFedMe(λ2=35.0,K=3) | loss=0.0084
  [Client  3] Round 27 | Hier-pFedMe(λ2=35.0,K=3) | loss=0.5704
  [Client  7] Round 27 | Hier-pFedMe(λ2=35.0,K=3) | loss=0.6615
  [Client  0] Round 27 | Hier-pFedMe(λ2=35.0,K=3) | loss=0.4614
  [Edge 0] G27 | E1 | loss=0.5173
  [Edge 0] G27 | E2 | Hier-pFedMe | Selected 10/10
  [Client  5] Round 27 | Hier-pFedMe(λ2=35.0,K=3) | loss=0.5084
  [Client  1] Round 27 | Hier-pFedMe(λ2=35.0,K=3) | loss=0.7092
  [Client  2] Round 27 | Hier-pFedMe(λ2=35.0,K=3) | loss=0.3152
  [Client  9] Round 27 | Hier-pFedMe(λ2=35.0,K=3) | loss=0.0170
  [Client  3] Round 27 | Hier-pFedMe(λ2=35.0,K=3) | loss=0.5028
  [Client  4] Round 27 | Hier-pFedMe(λ2=35.0,K=3) | loss=0.5980
  [Client  0] Round 27 | Hier-pFedMe(λ2=35.0,K=3) | loss=0.4902
  [Client  7] Round 27 | Hier-pFedMe(λ2=35.0,K=3) | loss=0.5658
  [Client  8] Round 27 | Hier-pFedMe(λ2=35.0,K=3) | loss=0.0204
  [Client  6] Round 27 | Hier-pFedMe(λ2=35.0,K=3) | loss=1.4235
  [Edge 0] G27 | E2 | loss=0.5702
  [Edge 0] G27 | E3 | Hier-pFedMe | Selected 10/10
  [Client  0] Round 27 | Hier-pFedMe(λ2=35.0,K=3) | loss=0.3806
  [Client  4] Round 27 | Hier-pFedMe(λ2=35.0,K=3) | loss=0.5550
  [Client  5] Round 27 | Hier-pFedMe(λ2=35.0,K=3) | loss=1.2394
  [Client  7] Round 27 | Hier-pFedMe(λ2=35.0,K=3) | loss=0.5243
  [Client  8] Round 27 | Hier-pFedMe(λ2=35.0,K=3) | loss=0.0138
  [Client  6] Round 27 | Hier-pFedMe(λ2=35.0,K=3) | loss=0.5817
  [Client  2] Round 27 | Hier-pFedMe(λ2=35.0,K=3) | loss=0.5182
  [Client  1] Round 27 | Hier-pFedMe(λ2=35.0,K=3) | loss=0.9861
  [Client  9] Round 27 | Hier-pFedMe(λ2=35.0,K=3) | loss=0.0063
  [Client  3] Round 27 | Hier-pFedMe(λ2=35.0,K=3) | loss=0.9174
  [Edge 0] G27 | E3 | loss=0.6348
  [Edge 0] G27 | E4 | Hier-pFedMe | Selected 10/10
  [Client  6] Round 27 | Hier-pFedMe(λ2=35.0,K=3) | loss=0.8096
  [Client  0] Round 27 | Hier-pFedMe(λ2=35.0,K=3) | loss=0.7044  [Client  2] Round 27 | Hier-pFedMe(λ2=35.0,K=3) | loss=0.3252

  [Client  5] Round 27 | Hier-pFedMe(λ2=35.0,K=3) | loss=0.6743
  [Client  3] Round 27 | Hier-pFedMe(λ2=35.0,K=3) | loss=0.4569
  [Client  9] Round 27 | Hier-pFedMe(λ2=35.0,K=3) | loss=0.0159
  [Client  7] Round 27 | Hier-pFedMe(λ2=35.0,K=3) | loss=0.2537
  [Client  4] Round 27 | Hier-pFedMe(λ2=35.0,K=3) | loss=0.5565
  [Client  8] Round 27 | Hier-pFedMe(λ2=35.0,K=3) | loss=0.0164
  [Client  1] Round 27 | Hier-pFedMe(λ2=35.0,K=3) | loss=0.4682
  [Edge 0] G27 | E4 | loss=0.4739
  [Edge 0] G27 | E5 | Hier-pFedMe | Selected 10/10
  [Client  9] Round 27 | Hier-pFedMe(λ2=35.0,K=3) | loss=0.0008
  [Client  3] Round 27 | Hier-pFedMe(λ2=35.0,K=3) | loss=0.4070
  [Client  8] Round 27 | Hier-pFedMe(λ2=35.0,K=3) | loss=0.0048
  [Client  6] Round 27 | Hier-pFedMe(λ2=35.0,K=3) | loss=0.6764
  [Client  2] Round 27 | Hier-pFedMe(λ2=35.0,K=3) | loss=0.5728
  [Client  4] Round 27 | Hier-pFedMe(λ2=35.0,K=3) | loss=0.7938
  [Client  1] Round 27 | Hier-pFedMe(λ2=35.0,K=3) | loss=0.4033
  [Client  7] Round 27 | Hier-pFedMe(λ2=35.0,K=3) | loss=0.6024
  [Client  0] Round 27 | Hier-pFedMe(λ2=35.0,K=3) | loss=0.6308
  [Client  5] Round 27 | Hier-pFedMe(λ2=35.0,K=3) | loss=0.6956
  [Edge 0] G27 | E5 | loss=0.5317
  [Edge 1] G27 | E1 | Hier-pFedMe | Selected 10/10
  [Client 15] Round 27 | Hier-pFedMe(λ2=35.0,K=3) | loss=2.2493
  [Client 13] Round 27 | Hier-pFedMe(λ2=35.0,K=3) | loss=0.4609
  [Client 17] Round 27 | Hier-pFedMe(λ2=35.0,K=3) | loss=0.4729
  [Client 16] Round 27 | Hier-pFedMe(λ2=35.0,K=3) | loss=1.0110
  [Client 18] Round 27 | Hier-pFedMe(λ2=35.0,K=3) | loss=0.6025
  [Client 14] Round 27 | Hier-pFedMe(λ2=35.0,K=3) | loss=0.3488
  [Client 12] Round 27 | Hier-pFedMe(λ2=35.0,K=3) | loss=0.6341
  [Client 19] Round 27 | Hier-pFedMe(λ2=35.0,K=3) | loss=0.4249
  [Client 11] Round 27 | Hier-pFedMe(λ2=35.0,K=3) | loss=0.5750
  [Client 10] Round 27 | Hier-pFedMe(λ2=35.0,K=3) | loss=0.5937
  [Edge 1] G27 | E1 | loss=0.7373
  [Edge 1] G27 | E2 | Hier-pFedMe | Selected 10/10
  [Client 16] Round 27 | Hier-pFedMe(λ2=35.0,K=3) | loss=0.4148
  [Client 10] Round 27 | Hier-pFedMe(λ2=35.0,K=3) | loss=0.7623
  [Client 14] Round 27 | Hier-pFedMe(λ2=35.0,K=3) | loss=0.3931
  [Client 13] Round 27 | Hier-pFedMe(λ2=35.0,K=3) | loss=0.8754
  [Client 17] Round 27 | Hier-pFedMe(λ2=35.0,K=3) | loss=0.4589
  [Client 15] Round 27 | Hier-pFedMe(λ2=35.0,K=3) | loss=0.9087
  [Client 11] Round 27 | Hier-pFedMe(λ2=35.0,K=3) | loss=0.2660
  [Client 12] Round 27 | Hier-pFedMe(λ2=35.0,K=3) | loss=0.4308
  [Client 19] Round 27 | Hier-pFedMe(λ2=35.0,K=3) | loss=0.2692
  [Client 18] Round 27 | Hier-pFedMe(λ2=35.0,K=3) | loss=0.4250
  [Edge 1] G27 | E2 | loss=0.5204
  [Edge 1] G27 | E3 | Hier-pFedMe | Selected 10/10
  [Client 15] Round 27 | Hier-pFedMe(λ2=35.0,K=3) | loss=0.9289
  [Client 18] Round 27 | Hier-pFedMe(λ2=35.0,K=3) | loss=0.5220
  [Client 14] Round 27 | Hier-pFedMe(λ2=35.0,K=3) | loss=0.3156
  [Client 12] Round 27 | Hier-pFedMe(λ2=35.0,K=3) | loss=0.9489
  [Client 11] Round 27 | Hier-pFedMe(λ2=35.0,K=3) | loss=0.5673
  [Client 19] Round 27 | Hier-pFedMe(λ2=35.0,K=3) | loss=0.2885
  [Client 13] Round 27 | Hier-pFedMe(λ2=35.0,K=3) | loss=0.7023
  [Client 10] Round 27 | Hier-pFedMe(λ2=35.0,K=3) | loss=0.3535
  [Client 17] Round 27 | Hier-pFedMe(λ2=35.0,K=3) | loss=0.4726
  [Client 16] Round 27 | Hier-pFedMe(λ2=35.0,K=3) | loss=0.4325
  [Edge 1] G27 | E3 | loss=0.5532
  [Edge 1] G27 | E4 | Hier-pFedMe | Selected 10/10
  [Client 13] Round 27 | Hier-pFedMe(λ2=35.0,K=3) | loss=0.3766
  [Client 19] Round 27 | Hier-pFedMe(λ2=35.0,K=3) | loss=0.4504
  [Client 11] Round 27 | Hier-pFedMe(λ2=35.0,K=3) | loss=0.5658
  [Client 12] Round 27 | Hier-pFedMe(λ2=35.0,K=3) | loss=0.7456
  [Client 10] Round 27 | Hier-pFedMe(λ2=35.0,K=3) | loss=0.3362
  [Client 14] Round 27 | Hier-pFedMe(λ2=35.0,K=3) | loss=0.4847
  [Client 15] Round 27 | Hier-pFedMe(λ2=35.0,K=3) | loss=0.6598
  [Client 18] Round 27 | Hier-pFedMe(λ2=35.0,K=3) | loss=0.8378
  [Client 17] Round 27 | Hier-pFedMe(λ2=35.0,K=3) | loss=0.6726
  [Client 16] Round 27 | Hier-pFedMe(λ2=35.0,K=3) | loss=0.5512
  [Edge 1] G27 | E4 | loss=0.5681
  [Edge 1] G27 | E5 | Hier-pFedMe | Selected 10/10
  [Client 14] Round 27 | Hier-pFedMe(λ2=35.0,K=3) | loss=0.5346
  [Client 12] Round 27 | Hier-pFedMe(λ2=35.0,K=3) | loss=0.4803
  [Client 17] Round 27 | Hier-pFedMe(λ2=35.0,K=3) | loss=0.7327
  [Client 19] Round 27 | Hier-pFedMe(λ2=35.0,K=3) | loss=0.4103
  [Client 11] Round 27 | Hier-pFedMe(λ2=35.0,K=3) | loss=0.6356
  [Client 16] Round 27 | Hier-pFedMe(λ2=35.0,K=3) | loss=1.2496
  [Client 13] Round 27 | Hier-pFedMe(λ2=35.0,K=3) | loss=0.7977
  [Client 10] Round 27 | Hier-pFedMe(λ2=35.0,K=3) | loss=0.1681
  [Client 15] Round 27 | Hier-pFedMe(λ2=35.0,K=3) | loss=0.3881
  [Client 18] Round 27 | Hier-pFedMe(λ2=35.0,K=3) | loss=0.8976
  [Edge 1] G27 | E5 | loss=0.6294
[C0] eval model[0] mean=-0.000736 | θ̃ mean=-0.000736 | edge mean=-0.002147
[C0] n=1000 | classes=[3, 6] | acc=0.6330 | per_class={3: '0.78', 6: '0.48'}
[C1] eval model[0] mean=-0.003249 | θ̃ mean=-0.003249 | edge mean=-0.002147
[C1] n=1000 | classes=[3, 6] | acc=0.5520 | per_class={3: '0.90', 6: '0.19'}
[C2] eval model[0] mean=-0.002724 | θ̃ mean=-0.002724 | edge mean=-0.002147
[C2] n=1000 | classes=[2, 5] | acc=0.6260 | per_class={2: '0.91', 5: '0.33'}
[C3] eval model[0] mean=-0.002188 | θ̃ mean=-0.002188 | edge mean=-0.002147
[C3] n=1000 | classes=[5, 7] | acc=0.6090 | per_class={5: '0.83', 7: '0.38'}
[C4] eval model[0] mean=-0.001574 | θ̃ mean=-0.001574 | edge mean=-0.002147
[C4] n=1000 | classes=[2, 7] | acc=0.5470 | per_class={2: '0.13', 7: '0.97'}
[C5] eval model[0] mean=-0.001676 | θ̃ mean=-0.001676 | edge mean=-0.002147
[C5] n=1000 | classes=[2, 4] | acc=0.5020 | per_class={2: '0.04', 4: '0.98'}
[C6] eval model[0] mean=-0.002214 | θ̃ mean=-0.002214 | edge mean=-0.002147
[C6] n=1000 | classes=[6, 7] | acc=0.5060 | per_class={6: '1.00', 7: '0.03'}
[C7] eval model[0] mean=-0.002040 | θ̃ mean=-0.002040 | edge mean=-0.002147
[C7] n=1000 | classes=[3, 5] | acc=0.5320 | per_class={3: '0.81', 5: '0.27'}
[C8] eval model[0] mean=-0.002266 | θ̃ mean=-0.002266 | edge mean=-0.002147
[C8] n=500 | classes=[4] | acc=0.9940 | per_class={4: '0.99'}
[C9] eval model[0] mean=-0.001996 | θ̃ mean=-0.001996 | edge mean=-0.002147
[C9] n=500 | classes=[4] | acc=0.9980 | per_class={4: '1.00'}
[C10] eval model[0] mean=-0.002478 | θ̃ mean=-0.002478 | edge mean=-0.002885
[C10] n=600 | classes=[8, 9] | acc=0.7567 | per_class={8: '0.86', 9: '0.66'}
[C11] eval model[0] mean=-0.003670 | θ̃ mean=-0.003670 | edge mean=-0.002885
[C11] n=600 | classes=[0, 1] | acc=0.6950 | per_class={0: '0.41', 1: '0.98'}
[C12] eval model[0] mean=-0.001945 | θ̃ mean=-0.001945 | edge mean=-0.002885
[C12] n=600 | classes=[1, 8] | acc=0.6667 | per_class={1: '0.98', 8: '0.33'}
[C13] eval model[0] mean=-0.003233 | θ̃ mean=-0.003233 | edge mean=-0.002885
[C13] n=600 | classes=[0, 8] | acc=0.6783 | per_class={0: '0.70', 8: '0.65'}
[C14] eval model[0] mean=-0.002775 | θ̃ mean=-0.002775 | edge mean=-0.002885
[C14] n=600 | classes=[0, 9] | acc=0.7950 | per_class={0: '0.75', 9: '0.85'}
[C15] eval model[0] mean=-0.001698 | θ̃ mean=-0.001698 | edge mean=-0.002885
[C15] n=600 | classes=[0, 8] | acc=0.6167 | per_class={0: '0.29', 8: '0.96'}
[C16] eval model[0] mean=-0.003952 | θ̃ mean=-0.003952 | edge mean=-0.002885
[C16] n=600 | classes=[1, 8] | acc=0.6583 | per_class={1: '0.34', 8: '0.95'}
[C17] eval model[0] mean=-0.003635 | θ̃ mean=-0.003635 | edge mean=-0.002885
[C17] n=600 | classes=[1, 9] | acc=0.5533 | per_class={1: '0.09', 9: '0.98'}
[C18] eval model[0] mean=-0.003096 | θ̃ mean=-0.003096 | edge mean=-0.002885
[C18] n=600 | classes=[1, 9] | acc=0.6683 | per_class={1: '0.75', 9: '0.58'}
[C19] eval model[0] mean=-0.002746 | θ̃ mean=-0.002746 | edge mean=-0.002885
[C19] n=600 | classes=[0, 9] | acc=0.7717 | per_class={0: '0.62', 9: '0.91'}
  [Cloud] GM=0.3307 | EM=0.3539 PM=0.6413 | loss=1.9083 | time=16.8s | comm=2501.9MB (total=67551MB)

[Round  28] Broadcasting to 2 edges...
  [Edge 0] G28 | E1 | Hier-pFedMe | Selected 10/10
  [Client  9] Round 28 | Hier-pFedMe(λ2=35.0,K=3) | loss=0.0509
  [Client  3] Round 28 | Hier-pFedMe(λ2=35.0,K=3) | loss=0.5337
  [Client  4] Round 28 | Hier-pFedMe(λ2=35.0,K=3) | loss=0.7422
  [Client  7] Round 28 | Hier-pFedMe(λ2=35.0,K=3) | loss=0.5172
  [Client  6] Round 28 | Hier-pFedMe(λ2=35.0,K=3) | loss=1.4684
  [Client  2] Round 28 | Hier-pFedMe(λ2=35.0,K=3) | loss=0.5162
  [Client  1] Round 28 | Hier-pFedMe(λ2=35.0,K=3) | loss=0.8045
  [Client  5] Round 28 | Hier-pFedMe(λ2=35.0,K=3) | loss=0.6918
  [Client  8] Round 28 | Hier-pFedMe(λ2=35.0,K=3) | loss=0.0230
  [Client  0] Round 28 | Hier-pFedMe(λ2=35.0,K=3) | loss=0.3651
  [Edge 0] G28 | E1 | loss=0.6307
  [Edge 0] G28 | E2 | Hier-pFedMe | Selected 10/10
  [Client  5] Round 28 | Hier-pFedMe(λ2=35.0,K=3) | loss=1.0573
  [Client  6] Round 28 | Hier-pFedMe(λ2=35.0,K=3) | loss=0.8224
  [Client  2] Round 28 | Hier-pFedMe(λ2=35.0,K=3) | loss=0.5637
  [Client  3] Round 28 | Hier-pFedMe(λ2=35.0,K=3) | loss=0.7168
  [Client  0] Round 28 | Hier-pFedMe(λ2=35.0,K=3) | loss=0.5018
  [Client  1] Round 28 | Hier-pFedMe(λ2=35.0,K=3) | loss=0.5750
  [Client  4] Round 28 | Hier-pFedMe(λ2=35.0,K=3) | loss=0.4981
  [Client  9] Round 28 | Hier-pFedMe(λ2=35.0,K=3) | loss=0.0144
  [Client  8] Round 28 | Hier-pFedMe(λ2=35.0,K=3) | loss=0.0281
  [Client  7] Round 28 | Hier-pFedMe(λ2=35.0,K=3) | loss=0.3996
  [Edge 0] G28 | E2 | loss=0.5729
  [Edge 0] G28 | E3 | Hier-pFedMe | Selected 10/10
  [Client  4] Round 28 | Hier-pFedMe(λ2=35.0,K=3) | loss=0.6259
  [Client  2] Round 28 | Hier-pFedMe(λ2=35.0,K=3) | loss=0.7162
  [Client  6] Round 28 | Hier-pFedMe(λ2=35.0,K=3) | loss=1.2277
  [Client  8] Round 28 | Hier-pFedMe(λ2=35.0,K=3) | loss=0.0040
  [Client  3] Round 28 | Hier-pFedMe(λ2=35.0,K=3) | loss=0.6637
  [Client  0] Round 28 | Hier-pFedMe(λ2=35.0,K=3) | loss=0.5476
  [Client  9] Round 28 | Hier-pFedMe(λ2=35.0,K=3) | loss=0.0117
  [Client  5] Round 28 | Hier-pFedMe(λ2=35.0,K=3) | loss=0.7121
  [Client  7] Round 28 | Hier-pFedMe(λ2=35.0,K=3) | loss=0.7966
  [Client  1] Round 28 | Hier-pFedMe(λ2=35.0,K=3) | loss=1.0704
  [Edge 0] G28 | E3 | loss=0.7076
  [Edge 0] G28 | E4 | Hier-pFedMe | Selected 10/10
  [Client  2] Round 28 | Hier-pFedMe(λ2=35.0,K=3) | loss=0.5916
  [Client  5] Round 28 | Hier-pFedMe(λ2=35.0,K=3) | loss=0.8981
  [Client  3] Round 28 | Hier-pFedMe(λ2=35.0,K=3) | loss=0.5948
  [Client  9] Round 28 | Hier-pFedMe(λ2=35.0,K=3) | loss=0.0191
  [Client  6] Round 28 | Hier-pFedMe(λ2=35.0,K=3) | loss=0.4650
  [Client  0] Round 28 | Hier-pFedMe(λ2=35.0,K=3) | loss=0.5625
  [Client  8] Round 28 | Hier-pFedMe(λ2=35.0,K=3) | loss=0.0109
  [Client  1] Round 28 | Hier-pFedMe(λ2=35.0,K=3) | loss=0.5510
  [Client  7] Round 28 | Hier-pFedMe(λ2=35.0,K=3) | loss=0.6031
  [Client  4] Round 28 | Hier-pFedMe(λ2=35.0,K=3) | loss=0.2789
  [Edge 0] G28 | E4 | loss=0.5067
  [Edge 0] G28 | E5 | Hier-pFedMe | Selected 10/10
  [Client  8] Round 28 | Hier-pFedMe(λ2=35.0,K=3) | loss=0.0065
  [Client  7] Round 28 | Hier-pFedMe(λ2=35.0,K=3) | loss=0.7087
  [Client  2] Round 28 | Hier-pFedMe(λ2=35.0,K=3) | loss=0.4836
  [Client  9] Round 28 | Hier-pFedMe(λ2=35.0,K=3) | loss=0.0047
  [Client  1] Round 28 | Hier-pFedMe(λ2=35.0,K=3) | loss=0.6621
  [Client  4] Round 28 | Hier-pFedMe(λ2=35.0,K=3) | loss=0.9273  [Client  5] Round 28 | Hier-pFedMe(λ2=35.0,K=3) | loss=0.4616

  [Client  6] Round 28 | Hier-pFedMe(λ2=35.0,K=3) | loss=0.4233
  [Client  0] Round 28 | Hier-pFedMe(λ2=35.0,K=3) | loss=0.4888
  [Client  3] Round 28 | Hier-pFedMe(λ2=35.0,K=3) | loss=0.5713
  [Edge 0] G28 | E5 | loss=0.5258
  [Edge 1] G28 | E1 | Hier-pFedMe | Selected 10/10
  [Client 18] Round 28 | Hier-pFedMe(λ2=35.0,K=3) | loss=1.2773
  [Client 15] Round 28 | Hier-pFedMe(λ2=35.0,K=3) | loss=0.6276
  [Client 14] Round 28 | Hier-pFedMe(λ2=35.0,K=3) | loss=0.4434
  [Client 10] Round 28 | Hier-pFedMe(λ2=35.0,K=3) | loss=0.6859
  [Client 12] Round 28 | Hier-pFedMe(λ2=35.0,K=3) | loss=0.5452
  [Client 19] Round 28 | Hier-pFedMe(λ2=35.0,K=3) | loss=0.1840
  [Client 16] Round 28 | Hier-pFedMe(λ2=35.0,K=3) | loss=0.6549
  [Client 11] Round 28 | Hier-pFedMe(λ2=35.0,K=3) | loss=0.2634
  [Client 17] Round 28 | Hier-pFedMe(λ2=35.0,K=3) | loss=1.2486
  [Client 13] Round 28 | Hier-pFedMe(λ2=35.0,K=3) | loss=0.4638
  [Edge 1] G28 | E1 | loss=0.6394
  [Edge 1] G28 | E2 | Hier-pFedMe | Selected 10/10
  [Client 12] Round 28 | Hier-pFedMe(λ2=35.0,K=3) | loss=1.3257  [Client 18] Round 28 | Hier-pFedMe(λ2=35.0,K=3) | loss=0.5586

  [Client 10] Round 28 | Hier-pFedMe(λ2=35.0,K=3) | loss=0.4102
  [Client 11] Round 28 | Hier-pFedMe(λ2=35.0,K=3) | loss=0.3500
  [Client 16] Round 28 | Hier-pFedMe(λ2=35.0,K=3) | loss=0.8151
  [Client 13] Round 28 | Hier-pFedMe(λ2=35.0,K=3) | loss=0.3907
  [Client 14] Round 28 | Hier-pFedMe(λ2=35.0,K=3) | loss=0.5010
  [Client 15] Round 28 | Hier-pFedMe(λ2=35.0,K=3) | loss=0.3234
  [Client 19] Round 28 | Hier-pFedMe(λ2=35.0,K=3) | loss=0.3133
  [Client 17] Round 28 | Hier-pFedMe(λ2=35.0,K=3) | loss=0.5989
  [Edge 1] G28 | E2 | loss=0.5587
  [Edge 1] G28 | E3 | Hier-pFedMe | Selected 10/10
  [Client 14] Round 28 | Hier-pFedMe(λ2=35.0,K=3) | loss=0.2700
  [Client 10] Round 28 | Hier-pFedMe(λ2=35.0,K=3) | loss=0.4636
  [Client 18] Round 28 | Hier-pFedMe(λ2=35.0,K=3) | loss=1.4720
  [Client 12] Round 28 | Hier-pFedMe(λ2=35.0,K=3) | loss=0.4956
  [Client 15] Round 28 | Hier-pFedMe(λ2=35.0,K=3) | loss=0.4911
  [Client 17] Round 28 | Hier-pFedMe(λ2=35.0,K=3) | loss=2.8390
  [Client 11] Round 28 | Hier-pFedMe(λ2=35.0,K=3) | loss=0.0813
  [Client 16] Round 28 | Hier-pFedMe(λ2=35.0,K=3) | loss=0.4808
  [Client 19] Round 28 | Hier-pFedMe(λ2=35.0,K=3) | loss=0.9364
  [Client 13] Round 28 | Hier-pFedMe(λ2=35.0,K=3) | loss=0.6389
  [Edge 1] G28 | E3 | loss=0.8169
  [Edge 1] G28 | E4 | Hier-pFedMe | Selected 10/10
  [Client 13] Round 28 | Hier-pFedMe(λ2=35.0,K=3) | loss=0.5726
  [Client 18] Round 28 | Hier-pFedMe(λ2=35.0,K=3) | loss=0.5763
  [Client 10] Round 28 | Hier-pFedMe(λ2=35.0,K=3) | loss=0.3268
  [Client 11] Round 28 | Hier-pFedMe(λ2=35.0,K=3) | loss=0.6237
  [Client 17] Round 28 | Hier-pFedMe(λ2=35.0,K=3) | loss=0.8471
  [Client 19] Round 28 | Hier-pFedMe(λ2=35.0,K=3) | loss=0.3799
  [Client 12] Round 28 | Hier-pFedMe(λ2=35.0,K=3) | loss=1.1416
  [Client 15] Round 28 | Hier-pFedMe(λ2=35.0,K=3) | loss=0.6722
  [Client 14] Round 28 | Hier-pFedMe(λ2=35.0,K=3) | loss=0.1894
  [Client 16] Round 28 | Hier-pFedMe(λ2=35.0,K=3) | loss=1.1523
  [Edge 1] G28 | E4 | loss=0.6482
  [Edge 1] G28 | E5 | Hier-pFedMe | Selected 10/10
  [Client 10] Round 28 | Hier-pFedMe(λ2=35.0,K=3) | loss=0.3697
  [Client 18] Round 28 | Hier-pFedMe(λ2=35.0,K=3) | loss=0.3614
  [Client 16] Round 28 | Hier-pFedMe(λ2=35.0,K=3) | loss=0.6925
  [Client 13] Round 28 | Hier-pFedMe(λ2=35.0,K=3) | loss=0.5313
  [Client 15] Round 28 | Hier-pFedMe(λ2=35.0,K=3) | loss=0.5195
  [Client 12] Round 28 | Hier-pFedMe(λ2=35.0,K=3) | loss=0.5154
  [Client 11] Round 28 | Hier-pFedMe(λ2=35.0,K=3) | loss=0.3619
  [Client 17] Round 28 | Hier-pFedMe(λ2=35.0,K=3) | loss=2.9190
  [Client 19] Round 28 | Hier-pFedMe(λ2=35.0,K=3) | loss=0.2900
  [Client 14] Round 28 | Hier-pFedMe(λ2=35.0,K=3) | loss=0.1719
  [Edge 1] G28 | E5 | loss=0.6733
[C0] eval model[0] mean=-0.001529 | θ̃ mean=-0.001529 | edge mean=-0.001889
[C0] n=1000 | classes=[3, 6] | acc=0.6120 | per_class={3: '0.95', 6: '0.25'}
[C1] eval model[0] mean=-0.001711 | θ̃ mean=-0.001711 | edge mean=-0.001889
[C1] n=1000 | classes=[3, 6] | acc=0.5960 | per_class={3: '0.75', 6: '0.43'}
[C2] eval model[0] mean=-0.001511 | θ̃ mean=-0.001511 | edge mean=-0.001889
[C2] n=1000 | classes=[2, 5] | acc=0.6800 | per_class={2: '0.60', 5: '0.76'}
[C3] eval model[0] mean=-0.001597 | θ̃ mean=-0.001597 | edge mean=-0.001889
[C3] n=1000 | classes=[5, 7] | acc=0.6450 | per_class={5: '0.46', 7: '0.83'}
[C4] eval model[0] mean=-0.001511 | θ̃ mean=-0.001511 | edge mean=-0.001889
[C4] n=1000 | classes=[2, 7] | acc=0.4980 | per_class={2: '0.96', 7: '0.02'}
[C5] eval model[0] mean=-0.001959 | θ̃ mean=-0.001959 | edge mean=-0.001889
[C5] n=1000 | classes=[2, 4] | acc=0.5870 | per_class={2: '0.64', 4: '0.53'}
[C6] eval model[0] mean=-0.001141 | θ̃ mean=-0.001141 | edge mean=-0.001889
[C6] n=1000 | classes=[6, 7] | acc=0.6760 | per_class={6: '0.61', 7: '0.74'}
[C7] eval model[0] mean=-0.001081 | θ̃ mean=-0.001081 | edge mean=-0.001889
[C7] n=1000 | classes=[3, 5] | acc=0.5110 | per_class={3: '0.00', 5: '0.99'}
[C8] eval model[0] mean=-0.001792 | θ̃ mean=-0.001792 | edge mean=-0.001889
[C8] n=500 | classes=[4] | acc=0.9940 | per_class={4: '0.99'}
[C9] eval model[0] mean=-0.002011 | θ̃ mean=-0.002011 | edge mean=-0.001889
[C9] n=500 | classes=[4] | acc=0.9960 | per_class={4: '1.00'}
[C10] eval model[0] mean=-0.003331 | θ̃ mean=-0.003331 | edge mean=-0.002559
[C10] n=600 | classes=[8, 9] | acc=0.7600 | per_class={8: '0.72', 9: '0.80'}
[C11] eval model[0] mean=-0.002458 | θ̃ mean=-0.002458 | edge mean=-0.002559
[C11] n=600 | classes=[0, 1] | acc=0.7083 | per_class={0: '0.77', 1: '0.64'}
[C12] eval model[0] mean=-0.002544 | θ̃ mean=-0.002544 | edge mean=-0.002559
[C12] n=600 | classes=[1, 8] | acc=0.5983 | per_class={1: '0.24', 8: '0.98'}
[C13] eval model[0] mean=-0.002328 | θ̃ mean=-0.002328 | edge mean=-0.002559
[C13] n=600 | classes=[0, 8] | acc=0.6533 | per_class={0: '0.68', 8: '0.62'}
[C14] eval model[0] mean=-0.003458 | θ̃ mean=-0.003458 | edge mean=-0.002559
[C14] n=600 | classes=[0, 9] | acc=0.6683 | per_class={0: '0.36', 9: '0.99'}
[C15] eval model[0] mean=-0.002080 | θ̃ mean=-0.002080 | edge mean=-0.002559
[C15] n=600 | classes=[0, 8] | acc=0.5817 | per_class={0: '0.22', 8: '0.95'}
[C16] eval model[0] mean=-0.003510 | θ̃ mean=-0.003510 | edge mean=-0.002559
[C16] n=600 | classes=[1, 8] | acc=0.5800 | per_class={1: '0.14', 8: '1.00'}
[C17] eval model[0] mean=-0.001371 | θ̃ mean=-0.001371 | edge mean=-0.002559
[C17] n=600 | classes=[1, 9] | acc=0.4933 | per_class={1: '0.94', 9: '0.07'}
[C18] eval model[0] mean=-0.002134 | θ̃ mean=-0.002134 | edge mean=-0.002559
[C18] n=600 | classes=[1, 9] | acc=0.4833 | per_class={1: '0.03', 9: '0.98'}
[C19] eval model[0] mean=-0.001664 | θ̃ mean=-0.001664 | edge mean=-0.002559
[C19] n=600 | classes=[0, 9] | acc=0.7100 | per_class={0: '0.85', 9: '0.59'}
  [Cloud] GM=0.3277 | EM=0.3676 PM=0.6361 | loss=1.9114 | time=17.0s | comm=2501.9MB (total=70053MB)

[Round  29] Broadcasting to 2 edges...
  [Edge 0] G29 | E1 | Hier-pFedMe | Selected 10/10
  [Client  7] Round 29 | Hier-pFedMe(λ2=35.0,K=3) | loss=0.6030
  [Client  6] Round 29 | Hier-pFedMe(λ2=35.0,K=3) | loss=0.3749
  [Client  5] Round 29 | Hier-pFedMe(λ2=35.0,K=3) | loss=0.7515
  [Client  9] Round 29 | Hier-pFedMe(λ2=35.0,K=3) | loss=0.0108
  [Client  2] Round 29 | Hier-pFedMe(λ2=35.0,K=3) | loss=0.6712
  [Client  0] Round 29 | Hier-pFedMe(λ2=35.0,K=3) | loss=0.6229
  [Client  8] Round 29 | Hier-pFedMe(λ2=35.0,K=3) | loss=0.0306
  [Client  1] Round 29 | Hier-pFedMe(λ2=35.0,K=3) | loss=0.5854
  [Client  4] Round 29 | Hier-pFedMe(λ2=35.0,K=3) | loss=0.6832
  [Client  3] Round 29 | Hier-pFedMe(λ2=35.0,K=3) | loss=0.5140
  [Edge 0] G29 | E1 | loss=0.5363
  [Edge 0] G29 | E2 | Hier-pFedMe | Selected 10/10
  [Client  5] Round 29 | Hier-pFedMe(λ2=35.0,K=3) | loss=0.6269
  [Client  2] Round 29 | Hier-pFedMe(λ2=35.0,K=3) | loss=0.3657  [Client  8] Round 29 | Hier-pFedMe(λ2=35.0,K=3) | loss=0.0050

  [Client  3] Round 29 | Hier-pFedMe(λ2=35.0,K=3) | loss=0.6589
  [Client  0] Round 29 | Hier-pFedMe(λ2=35.0,K=3) | loss=0.3430
  [Client  4] Round 29 | Hier-pFedMe(λ2=35.0,K=3) | loss=0.5863
  [Client  1] Round 29 | Hier-pFedMe(λ2=35.0,K=3) | loss=1.0642
  [Client  6] Round 29 | Hier-pFedMe(λ2=35.0,K=3) | loss=0.8954
  [Client  9] Round 29 | Hier-pFedMe(λ2=35.0,K=3) | loss=0.0077
  [Client  7] Round 29 | Hier-pFedMe(λ2=35.0,K=3) | loss=0.6778
  [Edge 0] G29 | E2 | loss=0.5805
  [Edge 0] G29 | E3 | Hier-pFedMe | Selected 10/10
  [Client  7] Round 29 | Hier-pFedMe(λ2=35.0,K=3) | loss=0.8582
  [Client  1] Round 29 | Hier-pFedMe(λ2=35.0,K=3) | loss=0.6785
  [Client  6] Round 29 | Hier-pFedMe(λ2=35.0,K=3) | loss=0.4366
  [Client  5] Round 29 | Hier-pFedMe(λ2=35.0,K=3) | loss=0.5574
  [Client  3] Round 29 | Hier-pFedMe(λ2=35.0,K=3) | loss=0.6918
  [Client  0] Round 29 | Hier-pFedMe(λ2=35.0,K=3) | loss=0.5603
  [Client  8] Round 29 | Hier-pFedMe(λ2=35.0,K=3) | loss=0.0118
  [Client  4] Round 29 | Hier-pFedMe(λ2=35.0,K=3) | loss=0.7775
  [Client  2] Round 29 | Hier-pFedMe(λ2=35.0,K=3) | loss=0.4597
  [Client  9] Round 29 | Hier-pFedMe(λ2=35.0,K=3) | loss=0.0088
  [Edge 0] G29 | E3 | loss=0.5589
  [Edge 0] G29 | E4 | Hier-pFedMe | Selected 10/10
  [Client  6] Round 29 | Hier-pFedMe(λ2=35.0,K=3) | loss=0.4149
  [Client  2] Round 29 | Hier-pFedMe(λ2=35.0,K=3) | loss=0.6502
  [Client  0] Round 29 | Hier-pFedMe(λ2=35.0,K=3) | loss=0.6109
  [Client  4] Round 29 | Hier-pFedMe(λ2=35.0,K=3) | loss=0.7143
  [Client  1] Round 29 | Hier-pFedMe(λ2=35.0,K=3) | loss=0.4809
  [Client  8] Round 29 | Hier-pFedMe(λ2=35.0,K=3) | loss=0.0139
  [Client  3] Round 29 | Hier-pFedMe(λ2=35.0,K=3) | loss=0.4908
  [Client  5] Round 29 | Hier-pFedMe(λ2=35.0,K=3) | loss=0.4294
  [Client  7] Round 29 | Hier-pFedMe(λ2=35.0,K=3) | loss=0.6763
  [Client  9] Round 29 | Hier-pFedMe(λ2=35.0,K=3) | loss=0.0088
  [Edge 0] G29 | E4 | loss=0.4977
  [Edge 0] G29 | E5 | Hier-pFedMe | Selected 10/10
  [Client  6] Round 29 | Hier-pFedMe(λ2=35.0,K=3) | loss=0.5198
  [Client  3] Round 29 | Hier-pFedMe(λ2=35.0,K=3) | loss=0.3229
  [Client  2] Round 29 | Hier-pFedMe(λ2=35.0,K=3) | loss=0.4519
  [Client  7] Round 29 | Hier-pFedMe(λ2=35.0,K=3) | loss=0.9057
  [Client  0] Round 29 | Hier-pFedMe(λ2=35.0,K=3) | loss=0.5377
  [Client  8] Round 29 | Hier-pFedMe(λ2=35.0,K=3) | loss=0.0041
  [Client  4] Round 29 | Hier-pFedMe(λ2=35.0,K=3) | loss=0.8028
  [Client  9] Round 29 | Hier-pFedMe(λ2=35.0,K=3) | loss=0.0303
  [Client  5] Round 29 | Hier-pFedMe(λ2=35.0,K=3) | loss=0.5937
  [Client  1] Round 29 | Hier-pFedMe(λ2=35.0,K=3) | loss=0.7025
  [Edge 0] G29 | E5 | loss=0.5393
  [Edge 1] G29 | E1 | Hier-pFedMe | Selected 10/10
  [Client 19] Round 29 | Hier-pFedMe(λ2=35.0,K=3) | loss=0.4414
  [Client 11] Round 29 | Hier-pFedMe(λ2=35.0,K=3) | loss=0.6239
  [Client 17] Round 29 | Hier-pFedMe(λ2=35.0,K=3) | loss=0.7482
  [Client 15] Round 29 | Hier-pFedMe(λ2=35.0,K=3) | loss=0.8711
  [Client 16] Round 29 | Hier-pFedMe(λ2=35.0,K=3) | loss=0.9227
  [Client 13] Round 29 | Hier-pFedMe(λ2=35.0,K=3) | loss=0.6718
  [Client 18] Round 29 | Hier-pFedMe(λ2=35.0,K=3) | loss=0.7459
  [Client 12] Round 29 | Hier-pFedMe(λ2=35.0,K=3) | loss=0.7818
  [Client 14] Round 29 | Hier-pFedMe(λ2=35.0,K=3) | loss=0.4559
  [Client 10] Round 29 | Hier-pFedMe(λ2=35.0,K=3) | loss=0.3821
  [Edge 1] G29 | E1 | loss=0.6645
  [Edge 1] G29 | E2 | Hier-pFedMe | Selected 10/10
  [Client 17] Round 29 | Hier-pFedMe(λ2=35.0,K=3) | loss=2.7276
  [Client 19] Round 29 | Hier-pFedMe(λ2=35.0,K=3) | loss=0.4870
  [Client 10] Round 29 | Hier-pFedMe(λ2=35.0,K=3) | loss=0.4174
  [Client 15] Round 29 | Hier-pFedMe(λ2=35.0,K=3) | loss=0.6952
  [Client 14] Round 29 | Hier-pFedMe(λ2=35.0,K=3) | loss=0.5971
  [Client 16] Round 29 | Hier-pFedMe(λ2=35.0,K=3) | loss=0.3102
  [Client 11] Round 29 | Hier-pFedMe(λ2=35.0,K=3) | loss=0.4692
  [Client 13] Round 29 | Hier-pFedMe(λ2=35.0,K=3) | loss=0.4555
  [Client 12] Round 29 | Hier-pFedMe(λ2=35.0,K=3) | loss=0.3803
  [Client 18] Round 29 | Hier-pFedMe(λ2=35.0,K=3) | loss=0.5487
  [Edge 1] G29 | E2 | loss=0.7088
  [Edge 1] G29 | E3 | Hier-pFedMe | Selected 10/10
  [Client 12] Round 29 | Hier-pFedMe(λ2=35.0,K=3) | loss=0.1809
  [Client 13] Round 29 | Hier-pFedMe(λ2=35.0,K=3) | loss=0.7165
  [Client 17] Round 29 | Hier-pFedMe(λ2=35.0,K=3) | loss=0.8129
  [Client 16] Round 29 | Hier-pFedMe(λ2=35.0,K=3) | loss=0.3312
  [Client 15] Round 29 | Hier-pFedMe(λ2=35.0,K=3) | loss=0.5582
  [Client 10] Round 29 | Hier-pFedMe(λ2=35.0,K=3) | loss=0.3123
  [Client 19] Round 29 | Hier-pFedMe(λ2=35.0,K=3) | loss=0.3877
  [Client 14] Round 29 | Hier-pFedMe(λ2=35.0,K=3) | loss=0.2776
  [Client 11] Round 29 | Hier-pFedMe(λ2=35.0,K=3) | loss=0.4143
  [Client 18] Round 29 | Hier-pFedMe(λ2=35.0,K=3) | loss=0.4054
  [Edge 1] G29 | E3 | loss=0.4397
  [Edge 1] G29 | E4 | Hier-pFedMe | Selected 10/10
  [Client 14] Round 29 | Hier-pFedMe(λ2=35.0,K=3) | loss=0.3873
  [Client 13] Round 29 | Hier-pFedMe(λ2=35.0,K=3) | loss=0.5888
  [Client 15] Round 29 | Hier-pFedMe(λ2=35.0,K=3) | loss=0.6429
  [Client 11] Round 29 | Hier-pFedMe(λ2=35.0,K=3) | loss=0.6187
  [Client 17] Round 29 | Hier-pFedMe(λ2=35.0,K=3) | loss=0.8827
  [Client 16] Round 29 | Hier-pFedMe(λ2=35.0,K=3) | loss=0.3077
  [Client 19] Round 29 | Hier-pFedMe(λ2=35.0,K=3) | loss=0.3045
  [Client 12] Round 29 | Hier-pFedMe(λ2=35.0,K=3) | loss=0.5192
  [Client 10] Round 29 | Hier-pFedMe(λ2=35.0,K=3) | loss=0.2816
  [Client 18] Round 29 | Hier-pFedMe(λ2=35.0,K=3) | loss=0.5321
  [Edge 1] G29 | E4 | loss=0.5065
  [Edge 1] G29 | E5 | Hier-pFedMe | Selected 10/10
  [Client 13] Round 29 | Hier-pFedMe(λ2=35.0,K=3) | loss=1.0823
  [Client 15] Round 29 | Hier-pFedMe(λ2=35.0,K=3) | loss=1.2221
  [Client 18] Round 29 | Hier-pFedMe(λ2=35.0,K=3) | loss=0.8212
  [Client 12] Round 29 | Hier-pFedMe(λ2=35.0,K=3) | loss=0.4642
  [Client 17] Round 29 | Hier-pFedMe(λ2=35.0,K=3) | loss=1.0930
  [Client 14] Round 29 | Hier-pFedMe(λ2=35.0,K=3) | loss=0.5181
  [Client 19] Round 29 | Hier-pFedMe(λ2=35.0,K=3) | loss=0.3737
  [Client 16] Round 29 | Hier-pFedMe(λ2=35.0,K=3) | loss=0.4373
  [Client 11] Round 29 | Hier-pFedMe(λ2=35.0,K=3) | loss=0.8183
  [Client 10] Round 29 | Hier-pFedMe(λ2=35.0,K=3) | loss=0.4458
  [Edge 1] G29 | E5 | loss=0.7276
[C0] eval model[0] mean=-0.001839 | θ̃ mean=-0.001839 | edge mean=-0.001598
[C0] n=1000 | classes=[3, 6] | acc=0.6340 | per_class={3: '0.40', 6: '0.88'}
[C1] eval model[0] mean=0.000023 | θ̃ mean=0.000023 | edge mean=-0.001598
[C1] n=1000 | classes=[3, 6] | acc=0.5110 | per_class={3: '0.99', 6: '0.00'}
[C2] eval model[0] mean=-0.001772 | θ̃ mean=-0.001772 | edge mean=-0.001598
[C2] n=1000 | classes=[2, 5] | acc=0.6570 | per_class={2: '0.74', 5: '0.57'}
[C3] eval model[0] mean=-0.000976 | θ̃ mean=-0.000976 | edge mean=-0.001598
[C3] n=1000 | classes=[5, 7] | acc=0.6250 | per_class={5: '0.42', 7: '0.83'}
[C4] eval model[0] mean=-0.001325 | θ̃ mean=-0.001325 | edge mean=-0.001598
[C4] n=1000 | classes=[2, 7] | acc=0.6350 | per_class={2: '0.66', 7: '0.60'}
[C5] eval model[0] mean=-0.001640 | θ̃ mean=-0.001640 | edge mean=-0.001598
[C5] n=1000 | classes=[2, 4] | acc=0.5630 | per_class={2: '0.77', 4: '0.34'}
[C6] eval model[0] mean=-0.001971 | θ̃ mean=-0.001971 | edge mean=-0.001598
[C6] n=1000 | classes=[6, 7] | acc=0.6930 | per_class={6: '0.77', 7: '0.61'}
[C7] eval model[0] mean=-0.001204 | θ̃ mean=-0.001204 | edge mean=-0.001598
[C7] n=1000 | classes=[3, 5] | acc=0.4930 | per_class={3: '0.81', 5: '0.19'}
[C8] eval model[0] mean=-0.001663 | θ̃ mean=-0.001663 | edge mean=-0.001598
[C8] n=500 | classes=[4] | acc=0.9940 | per_class={4: '0.99'}
[C9] eval model[0] mean=-0.001839 | θ̃ mean=-0.001839 | edge mean=-0.001598
[C9] n=500 | classes=[4] | acc=1.0000 | per_class={4: '1.00'}
[C10] eval model[0] mean=-0.002968 | θ̃ mean=-0.002968 | edge mean=-0.002620
[C10] n=600 | classes=[8, 9] | acc=0.6500 | per_class={8: '0.97', 9: '0.35'}
[C11] eval model[0] mean=-0.003563 | θ̃ mean=-0.003563 | edge mean=-0.002620
[C11] n=600 | classes=[0, 1] | acc=0.7250 | per_class={0: '0.79', 1: '0.66'}
[C12] eval model[0] mean=-0.002720 | θ̃ mean=-0.002720 | edge mean=-0.002620
[C12] n=600 | classes=[1, 8] | acc=0.7517 | per_class={1: '0.78', 8: '0.72'}
[C13] eval model[0] mean=-0.003932 | θ̃ mean=-0.003932 | edge mean=-0.002620
[C13] n=600 | classes=[0, 8] | acc=0.6667 | per_class={0: '0.69', 8: '0.64'}
[C14] eval model[0] mean=-0.002425 | θ̃ mean=-0.002425 | edge mean=-0.002620
[C14] n=600 | classes=[0, 9] | acc=0.7800 | per_class={0: '0.75', 9: '0.82'}
[C15] eval model[0] mean=-0.002336 | θ̃ mean=-0.002336 | edge mean=-0.002620
[C15] n=600 | classes=[0, 8] | acc=0.6517 | per_class={0: '0.75', 8: '0.55'}
[C16] eval model[0] mean=-0.002522 | θ̃ mean=-0.002522 | edge mean=-0.002620
[C16] n=600 | classes=[1, 8] | acc=0.7750 | per_class={1: '0.91', 8: '0.65'}
[C17] eval model[0] mean=-0.000591 | θ̃ mean=-0.000591 | edge mean=-0.002620
[C17] n=600 | classes=[1, 9] | acc=0.5700 | per_class={1: '0.21', 9: '0.90'}
[C18] eval model[0] mean=-0.003176 | θ̃ mean=-0.003176 | edge mean=-0.002620
[C18] n=600 | classes=[1, 9] | acc=0.5133 | per_class={1: '0.96', 9: '0.02'}
[C19] eval model[0] mean=-0.003272 | θ̃ mean=-0.003272 | edge mean=-0.002620
[C19] n=600 | classes=[0, 9] | acc=0.7783 | per_class={0: '0.63', 9: '0.92'}
  [Cloud] GM=0.3330 | EM=0.3854 PM=0.6617 | loss=1.9087 | time=17.1s | comm=2501.9MB (total=72555MB)

[Round  30] Broadcasting to 2 edges...
  [Edge 0] G30 | E1 | Hier-pFedMe | Selected 10/10
  [Client  1] Round 30 | Hier-pFedMe(λ2=35.0,K=3) | loss=0.8114
  [Client  7] Round 30 | Hier-pFedMe(λ2=35.0,K=3) | loss=0.4360
  [Client  5] Round 30 | Hier-pFedMe(λ2=35.0,K=3) | loss=0.3403
  [Client  8] Round 30 | Hier-pFedMe(λ2=35.0,K=3) | loss=0.0175
  [Client  2] Round 30 | Hier-pFedMe(λ2=35.0,K=3) | loss=0.4240
  [Client  4] Round 30 | Hier-pFedMe(λ2=35.0,K=3) | loss=0.5014
  [Client  3] Round 30 | Hier-pFedMe(λ2=35.0,K=3) | loss=0.5178
  [Client  6] Round 30 | Hier-pFedMe(λ2=35.0,K=3) | loss=0.4095
  [Client  9] Round 30 | Hier-pFedMe(λ2=35.0,K=3) | loss=0.0130
  [Client  0] Round 30 | Hier-pFedMe(λ2=35.0,K=3) | loss=0.4713
  [Edge 0] G30 | E1 | loss=0.4363
  [Edge 0] G30 | E2 | Hier-pFedMe | Selected 10/10
  [Client  8] Round 30 | Hier-pFedMe(λ2=35.0,K=3) | loss=0.0109
  [Client  1] Round 30 | Hier-pFedMe(λ2=35.0,K=3) | loss=0.4171
  [Client  2] Round 30 | Hier-pFedMe(λ2=35.0,K=3) | loss=0.5370
  [Client  6] Round 30 | Hier-pFedMe(λ2=35.0,K=3) | loss=0.6161
  [Client  0] Round 30 | Hier-pFedMe(λ2=35.0,K=3) | loss=0.4511
  [Client  3] Round 30 | Hier-pFedMe(λ2=35.0,K=3) | loss=0.6194
  [Client  7] Round 30 | Hier-pFedMe(λ2=35.0,K=3) | loss=0.4470
  [Client  9] Round 30 | Hier-pFedMe(λ2=35.0,K=3) | loss=0.0390
  [Client  4] Round 30 | Hier-pFedMe(λ2=35.0,K=3) | loss=0.7361
  [Client  5] Round 30 | Hier-pFedMe(λ2=35.0,K=3) | loss=0.7517
  [Edge 0] G30 | E2 | loss=0.5112
  [Edge 0] G30 | E3 | Hier-pFedMe | Selected 10/10
  [Client  3] Round 30 | Hier-pFedMe(λ2=35.0,K=3) | loss=0.5413  [Client  7] Round 30 | Hier-pFedMe(λ2=35.0,K=3) | loss=0.8817

  [Client  8] Round 30 | Hier-pFedMe(λ2=35.0,K=3) | loss=0.0270
  [Client  9] Round 30 | Hier-pFedMe(λ2=35.0,K=3) | loss=0.0083
  [Client  4] Round 30 | Hier-pFedMe(λ2=35.0,K=3) | loss=0.5572
  [Client  6] Round 30 | Hier-pFedMe(λ2=35.0,K=3) | loss=0.4101
  [Client  5] Round 30 | Hier-pFedMe(λ2=35.0,K=3) | loss=0.7010
  [Client  1] Round 30 | Hier-pFedMe(λ2=35.0,K=3) | loss=0.9876
  [Client  0] Round 30 | Hier-pFedMe(λ2=35.0,K=3) | loss=0.6335
  [Client  2] Round 30 | Hier-pFedMe(λ2=35.0,K=3) | loss=0.5195
  [Edge 0] G30 | E3 | loss=0.5833
  [Edge 0] G30 | E4 | Hier-pFedMe | Selected 10/10
  [Client  9] Round 30 | Hier-pFedMe(λ2=35.0,K=3) | loss=0.0259
  [Client  6] Round 30 | Hier-pFedMe(λ2=35.0,K=3) | loss=0.6092
  [Client  0] Round 30 | Hier-pFedMe(λ2=35.0,K=3) | loss=0.4795
  [Client  7] Round 30 | Hier-pFedMe(λ2=35.0,K=3) | loss=0.5268
  [Client  8] Round 30 | Hier-pFedMe(λ2=35.0,K=3) | loss=0.0098
  [Client  3] Round 30 | Hier-pFedMe(λ2=35.0,K=3) | loss=0.5242
  [Client  1] Round 30 | Hier-pFedMe(λ2=35.0,K=3) | loss=0.6198
  [Client  5] Round 30 | Hier-pFedMe(λ2=35.0,K=3) | loss=1.2837
  [Client  2] Round 30 | Hier-pFedMe(λ2=35.0,K=3) | loss=0.7527
  [Client  4] Round 30 | Hier-pFedMe(λ2=35.0,K=3) | loss=0.5949
  [Edge 0] G30 | E4 | loss=0.6010
  [Edge 0] G30 | E5 | Hier-pFedMe | Selected 10/10
  [Client  9] Round 30 | Hier-pFedMe(λ2=35.0,K=3) | loss=0.0027
  [Client  3] Round 30 | Hier-pFedMe(λ2=35.0,K=3) | loss=1.1625
  [Client  2] Round 30 | Hier-pFedMe(λ2=35.0,K=3) | loss=0.3669
  [Client  6] Round 30 | Hier-pFedMe(λ2=35.0,K=3) | loss=0.5992
  [Client  0] Round 30 | Hier-pFedMe(λ2=35.0,K=3) | loss=0.6689
  [Client  1] Round 30 | Hier-pFedMe(λ2=35.0,K=3) | loss=1.0440
  [Client  8] Round 30 | Hier-pFedMe(λ2=35.0,K=3) | loss=0.0140
  [Client  7] Round 30 | Hier-pFedMe(λ2=35.0,K=3) | loss=1.7837
  [Client  5] Round 30 | Hier-pFedMe(λ2=35.0,K=3) | loss=0.5396
  [Client  4] Round 30 | Hier-pFedMe(λ2=35.0,K=3) | loss=0.7454
  [Edge 0] G30 | E5 | loss=0.7687
  [Edge 1] G30 | E1 | Hier-pFedMe | Selected 10/10
  [Client 15] Round 30 | Hier-pFedMe(λ2=35.0,K=3) | loss=0.6085
  [Client 19] Round 30 | Hier-pFedMe(λ2=35.0,K=3) | loss=0.2709
  [Client 14] Round 30 | Hier-pFedMe(λ2=35.0,K=3) | loss=0.1978
  [Client 16] Round 30 | Hier-pFedMe(λ2=35.0,K=3) | loss=0.6826
  [Client 12] Round 30 | Hier-pFedMe(λ2=35.0,K=3) | loss=0.2926
  [Client 13] Round 30 | Hier-pFedMe(λ2=35.0,K=3) | loss=0.4551
  [Client 18] Round 30 | Hier-pFedMe(λ2=35.0,K=3) | loss=1.3479
  [Client 17] Round 30 | Hier-pFedMe(λ2=35.0,K=3) | loss=0.6004
  [Client 11] Round 30 | Hier-pFedMe(λ2=35.0,K=3) | loss=0.3505
  [Client 10] Round 30 | Hier-pFedMe(λ2=35.0,K=3) | loss=1.1650
  [Edge 1] G30 | E1 | loss=0.5971
  [Edge 1] G30 | E2 | Hier-pFedMe | Selected 10/10
  [Client 12] Round 30 | Hier-pFedMe(λ2=35.0,K=3) | loss=0.4093
  [Client 11] Round 30 | Hier-pFedMe(λ2=35.0,K=3) | loss=0.5980  [Client 10] Round 30 | Hier-pFedMe(λ2=35.0,K=3) | loss=0.2409

  [Client 15] Round 30 | Hier-pFedMe(λ2=35.0,K=3) | loss=1.0935
  [Client 13] Round 30 | Hier-pFedMe(λ2=35.0,K=3) | loss=0.3848
  [Client 17] Round 30 | Hier-pFedMe(λ2=35.0,K=3) | loss=0.7892
  [Client 16] Round 30 | Hier-pFedMe(λ2=35.0,K=3) | loss=0.8341
  [Client 14] Round 30 | Hier-pFedMe(λ2=35.0,K=3) | loss=0.4235
  [Client 18] Round 30 | Hier-pFedMe(λ2=35.0,K=3) | loss=0.6133
  [Client 19] Round 30 | Hier-pFedMe(λ2=35.0,K=3) | loss=0.4182
  [Edge 1] G30 | E2 | loss=0.5805
  [Edge 1] G30 | E3 | Hier-pFedMe | Selected 10/10
  [Client 17] Round 30 | Hier-pFedMe(λ2=35.0,K=3) | loss=0.5289
  [Client 12] Round 30 | Hier-pFedMe(λ2=35.0,K=3) | loss=0.4279
  [Client 16] Round 30 | Hier-pFedMe(λ2=35.0,K=3) | loss=0.4717
  [Client 10] Round 30 | Hier-pFedMe(λ2=35.0,K=3) | loss=0.2491
  [Client 11] Round 30 | Hier-pFedMe(λ2=35.0,K=3) | loss=0.4804
  [Client 18] Round 30 | Hier-pFedMe(λ2=35.0,K=3) | loss=0.7085
  [Client 13] Round 30 | Hier-pFedMe(λ2=35.0,K=3) | loss=0.4462
  [Client 19] Round 30 | Hier-pFedMe(λ2=35.0,K=3) | loss=0.2803
  [Client 15] Round 30 | Hier-pFedMe(λ2=35.0,K=3) | loss=0.5710
  [Client 14] Round 30 | Hier-pFedMe(λ2=35.0,K=3) | loss=0.4639
  [Edge 1] G30 | E3 | loss=0.4628
  [Edge 1] G30 | E4 | Hier-pFedMe | Selected 10/10
  [Client 15] Round 30 | Hier-pFedMe(λ2=35.0,K=3) | loss=0.4536
  [Client 14] Round 30 | Hier-pFedMe(λ2=35.0,K=3) | loss=0.4542
  [Client 11] Round 30 | Hier-pFedMe(λ2=35.0,K=3) | loss=0.1588
  [Client 12] Round 30 | Hier-pFedMe(λ2=35.0,K=3) | loss=0.6734
  [Client 16] Round 30 | Hier-pFedMe(λ2=35.0,K=3) | loss=0.3871
  [Client 18] Round 30 | Hier-pFedMe(λ2=35.0,K=3) | loss=0.5357
  [Client 13] Round 30 | Hier-pFedMe(λ2=35.0,K=3) | loss=0.6594
  [Client 10] Round 30 | Hier-pFedMe(λ2=35.0,K=3) | loss=0.5310
  [Client 19] Round 30 | Hier-pFedMe(λ2=35.0,K=3) | loss=0.8279
  [Client 17] Round 30 | Hier-pFedMe(λ2=35.0,K=3) | loss=1.0028
  [Edge 1] G30 | E4 | loss=0.5684
  [Edge 1] G30 | E5 | Hier-pFedMe | Selected 10/10
  [Client 18] Round 30 | Hier-pFedMe(λ2=35.0,K=3) | loss=0.5242
  [Client 13] Round 30 | Hier-pFedMe(λ2=35.0,K=3) | loss=0.6653
  [Client 12] Round 30 | Hier-pFedMe(λ2=35.0,K=3) | loss=0.8729
  [Client 19] Round 30 | Hier-pFedMe(λ2=35.0,K=3) | loss=0.4020
  [Client 10] Round 30 | Hier-pFedMe(λ2=35.0,K=3) | loss=0.3228
  [Client 14] Round 30 | Hier-pFedMe(λ2=35.0,K=3) | loss=0.1701  [Client 17] Round 30 | Hier-pFedMe(λ2=35.0,K=3) | loss=0.7782

  [Client 15] Round 30 | Hier-pFedMe(λ2=35.0,K=3) | loss=0.7123
  [Client 11] Round 30 | Hier-pFedMe(λ2=35.0,K=3) | loss=0.3190
  [Client 16] Round 30 | Hier-pFedMe(λ2=35.0,K=3) | loss=0.4280
  [Edge 1] G30 | E5 | loss=0.5195
[C0] eval model[0] mean=-0.001207 | θ̃ mean=-0.001207 | edge mean=-0.001580
[C0] n=1000 | classes=[3, 6] | acc=0.5970 | per_class={3: '0.29', 6: '0.92'}
[C1] eval model[0] mean=-0.000739 | θ̃ mean=-0.000739 | edge mean=-0.001580
[C1] n=1000 | classes=[3, 6] | acc=0.5020 | per_class={3: '0.97', 6: '0.00'}
[C2] eval model[0] mean=-0.002283 | θ̃ mean=-0.002283 | edge mean=-0.001580
[C2] n=1000 | classes=[2, 5] | acc=0.6400 | per_class={2: '0.89', 5: '0.39'}
[C3] eval model[0] mean=0.000474 | θ̃ mean=0.000474 | edge mean=-0.001580
[C3] n=1000 | classes=[5, 7] | acc=0.4940 | per_class={5: '0.00', 7: '1.00'}
[C4] eval model[0] mean=-0.001693 | θ̃ mean=-0.001693 | edge mean=-0.001580
[C4] n=1000 | classes=[2, 7] | acc=0.5570 | per_class={2: '0.14', 7: '0.99'}
[C5] eval model[0] mean=-0.000935 | θ̃ mean=-0.000935 | edge mean=-0.001580
[C5] n=1000 | classes=[2, 4] | acc=0.5740 | per_class={2: '0.58', 4: '0.57'}
[C6] eval model[0] mean=-0.001413 | θ̃ mean=-0.001413 | edge mean=-0.001580
[C6] n=1000 | classes=[6, 7] | acc=0.5640 | per_class={6: '0.97', 7: '0.17'}
[C7] eval model[0] mean=-0.002301 | θ̃ mean=-0.002301 | edge mean=-0.001580
[C7] n=1000 | classes=[3, 5] | acc=0.4870 | per_class={3: '1.00', 5: '0.00'}
[C8] eval model[0] mean=-0.001414 | θ̃ mean=-0.001414 | edge mean=-0.001580
[C8] n=500 | classes=[4] | acc=0.9920 | per_class={4: '0.99'}
[C9] eval model[0] mean=-0.001473 | θ̃ mean=-0.001473 | edge mean=-0.001580
[C9] n=500 | classes=[4] | acc=0.9920 | per_class={4: '0.99'}
[C10] eval model[0] mean=-0.002605 | θ̃ mean=-0.002605 | edge mean=-0.002122
[C10] n=600 | classes=[8, 9] | acc=0.7700 | per_class={8: '0.86', 9: '0.69'}
[C11] eval model[0] mean=-0.002788 | θ̃ mean=-0.002788 | edge mean=-0.002122
[C11] n=600 | classes=[0, 1] | acc=0.7417 | per_class={0: '0.73', 1: '0.75'}
[C12] eval model[0] mean=-0.002965 | θ̃ mean=-0.002965 | edge mean=-0.002122
[C12] n=600 | classes=[1, 8] | acc=0.7600 | per_class={1: '0.85', 8: '0.66'}
[C13] eval model[0] mean=-0.002171 | θ̃ mean=-0.002171 | edge mean=-0.002122
[C13] n=600 | classes=[0, 8] | acc=0.5733 | per_class={0: '0.82', 8: '0.30'}
[C14] eval model[0] mean=-0.004067 | θ̃ mean=-0.004067 | edge mean=-0.002122
[C14] n=600 | classes=[0, 9] | acc=0.7583 | per_class={0: '0.78', 9: '0.73'}
[C15] eval model[0] mean=-0.002004 | θ̃ mean=-0.002004 | edge mean=-0.002122
[C15] n=600 | classes=[0, 8] | acc=0.6283 | per_class={0: '0.57', 8: '0.68'}
[C16] eval model[0] mean=-0.003045 | θ̃ mean=-0.003045 | edge mean=-0.002122
[C16] n=600 | classes=[1, 8] | acc=0.7883 | per_class={1: '0.74', 8: '0.83'}
[C17] eval model[0] mean=-0.002557 | θ̃ mean=-0.002557 | edge mean=-0.002122
[C17] n=600 | classes=[1, 9] | acc=0.4817 | per_class={1: '1.00', 9: '0.00'}
[C18] eval model[0] mean=-0.002849 | θ̃ mean=-0.002849 | edge mean=-0.002122
[C18] n=600 | classes=[1, 9] | acc=0.5183 | per_class={1: '0.14', 9: '0.93'}
[C19] eval model[0] mean=-0.005294 | θ̃ mean=-0.005294 | edge mean=-0.002122
[C19] n=600 | classes=[0, 9] | acc=0.6967 | per_class={0: '0.37', 9: '0.99'}
  [Cloud] GM=0.3382 | EM=0.3820 PM=0.6291 | loss=1.8958 | time=17.2s | comm=2501.9MB (total=75057MB)

[Round  31] Broadcasting to 2 edges...
  [Edge 0] G31 | E1 | Hier-pFedMe | Selected 10/10
  [Client  6] Round 31 | Hier-pFedMe(λ2=35.0,K=3) | loss=0.5590
  [Client  4] Round 31 | Hier-pFedMe(λ2=35.0,K=3) | loss=0.5060
  [Client  3] Round 31 | Hier-pFedMe(λ2=35.0,K=3) | loss=0.7113
  [Client  2] Round 31 | Hier-pFedMe(λ2=35.0,K=3) | loss=0.7106
  [Client  0] Round 31 | Hier-pFedMe(λ2=35.0,K=3) | loss=0.5102
  [Client  1] Round 31 | Hier-pFedMe(λ2=35.0,K=3) | loss=0.5955
  [Client  8] Round 31 | Hier-pFedMe(λ2=35.0,K=3) | loss=0.0352
  [Client  9] Round 31 | Hier-pFedMe(λ2=35.0,K=3) | loss=0.0118
  [Client  5] Round 31 | Hier-pFedMe(λ2=35.0,K=3) | loss=1.8507
  [Client  7] Round 31 | Hier-pFedMe(λ2=35.0,K=3) | loss=0.6476
  [Edge 0] G31 | E1 | loss=0.6794
  [Edge 0] G31 | E2 | Hier-pFedMe | Selected 10/10
  [Client  5] Round 31 | Hier-pFedMe(λ2=35.0,K=3) | loss=0.3626
  [Client  4] Round 31 | Hier-pFedMe(λ2=35.0,K=3) | loss=0.5659
  [Client  6] Round 31 | Hier-pFedMe(λ2=35.0,K=3) | loss=0.8912
  [Client  9] Round 31 | Hier-pFedMe(λ2=35.0,K=3) | loss=0.0376
  [Client  3] Round 31 | Hier-pFedMe(λ2=35.0,K=3) | loss=1.1081
  [Client  2] Round 31 | Hier-pFedMe(λ2=35.0,K=3) | loss=0.6422  [Client  8] Round 31 | Hier-pFedMe(λ2=35.0,K=3) | loss=0.0219

  [Client  0] Round 31 | Hier-pFedMe(λ2=35.0,K=3) | loss=0.8256
  [Client  7] Round 31 | Hier-pFedMe(λ2=35.0,K=3) | loss=1.1809
  [Client  1] Round 31 | Hier-pFedMe(λ2=35.0,K=3) | loss=1.0017
  [Edge 0] G31 | E2 | loss=0.7342
  [Edge 0] G31 | E3 | Hier-pFedMe | Selected 10/10
  [Client  6] Round 31 | Hier-pFedMe(λ2=35.0,K=3) | loss=0.4068
  [Client  0] Round 31 | Hier-pFedMe(λ2=35.0,K=3) | loss=0.6002
  [Client  7] Round 31 | Hier-pFedMe(λ2=35.0,K=3) | loss=0.7060
  [Client  8] Round 31 | Hier-pFedMe(λ2=35.0,K=3) | loss=0.0046
  [Client  9] Round 31 | Hier-pFedMe(λ2=35.0,K=3) | loss=0.0274
  [Client  4] Round 31 | Hier-pFedMe(λ2=35.0,K=3) | loss=0.4664
  [Client  3] Round 31 | Hier-pFedMe(λ2=35.0,K=3) | loss=0.5126
  [Client  1] Round 31 | Hier-pFedMe(λ2=35.0,K=3) | loss=0.7203
  [Client  2] Round 31 | Hier-pFedMe(λ2=35.0,K=3) | loss=0.2819
  [Client  5] Round 31 | Hier-pFedMe(λ2=35.0,K=3) | loss=1.1968
  [Edge 0] G31 | E3 | loss=0.5452
  [Edge 0] G31 | E4 | Hier-pFedMe | Selected 10/10
  [Client  6] Round 31 | Hier-pFedMe(λ2=35.0,K=3) | loss=0.6608
  [Client  0] Round 31 | Hier-pFedMe(λ2=35.0,K=3) | loss=1.1196
  [Client  4] Round 31 | Hier-pFedMe(λ2=35.0,K=3) | loss=0.4855
  [Client  8] Round 31 | Hier-pFedMe(λ2=35.0,K=3) | loss=0.0377
  [Client  9] Round 31 | Hier-pFedMe(λ2=35.0,K=3) | loss=0.0112
  [Client  5] Round 31 | Hier-pFedMe(λ2=35.0,K=3) | loss=1.0405
  [Client  3] Round 31 | Hier-pFedMe(λ2=35.0,K=3) | loss=1.2387
  [Client  1] Round 31 | Hier-pFedMe(λ2=35.0,K=3) | loss=1.0964
  [Client  2] Round 31 | Hier-pFedMe(λ2=35.0,K=3) | loss=0.4913
  [Client  7] Round 31 | Hier-pFedMe(λ2=35.0,K=3) | loss=1.1697
  [Edge 0] G31 | E4 | loss=0.8141
  [Edge 0] G31 | E5 | Hier-pFedMe | Selected 10/10
  [Client  7] Round 31 | Hier-pFedMe(λ2=35.0,K=3) | loss=0.7198  [Client  6] Round 31 | Hier-pFedMe(λ2=35.0,K=3) | loss=0.6395

  [Client  8] Round 31 | Hier-pFedMe(λ2=35.0,K=3) | loss=0.0111
  [Client  0] Round 31 | Hier-pFedMe(λ2=35.0,K=3) | loss=0.7455
  [Client  2] Round 31 | Hier-pFedMe(λ2=35.0,K=3) | loss=0.4651
  [Client  1] Round 31 | Hier-pFedMe(λ2=35.0,K=3) | loss=0.5452
  [Client  4] Round 31 | Hier-pFedMe(λ2=35.0,K=3) | loss=0.4525
  [Client  3] Round 31 | Hier-pFedMe(λ2=35.0,K=3) | loss=0.8544
  [Client  9] Round 31 | Hier-pFedMe(λ2=35.0,K=3) | loss=0.0124
  [Client  5] Round 31 | Hier-pFedMe(λ2=35.0,K=3) | loss=0.9046
  [Edge 0] G31 | E5 | loss=0.5932
  [Edge 1] G31 | E1 | Hier-pFedMe | Selected 10/10
  [Client 14] Round 31 | Hier-pFedMe(λ2=35.0,K=3) | loss=0.8037
  [Client 17] Round 31 | Hier-pFedMe(λ2=35.0,K=3) | loss=0.5604  [Client 12] Round 31 | Hier-pFedMe(λ2=35.0,K=3) | loss=0.3456

  [Client 15] Round 31 | Hier-pFedMe(λ2=35.0,K=3) | loss=0.4707
  [Client 19] Round 31 | Hier-pFedMe(λ2=35.0,K=3) | loss=0.5665
  [Client 16] Round 31 | Hier-pFedMe(λ2=35.0,K=3) | loss=0.4213
  [Client 13] Round 31 | Hier-pFedMe(λ2=35.0,K=3) | loss=0.5494
  [Client 10] Round 31 | Hier-pFedMe(λ2=35.0,K=3) | loss=0.3084
  [Client 11] Round 31 | Hier-pFedMe(λ2=35.0,K=3) | loss=0.5046
  [Client 18] Round 31 | Hier-pFedMe(λ2=35.0,K=3) | loss=0.4591
  [Edge 1] G31 | E1 | loss=0.4990
  [Edge 1] G31 | E2 | Hier-pFedMe | Selected 10/10
  [Client 15] Round 31 | Hier-pFedMe(λ2=35.0,K=3) | loss=0.6306
  [Client 11] Round 31 | Hier-pFedMe(λ2=35.0,K=3) | loss=0.2979  [Client 12] Round 31 | Hier-pFedMe(λ2=35.0,K=3) | loss=0.4181

  [Client 19] Round 31 | Hier-pFedMe(λ2=35.0,K=3) | loss=0.2381
  [Client 14] Round 31 | Hier-pFedMe(λ2=35.0,K=3) | loss=0.5164
  [Client 10] Round 31 | Hier-pFedMe(λ2=35.0,K=3) | loss=0.2824
  [Client 18] Round 31 | Hier-pFedMe(λ2=35.0,K=3) | loss=1.1153
  [Client 13] Round 31 | Hier-pFedMe(λ2=35.0,K=3) | loss=0.4811
  [Client 16] Round 31 | Hier-pFedMe(λ2=35.0,K=3) | loss=0.5653
  [Client 17] Round 31 | Hier-pFedMe(λ2=35.0,K=3) | loss=0.6956
  [Edge 1] G31 | E2 | loss=0.5241
  [Edge 1] G31 | E3 | Hier-pFedMe | Selected 10/10
  [Client 11] Round 31 | Hier-pFedMe(λ2=35.0,K=3) | loss=0.1355
  [Client 18] Round 31 | Hier-pFedMe(λ2=35.0,K=3) | loss=0.4556
  [Client 13] Round 31 | Hier-pFedMe(λ2=35.0,K=3) | loss=0.5875
  [Client 17] Round 31 | Hier-pFedMe(λ2=35.0,K=3) | loss=0.8467
  [Client 16] Round 31 | Hier-pFedMe(λ2=35.0,K=3) | loss=0.2139
  [Client 10] Round 31 | Hier-pFedMe(λ2=35.0,K=3) | loss=0.3895
  [Client 15] Round 31 | Hier-pFedMe(λ2=35.0,K=3) | loss=0.5416
  [Client 14] Round 31 | Hier-pFedMe(λ2=35.0,K=3) | loss=0.5910
  [Client 19] Round 31 | Hier-pFedMe(λ2=35.0,K=3) | loss=0.1728
  [Client 12] Round 31 | Hier-pFedMe(λ2=35.0,K=3) | loss=0.5927
  [Edge 1] G31 | E3 | loss=0.4527
  [Edge 1] G31 | E4 | Hier-pFedMe | Selected 10/10
  [Client 16] Round 31 | Hier-pFedMe(λ2=35.0,K=3) | loss=0.4592  [Client 12] Round 31 | Hier-pFedMe(λ2=35.0,K=3) | loss=0.2786

  [Client 15] Round 31 | Hier-pFedMe(λ2=35.0,K=3) | loss=0.6953
  [Client 14] Round 31 | Hier-pFedMe(λ2=35.0,K=3) | loss=0.4133
  [Client 17] Round 31 | Hier-pFedMe(λ2=35.0,K=3) | loss=0.3360
  [Client 18] Round 31 | Hier-pFedMe(λ2=35.0,K=3) | loss=1.3659
  [Client 11] Round 31 | Hier-pFedMe(λ2=35.0,K=3) | loss=0.1994
  [Client 10] Round 31 | Hier-pFedMe(λ2=35.0,K=3) | loss=0.3800
  [Client 13] Round 31 | Hier-pFedMe(λ2=35.0,K=3) | loss=0.5232
  [Client 19] Round 31 | Hier-pFedMe(λ2=35.0,K=3) | loss=0.1575
  [Edge 1] G31 | E4 | loss=0.4808
  [Edge 1] G31 | E5 | Hier-pFedMe | Selected 10/10
  [Client 12] Round 31 | Hier-pFedMe(λ2=35.0,K=3) | loss=0.5369
  [Client 15] Round 31 | Hier-pFedMe(λ2=35.0,K=3) | loss=0.4662
  [Client 11] Round 31 | Hier-pFedMe(λ2=35.0,K=3) | loss=0.4316
  [Client 14] Round 31 | Hier-pFedMe(λ2=35.0,K=3) | loss=0.2209
  [Client 17] Round 31 | Hier-pFedMe(λ2=35.0,K=3) | loss=0.7799
  [Client 16] Round 31 | Hier-pFedMe(λ2=35.0,K=3) | loss=0.4786
  [Client 18] Round 31 | Hier-pFedMe(λ2=35.0,K=3) | loss=0.7082
  [Client 10] Round 31 | Hier-pFedMe(λ2=35.0,K=3) | loss=0.6022
  [Client 13] Round 31 | Hier-pFedMe(λ2=35.0,K=3) | loss=0.3959
  [Client 19] Round 31 | Hier-pFedMe(λ2=35.0,K=3) | loss=0.1946
  [Edge 1] G31 | E5 | loss=0.4815
[C0] eval model[0] mean=0.000401 | θ̃ mean=0.000401 | edge mean=-0.001053
[C0] n=1000 | classes=[3, 6] | acc=0.5710 | per_class={3: '0.95', 6: '0.18'}
[C1] eval model[0] mean=-0.001727 | θ̃ mean=-0.001727 | edge mean=-0.001053
[C1] n=1000 | classes=[3, 6] | acc=0.5720 | per_class={3: '0.20', 6: '0.97'}
[C2] eval model[0] mean=-0.002202 | θ̃ mean=-0.002202 | edge mean=-0.001053
[C2] n=1000 | classes=[2, 5] | acc=0.5820 | per_class={2: '0.25', 5: '0.92'}
[C3] eval model[0] mean=-0.000734 | θ̃ mean=-0.000734 | edge mean=-0.001053
[C3] n=1000 | classes=[5, 7] | acc=0.5110 | per_class={5: '0.99', 7: '0.02'}
[C4] eval model[0] mean=-0.000769 | θ̃ mean=-0.000769 | edge mean=-0.001053
[C4] n=1000 | classes=[2, 7] | acc=0.6680 | per_class={2: '0.84', 7: '0.49'}
[C5] eval model[0] mean=0.001414 | θ̃ mean=0.001414 | edge mean=-0.001053
[C5] n=1000 | classes=[2, 4] | acc=0.5780 | per_class={2: '0.36', 4: '0.80'}
[C6] eval model[0] mean=-0.000198 | θ̃ mean=-0.000198 | edge mean=-0.001053
[C6] n=1000 | classes=[6, 7] | acc=0.5810 | per_class={6: '0.18', 7: '0.97'}
[C7] eval model[0] mean=-0.001874 | θ̃ mean=-0.001874 | edge mean=-0.001053
[C7] n=1000 | classes=[3, 5] | acc=0.5250 | per_class={3: '0.08', 5: '0.94'}
[C8] eval model[0] mean=-0.001201 | θ̃ mean=-0.001201 | edge mean=-0.001053
[C8] n=500 | classes=[4] | acc=0.9980 | per_class={4: '1.00'}
[C9] eval model[0] mean=-0.001437 | θ̃ mean=-0.001437 | edge mean=-0.001053
[C9] n=500 | classes=[4] | acc=1.0000 | per_class={4: '1.00'}
[C10] eval model[0] mean=-0.002404 | θ̃ mean=-0.002404 | edge mean=-0.002651
[C10] n=600 | classes=[8, 9] | acc=0.8017 | per_class={8: '0.80', 9: '0.81'}
[C11] eval model[0] mean=-0.002618 | θ̃ mean=-0.002618 | edge mean=-0.002651
[C11] n=600 | classes=[0, 1] | acc=0.7250 | per_class={0: '0.73', 1: '0.72'}
[C12] eval model[0] mean=-0.003606 | θ̃ mean=-0.003606 | edge mean=-0.002651
[C12] n=600 | classes=[1, 8] | acc=0.7433 | per_class={1: '0.66', 8: '0.84'}
[C13] eval model[0] mean=-0.001819 | θ̃ mean=-0.001819 | edge mean=-0.002651
[C13] n=600 | classes=[0, 8] | acc=0.5783 | per_class={0: '0.87', 8: '0.26'}
[C14] eval model[0] mean=-0.002150 | θ̃ mean=-0.002150 | edge mean=-0.002651
[C14] n=600 | classes=[0, 9] | acc=0.7867 | per_class={0: '0.70', 9: '0.88'}
[C15] eval model[0] mean=-0.002142 | θ̃ mean=-0.002142 | edge mean=-0.002651
[C15] n=600 | classes=[0, 8] | acc=0.7167 | per_class={0: '0.64', 8: '0.80'}
[C16] eval model[0] mean=-0.002079 | θ̃ mean=-0.002079 | edge mean=-0.002651
[C16] n=600 | classes=[1, 8] | acc=0.5333 | per_class={1: '0.04', 8: '1.00'}
[C17] eval model[0] mean=-0.002286 | θ̃ mean=-0.002286 | edge mean=-0.002651
[C17] n=600 | classes=[1, 9] | acc=0.4767 | per_class={1: '0.99', 9: '0.00'}
[C18] eval model[0] mean=-0.000663 | θ̃ mean=-0.000663 | edge mean=-0.002651
[C18] n=600 | classes=[1, 9] | acc=0.4483 | per_class={1: '0.01', 9: '0.93'}
[C19] eval model[0] mean=-0.002330 | θ̃ mean=-0.002330 | edge mean=-0.002651
[C19] n=600 | classes=[0, 9] | acc=0.7533 | per_class={0: '0.69', 9: '0.81'}
  [Cloud] GM=0.3334 | EM=0.3720 PM=0.6350 | loss=1.8964 | time=17.2s | comm=2501.9MB (total=77558MB)

[Round  32] Broadcasting to 2 edges...
  [Edge 0] G32 | E1 | Hier-pFedMe | Selected 10/10
  [Client  1] Round 32 | Hier-pFedMe(λ2=35.0,K=3) | loss=1.5570
  [Client  4] Round 32 | Hier-pFedMe(λ2=35.0,K=3) | loss=0.6059
  [Client  7] Round 32 | Hier-pFedMe(λ2=35.0,K=3) | loss=1.8995
  [Client  0] Round 32 | Hier-pFedMe(λ2=35.0,K=3) | loss=1.0486
  [Client  6] Round 32 | Hier-pFedMe(λ2=35.0,K=3) | loss=0.3652
  [Client  9] Round 32 | Hier-pFedMe(λ2=35.0,K=3) | loss=0.0095
  [Client  2] Round 32 | Hier-pFedMe(λ2=35.0,K=3) | loss=0.5196
  [Client  3] Round 32 | Hier-pFedMe(λ2=35.0,K=3) | loss=0.5182
  [Client  8] Round 32 | Hier-pFedMe(λ2=35.0,K=3) | loss=0.0336
  [Client  5] Round 32 | Hier-pFedMe(λ2=35.0,K=3) | loss=0.5477
  [Edge 0] G32 | E1 | loss=0.7870
  [Edge 0] G32 | E2 | Hier-pFedMe | Selected 10/10
  [Client  9] Round 32 | Hier-pFedMe(λ2=35.0,K=3) | loss=0.0241
  [Client  8] Round 32 | Hier-pFedMe(λ2=35.0,K=3) | loss=0.0050
  [Client  1] Round 32 | Hier-pFedMe(λ2=35.0,K=3) | loss=0.6735
  [Client  0] Round 32 | Hier-pFedMe(λ2=35.0,K=3) | loss=0.3729
  [Client  5] Round 32 | Hier-pFedMe(λ2=35.0,K=3) | loss=0.4273
  [Client  4] Round 32 | Hier-pFedMe(λ2=35.0,K=3) | loss=0.4024
  [Client  2] Round 32 | Hier-pFedMe(λ2=35.0,K=3) | loss=0.4689
  [Client  3] Round 32 | Hier-pFedMe(λ2=35.0,K=3) | loss=0.8311
  [Client  7] Round 32 | Hier-pFedMe(λ2=35.0,K=3) | loss=0.9792
  [Client  6] Round 32 | Hier-pFedMe(λ2=35.0,K=3) | loss=0.6033
  [Edge 0] G32 | E2 | loss=0.5303
  [Edge 0] G32 | E3 | Hier-pFedMe | Selected 10/10
  [Client  3] Round 32 | Hier-pFedMe(λ2=35.0,K=3) | loss=1.0939
  [Client  0] Round 32 | Hier-pFedMe(λ2=35.0,K=3) | loss=1.2079
  [Client  6] Round 32 | Hier-pFedMe(λ2=35.0,K=3) | loss=0.8921
  [Client  9] Round 32 | Hier-pFedMe(λ2=35.0,K=3) | loss=0.0086
  [Client  2] Round 32 | Hier-pFedMe(λ2=35.0,K=3) | loss=0.5259
  [Client  7] Round 32 | Hier-pFedMe(λ2=35.0,K=3) | loss=2.6683
  [Client  8] Round 32 | Hier-pFedMe(λ2=35.0,K=3) | loss=0.0190
  [Client  1] Round 32 | Hier-pFedMe(λ2=35.0,K=3) | loss=0.6140
  [Client  5] Round 32 | Hier-pFedMe(λ2=35.0,K=3) | loss=0.6494
  [Client  4] Round 32 | Hier-pFedMe(λ2=35.0,K=3) | loss=0.5454
  [Edge 0] G32 | E3 | loss=0.9123
  [Edge 0] G32 | E4 | Hier-pFedMe | Selected 10/10
  [Client  9] Round 32 | Hier-pFedMe(λ2=35.0,K=3) | loss=0.0052
  [Client  4] Round 32 | Hier-pFedMe(λ2=35.0,K=3) | loss=0.6532
  [Client  7] Round 32 | Hier-pFedMe(λ2=35.0,K=3) | loss=0.7844
  [Client  0] Round 32 | Hier-pFedMe(λ2=35.0,K=3) | loss=0.6942
  [Client  6] Round 32 | Hier-pFedMe(λ2=35.0,K=3) | loss=0.7385
  [Client  1] Round 32 | Hier-pFedMe(λ2=35.0,K=3) | loss=0.6581
  [Client  5] Round 32 | Hier-pFedMe(λ2=35.0,K=3) | loss=0.6061
  [Client  8] Round 32 | Hier-pFedMe(λ2=35.0,K=3) | loss=0.0152
  [Client  3] Round 32 | Hier-pFedMe(λ2=35.0,K=3) | loss=0.5027
  [Client  2] Round 32 | Hier-pFedMe(λ2=35.0,K=3) | loss=0.4587
  [Edge 0] G32 | E4 | loss=0.5673
  [Edge 0] G32 | E5 | Hier-pFedMe | Selected 10/10
  [Client  7] Round 32 | Hier-pFedMe(λ2=35.0,K=3) | loss=2.2672
  [Client  3] Round 32 | Hier-pFedMe(λ2=35.0,K=3) | loss=0.6295
  [Client  2] Round 32 | Hier-pFedMe(λ2=35.0,K=3) | loss=0.3518
  [Client  6] Round 32 | Hier-pFedMe(λ2=35.0,K=3) | loss=1.0705
  [Client  0] Round 32 | Hier-pFedMe(λ2=35.0,K=3) | loss=0.9401
  [Client  9] Round 32 | Hier-pFedMe(λ2=35.0,K=3) | loss=0.0114
  [Client  5] Round 32 | Hier-pFedMe(λ2=35.0,K=3) | loss=0.7567
  [Client  8] Round 32 | Hier-pFedMe(λ2=35.0,K=3) | loss=0.0223
  [Client  4] Round 32 | Hier-pFedMe(λ2=35.0,K=3) | loss=0.7891
  [Client  1] Round 32 | Hier-pFedMe(λ2=35.0,K=3) | loss=0.9192
  [Edge 0] G32 | E5 | loss=0.8601
  [Edge 1] G32 | E1 | Hier-pFedMe | Selected 10/10
  [Client 17] Round 32 | Hier-pFedMe(λ2=35.0,K=3) | loss=0.7588
  [Client 12] Round 32 | Hier-pFedMe(λ2=35.0,K=3) | loss=0.3061
  [Client 15] Round 32 | Hier-pFedMe(λ2=35.0,K=3) | loss=1.0156
  [Client 10] Round 32 | Hier-pFedMe(λ2=35.0,K=3) | loss=0.7022
  [Client 14] Round 32 | Hier-pFedMe(λ2=35.0,K=3) | loss=0.4296
  [Client 13] Round 32 | Hier-pFedMe(λ2=35.0,K=3) | loss=0.7109
  [Client 19] Round 32 | Hier-pFedMe(λ2=35.0,K=3) | loss=0.3262
  [Client 18] Round 32 | Hier-pFedMe(λ2=35.0,K=3) | loss=1.7874
  [Client 16] Round 32 | Hier-pFedMe(λ2=35.0,K=3) | loss=0.3612
  [Client 11] Round 32 | Hier-pFedMe(λ2=35.0,K=3) | loss=0.5004
  [Edge 1] G32 | E1 | loss=0.6898
  [Edge 1] G32 | E2 | Hier-pFedMe | Selected 10/10
  [Client 19] Round 32 | Hier-pFedMe(λ2=35.0,K=3) | loss=0.3351
  [Client 12] Round 32 | Hier-pFedMe(λ2=35.0,K=3) | loss=0.1820
  [Client 18] Round 32 | Hier-pFedMe(λ2=35.0,K=3) | loss=0.6164
  [Client 14] Round 32 | Hier-pFedMe(λ2=35.0,K=3) | loss=0.3266
  [Client 16] Round 32 | Hier-pFedMe(λ2=35.0,K=3) | loss=0.2851
  [Client 11] Round 32 | Hier-pFedMe(λ2=35.0,K=3) | loss=0.4894
  [Client 15] Round 32 | Hier-pFedMe(λ2=35.0,K=3) | loss=0.5090
  [Client 17] Round 32 | Hier-pFedMe(λ2=35.0,K=3) | loss=0.5349
  [Client 13] Round 32 | Hier-pFedMe(λ2=35.0,K=3) | loss=0.5905
  [Client 10] Round 32 | Hier-pFedMe(λ2=35.0,K=3) | loss=0.4432
  [Edge 1] G32 | E2 | loss=0.4312
  [Edge 1] G32 | E3 | Hier-pFedMe | Selected 10/10
  [Client 18] Round 32 | Hier-pFedMe(λ2=35.0,K=3) | loss=1.5290
  [Client 19] Round 32 | Hier-pFedMe(λ2=35.0,K=3) | loss=0.8929
  [Client 14] Round 32 | Hier-pFedMe(λ2=35.0,K=3) | loss=0.1312
  [Client 16] Round 32 | Hier-pFedMe(λ2=35.0,K=3) | loss=0.8367
  [Client 17] Round 32 | Hier-pFedMe(λ2=35.0,K=3) | loss=0.9607
  [Client 12] Round 32 | Hier-pFedMe(λ2=35.0,K=3) | loss=0.2788
  [Client 13] Round 32 | Hier-pFedMe(λ2=35.0,K=3) | loss=0.8837
  [Client 15] Round 32 | Hier-pFedMe(λ2=35.0,K=3) | loss=0.5046
  [Client 11] Round 32 | Hier-pFedMe(λ2=35.0,K=3) | loss=0.6332
  [Client 10] Round 32 | Hier-pFedMe(λ2=35.0,K=3) | loss=0.5111
  [Edge 1] G32 | E3 | loss=0.7162
  [Edge 1] G32 | E4 | Hier-pFedMe | Selected 10/10
  [Client 11] Round 32 | Hier-pFedMe(λ2=35.0,K=3) | loss=0.5192
  [Client 14] Round 32 | Hier-pFedMe(λ2=35.0,K=3) | loss=0.5266
  [Client 13] Round 32 | Hier-pFedMe(λ2=35.0,K=3) | loss=0.9680
  [Client 10] Round 32 | Hier-pFedMe(λ2=35.0,K=3) | loss=0.2141
  [Client 12] Round 32 | Hier-pFedMe(λ2=35.0,K=3) | loss=0.3081
  [Client 18] Round 32 | Hier-pFedMe(λ2=35.0,K=3) | loss=0.9799
  [Client 15] Round 32 | Hier-pFedMe(λ2=35.0,K=3) | loss=0.5137
  [Client 19] Round 32 | Hier-pFedMe(λ2=35.0,K=3) | loss=0.3034
  [Client 16] Round 32 | Hier-pFedMe(λ2=35.0,K=3) | loss=0.6195
  [Client 17] Round 32 | Hier-pFedMe(λ2=35.0,K=3) | loss=0.8086
  [Edge 1] G32 | E4 | loss=0.5761
  [Edge 1] G32 | E5 | Hier-pFedMe | Selected 10/10
  [Client 12] Round 32 | Hier-pFedMe(λ2=35.0,K=3) | loss=0.3194
  [Client 10] Round 32 | Hier-pFedMe(λ2=35.0,K=3) | loss=0.4595
  [Client 11] Round 32 | Hier-pFedMe(λ2=35.0,K=3) | loss=0.2754
  [Client 16] Round 32 | Hier-pFedMe(λ2=35.0,K=3) | loss=0.1705
  [Client 14] Round 32 | Hier-pFedMe(λ2=35.0,K=3) | loss=0.3212
  [Client 15] Round 32 | Hier-pFedMe(λ2=35.0,K=3) | loss=0.9001
  [Client 19] Round 32 | Hier-pFedMe(λ2=35.0,K=3) | loss=0.3263
  [Client 18] Round 32 | Hier-pFedMe(λ2=35.0,K=3) | loss=2.2117
  [Client 13] Round 32 | Hier-pFedMe(λ2=35.0,K=3) | loss=1.0506
  [Client 17] Round 32 | Hier-pFedMe(λ2=35.0,K=3) | loss=0.8018
  [Edge 1] G32 | E5 | loss=0.6837
[C0] eval model[0] mean=-0.000265 | θ̃ mean=-0.000265 | edge mean=-0.001413
[C0] n=1000 | classes=[3, 6] | acc=0.6290 | per_class={3: '0.69', 6: '0.57'}
[C1] eval model[0] mean=-0.000747 | θ̃ mean=-0.000747 | edge mean=-0.001413
[C1] n=1000 | classes=[3, 6] | acc=0.6380 | per_class={3: '0.40', 6: '0.89'}
[C2] eval model[0] mean=-0.003954 | θ̃ mean=-0.003954 | edge mean=-0.001413
[C2] n=1000 | classes=[2, 5] | acc=0.5480 | per_class={2: '0.87', 5: '0.22'}
[C3] eval model[0] mean=-0.002010 | θ̃ mean=-0.002010 | edge mean=-0.001413
[C3] n=1000 | classes=[5, 7] | acc=0.5160 | per_class={5: '0.99', 7: '0.03'}
[C4] eval model[0] mean=-0.001300 | θ̃ mean=-0.001300 | edge mean=-0.001413
[C4] n=1000 | classes=[2, 7] | acc=0.5480 | per_class={2: '0.98', 7: '0.10'}
[C5] eval model[0] mean=-0.000216 | θ̃ mean=-0.000216 | edge mean=-0.001413
[C5] n=1000 | classes=[2, 4] | acc=0.5210 | per_class={2: '0.85', 4: '0.17'}
[C6] eval model[0] mean=-0.001038 | θ̃ mean=-0.001038 | edge mean=-0.001413
[C6] n=1000 | classes=[6, 7] | acc=0.6590 | per_class={6: '0.37', 7: '0.94'}
[C7] eval model[0] mean=-0.000470 | θ̃ mean=-0.000470 | edge mean=-0.001413
[C7] n=1000 | classes=[3, 5] | acc=0.5110 | per_class={3: '0.01', 5: '0.98'}
[C8] eval model[0] mean=-0.001302 | θ̃ mean=-0.001302 | edge mean=-0.001413
[C8] n=500 | classes=[4] | acc=0.9960 | per_class={4: '1.00'}
[C9] eval model[0] mean=-0.001622 | θ̃ mean=-0.001622 | edge mean=-0.001413
[C9] n=500 | classes=[4] | acc=0.9800 | per_class={4: '0.98'}
[C10] eval model[0] mean=-0.003506 | θ̃ mean=-0.003506 | edge mean=-0.002421
[C10] n=600 | classes=[8, 9] | acc=0.6833 | per_class={8: '0.95', 9: '0.43'}
[C11] eval model[0] mean=-0.001863 | θ̃ mean=-0.001863 | edge mean=-0.002421
[C11] n=600 | classes=[0, 1] | acc=0.7650 | per_class={0: '0.72', 1: '0.81'}
[C12] eval model[0] mean=-0.002245 | θ̃ mean=-0.002245 | edge mean=-0.002421
[C12] n=600 | classes=[1, 8] | acc=0.7650 | per_class={1: '0.88', 8: '0.64'}
[C13] eval model[0] mean=-0.005784 | θ̃ mean=-0.005784 | edge mean=-0.002421
[C13] n=600 | classes=[0, 8] | acc=0.4667 | per_class={0: '0.00', 8: '0.97'}
[C14] eval model[0] mean=-0.001594 | θ̃ mean=-0.001594 | edge mean=-0.002421
[C14] n=600 | classes=[0, 9] | acc=0.7900 | per_class={0: '0.84', 9: '0.74'}
[C15] eval model[0] mean=-0.003240 | θ̃ mean=-0.003240 | edge mean=-0.002421
[C15] n=600 | classes=[0, 8] | acc=0.5600 | per_class={0: '0.90', 8: '0.20'}
[C16] eval model[0] mean=-0.002782 | θ̃ mean=-0.002782 | edge mean=-0.002421
[C16] n=600 | classes=[1, 8] | acc=0.7817 | per_class={1: '0.82', 8: '0.74'}
[C17] eval model[0] mean=-0.002650 | θ̃ mean=-0.002650 | edge mean=-0.002421
[C17] n=600 | classes=[1, 9] | acc=0.6500 | per_class={1: '0.43', 9: '0.85'}
[C18] eval model[0] mean=-0.002407 | θ̃ mean=-0.002407 | edge mean=-0.002421
[C18] n=600 | classes=[1, 9] | acc=0.5200 | per_class={1: '0.97', 9: '0.02'}
[C19] eval model[0] mean=-0.002500 | θ̃ mean=-0.002500 | edge mean=-0.002421
[C19] n=600 | classes=[0, 9] | acc=0.7850 | per_class={0: '0.68', 9: '0.88'}
  [Cloud] GM=0.3410 | EM=0.3730 PM=0.6412 | loss=1.8914 | time=16.9s | comm=2501.9MB (total=80060MB)

[Round  33] Broadcasting to 2 edges...
  [Edge 0] G33 | E1 | Hier-pFedMe | Selected 10/10
  [Client  1] Round 33 | Hier-pFedMe(λ2=35.0,K=3) | loss=0.6638
  [Client  8] Round 33 | Hier-pFedMe(λ2=35.0,K=3) | loss=0.0050
  [Client  7] Round 33 | Hier-pFedMe(λ2=35.0,K=3) | loss=1.0304
  [Client  4] Round 33 | Hier-pFedMe(λ2=35.0,K=3) | loss=0.4860
  [Client  6] Round 33 | Hier-pFedMe(λ2=35.0,K=3) | loss=0.5319
  [Client  2] Round 33 | Hier-pFedMe(λ2=35.0,K=3) | loss=0.7345
  [Client  5] Round 33 | Hier-pFedMe(λ2=35.0,K=3) | loss=0.4690
  [Client  0] Round 33 | Hier-pFedMe(λ2=35.0,K=3) | loss=0.6162
  [Client  9] Round 33 | Hier-pFedMe(λ2=35.0,K=3) | loss=0.0155
  [Client  3] Round 33 | Hier-pFedMe(λ2=35.0,K=3) | loss=0.5926
  [Edge 0] G33 | E1 | loss=0.5705
  [Edge 0] G33 | E2 | Hier-pFedMe | Selected 10/10
  [Client  2] Round 33 | Hier-pFedMe(λ2=35.0,K=3) | loss=0.7069
  [Client  5] Round 33 | Hier-pFedMe(λ2=35.0,K=3) | loss=0.5610
  [Client  3] Round 33 | Hier-pFedMe(λ2=35.0,K=3) | loss=0.6015
  [Client  0] Round 33 | Hier-pFedMe(λ2=35.0,K=3) | loss=0.6125
  [Client  4] Round 33 | Hier-pFedMe(λ2=35.0,K=3) | loss=0.4714
  [Client  1] Round 33 | Hier-pFedMe(λ2=35.0,K=3) | loss=0.6612
  [Client  8] Round 33 | Hier-pFedMe(λ2=35.0,K=3) | loss=0.0270
  [Client  6] Round 33 | Hier-pFedMe(λ2=35.0,K=3) | loss=0.2335
  [Client  7] Round 33 | Hier-pFedMe(λ2=35.0,K=3) | loss=0.9416
  [Client  9] Round 33 | Hier-pFedMe(λ2=35.0,K=3) | loss=0.0104
  [Edge 0] G33 | E2 | loss=0.5342
  [Edge 0] G33 | E3 | Hier-pFedMe | Selected 10/10
  [Client  7] Round 33 | Hier-pFedMe(λ2=35.0,K=3) | loss=0.5656
  [Client  1] Round 33 | Hier-pFedMe(λ2=35.0,K=3) | loss=0.6687
  [Client  6] Round 33 | Hier-pFedMe(λ2=35.0,K=3) | loss=0.6880
  [Client  2] Round 33 | Hier-pFedMe(λ2=35.0,K=3) | loss=0.5293
  [Client  8] Round 33 | Hier-pFedMe(λ2=35.0,K=3) | loss=0.0214
  [Client  4] Round 33 | Hier-pFedMe(λ2=35.0,K=3) | loss=0.4619
  [Client  3] Round 33 | Hier-pFedMe(λ2=35.0,K=3) | loss=0.5364
  [Client  5] Round 33 | Hier-pFedMe(λ2=35.0,K=3) | loss=0.4245
  [Client  0] Round 33 | Hier-pFedMe(λ2=35.0,K=3) | loss=0.6350
  [Client  9] Round 33 | Hier-pFedMe(λ2=35.0,K=3) | loss=0.0135
  [Edge 0] G33 | E3 | loss=0.5030
  [Edge 0] G33 | E4 | Hier-pFedMe | Selected 10/10
  [Client  8] Round 33 | Hier-pFedMe(λ2=35.0,K=3) | loss=0.0352
  [Client  0] Round 33 | Hier-pFedMe(λ2=35.0,K=3) | loss=0.6138
  [Client  9] Round 33 | Hier-pFedMe(λ2=35.0,K=3) | loss=0.0182
  [Client  6] Round 33 | Hier-pFedMe(λ2=35.0,K=3) | loss=0.5240
  [Client  5] Round 33 | Hier-pFedMe(λ2=35.0,K=3) | loss=0.6324
  [Client  3] Round 33 | Hier-pFedMe(λ2=35.0,K=3) | loss=0.3917
  [Client  4] Round 33 | Hier-pFedMe(λ2=35.0,K=3) | loss=0.4010
  [Client  7] Round 33 | Hier-pFedMe(λ2=35.0,K=3) | loss=0.9032
  [Client  1] Round 33 | Hier-pFedMe(λ2=35.0,K=3) | loss=0.5188
  [Client  2] Round 33 | Hier-pFedMe(λ2=35.0,K=3) | loss=0.6207
  [Edge 0] G33 | E4 | loss=0.5147
  [Edge 0] G33 | E5 | Hier-pFedMe | Selected 10/10
  [Client  0] Round 33 | Hier-pFedMe(λ2=35.0,K=3) | loss=0.5738
  [Client  7] Round 33 | Hier-pFedMe(λ2=35.0,K=3) | loss=0.6136
  [Client  1] Round 33 | Hier-pFedMe(λ2=35.0,K=3) | loss=0.4714
  [Client  2] Round 33 | Hier-pFedMe(λ2=35.0,K=3) | loss=0.5381
  [Client  8] Round 33 | Hier-pFedMe(λ2=35.0,K=3) | loss=0.0032
  [Client  5] Round 33 | Hier-pFedMe(λ2=35.0,K=3) | loss=0.5683
  [Client  6] Round 33 | Hier-pFedMe(λ2=35.0,K=3) | loss=0.6935
  [Client  9] Round 33 | Hier-pFedMe(λ2=35.0,K=3) | loss=0.0153
  [Client  3] Round 33 | Hier-pFedMe(λ2=35.0,K=3) | loss=0.5105
  [Client  4] Round 33 | Hier-pFedMe(λ2=35.0,K=3) | loss=0.6989
  [Edge 0] G33 | E5 | loss=0.5197
  [Edge 1] G33 | E1 | Hier-pFedMe | Selected 10/10
  [Client 19] Round 33 | Hier-pFedMe(λ2=35.0,K=3) | loss=0.3426
  [Client 10] Round 33 | Hier-pFedMe(λ2=35.0,K=3) | loss=0.4149
  [Client 17] Round 33 | Hier-pFedMe(λ2=35.0,K=3) | loss=0.3547
  [Client 13] Round 33 | Hier-pFedMe(λ2=35.0,K=3) | loss=0.6742
  [Client 15] Round 33 | Hier-pFedMe(λ2=35.0,K=3) | loss=0.6817
  [Client 12] Round 33 | Hier-pFedMe(λ2=35.0,K=3) | loss=0.6184
  [Client 14] Round 33 | Hier-pFedMe(λ2=35.0,K=3) | loss=0.1948
  [Client 16] Round 33 | Hier-pFedMe(λ2=35.0,K=3) | loss=0.4647
  [Client 11] Round 33 | Hier-pFedMe(λ2=35.0,K=3) | loss=0.3287
  [Client 18] Round 33 | Hier-pFedMe(λ2=35.0,K=3) | loss=0.7046
  [Edge 1] G33 | E1 | loss=0.4779
  [Edge 1] G33 | E2 | Hier-pFedMe | Selected 10/10
  [Client 12] Round 33 | Hier-pFedMe(λ2=35.0,K=3) | loss=0.4100
  [Client 17] Round 33 | Hier-pFedMe(λ2=35.0,K=3) | loss=0.3905
  [Client 13] Round 33 | Hier-pFedMe(λ2=35.0,K=3) | loss=0.8302
  [Client 11] Round 33 | Hier-pFedMe(λ2=35.0,K=3) | loss=0.3215
  [Client 16] Round 33 | Hier-pFedMe(λ2=35.0,K=3) | loss=0.4982
  [Client 14] Round 33 | Hier-pFedMe(λ2=35.0,K=3) | loss=0.5409
  [Client 18] Round 33 | Hier-pFedMe(λ2=35.0,K=3) | loss=2.1479
  [Client 19] Round 33 | Hier-pFedMe(λ2=35.0,K=3) | loss=0.4256
  [Client 10] Round 33 | Hier-pFedMe(λ2=35.0,K=3) | loss=0.5653
  [Client 15] Round 33 | Hier-pFedMe(λ2=35.0,K=3) | loss=0.6051
  [Edge 1] G33 | E2 | loss=0.6735
  [Edge 1] G33 | E3 | Hier-pFedMe | Selected 10/10
  [Client 18] Round 33 | Hier-pFedMe(λ2=35.0,K=3) | loss=0.7095
  [Client 16] Round 33 | Hier-pFedMe(λ2=35.0,K=3) | loss=0.5957
  [Client 10] Round 33 | Hier-pFedMe(λ2=35.0,K=3) | loss=0.9048
  [Client 19] Round 33 | Hier-pFedMe(λ2=35.0,K=3) | loss=0.2999
  [Client 13] Round 33 | Hier-pFedMe(λ2=35.0,K=3) | loss=0.5677
  [Client 17] Round 33 | Hier-pFedMe(λ2=35.0,K=3) | loss=0.6091
  [Client 12] Round 33 | Hier-pFedMe(λ2=35.0,K=3) | loss=0.4325
  [Client 15] Round 33 | Hier-pFedMe(λ2=35.0,K=3) | loss=0.5818
  [Client 14] Round 33 | Hier-pFedMe(λ2=35.0,K=3) | loss=0.2733
  [Client 11] Round 33 | Hier-pFedMe(λ2=35.0,K=3) | loss=0.3777
  [Edge 1] G33 | E3 | loss=0.5352
  [Edge 1] G33 | E4 | Hier-pFedMe | Selected 10/10
  [Client 16] Round 33 | Hier-pFedMe(λ2=35.0,K=3) | loss=0.2510
  [Client 19] Round 33 | Hier-pFedMe(λ2=35.0,K=3) | loss=0.4934
  [Client 17] Round 33 | Hier-pFedMe(λ2=35.0,K=3) | loss=0.5325
  [Client 13] Round 33 | Hier-pFedMe(λ2=35.0,K=3) | loss=0.8016
  [Client 12] Round 33 | Hier-pFedMe(λ2=35.0,K=3) | loss=0.3766
  [Client 15] Round 33 | Hier-pFedMe(λ2=35.0,K=3) | loss=0.5941  [Client 18] Round 33 | Hier-pFedMe(λ2=35.0,K=3) | loss=2.0861

  [Client 11] Round 33 | Hier-pFedMe(λ2=35.0,K=3) | loss=0.1508
  [Client 14] Round 33 | Hier-pFedMe(λ2=35.0,K=3) | loss=0.6801
  [Client 10] Round 33 | Hier-pFedMe(λ2=35.0,K=3) | loss=0.8617
  [Edge 1] G33 | E4 | loss=0.6828
  [Edge 1] G33 | E5 | Hier-pFedMe | Selected 10/10
  [Client 10] Round 33 | Hier-pFedMe(λ2=35.0,K=3) | loss=0.2920
  [Client 15] Round 33 | Hier-pFedMe(λ2=35.0,K=3) | loss=0.5080
  [Client 16] Round 33 | Hier-pFedMe(λ2=35.0,K=3) | loss=0.2027
  [Client 14] Round 33 | Hier-pFedMe(λ2=35.0,K=3) | loss=0.7273
  [Client 12] Round 33 | Hier-pFedMe(λ2=35.0,K=3) | loss=0.6320
  [Client 17] Round 33 | Hier-pFedMe(λ2=35.0,K=3) | loss=0.4657
  [Client 18] Round 33 | Hier-pFedMe(λ2=35.0,K=3) | loss=0.6002
  [Client 13] Round 33 | Hier-pFedMe(λ2=35.0,K=3) | loss=0.6261
  [Client 19] Round 33 | Hier-pFedMe(λ2=35.0,K=3) | loss=0.3026
  [Client 11] Round 33 | Hier-pFedMe(λ2=35.0,K=3) | loss=0.2875
  [Edge 1] G33 | E5 | loss=0.4644
[C0] eval model[0] mean=-0.000982 | θ̃ mean=-0.000982 | edge mean=-0.001299
[C0] n=1000 | classes=[3, 6] | acc=0.6730 | per_class={3: '0.83', 6: '0.51'}
[C1] eval model[0] mean=-0.001098 | θ̃ mean=-0.001098 | edge mean=-0.001299
[C1] n=1000 | classes=[3, 6] | acc=0.6380 | per_class={3: '0.91', 6: '0.34'}
[C2] eval model[0] mean=-0.000905 | θ̃ mean=-0.000905 | edge mean=-0.001299
[C2] n=1000 | classes=[2, 5] | acc=0.5480 | per_class={2: '0.15', 5: '0.96'}
[C3] eval model[0] mean=-0.001386 | θ̃ mean=-0.001386 | edge mean=-0.001299
[C3] n=1000 | classes=[5, 7] | acc=0.6820 | per_class={5: '0.63', 7: '0.73'}
[C4] eval model[0] mean=-0.001293 | θ̃ mean=-0.001293 | edge mean=-0.001299
[C4] n=1000 | classes=[2, 7] | acc=0.6790 | per_class={2: '0.48', 7: '0.88'}
[C5] eval model[0] mean=-0.001188 | θ̃ mean=-0.001188 | edge mean=-0.001299
[C5] n=1000 | classes=[2, 4] | acc=0.4990 | per_class={2: '0.04', 4: '0.98'}
[C6] eval model[0] mean=-0.001746 | θ̃ mean=-0.001746 | edge mean=-0.001299
[C6] n=1000 | classes=[6, 7] | acc=0.5050 | per_class={6: '0.00', 7: '1.00'}
[C7] eval model[0] mean=-0.000750 | θ̃ mean=-0.000750 | edge mean=-0.001299
[C7] n=1000 | classes=[3, 5] | acc=0.5180 | per_class={3: '0.88', 5: '0.18'}
[C8] eval model[0] mean=-0.001028 | θ̃ mean=-0.001028 | edge mean=-0.001299
[C8] n=500 | classes=[4] | acc=0.9960 | per_class={4: '1.00'}
[C9] eval model[0] mean=-0.001629 | θ̃ mean=-0.001629 | edge mean=-0.001299
[C9] n=500 | classes=[4] | acc=1.0000 | per_class={4: '1.00'}
[C10] eval model[0] mean=-0.003143 | θ̃ mean=-0.003143 | edge mean=-0.002692
[C10] n=600 | classes=[8, 9] | acc=0.7750 | per_class={8: '0.86', 9: '0.70'}
[C11] eval model[0] mean=-0.003896 | θ̃ mean=-0.003896 | edge mean=-0.002692
[C11] n=600 | classes=[0, 1] | acc=0.7033 | per_class={0: '0.83', 1: '0.57'}
[C12] eval model[0] mean=-0.002690 | θ̃ mean=-0.002690 | edge mean=-0.002692
[C12] n=600 | classes=[1, 8] | acc=0.7600 | per_class={1: '0.67', 8: '0.86'}
[C13] eval model[0] mean=-0.001315 | θ̃ mean=-0.001315 | edge mean=-0.002692
[C13] n=600 | classes=[0, 8] | acc=0.6817 | per_class={0: '0.78', 8: '0.57'}
[C14] eval model[0] mean=-0.003576 | θ̃ mean=-0.003576 | edge mean=-0.002692
[C14] n=600 | classes=[0, 9] | acc=0.7433 | per_class={0: '0.54', 9: '0.95'}
[C15] eval model[0] mean=-0.001838 | θ̃ mean=-0.001838 | edge mean=-0.002692
[C15] n=600 | classes=[0, 8] | acc=0.6783 | per_class={0: '0.72', 8: '0.63'}
[C16] eval model[0] mean=-0.003127 | θ̃ mean=-0.003127 | edge mean=-0.002692
[C16] n=600 | classes=[1, 8] | acc=0.6800 | per_class={1: '0.38', 8: '0.96'}
[C17] eval model[0] mean=-0.003296 | θ̃ mean=-0.003296 | edge mean=-0.002692
[C17] n=600 | classes=[1, 9] | acc=0.6633 | per_class={1: '0.66', 9: '0.67'}
[C18] eval model[0] mean=-0.005163 | θ̃ mean=-0.005163 | edge mean=-0.002692
[C18] n=600 | classes=[1, 9] | acc=0.5200 | per_class={1: '0.99', 9: '0.00'}
[C19] eval model[0] mean=-0.002321 | θ̃ mean=-0.002321 | edge mean=-0.002692
[C19] n=600 | classes=[0, 9] | acc=0.7483 | per_class={0: '0.70', 9: '0.79'}
  [Cloud] GM=0.3458 | EM=0.3835 PM=0.6608 | loss=1.8817 | time=16.9s | comm=2501.9MB (total=82562MB)

[Round  34] Broadcasting to 2 edges...
  [Edge 0] G34 | E1 | Hier-pFedMe | Selected 10/10
  [Client  3] Round 34 | Hier-pFedMe(λ2=35.0,K=3) | loss=0.4110
  [Client  2] Round 34 | Hier-pFedMe(λ2=35.0,K=3) | loss=0.5770
  [Client  8] Round 34 | Hier-pFedMe(λ2=35.0,K=3) | loss=0.0350
  [Client  9] Round 34 | Hier-pFedMe(λ2=35.0,K=3) | loss=0.0228
  [Client  5] Round 34 | Hier-pFedMe(λ2=35.0,K=3) | loss=0.5286
  [Client  7] Round 34 | Hier-pFedMe(λ2=35.0,K=3) | loss=0.5583
  [Client  6] Round 34 | Hier-pFedMe(λ2=35.0,K=3) | loss=0.3480
  [Client  4] Round 34 | Hier-pFedMe(λ2=35.0,K=3) | loss=0.5896
  [Client  0] Round 34 | Hier-pFedMe(λ2=35.0,K=3) | loss=0.5790
  [Client  1] Round 34 | Hier-pFedMe(λ2=35.0,K=3) | loss=0.5295
  [Edge 0] G34 | E1 | loss=0.4611
  [Edge 0] G34 | E2 | Hier-pFedMe | Selected 10/10
  [Client  3] Round 34 | Hier-pFedMe(λ2=35.0,K=3) | loss=0.2674
  [Client  5] Round 34 | Hier-pFedMe(λ2=35.0,K=3) | loss=0.7164
  [Client  9] Round 34 | Hier-pFedMe(λ2=35.0,K=3) | loss=0.0047
  [Client  2] Round 34 | Hier-pFedMe(λ2=35.0,K=3) | loss=0.3820
  [Client  8] Round 34 | Hier-pFedMe(λ2=35.0,K=3) | loss=0.0016
  [Client  1] Round 34 | Hier-pFedMe(λ2=35.0,K=3) | loss=0.4155
  [Client  7] Round 34 | Hier-pFedMe(λ2=35.0,K=3) | loss=0.9346
  [Client  0] Round 34 | Hier-pFedMe(λ2=35.0,K=3) | loss=0.5708
  [Client  6] Round 34 | Hier-pFedMe(λ2=35.0,K=3) | loss=0.4690
  [Client  4] Round 34 | Hier-pFedMe(λ2=35.0,K=3) | loss=0.4718
  [Edge 0] G34 | E2 | loss=0.4701
  [Edge 0] G34 | E3 | Hier-pFedMe | Selected 10/10
  [Client  2] Round 34 | Hier-pFedMe(λ2=35.0,K=3) | loss=0.3836
  [Client  5] Round 34 | Hier-pFedMe(λ2=35.0,K=3) | loss=1.0080
  [Client  3] Round 34 | Hier-pFedMe(λ2=35.0,K=3) | loss=0.4866
  [Client  6] Round 34 | Hier-pFedMe(λ2=35.0,K=3) | loss=0.4035
  [Client  8] Round 34 | Hier-pFedMe(λ2=35.0,K=3) | loss=0.0274
  [Client  7] Round 34 | Hier-pFedMe(λ2=35.0,K=3) | loss=0.6088
  [Client  0] Round 34 | Hier-pFedMe(λ2=35.0,K=3) | loss=0.4836
  [Client  1] Round 34 | Hier-pFedMe(λ2=35.0,K=3) | loss=0.8905
  [Client  4] Round 34 | Hier-pFedMe(λ2=35.0,K=3) | loss=0.8636
  [Client  9] Round 34 | Hier-pFedMe(λ2=35.0,K=3) | loss=0.0290
  [Edge 0] G34 | E3 | loss=0.5729
  [Edge 0] G34 | E4 | Hier-pFedMe | Selected 10/10
  [Client  3] Round 34 | Hier-pFedMe(λ2=35.0,K=3) | loss=0.4080
  [Client  0] Round 34 | Hier-pFedMe(λ2=35.0,K=3) | loss=0.2966
  [Client  9] Round 34 | Hier-pFedMe(λ2=35.0,K=3) | loss=0.0047
  [Client  6] Round 34 | Hier-pFedMe(λ2=35.0,K=3) | loss=0.4802
  [Client  4] Round 34 | Hier-pFedMe(λ2=35.0,K=3) | loss=0.7792
  [Client  8] Round 34 | Hier-pFedMe(λ2=35.0,K=3) | loss=0.0037
  [Client  5] Round 34 | Hier-pFedMe(λ2=35.0,K=3) | loss=0.5850
  [Client  1] Round 34 | Hier-pFedMe(λ2=35.0,K=3) | loss=0.7044
  [Client  2] Round 34 | Hier-pFedMe(λ2=35.0,K=3) | loss=0.2874
  [Client  7] Round 34 | Hier-pFedMe(λ2=35.0,K=3) | loss=0.8286
  [Edge 0] G34 | E4 | loss=0.4860
  [Edge 0] G34 | E5 | Hier-pFedMe | Selected 10/10
  [Client  7] Round 34 | Hier-pFedMe(λ2=35.0,K=3) | loss=0.7734  [Client  0] Round 34 | Hier-pFedMe(λ2=35.0,K=3) | loss=0.5991

  [Client  8] Round 34 | Hier-pFedMe(λ2=35.0,K=3) | loss=0.0158
  [Client  6] Round 34 | Hier-pFedMe(λ2=35.0,K=3) | loss=0.6133
  [Client  4] Round 34 | Hier-pFedMe(λ2=35.0,K=3) | loss=0.4525
  [Client  1] Round 34 | Hier-pFedMe(λ2=35.0,K=3) | loss=0.4708
  [Client  3] Round 34 | Hier-pFedMe(λ2=35.0,K=3) | loss=0.6461
  [Client  9] Round 34 | Hier-pFedMe(λ2=35.0,K=3) | loss=0.0112
  [Client  2] Round 34 | Hier-pFedMe(λ2=35.0,K=3) | loss=0.3743
  [Client  5] Round 34 | Hier-pFedMe(λ2=35.0,K=3) | loss=1.2911
  [Edge 0] G34 | E5 | loss=0.5816
  [Edge 1] G34 | E1 | Hier-pFedMe | Selected 10/10
  [Client 14] Round 34 | Hier-pFedMe(λ2=35.0,K=3) | loss=0.2380
  [Client 18] Round 34 | Hier-pFedMe(λ2=35.0,K=3) | loss=0.4631
  [Client 16] Round 34 | Hier-pFedMe(λ2=35.0,K=3) | loss=0.4185
  [Client 10] Round 34 | Hier-pFedMe(λ2=35.0,K=3) | loss=0.2536
  [Client 12] Round 34 | Hier-pFedMe(λ2=35.0,K=3) | loss=0.4243  [Client 17] Round 34 | Hier-pFedMe(λ2=35.0,K=3) | loss=0.3545

  [Client 19] Round 34 | Hier-pFedMe(λ2=35.0,K=3) | loss=0.3935
  [Client 15] Round 34 | Hier-pFedMe(λ2=35.0,K=3) | loss=0.3929
  [Client 13] Round 34 | Hier-pFedMe(λ2=35.0,K=3) | loss=1.6214
  [Client 11] Round 34 | Hier-pFedMe(λ2=35.0,K=3) | loss=0.2478
  [Edge 1] G34 | E1 | loss=0.4808
  [Edge 1] G34 | E2 | Hier-pFedMe | Selected 10/10
  [Client 17] Round 34 | Hier-pFedMe(λ2=35.0,K=3) | loss=0.4056
  [Client 16] Round 34 | Hier-pFedMe(λ2=35.0,K=3) | loss=0.5383
  [Client 14] Round 34 | Hier-pFedMe(λ2=35.0,K=3) | loss=0.4879
  [Client 10] Round 34 | Hier-pFedMe(λ2=35.0,K=3) | loss=0.9096
  [Client 13] Round 34 | Hier-pFedMe(λ2=35.0,K=3) | loss=0.6804
  [Client 11] Round 34 | Hier-pFedMe(λ2=35.0,K=3) | loss=0.2796
  [Client 19] Round 34 | Hier-pFedMe(λ2=35.0,K=3) | loss=0.3475
  [Client 18] Round 34 | Hier-pFedMe(λ2=35.0,K=3) | loss=0.8288
  [Client 12] Round 34 | Hier-pFedMe(λ2=35.0,K=3) | loss=0.4755
  [Client 15] Round 34 | Hier-pFedMe(λ2=35.0,K=3) | loss=0.8043
  [Edge 1] G34 | E2 | loss=0.5757
  [Edge 1] G34 | E3 | Hier-pFedMe | Selected 10/10
  [Client 13] Round 34 | Hier-pFedMe(λ2=35.0,K=3) | loss=2.0457
  [Client 10] Round 34 | Hier-pFedMe(λ2=35.0,K=3) | loss=0.1625
  [Client 17] Round 34 | Hier-pFedMe(λ2=35.0,K=3) | loss=0.5150
  [Client 12] Round 34 | Hier-pFedMe(λ2=35.0,K=3) | loss=0.2652
  [Client 16] Round 34 | Hier-pFedMe(λ2=35.0,K=3) | loss=0.2990
  [Client 11] Round 34 | Hier-pFedMe(λ2=35.0,K=3) | loss=0.2757
  [Client 14] Round 34 | Hier-pFedMe(λ2=35.0,K=3) | loss=0.4531
  [Client 15] Round 34 | Hier-pFedMe(λ2=35.0,K=3) | loss=0.8061
  [Client 18] Round 34 | Hier-pFedMe(λ2=35.0,K=3) | loss=1.3080
  [Client 19] Round 34 | Hier-pFedMe(λ2=35.0,K=3) | loss=0.3197
  [Edge 1] G34 | E3 | loss=0.6450
  [Edge 1] G34 | E4 | Hier-pFedMe | Selected 10/10
  [Client 15] Round 34 | Hier-pFedMe(λ2=35.0,K=3) | loss=0.5881
  [Client 11] Round 34 | Hier-pFedMe(λ2=35.0,K=3) | loss=0.4049
  [Client 14] Round 34 | Hier-pFedMe(λ2=35.0,K=3) | loss=0.4843
  [Client 18] Round 34 | Hier-pFedMe(λ2=35.0,K=3) | loss=0.6653
  [Client 10] Round 34 | Hier-pFedMe(λ2=35.0,K=3) | loss=0.4920
  [Client 13] Round 34 | Hier-pFedMe(λ2=35.0,K=3) | loss=0.6650
  [Client 17] Round 34 | Hier-pFedMe(λ2=35.0,K=3) | loss=0.6026
  [Client 16] Round 34 | Hier-pFedMe(λ2=35.0,K=3) | loss=0.2816
  [Client 19] Round 34 | Hier-pFedMe(λ2=35.0,K=3) | loss=0.1369
  [Client 12] Round 34 | Hier-pFedMe(λ2=35.0,K=3) | loss=0.4562
  [Edge 1] G34 | E4 | loss=0.4777
  [Edge 1] G34 | E5 | Hier-pFedMe | Selected 10/10
  [Client 11] Round 34 | Hier-pFedMe(λ2=35.0,K=3) | loss=0.2646
  [Client 10] Round 34 | Hier-pFedMe(λ2=35.0,K=3) | loss=0.3059
  [Client 14] Round 34 | Hier-pFedMe(λ2=35.0,K=3) | loss=0.1811
  [Client 17] Round 34 | Hier-pFedMe(λ2=35.0,K=3) | loss=0.4212
  [Client 12] Round 34 | Hier-pFedMe(λ2=35.0,K=3) | loss=0.3325
  [Client 15] Round 34 | Hier-pFedMe(λ2=35.0,K=3) | loss=0.5518  [Client 18] Round 34 | Hier-pFedMe(λ2=35.0,K=3) | loss=1.0545

  [Client 16] Round 34 | Hier-pFedMe(λ2=35.0,K=3) | loss=0.3386
  [Client 19] Round 34 | Hier-pFedMe(λ2=35.0,K=3) | loss=0.5319
  [Client 13] Round 34 | Hier-pFedMe(λ2=35.0,K=3) | loss=0.5755
  [Edge 1] G34 | E5 | loss=0.4558
[C0] eval model[0] mean=-0.001487 | θ̃ mean=-0.001487 | edge mean=-0.001824
[C0] n=1000 | classes=[3, 6] | acc=0.5960 | per_class={3: '0.29', 6: '0.91'}
[C1] eval model[0] mean=-0.000339 | θ̃ mean=-0.000339 | edge mean=-0.001824
[C1] n=1000 | classes=[3, 6] | acc=0.6860 | per_class={3: '0.68', 6: '0.69'}
[C2] eval model[0] mean=-0.001044 | θ̃ mean=-0.001044 | edge mean=-0.001824
[C2] n=1000 | classes=[2, 5] | acc=0.6540 | per_class={2: '0.86', 5: '0.44'}
[C3] eval model[0] mean=-0.001450 | θ̃ mean=-0.001450 | edge mean=-0.001824
[C3] n=1000 | classes=[5, 7] | acc=0.6410 | per_class={5: '0.74', 7: '0.54'}
[C4] eval model[0] mean=-0.001925 | θ̃ mean=-0.001925 | edge mean=-0.001824
[C4] n=1000 | classes=[2, 7] | acc=0.5700 | per_class={2: '0.96', 7: '0.17'}
[C5] eval model[0] mean=0.000833 | θ̃ mean=0.000833 | edge mean=-0.001824
[C5] n=1000 | classes=[2, 4] | acc=0.5670 | per_class={2: '0.51', 4: '0.63'}
[C6] eval model[0] mean=-0.001771 | θ̃ mean=-0.001771 | edge mean=-0.001824
[C6] n=1000 | classes=[6, 7] | acc=0.5140 | per_class={6: '0.99', 7: '0.05'}
[C7] eval model[0] mean=-0.000700 | θ̃ mean=-0.000700 | edge mean=-0.001824
[C7] n=1000 | classes=[3, 5] | acc=0.5110 | per_class={3: '0.98', 5: '0.07'}
[C8] eval model[0] mean=-0.002271 | θ̃ mean=-0.002271 | edge mean=-0.001824
[C8] n=500 | classes=[4] | acc=0.9980 | per_class={4: '1.00'}
[C9] eval model[0] mean=-0.001925 | θ̃ mean=-0.001925 | edge mean=-0.001824
[C9] n=500 | classes=[4] | acc=0.9880 | per_class={4: '0.99'}
[C10] eval model[0] mean=-0.002546 | θ̃ mean=-0.002546 | edge mean=-0.002774
[C10] n=600 | classes=[8, 9] | acc=0.7633 | per_class={8: '0.76', 9: '0.77'}
[C11] eval model[0] mean=-0.002833 | θ̃ mean=-0.002833 | edge mean=-0.002774
[C11] n=600 | classes=[0, 1] | acc=0.7667 | per_class={0: '0.69', 1: '0.84'}
[C12] eval model[0] mean=-0.003183 | θ̃ mean=-0.003183 | edge mean=-0.002774
[C12] n=600 | classes=[1, 8] | acc=0.7683 | per_class={1: '0.85', 8: '0.68'}
[C13] eval model[0] mean=-0.001532 | θ̃ mean=-0.001532 | edge mean=-0.002774
[C13] n=600 | classes=[0, 8] | acc=0.4833 | per_class={0: '0.01', 8: '1.00'}
[C14] eval model[0] mean=-0.002833 | θ̃ mean=-0.002833 | edge mean=-0.002774
[C14] n=600 | classes=[0, 9] | acc=0.7633 | per_class={0: '0.66', 9: '0.87'}
[C15] eval model[0] mean=-0.002691 | θ̃ mean=-0.002691 | edge mean=-0.002774
[C15] n=600 | classes=[0, 8] | acc=0.5883 | per_class={0: '0.22', 8: '0.97'}
[C16] eval model[0] mean=-0.002696 | θ̃ mean=-0.002696 | edge mean=-0.002774
[C16] n=600 | classes=[1, 8] | acc=0.7917 | per_class={1: '0.74', 8: '0.84'}
[C17] eval model[0] mean=-0.003213 | θ̃ mean=-0.003213 | edge mean=-0.002774
[C17] n=600 | classes=[1, 9] | acc=0.5617 | per_class={1: '0.88', 9: '0.26'}
[C18] eval model[0] mean=-0.002101 | θ̃ mean=-0.002101 | edge mean=-0.002774
[C18] n=600 | classes=[1, 9] | acc=0.5867 | per_class={1: '0.96', 9: '0.17'}
[C19] eval model[0] mean=-0.002902 | θ̃ mean=-0.002902 | edge mean=-0.002774
[C19] n=600 | classes=[0, 9] | acc=0.7200 | per_class={0: '0.43', 9: '0.99'}
  [Cloud] GM=0.3457 | EM=0.3881 PM=0.6539 | loss=1.8770 | time=17.1s | comm=2501.9MB (total=85064MB)

[Round  35] Broadcasting to 2 edges...
  [Edge 0] G35 | E1 | Hier-pFedMe | Selected 10/10
  [Client  3] Round 35 | Hier-pFedMe(λ2=35.0,K=3) | loss=0.7416
  [Client  5] Round 35 | Hier-pFedMe(λ2=35.0,K=3) | loss=0.6689
  [Client  1] Round 35 | Hier-pFedMe(λ2=35.0,K=3) | loss=0.3964
  [Client  0] Round 35 | Hier-pFedMe(λ2=35.0,K=3) | loss=0.5007
  [Client  8] Round 35 | Hier-pFedMe(λ2=35.0,K=3) | loss=0.0073
  [Client  7] Round 35 | Hier-pFedMe(λ2=35.0,K=3) | loss=0.7891
  [Client  4] Round 35 | Hier-pFedMe(λ2=35.0,K=3) | loss=0.7642
  [Client  9] Round 35 | Hier-pFedMe(λ2=35.0,K=3) | loss=0.0109
  [Client  6] Round 35 | Hier-pFedMe(λ2=35.0,K=3) | loss=0.6093
  [Client  2] Round 35 | Hier-pFedMe(λ2=35.0,K=3) | loss=0.4278
  [Edge 0] G35 | E1 | loss=0.5452
  [Edge 0] G35 | E2 | Hier-pFedMe | Selected 10/10
  [Client  7] Round 35 | Hier-pFedMe(λ2=35.0,K=3) | loss=0.4448
  [Client  1] Round 35 | Hier-pFedMe(λ2=35.0,K=3) | loss=0.5721
  [Client  8] Round 35 | Hier-pFedMe(λ2=35.0,K=3) | loss=0.0307
  [Client  4] Round 35 | Hier-pFedMe(λ2=35.0,K=3) | loss=0.4668
  [Client  3] Round 35 | Hier-pFedMe(λ2=35.0,K=3) | loss=0.5075
  [Client  5] Round 35 | Hier-pFedMe(λ2=35.0,K=3) | loss=1.5242
  [Client  2] Round 35 | Hier-pFedMe(λ2=35.0,K=3) | loss=0.2420
  [Client  0] Round 35 | Hier-pFedMe(λ2=35.0,K=3) | loss=0.5294
  [Client  9] Round 35 | Hier-pFedMe(λ2=35.0,K=3) | loss=0.0240
  [Client  6] Round 35 | Hier-pFedMe(λ2=35.0,K=3) | loss=0.5529
  [Edge 0] G35 | E2 | loss=0.5408
  [Edge 0] G35 | E3 | Hier-pFedMe | Selected 10/10
  [Client  7] Round 35 | Hier-pFedMe(λ2=35.0,K=3) | loss=0.8585
  [Client  5] Round 35 | Hier-pFedMe(λ2=35.0,K=3) | loss=0.5223
  [Client  0] Round 35 | Hier-pFedMe(λ2=35.0,K=3) | loss=0.6295
  [Client  1] Round 35 | Hier-pFedMe(λ2=35.0,K=3) | loss=0.5560
  [Client  9] Round 35 | Hier-pFedMe(λ2=35.0,K=3) | loss=0.0073
  [Client  3] Round 35 | Hier-pFedMe(λ2=35.0,K=3) | loss=0.4625
  [Client  4] Round 35 | Hier-pFedMe(λ2=35.0,K=3) | loss=0.3834
  [Client  8] Round 35 | Hier-pFedMe(λ2=35.0,K=3) | loss=0.0027
  [Client  2] Round 35 | Hier-pFedMe(λ2=35.0,K=3) | loss=0.4198
  [Client  6] Round 35 | Hier-pFedMe(λ2=35.0,K=3) | loss=0.9181
  [Edge 0] G35 | E3 | loss=0.5284
  [Edge 0] G35 | E4 | Hier-pFedMe | Selected 10/10
  [Client  0] Round 35 | Hier-pFedMe(λ2=35.0,K=3) | loss=0.4534
  [Client  7] Round 35 | Hier-pFedMe(λ2=35.0,K=3) | loss=0.7128
  [Client  9] Round 35 | Hier-pFedMe(λ2=35.0,K=3) | loss=0.0136
  [Client  4] Round 35 | Hier-pFedMe(λ2=35.0,K=3) | loss=0.9107
  [Client  3] Round 35 | Hier-pFedMe(λ2=35.0,K=3) | loss=0.6016
  [Client  6] Round 35 | Hier-pFedMe(λ2=35.0,K=3) | loss=0.7892
  [Client  2] Round 35 | Hier-pFedMe(λ2=35.0,K=3) | loss=0.3401
  [Client  1] Round 35 | Hier-pFedMe(λ2=35.0,K=3) | loss=0.5957
  [Client  5] Round 35 | Hier-pFedMe(λ2=35.0,K=3) | loss=0.2988
  [Client  8] Round 35 | Hier-pFedMe(λ2=35.0,K=3) | loss=0.0324
  [Edge 0] G35 | E4 | loss=0.5250
  [Edge 0] G35 | E5 | Hier-pFedMe | Selected 10/10
  [Client  8] Round 35 | Hier-pFedMe(λ2=35.0,K=3) | loss=0.0021
  [Client  0] Round 35 | Hier-pFedMe(λ2=35.0,K=3) | loss=0.6250
  [Client  5] Round 35 | Hier-pFedMe(λ2=35.0,K=3) | loss=0.4791
  [Client  7] Round 35 | Hier-pFedMe(λ2=35.0,K=3) | loss=1.0434
  [Client  6] Round 35 | Hier-pFedMe(λ2=35.0,K=3) | loss=0.6877
  [Client  4] Round 35 | Hier-pFedMe(λ2=35.0,K=3) | loss=1.0545
  [Client  9] Round 35 | Hier-pFedMe(λ2=35.0,K=3) | loss=0.0045
  [Client  1] Round 35 | Hier-pFedMe(λ2=35.0,K=3) | loss=0.7106
  [Client  2] Round 35 | Hier-pFedMe(λ2=35.0,K=3) | loss=0.1595
  [Client  3] Round 35 | Hier-pFedMe(λ2=35.0,K=3) | loss=0.9489
  [Edge 0] G35 | E5 | loss=0.6347
  [Edge 1] G35 | E1 | Hier-pFedMe | Selected 10/10
  [Client 17] Round 35 | Hier-pFedMe(λ2=35.0,K=3) | loss=0.7675
  [Client 11] Round 35 | Hier-pFedMe(λ2=35.0,K=3) | loss=0.6642
  [Client 12] Round 35 | Hier-pFedMe(λ2=35.0,K=3) | loss=0.3809
  [Client 13] Round 35 | Hier-pFedMe(λ2=35.0,K=3) | loss=0.6957
  [Client 19] Round 35 | Hier-pFedMe(λ2=35.0,K=3) | loss=0.3693
  [Client 16] Round 35 | Hier-pFedMe(λ2=35.0,K=3) | loss=0.2270
  [Client 14] Round 35 | Hier-pFedMe(λ2=35.0,K=3) | loss=0.2427
  [Client 15] Round 35 | Hier-pFedMe(λ2=35.0,K=3) | loss=0.8117
  [Client 18] Round 35 | Hier-pFedMe(λ2=35.0,K=3) | loss=0.3706
  [Client 10] Round 35 | Hier-pFedMe(λ2=35.0,K=3) | loss=0.2514
  [Edge 1] G35 | E1 | loss=0.4781
  [Edge 1] G35 | E2 | Hier-pFedMe | Selected 10/10
  [Client 13] Round 35 | Hier-pFedMe(λ2=35.0,K=3) | loss=0.8378
  [Client 14] Round 35 | Hier-pFedMe(λ2=35.0,K=3) | loss=0.2121
  [Client 10] Round 35 | Hier-pFedMe(λ2=35.0,K=3) | loss=1.1030
  [Client 17] Round 35 | Hier-pFedMe(λ2=35.0,K=3) | loss=0.5866
  [Client 19] Round 35 | Hier-pFedMe(λ2=35.0,K=3) | loss=0.5060
  [Client 15] Round 35 | Hier-pFedMe(λ2=35.0,K=3) | loss=0.5248
  [Client 16] Round 35 | Hier-pFedMe(λ2=35.0,K=3) | loss=0.4871
  [Client 12] Round 35 | Hier-pFedMe(λ2=35.0,K=3) | loss=0.3229
  [Client 11] Round 35 | Hier-pFedMe(λ2=35.0,K=3) | loss=0.2564
  [Client 18] Round 35 | Hier-pFedMe(λ2=35.0,K=3) | loss=1.8183
  [Edge 1] G35 | E2 | loss=0.6655
  [Edge 1] G35 | E3 | Hier-pFedMe | Selected 10/10
  [Client 15] Round 35 | Hier-pFedMe(λ2=35.0,K=3) | loss=0.3772
  [Client 17] Round 35 | Hier-pFedMe(λ2=35.0,K=3) | loss=0.9901  [Client 11] Round 35 | Hier-pFedMe(λ2=35.0,K=3) | loss=0.5343

  [Client 19] Round 35 | Hier-pFedMe(λ2=35.0,K=3) | loss=0.4711
  [Client 16] Round 35 | Hier-pFedMe(λ2=35.0,K=3) | loss=0.6066
  [Client 14] Round 35 | Hier-pFedMe(λ2=35.0,K=3) | loss=0.4650
  [Client 13] Round 35 | Hier-pFedMe(λ2=35.0,K=3) | loss=0.4886
  [Client 12] Round 35 | Hier-pFedMe(λ2=35.0,K=3) | loss=0.4034
  [Client 10] Round 35 | Hier-pFedMe(λ2=35.0,K=3) | loss=0.5836
  [Client 18] Round 35 | Hier-pFedMe(λ2=35.0,K=3) | loss=0.7625
  [Edge 1] G35 | E3 | loss=0.5682
  [Edge 1] G35 | E4 | Hier-pFedMe | Selected 10/10
  [Client 11] Round 35 | Hier-pFedMe(λ2=35.0,K=3) | loss=0.5499  [Client 15] Round 35 | Hier-pFedMe(λ2=35.0,K=3) | loss=0.5719

  [Client 14] Round 35 | Hier-pFedMe(λ2=35.0,K=3) | loss=0.2447
  [Client 18] Round 35 | Hier-pFedMe(λ2=35.0,K=3) | loss=1.3169
  [Client 16] Round 35 | Hier-pFedMe(λ2=35.0,K=3) | loss=0.2971
  [Client 10] Round 35 | Hier-pFedMe(λ2=35.0,K=3) | loss=0.6999
  [Client 17] Round 35 | Hier-pFedMe(λ2=35.0,K=3) | loss=0.8328
  [Client 19] Round 35 | Hier-pFedMe(λ2=35.0,K=3) | loss=0.4063
  [Client 12] Round 35 | Hier-pFedMe(λ2=35.0,K=3) | loss=0.3336
  [Client 13] Round 35 | Hier-pFedMe(λ2=35.0,K=3) | loss=0.4715
  [Edge 1] G35 | E4 | loss=0.5725
  [Edge 1] G35 | E5 | Hier-pFedMe | Selected 10/10
  [Client 17] Round 35 | Hier-pFedMe(λ2=35.0,K=3) | loss=0.8894
  [Client 16] Round 35 | Hier-pFedMe(λ2=35.0,K=3) | loss=0.4425
  [Client 11] Round 35 | Hier-pFedMe(λ2=35.0,K=3) | loss=0.5034
  [Client 19] Round 35 | Hier-pFedMe(λ2=35.0,K=3) | loss=0.5458
  [Client 10] Round 35 | Hier-pFedMe(λ2=35.0,K=3) | loss=0.8073
  [Client 13] Round 35 | Hier-pFedMe(λ2=35.0,K=3) | loss=0.6008
  [Client 18] Round 35 | Hier-pFedMe(λ2=35.0,K=3) | loss=0.5110
  [Client 12] Round 35 | Hier-pFedMe(λ2=35.0,K=3) | loss=0.4053
  [Client 14] Round 35 | Hier-pFedMe(λ2=35.0,K=3) | loss=0.2935
  [Client 15] Round 35 | Hier-pFedMe(λ2=35.0,K=3) | loss=0.5131
  [Edge 1] G35 | E5 | loss=0.5512
[C0] eval model[0] mean=-0.002174 | θ̃ mean=-0.002174 | edge mean=-0.002077
[C0] n=1000 | classes=[3, 6] | acc=0.6110 | per_class={3: '0.35', 6: '0.88'}
[C1] eval model[0] mean=-0.000871 | θ̃ mean=-0.000871 | edge mean=-0.002077
[C1] n=1000 | classes=[3, 6] | acc=0.7000 | per_class={3: '0.55', 6: '0.86'}
[C2] eval model[0] mean=-0.002359 | θ̃ mean=-0.002359 | edge mean=-0.002077
[C2] n=1000 | classes=[2, 5] | acc=0.6610 | per_class={2: '0.58', 5: '0.75'}
[C3] eval model[0] mean=-0.003068 | θ̃ mean=-0.003068 | edge mean=-0.002077
[C3] n=1000 | classes=[5, 7] | acc=0.5080 | per_class={5: '0.04', 7: '0.99'}
[C4] eval model[0] mean=-0.002248 | θ̃ mean=-0.002248 | edge mean=-0.002077
[C4] n=1000 | classes=[2, 7] | acc=0.5330 | per_class={2: '0.97', 7: '0.09'}
[C5] eval model[0] mean=-0.001865 | θ̃ mean=-0.001865 | edge mean=-0.002077
[C5] n=1000 | classes=[2, 4] | acc=0.5740 | per_class={2: '0.51', 4: '0.64'}
[C6] eval model[0] mean=0.000798 | θ̃ mean=0.000798 | edge mean=-0.002077
[C6] n=1000 | classes=[6, 7] | acc=0.5090 | per_class={6: '0.01', 7: '0.99'}
[C7] eval model[0] mean=-0.002253 | θ̃ mean=-0.002253 | edge mean=-0.002077
[C7] n=1000 | classes=[3, 5] | acc=0.4790 | per_class={3: '0.93', 5: '0.05'}
[C8] eval model[0] mean=-0.002143 | θ̃ mean=-0.002143 | edge mean=-0.002077
[C8] n=500 | classes=[4] | acc=0.9920 | per_class={4: '0.99'}
[C9] eval model[0] mean=-0.002172 | θ̃ mean=-0.002172 | edge mean=-0.002077
[C9] n=500 | classes=[4] | acc=1.0000 | per_class={4: '1.00'}
[C10] eval model[0] mean=-0.002369 | θ̃ mean=-0.002369 | edge mean=-0.002222
[C10] n=600 | classes=[8, 9] | acc=0.7483 | per_class={8: '0.89', 9: '0.61'}
[C11] eval model[0] mean=-0.002381 | θ̃ mean=-0.002381 | edge mean=-0.002222
[C11] n=600 | classes=[0, 1] | acc=0.7550 | per_class={0: '0.73', 1: '0.78'}
[C12] eval model[0] mean=-0.001832 | θ̃ mean=-0.001832 | edge mean=-0.002222
[C12] n=600 | classes=[1, 8] | acc=0.6433 | per_class={1: '0.33', 8: '0.97'}
[C13] eval model[0] mean=-0.001800 | θ̃ mean=-0.001800 | edge mean=-0.002222
[C13] n=600 | classes=[0, 8] | acc=0.6967 | per_class={0: '0.56', 8: '0.84'}
[C14] eval model[0] mean=-0.002148 | θ̃ mean=-0.002148 | edge mean=-0.002222
[C14] n=600 | classes=[0, 9] | acc=0.7800 | per_class={0: '0.75', 9: '0.82'}
[C15] eval model[0] mean=-0.002242 | θ̃ mean=-0.002242 | edge mean=-0.002222
[C15] n=600 | classes=[0, 8] | acc=0.5317 | per_class={0: '0.89', 8: '0.16'}
[C16] eval model[0] mean=-0.002322 | θ̃ mean=-0.002322 | edge mean=-0.002222
[C16] n=600 | classes=[1, 8] | acc=0.7617 | per_class={1: '0.59', 8: '0.92'}
[C17] eval model[0] mean=-0.002494 | θ̃ mean=-0.002494 | edge mean=-0.002222
[C17] n=600 | classes=[1, 9] | acc=0.4750 | per_class={1: '0.99', 9: '0.00'}
[C18] eval model[0] mean=-0.002774 | θ̃ mean=-0.002774 | edge mean=-0.002222
[C18] n=600 | classes=[1, 9] | acc=0.5967 | per_class={1: '0.97', 9: '0.19'}
[C19] eval model[0] mean=-0.003618 | θ̃ mean=-0.003618 | edge mean=-0.002222
[C19] n=600 | classes=[0, 9] | acc=0.7667 | per_class={0: '0.53', 9: '0.98'}
  [Cloud] GM=0.3514 | EM=0.3991 PM=0.6416 | loss=1.8680 | time=16.9s | comm=2501.9MB (total=87566MB)

[Round  36] Broadcasting to 2 edges...
  [Edge 0] G36 | E1 | Hier-pFedMe | Selected 10/10
  [Client  4] Round 36 | Hier-pFedMe(λ2=35.0,K=3) | loss=0.6665
  [Client  1] Round 36 | Hier-pFedMe(λ2=35.0,K=3) | loss=0.3338
  [Client  8] Round 36 | Hier-pFedMe(λ2=35.0,K=3) | loss=0.0190
  [Client  0] Round 36 | Hier-pFedMe(λ2=35.0,K=3) | loss=0.5615
  [Client  7] Round 36 | Hier-pFedMe(λ2=35.0,K=3) | loss=0.7328
  [Client  9] Round 36 | Hier-pFedMe(λ2=35.0,K=3) | loss=0.0118
  [Client  6] Round 36 | Hier-pFedMe(λ2=35.0,K=3) | loss=0.6384
  [Client  5] Round 36 | Hier-pFedMe(λ2=35.0,K=3) | loss=0.8869
  [Client  3] Round 36 | Hier-pFedMe(λ2=35.0,K=3) | loss=0.8331
  [Client  2] Round 36 | Hier-pFedMe(λ2=35.0,K=3) | loss=0.3772
  [Edge 0] G36 | E1 | loss=0.5606
  [Edge 0] G36 | E2 | Hier-pFedMe | Selected 10/10
  [Client  5] Round 36 | Hier-pFedMe(λ2=35.0,K=3) | loss=0.6930
  [Client  8] Round 36 | Hier-pFedMe(λ2=35.0,K=3) | loss=0.0027  [Client  0] Round 36 | Hier-pFedMe(λ2=35.0,K=3) | loss=0.5587

  [Client  3] Round 36 | Hier-pFedMe(λ2=35.0,K=3) | loss=0.6141
  [Client  1] Round 36 | Hier-pFedMe(λ2=35.0,K=3) | loss=0.7320
  [Client  2] Round 36 | Hier-pFedMe(λ2=35.0,K=3) | loss=0.6974
  [Client  7] Round 36 | Hier-pFedMe(λ2=35.0,K=3) | loss=0.6768
  [Client  4] Round 36 | Hier-pFedMe(λ2=35.0,K=3) | loss=0.2951
  [Client  9] Round 36 | Hier-pFedMe(λ2=35.0,K=3) | loss=0.0240
  [Client  6] Round 36 | Hier-pFedMe(λ2=35.0,K=3) | loss=0.4409
  [Edge 0] G36 | E2 | loss=0.5246
  [Edge 0] G36 | E3 | Hier-pFedMe | Selected 10/10
  [Client  9] Round 36 | Hier-pFedMe(λ2=35.0,K=3) | loss=0.0043
  [Client  5] Round 36 | Hier-pFedMe(λ2=35.0,K=3) | loss=0.5662
  [Client  2] Round 36 | Hier-pFedMe(λ2=35.0,K=3) | loss=0.4169
  [Client  1] Round 36 | Hier-pFedMe(λ2=35.0,K=3) | loss=0.8908
  [Client  7] Round 36 | Hier-pFedMe(λ2=35.0,K=3) | loss=0.6550
  [Client  8] Round 36 | Hier-pFedMe(λ2=35.0,K=3) | loss=0.0091
  [Client  0] Round 36 | Hier-pFedMe(λ2=35.0,K=3) | loss=0.4602
  [Client  6] Round 36 | Hier-pFedMe(λ2=35.0,K=3) | loss=0.4928
  [Client  4] Round 36 | Hier-pFedMe(λ2=35.0,K=3) | loss=0.5484
  [Client  3] Round 36 | Hier-pFedMe(λ2=35.0,K=3) | loss=0.5022
  [Edge 0] G36 | E3 | loss=0.5044
  [Edge 0] G36 | E4 | Hier-pFedMe | Selected 10/10
  [Client  3] Round 36 | Hier-pFedMe(λ2=35.0,K=3) | loss=0.8924
  [Client  5] Round 36 | Hier-pFedMe(λ2=35.0,K=3) | loss=0.5746
  [Client  2] Round 36 | Hier-pFedMe(λ2=35.0,K=3) | loss=0.3351
  [Client  0] Round 36 | Hier-pFedMe(λ2=35.0,K=3) | loss=0.3686
  [Client  9] Round 36 | Hier-pFedMe(λ2=35.0,K=3) | loss=0.0200
  [Client  6] Round 36 | Hier-pFedMe(λ2=35.0,K=3) | loss=0.6058
  [Client  8] Round 36 | Hier-pFedMe(λ2=35.0,K=3) | loss=0.0069
  [Client  4] Round 36 | Hier-pFedMe(λ2=35.0,K=3) | loss=0.6904
  [Client  7] Round 36 | Hier-pFedMe(λ2=35.0,K=3) | loss=0.3952
  [Client  1] Round 36 | Hier-pFedMe(λ2=35.0,K=3) | loss=0.7095
  [Edge 0] G36 | E4 | loss=0.5094
  [Edge 0] G36 | E5 | Hier-pFedMe | Selected 10/10
  [Client  3] Round 36 | Hier-pFedMe(λ2=35.0,K=3) | loss=0.6978
  [Client  4] Round 36 | Hier-pFedMe(λ2=35.0,K=3) | loss=0.7595
  [Client  0] Round 36 | Hier-pFedMe(λ2=35.0,K=3) | loss=0.4291
  [Client  5] Round 36 | Hier-pFedMe(λ2=35.0,K=3) | loss=0.4274
  [Client  1] Round 36 | Hier-pFedMe(λ2=35.0,K=3) | loss=0.7434
  [Client  6] Round 36 | Hier-pFedMe(λ2=35.0,K=3) | loss=0.7307
  [Client  8] Round 36 | Hier-pFedMe(λ2=35.0,K=3) | loss=0.0104
  [Client  7] Round 36 | Hier-pFedMe(λ2=35.0,K=3) | loss=0.4672
  [Client  2] Round 36 | Hier-pFedMe(λ2=35.0,K=3) | loss=0.3967
  [Client  9] Round 36 | Hier-pFedMe(λ2=35.0,K=3) | loss=0.0046
  [Edge 0] G36 | E5 | loss=0.5177
  [Edge 1] G36 | E1 | Hier-pFedMe | Selected 10/10
  [Client 19] Round 36 | Hier-pFedMe(λ2=35.0,K=3) | loss=0.2171
  [Client 14] Round 36 | Hier-pFedMe(λ2=35.0,K=3) | loss=0.2359
  [Client 13] Round 36 | Hier-pFedMe(λ2=35.0,K=3) | loss=0.6981  [Client 12] Round 36 | Hier-pFedMe(λ2=35.0,K=3) | loss=0.3882

  [Client 15] Round 36 | Hier-pFedMe(λ2=35.0,K=3) | loss=0.8497
  [Client 18] Round 36 | Hier-pFedMe(λ2=35.0,K=3) | loss=0.1234
  [Client 11] Round 36 | Hier-pFedMe(λ2=35.0,K=3) | loss=0.2194
  [Client 16] Round 36 | Hier-pFedMe(λ2=35.0,K=3) | loss=0.3780
  [Client 17] Round 36 | Hier-pFedMe(λ2=35.0,K=3) | loss=0.5889
  [Client 10] Round 36 | Hier-pFedMe(λ2=35.0,K=3) | loss=0.3695
  [Edge 1] G36 | E1 | loss=0.4068
  [Edge 1] G36 | E2 | Hier-pFedMe | Selected 10/10
  [Client 11] Round 36 | Hier-pFedMe(λ2=35.0,K=3) | loss=0.6726
  [Client 15] Round 36 | Hier-pFedMe(λ2=35.0,K=3) | loss=0.6235
  [Client 19] Round 36 | Hier-pFedMe(λ2=35.0,K=3) | loss=0.2789
  [Client 18] Round 36 | Hier-pFedMe(λ2=35.0,K=3) | loss=0.5687
  [Client 12] Round 36 | Hier-pFedMe(λ2=35.0,K=3) | loss=0.5203
  [Client 13] Round 36 | Hier-pFedMe(λ2=35.0,K=3) | loss=0.5923
  [Client 10] Round 36 | Hier-pFedMe(λ2=35.0,K=3) | loss=0.2621
  [Client 14] Round 36 | Hier-pFedMe(λ2=35.0,K=3) | loss=0.1190
  [Client 17] Round 36 | Hier-pFedMe(λ2=35.0,K=3) | loss=0.4034
  [Client 16] Round 36 | Hier-pFedMe(λ2=35.0,K=3) | loss=0.5476
  [Edge 1] G36 | E2 | loss=0.4588
  [Edge 1] G36 | E3 | Hier-pFedMe | Selected 10/10
  [Client 15] Round 36 | Hier-pFedMe(λ2=35.0,K=3) | loss=0.4262
  [Client 14] Round 36 | Hier-pFedMe(λ2=35.0,K=3) | loss=0.4129
  [Client 18] Round 36 | Hier-pFedMe(λ2=35.0,K=3) | loss=2.1668  [Client 17] Round 36 | Hier-pFedMe(λ2=35.0,K=3) | loss=0.5890

  [Client 16] Round 36 | Hier-pFedMe(λ2=35.0,K=3) | loss=0.3230
  [Client 19] Round 36 | Hier-pFedMe(λ2=35.0,K=3) | loss=0.1211
  [Client 13] Round 36 | Hier-pFedMe(λ2=35.0,K=3) | loss=0.8188
  [Client 11] Round 36 | Hier-pFedMe(λ2=35.0,K=3) | loss=0.2696
  [Client 10] Round 36 | Hier-pFedMe(λ2=35.0,K=3) | loss=0.7485
  [Client 12] Round 36 | Hier-pFedMe(λ2=35.0,K=3) | loss=0.3120
  [Edge 1] G36 | E3 | loss=0.6188
  [Edge 1] G36 | E4 | Hier-pFedMe | Selected 10/10
  [Client 18] Round 36 | Hier-pFedMe(λ2=35.0,K=3) | loss=0.7947
  [Client 13] Round 36 | Hier-pFedMe(λ2=35.0,K=3) | loss=0.6542
  [Client 19] Round 36 | Hier-pFedMe(λ2=35.0,K=3) | loss=0.2523
  [Client 16] Round 36 | Hier-pFedMe(λ2=35.0,K=3) | loss=0.2165
  [Client 15] Round 36 | Hier-pFedMe(λ2=35.0,K=3) | loss=0.3128
  [Client 14] Round 36 | Hier-pFedMe(λ2=35.0,K=3) | loss=0.2614
  [Client 10] Round 36 | Hier-pFedMe(λ2=35.0,K=3) | loss=0.3927
  [Client 12] Round 36 | Hier-pFedMe(λ2=35.0,K=3) | loss=0.2178
  [Client 11] Round 36 | Hier-pFedMe(λ2=35.0,K=3) | loss=0.6080
  [Client 17] Round 36 | Hier-pFedMe(λ2=35.0,K=3) | loss=0.6958
  [Edge 1] G36 | E4 | loss=0.4406
  [Edge 1] G36 | E5 | Hier-pFedMe | Selected 10/10
  [Client 18] Round 36 | Hier-pFedMe(λ2=35.0,K=3) | loss=2.6044
  [Client 12] Round 36 | Hier-pFedMe(λ2=35.0,K=3) | loss=0.8967
  [Client 13] Round 36 | Hier-pFedMe(λ2=35.0,K=3) | loss=0.5312
  [Client 11] Round 36 | Hier-pFedMe(λ2=35.0,K=3) | loss=0.3893
  [Client 14] Round 36 | Hier-pFedMe(λ2=35.0,K=3) | loss=0.4565
  [Client 17] Round 36 | Hier-pFedMe(λ2=35.0,K=3) | loss=0.3975
  [Client 15] Round 36 | Hier-pFedMe(λ2=35.0,K=3) | loss=1.2148
  [Client 10] Round 36 | Hier-pFedMe(λ2=35.0,K=3) | loss=1.0521
  [Client 16] Round 36 | Hier-pFedMe(λ2=35.0,K=3) | loss=0.3341
  [Client 19] Round 36 | Hier-pFedMe(λ2=35.0,K=3) | loss=0.3107
  [Edge 1] G36 | E5 | loss=0.8187
[C0] eval model[0] mean=-0.002306 | θ̃ mean=-0.002306 | edge mean=-0.001686
[C0] n=1000 | classes=[3, 6] | acc=0.6350 | per_class={3: '0.87', 6: '0.39'}
[C1] eval model[0] mean=-0.001744 | θ̃ mean=-0.001744 | edge mean=-0.001686
[C1] n=1000 | classes=[3, 6] | acc=0.6880 | per_class={3: '0.76', 6: '0.61'}
[C2] eval model[0] mean=-0.002379 | θ̃ mean=-0.002379 | edge mean=-0.001686
[C2] n=1000 | classes=[2, 5] | acc=0.6760 | per_class={2: '0.84', 5: '0.51'}
[C3] eval model[0] mean=-0.001468 | θ̃ mean=-0.001468 | edge mean=-0.001686
[C3] n=1000 | classes=[5, 7] | acc=0.5990 | per_class={5: '0.82', 7: '0.38'}
[C4] eval model[0] mean=-0.001349 | θ̃ mean=-0.001349 | edge mean=-0.001686
[C4] n=1000 | classes=[2, 7] | acc=0.5630 | per_class={2: '0.15', 7: '0.98'}
[C5] eval model[0] mean=-0.000819 | θ̃ mean=-0.000819 | edge mean=-0.001686
[C5] n=1000 | classes=[2, 4] | acc=0.5940 | per_class={2: '0.70', 4: '0.48'}
[C6] eval model[0] mean=-0.002124 | θ̃ mean=-0.002124 | edge mean=-0.001686
[C6] n=1000 | classes=[6, 7] | acc=0.5050 | per_class={6: '0.00', 7: '1.00'}
[C7] eval model[0] mean=-0.002046 | θ̃ mean=-0.002046 | edge mean=-0.001686
[C7] n=1000 | classes=[3, 5] | acc=0.5520 | per_class={3: '0.74', 5: '0.38'}
[C8] eval model[0] mean=-0.001152 | θ̃ mean=-0.001152 | edge mean=-0.001686
[C8] n=500 | classes=[4] | acc=0.9860 | per_class={4: '0.99'}
[C9] eval model[0] mean=-0.001185 | θ̃ mean=-0.001185 | edge mean=-0.001686
[C9] n=500 | classes=[4] | acc=0.9860 | per_class={4: '0.99'}
[C10] eval model[0] mean=-0.002822 | θ̃ mean=-0.002822 | edge mean=-0.002343
[C10] n=600 | classes=[8, 9] | acc=0.7367 | per_class={8: '0.89', 9: '0.59'}
[C11] eval model[0] mean=-0.002515 | θ̃ mean=-0.002515 | edge mean=-0.002343
[C11] n=600 | classes=[0, 1] | acc=0.7183 | per_class={0: '0.82', 1: '0.62'}
[C12] eval model[0] mean=-0.001066 | θ̃ mean=-0.001066 | edge mean=-0.002343
[C12] n=600 | classes=[1, 8] | acc=0.6167 | per_class={1: '0.28', 8: '0.98'}
[C13] eval model[0] mean=-0.001123 | θ̃ mean=-0.001123 | edge mean=-0.002343
[C13] n=600 | classes=[0, 8] | acc=0.6317 | per_class={0: '0.42', 8: '0.85'}
[C14] eval model[0] mean=-0.002224 | θ̃ mean=-0.002224 | edge mean=-0.002343
[C14] n=600 | classes=[0, 9] | acc=0.7817 | per_class={0: '0.79', 9: '0.77'}
[C15] eval model[0] mean=-0.003147 | θ̃ mean=-0.003147 | edge mean=-0.002343
[C15] n=600 | classes=[0, 8] | acc=0.5050 | per_class={0: '0.03', 8: '1.00'}
[C16] eval model[0] mean=-0.002985 | θ̃ mean=-0.002985 | edge mean=-0.002343
[C16] n=600 | classes=[1, 8] | acc=0.8067 | per_class={1: '0.84', 8: '0.78'}
[C17] eval model[0] mean=-0.003003 | θ̃ mean=-0.003003 | edge mean=-0.002343
[C17] n=600 | classes=[1, 9] | acc=0.6217 | per_class={1: '0.74', 9: '0.51'}
[C18] eval model[0] mean=0.002069 | θ̃ mean=0.002069 | edge mean=-0.002343
[C18] n=600 | classes=[1, 9] | acc=0.4517 | per_class={1: '0.23', 9: '0.70'}
[C19] eval model[0] mean=-0.002026 | θ̃ mean=-0.002026 | edge mean=-0.002343
[C19] n=600 | classes=[0, 9] | acc=0.7317 | per_class={0: '0.74', 9: '0.72'}
  [Cloud] GM=0.3482 | EM=0.3911 PM=0.6506 | loss=1.8669 | time=17.1s | comm=2501.9MB (total=90068MB)

[Round  37] Broadcasting to 2 edges...
  [Edge 0] G37 | E1 | Hier-pFedMe | Selected 10/10
  [Client  7] Round 37 | Hier-pFedMe(λ2=35.0,K=3) | loss=1.0913
  [Client  8] Round 37 | Hier-pFedMe(λ2=35.0,K=3) | loss=0.0060
  [Client  5] Round 37 | Hier-pFedMe(λ2=35.0,K=3) | loss=0.4334
  [Client  4] Round 37 | Hier-pFedMe(λ2=35.0,K=3) | loss=0.6641
  [Client  9] Round 37 | Hier-pFedMe(λ2=35.0,K=3) | loss=0.0210
  [Client  2] Round 37 | Hier-pFedMe(λ2=35.0,K=3) | loss=0.7127
  [Client  3] Round 37 | Hier-pFedMe(λ2=35.0,K=3) | loss=0.3577
  [Client  1] Round 37 | Hier-pFedMe(λ2=35.0,K=3) | loss=0.3990
  [Client  0] Round 37 | Hier-pFedMe(λ2=35.0,K=3) | loss=0.4409
  [Client  6] Round 37 | Hier-pFedMe(λ2=35.0,K=3) | loss=0.6563
  [Edge 0] G37 | E1 | loss=0.5299
  [Edge 0] G37 | E2 | Hier-pFedMe | Selected 10/10
  [Client  6] Round 37 | Hier-pFedMe(λ2=35.0,K=3) | loss=0.7639
  [Client  0] Round 37 | Hier-pFedMe(λ2=35.0,K=3) | loss=0.3992
  [Client  8] Round 37 | Hier-pFedMe(λ2=35.0,K=3) | loss=0.0144  [Client  2] Round 37 | Hier-pFedMe(λ2=35.0,K=3) | loss=0.4796

  [Client  5] Round 37 | Hier-pFedMe(λ2=35.0,K=3) | loss=1.2239
  [Client  9] Round 37 | Hier-pFedMe(λ2=35.0,K=3) | loss=0.0010
  [Client  7] Round 37 | Hier-pFedMe(λ2=35.0,K=3) | loss=0.8057
  [Client  1] Round 37 | Hier-pFedMe(λ2=35.0,K=3) | loss=0.3771
  [Client  4] Round 37 | Hier-pFedMe(λ2=35.0,K=3) | loss=0.3878
  [Client  3] Round 37 | Hier-pFedMe(λ2=35.0,K=3) | loss=0.4713
  [Edge 0] G37 | E2 | loss=0.5463
  [Edge 0] G37 | E3 | Hier-pFedMe | Selected 10/10
  [Client  6] Round 37 | Hier-pFedMe(λ2=35.0,K=3) | loss=0.5640
  [Client  9] Round 37 | Hier-pFedMe(λ2=35.0,K=3) | loss=0.0153
  [Client  8] Round 37 | Hier-pFedMe(λ2=35.0,K=3) | loss=0.0015
  [Client  1] Round 37 | Hier-pFedMe(λ2=35.0,K=3) | loss=0.7250
  [Client  4] Round 37 | Hier-pFedMe(λ2=35.0,K=3) | loss=0.4741
  [Client  2] Round 37 | Hier-pFedMe(λ2=35.0,K=3) | loss=0.9632
  [Client  3] Round 37 | Hier-pFedMe(λ2=35.0,K=3) | loss=0.1848
  [Client  5] Round 37 | Hier-pFedMe(λ2=35.0,K=3) | loss=0.6560
  [Client  7] Round 37 | Hier-pFedMe(λ2=35.0,K=3) | loss=0.6349
  [Client  0] Round 37 | Hier-pFedMe(λ2=35.0,K=3) | loss=0.4967
  [Edge 0] G37 | E3 | loss=0.5230
  [Edge 0] G37 | E4 | Hier-pFedMe | Selected 10/10
  [Client  6] Round 37 | Hier-pFedMe(λ2=35.0,K=3) | loss=0.5485
  [Client  7] Round 37 | Hier-pFedMe(λ2=35.0,K=3) | loss=0.4691
  [Client  4] Round 37 | Hier-pFedMe(λ2=35.0,K=3) | loss=0.5998
  [Client  1] Round 37 | Hier-pFedMe(λ2=35.0,K=3) | loss=0.5812
  [Client  9] Round 37 | Hier-pFedMe(λ2=35.0,K=3) | loss=0.0306
  [Client  2] Round 37 | Hier-pFedMe(λ2=35.0,K=3) | loss=0.5257
  [Client  3] Round 37 | Hier-pFedMe(λ2=35.0,K=3) | loss=0.7385
  [Client  8] Round 37 | Hier-pFedMe(λ2=35.0,K=3) | loss=0.0244
  [Client  5] Round 37 | Hier-pFedMe(λ2=35.0,K=3) | loss=1.6611
  [Client  0] Round 37 | Hier-pFedMe(λ2=35.0,K=3) | loss=0.6301
  [Edge 0] G37 | E4 | loss=0.6424
  [Edge 0] G37 | E5 | Hier-pFedMe | Selected 10/10
  [Client  3] Round 37 | Hier-pFedMe(λ2=35.0,K=3) | loss=0.2924
  [Client  2] Round 37 | Hier-pFedMe(λ2=35.0,K=3) | loss=0.7518
  [Client  9] Round 37 | Hier-pFedMe(λ2=35.0,K=3) | loss=0.0057
  [Client  1] Round 37 | Hier-pFedMe(λ2=35.0,K=3) | loss=0.5849
  [Client  5] Round 37 | Hier-pFedMe(λ2=35.0,K=3) | loss=0.4653
  [Client  4] Round 37 | Hier-pFedMe(λ2=35.0,K=3) | loss=0.4156
  [Client  0] Round 37 | Hier-pFedMe(λ2=35.0,K=3) | loss=0.4576
  [Client  8] Round 37 | Hier-pFedMe(λ2=35.0,K=3) | loss=0.0065
  [Client  7] Round 37 | Hier-pFedMe(λ2=35.0,K=3) | loss=0.3058
  [Client  6] Round 37 | Hier-pFedMe(λ2=35.0,K=3) | loss=0.8540
  [Edge 0] G37 | E5 | loss=0.4593
  [Edge 1] G37 | E1 | Hier-pFedMe | Selected 10/10
  [Client 13] Round 37 | Hier-pFedMe(λ2=35.0,K=3) | loss=0.5082
  [Client 19] Round 37 | Hier-pFedMe(λ2=35.0,K=3) | loss=0.3514
  [Client 14] Round 37 | Hier-pFedMe(λ2=35.0,K=3) | loss=0.3239
  [Client 17] Round 37 | Hier-pFedMe(λ2=35.0,K=3) | loss=0.2845
  [Client 18] Round 37 | Hier-pFedMe(λ2=35.0,K=3) | loss=0.6147
  [Client 15] Round 37 | Hier-pFedMe(λ2=35.0,K=3) | loss=0.6584  [Client 11] Round 37 | Hier-pFedMe(λ2=35.0,K=3) | loss=0.4103

  [Client 16] Round 37 | Hier-pFedMe(λ2=35.0,K=3) | loss=0.3027
  [Client 12] Round 37 | Hier-pFedMe(λ2=35.0,K=3) | loss=0.3999
  [Client 10] Round 37 | Hier-pFedMe(λ2=35.0,K=3) | loss=0.4843
  [Edge 1] G37 | E1 | loss=0.4338
  [Edge 1] G37 | E2 | Hier-pFedMe | Selected 10/10
  [Client 18] Round 37 | Hier-pFedMe(λ2=35.0,K=3) | loss=0.7483
  [Client 13] Round 37 | Hier-pFedMe(λ2=35.0,K=3) | loss=0.5628
  [Client 16] Round 37 | Hier-pFedMe(λ2=35.0,K=3) | loss=0.4993
  [Client 12] Round 37 | Hier-pFedMe(λ2=35.0,K=3) | loss=0.2411
  [Client 19] Round 37 | Hier-pFedMe(λ2=35.0,K=3) | loss=0.3279
  [Client 10] Round 37 | Hier-pFedMe(λ2=35.0,K=3) | loss=0.4988
  [Client 11] Round 37 | Hier-pFedMe(λ2=35.0,K=3) | loss=0.3695
  [Client 15] Round 37 | Hier-pFedMe(λ2=35.0,K=3) | loss=1.2326
  [Client 17] Round 37 | Hier-pFedMe(λ2=35.0,K=3) | loss=0.3320
  [Client 14] Round 37 | Hier-pFedMe(λ2=35.0,K=3) | loss=0.3470
  [Edge 1] G37 | E2 | loss=0.5159
  [Edge 1] G37 | E3 | Hier-pFedMe | Selected 10/10
  [Client 19] Round 37 | Hier-pFedMe(λ2=35.0,K=3) | loss=0.2790
  [Client 12] Round 37 | Hier-pFedMe(λ2=35.0,K=3) | loss=0.3380
  [Client 16] Round 37 | Hier-pFedMe(λ2=35.0,K=3) | loss=0.3601
  [Client 14] Round 37 | Hier-pFedMe(λ2=35.0,K=3) | loss=0.1964
  [Client 11] Round 37 | Hier-pFedMe(λ2=35.0,K=3) | loss=0.8459
  [Client 15] Round 37 | Hier-pFedMe(λ2=35.0,K=3) | loss=0.4809
  [Client 13] Round 37 | Hier-pFedMe(λ2=35.0,K=3) | loss=0.4731
  [Client 18] Round 37 | Hier-pFedMe(λ2=35.0,K=3) | loss=0.4907
  [Client 17] Round 37 | Hier-pFedMe(λ2=35.0,K=3) | loss=0.6326
  [Client 10] Round 37 | Hier-pFedMe(λ2=35.0,K=3) | loss=0.2562
  [Edge 1] G37 | E3 | loss=0.4353
  [Edge 1] G37 | E4 | Hier-pFedMe | Selected 10/10
  [Client 14] Round 37 | Hier-pFedMe(λ2=35.0,K=3) | loss=0.3698
  [Client 15] Round 37 | Hier-pFedMe(λ2=35.0,K=3) | loss=0.6597  [Client 17] Round 37 | Hier-pFedMe(λ2=35.0,K=3) | loss=1.1234

  [Client 11] Round 37 | Hier-pFedMe(λ2=35.0,K=3) | loss=0.4655
  [Client 10] Round 37 | Hier-pFedMe(λ2=35.0,K=3) | loss=0.4319
  [Client 18] Round 37 | Hier-pFedMe(λ2=35.0,K=3) | loss=1.7102
  [Client 13] Round 37 | Hier-pFedMe(λ2=35.0,K=3) | loss=0.4807
  [Client 12] Round 37 | Hier-pFedMe(λ2=35.0,K=3) | loss=0.6677
  [Client 19] Round 37 | Hier-pFedMe(λ2=35.0,K=3) | loss=0.1928
  [Client 16] Round 37 | Hier-pFedMe(λ2=35.0,K=3) | loss=0.6973
  [Edge 1] G37 | E4 | loss=0.6799
  [Edge 1] G37 | E5 | Hier-pFedMe | Selected 10/10
  [Client 12] Round 37 | Hier-pFedMe(λ2=35.0,K=3) | loss=0.5162
  [Client 14] Round 37 | Hier-pFedMe(λ2=35.0,K=3) | loss=0.5207
  [Client 13] Round 37 | Hier-pFedMe(λ2=35.0,K=3) | loss=0.5494
  [Client 11] Round 37 | Hier-pFedMe(λ2=35.0,K=3) | loss=0.3887
  [Client 15] Round 37 | Hier-pFedMe(λ2=35.0,K=3) | loss=0.4750  [Client 10] Round 37 | Hier-pFedMe(λ2=35.0,K=3) | loss=0.6834

  [Client 17] Round 37 | Hier-pFedMe(λ2=35.0,K=3) | loss=0.4065
  [Client 19] Round 37 | Hier-pFedMe(λ2=35.0,K=3) | loss=0.4267
  [Client 18] Round 37 | Hier-pFedMe(λ2=35.0,K=3) | loss=0.6740
  [Client 16] Round 37 | Hier-pFedMe(λ2=35.0,K=3) | loss=0.4725
  [Edge 1] G37 | E5 | loss=0.5113
[C0] eval model[0] mean=-0.001946 | θ̃ mean=-0.001946 | edge mean=-0.001667
[C0] n=1000 | classes=[3, 6] | acc=0.6770 | per_class={3: '0.64', 6: '0.72'}
[C1] eval model[0] mean=-0.002676 | θ̃ mean=-0.002676 | edge mean=-0.001667
[C1] n=1000 | classes=[3, 6] | acc=0.4980 | per_class={3: '0.03', 6: '1.00'}
[C2] eval model[0] mean=-0.002555 | θ̃ mean=-0.002555 | edge mean=-0.001667
[C2] n=1000 | classes=[2, 5] | acc=0.7240 | per_class={2: '0.77', 5: '0.68'}
[C3] eval model[0] mean=-0.002375 | θ̃ mean=-0.002375 | edge mean=-0.001667
[C3] n=1000 | classes=[5, 7] | acc=0.4970 | per_class={5: '0.01', 7: '1.00'}
[C4] eval model[0] mean=-0.002068 | θ̃ mean=-0.002068 | edge mean=-0.001667
[C4] n=1000 | classes=[2, 7] | acc=0.5960 | per_class={2: '0.90', 7: '0.28'}
[C5] eval model[0] mean=-0.001714 | θ̃ mean=-0.001714 | edge mean=-0.001667
[C5] n=1000 | classes=[2, 4] | acc=0.5490 | per_class={2: '0.27', 4: '0.84'}
[C6] eval model[0] mean=-0.001366 | θ̃ mean=-0.001366 | edge mean=-0.001667
[C6] n=1000 | classes=[6, 7] | acc=0.7030 | per_class={6: '0.83', 7: '0.58'}
[C7] eval model[0] mean=-0.001221 | θ̃ mean=-0.001221 | edge mean=-0.001667
[C7] n=1000 | classes=[3, 5] | acc=0.5360 | per_class={3: '0.29', 5: '0.77'}
[C8] eval model[0] mean=-0.002049 | θ̃ mean=-0.002049 | edge mean=-0.001667
[C8] n=500 | classes=[4] | acc=0.9960 | per_class={4: '1.00'}
[C9] eval model[0] mean=-0.002176 | θ̃ mean=-0.002176 | edge mean=-0.001667
[C9] n=500 | classes=[4] | acc=1.0000 | per_class={4: '1.00'}
[C10] eval model[0] mean=-0.002985 | θ̃ mean=-0.002985 | edge mean=-0.002386
[C10] n=600 | classes=[8, 9] | acc=0.7067 | per_class={8: '0.95', 9: '0.48'}
[C11] eval model[0] mean=-0.001985 | θ̃ mean=-0.001985 | edge mean=-0.002386
[C11] n=600 | classes=[0, 1] | acc=0.6883 | per_class={0: '0.87', 1: '0.51'}
[C12] eval model[0] mean=-0.003092 | θ̃ mean=-0.003092 | edge mean=-0.002386
[C12] n=600 | classes=[1, 8] | acc=0.7650 | per_class={1: '0.76', 8: '0.77'}
[C13] eval model[0] mean=-0.001748 | θ̃ mean=-0.001748 | edge mean=-0.002386
[C13] n=600 | classes=[0, 8] | acc=0.7033 | per_class={0: '0.54', 8: '0.88'}
[C14] eval model[0] mean=-0.002293 | θ̃ mean=-0.002293 | edge mean=-0.002386
[C14] n=600 | classes=[0, 9] | acc=0.7467 | per_class={0: '0.94', 9: '0.54'}
[C15] eval model[0] mean=-0.002952 | θ̃ mean=-0.002952 | edge mean=-0.002386
[C15] n=600 | classes=[0, 8] | acc=0.6850 | per_class={0: '0.46', 8: '0.92'}
[C16] eval model[0] mean=-0.003513 | θ̃ mean=-0.003513 | edge mean=-0.002386
[C16] n=600 | classes=[1, 8] | acc=0.8017 | per_class={1: '0.84', 8: '0.77'}
[C17] eval model[0] mean=-0.002670 | θ̃ mean=-0.002670 | edge mean=-0.002386
[C17] n=600 | classes=[1, 9] | acc=0.6400 | per_class={1: '0.55', 9: '0.73'}
[C18] eval model[0] mean=-0.002694 | θ̃ mean=-0.002694 | edge mean=-0.002386
[C18] n=600 | classes=[1, 9] | acc=0.4983 | per_class={1: '0.11', 9: '0.92'}
[C19] eval model[0] mean=-0.002115 | θ̃ mean=-0.002115 | edge mean=-0.002386
[C19] n=600 | classes=[0, 9] | acc=0.7617 | per_class={0: '0.75', 9: '0.77'}
  [Cloud] GM=0.3532 | EM=0.4020 PM=0.6651 | loss=1.8544 | time=17.1s | comm=2501.9MB (total=92570MB)

[Round  38] Broadcasting to 2 edges...
  [Edge 0] G38 | E1 | Hier-pFedMe | Selected 10/10
  [Client  6] Round 38 | Hier-pFedMe(λ2=35.0,K=3) | loss=0.5090
  [Client  9] Round 38 | Hier-pFedMe(λ2=35.0,K=3) | loss=0.0031
  [Client  5] Round 38 | Hier-pFedMe(λ2=35.0,K=3) | loss=2.3377
  [Client  1] Round 38 | Hier-pFedMe(λ2=35.0,K=3) | loss=0.6750
  [Client  4] Round 38 | Hier-pFedMe(λ2=35.0,K=3) | loss=0.4678
  [Client  3] Round 38 | Hier-pFedMe(λ2=35.0,K=3) | loss=0.3995
  [Client  8] Round 38 | Hier-pFedMe(λ2=35.0,K=3) | loss=0.0168
  [Client  0] Round 38 | Hier-pFedMe(λ2=35.0,K=3) | loss=0.7072
  [Client  7] Round 38 | Hier-pFedMe(λ2=35.0,K=3) | loss=0.4807
  [Client  2] Round 38 | Hier-pFedMe(λ2=35.0,K=3) | loss=0.5696
  [Edge 0] G38 | E1 | loss=0.6840
  [Edge 0] G38 | E2 | Hier-pFedMe | Selected 10/10
  [Client  7] Round 38 | Hier-pFedMe(λ2=35.0,K=3) | loss=0.5987
  [Client  1] Round 38 | Hier-pFedMe(λ2=35.0,K=3) | loss=0.5016
  [Client  9] Round 38 | Hier-pFedMe(λ2=35.0,K=3) | loss=0.0139
  [Client  2] Round 38 | Hier-pFedMe(λ2=35.0,K=3) | loss=1.0882
  [Client  8] Round 38 | Hier-pFedMe(λ2=35.0,K=3) | loss=0.0118
  [Client  5] Round 38 | Hier-pFedMe(λ2=35.0,K=3) | loss=1.2241
  [Client  4] Round 38 | Hier-pFedMe(λ2=35.0,K=3) | loss=0.4008
  [Client  3] Round 38 | Hier-pFedMe(λ2=35.0,K=3) | loss=0.6744
  [Client  6] Round 38 | Hier-pFedMe(λ2=35.0,K=3) | loss=0.3771
  [Client  0] Round 38 | Hier-pFedMe(λ2=35.0,K=3) | loss=0.6676
  [Edge 0] G38 | E2 | loss=0.6162
  [Edge 0] G38 | E3 | Hier-pFedMe | Selected 10/10
  [Client  9] Round 38 | Hier-pFedMe(λ2=35.0,K=3) | loss=0.0036
  [Client  0] Round 38 | Hier-pFedMe(λ2=35.0,K=3) | loss=0.5381
  [Client  6] Round 38 | Hier-pFedMe(λ2=35.0,K=3) | loss=0.3567
  [Client  2] Round 38 | Hier-pFedMe(λ2=35.0,K=3) | loss=0.4024
  [Client  4] Round 38 | Hier-pFedMe(λ2=35.0,K=3) | loss=0.4779
  [Client  8] Round 38 | Hier-pFedMe(λ2=35.0,K=3) | loss=0.0384
  [Client  7] Round 38 | Hier-pFedMe(λ2=35.0,K=3) | loss=0.3725
  [Client  1] Round 38 | Hier-pFedMe(λ2=35.0,K=3) | loss=0.5237
  [Client  3] Round 38 | Hier-pFedMe(λ2=35.0,K=3) | loss=0.5572
  [Client  5] Round 38 | Hier-pFedMe(λ2=35.0,K=3) | loss=0.2949
  [Edge 0] G38 | E3 | loss=0.3938
  [Edge 0] G38 | E4 | Hier-pFedMe | Selected 10/10
  [Client  0] Round 38 | Hier-pFedMe(λ2=35.0,K=3) | loss=0.8013
  [Client  7] Round 38 | Hier-pFedMe(λ2=35.0,K=3) | loss=0.7262
  [Client  8] Round 38 | Hier-pFedMe(λ2=35.0,K=3) | loss=0.0051
  [Client  6] Round 38 | Hier-pFedMe(λ2=35.0,K=3) | loss=0.4803
  [Client  1] Round 38 | Hier-pFedMe(λ2=35.0,K=3) | loss=0.4883
  [Client  5] Round 38 | Hier-pFedMe(λ2=35.0,K=3) | loss=1.0887
  [Client  3] Round 38 | Hier-pFedMe(λ2=35.0,K=3) | loss=0.6338
  [Client  4] Round 38 | Hier-pFedMe(λ2=35.0,K=3) | loss=0.3758
  [Client  2] Round 38 | Hier-pFedMe(λ2=35.0,K=3) | loss=0.5175
  [Client  9] Round 38 | Hier-pFedMe(λ2=35.0,K=3) | loss=0.0218
  [Edge 0] G38 | E4 | loss=0.5695
  [Edge 0] G38 | E5 | Hier-pFedMe | Selected 10/10
  [Client  8] Round 38 | Hier-pFedMe(λ2=35.0,K=3) | loss=0.0113
  [Client  6] Round 38 | Hier-pFedMe(λ2=35.0,K=3) | loss=0.5743
  [Client  7] Round 38 | Hier-pFedMe(λ2=35.0,K=3) | loss=0.6491
  [Client  1] Round 38 | Hier-pFedMe(λ2=35.0,K=3) | loss=0.5598
  [Client  0] Round 38 | Hier-pFedMe(λ2=35.0,K=3) | loss=0.8585
  [Client  2] Round 38 | Hier-pFedMe(λ2=35.0,K=3) | loss=0.5610
  [Client  9] Round 38 | Hier-pFedMe(λ2=35.0,K=3) | loss=0.0106
  [Client  4] Round 38 | Hier-pFedMe(λ2=35.0,K=3) | loss=0.4278
  [Client  3] Round 38 | Hier-pFedMe(λ2=35.0,K=3) | loss=0.4587
  [Client  5] Round 38 | Hier-pFedMe(λ2=35.0,K=3) | loss=0.4762
  [Edge 0] G38 | E5 | loss=0.5085
  [Edge 1] G38 | E1 | Hier-pFedMe | Selected 10/10
  [Client 10] Round 38 | Hier-pFedMe(λ2=35.0,K=3) | loss=0.6361
  [Client 11] Round 38 | Hier-pFedMe(λ2=35.0,K=3) | loss=0.6921
  [Client 17] Round 38 | Hier-pFedMe(λ2=35.0,K=3) | loss=0.9547
  [Client 19] Round 38 | Hier-pFedMe(λ2=35.0,K=3) | loss=0.3553
  [Client 13] Round 38 | Hier-pFedMe(λ2=35.0,K=3) | loss=1.0169
  [Client 15] Round 38 | Hier-pFedMe(λ2=35.0,K=3) | loss=1.0268
  [Client 16] Round 38 | Hier-pFedMe(λ2=35.0,K=3) | loss=0.2589
  [Client 12] Round 38 | Hier-pFedMe(λ2=35.0,K=3) | loss=0.6521
  [Client 18] Round 38 | Hier-pFedMe(λ2=35.0,K=3) | loss=1.2649
  [Client 14] Round 38 | Hier-pFedMe(λ2=35.0,K=3) | loss=0.2148
  [Edge 1] G38 | E1 | loss=0.7073
  [Edge 1] G38 | E2 | Hier-pFedMe | Selected 10/10
  [Client 18] Round 38 | Hier-pFedMe(λ2=35.0,K=3) | loss=0.7041
  [Client 14] Round 38 | Hier-pFedMe(λ2=35.0,K=3) | loss=0.2797
  [Client 10] Round 38 | Hier-pFedMe(λ2=35.0,K=3) | loss=0.6967
  [Client 11] Round 38 | Hier-pFedMe(λ2=35.0,K=3) | loss=0.2599
  [Client 12] Round 38 | Hier-pFedMe(λ2=35.0,K=3) | loss=0.1591
  [Client 15] Round 38 | Hier-pFedMe(λ2=35.0,K=3) | loss=0.5643
  [Client 13] Round 38 | Hier-pFedMe(λ2=35.0,K=3) | loss=0.6950
  [Client 17] Round 38 | Hier-pFedMe(λ2=35.0,K=3) | loss=0.6784
  [Client 16] Round 38 | Hier-pFedMe(λ2=35.0,K=3) | loss=0.3743
  [Client 19] Round 38 | Hier-pFedMe(λ2=35.0,K=3) | loss=0.4797
  [Edge 1] G38 | E2 | loss=0.4891
  [Edge 1] G38 | E3 | Hier-pFedMe | Selected 10/10
  [Client 19] Round 38 | Hier-pFedMe(λ2=35.0,K=3) | loss=0.4588
  [Client 11] Round 38 | Hier-pFedMe(λ2=35.0,K=3) | loss=0.3384  [Client 17] Round 38 | Hier-pFedMe(λ2=35.0,K=3) | loss=0.9247

  [Client 18] Round 38 | Hier-pFedMe(λ2=35.0,K=3) | loss=0.6607
  [Client 13] Round 38 | Hier-pFedMe(λ2=35.0,K=3) | loss=0.5785  [Client 16] Round 38 | Hier-pFedMe(λ2=35.0,K=3) | loss=0.3765

  [Client 15] Round 38 | Hier-pFedMe(λ2=35.0,K=3) | loss=0.4653
  [Client 14] Round 38 | Hier-pFedMe(λ2=35.0,K=3) | loss=0.3937
  [Client 10] Round 38 | Hier-pFedMe(λ2=35.0,K=3) | loss=0.2722
  [Client 12] Round 38 | Hier-pFedMe(λ2=35.0,K=3) | loss=0.2396
  [Edge 1] G38 | E3 | loss=0.4708
  [Edge 1] G38 | E4 | Hier-pFedMe | Selected 10/10
  [Client 10] Round 38 | Hier-pFedMe(λ2=35.0,K=3) | loss=0.3808
  [Client 11] Round 38 | Hier-pFedMe(λ2=35.0,K=3) | loss=0.4009
  [Client 16] Round 38 | Hier-pFedMe(λ2=35.0,K=3) | loss=0.1939
  [Client 15] Round 38 | Hier-pFedMe(λ2=35.0,K=3) | loss=0.6543
  [Client 18] Round 38 | Hier-pFedMe(λ2=35.0,K=3) | loss=0.6213
  [Client 12] Round 38 | Hier-pFedMe(λ2=35.0,K=3) | loss=0.3474
  [Client 17] Round 38 | Hier-pFedMe(λ2=35.0,K=3) | loss=0.5790
  [Client 14] Round 38 | Hier-pFedMe(λ2=35.0,K=3) | loss=0.2827
  [Client 13] Round 38 | Hier-pFedMe(λ2=35.0,K=3) | loss=0.6817
  [Client 19] Round 38 | Hier-pFedMe(λ2=35.0,K=3) | loss=0.5036
  [Edge 1] G38 | E4 | loss=0.4646
  [Edge 1] G38 | E5 | Hier-pFedMe | Selected 10/10
  [Client 16] Round 38 | Hier-pFedMe(λ2=35.0,K=3) | loss=0.4847
  [Client 13] Round 38 | Hier-pFedMe(λ2=35.0,K=3) | loss=0.5198
  [Client 11] Round 38 | Hier-pFedMe(λ2=35.0,K=3) | loss=0.7514
  [Client 18] Round 38 | Hier-pFedMe(λ2=35.0,K=3) | loss=0.6992
  [Client 10] Round 38 | Hier-pFedMe(λ2=35.0,K=3) | loss=0.5031
  [Client 15] Round 38 | Hier-pFedMe(λ2=35.0,K=3) | loss=0.3476
  [Client 17] Round 38 | Hier-pFedMe(λ2=35.0,K=3) | loss=0.4299
  [Client 19] Round 38 | Hier-pFedMe(λ2=35.0,K=3) | loss=0.2962
  [Client 12] Round 38 | Hier-pFedMe(λ2=35.0,K=3) | loss=0.4465
  [Client 14] Round 38 | Hier-pFedMe(λ2=35.0,K=3) | loss=0.1830
  [Edge 1] G38 | E5 | loss=0.4661
[C0] eval model[0] mean=-0.000565 | θ̃ mean=-0.000565 | edge mean=-0.001391
[C0] n=1000 | classes=[3, 6] | acc=0.4950 | per_class={3: '0.04', 6: '0.98'}
[C1] eval model[0] mean=-0.001563 | θ̃ mean=-0.001563 | edge mean=-0.001391
[C1] n=1000 | classes=[3, 6] | acc=0.6720 | per_class={3: '0.84', 6: '0.49'}
[C2] eval model[0] mean=-0.002364 | θ̃ mean=-0.002364 | edge mean=-0.001391
[C2] n=1000 | classes=[2, 5] | acc=0.6230 | per_class={2: '0.97', 5: '0.27'}
[C3] eval model[0] mean=-0.000532 | θ̃ mean=-0.000532 | edge mean=-0.001391
[C3] n=1000 | classes=[5, 7] | acc=0.6190 | per_class={5: '0.73', 7: '0.51'}
[C4] eval model[0] mean=-0.001647 | θ̃ mean=-0.001647 | edge mean=-0.001391
[C4] n=1000 | classes=[2, 7] | acc=0.6830 | per_class={2: '0.82', 7: '0.54'}
[C5] eval model[0] mean=-0.000095 | θ̃ mean=-0.000095 | edge mean=-0.001391
[C5] n=1000 | classes=[2, 4] | acc=0.5200 | per_class={2: '0.10', 4: '0.95'}
[C6] eval model[0] mean=-0.001408 | θ̃ mean=-0.001408 | edge mean=-0.001391
[C6] n=1000 | classes=[6, 7] | acc=0.5790 | per_class={6: '0.17', 7: '0.98'}
[C7] eval model[0] mean=-0.001268 | θ̃ mean=-0.001268 | edge mean=-0.001391
[C7] n=1000 | classes=[3, 5] | acc=0.5120 | per_class={3: '0.00', 5: '0.99'}
[C8] eval model[0] mean=-0.001619 | θ̃ mean=-0.001619 | edge mean=-0.001391
[C8] n=500 | classes=[4] | acc=0.9980 | per_class={4: '1.00'}
[C9] eval model[0] mean=-0.001877 | θ̃ mean=-0.001877 | edge mean=-0.001391
[C9] n=500 | classes=[4] | acc=1.0000 | per_class={4: '1.00'}
[C10] eval model[0] mean=-0.002608 | θ̃ mean=-0.002608 | edge mean=-0.002359
[C10] n=600 | classes=[8, 9] | acc=0.6867 | per_class={8: '0.89', 9: '0.50'}
[C11] eval model[0] mean=-0.003854 | θ̃ mean=-0.003854 | edge mean=-0.002359
[C11] n=600 | classes=[0, 1] | acc=0.7000 | per_class={0: '0.81', 1: '0.59'}
[C12] eval model[0] mean=-0.002860 | θ̃ mean=-0.002860 | edge mean=-0.002359
[C12] n=600 | classes=[1, 8] | acc=0.7633 | per_class={1: '0.67', 8: '0.87'}
[C13] eval model[0] mean=-0.002892 | θ̃ mean=-0.002892 | edge mean=-0.002359
[C13] n=600 | classes=[0, 8] | acc=0.4733 | per_class={0: '0.03', 8: '0.96'}
[C14] eval model[0] mean=-0.002305 | θ̃ mean=-0.002305 | edge mean=-0.002359
[C14] n=600 | classes=[0, 9] | acc=0.7733 | per_class={0: '0.71', 9: '0.84'}
[C15] eval model[0] mean=-0.002272 | θ̃ mean=-0.002272 | edge mean=-0.002359
[C15] n=600 | classes=[0, 8] | acc=0.6933 | per_class={0: '0.54', 8: '0.85'}
[C16] eval model[0] mean=-0.002613 | θ̃ mean=-0.002613 | edge mean=-0.002359
[C16] n=600 | classes=[1, 8] | acc=0.8250 | per_class={1: '0.80', 8: '0.84'}
[C17] eval model[0] mean=-0.002326 | θ̃ mean=-0.002326 | edge mean=-0.002359
[C17] n=600 | classes=[1, 9] | acc=0.6567 | per_class={1: '0.45', 9: '0.85'}
[C18] eval model[0] mean=-0.002178 | θ̃ mean=-0.002178 | edge mean=-0.002359
[C18] n=600 | classes=[1, 9] | acc=0.5517 | per_class={1: '0.22', 9: '0.92'}
[C19] eval model[0] mean=-0.002532 | θ̃ mean=-0.002532 | edge mean=-0.002359
[C19] n=600 | classes=[0, 9] | acc=0.7783 | per_class={0: '0.76', 9: '0.80'}
  [Cloud] GM=0.3471 | EM=0.3831 PM=0.6562 | loss=1.8640 | time=18.3s | comm=2501.9MB (total=95072MB)

[Round  39] Broadcasting to 2 edges...
  [Edge 0] G39 | E1 | Hier-pFedMe | Selected 10/10
  [Client  4] Round 39 | Hier-pFedMe(λ2=35.0,K=3) | loss=0.5164
  [Client  1] Round 39 | Hier-pFedMe(λ2=35.0,K=3) | loss=0.3912
  [Client  8] Round 39 | Hier-pFedMe(λ2=35.0,K=3) | loss=0.0171
  [Client  3] Round 39 | Hier-pFedMe(λ2=35.0,K=3) | loss=0.5681
  [Client  7] Round 39 | Hier-pFedMe(λ2=35.0,K=3) | loss=0.4969
  [Client  6] Round 39 | Hier-pFedMe(λ2=35.0,K=3) | loss=0.3198
  [Client  2] Round 39 | Hier-pFedMe(λ2=35.0,K=3) | loss=0.8729  [Client  5] Round 39 | Hier-pFedMe(λ2=35.0,K=3) | loss=0.7576

  [Client  0] Round 39 | Hier-pFedMe(λ2=35.0,K=3) | loss=0.6883
  [Client  9] Round 39 | Hier-pFedMe(λ2=35.0,K=3) | loss=0.0124
  [Edge 0] G39 | E1 | loss=0.5140
  [Edge 0] G39 | E2 | Hier-pFedMe | Selected 10/10
  [Client  2] Round 39 | Hier-pFedMe(λ2=35.0,K=3) | loss=0.6390
  [Client  0] Round 39 | Hier-pFedMe(λ2=35.0,K=3) | loss=0.8984
  [Client  4] Round 39 | Hier-pFedMe(λ2=35.0,K=3) | loss=0.6117
  [Client  8] Round 39 | Hier-pFedMe(λ2=35.0,K=3) | loss=0.0070
  [Client  3] Round 39 | Hier-pFedMe(λ2=35.0,K=3) | loss=0.4447
  [Client  9] Round 39 | Hier-pFedMe(λ2=35.0,K=3) | loss=0.0141
  [Client  7] Round 39 | Hier-pFedMe(λ2=35.0,K=3) | loss=0.7811
  [Client  1] Round 39 | Hier-pFedMe(λ2=35.0,K=3) | loss=0.5064
  [Client  6] Round 39 | Hier-pFedMe(λ2=35.0,K=3) | loss=0.3800
  [Client  5] Round 39 | Hier-pFedMe(λ2=35.0,K=3) | loss=0.5340
  [Edge 0] G39 | E2 | loss=0.5340
  [Edge 0] G39 | E3 | Hier-pFedMe | Selected 10/10
  [Client  3] Round 39 | Hier-pFedMe(λ2=35.0,K=3) | loss=0.6831
  [Client  6] Round 39 | Hier-pFedMe(λ2=35.0,K=3) | loss=0.6192
  [Client  8] Round 39 | Hier-pFedMe(λ2=35.0,K=3) | loss=0.0165
  [Client  1] Round 39 | Hier-pFedMe(λ2=35.0,K=3) | loss=0.6409
  [Client  2] Round 39 | Hier-pFedMe(λ2=35.0,K=3) | loss=0.4778
  [Client  5] Round 39 | Hier-pFedMe(λ2=35.0,K=3) | loss=0.5790
  [Client  0] Round 39 | Hier-pFedMe(λ2=35.0,K=3) | loss=0.6819
  [Client  4] Round 39 | Hier-pFedMe(λ2=35.0,K=3) | loss=0.7687
  [Client  9] Round 39 | Hier-pFedMe(λ2=35.0,K=3) | loss=0.0048
  [Client  7] Round 39 | Hier-pFedMe(λ2=35.0,K=3) | loss=0.5610
  [Edge 0] G39 | E3 | loss=0.5580
  [Edge 0] G39 | E4 | Hier-pFedMe | Selected 10/10
  [Client  6] Round 39 | Hier-pFedMe(λ2=35.0,K=3) | loss=0.6034
  [Client  7] Round 39 | Hier-pFedMe(λ2=35.0,K=3) | loss=0.4568
  [Client  3] Round 39 | Hier-pFedMe(λ2=35.0,K=3) | loss=0.3848
  [Client  5] Round 39 | Hier-pFedMe(λ2=35.0,K=3) | loss=0.6048
  [Client  0] Round 39 | Hier-pFedMe(λ2=35.0,K=3) | loss=0.4569
  [Client  2] Round 39 | Hier-pFedMe(λ2=35.0,K=3) | loss=0.5206
  [Client  1] Round 39 | Hier-pFedMe(λ2=35.0,K=3) | loss=0.6850
  [Client  8] Round 39 | Hier-pFedMe(λ2=35.0,K=3) | loss=0.0043
  [Client  9] Round 39 | Hier-pFedMe(λ2=35.0,K=3) | loss=0.0206
  [Client  4] Round 39 | Hier-pFedMe(λ2=35.0,K=3) | loss=0.6507
  [Edge 0] G39 | E4 | loss=0.4861
  [Edge 0] G39 | E5 | Hier-pFedMe | Selected 10/10
  [Client  9] Round 39 | Hier-pFedMe(λ2=35.0,K=3) | loss=0.0030
  [Client  3] Round 39 | Hier-pFedMe(λ2=35.0,K=3) | loss=0.2468  [Client  7] Round 39 | Hier-pFedMe(λ2=35.0,K=3) | loss=0.5624

  [Client  8] Round 39 | Hier-pFedMe(λ2=35.0,K=3) | loss=0.0102
  [Client  6] Round 39 | Hier-pFedMe(λ2=35.0,K=3) | loss=0.4812
  [Client  2] Round 39 | Hier-pFedMe(λ2=35.0,K=3) | loss=0.7765
  [Client  4] Round 39 | Hier-pFedMe(λ2=35.0,K=3) | loss=0.8498
  [Client  5] Round 39 | Hier-pFedMe(λ2=35.0,K=3) | loss=0.3626
  [Client  1] Round 39 | Hier-pFedMe(λ2=35.0,K=3) | loss=0.4274
  [Client  0] Round 39 | Hier-pFedMe(λ2=35.0,K=3) | loss=0.5259
  [Edge 0] G39 | E5 | loss=0.4710
  [Edge 1] G39 | E1 | Hier-pFedMe | Selected 10/10
  [Client 11] Round 39 | Hier-pFedMe(λ2=35.0,K=3) | loss=0.5816
  [Client 14] Round 39 | Hier-pFedMe(λ2=35.0,K=3) | loss=0.4907
  [Client 12] Round 39 | Hier-pFedMe(λ2=35.0,K=3) | loss=0.3120
  [Client 16] Round 39 | Hier-pFedMe(λ2=35.0,K=3) | loss=0.2829
  [Client 13] Round 39 | Hier-pFedMe(λ2=35.0,K=3) | loss=0.6697
  [Client 15] Round 39 | Hier-pFedMe(λ2=35.0,K=3) | loss=0.5616
  [Client 19] Round 39 | Hier-pFedMe(λ2=35.0,K=3) | loss=0.2003
  [Client 17] Round 39 | Hier-pFedMe(λ2=35.0,K=3) | loss=0.3926
  [Client 18] Round 39 | Hier-pFedMe(λ2=35.0,K=3) | loss=0.5786
  [Client 10] Round 39 | Hier-pFedMe(λ2=35.0,K=3) | loss=1.0421
  [Edge 1] G39 | E1 | loss=0.5112
  [Edge 1] G39 | E2 | Hier-pFedMe | Selected 10/10
  [Client 17] Round 39 | Hier-pFedMe(λ2=35.0,K=3) | loss=0.4003
  [Client 15] Round 39 | Hier-pFedMe(λ2=35.0,K=3) | loss=0.5103
  [Client 10] Round 39 | Hier-pFedMe(λ2=35.0,K=3) | loss=0.7600
  [Client 12] Round 39 | Hier-pFedMe(λ2=35.0,K=3) | loss=0.2816
  [Client 14] Round 39 | Hier-pFedMe(λ2=35.0,K=3) | loss=0.4192
  [Client 18] Round 39 | Hier-pFedMe(λ2=35.0,K=3) | loss=0.4735
  [Client 13] Round 39 | Hier-pFedMe(λ2=35.0,K=3) | loss=0.4198
  [Client 19] Round 39 | Hier-pFedMe(λ2=35.0,K=3) | loss=0.4400
  [Client 11] Round 39 | Hier-pFedMe(λ2=35.0,K=3) | loss=0.4712
  [Client 16] Round 39 | Hier-pFedMe(λ2=35.0,K=3) | loss=0.4405
  [Edge 1] G39 | E2 | loss=0.4616
  [Edge 1] G39 | E3 | Hier-pFedMe | Selected 10/10
  [Client 10] Round 39 | Hier-pFedMe(λ2=35.0,K=3) | loss=0.8747
  [Client 14] Round 39 | Hier-pFedMe(λ2=35.0,K=3) | loss=1.0471
  [Client 17] Round 39 | Hier-pFedMe(λ2=35.0,K=3) | loss=0.6151
  [Client 16] Round 39 | Hier-pFedMe(λ2=35.0,K=3) | loss=0.1675
  [Client 19] Round 39 | Hier-pFedMe(λ2=35.0,K=3) | loss=0.4129
  [Client 15] Round 39 | Hier-pFedMe(λ2=35.0,K=3) | loss=0.3178
  [Client 12] Round 39 | Hier-pFedMe(λ2=35.0,K=3) | loss=0.3848
  [Client 11] Round 39 | Hier-pFedMe(λ2=35.0,K=3) | loss=0.1767
  [Client 18] Round 39 | Hier-pFedMe(λ2=35.0,K=3) | loss=0.5146
  [Client 13] Round 39 | Hier-pFedMe(λ2=35.0,K=3) | loss=0.5487
  [Edge 1] G39 | E3 | loss=0.5060
  [Edge 1] G39 | E4 | Hier-pFedMe | Selected 10/10
  [Client 15] Round 39 | Hier-pFedMe(λ2=35.0,K=3) | loss=0.3183
  [Client 16] Round 39 | Hier-pFedMe(λ2=35.0,K=3) | loss=0.7574
  [Client 14] Round 39 | Hier-pFedMe(λ2=35.0,K=3) | loss=0.5494
  [Client 12] Round 39 | Hier-pFedMe(λ2=35.0,K=3) | loss=0.1644
  [Client 18] Round 39 | Hier-pFedMe(λ2=35.0,K=3) | loss=0.4410
  [Client 10] Round 39 | Hier-pFedMe(λ2=35.0,K=3) | loss=0.7585  [Client 11] Round 39 | Hier-pFedMe(λ2=35.0,K=3) | loss=0.3337

  [Client 13] Round 39 | Hier-pFedMe(λ2=35.0,K=3) | loss=0.7279
  [Client 19] Round 39 | Hier-pFedMe(λ2=35.0,K=3) | loss=0.1778
  [Client 17] Round 39 | Hier-pFedMe(λ2=35.0,K=3) | loss=0.8062
  [Edge 1] G39 | E4 | loss=0.5035
  [Edge 1] G39 | E5 | Hier-pFedMe | Selected 10/10
  [Client 12] Round 39 | Hier-pFedMe(λ2=35.0,K=3) | loss=0.3282  [Client 19] Round 39 | Hier-pFedMe(λ2=35.0,K=3) | loss=0.0814

  [Client 15] Round 39 | Hier-pFedMe(λ2=35.0,K=3) | loss=0.4859
  [Client 17] Round 39 | Hier-pFedMe(λ2=35.0,K=3) | loss=0.7175
  [Client 16] Round 39 | Hier-pFedMe(λ2=35.0,K=3) | loss=0.2499
  [Client 14] Round 39 | Hier-pFedMe(λ2=35.0,K=3) | loss=1.1089
  [Client 18] Round 39 | Hier-pFedMe(λ2=35.0,K=3) | loss=0.5737
  [Client 13] Round 39 | Hier-pFedMe(λ2=35.0,K=3) | loss=0.4902
  [Client 11] Round 39 | Hier-pFedMe(λ2=35.0,K=3) | loss=0.7602
  [Client 10] Round 39 | Hier-pFedMe(λ2=35.0,K=3) | loss=0.3631
  [Edge 1] G39 | E5 | loss=0.5159
[C0] eval model[0] mean=-0.000816 | θ̃ mean=-0.000816 | edge mean=-0.001775
[C0] n=1000 | classes=[3, 6] | acc=0.5070 | per_class={3: '0.99', 6: '0.00'}
[C1] eval model[0] mean=-0.001771 | θ̃ mean=-0.001771 | edge mean=-0.001775
[C1] n=1000 | classes=[3, 6] | acc=0.7230 | per_class={3: '0.78', 6: '0.66'}
[C2] eval model[0] mean=-0.002245 | θ̃ mean=-0.002245 | edge mean=-0.001775
[C2] n=1000 | classes=[2, 5] | acc=0.5110 | per_class={2: '1.00', 5: '0.01'}
[C3] eval model[0] mean=-0.000876 | θ̃ mean=-0.000876 | edge mean=-0.001775
[C3] n=1000 | classes=[5, 7] | acc=0.6690 | per_class={5: '0.63', 7: '0.71'}
[C4] eval model[0] mean=-0.001512 | θ̃ mean=-0.001512 | edge mean=-0.001775
[C4] n=1000 | classes=[2, 7] | acc=0.5160 | per_class={2: '1.00', 7: '0.02'}
[C5] eval model[0] mean=-0.001762 | θ̃ mean=-0.001762 | edge mean=-0.001775
[C5] n=1000 | classes=[2, 4] | acc=0.5970 | per_class={2: '0.69', 4: '0.50'}
[C6] eval model[0] mean=-0.002346 | θ̃ mean=-0.002346 | edge mean=-0.001775
[C6] n=1000 | classes=[6, 7] | acc=0.7320 | per_class={6: '0.67', 7: '0.79'}
[C7] eval model[0] mean=-0.002924 | θ̃ mean=-0.002924 | edge mean=-0.001775
[C7] n=1000 | classes=[3, 5] | acc=0.5420 | per_class={3: '0.66', 5: '0.43'}
[C8] eval model[0] mean=-0.001481 | θ̃ mean=-0.001481 | edge mean=-0.001775
[C8] n=500 | classes=[4] | acc=0.9720 | per_class={4: '0.97'}
[C9] eval model[0] mean=-0.001544 | θ̃ mean=-0.001544 | edge mean=-0.001775
[C9] n=500 | classes=[4] | acc=0.9700 | per_class={4: '0.97'}
[C10] eval model[0] mean=-0.002946 | θ̃ mean=-0.002946 | edge mean=-0.002512
[C10] n=600 | classes=[8, 9] | acc=0.7033 | per_class={8: '0.87', 9: '0.54'}
[C11] eval model[0] mean=-0.003029 | θ̃ mean=-0.003029 | edge mean=-0.002512
[C11] n=600 | classes=[0, 1] | acc=0.6167 | per_class={0: '0.94', 1: '0.29'}
[C12] eval model[0] mean=-0.002690 | θ̃ mean=-0.002690 | edge mean=-0.002512
[C12] n=600 | classes=[1, 8] | acc=0.7367 | per_class={1: '0.59', 8: '0.89'}
[C13] eval model[0] mean=-0.002390 | θ̃ mean=-0.002390 | edge mean=-0.002512
[C13] n=600 | classes=[0, 8] | acc=0.6433 | per_class={0: '0.37', 8: '0.94'}
[C14] eval model[0] mean=-0.001909 | θ̃ mean=-0.001909 | edge mean=-0.002512
[C14] n=600 | classes=[0, 9] | acc=0.7567 | per_class={0: '0.56', 9: '0.97'}
[C15] eval model[0] mean=-0.002442 | θ̃ mean=-0.002442 | edge mean=-0.002512
[C15] n=600 | classes=[0, 8] | acc=0.6683 | per_class={0: '0.76', 8: '0.57'}
[C16] eval model[0] mean=-0.003102 | θ̃ mean=-0.003102 | edge mean=-0.002512
[C16] n=600 | classes=[1, 8] | acc=0.7417 | per_class={1: '0.52', 8: '0.95'}
[C17] eval model[0] mean=-0.003084 | θ̃ mean=-0.003084 | edge mean=-0.002512
[C17] n=600 | classes=[1, 9] | acc=0.6233 | per_class={1: '0.58', 9: '0.66'}
[C18] eval model[0] mean=-0.002667 | θ̃ mean=-0.002667 | edge mean=-0.002512
[C18] n=600 | classes=[1, 9] | acc=0.5600 | per_class={1: '0.24', 9: '0.91'}
[C19] eval model[0] mean=-0.002499 | θ̃ mean=-0.002499 | edge mean=-0.002512
[C19] n=600 | classes=[0, 9] | acc=0.7483 | per_class={0: '0.71', 9: '0.79'}
  [Cloud] GM=0.3502 | EM=0.3827 PM=0.6565 | loss=1.8505 | time=17.0s | comm=2501.9MB (total=97573MB)

[Round  40] Broadcasting to 2 edges...
  [Edge 0] G40 | E1 | Hier-pFedMe | Selected 10/10
  [Client  8] Round 40 | Hier-pFedMe(λ2=35.0,K=3) | loss=0.0108
  [Client  5] Round 40 | Hier-pFedMe(λ2=35.0,K=3) | loss=0.4139  [Client  7] Round 40 | Hier-pFedMe(λ2=35.0,K=3) | loss=0.4553

  [Client  9] Round 40 | Hier-pFedMe(λ2=35.0,K=3) | loss=0.0080
  [Client  0] Round 40 | Hier-pFedMe(λ2=35.0,K=3) | loss=0.3575
  [Client  3] Round 40 | Hier-pFedMe(λ2=35.0,K=3) | loss=0.6031
  [Client  2] Round 40 | Hier-pFedMe(λ2=35.0,K=3) | loss=1.0979
  [Client  1] Round 40 | Hier-pFedMe(λ2=35.0,K=3) | loss=0.6257
  [Client  4] Round 40 | Hier-pFedMe(λ2=35.0,K=3) | loss=0.8410
  [Client  6] Round 40 | Hier-pFedMe(λ2=35.0,K=3) | loss=0.7036
  [Edge 0] G40 | E1 | loss=0.5675
  [Edge 0] G40 | E2 | Hier-pFedMe | Selected 10/10
  [Client  6] Round 40 | Hier-pFedMe(λ2=35.0,K=3) | loss=0.4562
  [Client  8] Round 40 | Hier-pFedMe(λ2=35.0,K=3) | loss=0.0235
  [Client  7] Round 40 | Hier-pFedMe(λ2=35.0,K=3) | loss=0.5268
  [Client  3] Round 40 | Hier-pFedMe(λ2=35.0,K=3) | loss=0.6740
  [Client  4] Round 40 | Hier-pFedMe(λ2=35.0,K=3) | loss=0.3646
  [Client  2] Round 40 | Hier-pFedMe(λ2=35.0,K=3) | loss=0.6251
  [Client  0] Round 40 | Hier-pFedMe(λ2=35.0,K=3) | loss=0.6606
  [Client  5] Round 40 | Hier-pFedMe(λ2=35.0,K=3) | loss=0.5179
  [Client  1] Round 40 | Hier-pFedMe(λ2=35.0,K=3) | loss=0.4473
  [Client  9] Round 40 | Hier-pFedMe(λ2=35.0,K=3) | loss=0.0105
  [Edge 0] G40 | E2 | loss=0.4766
  [Edge 0] G40 | E3 | Hier-pFedMe | Selected 10/10
  [Client  2] Round 40 | Hier-pFedMe(λ2=35.0,K=3) | loss=1.0580  [Client  4] Round 40 | Hier-pFedMe(λ2=35.0,K=3) | loss=0.4370
  [Client  6] Round 40 | Hier-pFedMe(λ2=35.0,K=3) | loss=1.4905

  [Client  9] Round 40 | Hier-pFedMe(λ2=35.0,K=3) | loss=0.0036
  [Client  5] Round 40 | Hier-pFedMe(λ2=35.0,K=3) | loss=1.0848  [Client  8] Round 40 | Hier-pFedMe(λ2=35.0,K=3) | loss=0.0030

  [Client  0] Round 40 | Hier-pFedMe(λ2=35.0,K=3) | loss=0.4225
  [Client  7] Round 40 | Hier-pFedMe(λ2=35.0,K=3) | loss=1.0079
  [Client  1] Round 40 | Hier-pFedMe(λ2=35.0,K=3) | loss=0.3394
  [Client  3] Round 40 | Hier-pFedMe(λ2=35.0,K=3) | loss=0.5453
  [Edge 0] G40 | E3 | loss=0.7099
  [Edge 0] G40 | E4 | Hier-pFedMe | Selected 10/10
  [Client  1] Round 40 | Hier-pFedMe(λ2=35.0,K=3) | loss=0.5166  [Client  9] Round 40 | Hier-pFedMe(λ2=35.0,K=3) | loss=0.0089  [Client  0] Round 40 | Hier-pFedMe(λ2=35.0,K=3) | loss=0.5777


  [Client  4] Round 40 | Hier-pFedMe(λ2=35.0,K=3) | loss=0.7578
  [Client  3] Round 40 | Hier-pFedMe(λ2=35.0,K=3) | loss=0.4079
  [Client  7] Round 40 | Hier-pFedMe(λ2=35.0,K=3) | loss=0.9136  [Client  5] Round 40 | Hier-pFedMe(λ2=35.0,K=3) | loss=0.7463  [Client  6] Round 40 | Hier-pFedMe(λ2=35.0,K=3) | loss=0.5122


  [Client  8] Round 40 | Hier-pFedMe(λ2=35.0,K=3) | loss=0.0222
  [Client  2] Round 40 | Hier-pFedMe(λ2=35.0,K=3) | loss=0.5647
  [Edge 0] G40 | E4 | loss=0.5569
  [Edge 0] G40 | E5 | Hier-pFedMe | Selected 10/10
  [Client  0] Round 40 | Hier-pFedMe(λ2=35.0,K=3) | loss=0.4899
  [Client  8] Round 40 | Hier-pFedMe(λ2=35.0,K=3) | loss=0.0023  [Client  2] Round 40 | Hier-pFedMe(λ2=35.0,K=3) | loss=0.6151  [Client  3] Round 40 | Hier-pFedMe(λ2=35.0,K=3) | loss=0.9119


  [Client  6] Round 40 | Hier-pFedMe(λ2=35.0,K=3) | loss=1.7978
  [Client  4] Round 40 | Hier-pFedMe(λ2=35.0,K=3) | loss=0.4176
  [Client  7] Round 40 | Hier-pFedMe(λ2=35.0,K=3) | loss=0.7803
  [Client  1] Round 40 | Hier-pFedMe(λ2=35.0,K=3) | loss=0.5063
  [Client  9] Round 40 | Hier-pFedMe(λ2=35.0,K=3) | loss=0.0057
  [Client  5] Round 40 | Hier-pFedMe(λ2=35.0,K=3) | loss=0.7982
  [Edge 0] G40 | E5 | loss=0.7023
  [Edge 1] G40 | E1 | Hier-pFedMe | Selected 10/10
  [Client 11] Round 40 | Hier-pFedMe(λ2=35.0,K=3) | loss=0.3513
  [Client 18] Round 40 | Hier-pFedMe(λ2=35.0,K=3) | loss=1.1737
  [Client 10] Round 40 | Hier-pFedMe(λ2=35.0,K=3) | loss=0.7445
  [Client 17] Round 40 | Hier-pFedMe(λ2=35.0,K=3) | loss=0.3658
  [Client 14] Round 40 | Hier-pFedMe(λ2=35.0,K=3) | loss=0.2115
  [Client 12] Round 40 | Hier-pFedMe(λ2=35.0,K=3) | loss=0.4320
  [Client 13] Round 40 | Hier-pFedMe(λ2=35.0,K=3) | loss=1.0686  [Client 16] Round 40 | Hier-pFedMe(λ2=35.0,K=3) | loss=0.3533

  [Client 15] Round 40 | Hier-pFedMe(λ2=35.0,K=3) | loss=0.6060
  [Client 19] Round 40 | Hier-pFedMe(λ2=35.0,K=3) | loss=0.2150
  [Edge 1] G40 | E1 | loss=0.5522
  [Edge 1] G40 | E2 | Hier-pFedMe | Selected 10/10
  [Client 18] Round 40 | Hier-pFedMe(λ2=35.0,K=3) | loss=0.2896  [Client 10] Round 40 | Hier-pFedMe(λ2=35.0,K=3) | loss=0.3995  [Client 17] Round 40 | Hier-pFedMe(λ2=35.0,K=3) | loss=0.3462


  [Client 15] Round 40 | Hier-pFedMe(λ2=35.0,K=3) | loss=0.9726
  [Client 11] Round 40 | Hier-pFedMe(λ2=35.0,K=3) | loss=0.3833  [Client 13] Round 40 | Hier-pFedMe(λ2=35.0,K=3) | loss=0.5512

  [Client 12] Round 40 | Hier-pFedMe(λ2=35.0,K=3) | loss=0.2843
  [Client 14] Round 40 | Hier-pFedMe(λ2=35.0,K=3) | loss=0.3644
  [Client 16] Round 40 | Hier-pFedMe(λ2=35.0,K=3) | loss=0.3632
  [Client 19] Round 40 | Hier-pFedMe(λ2=35.0,K=3) | loss=0.2172
  [Edge 1] G40 | E2 | loss=0.4172
  [Edge 1] G40 | E3 | Hier-pFedMe | Selected 10/10
  [Client 15] Round 40 | Hier-pFedMe(λ2=35.0,K=3) | loss=0.3558  [Client 19] Round 40 | Hier-pFedMe(λ2=35.0,K=3) | loss=0.2516

  [Client 11] Round 40 | Hier-pFedMe(λ2=35.0,K=3) | loss=0.1086  [Client 17] Round 40 | Hier-pFedMe(λ2=35.0,K=3) | loss=0.2168

  [Client 12] Round 40 | Hier-pFedMe(λ2=35.0,K=3) | loss=0.6600
  [Client 16] Round 40 | Hier-pFedMe(λ2=35.0,K=3) | loss=0.2560  [Client 14] Round 40 | Hier-pFedMe(λ2=35.0,K=3) | loss=0.5419

  [Client 18] Round 40 | Hier-pFedMe(λ2=35.0,K=3) | loss=0.6637
  [Client 13] Round 40 | Hier-pFedMe(λ2=35.0,K=3) | loss=0.4251
  [Client 10] Round 40 | Hier-pFedMe(λ2=35.0,K=3) | loss=0.3295
  [Edge 1] G40 | E3 | loss=0.3809
  [Edge 1] G40 | E4 | Hier-pFedMe | Selected 10/10
  [Client 15] Round 40 | Hier-pFedMe(λ2=35.0,K=3) | loss=0.4912
  [Client 18] Round 40 | Hier-pFedMe(λ2=35.0,K=3) | loss=0.5751  [Client 16] Round 40 | Hier-pFedMe(λ2=35.0,K=3) | loss=0.7333  [Client 13] Round 40 | Hier-pFedMe(λ2=35.0,K=3) | loss=0.4160


  [Client 10] Round 40 | Hier-pFedMe(λ2=35.0,K=3) | loss=0.4101
  [Client 12] Round 40 | Hier-pFedMe(λ2=35.0,K=3) | loss=0.7676
  [Client 11] Round 40 | Hier-pFedMe(λ2=35.0,K=3) | loss=0.3991
  [Client 17] Round 40 | Hier-pFedMe(λ2=35.0,K=3) | loss=0.7010
  [Client 14] Round 40 | Hier-pFedMe(λ2=35.0,K=3) | loss=0.3305  [Client 19] Round 40 | Hier-pFedMe(λ2=35.0,K=3) | loss=0.4160

  [Edge 1] G40 | E4 | loss=0.5240
  [Edge 1] G40 | E5 | Hier-pFedMe | Selected 10/10
  [Client 14] Round 40 | Hier-pFedMe(λ2=35.0,K=3) | loss=0.4866
  [Client 15] Round 40 | Hier-pFedMe(λ2=35.0,K=3) | loss=0.6461  [Client 12] Round 40 | Hier-pFedMe(λ2=35.0,K=3) | loss=0.4832
  [Client 19] Round 40 | Hier-pFedMe(λ2=35.0,K=3) | loss=0.6902

  [Client 16] Round 40 | Hier-pFedMe(λ2=35.0,K=3) | loss=0.4398
  [Client 17] Round 40 | Hier-pFedMe(λ2=35.0,K=3) | loss=0.7669
  [Client 13] Round 40 | Hier-pFedMe(λ2=35.0,K=3) | loss=0.6686
  [Client 18] Round 40 | Hier-pFedMe(λ2=35.0,K=3) | loss=1.3013
  [Client 10] Round 40 | Hier-pFedMe(λ2=35.0,K=3) | loss=0.2666  [Client 11] Round 40 | Hier-pFedMe(λ2=35.0,K=3) | loss=0.5671

  [Edge 1] G40 | E5 | loss=0.6316
[C0] eval model[0] mean=-0.002120 | θ̃ mean=-0.002120 | edge mean=-0.001807
[C0] n=1000 | classes=[3, 6] | acc=0.6610 | per_class={3: '0.86', 6: '0.45'}
[C1] eval model[0] mean=-0.002024 | θ̃ mean=-0.002024 | edge mean=-0.001807
[C1] n=1000 | classes=[3, 6] | acc=0.5220 | per_class={3: '0.09', 6: '0.98'}
[C2] eval model[0] mean=-0.001992 | θ̃ mean=-0.001992 | edge mean=-0.001807
[C2] n=1000 | classes=[2, 5] | acc=0.6040 | per_class={2: '0.94', 5: '0.25'}
[C3] eval model[0] mean=-0.001033 | θ̃ mean=-0.001033 | edge mean=-0.001807
[C3] n=1000 | classes=[5, 7] | acc=0.5770 | per_class={5: '0.95', 7: '0.19'}
[C4] eval model[0] mean=-0.001843 | θ̃ mean=-0.001843 | edge mean=-0.001807
[C4] n=1000 | classes=[2, 7] | acc=0.5270 | per_class={2: '0.98', 7: '0.06'}
[C5] eval model[0] mean=-0.001133 | θ̃ mean=-0.001133 | edge mean=-0.001807
[C5] n=1000 | classes=[2, 4] | acc=0.5480 | per_class={2: '0.26', 4: '0.85'}
[C6] eval model[0] mean=0.002146 | θ̃ mean=0.002146 | edge mean=-0.001807
[C6] n=1000 | classes=[6, 7] | acc=0.6020 | per_class={6: '0.87', 7: '0.34'}
[C7] eval model[0] mean=-0.002548 | θ̃ mean=-0.002548 | edge mean=-0.001807
[C7] n=1000 | classes=[3, 5] | acc=0.5130 | per_class={3: '0.00', 5: '1.00'}
[C8] eval model[0] mean=-0.002044 | θ̃ mean=-0.002044 | edge mean=-0.001807
[C8] n=500 | classes=[4] | acc=0.9960 | per_class={4: '1.00'}
[C9] eval model[0] mean=-0.002319 | θ̃ mean=-0.002319 | edge mean=-0.001807
[C9] n=500 | classes=[4] | acc=1.0000 | per_class={4: '1.00'}
[C10] eval model[0] mean=-0.002419 | θ̃ mean=-0.002419 | edge mean=-0.002354
[C10] n=600 | classes=[8, 9] | acc=0.7517 | per_class={8: '0.88', 9: '0.63'}
[C11] eval model[0] mean=-0.001677 | θ̃ mean=-0.001677 | edge mean=-0.002354
[C11] n=600 | classes=[0, 1] | acc=0.7467 | per_class={0: '0.52', 1: '0.97'}
[C12] eval model[0] mean=-0.001473 | θ̃ mean=-0.001473 | edge mean=-0.002354
[C12] n=600 | classes=[1, 8] | acc=0.6167 | per_class={1: '0.26', 8: '0.99'}
[C13] eval model[0] mean=-0.002136 | θ̃ mean=-0.002136 | edge mean=-0.002354
[C13] n=600 | classes=[0, 8] | acc=0.5583 | per_class={0: '0.97', 8: '0.11'}
[C14] eval model[0] mean=-0.001329 | θ̃ mean=-0.001329 | edge mean=-0.002354
[C14] n=600 | classes=[0, 9] | acc=0.7683 | per_class={0: '0.91', 9: '0.62'}
[C15] eval model[0] mean=-0.003429 | θ̃ mean=-0.003429 | edge mean=-0.002354
[C15] n=600 | classes=[0, 8] | acc=0.6783 | per_class={0: '0.61', 8: '0.75'}
[C16] eval model[0] mean=-0.002090 | θ̃ mean=-0.002090 | edge mean=-0.002354
[C16] n=600 | classes=[1, 8] | acc=0.6883 | per_class={1: '0.46', 8: '0.91'}
[C17] eval model[0] mean=-0.003069 | θ̃ mean=-0.003069 | edge mean=-0.002354
[C17] n=600 | classes=[1, 9] | acc=0.5717 | per_class={1: '0.94', 9: '0.23'}
[C18] eval model[0] mean=-0.001445 | θ̃ mean=-0.001445 | edge mean=-0.002354
[C18] n=600 | classes=[1, 9] | acc=0.4667 | per_class={1: '0.01', 9: '0.97'}
[C19] eval model[0] mean=-0.003239 | θ̃ mean=-0.003239 | edge mean=-0.002354
[C19] n=600 | classes=[0, 9] | acc=0.7683 | per_class={0: '0.56', 9: '0.96'}
  [Cloud] GM=0.3542 | EM=0.4014 PM=0.6347 | loss=1.8430 | time=17.4s | comm=2501.9MB (total=100075MB)

[Cloud] Training complete.
