This job can be monitored from: https://job.c3se.chalmers.se/alvis/6597422
========================================
Job ID      : 6597422
Job Name    : HierFLcifar10
Node        : alvis10-01
Start Time  : Thu May  7 08:01:20 CEST 2026
Working Dir : /cephyr/users/ziangg/Alvis/tf-dpfl
========================================
[Setup] Python: /cephyr/users/ziangg/Alvis/tf-dpfl/bin/python
[Setup] TF version: 2.15.1
[Setup] GPU available: [PhysicalDevice(name='/physical_device:GPU:0', device_type='GPU')]
[Config] Override: wandb.enabled = True
[Setup] Random seed: 42
[Setup] Loading dataset...
[Data] CIFAR-100 from Mimer: /mimer/NOBACKUP/Datasets/CIFAR
[Data] CIFAR-100 | train=50000 test=10000 classes=100
[Setup] Building global model...
Model: "cifar_cnn_3conv"
_________________________________________________________________
 Layer (type)                Output Shape              Param #   
=================================================================
 input_1 (InputLayer)        [(None, 32, 32, 3)]       0         
                                                                 
 conv2d (Conv2D)             (None, 32, 32, 32)        896       
                                                                 
 batch_normalization (Batch  (None, 32, 32, 32)        128       
 Normalization)                                                  
                                                                 
 re_lu (ReLU)                (None, 32, 32, 32)        0         
                                                                 
 conv2d_1 (Conv2D)           (None, 32, 32, 64)        18496     
                                                                 
 batch_normalization_1 (Bat  (None, 32, 32, 64)        256       
 chNormalization)                                                
                                                                 
 re_lu_1 (ReLU)              (None, 32, 32, 64)        0         
                                                                 
 max_pooling2d (MaxPooling2  (None, 16, 16, 64)        0         
 D)                                                              
                                                                 
 conv2d_2 (Conv2D)           (None, 16, 16, 128)       73856     
                                                                 
 batch_normalization_2 (Bat  (None, 16, 16, 128)       512       
 chNormalization)                                                
                                                                 
 re_lu_2 (ReLU)              (None, 16, 16, 128)       0         
                                                                 
 conv2d_3 (Conv2D)           (None, 16, 16, 128)       147584    
                                                                 
 batch_normalization_3 (Bat  (None, 16, 16, 128)       512       
 chNormalization)                                                
                                                                 
 re_lu_3 (ReLU)              (None, 16, 16, 128)       0         
                                                                 
 max_pooling2d_1 (MaxPoolin  (None, 8, 8, 128)         0         
 g2D)                                                            
                                                                 
 spatial_dropout2d (Spatial  (None, 8, 8, 128)         0         
 Dropout2D)                                                      
                                                                 
 conv2d_4 (Conv2D)           (None, 8, 8, 256)         295168    
                                                                 
 batch_normalization_4 (Bat  (None, 8, 8, 256)         1024      
 chNormalization)                                                
                                                                 
 re_lu_4 (ReLU)              (None, 8, 8, 256)         0         
                                                                 
 conv2d_5 (Conv2D)           (None, 8, 8, 256)         590080    
                                                                 
 batch_normalization_5 (Bat  (None, 8, 8, 256)         1024      
 chNormalization)                                                
                                                                 
 re_lu_5 (ReLU)              (None, 8, 8, 256)         0         
                                                                 
 max_pooling2d_2 (MaxPoolin  (None, 4, 4, 256)         0         
 g2D)                                                            
                                                                 
 flatten (Flatten)           (None, 4096)              0         
                                                                 
 dropout (Dropout)           (None, 4096)              0         
                                                                 
 dense (Dense)               (None, 1024)              4195328   
                                                                 
 dense_1 (Dense)             (None, 512)               524800    
                                                                 
 dropout_1 (Dropout)         (None, 512)               0         
                                                                 
 dense_2 (Dense)             (None, 100)               51300     
                                                                 
=================================================================
Total params: 5900964 (22.51 MB)
Trainable params: 5899236 (22.50 MB)
Non-trainable params: 1728 (6.75 KB)
_________________________________________________________________
[Setup] Building clients...

[Pathological non-IID] 20 clients, 10 classes/client, 100 total classes
Client       Samples    Classes held (cls:count)
------------------------------------------------------------------------
client_0     2500       [cls23:250, cls35:250, cls39:250, cls42:250, cls48:250, cls52:250, cls56:250, cls62:250, cls80:250, cls88:250]
client_1     2500       [cls7:250, cls27:250, cls33:250, cls37:250, cls49:250, cls58:250, cls70:250, cls71:250, cls83:250, cls93:250]
client_2     2500       [cls9:250, cls18:250, cls40:500, cls51:250, cls59:250, cls62:250, cls67:250, cls90:250, cls94:250]
client_3     2500       [cls5:250, cls7:250, cls8:250, cls17:250, cls27:250, cls48:250, cls58:250, cls74:250, cls87:250, cls96:250]
client_4     2500       [cls12:250, cls38:250, cls43:250, cls47:250, cls53:250, cls57:250, cls64:250, cls74:250, cls96:250, cls98:250]
client_5     2500       [cls3:250, cls13:250, cls26:500, cls32:250, cls47:250, cls60:250, cls64:250, cls75:250, cls78:250]
client_6     2500       [cls13:250, cls22:250, cls23:250, cls30:250, cls34:250, cls54:250, cls65:250, cls66:250, cls69:250, cls73:250]
client_7     2500       [cls4:250, cls8:250, cls11:250, cls15:250, cls24:500, cls36:250, cls42:250, cls69:250, cls80:250]
client_8     2500       [cls1:250, cls5:250, cls10:250, cls22:250, cls32:250, cls54:250, cls67:250, cls77:250, cls90:250, cls93:250]
client_9     2500       [cls16:250, cls36:250, cls41:250, cls50:250, cls51:250, cls52:250, cls59:250, cls61:500, cls82:250]
client_10    2500       [cls0:250, cls2:250, cls18:250, cls38:250, cls45:250, cls55:250, cls78:250, cls85:250, cls87:250, cls97:250]
client_11    2500       [cls0:250, cls2:250, cls11:250, cls15:250, cls19:250, cls28:250, cls63:250, cls70:250, cls73:250, cls79:250]
client_12    2500       [cls4:250, cls14:250, cls19:250, cls65:250, cls68:250, cls76:250, cls83:250, cls88:250, cls89:250, cls91:250]
client_13    2500       [cls20:250, cls56:250, cls63:250, cls77:250, cls79:250, cls81:500, cls84:250, cls95:250, cls98:250]
client_14    2500       [cls6:250, cls28:250, cls29:500, cls31:250, cls39:250, cls45:250, cls72:250, cls85:250, cls94:250]
client_15    2500       [cls12:250, cls16:250, cls34:250, cls46:250, cls55:250, cls57:250, cls60:250, cls68:250, cls84:250, cls86:250]
client_16    2500       [cls6:250, cls10:250, cls20:250, cls21:250, cls43:250, cls49:250, cls82:250, cls86:250, cls92:250, cls99:250]
client_17    2500       [cls1:250, cls25:250, cls30:250, cls31:250, cls33:250, cls37:250, cls41:250, cls44:500, cls99:250]
client_18    2500       [cls14:250, cls17:250, cls21:250, cls35:250, cls46:250, cls50:250, cls71:250, cls92:250, cls95:250, cls97:250]
client_19    2500       [cls3:250, cls9:250, cls25:250, cls53:250, cls66:250, cls72:250, cls75:250, cls76:250, cls89:250, cls91:250]

[Test split] 20 per-client test sets, avg 965 samples each
[Setup] 20 clients built (pathological) | per-client test sets injected
[Setup] Building edge servers...

  [Semantic] CIFAR-100 edge groups (superclass level):
    Edge 0: ['aquatic mammals', 'fish', 'insects', 'large carnivores', 'herbivores', 'medium mammals', 'invertebrates', 'people', 'reptiles', 'small mammals']  (fine classes: 50)
    Edge 1: ['flowers', 'food containers', 'fruit/veg', 'electrical', 'furniture', 'man-made outdoor', 'natural outdoor', 'trees', 'vehicles1', 'vehicles2']  (fine classes: 50)

[Assignment] Semantic | 2 edges | dataset=cifar100
  Edge 0: clients [4, 5, 6, 7, 8, 10, 11, 12, 13, 14, 17, 18, 19]
  Edge 1: clients [0, 1, 2, 3, 9, 15, 16]
[EdgeServer 0] 13 clients | 32500 samples
[EdgeServer 1] 7 clients | 17500 samples

[Setup] Built 2 edge servers (strategy=semantic)
  Edge 0: 13 clients | 32500 samples
  Edge 1: 7 clients | 17500 samples
[CloudServer] 2 edges | model: 22.51 MB

====================================================
 HierFAVG Training Start
====================================================

[Round   1] Broadcasting to 2 edges...
  [Edge 0] G1 | E1 | Hier-pFedMe | Selected 13/13
  [Client 12] Round 1 | Hier-pFedMe(λ2=35.0) | loss=2.1089
  [Client 18] Round 1 | Hier-pFedMe(λ2=35.0) | loss=1.7414
  [Client 17] Round 1 | Hier-pFedMe(λ2=35.0) | loss=1.9238
  [Client  4] Round 1 | Hier-pFedMe(λ2=35.0) | loss=1.9594
  [Client 10] Round 1 | Hier-pFedMe(λ2=35.0) | loss=2.0921
  [Client  6] Round 1 | Hier-pFedMe(λ2=35.0) | loss=1.9725
  [Client  7] Round 1 | Hier-pFedMe(λ2=35.0) | loss=1.9470
  [Client  5] Round 1 | Hier-pFedMe(λ2=35.0) | loss=1.8976
  [Client 19] Round 1 | Hier-pFedMe(λ2=35.0) | loss=2.0203
  [Client 13] Round 1 | Hier-pFedMe(λ2=35.0) | loss=1.8139
  [Client  8] Round 1 | Hier-pFedMe(λ2=35.0) | loss=2.1812
  [Client 14] Round 1 | Hier-pFedMe(λ2=35.0) | loss=2.0184
  [Client 11] Round 1 | Hier-pFedMe(λ2=35.0) | loss=2.0109
  [Edge 0] G1 | E1 | loss=1.9760
  [Edge 0] G1 | E2 | Hier-pFedMe | Selected 13/13
  [Client 19] Round 1 | Hier-pFedMe(λ2=35.0) | loss=2.0070
  [Client 14] Round 1 | Hier-pFedMe(λ2=35.0) | loss=2.0614
  [Client  4] Round 1 | Hier-pFedMe(λ2=35.0) | loss=1.9510
  [Client  5] Round 1 | Hier-pFedMe(λ2=35.0) | loss=1.8474
  [Client  7] Round 1 | Hier-pFedMe(λ2=35.0) | loss=1.9464
  [Client  8] Round 1 | Hier-pFedMe(λ2=35.0) | loss=2.2097
  [Client 17] Round 1 | Hier-pFedMe(λ2=35.0) | loss=1.9201
  [Client 10] Round 1 | Hier-pFedMe(λ2=35.0) | loss=2.2033
  [Client 12] Round 1 | Hier-pFedMe(λ2=35.0) | loss=1.9763
  [Client 18] Round 1 | Hier-pFedMe(λ2=35.0) | loss=1.8307
  [Client  6] Round 1 | Hier-pFedMe(λ2=35.0) | loss=1.9898
  [Client 13] Round 1 | Hier-pFedMe(λ2=35.0) | loss=1.8011
  [Client 11] Round 1 | Hier-pFedMe(λ2=35.0) | loss=2.0955
  [Edge 0] G1 | E2 | loss=1.9877
  [Edge 0] G1 | E3 | Hier-pFedMe | Selected 13/13
  [Client 13] Round 1 | Hier-pFedMe(λ2=35.0) | loss=1.6437
  [Client  4] Round 1 | Hier-pFedMe(λ2=35.0) | loss=1.7490
  [Client 14] Round 1 | Hier-pFedMe(λ2=35.0) | loss=1.7689
  [Client 17] Round 1 | Hier-pFedMe(λ2=35.0) | loss=1.7345
  [Client 12] Round 1 | Hier-pFedMe(λ2=35.0) | loss=1.7319
  [Client 19] Round 1 | Hier-pFedMe(λ2=35.0) | loss=1.8172
  [Client  6] Round 1 | Hier-pFedMe(λ2=35.0) | loss=1.7874
  [Client  7] Round 1 | Hier-pFedMe(λ2=35.0) | loss=1.8147
  [Client 11] Round 1 | Hier-pFedMe(λ2=35.0) | loss=1.8511
  [Client 10] Round 1 | Hier-pFedMe(λ2=35.0) | loss=1.9933
  [Client 18] Round 1 | Hier-pFedMe(λ2=35.0) | loss=1.7004
  [Client  8] Round 1 | Hier-pFedMe(λ2=35.0) | loss=2.0481
  [Client  5] Round 1 | Hier-pFedMe(λ2=35.0) | loss=1.6905
  [Edge 0] G1 | E3 | loss=1.7947
  [Edge 0] G1 | E4 | Hier-pFedMe | Selected 13/13
  [Client 11] Round 1 | Hier-pFedMe(λ2=35.0) | loss=1.6251
  [Client 19] Round 1 | Hier-pFedMe(λ2=35.0) | loss=1.6294
  [Client 18] Round 1 | Hier-pFedMe(λ2=35.0) | loss=1.5107
  [Client  4] Round 1 | Hier-pFedMe(λ2=35.0) | loss=1.5928
  [Client 13] Round 1 | Hier-pFedMe(λ2=35.0) | loss=1.4396
  [Client  6] Round 1 | Hier-pFedMe(λ2=35.0) | loss=1.5819
  [Client 10] Round 1 | Hier-pFedMe(λ2=35.0) | loss=1.7737
  [Client  7] Round 1 | Hier-pFedMe(λ2=35.0) | loss=1.6134
  [Client 12] Round 1 | Hier-pFedMe(λ2=35.0) | loss=1.5709
  [Client  8] Round 1 | Hier-pFedMe(λ2=35.0) | loss=1.8882
  [Client 14] Round 1 | Hier-pFedMe(λ2=35.0) | loss=1.6310
  [Client  5] Round 1 | Hier-pFedMe(λ2=35.0) | loss=1.5178
  [Client 17] Round 1 | Hier-pFedMe(λ2=35.0) | loss=1.5771
  [Edge 0] G1 | E4 | loss=1.6117
  [Edge 0] G1 | E5 | Hier-pFedMe | Selected 13/13
  [Client 14] Round 1 | Hier-pFedMe(λ2=35.0) | loss=1.4366
  [Client  8] Round 1 | Hier-pFedMe(λ2=35.0) | loss=1.7233
  [Client 13] Round 1 | Hier-pFedMe(λ2=35.0) | loss=1.2742
  [Client 11] Round 1 | Hier-pFedMe(λ2=35.0) | loss=1.4677
  [Client 19] Round 1 | Hier-pFedMe(λ2=35.0) | loss=1.4296
  [Client  6] Round 1 | Hier-pFedMe(λ2=35.0) | loss=1.4069
  [Client  7] Round 1 | Hier-pFedMe(λ2=35.0) | loss=1.4307
  [Client  4] Round 1 | Hier-pFedMe(λ2=35.0) | loss=1.4662
  [Client 12] Round 1 | Hier-pFedMe(λ2=35.0) | loss=1.3884
  [Client 17] Round 1 | Hier-pFedMe(λ2=35.0) | loss=1.3768
  [Client 18] Round 1 | Hier-pFedMe(λ2=35.0) | loss=1.3446
  [Client 10] Round 1 | Hier-pFedMe(λ2=35.0) | loss=1.6084
  [Client  5] Round 1 | Hier-pFedMe(λ2=35.0) | loss=1.3484
  [Edge 0] G1 | E5 | loss=1.4386
  [Edge 1] G1 | E1 | Hier-pFedMe | Selected 7/7
  [Client  9] Round 1 | Hier-pFedMe(λ2=35.0) | loss=1.7065
  [Client  0] Round 1 | Hier-pFedMe(λ2=35.0) | loss=1.9334
  [Client  1] Round 1 | Hier-pFedMe(λ2=35.0) | loss=2.0259
  [Client 15] Round 1 | Hier-pFedMe(λ2=35.0) | loss=1.9691
  [Client  2] Round 1 | Hier-pFedMe(λ2=35.0) | loss=1.8126
  [Client  3] Round 1 | Hier-pFedMe(λ2=35.0) | loss=2.1722
  [Client 16] Round 1 | Hier-pFedMe(λ2=35.0) | loss=1.9815
  [Edge 1] G1 | E1 | loss=1.9430
  [Edge 1] G1 | E2 | Hier-pFedMe | Selected 7/7
  [Client  9] Round 1 | Hier-pFedMe(λ2=35.0) | loss=1.7419
  [Client  0] Round 1 | Hier-pFedMe(λ2=35.0) | loss=1.7624
  [Client  2] Round 1 | Hier-pFedMe(λ2=35.0) | loss=1.8536
  [Client  3] Round 1 | Hier-pFedMe(λ2=35.0) | loss=2.0201
  [Client 16] Round 1 | Hier-pFedMe(λ2=35.0) | loss=1.7903
  [Client 15] Round 1 | Hier-pFedMe(λ2=35.0) | loss=1.9592
  [Client  1] Round 1 | Hier-pFedMe(λ2=35.0) | loss=1.9091
  [Edge 1] G1 | E2 | loss=1.8624
  [Edge 1] G1 | E3 | Hier-pFedMe | Selected 7/7
  [Client  9] Round 1 | Hier-pFedMe(λ2=35.0) | loss=1.4943
  [Client  0] Round 1 | Hier-pFedMe(λ2=35.0) | loss=1.5898
  [Client  2] Round 1 | Hier-pFedMe(λ2=35.0) | loss=1.5765
  [Client 15] Round 1 | Hier-pFedMe(λ2=35.0) | loss=1.7003
  [Client 16] Round 1 | Hier-pFedMe(λ2=35.0) | loss=1.6712
  [Client  1] Round 1 | Hier-pFedMe(λ2=35.0) | loss=1.6862
  [Client  3] Round 1 | Hier-pFedMe(λ2=35.0) | loss=1.7941
  [Edge 1] G1 | E3 | loss=1.6446
  [Edge 1] G1 | E4 | Hier-pFedMe | Selected 7/7
  [Client  0] Round 1 | Hier-pFedMe(λ2=35.0) | loss=1.3248
  [Client  1] Round 1 | Hier-pFedMe(λ2=35.0) | loss=1.4383
  [Client 15] Round 1 | Hier-pFedMe(λ2=35.0) | loss=1.5014
  [Client 16] Round 1 | Hier-pFedMe(λ2=35.0) | loss=1.4125
  [Client  3] Round 1 | Hier-pFedMe(λ2=35.0) | loss=1.5032
  [Client  9] Round 1 | Hier-pFedMe(λ2=35.0) | loss=1.2644
  [Client  2] Round 1 | Hier-pFedMe(λ2=35.0) | loss=1.3360
  [Edge 1] G1 | E4 | loss=1.3972
  [Edge 1] G1 | E5 | Hier-pFedMe | Selected 7/7
  [Client  0] Round 1 | Hier-pFedMe(λ2=35.0) | loss=1.1386
  [Client  1] Round 1 | Hier-pFedMe(λ2=35.0) | loss=1.2539
  [Client  2] Round 1 | Hier-pFedMe(λ2=35.0) | loss=1.1684
  [Client 16] Round 1 | Hier-pFedMe(λ2=35.0) | loss=1.2451
  [Client  9] Round 1 | Hier-pFedMe(λ2=35.0) | loss=1.0768
  [Client 15] Round 1 | Hier-pFedMe(λ2=35.0) | loss=1.3348
  [Client  3] Round 1 | Hier-pFedMe(λ2=35.0) | loss=1.3050
  [Edge 1] G1 | E5 | loss=1.2175
  [Cloud] GM=0.0131 | EM=0.0258 | loss=4.6091 | time=564.3s | comm=4592.1MB (total=4592MB)

[Round   2] Broadcasting to 2 edges...
  [Edge 0] G2 | E1 | Hier-pFedMe | Selected 13/13
  [Client 19] Round 2 | Hier-pFedMe(λ2=35.0) | loss=1.4564
  [Client 17] Round 2 | Hier-pFedMe(λ2=35.0) | loss=1.3714
  [Client 14] Round 2 | Hier-pFedMe(λ2=35.0) | loss=1.4371
  [Client 10] Round 2 | Hier-pFedMe(λ2=35.0) | loss=1.6007
  [Client 12] Round 2 | Hier-pFedMe(λ2=35.0) | loss=1.4303
  [Client 13] Round 2 | Hier-pFedMe(λ2=35.0) | loss=1.3140
  [Client  7] Round 2 | Hier-pFedMe(λ2=35.0) | loss=1.4349
  [Client  5] Round 2 | Hier-pFedMe(λ2=35.0) | loss=1.3906
  [Client 11] Round 2 | Hier-pFedMe(λ2=35.0) | loss=1.5309
  [Client 18] Round 2 | Hier-pFedMe(λ2=35.0) | loss=1.3386
  [Client  8] Round 2 | Hier-pFedMe(λ2=35.0) | loss=1.7150
  [Client  6] Round 2 | Hier-pFedMe(λ2=35.0) | loss=1.4716
  [Client  4] Round 2 | Hier-pFedMe(λ2=35.0) | loss=1.4683
  [Edge 0] G2 | E1 | loss=1.4584
  [Edge 0] G2 | E2 | Hier-pFedMe | Selected 13/13
  [Client 19] Round 2 | Hier-pFedMe(λ2=35.0) | loss=1.2092
  [Client 18] Round 2 | Hier-pFedMe(λ2=35.0) | loss=1.1832
  [Client 14] Round 2 | Hier-pFedMe(λ2=35.0) | loss=1.2052
  [Client 10] Round 2 | Hier-pFedMe(λ2=35.0) | loss=1.4168
  [Client 13] Round 2 | Hier-pFedMe(λ2=35.0) | loss=1.0932
  [Client 11] Round 2 | Hier-pFedMe(λ2=35.0) | loss=1.2871
  [Client  7] Round 2 | Hier-pFedMe(λ2=35.0) | loss=1.2610
  [Client  4] Round 2 | Hier-pFedMe(λ2=35.0) | loss=1.2562
  [Client  5] Round 2 | Hier-pFedMe(λ2=35.0) | loss=1.1935
  [Client  6] Round 2 | Hier-pFedMe(λ2=35.0) | loss=1.2033
  [Client  8] Round 2 | Hier-pFedMe(λ2=35.0) | loss=1.5036
  [Client 12] Round 2 | Hier-pFedMe(λ2=35.0) | loss=1.1971
  [Client 17] Round 2 | Hier-pFedMe(λ2=35.0) | loss=1.1535
  [Edge 0] G2 | E2 | loss=1.2433
  [Edge 0] G2 | E3 | Hier-pFedMe | Selected 13/13
  [Client  4] Round 2 | Hier-pFedMe(λ2=35.0) | loss=1.1217
  [Client 11] Round 2 | Hier-pFedMe(λ2=35.0) | loss=1.1053
  [Client 14] Round 2 | Hier-pFedMe(λ2=35.0) | loss=1.0697
  [Client  5] Round 2 | Hier-pFedMe(λ2=35.0) | loss=1.0481
  [Client 18] Round 2 | Hier-pFedMe(λ2=35.0) | loss=1.0378
  [Client 13] Round 2 | Hier-pFedMe(λ2=35.0) | loss=0.9171
  [Client  6] Round 2 | Hier-pFedMe(λ2=35.0) | loss=1.0830
  [Client 17] Round 2 | Hier-pFedMe(λ2=35.0) | loss=1.0234
  [Client 12] Round 2 | Hier-pFedMe(λ2=35.0) | loss=1.0533
  [Client  8] Round 2 | Hier-pFedMe(λ2=35.0) | loss=1.3452
  [Client 10] Round 2 | Hier-pFedMe(λ2=35.0) | loss=1.2593
  [Client  7] Round 2 | Hier-pFedMe(λ2=35.0) | loss=1.0995
  [Client 19] Round 2 | Hier-pFedMe(λ2=35.0) | loss=1.0435
  [Edge 0] G2 | E3 | loss=1.0928
  [Edge 0] G2 | E4 | Hier-pFedMe | Selected 13/13
  [Client  8] Round 2 | Hier-pFedMe(λ2=35.0) | loss=1.2234
  [Client  7] Round 2 | Hier-pFedMe(λ2=35.0) | loss=0.9625
  [Client 10] Round 2 | Hier-pFedMe(λ2=35.0) | loss=1.1437
  [Client  4] Round 2 | Hier-pFedMe(λ2=35.0) | loss=1.0191
  [Client 18] Round 2 | Hier-pFedMe(λ2=35.0) | loss=0.9382
  [Client 13] Round 2 | Hier-pFedMe(λ2=35.0) | loss=0.8124
  [Client  5] Round 2 | Hier-pFedMe(λ2=35.0) | loss=0.9355
  [Client 14] Round 2 | Hier-pFedMe(λ2=35.0) | loss=0.9751
  [Client 12] Round 2 | Hier-pFedMe(λ2=35.0) | loss=0.9390
  [Client 17] Round 2 | Hier-pFedMe(λ2=35.0) | loss=0.9272
  [Client 19] Round 2 | Hier-pFedMe(λ2=35.0) | loss=0.9443
  [Client  6] Round 2 | Hier-pFedMe(λ2=35.0) | loss=0.9759
  [Client 11] Round 2 | Hier-pFedMe(λ2=35.0) | loss=1.0062
  [Edge 0] G2 | E4 | loss=0.9848
  [Edge 0] G2 | E5 | Hier-pFedMe | Selected 13/13
  [Client  8] Round 2 | Hier-pFedMe(λ2=35.0) | loss=1.1255
  [Client 18] Round 2 | Hier-pFedMe(λ2=35.0) | loss=0.8584
  [Client 19] Round 2 | Hier-pFedMe(λ2=35.0) | loss=0.8608
  [Client  7] Round 2 | Hier-pFedMe(λ2=35.0) | loss=0.9113
  [Client 14] Round 2 | Hier-pFedMe(λ2=35.0) | loss=0.8593
  [Client 10] Round 2 | Hier-pFedMe(λ2=35.0) | loss=1.0435
  [Client 17] Round 2 | Hier-pFedMe(λ2=35.0) | loss=0.8395
  [Client  6] Round 2 | Hier-pFedMe(λ2=35.0) | loss=0.9280
  [Client 13] Round 2 | Hier-pFedMe(λ2=35.0) | loss=0.7309
  [Client 11] Round 2 | Hier-pFedMe(λ2=35.0) | loss=0.9012
  [Client  5] Round 2 | Hier-pFedMe(λ2=35.0) | loss=0.8452
  [Client  4] Round 2 | Hier-pFedMe(λ2=35.0) | loss=0.9173
  [Client 12] Round 2 | Hier-pFedMe(λ2=35.0) | loss=0.8609
  [Edge 0] G2 | E5 | loss=0.8986
  [Edge 1] G2 | E1 | Hier-pFedMe | Selected 7/7
  [Client  0] Round 2 | Hier-pFedMe(λ2=35.0) | loss=1.2172
  [Client  1] Round 2 | Hier-pFedMe(λ2=35.0) | loss=1.3408
  [Client  2] Round 2 | Hier-pFedMe(λ2=35.0) | loss=1.2512
  [Client  3] Round 2 | Hier-pFedMe(λ2=35.0) | loss=1.4016
  [Client  9] Round 2 | Hier-pFedMe(λ2=35.0) | loss=1.1587
  [Client 16] Round 2 | Hier-pFedMe(λ2=35.0) | loss=1.3073
  [Client 15] Round 2 | Hier-pFedMe(λ2=35.0) | loss=1.4323
  [Edge 1] G2 | E1 | loss=1.3013
  [Edge 1] G2 | E2 | Hier-pFedMe | Selected 7/7
  [Client  9] Round 2 | Hier-pFedMe(λ2=35.0) | loss=0.9200
  [Client  1] Round 2 | Hier-pFedMe(λ2=35.0) | loss=1.0655
  [Client  2] Round 2 | Hier-pFedMe(λ2=35.0) | loss=1.0298
  [Client 15] Round 2 | Hier-pFedMe(λ2=35.0) | loss=1.1414
  [Client  0] Round 2 | Hier-pFedMe(λ2=35.0) | loss=0.9748
  [Client 16] Round 2 | Hier-pFedMe(λ2=35.0) | loss=1.0615
  [Client  3] Round 2 | Hier-pFedMe(λ2=35.0) | loss=1.1127
  [Edge 1] G2 | E2 | loss=1.0437
  [Edge 1] G2 | E3 | Hier-pFedMe | Selected 7/7
  [Client  0] Round 2 | Hier-pFedMe(λ2=35.0) | loss=0.8211
  [Client 16] Round 2 | Hier-pFedMe(λ2=35.0) | loss=0.8899
  [Client  9] Round 2 | Hier-pFedMe(λ2=35.0) | loss=0.7798
  [Client  1] Round 2 | Hier-pFedMe(λ2=35.0) | loss=0.9255
  [Client  2] Round 2 | Hier-pFedMe(λ2=35.0) | loss=0.8838
  [Client  3] Round 2 | Hier-pFedMe(λ2=35.0) | loss=0.9285
  [Client 15] Round 2 | Hier-pFedMe(λ2=35.0) | loss=0.9988
  [Edge 1] G2 | E3 | loss=0.8896
  [Edge 1] G2 | E4 | Hier-pFedMe | Selected 7/7
  [Client  9] Round 2 | Hier-pFedMe(λ2=35.0) | loss=0.6987
  [Client  1] Round 2 | Hier-pFedMe(λ2=35.0) | loss=0.8393
  [Client 16] Round 2 | Hier-pFedMe(λ2=35.0) | loss=0.7667
  [Client  2] Round 2 | Hier-pFedMe(λ2=35.0) | loss=0.7995
  [Client  0] Round 2 | Hier-pFedMe(λ2=35.0) | loss=0.7138
  [Client  3] Round 2 | Hier-pFedMe(λ2=35.0) | loss=0.8075
  [Client 15] Round 2 | Hier-pFedMe(λ2=35.0) | loss=0.8896
  [Edge 1] G2 | E4 | loss=0.7879
  [Edge 1] G2 | E5 | Hier-pFedMe | Selected 7/7
  [Client  2] Round 2 | Hier-pFedMe(λ2=35.0) | loss=0.7075
  [Client 16] Round 2 | Hier-pFedMe(λ2=35.0) | loss=0.7145
  [Client 15] Round 2 | Hier-pFedMe(λ2=35.0) | loss=0.8038
  [Client  3] Round 2 | Hier-pFedMe(λ2=35.0) | loss=0.7225
  [Client  0] Round 2 | Hier-pFedMe(λ2=35.0) | loss=0.6401
  [Client  9] Round 2 | Hier-pFedMe(λ2=35.0) | loss=0.6346
  [Client  1] Round 2 | Hier-pFedMe(λ2=35.0) | loss=0.7816
  [Edge 1] G2 | E5 | loss=0.7149
  [Cloud] GM=0.0418 | EM=0.0471 | loss=4.5035 | time=530.6s | comm=4592.1MB (total=9184MB)

[Round   3] Broadcasting to 2 edges...
  [Edge 0] G3 | E1 | Hier-pFedMe | Selected 13/13
  [Client 11] Round 3 | Hier-pFedMe(λ2=35.0) | loss=0.9390
  [Client  8] Round 3 | Hier-pFedMe(λ2=35.0) | loss=1.1387
  [Client  4] Round 3 | Hier-pFedMe(λ2=35.0) | loss=0.9384
  [Client  5] Round 3 | Hier-pFedMe(λ2=35.0) | loss=0.8972
  [Client 12] Round 3 | Hier-pFedMe(λ2=35.0) | loss=0.8872
  [Client 13] Round 3 | Hier-pFedMe(λ2=35.0) | loss=0.7575
  [Client 19] Round 3 | Hier-pFedMe(λ2=35.0) | loss=0.9304
  [Client  7] Round 3 | Hier-pFedMe(λ2=35.0) | loss=0.9119
  [Client 18] Round 3 | Hier-pFedMe(λ2=35.0) | loss=0.8757
  [Client 14] Round 3 | Hier-pFedMe(λ2=35.0) | loss=0.9219
  [Client 10] Round 3 | Hier-pFedMe(λ2=35.0) | loss=1.0903
  [Client  6] Round 3 | Hier-pFedMe(λ2=35.0) | loss=0.9480
  [Client 17] Round 3 | Hier-pFedMe(λ2=35.0) | loss=0.8552
  [Edge 0] G3 | E1 | loss=0.9301
  [Edge 0] G3 | E2 | Hier-pFedMe | Selected 13/13
  [Client 19] Round 3 | Hier-pFedMe(λ2=35.0) | loss=0.7813
  [Client 17] Round 3 | Hier-pFedMe(λ2=35.0) | loss=0.7509
  [Client 14] Round 3 | Hier-pFedMe(λ2=35.0) | loss=0.7794
  [Client  7] Round 3 | Hier-pFedMe(λ2=35.0) | loss=0.8061
  [Client 12] Round 3 | Hier-pFedMe(λ2=35.0) | loss=0.7785
  [Client 10] Round 3 | Hier-pFedMe(λ2=35.0) | loss=0.9622
  [Client 13] Round 3 | Hier-pFedMe(λ2=35.0) | loss=0.6377
  [Client  5] Round 3 | Hier-pFedMe(λ2=35.0) | loss=0.7607
  [Client 11] Round 3 | Hier-pFedMe(λ2=35.0) | loss=0.8231
  [Client  4] Round 3 | Hier-pFedMe(λ2=35.0) | loss=0.8231
  [Client 18] Round 3 | Hier-pFedMe(λ2=35.0) | loss=0.7768
  [Client  8] Round 3 | Hier-pFedMe(λ2=35.0) | loss=0.9851
  [Client  6] Round 3 | Hier-pFedMe(λ2=35.0) | loss=0.8150
  [Edge 0] G3 | E2 | loss=0.8062
  [Edge 0] G3 | E3 | Hier-pFedMe | Selected 13/13
  [Client 18] Round 3 | Hier-pFedMe(λ2=35.0) | loss=0.7159
  [Client 10] Round 3 | Hier-pFedMe(λ2=35.0) | loss=0.8741
  [Client  5] Round 3 | Hier-pFedMe(λ2=35.0) | loss=0.6926
  [Client  7] Round 3 | Hier-pFedMe(λ2=35.0) | loss=0.7478
  [Client 13] Round 3 | Hier-pFedMe(λ2=35.0) | loss=0.5699
  [Client  8] Round 3 | Hier-pFedMe(λ2=35.0) | loss=0.9325
  [Client  4] Round 3 | Hier-pFedMe(λ2=35.0) | loss=0.7578
  [Client 17] Round 3 | Hier-pFedMe(λ2=35.0) | loss=0.6905
  [Client 12] Round 3 | Hier-pFedMe(λ2=35.0) | loss=0.7101
  [Client 14] Round 3 | Hier-pFedMe(λ2=35.0) | loss=0.7284
  [Client 11] Round 3 | Hier-pFedMe(λ2=35.0) | loss=0.7680
  [Client 19] Round 3 | Hier-pFedMe(λ2=35.0) | loss=0.7103
  [Client  6] Round 3 | Hier-pFedMe(λ2=35.0) | loss=0.7602
  [Edge 0] G3 | E3 | loss=0.7429
  [Edge 0] G3 | E4 | Hier-pFedMe | Selected 13/13
  [Client 12] Round 3 | Hier-pFedMe(λ2=35.0) | loss=0.6574
  [Client 13] Round 3 | Hier-pFedMe(λ2=35.0) | loss=0.5146
  [Client 17] Round 3 | Hier-pFedMe(λ2=35.0) | loss=0.6292
  [Client  7] Round 3 | Hier-pFedMe(λ2=35.0) | loss=0.6712
  [Client 18] Round 3 | Hier-pFedMe(λ2=35.0) | loss=0.6550
  [Client  8] Round 3 | Hier-pFedMe(λ2=35.0) | loss=0.8762
  [Client  5] Round 3 | Hier-pFedMe(λ2=35.0) | loss=0.6357
  [Client  4] Round 3 | Hier-pFedMe(λ2=35.0) | loss=0.6982
  [Client 14] Round 3 | Hier-pFedMe(λ2=35.0) | loss=0.6646
  [Client 19] Round 3 | Hier-pFedMe(λ2=35.0) | loss=0.6820
  [Client 10] Round 3 | Hier-pFedMe(λ2=35.0) | loss=0.8211
  [Client  6] Round 3 | Hier-pFedMe(λ2=35.0) | loss=0.6936
  [Client 11] Round 3 | Hier-pFedMe(λ2=35.0) | loss=0.7173
  [Edge 0] G3 | E4 | loss=0.6859
  [Edge 0] G3 | E5 | Hier-pFedMe | Selected 13/13
  [Client 12] Round 3 | Hier-pFedMe(λ2=35.0) | loss=0.6062
  [Client 18] Round 3 | Hier-pFedMe(λ2=35.0) | loss=0.6304
  [Client 14] Round 3 | Hier-pFedMe(λ2=35.0) | loss=0.6156
  [Client  6] Round 3 | Hier-pFedMe(λ2=35.0) | loss=0.6499
  [Client 17] Round 3 | Hier-pFedMe(λ2=35.0) | loss=0.5975
  [Client  4] Round 3 | Hier-pFedMe(λ2=35.0) | loss=0.6691
  [Client  5] Round 3 | Hier-pFedMe(λ2=35.0) | loss=0.6137
  [Client 10] Round 3 | Hier-pFedMe(λ2=35.0) | loss=0.7712
  [Client  8] Round 3 | Hier-pFedMe(λ2=35.0) | loss=0.8095
  [Client 11] Round 3 | Hier-pFedMe(λ2=35.0) | loss=0.6638
  [Client 19] Round 3 | Hier-pFedMe(λ2=35.0) | loss=0.6309
  [Client 13] Round 3 | Hier-pFedMe(λ2=35.0) | loss=0.4867
  [Client  7] Round 3 | Hier-pFedMe(λ2=35.0) | loss=0.6482
  [Edge 0] G3 | E5 | loss=0.6456
  [Edge 1] G3 | E1 | Hier-pFedMe | Selected 7/7
  [Client  0] Round 3 | Hier-pFedMe(λ2=35.0) | loss=0.6756
  [Client  1] Round 3 | Hier-pFedMe(λ2=35.0) | loss=0.7915
  [Client 16] Round 3 | Hier-pFedMe(λ2=35.0) | loss=0.7535
  [Client  3] Round 3 | Hier-pFedMe(λ2=35.0) | loss=0.7585
  [Client  2] Round 3 | Hier-pFedMe(λ2=35.0) | loss=0.7431
  [Client  9] Round 3 | Hier-pFedMe(λ2=35.0) | loss=0.6955
  [Client 15] Round 3 | Hier-pFedMe(λ2=35.0) | loss=0.8147
  [Edge 1] G3 | E1 | loss=0.7475
  [Edge 1] G3 | E2 | Hier-pFedMe | Selected 7/7
  [Client  2] Round 3 | Hier-pFedMe(λ2=35.0) | loss=0.6578
  [Client  9] Round 3 | Hier-pFedMe(λ2=35.0) | loss=0.5753
  [Client  1] Round 3 | Hier-pFedMe(λ2=35.0) | loss=0.6855
  [Client 15] Round 3 | Hier-pFedMe(λ2=35.0) | loss=0.7053
  [Client  0] Round 3 | Hier-pFedMe(λ2=35.0) | loss=0.5437
  [Client  3] Round 3 | Hier-pFedMe(λ2=35.0) | loss=0.6308
  [Client 16] Round 3 | Hier-pFedMe(λ2=35.0) | loss=0.6135
  [Edge 1] G3 | E2 | loss=0.6303
  [Edge 1] G3 | E3 | Hier-pFedMe | Selected 7/7
  [Client  0] Round 3 | Hier-pFedMe(λ2=35.0) | loss=0.4890
  [Client  9] Round 3 | Hier-pFedMe(λ2=35.0) | loss=0.5334
  [Client 15] Round 3 | Hier-pFedMe(λ2=35.0) | loss=0.6431
  [Client  3] Round 3 | Hier-pFedMe(λ2=35.0) | loss=0.5725
  [Client  1] Round 3 | Hier-pFedMe(λ2=35.0) | loss=0.6429
  [Client  2] Round 3 | Hier-pFedMe(λ2=35.0) | loss=0.5902
  [Client 16] Round 3 | Hier-pFedMe(λ2=35.0) | loss=0.5494
  [Edge 1] G3 | E3 | loss=0.5743
  [Edge 1] G3 | E4 | Hier-pFedMe | Selected 7/7
  [Client  9] Round 3 | Hier-pFedMe(λ2=35.0) | loss=0.4835
  [Client  0] Round 3 | Hier-pFedMe(λ2=35.0) | loss=0.4724
  [Client  2] Round 3 | Hier-pFedMe(λ2=35.0) | loss=0.5453
  [Client 15] Round 3 | Hier-pFedMe(λ2=35.0) | loss=0.5934
  [Client  1] Round 3 | Hier-pFedMe(λ2=35.0) | loss=0.5798
  [Client 16] Round 3 | Hier-pFedMe(λ2=35.0) | loss=0.4835
  [Client  3] Round 3 | Hier-pFedMe(λ2=35.0) | loss=0.5065
  [Edge 1] G3 | E4 | loss=0.5235
  [Edge 1] G3 | E5 | Hier-pFedMe | Selected 7/7
  [Client 16] Round 3 | Hier-pFedMe(λ2=35.0) | loss=0.4616
  [Client  1] Round 3 | Hier-pFedMe(λ2=35.0) | loss=0.5253
  [Client  2] Round 3 | Hier-pFedMe(λ2=35.0) | loss=0.4803
  [Client 15] Round 3 | Hier-pFedMe(λ2=35.0) | loss=0.5328
  [Client  0] Round 3 | Hier-pFedMe(λ2=35.0) | loss=0.4242
  [Client  9] Round 3 | Hier-pFedMe(λ2=35.0) | loss=0.4402
  [Client  3] Round 3 | Hier-pFedMe(λ2=35.0) | loss=0.4642
  [Edge 1] G3 | E5 | loss=0.4755
  [Cloud] GM=0.0680 | EM=0.0632 | loss=5.5088 | time=530.0s | comm=4592.1MB (total=13776MB)

[Round   4] Broadcasting to 2 edges...
  [Edge 0] G4 | E1 | Hier-pFedMe | Selected 13/13
  [Client 11] Round 4 | Hier-pFedMe(λ2=35.0) | loss=0.6975
  [Client 13] Round 4 | Hier-pFedMe(λ2=35.0) | loss=0.5144
  [Client  8] Round 4 | Hier-pFedMe(λ2=35.0) | loss=0.8497
  [Client 18] Round 4 | Hier-pFedMe(λ2=35.0) | loss=0.6464
  [Client 12] Round 4 | Hier-pFedMe(λ2=35.0) | loss=0.6518
  [Client 19] Round 4 | Hier-pFedMe(λ2=35.0) | loss=0.6734
  [Client 10] Round 4 | Hier-pFedMe(λ2=35.0) | loss=0.7926
  [Client 14] Round 4 | Hier-pFedMe(λ2=35.0) | loss=0.6578
  [Client  7] Round 4 | Hier-pFedMe(λ2=35.0) | loss=0.6585
  [Client  5] Round 4 | Hier-pFedMe(λ2=35.0) | loss=0.6487
  [Client  6] Round 4 | Hier-pFedMe(λ2=35.0) | loss=0.6703
  [Client 17] Round 4 | Hier-pFedMe(λ2=35.0) | loss=0.6253
  [Client  4] Round 4 | Hier-pFedMe(λ2=35.0) | loss=0.6942
  [Edge 0] G4 | E1 | loss=0.6754
  [Edge 0] G4 | E2 | Hier-pFedMe | Selected 13/13
  [Client 11] Round 4 | Hier-pFedMe(λ2=35.0) | loss=0.6299
  [Client  4] Round 4 | Hier-pFedMe(λ2=35.0) | loss=0.6439
  [Client  7] Round 4 | Hier-pFedMe(λ2=35.0) | loss=0.6095
  [Client 17] Round 4 | Hier-pFedMe(λ2=35.0) | loss=0.5578
  [Client 13] Round 4 | Hier-pFedMe(λ2=35.0) | loss=0.4618
  [Client 18] Round 4 | Hier-pFedMe(λ2=35.0) | loss=0.5840
  [Client  5] Round 4 | Hier-pFedMe(λ2=35.0) | loss=0.5715
  [Client  6] Round 4 | Hier-pFedMe(λ2=35.0) | loss=0.6192
  [Client  8] Round 4 | Hier-pFedMe(λ2=35.0) | loss=0.7839
  [Client 19] Round 4 | Hier-pFedMe(λ2=35.0) | loss=0.6152
  [Client 14] Round 4 | Hier-pFedMe(λ2=35.0) | loss=0.5969
  [Client 10] Round 4 | Hier-pFedMe(λ2=35.0) | loss=0.7326
  [Client 12] Round 4 | Hier-pFedMe(λ2=35.0) | loss=0.5746
  [Edge 0] G4 | E2 | loss=0.6139
  [Edge 0] G4 | E3 | Hier-pFedMe | Selected 13/13
  [Client  8] Round 4 | Hier-pFedMe(λ2=35.0) | loss=0.7397
  [Client 19] Round 4 | Hier-pFedMe(λ2=35.0) | loss=0.5785
  [Client 13] Round 4 | Hier-pFedMe(λ2=35.0) | loss=0.4262
  [Client 17] Round 4 | Hier-pFedMe(λ2=35.0) | loss=0.5206
  [Client 11] Round 4 | Hier-pFedMe(λ2=35.0) | loss=0.6057
  [Client  5] Round 4 | Hier-pFedMe(λ2=35.0) | loss=0.5345
  [Client 14] Round 4 | Hier-pFedMe(λ2=35.0) | loss=0.5567
  [Client 10] Round 4 | Hier-pFedMe(λ2=35.0) | loss=0.6917
  [Client  7] Round 4 | Hier-pFedMe(λ2=35.0) | loss=0.5827
  [Client 12] Round 4 | Hier-pFedMe(λ2=35.0) | loss=0.5472
  [Client 18] Round 4 | Hier-pFedMe(λ2=35.0) | loss=0.5628
  [Client  4] Round 4 | Hier-pFedMe(λ2=35.0) | loss=0.6043
  [Client  6] Round 4 | Hier-pFedMe(λ2=35.0) | loss=0.5888
  [Edge 0] G4 | E3 | loss=0.5800
  [Edge 0] G4 | E4 | Hier-pFedMe | Selected 13/13
  [Client  8] Round 4 | Hier-pFedMe(λ2=35.0) | loss=0.6985
  [Client  6] Round 4 | Hier-pFedMe(λ2=35.0) | loss=0.5534
  [Client 14] Round 4 | Hier-pFedMe(λ2=35.0) | loss=0.5211
  [Client  4] Round 4 | Hier-pFedMe(λ2=35.0) | loss=0.5649
  [Client 18] Round 4 | Hier-pFedMe(λ2=35.0) | loss=0.5299
  [Client 12] Round 4 | Hier-pFedMe(λ2=35.0) | loss=0.5016
  [Client  5] Round 4 | Hier-pFedMe(λ2=35.0) | loss=0.5094
  [Client  7] Round 4 | Hier-pFedMe(λ2=35.0) | loss=0.5490
  [Client 13] Round 4 | Hier-pFedMe(λ2=35.0) | loss=0.3934
  [Client 19] Round 4 | Hier-pFedMe(λ2=35.0) | loss=0.5305
  [Client 10] Round 4 | Hier-pFedMe(λ2=35.0) | loss=0.6293
  [Client 17] Round 4 | Hier-pFedMe(λ2=35.0) | loss=0.5115
  [Client 11] Round 4 | Hier-pFedMe(λ2=35.0) | loss=0.5548
  [Edge 0] G4 | E4 | loss=0.5421
  [Edge 0] G4 | E5 | Hier-pFedMe | Selected 13/13
  [Client 18] Round 4 | Hier-pFedMe(λ2=35.0) | loss=0.4992
  [Client  7] Round 4 | Hier-pFedMe(λ2=35.0) | loss=0.5074
  [Client 14] Round 4 | Hier-pFedMe(λ2=35.0) | loss=0.4903
  [Client  5] Round 4 | Hier-pFedMe(λ2=35.0) | loss=0.4864
  [Client  4] Round 4 | Hier-pFedMe(λ2=35.0) | loss=0.5426
  [Client 11] Round 4 | Hier-pFedMe(λ2=35.0) | loss=0.5366
  [Client 10] Round 4 | Hier-pFedMe(λ2=35.0) | loss=0.5913
  [Client 19] Round 4 | Hier-pFedMe(λ2=35.0) | loss=0.5081
  [Client  8] Round 4 | Hier-pFedMe(λ2=35.0) | loss=0.6706
  [Client 13] Round 4 | Hier-pFedMe(λ2=35.0) | loss=0.3760
  [Client 17] Round 4 | Hier-pFedMe(λ2=35.0) | loss=0.4775
  [Client  6] Round 4 | Hier-pFedMe(λ2=35.0) | loss=0.5260
  [Client 12] Round 4 | Hier-pFedMe(λ2=35.0) | loss=0.4670
  [Edge 0] G4 | E5 | loss=0.5138
  [Edge 1] G4 | E1 | Hier-pFedMe | Selected 7/7
  [Client  0] Round 4 | Hier-pFedMe(λ2=35.0) | loss=0.4473
  [Client  1] Round 4 | Hier-pFedMe(λ2=35.0) | loss=0.5796
  [Client 15] Round 4 | Hier-pFedMe(λ2=35.0) | loss=0.5513
  [Client  3] Round 4 | Hier-pFedMe(λ2=35.0) | loss=0.5316
  [Client 16] Round 4 | Hier-pFedMe(λ2=35.0) | loss=0.4906
  [Client  2] Round 4 | Hier-pFedMe(λ2=35.0) | loss=0.5227
  [Client  9] Round 4 | Hier-pFedMe(λ2=35.0) | loss=0.4752
  [Edge 1] G4 | E1 | loss=0.5140
  [Edge 1] G4 | E2 | Hier-pFedMe | Selected 7/7
  [Client  9] Round 4 | Hier-pFedMe(λ2=35.0) | loss=0.4272
  [Client  0] Round 4 | Hier-pFedMe(λ2=35.0) | loss=0.3994
  [Client 16] Round 4 | Hier-pFedMe(λ2=35.0) | loss=0.4189
  [Client  1] Round 4 | Hier-pFedMe(λ2=35.0) | loss=0.5290
  [Client  2] Round 4 | Hier-pFedMe(λ2=35.0) | loss=0.4748
  [Client 15] Round 4 | Hier-pFedMe(λ2=35.0) | loss=0.5107
  [Client  3] Round 4 | Hier-pFedMe(λ2=35.0) | loss=0.4524
  [Edge 1] G4 | E2 | loss=0.4589
  [Edge 1] G4 | E3 | Hier-pFedMe | Selected 7/7
  [Client  9] Round 4 | Hier-pFedMe(λ2=35.0) | loss=0.3951
  [Client  1] Round 4 | Hier-pFedMe(λ2=35.0) | loss=0.4635
  [Client  0] Round 4 | Hier-pFedMe(λ2=35.0) | loss=0.3501
  [Client 16] Round 4 | Hier-pFedMe(λ2=35.0) | loss=0.3947
  [Client  2] Round 4 | Hier-pFedMe(λ2=35.0) | loss=0.4467
  [Client  3] Round 4 | Hier-pFedMe(λ2=35.0) | loss=0.4194
  [Client 15] Round 4 | Hier-pFedMe(λ2=35.0) | loss=0.4667
  [Edge 1] G4 | E3 | loss=0.4195
  [Edge 1] G4 | E4 | Hier-pFedMe | Selected 7/7
  [Client  9] Round 4 | Hier-pFedMe(λ2=35.0) | loss=0.3487
  [Client  0] Round 4 | Hier-pFedMe(λ2=35.0) | loss=0.3262
  [Client  2] Round 4 | Hier-pFedMe(λ2=35.0) | loss=0.3963
  [Client  3] Round 4 | Hier-pFedMe(λ2=35.0) | loss=0.3657
  [Client  1] Round 4 | Hier-pFedMe(λ2=35.0) | loss=0.4394
  [Client 16] Round 4 | Hier-pFedMe(λ2=35.0) | loss=0.3529
  [Client 15] Round 4 | Hier-pFedMe(λ2=35.0) | loss=0.4266
  [Edge 1] G4 | E4 | loss=0.3794
  [Edge 1] G4 | E5 | Hier-pFedMe | Selected 7/7
  [Client  1] Round 4 | Hier-pFedMe(λ2=35.0) | loss=0.4163
  [Client  9] Round 4 | Hier-pFedMe(λ2=35.0) | loss=0.3321
  [Client  0] Round 4 | Hier-pFedMe(λ2=35.0) | loss=0.3007
  [Client 15] Round 4 | Hier-pFedMe(λ2=35.0) | loss=0.3998
  [Client  2] Round 4 | Hier-pFedMe(λ2=35.0) | loss=0.3692
  [Client 16] Round 4 | Hier-pFedMe(λ2=35.0) | loss=0.3251
  [Client  3] Round 4 | Hier-pFedMe(λ2=35.0) | loss=0.3569
  [Edge 1] G4 | E5 | loss=0.3571
  [Cloud] GM=0.0714 | EM=0.0702 | loss=7.4288 | time=529.7s | comm=4592.1MB (total=18368MB)

[Round   5] Broadcasting to 2 edges...
  [Edge 0] G5 | E1 | Hier-pFedMe | Selected 13/13
  [Client  8] Round 5 | Hier-pFedMe(λ2=35.0) | loss=0.7013
  [Client 13] Round 5 | Hier-pFedMe(λ2=35.0) | loss=0.4007
  [Client 18] Round 5 | Hier-pFedMe(λ2=35.0) | loss=0.5288
  [Client 14] Round 5 | Hier-pFedMe(λ2=35.0) | loss=0.5252
  [Client 12] Round 5 | Hier-pFedMe(λ2=35.0) | loss=0.5215
  [Client  4] Round 5 | Hier-pFedMe(λ2=35.0) | loss=0.5670
  [Client 17] Round 5 | Hier-pFedMe(λ2=35.0) | loss=0.4930
  [Client 10] Round 5 | Hier-pFedMe(λ2=35.0) | loss=0.6646
  [Client  7] Round 5 | Hier-pFedMe(λ2=35.0) | loss=0.5380
  [Client  6] Round 5 | Hier-pFedMe(λ2=35.0) | loss=0.5633
  [Client 19] Round 5 | Hier-pFedMe(λ2=35.0) | loss=0.5484
  [Client  5] Round 5 | Hier-pFedMe(λ2=35.0) | loss=0.5359
  [Client 11] Round 5 | Hier-pFedMe(λ2=35.0) | loss=0.5732
  [Edge 0] G5 | E1 | loss=0.5508
  [Edge 0] G5 | E2 | Hier-pFedMe | Selected 13/13
  [Client 18] Round 5 | Hier-pFedMe(λ2=35.0) | loss=0.4875
  [Client  8] Round 5 | Hier-pFedMe(λ2=35.0) | loss=0.6493
  [Client 13] Round 5 | Hier-pFedMe(λ2=35.0) | loss=0.3627
  [Client 19] Round 5 | Hier-pFedMe(λ2=35.0) | loss=0.4878
  [Client  7] Round 5 | Hier-pFedMe(λ2=35.0) | loss=0.4936
  [Client 14] Round 5 | Hier-pFedMe(λ2=35.0) | loss=0.4874
  [Client  6] Round 5 | Hier-pFedMe(λ2=35.0) | loss=0.5395
  [Client  5] Round 5 | Hier-pFedMe(λ2=35.0) | loss=0.4866
  [Client 11] Round 5 | Hier-pFedMe(λ2=35.0) | loss=0.5237
  [Client 12] Round 5 | Hier-pFedMe(λ2=35.0) | loss=0.4673
  [Client 17] Round 5 | Hier-pFedMe(λ2=35.0) | loss=0.4579
  [Client 10] Round 5 | Hier-pFedMe(λ2=35.0) | loss=0.6156
  [Client  4] Round 5 | Hier-pFedMe(λ2=35.0) | loss=0.5204
  [Edge 0] G5 | E2 | loss=0.5061
  [Edge 0] G5 | E3 | Hier-pFedMe | Selected 13/13
  [Client 13] Round 5 | Hier-pFedMe(λ2=35.0) | loss=0.3319
  [Client 17] Round 5 | Hier-pFedMe(λ2=35.0) | loss=0.4452
  [Client 14] Round 5 | Hier-pFedMe(λ2=35.0) | loss=0.4527
  [Client  7] Round 5 | Hier-pFedMe(λ2=35.0) | loss=0.4778
  [Client 12] Round 5 | Hier-pFedMe(λ2=35.0) | loss=0.4401
  [Client  8] Round 5 | Hier-pFedMe(λ2=35.0) | loss=0.6064
  [Client 10] Round 5 | Hier-pFedMe(λ2=35.0) | loss=0.5594
  [Client 18] Round 5 | Hier-pFedMe(λ2=35.0) | loss=0.4607
  [Client 19] Round 5 | Hier-pFedMe(λ2=35.0) | loss=0.4676
  [Client 11] Round 5 | Hier-pFedMe(λ2=35.0) | loss=0.4862
  [Client  4] Round 5 | Hier-pFedMe(λ2=35.0) | loss=0.5092
  [Client  5] Round 5 | Hier-pFedMe(λ2=35.0) | loss=0.4348
  [Client  6] Round 5 | Hier-pFedMe(λ2=35.0) | loss=0.4884
  [Edge 0] G5 | E3 | loss=0.4739
  [Edge 0] G5 | E4 | Hier-pFedMe | Selected 13/13
  [Client 17] Round 5 | Hier-pFedMe(λ2=35.0) | loss=0.4037
  [Client  4] Round 5 | Hier-pFedMe(λ2=35.0) | loss=0.4661
  [Client  7] Round 5 | Hier-pFedMe(λ2=35.0) | loss=0.4564  [Client 10] Round 5 | Hier-pFedMe(λ2=35.0) | loss=0.5280

  [Client 11] Round 5 | Hier-pFedMe(λ2=35.0) | loss=0.4810
  [Client 18] Round 5 | Hier-pFedMe(λ2=35.0) | loss=0.4275
  [Client  5] Round 5 | Hier-pFedMe(λ2=35.0) | loss=0.4171
  [Client  6] Round 5 | Hier-pFedMe(λ2=35.0) | loss=0.4790
  [Client 12] Round 5 | Hier-pFedMe(λ2=35.0) | loss=0.4184
  [Client  8] Round 5 | Hier-pFedMe(λ2=35.0) | loss=0.5937
  [Client 19] Round 5 | Hier-pFedMe(λ2=35.0) | loss=0.4446
  [Client 14] Round 5 | Hier-pFedMe(λ2=35.0) | loss=0.4405
  [Client 13] Round 5 | Hier-pFedMe(λ2=35.0) | loss=0.3193
  [Edge 0] G5 | E4 | loss=0.4519
  [Edge 0] G5 | E5 | Hier-pFedMe | Selected 13/13
  [Client 19] Round 5 | Hier-pFedMe(λ2=35.0) | loss=0.4295
  [Client 11] Round 5 | Hier-pFedMe(λ2=35.0) | loss=0.4522
  [Client  8] Round 5 | Hier-pFedMe(λ2=35.0) | loss=0.5653
  [Client 10] Round 5 | Hier-pFedMe(λ2=35.0) | loss=0.5202
  [Client 12] Round 5 | Hier-pFedMe(λ2=35.0) | loss=0.3823
  [Client 18] Round 5 | Hier-pFedMe(λ2=35.0) | loss=0.4380
  [Client  5] Round 5 | Hier-pFedMe(λ2=35.0) | loss=0.3929
  [Client 13] Round 5 | Hier-pFedMe(λ2=35.0) | loss=0.2989
  [Client  4] Round 5 | Hier-pFedMe(λ2=35.0) | loss=0.4464
  [Client  6] Round 5 | Hier-pFedMe(λ2=35.0) | loss=0.4530
  [Client  7] Round 5 | Hier-pFedMe(λ2=35.0) | loss=0.4263
  [Client 17] Round 5 | Hier-pFedMe(λ2=35.0) | loss=0.4041
  [Client 14] Round 5 | Hier-pFedMe(λ2=35.0) | loss=0.4060
  [Edge 0] G5 | E5 | loss=0.4319
  [Edge 1] G5 | E1 | Hier-pFedMe | Selected 7/7
  [Client  0] Round 5 | Hier-pFedMe(λ2=35.0) | loss=0.3110
  [Client  9] Round 5 | Hier-pFedMe(λ2=35.0) | loss=0.3695
  [Client  1] Round 5 | Hier-pFedMe(λ2=35.0) | loss=0.4500
  [Client  3] Round 5 | Hier-pFedMe(λ2=35.0) | loss=0.3867
  [Client 16] Round 5 | Hier-pFedMe(λ2=35.0) | loss=0.3666
  [Client  2] Round 5 | Hier-pFedMe(λ2=35.0) | loss=0.4150
  [Client 15] Round 5 | Hier-pFedMe(λ2=35.0) | loss=0.4136
  [Edge 1] G5 | E1 | loss=0.3875
  [Edge 1] G5 | E2 | Hier-pFedMe | Selected 7/7
  [Client  0] Round 5 | Hier-pFedMe(λ2=35.0) | loss=0.2967
  [Client  3] Round 5 | Hier-pFedMe(λ2=35.0) | loss=0.3320
  [Client  9] Round 5 | Hier-pFedMe(λ2=35.0) | loss=0.3283
  [Client  2] Round 5 | Hier-pFedMe(λ2=35.0) | loss=0.3740
  [Client  1] Round 5 | Hier-pFedMe(λ2=35.0) | loss=0.4146
  [Client 16] Round 5 | Hier-pFedMe(λ2=35.0) | loss=0.3302
  [Client 15] Round 5 | Hier-pFedMe(λ2=35.0) | loss=0.3750
  [Edge 1] G5 | E2 | loss=0.3501
  [Edge 1] G5 | E3 | Hier-pFedMe | Selected 7/7
  [Client  2] Round 5 | Hier-pFedMe(λ2=35.0) | loss=0.3410
  [Client  3] Round 5 | Hier-pFedMe(λ2=35.0) | loss=0.3120
  [Client 15] Round 5 | Hier-pFedMe(λ2=35.0) | loss=0.3565
  [Client 16] Round 5 | Hier-pFedMe(λ2=35.0) | loss=0.2897
  [Client  1] Round 5 | Hier-pFedMe(λ2=35.0) | loss=0.3722
  [Client  9] Round 5 | Hier-pFedMe(λ2=35.0) | loss=0.3119
  [Client  0] Round 5 | Hier-pFedMe(λ2=35.0) | loss=0.2771
  [Edge 1] G5 | E3 | loss=0.3229
  [Edge 1] G5 | E4 | Hier-pFedMe | Selected 7/7
  [Client  0] Round 5 | Hier-pFedMe(λ2=35.0) | loss=0.2602
  [Client  1] Round 5 | Hier-pFedMe(λ2=35.0) | loss=0.3589
  [Client  9] Round 5 | Hier-pFedMe(λ2=35.0) | loss=0.2812
  [Client  3] Round 5 | Hier-pFedMe(λ2=35.0) | loss=0.2886
  [Client  2] Round 5 | Hier-pFedMe(λ2=35.0) | loss=0.3280
  [Client 16] Round 5 | Hier-pFedMe(λ2=35.0) | loss=0.2690
  [Client 15] Round 5 | Hier-pFedMe(λ2=35.0) | loss=0.3531
  [Edge 1] G5 | E4 | loss=0.3056
  [Edge 1] G5 | E5 | Hier-pFedMe | Selected 7/7
  [Client 16] Round 5 | Hier-pFedMe(λ2=35.0) | loss=0.2517
  [Client  2] Round 5 | Hier-pFedMe(λ2=35.0) | loss=0.3028
  [Client  0] Round 5 | Hier-pFedMe(λ2=35.0) | loss=0.2335
  [Client  3] Round 5 | Hier-pFedMe(λ2=35.0) | loss=0.2801
  [Client  1] Round 5 | Hier-pFedMe(λ2=35.0) | loss=0.3280
  [Client  9] Round 5 | Hier-pFedMe(λ2=35.0) | loss=0.2764
  [Client 15] Round 5 | Hier-pFedMe(λ2=35.0) | loss=0.2924
  [Edge 1] G5 | E5 | loss=0.2807
  [Cloud] GM=0.0647 | EM=0.0637 | loss=10.3047 | time=532.5s | comm=4592.1MB (total=22961MB)

[Round   6] Broadcasting to 2 edges...
  [Edge 0] G6 | E1 | Hier-pFedMe | Selected 13/13
  [Client 11] Round 6 | Hier-pFedMe(λ2=35.0) | loss=0.4891
  [Client 13] Round 6 | Hier-pFedMe(λ2=35.0) | loss=0.3232
  [Client 19] Round 6 | Hier-pFedMe(λ2=35.0) | loss=0.4678
  [Client 14] Round 6 | Hier-pFedMe(λ2=35.0) | loss=0.4489
  [Client  4] Round 6 | Hier-pFedMe(λ2=35.0) | loss=0.4824
  [Client  7] Round 6 | Hier-pFedMe(λ2=35.0) | loss=0.4605
  [Client 18] Round 6 | Hier-pFedMe(λ2=35.0) | loss=0.4478
  [Client  8] Round 6 | Hier-pFedMe(λ2=35.0) | loss=0.5964
  [Client  5] Round 6 | Hier-pFedMe(λ2=35.0) | loss=0.4394
  [Client 10] Round 6 | Hier-pFedMe(λ2=35.0) | loss=0.5398
  [Client  6] Round 6 | Hier-pFedMe(λ2=35.0) | loss=0.4904
  [Client 17] Round 6 | Hier-pFedMe(λ2=35.0) | loss=0.4242
  [Client 12] Round 6 | Hier-pFedMe(λ2=35.0) | loss=0.4258
  [Edge 0] G6 | E1 | loss=0.4643
  [Edge 0] G6 | E2 | Hier-pFedMe | Selected 13/13
  [Client 17] Round 6 | Hier-pFedMe(λ2=35.0) | loss=0.3902
  [Client 14] Round 6 | Hier-pFedMe(λ2=35.0) | loss=0.4189
  [Client  4] Round 6 | Hier-pFedMe(λ2=35.0) | loss=0.4580
  [Client  7] Round 6 | Hier-pFedMe(λ2=35.0) | loss=0.4188
  [Client  6] Round 6 | Hier-pFedMe(λ2=35.0) | loss=0.4514
  [Client 13] Round 6 | Hier-pFedMe(λ2=35.0) | loss=0.3095
  [Client 11] Round 6 | Hier-pFedMe(λ2=35.0) | loss=0.4574
  [Client 10] Round 6 | Hier-pFedMe(λ2=35.0) | loss=0.5012
  [Client 18] Round 6 | Hier-pFedMe(λ2=35.0) | loss=0.4199
  [Client 19] Round 6 | Hier-pFedMe(λ2=35.0) | loss=0.4339
  [Client  8] Round 6 | Hier-pFedMe(λ2=35.0) | loss=0.5573
  [Client  5] Round 6 | Hier-pFedMe(λ2=35.0) | loss=0.4102
  [Client 12] Round 6 | Hier-pFedMe(λ2=35.0) | loss=0.4051
  [Edge 0] G6 | E2 | loss=0.4332
  [Edge 0] G6 | E3 | Hier-pFedMe | Selected 13/13
  [Client  8] Round 6 | Hier-pFedMe(λ2=35.0) | loss=0.5446
  [Client 12] Round 6 | Hier-pFedMe(λ2=35.0) | loss=0.3806
  [Client 11] Round 6 | Hier-pFedMe(λ2=35.0) | loss=0.4166
  [Client  6] Round 6 | Hier-pFedMe(λ2=35.0) | loss=0.4370
  [Client 19] Round 6 | Hier-pFedMe(λ2=35.0) | loss=0.4022
  [Client 14] Round 6 | Hier-pFedMe(λ2=35.0) | loss=0.3929
  [Client 13] Round 6 | Hier-pFedMe(λ2=35.0) | loss=0.2894
  [Client  5] Round 6 | Hier-pFedMe(λ2=35.0) | loss=0.3779
  [Client 10] Round 6 | Hier-pFedMe(λ2=35.0) | loss=0.4971
  [Client 17] Round 6 | Hier-pFedMe(λ2=35.0) | loss=0.3566
  [Client  7] Round 6 | Hier-pFedMe(λ2=35.0) | loss=0.4182
  [Client  4] Round 6 | Hier-pFedMe(λ2=35.0) | loss=0.4328
  [Client 18] Round 6 | Hier-pFedMe(λ2=35.0) | loss=0.3945
  [Edge 0] G6 | E3 | loss=0.4108
  [Edge 0] G6 | E4 | Hier-pFedMe | Selected 13/13
  [Client 19] Round 6 | Hier-pFedMe(λ2=35.0) | loss=0.3861
  [Client 11] Round 6 | Hier-pFedMe(λ2=35.0) | loss=0.4061
  [Client  8] Round 6 | Hier-pFedMe(λ2=35.0) | loss=0.5059
  [Client  4] Round 6 | Hier-pFedMe(λ2=35.0) | loss=0.4179
  [Client 18] Round 6 | Hier-pFedMe(λ2=35.0) | loss=0.3744
  [Client 12] Round 6 | Hier-pFedMe(λ2=35.0) | loss=0.3552
  [Client  5] Round 6 | Hier-pFedMe(λ2=35.0) | loss=0.3411
  [Client 17] Round 6 | Hier-pFedMe(λ2=35.0) | loss=0.3592
  [Client  6] Round 6 | Hier-pFedMe(λ2=35.0) | loss=0.4017
  [Client 10] Round 6 | Hier-pFedMe(λ2=35.0) | loss=0.4627
  [Client 13] Round 6 | Hier-pFedMe(λ2=35.0) | loss=0.2723
  [Client 14] Round 6 | Hier-pFedMe(λ2=35.0) | loss=0.3702
  [Client  7] Round 6 | Hier-pFedMe(λ2=35.0) | loss=0.3923
  [Edge 0] G6 | E4 | loss=0.3881
  [Edge 0] G6 | E5 | Hier-pFedMe | Selected 13/13
  [Client 18] Round 6 | Hier-pFedMe(λ2=35.0) | loss=0.3728
  [Client 14] Round 6 | Hier-pFedMe(λ2=35.0) | loss=0.3541
  [Client  6] Round 6 | Hier-pFedMe(λ2=35.0) | loss=0.3952
  [Client  4] Round 6 | Hier-pFedMe(λ2=35.0) | loss=0.3960
  [Client 12] Round 6 | Hier-pFedMe(λ2=35.0) | loss=0.3444
  [Client 11] Round 6 | Hier-pFedMe(λ2=35.0) | loss=0.3905  [Client 17] Round 6 | Hier-pFedMe(λ2=35.0) | loss=0.3303

  [Client 13] Round 6 | Hier-pFedMe(λ2=35.0) | loss=0.2518
  [Client  7] Round 6 | Hier-pFedMe(λ2=35.0) | loss=0.3748
  [Client  8] Round 6 | Hier-pFedMe(λ2=35.0) | loss=0.5032
  [Client  5] Round 6 | Hier-pFedMe(λ2=35.0) | loss=0.3529
  [Client 10] Round 6 | Hier-pFedMe(λ2=35.0) | loss=0.4493
  [Client 19] Round 6 | Hier-pFedMe(λ2=35.0) | loss=0.3596
  [Edge 0] G6 | E5 | loss=0.3750
  [Edge 1] G6 | E1 | Hier-pFedMe | Selected 7/7
  [Client  0] Round 6 | Hier-pFedMe(λ2=35.0) | loss=0.2466
  [Client 16] Round 6 | Hier-pFedMe(λ2=35.0) | loss=0.2766
  [Client  3] Round 6 | Hier-pFedMe(λ2=35.0) | loss=0.3057
  [Client 15] Round 6 | Hier-pFedMe(λ2=35.0) | loss=0.3252
  [Client  1] Round 6 | Hier-pFedMe(λ2=35.0) | loss=0.3646
  [Client  2] Round 6 | Hier-pFedMe(λ2=35.0) | loss=0.3330
  [Client  9] Round 6 | Hier-pFedMe(λ2=35.0) | loss=0.2982
  [Edge 1] G6 | E1 | loss=0.3071
  [Edge 1] G6 | E2 | Hier-pFedMe | Selected 7/7
  [Client  2] Round 6 | Hier-pFedMe(λ2=35.0) | loss=0.3151
  [Client 16] Round 6 | Hier-pFedMe(λ2=35.0) | loss=0.2536
  [Client 15] Round 6 | Hier-pFedMe(λ2=35.0) | loss=0.3112
  [Client  3] Round 6 | Hier-pFedMe(λ2=35.0) | loss=0.2685
  [Client  0] Round 6 | Hier-pFedMe(λ2=35.0) | loss=0.2223
  [Client  1] Round 6 | Hier-pFedMe(λ2=35.0) | loss=0.3142
  [Client  9] Round 6 | Hier-pFedMe(λ2=35.0) | loss=0.2657
  [Edge 1] G6 | E2 | loss=0.2786
  [Edge 1] G6 | E3 | Hier-pFedMe | Selected 7/7
  [Client  0] Round 6 | Hier-pFedMe(λ2=35.0) | loss=0.2169
  [Client  9] Round 6 | Hier-pFedMe(λ2=35.0) | loss=0.2563
  [Client 15] Round 6 | Hier-pFedMe(λ2=35.0) | loss=0.2832
  [Client  3] Round 6 | Hier-pFedMe(λ2=35.0) | loss=0.2594
  [Client  1] Round 6 | Hier-pFedMe(λ2=35.0) | loss=0.3087
  [Client 16] Round 6 | Hier-pFedMe(λ2=35.0) | loss=0.2350
  [Client  2] Round 6 | Hier-pFedMe(λ2=35.0) | loss=0.2752
  [Edge 1] G6 | E3 | loss=0.2621
  [Edge 1] G6 | E4 | Hier-pFedMe | Selected 7/7
  [Client  9] Round 6 | Hier-pFedMe(λ2=35.0) | loss=0.2346
  [Client  0] Round 6 | Hier-pFedMe(λ2=35.0) | loss=0.2087
  [Client  3] Round 6 | Hier-pFedMe(λ2=35.0) | loss=0.2184
  [Client 16] Round 6 | Hier-pFedMe(λ2=35.0) | loss=0.2167
  [Client  1] Round 6 | Hier-pFedMe(λ2=35.0) | loss=0.2870
  [Client  2] Round 6 | Hier-pFedMe(λ2=35.0) | loss=0.2511
  [Client 15] Round 6 | Hier-pFedMe(λ2=35.0) | loss=0.2706
  [Edge 1] G6 | E4 | loss=0.2410
  [Edge 1] G6 | E5 | Hier-pFedMe | Selected 7/7
  [Client  1] Round 6 | Hier-pFedMe(λ2=35.0) | loss=0.2524
  [Client  0] Round 6 | Hier-pFedMe(λ2=35.0) | loss=0.1892
  [Client  9] Round 6 | Hier-pFedMe(λ2=35.0) | loss=0.2205
  [Client 15] Round 6 | Hier-pFedMe(λ2=35.0) | loss=0.2406
  [Client  2] Round 6 | Hier-pFedMe(λ2=35.0) | loss=0.2324
  [Client 16] Round 6 | Hier-pFedMe(λ2=35.0) | loss=0.2011
  [Client  3] Round 6 | Hier-pFedMe(λ2=35.0) | loss=0.2212
  [Edge 1] G6 | E5 | loss=0.2225
  [Cloud] GM=0.0650 | EM=0.0653 | loss=11.8784 | time=530.6s | comm=4592.1MB (total=27553MB)

[Round   7] Broadcasting to 2 edges...
  [Edge 0] G7 | E1 | Hier-pFedMe | Selected 13/13
  [Client 11] Round 7 | Hier-pFedMe(λ2=35.0) | loss=0.4500
  [Client 19] Round 7 | Hier-pFedMe(λ2=35.0) | loss=0.4067
  [Client  7] Round 7 | Hier-pFedMe(λ2=35.0) | loss=0.3983
  [Client 17] Round 7 | Hier-pFedMe(λ2=35.0) | loss=0.3591
  [Client  8] Round 7 | Hier-pFedMe(λ2=35.0) | loss=0.5299
  [Client 10] Round 7 | Hier-pFedMe(λ2=35.0) | loss=0.4730
  [Client  6] Round 7 | Hier-pFedMe(λ2=35.0) | loss=0.4110
  [Client 14] Round 7 | Hier-pFedMe(λ2=35.0) | loss=0.3826
  [Client 13] Round 7 | Hier-pFedMe(λ2=35.0) | loss=0.2815
  [Client  5] Round 7 | Hier-pFedMe(λ2=35.0) | loss=0.3699
  [Client  4] Round 7 | Hier-pFedMe(λ2=35.0) | loss=0.4101
  [Client 12] Round 7 | Hier-pFedMe(λ2=35.0) | loss=0.3713
  [Client 18] Round 7 | Hier-pFedMe(λ2=35.0) | loss=0.3789
  [Edge 0] G7 | E1 | loss=0.4017
  [Edge 0] G7 | E2 | Hier-pFedMe | Selected 13/13
  [Client 12] Round 7 | Hier-pFedMe(λ2=35.0) | loss=0.3531
  [Client 18] Round 7 | Hier-pFedMe(λ2=35.0) | loss=0.3715
  [Client  8] Round 7 | Hier-pFedMe(λ2=35.0) | loss=0.4964
  [Client 13] Round 7 | Hier-pFedMe(λ2=35.0) | loss=0.2567
  [Client 14] Round 7 | Hier-pFedMe(λ2=35.0) | loss=0.3779
  [Client 11] Round 7 | Hier-pFedMe(λ2=35.0) | loss=0.4086
  [Client  6] Round 7 | Hier-pFedMe(λ2=35.0) | loss=0.3888
  [Client  5] Round 7 | Hier-pFedMe(λ2=35.0) | loss=0.3414
  [Client 10] Round 7 | Hier-pFedMe(λ2=35.0) | loss=0.4617
  [Client  7] Round 7 | Hier-pFedMe(λ2=35.0) | loss=0.3840
  [Client 19] Round 7 | Hier-pFedMe(λ2=35.0) | loss=0.3765
  [Client  4] Round 7 | Hier-pFedMe(λ2=35.0) | loss=0.3987
  [Client 17] Round 7 | Hier-pFedMe(λ2=35.0) | loss=0.3299
  [Edge 0] G7 | E2 | loss=0.3804
  [Edge 0] G7 | E3 | Hier-pFedMe | Selected 13/13
  [Client 19] Round 7 | Hier-pFedMe(λ2=35.0) | loss=0.3688
  [Client 13] Round 7 | Hier-pFedMe(λ2=35.0) | loss=0.2533
  [Client  8] Round 7 | Hier-pFedMe(λ2=35.0) | loss=0.4597
  [Client  6] Round 7 | Hier-pFedMe(λ2=35.0) | loss=0.3707
  [Client  7] Round 7 | Hier-pFedMe(λ2=35.0) | loss=0.3487
  [Client 12] Round 7 | Hier-pFedMe(λ2=35.0) | loss=0.3389
  [Client 18] Round 7 | Hier-pFedMe(λ2=35.0) | loss=0.3377
  [Client  5] Round 7 | Hier-pFedMe(λ2=35.0) | loss=0.3243
  [Client 10] Round 7 | Hier-pFedMe(λ2=35.0) | loss=0.4142
  [Client 17] Round 7 | Hier-pFedMe(λ2=35.0) | loss=0.3310
  [Client 11] Round 7 | Hier-pFedMe(λ2=35.0) | loss=0.3755
  [Client  4] Round 7 | Hier-pFedMe(λ2=35.0) | loss=0.3967
  [Client 14] Round 7 | Hier-pFedMe(λ2=35.0) | loss=0.3406
  [Edge 0] G7 | E3 | loss=0.3585
  [Edge 0] G7 | E4 | Hier-pFedMe | Selected 13/13
  [Client 19] Round 7 | Hier-pFedMe(λ2=35.0) | loss=0.3505
  [Client  7] Round 7 | Hier-pFedMe(λ2=35.0) | loss=0.3267
  [Client  6] Round 7 | Hier-pFedMe(λ2=35.0) | loss=0.3459
  [Client  5] Round 7 | Hier-pFedMe(λ2=35.0) | loss=0.3165
  [Client 18] Round 7 | Hier-pFedMe(λ2=35.0) | loss=0.3433
  [Client 12] Round 7 | Hier-pFedMe(λ2=35.0) | loss=0.3188
  [Client 17] Round 7 | Hier-pFedMe(λ2=35.0) | loss=0.3042
  [Client  4] Round 7 | Hier-pFedMe(λ2=35.0) | loss=0.3790
  [Client  8] Round 7 | Hier-pFedMe(λ2=35.0) | loss=0.4572
  [Client 13] Round 7 | Hier-pFedMe(λ2=35.0) | loss=0.2394  [Client 14] Round 7 | Hier-pFedMe(λ2=35.0) | loss=0.3224

  [Client 11] Round 7 | Hier-pFedMe(λ2=35.0) | loss=0.3653
  [Client 10] Round 7 | Hier-pFedMe(λ2=35.0) | loss=0.4022
  [Edge 0] G7 | E4 | loss=0.3440
  [Edge 0] G7 | E5 | Hier-pFedMe | Selected 13/13
  [Client 18] Round 7 | Hier-pFedMe(λ2=35.0) | loss=0.3142
  [Client 13] Round 7 | Hier-pFedMe(λ2=35.0) | loss=0.2154
  [Client  7] Round 7 | Hier-pFedMe(λ2=35.0) | loss=0.3272
  [Client 10] Round 7 | Hier-pFedMe(λ2=35.0) | loss=0.3818
  [Client  8] Round 7 | Hier-pFedMe(λ2=35.0) | loss=0.4311
  [Client 14] Round 7 | Hier-pFedMe(λ2=35.0) | loss=0.3144
  [Client 17] Round 7 | Hier-pFedMe(λ2=35.0) | loss=0.2875
  [Client  4] Round 7 | Hier-pFedMe(λ2=35.0) | loss=0.3520
  [Client 12] Round 7 | Hier-pFedMe(λ2=35.0) | loss=0.2944
  [Client 19] Round 7 | Hier-pFedMe(λ2=35.0) | loss=0.3394
  [Client  5] Round 7 | Hier-pFedMe(λ2=35.0) | loss=0.3100
  [Client  6] Round 7 | Hier-pFedMe(λ2=35.0) | loss=0.3413
  [Client 11] Round 7 | Hier-pFedMe(λ2=35.0) | loss=0.3575
  [Edge 0] G7 | E5 | loss=0.3282
  [Edge 1] G7 | E1 | Hier-pFedMe | Selected 7/7
  [Client  0] Round 7 | Hier-pFedMe(λ2=35.0) | loss=0.1950
  [Client  1] Round 7 | Hier-pFedMe(λ2=35.0) | loss=0.3052
  [Client  2] Round 7 | Hier-pFedMe(λ2=35.0) | loss=0.2754
  [Client 15] Round 7 | Hier-pFedMe(λ2=35.0) | loss=0.2795
  [Client  9] Round 7 | Hier-pFedMe(λ2=35.0) | loss=0.2447
  [Client  3] Round 7 | Hier-pFedMe(λ2=35.0) | loss=0.2471
  [Client 16] Round 7 | Hier-pFedMe(λ2=35.0) | loss=0.2200
  [Edge 1] G7 | E1 | loss=0.2524
  [Edge 1] G7 | E2 | Hier-pFedMe | Selected 7/7
  [Client  0] Round 7 | Hier-pFedMe(λ2=35.0) | loss=0.1938
  [Client 15] Round 7 | Hier-pFedMe(λ2=35.0) | loss=0.2674
  [Client 16] Round 7 | Hier-pFedMe(λ2=35.0) | loss=0.2012
  [Client  3] Round 7 | Hier-pFedMe(λ2=35.0) | loss=0.2260
  [Client  2] Round 7 | Hier-pFedMe(λ2=35.0) | loss=0.2369
  [Client  9] Round 7 | Hier-pFedMe(λ2=35.0) | loss=0.2150
  [Client  1] Round 7 | Hier-pFedMe(λ2=35.0) | loss=0.2837
  [Edge 1] G7 | E2 | loss=0.2320
  [Edge 1] G7 | E3 | Hier-pFedMe | Selected 7/7
  [Client  0] Round 7 | Hier-pFedMe(λ2=35.0) | loss=0.1843
  [Client  9] Round 7 | Hier-pFedMe(λ2=35.0) | loss=0.2156
  [Client  2] Round 7 | Hier-pFedMe(λ2=35.0) | loss=0.2282
  [Client  3] Round 7 | Hier-pFedMe(λ2=35.0) | loss=0.1946
  [Client  1] Round 7 | Hier-pFedMe(λ2=35.0) | loss=0.2489
  [Client 15] Round 7 | Hier-pFedMe(λ2=35.0) | loss=0.2278
  [Client 16] Round 7 | Hier-pFedMe(λ2=35.0) | loss=0.1985
  [Edge 1] G7 | E3 | loss=0.2140
  [Edge 1] G7 | E4 | Hier-pFedMe | Selected 7/7
  [Client  0] Round 7 | Hier-pFedMe(λ2=35.0) | loss=0.1791
  [Client  2] Round 7 | Hier-pFedMe(λ2=35.0) | loss=0.2224
  [Client 16] Round 7 | Hier-pFedMe(λ2=35.0) | loss=0.1816
  [Client 15] Round 7 | Hier-pFedMe(λ2=35.0) | loss=0.2296
  [Client  9] Round 7 | Hier-pFedMe(λ2=35.0) | loss=0.1870
  [Client  1] Round 7 | Hier-pFedMe(λ2=35.0) | loss=0.2329
  [Client  3] Round 7 | Hier-pFedMe(λ2=35.0) | loss=0.2023
  [Edge 1] G7 | E4 | loss=0.2050
  [Edge 1] G7 | E5 | Hier-pFedMe | Selected 7/7
  [Client  2] Round 7 | Hier-pFedMe(λ2=35.0) | loss=0.1999
  [Client  0] Round 7 | Hier-pFedMe(λ2=35.0) | loss=0.1567
  [Client 16] Round 7 | Hier-pFedMe(λ2=35.0) | loss=0.1666
  [Client  3] Round 7 | Hier-pFedMe(λ2=35.0) | loss=0.1694
  [Client  9] Round 7 | Hier-pFedMe(λ2=35.0) | loss=0.1852
  [Client  1] Round 7 | Hier-pFedMe(λ2=35.0) | loss=0.2396
  [Client 15] Round 7 | Hier-pFedMe(λ2=35.0) | loss=0.2216
  [Edge 1] G7 | E5 | loss=0.1913
  [Cloud] GM=0.0631 | EM=0.0617 | loss=13.7656 | time=530.3s | comm=4592.1MB (total=32145MB)

[Round   8] Broadcasting to 2 edges...
  [Edge 0] G8 | E1 | Hier-pFedMe | Selected 13/13
  [Client 12] Round 8 | Hier-pFedMe(λ2=35.0) | loss=0.3254
  [Client  8] Round 8 | Hier-pFedMe(λ2=35.0) | loss=0.4509
  [Client 10] Round 8 | Hier-pFedMe(λ2=35.0) | loss=0.4318
  [Client  4] Round 8 | Hier-pFedMe(λ2=35.0) | loss=0.3753
  [Client 11] Round 8 | Hier-pFedMe(λ2=35.0) | loss=0.3893
  [Client  5] Round 8 | Hier-pFedMe(λ2=35.0) | loss=0.3293
  [Client 18] Round 8 | Hier-pFedMe(λ2=35.0) | loss=0.3579
  [Client 17] Round 8 | Hier-pFedMe(λ2=35.0) | loss=0.3419
  [Client  6] Round 8 | Hier-pFedMe(λ2=35.0) | loss=0.3687
  [Client 14] Round 8 | Hier-pFedMe(λ2=35.0) | loss=0.3449
  [Client  7] Round 8 | Hier-pFedMe(λ2=35.0) | loss=0.3387
  [Client 13] Round 8 | Hier-pFedMe(λ2=35.0) | loss=0.2456
  [Client 19] Round 8 | Hier-pFedMe(λ2=35.0) | loss=0.3698
  [Edge 0] G8 | E1 | loss=0.3592
  [Edge 0] G8 | E2 | Hier-pFedMe | Selected 13/13
  [Client 11] Round 8 | Hier-pFedMe(λ2=35.0) | loss=0.3555
  [Client  6] Round 8 | Hier-pFedMe(λ2=35.0) | loss=0.3598
  [Client  5] Round 8 | Hier-pFedMe(λ2=35.0) | loss=0.3008
  [Client  4] Round 8 | Hier-pFedMe(λ2=35.0) | loss=0.3589
  [Client 13] Round 8 | Hier-pFedMe(λ2=35.0) | loss=0.2234
  [Client  8] Round 8 | Hier-pFedMe(λ2=35.0) | loss=0.4356
  [Client 18] Round 8 | Hier-pFedMe(λ2=35.0) | loss=0.3288
  [Client 17] Round 8 | Hier-pFedMe(λ2=35.0) | loss=0.3057
  [Client 12] Round 8 | Hier-pFedMe(λ2=35.0) | loss=0.2925
  [Client 19] Round 8 | Hier-pFedMe(λ2=35.0) | loss=0.3249
  [Client  7] Round 8 | Hier-pFedMe(λ2=35.0) | loss=0.3256
  [Client 10] Round 8 | Hier-pFedMe(λ2=35.0) | loss=0.3894
  [Client 14] Round 8 | Hier-pFedMe(λ2=35.0) | loss=0.3028
  [Edge 0] G8 | E2 | loss=0.3311
  [Edge 0] G8 | E3 | Hier-pFedMe | Selected 13/13
  [Client 12] Round 8 | Hier-pFedMe(λ2=35.0) | loss=0.2843
  [Client 18] Round 8 | Hier-pFedMe(λ2=35.0) | loss=0.3115
  [Client  7] Round 8 | Hier-pFedMe(λ2=35.0) | loss=0.3008
  [Client  4] Round 8 | Hier-pFedMe(λ2=35.0) | loss=0.3467
  [Client 19] Round 8 | Hier-pFedMe(λ2=35.0) | loss=0.3166
  [Client 17] Round 8 | Hier-pFedMe(λ2=35.0) | loss=0.2985
  [Client  8] Round 8 | Hier-pFedMe(λ2=35.0) | loss=0.4290
  [Client 13] Round 8 | Hier-pFedMe(λ2=35.0) | loss=0.2123
  [Client 11] Round 8 | Hier-pFedMe(λ2=35.0) | loss=0.3281
  [Client 10] Round 8 | Hier-pFedMe(λ2=35.0) | loss=0.3665
  [Client  5] Round 8 | Hier-pFedMe(λ2=35.0) | loss=0.2844
  [Client 14] Round 8 | Hier-pFedMe(λ2=35.0) | loss=0.3088
  [Client  6] Round 8 | Hier-pFedMe(λ2=35.0) | loss=0.3259
  [Edge 0] G8 | E3 | loss=0.3164
  [Edge 0] G8 | E4 | Hier-pFedMe | Selected 13/13
  [Client  6] Round 8 | Hier-pFedMe(λ2=35.0) | loss=0.3177
  [Client  7] Round 8 | Hier-pFedMe(λ2=35.0) | loss=0.2960
  [Client  5] Round 8 | Hier-pFedMe(λ2=35.0) | loss=0.2778
  [Client 14] Round 8 | Hier-pFedMe(λ2=35.0) | loss=0.2770
  [Client 13] Round 8 | Hier-pFedMe(λ2=35.0) | loss=0.2029
  [Client 19] Round 8 | Hier-pFedMe(λ2=35.0) | loss=0.2910
  [Client  8] Round 8 | Hier-pFedMe(λ2=35.0) | loss=0.4009
  [Client 17] Round 8 | Hier-pFedMe(λ2=35.0) | loss=0.2755
  [Client 12] Round 8 | Hier-pFedMe(λ2=35.0) | loss=0.2823
  [Client 11] Round 8 | Hier-pFedMe(λ2=35.0) | loss=0.3104
  [Client  4] Round 8 | Hier-pFedMe(λ2=35.0) | loss=0.3213
  [Client 10] Round 8 | Hier-pFedMe(λ2=35.0) | loss=0.3661
  [Client 18] Round 8 | Hier-pFedMe(λ2=35.0) | loss=0.2894
  [Edge 0] G8 | E4 | loss=0.3006
  [Edge 0] G8 | E5 | Hier-pFedMe | Selected 13/13
  [Client  6] Round 8 | Hier-pFedMe(λ2=35.0) | loss=0.2999
  [Client  8] Round 8 | Hier-pFedMe(λ2=35.0) | loss=0.3828
  [Client  4] Round 8 | Hier-pFedMe(λ2=35.0) | loss=0.3301
  [Client  5] Round 8 | Hier-pFedMe(λ2=35.0) | loss=0.2523
  [Client 12] Round 8 | Hier-pFedMe(λ2=35.0) | loss=0.2533
  [Client 13] Round 8 | Hier-pFedMe(λ2=35.0) | loss=0.1989
  [Client  7] Round 8 | Hier-pFedMe(λ2=35.0) | loss=0.2692
  [Client 10] Round 8 | Hier-pFedMe(λ2=35.0) | loss=0.3283
  [Client 18] Round 8 | Hier-pFedMe(λ2=35.0) | loss=0.2914
  [Client 11] Round 8 | Hier-pFedMe(λ2=35.0) | loss=0.3153
  [Client 17] Round 8 | Hier-pFedMe(λ2=35.0) | loss=0.2697
  [Client 19] Round 8 | Hier-pFedMe(λ2=35.0) | loss=0.2889
  [Client 14] Round 8 | Hier-pFedMe(λ2=35.0) | loss=0.2689
  [Edge 0] G8 | E5 | loss=0.2884
  [Edge 1] G8 | E1 | Hier-pFedMe | Selected 7/7
  [Client  0] Round 8 | Hier-pFedMe(λ2=35.0) | loss=0.1738
  [Client  1] Round 8 | Hier-pFedMe(λ2=35.0) | loss=0.2698
  [Client  3] Round 8 | Hier-pFedMe(λ2=35.0) | loss=0.2118
  [Client 15] Round 8 | Hier-pFedMe(λ2=35.0) | loss=0.2127
  [Client  2] Round 8 | Hier-pFedMe(λ2=35.0) | loss=0.2298
  [Client  9] Round 8 | Hier-pFedMe(λ2=35.0) | loss=0.1974
  [Client 16] Round 8 | Hier-pFedMe(λ2=35.0) | loss=0.1818
  [Edge 1] G8 | E1 | loss=0.2110
  [Edge 1] G8 | E2 | Hier-pFedMe | Selected 7/7
  [Client  9] Round 8 | Hier-pFedMe(λ2=35.0) | loss=0.1930
  [Client  1] Round 8 | Hier-pFedMe(λ2=35.0) | loss=0.2402
  [Client  2] Round 8 | Hier-pFedMe(λ2=35.0) | loss=0.2224
  [Client 16] Round 8 | Hier-pFedMe(λ2=35.0) | loss=0.1763
  [Client  0] Round 8 | Hier-pFedMe(λ2=35.0) | loss=0.1589
  [Client  3] Round 8 | Hier-pFedMe(λ2=35.0) | loss=0.1964
  [Client 15] Round 8 | Hier-pFedMe(λ2=35.0) | loss=0.2020
  [Edge 1] G8 | E2 | loss=0.1985
  [Edge 1] G8 | E3 | Hier-pFedMe | Selected 7/7
  [Client  9] Round 8 | Hier-pFedMe(λ2=35.0) | loss=0.1739
  [Client  0] Round 8 | Hier-pFedMe(λ2=35.0) | loss=0.1522
  [Client  1] Round 8 | Hier-pFedMe(λ2=35.0) | loss=0.2110
  [Client  3] Round 8 | Hier-pFedMe(λ2=35.0) | loss=0.1838
  [Client 16] Round 8 | Hier-pFedMe(λ2=35.0) | loss=0.1557
  [Client  2] Round 8 | Hier-pFedMe(λ2=35.0) | loss=0.1925
  [Client 15] Round 8 | Hier-pFedMe(λ2=35.0) | loss=0.1913
  [Edge 1] G8 | E3 | loss=0.1800
  [Edge 1] G8 | E4 | Hier-pFedMe | Selected 7/7
  [Client  0] Round 8 | Hier-pFedMe(λ2=35.0) | loss=0.1452
  [Client  9] Round 8 | Hier-pFedMe(λ2=35.0) | loss=0.1552
  [Client  1] Round 8 | Hier-pFedMe(λ2=35.0) | loss=0.1919
  [Client 16] Round 8 | Hier-pFedMe(λ2=35.0) | loss=0.1445
  [Client  2] Round 8 | Hier-pFedMe(λ2=35.0) | loss=0.1809
  [Client  3] Round 8 | Hier-pFedMe(λ2=35.0) | loss=0.1615
  [Client 15] Round 8 | Hier-pFedMe(λ2=35.0) | loss=0.1857
  [Edge 1] G8 | E4 | loss=0.1664
  [Edge 1] G8 | E5 | Hier-pFedMe | Selected 7/7
  [Client  0] Round 8 | Hier-pFedMe(λ2=35.0) | loss=0.1329
  [Client  1] Round 8 | Hier-pFedMe(λ2=35.0) | loss=0.1746
  [Client  3] Round 8 | Hier-pFedMe(λ2=35.0) | loss=0.1543
  [Client 15] Round 8 | Hier-pFedMe(λ2=35.0) | loss=0.1778
  [Client 16] Round 8 | Hier-pFedMe(λ2=35.0) | loss=0.1349
  [Client  2] Round 8 | Hier-pFedMe(λ2=35.0) | loss=0.1656
  [Client  9] Round 8 | Hier-pFedMe(λ2=35.0) | loss=0.1461
  [Edge 1] G8 | E5 | loss=0.1551
  [Cloud] GM=0.0686 | EM=0.0668 | loss=14.9211 | time=530.7s | comm=4592.1MB (total=36737MB)

[Round   9] Broadcasting to 2 edges...
  [Edge 0] G9 | E1 | Hier-pFedMe | Selected 13/13
  [Client 11] Round 9 | Hier-pFedMe(λ2=35.0) | loss=0.3473
  [Client 18] Round 9 | Hier-pFedMe(λ2=35.0) | loss=0.3075
  [Client 10] Round 9 | Hier-pFedMe(λ2=35.0) | loss=0.3784
  [Client  8] Round 9 | Hier-pFedMe(λ2=35.0) | loss=0.4193
  [Client  6] Round 9 | Hier-pFedMe(λ2=35.0) | loss=0.3352
  [Client 14] Round 9 | Hier-pFedMe(λ2=35.0) | loss=0.2942
  [Client  4] Round 9 | Hier-pFedMe(λ2=35.0) | loss=0.3362
  [Client  7] Round 9 | Hier-pFedMe(λ2=35.0) | loss=0.3102
  [Client 19] Round 9 | Hier-pFedMe(λ2=35.0) | loss=0.3179
  [Client 12] Round 9 | Hier-pFedMe(λ2=35.0) | loss=0.2836
  [Client 13] Round 9 | Hier-pFedMe(λ2=35.0) | loss=0.2092
  [Client 17] Round 9 | Hier-pFedMe(λ2=35.0) | loss=0.2944
  [Client  5] Round 9 | Hier-pFedMe(λ2=35.0) | loss=0.2859
  [Edge 0] G9 | E1 | loss=0.3169
  [Edge 0] G9 | E2 | Hier-pFedMe | Selected 13/13
  [Client  8] Round 9 | Hier-pFedMe(λ2=35.0) | loss=0.3915
  [Client 18] Round 9 | Hier-pFedMe(λ2=35.0) | loss=0.2931
  [Client 17] Round 9 | Hier-pFedMe(λ2=35.0) | loss=0.2665
  [Client  7] Round 9 | Hier-pFedMe(λ2=35.0) | loss=0.2851
  [Client 19] Round 9 | Hier-pFedMe(λ2=35.0) | loss=0.3007
  [Client 10] Round 9 | Hier-pFedMe(λ2=35.0) | loss=0.3349
  [Client  4] Round 9 | Hier-pFedMe(λ2=35.0) | loss=0.3061
  [Client 11] Round 9 | Hier-pFedMe(λ2=35.0) | loss=0.3123
  [Client 13] Round 9 | Hier-pFedMe(λ2=35.0) | loss=0.1987
  [Client 12] Round 9 | Hier-pFedMe(λ2=35.0) | loss=0.2603
  [Client  5] Round 9 | Hier-pFedMe(λ2=35.0) | loss=0.2579
  [Client  6] Round 9 | Hier-pFedMe(λ2=35.0) | loss=0.3033
  [Client 14] Round 9 | Hier-pFedMe(λ2=35.0) | loss=0.2884
  [Edge 0] G9 | E2 | loss=0.2922
  [Edge 0] G9 | E3 | Hier-pFedMe | Selected 13/13
  [Client 11] Round 9 | Hier-pFedMe(λ2=35.0) | loss=0.3047
  [Client  5] Round 9 | Hier-pFedMe(λ2=35.0) | loss=0.2617
  [Client  7] Round 9 | Hier-pFedMe(λ2=35.0) | loss=0.2608
  [Client 14] Round 9 | Hier-pFedMe(λ2=35.0) | loss=0.2557
  [Client  8] Round 9 | Hier-pFedMe(λ2=35.0) | loss=0.3760
  [Client 18] Round 9 | Hier-pFedMe(λ2=35.0) | loss=0.2696
  [Client  4] Round 9 | Hier-pFedMe(λ2=35.0) | loss=0.3210
  [Client 17] Round 9 | Hier-pFedMe(λ2=35.0) | loss=0.2515
  [Client 12] Round 9 | Hier-pFedMe(λ2=35.0) | loss=0.2580
  [Client  6] Round 9 | Hier-pFedMe(λ2=35.0) | loss=0.2927
  [Client 19] Round 9 | Hier-pFedMe(λ2=35.0) | loss=0.2801
  [Client 10] Round 9 | Hier-pFedMe(λ2=35.0) | loss=0.3390
  [Client 13] Round 9 | Hier-pFedMe(λ2=35.0) | loss=0.1789
  [Edge 0] G9 | E3 | loss=0.2808
  [Edge 0] G9 | E4 | Hier-pFedMe | Selected 13/13
  [Client 13] Round 9 | Hier-pFedMe(λ2=35.0) | loss=0.1795
  [Client  5] Round 9 | Hier-pFedMe(λ2=35.0) | loss=0.2384
  [Client 14] Round 9 | Hier-pFedMe(λ2=35.0) | loss=0.2522
  [Client  7] Round 9 | Hier-pFedMe(λ2=35.0) | loss=0.2728
  [Client 19] Round 9 | Hier-pFedMe(λ2=35.0) | loss=0.2656
  [Client  8] Round 9 | Hier-pFedMe(λ2=35.0) | loss=0.3473
  [Client  6] Round 9 | Hier-pFedMe(λ2=35.0) | loss=0.2796
  [Client 17] Round 9 | Hier-pFedMe(λ2=35.0) | loss=0.2524
  [Client 12] Round 9 | Hier-pFedMe(λ2=35.0) | loss=0.2468
  [Client 11] Round 9 | Hier-pFedMe(λ2=35.0) | loss=0.2821
  [Client  4] Round 9 | Hier-pFedMe(λ2=35.0) | loss=0.2878
  [Client 10] Round 9 | Hier-pFedMe(λ2=35.0) | loss=0.3041
  [Client 18] Round 9 | Hier-pFedMe(λ2=35.0) | loss=0.2694
  [Edge 0] G9 | E4 | loss=0.2675
  [Edge 0] G9 | E5 | Hier-pFedMe | Selected 13/13
  [Client  7] Round 9 | Hier-pFedMe(λ2=35.0) | loss=0.2568
  [Client 19] Round 9 | Hier-pFedMe(λ2=35.0) | loss=0.2626
  [Client 13] Round 9 | Hier-pFedMe(λ2=35.0) | loss=0.1735
  [Client 10] Round 9 | Hier-pFedMe(λ2=35.0) | loss=0.2972
  [Client 17] Round 9 | Hier-pFedMe(λ2=35.0) | loss=0.2382
  [Client 14] Round 9 | Hier-pFedMe(λ2=35.0) | loss=0.2387
  [Client  8] Round 9 | Hier-pFedMe(λ2=35.0) | loss=0.3371
  [Client  4] Round 9 | Hier-pFedMe(λ2=35.0) | loss=0.2898
  [Client 12] Round 9 | Hier-pFedMe(λ2=35.0) | loss=0.2270
  [Client 11] Round 9 | Hier-pFedMe(λ2=35.0) | loss=0.2806
  [Client  6] Round 9 | Hier-pFedMe(λ2=35.0) | loss=0.2701
  [Client  5] Round 9 | Hier-pFedMe(λ2=35.0) | loss=0.2385
  [Client 18] Round 9 | Hier-pFedMe(λ2=35.0) | loss=0.2568
  [Edge 0] G9 | E5 | loss=0.2590
  [Edge 1] G9 | E1 | Hier-pFedMe | Selected 7/7
  [Client  9] Round 9 | Hier-pFedMe(λ2=35.0) | loss=0.1741
  [Client 16] Round 9 | Hier-pFedMe(λ2=35.0) | loss=0.1620
  [Client 15] Round 9 | Hier-pFedMe(λ2=35.0) | loss=0.1925
  [Client  3] Round 9 | Hier-pFedMe(λ2=35.0) | loss=0.1671
  [Client  1] Round 9 | Hier-pFedMe(λ2=35.0) | loss=0.2191
  [Client  2] Round 9 | Hier-pFedMe(λ2=35.0) | loss=0.1889
  [Client  0] Round 9 | Hier-pFedMe(λ2=35.0) | loss=0.1508
  [Edge 1] G9 | E1 | loss=0.1792
  [Edge 1] G9 | E2 | Hier-pFedMe | Selected 7/7
  [Client  9] Round 9 | Hier-pFedMe(λ2=35.0) | loss=0.1698
  [Client  2] Round 9 | Hier-pFedMe(λ2=35.0) | loss=0.1751
  [Client  0] Round 9 | Hier-pFedMe(λ2=35.0) | loss=0.1368
  [Client  3] Round 9 | Hier-pFedMe(λ2=35.0) | loss=0.1471
  [Client 15] Round 9 | Hier-pFedMe(λ2=35.0) | loss=0.1810
  [Client 16] Round 9 | Hier-pFedMe(λ2=35.0) | loss=0.1481
  [Client  1] Round 9 | Hier-pFedMe(λ2=35.0) | loss=0.1872
  [Edge 1] G9 | E2 | loss=0.1636
  [Edge 1] G9 | E3 | Hier-pFedMe | Selected 7/7
  [Client  2] Round 9 | Hier-pFedMe(λ2=35.0) | loss=0.1524
  [Client 16] Round 9 | Hier-pFedMe(λ2=35.0) | loss=0.1306
  [Client 15] Round 9 | Hier-pFedMe(λ2=35.0) | loss=0.1505
  [Client  3] Round 9 | Hier-pFedMe(λ2=35.0) | loss=0.1491
  [Client  9] Round 9 | Hier-pFedMe(λ2=35.0) | loss=0.1514
  [Client  1] Round 9 | Hier-pFedMe(λ2=35.0) | loss=0.1797
  [Client  0] Round 9 | Hier-pFedMe(λ2=35.0) | loss=0.1182
  [Edge 1] G9 | E3 | loss=0.1474
  [Edge 1] G9 | E4 | Hier-pFedMe | Selected 7/7
  [Client  0] Round 9 | Hier-pFedMe(λ2=35.0) | loss=0.1123
  [Client  2] Round 9 | Hier-pFedMe(λ2=35.0) | loss=0.1494
  [Client  9] Round 9 | Hier-pFedMe(λ2=35.0) | loss=0.1497
  [Client  3] Round 9 | Hier-pFedMe(λ2=35.0) | loss=0.1381
  [Client 16] Round 9 | Hier-pFedMe(λ2=35.0) | loss=0.1106
  [Client  1] Round 9 | Hier-pFedMe(λ2=35.0) | loss=0.1656
  [Client 15] Round 9 | Hier-pFedMe(λ2=35.0) | loss=0.1493
  [Edge 1] G9 | E4 | loss=0.1393
  [Edge 1] G9 | E5 | Hier-pFedMe | Selected 7/7
  [Client  0] Round 9 | Hier-pFedMe(λ2=35.0) | loss=0.1042
  [Client  1] Round 9 | Hier-pFedMe(λ2=35.0) | loss=0.1674
  [Client 16] Round 9 | Hier-pFedMe(λ2=35.0) | loss=0.1087
  [Client 15] Round 9 | Hier-pFedMe(λ2=35.0) | loss=0.1344
  [Client  9] Round 9 | Hier-pFedMe(λ2=35.0) | loss=0.1252
  [Client  2] Round 9 | Hier-pFedMe(λ2=35.0) | loss=0.1468
  [Client  3] Round 9 | Hier-pFedMe(λ2=35.0) | loss=0.1313
  [Edge 1] G9 | E5 | loss=0.1311
  [Cloud] GM=0.0679 | EM=0.0649 | loss=16.2896 | time=524.1s | comm=4592.1MB (total=41329MB)

[Round  10] Broadcasting to 2 edges...
  [Edge 0] G10 | E1 | Hier-pFedMe | Selected 13/13
  [Client 19] Round 10 | Hier-pFedMe(λ2=35.0) | loss=0.2839
  [Client  6] Round 10 | Hier-pFedMe(λ2=35.0) | loss=0.2990
  [Client 14] Round 10 | Hier-pFedMe(λ2=35.0) | loss=0.2629
  [Client  5] Round 10 | Hier-pFedMe(λ2=35.0) | loss=0.2653
  [Client 12] Round 10 | Hier-pFedMe(λ2=35.0) | loss=0.2526
  [Client 17] Round 10 | Hier-pFedMe(λ2=35.0) | loss=0.2529
  [Client 11] Round 10 | Hier-pFedMe(λ2=35.0) | loss=0.2968
  [Client  8] Round 10 | Hier-pFedMe(λ2=35.0) | loss=0.3781
  [Client  4] Round 10 | Hier-pFedMe(λ2=35.0) | loss=0.3141
  [Client 13] Round 10 | Hier-pFedMe(λ2=35.0) | loss=0.1865
  [Client 18] Round 10 | Hier-pFedMe(λ2=35.0) | loss=0.2760
  [Client 10] Round 10 | Hier-pFedMe(λ2=35.0) | loss=0.3194
  [Client  7] Round 10 | Hier-pFedMe(λ2=35.0) | loss=0.2766
  [Edge 0] G10 | E1 | loss=0.2819
  [Edge 0] G10 | E2 | Hier-pFedMe | Selected 13/13
  [Client 18] Round 10 | Hier-pFedMe(λ2=35.0) | loss=0.2733
  [Client 11] Round 10 | Hier-pFedMe(λ2=35.0) | loss=0.2718
  [Client 10] Round 10 | Hier-pFedMe(λ2=35.0) | loss=0.3154
  [Client  4] Round 10 | Hier-pFedMe(λ2=35.0) | loss=0.2887
  [Client  8] Round 10 | Hier-pFedMe(λ2=35.0) | loss=0.3710
  [Client  5] Round 10 | Hier-pFedMe(λ2=35.0) | loss=0.2583
  [Client 12] Round 10 | Hier-pFedMe(λ2=35.0) | loss=0.2392
  [Client  6] Round 10 | Hier-pFedMe(λ2=35.0) | loss=0.2830
  [Client 19] Round 10 | Hier-pFedMe(λ2=35.0) | loss=0.2493
  [Client 14] Round 10 | Hier-pFedMe(λ2=35.0) | loss=0.2415
  [Client 17] Round 10 | Hier-pFedMe(λ2=35.0) | loss=0.2500
  [Client  7] Round 10 | Hier-pFedMe(λ2=35.0) | loss=0.2675
  [Client 13] Round 10 | Hier-pFedMe(λ2=35.0) | loss=0.1643
  [Edge 0] G10 | E2 | loss=0.2672
  [Edge 0] G10 | E3 | Hier-pFedMe | Selected 13/13
  [Client  8] Round 10 | Hier-pFedMe(λ2=35.0) | loss=0.3365
  [Client 17] Round 10 | Hier-pFedMe(λ2=35.0) | loss=0.2240
  [Client  5] Round 10 | Hier-pFedMe(λ2=35.0) | loss=0.2237
  [Client 14] Round 10 | Hier-pFedMe(λ2=35.0) | loss=0.2417
  [Client 18] Round 10 | Hier-pFedMe(λ2=35.0) | loss=0.2421
  [Client 12] Round 10 | Hier-pFedMe(λ2=35.0) | loss=0.2278
  [Client  6] Round 10 | Hier-pFedMe(λ2=35.0) | loss=0.2767
  [Client  7] Round 10 | Hier-pFedMe(λ2=35.0) | loss=0.2359
  [Client 19] Round 10 | Hier-pFedMe(λ2=35.0) | loss=0.2392
  [Client 11] Round 10 | Hier-pFedMe(λ2=35.0) | loss=0.2628
  [Client 13] Round 10 | Hier-pFedMe(λ2=35.0) | loss=0.1691
  [Client  4] Round 10 | Hier-pFedMe(λ2=35.0) | loss=0.2791
  [Client 10] Round 10 | Hier-pFedMe(λ2=35.0) | loss=0.2929
  [Edge 0] G10 | E3 | loss=0.2501
  [Edge 0] G10 | E4 | Hier-pFedMe | Selected 13/13
  [Client 12] Round 10 | Hier-pFedMe(λ2=35.0) | loss=0.2144
  [Client 11] Round 10 | Hier-pFedMe(λ2=35.0) | loss=0.2482
  [Client 19] Round 10 | Hier-pFedMe(λ2=35.0) | loss=0.2492
  [Client 10] Round 10 | Hier-pFedMe(λ2=35.0) | loss=0.2881
  [Client 13] Round 10 | Hier-pFedMe(λ2=35.0) | loss=0.1514
  [Client  8] Round 10 | Hier-pFedMe(λ2=35.0) | loss=0.3074
  [Client 17] Round 10 | Hier-pFedMe(λ2=35.0) | loss=0.2125
  [Client  7] Round 10 | Hier-pFedMe(λ2=35.0) | loss=0.2439
  [Client 18] Round 10 | Hier-pFedMe(λ2=35.0) | loss=0.2352
  [Client 14] Round 10 | Hier-pFedMe(λ2=35.0) | loss=0.2322
  [Client  4] Round 10 | Hier-pFedMe(λ2=35.0) | loss=0.2716
  [Client  6] Round 10 | Hier-pFedMe(λ2=35.0) | loss=0.2587
  [Client  5] Round 10 | Hier-pFedMe(λ2=35.0) | loss=0.2022
  [Edge 0] G10 | E4 | loss=0.2396
  [Edge 0] G10 | E5 | Hier-pFedMe | Selected 13/13
  [Client  8] Round 10 | Hier-pFedMe(λ2=35.0) | loss=0.3132
  [Client 19] Round 10 | Hier-pFedMe(λ2=35.0) | loss=0.2231
  [Client 17] Round 10 | Hier-pFedMe(λ2=35.0) | loss=0.2053
  [Client  5] Round 10 | Hier-pFedMe(λ2=35.0) | loss=0.2101
  [Client 12] Round 10 | Hier-pFedMe(λ2=35.0) | loss=0.2096
  [Client 10] Round 10 | Hier-pFedMe(λ2=35.0) | loss=0.2650
  [Client 13] Round 10 | Hier-pFedMe(λ2=35.0) | loss=0.1638
  [Client  7] Round 10 | Hier-pFedMe(λ2=35.0) | loss=0.2287
  [Client  4] Round 10 | Hier-pFedMe(λ2=35.0) | loss=0.2746
  [Client 18] Round 10 | Hier-pFedMe(λ2=35.0) | loss=0.2188
  [Client 14] Round 10 | Hier-pFedMe(λ2=35.0) | loss=0.2210
  [Client 11] Round 10 | Hier-pFedMe(λ2=35.0) | loss=0.2546
  [Client  6] Round 10 | Hier-pFedMe(λ2=35.0) | loss=0.2337
  [Edge 0] G10 | E5 | loss=0.2324
  [Edge 1] G10 | E1 | Hier-pFedMe | Selected 7/7
  [Client  2] Round 10 | Hier-pFedMe(λ2=35.0) | loss=0.1642
  [Client  1] Round 10 | Hier-pFedMe(λ2=35.0) | loss=0.1937
  [Client  9] Round 10 | Hier-pFedMe(λ2=35.0) | loss=0.1568
  [Client 16] Round 10 | Hier-pFedMe(λ2=35.0) | loss=0.1241
  [Client  0] Round 10 | Hier-pFedMe(λ2=35.0) | loss=0.1197
  [Client 15] Round 10 | Hier-pFedMe(λ2=35.0) | loss=0.1449
  [Client  3] Round 10 | Hier-pFedMe(λ2=35.0) | loss=0.1524
  [Edge 1] G10 | E1 | loss=0.1508
  [Edge 1] G10 | E2 | Hier-pFedMe | Selected 7/7
  [Client  9] Round 10 | Hier-pFedMe(λ2=35.0) | loss=0.1354
  [Client  0] Round 10 | Hier-pFedMe(λ2=35.0) | loss=0.1206
  [Client 16] Round 10 | Hier-pFedMe(λ2=35.0) | loss=0.1159
  [Client 15] Round 10 | Hier-pFedMe(λ2=35.0) | loss=0.1373
  [Client  2] Round 10 | Hier-pFedMe(λ2=35.0) | loss=0.1401
  [Client  1] Round 10 | Hier-pFedMe(λ2=35.0) | loss=0.1456
  [Client  3] Round 10 | Hier-pFedMe(λ2=35.0) | loss=0.1322
  [Edge 1] G10 | E2 | loss=0.1324
  [Edge 1] G10 | E3 | Hier-pFedMe | Selected 7/7
  [Client  0] Round 10 | Hier-pFedMe(λ2=35.0) | loss=0.1015
  [Client 15] Round 10 | Hier-pFedMe(λ2=35.0) | loss=0.1507
  [Client  3] Round 10 | Hier-pFedMe(λ2=35.0) | loss=0.1259
  [Client 16] Round 10 | Hier-pFedMe(λ2=35.0) | loss=0.1003
  [Client  2] Round 10 | Hier-pFedMe(λ2=35.0) | loss=0.1406
  [Client  9] Round 10 | Hier-pFedMe(λ2=35.0) | loss=0.1416
  [Client  1] Round 10 | Hier-pFedMe(λ2=35.0) | loss=0.1543
  [Edge 1] G10 | E3 | loss=0.1307
  [Edge 1] G10 | E4 | Hier-pFedMe | Selected 7/7
  [Client  9] Round 10 | Hier-pFedMe(λ2=35.0) | loss=0.1201
  [Client  2] Round 10 | Hier-pFedMe(λ2=35.0) | loss=0.1268
  [Client 16] Round 10 | Hier-pFedMe(λ2=35.0) | loss=0.0996
  [Client 15] Round 10 | Hier-pFedMe(λ2=35.0) | loss=0.1366
  [Client  3] Round 10 | Hier-pFedMe(λ2=35.0) | loss=0.1205
  [Client  0] Round 10 | Hier-pFedMe(λ2=35.0) | loss=0.1006
  [Client  1] Round 10 | Hier-pFedMe(λ2=35.0) | loss=0.1427
  [Edge 1] G10 | E4 | loss=0.1210
  [Edge 1] G10 | E5 | Hier-pFedMe | Selected 7/7
  [Client  1] Round 10 | Hier-pFedMe(λ2=35.0) | loss=0.1311
  [Client  0] Round 10 | Hier-pFedMe(λ2=35.0) | loss=0.0964
  [Client 16] Round 10 | Hier-pFedMe(λ2=35.0) | loss=0.0945
  [Client 15] Round 10 | Hier-pFedMe(λ2=35.0) | loss=0.1240
  [Client  9] Round 10 | Hier-pFedMe(λ2=35.0) | loss=0.1351
  [Client  2] Round 10 | Hier-pFedMe(λ2=35.0) | loss=0.1225
  [Client  3] Round 10 | Hier-pFedMe(λ2=35.0) | loss=0.1033
  [Edge 1] G10 | E5 | loss=0.1153
  [Cloud] GM=0.0636 | EM=0.0583 PM=0.8530 | loss=19.3767 | time=536.3s | comm=4592.1MB (total=45921MB)

[Round  11] Broadcasting to 2 edges...
  [Edge 0] G11 | E1 | Hier-pFedMe | Selected 13/13
  [Client 17] Round 11 | Hier-pFedMe(λ2=35.0) | loss=0.2443
  [Client 13] Round 11 | Hier-pFedMe(λ2=35.0) | loss=0.1879
  [Client  6] Round 11 | Hier-pFedMe(λ2=35.0) | loss=0.2697
  [Client  5] Round 11 | Hier-pFedMe(λ2=35.0) | loss=0.2348
  [Client  8] Round 11 | Hier-pFedMe(λ2=35.0) | loss=0.3295
  [Client 19] Round 11 | Hier-pFedMe(λ2=35.0) | loss=0.2627
  [Client 14] Round 11 | Hier-pFedMe(λ2=35.0) | loss=0.2274
  [Client  7] Round 11 | Hier-pFedMe(λ2=35.0) | loss=0.2366
  [Client 12] Round 11 | Hier-pFedMe(λ2=35.0) | loss=0.2319
  [Client 11] Round 11 | Hier-pFedMe(λ2=35.0) | loss=0.2685
  [Client 10] Round 11 | Hier-pFedMe(λ2=35.0) | loss=0.2992
  [Client  4] Round 11 | Hier-pFedMe(λ2=35.0) | loss=0.2813
  [Client 18] Round 11 | Hier-pFedMe(λ2=35.0) | loss=0.2508
  [Edge 0] G11 | E1 | loss=0.2557
  [Edge 0] G11 | E2 | Hier-pFedMe | Selected 13/13
  [Client 18] Round 11 | Hier-pFedMe(λ2=35.0) | loss=0.2224
  [Client  6] Round 11 | Hier-pFedMe(λ2=35.0) | loss=0.2456
  [Client 19] Round 11 | Hier-pFedMe(λ2=35.0) | loss=0.2366
  [Client 14] Round 11 | Hier-pFedMe(λ2=35.0) | loss=0.2173
  [Client 12] Round 11 | Hier-pFedMe(λ2=35.0) | loss=0.2247
  [Client 13] Round 11 | Hier-pFedMe(λ2=35.0) | loss=0.1459
  [Client 11] Round 11 | Hier-pFedMe(λ2=35.0) | loss=0.2518
  [Client  4] Round 11 | Hier-pFedMe(λ2=35.0) | loss=0.2728
  [Client  8] Round 11 | Hier-pFedMe(λ2=35.0) | loss=0.3081
  [Client  7] Round 11 | Hier-pFedMe(λ2=35.0) | loss=0.2324
  [Client 17] Round 11 | Hier-pFedMe(λ2=35.0) | loss=0.2112
  [Client  5] Round 11 | Hier-pFedMe(λ2=35.0) | loss=0.2273
  [Client 10] Round 11 | Hier-pFedMe(λ2=35.0) | loss=0.2755
  [Edge 0] G11 | E2 | loss=0.2363
  [Edge 0] G11 | E3 | Hier-pFedMe | Selected 13/13
  [Client 11] Round 11 | Hier-pFedMe(λ2=35.0) | loss=0.2432
  [Client 10] Round 11 | Hier-pFedMe(λ2=35.0) | loss=0.2586
  [Client 13] Round 11 | Hier-pFedMe(λ2=35.0) | loss=0.1448
  [Client  4] Round 11 | Hier-pFedMe(λ2=35.0) | loss=0.2510
  [Client 19] Round 11 | Hier-pFedMe(λ2=35.0) | loss=0.2328
  [Client 12] Round 11 | Hier-pFedMe(λ2=35.0) | loss=0.2096
  [Client 18] Round 11 | Hier-pFedMe(λ2=35.0) | loss=0.2101
  [Client  6] Round 11 | Hier-pFedMe(λ2=35.0) | loss=0.2296
  [Client 14] Round 11 | Hier-pFedMe(λ2=35.0) | loss=0.2059
  [Client 17] Round 11 | Hier-pFedMe(λ2=35.0) | loss=0.2085
  [Client  8] Round 11 | Hier-pFedMe(λ2=35.0) | loss=0.3000
  [Client  5] Round 11 | Hier-pFedMe(λ2=35.0) | loss=0.2072
  [Client  7] Round 11 | Hier-pFedMe(λ2=35.0) | loss=0.2178
  [Edge 0] G11 | E3 | loss=0.2245
  [Edge 0] G11 | E4 | Hier-pFedMe | Selected 13/13
  [Client 18] Round 11 | Hier-pFedMe(λ2=35.0) | loss=0.2074
  [Client  6] Round 11 | Hier-pFedMe(λ2=35.0) | loss=0.2186
  [Client 13] Round 11 | Hier-pFedMe(λ2=35.0) | loss=0.1398
  [Client 14] Round 11 | Hier-pFedMe(λ2=35.0) | loss=0.1879
  [Client  7] Round 11 | Hier-pFedMe(λ2=35.0) | loss=0.2149
  [Client 11] Round 11 | Hier-pFedMe(λ2=35.0) | loss=0.2292
  [Client 17] Round 11 | Hier-pFedMe(λ2=35.0) | loss=0.2101
  [Client 10] Round 11 | Hier-pFedMe(λ2=35.0) | loss=0.2489
  [Client  8] Round 11 | Hier-pFedMe(λ2=35.0) | loss=0.2911
  [Client 12] Round 11 | Hier-pFedMe(λ2=35.0) | loss=0.1980
  [Client  4] Round 11 | Hier-pFedMe(λ2=35.0) | loss=0.2470
  [Client  5] Round 11 | Hier-pFedMe(λ2=35.0) | loss=0.1901
  [Client 19] Round 11 | Hier-pFedMe(λ2=35.0) | loss=0.2071
  [Edge 0] G11 | E4 | loss=0.2146
  [Edge 0] G11 | E5 | Hier-pFedMe | Selected 13/13
  [Client  8] Round 11 | Hier-pFedMe(λ2=35.0) | loss=0.2834
  [Client 13] Round 11 | Hier-pFedMe(λ2=35.0) | loss=0.1367
  [Client  6] Round 11 | Hier-pFedMe(λ2=35.0) | loss=0.2274
  [Client  5] Round 11 | Hier-pFedMe(λ2=35.0) | loss=0.1951
  [Client 11] Round 11 | Hier-pFedMe(λ2=35.0) | loss=0.2105
  [Client 17] Round 11 | Hier-pFedMe(λ2=35.0) | loss=0.1919
  [Client 10] Round 11 | Hier-pFedMe(λ2=35.0) | loss=0.2543
  [Client 14] Round 11 | Hier-pFedMe(λ2=35.0) | loss=0.1927
  [Client 19] Round 11 | Hier-pFedMe(λ2=35.0) | loss=0.2170
  [Client 12] Round 11 | Hier-pFedMe(λ2=35.0) | loss=0.1895
  [Client 18] Round 11 | Hier-pFedMe(λ2=35.0) | loss=0.2087
  [Client  4] Round 11 | Hier-pFedMe(λ2=35.0) | loss=0.2288
  [Client  7] Round 11 | Hier-pFedMe(λ2=35.0) | loss=0.2066
  [Edge 0] G11 | E5 | loss=0.2110
  [Edge 1] G11 | E1 | Hier-pFedMe | Selected 7/7
  [Client  0] Round 11 | Hier-pFedMe(λ2=35.0) | loss=0.1002
  [Client 15] Round 11 | Hier-pFedMe(λ2=35.0) | loss=0.1259
  [Client  2] Round 11 | Hier-pFedMe(λ2=35.0) | loss=0.1315
  [Client  3] Round 11 | Hier-pFedMe(λ2=35.0) | loss=0.1309
  [Client  1] Round 11 | Hier-pFedMe(λ2=35.0) | loss=0.1666
  [Client  9] Round 11 | Hier-pFedMe(λ2=35.0) | loss=0.1451
  [Client 16] Round 11 | Hier-pFedMe(λ2=35.0) | loss=0.1096
  [Edge 1] G11 | E1 | loss=0.1300
  [Edge 1] G11 | E2 | Hier-pFedMe | Selected 7/7
  [Client  9] Round 11 | Hier-pFedMe(λ2=35.0) | loss=0.1170
  [Client 16] Round 11 | Hier-pFedMe(λ2=35.0) | loss=0.0989
  [Client  3] Round 11 | Hier-pFedMe(λ2=35.0) | loss=0.1232
  [Client 15] Round 11 | Hier-pFedMe(λ2=35.0) | loss=0.1268
  [Client  0] Round 11 | Hier-pFedMe(λ2=35.0) | loss=0.0872
  [Client  2] Round 11 | Hier-pFedMe(λ2=35.0) | loss=0.1164
  [Client  1] Round 11 | Hier-pFedMe(λ2=35.0) | loss=0.1324
  [Edge 1] G11 | E2 | loss=0.1145
  [Edge 1] G11 | E3 | Hier-pFedMe | Selected 7/7
  [Client  9] Round 11 | Hier-pFedMe(λ2=35.0) | loss=0.1234
  [Client  1] Round 11 | Hier-pFedMe(λ2=35.0) | loss=0.1419
  [Client  0] Round 11 | Hier-pFedMe(λ2=35.0) | loss=0.0900
  [Client  3] Round 11 | Hier-pFedMe(λ2=35.0) | loss=0.0954
  [Client  2] Round 11 | Hier-pFedMe(λ2=35.0) | loss=0.1202
  [Client 15] Round 11 | Hier-pFedMe(λ2=35.0) | loss=0.1052
  [Client 16] Round 11 | Hier-pFedMe(λ2=35.0) | loss=0.0962
  [Edge 1] G11 | E3 | loss=0.1103
  [Edge 1] G11 | E4 | Hier-pFedMe | Selected 7/7
  [Client  9] Round 11 | Hier-pFedMe(λ2=35.0) | loss=0.0969
  [Client 16] Round 11 | Hier-pFedMe(λ2=35.0) | loss=0.0826
  [Client  0] Round 11 | Hier-pFedMe(λ2=35.0) | loss=0.0847
  [Client 15] Round 11 | Hier-pFedMe(λ2=35.0) | loss=0.1121
  [Client  1] Round 11 | Hier-pFedMe(λ2=35.0) | loss=0.1182
  [Client  2] Round 11 | Hier-pFedMe(λ2=35.0) | loss=0.1115
  [Client  3] Round 11 | Hier-pFedMe(λ2=35.0) | loss=0.0909
  [Edge 1] G11 | E4 | loss=0.0996
  [Edge 1] G11 | E5 | Hier-pFedMe | Selected 7/7
  [Client  0] Round 11 | Hier-pFedMe(λ2=35.0) | loss=0.0900
  [Client  2] Round 11 | Hier-pFedMe(λ2=35.0) | loss=0.1103
  [Client 16] Round 11 | Hier-pFedMe(λ2=35.0) | loss=0.0796
  [Client  3] Round 11 | Hier-pFedMe(λ2=35.0) | loss=0.1037
  [Client  9] Round 11 | Hier-pFedMe(λ2=35.0) | loss=0.1037
  [Client  1] Round 11 | Hier-pFedMe(λ2=35.0) | loss=0.0993
  [Client 15] Round 11 | Hier-pFedMe(λ2=35.0) | loss=0.0970
  [Edge 1] G11 | E5 | loss=0.0977
  [Cloud] GM=0.0660 | EM=0.0591 | loss=19.7525 | time=525.2s | comm=4592.1MB (total=50513MB)

[Round  12] Broadcasting to 2 edges...
  [Edge 0] G12 | E1 | Hier-pFedMe | Selected 13/13
  [Client 17] Round 12 | Hier-pFedMe(λ2=35.0) | loss=0.2081
  [Client  8] Round 12 | Hier-pFedMe(λ2=35.0) | loss=0.3012
  [Client  6] Round 12 | Hier-pFedMe(λ2=35.0) | loss=0.2511
  [Client  4] Round 12 | Hier-pFedMe(λ2=35.0) | loss=0.2569
  [Client 11] Round 12 | Hier-pFedMe(λ2=35.0) | loss=0.2484
  [Client 19] Round 12 | Hier-pFedMe(λ2=35.0) | loss=0.2236
  [Client  7] Round 12 | Hier-pFedMe(λ2=35.0) | loss=0.2294
  [Client 10] Round 12 | Hier-pFedMe(λ2=35.0) | loss=0.2761
  [Client 12] Round 12 | Hier-pFedMe(λ2=35.0) | loss=0.2022
  [Client 13] Round 12 | Hier-pFedMe(λ2=35.0) | loss=0.1499
  [Client  5] Round 12 | Hier-pFedMe(λ2=35.0) | loss=0.2162
  [Client 14] Round 12 | Hier-pFedMe(λ2=35.0) | loss=0.2084
  [Client 18] Round 12 | Hier-pFedMe(λ2=35.0) | loss=0.2193
  [Edge 0] G12 | E1 | loss=0.2301
  [Edge 0] G12 | E2 | Hier-pFedMe | Selected 13/13
  [Client 12] Round 12 | Hier-pFedMe(λ2=35.0) | loss=0.2047
  [Client  8] Round 12 | Hier-pFedMe(λ2=35.0) | loss=0.2769
  [Client  6] Round 12 | Hier-pFedMe(λ2=35.0) | loss=0.2240
  [Client  4] Round 12 | Hier-pFedMe(λ2=35.0) | loss=0.2438
  [Client  5] Round 12 | Hier-pFedMe(λ2=35.0) | loss=0.1930
  [Client  7] Round 12 | Hier-pFedMe(λ2=35.0) | loss=0.2080
  [Client 13] Round 12 | Hier-pFedMe(λ2=35.0) | loss=0.1396
  [Client 17] Round 12 | Hier-pFedMe(λ2=35.0) | loss=0.1965
  [Client 11] Round 12 | Hier-pFedMe(λ2=35.0) | loss=0.2261
  [Client 18] Round 12 | Hier-pFedMe(λ2=35.0) | loss=0.2070
  [Client 19] Round 12 | Hier-pFedMe(λ2=35.0) | loss=0.2127
  [Client 14] Round 12 | Hier-pFedMe(λ2=35.0) | loss=0.1921
  [Client 10] Round 12 | Hier-pFedMe(λ2=35.0) | loss=0.2335
  [Edge 0] G12 | E2 | loss=0.2121
  [Edge 0] G12 | E3 | Hier-pFedMe | Selected 13/13
  [Client 19] Round 12 | Hier-pFedMe(λ2=35.0) | loss=0.2100
  [Client  8] Round 12 | Hier-pFedMe(λ2=35.0) | loss=0.2641
  [Client  7] Round 12 | Hier-pFedMe(λ2=35.0) | loss=0.2013
  [Client  4] Round 12 | Hier-pFedMe(λ2=35.0) | loss=0.2358
  [Client 18] Round 12 | Hier-pFedMe(λ2=35.0) | loss=0.2115
  [Client 17] Round 12 | Hier-pFedMe(λ2=35.0) | loss=0.1761
  [Client  6] Round 12 | Hier-pFedMe(λ2=35.0) | loss=0.2167
  [Client 11] Round 12 | Hier-pFedMe(λ2=35.0) | loss=0.2099
  [Client  5] Round 12 | Hier-pFedMe(λ2=35.0) | loss=0.1811
  [Client 12] Round 12 | Hier-pFedMe(λ2=35.0) | loss=0.1880
  [Client 14] Round 12 | Hier-pFedMe(λ2=35.0) | loss=0.1826
  [Client 10] Round 12 | Hier-pFedMe(λ2=35.0) | loss=0.2500
  [Client 13] Round 12 | Hier-pFedMe(λ2=35.0) | loss=0.1384
  [Edge 0] G12 | E3 | loss=0.2050
  [Edge 0] G12 | E4 | Hier-pFedMe | Selected 13/13
  [Client  6] Round 12 | Hier-pFedMe(λ2=35.0) | loss=0.2059
  [Client 17] Round 12 | Hier-pFedMe(λ2=35.0) | loss=0.1765
  [Client 18] Round 12 | Hier-pFedMe(λ2=35.0) | loss=0.1834
  [Client 14] Round 12 | Hier-pFedMe(λ2=35.0) | loss=0.1851
  [Client 12] Round 12 | Hier-pFedMe(λ2=35.0) | loss=0.1765
  [Client  5] Round 12 | Hier-pFedMe(λ2=35.0) | loss=0.1811
  [Client 19] Round 12 | Hier-pFedMe(λ2=35.0) | loss=0.2093
  [Client 13] Round 12 | Hier-pFedMe(λ2=35.0) | loss=0.1228
  [Client 11] Round 12 | Hier-pFedMe(λ2=35.0) | loss=0.2045
  [Client  7] Round 12 | Hier-pFedMe(λ2=35.0) | loss=0.1951
  [Client 10] Round 12 | Hier-pFedMe(λ2=35.0) | loss=0.2272
  [Client  4] Round 12 | Hier-pFedMe(λ2=35.0) | loss=0.2292
  [Client  8] Round 12 | Hier-pFedMe(λ2=35.0) | loss=0.2591
  [Edge 0] G12 | E4 | loss=0.1966
  [Edge 0] G12 | E5 | Hier-pFedMe | Selected 13/13
  [Client 18] Round 12 | Hier-pFedMe(λ2=35.0) | loss=0.1847
  [Client  8] Round 12 | Hier-pFedMe(λ2=35.0) | loss=0.2693
  [Client 17] Round 12 | Hier-pFedMe(λ2=35.0) | loss=0.1697
  [Client  7] Round 12 | Hier-pFedMe(λ2=35.0) | loss=0.1843
  [Client 11] Round 12 | Hier-pFedMe(λ2=35.0) | loss=0.2054
  [Client  5] Round 12 | Hier-pFedMe(λ2=35.0) | loss=0.1731
  [Client 14] Round 12 | Hier-pFedMe(λ2=35.0) | loss=0.1753
  [Client  4] Round 12 | Hier-pFedMe(λ2=35.0) | loss=0.2140
  [Client 19] Round 12 | Hier-pFedMe(λ2=35.0) | loss=0.1909
  [Client 12] Round 12 | Hier-pFedMe(λ2=35.0) | loss=0.1670
  [Client 13] Round 12 | Hier-pFedMe(λ2=35.0) | loss=0.1213
  [Client  6] Round 12 | Hier-pFedMe(λ2=35.0) | loss=0.1950
  [Client 10] Round 12 | Hier-pFedMe(λ2=35.0) | loss=0.2162
  [Edge 0] G12 | E5 | loss=0.1897
  [Edge 1] G12 | E1 | Hier-pFedMe | Selected 7/7
  [Client  1] Round 12 | Hier-pFedMe(λ2=35.0) | loss=0.1330
  [Client  2] Round 12 | Hier-pFedMe(λ2=35.0) | loss=0.1128
  [Client  3] Round 12 | Hier-pFedMe(λ2=35.0) | loss=0.0998
  [Client 16] Round 12 | Hier-pFedMe(λ2=35.0) | loss=0.0924
  [Client 15] Round 12 | Hier-pFedMe(λ2=35.0) | loss=0.1269
  [Client  9] Round 12 | Hier-pFedMe(λ2=35.0) | loss=0.1144
  [Client  0] Round 12 | Hier-pFedMe(λ2=35.0) | loss=0.0964
  [Edge 1] G12 | E1 | loss=0.1108
  [Edge 1] G12 | E2 | Hier-pFedMe | Selected 7/7
  [Client  9] Round 12 | Hier-pFedMe(λ2=35.0) | loss=0.1165
  [Client  1] Round 12 | Hier-pFedMe(λ2=35.0) | loss=0.1160
  [Client 16] Round 12 | Hier-pFedMe(λ2=35.0) | loss=0.0860
  [Client 15] Round 12 | Hier-pFedMe(λ2=35.0) | loss=0.0975
  [Client  2] Round 12 | Hier-pFedMe(λ2=35.0) | loss=0.1017
  [Client  0] Round 12 | Hier-pFedMe(λ2=35.0) | loss=0.0837
  [Client  3] Round 12 | Hier-pFedMe(λ2=35.0) | loss=0.0874
  [Edge 1] G12 | E2 | loss=0.0984
  [Edge 1] G12 | E3 | Hier-pFedMe | Selected 7/7
  [Client  2] Round 12 | Hier-pFedMe(λ2=35.0) | loss=0.0909
  [Client  1] Round 12 | Hier-pFedMe(λ2=35.0) | loss=0.1285
  [Client  0] Round 12 | Hier-pFedMe(λ2=35.0) | loss=0.0801
  [Client  3] Round 12 | Hier-pFedMe(λ2=35.0) | loss=0.0820
  [Client 15] Round 12 | Hier-pFedMe(λ2=35.0) | loss=0.0997
  [Client  9] Round 12 | Hier-pFedMe(λ2=35.0) | loss=0.0959
  [Client 16] Round 12 | Hier-pFedMe(λ2=35.0) | loss=0.0704
  [Edge 1] G12 | E3 | loss=0.0925
  [Edge 1] G12 | E4 | Hier-pFedMe | Selected 7/7
  [Client  9] Round 12 | Hier-pFedMe(λ2=35.0) | loss=0.0925
  [Client 16] Round 12 | Hier-pFedMe(λ2=35.0) | loss=0.0557
  [Client 15] Round 12 | Hier-pFedMe(λ2=35.0) | loss=0.0977
  [Client  3] Round 12 | Hier-pFedMe(λ2=35.0) | loss=0.0746
  [Client  0] Round 12 | Hier-pFedMe(λ2=35.0) | loss=0.0726
  [Client  1] Round 12 | Hier-pFedMe(λ2=35.0) | loss=0.1063
  [Client  2] Round 12 | Hier-pFedMe(λ2=35.0) | loss=0.0910
  [Edge 1] G12 | E4 | loss=0.0843
  [Edge 1] G12 | E5 | Hier-pFedMe | Selected 7/7
  [Client  0] Round 12 | Hier-pFedMe(λ2=35.0) | loss=0.0616
  [Client  2] Round 12 | Hier-pFedMe(λ2=35.0) | loss=0.0802
  [Client  3] Round 12 | Hier-pFedMe(λ2=35.0) | loss=0.0970
  [Client 15] Round 12 | Hier-pFedMe(λ2=35.0) | loss=0.0733
  [Client  1] Round 12 | Hier-pFedMe(λ2=35.0) | loss=0.1073
  [Client  9] Round 12 | Hier-pFedMe(λ2=35.0) | loss=0.0829
  [Client 16] Round 12 | Hier-pFedMe(λ2=35.0) | loss=0.0703
  [Edge 1] G12 | E5 | loss=0.0818
  [Cloud] GM=0.0583 | EM=0.0528 | loss=24.0084 | time=524.0s | comm=4592.1MB (total=55105MB)

[Round  13] Broadcasting to 2 edges...
  [Edge 0] G13 | E1 | Hier-pFedMe | Selected 13/13
  [Client 12] Round 13 | Hier-pFedMe(λ2=35.0) | loss=0.1855
  [Client 11] Round 13 | Hier-pFedMe(λ2=35.0) | loss=0.2413
  [Client 19] Round 13 | Hier-pFedMe(λ2=35.0) | loss=0.2141
  [Client  6] Round 13 | Hier-pFedMe(λ2=35.0) | loss=0.2419
  [Client  8] Round 13 | Hier-pFedMe(λ2=35.0) | loss=0.2718
  [Client 10] Round 13 | Hier-pFedMe(λ2=35.0) | loss=0.2514
  [Client  5] Round 13 | Hier-pFedMe(λ2=35.0) | loss=0.1874
  [Client 14] Round 13 | Hier-pFedMe(λ2=35.0) | loss=0.2055
  [Client 17] Round 13 | Hier-pFedMe(λ2=35.0) | loss=0.1945
  [Client 18] Round 13 | Hier-pFedMe(λ2=35.0) | loss=0.2143
  [Client  4] Round 13 | Hier-pFedMe(λ2=35.0) | loss=0.2355
  [Client  7] Round 13 | Hier-pFedMe(λ2=35.0) | loss=0.2230
  [Client 13] Round 13 | Hier-pFedMe(λ2=35.0) | loss=0.1411
  [Edge 0] G13 | E1 | loss=0.2160
  [Edge 0] G13 | E2 | Hier-pFedMe | Selected 13/13
  [Client 18] Round 13 | Hier-pFedMe(λ2=35.0) | loss=0.1903
  [Client 12] Round 13 | Hier-pFedMe(λ2=35.0) | loss=0.1819
  [Client  4] Round 13 | Hier-pFedMe(λ2=35.0) | loss=0.2273
  [Client 10] Round 13 | Hier-pFedMe(λ2=35.0) | loss=0.2200
  [Client 19] Round 13 | Hier-pFedMe(λ2=35.0) | loss=0.2021
  [Client 14] Round 13 | Hier-pFedMe(λ2=35.0) | loss=0.1789
  [Client  8] Round 13 | Hier-pFedMe(λ2=35.0) | loss=0.2529
  [Client 11] Round 13 | Hier-pFedMe(λ2=35.0) | loss=0.2008
  [Client 13] Round 13 | Hier-pFedMe(λ2=35.0) | loss=0.1202
  [Client  7] Round 13 | Hier-pFedMe(λ2=35.0) | loss=0.1820
  [Client 17] Round 13 | Hier-pFedMe(λ2=35.0) | loss=0.1715
  [Client  5] Round 13 | Hier-pFedMe(λ2=35.0) | loss=0.1690
  [Client  6] Round 13 | Hier-pFedMe(λ2=35.0) | loss=0.2119
  [Edge 0] G13 | E2 | loss=0.1930
  [Edge 0] G13 | E3 | Hier-pFedMe | Selected 13/13
  [Client  8] Round 13 | Hier-pFedMe(λ2=35.0) | loss=0.2685
  [Client 11] Round 13 | Hier-pFedMe(λ2=35.0) | loss=0.1942
  [Client  6] Round 13 | Hier-pFedMe(λ2=35.0) | loss=0.1966
  [Client 19] Round 13 | Hier-pFedMe(λ2=35.0) | loss=0.1868
  [Client 17] Round 13 | Hier-pFedMe(λ2=35.0) | loss=0.1610
  [Client 12] Round 13 | Hier-pFedMe(λ2=35.0) | loss=0.1545
  [Client  5] Round 13 | Hier-pFedMe(λ2=35.0) | loss=0.1793
  [Client 18] Round 13 | Hier-pFedMe(λ2=35.0) | loss=0.1701
  [Client  7] Round 13 | Hier-pFedMe(λ2=35.0) | loss=0.1835
  [Client 14] Round 13 | Hier-pFedMe(λ2=35.0) | loss=0.1710
  [Client  4] Round 13 | Hier-pFedMe(λ2=35.0) | loss=0.2287
  [Client 10] Round 13 | Hier-pFedMe(λ2=35.0) | loss=0.2131
  [Client 13] Round 13 | Hier-pFedMe(λ2=35.0) | loss=0.1281
  [Edge 0] G13 | E3 | loss=0.1873
  [Edge 0] G13 | E4 | Hier-pFedMe | Selected 13/13
  [Client 11] Round 13 | Hier-pFedMe(λ2=35.0) | loss=0.1861
  [Client 12] Round 13 | Hier-pFedMe(λ2=35.0) | loss=0.1470
  [Client 19] Round 13 | Hier-pFedMe(λ2=35.0) | loss=0.1860
  [Client  8] Round 13 | Hier-pFedMe(λ2=35.0) | loss=0.2406
  [Client 18] Round 13 | Hier-pFedMe(λ2=35.0) | loss=0.1749
  [Client  5] Round 13 | Hier-pFedMe(λ2=35.0) | loss=0.1615
  [Client 17] Round 13 | Hier-pFedMe(λ2=35.0) | loss=0.1672
  [Client  7] Round 13 | Hier-pFedMe(λ2=35.0) | loss=0.1767
  [Client  6] Round 13 | Hier-pFedMe(λ2=35.0) | loss=0.2066
  [Client 14] Round 13 | Hier-pFedMe(λ2=35.0) | loss=0.1737
  [Client 13] Round 13 | Hier-pFedMe(λ2=35.0) | loss=0.1131
  [Client  4] Round 13 | Hier-pFedMe(λ2=35.0) | loss=0.2031
  [Client 10] Round 13 | Hier-pFedMe(λ2=35.0) | loss=0.2173
  [Edge 0] G13 | E4 | loss=0.1811
  [Edge 0] G13 | E5 | Hier-pFedMe | Selected 13/13
  [Client 12] Round 13 | Hier-pFedMe(λ2=35.0) | loss=0.1595
  [Client  5] Round 13 | Hier-pFedMe(λ2=35.0) | loss=0.1501
  [Client 14] Round 13 | Hier-pFedMe(λ2=35.0) | loss=0.1607
  [Client  4] Round 13 | Hier-pFedMe(λ2=35.0) | loss=0.2043
  [Client  6] Round 13 | Hier-pFedMe(λ2=35.0) | loss=0.1745
  [Client 19] Round 13 | Hier-pFedMe(λ2=35.0) | loss=0.1692
  [Client 18] Round 13 | Hier-pFedMe(λ2=35.0) | loss=0.1658
  [Client  7] Round 13 | Hier-pFedMe(λ2=35.0) | loss=0.1676
  [Client  8] Round 13 | Hier-pFedMe(λ2=35.0) | loss=0.2273
  [Client 13] Round 13 | Hier-pFedMe(λ2=35.0) | loss=0.1148
  [Client 11] Round 13 | Hier-pFedMe(λ2=35.0) | loss=0.1784
  [Client 17] Round 13 | Hier-pFedMe(λ2=35.0) | loss=0.1499
  [Client 10] Round 13 | Hier-pFedMe(λ2=35.0) | loss=0.1952
  [Edge 0] G13 | E5 | loss=0.1706
  [Edge 1] G13 | E1 | Hier-pFedMe | Selected 7/7
  [Client  0] Round 13 | Hier-pFedMe(λ2=35.0) | loss=0.0729
  [Client  2] Round 13 | Hier-pFedMe(λ2=35.0) | loss=0.0992
  [Client 16] Round 13 | Hier-pFedMe(λ2=35.0) | loss=0.0731
  [Client  3] Round 13 | Hier-pFedMe(λ2=35.0) | loss=0.0947
  [Client  1] Round 13 | Hier-pFedMe(λ2=35.0) | loss=0.1233
  [Client  9] Round 13 | Hier-pFedMe(λ2=35.0) | loss=0.0945
  [Client 15] Round 13 | Hier-pFedMe(λ2=35.0) | loss=0.1013
  [Edge 1] G13 | E1 | loss=0.0941
  [Edge 1] G13 | E2 | Hier-pFedMe | Selected 7/7
  [Client  1] Round 13 | Hier-pFedMe(λ2=35.0) | loss=0.1095
  [Client  9] Round 13 | Hier-pFedMe(λ2=35.0) | loss=0.0964
  [Client  0] Round 13 | Hier-pFedMe(λ2=35.0) | loss=0.0760
  [Client 15] Round 13 | Hier-pFedMe(λ2=35.0) | loss=0.0917
  [Client 16] Round 13 | Hier-pFedMe(λ2=35.0) | loss=0.0821
  [Client  2] Round 13 | Hier-pFedMe(λ2=35.0) | loss=0.0874
  [Client  3] Round 13 | Hier-pFedMe(λ2=35.0) | loss=0.0858
  [Edge 1] G13 | E2 | loss=0.0898
  [Edge 1] G13 | E3 | Hier-pFedMe | Selected 7/7
  [Client  9] Round 13 | Hier-pFedMe(λ2=35.0) | loss=0.0811
  [Client  0] Round 13 | Hier-pFedMe(λ2=35.0) | loss=0.0741
  [Client 16] Round 13 | Hier-pFedMe(λ2=35.0) | loss=0.0595
  [Client 15] Round 13 | Hier-pFedMe(λ2=35.0) | loss=0.0855
  [Client  1] Round 13 | Hier-pFedMe(λ2=35.0) | loss=0.0981
  [Client  2] Round 13 | Hier-pFedMe(λ2=35.0) | loss=0.0827
  [Client  3] Round 13 | Hier-pFedMe(λ2=35.0) | loss=0.0741
  [Edge 1] G13 | E3 | loss=0.0793
  [Edge 1] G13 | E4 | Hier-pFedMe | Selected 7/7
  [Client  0] Round 13 | Hier-pFedMe(λ2=35.0) | loss=0.0693
  [Client  1] Round 13 | Hier-pFedMe(λ2=35.0) | loss=0.0774
  [Client 16] Round 13 | Hier-pFedMe(λ2=35.0) | loss=0.0748
  [Client  3] Round 13 | Hier-pFedMe(λ2=35.0) | loss=0.0726
  [Client  2] Round 13 | Hier-pFedMe(λ2=35.0) | loss=0.0770
  [Client  9] Round 13 | Hier-pFedMe(λ2=35.0) | loss=0.0890
  [Client 15] Round 13 | Hier-pFedMe(λ2=35.0) | loss=0.0855
  [Edge 1] G13 | E4 | loss=0.0779
  [Edge 1] G13 | E5 | Hier-pFedMe | Selected 7/7
  [Client  0] Round 13 | Hier-pFedMe(λ2=35.0) | loss=0.0628
  [Client  9] Round 13 | Hier-pFedMe(λ2=35.0) | loss=0.0660
  [Client  3] Round 13 | Hier-pFedMe(λ2=35.0) | loss=0.0587
  [Client 15] Round 13 | Hier-pFedMe(λ2=35.0) | loss=0.0662
  [Client  1] Round 13 | Hier-pFedMe(λ2=35.0) | loss=0.0813
  [Client 16] Round 13 | Hier-pFedMe(λ2=35.0) | loss=0.0553
  [Client  2] Round 13 | Hier-pFedMe(λ2=35.0) | loss=0.0684
  [Edge 1] G13 | E5 | loss=0.0655
  [Cloud] GM=0.0594 | EM=0.0529 | loss=24.1516 | time=525.2s | comm=4592.1MB (total=59698MB)

[Round  14] Broadcasting to 2 edges...
  [Edge 0] G14 | E1 | Hier-pFedMe | Selected 13/13
  [Client 18] Round 14 | Hier-pFedMe(λ2=35.0) | loss=0.1821
  [Client 17] Round 14 | Hier-pFedMe(λ2=35.0) | loss=0.1747
  [Client 13] Round 14 | Hier-pFedMe(λ2=35.0) | loss=0.1228
  [Client 14] Round 14 | Hier-pFedMe(λ2=35.0) | loss=0.1700
  [Client  8] Round 14 | Hier-pFedMe(λ2=35.0) | loss=0.2509
  [Client  6] Round 14 | Hier-pFedMe(λ2=35.0) | loss=0.2057
  [Client  4] Round 14 | Hier-pFedMe(λ2=35.0) | loss=0.2185
  [Client  5] Round 14 | Hier-pFedMe(λ2=35.0) | loss=0.1738
  [Client 10] Round 14 | Hier-pFedMe(λ2=35.0) | loss=0.2128
  [Client 11] Round 14 | Hier-pFedMe(λ2=35.0) | loss=0.2039
  [Client 12] Round 14 | Hier-pFedMe(λ2=35.0) | loss=0.1735
  [Client 19] Round 14 | Hier-pFedMe(λ2=35.0) | loss=0.1913
  [Client  7] Round 14 | Hier-pFedMe(λ2=35.0) | loss=0.1766
  [Edge 0] G14 | E1 | loss=0.1890
  [Edge 0] G14 | E2 | Hier-pFedMe | Selected 13/13
  [Client 19] Round 14 | Hier-pFedMe(λ2=35.0) | loss=0.1852
  [Client 12] Round 14 | Hier-pFedMe(λ2=35.0) | loss=0.1535
  [Client  4] Round 14 | Hier-pFedMe(λ2=35.0) | loss=0.2009
  [Client  7] Round 14 | Hier-pFedMe(λ2=35.0) | loss=0.1717
  [Client 17] Round 14 | Hier-pFedMe(λ2=35.0) | loss=0.1608
  [Client 13] Round 14 | Hier-pFedMe(λ2=35.0) | loss=0.1142
  [Client  6] Round 14 | Hier-pFedMe(λ2=35.0) | loss=0.1796
  [Client 10] Round 14 | Hier-pFedMe(λ2=35.0) | loss=0.2009
  [Client 11] Round 14 | Hier-pFedMe(λ2=35.0) | loss=0.1940
  [Client 18] Round 14 | Hier-pFedMe(λ2=35.0) | loss=0.1657
  [Client 14] Round 14 | Hier-pFedMe(λ2=35.0) | loss=0.1596
  [Client  5] Round 14 | Hier-pFedMe(λ2=35.0) | loss=0.1738
  [Client  8] Round 14 | Hier-pFedMe(λ2=35.0) | loss=0.2364
  [Edge 0] G14 | E2 | loss=0.1766
  [Edge 0] G14 | E3 | Hier-pFedMe | Selected 13/13
  [Client 12] Round 14 | Hier-pFedMe(λ2=35.0) | loss=0.1529
  [Client  8] Round 14 | Hier-pFedMe(λ2=35.0) | loss=0.2285
  [Client 13] Round 14 | Hier-pFedMe(λ2=35.0) | loss=0.1239
  [Client 10] Round 14 | Hier-pFedMe(λ2=35.0) | loss=0.2042
  [Client 11] Round 14 | Hier-pFedMe(λ2=35.0) | loss=0.1750
  [Client 19] Round 14 | Hier-pFedMe(λ2=35.0) | loss=0.1731
  [Client 18] Round 14 | Hier-pFedMe(λ2=35.0) | loss=0.1625
  [Client  6] Round 14 | Hier-pFedMe(λ2=35.0) | loss=0.1829
  [Client  7] Round 14 | Hier-pFedMe(λ2=35.0) | loss=0.1675
  [Client 17] Round 14 | Hier-pFedMe(λ2=35.0) | loss=0.1493
  [Client  4] Round 14 | Hier-pFedMe(λ2=35.0) | loss=0.1868
  [Client  5] Round 14 | Hier-pFedMe(λ2=35.0) | loss=0.1577
  [Client 14] Round 14 | Hier-pFedMe(λ2=35.0) | loss=0.1606
  [Edge 0] G14 | E3 | loss=0.1711
  [Edge 0] G14 | E4 | Hier-pFedMe | Selected 13/13
  [Client 19] Round 14 | Hier-pFedMe(λ2=35.0) | loss=0.1672
  [Client 13] Round 14 | Hier-pFedMe(λ2=35.0) | loss=0.1015
  [Client  4] Round 14 | Hier-pFedMe(λ2=35.0) | loss=0.1910
  [Client 10] Round 14 | Hier-pFedMe(λ2=35.0) | loss=0.1858
  [Client 11] Round 14 | Hier-pFedMe(λ2=35.0) | loss=0.1662
  [Client  5] Round 14 | Hier-pFedMe(λ2=35.0) | loss=0.1557
  [Client 18] Round 14 | Hier-pFedMe(λ2=35.0) | loss=0.1527
  [Client  6] Round 14 | Hier-pFedMe(λ2=35.0) | loss=0.1691
  [Client  8] Round 14 | Hier-pFedMe(λ2=35.0) | loss=0.2107
  [Client 14] Round 14 | Hier-pFedMe(λ2=35.0) | loss=0.1360
  [Client 12] Round 14 | Hier-pFedMe(λ2=35.0) | loss=0.1412
  [Client 17] Round 14 | Hier-pFedMe(λ2=35.0) | loss=0.1583
  [Client  7] Round 14 | Hier-pFedMe(λ2=35.0) | loss=0.1537
  [Edge 0] G14 | E4 | loss=0.1607
  [Edge 0] G14 | E5 | Hier-pFedMe | Selected 13/13
  [Client 12] Round 14 | Hier-pFedMe(λ2=35.0) | loss=0.1338
  [Client  8] Round 14 | Hier-pFedMe(λ2=35.0) | loss=0.2044
  [Client  7] Round 14 | Hier-pFedMe(λ2=35.0) | loss=0.1552
  [Client 17] Round 14 | Hier-pFedMe(λ2=35.0) | loss=0.1398
  [Client  4] Round 14 | Hier-pFedMe(λ2=35.0) | loss=0.1790
  [Client 13] Round 14 | Hier-pFedMe(λ2=35.0) | loss=0.0982
  [Client 18] Round 14 | Hier-pFedMe(λ2=35.0) | loss=0.1532
  [Client  6] Round 14 | Hier-pFedMe(λ2=35.0) | loss=0.1697
  [Client  5] Round 14 | Hier-pFedMe(λ2=35.0) | loss=0.1475
  [Client 11] Round 14 | Hier-pFedMe(λ2=35.0) | loss=0.1566
  [Client 14] Round 14 | Hier-pFedMe(λ2=35.0) | loss=0.1547
  [Client 10] Round 14 | Hier-pFedMe(λ2=35.0) | loss=0.1793
  [Client 19] Round 14 | Hier-pFedMe(λ2=35.0) | loss=0.1565
  [Edge 0] G14 | E5 | loss=0.1560
  [Edge 1] G14 | E1 | Hier-pFedMe | Selected 7/7
  [Client  9] Round 14 | Hier-pFedMe(λ2=35.0) | loss=0.0872
  [Client  1] Round 14 | Hier-pFedMe(λ2=35.0) | loss=0.1030
  [Client  3] Round 14 | Hier-pFedMe(λ2=35.0) | loss=0.0803
  [Client 16] Round 14 | Hier-pFedMe(λ2=35.0) | loss=0.0595
  [Client  2] Round 14 | Hier-pFedMe(λ2=35.0) | loss=0.0848
  [Client 15] Round 14 | Hier-pFedMe(λ2=35.0) | loss=0.0918
  [Client  0] Round 14 | Hier-pFedMe(λ2=35.0) | loss=0.0730
  [Edge 1] G14 | E1 | loss=0.0828
  [Edge 1] G14 | E2 | Hier-pFedMe | Selected 7/7
  [Client  2] Round 14 | Hier-pFedMe(λ2=35.0) | loss=0.0740
  [Client  1] Round 14 | Hier-pFedMe(λ2=35.0) | loss=0.0910
  [Client 15] Round 14 | Hier-pFedMe(λ2=35.0) | loss=0.0921
  [Client  3] Round 14 | Hier-pFedMe(λ2=35.0) | loss=0.0772
  [Client  0] Round 14 | Hier-pFedMe(λ2=35.0) | loss=0.0560
  [Client 16] Round 14 | Hier-pFedMe(λ2=35.0) | loss=0.0708
  [Client  9] Round 14 | Hier-pFedMe(λ2=35.0) | loss=0.0806
  [Edge 1] G14 | E2 | loss=0.0774
  [Edge 1] G14 | E3 | Hier-pFedMe | Selected 7/7
  [Client  1] Round 14 | Hier-pFedMe(λ2=35.0) | loss=0.0786
  [Client  2] Round 14 | Hier-pFedMe(λ2=35.0) | loss=0.0807
  [Client 15] Round 14 | Hier-pFedMe(λ2=35.0) | loss=0.0724
  [Client  3] Round 14 | Hier-pFedMe(λ2=35.0) | loss=0.0667
  [Client  0] Round 14 | Hier-pFedMe(λ2=35.0) | loss=0.0603
  [Client 16] Round 14 | Hier-pFedMe(λ2=35.0) | loss=0.0572
  [Client  9] Round 14 | Hier-pFedMe(λ2=35.0) | loss=0.0729
  [Edge 1] G14 | E3 | loss=0.0698
  [Edge 1] G14 | E4 | Hier-pFedMe | Selected 7/7
  [Client  1] Round 14 | Hier-pFedMe(λ2=35.0) | loss=0.0898
  [Client 16] Round 14 | Hier-pFedMe(λ2=35.0) | loss=0.0674
  [Client 15] Round 14 | Hier-pFedMe(λ2=35.0) | loss=0.0616
  [Client  3] Round 14 | Hier-pFedMe(λ2=35.0) | loss=0.0524
  [Client  0] Round 14 | Hier-pFedMe(λ2=35.0) | loss=0.0558
  [Client  9] Round 14 | Hier-pFedMe(λ2=35.0) | loss=0.0679
  [Client  2] Round 14 | Hier-pFedMe(λ2=35.0) | loss=0.0639
  [Edge 1] G14 | E4 | loss=0.0655
  [Edge 1] G14 | E5 | Hier-pFedMe | Selected 7/7
  [Client  9] Round 14 | Hier-pFedMe(λ2=35.0) | loss=0.0676
  [Client  2] Round 14 | Hier-pFedMe(λ2=35.0) | loss=0.0689
  [Client 15] Round 14 | Hier-pFedMe(λ2=35.0) | loss=0.0628
  [Client  3] Round 14 | Hier-pFedMe(λ2=35.0) | loss=0.0670
  [Client  1] Round 14 | Hier-pFedMe(λ2=35.0) | loss=0.0942
  [Client  0] Round 14 | Hier-pFedMe(λ2=35.0) | loss=0.0522
  [Client 16] Round 14 | Hier-pFedMe(λ2=35.0) | loss=0.0453
  [Edge 1] G14 | E5 | loss=0.0654
  [Cloud] GM=0.0636 | EM=0.0572 | loss=23.7830 | time=525.3s | comm=4592.1MB (total=64290MB)

[Round  15] Broadcasting to 2 edges...
  [Edge 0] G15 | E1 | Hier-pFedMe | Selected 13/13
  [Client 12] Round 15 | Hier-pFedMe(λ2=35.0) | loss=0.1601
  [Client 17] Round 15 | Hier-pFedMe(λ2=35.0) | loss=0.1512
  [Client  5] Round 15 | Hier-pFedMe(λ2=35.0) | loss=0.1723
  [Client 14] Round 15 | Hier-pFedMe(λ2=35.0) | loss=0.1786
  [Client  6] Round 15 | Hier-pFedMe(λ2=35.0) | loss=0.1873
  [Client 18] Round 15 | Hier-pFedMe(λ2=35.0) | loss=0.1731
  [Client 11] Round 15 | Hier-pFedMe(λ2=35.0) | loss=0.1747
  [Client  7] Round 15 | Hier-pFedMe(λ2=35.0) | loss=0.1663
  [Client 13] Round 15 | Hier-pFedMe(λ2=35.0) | loss=0.1002
  [Client  8] Round 15 | Hier-pFedMe(λ2=35.0) | loss=0.2245
  [Client 10] Round 15 | Hier-pFedMe(λ2=35.0) | loss=0.1972
  [Client  4] Round 15 | Hier-pFedMe(λ2=35.0) | loss=0.2071
  [Client 19] Round 15 | Hier-pFedMe(λ2=35.0) | loss=0.1789
  [Edge 0] G15 | E1 | loss=0.1747
  [Edge 0] G15 | E2 | Hier-pFedMe | Selected 13/13
  [Client 17] Round 15 | Hier-pFedMe(λ2=35.0) | loss=0.1498
  [Client 10] Round 15 | Hier-pFedMe(λ2=35.0) | loss=0.1830
  [Client 18] Round 15 | Hier-pFedMe(λ2=35.0) | loss=0.1655
  [Client 14] Round 15 | Hier-pFedMe(λ2=35.0) | loss=0.1357
  [Client  8] Round 15 | Hier-pFedMe(λ2=35.0) | loss=0.2267
  [Client 12] Round 15 | Hier-pFedMe(λ2=35.0) | loss=0.1460
  [Client  4] Round 15 | Hier-pFedMe(λ2=35.0) | loss=0.2011
  [Client 13] Round 15 | Hier-pFedMe(λ2=35.0) | loss=0.1107
  [Client  5] Round 15 | Hier-pFedMe(λ2=35.0) | loss=0.1451
  [Client  7] Round 15 | Hier-pFedMe(λ2=35.0) | loss=0.1531
  [Client  6] Round 15 | Hier-pFedMe(λ2=35.0) | loss=0.1678
  [Client 11] Round 15 | Hier-pFedMe(λ2=35.0) | loss=0.1674
  [Client 19] Round 15 | Hier-pFedMe(λ2=35.0) | loss=0.1851
  [Edge 0] G15 | E2 | loss=0.1644
  [Edge 0] G15 | E3 | Hier-pFedMe | Selected 13/13
  [Client 11] Round 15 | Hier-pFedMe(λ2=35.0) | loss=0.1557
  [Client  6] Round 15 | Hier-pFedMe(λ2=35.0) | loss=0.1832
  [Client 14] Round 15 | Hier-pFedMe(λ2=35.0) | loss=0.1366
  [Client  7] Round 15 | Hier-pFedMe(λ2=35.0) | loss=0.1511
  [Client 18] Round 15 | Hier-pFedMe(λ2=35.0) | loss=0.1591
  [Client 17] Round 15 | Hier-pFedMe(λ2=35.0) | loss=0.1368
  [Client 19] Round 15 | Hier-pFedMe(λ2=35.0) | loss=0.1503
  [Client 13] Round 15 | Hier-pFedMe(λ2=35.0) | loss=0.1081
  [Client  5] Round 15 | Hier-pFedMe(λ2=35.0) | loss=0.1524
  [Client 12] Round 15 | Hier-pFedMe(λ2=35.0) | loss=0.1344
  [Client  4] Round 15 | Hier-pFedMe(λ2=35.0) | loss=0.1759
  [Client 10] Round 15 | Hier-pFedMe(λ2=35.0) | loss=0.1720
  [Client  8] Round 15 | Hier-pFedMe(λ2=35.0) | loss=0.1917
  [Edge 0] G15 | E3 | loss=0.1544
  [Edge 0] G15 | E4 | Hier-pFedMe | Selected 13/13
  [Client 11] Round 15 | Hier-pFedMe(λ2=35.0) | loss=0.1669
  [Client 13] Round 15 | Hier-pFedMe(λ2=35.0) | loss=0.0899
  [Client 14] Round 15 | Hier-pFedMe(λ2=35.0) | loss=0.1463
  [Client  7] Round 15 | Hier-pFedMe(λ2=35.0) | loss=0.1332
  [Client  8] Round 15 | Hier-pFedMe(λ2=35.0) | loss=0.1888
  [Client 12] Round 15 | Hier-pFedMe(λ2=35.0) | loss=0.1281
  [Client 19] Round 15 | Hier-pFedMe(λ2=35.0) | loss=0.1554
  [Client  6] Round 15 | Hier-pFedMe(λ2=35.0) | loss=0.1597
  [Client  4] Round 15 | Hier-pFedMe(λ2=35.0) | loss=0.1745
  [Client  5] Round 15 | Hier-pFedMe(λ2=35.0) | loss=0.1206
  [Client 18] Round 15 | Hier-pFedMe(λ2=35.0) | loss=0.1382
  [Client 10] Round 15 | Hier-pFedMe(λ2=35.0) | loss=0.1671
  [Client 17] Round 15 | Hier-pFedMe(λ2=35.0) | loss=0.1366
  [Edge 0] G15 | E4 | loss=0.1466
  [Edge 0] G15 | E5 | Hier-pFedMe | Selected 13/13
  [Client 12] Round 15 | Hier-pFedMe(λ2=35.0) | loss=0.1248
  [Client 13] Round 15 | Hier-pFedMe(λ2=35.0) | loss=0.0893
  [Client 10] Round 15 | Hier-pFedMe(λ2=35.0) | loss=0.1589
  [Client  5] Round 15 | Hier-pFedMe(λ2=35.0) | loss=0.1240
  [Client 18] Round 15 | Hier-pFedMe(λ2=35.0) | loss=0.1569
  [Client 11] Round 15 | Hier-pFedMe(λ2=35.0) | loss=0.1409
  [Client  6] Round 15 | Hier-pFedMe(λ2=35.0) | loss=0.1581
  [Client  7] Round 15 | Hier-pFedMe(λ2=35.0) | loss=0.1388
  [Client  8] Round 15 | Hier-pFedMe(λ2=35.0) | loss=0.1928
  [Client 17] Round 15 | Hier-pFedMe(λ2=35.0) | loss=0.1280
  [Client 19] Round 15 | Hier-pFedMe(λ2=35.0) | loss=0.1628
  [Client  4] Round 15 | Hier-pFedMe(λ2=35.0) | loss=0.1641
  [Client 14] Round 15 | Hier-pFedMe(λ2=35.0) | loss=0.1229
  [Edge 0] G15 | E5 | loss=0.1433
  [Edge 1] G15 | E1 | Hier-pFedMe | Selected 7/7
  [Client  0] Round 15 | Hier-pFedMe(λ2=35.0) | loss=0.0612
  [Client  9] Round 15 | Hier-pFedMe(λ2=35.0) | loss=0.0834
  [Client  1] Round 15 | Hier-pFedMe(λ2=35.0) | loss=0.0800
  [Client  3] Round 15 | Hier-pFedMe(λ2=35.0) | loss=0.0814
  [Client 16] Round 15 | Hier-pFedMe(λ2=35.0) | loss=0.0496
  [Client  2] Round 15 | Hier-pFedMe(λ2=35.0) | loss=0.0832
  [Client 15] Round 15 | Hier-pFedMe(λ2=35.0) | loss=0.0761
  [Edge 1] G15 | E1 | loss=0.0736
  [Edge 1] G15 | E2 | Hier-pFedMe | Selected 7/7
  [Client  0] Round 15 | Hier-pFedMe(λ2=35.0) | loss=0.0486
  [Client  1] Round 15 | Hier-pFedMe(λ2=35.0) | loss=0.0834
  [Client 16] Round 15 | Hier-pFedMe(λ2=35.0) | loss=0.0469
  [Client  3] Round 15 | Hier-pFedMe(λ2=35.0) | loss=0.0607
  [Client 15] Round 15 | Hier-pFedMe(λ2=35.0) | loss=0.0582
  [Client  2] Round 15 | Hier-pFedMe(λ2=35.0) | loss=0.0566
  [Client  9] Round 15 | Hier-pFedMe(λ2=35.0) | loss=0.0779
  [Edge 1] G15 | E2 | loss=0.0618
  [Edge 1] G15 | E3 | Hier-pFedMe | Selected 7/7
  [Client  9] Round 15 | Hier-pFedMe(λ2=35.0) | loss=0.0647
  [Client  2] Round 15 | Hier-pFedMe(λ2=35.0) | loss=0.0737
  [Client 15] Round 15 | Hier-pFedMe(λ2=35.0) | loss=0.0589
  [Client  3] Round 15 | Hier-pFedMe(λ2=35.0) | loss=0.0645
  [Client  1] Round 15 | Hier-pFedMe(λ2=35.0) | loss=0.0856
  [Client  0] Round 15 | Hier-pFedMe(λ2=35.0) | loss=0.0585
  [Client 16] Round 15 | Hier-pFedMe(λ2=35.0) | loss=0.0544
  [Edge 1] G15 | E3 | loss=0.0658
  [Edge 1] G15 | E4 | Hier-pFedMe | Selected 7/7
  [Client  9] Round 15 | Hier-pFedMe(λ2=35.0) | loss=0.0582
  [Client  0] Round 15 | Hier-pFedMe(λ2=35.0) | loss=0.0547
  [Client  3] Round 15 | Hier-pFedMe(λ2=35.0) | loss=0.0419
  [Client 15] Round 15 | Hier-pFedMe(λ2=35.0) | loss=0.0617
  [Client  1] Round 15 | Hier-pFedMe(λ2=35.0) | loss=0.0669
  [Client  2] Round 15 | Hier-pFedMe(λ2=35.0) | loss=0.0813
  [Client 16] Round 15 | Hier-pFedMe(λ2=35.0) | loss=0.0452
  [Edge 1] G15 | E4 | loss=0.0586
  [Edge 1] G15 | E5 | Hier-pFedMe | Selected 7/7
  [Client  0] Round 15 | Hier-pFedMe(λ2=35.0) | loss=0.0438
  [Client  9] Round 15 | Hier-pFedMe(λ2=35.0) | loss=0.0559
  [Client  2] Round 15 | Hier-pFedMe(λ2=35.0) | loss=0.0521
  [Client 15] Round 15 | Hier-pFedMe(λ2=35.0) | loss=0.0679
  [Client  3] Round 15 | Hier-pFedMe(λ2=35.0) | loss=0.0475
  [Client  1] Round 15 | Hier-pFedMe(λ2=35.0) | loss=0.0647
  [Client 16] Round 15 | Hier-pFedMe(λ2=35.0) | loss=0.0382
  [Edge 1] G15 | E5 | loss=0.0529
  [Cloud] GM=0.0554 | EM=0.0482 | loss=26.9470 | time=522.8s | comm=4592.1MB (total=68882MB)

[Round  16] Broadcasting to 2 edges...
  [Edge 0] G16 | E1 | Hier-pFedMe | Selected 13/13
  [Client 13] Round 16 | Hier-pFedMe(λ2=35.0) | loss=0.1056
  [Client 17] Round 16 | Hier-pFedMe(λ2=35.0) | loss=0.1526
  [Client  4] Round 16 | Hier-pFedMe(λ2=35.0) | loss=0.1981
  [Client  7] Round 16 | Hier-pFedMe(λ2=35.0) | loss=0.1626
  [Client 12] Round 16 | Hier-pFedMe(λ2=35.0) | loss=0.1361
  [Client 11] Round 16 | Hier-pFedMe(λ2=35.0) | loss=0.1688
  [Client  8] Round 16 | Hier-pFedMe(λ2=35.0) | loss=0.2005
  [Client 10] Round 16 | Hier-pFedMe(λ2=35.0) | loss=0.1759
  [Client 18] Round 16 | Hier-pFedMe(λ2=35.0) | loss=0.1512
  [Client 19] Round 16 | Hier-pFedMe(λ2=35.0) | loss=0.1739
  [Client  6] Round 16 | Hier-pFedMe(λ2=35.0) | loss=0.1689
  [Client 14] Round 16 | Hier-pFedMe(λ2=35.0) | loss=0.1521
  [Client  5] Round 16 | Hier-pFedMe(λ2=35.0) | loss=0.1521
  [Edge 0] G16 | E1 | loss=0.1614
  [Edge 0] G16 | E2 | Hier-pFedMe | Selected 13/13
  [Client 12] Round 16 | Hier-pFedMe(λ2=35.0) | loss=0.1248
  [Client  5] Round 16 | Hier-pFedMe(λ2=35.0) | loss=0.1299
  [Client 11] Round 16 | Hier-pFedMe(λ2=35.0) | loss=0.1532
  [Client  4] Round 16 | Hier-pFedMe(λ2=35.0) | loss=0.1756
  [Client  6] Round 16 | Hier-pFedMe(λ2=35.0) | loss=0.1692
  [Client 13] Round 16 | Hier-pFedMe(λ2=35.0) | loss=0.0946
  [Client 17] Round 16 | Hier-pFedMe(λ2=35.0) | loss=0.1378
  [Client 10] Round 16 | Hier-pFedMe(λ2=35.0) | loss=0.1727
  [Client 19] Round 16 | Hier-pFedMe(λ2=35.0) | loss=0.1606
  [Client 18] Round 16 | Hier-pFedMe(λ2=35.0) | loss=0.1473
  [Client  7] Round 16 | Hier-pFedMe(λ2=35.0) | loss=0.1434
  [Client  8] Round 16 | Hier-pFedMe(λ2=35.0) | loss=0.1952
  [Client 14] Round 16 | Hier-pFedMe(λ2=35.0) | loss=0.1299
  [Edge 0] G16 | E2 | loss=0.1488
  [Edge 0] G16 | E3 | Hier-pFedMe | Selected 13/13
  [Client 12] Round 16 | Hier-pFedMe(λ2=35.0) | loss=0.1329
  [Client 11] Round 16 | Hier-pFedMe(λ2=35.0) | loss=0.1417
  [Client  5] Round 16 | Hier-pFedMe(λ2=35.0) | loss=0.1279
  [Client 14] Round 16 | Hier-pFedMe(λ2=35.0) | loss=0.1291
  [Client 19] Round 16 | Hier-pFedMe(λ2=35.0) | loss=0.1343
  [Client 13] Round 16 | Hier-pFedMe(λ2=35.0) | loss=0.0983
  [Client  8] Round 16 | Hier-pFedMe(λ2=35.0) | loss=0.1859
  [Client  7] Round 16 | Hier-pFedMe(λ2=35.0) | loss=0.1462
  [Client 17] Round 16 | Hier-pFedMe(λ2=35.0) | loss=0.1309
  [Client  6] Round 16 | Hier-pFedMe(λ2=35.0) | loss=0.1353
  [Client  4] Round 16 | Hier-pFedMe(λ2=35.0) | loss=0.1620
  [Client 18] Round 16 | Hier-pFedMe(λ2=35.0) | loss=0.1426
  [Client 10] Round 16 | Hier-pFedMe(λ2=35.0) | loss=0.1616
  [Edge 0] G16 | E3 | loss=0.1407
  [Edge 0] G16 | E4 | Hier-pFedMe | Selected 13/13
  [Client 13] Round 16 | Hier-pFedMe(λ2=35.0) | loss=0.0873
  [Client 17] Round 16 | Hier-pFedMe(λ2=35.0) | loss=0.1218
  [Client  6] Round 16 | Hier-pFedMe(λ2=35.0) | loss=0.1540
  [Client  4] Round 16 | Hier-pFedMe(λ2=35.0) | loss=0.1669
  [Client  8] Round 16 | Hier-pFedMe(λ2=35.0) | loss=0.1766
  [Client 18] Round 16 | Hier-pFedMe(λ2=35.0) | loss=0.1282
  [Client 11] Round 16 | Hier-pFedMe(λ2=35.0) | loss=0.1331
  [Client 14] Round 16 | Hier-pFedMe(λ2=35.0) | loss=0.1273
  [Client 19] Round 16 | Hier-pFedMe(λ2=35.0) | loss=0.1264
  [Client  7] Round 16 | Hier-pFedMe(λ2=35.0) | loss=0.1211
  [Client 12] Round 16 | Hier-pFedMe(λ2=35.0) | loss=0.1217
  [Client  5] Round 16 | Hier-pFedMe(λ2=35.0) | loss=0.1312
  [Client 10] Round 16 | Hier-pFedMe(λ2=35.0) | loss=0.1631
  [Edge 0] G16 | E4 | loss=0.1353
  [Edge 0] G16 | E5 | Hier-pFedMe | Selected 13/13
  [Client 18] Round 16 | Hier-pFedMe(λ2=35.0) | loss=0.1311
  [Client  7] Round 16 | Hier-pFedMe(λ2=35.0) | loss=0.1114
  [Client 19] Round 16 | Hier-pFedMe(λ2=35.0) | loss=0.1271
  [Client 11] Round 16 | Hier-pFedMe(λ2=35.0) | loss=0.1368
  [Client  8] Round 16 | Hier-pFedMe(λ2=35.0) | loss=0.1736
  [Client  6] Round 16 | Hier-pFedMe(λ2=35.0) | loss=0.1466
  [Client 14] Round 16 | Hier-pFedMe(λ2=35.0) | loss=0.1184
  [Client 10] Round 16 | Hier-pFedMe(λ2=35.0) | loss=0.1498
  [Client  5] Round 16 | Hier-pFedMe(λ2=35.0) | loss=0.1185
  [Client 13] Round 16 | Hier-pFedMe(λ2=35.0) | loss=0.0810
  [Client  4] Round 16 | Hier-pFedMe(λ2=35.0) | loss=0.1573
  [Client 17] Round 16 | Hier-pFedMe(λ2=35.0) | loss=0.1161
  [Client 12] Round 16 | Hier-pFedMe(λ2=35.0) | loss=0.1109
  [Edge 0] G16 | E5 | loss=0.1291
  [Edge 1] G16 | E1 | Hier-pFedMe | Selected 7/7
  [Client  9] Round 16 | Hier-pFedMe(λ2=35.0) | loss=0.0738
  [Client  2] Round 16 | Hier-pFedMe(λ2=35.0) | loss=0.0790
  [Client 16] Round 16 | Hier-pFedMe(λ2=35.0) | loss=0.0512
  [Client  3] Round 16 | Hier-pFedMe(λ2=35.0) | loss=0.0611
  [Client  1] Round 16 | Hier-pFedMe(λ2=35.0) | loss=0.0818
  [Client  0] Round 16 | Hier-pFedMe(λ2=35.0) | loss=0.0618
  [Client 15] Round 16 | Hier-pFedMe(λ2=35.0) | loss=0.0567
  [Edge 1] G16 | E1 | loss=0.0665
  [Edge 1] G16 | E2 | Hier-pFedMe | Selected 7/7
  [Client  0] Round 16 | Hier-pFedMe(λ2=35.0) | loss=0.0561
  [Client  2] Round 16 | Hier-pFedMe(λ2=35.0) | loss=0.0657
  [Client 16] Round 16 | Hier-pFedMe(λ2=35.0) | loss=0.0650
  [Client 15] Round 16 | Hier-pFedMe(λ2=35.0) | loss=0.0641
  [Client  3] Round 16 | Hier-pFedMe(λ2=35.0) | loss=0.0622
  [Client  9] Round 16 | Hier-pFedMe(λ2=35.0) | loss=0.0721
  [Client  1] Round 16 | Hier-pFedMe(λ2=35.0) | loss=0.0663
  [Edge 1] G16 | E2 | loss=0.0645
  [Edge 1] G16 | E3 | Hier-pFedMe | Selected 7/7
  [Client  0] Round 16 | Hier-pFedMe(λ2=35.0) | loss=0.0385
  [Client  1] Round 16 | Hier-pFedMe(λ2=35.0) | loss=0.0631
  [Client  3] Round 16 | Hier-pFedMe(λ2=35.0) | loss=0.0653
  [Client 15] Round 16 | Hier-pFedMe(λ2=35.0) | loss=0.0684
  [Client  9] Round 16 | Hier-pFedMe(λ2=35.0) | loss=0.0564
  [Client  2] Round 16 | Hier-pFedMe(λ2=35.0) | loss=0.0507
  [Client 16] Round 16 | Hier-pFedMe(λ2=35.0) | loss=0.0495
  [Edge 1] G16 | E3 | loss=0.0560
  [Edge 1] G16 | E4 | Hier-pFedMe | Selected 7/7
  [Client  9] Round 16 | Hier-pFedMe(λ2=35.0) | loss=0.0511
  [Client  0] Round 16 | Hier-pFedMe(λ2=35.0) | loss=0.0477
  [Client  1] Round 16 | Hier-pFedMe(λ2=35.0) | loss=0.0585
  [Client 16] Round 16 | Hier-pFedMe(λ2=35.0) | loss=0.0390
  [Client  2] Round 16 | Hier-pFedMe(λ2=35.0) | loss=0.0565
  [Client  3] Round 16 | Hier-pFedMe(λ2=35.0) | loss=0.0575
  [Client 15] Round 16 | Hier-pFedMe(λ2=35.0) | loss=0.0546
  [Edge 1] G16 | E4 | loss=0.0521
  [Edge 1] G16 | E5 | Hier-pFedMe | Selected 7/7
  [Client  0] Round 16 | Hier-pFedMe(λ2=35.0) | loss=0.0367
  [Client  9] Round 16 | Hier-pFedMe(λ2=35.0) | loss=0.0554
  [Client  2] Round 16 | Hier-pFedMe(λ2=35.0) | loss=0.0368
  [Client  3] Round 16 | Hier-pFedMe(λ2=35.0) | loss=0.0614
  [Client 15] Round 16 | Hier-pFedMe(λ2=35.0) | loss=0.0491
  [Client 16] Round 16 | Hier-pFedMe(λ2=35.0) | loss=0.0334
  [Client  1] Round 16 | Hier-pFedMe(λ2=35.0) | loss=0.0497
  [Edge 1] G16 | E5 | loss=0.0461
  [Cloud] GM=0.0597 | EM=0.0566 | loss=26.8498 | time=525.3s | comm=4592.1MB (total=73474MB)

[Round  17] Broadcasting to 2 edges...
  [Edge 0] G17 | E1 | Hier-pFedMe | Selected 13/13
  [Client 12] Round 17 | Hier-pFedMe(λ2=35.0) | loss=0.1339
  [Client 19] Round 17 | Hier-pFedMe(λ2=35.0) | loss=0.1497
  [Client  6] Round 17 | Hier-pFedMe(λ2=35.0) | loss=0.1627
  [Client 10] Round 17 | Hier-pFedMe(λ2=35.0) | loss=0.1736
  [Client 11] Round 17 | Hier-pFedMe(λ2=35.0) | loss=0.1581
  [Client 13] Round 17 | Hier-pFedMe(λ2=35.0) | loss=0.1112
  [Client  8] Round 17 | Hier-pFedMe(λ2=35.0) | loss=0.1963
  [Client  5] Round 17 | Hier-pFedMe(λ2=35.0) | loss=0.1454
  [Client 18] Round 17 | Hier-pFedMe(λ2=35.0) | loss=0.1296
  [Client 14] Round 17 | Hier-pFedMe(λ2=35.0) | loss=0.1346
  [Client  4] Round 17 | Hier-pFedMe(λ2=35.0) | loss=0.1736
  [Client 17] Round 17 | Hier-pFedMe(λ2=35.0) | loss=0.1188
  [Client  7] Round 17 | Hier-pFedMe(λ2=35.0) | loss=0.1406
  [Edge 0] G17 | E1 | loss=0.1483
  [Edge 0] G17 | E2 | Hier-pFedMe | Selected 13/13
  [Client 18] Round 17 | Hier-pFedMe(λ2=35.0) | loss=0.1309
  [Client 17] Round 17 | Hier-pFedMe(λ2=35.0) | loss=0.1326
  [Client 13] Round 17 | Hier-pFedMe(λ2=35.0) | loss=0.0881
  [Client  6] Round 17 | Hier-pFedMe(λ2=35.0) | loss=0.1558
  [Client  8] Round 17 | Hier-pFedMe(λ2=35.0) | loss=0.1747
  [Client  4] Round 17 | Hier-pFedMe(λ2=35.0) | loss=0.1631
  [Client 10] Round 17 | Hier-pFedMe(λ2=35.0) | loss=0.1537
  [Client  5] Round 17 | Hier-pFedMe(λ2=35.0) | loss=0.1199
  [Client 12] Round 17 | Hier-pFedMe(λ2=35.0) | loss=0.1191
  [Client 19] Round 17 | Hier-pFedMe(λ2=35.0) | loss=0.1258
  [Client 14] Round 17 | Hier-pFedMe(λ2=35.0) | loss=0.1311
  [Client  7] Round 17 | Hier-pFedMe(λ2=35.0) | loss=0.1239
  [Client 11] Round 17 | Hier-pFedMe(λ2=35.0) | loss=0.1388
  [Edge 0] G17 | E2 | loss=0.1352
  [Edge 0] G17 | E3 | Hier-pFedMe | Selected 13/13
  [Client  6] Round 17 | Hier-pFedMe(λ2=35.0) | loss=0.1414
  [Client 18] Round 17 | Hier-pFedMe(λ2=35.0) | loss=0.1221
  [Client 14] Round 17 | Hier-pFedMe(λ2=35.0) | loss=0.1192
  [Client 10] Round 17 | Hier-pFedMe(λ2=35.0) | loss=0.1563
  [Client 12] Round 17 | Hier-pFedMe(λ2=35.0) | loss=0.1129
  [Client  8] Round 17 | Hier-pFedMe(λ2=35.0) | loss=0.1694
  [Client  5] Round 17 | Hier-pFedMe(λ2=35.0) | loss=0.1150
  [Client 11] Round 17 | Hier-pFedMe(λ2=35.0) | loss=0.1367
  [Client 13] Round 17 | Hier-pFedMe(λ2=35.0) | loss=0.0795
  [Client 17] Round 17 | Hier-pFedMe(λ2=35.0) | loss=0.1110
  [Client  7] Round 17 | Hier-pFedMe(λ2=35.0) | loss=0.1210
  [Client  4] Round 17 | Hier-pFedMe(λ2=35.0) | loss=0.1577
  [Client 19] Round 17 | Hier-pFedMe(λ2=35.0) | loss=0.1390
  [Edge 0] G17 | E3 | loss=0.1293
  [Edge 0] G17 | E4 | Hier-pFedMe | Selected 13/13
  [Client 18] Round 17 | Hier-pFedMe(λ2=35.0) | loss=0.1182
  [Client  8] Round 17 | Hier-pFedMe(λ2=35.0) | loss=0.1674
  [Client  7] Round 17 | Hier-pFedMe(λ2=35.0) | loss=0.1356
  [Client  5] Round 17 | Hier-pFedMe(λ2=35.0) | loss=0.1128
  [Client  6] Round 17 | Hier-pFedMe(λ2=35.0) | loss=0.1414
  [Client 10] Round 17 | Hier-pFedMe(λ2=35.0) | loss=0.1349
  [Client 19] Round 17 | Hier-pFedMe(λ2=35.0) | loss=0.1269
  [Client 13] Round 17 | Hier-pFedMe(λ2=35.0) | loss=0.0793
  [Client 12] Round 17 | Hier-pFedMe(λ2=35.0) | loss=0.1093
  [Client 17] Round 17 | Hier-pFedMe(λ2=35.0) | loss=0.1149
  [Client 11] Round 17 | Hier-pFedMe(λ2=35.0) | loss=0.1273
  [Client  4] Round 17 | Hier-pFedMe(λ2=35.0) | loss=0.1418
  [Client 14] Round 17 | Hier-pFedMe(λ2=35.0) | loss=0.1100
  [Edge 0] G17 | E4 | loss=0.1246
  [Edge 0] G17 | E5 | Hier-pFedMe | Selected 13/13
  [Client 19] Round 17 | Hier-pFedMe(λ2=35.0) | loss=0.1166
  [Client 17] Round 17 | Hier-pFedMe(λ2=35.0) | loss=0.1044
  [Client  6] Round 17 | Hier-pFedMe(λ2=35.0) | loss=0.1385
  [Client 10] Round 17 | Hier-pFedMe(λ2=35.0) | loss=0.1235
  [Client 18] Round 17 | Hier-pFedMe(λ2=35.0) | loss=0.1236
  [Client  8] Round 17 | Hier-pFedMe(λ2=35.0) | loss=0.1660
  [Client 11] Round 17 | Hier-pFedMe(λ2=35.0) | loss=0.1301
  [Client 14] Round 17 | Hier-pFedMe(λ2=35.0) | loss=0.1052
  [Client 13] Round 17 | Hier-pFedMe(λ2=35.0) | loss=0.0688
  [Client  5] Round 17 | Hier-pFedMe(λ2=35.0) | loss=0.1044
  [Client 12] Round 17 | Hier-pFedMe(λ2=35.0) | loss=0.0945
  [Client  4] Round 17 | Hier-pFedMe(λ2=35.0) | loss=0.1501
  [Client  7] Round 17 | Hier-pFedMe(λ2=35.0) | loss=0.1037
  [Edge 0] G17 | E5 | loss=0.1177
  [Edge 1] G17 | E1 | Hier-pFedMe | Selected 7/7
  [Client  9] Round 17 | Hier-pFedMe(λ2=35.0) | loss=0.0580
  [Client 16] Round 17 | Hier-pFedMe(λ2=35.0) | loss=0.0516
  [Client 15] Round 17 | Hier-pFedMe(λ2=35.0) | loss=0.0580
  [Client  3] Round 17 | Hier-pFedMe(λ2=35.0) | loss=0.0476
  [Client  2] Round 17 | Hier-pFedMe(λ2=35.0) | loss=0.0648
  [Client  0] Round 17 | Hier-pFedMe(λ2=35.0) | loss=0.0473
  [Client  1] Round 17 | Hier-pFedMe(λ2=35.0) | loss=0.0680
  [Edge 1] G17 | E1 | loss=0.0565
  [Edge 1] G17 | E2 | Hier-pFedMe | Selected 7/7
  [Client  9] Round 17 | Hier-pFedMe(λ2=35.0) | loss=0.0580
  [Client  1] Round 17 | Hier-pFedMe(λ2=35.0) | loss=0.0631
  [Client  3] Round 17 | Hier-pFedMe(λ2=35.0) | loss=0.0592
  [Client 15] Round 17 | Hier-pFedMe(λ2=35.0) | loss=0.0553
  [Client  0] Round 17 | Hier-pFedMe(λ2=35.0) | loss=0.0476
  [Client  2] Round 17 | Hier-pFedMe(λ2=35.0) | loss=0.0572
  [Client 16] Round 17 | Hier-pFedMe(λ2=35.0) | loss=0.0437
  [Edge 1] G17 | E2 | loss=0.0549
  [Edge 1] G17 | E3 | Hier-pFedMe | Selected 7/7
  [Client  9] Round 17 | Hier-pFedMe(λ2=35.0) | loss=0.0523
  [Client  1] Round 17 | Hier-pFedMe(λ2=35.0) | loss=0.0534
  [Client  3] Round 17 | Hier-pFedMe(λ2=35.0) | loss=0.0383
  [Client 15] Round 17 | Hier-pFedMe(λ2=35.0) | loss=0.0468
  [Client  0] Round 17 | Hier-pFedMe(λ2=35.0) | loss=0.0506
  [Client  2] Round 17 | Hier-pFedMe(λ2=35.0) | loss=0.0502
  [Client 16] Round 17 | Hier-pFedMe(λ2=35.0) | loss=0.0399
  [Edge 1] G17 | E3 | loss=0.0474
  [Edge 1] G17 | E4 | Hier-pFedMe | Selected 7/7
  [Client  0] Round 17 | Hier-pFedMe(λ2=35.0) | loss=0.0359
  [Client  1] Round 17 | Hier-pFedMe(λ2=35.0) | loss=0.0553
  [Client  2] Round 17 | Hier-pFedMe(λ2=35.0) | loss=0.0604
  [Client 15] Round 17 | Hier-pFedMe(λ2=35.0) | loss=0.0431
  [Client  9] Round 17 | Hier-pFedMe(λ2=35.0) | loss=0.0499
  [Client 16] Round 17 | Hier-pFedMe(λ2=35.0) | loss=0.0379
  [Client  3] Round 17 | Hier-pFedMe(λ2=35.0) | loss=0.0513
  [Edge 1] G17 | E4 | loss=0.0477
  [Edge 1] G17 | E5 | Hier-pFedMe | Selected 7/7
  [Client  0] Round 17 | Hier-pFedMe(λ2=35.0) | loss=0.0403
  [Client  1] Round 17 | Hier-pFedMe(λ2=35.0) | loss=0.0594
  [Client 15] Round 17 | Hier-pFedMe(λ2=35.0) | loss=0.0333
  [Client 16] Round 17 | Hier-pFedMe(λ2=35.0) | loss=0.0323
  [Client  9] Round 17 | Hier-pFedMe(λ2=35.0) | loss=0.0501
  [Client  2] Round 17 | Hier-pFedMe(λ2=35.0) | loss=0.0416
  [Client  3] Round 17 | Hier-pFedMe(λ2=35.0) | loss=0.0634
  [Edge 1] G17 | E5 | loss=0.0458
  [Cloud] GM=0.0592 | EM=0.0533 | loss=27.4381 | time=522.4s | comm=4592.1MB (total=78066MB)

[Round  18] Broadcasting to 2 edges...
  [Edge 0] G18 | E1 | Hier-pFedMe | Selected 13/13
  [Client 18] Round 18 | Hier-pFedMe(λ2=35.0) | loss=0.1271
  [Client  4] Round 18 | Hier-pFedMe(λ2=35.0) | loss=0.1575
  [Client  7] Round 18 | Hier-pFedMe(λ2=35.0) | loss=0.1296
  [Client 10] Round 18 | Hier-pFedMe(λ2=35.0) | loss=0.1535
  [Client 13] Round 18 | Hier-pFedMe(λ2=35.0) | loss=0.0824
  [Client 19] Round 18 | Hier-pFedMe(λ2=35.0) | loss=0.1425
  [Client 14] Round 18 | Hier-pFedMe(λ2=35.0) | loss=0.1217
  [Client  5] Round 18 | Hier-pFedMe(λ2=35.0) | loss=0.1304
  [Client 17] Round 18 | Hier-pFedMe(λ2=35.0) | loss=0.1334
  [Client 11] Round 18 | Hier-pFedMe(λ2=35.0) | loss=0.1383
  [Client 12] Round 18 | Hier-pFedMe(λ2=35.0) | loss=0.1185
  [Client  6] Round 18 | Hier-pFedMe(λ2=35.0) | loss=0.1457
  [Client  8] Round 18 | Hier-pFedMe(λ2=35.0) | loss=0.1660
  [Edge 0] G18 | E1 | loss=0.1344
  [Edge 0] G18 | E2 | Hier-pFedMe | Selected 13/13
  [Client 18] Round 18 | Hier-pFedMe(λ2=35.0) | loss=0.1267
  [Client 19] Round 18 | Hier-pFedMe(λ2=35.0) | loss=0.1250
  [Client 11] Round 18 | Hier-pFedMe(λ2=35.0) | loss=0.1158
  [Client  5] Round 18 | Hier-pFedMe(λ2=35.0) | loss=0.1105
  [Client  7] Round 18 | Hier-pFedMe(λ2=35.0) | loss=0.1168
  [Client  6] Round 18 | Hier-pFedMe(λ2=35.0) | loss=0.1403
  [Client 13] Round 18 | Hier-pFedMe(λ2=35.0) | loss=0.1019
  [Client 14] Round 18 | Hier-pFedMe(λ2=35.0) | loss=0.1164
  [Client  8] Round 18 | Hier-pFedMe(λ2=35.0) | loss=0.1661
  [Client 12] Round 18 | Hier-pFedMe(λ2=35.0) | loss=0.1008
  [Client 17] Round 18 | Hier-pFedMe(λ2=35.0) | loss=0.1151
  [Client 10] Round 18 | Hier-pFedMe(λ2=35.0) | loss=0.1309
  [Client  4] Round 18 | Hier-pFedMe(λ2=35.0) | loss=0.1462
  [Edge 0] G18 | E2 | loss=0.1240
  [Edge 0] G18 | E3 | Hier-pFedMe | Selected 13/13
  [Client 14] Round 18 | Hier-pFedMe(λ2=35.0) | loss=0.1043
  [Client 17] Round 18 | Hier-pFedMe(λ2=35.0) | loss=0.0973
  [Client  4] Round 18 | Hier-pFedMe(λ2=35.0) | loss=0.1409
  [Client  7] Round 18 | Hier-pFedMe(λ2=35.0) | loss=0.1354
  [Client 10] Round 18 | Hier-pFedMe(λ2=35.0) | loss=0.1241
  [Client 18] Round 18 | Hier-pFedMe(λ2=35.0) | loss=0.1151
  [Client 19] Round 18 | Hier-pFedMe(λ2=35.0) | loss=0.1096
  [Client 11] Round 18 | Hier-pFedMe(λ2=35.0) | loss=0.1266
  [Client  8] Round 18 | Hier-pFedMe(λ2=35.0) | loss=0.1674
  [Client 12] Round 18 | Hier-pFedMe(λ2=35.0) | loss=0.1134
  [Client  6] Round 18 | Hier-pFedMe(λ2=35.0) | loss=0.1348
  [Client 13] Round 18 | Hier-pFedMe(λ2=35.0) | loss=0.0802
  [Client  5] Round 18 | Hier-pFedMe(λ2=35.0) | loss=0.1123
  [Edge 0] G18 | E3 | loss=0.1201
  [Edge 0] G18 | E4 | Hier-pFedMe | Selected 13/13
  [Client 14] Round 18 | Hier-pFedMe(λ2=35.0) | loss=0.0879
  [Client 11] Round 18 | Hier-pFedMe(λ2=35.0) | loss=0.1197
  [Client 17] Round 18 | Hier-pFedMe(λ2=35.0) | loss=0.1157
  [Client 10] Round 18 | Hier-pFedMe(λ2=35.0) | loss=0.1185
  [Client 13] Round 18 | Hier-pFedMe(λ2=35.0) | loss=0.0734
  [Client 12] Round 18 | Hier-pFedMe(λ2=35.0) | loss=0.1047
  [Client 18] Round 18 | Hier-pFedMe(λ2=35.0) | loss=0.1057
  [Client 19] Round 18 | Hier-pFedMe(λ2=35.0) | loss=0.1029
  [Client  8] Round 18 | Hier-pFedMe(λ2=35.0) | loss=0.1512
  [Client  5] Round 18 | Hier-pFedMe(λ2=35.0) | loss=0.1076
  [Client  4] Round 18 | Hier-pFedMe(λ2=35.0) | loss=0.1434
  [Client  6] Round 18 | Hier-pFedMe(λ2=35.0) | loss=0.1203
  [Client  7] Round 18 | Hier-pFedMe(λ2=35.0) | loss=0.1021
  [Edge 0] G18 | E4 | loss=0.1118
  [Edge 0] G18 | E5 | Hier-pFedMe | Selected 13/13
  [Client  8] Round 18 | Hier-pFedMe(λ2=35.0) | loss=0.1667
  [Client 13] Round 18 | Hier-pFedMe(λ2=35.0) | loss=0.0723
  [Client 17] Round 18 | Hier-pFedMe(λ2=35.0) | loss=0.1045
  [Client  7] Round 18 | Hier-pFedMe(λ2=35.0) | loss=0.1057
  [Client 11] Round 18 | Hier-pFedMe(λ2=35.0) | loss=0.1111
  [Client 19] Round 18 | Hier-pFedMe(λ2=35.0) | loss=0.1084
  [Client 18] Round 18 | Hier-pFedMe(λ2=35.0) | loss=0.1038
  [Client 10] Round 18 | Hier-pFedMe(λ2=35.0) | loss=0.1168
  [Client  5] Round 18 | Hier-pFedMe(λ2=35.0) | loss=0.0920
  [Client 14] Round 18 | Hier-pFedMe(λ2=35.0) | loss=0.1122
  [Client  4] Round 18 | Hier-pFedMe(λ2=35.0) | loss=0.1355
  [Client  6] Round 18 | Hier-pFedMe(λ2=35.0) | loss=0.1130
  [Client 12] Round 18 | Hier-pFedMe(λ2=35.0) | loss=0.0900
  [Edge 0] G18 | E5 | loss=0.1101
  [Edge 1] G18 | E1 | Hier-pFedMe | Selected 7/7
  [Client  3] Round 18 | Hier-pFedMe(λ2=35.0) | loss=0.0475
  [Client  2] Round 18 | Hier-pFedMe(λ2=35.0) | loss=0.0641
  [Client 16] Round 18 | Hier-pFedMe(λ2=35.0) | loss=0.0460
  [Client 15] Round 18 | Hier-pFedMe(λ2=35.0) | loss=0.0606
  [Client  9] Round 18 | Hier-pFedMe(λ2=35.0) | loss=0.0584
  [Client  0] Round 18 | Hier-pFedMe(λ2=35.0) | loss=0.0438
  [Client  1] Round 18 | Hier-pFedMe(λ2=35.0) | loss=0.0524
  [Edge 1] G18 | E1 | loss=0.0533
  [Edge 1] G18 | E2 | Hier-pFedMe | Selected 7/7
  [Client  0] Round 18 | Hier-pFedMe(λ2=35.0) | loss=0.0506
  [Client  2] Round 18 | Hier-pFedMe(λ2=35.0) | loss=0.0400
  [Client 16] Round 18 | Hier-pFedMe(λ2=35.0) | loss=0.0385
  [Client  3] Round 18 | Hier-pFedMe(λ2=35.0) | loss=0.0476
  [Client  9] Round 18 | Hier-pFedMe(λ2=35.0) | loss=0.0617
  [Client  1] Round 18 | Hier-pFedMe(λ2=35.0) | loss=0.0518
  [Client 15] Round 18 | Hier-pFedMe(λ2=35.0) | loss=0.0523
  [Edge 1] G18 | E2 | loss=0.0489
  [Edge 1] G18 | E3 | Hier-pFedMe | Selected 7/7
  [Client  0] Round 18 | Hier-pFedMe(λ2=35.0) | loss=0.0327
  [Client  1] Round 18 | Hier-pFedMe(λ2=35.0) | loss=0.0438
  [Client  9] Round 18 | Hier-pFedMe(λ2=35.0) | loss=0.0511
  [Client  3] Round 18 | Hier-pFedMe(λ2=35.0) | loss=0.0408
  [Client  2] Round 18 | Hier-pFedMe(λ2=35.0) | loss=0.0364
  [Client 16] Round 18 | Hier-pFedMe(λ2=35.0) | loss=0.0399
  [Client 15] Round 18 | Hier-pFedMe(λ2=35.0) | loss=0.0494
  [Edge 1] G18 | E3 | loss=0.0420
  [Edge 1] G18 | E4 | Hier-pFedMe | Selected 7/7
  [Client  9] Round 18 | Hier-pFedMe(λ2=35.0) | loss=0.0391
  [Client  1] Round 18 | Hier-pFedMe(λ2=35.0) | loss=0.0336
  [Client  0] Round 18 | Hier-pFedMe(λ2=35.0) | loss=0.0365
  [Client 16] Round 18 | Hier-pFedMe(λ2=35.0) | loss=0.0402
  [Client  2] Round 18 | Hier-pFedMe(λ2=35.0) | loss=0.0356
  [Client  3] Round 18 | Hier-pFedMe(λ2=35.0) | loss=0.0388
  [Client 15] Round 18 | Hier-pFedMe(λ2=35.0) | loss=0.0382
  [Edge 1] G18 | E4 | loss=0.0374
  [Edge 1] G18 | E5 | Hier-pFedMe | Selected 7/7
  [Client  9] Round 18 | Hier-pFedMe(λ2=35.0) | loss=0.0425
  [Client  0] Round 18 | Hier-pFedMe(λ2=35.0) | loss=0.0368
  [Client  1] Round 18 | Hier-pFedMe(λ2=35.0) | loss=0.0458
  [Client  3] Round 18 | Hier-pFedMe(λ2=35.0) | loss=0.0309
  [Client  2] Round 18 | Hier-pFedMe(λ2=35.0) | loss=0.0419
  [Client 15] Round 18 | Hier-pFedMe(λ2=35.0) | loss=0.0374
  [Client 16] Round 18 | Hier-pFedMe(λ2=35.0) | loss=0.0318
  [Edge 1] G18 | E5 | loss=0.0382
  [Cloud] GM=0.0600 | EM=0.0567 | loss=27.0126 | time=524.3s | comm=4592.1MB (total=82658MB)

[Round  19] Broadcasting to 2 edges...
  [Edge 0] G19 | E1 | Hier-pFedMe | Selected 13/13
  [Client 14] Round 19 | Hier-pFedMe(λ2=35.0) | loss=0.1157
  [Client  7] Round 19 | Hier-pFedMe(λ2=35.0) | loss=0.1276
  [Client 18] Round 19 | Hier-pFedMe(λ2=35.0) | loss=0.1242
  [Client 11] Round 19 | Hier-pFedMe(λ2=35.0) | loss=0.1355
  [Client  8] Round 19 | Hier-pFedMe(λ2=35.0) | loss=0.1530
  [Client 12] Round 19 | Hier-pFedMe(λ2=35.0) | loss=0.1116
  [Client 19] Round 19 | Hier-pFedMe(λ2=35.0) | loss=0.1315
  [Client 13] Round 19 | Hier-pFedMe(λ2=35.0) | loss=0.0818
  [Client  6] Round 19 | Hier-pFedMe(λ2=35.0) | loss=0.1373
  [Client 10] Round 19 | Hier-pFedMe(λ2=35.0) | loss=0.1261
  [Client  5] Round 19 | Hier-pFedMe(λ2=35.0) | loss=0.1168
  [Client 17] Round 19 | Hier-pFedMe(λ2=35.0) | loss=0.1090
  [Client  4] Round 19 | Hier-pFedMe(λ2=35.0) | loss=0.1422
  [Edge 0] G19 | E1 | loss=0.1240
  [Edge 0] G19 | E2 | Hier-pFedMe | Selected 13/13
  [Client  8] Round 19 | Hier-pFedMe(λ2=35.0) | loss=0.1444
  [Client  4] Round 19 | Hier-pFedMe(λ2=35.0) | loss=0.1314
  [Client 14] Round 19 | Hier-pFedMe(λ2=35.0) | loss=0.1148
  [Client 11] Round 19 | Hier-pFedMe(λ2=35.0) | loss=0.1238
  [Client  7] Round 19 | Hier-pFedMe(λ2=35.0) | loss=0.0934
  [Client 19] Round 19 | Hier-pFedMe(λ2=35.0) | loss=0.1083
  [Client  5] Round 19 | Hier-pFedMe(λ2=35.0) | loss=0.1025
  [Client 18] Round 19 | Hier-pFedMe(λ2=35.0) | loss=0.1099
  [Client 12] Round 19 | Hier-pFedMe(λ2=35.0) | loss=0.1016
  [Client  6] Round 19 | Hier-pFedMe(λ2=35.0) | loss=0.1251
  [Client 13] Round 19 | Hier-pFedMe(λ2=35.0) | loss=0.0762
  [Client 10] Round 19 | Hier-pFedMe(λ2=35.0) | loss=0.1192
  [Client 17] Round 19 | Hier-pFedMe(λ2=35.0) | loss=0.0978
  [Edge 0] G19 | E2 | loss=0.1114
  [Edge 0] G19 | E3 | Hier-pFedMe | Selected 13/13
  [Client 18] Round 19 | Hier-pFedMe(λ2=35.0) | loss=0.1163
  [Client 13] Round 19 | Hier-pFedMe(λ2=35.0) | loss=0.0721
  [Client  5] Round 19 | Hier-pFedMe(λ2=35.0) | loss=0.0837
  [Client 17] Round 19 | Hier-pFedMe(λ2=35.0) | loss=0.1008
  [Client  8] Round 19 | Hier-pFedMe(λ2=35.0) | loss=0.1447
  [Client 14] Round 19 | Hier-pFedMe(λ2=35.0) | loss=0.1022
  [Client  7] Round 19 | Hier-pFedMe(λ2=35.0) | loss=0.1094
  [Client 10] Round 19 | Hier-pFedMe(λ2=35.0) | loss=0.1307
  [Client  4] Round 19 | Hier-pFedMe(λ2=35.0) | loss=0.1287
  [Client 11] Round 19 | Hier-pFedMe(λ2=35.0) | loss=0.1230
  [Client 12] Round 19 | Hier-pFedMe(λ2=35.0) | loss=0.0997
  [Client  6] Round 19 | Hier-pFedMe(λ2=35.0) | loss=0.1169
  [Client 19] Round 19 | Hier-pFedMe(λ2=35.0) | loss=0.1091
  [Edge 0] G19 | E3 | loss=0.1106
  [Edge 0] G19 | E4 | Hier-pFedMe | Selected 13/13
  [Client  8] Round 19 | Hier-pFedMe(λ2=35.0) | loss=0.1470
  [Client  7] Round 19 | Hier-pFedMe(λ2=35.0) | loss=0.0938
  [Client 14] Round 19 | Hier-pFedMe(λ2=35.0) | loss=0.1002
  [Client 10] Round 19 | Hier-pFedMe(λ2=35.0) | loss=0.1016
  [Client  6] Round 19 | Hier-pFedMe(λ2=35.0) | loss=0.1077
  [Client 11] Round 19 | Hier-pFedMe(λ2=35.0) | loss=0.1069
  [Client 13] Round 19 | Hier-pFedMe(λ2=35.0) | loss=0.0636
  [Client  4] Round 19 | Hier-pFedMe(λ2=35.0) | loss=0.1238
  [Client 12] Round 19 | Hier-pFedMe(λ2=35.0) | loss=0.0977
  [Client 18] Round 19 | Hier-pFedMe(λ2=35.0) | loss=0.1029
  [Client 19] Round 19 | Hier-pFedMe(λ2=35.0) | loss=0.0967
  [Client 17] Round 19 | Hier-pFedMe(λ2=35.0) | loss=0.0846
  [Client  5] Round 19 | Hier-pFedMe(λ2=35.0) | loss=0.1018
  [Edge 0] G19 | E4 | loss=0.1022
  [Edge 0] G19 | E5 | Hier-pFedMe | Selected 13/13
  [Client 12] Round 19 | Hier-pFedMe(λ2=35.0) | loss=0.0910
  [Client 19] Round 19 | Hier-pFedMe(λ2=35.0) | loss=0.0931
  [Client  4] Round 19 | Hier-pFedMe(λ2=35.0) | loss=0.1240
  [Client 10] Round 19 | Hier-pFedMe(λ2=35.0) | loss=0.1129
  [Client  6] Round 19 | Hier-pFedMe(λ2=35.0) | loss=0.1102
  [Client 14] Round 19 | Hier-pFedMe(λ2=35.0) | loss=0.0939
  [Client  5] Round 19 | Hier-pFedMe(λ2=35.0) | loss=0.0941  [Client 11] Round 19 | Hier-pFedMe(λ2=35.0) | loss=0.0976

  [Client 13] Round 19 | Hier-pFedMe(λ2=35.0) | loss=0.0584
  [Client 18] Round 19 | Hier-pFedMe(λ2=35.0) | loss=0.1012
  [Client  8] Round 19 | Hier-pFedMe(λ2=35.0) | loss=0.1373
  [Client 17] Round 19 | Hier-pFedMe(λ2=35.0) | loss=0.0843
  [Client  7] Round 19 | Hier-pFedMe(λ2=35.0) | loss=0.0961
  [Edge 0] G19 | E5 | loss=0.0996
  [Edge 1] G19 | E1 | Hier-pFedMe | Selected 7/7
  [Client  9] Round 19 | Hier-pFedMe(λ2=35.0) | loss=0.0538
  [Client  2] Round 19 | Hier-pFedMe(λ2=35.0) | loss=0.0456
  [Client  3] Round 19 | Hier-pFedMe(λ2=35.0) | loss=0.0530
  [Client 16] Round 19 | Hier-pFedMe(λ2=35.0) | loss=0.0350
  [Client  0] Round 19 | Hier-pFedMe(λ2=35.0) | loss=0.0410
  [Client 15] Round 19 | Hier-pFedMe(λ2=35.0) | loss=0.0591
  [Client  1] Round 19 | Hier-pFedMe(λ2=35.0) | loss=0.0559
  [Edge 1] G19 | E1 | loss=0.0491
  [Edge 1] G19 | E2 | Hier-pFedMe | Selected 7/7
  [Client  0] Round 19 | Hier-pFedMe(λ2=35.0) | loss=0.0387
  [Client  1] Round 19 | Hier-pFedMe(λ2=35.0) | loss=0.0407
  [Client  3] Round 19 | Hier-pFedMe(λ2=35.0) | loss=0.0446
  [Client 15] Round 19 | Hier-pFedMe(λ2=35.0) | loss=0.0550
  [Client  9] Round 19 | Hier-pFedMe(λ2=35.0) | loss=0.0494
  [Client  2] Round 19 | Hier-pFedMe(λ2=35.0) | loss=0.0488
  [Client 16] Round 19 | Hier-pFedMe(λ2=35.0) | loss=0.0229
  [Edge 1] G19 | E2 | loss=0.0429
  [Edge 1] G19 | E3 | Hier-pFedMe | Selected 7/7
  [Client  9] Round 19 | Hier-pFedMe(λ2=35.0) | loss=0.0378
  [Client  1] Round 19 | Hier-pFedMe(λ2=35.0) | loss=0.0366
  [Client 16] Round 19 | Hier-pFedMe(λ2=35.0) | loss=0.0311
  [Client 15] Round 19 | Hier-pFedMe(λ2=35.0) | loss=0.0475
  [Client  3] Round 19 | Hier-pFedMe(λ2=35.0) | loss=0.0392
  [Client  0] Round 19 | Hier-pFedMe(λ2=35.0) | loss=0.0269
  [Client  2] Round 19 | Hier-pFedMe(λ2=35.0) | loss=0.0461
  [Edge 1] G19 | E3 | loss=0.0379
  [Edge 1] G19 | E4 | Hier-pFedMe | Selected 7/7
  [Client  0] Round 19 | Hier-pFedMe(λ2=35.0) | loss=0.0395
  [Client  2] Round 19 | Hier-pFedMe(λ2=35.0) | loss=0.0353
  [Client  9] Round 19 | Hier-pFedMe(λ2=35.0) | loss=0.0425
  [Client  1] Round 19 | Hier-pFedMe(λ2=35.0) | loss=0.0458
  [Client  3] Round 19 | Hier-pFedMe(λ2=35.0) | loss=0.0306
  [Client 16] Round 19 | Hier-pFedMe(λ2=35.0) | loss=0.0252
  [Client 15] Round 19 | Hier-pFedMe(λ2=35.0) | loss=0.0283
  [Edge 1] G19 | E4 | loss=0.0353
  [Edge 1] G19 | E5 | Hier-pFedMe | Selected 7/7
  [Client  9] Round 19 | Hier-pFedMe(λ2=35.0) | loss=0.0412
  [Client  1] Round 19 | Hier-pFedMe(λ2=35.0) | loss=0.0396
  [Client  3] Round 19 | Hier-pFedMe(λ2=35.0) | loss=0.0361
  [Client 15] Round 19 | Hier-pFedMe(λ2=35.0) | loss=0.0349
  [Client  2] Round 19 | Hier-pFedMe(λ2=35.0) | loss=0.0313
  [Client  0] Round 19 | Hier-pFedMe(λ2=35.0) | loss=0.0302
  [Client 16] Round 19 | Hier-pFedMe(λ2=35.0) | loss=0.0274
  [Edge 1] G19 | E5 | loss=0.0344
  [Cloud] GM=0.0536 | EM=0.0508 | loss=29.8472 | time=523.7s | comm=4592.1MB (total=87250MB)

[Round  20] Broadcasting to 2 edges...
  [Edge 0] G20 | E1 | Hier-pFedMe | Selected 13/13
  [Client 13] Round 20 | Hier-pFedMe(λ2=35.0) | loss=0.0753
  [Client  6] Round 20 | Hier-pFedMe(λ2=35.0) | loss=0.1239
  [Client 10] Round 20 | Hier-pFedMe(λ2=35.0) | loss=0.1344
  [Client  5] Round 20 | Hier-pFedMe(λ2=35.0) | loss=0.1006
  [Client 18] Round 20 | Hier-pFedMe(λ2=35.0) | loss=0.1159
  [Client 12] Round 20 | Hier-pFedMe(λ2=35.0) | loss=0.0973
  [Client 19] Round 20 | Hier-pFedMe(λ2=35.0) | loss=0.1122
  [Client 14] Round 20 | Hier-pFedMe(λ2=35.0) | loss=0.1137
  [Client 11] Round 20 | Hier-pFedMe(λ2=35.0) | loss=0.1254
  [Client 17] Round 20 | Hier-pFedMe(λ2=35.0) | loss=0.0970
  [Client  8] Round 20 | Hier-pFedMe(λ2=35.0) | loss=0.1509
  [Client  7] Round 20 | Hier-pFedMe(λ2=35.0) | loss=0.1106
  [Client  4] Round 20 | Hier-pFedMe(λ2=35.0) | loss=0.1352
  [Edge 0] G20 | E1 | loss=0.1148
  [Edge 0] G20 | E2 | Hier-pFedMe | Selected 13/13
  [Client  8] Round 20 | Hier-pFedMe(λ2=35.0) | loss=0.1370
  [Client 10] Round 20 | Hier-pFedMe(λ2=35.0) | loss=0.1098
  [Client  4] Round 20 | Hier-pFedMe(λ2=35.0) | loss=0.1198
  [Client  7] Round 20 | Hier-pFedMe(λ2=35.0) | loss=0.1006
  [Client 19] Round 20 | Hier-pFedMe(λ2=35.0) | loss=0.0940
  [Client 11] Round 20 | Hier-pFedMe(λ2=35.0) | loss=0.1033
  [Client 18] Round 20 | Hier-pFedMe(λ2=35.0) | loss=0.1109
  [Client  6] Round 20 | Hier-pFedMe(λ2=35.0) | loss=0.1071
  [Client 13] Round 20 | Hier-pFedMe(λ2=35.0) | loss=0.0725
  [Client 12] Round 20 | Hier-pFedMe(λ2=35.0) | loss=0.0911
  [Client 14] Round 20 | Hier-pFedMe(λ2=35.0) | loss=0.0945
  [Client 17] Round 20 | Hier-pFedMe(λ2=35.0) | loss=0.0999
  [Client  5] Round 20 | Hier-pFedMe(λ2=35.0) | loss=0.0963
  [Edge 0] G20 | E2 | loss=0.1028
  [Edge 0] G20 | E3 | Hier-pFedMe | Selected 13/13
  [Client  6] Round 20 | Hier-pFedMe(λ2=35.0) | loss=0.1147
  [Client  8] Round 20 | Hier-pFedMe(λ2=35.0) | loss=0.1399
  [Client 19] Round 20 | Hier-pFedMe(λ2=35.0) | loss=0.0906
  [Client 10] Round 20 | Hier-pFedMe(λ2=35.0) | loss=0.1016
  [Client  5] Round 20 | Hier-pFedMe(λ2=35.0) | loss=0.0852
  [Client  4] Round 20 | Hier-pFedMe(λ2=35.0) | loss=0.1158
  [Client 14] Round 20 | Hier-pFedMe(λ2=35.0) | loss=0.0971
  [Client  7] Round 20 | Hier-pFedMe(λ2=35.0) | loss=0.0902
  [Client 17] Round 20 | Hier-pFedMe(λ2=35.0) | loss=0.0860
  [Client 13] Round 20 | Hier-pFedMe(λ2=35.0) | loss=0.0611
  [Client 11] Round 20 | Hier-pFedMe(λ2=35.0) | loss=0.1077
  [Client 18] Round 20 | Hier-pFedMe(λ2=35.0) | loss=0.1000
  [Client 12] Round 20 | Hier-pFedMe(λ2=35.0) | loss=0.0921
  [Edge 0] G20 | E3 | loss=0.0986
  [Edge 0] G20 | E4 | Hier-pFedMe | Selected 13/13
  [Client  6] Round 20 | Hier-pFedMe(λ2=35.0) | loss=0.1113
  [Client  5] Round 20 | Hier-pFedMe(λ2=35.0) | loss=0.0866
  [Client  7] Round 20 | Hier-pFedMe(λ2=35.0) | loss=0.0994
  [Client 10] Round 20 | Hier-pFedMe(λ2=35.0) | loss=0.1073
  [Client 18] Round 20 | Hier-pFedMe(λ2=35.0) | loss=0.0949
  [Client 12] Round 20 | Hier-pFedMe(λ2=35.0) | loss=0.0849
  [Client  8] Round 20 | Hier-pFedMe(λ2=35.0) | loss=0.1236
  [Client 13] Round 20 | Hier-pFedMe(λ2=35.0) | loss=0.0644
  [Client 11] Round 20 | Hier-pFedMe(λ2=35.0) | loss=0.0980
  [Client 14] Round 20 | Hier-pFedMe(λ2=35.0) | loss=0.0878
  [Client  4] Round 20 | Hier-pFedMe(λ2=35.0) | loss=0.1299
  [Client 17] Round 20 | Hier-pFedMe(λ2=35.0) | loss=0.0946
  [Client 19] Round 20 | Hier-pFedMe(λ2=35.0) | loss=0.0881
  [Edge 0] G20 | E4 | loss=0.0978
  [Edge 0] G20 | E5 | Hier-pFedMe | Selected 13/13
  [Client 12] Round 20 | Hier-pFedMe(λ2=35.0) | loss=0.0850
  [Client 11] Round 20 | Hier-pFedMe(λ2=35.0) | loss=0.0823
  [Client 19] Round 20 | Hier-pFedMe(λ2=35.0) | loss=0.0995
  [Client  8] Round 20 | Hier-pFedMe(λ2=35.0) | loss=0.1153
  [Client 18] Round 20 | Hier-pFedMe(λ2=35.0) | loss=0.0944
  [Client 10] Round 20 | Hier-pFedMe(λ2=35.0) | loss=0.1009
  [Client  6] Round 20 | Hier-pFedMe(λ2=35.0) | loss=0.0887
  [Client  4] Round 20 | Hier-pFedMe(λ2=35.0) | loss=0.1112
  [Client 13] Round 20 | Hier-pFedMe(λ2=35.0) | loss=0.0659
  [Client  5] Round 20 | Hier-pFedMe(λ2=35.0) | loss=0.0782
  [Client 14] Round 20 | Hier-pFedMe(λ2=35.0) | loss=0.1007
  [Client 17] Round 20 | Hier-pFedMe(λ2=35.0) | loss=0.0786
  [Client  7] Round 20 | Hier-pFedMe(λ2=35.0) | loss=0.0996
  [Edge 0] G20 | E5 | loss=0.0923
  [Edge 1] G20 | E1 | Hier-pFedMe | Selected 7/7
  [Client 16] Round 20 | Hier-pFedMe(λ2=35.0) | loss=0.0299
  [Client  2] Round 20 | Hier-pFedMe(λ2=35.0) | loss=0.0410
  [Client  1] Round 20 | Hier-pFedMe(λ2=35.0) | loss=0.0573
  [Client  3] Round 20 | Hier-pFedMe(λ2=35.0) | loss=0.0416
  [Client  0] Round 20 | Hier-pFedMe(λ2=35.0) | loss=0.0284
  [Client  9] Round 20 | Hier-pFedMe(λ2=35.0) | loss=0.0428
  [Client 15] Round 20 | Hier-pFedMe(λ2=35.0) | loss=0.0382
  [Edge 1] G20 | E1 | loss=0.0399
  [Edge 1] G20 | E2 | Hier-pFedMe | Selected 7/7
  [Client  0] Round 20 | Hier-pFedMe(λ2=35.0) | loss=0.0385
  [Client  9] Round 20 | Hier-pFedMe(λ2=35.0) | loss=0.0448
  [Client  2] Round 20 | Hier-pFedMe(λ2=35.0) | loss=0.0312
  [Client  3] Round 20 | Hier-pFedMe(λ2=35.0) | loss=0.0392
  [Client 15] Round 20 | Hier-pFedMe(λ2=35.0) | loss=0.0447
  [Client  1] Round 20 | Hier-pFedMe(λ2=35.0) | loss=0.0595
  [Client 16] Round 20 | Hier-pFedMe(λ2=35.0) | loss=0.0393
  [Edge 1] G20 | E2 | loss=0.0425
  [Edge 1] G20 | E3 | Hier-pFedMe | Selected 7/7
  [Client  9] Round 20 | Hier-pFedMe(λ2=35.0) | loss=0.0391
  [Client  1] Round 20 | Hier-pFedMe(λ2=35.0) | loss=0.0461
  [Client  3] Round 20 | Hier-pFedMe(λ2=35.0) | loss=0.0283
  [Client 15] Round 20 | Hier-pFedMe(λ2=35.0) | loss=0.0393
  [Client  2] Round 20 | Hier-pFedMe(λ2=35.0) | loss=0.0390
  [Client  0] Round 20 | Hier-pFedMe(λ2=35.0) | loss=0.0297
  [Client 16] Round 20 | Hier-pFedMe(λ2=35.0) | loss=0.0246
  [Edge 1] G20 | E3 | loss=0.0352
  [Edge 1] G20 | E4 | Hier-pFedMe | Selected 7/7
  [Client  1] Round 20 | Hier-pFedMe(λ2=35.0) | loss=0.0381
  [Client  2] Round 20 | Hier-pFedMe(λ2=35.0) | loss=0.0356
  [Client 16] Round 20 | Hier-pFedMe(λ2=35.0) | loss=0.0305
  [Client  3] Round 20 | Hier-pFedMe(λ2=35.0) | loss=0.0393
  [Client  9] Round 20 | Hier-pFedMe(λ2=35.0) | loss=0.0361
  [Client  0] Round 20 | Hier-pFedMe(λ2=35.0) | loss=0.0249
  [Client 15] Round 20 | Hier-pFedMe(λ2=35.0) | loss=0.0259
  [Edge 1] G20 | E4 | loss=0.0329
  [Edge 1] G20 | E5 | Hier-pFedMe | Selected 7/7
  [Client  9] Round 20 | Hier-pFedMe(λ2=35.0) | loss=0.0379
  [Client  2] Round 20 | Hier-pFedMe(λ2=35.0) | loss=0.0316
  [Client 15] Round 20 | Hier-pFedMe(λ2=35.0) | loss=0.0262
  [Client  3] Round 20 | Hier-pFedMe(λ2=35.0) | loss=0.0235
  [Client 16] Round 20 | Hier-pFedMe(λ2=35.0) | loss=0.0194
  [Client  0] Round 20 | Hier-pFedMe(λ2=35.0) | loss=0.0256
  [Client  1] Round 20 | Hier-pFedMe(λ2=35.0) | loss=0.0299
  [Edge 1] G20 | E5 | loss=0.0277
  [Cloud] GM=0.0539 | EM=0.0500 PM=0.8752 | loss=31.4855 | time=538.6s | comm=4592.1MB (total=91842MB)

[Round  21] Broadcasting to 2 edges...
  [Edge 0] G21 | E1 | Hier-pFedMe | Selected 13/13
  [Client 12] Round 21 | Hier-pFedMe(λ2=35.0) | loss=0.0918
  [Client 19] Round 21 | Hier-pFedMe(λ2=35.0) | loss=0.1055
  [Client 11] Round 21 | Hier-pFedMe(λ2=35.0) | loss=0.1097
  [Client  7] Round 21 | Hier-pFedMe(λ2=35.0) | loss=0.1100
  [Client 18] Round 21 | Hier-pFedMe(λ2=35.0) | loss=0.1064
  [Client 13] Round 21 | Hier-pFedMe(λ2=35.0) | loss=0.0700
  [Client  5] Round 21 | Hier-pFedMe(λ2=35.0) | loss=0.1017
  [Client  8] Round 21 | Hier-pFedMe(λ2=35.0) | loss=0.1236
  [Client 17] Round 21 | Hier-pFedMe(λ2=35.0) | loss=0.0979
  [Client  6] Round 21 | Hier-pFedMe(λ2=35.0) | loss=0.1097
  [Client 14] Round 21 | Hier-pFedMe(λ2=35.0) | loss=0.0971
  [Client 10] Round 21 | Hier-pFedMe(λ2=35.0) | loss=0.1230
  [Client  4] Round 21 | Hier-pFedMe(λ2=35.0) | loss=0.1286
  [Edge 0] G21 | E1 | loss=0.1058
  [Edge 0] G21 | E2 | Hier-pFedMe | Selected 13/13
  [Client  8] Round 21 | Hier-pFedMe(λ2=35.0) | loss=0.1319
  [Client 17] Round 21 | Hier-pFedMe(λ2=35.0) | loss=0.0768
  [Client  5] Round 21 | Hier-pFedMe(λ2=35.0) | loss=0.0907
  [Client  7] Round 21 | Hier-pFedMe(λ2=35.0) | loss=0.0966
  [Client  6] Round 21 | Hier-pFedMe(λ2=35.0) | loss=0.1047
  [Client 11] Round 21 | Hier-pFedMe(λ2=35.0) | loss=0.0970
  [Client 13] Round 21 | Hier-pFedMe(λ2=35.0) | loss=0.0645
  [Client  4] Round 21 | Hier-pFedMe(λ2=35.0) | loss=0.1072
  [Client 14] Round 21 | Hier-pFedMe(λ2=35.0) | loss=0.0887
  [Client 19] Round 21 | Hier-pFedMe(λ2=35.0) | loss=0.0885
  [Client 18] Round 21 | Hier-pFedMe(λ2=35.0) | loss=0.0975
  [Client 10] Round 21 | Hier-pFedMe(λ2=35.0) | loss=0.0976
  [Client 12] Round 21 | Hier-pFedMe(λ2=35.0) | loss=0.0856
  [Edge 0] G21 | E2 | loss=0.0944
  [Edge 0] G21 | E3 | Hier-pFedMe | Selected 13/13
  [Client 13] Round 21 | Hier-pFedMe(λ2=35.0) | loss=0.0657
  [Client 17] Round 21 | Hier-pFedMe(λ2=35.0) | loss=0.0889
  [Client 10] Round 21 | Hier-pFedMe(λ2=35.0) | loss=0.0995
  [Client  5] Round 21 | Hier-pFedMe(λ2=35.0) | loss=0.0919
  [Client 12] Round 21 | Hier-pFedMe(λ2=35.0) | loss=0.0764
  [Client 19] Round 21 | Hier-pFedMe(λ2=35.0) | loss=0.1005
  [Client 11] Round 21 | Hier-pFedMe(λ2=35.0) | loss=0.0989
  [Client  7] Round 21 | Hier-pFedMe(λ2=35.0) | loss=0.0854
  [Client  8] Round 21 | Hier-pFedMe(λ2=35.0) | loss=0.1216
  [Client 18] Round 21 | Hier-pFedMe(λ2=35.0) | loss=0.0775
  [Client  6] Round 21 | Hier-pFedMe(λ2=35.0) | loss=0.1050
  [Client  4] Round 21 | Hier-pFedMe(λ2=35.0) | loss=0.1257
  [Client 14] Round 21 | Hier-pFedMe(λ2=35.0) | loss=0.0866
  [Edge 0] G21 | E3 | loss=0.0941
  [Edge 0] G21 | E4 | Hier-pFedMe | Selected 13/13
  [Client 11] Round 21 | Hier-pFedMe(λ2=35.0) | loss=0.1027
  [Client  8] Round 21 | Hier-pFedMe(λ2=35.0) | loss=0.1195
  [Client 13] Round 21 | Hier-pFedMe(λ2=35.0) | loss=0.0570
  [Client 14] Round 21 | Hier-pFedMe(λ2=35.0) | loss=0.0777
  [Client 17] Round 21 | Hier-pFedMe(λ2=35.0) | loss=0.0790
  [Client 19] Round 21 | Hier-pFedMe(λ2=35.0) | loss=0.0820
  [Client 12] Round 21 | Hier-pFedMe(λ2=35.0) | loss=0.0751
  [Client 18] Round 21 | Hier-pFedMe(λ2=35.0) | loss=0.0753
  [Client  5] Round 21 | Hier-pFedMe(λ2=35.0) | loss=0.0755
  [Client  6] Round 21 | Hier-pFedMe(λ2=35.0) | loss=0.0921
  [Client 10] Round 21 | Hier-pFedMe(λ2=35.0) | loss=0.1011
  [Client  4] Round 21 | Hier-pFedMe(λ2=35.0) | loss=0.0996
  [Client  7] Round 21 | Hier-pFedMe(λ2=35.0) | loss=0.0863
  [Edge 0] G21 | E4 | loss=0.0864
  [Edge 0] G21 | E5 | Hier-pFedMe | Selected 13/13
  [Client 12] Round 21 | Hier-pFedMe(λ2=35.0) | loss=0.0781
  [Client 18] Round 21 | Hier-pFedMe(λ2=35.0) | loss=0.0917
  [Client  5] Round 21 | Hier-pFedMe(λ2=35.0) | loss=0.0749
  [Client 10] Round 21 | Hier-pFedMe(λ2=35.0) | loss=0.1046
  [Client 11] Round 21 | Hier-pFedMe(λ2=35.0) | loss=0.0967
  [Client 13] Round 21 | Hier-pFedMe(λ2=35.0) | loss=0.0533
  [Client  6] Round 21 | Hier-pFedMe(λ2=35.0) | loss=0.0931
  [Client  7] Round 21 | Hier-pFedMe(λ2=35.0) | loss=0.0746
  [Client 19] Round 21 | Hier-pFedMe(λ2=35.0) | loss=0.0892
  [Client  8] Round 21 | Hier-pFedMe(λ2=35.0) | loss=0.1021
  [Client 14] Round 21 | Hier-pFedMe(λ2=35.0) | loss=0.0775
  [Client 17] Round 21 | Hier-pFedMe(λ2=35.0) | loss=0.0804
  [Client  4] Round 21 | Hier-pFedMe(λ2=35.0) | loss=0.1156
  [Edge 0] G21 | E5 | loss=0.0871
  [Edge 1] G21 | E1 | Hier-pFedMe | Selected 7/7
  [Client  9] Round 21 | Hier-pFedMe(λ2=35.0) | loss=0.0454
  [Client  2] Round 21 | Hier-pFedMe(λ2=35.0) | loss=0.0371
  [Client  0] Round 21 | Hier-pFedMe(λ2=35.0) | loss=0.0305
  [Client  1] Round 21 | Hier-pFedMe(λ2=35.0) | loss=0.0452
  [Client  3] Round 21 | Hier-pFedMe(λ2=35.0) | loss=0.0361
  [Client 16] Round 21 | Hier-pFedMe(λ2=35.0) | loss=0.0253
  [Client 15] Round 21 | Hier-pFedMe(λ2=35.0) | loss=0.0324
  [Edge 1] G21 | E1 | loss=0.0360
  [Edge 1] G21 | E2 | Hier-pFedMe | Selected 7/7
  [Client  2] Round 21 | Hier-pFedMe(λ2=35.0) | loss=0.0293
  [Client 15] Round 21 | Hier-pFedMe(λ2=35.0) | loss=0.0378
  [Client 16] Round 21 | Hier-pFedMe(λ2=35.0) | loss=0.0274
  [Client  3] Round 21 | Hier-pFedMe(λ2=35.0) | loss=0.0297
  [Client  9] Round 21 | Hier-pFedMe(λ2=35.0) | loss=0.0419
  [Client  0] Round 21 | Hier-pFedMe(λ2=35.0) | loss=0.0304
  [Client  1] Round 21 | Hier-pFedMe(λ2=35.0) | loss=0.0384
  [Edge 1] G21 | E2 | loss=0.0336
  [Edge 1] G21 | E3 | Hier-pFedMe | Selected 7/7
  [Client  2] Round 21 | Hier-pFedMe(λ2=35.0) | loss=0.0458
  [Client  9] Round 21 | Hier-pFedMe(λ2=35.0) | loss=0.0340
  [Client 15] Round 21 | Hier-pFedMe(λ2=35.0) | loss=0.0317
  [Client  3] Round 21 | Hier-pFedMe(λ2=35.0) | loss=0.0283
  [Client  0] Round 21 | Hier-pFedMe(λ2=35.0) | loss=0.0277
  [Client 16] Round 21 | Hier-pFedMe(λ2=35.0) | loss=0.0271
  [Client  1] Round 21 | Hier-pFedMe(λ2=35.0) | loss=0.0359
  [Edge 1] G21 | E3 | loss=0.0329
  [Edge 1] G21 | E4 | Hier-pFedMe | Selected 7/7
  [Client  0] Round 21 | Hier-pFedMe(λ2=35.0) | loss=0.0225
  [Client  9] Round 21 | Hier-pFedMe(λ2=35.0) | loss=0.0387
  [Client 16] Round 21 | Hier-pFedMe(λ2=35.0) | loss=0.0220
  [Client  3] Round 21 | Hier-pFedMe(λ2=35.0) | loss=0.0303
  [Client  1] Round 21 | Hier-pFedMe(λ2=35.0) | loss=0.0357
  [Client 15] Round 21 | Hier-pFedMe(λ2=35.0) | loss=0.0315
  [Client  2] Round 21 | Hier-pFedMe(λ2=35.0) | loss=0.0230
  [Edge 1] G21 | E4 | loss=0.0291
  [Edge 1] G21 | E5 | Hier-pFedMe | Selected 7/7
  [Client  0] Round 21 | Hier-pFedMe(λ2=35.0) | loss=0.0241
  [Client  9] Round 21 | Hier-pFedMe(λ2=35.0) | loss=0.0338
  [Client  1] Round 21 | Hier-pFedMe(λ2=35.0) | loss=0.0312
  [Client  3] Round 21 | Hier-pFedMe(λ2=35.0) | loss=0.0271
  [Client  2] Round 21 | Hier-pFedMe(λ2=35.0) | loss=0.0286
  [Client 15] Round 21 | Hier-pFedMe(λ2=35.0) | loss=0.0264
  [Client 16] Round 21 | Hier-pFedMe(λ2=35.0) | loss=0.0261
  [Edge 1] G21 | E5 | loss=0.0282
  [Cloud] GM=0.0476 | EM=0.0477 | loss=35.6280 | time=520.6s | comm=4592.1MB (total=96435MB)

[Round  22] Broadcasting to 2 edges...
  [Edge 0] G22 | E1 | Hier-pFedMe | Selected 13/13
  [Client 19] Round 22 | Hier-pFedMe(λ2=35.0) | loss=0.1097
  [Client  8] Round 22 | Hier-pFedMe(λ2=35.0) | loss=0.1188
  [Client  6] Round 22 | Hier-pFedMe(λ2=35.0) | loss=0.1165
  [Client  7] Round 22 | Hier-pFedMe(λ2=35.0) | loss=0.1067
  [Client 13] Round 22 | Hier-pFedMe(λ2=35.0) | loss=0.0648
  [Client 12] Round 22 | Hier-pFedMe(λ2=35.0) | loss=0.0766
  [Client 17] Round 22 | Hier-pFedMe(λ2=35.0) | loss=0.0840
  [Client 10] Round 22 | Hier-pFedMe(λ2=35.0) | loss=0.1095
  [Client  5] Round 22 | Hier-pFedMe(λ2=35.0) | loss=0.0842
  [Client 18] Round 22 | Hier-pFedMe(λ2=35.0) | loss=0.0869
  [Client 14] Round 22 | Hier-pFedMe(λ2=35.0) | loss=0.0896
  [Client  4] Round 22 | Hier-pFedMe(λ2=35.0) | loss=0.1161
  [Client 11] Round 22 | Hier-pFedMe(λ2=35.0) | loss=0.1145
  [Edge 0] G22 | E1 | loss=0.0983
  [Edge 0] G22 | E2 | Hier-pFedMe | Selected 13/13
  [Client 11] Round 22 | Hier-pFedMe(λ2=35.0) | loss=0.0869
  [Client 13] Round 22 | Hier-pFedMe(λ2=35.0) | loss=0.0593
  [Client 10] Round 22 | Hier-pFedMe(λ2=35.0) | loss=0.1050
  [Client  5] Round 22 | Hier-pFedMe(λ2=35.0) | loss=0.0873
  [Client 12] Round 22 | Hier-pFedMe(λ2=35.0) | loss=0.0781
  [Client  8] Round 22 | Hier-pFedMe(λ2=35.0) | loss=0.1081
  [Client 14] Round 22 | Hier-pFedMe(λ2=35.0) | loss=0.0757
  [Client  7] Round 22 | Hier-pFedMe(λ2=35.0) | loss=0.0759
  [Client 19] Round 22 | Hier-pFedMe(λ2=35.0) | loss=0.0841
  [Client 17] Round 22 | Hier-pFedMe(λ2=35.0) | loss=0.0948
  [Client  6] Round 22 | Hier-pFedMe(λ2=35.0) | loss=0.0859
  [Client  4] Round 22 | Hier-pFedMe(λ2=35.0) | loss=0.1040
  [Client 18] Round 22 | Hier-pFedMe(λ2=35.0) | loss=0.0995
  [Edge 0] G22 | E2 | loss=0.0880
  [Edge 0] G22 | E3 | Hier-pFedMe | Selected 13/13
  [Client 19] Round 22 | Hier-pFedMe(λ2=35.0) | loss=0.0825
  [Client  8] Round 22 | Hier-pFedMe(λ2=35.0) | loss=0.1067
  [Client 17] Round 22 | Hier-pFedMe(λ2=35.0) | loss=0.0687
  [Client  4] Round 22 | Hier-pFedMe(λ2=35.0) | loss=0.1217
  [Client 11] Round 22 | Hier-pFedMe(λ2=35.0) | loss=0.0856
  [Client  7] Round 22 | Hier-pFedMe(λ2=35.0) | loss=0.0794
  [Client  5] Round 22 | Hier-pFedMe(λ2=35.0) | loss=0.0725
  [Client 10] Round 22 | Hier-pFedMe(λ2=35.0) | loss=0.0814
  [Client 14] Round 22 | Hier-pFedMe(λ2=35.0) | loss=0.0910
  [Client 13] Round 22 | Hier-pFedMe(λ2=35.0) | loss=0.0612
  [Client 18] Round 22 | Hier-pFedMe(λ2=35.0) | loss=0.0866
  [Client  6] Round 22 | Hier-pFedMe(λ2=35.0) | loss=0.0979
  [Client 12] Round 22 | Hier-pFedMe(λ2=35.0) | loss=0.0813
  [Edge 0] G22 | E3 | loss=0.0859
  [Edge 0] G22 | E4 | Hier-pFedMe | Selected 13/13
  [Client  6] Round 22 | Hier-pFedMe(λ2=35.0) | loss=0.0883
  [Client  8] Round 22 | Hier-pFedMe(λ2=35.0) | loss=0.1027
  [Client  5] Round 22 | Hier-pFedMe(λ2=35.0) | loss=0.0765
  [Client  7] Round 22 | Hier-pFedMe(λ2=35.0) | loss=0.0821
  [Client 12] Round 22 | Hier-pFedMe(λ2=35.0) | loss=0.0705
  [Client 13] Round 22 | Hier-pFedMe(λ2=35.0) | loss=0.0484
  [Client 14] Round 22 | Hier-pFedMe(λ2=35.0) | loss=0.0848
  [Client 10] Round 22 | Hier-pFedMe(λ2=35.0) | loss=0.0996
  [Client 19] Round 22 | Hier-pFedMe(λ2=35.0) | loss=0.0824
  [Client 18] Round 22 | Hier-pFedMe(λ2=35.0) | loss=0.0734
  [Client 11] Round 22 | Hier-pFedMe(λ2=35.0) | loss=0.0829
  [Client 17] Round 22 | Hier-pFedMe(λ2=35.0) | loss=0.0723
  [Client  4] Round 22 | Hier-pFedMe(λ2=35.0) | loss=0.1090
  [Edge 0] G22 | E4 | loss=0.0825
  [Edge 0] G22 | E5 | Hier-pFedMe | Selected 13/13
  [Client 18] Round 22 | Hier-pFedMe(λ2=35.0) | loss=0.0771
  [Client 19] Round 22 | Hier-pFedMe(λ2=35.0) | loss=0.0825
  [Client 17] Round 22 | Hier-pFedMe(λ2=35.0) | loss=0.0628
  [Client 10] Round 22 | Hier-pFedMe(λ2=35.0) | loss=0.0866
  [Client 12] Round 22 | Hier-pFedMe(λ2=35.0) | loss=0.0840
  [Client 11] Round 22 | Hier-pFedMe(λ2=35.0) | loss=0.0801
  [Client 14] Round 22 | Hier-pFedMe(λ2=35.0) | loss=0.0704
  [Client  4] Round 22 | Hier-pFedMe(λ2=35.0) | loss=0.0960
  [Client 13] Round 22 | Hier-pFedMe(λ2=35.0) | loss=0.0494
  [Client  7] Round 22 | Hier-pFedMe(λ2=35.0) | loss=0.0759
  [Client  5] Round 22 | Hier-pFedMe(λ2=35.0) | loss=0.0828
  [Client  6] Round 22 | Hier-pFedMe(λ2=35.0) | loss=0.0809
  [Client  8] Round 22 | Hier-pFedMe(λ2=35.0) | loss=0.0952
  [Edge 0] G22 | E5 | loss=0.0788
  [Edge 1] G22 | E1 | Hier-pFedMe | Selected 7/7
  [Client  1] Round 22 | Hier-pFedMe(λ2=35.0) | loss=0.0291
  [Client  0] Round 22 | Hier-pFedMe(λ2=35.0) | loss=0.0364
  [Client  2] Round 22 | Hier-pFedMe(λ2=35.0) | loss=0.0437
  [Client  3] Round 22 | Hier-pFedMe(λ2=35.0) | loss=0.0337
  [Client  9] Round 22 | Hier-pFedMe(λ2=35.0) | loss=0.0385
  [Client 16] Round 22 | Hier-pFedMe(λ2=35.0) | loss=0.0297
  [Client 15] Round 22 | Hier-pFedMe(λ2=35.0) | loss=0.0352
  [Edge 1] G22 | E1 | loss=0.0352
  [Edge 1] G22 | E2 | Hier-pFedMe | Selected 7/7
  [Client 16] Round 22 | Hier-pFedMe(λ2=35.0) | loss=0.0379
  [Client  2] Round 22 | Hier-pFedMe(λ2=35.0) | loss=0.0309
  [Client 15] Round 22 | Hier-pFedMe(λ2=35.0) | loss=0.0333
  [Client  3] Round 22 | Hier-pFedMe(λ2=35.0) | loss=0.0400
  [Client  0] Round 22 | Hier-pFedMe(λ2=35.0) | loss=0.0245
  [Client  1] Round 22 | Hier-pFedMe(λ2=35.0) | loss=0.0291
  [Client  9] Round 22 | Hier-pFedMe(λ2=35.0) | loss=0.0334
  [Edge 1] G22 | E2 | loss=0.0327
  [Edge 1] G22 | E3 | Hier-pFedMe | Selected 7/7
  [Client  9] Round 22 | Hier-pFedMe(λ2=35.0) | loss=0.0279
  [Client  1] Round 22 | Hier-pFedMe(λ2=35.0) | loss=0.0306
  [Client  2] Round 22 | Hier-pFedMe(λ2=35.0) | loss=0.0297
  [Client  3] Round 22 | Hier-pFedMe(λ2=35.0) | loss=0.0279
  [Client  0] Round 22 | Hier-pFedMe(λ2=35.0) | loss=0.0305
  [Client 15] Round 22 | Hier-pFedMe(λ2=35.0) | loss=0.0267
  [Client 16] Round 22 | Hier-pFedMe(λ2=35.0) | loss=0.0245
  [Edge 1] G22 | E3 | loss=0.0282
  [Edge 1] G22 | E4 | Hier-pFedMe | Selected 7/7
  [Client  1] Round 22 | Hier-pFedMe(λ2=35.0) | loss=0.0273
  [Client  9] Round 22 | Hier-pFedMe(λ2=35.0) | loss=0.0311
  [Client  2] Round 22 | Hier-pFedMe(λ2=35.0) | loss=0.0295
  [Client  3] Round 22 | Hier-pFedMe(λ2=35.0) | loss=0.0258
  [Client 15] Round 22 | Hier-pFedMe(λ2=35.0) | loss=0.0324
  [Client  0] Round 22 | Hier-pFedMe(λ2=35.0) | loss=0.0276
  [Client 16] Round 22 | Hier-pFedMe(λ2=35.0) | loss=0.0201
  [Edge 1] G22 | E4 | loss=0.0277
  [Edge 1] G22 | E5 | Hier-pFedMe | Selected 7/7
  [Client  2] Round 22 | Hier-pFedMe(λ2=35.0) | loss=0.0263
  [Client  1] Round 22 | Hier-pFedMe(λ2=35.0) | loss=0.0373
  [Client  0] Round 22 | Hier-pFedMe(λ2=35.0) | loss=0.0201
  [Client 16] Round 22 | Hier-pFedMe(λ2=35.0) | loss=0.0234
  [Client  9] Round 22 | Hier-pFedMe(λ2=35.0) | loss=0.0322
  [Client 15] Round 22 | Hier-pFedMe(λ2=35.0) | loss=0.0235
  [Client  3] Round 22 | Hier-pFedMe(λ2=35.0) | loss=0.0263
  [Edge 1] G22 | E5 | loss=0.0270
  [Cloud] GM=0.0499 | EM=0.0469 | loss=32.7717 | time=523.0s | comm=4592.1MB (total=101027MB)

[Round  23] Broadcasting to 2 edges...
  [Edge 0] G23 | E1 | Hier-pFedMe | Selected 13/13
  [Client 18] Round 23 | Hier-pFedMe(λ2=35.0) | loss=0.0767
  [Client 19] Round 23 | Hier-pFedMe(λ2=35.0) | loss=0.0944
  [Client  6] Round 23 | Hier-pFedMe(λ2=35.0) | loss=0.0924
  [Client  5] Round 23 | Hier-pFedMe(λ2=35.0) | loss=0.0824
  [Client 11] Round 23 | Hier-pFedMe(λ2=35.0) | loss=0.0762
  [Client  8] Round 23 | Hier-pFedMe(λ2=35.0) | loss=0.1098
  [Client 13] Round 23 | Hier-pFedMe(λ2=35.0) | loss=0.0557
  [Client  7] Round 23 | Hier-pFedMe(λ2=35.0) | loss=0.0861
  [Client 12] Round 23 | Hier-pFedMe(λ2=35.0) | loss=0.0721
  [Client 17] Round 23 | Hier-pFedMe(λ2=35.0) | loss=0.0817
  [Client 14] Round 23 | Hier-pFedMe(λ2=35.0) | loss=0.0815
  [Client  4] Round 23 | Hier-pFedMe(λ2=35.0) | loss=0.1141
  [Client 10] Round 23 | Hier-pFedMe(λ2=35.0) | loss=0.1065
  [Edge 0] G23 | E1 | loss=0.0869
  [Edge 0] G23 | E2 | Hier-pFedMe | Selected 13/13
  [Client 18] Round 23 | Hier-pFedMe(λ2=35.0) | loss=0.0787
  [Client 13] Round 23 | Hier-pFedMe(λ2=35.0) | loss=0.0437
  [Client 19] Round 23 | Hier-pFedMe(λ2=35.0) | loss=0.0718
  [Client  4] Round 23 | Hier-pFedMe(λ2=35.0) | loss=0.0951
  [Client  8] Round 23 | Hier-pFedMe(λ2=35.0) | loss=0.0984
  [Client 11] Round 23 | Hier-pFedMe(λ2=35.0) | loss=0.1014
  [Client 10] Round 23 | Hier-pFedMe(λ2=35.0) | loss=0.0847
  [Client  5] Round 23 | Hier-pFedMe(λ2=35.0) | loss=0.0754
  [Client 12] Round 23 | Hier-pFedMe(λ2=35.0) | loss=0.0666
  [Client 17] Round 23 | Hier-pFedMe(λ2=35.0) | loss=0.0682
  [Client  7] Round 23 | Hier-pFedMe(λ2=35.0) | loss=0.0795
  [Client  6] Round 23 | Hier-pFedMe(λ2=35.0) | loss=0.0886
  [Client 14] Round 23 | Hier-pFedMe(λ2=35.0) | loss=0.0772
  [Edge 0] G23 | E2 | loss=0.0792
  [Edge 0] G23 | E3 | Hier-pFedMe | Selected 13/13
  [Client 12] Round 23 | Hier-pFedMe(λ2=35.0) | loss=0.0664
  [Client 18] Round 23 | Hier-pFedMe(λ2=35.0) | loss=0.0758
  [Client  4] Round 23 | Hier-pFedMe(λ2=35.0) | loss=0.0802
  [Client 14] Round 23 | Hier-pFedMe(λ2=35.0) | loss=0.0810
  [Client 19] Round 23 | Hier-pFedMe(λ2=35.0) | loss=0.0956
  [Client 11] Round 23 | Hier-pFedMe(λ2=35.0) | loss=0.0771
  [Client  7] Round 23 | Hier-pFedMe(λ2=35.0) | loss=0.0642
  [Client 10] Round 23 | Hier-pFedMe(λ2=35.0) | loss=0.1026
  [Client 13] Round 23 | Hier-pFedMe(λ2=35.0) | loss=0.0462
  [Client  6] Round 23 | Hier-pFedMe(λ2=35.0) | loss=0.0908
  [Client  5] Round 23 | Hier-pFedMe(λ2=35.0) | loss=0.0733
  [Client 17] Round 23 | Hier-pFedMe(λ2=35.0) | loss=0.0729
  [Client  8] Round 23 | Hier-pFedMe(λ2=35.0) | loss=0.0995
  [Edge 0] G23 | E3 | loss=0.0789
  [Edge 0] G23 | E4 | Hier-pFedMe | Selected 13/13
  [Client  8] Round 23 | Hier-pFedMe(λ2=35.0) | loss=0.0948
  [Client 19] Round 23 | Hier-pFedMe(λ2=35.0) | loss=0.0715
  [Client 11] Round 23 | Hier-pFedMe(λ2=35.0) | loss=0.0625
  [Client  4] Round 23 | Hier-pFedMe(λ2=35.0) | loss=0.0975
  [Client 12] Round 23 | Hier-pFedMe(λ2=35.0) | loss=0.0666
  [Client 13] Round 23 | Hier-pFedMe(λ2=35.0) | loss=0.0526
  [Client 18] Round 23 | Hier-pFedMe(λ2=35.0) | loss=0.0716
  [Client  6] Round 23 | Hier-pFedMe(λ2=35.0) | loss=0.0767
  [Client 10] Round 23 | Hier-pFedMe(λ2=35.0) | loss=0.1032
  [Client  5] Round 23 | Hier-pFedMe(λ2=35.0) | loss=0.0678
  [Client 17] Round 23 | Hier-pFedMe(λ2=35.0) | loss=0.0664
  [Client  7] Round 23 | Hier-pFedMe(λ2=35.0) | loss=0.0800
  [Client 14] Round 23 | Hier-pFedMe(λ2=35.0) | loss=0.0657
  [Edge 0] G23 | E4 | loss=0.0751
  [Edge 0] G23 | E5 | Hier-pFedMe | Selected 13/13
  [Client  6] Round 23 | Hier-pFedMe(λ2=35.0) | loss=0.0762
  [Client 12] Round 23 | Hier-pFedMe(λ2=35.0) | loss=0.0621
  [Client 14] Round 23 | Hier-pFedMe(λ2=35.0) | loss=0.0618
  [Client  4] Round 23 | Hier-pFedMe(λ2=35.0) | loss=0.0984
  [Client 11] Round 23 | Hier-pFedMe(λ2=35.0) | loss=0.0739
  [Client 17] Round 23 | Hier-pFedMe(λ2=35.0) | loss=0.0643
  [Client  7] Round 23 | Hier-pFedMe(λ2=35.0) | loss=0.0737
  [Client  5] Round 23 | Hier-pFedMe(λ2=35.0) | loss=0.0674
  [Client 18] Round 23 | Hier-pFedMe(λ2=35.0) | loss=0.0764
  [Client 19] Round 23 | Hier-pFedMe(λ2=35.0) | loss=0.0713
  [Client  8] Round 23 | Hier-pFedMe(λ2=35.0) | loss=0.1072
  [Client 13] Round 23 | Hier-pFedMe(λ2=35.0) | loss=0.0494
  [Client 10] Round 23 | Hier-pFedMe(λ2=35.0) | loss=0.0830
  [Edge 0] G23 | E5 | loss=0.0742
  [Edge 1] G23 | E1 | Hier-pFedMe | Selected 7/7
  [Client  0] Round 23 | Hier-pFedMe(λ2=35.0) | loss=0.0213
  [Client  1] Round 23 | Hier-pFedMe(λ2=35.0) | loss=0.0368
  [Client  9] Round 23 | Hier-pFedMe(λ2=35.0) | loss=0.0390
  [Client 16] Round 23 | Hier-pFedMe(λ2=35.0) | loss=0.0238
  [Client  3] Round 23 | Hier-pFedMe(λ2=35.0) | loss=0.0249
  [Client  2] Round 23 | Hier-pFedMe(λ2=35.0) | loss=0.0245
  [Client 15] Round 23 | Hier-pFedMe(λ2=35.0) | loss=0.0288
  [Edge 1] G23 | E1 | loss=0.0284
  [Edge 1] G23 | E2 | Hier-pFedMe | Selected 7/7
  [Client  0] Round 23 | Hier-pFedMe(λ2=35.0) | loss=0.0230
  [Client  2] Round 23 | Hier-pFedMe(λ2=35.0) | loss=0.0281
  [Client  3] Round 23 | Hier-pFedMe(λ2=35.0) | loss=0.0264
  [Client 15] Round 23 | Hier-pFedMe(λ2=35.0) | loss=0.0324
  [Client  9] Round 23 | Hier-pFedMe(λ2=35.0) | loss=0.0302
  [Client  1] Round 23 | Hier-pFedMe(λ2=35.0) | loss=0.0246
  [Client 16] Round 23 | Hier-pFedMe(λ2=35.0) | loss=0.0197
  [Edge 1] G23 | E2 | loss=0.0263
  [Edge 1] G23 | E3 | Hier-pFedMe | Selected 7/7
  [Client  0] Round 23 | Hier-pFedMe(λ2=35.0) | loss=0.0248
  [Client  9] Round 23 | Hier-pFedMe(λ2=35.0) | loss=0.0316
  [Client 16] Round 23 | Hier-pFedMe(λ2=35.0) | loss=0.0226
  [Client  3] Round 23 | Hier-pFedMe(λ2=35.0) | loss=0.0245
  [Client 15] Round 23 | Hier-pFedMe(λ2=35.0) | loss=0.0279
  [Client  2] Round 23 | Hier-pFedMe(λ2=35.0) | loss=0.0316
  [Client  1] Round 23 | Hier-pFedMe(λ2=35.0) | loss=0.0399
  [Edge 1] G23 | E3 | loss=0.0290
  [Edge 1] G23 | E4 | Hier-pFedMe | Selected 7/7
  [Client  2] Round 23 | Hier-pFedMe(λ2=35.0) | loss=0.0303
  [Client  1] Round 23 | Hier-pFedMe(λ2=35.0) | loss=0.0245
  [Client 16] Round 23 | Hier-pFedMe(λ2=35.0) | loss=0.0205
  [Client  3] Round 23 | Hier-pFedMe(λ2=35.0) | loss=0.0168
  [Client  0] Round 23 | Hier-pFedMe(λ2=35.0) | loss=0.0254
  [Client  9] Round 23 | Hier-pFedMe(λ2=35.0) | loss=0.0263
  [Client 15] Round 23 | Hier-pFedMe(λ2=35.0) | loss=0.0279
  [Edge 1] G23 | E4 | loss=0.0245
  [Edge 1] G23 | E5 | Hier-pFedMe | Selected 7/7
  [Client  0] Round 23 | Hier-pFedMe(λ2=35.0) | loss=0.0208
  [Client  2] Round 23 | Hier-pFedMe(λ2=35.0) | loss=0.0215
  [Client  9] Round 23 | Hier-pFedMe(λ2=35.0) | loss=0.0315
  [Client 15] Round 23 | Hier-pFedMe(λ2=35.0) | loss=0.0206
  [Client  1] Round 23 | Hier-pFedMe(λ2=35.0) | loss=0.0257
  [Client 16] Round 23 | Hier-pFedMe(λ2=35.0) | loss=0.0221
  [Client  3] Round 23 | Hier-pFedMe(λ2=35.0) | loss=0.0220
  [Edge 1] G23 | E5 | loss=0.0234
  [Cloud] GM=0.0517 | EM=0.0505 | loss=35.6029 | time=524.0s | comm=4592.1MB (total=105619MB)

[Round  24] Broadcasting to 2 edges...
  [Edge 0] G24 | E1 | Hier-pFedMe | Selected 13/13
  [Client  5] Round 24 | Hier-pFedMe(λ2=35.0) | loss=0.0666
  [Client  4] Round 24 | Hier-pFedMe(λ2=35.0) | loss=0.0966
  [Client 19] Round 24 | Hier-pFedMe(λ2=35.0) | loss=0.0786
  [Client 14] Round 24 | Hier-pFedMe(λ2=35.0) | loss=0.0711
  [Client  8] Round 24 | Hier-pFedMe(λ2=35.0) | loss=0.1035
  [Client 12] Round 24 | Hier-pFedMe(λ2=35.0) | loss=0.0666
  [Client 17] Round 24 | Hier-pFedMe(λ2=35.0) | loss=0.0728
  [Client 10] Round 24 | Hier-pFedMe(λ2=35.0) | loss=0.0957
  [Client 18] Round 24 | Hier-pFedMe(λ2=35.0) | loss=0.0732
  [Client  7] Round 24 | Hier-pFedMe(λ2=35.0) | loss=0.0690
  [Client 11] Round 24 | Hier-pFedMe(λ2=35.0) | loss=0.0763
  [Client  6] Round 24 | Hier-pFedMe(λ2=35.0) | loss=0.0937
  [Client 13] Round 24 | Hier-pFedMe(λ2=35.0) | loss=0.0586
  [Edge 0] G24 | E1 | loss=0.0786
  [Edge 0] G24 | E2 | Hier-pFedMe | Selected 13/13
  [Client 18] Round 24 | Hier-pFedMe(λ2=35.0) | loss=0.0744
  [Client 13] Round 24 | Hier-pFedMe(λ2=35.0) | loss=0.0433
  [Client  4] Round 24 | Hier-pFedMe(λ2=35.0) | loss=0.0981
  [Client 17] Round 24 | Hier-pFedMe(λ2=35.0) | loss=0.0684
  [Client 19] Round 24 | Hier-pFedMe(λ2=35.0) | loss=0.0747
  [Client 12] Round 24 | Hier-pFedMe(λ2=35.0) | loss=0.0830
  [Client  8] Round 24 | Hier-pFedMe(λ2=35.0) | loss=0.1051
  [Client  6] Round 24 | Hier-pFedMe(λ2=35.0) | loss=0.0781
  [Client 10] Round 24 | Hier-pFedMe(λ2=35.0) | loss=0.0814
  [Client 11] Round 24 | Hier-pFedMe(λ2=35.0) | loss=0.0809
  [Client  5] Round 24 | Hier-pFedMe(λ2=35.0) | loss=0.0797
  [Client  7] Round 24 | Hier-pFedMe(λ2=35.0) | loss=0.0769
  [Client 14] Round 24 | Hier-pFedMe(λ2=35.0) | loss=0.0692
  [Edge 0] G24 | E2 | loss=0.0779
  [Edge 0] G24 | E3 | Hier-pFedMe | Selected 13/13
  [Client 12] Round 24 | Hier-pFedMe(λ2=35.0) | loss=0.0610
  [Client  6] Round 24 | Hier-pFedMe(λ2=35.0) | loss=0.0785
  [Client 19] Round 24 | Hier-pFedMe(λ2=35.0) | loss=0.0747
  [Client 17] Round 24 | Hier-pFedMe(λ2=35.0) | loss=0.0664
  [Client 13] Round 24 | Hier-pFedMe(λ2=35.0) | loss=0.0457
  [Client  4] Round 24 | Hier-pFedMe(λ2=35.0) | loss=0.0893
  [Client 10] Round 24 | Hier-pFedMe(λ2=35.0) | loss=0.0702
  [Client  5] Round 24 | Hier-pFedMe(λ2=35.0) | loss=0.0625
  [Client 18] Round 24 | Hier-pFedMe(λ2=35.0) | loss=0.0789
  [Client  8] Round 24 | Hier-pFedMe(λ2=35.0) | loss=0.0882
  [Client 14] Round 24 | Hier-pFedMe(λ2=35.0) | loss=0.0620
  [Client  7] Round 24 | Hier-pFedMe(λ2=35.0) | loss=0.0586
  [Client 11] Round 24 | Hier-pFedMe(λ2=35.0) | loss=0.0754
  [Edge 0] G24 | E3 | loss=0.0701
  [Edge 0] G24 | E4 | Hier-pFedMe | Selected 13/13
  [Client 13] Round 24 | Hier-pFedMe(λ2=35.0) | loss=0.0479
  [Client  8] Round 24 | Hier-pFedMe(λ2=35.0) | loss=0.0849
  [Client  7] Round 24 | Hier-pFedMe(λ2=35.0) | loss=0.0615
  [Client  4] Round 24 | Hier-pFedMe(λ2=35.0) | loss=0.0878
  [Client 12] Round 24 | Hier-pFedMe(λ2=35.0) | loss=0.0647
  [Client 10] Round 24 | Hier-pFedMe(λ2=35.0) | loss=0.0735
  [Client 18] Round 24 | Hier-pFedMe(λ2=35.0) | loss=0.0735
  [Client 17] Round 24 | Hier-pFedMe(λ2=35.0) | loss=0.0698
  [Client  5] Round 24 | Hier-pFedMe(λ2=35.0) | loss=0.0693
  [Client 19] Round 24 | Hier-pFedMe(λ2=35.0) | loss=0.0849
  [Client 14] Round 24 | Hier-pFedMe(λ2=35.0) | loss=0.0706
  [Client  6] Round 24 | Hier-pFedMe(λ2=35.0) | loss=0.0797
  [Client 11] Round 24 | Hier-pFedMe(λ2=35.0) | loss=0.0724
  [Edge 0] G24 | E4 | loss=0.0723
  [Edge 0] G24 | E5 | Hier-pFedMe | Selected 13/13
  [Client 19] Round 24 | Hier-pFedMe(λ2=35.0) | loss=0.0756
  [Client  6] Round 24 | Hier-pFedMe(λ2=35.0) | loss=0.0714
  [Client  4] Round 24 | Hier-pFedMe(λ2=35.0) | loss=0.0968
  [Client  7] Round 24 | Hier-pFedMe(λ2=35.0) | loss=0.0646
  [Client 10] Round 24 | Hier-pFedMe(λ2=35.0) | loss=0.0714
  [Client  8] Round 24 | Hier-pFedMe(λ2=35.0) | loss=0.0843
  [Client 17] Round 24 | Hier-pFedMe(λ2=35.0) | loss=0.0595
  [Client 14] Round 24 | Hier-pFedMe(λ2=35.0) | loss=0.0571
  [Client 12] Round 24 | Hier-pFedMe(λ2=35.0) | loss=0.0633
  [Client 11] Round 24 | Hier-pFedMe(λ2=35.0) | loss=0.0775
  [Client 18] Round 24 | Hier-pFedMe(λ2=35.0) | loss=0.0639
  [Client  5] Round 24 | Hier-pFedMe(λ2=35.0) | loss=0.0596
  [Client 13] Round 24 | Hier-pFedMe(λ2=35.0) | loss=0.0398
  [Edge 0] G24 | E5 | loss=0.0681
  [Edge 1] G24 | E1 | Hier-pFedMe | Selected 7/7
  [Client  9] Round 24 | Hier-pFedMe(λ2=35.0) | loss=0.0418
  [Client  2] Round 24 | Hier-pFedMe(λ2=35.0) | loss=0.0292
  [Client 15] Round 24 | Hier-pFedMe(λ2=35.0) | loss=0.0308
  [Client  3] Round 24 | Hier-pFedMe(λ2=35.0) | loss=0.0319
  [Client 16] Round 24 | Hier-pFedMe(λ2=35.0) | loss=0.0201
  [Client  0] Round 24 | Hier-pFedMe(λ2=35.0) | loss=0.0285
  [Client  1] Round 24 | Hier-pFedMe(λ2=35.0) | loss=0.0315
  [Edge 1] G24 | E1 | loss=0.0305
  [Edge 1] G24 | E2 | Hier-pFedMe | Selected 7/7
  [Client  0] Round 24 | Hier-pFedMe(λ2=35.0) | loss=0.0204
  [Client  1] Round 24 | Hier-pFedMe(λ2=35.0) | loss=0.0216
  [Client  9] Round 24 | Hier-pFedMe(λ2=35.0) | loss=0.0340
  [Client 16] Round 24 | Hier-pFedMe(λ2=35.0) | loss=0.0292
  [Client  2] Round 24 | Hier-pFedMe(λ2=35.0) | loss=0.0243
  [Client  3] Round 24 | Hier-pFedMe(λ2=35.0) | loss=0.0299
  [Client 15] Round 24 | Hier-pFedMe(λ2=35.0) | loss=0.0197
  [Edge 1] G24 | E2 | loss=0.0256
  [Edge 1] G24 | E3 | Hier-pFedMe | Selected 7/7
  [Client  0] Round 24 | Hier-pFedMe(λ2=35.0) | loss=0.0226
  [Client  9] Round 24 | Hier-pFedMe(λ2=35.0) | loss=0.0254
  [Client 15] Round 24 | Hier-pFedMe(λ2=35.0) | loss=0.0234
  [Client 16] Round 24 | Hier-pFedMe(λ2=35.0) | loss=0.0201
  [Client  2] Round 24 | Hier-pFedMe(λ2=35.0) | loss=0.0258
  [Client  1] Round 24 | Hier-pFedMe(λ2=35.0) | loss=0.0244
  [Client  3] Round 24 | Hier-pFedMe(λ2=35.0) | loss=0.0216
  [Edge 1] G24 | E3 | loss=0.0233
  [Edge 1] G24 | E4 | Hier-pFedMe | Selected 7/7
  [Client  0] Round 24 | Hier-pFedMe(λ2=35.0) | loss=0.0257
  [Client 16] Round 24 | Hier-pFedMe(λ2=35.0) | loss=0.0235
  [Client  1] Round 24 | Hier-pFedMe(λ2=35.0) | loss=0.0212
  [Client 15] Round 24 | Hier-pFedMe(λ2=35.0) | loss=0.0243
  [Client  2] Round 24 | Hier-pFedMe(λ2=35.0) | loss=0.0242
  [Client  9] Round 24 | Hier-pFedMe(λ2=35.0) | loss=0.0361
  [Client  3] Round 24 | Hier-pFedMe(λ2=35.0) | loss=0.0177
  [Edge 1] G24 | E4 | loss=0.0247
  [Edge 1] G24 | E5 | Hier-pFedMe | Selected 7/7
  [Client  9] Round 24 | Hier-pFedMe(λ2=35.0) | loss=0.0232
  [Client  0] Round 24 | Hier-pFedMe(λ2=35.0) | loss=0.0242
  [Client 15] Round 24 | Hier-pFedMe(λ2=35.0) | loss=0.0281
  [Client  3] Round 24 | Hier-pFedMe(λ2=35.0) | loss=0.0228
  [Client  1] Round 24 | Hier-pFedMe(λ2=35.0) | loss=0.0280
  [Client  2] Round 24 | Hier-pFedMe(λ2=35.0) | loss=0.0353
  [Client 16] Round 24 | Hier-pFedMe(λ2=35.0) | loss=0.0167
  [Edge 1] G24 | E5 | loss=0.0255
  [Cloud] GM=0.0500 | EM=0.0478 | loss=37.0807 | time=520.2s | comm=4592.1MB (total=110211MB)

[Round  25] Broadcasting to 2 edges...
  [Edge 0] G25 | E1 | Hier-pFedMe | Selected 13/13
  [Client 12] Round 25 | Hier-pFedMe(λ2=35.0) | loss=0.0716
  [Client  6] Round 25 | Hier-pFedMe(λ2=35.0) | loss=0.0805
  [Client  4] Round 25 | Hier-pFedMe(λ2=35.0) | loss=0.0819
  [Client  7] Round 25 | Hier-pFedMe(λ2=35.0) | loss=0.0714
  [Client 11] Round 25 | Hier-pFedMe(λ2=35.0) | loss=0.0767
  [Client 13] Round 25 | Hier-pFedMe(λ2=35.0) | loss=0.0524
  [Client 14] Round 25 | Hier-pFedMe(λ2=35.0) | loss=0.0800
  [Client  5] Round 25 | Hier-pFedMe(λ2=35.0) | loss=0.0772
  [Client 18] Round 25 | Hier-pFedMe(λ2=35.0) | loss=0.0744
  [Client  8] Round 25 | Hier-pFedMe(λ2=35.0) | loss=0.0919
  [Client 19] Round 25 | Hier-pFedMe(λ2=35.0) | loss=0.0873
  [Client 10] Round 25 | Hier-pFedMe(λ2=35.0) | loss=0.0879
  [Client 17] Round 25 | Hier-pFedMe(λ2=35.0) | loss=0.0727
  [Edge 0] G25 | E1 | loss=0.0774
  [Edge 0] G25 | E2 | Hier-pFedMe | Selected 13/13
  [Client 18] Round 25 | Hier-pFedMe(λ2=35.0) | loss=0.0686
  [Client 13] Round 25 | Hier-pFedMe(λ2=35.0) | loss=0.0497
  [Client  4] Round 25 | Hier-pFedMe(λ2=35.0) | loss=0.1025
  [Client 14] Round 25 | Hier-pFedMe(λ2=35.0) | loss=0.0611
  [Client  8] Round 25 | Hier-pFedMe(λ2=35.0) | loss=0.0985
  [Client 17] Round 25 | Hier-pFedMe(λ2=35.0) | loss=0.0599
  [Client  5] Round 25 | Hier-pFedMe(λ2=35.0) | loss=0.0585
  [Client 10] Round 25 | Hier-pFedMe(λ2=35.0) | loss=0.0903
  [Client 19] Round 25 | Hier-pFedMe(λ2=35.0) | loss=0.0685
  [Client  6] Round 25 | Hier-pFedMe(λ2=35.0) | loss=0.0687
  [Client 12] Round 25 | Hier-pFedMe(λ2=35.0) | loss=0.0542
  [Client  7] Round 25 | Hier-pFedMe(λ2=35.0) | loss=0.0645
  [Client 11] Round 25 | Hier-pFedMe(λ2=35.0) | loss=0.0841
  [Edge 0] G25 | E2 | loss=0.0715
  [Edge 0] G25 | E3 | Hier-pFedMe | Selected 13/13
  [Client  8] Round 25 | Hier-pFedMe(λ2=35.0) | loss=0.0825
  [Client 13] Round 25 | Hier-pFedMe(λ2=35.0) | loss=0.0405
  [Client 14] Round 25 | Hier-pFedMe(λ2=35.0) | loss=0.0654
  [Client  4] Round 25 | Hier-pFedMe(λ2=35.0) | loss=0.0935
  [Client 12] Round 25 | Hier-pFedMe(λ2=35.0) | loss=0.0513
  [Client 17] Round 25 | Hier-pFedMe(λ2=35.0) | loss=0.0649
  [Client 18] Round 25 | Hier-pFedMe(λ2=35.0) | loss=0.0664
  [Client  6] Round 25 | Hier-pFedMe(λ2=35.0) | loss=0.0652
  [Client 19] Round 25 | Hier-pFedMe(λ2=35.0) | loss=0.0624
  [Client 11] Round 25 | Hier-pFedMe(λ2=35.0) | loss=0.0702
  [Client 10] Round 25 | Hier-pFedMe(λ2=35.0) | loss=0.0665
  [Client  7] Round 25 | Hier-pFedMe(λ2=35.0) | loss=0.0649
  [Client  5] Round 25 | Hier-pFedMe(λ2=35.0) | loss=0.0675
  [Edge 0] G25 | E3 | loss=0.0663
  [Edge 0] G25 | E4 | Hier-pFedMe | Selected 13/13
  [Client 11] Round 25 | Hier-pFedMe(λ2=35.0) | loss=0.0621
  [Client  6] Round 25 | Hier-pFedMe(λ2=35.0) | loss=0.0669
  [Client 13] Round 25 | Hier-pFedMe(λ2=35.0) | loss=0.0445
  [Client  4] Round 25 | Hier-pFedMe(λ2=35.0) | loss=0.0794
  [Client 14] Round 25 | Hier-pFedMe(λ2=35.0) | loss=0.0625
  [Client 19] Round 25 | Hier-pFedMe(λ2=35.0) | loss=0.0567
  [Client 18] Round 25 | Hier-pFedMe(λ2=35.0) | loss=0.0732
  [Client  5] Round 25 | Hier-pFedMe(λ2=35.0) | loss=0.0665
  [Client 12] Round 25 | Hier-pFedMe(λ2=35.0) | loss=0.0458
  [Client  8] Round 25 | Hier-pFedMe(λ2=35.0) | loss=0.0879
  [Client 10] Round 25 | Hier-pFedMe(λ2=35.0) | loss=0.0680
  [Client  7] Round 25 | Hier-pFedMe(λ2=35.0) | loss=0.0617
  [Client 17] Round 25 | Hier-pFedMe(λ2=35.0) | loss=0.0583
  [Edge 0] G25 | E4 | loss=0.0641
  [Edge 0] G25 | E5 | Hier-pFedMe | Selected 13/13
  [Client 19] Round 25 | Hier-pFedMe(λ2=35.0) | loss=0.0713
  [Client 17] Round 25 | Hier-pFedMe(λ2=35.0) | loss=0.0658
  [Client 14] Round 25 | Hier-pFedMe(λ2=35.0) | loss=0.0545
  [Client  7] Round 25 | Hier-pFedMe(λ2=35.0) | loss=0.0602
  [Client 13] Round 25 | Hier-pFedMe(λ2=35.0) | loss=0.0417
  [Client 11] Round 25 | Hier-pFedMe(λ2=35.0) | loss=0.0571
  [Client  8] Round 25 | Hier-pFedMe(λ2=35.0) | loss=0.0713
  [Client  6] Round 25 | Hier-pFedMe(λ2=35.0) | loss=0.0697
  [Client 18] Round 25 | Hier-pFedMe(λ2=35.0) | loss=0.0508
  [Client  5] Round 25 | Hier-pFedMe(λ2=35.0) | loss=0.0607
  [Client 10] Round 25 | Hier-pFedMe(λ2=35.0) | loss=0.0501
  [Client  4] Round 25 | Hier-pFedMe(λ2=35.0) | loss=0.0680
  [Client 12] Round 25 | Hier-pFedMe(λ2=35.0) | loss=0.0525
  [Edge 0] G25 | E5 | loss=0.0595
  [Edge 1] G25 | E1 | Hier-pFedMe | Selected 7/7
  [Client  2] Round 25 | Hier-pFedMe(λ2=35.0) | loss=0.0264
  [Client  9] Round 25 | Hier-pFedMe(λ2=35.0) | loss=0.0355
  [Client 16] Round 25 | Hier-pFedMe(λ2=35.0) | loss=0.0186
  [Client  3] Round 25 | Hier-pFedMe(λ2=35.0) | loss=0.0361
  [Client  0] Round 25 | Hier-pFedMe(λ2=35.0) | loss=0.0243
  [Client  1] Round 25 | Hier-pFedMe(λ2=35.0) | loss=0.0268
  [Client 15] Round 25 | Hier-pFedMe(λ2=35.0) | loss=0.0376
  [Edge 1] G25 | E1 | loss=0.0293
  [Edge 1] G25 | E2 | Hier-pFedMe | Selected 7/7
  [Client  9] Round 25 | Hier-pFedMe(λ2=35.0) | loss=0.0271
  [Client  1] Round 25 | Hier-pFedMe(λ2=35.0) | loss=0.0280
  [Client  0] Round 25 | Hier-pFedMe(λ2=35.0) | loss=0.0254
  [Client  2] Round 25 | Hier-pFedMe(λ2=35.0) | loss=0.0234
  [Client 15] Round 25 | Hier-pFedMe(λ2=35.0) | loss=0.0187
  [Client 16] Round 25 | Hier-pFedMe(λ2=35.0) | loss=0.0198
  [Client  3] Round 25 | Hier-pFedMe(λ2=35.0) | loss=0.0256
  [Edge 1] G25 | E2 | loss=0.0240
  [Edge 1] G25 | E3 | Hier-pFedMe | Selected 7/7
  [Client 16] Round 25 | Hier-pFedMe(λ2=35.0) | loss=0.0209
  [Client  9] Round 25 | Hier-pFedMe(λ2=35.0) | loss=0.0284
  [Client  0] Round 25 | Hier-pFedMe(λ2=35.0) | loss=0.0245
  [Client 15] Round 25 | Hier-pFedMe(λ2=35.0) | loss=0.0302
  [Client  1] Round 25 | Hier-pFedMe(λ2=35.0) | loss=0.0298
  [Client  2] Round 25 | Hier-pFedMe(λ2=35.0) | loss=0.0218
  [Client  3] Round 25 | Hier-pFedMe(λ2=35.0) | loss=0.0132
  [Edge 1] G25 | E3 | loss=0.0241
  [Edge 1] G25 | E4 | Hier-pFedMe | Selected 7/7
  [Client  0] Round 25 | Hier-pFedMe(λ2=35.0) | loss=0.0206
  [Client  2] Round 25 | Hier-pFedMe(λ2=35.0) | loss=0.0235
  [Client 15] Round 25 | Hier-pFedMe(λ2=35.0) | loss=0.0197
  [Client  3] Round 25 | Hier-pFedMe(λ2=35.0) | loss=0.0169
  [Client  1] Round 25 | Hier-pFedMe(λ2=35.0) | loss=0.0298
  [Client  9] Round 25 | Hier-pFedMe(λ2=35.0) | loss=0.0306
  [Client 16] Round 25 | Hier-pFedMe(λ2=35.0) | loss=0.0184
  [Edge 1] G25 | E4 | loss=0.0228
  [Edge 1] G25 | E5 | Hier-pFedMe | Selected 7/7
  [Client  9] Round 25 | Hier-pFedMe(λ2=35.0) | loss=0.0191
  [Client  0] Round 25 | Hier-pFedMe(λ2=35.0) | loss=0.0322
  [Client  1] Round 25 | Hier-pFedMe(λ2=35.0) | loss=0.0248
  [Client  2] Round 25 | Hier-pFedMe(λ2=35.0) | loss=0.0174
  [Client 16] Round 25 | Hier-pFedMe(λ2=35.0) | loss=0.0190
  [Client  3] Round 25 | Hier-pFedMe(λ2=35.0) | loss=0.0224
  [Client 15] Round 25 | Hier-pFedMe(λ2=35.0) | loss=0.0200
  [Edge 1] G25 | E5 | loss=0.0221
  [Cloud] GM=0.0501 | EM=0.0470 | loss=36.2990 | time=523.2s | comm=4592.1MB (total=114803MB)

[Round  26] Broadcasting to 2 edges...
  [Edge 0] G26 | E1 | Hier-pFedMe | Selected 13/13
  [Client  8] Round 26 | Hier-pFedMe(λ2=35.0) | loss=0.0904
  [Client 10] Round 26 | Hier-pFedMe(λ2=35.0) | loss=0.0721
  [Client 18] Round 26 | Hier-pFedMe(λ2=35.0) | loss=0.0691
  [Client 13] Round 26 | Hier-pFedMe(λ2=35.0) | loss=0.0449
  [Client 17] Round 26 | Hier-pFedMe(λ2=35.0) | loss=0.0593
  [Client  5] Round 26 | Hier-pFedMe(λ2=35.0) | loss=0.0741
  [Client 14] Round 26 | Hier-pFedMe(λ2=35.0) | loss=0.0560
  [Client  6] Round 26 | Hier-pFedMe(λ2=35.0) | loss=0.0826
  [Client 19] Round 26 | Hier-pFedMe(λ2=35.0) | loss=0.0676
  [Client 12] Round 26 | Hier-pFedMe(λ2=35.0) | loss=0.0552
  [Client  4] Round 26 | Hier-pFedMe(λ2=35.0) | loss=0.0926
  [Client  7] Round 26 | Hier-pFedMe(λ2=35.0) | loss=0.0795
  [Client 11] Round 26 | Hier-pFedMe(λ2=35.0) | loss=0.0760
  [Edge 0] G26 | E1 | loss=0.0707
  [Edge 0] G26 | E2 | Hier-pFedMe | Selected 13/13
  [Client 12] Round 26 | Hier-pFedMe(λ2=35.0) | loss=0.0571
  [Client 18] Round 26 | Hier-pFedMe(λ2=35.0) | loss=0.0629
  [Client 19] Round 26 | Hier-pFedMe(λ2=35.0) | loss=0.0641
  [Client  4] Round 26 | Hier-pFedMe(λ2=35.0) | loss=0.0837
  [Client 13] Round 26 | Hier-pFedMe(λ2=35.0) | loss=0.0487
  [Client 11] Round 26 | Hier-pFedMe(λ2=35.0) | loss=0.0705
  [Client  7] Round 26 | Hier-pFedMe(λ2=35.0) | loss=0.0558
  [Client  6] Round 26 | Hier-pFedMe(λ2=35.0) | loss=0.0855
  [Client 17] Round 26 | Hier-pFedMe(λ2=35.0) | loss=0.0610
  [Client 14] Round 26 | Hier-pFedMe(λ2=35.0) | loss=0.0540
  [Client 10] Round 26 | Hier-pFedMe(λ2=35.0) | loss=0.0743
  [Client  5] Round 26 | Hier-pFedMe(λ2=35.0) | loss=0.0579
  [Client  8] Round 26 | Hier-pFedMe(λ2=35.0) | loss=0.0840
  [Edge 0] G26 | E2 | loss=0.0661
  [Edge 0] G26 | E3 | Hier-pFedMe | Selected 13/13
  [Client 19] Round 26 | Hier-pFedMe(λ2=35.0) | loss=0.0618
  [Client 18] Round 26 | Hier-pFedMe(λ2=35.0) | loss=0.0589
  [Client 17] Round 26 | Hier-pFedMe(λ2=35.0) | loss=0.0558
  [Client  5] Round 26 | Hier-pFedMe(λ2=35.0) | loss=0.0544
  [Client  8] Round 26 | Hier-pFedMe(λ2=35.0) | loss=0.0703
  [Client 13] Round 26 | Hier-pFedMe(λ2=35.0) | loss=0.0346
  [Client 14] Round 26 | Hier-pFedMe(λ2=35.0) | loss=0.0540
  [Client  4] Round 26 | Hier-pFedMe(λ2=35.0) | loss=0.0773
  [Client 12] Round 26 | Hier-pFedMe(λ2=35.0) | loss=0.0470
  [Client  6] Round 26 | Hier-pFedMe(λ2=35.0) | loss=0.0633
  [Client  7] Round 26 | Hier-pFedMe(λ2=35.0) | loss=0.0561
  [Client 10] Round 26 | Hier-pFedMe(λ2=35.0) | loss=0.0711
  [Client 11] Round 26 | Hier-pFedMe(λ2=35.0) | loss=0.0699
  [Edge 0] G26 | E3 | loss=0.0596
  [Edge 0] G26 | E4 | Hier-pFedMe | Selected 13/13
  [Client 11] Round 26 | Hier-pFedMe(λ2=35.0) | loss=0.0585
  [Client 14] Round 26 | Hier-pFedMe(λ2=35.0) | loss=0.0600
  [Client  5] Round 26 | Hier-pFedMe(λ2=35.0) | loss=0.0613
  [Client 10] Round 26 | Hier-pFedMe(λ2=35.0) | loss=0.0636
  [Client 19] Round 26 | Hier-pFedMe(λ2=35.0) | loss=0.0625
  [Client 12] Round 26 | Hier-pFedMe(λ2=35.0) | loss=0.0563
  [Client  4] Round 26 | Hier-pFedMe(λ2=35.0) | loss=0.0806
  [Client  7] Round 26 | Hier-pFedMe(λ2=35.0) | loss=0.0533
  [Client  6] Round 26 | Hier-pFedMe(λ2=35.0) | loss=0.0617
  [Client  8] Round 26 | Hier-pFedMe(λ2=35.0) | loss=0.0704
  [Client 17] Round 26 | Hier-pFedMe(λ2=35.0) | loss=0.0484
  [Client 13] Round 26 | Hier-pFedMe(λ2=35.0) | loss=0.0394
  [Client 18] Round 26 | Hier-pFedMe(λ2=35.0) | loss=0.0652
  [Edge 0] G26 | E4 | loss=0.0601
  [Edge 0] G26 | E5 | Hier-pFedMe | Selected 13/13
  [Client 11] Round 26 | Hier-pFedMe(λ2=35.0) | loss=0.0554
  [Client 13] Round 26 | Hier-pFedMe(λ2=35.0) | loss=0.0360
  [Client  4] Round 26 | Hier-pFedMe(λ2=35.0) | loss=0.0667
  [Client  6] Round 26 | Hier-pFedMe(λ2=35.0) | loss=0.0634
  [Client 14] Round 26 | Hier-pFedMe(λ2=35.0) | loss=0.0643
  [Client  5] Round 26 | Hier-pFedMe(λ2=35.0) | loss=0.0613
  [Client  8] Round 26 | Hier-pFedMe(λ2=35.0) | loss=0.0771
  [Client 17] Round 26 | Hier-pFedMe(λ2=35.0) | loss=0.0504
  [Client 19] Round 26 | Hier-pFedMe(λ2=35.0) | loss=0.0609
  [Client 12] Round 26 | Hier-pFedMe(λ2=35.0) | loss=0.0512
  [Client 18] Round 26 | Hier-pFedMe(λ2=35.0) | loss=0.0533
  [Client  7] Round 26 | Hier-pFedMe(λ2=35.0) | loss=0.0579
  [Client 10] Round 26 | Hier-pFedMe(λ2=35.0) | loss=0.0585
  [Edge 0] G26 | E5 | loss=0.0582
  [Edge 1] G26 | E1 | Hier-pFedMe | Selected 7/7
  [Client  0] Round 26 | Hier-pFedMe(λ2=35.0) | loss=0.0194
  [Client 16] Round 26 | Hier-pFedMe(λ2=35.0) | loss=0.0189
  [Client 15] Round 26 | Hier-pFedMe(λ2=35.0) | loss=0.0303
  [Client  3] Round 26 | Hier-pFedMe(λ2=35.0) | loss=0.0263
  [Client  9] Round 26 | Hier-pFedMe(λ2=35.0) | loss=0.0325
  [Client  1] Round 26 | Hier-pFedMe(λ2=35.0) | loss=0.0266
  [Client  2] Round 26 | Hier-pFedMe(λ2=35.0) | loss=0.0269
  [Edge 1] G26 | E1 | loss=0.0258
  [Edge 1] G26 | E2 | Hier-pFedMe | Selected 7/7
  [Client  1] Round 26 | Hier-pFedMe(λ2=35.0) | loss=0.0244
  [Client  9] Round 26 | Hier-pFedMe(λ2=35.0) | loss=0.0253
  [Client 16] Round 26 | Hier-pFedMe(λ2=35.0) | loss=0.0215
  [Client  2] Round 26 | Hier-pFedMe(λ2=35.0) | loss=0.0190
  [Client  0] Round 26 | Hier-pFedMe(λ2=35.0) | loss=0.0216
  [Client  3] Round 26 | Hier-pFedMe(λ2=35.0) | loss=0.0176
  [Client 15] Round 26 | Hier-pFedMe(λ2=35.0) | loss=0.0223
  [Edge 1] G26 | E2 | loss=0.0217
  [Edge 1] G26 | E3 | Hier-pFedMe | Selected 7/7
  [Client  1] Round 26 | Hier-pFedMe(λ2=35.0) | loss=0.0202
  [Client  0] Round 26 | Hier-pFedMe(λ2=35.0) | loss=0.0233
  [Client 16] Round 26 | Hier-pFedMe(λ2=35.0) | loss=0.0149
  [Client  2] Round 26 | Hier-pFedMe(λ2=35.0) | loss=0.0217
  [Client  3] Round 26 | Hier-pFedMe(λ2=35.0) | loss=0.0163
  [Client 15] Round 26 | Hier-pFedMe(λ2=35.0) | loss=0.0271
  [Client  9] Round 26 | Hier-pFedMe(λ2=35.0) | loss=0.0241
  [Edge 1] G26 | E3 | loss=0.0211
  [Edge 1] G26 | E4 | Hier-pFedMe | Selected 7/7
  [Client  1] Round 26 | Hier-pFedMe(λ2=35.0) | loss=0.0211
  [Client 16] Round 26 | Hier-pFedMe(λ2=35.0) | loss=0.0190
  [Client  2] Round 26 | Hier-pFedMe(λ2=35.0) | loss=0.0140
  [Client 15] Round 26 | Hier-pFedMe(λ2=35.0) | loss=0.0245
  [Client  9] Round 26 | Hier-pFedMe(λ2=35.0) | loss=0.0289
  [Client  3] Round 26 | Hier-pFedMe(λ2=35.0) | loss=0.0138
  [Client  0] Round 26 | Hier-pFedMe(λ2=35.0) | loss=0.0184
  [Edge 1] G26 | E4 | loss=0.0199
  [Edge 1] G26 | E5 | Hier-pFedMe | Selected 7/7
  [Client  0] Round 26 | Hier-pFedMe(λ2=35.0) | loss=0.0157
  [Client  1] Round 26 | Hier-pFedMe(λ2=35.0) | loss=0.0329
  [Client  2] Round 26 | Hier-pFedMe(λ2=35.0) | loss=0.0179
  [Client 15] Round 26 | Hier-pFedMe(λ2=35.0) | loss=0.0209
  [Client 16] Round 26 | Hier-pFedMe(λ2=35.0) | loss=0.0160
  [Client  9] Round 26 | Hier-pFedMe(λ2=35.0) | loss=0.0179
  [Client  3] Round 26 | Hier-pFedMe(λ2=35.0) | loss=0.0177
  [Edge 1] G26 | E5 | loss=0.0199
  [Cloud] GM=0.0492 | EM=0.0480 | loss=34.7699 | time=521.3s | comm=4592.1MB (total=119395MB)

[Round  27] Broadcasting to 2 edges...
  [Edge 0] G27 | E1 | Hier-pFedMe | Selected 13/13
  [Client 12] Round 27 | Hier-pFedMe(λ2=35.0) | loss=0.0551
  [Client 11] Round 27 | Hier-pFedMe(λ2=35.0) | loss=0.0625
  [Client 13] Round 27 | Hier-pFedMe(λ2=35.0) | loss=0.0428
  [Client 14] Round 27 | Hier-pFedMe(λ2=35.0) | loss=0.0582
  [Client 10] Round 27 | Hier-pFedMe(λ2=35.0) | loss=0.0686
  [Client 18] Round 27 | Hier-pFedMe(λ2=35.0) | loss=0.0621
  [Client  5] Round 27 | Hier-pFedMe(λ2=35.0) | loss=0.0621
  [Client  6] Round 27 | Hier-pFedMe(λ2=35.0) | loss=0.0687
  [Client  7] Round 27 | Hier-pFedMe(λ2=35.0) | loss=0.0692
  [Client  4] Round 27 | Hier-pFedMe(λ2=35.0) | loss=0.0771
  [Client  8] Round 27 | Hier-pFedMe(λ2=35.0) | loss=0.0783
  [Client 17] Round 27 | Hier-pFedMe(λ2=35.0) | loss=0.0563
  [Client 19] Round 27 | Hier-pFedMe(λ2=35.0) | loss=0.0754
  [Edge 0] G27 | E1 | loss=0.0643
  [Edge 0] G27 | E2 | Hier-pFedMe | Selected 13/13
  [Client 12] Round 27 | Hier-pFedMe(λ2=35.0) | loss=0.0573
  [Client 11] Round 27 | Hier-pFedMe(λ2=35.0) | loss=0.0572
  [Client 17] Round 27 | Hier-pFedMe(λ2=35.0) | loss=0.0629
  [Client  7] Round 27 | Hier-pFedMe(λ2=35.0) | loss=0.0498
  [Client 13] Round 27 | Hier-pFedMe(λ2=35.0) | loss=0.0431
  [Client 18] Round 27 | Hier-pFedMe(λ2=35.0) | loss=0.0654
  [Client  5] Round 27 | Hier-pFedMe(λ2=35.0) | loss=0.0541
  [Client  6] Round 27 | Hier-pFedMe(λ2=35.0) | loss=0.0686
  [Client 19] Round 27 | Hier-pFedMe(λ2=35.0) | loss=0.0646
  [Client 10] Round 27 | Hier-pFedMe(λ2=35.0) | loss=0.0679
  [Client  8] Round 27 | Hier-pFedMe(λ2=35.0) | loss=0.0685
  [Client  4] Round 27 | Hier-pFedMe(λ2=35.0) | loss=0.0713
  [Client 14] Round 27 | Hier-pFedMe(λ2=35.0) | loss=0.0752
  [Edge 0] G27 | E2 | loss=0.0620
  [Edge 0] G27 | E3 | Hier-pFedMe | Selected 13/13
  [Client 11] Round 27 | Hier-pFedMe(λ2=35.0) | loss=0.0582
  [Client 14] Round 27 | Hier-pFedMe(λ2=35.0) | loss=0.0744
  [Client  7] Round 27 | Hier-pFedMe(λ2=35.0) | loss=0.0511
  [Client  6] Round 27 | Hier-pFedMe(λ2=35.0) | loss=0.0600
  [Client 18] Round 27 | Hier-pFedMe(λ2=35.0) | loss=0.0583
  [Client  8] Round 27 | Hier-pFedMe(λ2=35.0) | loss=0.0749
  [Client 17] Round 27 | Hier-pFedMe(λ2=35.0) | loss=0.0633
  [Client  5] Round 27 | Hier-pFedMe(λ2=35.0) | loss=0.0600
  [Client 12] Round 27 | Hier-pFedMe(λ2=35.0) | loss=0.0573
  [Client 13] Round 27 | Hier-pFedMe(λ2=35.0) | loss=0.0358
  [Client  4] Round 27 | Hier-pFedMe(λ2=35.0) | loss=0.0686
  [Client 10] Round 27 | Hier-pFedMe(λ2=35.0) | loss=0.0677
  [Client 19] Round 27 | Hier-pFedMe(λ2=35.0) | loss=0.0569
  [Edge 0] G27 | E3 | loss=0.0605
  [Edge 0] G27 | E4 | Hier-pFedMe | Selected 13/13
  [Client  8] Round 27 | Hier-pFedMe(λ2=35.0) | loss=0.0662
  [Client 11] Round 27 | Hier-pFedMe(λ2=35.0) | loss=0.0522
  [Client  5] Round 27 | Hier-pFedMe(λ2=35.0) | loss=0.0522
  [Client 10] Round 27 | Hier-pFedMe(λ2=35.0) | loss=0.0592
  [Client  6] Round 27 | Hier-pFedMe(λ2=35.0) | loss=0.0710
  [Client 17] Round 27 | Hier-pFedMe(λ2=35.0) | loss=0.0605
  [Client 19] Round 27 | Hier-pFedMe(λ2=35.0) | loss=0.0569
  [Client 12] Round 27 | Hier-pFedMe(λ2=35.0) | loss=0.0408
  [Client  4] Round 27 | Hier-pFedMe(λ2=35.0) | loss=0.0657
  [Client 13] Round 27 | Hier-pFedMe(λ2=35.0) | loss=0.0343
  [Client 14] Round 27 | Hier-pFedMe(λ2=35.0) | loss=0.0507
  [Client 18] Round 27 | Hier-pFedMe(λ2=35.0) | loss=0.0648
  [Client  7] Round 27 | Hier-pFedMe(λ2=35.0) | loss=0.0487
  [Edge 0] G27 | E4 | loss=0.0556
  [Edge 0] G27 | E5 | Hier-pFedMe | Selected 13/13
  [Client 12] Round 27 | Hier-pFedMe(λ2=35.0) | loss=0.0405
  [Client 11] Round 27 | Hier-pFedMe(λ2=35.0) | loss=0.0507
  [Client 18] Round 27 | Hier-pFedMe(λ2=35.0) | loss=0.0551
  [Client  6] Round 27 | Hier-pFedMe(λ2=35.0) | loss=0.0590
  [Client  5] Round 27 | Hier-pFedMe(λ2=35.0) | loss=0.0494
  [Client  4] Round 27 | Hier-pFedMe(λ2=35.0) | loss=0.0731
  [Client 17] Round 27 | Hier-pFedMe(λ2=35.0) | loss=0.0503
  [Client 14] Round 27 | Hier-pFedMe(λ2=35.0) | loss=0.0531
  [Client  8] Round 27 | Hier-pFedMe(λ2=35.0) | loss=0.0639
  [Client 19] Round 27 | Hier-pFedMe(λ2=35.0) | loss=0.0627
  [Client 10] Round 27 | Hier-pFedMe(λ2=35.0) | loss=0.0622
  [Client 13] Round 27 | Hier-pFedMe(λ2=35.0) | loss=0.0364
  [Client  7] Round 27 | Hier-pFedMe(λ2=35.0) | loss=0.0551
  [Edge 0] G27 | E5 | loss=0.0547
  [Edge 1] G27 | E1 | Hier-pFedMe | Selected 7/7
  [Client  0] Round 27 | Hier-pFedMe(λ2=35.0) | loss=0.0253
  [Client  2] Round 27 | Hier-pFedMe(λ2=35.0) | loss=0.0255
  [Client 15] Round 27 | Hier-pFedMe(λ2=35.0) | loss=0.0286
  [Client  3] Round 27 | Hier-pFedMe(λ2=35.0) | loss=0.0255
  [Client  1] Round 27 | Hier-pFedMe(λ2=35.0) | loss=0.0223
  [Client 16] Round 27 | Hier-pFedMe(λ2=35.0) | loss=0.0200
  [Client  9] Round 27 | Hier-pFedMe(λ2=35.0) | loss=0.0257
  [Edge 1] G27 | E1 | loss=0.0247
  [Edge 1] G27 | E2 | Hier-pFedMe | Selected 7/7
  [Client  1] Round 27 | Hier-pFedMe(λ2=35.0) | loss=0.0217
  [Client  9] Round 27 | Hier-pFedMe(λ2=35.0) | loss=0.0195
  [Client  3] Round 27 | Hier-pFedMe(λ2=35.0) | loss=0.0279
  [Client 16] Round 27 | Hier-pFedMe(λ2=35.0) | loss=0.0174
  [Client  2] Round 27 | Hier-pFedMe(λ2=35.0) | loss=0.0206
  [Client 15] Round 27 | Hier-pFedMe(λ2=35.0) | loss=0.0206
  [Client  0] Round 27 | Hier-pFedMe(λ2=35.0) | loss=0.0182
  [Edge 1] G27 | E2 | loss=0.0208
  [Edge 1] G27 | E3 | Hier-pFedMe | Selected 7/7
  [Client  0] Round 27 | Hier-pFedMe(λ2=35.0) | loss=0.0287
  [Client  1] Round 27 | Hier-pFedMe(λ2=35.0) | loss=0.0208
  [Client  9] Round 27 | Hier-pFedMe(λ2=35.0) | loss=0.0317
  [Client 15] Round 27 | Hier-pFedMe(λ2=35.0) | loss=0.0221
  [Client  2] Round 27 | Hier-pFedMe(λ2=35.0) | loss=0.0202
  [Client  3] Round 27 | Hier-pFedMe(λ2=35.0) | loss=0.0166
  [Client 16] Round 27 | Hier-pFedMe(λ2=35.0) | loss=0.0202
  [Edge 1] G27 | E3 | loss=0.0229
  [Edge 1] G27 | E4 | Hier-pFedMe | Selected 7/7
  [Client  9] Round 27 | Hier-pFedMe(λ2=35.0) | loss=0.0171
  [Client  1] Round 27 | Hier-pFedMe(λ2=35.0) | loss=0.0247
  [Client  2] Round 27 | Hier-pFedMe(λ2=35.0) | loss=0.0171
  [Client 15] Round 27 | Hier-pFedMe(λ2=35.0) | loss=0.0222
  [Client  0] Round 27 | Hier-pFedMe(λ2=35.0) | loss=0.0167
  [Client 16] Round 27 | Hier-pFedMe(λ2=35.0) | loss=0.0211
  [Client  3] Round 27 | Hier-pFedMe(λ2=35.0) | loss=0.0205
  [Edge 1] G27 | E4 | loss=0.0199
  [Edge 1] G27 | E5 | Hier-pFedMe | Selected 7/7
  [Client  0] Round 27 | Hier-pFedMe(λ2=35.0) | loss=0.0310
  [Client  1] Round 27 | Hier-pFedMe(λ2=35.0) | loss=0.0204
  [Client 16] Round 27 | Hier-pFedMe(λ2=35.0) | loss=0.0149
  [Client  3] Round 27 | Hier-pFedMe(λ2=35.0) | loss=0.0146
  [Client 15] Round 27 | Hier-pFedMe(λ2=35.0) | loss=0.0152
  [Client  9] Round 27 | Hier-pFedMe(λ2=35.0) | loss=0.0186
  [Client  2] Round 27 | Hier-pFedMe(λ2=35.0) | loss=0.0176
  [Edge 1] G27 | E5 | loss=0.0189
  [Cloud] GM=0.0519 | EM=0.0490 | loss=35.6081 | time=521.0s | comm=4592.1MB (total=123987MB)

[Round  28] Broadcasting to 2 edges...
  [Edge 0] G28 | E1 | Hier-pFedMe | Selected 13/13
  [Client 12] Round 28 | Hier-pFedMe(λ2=35.0) | loss=0.0554
  [Client 18] Round 28 | Hier-pFedMe(λ2=35.0) | loss=0.0637
  [Client 10] Round 28 | Hier-pFedMe(λ2=35.0) | loss=0.0707
  [Client  4] Round 28 | Hier-pFedMe(λ2=35.0) | loss=0.0698
  [Client 11] Round 28 | Hier-pFedMe(λ2=35.0) | loss=0.0665
  [Client 13] Round 28 | Hier-pFedMe(λ2=35.0) | loss=0.0381
  [Client  6] Round 28 | Hier-pFedMe(λ2=35.0) | loss=0.0714
  [Client  7] Round 28 | Hier-pFedMe(λ2=35.0) | loss=0.0647
  [Client 17] Round 28 | Hier-pFedMe(λ2=35.0) | loss=0.0608
  [Client  8] Round 28 | Hier-pFedMe(λ2=35.0) | loss=0.0859
  [Client  5] Round 28 | Hier-pFedMe(λ2=35.0) | loss=0.0736
  [Client 14] Round 28 | Hier-pFedMe(λ2=35.0) | loss=0.0661
  [Client 19] Round 28 | Hier-pFedMe(λ2=35.0) | loss=0.0655
  [Edge 0] G28 | E1 | loss=0.0656
  [Edge 0] G28 | E2 | Hier-pFedMe | Selected 13/13
  [Client 12] Round 28 | Hier-pFedMe(λ2=35.0) | loss=0.0527
  [Client  5] Round 28 | Hier-pFedMe(λ2=35.0) | loss=0.0497
  [Client 13] Round 28 | Hier-pFedMe(λ2=35.0) | loss=0.0385
  [Client 14] Round 28 | Hier-pFedMe(λ2=35.0) | loss=0.0522
  [Client 10] Round 28 | Hier-pFedMe(λ2=35.0) | loss=0.0555
  [Client 11] Round 28 | Hier-pFedMe(λ2=35.0) | loss=0.0513
  [Client 18] Round 28 | Hier-pFedMe(λ2=35.0) | loss=0.0555
  [Client  8] Round 28 | Hier-pFedMe(λ2=35.0) | loss=0.0731
  [Client  7] Round 28 | Hier-pFedMe(λ2=35.0) | loss=0.0547
  [Client 17] Round 28 | Hier-pFedMe(λ2=35.0) | loss=0.0442
  [Client 19] Round 28 | Hier-pFedMe(λ2=35.0) | loss=0.0572
  [Client  4] Round 28 | Hier-pFedMe(λ2=35.0) | loss=0.0729
  [Client  6] Round 28 | Hier-pFedMe(λ2=35.0) | loss=0.0617
  [Edge 0] G28 | E2 | loss=0.0553
  [Edge 0] G28 | E3 | Hier-pFedMe | Selected 13/13
  [Client  6] Round 28 | Hier-pFedMe(λ2=35.0) | loss=0.0606
  [Client 14] Round 28 | Hier-pFedMe(λ2=35.0) | loss=0.0438
  [Client 17] Round 28 | Hier-pFedMe(λ2=35.0) | loss=0.0467
  [Client  5] Round 28 | Hier-pFedMe(λ2=35.0) | loss=0.0540
  [Client 11] Round 28 | Hier-pFedMe(λ2=35.0) | loss=0.0553
  [Client 13] Round 28 | Hier-pFedMe(λ2=35.0) | loss=0.0358
  [Client  7] Round 28 | Hier-pFedMe(λ2=35.0) | loss=0.0582
  [Client 10] Round 28 | Hier-pFedMe(λ2=35.0) | loss=0.0550
  [Client 19] Round 28 | Hier-pFedMe(λ2=35.0) | loss=0.0575
  [Client 12] Round 28 | Hier-pFedMe(λ2=35.0) | loss=0.0522
  [Client 18] Round 28 | Hier-pFedMe(λ2=35.0) | loss=0.0453
  [Client  4] Round 28 | Hier-pFedMe(λ2=35.0) | loss=0.0642
  [Client  8] Round 28 | Hier-pFedMe(λ2=35.0) | loss=0.0735
  [Edge 0] G28 | E3 | loss=0.0540
  [Edge 0] G28 | E4 | Hier-pFedMe | Selected 13/13
  [Client  8] Round 28 | Hier-pFedMe(λ2=35.0) | loss=0.0625
  [Client 18] Round 28 | Hier-pFedMe(λ2=35.0) | loss=0.0633
  [Client 10] Round 28 | Hier-pFedMe(λ2=35.0) | loss=0.0658
  [Client  6] Round 28 | Hier-pFedMe(λ2=35.0) | loss=0.0575
  [Client 13] Round 28 | Hier-pFedMe(λ2=35.0) | loss=0.0324
  [Client 17] Round 28 | Hier-pFedMe(λ2=35.0) | loss=0.0421
  [Client  5] Round 28 | Hier-pFedMe(λ2=35.0) | loss=0.0509
  [Client  4] Round 28 | Hier-pFedMe(λ2=35.0) | loss=0.0599
  [Client 19] Round 28 | Hier-pFedMe(λ2=35.0) | loss=0.0482
  [Client 12] Round 28 | Hier-pFedMe(λ2=35.0) | loss=0.0477
  [Client 14] Round 28 | Hier-pFedMe(λ2=35.0) | loss=0.0585
  [Client  7] Round 28 | Hier-pFedMe(λ2=35.0) | loss=0.0585
  [Client 11] Round 28 | Hier-pFedMe(λ2=35.0) | loss=0.0507
  [Edge 0] G28 | E4 | loss=0.0537
  [Edge 0] G28 | E5 | Hier-pFedMe | Selected 13/13
  [Client 13] Round 28 | Hier-pFedMe(λ2=35.0) | loss=0.0292
  [Client 18] Round 28 | Hier-pFedMe(λ2=35.0) | loss=0.0516
  [Client 19] Round 28 | Hier-pFedMe(λ2=35.0) | loss=0.0549
  [Client 17] Round 28 | Hier-pFedMe(λ2=35.0) | loss=0.0481
  [Client 12] Round 28 | Hier-pFedMe(λ2=35.0) | loss=0.0415
  [Client  6] Round 28 | Hier-pFedMe(λ2=35.0) | loss=0.0583
  [Client 10] Round 28 | Hier-pFedMe(λ2=35.0) | loss=0.0553
  [Client  7] Round 28 | Hier-pFedMe(λ2=35.0) | loss=0.0401
  [Client  5] Round 28 | Hier-pFedMe(λ2=35.0) | loss=0.0432
  [Client 11] Round 28 | Hier-pFedMe(λ2=35.0) | loss=0.0453
  [Client 14] Round 28 | Hier-pFedMe(λ2=35.0) | loss=0.0488
  [Client  4] Round 28 | Hier-pFedMe(λ2=35.0) | loss=0.0644
  [Client  8] Round 28 | Hier-pFedMe(λ2=35.0) | loss=0.0565
  [Edge 0] G28 | E5 | loss=0.0490
  [Edge 1] G28 | E1 | Hier-pFedMe | Selected 7/7
  [Client  2] Round 28 | Hier-pFedMe(λ2=35.0) | loss=0.0211
  [Client  1] Round 28 | Hier-pFedMe(λ2=35.0) | loss=0.0257
  [Client 15] Round 28 | Hier-pFedMe(λ2=35.0) | loss=0.0319
  [Client  3] Round 28 | Hier-pFedMe(λ2=35.0) | loss=0.0222
  [Client 16] Round 28 | Hier-pFedMe(λ2=35.0) | loss=0.0161
  [Client  0] Round 28 | Hier-pFedMe(λ2=35.0) | loss=0.0372
  [Client  9] Round 28 | Hier-pFedMe(λ2=35.0) | loss=0.0369
  [Edge 1] G28 | E1 | loss=0.0273
  [Edge 1] G28 | E2 | Hier-pFedMe | Selected 7/7
  [Client  2] Round 28 | Hier-pFedMe(λ2=35.0) | loss=0.0174
  [Client  1] Round 28 | Hier-pFedMe(λ2=35.0) | loss=0.0174
  [Client 16] Round 28 | Hier-pFedMe(λ2=35.0) | loss=0.0148
  [Client  9] Round 28 | Hier-pFedMe(λ2=35.0) | loss=0.0191
  [Client  0] Round 28 | Hier-pFedMe(λ2=35.0) | loss=0.0172
  [Client 15] Round 28 | Hier-pFedMe(λ2=35.0) | loss=0.0177
  [Client  3] Round 28 | Hier-pFedMe(λ2=35.0) | loss=0.0232
  [Edge 1] G28 | E2 | loss=0.0181
  [Edge 1] G28 | E3 | Hier-pFedMe | Selected 7/7
  [Client  0] Round 28 | Hier-pFedMe(λ2=35.0) | loss=0.0172
  [Client  9] Round 28 | Hier-pFedMe(λ2=35.0) | loss=0.0244
  [Client  2] Round 28 | Hier-pFedMe(λ2=35.0) | loss=0.0231
  [Client  3] Round 28 | Hier-pFedMe(λ2=35.0) | loss=0.0161
  [Client  1] Round 28 | Hier-pFedMe(λ2=35.0) | loss=0.0210
  [Client 16] Round 28 | Hier-pFedMe(λ2=35.0) | loss=0.0170
  [Client 15] Round 28 | Hier-pFedMe(λ2=35.0) | loss=0.0191
  [Edge 1] G28 | E3 | loss=0.0197
  [Edge 1] G28 | E4 | Hier-pFedMe | Selected 7/7
  [Client  0] Round 28 | Hier-pFedMe(λ2=35.0) | loss=0.0206
  [Client  1] Round 28 | Hier-pFedMe(λ2=35.0) | loss=0.0198
  [Client  2] Round 28 | Hier-pFedMe(λ2=35.0) | loss=0.0160
  [Client 16] Round 28 | Hier-pFedMe(λ2=35.0) | loss=0.0139
  [Client  9] Round 28 | Hier-pFedMe(λ2=35.0) | loss=0.0190
  [Client  3] Round 28 | Hier-pFedMe(λ2=35.0) | loss=0.0206
  [Client 15] Round 28 | Hier-pFedMe(λ2=35.0) | loss=0.0171
  [Edge 1] G28 | E4 | loss=0.0181
  [Edge 1] G28 | E5 | Hier-pFedMe | Selected 7/7
  [Client  9] Round 28 | Hier-pFedMe(λ2=35.0) | loss=0.0170
  [Client  0] Round 28 | Hier-pFedMe(λ2=35.0) | loss=0.0188
  [Client  2] Round 28 | Hier-pFedMe(λ2=35.0) | loss=0.0202
  [Client 15] Round 28 | Hier-pFedMe(λ2=35.0) | loss=0.0168
  [Client  1] Round 28 | Hier-pFedMe(λ2=35.0) | loss=0.0191
  [Client  3] Round 28 | Hier-pFedMe(λ2=35.0) | loss=0.0132
  [Client 16] Round 28 | Hier-pFedMe(λ2=35.0) | loss=0.0185
  [Edge 1] G28 | E5 | loss=0.0177
  [Cloud] GM=0.0531 | EM=0.0504 | loss=34.8844 | time=523.2s | comm=4592.1MB (total=128579MB)

[Round  29] Broadcasting to 2 edges...
  [Edge 0] G29 | E1 | Hier-pFedMe | Selected 13/13
  [Client 13] Round 29 | Hier-pFedMe(λ2=35.0) | loss=0.0462
  [Client 19] Round 29 | Hier-pFedMe(λ2=35.0) | loss=0.0671
  [Client  7] Round 29 | Hier-pFedMe(λ2=35.0) | loss=0.0577
  [Client  4] Round 29 | Hier-pFedMe(λ2=35.0) | loss=0.0717
  [Client 10] Round 29 | Hier-pFedMe(λ2=35.0) | loss=0.0706
  [Client 11] Round 29 | Hier-pFedMe(λ2=35.0) | loss=0.0651
  [Client 14] Round 29 | Hier-pFedMe(λ2=35.0) | loss=0.0513
  [Client  6] Round 29 | Hier-pFedMe(λ2=35.0) | loss=0.0566
  [Client 18] Round 29 | Hier-pFedMe(λ2=35.0) | loss=0.0529
  [Client 12] Round 29 | Hier-pFedMe(λ2=35.0) | loss=0.0591
  [Client  8] Round 29 | Hier-pFedMe(λ2=35.0) | loss=0.0736
  [Client 17] Round 29 | Hier-pFedMe(λ2=35.0) | loss=0.0502
  [Client  5] Round 29 | Hier-pFedMe(λ2=35.0) | loss=0.0500
  [Edge 0] G29 | E1 | loss=0.0594
  [Edge 0] G29 | E2 | Hier-pFedMe | Selected 13/13
  [Client  8] Round 29 | Hier-pFedMe(λ2=35.0) | loss=0.0650
  [Client 19] Round 29 | Hier-pFedMe(λ2=35.0) | loss=0.0520
  [Client 13] Round 29 | Hier-pFedMe(λ2=35.0) | loss=0.0317
  [Client 14] Round 29 | Hier-pFedMe(λ2=35.0) | loss=0.0489
  [Client 12] Round 29 | Hier-pFedMe(λ2=35.0) | loss=0.0403
  [Client 11] Round 29 | Hier-pFedMe(λ2=35.0) | loss=0.0489
  [Client  7] Round 29 | Hier-pFedMe(λ2=35.0) | loss=0.0666
  [Client 17] Round 29 | Hier-pFedMe(λ2=35.0) | loss=0.0382
  [Client 18] Round 29 | Hier-pFedMe(λ2=35.0) | loss=0.0551
  [Client 10] Round 29 | Hier-pFedMe(λ2=35.0) | loss=0.0524
  [Client  5] Round 29 | Hier-pFedMe(λ2=35.0) | loss=0.0501
  [Client  6] Round 29 | Hier-pFedMe(λ2=35.0) | loss=0.0498
  [Client  4] Round 29 | Hier-pFedMe(λ2=35.0) | loss=0.0695
  [Edge 0] G29 | E2 | loss=0.0514
  [Edge 0] G29 | E3 | Hier-pFedMe | Selected 13/13
  [Client 14] Round 29 | Hier-pFedMe(λ2=35.0) | loss=0.0513
  [Client  6] Round 29 | Hier-pFedMe(λ2=35.0) | loss=0.0553
  [Client  4] Round 29 | Hier-pFedMe(λ2=35.0) | loss=0.0585
  [Client  5] Round 29 | Hier-pFedMe(λ2=35.0) | loss=0.0545
  [Client 12] Round 29 | Hier-pFedMe(λ2=35.0) | loss=0.0415
  [Client 18] Round 29 | Hier-pFedMe(λ2=35.0) | loss=0.0520
  [Client  8] Round 29 | Hier-pFedMe(λ2=35.0) | loss=0.0590
  [Client 19] Round 29 | Hier-pFedMe(λ2=35.0) | loss=0.0589
  [Client 17] Round 29 | Hier-pFedMe(λ2=35.0) | loss=0.0506
  [Client 13] Round 29 | Hier-pFedMe(λ2=35.0) | loss=0.0338
  [Client 10] Round 29 | Hier-pFedMe(λ2=35.0) | loss=0.0588
  [Client  7] Round 29 | Hier-pFedMe(λ2=35.0) | loss=0.0504
  [Client 11] Round 29 | Hier-pFedMe(λ2=35.0) | loss=0.0430
  [Edge 0] G29 | E3 | loss=0.0514
  [Edge 0] G29 | E4 | Hier-pFedMe | Selected 13/13
  [Client 12] Round 29 | Hier-pFedMe(λ2=35.0) | loss=0.0364
  [Client 11] Round 29 | Hier-pFedMe(λ2=35.0) | loss=0.0417
  [Client 19] Round 29 | Hier-pFedMe(λ2=35.0) | loss=0.0407
  [Client 18] Round 29 | Hier-pFedMe(λ2=35.0) | loss=0.0491
  [Client 10] Round 29 | Hier-pFedMe(λ2=35.0) | loss=0.0519
  [Client  8] Round 29 | Hier-pFedMe(λ2=35.0) | loss=0.0553
  [Client 17] Round 29 | Hier-pFedMe(λ2=35.0) | loss=0.0392
  [Client  7] Round 29 | Hier-pFedMe(λ2=35.0) | loss=0.0515
  [Client 13] Round 29 | Hier-pFedMe(λ2=35.0) | loss=0.0316
  [Client  4] Round 29 | Hier-pFedMe(λ2=35.0) | loss=0.0633
  [Client 14] Round 29 | Hier-pFedMe(λ2=35.0) | loss=0.0427
  [Client  5] Round 29 | Hier-pFedMe(λ2=35.0) | loss=0.0419
  [Client  6] Round 29 | Hier-pFedMe(λ2=35.0) | loss=0.0555
  [Edge 0] G29 | E4 | loss=0.0462
  [Edge 0] G29 | E5 | Hier-pFedMe | Selected 13/13
  [Client 18] Round 29 | Hier-pFedMe(λ2=35.0) | loss=0.0445
  [Client 11] Round 29 | Hier-pFedMe(λ2=35.0) | loss=0.0492
  [Client 10] Round 29 | Hier-pFedMe(λ2=35.0) | loss=0.0522
  [Client  6] Round 29 | Hier-pFedMe(λ2=35.0) | loss=0.0572
  [Client  8] Round 29 | Hier-pFedMe(λ2=35.0) | loss=0.0550  [Client  4] Round 29 | Hier-pFedMe(λ2=35.0) | loss=0.0573

  [Client 19] Round 29 | Hier-pFedMe(λ2=35.0) | loss=0.0483
  [Client 14] Round 29 | Hier-pFedMe(λ2=35.0) | loss=0.0430
  [Client 12] Round 29 | Hier-pFedMe(λ2=35.0) | loss=0.0419
  [Client 13] Round 29 | Hier-pFedMe(λ2=35.0) | loss=0.0335
  [Client  7] Round 29 | Hier-pFedMe(λ2=35.0) | loss=0.0626
  [Client  5] Round 29 | Hier-pFedMe(λ2=35.0) | loss=0.0410
  [Client 17] Round 29 | Hier-pFedMe(λ2=35.0) | loss=0.0462
  [Edge 0] G29 | E5 | loss=0.0486
  [Edge 1] G29 | E1 | Hier-pFedMe | Selected 7/7
  [Client  0] Round 29 | Hier-pFedMe(λ2=35.0) | loss=0.0154
  [Client  1] Round 29 | Hier-pFedMe(λ2=35.0) | loss=0.0277
  [Client 16] Round 29 | Hier-pFedMe(λ2=35.0) | loss=0.0158
  [Client  3] Round 29 | Hier-pFedMe(λ2=35.0) | loss=0.0200
  [Client  9] Round 29 | Hier-pFedMe(λ2=35.0) | loss=0.0221
  [Client  2] Round 29 | Hier-pFedMe(λ2=35.0) | loss=0.0199
  [Client 15] Round 29 | Hier-pFedMe(λ2=35.0) | loss=0.0191
  [Edge 1] G29 | E1 | loss=0.0200
  [Edge 1] G29 | E2 | Hier-pFedMe | Selected 7/7
  [Client  0] Round 29 | Hier-pFedMe(λ2=35.0) | loss=0.0196
  [Client  9] Round 29 | Hier-pFedMe(λ2=35.0) | loss=0.0227
  [Client  1] Round 29 | Hier-pFedMe(λ2=35.0) | loss=0.0242
  [Client  3] Round 29 | Hier-pFedMe(λ2=35.0) | loss=0.0243
  [Client  2] Round 29 | Hier-pFedMe(λ2=35.0) | loss=0.0208
  [Client 15] Round 29 | Hier-pFedMe(λ2=35.0) | loss=0.0214
  [Client 16] Round 29 | Hier-pFedMe(λ2=35.0) | loss=0.0153
  [Edge 1] G29 | E2 | loss=0.0212
  [Edge 1] G29 | E3 | Hier-pFedMe | Selected 7/7
  [Client  1] Round 29 | Hier-pFedMe(λ2=35.0) | loss=0.0135
  [Client  0] Round 29 | Hier-pFedMe(λ2=35.0) | loss=0.0139
  [Client  3] Round 29 | Hier-pFedMe(λ2=35.0) | loss=0.0194
  [Client 15] Round 29 | Hier-pFedMe(λ2=35.0) | loss=0.0186
  [Client  9] Round 29 | Hier-pFedMe(λ2=35.0) | loss=0.0270
  [Client 16] Round 29 | Hier-pFedMe(λ2=35.0) | loss=0.0140
  [Client  2] Round 29 | Hier-pFedMe(λ2=35.0) | loss=0.0159
  [Edge 1] G29 | E3 | loss=0.0175
  [Edge 1] G29 | E4 | Hier-pFedMe | Selected 7/7
  [Client 16] Round 29 | Hier-pFedMe(λ2=35.0) | loss=0.0127
  [Client  0] Round 29 | Hier-pFedMe(λ2=35.0) | loss=0.0156
  [Client  3] Round 29 | Hier-pFedMe(λ2=35.0) | loss=0.0223
  [Client 15] Round 29 | Hier-pFedMe(λ2=35.0) | loss=0.0165
  [Client  2] Round 29 | Hier-pFedMe(λ2=35.0) | loss=0.0160
  [Client  1] Round 29 | Hier-pFedMe(λ2=35.0) | loss=0.0215
  [Client  9] Round 29 | Hier-pFedMe(λ2=35.0) | loss=0.0173
  [Edge 1] G29 | E4 | loss=0.0174
  [Edge 1] G29 | E5 | Hier-pFedMe | Selected 7/7
  [Client  0] Round 29 | Hier-pFedMe(λ2=35.0) | loss=0.0145
  [Client 15] Round 29 | Hier-pFedMe(λ2=35.0) | loss=0.0156
  [Client  2] Round 29 | Hier-pFedMe(λ2=35.0) | loss=0.0175
  [Client 16] Round 29 | Hier-pFedMe(λ2=35.0) | loss=0.0205
  [Client  1] Round 29 | Hier-pFedMe(λ2=35.0) | loss=0.0288
  [Client  9] Round 29 | Hier-pFedMe(λ2=35.0) | loss=0.0174
  [Client  3] Round 29 | Hier-pFedMe(λ2=35.0) | loss=0.0166
  [Edge 1] G29 | E5 | loss=0.0187
  [Cloud] GM=0.0514 | EM=0.0486 | loss=36.7755 | time=523.0s | comm=4592.1MB (total=133171MB)

[Round  30] Broadcasting to 2 edges...
  [Edge 0] G30 | E1 | Hier-pFedMe | Selected 13/13
  [Client 19] Round 30 | Hier-pFedMe(λ2=35.0) | loss=0.0524
  [Client 13] Round 30 | Hier-pFedMe(λ2=35.0) | loss=0.0387
  [Client 17] Round 30 | Hier-pFedMe(λ2=35.0) | loss=0.0528
  [Client 14] Round 30 | Hier-pFedMe(λ2=35.0) | loss=0.0452
  [Client  8] Round 30 | Hier-pFedMe(λ2=35.0) | loss=0.0686
  [Client  5] Round 30 | Hier-pFedMe(λ2=35.0) | loss=0.0547
  [Client  4] Round 30 | Hier-pFedMe(λ2=35.0) | loss=0.0629
  [Client 10] Round 30 | Hier-pFedMe(λ2=35.0) | loss=0.0576
  [Client 12] Round 30 | Hier-pFedMe(λ2=35.0) | loss=0.0449
  [Client 18] Round 30 | Hier-pFedMe(λ2=35.0) | loss=0.0509
  [Client 11] Round 30 | Hier-pFedMe(λ2=35.0) | loss=0.0611
  [Client  6] Round 30 | Hier-pFedMe(λ2=35.0) | loss=0.0513
  [Client  7] Round 30 | Hier-pFedMe(λ2=35.0) | loss=0.0559
  [Edge 0] G30 | E1 | loss=0.0536
  [Edge 0] G30 | E2 | Hier-pFedMe | Selected 13/13
  [Client 18] Round 30 | Hier-pFedMe(λ2=35.0) | loss=0.0475
  [Client 13] Round 30 | Hier-pFedMe(λ2=35.0) | loss=0.0349
  [Client  4] Round 30 | Hier-pFedMe(λ2=35.0) | loss=0.0566
  [Client 10] Round 30 | Hier-pFedMe(λ2=35.0) | loss=0.0567
  [Client 19] Round 30 | Hier-pFedMe(λ2=35.0) | loss=0.0540
  [Client 17] Round 30 | Hier-pFedMe(λ2=35.0) | loss=0.0423
  [Client 11] Round 30 | Hier-pFedMe(λ2=35.0) | loss=0.0452
  [Client  6] Round 30 | Hier-pFedMe(λ2=35.0) | loss=0.0517
  [Client 12] Round 30 | Hier-pFedMe(λ2=35.0) | loss=0.0449
  [Client  5] Round 30 | Hier-pFedMe(λ2=35.0) | loss=0.0441
  [Client  8] Round 30 | Hier-pFedMe(λ2=35.0) | loss=0.0699
  [Client  7] Round 30 | Hier-pFedMe(λ2=35.0) | loss=0.0476
  [Client 14] Round 30 | Hier-pFedMe(λ2=35.0) | loss=0.0423
  [Edge 0] G30 | E2 | loss=0.0491
  [Edge 0] G30 | E3 | Hier-pFedMe | Selected 13/13
  [Client  8] Round 30 | Hier-pFedMe(λ2=35.0) | loss=0.0492
  [Client  6] Round 30 | Hier-pFedMe(λ2=35.0) | loss=0.0474
  [Client 13] Round 30 | Hier-pFedMe(λ2=35.0) | loss=0.0349
  [Client  5] Round 30 | Hier-pFedMe(λ2=35.0) | loss=0.0455
  [Client 10] Round 30 | Hier-pFedMe(λ2=35.0) | loss=0.0566
  [Client 12] Round 30 | Hier-pFedMe(λ2=35.0) | loss=0.0375
  [Client 19] Round 30 | Hier-pFedMe(λ2=35.0) | loss=0.0424
  [Client  7] Round 30 | Hier-pFedMe(λ2=35.0) | loss=0.0505
  [Client 18] Round 30 | Hier-pFedMe(λ2=35.0) | loss=0.0434
  [Client 11] Round 30 | Hier-pFedMe(λ2=35.0) | loss=0.0511
  [Client 14] Round 30 | Hier-pFedMe(λ2=35.0) | loss=0.0427
  [Client  4] Round 30 | Hier-pFedMe(λ2=35.0) | loss=0.0539
  [Client 17] Round 30 | Hier-pFedMe(λ2=35.0) | loss=0.0438
  [Edge 0] G30 | E3 | loss=0.0461
  [Edge 0] G30 | E4 | Hier-pFedMe | Selected 13/13
  [Client 12] Round 30 | Hier-pFedMe(λ2=35.0) | loss=0.0502
  [Client 17] Round 30 | Hier-pFedMe(λ2=35.0) | loss=0.0416
  [Client 14] Round 30 | Hier-pFedMe(λ2=35.0) | loss=0.0374
  [Client 10] Round 30 | Hier-pFedMe(λ2=35.0) | loss=0.0492
  [Client 11] Round 30 | Hier-pFedMe(λ2=35.0) | loss=0.0418
  [Client  4] Round 30 | Hier-pFedMe(λ2=35.0) | loss=0.0681
  [Client 18] Round 30 | Hier-pFedMe(λ2=35.0) | loss=0.0409
  [Client  5] Round 30 | Hier-pFedMe(λ2=35.0) | loss=0.0406
  [Client 19] Round 30 | Hier-pFedMe(λ2=35.0) | loss=0.0433
  [Client  6] Round 30 | Hier-pFedMe(λ2=35.0) | loss=0.0500
  [Client  8] Round 30 | Hier-pFedMe(λ2=35.0) | loss=0.0507
  [Client 13] Round 30 | Hier-pFedMe(λ2=35.0) | loss=0.0284
  [Client  7] Round 30 | Hier-pFedMe(λ2=35.0) | loss=0.0402
  [Edge 0] G30 | E4 | loss=0.0448
  [Edge 0] G30 | E5 | Hier-pFedMe | Selected 13/13
  [Client 19] Round 30 | Hier-pFedMe(λ2=35.0) | loss=0.0556
  [Client 12] Round 30 | Hier-pFedMe(λ2=35.0) | loss=0.0401
  [Client  7] Round 30 | Hier-pFedMe(λ2=35.0) | loss=0.0511
  [Client  5] Round 30 | Hier-pFedMe(λ2=35.0) | loss=0.0383
  [Client  8] Round 30 | Hier-pFedMe(λ2=35.0) | loss=0.0709
  [Client 13] Round 30 | Hier-pFedMe(λ2=35.0) | loss=0.0340
  [Client 17] Round 30 | Hier-pFedMe(λ2=35.0) | loss=0.0380
  [Client  6] Round 30 | Hier-pFedMe(λ2=35.0) | loss=0.0452
  [Client 11] Round 30 | Hier-pFedMe(λ2=35.0) | loss=0.0522
  [Client 14] Round 30 | Hier-pFedMe(λ2=35.0) | loss=0.0387
  [Client  4] Round 30 | Hier-pFedMe(λ2=35.0) | loss=0.0666
  [Client 18] Round 30 | Hier-pFedMe(λ2=35.0) | loss=0.0459
  [Client 10] Round 30 | Hier-pFedMe(λ2=35.0) | loss=0.0437
  [Edge 0] G30 | E5 | loss=0.0477
  [Edge 1] G30 | E1 | Hier-pFedMe | Selected 7/7
  [Client  9] Round 30 | Hier-pFedMe(λ2=35.0) | loss=0.0271
  [Client  0] Round 30 | Hier-pFedMe(λ2=35.0) | loss=0.0216
  [Client 15] Round 30 | Hier-pFedMe(λ2=35.0) | loss=0.0147
  [Client  2] Round 30 | Hier-pFedMe(λ2=35.0) | loss=0.0232
  [Client  3] Round 30 | Hier-pFedMe(λ2=35.0) | loss=0.0205
  [Client  1] Round 30 | Hier-pFedMe(λ2=35.0) | loss=0.0214
  [Client 16] Round 30 | Hier-pFedMe(λ2=35.0) | loss=0.0185
  [Edge 1] G30 | E1 | loss=0.0210
  [Edge 1] G30 | E2 | Hier-pFedMe | Selected 7/7
  [Client  0] Round 30 | Hier-pFedMe(λ2=35.0) | loss=0.0174
  [Client  9] Round 30 | Hier-pFedMe(λ2=35.0) | loss=0.0199
  [Client  1] Round 30 | Hier-pFedMe(λ2=35.0) | loss=0.0202
  [Client 16] Round 30 | Hier-pFedMe(λ2=35.0) | loss=0.0172
  [Client  2] Round 30 | Hier-pFedMe(λ2=35.0) | loss=0.0183
  [Client 15] Round 30 | Hier-pFedMe(λ2=35.0) | loss=0.0168
  [Client  3] Round 30 | Hier-pFedMe(λ2=35.0) | loss=0.0209
  [Edge 1] G30 | E2 | loss=0.0187
  [Edge 1] G30 | E3 | Hier-pFedMe | Selected 7/7
  [Client  9] Round 30 | Hier-pFedMe(λ2=35.0) | loss=0.0199
  [Client 16] Round 30 | Hier-pFedMe(λ2=35.0) | loss=0.0121
  [Client 15] Round 30 | Hier-pFedMe(λ2=35.0) | loss=0.0181
  [Client  3] Round 30 | Hier-pFedMe(λ2=35.0) | loss=0.0275
  [Client  0] Round 30 | Hier-pFedMe(λ2=35.0) | loss=0.0139
  [Client  2] Round 30 | Hier-pFedMe(λ2=35.0) | loss=0.0170
  [Client  1] Round 30 | Hier-pFedMe(λ2=35.0) | loss=0.0194
  [Edge 1] G30 | E3 | loss=0.0183
  [Edge 1] G30 | E4 | Hier-pFedMe | Selected 7/7
  [Client  9] Round 30 | Hier-pFedMe(λ2=35.0) | loss=0.0202
  [Client 16] Round 30 | Hier-pFedMe(λ2=35.0) | loss=0.0117
  [Client 15] Round 30 | Hier-pFedMe(λ2=35.0) | loss=0.0188
  [Client  3] Round 30 | Hier-pFedMe(λ2=35.0) | loss=0.0151
  [Client  0] Round 30 | Hier-pFedMe(λ2=35.0) | loss=0.0131
  [Client  2] Round 30 | Hier-pFedMe(λ2=35.0) | loss=0.0149
  [Client  1] Round 30 | Hier-pFedMe(λ2=35.0) | loss=0.0172
  [Edge 1] G30 | E4 | loss=0.0158
  [Edge 1] G30 | E5 | Hier-pFedMe | Selected 7/7
  [Client  9] Round 30 | Hier-pFedMe(λ2=35.0) | loss=0.0224
  [Client  2] Round 30 | Hier-pFedMe(λ2=35.0) | loss=0.0178
  [Client  0] Round 30 | Hier-pFedMe(λ2=35.0) | loss=0.0143
  [Client  3] Round 30 | Hier-pFedMe(λ2=35.0) | loss=0.0128
  [Client  1] Round 30 | Hier-pFedMe(λ2=35.0) | loss=0.0207
  [Client 15] Round 30 | Hier-pFedMe(λ2=35.0) | loss=0.0137
  [Client 16] Round 30 | Hier-pFedMe(λ2=35.0) | loss=0.0134
  [Edge 1] G30 | E5 | loss=0.0165
  [Cloud] GM=0.0541 | EM=0.0488 PM=0.8827 | loss=36.5406 | time=538.3s | comm=4592.1MB (total=137764MB)

[Round  31] Broadcasting to 2 edges...
  [Edge 0] G31 | E1 | Hier-pFedMe | Selected 13/13
  [Client 12] Round 31 | Hier-pFedMe(λ2=35.0) | loss=0.0461
  [Client  8] Round 31 | Hier-pFedMe(λ2=35.0) | loss=0.0600
  [Client  4] Round 31 | Hier-pFedMe(λ2=35.0) | loss=0.0588
  [Client  7] Round 31 | Hier-pFedMe(λ2=35.0) | loss=0.0502
  [Client 11] Round 31 | Hier-pFedMe(λ2=35.0) | loss=0.0487
  [Client  6] Round 31 | Hier-pFedMe(λ2=35.0) | loss=0.0604
  [Client 14] Round 31 | Hier-pFedMe(λ2=35.0) | loss=0.0446
  [Client 13] Round 31 | Hier-pFedMe(λ2=35.0) | loss=0.0296
  [Client 18] Round 31 | Hier-pFedMe(λ2=35.0) | loss=0.0510
  [Client 17] Round 31 | Hier-pFedMe(λ2=35.0) | loss=0.0572
  [Client 10] Round 31 | Hier-pFedMe(λ2=35.0) | loss=0.0550
  [Client  5] Round 31 | Hier-pFedMe(λ2=35.0) | loss=0.0495
  [Client 19] Round 31 | Hier-pFedMe(λ2=35.0) | loss=0.0510
  [Edge 0] G31 | E1 | loss=0.0509
  [Edge 0] G31 | E2 | Hier-pFedMe | Selected 13/13
  [Client 19] Round 31 | Hier-pFedMe(λ2=35.0) | loss=0.0452
  [Client 13] Round 31 | Hier-pFedMe(λ2=35.0) | loss=0.0331
  [Client 11] Round 31 | Hier-pFedMe(λ2=35.0) | loss=0.0394
  [Client  4] Round 31 | Hier-pFedMe(λ2=35.0) | loss=0.0605
  [Client  6] Round 31 | Hier-pFedMe(λ2=35.0) | loss=0.0455
  [Client 18] Round 31 | Hier-pFedMe(λ2=35.0) | loss=0.0414
  [Client 14] Round 31 | Hier-pFedMe(λ2=35.0) | loss=0.0413
  [Client 17] Round 31 | Hier-pFedMe(λ2=35.0) | loss=0.0417
  [Client 12] Round 31 | Hier-pFedMe(λ2=35.0) | loss=0.0372
  [Client  8] Round 31 | Hier-pFedMe(λ2=35.0) | loss=0.0556
  [Client  5] Round 31 | Hier-pFedMe(λ2=35.0) | loss=0.0416
  [Client  7] Round 31 | Hier-pFedMe(λ2=35.0) | loss=0.0436
  [Client 10] Round 31 | Hier-pFedMe(λ2=35.0) | loss=0.0460
  [Edge 0] G31 | E2 | loss=0.0440
  [Edge 0] G31 | E3 | Hier-pFedMe | Selected 13/13
  [Client 11] Round 31 | Hier-pFedMe(λ2=35.0) | loss=0.0538
  [Client 19] Round 31 | Hier-pFedMe(λ2=35.0) | loss=0.0421
  [Client 17] Round 31 | Hier-pFedMe(λ2=35.0) | loss=0.0396
  [Client 10] Round 31 | Hier-pFedMe(λ2=35.0) | loss=0.0529
  [Client 12] Round 31 | Hier-pFedMe(λ2=35.0) | loss=0.0448
  [Client 13] Round 31 | Hier-pFedMe(λ2=35.0) | loss=0.0305
  [Client 14] Round 31 | Hier-pFedMe(λ2=35.0) | loss=0.0501
  [Client  6] Round 31 | Hier-pFedMe(λ2=35.0) | loss=0.0540
  [Client  5] Round 31 | Hier-pFedMe(λ2=35.0) | loss=0.0435
  [Client  4] Round 31 | Hier-pFedMe(λ2=35.0) | loss=0.0649
  [Client 18] Round 31 | Hier-pFedMe(λ2=35.0) | loss=0.0503
  [Client  8] Round 31 | Hier-pFedMe(λ2=35.0) | loss=0.0545
  [Client  7] Round 31 | Hier-pFedMe(λ2=35.0) | loss=0.0457
  [Edge 0] G31 | E3 | loss=0.0482
  [Edge 0] G31 | E4 | Hier-pFedMe | Selected 13/13
  [Client 12] Round 31 | Hier-pFedMe(λ2=35.0) | loss=0.0362
  [Client 11] Round 31 | Hier-pFedMe(λ2=35.0) | loss=0.0407
  [Client  6] Round 31 | Hier-pFedMe(λ2=35.0) | loss=0.0400
  [Client  4] Round 31 | Hier-pFedMe(λ2=35.0) | loss=0.0526
  [Client  8] Round 31 | Hier-pFedMe(λ2=35.0) | loss=0.0553
  [Client 13] Round 31 | Hier-pFedMe(λ2=35.0) | loss=0.0278
  [Client  5] Round 31 | Hier-pFedMe(λ2=35.0) | loss=0.0355
  [Client 10] Round 31 | Hier-pFedMe(λ2=35.0) | loss=0.0372
  [Client 14] Round 31 | Hier-pFedMe(λ2=35.0) | loss=0.0384
  [Client 19] Round 31 | Hier-pFedMe(λ2=35.0) | loss=0.0394
  [Client 17] Round 31 | Hier-pFedMe(λ2=35.0) | loss=0.0413
  [Client  7] Round 31 | Hier-pFedMe(λ2=35.0) | loss=0.0396
  [Client 18] Round 31 | Hier-pFedMe(λ2=35.0) | loss=0.0541
  [Edge 0] G31 | E4 | loss=0.0414
  [Edge 0] G31 | E5 | Hier-pFedMe | Selected 13/13
  [Client 12] Round 31 | Hier-pFedMe(λ2=35.0) | loss=0.0364
  [Client  8] Round 31 | Hier-pFedMe(λ2=35.0) | loss=0.0598
  [Client  7] Round 31 | Hier-pFedMe(λ2=35.0) | loss=0.0462
  [Client 17] Round 31 | Hier-pFedMe(λ2=35.0) | loss=0.0426
  [Client  5] Round 31 | Hier-pFedMe(λ2=35.0) | loss=0.0381
  [Client 18] Round 31 | Hier-pFedMe(λ2=35.0) | loss=0.0376
  [Client 10] Round 31 | Hier-pFedMe(λ2=35.0) | loss=0.0467
  [Client  6] Round 31 | Hier-pFedMe(λ2=35.0) | loss=0.0428
  [Client 13] Round 31 | Hier-pFedMe(λ2=35.0) | loss=0.0243
  [Client  4] Round 31 | Hier-pFedMe(λ2=35.0) | loss=0.0528
  [Client 14] Round 31 | Hier-pFedMe(λ2=35.0) | loss=0.0389
  [Client 19] Round 31 | Hier-pFedMe(λ2=35.0) | loss=0.0446
  [Client 11] Round 31 | Hier-pFedMe(λ2=35.0) | loss=0.0506
  [Edge 0] G31 | E5 | loss=0.0432
  [Edge 1] G31 | E1 | Hier-pFedMe | Selected 7/7
  [Client  1] Round 31 | Hier-pFedMe(λ2=35.0) | loss=0.0202
  [Client  2] Round 31 | Hier-pFedMe(λ2=35.0) | loss=0.0166
  [Client 16] Round 31 | Hier-pFedMe(λ2=35.0) | loss=0.0160
  [Client 15] Round 31 | Hier-pFedMe(λ2=35.0) | loss=0.0220
  [Client  9] Round 31 | Hier-pFedMe(λ2=35.0) | loss=0.0219
  [Client  0] Round 31 | Hier-pFedMe(λ2=35.0) | loss=0.0204
  [Client  3] Round 31 | Hier-pFedMe(λ2=35.0) | loss=0.0171
  [Edge 1] G31 | E1 | loss=0.0192
  [Edge 1] G31 | E2 | Hier-pFedMe | Selected 7/7
  [Client  9] Round 31 | Hier-pFedMe(λ2=35.0) | loss=0.0164
  [Client  1] Round 31 | Hier-pFedMe(λ2=35.0) | loss=0.0251
  [Client 16] Round 31 | Hier-pFedMe(λ2=35.0) | loss=0.0110
  [Client  3] Round 31 | Hier-pFedMe(λ2=35.0) | loss=0.0142
  [Client  2] Round 31 | Hier-pFedMe(λ2=35.0) | loss=0.0166
  [Client 15] Round 31 | Hier-pFedMe(λ2=35.0) | loss=0.0239
  [Client  0] Round 31 | Hier-pFedMe(λ2=35.0) | loss=0.0167
  [Edge 1] G31 | E2 | loss=0.0177
  [Edge 1] G31 | E3 | Hier-pFedMe | Selected 7/7
  [Client  0] Round 31 | Hier-pFedMe(λ2=35.0) | loss=0.0129
  [Client  9] Round 31 | Hier-pFedMe(λ2=35.0) | loss=0.0183
  [Client  3] Round 31 | Hier-pFedMe(λ2=35.0) | loss=0.0137
  [Client 16] Round 31 | Hier-pFedMe(λ2=35.0) | loss=0.0158
  [Client  1] Round 31 | Hier-pFedMe(λ2=35.0) | loss=0.0162
  [Client  2] Round 31 | Hier-pFedMe(λ2=35.0) | loss=0.0174
  [Client 15] Round 31 | Hier-pFedMe(λ2=35.0) | loss=0.0151
  [Edge 1] G31 | E3 | loss=0.0156
  [Edge 1] G31 | E4 | Hier-pFedMe | Selected 7/7
  [Client  9] Round 31 | Hier-pFedMe(λ2=35.0) | loss=0.0187
  [Client  0] Round 31 | Hier-pFedMe(λ2=35.0) | loss=0.0141
  [Client  3] Round 31 | Hier-pFedMe(λ2=35.0) | loss=0.0181
  [Client 15] Round 31 | Hier-pFedMe(λ2=35.0) | loss=0.0201
  [Client  2] Round 31 | Hier-pFedMe(λ2=35.0) | loss=0.0151
  [Client  1] Round 31 | Hier-pFedMe(λ2=35.0) | loss=0.0154
  [Client 16] Round 31 | Hier-pFedMe(λ2=35.0) | loss=0.0126
  [Edge 1] G31 | E4 | loss=0.0163
  [Edge 1] G31 | E5 | Hier-pFedMe | Selected 7/7
  [Client  0] Round 31 | Hier-pFedMe(λ2=35.0) | loss=0.0109
  [Client  2] Round 31 | Hier-pFedMe(λ2=35.0) | loss=0.0164
  [Client 15] Round 31 | Hier-pFedMe(λ2=35.0) | loss=0.0187
  [Client  1] Round 31 | Hier-pFedMe(λ2=35.0) | loss=0.0151
  [Client  9] Round 31 | Hier-pFedMe(λ2=35.0) | loss=0.0187
  [Client  3] Round 31 | Hier-pFedMe(λ2=35.0) | loss=0.0151
  [Client 16] Round 31 | Hier-pFedMe(λ2=35.0) | loss=0.0141
  [Edge 1] G31 | E5 | loss=0.0156
  [Cloud] GM=0.0519 | EM=0.0477 | loss=37.3868 | time=523.4s | comm=4592.1MB (total=142356MB)

[Round  32] Broadcasting to 2 edges...
  [Edge 0] G32 | E1 | Hier-pFedMe | Selected 13/13
  [Client 13] Round 32 | Hier-pFedMe(λ2=35.0) | loss=0.0299
  [Client 11] Round 32 | Hier-pFedMe(λ2=35.0) | loss=0.0509
  [Client 10] Round 32 | Hier-pFedMe(λ2=35.0) | loss=0.0511
  [Client 19] Round 32 | Hier-pFedMe(λ2=35.0) | loss=0.0482
  [Client 18] Round 32 | Hier-pFedMe(λ2=35.0) | loss=0.0427
  [Client 14] Round 32 | Hier-pFedMe(λ2=35.0) | loss=0.0434
  [Client  6] Round 32 | Hier-pFedMe(λ2=35.0) | loss=0.0626
  [Client  5] Round 32 | Hier-pFedMe(λ2=35.0) | loss=0.0432
  [Client 17] Round 32 | Hier-pFedMe(λ2=35.0) | loss=0.0435
  [Client  8] Round 32 | Hier-pFedMe(λ2=35.0) | loss=0.0561
  [Client  4] Round 32 | Hier-pFedMe(λ2=35.0) | loss=0.0606
  [Client  7] Round 32 | Hier-pFedMe(λ2=35.0) | loss=0.0407
  [Client 12] Round 32 | Hier-pFedMe(λ2=35.0) | loss=0.0345
  [Edge 0] G32 | E1 | loss=0.0467
  [Edge 0] G32 | E2 | Hier-pFedMe | Selected 13/13
  [Client 17] Round 32 | Hier-pFedMe(λ2=35.0) | loss=0.0437
  [Client  8] Round 32 | Hier-pFedMe(λ2=35.0) | loss=0.0545
  [Client  4] Round 32 | Hier-pFedMe(λ2=35.0) | loss=0.0469
  [Client  5] Round 32 | Hier-pFedMe(λ2=35.0) | loss=0.0343
  [Client 11] Round 32 | Hier-pFedMe(λ2=35.0) | loss=0.0488
  [Client 13] Round 32 | Hier-pFedMe(λ2=35.0) | loss=0.0257
  [Client 14] Round 32 | Hier-pFedMe(λ2=35.0) | loss=0.0472
  [Client  6] Round 32 | Hier-pFedMe(λ2=35.0) | loss=0.0470
  [Client 12] Round 32 | Hier-pFedMe(λ2=35.0) | loss=0.0396
  [Client  7] Round 32 | Hier-pFedMe(λ2=35.0) | loss=0.0360
  [Client 19] Round 32 | Hier-pFedMe(λ2=35.0) | loss=0.0383
  [Client 18] Round 32 | Hier-pFedMe(λ2=35.0) | loss=0.0454
  [Client 10] Round 32 | Hier-pFedMe(λ2=35.0) | loss=0.0459
  [Edge 0] G32 | E2 | loss=0.0426
  [Edge 0] G32 | E3 | Hier-pFedMe | Selected 13/13
  [Client  4] Round 32 | Hier-pFedMe(λ2=35.0) | loss=0.0539
  [Client  6] Round 32 | Hier-pFedMe(λ2=35.0) | loss=0.0433
  [Client  7] Round 32 | Hier-pFedMe(λ2=35.0) | loss=0.0352
  [Client  5] Round 32 | Hier-pFedMe(λ2=35.0) | loss=0.0421
  [Client 14] Round 32 | Hier-pFedMe(λ2=35.0) | loss=0.0315
  [Client  8] Round 32 | Hier-pFedMe(λ2=35.0) | loss=0.0468
  [Client 19] Round 32 | Hier-pFedMe(λ2=35.0) | loss=0.0440
  [Client 11] Round 32 | Hier-pFedMe(λ2=35.0) | loss=0.0421
  [Client 12] Round 32 | Hier-pFedMe(λ2=35.0) | loss=0.0343
  [Client 13] Round 32 | Hier-pFedMe(λ2=35.0) | loss=0.0325
  [Client 18] Round 32 | Hier-pFedMe(λ2=35.0) | loss=0.0440
  [Client 10] Round 32 | Hier-pFedMe(λ2=35.0) | loss=0.0479
  [Client 17] Round 32 | Hier-pFedMe(λ2=35.0) | loss=0.0450
  [Edge 0] G32 | E3 | loss=0.0417
  [Edge 0] G32 | E4 | Hier-pFedMe | Selected 13/13
  [Client 13] Round 32 | Hier-pFedMe(λ2=35.0) | loss=0.0308
  [Client  6] Round 32 | Hier-pFedMe(λ2=35.0) | loss=0.0455
  [Client  5] Round 32 | Hier-pFedMe(λ2=35.0) | loss=0.0343
  [Client  4] Round 32 | Hier-pFedMe(λ2=35.0) | loss=0.0529
  [Client 19] Round 32 | Hier-pFedMe(λ2=35.0) | loss=0.0415
  [Client 14] Round 32 | Hier-pFedMe(λ2=35.0) | loss=0.0429
  [Client  7] Round 32 | Hier-pFedMe(λ2=35.0) | loss=0.0375
  [Client 10] Round 32 | Hier-pFedMe(λ2=35.0) | loss=0.0401
  [Client 12] Round 32 | Hier-pFedMe(λ2=35.0) | loss=0.0488
  [Client 17] Round 32 | Hier-pFedMe(λ2=35.0) | loss=0.0445
  [Client 18] Round 32 | Hier-pFedMe(λ2=35.0) | loss=0.0435
  [Client 11] Round 32 | Hier-pFedMe(λ2=35.0) | loss=0.0436
  [Client  8] Round 32 | Hier-pFedMe(λ2=35.0) | loss=0.0417
  [Edge 0] G32 | E4 | loss=0.0421
  [Edge 0] G32 | E5 | Hier-pFedMe | Selected 13/13
  [Client  5] Round 32 | Hier-pFedMe(λ2=35.0) | loss=0.0335
  [Client  4] Round 32 | Hier-pFedMe(λ2=35.0) | loss=0.0413
  [Client  7] Round 32 | Hier-pFedMe(λ2=35.0) | loss=0.0347
  [Client 10] Round 32 | Hier-pFedMe(λ2=35.0) | loss=0.0493
  [Client 13] Round 32 | Hier-pFedMe(λ2=35.0) | loss=0.0212
  [Client 12] Round 32 | Hier-pFedMe(λ2=35.0) | loss=0.0285
  [Client 14] Round 32 | Hier-pFedMe(λ2=35.0) | loss=0.0389
  [Client 11] Round 32 | Hier-pFedMe(λ2=35.0) | loss=0.0369
  [Client  8] Round 32 | Hier-pFedMe(λ2=35.0) | loss=0.0528
  [Client 19] Round 32 | Hier-pFedMe(λ2=35.0) | loss=0.0357
  [Client  6] Round 32 | Hier-pFedMe(λ2=35.0) | loss=0.0445
  [Client 17] Round 32 | Hier-pFedMe(λ2=35.0) | loss=0.0352
  [Client 18] Round 32 | Hier-pFedMe(λ2=35.0) | loss=0.0399
  [Edge 0] G32 | E5 | loss=0.0379
  [Edge 1] G32 | E1 | Hier-pFedMe | Selected 7/7
  [Client  9] Round 32 | Hier-pFedMe(λ2=35.0) | loss=0.0231
  [Client  1] Round 32 | Hier-pFedMe(λ2=35.0) | loss=0.0201
  [Client 16] Round 32 | Hier-pFedMe(λ2=35.0) | loss=0.0161
  [Client  3] Round 32 | Hier-pFedMe(λ2=35.0) | loss=0.0182
  [Client  2] Round 32 | Hier-pFedMe(λ2=35.0) | loss=0.0177
  [Client 15] Round 32 | Hier-pFedMe(λ2=35.0) | loss=0.0196
  [Client  0] Round 32 | Hier-pFedMe(λ2=35.0) | loss=0.0197
  [Edge 1] G32 | E1 | loss=0.0192
  [Edge 1] G32 | E2 | Hier-pFedMe | Selected 7/7
  [Client  1] Round 32 | Hier-pFedMe(λ2=35.0) | loss=0.0163
  [Client  2] Round 32 | Hier-pFedMe(λ2=35.0) | loss=0.0179
  [Client 15] Round 32 | Hier-pFedMe(λ2=35.0) | loss=0.0170
  [Client  3] Round 32 | Hier-pFedMe(λ2=35.0) | loss=0.0162
  [Client  0] Round 32 | Hier-pFedMe(λ2=35.0) | loss=0.0141
  [Client  9] Round 32 | Hier-pFedMe(λ2=35.0) | loss=0.0157
  [Client 16] Round 32 | Hier-pFedMe(λ2=35.0) | loss=0.0126
  [Edge 1] G32 | E2 | loss=0.0157
  [Edge 1] G32 | E3 | Hier-pFedMe | Selected 7/7
  [Client  1] Round 32 | Hier-pFedMe(λ2=35.0) | loss=0.0154
  [Client  0] Round 32 | Hier-pFedMe(λ2=35.0) | loss=0.0135
  [Client 15] Round 32 | Hier-pFedMe(λ2=35.0) | loss=0.0143
  [Client  3] Round 32 | Hier-pFedMe(λ2=35.0) | loss=0.0153
  [Client  9] Round 32 | Hier-pFedMe(λ2=35.0) | loss=0.0196
  [Client  2] Round 32 | Hier-pFedMe(λ2=35.0) | loss=0.0130
  [Client 16] Round 32 | Hier-pFedMe(λ2=35.0) | loss=0.0161
  [Edge 1] G32 | E3 | loss=0.0153
  [Edge 1] G32 | E4 | Hier-pFedMe | Selected 7/7
  [Client  0] Round 32 | Hier-pFedMe(λ2=35.0) | loss=0.0177
  [Client  9] Round 32 | Hier-pFedMe(λ2=35.0) | loss=0.0174
  [Client  2] Round 32 | Hier-pFedMe(λ2=35.0) | loss=0.0206
  [Client 15] Round 32 | Hier-pFedMe(λ2=35.0) | loss=0.0142
  [Client 16] Round 32 | Hier-pFedMe(λ2=35.0) | loss=0.0148
  [Client  3] Round 32 | Hier-pFedMe(λ2=35.0) | loss=0.0118
  [Client  1] Round 32 | Hier-pFedMe(λ2=35.0) | loss=0.0145
  [Edge 1] G32 | E4 | loss=0.0158
  [Edge 1] G32 | E5 | Hier-pFedMe | Selected 7/7
  [Client  0] Round 32 | Hier-pFedMe(λ2=35.0) | loss=0.0134
  [Client  9] Round 32 | Hier-pFedMe(λ2=35.0) | loss=0.0164
  [Client  1] Round 32 | Hier-pFedMe(λ2=35.0) | loss=0.0153
  [Client 16] Round 32 | Hier-pFedMe(λ2=35.0) | loss=0.0128
  [Client  2] Round 32 | Hier-pFedMe(λ2=35.0) | loss=0.0185
  [Client 15] Round 32 | Hier-pFedMe(λ2=35.0) | loss=0.0134
  [Client  3] Round 32 | Hier-pFedMe(λ2=35.0) | loss=0.0153
  [Edge 1] G32 | E5 | loss=0.0150
  [Cloud] GM=0.0483 | EM=0.0463 | loss=38.8613 | time=526.5s | comm=4592.1MB (total=146948MB)

[Round  33] Broadcasting to 2 edges...
  [Edge 0] G33 | E1 | Hier-pFedMe | Selected 13/13
  [Client 19] Round 33 | Hier-pFedMe(λ2=35.0) | loss=0.0475
  [Client 18] Round 33 | Hier-pFedMe(λ2=35.0) | loss=0.0407
  [Client  6] Round 33 | Hier-pFedMe(λ2=35.0) | loss=0.0499
  [Client 10] Round 33 | Hier-pFedMe(λ2=35.0) | loss=0.0504
  [Client  8] Round 33 | Hier-pFedMe(λ2=35.0) | loss=0.0522
  [Client 17] Round 33 | Hier-pFedMe(λ2=35.0) | loss=0.0317
  [Client  4] Round 33 | Hier-pFedMe(λ2=35.0) | loss=0.0534
  [Client  5] Round 33 | Hier-pFedMe(λ2=35.0) | loss=0.0482
  [Client 12] Round 33 | Hier-pFedMe(λ2=35.0) | loss=0.0356
  [Client 11] Round 33 | Hier-pFedMe(λ2=35.0) | loss=0.0451
  [Client 14] Round 33 | Hier-pFedMe(λ2=35.0) | loss=0.0442
  [Client  7] Round 33 | Hier-pFedMe(λ2=35.0) | loss=0.0426
  [Client 13] Round 33 | Hier-pFedMe(λ2=35.0) | loss=0.0284
  [Edge 0] G33 | E1 | loss=0.0438
  [Edge 0] G33 | E2 | Hier-pFedMe | Selected 13/13
  [Client 12] Round 33 | Hier-pFedMe(λ2=35.0) | loss=0.0366
  [Client 13] Round 33 | Hier-pFedMe(λ2=35.0) | loss=0.0267
  [Client  8] Round 33 | Hier-pFedMe(λ2=35.0) | loss=0.0550
  [Client 10] Round 33 | Hier-pFedMe(λ2=35.0) | loss=0.0393
  [Client  4] Round 33 | Hier-pFedMe(λ2=35.0) | loss=0.0441
  [Client 17] Round 33 | Hier-pFedMe(λ2=35.0) | loss=0.0422
  [Client  7] Round 33 | Hier-pFedMe(λ2=35.0) | loss=0.0399
  [Client 14] Round 33 | Hier-pFedMe(λ2=35.0) | loss=0.0369
  [Client 19] Round 33 | Hier-pFedMe(λ2=35.0) | loss=0.0384
  [Client  6] Round 33 | Hier-pFedMe(λ2=35.0) | loss=0.0414
  [Client 18] Round 33 | Hier-pFedMe(λ2=35.0) | loss=0.0398
  [Client 11] Round 33 | Hier-pFedMe(λ2=35.0) | loss=0.0415
  [Client  5] Round 33 | Hier-pFedMe(λ2=35.0) | loss=0.0366
  [Edge 0] G33 | E2 | loss=0.0399
  [Edge 0] G33 | E3 | Hier-pFedMe | Selected 13/13
  [Client 12] Round 33 | Hier-pFedMe(λ2=35.0) | loss=0.0323
  [Client  6] Round 33 | Hier-pFedMe(λ2=35.0) | loss=0.0415
  [Client  7] Round 33 | Hier-pFedMe(λ2=35.0) | loss=0.0424
  [Client 14] Round 33 | Hier-pFedMe(λ2=35.0) | loss=0.0395
  [Client  4] Round 33 | Hier-pFedMe(λ2=35.0) | loss=0.0479
  [Client  8] Round 33 | Hier-pFedMe(λ2=35.0) | loss=0.0543
  [Client 11] Round 33 | Hier-pFedMe(λ2=35.0) | loss=0.0409
  [Client 17] Round 33 | Hier-pFedMe(λ2=35.0) | loss=0.0327
  [Client 19] Round 33 | Hier-pFedMe(λ2=35.0) | loss=0.0344
  [Client 13] Round 33 | Hier-pFedMe(λ2=35.0) | loss=0.0267
  [Client  5] Round 33 | Hier-pFedMe(λ2=35.0) | loss=0.0365
  [Client 10] Round 33 | Hier-pFedMe(λ2=35.0) | loss=0.0429
  [Client 18] Round 33 | Hier-pFedMe(λ2=35.0) | loss=0.0417
  [Edge 0] G33 | E3 | loss=0.0395
  [Edge 0] G33 | E4 | Hier-pFedMe | Selected 13/13
  [Client  8] Round 33 | Hier-pFedMe(λ2=35.0) | loss=0.0560
  [Client 13] Round 33 | Hier-pFedMe(λ2=35.0) | loss=0.0209
  [Client 10] Round 33 | Hier-pFedMe(λ2=35.0) | loss=0.0397
  [Client 14] Round 33 | Hier-pFedMe(λ2=35.0) | loss=0.0332
  [Client 12] Round 33 | Hier-pFedMe(λ2=35.0) | loss=0.0299
  [Client 11] Round 33 | Hier-pFedMe(λ2=35.0) | loss=0.0408
  [Client  6] Round 33 | Hier-pFedMe(λ2=35.0) | loss=0.0485
  [Client 17] Round 33 | Hier-pFedMe(λ2=35.0) | loss=0.0357
  [Client 18] Round 33 | Hier-pFedMe(λ2=35.0) | loss=0.0315
  [Client 19] Round 33 | Hier-pFedMe(λ2=35.0) | loss=0.0434
  [Client  7] Round 33 | Hier-pFedMe(λ2=35.0) | loss=0.0407
  [Client  4] Round 33 | Hier-pFedMe(λ2=35.0) | loss=0.0481
  [Client  5] Round 33 | Hier-pFedMe(λ2=35.0) | loss=0.0331
  [Edge 0] G33 | E4 | loss=0.0386
  [Edge 0] G33 | E5 | Hier-pFedMe | Selected 13/13
  [Client 12] Round 33 | Hier-pFedMe(λ2=35.0) | loss=0.0344
  [Client 19] Round 33 | Hier-pFedMe(λ2=35.0) | loss=0.0394
  [Client 18] Round 33 | Hier-pFedMe(λ2=35.0) | loss=0.0350
  [Client 14] Round 33 | Hier-pFedMe(λ2=35.0) | loss=0.0322
  [Client 10] Round 33 | Hier-pFedMe(λ2=35.0) | loss=0.0396
  [Client  6] Round 33 | Hier-pFedMe(λ2=35.0) | loss=0.0363
  [Client  7] Round 33 | Hier-pFedMe(λ2=35.0) | loss=0.0288
  [Client  4] Round 33 | Hier-pFedMe(λ2=35.0) | loss=0.0448
  [Client 11] Round 33 | Hier-pFedMe(λ2=35.0) | loss=0.0328
  [Client  8] Round 33 | Hier-pFedMe(λ2=35.0) | loss=0.0451
  [Client 13] Round 33 | Hier-pFedMe(λ2=35.0) | loss=0.0287
  [Client  5] Round 33 | Hier-pFedMe(λ2=35.0) | loss=0.0316
  [Client 17] Round 33 | Hier-pFedMe(λ2=35.0) | loss=0.0368
  [Edge 0] G33 | E5 | loss=0.0358
  [Edge 1] G33 | E1 | Hier-pFedMe | Selected 7/7
  [Client  0] Round 33 | Hier-pFedMe(λ2=35.0) | loss=0.0145
  [Client  1] Round 33 | Hier-pFedMe(λ2=35.0) | loss=0.0201
  [Client  9] Round 33 | Hier-pFedMe(λ2=35.0) | loss=0.0147
  [Client 15] Round 33 | Hier-pFedMe(λ2=35.0) | loss=0.0206
  [Client 16] Round 33 | Hier-pFedMe(λ2=35.0) | loss=0.0185
  [Client  3] Round 33 | Hier-pFedMe(λ2=35.0) | loss=0.0210
  [Client  2] Round 33 | Hier-pFedMe(λ2=35.0) | loss=0.0171
  [Edge 1] G33 | E1 | loss=0.0181
  [Edge 1] G33 | E2 | Hier-pFedMe | Selected 7/7
  [Client  0] Round 33 | Hier-pFedMe(λ2=35.0) | loss=0.0118
  [Client  1] Round 33 | Hier-pFedMe(λ2=35.0) | loss=0.0187
  [Client  2] Round 33 | Hier-pFedMe(λ2=35.0) | loss=0.0153
  [Client  3] Round 33 | Hier-pFedMe(λ2=35.0) | loss=0.0174
  [Client  9] Round 33 | Hier-pFedMe(λ2=35.0) | loss=0.0160
  [Client 16] Round 33 | Hier-pFedMe(λ2=35.0) | loss=0.0151
  [Client 15] Round 33 | Hier-pFedMe(λ2=35.0) | loss=0.0162
  [Edge 1] G33 | E2 | loss=0.0158
  [Edge 1] G33 | E3 | Hier-pFedMe | Selected 7/7
  [Client  0] Round 33 | Hier-pFedMe(λ2=35.0) | loss=0.0124
  [Client  9] Round 33 | Hier-pFedMe(λ2=35.0) | loss=0.0150
  [Client  1] Round 33 | Hier-pFedMe(λ2=35.0) | loss=0.0205
  [Client  3] Round 33 | Hier-pFedMe(λ2=35.0) | loss=0.0168
  [Client  2] Round 33 | Hier-pFedMe(λ2=35.0) | loss=0.0188
  [Client 16] Round 33 | Hier-pFedMe(λ2=35.0) | loss=0.0128
  [Client 15] Round 33 | Hier-pFedMe(λ2=35.0) | loss=0.0165
  [Edge 1] G33 | E3 | loss=0.0161
  [Edge 1] G33 | E4 | Hier-pFedMe | Selected 7/7
  [Client  1] Round 33 | Hier-pFedMe(λ2=35.0) | loss=0.0169
  [Client  9] Round 33 | Hier-pFedMe(λ2=35.0) | loss=0.0165
  [Client  0] Round 33 | Hier-pFedMe(λ2=35.0) | loss=0.0134
  [Client  3] Round 33 | Hier-pFedMe(λ2=35.0) | loss=0.0165
  [Client  2] Round 33 | Hier-pFedMe(λ2=35.0) | loss=0.0314
  [Client 16] Round 33 | Hier-pFedMe(λ2=35.0) | loss=0.0112
  [Client 15] Round 33 | Hier-pFedMe(λ2=35.0) | loss=0.0134
  [Edge 1] G33 | E4 | loss=0.0171
  [Edge 1] G33 | E5 | Hier-pFedMe | Selected 7/7
  [Client  0] Round 33 | Hier-pFedMe(λ2=35.0) | loss=0.0184
  [Client  9] Round 33 | Hier-pFedMe(λ2=35.0) | loss=0.0143
  [Client 16] Round 33 | Hier-pFedMe(λ2=35.0) | loss=0.0122
  [Client  3] Round 33 | Hier-pFedMe(λ2=35.0) | loss=0.0148
  [Client 15] Round 33 | Hier-pFedMe(λ2=35.0) | loss=0.0120
  [Client  2] Round 33 | Hier-pFedMe(λ2=35.0) | loss=0.0304
  [Client  1] Round 33 | Hier-pFedMe(λ2=35.0) | loss=0.0150
  [Edge 1] G33 | E5 | loss=0.0167
  [Cloud] GM=0.0492 | EM=0.0494 | loss=38.7898 | time=523.6s | comm=4592.1MB (total=151540MB)

[Round  34] Broadcasting to 2 edges...
  [Edge 0] G34 | E1 | Hier-pFedMe | Selected 13/13
  [Client 18] Round 34 | Hier-pFedMe(λ2=35.0) | loss=0.0391
  [Client 14] Round 34 | Hier-pFedMe(λ2=35.0) | loss=0.0369
  [Client  6] Round 34 | Hier-pFedMe(λ2=35.0) | loss=0.0479
  [Client  7] Round 34 | Hier-pFedMe(λ2=35.0) | loss=0.0355
  [Client 12] Round 34 | Hier-pFedMe(λ2=35.0) | loss=0.0392
  [Client 19] Round 34 | Hier-pFedMe(λ2=35.0) | loss=0.0513
  [Client 11] Round 34 | Hier-pFedMe(λ2=35.0) | loss=0.0500
  [Client  4] Round 34 | Hier-pFedMe(λ2=35.0) | loss=0.0530
  [Client  5] Round 34 | Hier-pFedMe(λ2=35.0) | loss=0.0358
  [Client 13] Round 34 | Hier-pFedMe(λ2=35.0) | loss=0.0310
  [Client 17] Round 34 | Hier-pFedMe(λ2=35.0) | loss=0.0406
  [Client 10] Round 34 | Hier-pFedMe(λ2=35.0) | loss=0.0465
  [Client  8] Round 34 | Hier-pFedMe(λ2=35.0) | loss=0.0510
  [Edge 0] G34 | E1 | loss=0.0429
  [Edge 0] G34 | E2 | Hier-pFedMe | Selected 13/13
  [Client 12] Round 34 | Hier-pFedMe(λ2=35.0) | loss=0.0347
  [Client 13] Round 34 | Hier-pFedMe(λ2=35.0) | loss=0.0283
  [Client  7] Round 34 | Hier-pFedMe(λ2=35.0) | loss=0.0340
  [Client 10] Round 34 | Hier-pFedMe(λ2=35.0) | loss=0.0389
  [Client 11] Round 34 | Hier-pFedMe(λ2=35.0) | loss=0.0349
  [Client 14] Round 34 | Hier-pFedMe(λ2=35.0) | loss=0.0338
  [Client  5] Round 34 | Hier-pFedMe(λ2=35.0) | loss=0.0390
  [Client  6] Round 34 | Hier-pFedMe(λ2=35.0) | loss=0.0360
  [Client 18] Round 34 | Hier-pFedMe(λ2=35.0) | loss=0.0407
  [Client  8] Round 34 | Hier-pFedMe(λ2=35.0) | loss=0.0480
  [Client  4] Round 34 | Hier-pFedMe(λ2=35.0) | loss=0.0430
  [Client 17] Round 34 | Hier-pFedMe(λ2=35.0) | loss=0.0307
  [Client 19] Round 34 | Hier-pFedMe(λ2=35.0) | loss=0.0443
  [Edge 0] G34 | E2 | loss=0.0374
  [Edge 0] G34 | E3 | Hier-pFedMe | Selected 13/13
  [Client 11] Round 34 | Hier-pFedMe(λ2=35.0) | loss=0.0401
  [Client  6] Round 34 | Hier-pFedMe(λ2=35.0) | loss=0.0412
  [Client  5] Round 34 | Hier-pFedMe(λ2=35.0) | loss=0.0369
  [Client 10] Round 34 | Hier-pFedMe(λ2=35.0) | loss=0.0437
  [Client 18] Round 34 | Hier-pFedMe(λ2=35.0) | loss=0.0363
  [Client 19] Round 34 | Hier-pFedMe(λ2=35.0) | loss=0.0431
  [Client 12] Round 34 | Hier-pFedMe(λ2=35.0) | loss=0.0337
  [Client 13] Round 34 | Hier-pFedMe(λ2=35.0) | loss=0.0241
  [Client  8] Round 34 | Hier-pFedMe(λ2=35.0) | loss=0.0454
  [Client 14] Round 34 | Hier-pFedMe(λ2=35.0) | loss=0.0331
  [Client  4] Round 34 | Hier-pFedMe(λ2=35.0) | loss=0.0424
  [Client 17] Round 34 | Hier-pFedMe(λ2=35.0) | loss=0.0333
  [Client  7] Round 34 | Hier-pFedMe(λ2=35.0) | loss=0.0374
  [Edge 0] G34 | E3 | loss=0.0377
  [Edge 0] G34 | E4 | Hier-pFedMe | Selected 13/13
  [Client 11] Round 34 | Hier-pFedMe(λ2=35.0) | loss=0.0332
  [Client 19] Round 34 | Hier-pFedMe(λ2=35.0) | loss=0.0361
  [Client 17] Round 34 | Hier-pFedMe(λ2=35.0) | loss=0.0284
  [Client  6] Round 34 | Hier-pFedMe(λ2=35.0) | loss=0.0447
  [Client 13] Round 34 | Hier-pFedMe(λ2=35.0) | loss=0.0232
  [Client  8] Round 34 | Hier-pFedMe(λ2=35.0) | loss=0.0393
  [Client 10] Round 34 | Hier-pFedMe(λ2=35.0) | loss=0.0387
  [Client 14] Round 34 | Hier-pFedMe(λ2=35.0) | loss=0.0365
  [Client  7] Round 34 | Hier-pFedMe(λ2=35.0) | loss=0.0277
  [Client 12] Round 34 | Hier-pFedMe(λ2=35.0) | loss=0.0289
  [Client  4] Round 34 | Hier-pFedMe(λ2=35.0) | loss=0.0486
  [Client  5] Round 34 | Hier-pFedMe(λ2=35.0) | loss=0.0293
  [Client 18] Round 34 | Hier-pFedMe(λ2=35.0) | loss=0.0350
  [Edge 0] G34 | E4 | loss=0.0346
  [Edge 0] G34 | E5 | Hier-pFedMe | Selected 13/13
  [Client  5] Round 34 | Hier-pFedMe(λ2=35.0) | loss=0.0276
  [Client  8] Round 34 | Hier-pFedMe(λ2=35.0) | loss=0.0435
  [Client 17] Round 34 | Hier-pFedMe(λ2=35.0) | loss=0.0319
  [Client  4] Round 34 | Hier-pFedMe(λ2=35.0) | loss=0.0410
  [Client 13] Round 34 | Hier-pFedMe(λ2=35.0) | loss=0.0262
  [Client 14] Round 34 | Hier-pFedMe(λ2=35.0) | loss=0.0334
  [Client 18] Round 34 | Hier-pFedMe(λ2=35.0) | loss=0.0324
  [Client  6] Round 34 | Hier-pFedMe(λ2=35.0) | loss=0.0352
  [Client 19] Round 34 | Hier-pFedMe(λ2=35.0) | loss=0.0447
  [Client 12] Round 34 | Hier-pFedMe(λ2=35.0) | loss=0.0340
  [Client 11] Round 34 | Hier-pFedMe(λ2=35.0) | loss=0.0316
  [Client 10] Round 34 | Hier-pFedMe(λ2=35.0) | loss=0.0393
  [Client  7] Round 34 | Hier-pFedMe(λ2=35.0) | loss=0.0369
  [Edge 0] G34 | E5 | loss=0.0352
  [Edge 1] G34 | E1 | Hier-pFedMe | Selected 7/7
  [Client  9] Round 34 | Hier-pFedMe(λ2=35.0) | loss=0.0188
  [Client 15] Round 34 | Hier-pFedMe(λ2=35.0) | loss=0.0158
  [Client 16] Round 34 | Hier-pFedMe(λ2=35.0) | loss=0.0160
  [Client  3] Round 34 | Hier-pFedMe(λ2=35.0) | loss=0.0210
  [Client  2] Round 34 | Hier-pFedMe(λ2=35.0) | loss=0.0125
  [Client  1] Round 34 | Hier-pFedMe(λ2=35.0) | loss=0.0198
  [Client  0] Round 34 | Hier-pFedMe(λ2=35.0) | loss=0.0180
  [Edge 1] G34 | E1 | loss=0.0174
  [Edge 1] G34 | E2 | Hier-pFedMe | Selected 7/7
  [Client  0] Round 34 | Hier-pFedMe(λ2=35.0) | loss=0.0128
  [Client  1] Round 34 | Hier-pFedMe(λ2=35.0) | loss=0.0187
  [Client  9] Round 34 | Hier-pFedMe(λ2=35.0) | loss=0.0169
  [Client 16] Round 34 | Hier-pFedMe(λ2=35.0) | loss=0.0143
  [Client  2] Round 34 | Hier-pFedMe(λ2=35.0) | loss=0.0147
  [Client 15] Round 34 | Hier-pFedMe(λ2=35.0) | loss=0.0175
  [Client  3] Round 34 | Hier-pFedMe(λ2=35.0) | loss=0.0111
  [Edge 1] G34 | E2 | loss=0.0151
  [Edge 1] G34 | E3 | Hier-pFedMe | Selected 7/7
  [Client 15] Round 34 | Hier-pFedMe(λ2=35.0) | loss=0.0157
  [Client  3] Round 34 | Hier-pFedMe(λ2=35.0) | loss=0.0123
  [Client  2] Round 34 | Hier-pFedMe(λ2=35.0) | loss=0.0137
  [Client 16] Round 34 | Hier-pFedMe(λ2=35.0) | loss=0.0131
  [Client  9] Round 34 | Hier-pFedMe(λ2=35.0) | loss=0.0124
  [Client  1] Round 34 | Hier-pFedMe(λ2=35.0) | loss=0.0159
  [Client  0] Round 34 | Hier-pFedMe(λ2=35.0) | loss=0.0135
  [Edge 1] G34 | E3 | loss=0.0138
  [Edge 1] G34 | E4 | Hier-pFedMe | Selected 7/7
  [Client  0] Round 34 | Hier-pFedMe(λ2=35.0) | loss=0.0123
  [Client  1] Round 34 | Hier-pFedMe(λ2=35.0) | loss=0.0149
  [Client  3] Round 34 | Hier-pFedMe(λ2=35.0) | loss=0.0121
  [Client 16] Round 34 | Hier-pFedMe(λ2=35.0) | loss=0.0196
  [Client  2] Round 34 | Hier-pFedMe(λ2=35.0) | loss=0.0125
  [Client  9] Round 34 | Hier-pFedMe(λ2=35.0) | loss=0.0140
  [Client 15] Round 34 | Hier-pFedMe(λ2=35.0) | loss=0.0142
  [Edge 1] G34 | E4 | loss=0.0142
  [Edge 1] G34 | E5 | Hier-pFedMe | Selected 7/7
  [Client  1] Round 34 | Hier-pFedMe(λ2=35.0) | loss=0.0127
  [Client  2] Round 34 | Hier-pFedMe(λ2=35.0) | loss=0.0133
  [Client 16] Round 34 | Hier-pFedMe(λ2=35.0) | loss=0.0173
  [Client 15] Round 34 | Hier-pFedMe(λ2=35.0) | loss=0.0118
  [Client  9] Round 34 | Hier-pFedMe(λ2=35.0) | loss=0.0155
  [Client  0] Round 34 | Hier-pFedMe(λ2=35.0) | loss=0.0154
  [Client  3] Round 34 | Hier-pFedMe(λ2=35.0) | loss=0.0137
  [Edge 1] G34 | E5 | loss=0.0142
  [Cloud] GM=0.0503 | EM=0.0461 | loss=38.0609 | time=524.2s | comm=4592.1MB (total=156132MB)

[Round  35] Broadcasting to 2 edges...
  [Edge 0] G35 | E1 | Hier-pFedMe | Selected 13/13
  [Client 19] Round 35 | Hier-pFedMe(λ2=35.0) | loss=0.0401
  [Client 12] Round 35 | Hier-pFedMe(λ2=35.0) | loss=0.0357
  [Client 13] Round 35 | Hier-pFedMe(λ2=35.0) | loss=0.0308
  [Client 10] Round 35 | Hier-pFedMe(λ2=35.0) | loss=0.0558
  [Client 18] Round 35 | Hier-pFedMe(λ2=35.0) | loss=0.0395
  [Client 14] Round 35 | Hier-pFedMe(λ2=35.0) | loss=0.0376
  [Client  5] Round 35 | Hier-pFedMe(λ2=35.0) | loss=0.0364
  [Client  7] Round 35 | Hier-pFedMe(λ2=35.0) | loss=0.0405
  [Client  6] Round 35 | Hier-pFedMe(λ2=35.0) | loss=0.0405
  [Client 17] Round 35 | Hier-pFedMe(λ2=35.0) | loss=0.0381
  [Client  4] Round 35 | Hier-pFedMe(λ2=35.0) | loss=0.0500
  [Client 11] Round 35 | Hier-pFedMe(λ2=35.0) | loss=0.0417
  [Client  8] Round 35 | Hier-pFedMe(λ2=35.0) | loss=0.0505
  [Edge 0] G35 | E1 | loss=0.0413
  [Edge 0] G35 | E2 | Hier-pFedMe | Selected 13/13
  [Client  8] Round 35 | Hier-pFedMe(λ2=35.0) | loss=0.0398
  [Client 11] Round 35 | Hier-pFedMe(λ2=35.0) | loss=0.0380
  [Client  7] Round 35 | Hier-pFedMe(λ2=35.0) | loss=0.0316
  [Client  5] Round 35 | Hier-pFedMe(λ2=35.0) | loss=0.0350
  [Client 12] Round 35 | Hier-pFedMe(λ2=35.0) | loss=0.0336
  [Client 13] Round 35 | Hier-pFedMe(λ2=35.0) | loss=0.0278
  [Client  4] Round 35 | Hier-pFedMe(λ2=35.0) | loss=0.0452
  [Client  6] Round 35 | Hier-pFedMe(λ2=35.0) | loss=0.0352
  [Client 14] Round 35 | Hier-pFedMe(λ2=35.0) | loss=0.0316
  [Client 18] Round 35 | Hier-pFedMe(λ2=35.0) | loss=0.0376
  [Client 10] Round 35 | Hier-pFedMe(λ2=35.0) | loss=0.0455
  [Client 17] Round 35 | Hier-pFedMe(λ2=35.0) | loss=0.0309
  [Client 19] Round 35 | Hier-pFedMe(λ2=35.0) | loss=0.0350
  [Edge 0] G35 | E2 | loss=0.0359
  [Edge 0] G35 | E3 | Hier-pFedMe | Selected 13/13
  [Client 12] Round 35 | Hier-pFedMe(λ2=35.0) | loss=0.0298
  [Client 13] Round 35 | Hier-pFedMe(λ2=35.0) | loss=0.0271
  [Client 11] Round 35 | Hier-pFedMe(λ2=35.0) | loss=0.0372
  [Client 14] Round 35 | Hier-pFedMe(λ2=35.0) | loss=0.0310
  [Client 10] Round 35 | Hier-pFedMe(λ2=35.0) | loss=0.0421
  [Client  6] Round 35 | Hier-pFedMe(λ2=35.0) | loss=0.0440
  [Client 17] Round 35 | Hier-pFedMe(λ2=35.0) | loss=0.0320
  [Client  5] Round 35 | Hier-pFedMe(λ2=35.0) | loss=0.0362
  [Client  8] Round 35 | Hier-pFedMe(λ2=35.0) | loss=0.0446
  [Client 18] Round 35 | Hier-pFedMe(λ2=35.0) | loss=0.0347
  [Client  7] Round 35 | Hier-pFedMe(λ2=35.0) | loss=0.0383
  [Client  4] Round 35 | Hier-pFedMe(λ2=35.0) | loss=0.0416
  [Client 19] Round 35 | Hier-pFedMe(λ2=35.0) | loss=0.0415
  [Edge 0] G35 | E3 | loss=0.0369
  [Edge 0] G35 | E4 | Hier-pFedMe | Selected 13/13
  [Client  8] Round 35 | Hier-pFedMe(λ2=35.0) | loss=0.0432
  [Client 13] Round 35 | Hier-pFedMe(λ2=35.0) | loss=0.0234
  [Client 14] Round 35 | Hier-pFedMe(λ2=35.0) | loss=0.0313
  [Client 17] Round 35 | Hier-pFedMe(λ2=35.0) | loss=0.0353
  [Client 19] Round 35 | Hier-pFedMe(λ2=35.0) | loss=0.0387
  [Client  6] Round 35 | Hier-pFedMe(λ2=35.0) | loss=0.0342
  [Client  4] Round 35 | Hier-pFedMe(λ2=35.0) | loss=0.0413
  [Client  7] Round 35 | Hier-pFedMe(λ2=35.0) | loss=0.0333
  [Client 11] Round 35 | Hier-pFedMe(λ2=35.0) | loss=0.0339
  [Client 18] Round 35 | Hier-pFedMe(λ2=35.0) | loss=0.0337
  [Client 12] Round 35 | Hier-pFedMe(λ2=35.0) | loss=0.0355
  [Client  5] Round 35 | Hier-pFedMe(λ2=35.0) | loss=0.0288
  [Client 10] Round 35 | Hier-pFedMe(λ2=35.0) | loss=0.0377
  [Edge 0] G35 | E4 | loss=0.0346
  [Edge 0] G35 | E5 | Hier-pFedMe | Selected 13/13
  [Client 11] Round 35 | Hier-pFedMe(λ2=35.0) | loss=0.0282
  [Client 19] Round 35 | Hier-pFedMe(λ2=35.0) | loss=0.0370
  [Client  8] Round 35 | Hier-pFedMe(λ2=35.0) | loss=0.0451
  [Client 10] Round 35 | Hier-pFedMe(λ2=35.0) | loss=0.0393
  [Client 12] Round 35 | Hier-pFedMe(λ2=35.0) | loss=0.0275
  [Client  5] Round 35 | Hier-pFedMe(λ2=35.0) | loss=0.0358
  [Client 13] Round 35 | Hier-pFedMe(λ2=35.0) | loss=0.0293
  [Client 17] Round 35 | Hier-pFedMe(λ2=35.0) | loss=0.0359
  [Client 14] Round 35 | Hier-pFedMe(λ2=35.0) | loss=0.0325
  [Client 18] Round 35 | Hier-pFedMe(λ2=35.0) | loss=0.0404
  [Client  4] Round 35 | Hier-pFedMe(λ2=35.0) | loss=0.0402
  [Client  7] Round 35 | Hier-pFedMe(λ2=35.0) | loss=0.0346
  [Client  6] Round 35 | Hier-pFedMe(λ2=35.0) | loss=0.0341
  [Edge 0] G35 | E5 | loss=0.0354
  [Edge 1] G35 | E1 | Hier-pFedMe | Selected 7/7
  [Client  2] Round 35 | Hier-pFedMe(λ2=35.0) | loss=0.0150
  [Client 16] Round 35 | Hier-pFedMe(λ2=35.0) | loss=0.0135
  [Client  1] Round 35 | Hier-pFedMe(λ2=35.0) | loss=0.0193
  [Client 15] Round 35 | Hier-pFedMe(λ2=35.0) | loss=0.0199
  [Client  9] Round 35 | Hier-pFedMe(λ2=35.0) | loss=0.0144
  [Client  3] Round 35 | Hier-pFedMe(λ2=35.0) | loss=0.0158
  [Client  0] Round 35 | Hier-pFedMe(λ2=35.0) | loss=0.0184
  [Edge 1] G35 | E1 | loss=0.0166
  [Edge 1] G35 | E2 | Hier-pFedMe | Selected 7/7
  [Client  2] Round 35 | Hier-pFedMe(λ2=35.0) | loss=0.0135
  [Client  9] Round 35 | Hier-pFedMe(λ2=35.0) | loss=0.0156
  [Client 16] Round 35 | Hier-pFedMe(λ2=35.0) | loss=0.0135
  [Client  3] Round 35 | Hier-pFedMe(λ2=35.0) | loss=0.0147
  [Client  0] Round 35 | Hier-pFedMe(λ2=35.0) | loss=0.0121
  [Client  1] Round 35 | Hier-pFedMe(λ2=35.0) | loss=0.0239
  [Client 15] Round 35 | Hier-pFedMe(λ2=35.0) | loss=0.0164
  [Edge 1] G35 | E2 | loss=0.0157
  [Edge 1] G35 | E3 | Hier-pFedMe | Selected 7/7
  [Client  9] Round 35 | Hier-pFedMe(λ2=35.0) | loss=0.0132
  [Client  1] Round 35 | Hier-pFedMe(λ2=35.0) | loss=0.0126
  [Client  2] Round 35 | Hier-pFedMe(λ2=35.0) | loss=0.0114
  [Client  3] Round 35 | Hier-pFedMe(λ2=35.0) | loss=0.0200
  [Client  0] Round 35 | Hier-pFedMe(λ2=35.0) | loss=0.0138
  [Client 15] Round 35 | Hier-pFedMe(λ2=35.0) | loss=0.0151
  [Client 16] Round 35 | Hier-pFedMe(λ2=35.0) | loss=0.0113
  [Edge 1] G35 | E3 | loss=0.0139
  [Edge 1] G35 | E4 | Hier-pFedMe | Selected 7/7
  [Client  0] Round 35 | Hier-pFedMe(λ2=35.0) | loss=0.0117
  [Client  1] Round 35 | Hier-pFedMe(λ2=35.0) | loss=0.0121
  [Client 16] Round 35 | Hier-pFedMe(λ2=35.0) | loss=0.0113
  [Client 15] Round 35 | Hier-pFedMe(λ2=35.0) | loss=0.0160
  [Client  2] Round 35 | Hier-pFedMe(λ2=35.0) | loss=0.0154
  [Client  9] Round 35 | Hier-pFedMe(λ2=35.0) | loss=0.0130
  [Client  3] Round 35 | Hier-pFedMe(λ2=35.0) | loss=0.0116
  [Edge 1] G35 | E4 | loss=0.0130
  [Edge 1] G35 | E5 | Hier-pFedMe | Selected 7/7
  [Client  0] Round 35 | Hier-pFedMe(λ2=35.0) | loss=0.0141
  [Client  2] Round 35 | Hier-pFedMe(λ2=35.0) | loss=0.0187
  [Client 16] Round 35 | Hier-pFedMe(λ2=35.0) | loss=0.0106
  [Client 15] Round 35 | Hier-pFedMe(λ2=35.0) | loss=0.0139
  [Client  9] Round 35 | Hier-pFedMe(λ2=35.0) | loss=0.0146
  [Client  1] Round 35 | Hier-pFedMe(λ2=35.0) | loss=0.0129
  [Client  3] Round 35 | Hier-pFedMe(λ2=35.0) | loss=0.0153
  [Edge 1] G35 | E5 | loss=0.0143
  [Cloud] GM=0.0495 | EM=0.0450 | loss=39.7744 | time=524.7s | comm=4592.1MB (total=160724MB)

[Round  36] Broadcasting to 2 edges...
  [Edge 0] G36 | E1 | Hier-pFedMe | Selected 13/13
  [Client 11] Round 36 | Hier-pFedMe(λ2=35.0) | loss=0.0382
  [Client 13] Round 36 | Hier-pFedMe(λ2=35.0) | loss=0.0243
  [Client  8] Round 36 | Hier-pFedMe(λ2=35.0) | loss=0.0427
  [Client 10] Round 36 | Hier-pFedMe(λ2=35.0) | loss=0.0410
  [Client 12] Round 36 | Hier-pFedMe(λ2=35.0) | loss=0.0334
  [Client 19] Round 36 | Hier-pFedMe(λ2=35.0) | loss=0.0388
  [Client 14] Round 36 | Hier-pFedMe(λ2=35.0) | loss=0.0345
  [Client  5] Round 36 | Hier-pFedMe(λ2=35.0) | loss=0.0349
  [Client 18] Round 36 | Hier-pFedMe(λ2=35.0) | loss=0.0352
  [Client  7] Round 36 | Hier-pFedMe(λ2=35.0) | loss=0.0343
  [Client  6] Round 36 | Hier-pFedMe(λ2=35.0) | loss=0.0375
  [Client 17] Round 36 | Hier-pFedMe(λ2=35.0) | loss=0.0405
  [Client  4] Round 36 | Hier-pFedMe(λ2=35.0) | loss=0.0464
  [Edge 0] G36 | E1 | loss=0.0371
  [Edge 0] G36 | E2 | Hier-pFedMe | Selected 13/13
  [Client 18] Round 36 | Hier-pFedMe(λ2=35.0) | loss=0.0411
  [Client  6] Round 36 | Hier-pFedMe(λ2=35.0) | loss=0.0435
  [Client  4] Round 36 | Hier-pFedMe(λ2=35.0) | loss=0.0448
  [Client 17] Round 36 | Hier-pFedMe(λ2=35.0) | loss=0.0385
  [Client 11] Round 36 | Hier-pFedMe(λ2=35.0) | loss=0.0377
  [Client 13] Round 36 | Hier-pFedMe(λ2=35.0) | loss=0.0233
  [Client  8] Round 36 | Hier-pFedMe(λ2=35.0) | loss=0.0458
  [Client  7] Round 36 | Hier-pFedMe(λ2=35.0) | loss=0.0431
  [Client 10] Round 36 | Hier-pFedMe(λ2=35.0) | loss=0.0352
  [Client 14] Round 36 | Hier-pFedMe(λ2=35.0) | loss=0.0283
  [Client  5] Round 36 | Hier-pFedMe(λ2=35.0) | loss=0.0362
  [Client 19] Round 36 | Hier-pFedMe(λ2=35.0) | loss=0.0313
  [Client 12] Round 36 | Hier-pFedMe(λ2=35.0) | loss=0.0327
  [Edge 0] G36 | E2 | loss=0.0370
  [Edge 0] G36 | E3 | Hier-pFedMe | Selected 13/13
  [Client 11] Round 36 | Hier-pFedMe(λ2=35.0) | loss=0.0367
  [Client 19] Round 36 | Hier-pFedMe(λ2=35.0) | loss=0.0318
  [Client  8] Round 36 | Hier-pFedMe(λ2=35.0) | loss=0.0428
  [Client 13] Round 36 | Hier-pFedMe(λ2=35.0) | loss=0.0238
  [Client 12] Round 36 | Hier-pFedMe(λ2=35.0) | loss=0.0332
  [Client 17] Round 36 | Hier-pFedMe(λ2=35.0) | loss=0.0319
  [Client 18] Round 36 | Hier-pFedMe(λ2=35.0) | loss=0.0348
  [Client 10] Round 36 | Hier-pFedMe(λ2=35.0) | loss=0.0368
  [Client 14] Round 36 | Hier-pFedMe(λ2=35.0) | loss=0.0294
  [Client  5] Round 36 | Hier-pFedMe(λ2=35.0) | loss=0.0284
  [Client  7] Round 36 | Hier-pFedMe(λ2=35.0) | loss=0.0355
  [Client  6] Round 36 | Hier-pFedMe(λ2=35.0) | loss=0.0308
  [Client  4] Round 36 | Hier-pFedMe(λ2=35.0) | loss=0.0461
  [Edge 0] G36 | E3 | loss=0.0340
  [Edge 0] G36 | E4 | Hier-pFedMe | Selected 13/13
  [Client 17] Round 36 | Hier-pFedMe(λ2=35.0) | loss=0.0365
  [Client 18] Round 36 | Hier-pFedMe(λ2=35.0) | loss=0.0282
  [Client  6] Round 36 | Hier-pFedMe(λ2=35.0) | loss=0.0407
  [Client  7] Round 36 | Hier-pFedMe(λ2=35.0) | loss=0.0293
  [Client  8] Round 36 | Hier-pFedMe(λ2=35.0) | loss=0.0366
  [Client 12] Round 36 | Hier-pFedMe(λ2=35.0) | loss=0.0284
  [Client 13] Round 36 | Hier-pFedMe(λ2=35.0) | loss=0.0235
  [Client 10] Round 36 | Hier-pFedMe(λ2=35.0) | loss=0.0369
  [Client 14] Round 36 | Hier-pFedMe(λ2=35.0) | loss=0.0285
  [Client 11] Round 36 | Hier-pFedMe(λ2=35.0) | loss=0.0302
  [Client  5] Round 36 | Hier-pFedMe(λ2=35.0) | loss=0.0358
  [Client  4] Round 36 | Hier-pFedMe(λ2=35.0) | loss=0.0424
  [Client 19] Round 36 | Hier-pFedMe(λ2=35.0) | loss=0.0253
  [Edge 0] G36 | E4 | loss=0.0325
  [Edge 0] G36 | E5 | Hier-pFedMe | Selected 13/13
  [Client 14] Round 36 | Hier-pFedMe(λ2=35.0) | loss=0.0292
  [Client  4] Round 36 | Hier-pFedMe(λ2=35.0) | loss=0.0436
  [Client 13] Round 36 | Hier-pFedMe(λ2=35.0) | loss=0.0229
  [Client  5] Round 36 | Hier-pFedMe(λ2=35.0) | loss=0.0287
  [Client 12] Round 36 | Hier-pFedMe(λ2=35.0) | loss=0.0275
  [Client 11] Round 36 | Hier-pFedMe(λ2=35.0) | loss=0.0338
  [Client 17] Round 36 | Hier-pFedMe(λ2=35.0) | loss=0.0277
  [Client 10] Round 36 | Hier-pFedMe(λ2=35.0) | loss=0.0357
  [Client  6] Round 36 | Hier-pFedMe(λ2=35.0) | loss=0.0364
  [Client  8] Round 36 | Hier-pFedMe(λ2=35.0) | loss=0.0360
  [Client 18] Round 36 | Hier-pFedMe(λ2=35.0) | loss=0.0277
  [Client  7] Round 36 | Hier-pFedMe(λ2=35.0) | loss=0.0336
  [Client 19] Round 36 | Hier-pFedMe(λ2=35.0) | loss=0.0353
  [Edge 0] G36 | E5 | loss=0.0322
  [Edge 1] G36 | E1 | Hier-pFedMe | Selected 7/7
  [Client  9] Round 36 | Hier-pFedMe(λ2=35.0) | loss=0.0195
  [Client  1] Round 36 | Hier-pFedMe(λ2=35.0) | loss=0.0160
  [Client 16] Round 36 | Hier-pFedMe(λ2=35.0) | loss=0.0134
  [Client 15] Round 36 | Hier-pFedMe(λ2=35.0) | loss=0.0209
  [Client  2] Round 36 | Hier-pFedMe(λ2=35.0) | loss=0.0196
  [Client  3] Round 36 | Hier-pFedMe(λ2=35.0) | loss=0.0134
  [Client  0] Round 36 | Hier-pFedMe(λ2=35.0) | loss=0.0215
  [Edge 1] G36 | E1 | loss=0.0178
  [Edge 1] G36 | E2 | Hier-pFedMe | Selected 7/7
  [Client  0] Round 36 | Hier-pFedMe(λ2=35.0) | loss=0.0106
  [Client  9] Round 36 | Hier-pFedMe(λ2=35.0) | loss=0.0142
  [Client  2] Round 36 | Hier-pFedMe(λ2=35.0) | loss=0.0199
  [Client 16] Round 36 | Hier-pFedMe(λ2=35.0) | loss=0.0162
  [Client  1] Round 36 | Hier-pFedMe(λ2=35.0) | loss=0.0191
  [Client 15] Round 36 | Hier-pFedMe(λ2=35.0) | loss=0.0148
  [Client  3] Round 36 | Hier-pFedMe(λ2=35.0) | loss=0.0145
  [Edge 1] G36 | E2 | loss=0.0156
  [Edge 1] G36 | E3 | Hier-pFedMe | Selected 7/7
  [Client  0] Round 36 | Hier-pFedMe(λ2=35.0) | loss=0.0180
  [Client  1] Round 36 | Hier-pFedMe(λ2=35.0) | loss=0.0120
  [Client 15] Round 36 | Hier-pFedMe(λ2=35.0) | loss=0.0123
  [Client 16] Round 36 | Hier-pFedMe(λ2=35.0) | loss=0.0102
  [Client  9] Round 36 | Hier-pFedMe(λ2=35.0) | loss=0.0148
  [Client  2] Round 36 | Hier-pFedMe(λ2=35.0) | loss=0.0131
  [Client  3] Round 36 | Hier-pFedMe(λ2=35.0) | loss=0.0106
  [Edge 1] G36 | E3 | loss=0.0130
  [Edge 1] G36 | E4 | Hier-pFedMe | Selected 7/7
  [Client  1] Round 36 | Hier-pFedMe(λ2=35.0) | loss=0.0165
  [Client  9] Round 36 | Hier-pFedMe(λ2=35.0) | loss=0.0165
  [Client 16] Round 36 | Hier-pFedMe(λ2=35.0) | loss=0.0137
  [Client  3] Round 36 | Hier-pFedMe(λ2=35.0) | loss=0.0121
  [Client  2] Round 36 | Hier-pFedMe(λ2=35.0) | loss=0.0162
  [Client  0] Round 36 | Hier-pFedMe(λ2=35.0) | loss=0.0142
  [Client 15] Round 36 | Hier-pFedMe(λ2=35.0) | loss=0.0128
  [Edge 1] G36 | E4 | loss=0.0146
  [Edge 1] G36 | E5 | Hier-pFedMe | Selected 7/7
  [Client  0] Round 36 | Hier-pFedMe(λ2=35.0) | loss=0.0107
  [Client  9] Round 36 | Hier-pFedMe(λ2=35.0) | loss=0.0196
  [Client  3] Round 36 | Hier-pFedMe(λ2=35.0) | loss=0.0113
  [Client 16] Round 36 | Hier-pFedMe(λ2=35.0) | loss=0.0090
  [Client  1] Round 36 | Hier-pFedMe(λ2=35.0) | loss=0.0139
  [Client  2] Round 36 | Hier-pFedMe(λ2=35.0) | loss=0.0167
  [Client 15] Round 36 | Hier-pFedMe(λ2=35.0) | loss=0.0114
  [Edge 1] G36 | E5 | loss=0.0132
  [Cloud] GM=0.0506 | EM=0.0470 | loss=38.7927 | time=524.6s | comm=4592.1MB (total=165316MB)

[Round  37] Broadcasting to 2 edges...
  [Edge 0] G37 | E1 | Hier-pFedMe | Selected 13/13
  [Client  8] Round 37 | Hier-pFedMe(λ2=35.0) | loss=0.0416
  [Client  6] Round 37 | Hier-pFedMe(λ2=35.0) | loss=0.0417
  [Client 13] Round 37 | Hier-pFedMe(λ2=35.0) | loss=0.0302
  [Client 10] Round 37 | Hier-pFedMe(λ2=35.0) | loss=0.0391
  [Client 18] Round 37 | Hier-pFedMe(λ2=35.0) | loss=0.0321
  [Client  5] Round 37 | Hier-pFedMe(λ2=35.0) | loss=0.0436
  [Client 19] Round 37 | Hier-pFedMe(λ2=35.0) | loss=0.0445
  [Client 14] Round 37 | Hier-pFedMe(λ2=35.0) | loss=0.0341
  [Client 12] Round 37 | Hier-pFedMe(λ2=35.0) | loss=0.0401
  [Client 17] Round 37 | Hier-pFedMe(λ2=35.0) | loss=0.0378
  [Client  4] Round 37 | Hier-pFedMe(λ2=35.0) | loss=0.0426
  [Client  7] Round 37 | Hier-pFedMe(λ2=35.0) | loss=0.0328
  [Client 11] Round 37 | Hier-pFedMe(λ2=35.0) | loss=0.0402
  [Edge 0] G37 | E1 | loss=0.0385
  [Edge 0] G37 | E2 | Hier-pFedMe | Selected 13/13
  [Client  8] Round 37 | Hier-pFedMe(λ2=35.0) | loss=0.0362
  [Client  7] Round 37 | Hier-pFedMe(λ2=35.0) | loss=0.0271
  [Client  4] Round 37 | Hier-pFedMe(λ2=35.0) | loss=0.0386
  [Client  6] Round 37 | Hier-pFedMe(λ2=35.0) | loss=0.0350
  [Client 12] Round 37 | Hier-pFedMe(λ2=35.0) | loss=0.0274
  [Client  5] Round 37 | Hier-pFedMe(λ2=35.0) | loss=0.0354
  [Client 19] Round 37 | Hier-pFedMe(λ2=35.0) | loss=0.0345
  [Client 13] Round 37 | Hier-pFedMe(λ2=35.0) | loss=0.0218
  [Client 18] Round 37 | Hier-pFedMe(λ2=35.0) | loss=0.0347
  [Client 11] Round 37 | Hier-pFedMe(λ2=35.0) | loss=0.0314
  [Client 14] Round 37 | Hier-pFedMe(λ2=35.0) | loss=0.0321
  [Client 10] Round 37 | Hier-pFedMe(λ2=35.0) | loss=0.0368
  [Client 17] Round 37 | Hier-pFedMe(λ2=35.0) | loss=0.0299
  [Edge 0] G37 | E2 | loss=0.0324
  [Edge 0] G37 | E3 | Hier-pFedMe | Selected 13/13
  [Client  4] Round 37 | Hier-pFedMe(λ2=35.0) | loss=0.0381
  [Client 13] Round 37 | Hier-pFedMe(λ2=35.0) | loss=0.0234
  [Client 14] Round 37 | Hier-pFedMe(λ2=35.0) | loss=0.0338
  [Client 10] Round 37 | Hier-pFedMe(λ2=35.0) | loss=0.0356
  [Client 18] Round 37 | Hier-pFedMe(λ2=35.0) | loss=0.0285
  [Client  8] Round 37 | Hier-pFedMe(λ2=35.0) | loss=0.0350
  [Client 11] Round 37 | Hier-pFedMe(λ2=35.0) | loss=0.0298
  [Client  5] Round 37 | Hier-pFedMe(λ2=35.0) | loss=0.0301
  [Client 12] Round 37 | Hier-pFedMe(λ2=35.0) | loss=0.0336
  [Client  6] Round 37 | Hier-pFedMe(λ2=35.0) | loss=0.0391
  [Client 17] Round 37 | Hier-pFedMe(λ2=35.0) | loss=0.0266
  [Client  7] Round 37 | Hier-pFedMe(λ2=35.0) | loss=0.0272
  [Client 19] Round 37 | Hier-pFedMe(λ2=35.0) | loss=0.0323
  [Edge 0] G37 | E3 | loss=0.0318
  [Edge 0] G37 | E4 | Hier-pFedMe | Selected 13/13
  [Client 13] Round 37 | Hier-pFedMe(λ2=35.0) | loss=0.0221
  [Client 12] Round 37 | Hier-pFedMe(λ2=35.0) | loss=0.0293
  [Client  4] Round 37 | Hier-pFedMe(λ2=35.0) | loss=0.0383
  [Client 14] Round 37 | Hier-pFedMe(λ2=35.0) | loss=0.0355
  [Client 19] Round 37 | Hier-pFedMe(λ2=35.0) | loss=0.0371
  [Client 10] Round 37 | Hier-pFedMe(λ2=35.0) | loss=0.0353
  [Client 11] Round 37 | Hier-pFedMe(λ2=35.0) | loss=0.0299
  [Client  5] Round 37 | Hier-pFedMe(λ2=35.0) | loss=0.0286
  [Client 17] Round 37 | Hier-pFedMe(λ2=35.0) | loss=0.0387
  [Client  6] Round 37 | Hier-pFedMe(λ2=35.0) | loss=0.0367
  [Client 18] Round 37 | Hier-pFedMe(λ2=35.0) | loss=0.0394
  [Client  7] Round 37 | Hier-pFedMe(λ2=35.0) | loss=0.0382
  [Client  8] Round 37 | Hier-pFedMe(λ2=35.0) | loss=0.0415
  [Edge 0] G37 | E4 | loss=0.0347
  [Edge 0] G37 | E5 | Hier-pFedMe | Selected 13/13
  [Client  5] Round 37 | Hier-pFedMe(λ2=35.0) | loss=0.0303
  [Client 11] Round 37 | Hier-pFedMe(λ2=35.0) | loss=0.0333
  [Client  7] Round 37 | Hier-pFedMe(λ2=35.0) | loss=0.0303
  [Client  6] Round 37 | Hier-pFedMe(λ2=35.0) | loss=0.0340
  [Client 12] Round 37 | Hier-pFedMe(λ2=35.0) | loss=0.0286
  [Client 19] Round 37 | Hier-pFedMe(λ2=35.0) | loss=0.0271
  [Client 14] Round 37 | Hier-pFedMe(λ2=35.0) | loss=0.0281
  [Client 17] Round 37 | Hier-pFedMe(λ2=35.0) | loss=0.0303
  [Client 18] Round 37 | Hier-pFedMe(λ2=35.0) | loss=0.0333
  [Client 13] Round 37 | Hier-pFedMe(λ2=35.0) | loss=0.0211
  [Client  4] Round 37 | Hier-pFedMe(λ2=35.0) | loss=0.0410
  [Client 10] Round 37 | Hier-pFedMe(λ2=35.0) | loss=0.0338
  [Client  8] Round 37 | Hier-pFedMe(λ2=35.0) | loss=0.0360
  [Edge 0] G37 | E5 | loss=0.0313
  [Edge 1] G37 | E1 | Hier-pFedMe | Selected 7/7
  [Client  0] Round 37 | Hier-pFedMe(λ2=35.0) | loss=0.0167
  [Client  2] Round 37 | Hier-pFedMe(λ2=35.0) | loss=0.0176
  [Client  1] Round 37 | Hier-pFedMe(λ2=35.0) | loss=0.0153
  [Client 16] Round 37 | Hier-pFedMe(λ2=35.0) | loss=0.0122
  [Client  9] Round 37 | Hier-pFedMe(λ2=35.0) | loss=0.0139
  [Client 15] Round 37 | Hier-pFedMe(λ2=35.0) | loss=0.0163
  [Client  3] Round 37 | Hier-pFedMe(λ2=35.0) | loss=0.0135
  [Edge 1] G37 | E1 | loss=0.0151
  [Edge 1] G37 | E2 | Hier-pFedMe | Selected 7/7
  [Client  1] Round 37 | Hier-pFedMe(λ2=35.0) | loss=0.0145
  [Client  0] Round 37 | Hier-pFedMe(λ2=35.0) | loss=0.0128
  [Client  2] Round 37 | Hier-pFedMe(λ2=35.0) | loss=0.0173
  [Client 16] Round 37 | Hier-pFedMe(λ2=35.0) | loss=0.0109
  [Client  9] Round 37 | Hier-pFedMe(λ2=35.0) | loss=0.0143
  [Client  3] Round 37 | Hier-pFedMe(λ2=35.0) | loss=0.0117
  [Client 15] Round 37 | Hier-pFedMe(λ2=35.0) | loss=0.0146
  [Edge 1] G37 | E2 | loss=0.0137
  [Edge 1] G37 | E3 | Hier-pFedMe | Selected 7/7
  [Client  0] Round 37 | Hier-pFedMe(λ2=35.0) | loss=0.0116
  [Client  9] Round 37 | Hier-pFedMe(λ2=35.0) | loss=0.0135
  [Client  2] Round 37 | Hier-pFedMe(λ2=35.0) | loss=0.0135
  [Client  3] Round 37 | Hier-pFedMe(λ2=35.0) | loss=0.0145
  [Client  1] Round 37 | Hier-pFedMe(λ2=35.0) | loss=0.0125
  [Client 16] Round 37 | Hier-pFedMe(λ2=35.0) | loss=0.0086
  [Client 15] Round 37 | Hier-pFedMe(λ2=35.0) | loss=0.0140
  [Edge 1] G37 | E3 | loss=0.0126
  [Edge 1] G37 | E4 | Hier-pFedMe | Selected 7/7
  [Client  1] Round 37 | Hier-pFedMe(λ2=35.0) | loss=0.0138
  [Client  2] Round 37 | Hier-pFedMe(λ2=35.0) | loss=0.0122
  [Client 16] Round 37 | Hier-pFedMe(λ2=35.0) | loss=0.0125
  [Client  3] Round 37 | Hier-pFedMe(λ2=35.0) | loss=0.0115
  [Client 15] Round 37 | Hier-pFedMe(λ2=35.0) | loss=0.0175
  [Client  0] Round 37 | Hier-pFedMe(λ2=35.0) | loss=0.0125
  [Client  9] Round 37 | Hier-pFedMe(λ2=35.0) | loss=0.0135
  [Edge 1] G37 | E4 | loss=0.0134
  [Edge 1] G37 | E5 | Hier-pFedMe | Selected 7/7
  [Client  2] Round 37 | Hier-pFedMe(λ2=35.0) | loss=0.0115
  [Client  9] Round 37 | Hier-pFedMe(λ2=35.0) | loss=0.0094
  [Client 15] Round 37 | Hier-pFedMe(λ2=35.0) | loss=0.0114
  [Client 16] Round 37 | Hier-pFedMe(λ2=35.0) | loss=0.0105
  [Client  3] Round 37 | Hier-pFedMe(λ2=35.0) | loss=0.0120
  [Client  0] Round 37 | Hier-pFedMe(λ2=35.0) | loss=0.0177
  [Client  1] Round 37 | Hier-pFedMe(λ2=35.0) | loss=0.0148
  [Edge 1] G37 | E5 | loss=0.0125
  [Cloud] GM=0.0504 | EM=0.0457 | loss=39.3528 | time=524.3s | comm=4592.1MB (total=169908MB)

[Round  38] Broadcasting to 2 edges...
  [Edge 0] G38 | E1 | Hier-pFedMe | Selected 13/13
  [Client 12] Round 38 | Hier-pFedMe(λ2=35.0) | loss=0.0278
  [Client 11] Round 38 | Hier-pFedMe(λ2=35.0) | loss=0.0460
  [Client 18] Round 38 | Hier-pFedMe(λ2=35.0) | loss=0.0341
  [Client  8] Round 38 | Hier-pFedMe(λ2=35.0) | loss=0.0356
  [Client 13] Round 38 | Hier-pFedMe(λ2=35.0) | loss=0.0295
  [Client 10] Round 38 | Hier-pFedMe(λ2=35.0) | loss=0.0402
  [Client  5] Round 38 | Hier-pFedMe(λ2=35.0) | loss=0.0353
  [Client  4] Round 38 | Hier-pFedMe(λ2=35.0) | loss=0.0462
  [Client  6] Round 38 | Hier-pFedMe(λ2=35.0) | loss=0.0335
  [Client 19] Round 38 | Hier-pFedMe(λ2=35.0) | loss=0.0352
  [Client  7] Round 38 | Hier-pFedMe(λ2=35.0) | loss=0.0306
  [Client 14] Round 38 | Hier-pFedMe(λ2=35.0) | loss=0.0353
  [Client 17] Round 38 | Hier-pFedMe(λ2=35.0) | loss=0.0297
  [Edge 0] G38 | E1 | loss=0.0353
  [Edge 0] G38 | E2 | Hier-pFedMe | Selected 13/13
  [Client  8] Round 38 | Hier-pFedMe(λ2=35.0) | loss=0.0377
  [Client 18] Round 38 | Hier-pFedMe(λ2=35.0) | loss=0.0269
  [Client 14] Round 38 | Hier-pFedMe(λ2=35.0) | loss=0.0295
  [Client 10] Round 38 | Hier-pFedMe(λ2=35.0) | loss=0.0333
  [Client 17] Round 38 | Hier-pFedMe(λ2=35.0) | loss=0.0290
  [Client  4] Round 38 | Hier-pFedMe(λ2=35.0) | loss=0.0404
  [Client  7] Round 38 | Hier-pFedMe(λ2=35.0) | loss=0.0349
  [Client  6] Round 38 | Hier-pFedMe(λ2=35.0) | loss=0.0311
  [Client 11] Round 38 | Hier-pFedMe(λ2=35.0) | loss=0.0345
  [Client 13] Round 38 | Hier-pFedMe(λ2=35.0) | loss=0.0231
  [Client 19] Round 38 | Hier-pFedMe(λ2=35.0) | loss=0.0293
  [Client  5] Round 38 | Hier-pFedMe(λ2=35.0) | loss=0.0325
  [Client 12] Round 38 | Hier-pFedMe(λ2=35.0) | loss=0.0266
  [Edge 0] G38 | E2 | loss=0.0314
  [Edge 0] G38 | E3 | Hier-pFedMe | Selected 13/13
  [Client 12] Round 38 | Hier-pFedMe(λ2=35.0) | loss=0.0278
  [Client 18] Round 38 | Hier-pFedMe(λ2=35.0) | loss=0.0290
  [Client 13] Round 38 | Hier-pFedMe(λ2=35.0) | loss=0.0231
  [Client  5] Round 38 | Hier-pFedMe(λ2=35.0) | loss=0.0271
  [Client 17] Round 38 | Hier-pFedMe(λ2=35.0) | loss=0.0265
  [Client  7] Round 38 | Hier-pFedMe(λ2=35.0) | loss=0.0279
  [Client  6] Round 38 | Hier-pFedMe(λ2=35.0) | loss=0.0354
  [Client  4] Round 38 | Hier-pFedMe(λ2=35.0) | loss=0.0439
  [Client  8] Round 38 | Hier-pFedMe(λ2=35.0) | loss=0.0378
  [Client 11] Round 38 | Hier-pFedMe(λ2=35.0) | loss=0.0237
  [Client 19] Round 38 | Hier-pFedMe(λ2=35.0) | loss=0.0299
  [Client 14] Round 38 | Hier-pFedMe(λ2=35.0) | loss=0.0339
  [Client 10] Round 38 | Hier-pFedMe(λ2=35.0) | loss=0.0416
  [Edge 0] G38 | E3 | loss=0.0313
  [Edge 0] G38 | E4 | Hier-pFedMe | Selected 13/13
  [Client  8] Round 38 | Hier-pFedMe(λ2=35.0) | loss=0.0394
  [Client 11] Round 38 | Hier-pFedMe(λ2=35.0) | loss=0.0266
  [Client  4] Round 38 | Hier-pFedMe(λ2=35.0) | loss=0.0310
  [Client  7] Round 38 | Hier-pFedMe(λ2=35.0) | loss=0.0290
  [Client 18] Round 38 | Hier-pFedMe(λ2=35.0) | loss=0.0357
  [Client  5] Round 38 | Hier-pFedMe(λ2=35.0) | loss=0.0286
  [Client  6] Round 38 | Hier-pFedMe(λ2=35.0) | loss=0.0329
  [Client 14] Round 38 | Hier-pFedMe(λ2=35.0) | loss=0.0265
  [Client 12] Round 38 | Hier-pFedMe(λ2=35.0) | loss=0.0281
  [Client 13] Round 38 | Hier-pFedMe(λ2=35.0) | loss=0.0205
  [Client 19] Round 38 | Hier-pFedMe(λ2=35.0) | loss=0.0341
  [Client 10] Round 38 | Hier-pFedMe(λ2=35.0) | loss=0.0350
  [Client 17] Round 38 | Hier-pFedMe(λ2=35.0) | loss=0.0293
  [Edge 0] G38 | E4 | loss=0.0305
  [Edge 0] G38 | E5 | Hier-pFedMe | Selected 13/13
  [Client 12] Round 38 | Hier-pFedMe(λ2=35.0) | loss=0.0239
  [Client 19] Round 38 | Hier-pFedMe(λ2=35.0) | loss=0.0321
  [Client  6] Round 38 | Hier-pFedMe(λ2=35.0) | loss=0.0273
  [Client 10] Round 38 | Hier-pFedMe(λ2=35.0) | loss=0.0418
  [Client 11] Round 38 | Hier-pFedMe(λ2=35.0) | loss=0.0300
  [Client 13] Round 38 | Hier-pFedMe(λ2=35.0) | loss=0.0202
  [Client  4] Round 38 | Hier-pFedMe(λ2=35.0) | loss=0.0385
  [Client  7] Round 38 | Hier-pFedMe(λ2=35.0) | loss=0.0366
  [Client 18] Round 38 | Hier-pFedMe(λ2=35.0) | loss=0.0332
  [Client  5] Round 38 | Hier-pFedMe(λ2=35.0) | loss=0.0407
  [Client 17] Round 38 | Hier-pFedMe(λ2=35.0) | loss=0.0247
  [Client 14] Round 38 | Hier-pFedMe(λ2=35.0) | loss=0.0298
  [Client  8] Round 38 | Hier-pFedMe(λ2=35.0) | loss=0.0269
  [Edge 0] G38 | E5 | loss=0.0312
  [Edge 1] G38 | E1 | Hier-pFedMe | Selected 7/7
  [Client  1] Round 38 | Hier-pFedMe(λ2=35.0) | loss=0.0163
  [Client  9] Round 38 | Hier-pFedMe(λ2=35.0) | loss=0.0181
  [Client  2] Round 38 | Hier-pFedMe(λ2=35.0) | loss=0.0180
  [Client  3] Round 38 | Hier-pFedMe(λ2=35.0) | loss=0.0151
  [Client  0] Round 38 | Hier-pFedMe(λ2=35.0) | loss=0.0162
  [Client 16] Round 38 | Hier-pFedMe(λ2=35.0) | loss=0.0183
  [Client 15] Round 38 | Hier-pFedMe(λ2=35.0) | loss=0.0150
  [Edge 1] G38 | E1 | loss=0.0167
  [Edge 1] G38 | E2 | Hier-pFedMe | Selected 7/7
  [Client  9] Round 38 | Hier-pFedMe(λ2=35.0) | loss=0.0141
  [Client  1] Round 38 | Hier-pFedMe(λ2=35.0) | loss=0.0127
  [Client 16] Round 38 | Hier-pFedMe(λ2=35.0) | loss=0.0125
  [Client 15] Round 38 | Hier-pFedMe(λ2=35.0) | loss=0.0171
  [Client  2] Round 38 | Hier-pFedMe(λ2=35.0) | loss=0.0109
  [Client  0] Round 38 | Hier-pFedMe(λ2=35.0) | loss=0.0130
  [Client  3] Round 38 | Hier-pFedMe(λ2=35.0) | loss=0.0097
  [Edge 1] G38 | E2 | loss=0.0129
  [Edge 1] G38 | E3 | Hier-pFedMe | Selected 7/7
  [Client  2] Round 38 | Hier-pFedMe(λ2=35.0) | loss=0.0121
  [Client  9] Round 38 | Hier-pFedMe(λ2=35.0) | loss=0.0123
  [Client  0] Round 38 | Hier-pFedMe(λ2=35.0) | loss=0.0096
  [Client 15] Round 38 | Hier-pFedMe(λ2=35.0) | loss=0.0130
  [Client  1] Round 38 | Hier-pFedMe(λ2=35.0) | loss=0.0119
  [Client  3] Round 38 | Hier-pFedMe(λ2=35.0) | loss=0.0121
  [Client 16] Round 38 | Hier-pFedMe(λ2=35.0) | loss=0.0112
  [Edge 1] G38 | E3 | loss=0.0117
  [Edge 1] G38 | E4 | Hier-pFedMe | Selected 7/7
  [Client  9] Round 38 | Hier-pFedMe(λ2=35.0) | loss=0.0125
  [Client  1] Round 38 | Hier-pFedMe(λ2=35.0) | loss=0.0106
  [Client 15] Round 38 | Hier-pFedMe(λ2=35.0) | loss=0.0114
  [Client  3] Round 38 | Hier-pFedMe(λ2=35.0) | loss=0.0118
  [Client 16] Round 38 | Hier-pFedMe(λ2=35.0) | loss=0.0103
  [Client  0] Round 38 | Hier-pFedMe(λ2=35.0) | loss=0.0121
  [Client  2] Round 38 | Hier-pFedMe(λ2=35.0) | loss=0.0153
  [Edge 1] G38 | E4 | loss=0.0120
  [Edge 1] G38 | E5 | Hier-pFedMe | Selected 7/7
  [Client  0] Round 38 | Hier-pFedMe(λ2=35.0) | loss=0.0104
  [Client 16] Round 38 | Hier-pFedMe(λ2=35.0) | loss=0.0102
  [Client  3] Round 38 | Hier-pFedMe(λ2=35.0) | loss=0.0076
  [Client 15] Round 38 | Hier-pFedMe(λ2=35.0) | loss=0.0124
  [Client  1] Round 38 | Hier-pFedMe(λ2=35.0) | loss=0.0115
  [Client  9] Round 38 | Hier-pFedMe(λ2=35.0) | loss=0.0103
  [Client  2] Round 38 | Hier-pFedMe(λ2=35.0) | loss=0.0112
  [Edge 1] G38 | E5 | loss=0.0105
  [Cloud] GM=0.0498 | EM=0.0480 | loss=40.4499 | time=523.8s | comm=4592.1MB (total=174501MB)

[Round  39] Broadcasting to 2 edges...
  [Edge 0] G39 | E1 | Hier-pFedMe | Selected 13/13
  [Client 19] Round 39 | Hier-pFedMe(λ2=35.0) | loss=0.0345
  [Client 12] Round 39 | Hier-pFedMe(λ2=35.0) | loss=0.0357
  [Client 11] Round 39 | Hier-pFedMe(λ2=35.0) | loss=0.0354
  [Client 14] Round 39 | Hier-pFedMe(λ2=35.0) | loss=0.0290
  [Client  6] Round 39 | Hier-pFedMe(λ2=35.0) | loss=0.0371
  [Client 13] Round 39 | Hier-pFedMe(λ2=35.0) | loss=0.0219
  [Client 10] Round 39 | Hier-pFedMe(λ2=35.0) | loss=0.0337
  [Client  7] Round 39 | Hier-pFedMe(λ2=35.0) | loss=0.0348
  [Client  4] Round 39 | Hier-pFedMe(λ2=35.0) | loss=0.0407
  [Client  8] Round 39 | Hier-pFedMe(λ2=35.0) | loss=0.0399
  [Client 17] Round 39 | Hier-pFedMe(λ2=35.0) | loss=0.0281
  [Client  5] Round 39 | Hier-pFedMe(λ2=35.0) | loss=0.0363
  [Client 18] Round 39 | Hier-pFedMe(λ2=35.0) | loss=0.0330
  [Edge 0] G39 | E1 | loss=0.0339
  [Edge 0] G39 | E2 | Hier-pFedMe | Selected 13/13
  [Client 12] Round 39 | Hier-pFedMe(λ2=35.0) | loss=0.0326
  [Client 19] Round 39 | Hier-pFedMe(λ2=35.0) | loss=0.0283
  [Client  4] Round 39 | Hier-pFedMe(λ2=35.0) | loss=0.0371
  [Client 10] Round 39 | Hier-pFedMe(λ2=35.0) | loss=0.0295
  [Client 11] Round 39 | Hier-pFedMe(λ2=35.0) | loss=0.0488
  [Client  5] Round 39 | Hier-pFedMe(λ2=35.0) | loss=0.0286
  [Client  6] Round 39 | Hier-pFedMe(λ2=35.0) | loss=0.0317
  [Client 14] Round 39 | Hier-pFedMe(λ2=35.0) | loss=0.0283
  [Client  8] Round 39 | Hier-pFedMe(λ2=35.0) | loss=0.0363
  [Client 17] Round 39 | Hier-pFedMe(λ2=35.0) | loss=0.0304
  [Client 18] Round 39 | Hier-pFedMe(λ2=35.0) | loss=0.0311
  [Client 13] Round 39 | Hier-pFedMe(λ2=35.0) | loss=0.0261
  [Client  7] Round 39 | Hier-pFedMe(λ2=35.0) | loss=0.0380
  [Edge 0] G39 | E2 | loss=0.0328
  [Edge 0] G39 | E3 | Hier-pFedMe | Selected 13/13
  [Client  6] Round 39 | Hier-pFedMe(λ2=35.0) | loss=0.0334
  [Client 13] Round 39 | Hier-pFedMe(λ2=35.0) | loss=0.0205
  [Client  4] Round 39 | Hier-pFedMe(λ2=35.0) | loss=0.0332
  [Client 10] Round 39 | Hier-pFedMe(λ2=35.0) | loss=0.0399
  [Client 12] Round 39 | Hier-pFedMe(λ2=35.0) | loss=0.0279
  [Client 11] Round 39 | Hier-pFedMe(λ2=35.0) | loss=0.0286
  [Client  5] Round 39 | Hier-pFedMe(λ2=35.0) | loss=0.0313
  [Client 14] Round 39 | Hier-pFedMe(λ2=35.0) | loss=0.0276
  [Client 18] Round 39 | Hier-pFedMe(λ2=35.0) | loss=0.0350
  [Client  7] Round 39 | Hier-pFedMe(λ2=35.0) | loss=0.0357
  [Client 17] Round 39 | Hier-pFedMe(λ2=35.0) | loss=0.0264
  [Client  8] Round 39 | Hier-pFedMe(λ2=35.0) | loss=0.0423
  [Client 19] Round 39 | Hier-pFedMe(λ2=35.0) | loss=0.0294
  [Edge 0] G39 | E3 | loss=0.0316
  [Edge 0] G39 | E4 | Hier-pFedMe | Selected 13/13
  [Client  5] Round 39 | Hier-pFedMe(λ2=35.0) | loss=0.0367
  [Client 18] Round 39 | Hier-pFedMe(λ2=35.0) | loss=0.0361
  [Client 14] Round 39 | Hier-pFedMe(λ2=35.0) | loss=0.0293  [Client  6] Round 39 | Hier-pFedMe(λ2=35.0) | loss=0.0291

  [Client 12] Round 39 | Hier-pFedMe(λ2=35.0) | loss=0.0267
  [Client  8] Round 39 | Hier-pFedMe(λ2=35.0) | loss=0.0353
  [Client 17] Round 39 | Hier-pFedMe(λ2=35.0) | loss=0.0304
  [Client 13] Round 39 | Hier-pFedMe(λ2=35.0) | loss=0.0207
  [Client 19] Round 39 | Hier-pFedMe(λ2=35.0) | loss=0.0319
  [Client 10] Round 39 | Hier-pFedMe(λ2=35.0) | loss=0.0292
  [Client 11] Round 39 | Hier-pFedMe(λ2=35.0) | loss=0.0318
  [Client  4] Round 39 | Hier-pFedMe(λ2=35.0) | loss=0.0322
  [Client  7] Round 39 | Hier-pFedMe(λ2=35.0) | loss=0.0272
  [Edge 0] G39 | E4 | loss=0.0305
  [Edge 0] G39 | E5 | Hier-pFedMe | Selected 13/13
  [Client 11] Round 39 | Hier-pFedMe(λ2=35.0) | loss=0.0312
  [Client  4] Round 39 | Hier-pFedMe(λ2=35.0) | loss=0.0316
  [Client  5] Round 39 | Hier-pFedMe(λ2=35.0) | loss=0.0267
  [Client 10] Round 39 | Hier-pFedMe(λ2=35.0) | loss=0.0335
  [Client 18] Round 39 | Hier-pFedMe(λ2=35.0) | loss=0.0249
  [Client 12] Round 39 | Hier-pFedMe(λ2=35.0) | loss=0.0234
  [Client  8] Round 39 | Hier-pFedMe(λ2=35.0) | loss=0.0359
  [Client 14] Round 39 | Hier-pFedMe(λ2=35.0) | loss=0.0300
  [Client 13] Round 39 | Hier-pFedMe(λ2=35.0) | loss=0.0238
  [Client 19] Round 39 | Hier-pFedMe(λ2=35.0) | loss=0.0282
  [Client 17] Round 39 | Hier-pFedMe(λ2=35.0) | loss=0.0266
  [Client  6] Round 39 | Hier-pFedMe(λ2=35.0) | loss=0.0298
  [Client  7] Round 39 | Hier-pFedMe(λ2=35.0) | loss=0.0256
  [Edge 0] G39 | E5 | loss=0.0286
  [Edge 1] G39 | E1 | Hier-pFedMe | Selected 7/7
  [Client  0] Round 39 | Hier-pFedMe(λ2=35.0) | loss=0.0152
  [Client  1] Round 39 | Hier-pFedMe(λ2=35.0) | loss=0.0166
  [Client 16] Round 39 | Hier-pFedMe(λ2=35.0) | loss=0.0124
  [Client 15] Round 39 | Hier-pFedMe(λ2=35.0) | loss=0.0152
  [Client  9] Round 39 | Hier-pFedMe(λ2=35.0) | loss=0.0146
  [Client  2] Round 39 | Hier-pFedMe(λ2=35.0) | loss=0.0235
  [Client  3] Round 39 | Hier-pFedMe(λ2=35.0) | loss=0.0124
  [Edge 1] G39 | E1 | loss=0.0157
  [Edge 1] G39 | E2 | Hier-pFedMe | Selected 7/7
  [Client  1] Round 39 | Hier-pFedMe(λ2=35.0) | loss=0.0140
  [Client  2] Round 39 | Hier-pFedMe(λ2=35.0) | loss=0.0137
  [Client  3] Round 39 | Hier-pFedMe(λ2=35.0) | loss=0.0120
  [Client 15] Round 39 | Hier-pFedMe(λ2=35.0) | loss=0.0152
  [Client  9] Round 39 | Hier-pFedMe(λ2=35.0) | loss=0.0174
  [Client  0] Round 39 | Hier-pFedMe(λ2=35.0) | loss=0.0156
  [Client 16] Round 39 | Hier-pFedMe(λ2=35.0) | loss=0.0133
  [Edge 1] G39 | E2 | loss=0.0145
  [Edge 1] G39 | E3 | Hier-pFedMe | Selected 7/7
  [Client  0] Round 39 | Hier-pFedMe(λ2=35.0) | loss=0.0111
  [Client 15] Round 39 | Hier-pFedMe(λ2=35.0) | loss=0.0132
  [Client 16] Round 39 | Hier-pFedMe(λ2=35.0) | loss=0.0100
  [Client  3] Round 39 | Hier-pFedMe(λ2=35.0) | loss=0.0141
  [Client  1] Round 39 | Hier-pFedMe(λ2=35.0) | loss=0.0127
  [Client  9] Round 39 | Hier-pFedMe(λ2=35.0) | loss=0.0129
  [Client  2] Round 39 | Hier-pFedMe(λ2=35.0) | loss=0.0089
  [Edge 1] G39 | E3 | loss=0.0119
  [Edge 1] G39 | E4 | Hier-pFedMe | Selected 7/7
  [Client  1] Round 39 | Hier-pFedMe(λ2=35.0) | loss=0.0131
  [Client  9] Round 39 | Hier-pFedMe(λ2=35.0) | loss=0.0147
  [Client  2] Round 39 | Hier-pFedMe(λ2=35.0) | loss=0.0132
  [Client 15] Round 39 | Hier-pFedMe(λ2=35.0) | loss=0.0115
  [Client  3] Round 39 | Hier-pFedMe(λ2=35.0) | loss=0.0101
  [Client 16] Round 39 | Hier-pFedMe(λ2=35.0) | loss=0.0109
  [Client  0] Round 39 | Hier-pFedMe(λ2=35.0) | loss=0.0125
  [Edge 1] G39 | E4 | loss=0.0123
  [Edge 1] G39 | E5 | Hier-pFedMe | Selected 7/7
  [Client  9] Round 39 | Hier-pFedMe(λ2=35.0) | loss=0.0111
  [Client 16] Round 39 | Hier-pFedMe(λ2=35.0) | loss=0.0117
  [Client 15] Round 39 | Hier-pFedMe(λ2=35.0) | loss=0.0121
  [Client  3] Round 39 | Hier-pFedMe(λ2=35.0) | loss=0.0197
  [Client  0] Round 39 | Hier-pFedMe(λ2=35.0) | loss=0.0113
  [Client  2] Round 39 | Hier-pFedMe(λ2=35.0) | loss=0.0123
  [Client  1] Round 39 | Hier-pFedMe(λ2=35.0) | loss=0.0113
  [Edge 1] G39 | E5 | loss=0.0128
  [Cloud] GM=0.0498 | EM=0.0458 | loss=40.4837 | time=524.1s | comm=4592.1MB (total=179093MB)

[Round  40] Broadcasting to 2 edges...
  [Edge 0] G40 | E1 | Hier-pFedMe | Selected 13/13
  [Client 19] Round 40 | Hier-pFedMe(λ2=35.0) | loss=0.0312
  [Client 11] Round 40 | Hier-pFedMe(λ2=35.0) | loss=0.0303
  [Client 12] Round 40 | Hier-pFedMe(λ2=35.0) | loss=0.0266
  [Client  4] Round 40 | Hier-pFedMe(λ2=35.0) | loss=0.0390
  [Client  6] Round 40 | Hier-pFedMe(λ2=35.0) | loss=0.0397
  [Client 17] Round 40 | Hier-pFedMe(λ2=35.0) | loss=0.0291
  [Client  7] Round 40 | Hier-pFedMe(λ2=35.0) | loss=0.0339
  [Client 14] Round 40 | Hier-pFedMe(λ2=35.0) | loss=0.0322
  [Client 13] Round 40 | Hier-pFedMe(λ2=35.0) | loss=0.0231
  [Client  8] Round 40 | Hier-pFedMe(λ2=35.0) | loss=0.0368
  [Client 18] Round 40 | Hier-pFedMe(λ2=35.0) | loss=0.0270
  [Client  5] Round 40 | Hier-pFedMe(λ2=35.0) | loss=0.0368
  [Client 10] Round 40 | Hier-pFedMe(λ2=35.0) | loss=0.0435
  [Edge 0] G40 | E1 | loss=0.0330
  [Edge 0] G40 | E2 | Hier-pFedMe | Selected 13/13
  [Client 19] Round 40 | Hier-pFedMe(λ2=35.0) | loss=0.0246
  [Client  4] Round 40 | Hier-pFedMe(λ2=35.0) | loss=0.0349
  [Client 11] Round 40 | Hier-pFedMe(λ2=35.0) | loss=0.0253
  [Client 10] Round 40 | Hier-pFedMe(λ2=35.0) | loss=0.0276
  [Client 18] Round 40 | Hier-pFedMe(λ2=35.0) | loss=0.0389
  [Client  8] Round 40 | Hier-pFedMe(λ2=35.0) | loss=0.0349
  [Client 17] Round 40 | Hier-pFedMe(λ2=35.0) | loss=0.0252
  [Client  5] Round 40 | Hier-pFedMe(λ2=35.0) | loss=0.0263
  [Client 13] Round 40 | Hier-pFedMe(λ2=35.0) | loss=0.0238
  [Client 12] Round 40 | Hier-pFedMe(λ2=35.0) | loss=0.0292
  [Client  7] Round 40 | Hier-pFedMe(λ2=35.0) | loss=0.0250
  [Client 14] Round 40 | Hier-pFedMe(λ2=35.0) | loss=0.0303
  [Client  6] Round 40 | Hier-pFedMe(λ2=35.0) | loss=0.0408
  [Edge 0] G40 | E2 | loss=0.0298
  [Edge 0] G40 | E3 | Hier-pFedMe | Selected 13/13
  [Client  8] Round 40 | Hier-pFedMe(λ2=35.0) | loss=0.0335
  [Client 18] Round 40 | Hier-pFedMe(λ2=35.0) | loss=0.0320
  [Client 14] Round 40 | Hier-pFedMe(λ2=35.0) | loss=0.0282
  [Client 10] Round 40 | Hier-pFedMe(λ2=35.0) | loss=0.0408
  [Client  7] Round 40 | Hier-pFedMe(λ2=35.0) | loss=0.0285
  [Client 19] Round 40 | Hier-pFedMe(λ2=35.0) | loss=0.0327
  [Client  6] Round 40 | Hier-pFedMe(λ2=35.0) | loss=0.0376
  [Client  5] Round 40 | Hier-pFedMe(λ2=35.0) | loss=0.0261
  [Client 11] Round 40 | Hier-pFedMe(λ2=35.0) | loss=0.0288
  [Client 17] Round 40 | Hier-pFedMe(λ2=35.0) | loss=0.0304
  [Client 12] Round 40 | Hier-pFedMe(λ2=35.0) | loss=0.0211
  [Client 13] Round 40 | Hier-pFedMe(λ2=35.0) | loss=0.0217
  [Client  4] Round 40 | Hier-pFedMe(λ2=35.0) | loss=0.0322
  [Edge 0] G40 | E3 | loss=0.0303
  [Edge 0] G40 | E4 | Hier-pFedMe | Selected 13/13
  [Client  8] Round 40 | Hier-pFedMe(λ2=35.0) | loss=0.0366
  [Client 17] Round 40 | Hier-pFedMe(λ2=35.0) | loss=0.0280
  [Client  4] Round 40 | Hier-pFedMe(λ2=35.0) | loss=0.0399
  [Client 10] Round 40 | Hier-pFedMe(λ2=35.0) | loss=0.0330
  [Client  5] Round 40 | Hier-pFedMe(λ2=35.0) | loss=0.0240
  [Client 12] Round 40 | Hier-pFedMe(λ2=35.0) | loss=0.0246
  [Client 19] Round 40 | Hier-pFedMe(λ2=35.0) | loss=0.0275
  [Client  7] Round 40 | Hier-pFedMe(λ2=35.0) | loss=0.0247
  [Client 13] Round 40 | Hier-pFedMe(λ2=35.0) | loss=0.0219
  [Client 18] Round 40 | Hier-pFedMe(λ2=35.0) | loss=0.0282
  [Client 11] Round 40 | Hier-pFedMe(λ2=35.0) | loss=0.0257
  [Client 14] Round 40 | Hier-pFedMe(λ2=35.0) | loss=0.0281
  [Client  6] Round 40 | Hier-pFedMe(λ2=35.0) | loss=0.0276
  [Edge 0] G40 | E4 | loss=0.0284
  [Edge 0] G40 | E5 | Hier-pFedMe | Selected 13/13
  [Client 19] Round 40 | Hier-pFedMe(λ2=35.0) | loss=0.0275
  [Client  6] Round 40 | Hier-pFedMe(λ2=35.0) | loss=0.0308
  [Client 18] Round 40 | Hier-pFedMe(λ2=35.0) | loss=0.0305
  [Client 17] Round 40 | Hier-pFedMe(λ2=35.0) | loss=0.0266
  [Client  8] Round 40 | Hier-pFedMe(λ2=35.0) | loss=0.0402
  [Client 12] Round 40 | Hier-pFedMe(λ2=35.0) | loss=0.0250
  [Client  7] Round 40 | Hier-pFedMe(λ2=35.0) | loss=0.0255
  [Client  5] Round 40 | Hier-pFedMe(λ2=35.0) | loss=0.0254
  [Client 13] Round 40 | Hier-pFedMe(λ2=35.0) | loss=0.0194
  [Client  4] Round 40 | Hier-pFedMe(λ2=35.0) | loss=0.0297
  [Client 14] Round 40 | Hier-pFedMe(λ2=35.0) | loss=0.0280
  [Client 10] Round 40 | Hier-pFedMe(λ2=35.0) | loss=0.0316
  [Client 11] Round 40 | Hier-pFedMe(λ2=35.0) | loss=0.0268
  [Edge 0] G40 | E5 | loss=0.0282
  [Edge 1] G40 | E1 | Hier-pFedMe | Selected 7/7
  [Client  0] Round 40 | Hier-pFedMe(λ2=35.0) | loss=0.0136
  [Client  2] Round 40 | Hier-pFedMe(λ2=35.0) | loss=0.0133
  [Client  9] Round 40 | Hier-pFedMe(λ2=35.0) | loss=0.0137
  [Client 15] Round 40 | Hier-pFedMe(λ2=35.0) | loss=0.0136
  [Client  3] Round 40 | Hier-pFedMe(λ2=35.0) | loss=0.0134
  [Client  1] Round 40 | Hier-pFedMe(λ2=35.0) | loss=0.0174
  [Client 16] Round 40 | Hier-pFedMe(λ2=35.0) | loss=0.0146
  [Edge 1] G40 | E1 | loss=0.0142
  [Edge 1] G40 | E2 | Hier-pFedMe | Selected 7/7
  [Client  0] Round 40 | Hier-pFedMe(λ2=35.0) | loss=0.0102
  [Client  9] Round 40 | Hier-pFedMe(λ2=35.0) | loss=0.0173
  [Client 15] Round 40 | Hier-pFedMe(λ2=35.0) | loss=0.0147
  [Client  3] Round 40 | Hier-pFedMe(λ2=35.0) | loss=0.0111
  [Client  2] Round 40 | Hier-pFedMe(λ2=35.0) | loss=0.0126
  [Client 16] Round 40 | Hier-pFedMe(λ2=35.0) | loss=0.0115
  [Client  1] Round 40 | Hier-pFedMe(λ2=35.0) | loss=0.0114
  [Edge 1] G40 | E2 | loss=0.0127
  [Edge 1] G40 | E3 | Hier-pFedMe | Selected 7/7
  [Client  0] Round 40 | Hier-pFedMe(λ2=35.0) | loss=0.0133
  [Client 16] Round 40 | Hier-pFedMe(λ2=35.0) | loss=0.0078
  [Client 15] Round 40 | Hier-pFedMe(λ2=35.0) | loss=0.0130
  [Client  3] Round 40 | Hier-pFedMe(λ2=35.0) | loss=0.0104
  [Client  9] Round 40 | Hier-pFedMe(λ2=35.0) | loss=0.0110
  [Client  2] Round 40 | Hier-pFedMe(λ2=35.0) | loss=0.0129
  [Client  1] Round 40 | Hier-pFedMe(λ2=35.0) | loss=0.0137
  [Edge 1] G40 | E3 | loss=0.0117
  [Edge 1] G40 | E4 | Hier-pFedMe | Selected 7/7
  [Client  9] Round 40 | Hier-pFedMe(λ2=35.0) | loss=0.0096
  [Client  1] Round 40 | Hier-pFedMe(λ2=35.0) | loss=0.0121
  [Client 16] Round 40 | Hier-pFedMe(λ2=35.0) | loss=0.0096
  [Client  3] Round 40 | Hier-pFedMe(λ2=35.0) | loss=0.0109
  [Client  0] Round 40 | Hier-pFedMe(λ2=35.0) | loss=0.0096
  [Client 15] Round 40 | Hier-pFedMe(λ2=35.0) | loss=0.0110
  [Client  2] Round 40 | Hier-pFedMe(λ2=35.0) | loss=0.0101
  [Edge 1] G40 | E4 | loss=0.0104
  [Edge 1] G40 | E5 | Hier-pFedMe | Selected 7/7
  [Client  2] Round 40 | Hier-pFedMe(λ2=35.0) | loss=0.0146
  [Client  9] Round 40 | Hier-pFedMe(λ2=35.0) | loss=0.0116
  [Client 15] Round 40 | Hier-pFedMe(λ2=35.0) | loss=0.0138
  [Client  3] Round 40 | Hier-pFedMe(λ2=35.0) | loss=0.0111
  [Client 16] Round 40 | Hier-pFedMe(λ2=35.0) | loss=0.0087
  [Client  0] Round 40 | Hier-pFedMe(λ2=35.0) | loss=0.0116
  [Client  1] Round 40 | Hier-pFedMe(λ2=35.0) | loss=0.0114
  [Edge 1] G40 | E5 | loss=0.0118
  [Cloud] GM=0.0497 | EM=0.0465 PM=0.8904 | loss=39.1975 | time=539.3s | comm=4592.1MB (total=183685MB)

[Cloud] Training complete.

====================================================
 Experiment Summary
====================================================
  Best  global_acc : 0.0714  (round 4)
  Final global_acc : 0.0497
  Total rounds     : 40
====================================================

[Final Report] GM

============================================================
 Final Classification Report
============================================================

[ Per-Class Report ]
              precision    recall  f1-score   support

           0     0.0000    0.0000    0.0000       100
           1     0.6667    0.0200    0.0388       100
           2     0.0000    0.0000    0.0000       100
           3     0.0000    0.0000    0.0000       100
           4     0.0000    0.0000    0.0000       100
           5     0.0000    0.0000    0.0000       100
           6     0.1000    0.0700    0.0824       100
           7     0.0211    0.7100    0.0409       100
           8     0.0000    0.0000    0.0000       100
           9     0.0755    0.0400    0.0523       100
          10     0.0000    0.0000    0.0000       100
          11     0.0000    0.0000    0.0000       100
          12     0.1429    0.0100    0.0187       100
          13     0.1220    0.0500    0.0709       100
          14     0.0350    0.3100    0.0629       100
          15     0.5000    0.0100    0.0196       100
          16     0.0000    0.0000    0.0000       100
          17     0.0000    0.0000    0.0000       100
          18     0.0000    0.0000    0.0000       100
          19     0.0556    0.0100    0.0169       100
          20     0.3136    0.3700    0.3394       100
          21     0.0000    0.0000    0.0000       100
          22     0.0219    0.0800    0.0343       100
          23     0.0000    0.0000    0.0000       100
          24     0.2000    0.0100    0.0190       100
          25     0.0000    0.0000    0.0000       100
          26     0.0678    0.1200    0.0866       100
          27     0.0000    0.0000    0.0000       100
          28     0.0000    0.0000    0.0000       100
          29     0.0000    0.0000    0.0000       100
          30     0.0000    0.0000    0.0000       100
          31     0.0000    0.0000    0.0000       100
          32     0.0000    0.0000    0.0000       100
          33     0.0000    0.0000    0.0000       100
          34     1.0000    0.0100    0.0198       100
          35     0.0000    0.0000    0.0000       100
          36     0.0000    0.0000    0.0000       100
          37     0.0000    0.0000    0.0000       100
          38     0.0000    0.0000    0.0000       100
          39     0.0492    0.4500    0.0888       100
          40     0.0260    0.2800    0.0476       100
          41     0.0000    0.0000    0.0000       100
          42     0.0000    0.0000    0.0000       100
          43     0.0000    0.0000    0.0000       100
          44     0.0000    0.0000    0.0000       100
          45     0.0000    0.0000    0.0000       100
          46     0.0000    0.0000    0.0000       100
          47     0.0000    0.0000    0.0000       100
          48     0.1623    0.3700    0.2256       100
          49     0.1667    0.0100    0.0189       100
          50     0.0000    0.0000    0.0000       100
          51     0.0000    0.0000    0.0000       100
          52     0.0000    0.0000    0.0000       100
          53     0.1229    0.2900    0.1726       100
          54     0.0000    0.0000    0.0000       100
          55     0.0000    0.0000    0.0000       100
          56     0.4000    0.0200    0.0381       100
          57     0.0196    0.0100    0.0132       100
          58     1.0000    0.0100    0.0198       100
          59     0.0000    0.0000    0.0000       100
          60     0.0000    0.0000    0.0000       100
          61     0.1860    0.0800    0.1119       100
          62     0.1097    0.4200    0.1739       100
          63     0.0000    0.0000    0.0000       100
          64     1.0000    0.0100    0.0198       100
          65     0.0000    0.0000    0.0000       100
          66     0.0000    0.0000    0.0000       100
          67     0.0000    0.0000    0.0000       100
          68     0.0000    0.0000    0.0000       100
          69     0.0000    0.0000    0.0000       100
          70     0.0000    0.0000    0.0000       100
          71     0.0000    0.0000    0.0000       100
          72     0.0000    0.0000    0.0000       100
          73     0.0000    0.0000    0.0000       100
          74     0.0000    0.0000    0.0000       100
          75     0.0691    0.3000    0.1124       100
          76     0.1667    0.0100    0.0189       100
          77     0.0000    0.0000    0.0000       100
          78     0.0000    0.0000    0.0000       100
          79     0.0000    0.0000    0.0000       100
          80     0.0000    0.0000    0.0000       100
          81     0.0000    0.0000    0.0000       100
          82     0.0471    0.6300    0.0877       100
          83     0.0000    0.0000    0.0000       100
          84     1.0000    0.0100    0.0198       100
          85     0.0000    0.0000    0.0000       100
          86     0.0000    0.0000    0.0000       100
          87     0.0000    0.0000    0.0000       100
          88     0.4211    0.0800    0.1345       100
          89     0.0000    0.0000    0.0000       100
          90     0.0000    0.0000    0.0000       100
          91     0.5000    0.0300    0.0566       100
          92     0.0968    0.0300    0.0458       100
          93     0.0000    0.0000    0.0000       100
          94     0.0000    0.0000    0.0000       100
          95     0.0000    0.0000    0.0000       100
          96     0.0000    0.0000    0.0000       100
          97     0.0000    0.0000    0.0000       100
          98     0.1250    0.0100    0.0185       100
          99     0.2632    0.1000    0.1449       100

    accuracy                         0.0497     10000
   macro avg     0.0925    0.0497    0.0247     10000
weighted avg     0.0925    0.0497    0.0247     10000

[ F1 Score ]
  Macro    F1 : 0.0247
  Weighted F1 : 0.0247

[ AUC (OvR) ]
  Macro    AUC : 0.6638
  Weighted AUC : 0.6638

[ Confusion Matrix ] (shape: (100, 100))
  Per-class correct: min=0 max=71 mean=5.0
  Overall accuracy : 0.0497
============================================================
  Report saved to report_GM_final0_hierpfedme_c20_localepoch_5_semantic_pathological_classesperclient_10_r.txt

[Final Report] EM — Edge 0

============================================================
 Final Classification Report
============================================================

[ Per-Class Report ]
              precision    recall  f1-score   support

           0     0.0000    0.0000    0.0000       100
           1     0.1500    0.0300    0.0500       100
           2     0.0000    0.0000    0.0000       100
           3     0.0000    0.0000    0.0000       100
           4     0.0000    0.0000    0.0000       100
           5     0.0000    0.0000    0.0000       100
           6     0.2000    0.0600    0.0923       100
           7     0.0348    0.2100    0.0597       100
           8     0.0000    0.0000    0.0000       100
           9     0.1429    0.0500    0.0741       100
          10     0.0000    0.0000    0.0000       100
          11     0.0000    0.0000    0.0000       100
          12     0.1379    0.0400    0.0620       100
          13     0.0627    0.1600    0.0901       100
          14     0.0295    0.4900    0.0557       100
          15     0.0455    0.0100    0.0164       100
          16     0.0000    0.0000    0.0000       100
          17     0.0000    0.0000    0.0000       100
          18     0.0000    0.0000    0.0000       100
          19     0.0240    0.0500    0.0325       100
          20     0.3137    0.3200    0.3168       100
          21     0.0000    0.0000    0.0000       100
          22     0.0256    0.3800    0.0479       100
          23     0.0000    0.0000    0.0000       100
          24     0.1596    0.1500    0.1546       100
          25     0.0227    0.0100    0.0139       100
          26     0.0344    0.2200    0.0595       100
          27     0.0000    0.0000    0.0000       100
          28     0.0000    0.0000    0.0000       100
          29     0.1667    0.0100    0.0189       100
          30     0.0000    0.0000    0.0000       100
          31     0.0000    0.0000    0.0000       100
          32     0.0000    0.0000    0.0000       100
          33     0.0000    0.0000    0.0000       100
          34     0.2000    0.0100    0.0190       100
          35     0.0000    0.0000    0.0000       100
          36     0.0000    0.0000    0.0000       100
          37     0.0000    0.0000    0.0000       100
          38     0.0000    0.0000    0.0000       100
          39     0.0354    0.2800    0.0628       100
          40     0.0491    0.1700    0.0762       100
          41     0.0000    0.0000    0.0000       100
          42     0.0000    0.0000    0.0000       100
          43     0.0000    0.0000    0.0000       100
          44     0.0000    0.0000    0.0000       100
          45     0.0000    0.0000    0.0000       100
          46     0.0000    0.0000    0.0000       100
          47     0.0000    0.0000    0.0000       100
          48     0.2436    0.1900    0.2135       100
          49     0.0000    0.0000    0.0000       100
          50     0.0000    0.0000    0.0000       100
          51     0.0000    0.0000    0.0000       100
          52     0.0000    0.0000    0.0000       100
          53     0.1030    0.6500    0.1778       100
          54     0.1429    0.0500    0.0741       100
          55     0.0000    0.0000    0.0000       100
          56     0.3750    0.0300    0.0556       100
          57     0.0930    0.0400    0.0559       100
          58     0.0000    0.0000    0.0000       100
          59     0.0000    0.0000    0.0000       100
          60     0.3333    0.0200    0.0377       100
          61     0.6667    0.0200    0.0388       100
          62     0.2243    0.2400    0.2319       100
          63     0.0000    0.0000    0.0000       100
          64     0.3333    0.0100    0.0194       100
          65     0.0000    0.0000    0.0000       100
          66     0.0000    0.0000    0.0000       100
          67     0.0000    0.0000    0.0000       100
          68     0.0000    0.0000    0.0000       100
          69     0.0000    0.0000    0.0000       100
          70     0.0000    0.0000    0.0000       100
          71     0.0000    0.0000    0.0000       100
          72     0.0000    0.0000    0.0000       100
          73     0.0000    0.0000    0.0000       100
          74     0.0000    0.0000    0.0000       100
          75     0.0388    0.8200    0.0741       100
          76     0.1250    0.0400    0.0606       100
          77     0.0000    0.0000    0.0000       100
          78     0.0000    0.0000    0.0000       100
          79     0.2857    0.0200    0.0374       100
          80     0.0000    0.0000    0.0000       100
          81     0.0000    0.0000    0.0000       100
          82     0.0836    0.3000    0.1307       100
          83     0.0000    0.0000    0.0000       100
          84     0.0000    0.0000    0.0000       100
          85     0.0000    0.0000    0.0000       100
          86     0.0000    0.0000    0.0000       100
          87     0.0000    0.0000    0.0000       100
          88     0.3158    0.0600    0.1008       100
          89     0.0000    0.0000    0.0000       100
          90     0.0000    0.0000    0.0000       100
          91     0.3636    0.0800    0.1311       100
          92     0.1333    0.0200    0.0348       100
          93     0.0000    0.0000    0.0000       100
          94     0.0000    0.0000    0.0000       100
          95     0.0000    0.0000    0.0000       100
          96     0.0000    0.0000    0.0000       100
          97     0.0000    0.0000    0.0000       100
          98     0.0816    0.0400    0.0537       100
          99     0.2826    0.1300    0.1781       100

    accuracy                         0.0541     10000
   macro avg     0.0606    0.0541    0.0301     10000
weighted avg     0.0606    0.0541    0.0301     10000

[ F1 Score ]
  Macro    F1 : 0.0301
  Weighted F1 : 0.0301

[ AUC (OvR) ]
  Macro    AUC : 0.6869
  Weighted AUC : 0.6869

[ Confusion Matrix ] (shape: (100, 100))
  Per-class correct: min=0 max=82 mean=5.4
  Overall accuracy : 0.0541
============================================================
  Report saved to report_EM_edge0_final0_hierpfedme_c20_localepoch_5_semantic_pathological_classesperclient_10_r.txt

[Final Report] EM — Edge 1

============================================================
 Final Classification Report
============================================================

[ Per-Class Report ]
              precision    recall  f1-score   support

           0     0.0000    0.0000    0.0000       100
           1     0.0000    0.0000    0.0000       100
           2     0.0000    0.0000    0.0000       100
           3     0.0000    0.0000    0.0000       100
           4     0.0000    0.0000    0.0000       100
           5     0.0000    0.0000    0.0000       100
           6     0.0588    0.0100    0.0171       100
           7     0.0162    0.9200    0.0319       100
           8     0.0000    0.0000    0.0000       100
           9     0.0000    0.0000    0.0000       100
          10     0.0000    0.0000    0.0000       100
          11     0.0000    0.0000    0.0000       100
          12     0.0000    0.0000    0.0000       100
          13     0.0000    0.0000    0.0000       100
          14     0.0968    0.0300    0.0458       100
          15     0.0000    0.0000    0.0000       100
          16     0.0000    0.0000    0.0000       100
          17     0.0000    0.0000    0.0000       100
          18     0.0000    0.0000    0.0000       100
          19     0.0000    0.0000    0.0000       100
          20     0.5000    0.1600    0.2424       100
          21     0.0000    0.0000    0.0000       100
          22     0.0000    0.0000    0.0000       100
          23     0.0000    0.0000    0.0000       100
          24     0.0000    0.0000    0.0000       100
          25     0.0000    0.0000    0.0000       100
          26     0.0000    0.0000    0.0000       100
          27     0.0000    0.0000    0.0000       100
          28     0.0000    0.0000    0.0000       100
          29     0.0000    0.0000    0.0000       100
          30     0.0000    0.0000    0.0000       100
          31     0.0000    0.0000    0.0000       100
          32     0.0000    0.0000    0.0000       100
          33     0.0000    0.0000    0.0000       100
          34     0.0000    0.0000    0.0000       100
          35     0.0000    0.0000    0.0000       100
          36     0.0000    0.0000    0.0000       100
          37     0.0000    0.0000    0.0000       100
          38     0.0000    0.0000    0.0000       100
          39     0.0664    0.3100    0.1093       100
          40     0.0252    0.2200    0.0452       100
          41     0.0000    0.0000    0.0000       100
          42     0.0000    0.0000    0.0000       100
          43     0.0000    0.0000    0.0000       100
          44     0.0000    0.0000    0.0000       100
          45     0.0000    0.0000    0.0000       100
          46     0.0000    0.0000    0.0000       100
          47     0.0000    0.0000    0.0000       100
          48     0.1776    0.2700    0.2143       100
          49     0.0000    0.0000    0.0000       100
          50     0.0000    0.0000    0.0000       100
          51     0.0000    0.0000    0.0000       100
          52     0.0000    0.0000    0.0000       100
          53     0.2500    0.0300    0.0536       100
          54     0.0000    0.0000    0.0000       100
          55     0.0000    0.0000    0.0000       100
          56     1.0000    0.0100    0.0198       100
          57     0.0667    0.0100    0.0174       100
          58     0.2000    0.0100    0.0190       100
          59     0.0000    0.0000    0.0000       100
          60     0.0000    0.0000    0.0000       100
          61     0.1194    0.0800    0.0958       100
          62     0.0657    0.3100    0.1084       100
          63     0.0000    0.0000    0.0000       100
          64     0.0000    0.0000    0.0000       100
          65     0.0000    0.0000    0.0000       100
          66     0.0000    0.0000    0.0000       100
          67     0.0000    0.0000    0.0000       100
          68     0.0000    0.0000    0.0000       100
          69     0.0000    0.0000    0.0000       100
          70     0.0000    0.0000    0.0000       100
          71     0.0000    0.0000    0.0000       100
          72     0.0000    0.0000    0.0000       100
          73     0.0000    0.0000    0.0000       100
          74     0.0000    0.0000    0.0000       100
          75     0.0833    0.0100    0.0179       100
          76     0.0000    0.0000    0.0000       100
          77     0.0000    0.0000    0.0000       100
          78     0.0000    0.0000    0.0000       100
          79     0.0000    0.0000    0.0000       100
          80     0.0000    0.0000    0.0000       100
          81     0.0000    0.0000    0.0000       100
          82     0.0358    0.7500    0.0683       100
          83     0.0000    0.0000    0.0000       100
          84     1.0000    0.0100    0.0198       100
          85     0.0000    0.0000    0.0000       100
          86     0.0000    0.0000    0.0000       100
          87     0.0000    0.0000    0.0000       100
          88     0.2000    0.0100    0.0190       100
          89     0.0000    0.0000    0.0000       100
          90     0.0000    0.0000    0.0000       100
          91     0.0000    0.0000    0.0000       100
          92     0.0000    0.0000    0.0000       100
          93     0.0000    0.0000    0.0000       100
          94     0.0000    0.0000    0.0000       100
          95     0.0000    0.0000    0.0000       100
          96     0.0000    0.0000    0.0000       100
          97     0.0000    0.0000    0.0000       100
          98     0.0000    0.0000    0.0000       100
          99     0.3462    0.0900    0.1429       100

    accuracy                         0.0324     10000
   macro avg     0.0431    0.0324    0.0129     10000
weighted avg     0.0431    0.0324    0.0129     10000

[ F1 Score ]
  Macro    F1 : 0.0129
  Weighted F1 : 0.0129

[ AUC (OvR) ]
  Macro    AUC : 0.6175
  Weighted AUC : 0.6175

[ Confusion Matrix ] (shape: (100, 100))
  Per-class correct: min=0 max=92 mean=3.2
  Overall accuracy : 0.0324
============================================================
  Report saved to report_EM_edge1_final0_hierpfedme_c20_localepoch_5_semantic_pathological_classesperclient_10_r.txt

[Final Report] PM — collecting predictions from all clients...

============================================================
 Final Classification Report
============================================================

[ Per-Class Report ]
              precision    recall  f1-score   support

           0     0.9505    0.9600    0.9552       200
           1     0.8986    0.9300    0.9140       200
           2     0.7817    0.7700    0.7758       200
           3     0.8238    0.8650    0.8439       200
           4     0.8333    0.7500    0.7895       200
           5     0.8670    0.9450    0.9043       200
           6     0.8682    0.9550    0.9095       200
           7     0.9141    0.9050    0.9095       200
           8     0.8832    0.9450    0.9130       200
           9     0.9368    0.8150    0.8717       200
          10     0.8621    0.7500    0.8021       200
          11     0.8358    0.8400    0.8379       200
          12     0.9450    0.9450    0.9450       200
          13     0.9602    0.9650    0.9626       200
          14     0.8769    0.8550    0.8658       200
          15     0.8865    0.8200    0.8519       200
          16     0.9040    0.8000    0.8488       200
          17     0.9469    0.9800    0.9631       200
          18     0.8769    0.8550    0.8658       200
          19     0.8601    0.8300    0.8448       200
          20     0.9442    0.9300    0.9370       200
          21     0.9510    0.9700    0.9604       200
          22     0.8942    0.8450    0.8689       200
          23     0.8858    0.9700    0.9260       200
          24     0.8727    0.9600    0.9143       100
          25     0.9184    0.9000    0.9091       200
          26     0.7680    0.9600    0.8533       100
          27     0.8855    0.7350    0.8033       200
          28     0.9730    0.9000    0.9351       200
          29     0.7368    0.8400    0.7850       100
          30     0.8537    0.8750    0.8642       200
          31     0.9627    0.7750    0.8587       200
          32     0.8410    0.8200    0.8304       200
          33     0.8607    0.8650    0.8628       200
          34     0.9316    0.8850    0.9077       200
          35     0.8557    0.8300    0.8426       200
          36     0.8850    0.8850    0.8850       200
          37     0.8775    0.8950    0.8861       200
          38     0.7928    0.8800    0.8341       200
          39     0.9450    0.9450    0.9450       200
          40     0.7440    0.9300    0.8267       100
          41     0.9635    0.9250    0.9439       200
          42     0.8497    0.8200    0.8346       200
          43     0.9296    0.9250    0.9273       200
          44     0.7217    0.8300    0.7721       100
          45     0.8681    0.7900    0.8272       200
          46     0.8010    0.8250    0.8128       200
          47     0.8750    0.9450    0.9087       200
          48     0.9742    0.9450    0.9594       200
          49     0.9650    0.9650    0.9650       200
          50     0.7900    0.8650    0.8258       200
          51     0.8815    0.9300    0.9051       200
          52     0.9503    0.8600    0.9029       200
          53     0.9550    0.9550    0.9550       200
          54     0.9317    0.9550    0.9432       200
          55     0.7857    0.8250    0.8049       200
          56     0.9554    0.9650    0.9602       200
          57     0.9059    0.9150    0.9104       200
          58     0.9588    0.9300    0.9442       200
          59     0.8605    0.9250    0.8916       200
          60     0.9659    0.9900    0.9778       200
          61     0.8596    0.9800    0.9159       100
          62     0.9746    0.9600    0.9673       200
          63     0.9146    0.9100    0.9123       200
          64     0.8788    0.7250    0.7945       200
          65     0.7877    0.8350    0.8107       200
          66     0.8578    0.8750    0.8663       200
          67     0.8763    0.8150    0.8446       200
          68     0.9510    0.9700    0.9604       200
          69     0.9167    0.9350    0.9257       200
          70     0.9167    0.9350    0.9257       200
          71     0.9347    0.9300    0.9323       200
          72     0.7773    0.8550    0.8143       200
          73     0.8764    0.7800    0.8254       200
          74     0.8170    0.9150    0.8632       200
          75     0.9620    0.8850    0.9219       200
          76     0.9602    0.9650    0.9626       200
          77     0.7864    0.8650    0.8238       200
          78     0.8939    0.8000    0.8443       200
          79     0.9000    0.9000    0.9000       200
          80     0.7611    0.8600    0.8075       200
          81     0.9417    0.9700    0.9557       100
          82     0.9746    0.9600    0.9673       200
          83     0.9250    0.9250    0.9250       200
          84     0.8660    0.8400    0.8528       200
          85     0.9171    0.9400    0.9284       200
          86     0.8821    0.8600    0.8709       200
          87     0.9495    0.9400    0.9447       200
          88     0.8827    0.8650    0.8737       200
          89     0.8977    0.9650    0.9301       200
          90     0.9648    0.9600    0.9624       200
          91     0.9300    0.9300    0.9300       200
          92     0.8841    0.9150    0.8993       200
          93     0.7917    0.7600    0.7755       200
          94     0.9652    0.9700    0.9676       200
          95     0.9450    0.9450    0.9450       200
          96     0.9222    0.8300    0.8737       200
          97     0.8947    0.8500    0.8718       200
          98     0.8942    0.9300    0.9118       200
          99     0.8900    0.9300    0.9095       200

    accuracy                         0.8902     19300
   macro avg     0.8890    0.8914    0.8890     19300
weighted avg     0.8920    0.8902    0.8900     19300

[ F1 Score ]
  Macro    F1 : 0.8890
  Weighted F1 : 0.8900

[ AUC (OvR) ]
  Macro    AUC : 0.9990
  Weighted AUC : 0.9990

[ Confusion Matrix ] (shape: (100, 100))
  Per-class correct: min=83 max=198 mean=171.8
  Overall accuracy : 0.8902
============================================================
  Report saved to report_PM_final0_hierpfedme_c20_localepoch_5_semantic_pathological_classesperclient_10_r.txt
========================================
End Time : Thu May  7 13:54:12 CEST 2026
========================================
