This job can be monitored from: https://job.c3se.chalmers.se/alvis/6634973
========================================
Job ID      : 6634973
Job Name    : HierFLcifar10
Node        : alvis8-04
Start Time  : Fri May 15 09:15:01 CEST 2026
Working Dir : /cephyr/users/ziangg/Alvis/tf-dpfl
========================================
[Setup] Python: /cephyr/users/ziangg/Alvis/tf-dpfl/bin/python
[Setup] TF version: 2.15.1
[Setup] GPU available: [PhysicalDevice(name='/physical_device:GPU:0', device_type='GPU')]
[Config] Override: wandb.enabled = True
[Setup] Random seed: 42
[Setup] Loading dataset...
[Data] CIFAR-10 from Mimer: /mimer/NOBACKUP/Datasets/CIFAR
[Setup] Building global model...
Model: "cifar_cnn_3conv"
_________________________________________________________________
 Layer (type)                Output Shape              Param #   
=================================================================
 input_1 (InputLayer)        [(None, 32, 32, 3)]       0         
                                                                 
 conv2d (Conv2D)             (None, 32, 32, 32)        896       
                                                                 
 batch_normalization (Batch  (None, 32, 32, 32)        128       
 Normalization)                                                  
                                                                 
 re_lu (ReLU)                (None, 32, 32, 32)        0         
                                                                 
 conv2d_1 (Conv2D)           (None, 32, 32, 64)        18496     
                                                                 
 batch_normalization_1 (Bat  (None, 32, 32, 64)        256       
 chNormalization)                                                
                                                                 
 re_lu_1 (ReLU)              (None, 32, 32, 64)        0         
                                                                 
 max_pooling2d (MaxPooling2  (None, 16, 16, 64)        0         
 D)                                                              
                                                                 
 conv2d_2 (Conv2D)           (None, 16, 16, 128)       73856     
                                                                 
 batch_normalization_2 (Bat  (None, 16, 16, 128)       512       
 chNormalization)                                                
                                                                 
 re_lu_2 (ReLU)              (None, 16, 16, 128)       0         
                                                                 
 conv2d_3 (Conv2D)           (None, 16, 16, 128)       147584    
                                                                 
 batch_normalization_3 (Bat  (None, 16, 16, 128)       512       
 chNormalization)                                                
                                                                 
 re_lu_3 (ReLU)              (None, 16, 16, 128)       0         
                                                                 
 max_pooling2d_1 (MaxPoolin  (None, 8, 8, 128)         0         
 g2D)                                                            
                                                                 
 spatial_dropout2d (Spatial  (None, 8, 8, 128)         0         
 Dropout2D)                                                      
                                                                 
 conv2d_4 (Conv2D)           (None, 8, 8, 256)         295168    
                                                                 
 batch_normalization_4 (Bat  (None, 8, 8, 256)         1024      
 chNormalization)                                                
                                                                 
 re_lu_4 (ReLU)              (None, 8, 8, 256)         0         
                                                                 
 conv2d_5 (Conv2D)           (None, 8, 8, 256)         590080    
                                                                 
 batch_normalization_5 (Bat  (None, 8, 8, 256)         1024      
 chNormalization)                                                
                                                                 
 re_lu_5 (ReLU)              (None, 8, 8, 256)         0         
                                                                 
 max_pooling2d_2 (MaxPoolin  (None, 4, 4, 256)         0         
 g2D)                                                            
                                                                 
 flatten (Flatten)           (None, 4096)              0         
                                                                 
 dropout (Dropout)           (None, 4096)              0         
                                                                 
 dense (Dense)               (None, 1024)              4195328   
                                                                 
 dense_1 (Dense)             (None, 512)               524800    
                                                                 
 dropout_1 (Dropout)         (None, 512)               0         
                                                                 
 dense_2 (Dense)             (None, 10)                5130      
                                                                 
=================================================================
Total params: 5854794 (22.33 MB)
Trainable params: 5853066 (22.33 MB)
Non-trainable params: 1728 (6.75 KB)
_________________________________________________________________
[Setup] Building clients...

[Superclass-aware partition] 2 edges, 2 classes/client

  Edge 0 (class pool: [2, 3, 4, 5, 6, 7]):
  Client       Samples    Classes held                        Out-of-pool?
  ---------------------------------------------------------------------------
  client_0     4000       [3, 6]                              OK
  client_1     4000       [3, 6]                              OK
  client_2     4000       [2, 5]                              OK
  client_3     4000       [5, 7]                              OK
  client_4     4000       [2, 7]                              OK
  client_5     4000       [2, 4]                              OK
  client_6     4000       [6, 7]                              OK
  client_7     4000       [3, 5]                              OK
  client_8     2000       [4]                                 OK
  client_9     2000       [4]                                 OK

  Edge 1 (class pool: [0, 1, 8, 9]):
  Client       Samples    Classes held                        Out-of-pool?
  ---------------------------------------------------------------------------
  client_10    2400       [8, 9]                              OK
  client_11    2400       [0, 1]                              OK
  client_12    2400       [1, 8]                              OK
  client_13    2400       [0, 8]                              OK
  client_14    2400       [0, 9]                              OK
  client_15    2400       [0, 8]                              OK
  client_16    2400       [1, 8]                              OK
  client_17    2400       [1, 9]                              OK
  client_18    2400       [1, 9]                              OK
  client_19    2400       [0, 9]                              OK

[Train/Test split] 20 clients | avg train=2250, avg test=750 samples (ratio=0.25)
[Setup] 20 clients built (superclass_pathological) | per-client test sets injected
[Setup] Building edge servers...
[Assignment] Using pre-baked superclass assignments | 2 edges
[EdgeServer 0] 10 clients | 27000 samples
[EdgeServer 1] 10 clients | 18000 samples

[Setup] Built 2 edge servers (strategy=superclass_baked)
  Edge 0: 10 clients | 27000 samples
  Edge 1: 10 clients | 18000 samples
[Setup] Building per-edge test datasets (superclass-aware)...
[CloudServer] 2 edges | model: 22.33 MB

====================================================
 HierFAVG Training Start
====================================================

[Round   1] Broadcasting to 2 edges...
  [Edge 0] W_n reset to global weights for new round.
  [Edge 1] W_n reset to global weights for new round.
  [Edge 0] G1 | E1 | Hier-pFedMe | Selected 10/10
  [Client  3] Received edge weights.
  [Client  6] Received edge weights.
  [Client  9] Received edge weights.
  [Client  8] Received edge weights.
  [Client  7] Received edge weights.
  [Client  1] Received edge weights.
  [Client  4] Received edge weights.
  [Client  0] Received edge weights.
  [Client  5] Received edge weights.
  [Client  2] Received edge weights.
  [Client  8] Round 1 | Hier-pFedMe(λ2=35.0,K=3) | loss=0.0000
  [Client  3] Round 1 | Hier-pFedMe(λ2=35.0,K=3) | loss=20.2343
  [Client  6] Round 1 | Hier-pFedMe(λ2=35.0,K=3) | loss=7.1120
  [Client  9] Round 1 | Hier-pFedMe(λ2=35.0,K=3) | loss=0.0000
  [Client  7] Round 1 | Hier-pFedMe(λ2=35.0,K=3) | loss=16.5198
  [Client  1] Round 1 | Hier-pFedMe(λ2=35.0,K=3) | loss=25.1740
  [Client  4] Round 1 | Hier-pFedMe(λ2=35.0,K=3) | loss=22.4384
  [Client  0] Round 1 | Hier-pFedMe(λ2=35.0,K=3) | loss=14.5317
  [Client  2] Round 1 | Hier-pFedMe(λ2=35.0,K=3) | loss=16.1113
  [Client  5] Round 1 | Hier-pFedMe(λ2=35.0,K=3) | loss=9.0337
  [Edge 0] G1 | E1 | loss=14.5728
  [Edge 0] G1 | E2 | Hier-pFedMe | Selected 10/10
  [Client  3] Received edge weights.
  [Client  0] Received edge weights.
  [Client  7] Received edge weights.
  [Client  9] Received edge weights.
  [Client  6] Received edge weights.
  [Client  4] Received edge weights.
  [Client  2] Received edge weights.
  [Client  8] Received edge weights.
  [Client  5] Received edge weights.
  [Client  1] Received edge weights.
  [Client  0] Round 1 | Hier-pFedMe(λ2=35.0,K=3) | loss=0.3830  [Client  3] Round 1 | Hier-pFedMe(λ2=35.0,K=3) | loss=1.0707  [Client  7] Round 1 | Hier-pFedMe(λ2=35.0,K=3) | loss=0.4024
  [Client  9] Round 1 | Hier-pFedMe(λ2=35.0,K=3) | loss=0.0000


  [Client  6] Round 1 | Hier-pFedMe(λ2=35.0,K=3) | loss=4.5951  [Client  4] Round 1 | Hier-pFedMe(λ2=35.0,K=3) | loss=1.5435

  [Client  2] Round 1 | Hier-pFedMe(λ2=35.0,K=3) | loss=0.7322
  [Client  8] Round 1 | Hier-pFedMe(λ2=35.0,K=3) | loss=0.0003
  [Client  5] Round 1 | Hier-pFedMe(λ2=35.0,K=3) | loss=0.6766
  [Client  1] Round 1 | Hier-pFedMe(λ2=35.0,K=3) | loss=0.6463
  [Edge 0] G1 | E2 | loss=1.1167
  [Edge 0] G1 | E3 | Hier-pFedMe | Selected 10/10
  [Client  9] Received edge weights.
  [Client  7] Received edge weights.
  [Client  8] Received edge weights.
  [Client  6] Received edge weights.
  [Client  4] Received edge weights.
  [Client  1] Received edge weights.
  [Client  0] Received edge weights.
  [Client  3] Received edge weights.
  [Client  5] Received edge weights.
  [Client  2] Received edge weights.
  [Client  9] Round 1 | Hier-pFedMe(λ2=35.0,K=3) | loss=0.0000
  [Client  8] Round 1 | Hier-pFedMe(λ2=35.0,K=3) | loss=0.0000
  [Client  7] Round 1 | Hier-pFedMe(λ2=35.0,K=3) | loss=8.6375  [Client  6] Round 1 | Hier-pFedMe(λ2=35.0,K=3) | loss=3.6210

  [Client  4] Round 1 | Hier-pFedMe(λ2=35.0,K=3) | loss=5.2632
  [Client  1] Round 1 | Hier-pFedMe(λ2=35.0,K=3) | loss=9.7649
  [Client  0] Round 1 | Hier-pFedMe(λ2=35.0,K=3) | loss=8.2766
  [Client  3] Round 1 | Hier-pFedMe(λ2=35.0,K=3) | loss=6.0293
  [Client  5] Round 1 | Hier-pFedMe(λ2=35.0,K=3) | loss=2.1038
  [Client  2] Round 1 | Hier-pFedMe(λ2=35.0,K=3) | loss=3.3989
  [Edge 0] G1 | E3 | loss=5.2328
  [Edge 0] G1 | E4 | Hier-pFedMe | Selected 10/10
  [Client  8] Received edge weights.
  [Client  6] Received edge weights.
  [Client  0] Received edge weights.
  [Client  9] Received edge weights.
  [Client  7] Received edge weights.
  [Client  3] Received edge weights.
  [Client  5] Received edge weights.
  [Client  2] Received edge weights.
  [Client  1] Received edge weights.
  [Client  4] Received edge weights.
  [Client  6] Round 1 | Hier-pFedMe(λ2=35.0,K=3) | loss=1.7075
  [Client  8] Round 1 | Hier-pFedMe(λ2=35.0,K=3) | loss=0.0033
  [Client  9] Round 1 | Hier-pFedMe(λ2=35.0,K=3) | loss=0.0062  [Client  0] Round 1 | Hier-pFedMe(λ2=35.0,K=3) | loss=0.6920

  [Client  7] Round 1 | Hier-pFedMe(λ2=35.0,K=3) | loss=0.8553
  [Client  3] Round 1 | Hier-pFedMe(λ2=35.0,K=3) | loss=0.4264
  [Client  5] Round 1 | Hier-pFedMe(λ2=35.0,K=3) | loss=0.4147  [Client  2] Round 1 | Hier-pFedMe(λ2=35.0,K=3) | loss=0.6004

  [Client  1] Round 1 | Hier-pFedMe(λ2=35.0,K=3) | loss=0.7467
  [Client  4] Round 1 | Hier-pFedMe(λ2=35.0,K=3) | loss=0.7172
  [Edge 0] G1 | E4 | loss=0.6850
  [Edge 0] G1 | E5 | Hier-pFedMe | Selected 10/10
  [Client  8] Received edge weights.
  [Client  1] Received edge weights.
  [Client  7] Received edge weights.
  [Client  4] Received edge weights.
  [Client  5] Received edge weights.
  [Client  9] Received edge weights.
  [Client  3] Received edge weights.
  [Client  0] Received edge weights.
  [Client  6] Received edge weights.
  [Client  2] Received edge weights.
  [Client  1] Round 1 | Hier-pFedMe(λ2=35.0,K=3) | loss=10.7171  [Client  8] Round 1 | Hier-pFedMe(λ2=35.0,K=3) | loss=0.0055  [Client  7] Round 1 | Hier-pFedMe(λ2=35.0,K=3) | loss=4.5062  [Client  4] Round 1 | Hier-pFedMe(λ2=35.0,K=3) | loss=4.1093



  [Client  5] Round 1 | Hier-pFedMe(λ2=35.0,K=3) | loss=0.3578  [Client  9] Round 1 | Hier-pFedMe(λ2=35.0,K=3) | loss=0.0035  [Client  3] Round 1 | Hier-pFedMe(λ2=35.0,K=3) | loss=8.5675  [Client  0] Round 1 | Hier-pFedMe(λ2=35.0,K=3) | loss=5.0592



  [Client  6] Round 1 | Hier-pFedMe(λ2=35.0,K=3) | loss=3.2631  [Client  2] Round 1 | Hier-pFedMe(λ2=35.0,K=3) | loss=0.1708

  [Edge 0] G1 | E5 | loss=4.0840
  [Edge 1] G1 | E1 | Hier-pFedMe | Selected 10/10
  [Client 10] Received edge weights.
  [Client 19] Received edge weights.
  [Client 13] Received edge weights.
  [Client 17] Received edge weights.
  [Client 12] Received edge weights.
  [Client 14] Received edge weights.
  [Client 15] Received edge weights.
  [Client 11] Received edge weights.
  [Client 16] Received edge weights.
  [Client 18] Received edge weights.
  [Client 10] Round 1 | Hier-pFedMe(λ2=35.0,K=3) | loss=18.4449
  [Client 17] Round 1 | Hier-pFedMe(λ2=35.0,K=3) | loss=17.0449
  [Client 19] Round 1 | Hier-pFedMe(λ2=35.0,K=3) | loss=12.0362
  [Client 13] Round 1 | Hier-pFedMe(λ2=35.0,K=3) | loss=11.5156
  [Client 12] Round 1 | Hier-pFedMe(λ2=35.0,K=3) | loss=24.1790
  [Client 14] Round 1 | Hier-pFedMe(λ2=35.0,K=3) | loss=15.1963
  [Client 15] Round 1 | Hier-pFedMe(λ2=35.0,K=3) | loss=22.7548
  [Client 11] Round 1 | Hier-pFedMe(λ2=35.0,K=3) | loss=23.1707
  [Client 16] Round 1 | Hier-pFedMe(λ2=35.0,K=3) | loss=16.7813
  [Client 18] Round 1 | Hier-pFedMe(λ2=35.0,K=3) | loss=16.4116
  [Edge 1] G1 | E1 | loss=17.7535
  [Edge 1] G1 | E2 | Hier-pFedMe | Selected 10/10
  [Client 11] Received edge weights.
  [Client 15] Received edge weights.
  [Client 19] Received edge weights.
  [Client 16] Received edge weights.
  [Client 18] Received edge weights.
  [Client 14] Received edge weights.
  [Client 17] Received edge weights.
  [Client 12] Received edge weights.
  [Client 13] Received edge weights.
  [Client 10] Received edge weights.
  [Client 11] Round 1 | Hier-pFedMe(λ2=35.0,K=3) | loss=1.2425
  [Client 19] Round 1 | Hier-pFedMe(λ2=35.0,K=3) | loss=0.6796  [Client 15] Round 1 | Hier-pFedMe(λ2=35.0,K=3) | loss=1.3898

  [Client 16] Round 1 | Hier-pFedMe(λ2=35.0,K=3) | loss=0.7049
  [Client 14] Round 1 | Hier-pFedMe(λ2=35.0,K=3) | loss=3.2001
  [Client 18] Round 1 | Hier-pFedMe(λ2=35.0,K=3) | loss=2.4692
  [Client 17] Round 1 | Hier-pFedMe(λ2=35.0,K=3) | loss=0.6252
  [Client 12] Round 1 | Hier-pFedMe(λ2=35.0,K=3) | loss=1.4111
  [Client 13] Round 1 | Hier-pFedMe(λ2=35.0,K=3) | loss=0.8774
  [Client 10] Round 1 | Hier-pFedMe(λ2=35.0,K=3) | loss=1.6283
  [Edge 1] G1 | E2 | loss=1.4228
  [Edge 1] G1 | E3 | Hier-pFedMe | Selected 10/10
  [Client 10] Received edge weights.
  [Client 14] Received edge weights.
  [Client 15] Received edge weights.
  [Client 12] Received edge weights.
  [Client 18] Received edge weights.
  [Client 11] Received edge weights.
  [Client 16] Received edge weights.
  [Client 13] Received edge weights.
  [Client 17] Received edge weights.
  [Client 19] Received edge weights.
  [Client 15] Round 1 | Hier-pFedMe(λ2=35.0,K=3) | loss=1.7488  [Client 10] Round 1 | Hier-pFedMe(λ2=35.0,K=3) | loss=2.5029
  [Client 14] Round 1 | Hier-pFedMe(λ2=35.0,K=3) | loss=1.6125

  [Client 12] Round 1 | Hier-pFedMe(λ2=35.0,K=3) | loss=5.6032
  [Client 18] Round 1 | Hier-pFedMe(λ2=35.0,K=3) | loss=2.4618
  [Client 16] Round 1 | Hier-pFedMe(λ2=35.0,K=3) | loss=3.6397
  [Client 11] Round 1 | Hier-pFedMe(λ2=35.0,K=3) | loss=6.9192
  [Client 13] Round 1 | Hier-pFedMe(λ2=35.0,K=3) | loss=0.4782
  [Client 17] Round 1 | Hier-pFedMe(λ2=35.0,K=3) | loss=6.8736
  [Client 19] Round 1 | Hier-pFedMe(λ2=35.0,K=3) | loss=2.8571
  [Edge 1] G1 | E3 | loss=3.4697
  [Edge 1] G1 | E4 | Hier-pFedMe | Selected 10/10
  [Client 12] Received edge weights.
  [Client 18] Received edge weights.
  [Client 14] Received edge weights.
  [Client 15] Received edge weights.
  [Client 10] Received edge weights.
  [Client 13] Received edge weights.
  [Client 11] Received edge weights.
  [Client 16] Received edge weights.
  [Client 19] Received edge weights.
  [Client 17] Received edge weights.
  [Client 14] Round 1 | Hier-pFedMe(λ2=35.0,K=3) | loss=0.4666
  [Client 12] Round 1 | Hier-pFedMe(λ2=35.0,K=3) | loss=0.5053
  [Client 18] Round 1 | Hier-pFedMe(λ2=35.0,K=3) | loss=0.4102
  [Client 15] Round 1 | Hier-pFedMe(λ2=35.0,K=3) | loss=0.4969
  [Client 10] Round 1 | Hier-pFedMe(λ2=35.0,K=3) | loss=0.3365
  [Client 13] Round 1 | Hier-pFedMe(λ2=35.0,K=3) | loss=0.7020  [Client 11] Round 1 | Hier-pFedMe(λ2=35.0,K=3) | loss=0.6443

  [Client 16] Round 1 | Hier-pFedMe(λ2=35.0,K=3) | loss=0.3418
  [Client 19] Round 1 | Hier-pFedMe(λ2=35.0,K=3) | loss=0.5181
  [Client 17] Round 1 | Hier-pFedMe(λ2=35.0,K=3) | loss=0.6716
  [Edge 1] G1 | E4 | loss=0.5093
  [Edge 1] G1 | E5 | Hier-pFedMe | Selected 10/10
  [Client 13] Received edge weights.
  [Client 16] Received edge weights.
  [Client 18] Received edge weights.
  [Client 19] Received edge weights.
  [Client 17] Received edge weights.
  [Client 15] Received edge weights.
  [Client 12] Received edge weights.
  [Client 14] Received edge weights.
  [Client 11] Received edge weights.
  [Client 10] Received edge weights.
  [Client 13] Round 1 | Hier-pFedMe(λ2=35.0,K=3) | loss=1.8456  [Client 18] Round 1 | Hier-pFedMe(λ2=35.0,K=3) | loss=1.2283  [Client 16] Round 1 | Hier-pFedMe(λ2=35.0,K=3) | loss=0.6290
  [Client 19] Round 1 | Hier-pFedMe(λ2=35.0,K=3) | loss=1.6580


  [Client 17] Round 1 | Hier-pFedMe(λ2=35.0,K=3) | loss=4.8440
  [Client 15] Round 1 | Hier-pFedMe(λ2=35.0,K=3) | loss=2.5187  [Client 14] Round 1 | Hier-pFedMe(λ2=35.0,K=3) | loss=0.4384  [Client 12] Round 1 | Hier-pFedMe(λ2=35.0,K=3) | loss=1.2707


  [Client 11] Round 1 | Hier-pFedMe(λ2=35.0,K=3) | loss=1.0066
  [Client 10] Round 1 | Hier-pFedMe(λ2=35.0,K=3) | loss=2.2789
  [Edge 1] G1 | E5 | loss=1.7718
[C0] eval model[0] mean=-0.000907 | θ̃ mean=-0.000907 | edge mean=-0.001425
[C0] n=1000 | classes=[3, 6] | acc=0.4180 | per_class={3: '0.04', 6: '0.81'}
[C1] eval model[0] mean=-0.001925 | θ̃ mean=-0.001925 | edge mean=-0.001425
[C1] n=1000 | classes=[3, 6] | acc=0.2590 | per_class={3: '0.07', 6: '0.46'}
[C2] eval model[0] mean=-0.000821 | θ̃ mean=-0.000821 | edge mean=-0.001425
[C2] n=1000 | classes=[2, 5] | acc=0.5070 | per_class={2: '1.00', 5: '0.00'}
[C3] eval model[0] mean=-0.001419 | θ̃ mean=-0.001419 | edge mean=-0.001425
[C3] n=1000 | classes=[5, 7] | acc=0.4940 | per_class={5: '0.00', 7: '1.00'}
[C4] eval model[0] mean=-0.001088 | θ̃ mean=-0.001088 | edge mean=-0.001425
[C4] n=1000 | classes=[2, 7] | acc=0.5070 | per_class={2: '1.00', 7: '0.00'}
[C5] eval model[0] mean=-0.001234 | θ̃ mean=-0.001234 | edge mean=-0.001425
[C5] n=1000 | classes=[2, 4] | acc=0.4900 | per_class={2: '0.00', 4: '1.00'}
[C6] eval model[0] mean=-0.001127 | θ̃ mean=-0.001127 | edge mean=-0.001425
[C6] n=1000 | classes=[6, 7] | acc=0.4930 | per_class={6: '1.00', 7: '0.00'}
[C7] eval model[0] mean=-0.001430 | θ̃ mean=-0.001430 | edge mean=-0.001425
[C7] n=1000 | classes=[3, 5] | acc=0.4830 | per_class={3: '0.99', 5: '0.00'}
[C8] eval model[0] mean=-0.001360 | θ̃ mean=-0.001360 | edge mean=-0.001425
[C8] n=500 | classes=[4] | acc=1.0000 | per_class={4: '1.00'}
[C9] eval model[0] mean=-0.001387 | θ̃ mean=-0.001387 | edge mean=-0.001425
[C9] n=500 | classes=[4] | acc=1.0000 | per_class={4: '1.00'}
[C10] eval model[0] mean=-0.000949 | θ̃ mean=-0.000949 | edge mean=-0.001505
[C10] n=600 | classes=[8, 9] | acc=0.4867 | per_class={8: '1.00', 9: '0.00'}
[C11] eval model[0] mean=-0.002616 | θ̃ mean=-0.002616 | edge mean=-0.001505
[C11] n=600 | classes=[0, 1] | acc=0.5000 | per_class={0: '1.00', 1: '0.00'}
[C12] eval model[0] mean=-0.001680 | θ̃ mean=-0.001680 | edge mean=-0.001505
[C12] n=600 | classes=[1, 8] | acc=0.4867 | per_class={1: '0.00', 8: '1.00'}
[C13] eval model[0] mean=-0.001872 | θ̃ mean=-0.001872 | edge mean=-0.001505
[C13] n=600 | classes=[0, 8] | acc=0.4783 | per_class={0: '0.01', 8: '0.99'}
[C14] eval model[0] mean=-0.001829 | θ̃ mean=-0.001829 | edge mean=-0.001505
[C14] n=600 | classes=[0, 9] | acc=0.5117 | per_class={0: '1.00', 9: '0.00'}
[C15] eval model[0] mean=-0.001022 | θ̃ mean=-0.001022 | edge mean=-0.001505
[C15] n=600 | classes=[0, 8] | acc=0.4983 | per_class={0: '0.04', 8: '0.98'}
[C16] eval model[0] mean=-0.001361 | θ̃ mean=-0.001361 | edge mean=-0.001505
[C16] n=600 | classes=[1, 8] | acc=0.5150 | per_class={1: '0.00', 8: '1.00'}
[C17] eval model[0] mean=-0.000439 | θ̃ mean=-0.000439 | edge mean=-0.001505
[C17] n=600 | classes=[1, 9] | acc=0.5183 | per_class={1: '0.00', 9: '1.00'}
[C18] eval model[0] mean=-0.001403 | θ̃ mean=-0.001403 | edge mean=-0.001505
[C18] n=600 | classes=[1, 9] | acc=0.4767 | per_class={1: '0.00', 9: '1.00'}
[C19] eval model[0] mean=-0.000367 | θ̃ mean=-0.000367 | edge mean=-0.001505
[C19] n=600 | classes=[0, 9] | acc=0.4767 | per_class={0: '1.00', 9: '0.00'}
  [Cloud] GM=0.0973 | EM=0.1988 PM=0.5080 | loss=2.3064 | time=86.3s | comm=4556.2MB (total=4556MB)

[Round   2] Broadcasting to 2 edges...
  [Edge 0] W_n reset to global weights for new round.
  [Edge 1] W_n reset to global weights for new round.
  [Edge 0] G2 | E1 | Hier-pFedMe | Selected 10/10
  [Client  9] Received edge weights.
  [Client  2] Received edge weights.
  [Client  6] Received edge weights.
  [Client  8] Received edge weights.
  [Client  5] Received edge weights.
  [Client  1] Received edge weights.
  [Client  4] Received edge weights.
  [Client  0] Received edge weights.
  [Client  7] Received edge weights.
  [Client  3] Received edge weights.
  [Client  2] Round 2 | Hier-pFedMe(λ2=35.0,K=3) | loss=0.5344  [Client  9] Round 2 | Hier-pFedMe(λ2=35.0,K=3) | loss=0.0296

  [Client  8] Round 2 | Hier-pFedMe(λ2=35.0,K=3) | loss=0.0338  [Client  6] Round 2 | Hier-pFedMe(λ2=35.0,K=3) | loss=0.5441

  [Client  5] Round 2 | Hier-pFedMe(λ2=35.0,K=3) | loss=0.5230
  [Client  1] Round 2 | Hier-pFedMe(λ2=35.0,K=3) | loss=1.1142
  [Client  4] Round 2 | Hier-pFedMe(λ2=35.0,K=3) | loss=0.4705
  [Client  0] Round 2 | Hier-pFedMe(λ2=35.0,K=3) | loss=0.6913
  [Client  7] Round 2 | Hier-pFedMe(λ2=35.0,K=3) | loss=0.6076
  [Client  3] Round 2 | Hier-pFedMe(λ2=35.0,K=3) | loss=0.5983
  [Edge 0] G2 | E1 | loss=0.5683
  [Edge 0] G2 | E2 | Hier-pFedMe | Selected 10/10
  [Client  1] Received edge weights.
  [Client  5] Received edge weights.
  [Client  6] Received edge weights.
  [Client  8] Received edge weights.
  [Client  4] Received edge weights.
  [Client  3] Received edge weights.
  [Client  0] Received edge weights.
  [Client  7] Received edge weights.
  [Client  9] Received edge weights.
  [Client  2] Received edge weights.
  [Client  8] Round 2 | Hier-pFedMe(λ2=35.0,K=3) | loss=0.0181
  [Client  6] Round 2 | Hier-pFedMe(λ2=35.0,K=3) | loss=0.6984  [Client  5] Round 2 | Hier-pFedMe(λ2=35.0,K=3) | loss=0.7210  [Client  1] Round 2 | Hier-pFedMe(λ2=35.0,K=3) | loss=6.0826


  [Client  4] Round 2 | Hier-pFedMe(λ2=35.0,K=3) | loss=1.9777
  [Client  3] Round 2 | Hier-pFedMe(λ2=35.0,K=3) | loss=1.3262
  [Client  0] Round 2 | Hier-pFedMe(λ2=35.0,K=3) | loss=3.8249
  [Client  7] Round 2 | Hier-pFedMe(λ2=35.0,K=3) | loss=1.9148
  [Client  9] Round 2 | Hier-pFedMe(λ2=35.0,K=3) | loss=0.0158
  [Client  2] Round 2 | Hier-pFedMe(λ2=35.0,K=3) | loss=0.4066
  [Edge 0] G2 | E2 | loss=1.8855
  [Edge 0] G2 | E3 | Hier-pFedMe | Selected 10/10
  [Client  6] Received edge weights.
  [Client  8] Received edge weights.
  [Client  3] Received edge weights.
  [Client  1] Received edge weights.
  [Client  9] Received edge weights.
  [Client  0] Received edge weights.
  [Client  5] Received edge weights.
  [Client  4] Received edge weights.
  [Client  7] Received edge weights.
  [Client  2] Received edge weights.
  [Client  3] Round 2 | Hier-pFedMe(λ2=35.0,K=3) | loss=0.4175
  [Client  6] Round 2 | Hier-pFedMe(λ2=35.0,K=3) | loss=0.4701  [Client  8] Round 2 | Hier-pFedMe(λ2=35.0,K=3) | loss=0.0261

  [Client  1] Round 2 | Hier-pFedMe(λ2=35.0,K=3) | loss=0.8753
  [Client  9] Round 2 | Hier-pFedMe(λ2=35.0,K=3) | loss=0.0245
  [Client  0] Round 2 | Hier-pFedMe(λ2=35.0,K=3) | loss=0.5497  [Client  5] Round 2 | Hier-pFedMe(λ2=35.0,K=3) | loss=0.4372

  [Client  4] Round 2 | Hier-pFedMe(λ2=35.0,K=3) | loss=0.6018
  [Client  7] Round 2 | Hier-pFedMe(λ2=35.0,K=3) | loss=0.7799
  [Client  2] Round 2 | Hier-pFedMe(λ2=35.0,K=3) | loss=0.5759
  [Edge 0] G2 | E3 | loss=0.5259
  [Edge 0] G2 | E4 | Hier-pFedMe | Selected 10/10
  [Client  5] Received edge weights.
  [Client  1] Received edge weights.
  [Client  6] Received edge weights.
  [Client  2] Received edge weights.
  [Client  8] Received edge weights.
  [Client  0] Received edge weights.
  [Client  7] Received edge weights.
  [Client  4] Received edge weights.
  [Client  3] Received edge weights.
  [Client  9] Received edge weights.
  [Client  5] Round 2 | Hier-pFedMe(λ2=35.0,K=3) | loss=0.6474
  [Client  6] Round 2 | Hier-pFedMe(λ2=35.0,K=3) | loss=0.4031
  [Client  2] Round 2 | Hier-pFedMe(λ2=35.0,K=3) | loss=0.5660
  [Client  1] Round 2 | Hier-pFedMe(λ2=35.0,K=3) | loss=2.8318
  [Client  8] Round 2 | Hier-pFedMe(λ2=35.0,K=3) | loss=0.0144
  [Client  0] Round 2 | Hier-pFedMe(λ2=35.0,K=3) | loss=1.2703
  [Client  7] Round 2 | Hier-pFedMe(λ2=35.0,K=3) | loss=0.9866
  [Client  4] Round 2 | Hier-pFedMe(λ2=35.0,K=3) | loss=2.9475
  [Client  3] Round 2 | Hier-pFedMe(λ2=35.0,K=3) | loss=0.2293
  [Client  9] Round 2 | Hier-pFedMe(λ2=35.0,K=3) | loss=0.0220
  [Edge 0] G2 | E4 | loss=1.1000
  [Edge 0] G2 | E5 | Hier-pFedMe | Selected 10/10
  [Client  6] Received edge weights.
  [Client  2] Received edge weights.
  [Client  5] Received edge weights.
  [Client  1] Received edge weights.
  [Client  8] Received edge weights.
  [Client  9] Received edge weights.
  [Client  3] Received edge weights.
  [Client  7] Received edge weights.
  [Client  4] Received edge weights.
  [Client  0] Received edge weights.
  [Client  2] Round 2 | Hier-pFedMe(λ2=35.0,K=3) | loss=0.3739  [Client  5] Round 2 | Hier-pFedMe(λ2=35.0,K=3) | loss=0.3907

  [Client  6] Round 2 | Hier-pFedMe(λ2=35.0,K=3) | loss=0.4713
  [Client  1] Round 2 | Hier-pFedMe(λ2=35.0,K=3) | loss=0.8387
  [Client  9] Round 2 | Hier-pFedMe(λ2=35.0,K=3) | loss=0.0159  [Client  8] Round 2 | Hier-pFedMe(λ2=35.0,K=3) | loss=0.0185

  [Client  3] Round 2 | Hier-pFedMe(λ2=35.0,K=3) | loss=0.3249
  [Client  7] Round 2 | Hier-pFedMe(λ2=35.0,K=3) | loss=0.4181
  [Client  4] Round 2 | Hier-pFedMe(λ2=35.0,K=3) | loss=0.4653
  [Client  0] Round 2 | Hier-pFedMe(λ2=35.0,K=3) | loss=0.5698
  [Edge 0] G2 | E5 | loss=0.4300
  [Edge 1] G2 | E1 | Hier-pFedMe | Selected 10/10
  [Client 14] Received edge weights.
  [Client 16] Received edge weights.
  [Client 17] Received edge weights.
  [Client 11] Received edge weights.
  [Client 13] Received edge weights.
  [Client 19] Received edge weights.
  [Client 12] Received edge weights.
  [Client 10] Received edge weights.
  [Client 15] Received edge weights.
  [Client 18] Received edge weights.
  [Client 11] Round 2 | Hier-pFedMe(λ2=35.0,K=3) | loss=0.5560
  [Client 14] Round 2 | Hier-pFedMe(λ2=35.0,K=3) | loss=0.3705
  [Client 16] Round 2 | Hier-pFedMe(λ2=35.0,K=3) | loss=0.7192  [Client 17] Round 2 | Hier-pFedMe(λ2=35.0,K=3) | loss=0.7494

  [Client 13] Round 2 | Hier-pFedMe(λ2=35.0,K=3) | loss=0.4326
  [Client 19] Round 2 | Hier-pFedMe(λ2=35.0,K=3) | loss=0.6157  [Client 12] Round 2 | Hier-pFedMe(λ2=35.0,K=3) | loss=0.6481

  [Client 10] Round 2 | Hier-pFedMe(λ2=35.0,K=3) | loss=0.5626
  [Client 15] Round 2 | Hier-pFedMe(λ2=35.0,K=3) | loss=0.2490
  [Client 18] Round 2 | Hier-pFedMe(λ2=35.0,K=3) | loss=0.5289
  [Edge 1] G2 | E1 | loss=0.5432
  [Edge 1] G2 | E2 | Hier-pFedMe | Selected 10/10
  [Client 12] Received edge weights.
  [Client 11] Received edge weights.
  [Client 10] Received edge weights.
  [Client 13] Received edge weights.
  [Client 17] Received edge weights.
  [Client 19] Received edge weights.
  [Client 16] Received edge weights.
  [Client 18] Received edge weights.
  [Client 15] Received edge weights.
  [Client 14] Received edge weights.
  [Client 10] Round 2 | Hier-pFedMe(λ2=35.0,K=3) | loss=1.1839
  [Client 11] Round 2 | Hier-pFedMe(λ2=35.0,K=3) | loss=1.4338
  [Client 13] Round 2 | Hier-pFedMe(λ2=35.0,K=3) | loss=1.5727  [Client 12] Round 2 | Hier-pFedMe(λ2=35.0,K=3) | loss=1.8927

  [Client 19] Round 2 | Hier-pFedMe(λ2=35.0,K=3) | loss=0.3786  [Client 17] Round 2 | Hier-pFedMe(λ2=35.0,K=3) | loss=3.1315
  [Client 16] Round 2 | Hier-pFedMe(λ2=35.0,K=3) | loss=0.7505
  [Client 18] Round 2 | Hier-pFedMe(λ2=35.0,K=3) | loss=0.4741

  [Client 15] Round 2 | Hier-pFedMe(λ2=35.0,K=3) | loss=0.4666
  [Client 14] Round 2 | Hier-pFedMe(λ2=35.0,K=3) | loss=0.5047
  [Edge 1] G2 | E2 | loss=1.1789
  [Edge 1] G2 | E3 | Hier-pFedMe | Selected 10/10
  [Client 13] Received edge weights.
  [Client 10] Received edge weights.
  [Client 14] Received edge weights.
  [Client 12] Received edge weights.
  [Client 17] Received edge weights.
  [Client 18] Received edge weights.
  [Client 16] Received edge weights.
  [Client 19] Received edge weights.
  [Client 15] Received edge weights.
  [Client 11] Received edge weights.
  [Client 10] Round 2 | Hier-pFedMe(λ2=35.0,K=3) | loss=0.3034
  [Client 13] Round 2 | Hier-pFedMe(λ2=35.0,K=3) | loss=0.5170  [Client 14] Round 2 | Hier-pFedMe(λ2=35.0,K=3) | loss=0.3616
  [Client 12] Round 2 | Hier-pFedMe(λ2=35.0,K=3) | loss=0.3837

  [Client 17] Round 2 | Hier-pFedMe(λ2=35.0,K=3) | loss=0.5843
  [Client 16] Round 2 | Hier-pFedMe(λ2=35.0,K=3) | loss=0.4844  [Client 18] Round 2 | Hier-pFedMe(λ2=35.0,K=3) | loss=0.4518

  [Client 19] Round 2 | Hier-pFedMe(λ2=35.0,K=3) | loss=0.5464
  [Client 15] Round 2 | Hier-pFedMe(λ2=35.0,K=3) | loss=0.6178  [Client 11] Round 2 | Hier-pFedMe(λ2=35.0,K=3) | loss=0.4251

  [Edge 1] G2 | E3 | loss=0.4676
  [Edge 1] G2 | E4 | Hier-pFedMe | Selected 10/10
  [Client 11] Received edge weights.
  [Client 15] Received edge weights.
  [Client 14] Received edge weights.
  [Client 19] Received edge weights.
  [Client 12] Received edge weights.
  [Client 17] Received edge weights.
  [Client 10] Received edge weights.
  [Client 13] Received edge weights.
  [Client 16] Received edge weights.
  [Client 18] Received edge weights.
  [Client 15] Round 2 | Hier-pFedMe(λ2=35.0,K=3) | loss=0.7378  [Client 14] Round 2 | Hier-pFedMe(λ2=35.0,K=3) | loss=0.1347

  [Client 19] Round 2 | Hier-pFedMe(λ2=35.0,K=3) | loss=0.7793  [Client 11] Round 2 | Hier-pFedMe(λ2=35.0,K=3) | loss=1.6536

  [Client 12] Round 2 | Hier-pFedMe(λ2=35.0,K=3) | loss=0.3301  [Client 17] Round 2 | Hier-pFedMe(λ2=35.0,K=3) | loss=2.7748  [Client 10] Round 2 | Hier-pFedMe(λ2=35.0,K=3) | loss=0.9515  [Client 13] Round 2 | Hier-pFedMe(λ2=35.0,K=3) | loss=0.1600



  [Client 16] Round 2 | Hier-pFedMe(λ2=35.0,K=3) | loss=0.4802  [Client 18] Round 2 | Hier-pFedMe(λ2=35.0,K=3) | loss=0.2063

  [Edge 1] G2 | E4 | loss=0.8208
  [Edge 1] G2 | E5 | Hier-pFedMe | Selected 10/10
  [Client 14] Received edge weights.
  [Client 18] Received edge weights.
  [Client 11] Received edge weights.
  [Client 13] Received edge weights.
  [Client 17] Received edge weights.
  [Client 16] Received edge weights.
  [Client 10] Received edge weights.
  [Client 15] Received edge weights.
  [Client 19] Received edge weights.
  [Client 12] Received edge weights.
  [Client 11] Round 2 | Hier-pFedMe(λ2=35.0,K=3) | loss=0.4822  [Client 14] Round 2 | Hier-pFedMe(λ2=35.0,K=3) | loss=0.2016  [Client 18] Round 2 | Hier-pFedMe(λ2=35.0,K=3) | loss=0.3361
  [Client 13] Round 2 | Hier-pFedMe(λ2=35.0,K=3) | loss=0.5613


  [Client 17] Round 2 | Hier-pFedMe(λ2=35.0,K=3) | loss=0.4777  [Client 16] Round 2 | Hier-pFedMe(λ2=35.0,K=3) | loss=0.2347  [Client 15] Round 2 | Hier-pFedMe(λ2=35.0,K=3) | loss=0.4589  [Client 10] Round 2 | Hier-pFedMe(λ2=35.0,K=3) | loss=0.4220



  [Client 19] Round 2 | Hier-pFedMe(λ2=35.0,K=3) | loss=0.2911  [Client 12] Round 2 | Hier-pFedMe(λ2=35.0,K=3) | loss=0.5967

  [Edge 1] G2 | E5 | loss=0.4062
[C0] eval model[0] mean=-0.000760 | θ̃ mean=-0.000760 | edge mean=-0.001217
[C0] n=1000 | classes=[3, 6] | acc=0.5610 | per_class={3: '0.26', 6: '0.87'}
[C1] eval model[0] mean=-0.001680 | θ̃ mean=-0.001680 | edge mean=-0.001217
[C1] n=1000 | classes=[3, 6] | acc=0.5160 | per_class={3: '0.99', 6: '0.01'}
[C2] eval model[0] mean=-0.001397 | θ̃ mean=-0.001397 | edge mean=-0.001217
[C2] n=1000 | classes=[2, 5] | acc=0.5530 | per_class={2: '0.91', 5: '0.18'}
[C3] eval model[0] mean=-0.001157 | θ̃ mean=-0.001157 | edge mean=-0.001217
[C3] n=1000 | classes=[5, 7] | acc=0.4910 | per_class={5: '0.88', 7: '0.09'}
[C4] eval model[0] mean=-0.001108 | θ̃ mean=-0.001108 | edge mean=-0.001217
[C4] n=1000 | classes=[2, 7] | acc=0.6020 | per_class={2: '0.93', 7: '0.27'}
[C5] eval model[0] mean=-0.001201 | θ̃ mean=-0.001201 | edge mean=-0.001217
[C5] n=1000 | classes=[2, 4] | acc=0.5100 | per_class={2: '0.88', 4: '0.12'}
[C6] eval model[0] mean=-0.001062 | θ̃ mean=-0.001062 | edge mean=-0.001217
[C6] n=1000 | classes=[6, 7] | acc=0.4970 | per_class={6: '0.99', 7: '0.02'}
[C7] eval model[0] mean=-0.001274 | θ̃ mean=-0.001274 | edge mean=-0.001217
[C7] n=1000 | classes=[3, 5] | acc=0.5190 | per_class={3: '0.25', 5: '0.77'}
[C8] eval model[0] mean=-0.001136 | θ̃ mean=-0.001136 | edge mean=-0.001217
[C8] n=500 | classes=[4] | acc=1.0000 | per_class={4: '1.00'}
[C9] eval model[0] mean=-0.000902 | θ̃ mean=-0.000902 | edge mean=-0.001217
[C9] n=500 | classes=[4] | acc=1.0000 | per_class={4: '1.00'}
[C10] eval model[0] mean=-0.001319 | θ̃ mean=-0.001319 | edge mean=-0.001548
[C10] n=600 | classes=[8, 9] | acc=0.5733 | per_class={8: '0.97', 9: '0.20'}
[C11] eval model[0] mean=-0.001335 | θ̃ mean=-0.001335 | edge mean=-0.001548
[C11] n=600 | classes=[0, 1] | acc=0.6633 | per_class={0: '0.84', 1: '0.48'}
[C12] eval model[0] mean=-0.001662 | θ̃ mean=-0.001662 | edge mean=-0.001548
[C12] n=600 | classes=[1, 8] | acc=0.4867 | per_class={1: '0.00', 8: '1.00'}
[C13] eval model[0] mean=-0.001420 | θ̃ mean=-0.001420 | edge mean=-0.001548
[C13] n=600 | classes=[0, 8] | acc=0.4817 | per_class={0: '0.00', 8: '1.00'}
[C14] eval model[0] mean=-0.001541 | θ̃ mean=-0.001541 | edge mean=-0.001548
[C14] n=600 | classes=[0, 9] | acc=0.6283 | per_class={0: '0.94', 9: '0.30'}
[C15] eval model[0] mean=-0.001908 | θ̃ mean=-0.001908 | edge mean=-0.001548
[C15] n=600 | classes=[0, 8] | acc=0.6383 | per_class={0: '0.64', 8: '0.64'}
[C16] eval model[0] mean=-0.001120 | θ̃ mean=-0.001120 | edge mean=-0.001548
[C16] n=600 | classes=[1, 8] | acc=0.5733 | per_class={1: '0.13', 8: '0.99'}
[C17] eval model[0] mean=-0.001530 | θ̃ mean=-0.001530 | edge mean=-0.001548
[C17] n=600 | classes=[1, 9] | acc=0.4800 | per_class={1: '0.99', 9: '0.00'}
[C18] eval model[0] mean=-0.001635 | θ̃ mean=-0.001635 | edge mean=-0.001548
[C18] n=600 | classes=[1, 9] | acc=0.5100 | per_class={1: '0.88', 9: '0.11'}
[C19] eval model[0] mean=-0.001792 | θ̃ mean=-0.001792 | edge mean=-0.001548
[C19] n=600 | classes=[0, 9] | acc=0.6983 | per_class={0: '0.86', 9: '0.55'}
  [Cloud] GM=0.1337 | EM=0.2194 PM=0.5793 | loss=2.2923 | time=49.4s | comm=4556.2MB (total=9112MB)

[Round   3] Broadcasting to 2 edges...
  [Edge 0] W_n reset to global weights for new round.
  [Edge 1] W_n reset to global weights for new round.
  [Edge 0] G3 | E1 | Hier-pFedMe | Selected 10/10
  [Client  9] Received edge weights.
  [Client  4] Received edge weights.
  [Client  3] Received edge weights.
  [Client  6] Received edge weights.
  [Client  1] Received edge weights.
  [Client  5] Received edge weights.
  [Client  0] Received edge weights.
  [Client  7] Received edge weights.
  [Client  8] Received edge weights.
  [Client  2] Received edge weights.
  [Client  3] Round 3 | Hier-pFedMe(λ2=35.0,K=3) | loss=0.2861
  [Client  9] Round 3 | Hier-pFedMe(λ2=35.0,K=3) | loss=0.0192
  [Client  6] Round 3 | Hier-pFedMe(λ2=35.0,K=3) | loss=0.3932  [Client  4] Round 3 | Hier-pFedMe(λ2=35.0,K=3) | loss=2.1814

  [Client  1] Round 3 | Hier-pFedMe(λ2=35.0,K=3) | loss=0.6938
  [Client  5] Round 3 | Hier-pFedMe(λ2=35.0,K=3) | loss=0.1785
  [Client  7] Round 3 | Hier-pFedMe(λ2=35.0,K=3) | loss=0.4760
  [Client  0] Round 3 | Hier-pFedMe(λ2=35.0,K=3) | loss=0.7646
  [Client  8] Round 3 | Hier-pFedMe(λ2=35.0,K=3) | loss=0.0211
  [Client  2] Round 3 | Hier-pFedMe(λ2=35.0,K=3) | loss=0.3408
  [Edge 0] G3 | E1 | loss=0.5927
  [Edge 0] G3 | E2 | Hier-pFedMe | Selected 10/10
  [Client  4] Received edge weights.
  [Client  9] Received edge weights.
  [Client  5] Received edge weights.
  [Client  6] Received edge weights.
  [Client  7] Received edge weights.
  [Client  1] Received edge weights.
  [Client  8] Received edge weights.
  [Client  0] Received edge weights.
  [Client  3] Received edge weights.
  [Client  2] Received edge weights.
  [Client  4] Round 3 | Hier-pFedMe(λ2=35.0,K=3) | loss=0.5765
  [Client  9] Round 3 | Hier-pFedMe(λ2=35.0,K=3) | loss=0.0101
  [Client  6] Round 3 | Hier-pFedMe(λ2=35.0,K=3) | loss=0.4135  [Client  5] Round 3 | Hier-pFedMe(λ2=35.0,K=3) | loss=0.2590

  [Client  7] Round 3 | Hier-pFedMe(λ2=35.0,K=3) | loss=0.3408
  [Client  1] Round 3 | Hier-pFedMe(λ2=35.0,K=3) | loss=0.6418
  [Client  8] Round 3 | Hier-pFedMe(λ2=35.0,K=3) | loss=0.0158  [Client  0] Round 3 | Hier-pFedMe(λ2=35.0,K=3) | loss=0.3423

  [Client  3] Round 3 | Hier-pFedMe(λ2=35.0,K=3) | loss=0.3772  [Client  2] Round 3 | Hier-pFedMe(λ2=35.0,K=3) | loss=0.3573

  [Edge 0] G3 | E2 | loss=0.3690
  [Edge 0] G3 | E3 | Hier-pFedMe | Selected 10/10
  [Client  7] Received edge weights.
  [Client  6] Received edge weights.
  [Client  5] Received edge weights.
  [Client  9] Received edge weights.
  [Client  4] Received edge weights.
  [Client  1] Received edge weights.
  [Client  2] Received edge weights.
  [Client  0] Received edge weights.
  [Client  3] Received edge weights.
  [Client  8] Received edge weights.
  [Client  7] Round 3 | Hier-pFedMe(λ2=35.0,K=3) | loss=0.3227
  [Client  6] Round 3 | Hier-pFedMe(λ2=35.0,K=3) | loss=0.2383
  [Client  9] Round 3 | Hier-pFedMe(λ2=35.0,K=3) | loss=0.0160  [Client  5] Round 3 | Hier-pFedMe(λ2=35.0,K=3) | loss=0.2854

  [Client  4] Round 3 | Hier-pFedMe(λ2=35.0,K=3) | loss=1.9697
  [Client  1] Round 3 | Hier-pFedMe(λ2=35.0,K=3) | loss=0.3766
  [Client  2] Round 3 | Hier-pFedMe(λ2=35.0,K=3) | loss=0.4596
  [Client  0] Round 3 | Hier-pFedMe(λ2=35.0,K=3) | loss=0.6085
  [Client  3] Round 3 | Hier-pFedMe(λ2=35.0,K=3) | loss=0.1747
  [Client  8] Round 3 | Hier-pFedMe(λ2=35.0,K=3) | loss=0.0144
  [Edge 0] G3 | E3 | loss=0.4945
  [Edge 0] G3 | E4 | Hier-pFedMe | Selected 10/10
  [Client  7] Received edge weights.
  [Client  0] Received edge weights.
  [Client  8] Received edge weights.
  [Client  1] Received edge weights.
  [Client  2] Received edge weights.
  [Client  3] Received edge weights.
  [Client  9] Received edge weights.
  [Client  6] Received edge weights.
  [Client  5] Received edge weights.
  [Client  4] Received edge weights.
  [Client  8] Round 3 | Hier-pFedMe(λ2=35.0,K=3) | loss=0.0120  [Client  7] Round 3 | Hier-pFedMe(λ2=35.0,K=3) | loss=0.3815  [Client  0] Round 3 | Hier-pFedMe(λ2=35.0,K=3) | loss=0.2812  [Client  1] Round 3 | Hier-pFedMe(λ2=35.0,K=3) | loss=0.6909



  [Client  2] Round 3 | Hier-pFedMe(λ2=35.0,K=3) | loss=0.3879
  [Client  3] Round 3 | Hier-pFedMe(λ2=35.0,K=3) | loss=0.4553
  [Client  9] Round 3 | Hier-pFedMe(λ2=35.0,K=3) | loss=0.0059
  [Client  6] Round 3 | Hier-pFedMe(λ2=35.0,K=3) | loss=0.1631
  [Client  5] Round 3 | Hier-pFedMe(λ2=35.0,K=3) | loss=0.3931
  [Client  4] Round 3 | Hier-pFedMe(λ2=35.0,K=3) | loss=0.3519
  [Edge 0] G3 | E4 | loss=0.3460
  [Edge 0] G3 | E5 | Hier-pFedMe | Selected 10/10
  [Client  4] Received edge weights.
  [Client  5] Received edge weights.
  [Client  9] Received edge weights.
  [Client  0] Received edge weights.
  [Client  3] Received edge weights.
  [Client  7] Received edge weights.
  [Client  2] Received edge weights.
  [Client  6] Received edge weights.
  [Client  1] Received edge weights.
  [Client  8] Received edge weights.
  [Client  9] Round 3 | Hier-pFedMe(λ2=35.0,K=3) | loss=0.0067
  [Client  5] Round 3 | Hier-pFedMe(λ2=35.0,K=3) | loss=0.7005  [Client  4] Round 3 | Hier-pFedMe(λ2=35.0,K=3) | loss=0.1275

  [Client  0] Round 3 | Hier-pFedMe(λ2=35.0,K=3) | loss=0.2223
  [Client  7] Round 3 | Hier-pFedMe(λ2=35.0,K=3) | loss=0.6471
  [Client  3] Round 3 | Hier-pFedMe(λ2=35.0,K=3) | loss=0.9577  [Client  2] Round 3 | Hier-pFedMe(λ2=35.0,K=3) | loss=0.3767

  [Client  6] Round 3 | Hier-pFedMe(λ2=35.0,K=3) | loss=0.1973
  [Client  1] Round 3 | Hier-pFedMe(λ2=35.0,K=3) | loss=0.3449  [Client  8] Round 3 | Hier-pFedMe(λ2=35.0,K=3) | loss=0.0087

  [Edge 0] G3 | E5 | loss=0.3980
  [Edge 1] G3 | E1 | Hier-pFedMe | Selected 10/10
  [Client 18] Received edge weights.
  [Client 11] Received edge weights.
  [Client 12] Received edge weights.
  [Client 17] Received edge weights.
  [Client 10] Received edge weights.
  [Client 15] Received edge weights.
  [Client 19] Received edge weights.
  [Client 13] Received edge weights.
  [Client 14] Received edge weights.
  [Client 16] Received edge weights.
  [Client 18] Round 3 | Hier-pFedMe(λ2=35.0,K=3) | loss=0.2781  [Client 11] Round 3 | Hier-pFedMe(λ2=35.0,K=3) | loss=0.4493  [Client 17] Round 3 | Hier-pFedMe(λ2=35.0,K=3) | loss=3.7499  [Client 12] Round 3 | Hier-pFedMe(λ2=35.0,K=3) | loss=0.5037



  [Client 10] Round 3 | Hier-pFedMe(λ2=35.0,K=3) | loss=0.2903  [Client 15] Round 3 | Hier-pFedMe(λ2=35.0,K=3) | loss=0.2917

  [Client 19] Round 3 | Hier-pFedMe(λ2=35.0,K=3) | loss=0.1619
  [Client 13] Round 3 | Hier-pFedMe(λ2=35.0,K=3) | loss=0.5665
  [Client 14] Round 3 | Hier-pFedMe(λ2=35.0,K=3) | loss=0.2398
  [Client 16] Round 3 | Hier-pFedMe(λ2=35.0,K=3) | loss=0.3635
  [Edge 1] G3 | E1 | loss=0.6895
  [Edge 1] G3 | E2 | Hier-pFedMe | Selected 10/10
  [Client 15] Received edge weights.
  [Client 10] Received edge weights.
  [Client 13] Received edge weights.
  [Client 12] Received edge weights.
  [Client 17] Received edge weights.
  [Client 16] Received edge weights.
  [Client 19] Received edge weights.
  [Client 18] Received edge weights.
  [Client 14] Received edge weights.
  [Client 11] Received edge weights.
  [Client 15] Round 3 | Hier-pFedMe(λ2=35.0,K=3) | loss=0.3172  [Client 10] Round 3 | Hier-pFedMe(λ2=35.0,K=3) | loss=0.1623
  [Client 13] Round 3 | Hier-pFedMe(λ2=35.0,K=3) | loss=0.2380
  [Client 12] Round 3 | Hier-pFedMe(λ2=35.0,K=3) | loss=0.1991

  [Client 17] Round 3 | Hier-pFedMe(λ2=35.0,K=3) | loss=0.5919
  [Client 16] Round 3 | Hier-pFedMe(λ2=35.0,K=3) | loss=0.2403
  [Client 18] Round 3 | Hier-pFedMe(λ2=35.0,K=3) | loss=0.3766
  [Client 19] Round 3 | Hier-pFedMe(λ2=35.0,K=3) | loss=0.1047
  [Client 14] Round 3 | Hier-pFedMe(λ2=35.0,K=3) | loss=0.3205
  [Client 11] Round 3 | Hier-pFedMe(λ2=35.0,K=3) | loss=0.2951
  [Edge 1] G3 | E2 | loss=0.2846
  [Edge 1] G3 | E3 | Hier-pFedMe | Selected 10/10
  [Client 15] Received edge weights.
  [Client 17] Received edge weights.
  [Client 16] Received edge weights.
  [Client 10] Received edge weights.
  [Client 12] Received edge weights.
  [Client 14] Received edge weights.
  [Client 18] Received edge weights.
  [Client 19] Received edge weights.
  [Client 13] Received edge weights.
  [Client 11] Received edge weights.
  [Client 17] Round 3 | Hier-pFedMe(λ2=35.0,K=3) | loss=2.7749  [Client 10] Round 3 | Hier-pFedMe(λ2=35.0,K=3) | loss=0.2441  [Client 16] Round 3 | Hier-pFedMe(λ2=35.0,K=3) | loss=0.1134
  [Client 15] Round 3 | Hier-pFedMe(λ2=35.0,K=3) | loss=0.1885


  [Client 12] Round 3 | Hier-pFedMe(λ2=35.0,K=3) | loss=0.2880
  [Client 14] Round 3 | Hier-pFedMe(λ2=35.0,K=3) | loss=0.5356
  [Client 18] Round 3 | Hier-pFedMe(λ2=35.0,K=3) | loss=0.3541
  [Client 19] Round 3 | Hier-pFedMe(λ2=35.0,K=3) | loss=0.2105
  [Client 13] Round 3 | Hier-pFedMe(λ2=35.0,K=3) | loss=0.2086
  [Client 11] Round 3 | Hier-pFedMe(λ2=35.0,K=3) | loss=0.8571
  [Edge 1] G3 | E3 | loss=0.5775
  [Edge 1] G3 | E4 | Hier-pFedMe | Selected 10/10
  [Client 10] Received edge weights.
  [Client 19] Received edge weights.
  [Client 13] Received edge weights.
  [Client 15] Received edge weights.
  [Client 17] Received edge weights.
  [Client 16] Received edge weights.
  [Client 12] Received edge weights.
  [Client 11] Received edge weights.
  [Client 14] Received edge weights.
  [Client 18] Received edge weights.
  [Client 19] Round 3 | Hier-pFedMe(λ2=35.0,K=3) | loss=0.1208  [Client 10] Round 3 | Hier-pFedMe(λ2=35.0,K=3) | loss=0.1907  [Client 13] Round 3 | Hier-pFedMe(λ2=35.0,K=3) | loss=0.2248
  [Client 15] Round 3 | Hier-pFedMe(λ2=35.0,K=3) | loss=0.1875


  [Client 17] Round 3 | Hier-pFedMe(λ2=35.0,K=3) | loss=0.5151
  [Client 16] Round 3 | Hier-pFedMe(λ2=35.0,K=3) | loss=0.3006
  [Client 12] Round 3 | Hier-pFedMe(λ2=35.0,K=3) | loss=0.2173
  [Client 11] Round 3 | Hier-pFedMe(λ2=35.0,K=3) | loss=0.6631
  [Client 14] Round 3 | Hier-pFedMe(λ2=35.0,K=3) | loss=0.3557  [Client 18] Round 3 | Hier-pFedMe(λ2=35.0,K=3) | loss=0.3222

  [Edge 1] G3 | E4 | loss=0.3098
  [Edge 1] G3 | E5 | Hier-pFedMe | Selected 10/10
  [Client 12] Received edge weights.
  [Client 14] Received edge weights.
  [Client 13] Received edge weights.
  [Client 10] Received edge weights.
  [Client 19] Received edge weights.
  [Client 11] Received edge weights.
  [Client 17] Received edge weights.
  [Client 15] Received edge weights.
  [Client 18] Received edge weights.
  [Client 16] Received edge weights.
  [Client 14] Round 3 | Hier-pFedMe(λ2=35.0,K=3) | loss=1.2285  [Client 12] Round 3 | Hier-pFedMe(λ2=35.0,K=3) | loss=0.2119
  [Client 10] Round 3 | Hier-pFedMe(λ2=35.0,K=3) | loss=0.1406
  [Client 13] Round 3 | Hier-pFedMe(λ2=35.0,K=3) | loss=0.2163

  [Client 19] Round 3 | Hier-pFedMe(λ2=35.0,K=3) | loss=0.4898  [Client 11] Round 3 | Hier-pFedMe(λ2=35.0,K=3) | loss=0.4780  [Client 17] Round 3 | Hier-pFedMe(λ2=35.0,K=3) | loss=3.8761

  [Client 15] Round 3 | Hier-pFedMe(λ2=35.0,K=3) | loss=0.1489

  [Client 18] Round 3 | Hier-pFedMe(λ2=35.0,K=3) | loss=0.2027  [Client 16] Round 3 | Hier-pFedMe(λ2=35.0,K=3) | loss=0.3669

  [Edge 1] G3 | E5 | loss=0.7360
[C0] eval model[0] mean=-0.001563 | θ̃ mean=-0.001563 | edge mean=-0.001431
[C0] n=1000 | classes=[3, 6] | acc=0.5810 | per_class={3: '0.37', 6: '0.81'}
[C1] eval model[0] mean=-0.001376 | θ̃ mean=-0.001376 | edge mean=-0.001431
[C1] n=1000 | classes=[3, 6] | acc=0.5630 | per_class={3: '0.34', 6: '0.80'}
[C2] eval model[0] mean=-0.001766 | θ̃ mean=-0.001766 | edge mean=-0.001431
[C2] n=1000 | classes=[2, 5] | acc=0.6100 | per_class={2: '0.38', 5: '0.84'}
[C3] eval model[0] mean=-0.001439 | θ̃ mean=-0.001439 | edge mean=-0.001431
[C3] n=1000 | classes=[5, 7] | acc=0.5070 | per_class={5: '1.00', 7: '0.00'}
[C4] eval model[0] mean=-0.001094 | θ̃ mean=-0.001094 | edge mean=-0.001431
[C4] n=1000 | classes=[2, 7] | acc=0.5970 | per_class={2: '0.87', 7: '0.32'}
[C5] eval model[0] mean=-0.001697 | θ̃ mean=-0.001697 | edge mean=-0.001431
[C5] n=1000 | classes=[2, 4] | acc=0.5230 | per_class={2: '0.83', 4: '0.21'}
[C6] eval model[0] mean=-0.001406 | θ̃ mean=-0.001406 | edge mean=-0.001431
[C6] n=1000 | classes=[6, 7] | acc=0.6650 | per_class={6: '0.68', 7: '0.65'}
[C7] eval model[0] mean=-0.001364 | θ̃ mean=-0.001364 | edge mean=-0.001431
[C7] n=1000 | classes=[3, 5] | acc=0.5150 | per_class={3: '0.00', 5: '1.00'}
[C8] eval model[0] mean=-0.001398 | θ̃ mean=-0.001398 | edge mean=-0.001431
[C8] n=500 | classes=[4] | acc=1.0000 | per_class={4: '1.00'}
[C9] eval model[0] mean=-0.001538 | θ̃ mean=-0.001538 | edge mean=-0.001431
[C9] n=500 | classes=[4] | acc=1.0000 | per_class={4: '1.00'}
[C10] eval model[0] mean=-0.001628 | θ̃ mean=-0.001628 | edge mean=-0.001456
[C10] n=600 | classes=[8, 9] | acc=0.6350 | per_class={8: '0.97', 9: '0.32'}
[C11] eval model[0] mean=-0.001354 | θ̃ mean=-0.001354 | edge mean=-0.001456
[C11] n=600 | classes=[0, 1] | acc=0.6550 | per_class={0: '0.89', 1: '0.42'}
[C12] eval model[0] mean=-0.001343 | θ̃ mean=-0.001343 | edge mean=-0.001456
[C12] n=600 | classes=[1, 8] | acc=0.6267 | per_class={1: '0.32', 8: '0.95'}
[C13] eval model[0] mean=-0.001275 | θ̃ mean=-0.001275 | edge mean=-0.001456
[C13] n=600 | classes=[0, 8] | acc=0.6167 | per_class={0: '0.63', 8: '0.60'}
[C14] eval model[0] mean=-0.001414 | θ̃ mean=-0.001414 | edge mean=-0.001456
[C14] n=600 | classes=[0, 9] | acc=0.7133 | per_class={0: '0.87', 9: '0.55'}
[C15] eval model[0] mean=-0.001229 | θ̃ mean=-0.001229 | edge mean=-0.001456
[C15] n=600 | classes=[0, 8] | acc=0.5767 | per_class={0: '0.19', 8: '0.97'}
[C16] eval model[0] mean=-0.001746 | θ̃ mean=-0.001746 | edge mean=-0.001456
[C16] n=600 | classes=[1, 8] | acc=0.6133 | per_class={1: '0.23', 8: '0.98'}
[C17] eval model[0] mean=-0.000556 | θ̃ mean=-0.000556 | edge mean=-0.001456
[C17] n=600 | classes=[1, 9] | acc=0.4817 | per_class={1: '1.00', 9: '0.00'}
[C18] eval model[0] mean=-0.001511 | θ̃ mean=-0.001511 | edge mean=-0.001456
[C18] n=600 | classes=[1, 9] | acc=0.5067 | per_class={1: '0.57', 9: '0.44'}
[C19] eval model[0] mean=-0.001892 | θ̃ mean=-0.001892 | edge mean=-0.001456
[C19] n=600 | classes=[0, 9] | acc=0.5617 | per_class={0: '0.96', 9: '0.20'}
  [Cloud] GM=0.1677 | EM=0.2779 PM=0.6102 | loss=2.2545 | time=51.4s | comm=4556.2MB (total=13669MB)

[Round   4] Broadcasting to 2 edges...
  [Edge 0] W_n reset to global weights for new round.
  [Edge 1] W_n reset to global weights for new round.
  [Edge 0] G4 | E1 | Hier-pFedMe | Selected 10/10
  [Client  5] Received edge weights.
  [Client  6] Received edge weights.
  [Client  2] Received edge weights.
  [Client  7] Received edge weights.
  [Client  1] Received edge weights.
  [Client  8] Received edge weights.
  [Client  0] Received edge weights.
  [Client  4] Received edge weights.
  [Client  9] Received edge weights.
  [Client  3] Received edge weights.
  [Client  5] Round 4 | Hier-pFedMe(λ2=35.0,K=3) | loss=0.1478  [Client  7] Round 4 | Hier-pFedMe(λ2=35.0,K=3) | loss=0.6014
  [Client  6] Round 4 | Hier-pFedMe(λ2=35.0,K=3) | loss=0.4371
  [Client  2] Round 4 | Hier-pFedMe(λ2=35.0,K=3) | loss=0.5517

  [Client  1] Round 4 | Hier-pFedMe(λ2=35.0,K=3) | loss=0.2507
  [Client  8] Round 4 | Hier-pFedMe(λ2=35.0,K=3) | loss=0.0205
  [Client  0] Round 4 | Hier-pFedMe(λ2=35.0,K=3) | loss=0.2941
  [Client  4] Round 4 | Hier-pFedMe(λ2=35.0,K=3) | loss=0.3174
  [Client  9] Round 4 | Hier-pFedMe(λ2=35.0,K=3) | loss=0.0200
  [Client  3] Round 4 | Hier-pFedMe(λ2=35.0,K=3) | loss=0.7745
  [Edge 0] G4 | E1 | loss=0.3772
  [Edge 0] G4 | E2 | Hier-pFedMe | Selected 10/10
  [Client  1] Received edge weights.
  [Client  6] Received edge weights.
  [Client  2] Received edge weights.
  [Client  4] Received edge weights.
  [Client  3] Received edge weights.
  [Client  5] Received edge weights.
  [Client  9] Received edge weights.
  [Client  0] Received edge weights.
  [Client  8] Received edge weights.
  [Client  7] Received edge weights.
  [Client  1] Round 4 | Hier-pFedMe(λ2=35.0,K=3) | loss=0.2237  [Client  4] Round 4 | Hier-pFedMe(λ2=35.0,K=3) | loss=0.3084  [Client  6] Round 4 | Hier-pFedMe(λ2=35.0,K=3) | loss=0.2599
  [Client  2] Round 4 | Hier-pFedMe(λ2=35.0,K=3) | loss=0.1276


  [Client  3] Round 4 | Hier-pFedMe(λ2=35.0,K=3) | loss=0.4532
  [Client  5] Round 4 | Hier-pFedMe(λ2=35.0,K=3) | loss=0.3479  [Client  9] Round 4 | Hier-pFedMe(λ2=35.0,K=3) | loss=0.0072

  [Client  0] Round 4 | Hier-pFedMe(λ2=35.0,K=3) | loss=0.1460
  [Client  8] Round 4 | Hier-pFedMe(λ2=35.0,K=3) | loss=0.0074
  [Client  7] Round 4 | Hier-pFedMe(λ2=35.0,K=3) | loss=0.2189
  [Edge 0] G4 | E2 | loss=0.2325
  [Edge 0] G4 | E3 | Hier-pFedMe | Selected 10/10
  [Client  6] Received edge weights.
  [Client  3] Received edge weights.
  [Client  8] Received edge weights.
  [Client  2] Received edge weights.
  [Client  7] Received edge weights.
  [Client  1] Received edge weights.
  [Client  0] Received edge weights.
  [Client  9] Received edge weights.
  [Client  5] Received edge weights.
  [Client  4] Received edge weights.
  [Client  3] Round 4 | Hier-pFedMe(λ2=35.0,K=3) | loss=1.0948  [Client  8] Round 4 | Hier-pFedMe(λ2=35.0,K=3) | loss=0.0096  [Client  6] Round 4 | Hier-pFedMe(λ2=35.0,K=3) | loss=0.4670

  [Client  2] Round 4 | Hier-pFedMe(λ2=35.0,K=3) | loss=0.3514

  [Client  7] Round 4 | Hier-pFedMe(λ2=35.0,K=3) | loss=0.2390  [Client  1] Round 4 | Hier-pFedMe(λ2=35.0,K=3) | loss=0.3918

  [Client  0] Round 4 | Hier-pFedMe(λ2=35.0,K=3) | loss=0.1658
  [Client  9] Round 4 | Hier-pFedMe(λ2=35.0,K=3) | loss=0.0065
  [Client  5] Round 4 | Hier-pFedMe(λ2=35.0,K=3) | loss=0.4924
  [Client  4] Round 4 | Hier-pFedMe(λ2=35.0,K=3) | loss=0.1862
  [Edge 0] G4 | E3 | loss=0.3774
  [Edge 0] G4 | E4 | Hier-pFedMe | Selected 10/10
  [Client  2] Received edge weights.
  [Client  9] Received edge weights.
  [Client  4] Received edge weights.
  [Client  7] Received edge weights.
  [Client  0] Received edge weights.
  [Client  6] Received edge weights.
  [Client  1] Received edge weights.
  [Client  3] Received edge weights.
  [Client  8] Received edge weights.
  [Client  5] Received edge weights.
  [Client  4] Round 4 | Hier-pFedMe(λ2=35.0,K=3) | loss=0.4151  [Client  2] Round 4 | Hier-pFedMe(λ2=35.0,K=3) | loss=0.6925  [Client  7] Round 4 | Hier-pFedMe(λ2=35.0,K=3) | loss=0.2477
  [Client  9] Round 4 | Hier-pFedMe(λ2=35.0,K=3) | loss=0.0070


  [Client  0] Round 4 | Hier-pFedMe(λ2=35.0,K=3) | loss=0.2429
  [Client  1] Round 4 | Hier-pFedMe(λ2=35.0,K=3) | loss=0.2909
  [Client  6] Round 4 | Hier-pFedMe(λ2=35.0,K=3) | loss=0.5163
  [Client  3] Round 4 | Hier-pFedMe(λ2=35.0,K=3) | loss=0.2715
  [Client  8] Round 4 | Hier-pFedMe(λ2=35.0,K=3) | loss=0.0026
  [Client  5] Round 4 | Hier-pFedMe(λ2=35.0,K=3) | loss=1.4371
  [Edge 0] G4 | E4 | loss=0.4576
  [Edge 0] G4 | E5 | Hier-pFedMe | Selected 10/10
  [Client  8] Received edge weights.
  [Client  1] Received edge weights.
  [Client  4] Received edge weights.
  [Client  2] Received edge weights.
  [Client  5] Received edge weights.
  [Client  9] Received edge weights.
  [Client  0] Received edge weights.
  [Client  3] Received edge weights.
  [Client  7] Received edge weights.
  [Client  6] Received edge weights.
  [Client  1] Round 4 | Hier-pFedMe(λ2=35.0,K=3) | loss=0.4078  [Client  2] Round 4 | Hier-pFedMe(λ2=35.0,K=3) | loss=0.7852
  [Client  8] Round 4 | Hier-pFedMe(λ2=35.0,K=3) | loss=0.0056
  [Client  4] Round 4 | Hier-pFedMe(λ2=35.0,K=3) | loss=0.2015

  [Client  5] Round 4 | Hier-pFedMe(λ2=35.0,K=3) | loss=1.2689
  [Client  9] Round 4 | Hier-pFedMe(λ2=35.0,K=3) | loss=0.0062
  [Client  0] Round 4 | Hier-pFedMe(λ2=35.0,K=3) | loss=0.6641  [Client  3] Round 4 | Hier-pFedMe(λ2=35.0,K=3) | loss=2.5465

  [Client  7] Round 4 | Hier-pFedMe(λ2=35.0,K=3) | loss=0.1858
  [Client  6] Round 4 | Hier-pFedMe(λ2=35.0,K=3) | loss=3.0036
  [Edge 0] G4 | E5 | loss=1.0077
  [Edge 1] G4 | E1 | Hier-pFedMe | Selected 10/10
  [Client 10] Received edge weights.
  [Client 17] Received edge weights.
  [Client 14] Received edge weights.
  [Client 13] Received edge weights.
  [Client 12] Received edge weights.
  [Client 11] Received edge weights.
  [Client 18] Received edge weights.
  [Client 19] Received edge weights.
  [Client 16] Received edge weights.
  [Client 15] Received edge weights.
  [Client 10] Round 4 | Hier-pFedMe(λ2=35.0,K=3) | loss=0.1445  [Client 17] Round 4 | Hier-pFedMe(λ2=35.0,K=3) | loss=0.6955
  [Client 14] Round 4 | Hier-pFedMe(λ2=35.0,K=3) | loss=0.2021  [Client 13] Round 4 | Hier-pFedMe(λ2=35.0,K=3) | loss=0.2143


  [Client 12] Round 4 | Hier-pFedMe(λ2=35.0,K=3) | loss=0.2489
  [Client 11] Round 4 | Hier-pFedMe(λ2=35.0,K=3) | loss=0.2730
  [Client 18] Round 4 | Hier-pFedMe(λ2=35.0,K=3) | loss=0.4368
  [Client 19] Round 4 | Hier-pFedMe(λ2=35.0,K=3) | loss=1.1470
  [Client 16] Round 4 | Hier-pFedMe(λ2=35.0,K=3) | loss=0.4946
  [Client 15] Round 4 | Hier-pFedMe(λ2=35.0,K=3) | loss=0.2078
  [Edge 1] G4 | E1 | loss=0.4065
  [Edge 1] G4 | E2 | Hier-pFedMe | Selected 10/10
  [Client 16] Received edge weights.
  [Client 10] Received edge weights.
  [Client 17] Received edge weights.
  [Client 11] Received edge weights.
  [Client 19] Received edge weights.
  [Client 15] Received edge weights.
  [Client 12] Received edge weights.
  [Client 14] Received edge weights.
  [Client 13] Received edge weights.
  [Client 18] Received edge weights.
  [Client 11] Round 4 | Hier-pFedMe(λ2=35.0,K=3) | loss=0.2605  [Client 16] Round 4 | Hier-pFedMe(λ2=35.0,K=3) | loss=0.2057  [Client 17] Round 4 | Hier-pFedMe(λ2=35.0,K=3) | loss=3.2539  [Client 10] Round 4 | Hier-pFedMe(λ2=35.0,K=3) | loss=0.5332



  [Client 15] Round 4 | Hier-pFedMe(λ2=35.0,K=3) | loss=0.4464
  [Client 19] Round 4 | Hier-pFedMe(λ2=35.0,K=3) | loss=0.3658
  [Client 14] Round 4 | Hier-pFedMe(λ2=35.0,K=3) | loss=0.3128  [Client 12] Round 4 | Hier-pFedMe(λ2=35.0,K=3) | loss=0.1546

  [Client 13] Round 4 | Hier-pFedMe(λ2=35.0,K=3) | loss=0.2428  [Client 18] Round 4 | Hier-pFedMe(λ2=35.0,K=3) | loss=0.3817

  [Edge 1] G4 | E2 | loss=0.6158
  [Edge 1] G4 | E3 | Hier-pFedMe | Selected 10/10
  [Client 14] Received edge weights.
  [Client 10] Received edge weights.
  [Client 12] Received edge weights.
  [Client 18] Received edge weights.
  [Client 16] Received edge weights.
  [Client 17] Received edge weights.
  [Client 19] Received edge weights.
  [Client 11] Received edge weights.
  [Client 15] Received edge weights.
  [Client 13] Received edge weights.
  [Client 12] Round 4 | Hier-pFedMe(λ2=35.0,K=3) | loss=0.2016  [Client 10] Round 4 | Hier-pFedMe(λ2=35.0,K=3) | loss=0.2618

  [Client 14] Round 4 | Hier-pFedMe(λ2=35.0,K=3) | loss=0.3483
  [Client 18] Round 4 | Hier-pFedMe(λ2=35.0,K=3) | loss=0.2665
  [Client 16] Round 4 | Hier-pFedMe(λ2=35.0,K=3) | loss=0.2388  [Client 17] Round 4 | Hier-pFedMe(λ2=35.0,K=3) | loss=0.4448
  [Client 11] Round 4 | Hier-pFedMe(λ2=35.0,K=3) | loss=0.2873

  [Client 19] Round 4 | Hier-pFedMe(λ2=35.0,K=3) | loss=0.1654
  [Client 15] Round 4 | Hier-pFedMe(λ2=35.0,K=3) | loss=0.1894
  [Client 13] Round 4 | Hier-pFedMe(λ2=35.0,K=3) | loss=0.1222
  [Edge 1] G4 | E3 | loss=0.2526
  [Edge 1] G4 | E4 | Hier-pFedMe | Selected 10/10
  [Client 19] Received edge weights.
  [Client 17] Received edge weights.
  [Client 10] Received edge weights.
  [Client 14] Received edge weights.
  [Client 16] Received edge weights.
  [Client 18] Received edge weights.
  [Client 13] Received edge weights.
  [Client 11] Received edge weights.
  [Client 15] Received edge weights.
  [Client 12] Received edge weights.
  [Client 19] Round 4 | Hier-pFedMe(λ2=35.0,K=3) | loss=0.2148
  [Client 17] Round 4 | Hier-pFedMe(λ2=35.0,K=3) | loss=2.5331  [Client 10] Round 4 | Hier-pFedMe(λ2=35.0,K=3) | loss=0.3522
  [Client 14] Round 4 | Hier-pFedMe(λ2=35.0,K=3) | loss=0.3101

  [Client 16] Round 4 | Hier-pFedMe(λ2=35.0,K=3) | loss=1.0271  [Client 18] Round 4 | Hier-pFedMe(λ2=35.0,K=3) | loss=0.2335

  [Client 13] Round 4 | Hier-pFedMe(λ2=35.0,K=3) | loss=0.1872
  [Client 11] Round 4 | Hier-pFedMe(λ2=35.0,K=3) | loss=0.1595
  [Client 12] Round 4 | Hier-pFedMe(λ2=35.0,K=3) | loss=0.4496  [Client 15] Round 4 | Hier-pFedMe(λ2=35.0,K=3) | loss=0.2089

  [Edge 1] G4 | E4 | loss=0.5676
  [Edge 1] G4 | E5 | Hier-pFedMe | Selected 10/10
  [Client 11] Received edge weights.
  [Client 10] Received edge weights.
  [Client 14] Received edge weights.
  [Client 17] Received edge weights.
  [Client 13] Received edge weights.
  [Client 15] Received edge weights.
  [Client 18] Received edge weights.
  [Client 19] Received edge weights.
  [Client 16] Received edge weights.
  [Client 12] Received edge weights.
  [Client 10] Round 4 | Hier-pFedMe(λ2=35.0,K=3) | loss=0.3310
  [Client 11] Round 4 | Hier-pFedMe(λ2=35.0,K=3) | loss=0.1810
  [Client 17] Round 4 | Hier-pFedMe(λ2=35.0,K=3) | loss=0.4785
  [Client 14] Round 4 | Hier-pFedMe(λ2=35.0,K=3) | loss=0.3831
  [Client 13] Round 4 | Hier-pFedMe(λ2=35.0,K=3) | loss=0.2704
  [Client 15] Round 4 | Hier-pFedMe(λ2=35.0,K=3) | loss=0.4499
  [Client 18] Round 4 | Hier-pFedMe(λ2=35.0,K=3) | loss=0.5971
  [Client 19] Round 4 | Hier-pFedMe(λ2=35.0,K=3) | loss=0.2961
  [Client 16] Round 4 | Hier-pFedMe(λ2=35.0,K=3) | loss=0.3422
  [Client 12] Round 4 | Hier-pFedMe(λ2=35.0,K=3) | loss=0.1071
  [Edge 1] G4 | E5 | loss=0.3436
[C0] eval model[0] mean=-0.001326 | θ̃ mean=-0.001326 | edge mean=-0.001458
[C0] n=1000 | classes=[3, 6] | acc=0.5250 | per_class={3: '0.09', 6: '0.98'}
[C1] eval model[0] mean=-0.001511 | θ̃ mean=-0.001511 | edge mean=-0.001458
[C1] n=1000 | classes=[3, 6] | acc=0.4850 | per_class={3: '0.00', 6: '1.00'}
[C2] eval model[0] mean=-0.001515 | θ̃ mean=-0.001515 | edge mean=-0.001458
[C2] n=1000 | classes=[2, 5] | acc=0.4930 | per_class={2: '0.00', 5: '1.00'}
[C3] eval model[0] mean=-0.001264 | θ̃ mean=-0.001264 | edge mean=-0.001458
[C3] n=1000 | classes=[5, 7] | acc=0.5060 | per_class={5: '1.00', 7: '0.00'}
[C4] eval model[0] mean=-0.001243 | θ̃ mean=-0.001243 | edge mean=-0.001458
[C4] n=1000 | classes=[2, 7] | acc=0.6660 | per_class={2: '0.64', 7: '0.69'}
[C5] eval model[0] mean=-0.001511 | θ̃ mean=-0.001511 | edge mean=-0.001458
[C5] n=1000 | classes=[2, 4] | acc=0.4900 | per_class={2: '0.00', 4: '1.00'}
[C6] eval model[0] mean=-0.001708 | θ̃ mean=-0.001708 | edge mean=-0.001458
[C6] n=1000 | classes=[6, 7] | acc=0.4940 | per_class={6: '0.98', 7: '0.02'}
[C7] eval model[0] mean=-0.001689 | θ̃ mean=-0.001689 | edge mean=-0.001458
[C7] n=1000 | classes=[3, 5] | acc=0.5010 | per_class={3: '0.89', 5: '0.13'}
[C8] eval model[0] mean=-0.001237 | θ̃ mean=-0.001237 | edge mean=-0.001458
[C8] n=500 | classes=[4] | acc=1.0000 | per_class={4: '1.00'}
[C9] eval model[0] mean=-0.001463 | θ̃ mean=-0.001463 | edge mean=-0.001458
[C9] n=500 | classes=[4] | acc=1.0000 | per_class={4: '1.00'}
[C10] eval model[0] mean=-0.001283 | θ̃ mean=-0.001283 | edge mean=-0.001483
[C10] n=600 | classes=[8, 9] | acc=0.7833 | per_class={8: '0.84', 9: '0.73'}
[C11] eval model[0] mean=-0.001334 | θ̃ mean=-0.001334 | edge mean=-0.001483
[C11] n=600 | classes=[0, 1] | acc=0.7233 | per_class={0: '0.74', 1: '0.71'}
[C12] eval model[0] mean=-0.001460 | θ̃ mean=-0.001460 | edge mean=-0.001483
[C12] n=600 | classes=[1, 8] | acc=0.7417 | per_class={1: '0.77', 8: '0.72'}
[C13] eval model[0] mean=-0.001402 | θ̃ mean=-0.001402 | edge mean=-0.001483
[C13] n=600 | classes=[0, 8] | acc=0.5733 | per_class={0: '0.81', 8: '0.31'}
[C14] eval model[0] mean=-0.001618 | θ̃ mean=-0.001618 | edge mean=-0.001483
[C14] n=600 | classes=[0, 9] | acc=0.7167 | per_class={0: '0.51', 9: '0.93'}
[C15] eval model[0] mean=-0.001734 | θ̃ mean=-0.001734 | edge mean=-0.001483
[C15] n=600 | classes=[0, 8] | acc=0.5350 | per_class={0: '0.13', 8: '0.95'}
[C16] eval model[0] mean=-0.001109 | θ̃ mean=-0.001109 | edge mean=-0.001483
[C16] n=600 | classes=[1, 8] | acc=0.7500 | per_class={1: '0.89', 8: '0.62'}
[C17] eval model[0] mean=-0.001626 | θ̃ mean=-0.001626 | edge mean=-0.001483
[C17] n=600 | classes=[1, 9] | acc=0.5417 | per_class={1: '0.37', 9: '0.70'}
[C18] eval model[0] mean=-0.001389 | θ̃ mean=-0.001389 | edge mean=-0.001483
[C18] n=600 | classes=[1, 9] | acc=0.5217 | per_class={1: '1.00', 9: '0.00'}
[C19] eval model[0] mean=-0.000927 | θ̃ mean=-0.000927 | edge mean=-0.001483
[C19] n=600 | classes=[0, 9] | acc=0.7333 | per_class={0: '0.55', 9: '0.90'}
  [Cloud] GM=0.1981 | EM=0.3035 PM=0.6088 | loss=2.2169 | time=51.1s | comm=4556.2MB (total=18225MB)

[Round   5] Broadcasting to 2 edges...
  [Edge 0] W_n reset to global weights for new round.
  [Edge 1] W_n reset to global weights for new round.
  [Edge 0] G5 | E1 | Hier-pFedMe | Selected 10/10
  [Client  0] Received edge weights.
  [Client  2] Received edge weights.
  [Client  1] Received edge weights.
  [Client  8] Received edge weights.
  [Client  7] Received edge weights.
  [Client  6] Received edge weights.
  [Client  9] Received edge weights.
  [Client  4] Received edge weights.
  [Client  3] Received edge weights.
  [Client  5] Received edge weights.
  [Client  2] Round 5 | Hier-pFedMe(λ2=35.0,K=3) | loss=0.1714  [Client  8] Round 5 | Hier-pFedMe(λ2=35.0,K=3) | loss=0.0124  [Client  1] Round 5 | Hier-pFedMe(λ2=35.0,K=3) | loss=0.5955
  [Client  0] Round 5 | Hier-pFedMe(λ2=35.0,K=3) | loss=0.2464


  [Client  7] Round 5 | Hier-pFedMe(λ2=35.0,K=3) | loss=0.2969  [Client  6] Round 5 | Hier-pFedMe(λ2=35.0,K=3) | loss=0.1330  [Client  9] Round 5 | Hier-pFedMe(λ2=35.0,K=3) | loss=0.0064


  [Client  4] Round 5 | Hier-pFedMe(λ2=35.0,K=3) | loss=0.3054
  [Client  3] Round 5 | Hier-pFedMe(λ2=35.0,K=3) | loss=0.4095
  [Client  5] Round 5 | Hier-pFedMe(λ2=35.0,K=3) | loss=1.6228
  [Edge 0] G5 | E1 | loss=0.4211
  [Edge 0] G5 | E2 | Hier-pFedMe | Selected 10/10
  [Client  9] Received edge weights.
  [Client  1] Received edge weights.
  [Client  7] Received edge weights.
  [Client  5] Received edge weights.
  [Client  3] Received edge weights.
  [Client  0] Received edge weights.
  [Client  2] Received edge weights.
  [Client  8] Received edge weights.
  [Client  4] Received edge weights.
  [Client  6] Received edge weights.
  [Client  9] Round 5 | Hier-pFedMe(λ2=35.0,K=3) | loss=0.0070  [Client  1] Round 5 | Hier-pFedMe(λ2=35.0,K=3) | loss=0.2981  [Client  7] Round 5 | Hier-pFedMe(λ2=35.0,K=3) | loss=0.8288  [Client  5] Round 5 | Hier-pFedMe(λ2=35.0,K=3) | loss=1.9067



  [Client  3] Round 5 | Hier-pFedMe(λ2=35.0,K=3) | loss=3.2839  [Client  0] Round 5 | Hier-pFedMe(λ2=35.0,K=3) | loss=0.1038
  [Client  2] Round 5 | Hier-pFedMe(λ2=35.0,K=3) | loss=0.5967
  [Client  8] Round 5 | Hier-pFedMe(λ2=35.0,K=3) | loss=0.0108

  [Client  4] Round 5 | Hier-pFedMe(λ2=35.0,K=3) | loss=0.1514
  [Client  6] Round 5 | Hier-pFedMe(λ2=35.0,K=3) | loss=2.1189
  [Edge 0] G5 | E2 | loss=1.0330
  [Edge 0] G5 | E3 | Hier-pFedMe | Selected 10/10
  [Client  9] Received edge weights.
  [Client  0] Received edge weights.
  [Client  8] Received edge weights.
  [Client  7] Received edge weights.
  [Client  4] Received edge weights.
  [Client  5] Received edge weights.
  [Client  6] Received edge weights.
  [Client  1] Received edge weights.
  [Client  3] Received edge weights.
  [Client  2] Received edge weights.
  [Client  7] Round 5 | Hier-pFedMe(λ2=35.0,K=3) | loss=0.9010  [Client  9] Round 5 | Hier-pFedMe(λ2=35.0,K=3) | loss=0.0048
  [Client  8] Round 5 | Hier-pFedMe(λ2=35.0,K=3) | loss=0.0027  [Client  0] Round 5 | Hier-pFedMe(λ2=35.0,K=3) | loss=0.4345


  [Client  4] Round 5 | Hier-pFedMe(λ2=35.0,K=3) | loss=0.3711
  [Client  6] Round 5 | Hier-pFedMe(λ2=35.0,K=3) | loss=0.3854  [Client  5] Round 5 | Hier-pFedMe(λ2=35.0,K=3) | loss=0.5262

  [Client  1] Round 5 | Hier-pFedMe(λ2=35.0,K=3) | loss=0.2361
  [Client  3] Round 5 | Hier-pFedMe(λ2=35.0,K=3) | loss=0.5339  [Client  2] Round 5 | Hier-pFedMe(λ2=35.0,K=3) | loss=1.2894

  [Edge 0] G5 | E3 | loss=0.5201
  [Edge 0] G5 | E4 | Hier-pFedMe | Selected 10/10
  [Client  2] Received edge weights.
  [Client  8] Received edge weights.
  [Client  9] Received edge weights.
  [Client  4] Received edge weights.
  [Client  0] Received edge weights.
  [Client  6] Received edge weights.
  [Client  1] Received edge weights.
  [Client  5] Received edge weights.
  [Client  3] Received edge weights.
  [Client  7] Received edge weights.
  [Client  9] Round 5 | Hier-pFedMe(λ2=35.0,K=3) | loss=0.0066
  [Client  4] Round 5 | Hier-pFedMe(λ2=35.0,K=3) | loss=0.2428  [Client  8] Round 5 | Hier-pFedMe(λ2=35.0,K=3) | loss=0.0075  [Client  2] Round 5 | Hier-pFedMe(λ2=35.0,K=3) | loss=0.9356


  [Client  0] Round 5 | Hier-pFedMe(λ2=35.0,K=3) | loss=0.1477
  [Client  6] Round 5 | Hier-pFedMe(λ2=35.0,K=3) | loss=3.8202  [Client  1] Round 5 | Hier-pFedMe(λ2=35.0,K=3) | loss=0.3246

  [Client  5] Round 5 | Hier-pFedMe(λ2=35.0,K=3) | loss=1.8308
  [Client  3] Round 5 | Hier-pFedMe(λ2=35.0,K=3) | loss=4.9751
  [Client  7] Round 5 | Hier-pFedMe(λ2=35.0,K=3) | loss=0.1896
  [Edge 0] G5 | E4 | loss=1.3859
  [Edge 0] G5 | E5 | Hier-pFedMe | Selected 10/10
  [Client  6] Received edge weights.
  [Client  3] Received edge weights.
  [Client  0] Received edge weights.
  [Client  7] Received edge weights.
  [Client  1] Received edge weights.
  [Client  5] Received edge weights.
  [Client  2] Received edge weights.
  [Client  8] Received edge weights.
  [Client  9] Received edge weights.
  [Client  4] Received edge weights.
  [Client  0] Round 5 | Hier-pFedMe(λ2=35.0,K=3) | loss=0.2377
  [Client  7] Round 5 | Hier-pFedMe(λ2=35.0,K=3) | loss=0.3752
  [Client  6] Round 5 | Hier-pFedMe(λ2=35.0,K=3) | loss=0.2764  [Client  3] Round 5 | Hier-pFedMe(λ2=35.0,K=3) | loss=0.3737

  [Client  1] Round 5 | Hier-pFedMe(λ2=35.0,K=3) | loss=0.3408
  [Client  5] Round 5 | Hier-pFedMe(λ2=35.0,K=3) | loss=0.3745  [Client  2] Round 5 | Hier-pFedMe(λ2=35.0,K=3) | loss=0.2168
  [Client  8] Round 5 | Hier-pFedMe(λ2=35.0,K=3) | loss=0.0082

  [Client  9] Round 5 | Hier-pFedMe(λ2=35.0,K=3) | loss=0.0104
  [Client  4] Round 5 | Hier-pFedMe(λ2=35.0,K=3) | loss=0.2086
  [Edge 0] G5 | E5 | loss=0.2681
  [Edge 1] G5 | E1 | Hier-pFedMe | Selected 10/10
  [Client 16] Received edge weights.
  [Client 10] Received edge weights.
  [Client 18] Received edge weights.
  [Client 12] Received edge weights.
  [Client 13] Received edge weights.
  [Client 15] Received edge weights.
  [Client 19] Received edge weights.
  [Client 17] Received edge weights.
  [Client 14] Received edge weights.
  [Client 11] Received edge weights.
  [Client 18] Round 5 | Hier-pFedMe(λ2=35.0,K=3) | loss=0.7563
  [Client 16] Round 5 | Hier-pFedMe(λ2=35.0,K=3) | loss=1.0741
  [Client 12] Round 5 | Hier-pFedMe(λ2=35.0,K=3) | loss=0.1114
  [Client 10] Round 5 | Hier-pFedMe(λ2=35.0,K=3) | loss=0.2916
  [Client 13] Round 5 | Hier-pFedMe(λ2=35.0,K=3) | loss=0.1547
  [Client 15] Round 5 | Hier-pFedMe(λ2=35.0,K=3) | loss=0.1500
  [Client 19] Round 5 | Hier-pFedMe(λ2=35.0,K=3) | loss=0.3452
  [Client 17] Round 5 | Hier-pFedMe(λ2=35.0,K=3) | loss=5.4001
  [Client 14] Round 5 | Hier-pFedMe(λ2=35.0,K=3) | loss=0.0651
  [Client 11] Round 5 | Hier-pFedMe(λ2=35.0,K=3) | loss=0.1279
  [Edge 1] G5 | E1 | loss=0.8476
  [Edge 1] G5 | E2 | Hier-pFedMe | Selected 10/10
  [Client 10] Received edge weights.
  [Client 12] Received edge weights.
  [Client 19] Received edge weights.
  [Client 15] Received edge weights.
  [Client 14] Received edge weights.
  [Client 13] Received edge weights.
  [Client 16] Received edge weights.
  [Client 11] Received edge weights.
  [Client 17] Received edge weights.
  [Client 18] Received edge weights.
  [Client 10] Round 5 | Hier-pFedMe(λ2=35.0,K=3) | loss=0.1046  [Client 12] Round 5 | Hier-pFedMe(λ2=35.0,K=3) | loss=0.3560  [Client 15] Round 5 | Hier-pFedMe(λ2=35.0,K=3) | loss=0.0950
  [Client 19] Round 5 | Hier-pFedMe(λ2=35.0,K=3) | loss=0.1154


  [Client 14] Round 5 | Hier-pFedMe(λ2=35.0,K=3) | loss=0.3433
  [Client 13] Round 5 | Hier-pFedMe(λ2=35.0,K=3) | loss=0.3667
  [Client 16] Round 5 | Hier-pFedMe(λ2=35.0,K=3) | loss=0.5435
  [Client 11] Round 5 | Hier-pFedMe(λ2=35.0,K=3) | loss=0.1690
  [Client 17] Round 5 | Hier-pFedMe(λ2=35.0,K=3) | loss=0.5830
  [Client 18] Round 5 | Hier-pFedMe(λ2=35.0,K=3) | loss=0.7569
  [Edge 1] G5 | E2 | loss=0.3433
  [Edge 1] G5 | E3 | Hier-pFedMe | Selected 10/10
  [Client 15] Received edge weights.
  [Client 14] Received edge weights.
  [Client 17] Received edge weights.
  [Client 16] Received edge weights.
  [Client 10] Received edge weights.
  [Client 19] Received edge weights.
  [Client 12] Received edge weights.
  [Client 13] Received edge weights.
  [Client 11] Received edge weights.
  [Client 18] Received edge weights.
  [Client 16] Round 5 | Hier-pFedMe(λ2=35.0,K=3) | loss=2.0744
  [Client 17] Round 5 | Hier-pFedMe(λ2=35.0,K=3) | loss=5.1785
  [Client 14] Round 5 | Hier-pFedMe(λ2=35.0,K=3) | loss=0.9301  [Client 15] Round 5 | Hier-pFedMe(λ2=35.0,K=3) | loss=0.2599

  [Client 10] Round 5 | Hier-pFedMe(λ2=35.0,K=3) | loss=0.3371
  [Client 19] Round 5 | Hier-pFedMe(λ2=35.0,K=3) | loss=0.3011  [Client 12] Round 5 | Hier-pFedMe(λ2=35.0,K=3) | loss=0.1512
  [Client 13] Round 5 | Hier-pFedMe(λ2=35.0,K=3) | loss=0.2329

  [Client 11] Round 5 | Hier-pFedMe(λ2=35.0,K=3) | loss=0.0706  [Client 18] Round 5 | Hier-pFedMe(λ2=35.0,K=3) | loss=0.9576

  [Edge 1] G5 | E3 | loss=1.0493
  [Edge 1] G5 | E4 | Hier-pFedMe | Selected 10/10
  [Client 12] Received edge weights.
  [Client 13] Received edge weights.
  [Client 10] Received edge weights.
  [Client 11] Received edge weights.
  [Client 14] Received edge weights.
  [Client 16] Received edge weights.
  [Client 19] Received edge weights.
  [Client 15] Received edge weights.
  [Client 17] Received edge weights.
  [Client 18] Received edge weights.
  [Client 10] Round 5 | Hier-pFedMe(λ2=35.0,K=3) | loss=0.0631
  [Client 11] Round 5 | Hier-pFedMe(λ2=35.0,K=3) | loss=0.3212  [Client 12] Round 5 | Hier-pFedMe(λ2=35.0,K=3) | loss=0.4144
  [Client 13] Round 5 | Hier-pFedMe(λ2=35.0,K=3) | loss=0.4753

  [Client 14] Round 5 | Hier-pFedMe(λ2=35.0,K=3) | loss=1.3078
  [Client 16] Round 5 | Hier-pFedMe(λ2=35.0,K=3) | loss=0.7398
  [Client 19] Round 5 | Hier-pFedMe(λ2=35.0,K=3) | loss=0.1252
  [Client 15] Round 5 | Hier-pFedMe(λ2=35.0,K=3) | loss=0.2976
  [Client 17] Round 5 | Hier-pFedMe(λ2=35.0,K=3) | loss=0.8412  [Client 18] Round 5 | Hier-pFedMe(λ2=35.0,K=3) | loss=0.3331

  [Edge 1] G5 | E4 | loss=0.4919
  [Edge 1] G5 | E5 | Hier-pFedMe | Selected 10/10
  [Client 12] Received edge weights.
  [Client 13] Received edge weights.
  [Client 17] Received edge weights.
  [Client 16] Received edge weights.
  [Client 19] Received edge weights.
  [Client 10] Received edge weights.
  [Client 18] Received edge weights.
  [Client 14] Received edge weights.
  [Client 11] Received edge weights.
  [Client 15] Received edge weights.
  [Client 13] Round 5 | Hier-pFedMe(λ2=35.0,K=3) | loss=1.0048  [Client 16] Round 5 | Hier-pFedMe(λ2=35.0,K=3) | loss=2.3925  [Client 12] Round 5 | Hier-pFedMe(λ2=35.0,K=3) | loss=0.2332  [Client 17] Round 5 | Hier-pFedMe(λ2=35.0,K=3) | loss=0.6613



  [Client 19] Round 5 | Hier-pFedMe(λ2=35.0,K=3) | loss=0.7827
  [Client 10] Round 5 | Hier-pFedMe(λ2=35.0,K=3) | loss=0.2208
  [Client 18] Round 5 | Hier-pFedMe(λ2=35.0,K=3) | loss=0.5489
  [Client 14] Round 5 | Hier-pFedMe(λ2=35.0,K=3) | loss=0.8211
  [Client 11] Round 5 | Hier-pFedMe(λ2=35.0,K=3) | loss=0.0797  [Client 15] Round 5 | Hier-pFedMe(λ2=35.0,K=3) | loss=0.6361

  [Edge 1] G5 | E5 | loss=0.7381
[C0] eval model[0] mean=-0.001422 | θ̃ mean=-0.001422 | edge mean=-0.001392
[C0] n=1000 | classes=[3, 6] | acc=0.6200 | per_class={3: '0.48', 6: '0.76'}
[C1] eval model[0] mean=-0.001473 | θ̃ mean=-0.001473 | edge mean=-0.001392
[C1] n=1000 | classes=[3, 6] | acc=0.6400 | per_class={3: '0.49', 6: '0.80'}
[C2] eval model[0] mean=-0.001301 | θ̃ mean=-0.001301 | edge mean=-0.001392
[C2] n=1000 | classes=[2, 5] | acc=0.4920 | per_class={2: '0.00', 5: '0.99'}
[C3] eval model[0] mean=-0.001602 | θ̃ mean=-0.001602 | edge mean=-0.001392
[C3] n=1000 | classes=[5, 7] | acc=0.5810 | per_class={5: '0.60', 7: '0.56'}
[C4] eval model[0] mean=-0.001537 | θ̃ mean=-0.001537 | edge mean=-0.001392
[C4] n=1000 | classes=[2, 7] | acc=0.6970 | per_class={2: '0.71', 7: '0.69'}
[C5] eval model[0] mean=-0.001224 | θ̃ mean=-0.001224 | edge mean=-0.001392
[C5] n=1000 | classes=[2, 4] | acc=0.5740 | per_class={2: '0.80', 4: '0.34'}
[C6] eval model[0] mean=-0.001333 | θ̃ mean=-0.001333 | edge mean=-0.001392
[C6] n=1000 | classes=[6, 7] | acc=0.6890 | per_class={6: '0.58', 7: '0.79'}
[C7] eval model[0] mean=-0.001462 | θ̃ mean=-0.001462 | edge mean=-0.001392
[C7] n=1000 | classes=[3, 5] | acc=0.4700 | per_class={3: '0.85', 5: '0.11'}
[C8] eval model[0] mean=-0.001138 | θ̃ mean=-0.001138 | edge mean=-0.001392
[C8] n=500 | classes=[4] | acc=1.0000 | per_class={4: '1.00'}
[C9] eval model[0] mean=-0.001259 | θ̃ mean=-0.001259 | edge mean=-0.001392
[C9] n=500 | classes=[4] | acc=1.0000 | per_class={4: '1.00'}
[C10] eval model[0] mean=-0.001647 | θ̃ mean=-0.001647 | edge mean=-0.001514
[C10] n=600 | classes=[8, 9] | acc=0.7567 | per_class={8: '0.72', 9: '0.79'}
[C11] eval model[0] mean=-0.001589 | θ̃ mean=-0.001589 | edge mean=-0.001514
[C11] n=600 | classes=[0, 1] | acc=0.7150 | per_class={0: '0.52', 1: '0.91'}
[C12] eval model[0] mean=-0.001414 | θ̃ mean=-0.001414 | edge mean=-0.001514
[C12] n=600 | classes=[1, 8] | acc=0.7017 | per_class={1: '0.82', 8: '0.58'}
[C13] eval model[0] mean=-0.001358 | θ̃ mean=-0.001358 | edge mean=-0.001514
[C13] n=600 | classes=[0, 8] | acc=0.5217 | per_class={0: '1.00', 8: '0.01'}
[C14] eval model[0] mean=-0.001710 | θ̃ mean=-0.001710 | edge mean=-0.001514
[C14] n=600 | classes=[0, 9] | acc=0.4883 | per_class={0: '0.00', 9: '1.00'}
[C15] eval model[0] mean=-0.001708 | θ̃ mean=-0.001708 | edge mean=-0.001514
[C15] n=600 | classes=[0, 8] | acc=0.6183 | per_class={0: '0.70', 8: '0.54'}
[C16] eval model[0] mean=-0.002069 | θ̃ mean=-0.002069 | edge mean=-0.001514
[C16] n=600 | classes=[1, 8] | acc=0.5283 | per_class={1: '1.00', 8: '0.08'}
[C17] eval model[0] mean=-0.002027 | θ̃ mean=-0.002027 | edge mean=-0.001514
[C17] n=600 | classes=[1, 9] | acc=0.4883 | per_class={1: '0.99', 9: '0.02'}
[C18] eval model[0] mean=-0.001665 | θ̃ mean=-0.001665 | edge mean=-0.001514
[C18] n=600 | classes=[1, 9] | acc=0.4783 | per_class={1: '0.00', 9: '1.00'}
[C19] eval model[0] mean=-0.001640 | θ̃ mean=-0.001640 | edge mean=-0.001514
[C19] n=600 | classes=[0, 9] | acc=0.7833 | per_class={0: '0.62', 9: '0.93'}
  [Cloud] GM=0.2068 | EM=0.3261 PM=0.6274 | loss=2.1868 | time=50.9s | comm=4556.2MB (total=22781MB)

[Round   6] Broadcasting to 2 edges...
  [Edge 0] W_n reset to global weights for new round.
  [Edge 1] W_n reset to global weights for new round.
  [Edge 0] G6 | E1 | Hier-pFedMe | Selected 10/10
  [Client  9] Received edge weights.
  [Client  5] Received edge weights.
  [Client  3] Received edge weights.
  [Client  4] Received edge weights.
  [Client  6] Received edge weights.
  [Client  2] Received edge weights.
  [Client  0] Received edge weights.
  [Client  7] Received edge weights.
  [Client  8] Received edge weights.
  [Client  1] Received edge weights.
  [Client  3] Round 6 | Hier-pFedMe(λ2=35.0,K=3) | loss=5.5130  [Client  4] Round 6 | Hier-pFedMe(λ2=35.0,K=3) | loss=0.2562

  [Client  9] Round 6 | Hier-pFedMe(λ2=35.0,K=3) | loss=0.0079  [Client  5] Round 6 | Hier-pFedMe(λ2=35.0,K=3) | loss=1.0104

  [Client  6] Round 6 | Hier-pFedMe(λ2=35.0,K=3) | loss=4.4492
  [Client  0] Round 6 | Hier-pFedMe(λ2=35.0,K=3) | loss=0.2658  [Client  2] Round 6 | Hier-pFedMe(λ2=35.0,K=3) | loss=0.1889
  [Client  7] Round 6 | Hier-pFedMe(λ2=35.0,K=3) | loss=0.3743

  [Client  8] Round 6 | Hier-pFedMe(λ2=35.0,K=3) | loss=0.0138
  [Client  1] Round 6 | Hier-pFedMe(λ2=35.0,K=3) | loss=0.1482
  [Edge 0] G6 | E1 | loss=1.3574
  [Edge 0] G6 | E2 | Hier-pFedMe | Selected 10/10
  [Client  8] Received edge weights.
  [Client  4] Received edge weights.
  [Client  0] Received edge weights.
  [Client  7] Received edge weights.
  [Client  6] Received edge weights.
  [Client  2] Received edge weights.
  [Client  1] Received edge weights.
  [Client  3] Received edge weights.
  [Client  9] Received edge weights.
  [Client  5] Received edge weights.
  [Client  0] Round 6 | Hier-pFedMe(λ2=35.0,K=3) | loss=0.2702
  [Client  8] Round 6 | Hier-pFedMe(λ2=35.0,K=3) | loss=0.0095
  [Client  4] Round 6 | Hier-pFedMe(λ2=35.0,K=3) | loss=0.1985  [Client  7] Round 6 | Hier-pFedMe(λ2=35.0,K=3) | loss=0.1551

  [Client  1] Round 6 | Hier-pFedMe(λ2=35.0,K=3) | loss=0.3145  [Client  6] Round 6 | Hier-pFedMe(λ2=35.0,K=3) | loss=0.4421  [Client  2] Round 6 | Hier-pFedMe(λ2=35.0,K=3) | loss=0.2600


  [Client  3] Round 6 | Hier-pFedMe(λ2=35.0,K=3) | loss=0.4680
  [Client  9] Round 6 | Hier-pFedMe(λ2=35.0,K=3) | loss=0.0125
  [Client  5] Round 6 | Hier-pFedMe(λ2=35.0,K=3) | loss=0.3186
  [Edge 0] G6 | E2 | loss=0.2709
  [Edge 0] G6 | E3 | Hier-pFedMe | Selected 10/10
  [Client  5] Received edge weights.
  [Client  2] Received edge weights.
  [Client  8] Received edge weights.
  [Client  0] Received edge weights.
  [Client  9] Received edge weights.
  [Client  1] Received edge weights.
  [Client  4] Received edge weights.
  [Client  3] Received edge weights.
  [Client  6] Received edge weights.
  [Client  7] Received edge weights.
  [Client  2] Round 6 | Hier-pFedMe(λ2=35.0,K=3) | loss=0.5829  [Client  0] Round 6 | Hier-pFedMe(λ2=35.0,K=3) | loss=0.3185

  [Client  5] Round 6 | Hier-pFedMe(λ2=35.0,K=3) | loss=2.3637
  [Client  8] Round 6 | Hier-pFedMe(λ2=35.0,K=3) | loss=0.0115
  [Client  9] Round 6 | Hier-pFedMe(λ2=35.0,K=3) | loss=0.0044
  [Client  1] Round 6 | Hier-pFedMe(λ2=35.0,K=3) | loss=0.4335
  [Client  4] Round 6 | Hier-pFedMe(λ2=35.0,K=3) | loss=0.3037  [Client  3] Round 6 | Hier-pFedMe(λ2=35.0,K=3) | loss=5.1844

  [Client  6] Round 6 | Hier-pFedMe(λ2=35.0,K=3) | loss=5.4141
  [Client  7] Round 6 | Hier-pFedMe(λ2=35.0,K=3) | loss=0.2765
  [Edge 0] G6 | E3 | loss=1.6539
  [Edge 0] G6 | E4 | Hier-pFedMe | Selected 10/10
  [Client  2] Received edge weights.
  [Client  6] Received edge weights.
  [Client  8] Received edge weights.
  [Client  0] Received edge weights.
  [Client  1] Received edge weights.
  [Client  3] Received edge weights.
  [Client  4] Received edge weights.
  [Client  5] Received edge weights.
  [Client  7] Received edge weights.
  [Client  9] Received edge weights.
  [Client  2] Round 6 | Hier-pFedMe(λ2=35.0,K=3) | loss=0.3454
  [Client  8] Round 6 | Hier-pFedMe(λ2=35.0,K=3) | loss=0.0125
  [Client  6] Round 6 | Hier-pFedMe(λ2=35.0,K=3) | loss=0.4554
  [Client  0] Round 6 | Hier-pFedMe(λ2=35.0,K=3) | loss=0.2953
  [Client  1] Round 6 | Hier-pFedMe(λ2=35.0,K=3) | loss=0.1889  [Client  3] Round 6 | Hier-pFedMe(λ2=35.0,K=3) | loss=0.2829

  [Client  4] Round 6 | Hier-pFedMe(λ2=35.0,K=3) | loss=0.4254
  [Client  5] Round 6 | Hier-pFedMe(λ2=35.0,K=3) | loss=0.3759
  [Client  7] Round 6 | Hier-pFedMe(λ2=35.0,K=3) | loss=0.5648
  [Client  9] Round 6 | Hier-pFedMe(λ2=35.0,K=3) | loss=0.0183
  [Edge 0] G6 | E4 | loss=0.3277
  [Edge 0] G6 | E5 | Hier-pFedMe | Selected 10/10
  [Client  1] Received edge weights.
  [Client  3] Received edge weights.
  [Client  9] Received edge weights.
  [Client  5] Received edge weights.
  [Client  2] Received edge weights.
  [Client  6] Received edge weights.
  [Client  7] Received edge weights.
  [Client  4] Received edge weights.
  [Client  0] Received edge weights.
  [Client  8] Received edge weights.
  [Client  5] Round 6 | Hier-pFedMe(λ2=35.0,K=3) | loss=1.2186
  [Client  1] Round 6 | Hier-pFedMe(λ2=35.0,K=3) | loss=0.2506
  [Client  3] Round 6 | Hier-pFedMe(λ2=35.0,K=3) | loss=5.2393  [Client  9] Round 6 | Hier-pFedMe(λ2=35.0,K=3) | loss=0.0059

  [Client  2] Round 6 | Hier-pFedMe(λ2=35.0,K=3) | loss=0.3596
  [Client  6] Round 6 | Hier-pFedMe(λ2=35.0,K=3) | loss=0.7020
  [Client  7] Round 6 | Hier-pFedMe(λ2=35.0,K=3) | loss=0.5794
  [Client  4] Round 6 | Hier-pFedMe(λ2=35.0,K=3) | loss=0.2974
  [Client  0] Round 6 | Hier-pFedMe(λ2=35.0,K=3) | loss=0.1831
  [Client  8] Round 6 | Hier-pFedMe(λ2=35.0,K=3) | loss=0.0121
  [Edge 0] G6 | E5 | loss=0.9821
  [Edge 1] G6 | E1 | Hier-pFedMe | Selected 10/10
  [Client 19] Received edge weights.
  [Client 13] Received edge weights.
  [Client 14] Received edge weights.
  [Client 18] Received edge weights.
  [Client 16] Received edge weights.
  [Client 12] Received edge weights.
  [Client 15] Received edge weights.
  [Client 11] Received edge weights.
  [Client 10] Received edge weights.
  [Client 17] Received edge weights.
  [Client 19] Round 6 | Hier-pFedMe(λ2=35.0,K=3) | loss=0.1248  [Client 13] Round 6 | Hier-pFedMe(λ2=35.0,K=3) | loss=0.5001
  [Client 18] Round 6 | Hier-pFedMe(λ2=35.0,K=3) | loss=1.0465  [Client 14] Round 6 | Hier-pFedMe(λ2=35.0,K=3) | loss=0.0682


  [Client 16] Round 6 | Hier-pFedMe(λ2=35.0,K=3) | loss=0.3221
  [Client 12] Round 6 | Hier-pFedMe(λ2=35.0,K=3) | loss=0.2344  [Client 11] Round 6 | Hier-pFedMe(λ2=35.0,K=3) | loss=0.1807  [Client 15] Round 6 | Hier-pFedMe(λ2=35.0,K=3) | loss=0.1330


  [Client 10] Round 6 | Hier-pFedMe(λ2=35.0,K=3) | loss=0.1879
  [Client 17] Round 6 | Hier-pFedMe(λ2=35.0,K=3) | loss=0.6357
  [Edge 1] G6 | E1 | loss=0.3433
  [Edge 1] G6 | E2 | Hier-pFedMe | Selected 10/10
  [Client 13] Received edge weights.
  [Client 18] Received edge weights.
  [Client 19] Received edge weights.
  [Client 10] Received edge weights.
  [Client 17] Received edge weights.
  [Client 15] Received edge weights.
  [Client 12] Received edge weights.
  [Client 11] Received edge weights.
  [Client 16] Received edge weights.
  [Client 14] Received edge weights.
  [Client 19] Round 6 | Hier-pFedMe(λ2=35.0,K=3) | loss=0.9955  [Client 13] Round 6 | Hier-pFedMe(λ2=35.0,K=3) | loss=1.5356  [Client 10] Round 6 | Hier-pFedMe(λ2=35.0,K=3) | loss=0.2721  [Client 18] Round 6 | Hier-pFedMe(λ2=35.0,K=3) | loss=0.1460



  [Client 17] Round 6 | Hier-pFedMe(λ2=35.0,K=3) | loss=2.6476
  [Client 12] Round 6 | Hier-pFedMe(λ2=35.0,K=3) | loss=0.1413  [Client 15] Round 6 | Hier-pFedMe(λ2=35.0,K=3) | loss=0.4545  [Client 11] Round 6 | Hier-pFedMe(λ2=35.0,K=3) | loss=0.0736


  [Client 16] Round 6 | Hier-pFedMe(λ2=35.0,K=3) | loss=2.2499
  [Client 14] Round 6 | Hier-pFedMe(λ2=35.0,K=3) | loss=0.3299
  [Edge 1] G6 | E2 | loss=0.8846
  [Edge 1] G6 | E3 | Hier-pFedMe | Selected 10/10
  [Client 10] Received edge weights.
  [Client 16] Received edge weights.
  [Client 13] Received edge weights.
  [Client 18] Received edge weights.
  [Client 17] Received edge weights.
  [Client 11] Received edge weights.
  [Client 14] Received edge weights.
  [Client 12] Received edge weights.
  [Client 15] Received edge weights.
  [Client 19] Received edge weights.
  [Client 16] Round 6 | Hier-pFedMe(λ2=35.0,K=3) | loss=0.4045  [Client 13] Round 6 | Hier-pFedMe(λ2=35.0,K=3) | loss=0.4058

  [Client 18] Round 6 | Hier-pFedMe(λ2=35.0,K=3) | loss=0.5770  [Client 10] Round 6 | Hier-pFedMe(λ2=35.0,K=3) | loss=0.1533

  [Client 17] Round 6 | Hier-pFedMe(λ2=35.0,K=3) | loss=0.4051  [Client 11] Round 6 | Hier-pFedMe(λ2=35.0,K=3) | loss=0.3042

  [Client 12] Round 6 | Hier-pFedMe(λ2=35.0,K=3) | loss=0.1212  [Client 14] Round 6 | Hier-pFedMe(λ2=35.0,K=3) | loss=0.4762

  [Client 19] Round 6 | Hier-pFedMe(λ2=35.0,K=3) | loss=0.9007  [Client 15] Round 6 | Hier-pFedMe(λ2=35.0,K=3) | loss=0.5009

  [Edge 1] G6 | E3 | loss=0.4249
  [Edge 1] G6 | E4 | Hier-pFedMe | Selected 10/10
  [Client 17] Received edge weights.
  [Client 15] Received edge weights.
  [Client 19] Received edge weights.
  [Client 10] Received edge weights.
  [Client 14] Received edge weights.
  [Client 12] Received edge weights.
  [Client 18] Received edge weights.
  [Client 16] Received edge weights.
  [Client 11] Received edge weights.
  [Client 13] Received edge weights.
  [Client 17] Round 6 | Hier-pFedMe(λ2=35.0,K=3) | loss=2.0068
  [Client 15] Round 6 | Hier-pFedMe(λ2=35.0,K=3) | loss=0.1530  [Client 19] Round 6 | Hier-pFedMe(λ2=35.0,K=3) | loss=0.1155  [Client 10] Round 6 | Hier-pFedMe(λ2=35.0,K=3) | loss=0.2736


  [Client 14] Round 6 | Hier-pFedMe(λ2=35.0,K=3) | loss=0.3408  [Client 12] Round 6 | Hier-pFedMe(λ2=35.0,K=3) | loss=0.2042

  [Client 16] Round 6 | Hier-pFedMe(λ2=35.0,K=3) | loss=0.2354
  [Client 18] Round 6 | Hier-pFedMe(λ2=35.0,K=3) | loss=0.3430
  [Client 11] Round 6 | Hier-pFedMe(λ2=35.0,K=3) | loss=0.2256
  [Client 13] Round 6 | Hier-pFedMe(λ2=35.0,K=3) | loss=0.2962
  [Edge 1] G6 | E4 | loss=0.4194
  [Edge 1] G6 | E5 | Hier-pFedMe | Selected 10/10
  [Client 11] Received edge weights.
  [Client 17] Received edge weights.
  [Client 18] Received edge weights.
  [Client 12] Received edge weights.
  [Client 19] Received edge weights.
  [Client 14] Received edge weights.
  [Client 16] Received edge weights.
  [Client 15] Received edge weights.
  [Client 10] Received edge weights.
  [Client 13] Received edge weights.
  [Client 17] Round 6 | Hier-pFedMe(λ2=35.0,K=3) | loss=0.5853  [Client 11] Round 6 | Hier-pFedMe(λ2=35.0,K=3) | loss=0.1371  [Client 18] Round 6 | Hier-pFedMe(λ2=35.0,K=3) | loss=0.3339
  [Client 12] Round 6 | Hier-pFedMe(λ2=35.0,K=3) | loss=0.1310


  [Client 19] Round 6 | Hier-pFedMe(λ2=35.0,K=3) | loss=0.0794
  [Client 16] Round 6 | Hier-pFedMe(λ2=35.0,K=3) | loss=0.1536
  [Client 14] Round 6 | Hier-pFedMe(λ2=35.0,K=3) | loss=0.4138
  [Client 15] Round 6 | Hier-pFedMe(λ2=35.0,K=3) | loss=0.1242
  [Client 10] Round 6 | Hier-pFedMe(λ2=35.0,K=3) | loss=0.1806
  [Client 13] Round 6 | Hier-pFedMe(λ2=35.0,K=3) | loss=0.3488
  [Edge 1] G6 | E5 | loss=0.2488
[C0] eval model[0] mean=-0.001469 | θ̃ mean=-0.001469 | edge mean=-0.001712
[C0] n=1000 | classes=[3, 6] | acc=0.6200 | per_class={3: '0.45', 6: '0.80'}
[C1] eval model[0] mean=-0.001757 | θ̃ mean=-0.001757 | edge mean=-0.001712
[C1] n=1000 | classes=[3, 6] | acc=0.6880 | per_class={3: '0.73', 6: '0.64'}
[C2] eval model[0] mean=-0.001924 | θ̃ mean=-0.001924 | edge mean=-0.001712
[C2] n=1000 | classes=[2, 5] | acc=0.5070 | per_class={2: '0.03', 5: '1.00'}
[C3] eval model[0] mean=-0.002155 | θ̃ mean=-0.002155 | edge mean=-0.001712
[C3] n=1000 | classes=[5, 7] | acc=0.4960 | per_class={5: '0.32', 7: '0.68'}
[C4] eval model[0] mean=-0.001784 | θ̃ mean=-0.001784 | edge mean=-0.001712
[C4] n=1000 | classes=[2, 7] | acc=0.6610 | per_class={2: '0.74', 7: '0.58'}
[C5] eval model[0] mean=-0.001642 | θ̃ mean=-0.001642 | edge mean=-0.001712
[C5] n=1000 | classes=[2, 4] | acc=0.5380 | per_class={2: '0.89', 4: '0.18'}
[C6] eval model[0] mean=-0.001466 | θ̃ mean=-0.001466 | edge mean=-0.001712
[C6] n=1000 | classes=[6, 7] | acc=0.5780 | per_class={6: '0.32', 7: '0.83'}
[C7] eval model[0] mean=-0.001621 | θ̃ mean=-0.001621 | edge mean=-0.001712
[C7] n=1000 | classes=[3, 5] | acc=0.5170 | per_class={3: '0.05', 5: '0.96'}
[C8] eval model[0] mean=-0.001971 | θ̃ mean=-0.001971 | edge mean=-0.001712
[C8] n=500 | classes=[4] | acc=1.0000 | per_class={4: '1.00'}
[C9] eval model[0] mean=-0.001803 | θ̃ mean=-0.001803 | edge mean=-0.001712
[C9] n=500 | classes=[4] | acc=1.0000 | per_class={4: '1.00'}
[C10] eval model[0] mean=-0.001648 | θ̃ mean=-0.001648 | edge mean=-0.001539
[C10] n=600 | classes=[8, 9] | acc=0.7900 | per_class={8: '0.76', 9: '0.81'}
[C11] eval model[0] mean=-0.001323 | θ̃ mean=-0.001323 | edge mean=-0.001539
[C11] n=600 | classes=[0, 1] | acc=0.7367 | per_class={0: '0.62', 1: '0.85'}
[C12] eval model[0] mean=-0.001419 | θ̃ mean=-0.001419 | edge mean=-0.001539
[C12] n=600 | classes=[1, 8] | acc=0.7600 | per_class={1: '0.73', 8: '0.79'}
[C13] eval model[0] mean=-0.001335 | θ̃ mean=-0.001335 | edge mean=-0.001539
[C13] n=600 | classes=[0, 8] | acc=0.5733 | per_class={0: '0.93', 8: '0.19'}
[C14] eval model[0] mean=-0.001459 | θ̃ mean=-0.001459 | edge mean=-0.001539
[C14] n=600 | classes=[0, 9] | acc=0.7733 | per_class={0: '0.65', 9: '0.90'}
[C15] eval model[0] mean=-0.001415 | θ̃ mean=-0.001415 | edge mean=-0.001539
[C15] n=600 | classes=[0, 8] | acc=0.5850 | per_class={0: '0.41', 8: '0.77'}
[C16] eval model[0] mean=-0.001216 | θ̃ mean=-0.001216 | edge mean=-0.001539
[C16] n=600 | classes=[1, 8] | acc=0.7683 | per_class={1: '0.87', 8: '0.67'}
[C17] eval model[0] mean=-0.001609 | θ̃ mean=-0.001609 | edge mean=-0.001539
[C17] n=600 | classes=[1, 9] | acc=0.5450 | per_class={1: '0.12', 9: '0.94'}
[C18] eval model[0] mean=-0.001770 | θ̃ mean=-0.001770 | edge mean=-0.001539
[C18] n=600 | classes=[1, 9] | acc=0.5217 | per_class={1: '0.96', 9: '0.04'}
[C19] eval model[0] mean=-0.001820 | θ̃ mean=-0.001820 | edge mean=-0.001539
[C19] n=600 | classes=[0, 9] | acc=0.7700 | per_class={0: '0.76', 9: '0.78'}
  [Cloud] GM=0.2141 | EM=0.3347 PM=0.6466 | loss=2.1710 | time=50.5s | comm=4556.2MB (total=27337MB)

[Round   7] Broadcasting to 2 edges...
  [Edge 0] W_n reset to global weights for new round.
  [Edge 1] W_n reset to global weights for new round.
  [Edge 0] G7 | E1 | Hier-pFedMe | Selected 10/10
  [Client  1] Received edge weights.
  [Client  5] Received edge weights.
  [Client  3] Received edge weights.
  [Client  7] Received edge weights.
  [Client  9] Received edge weights.
  [Client  0] Received edge weights.
  [Client  6] Received edge weights.
  [Client  8] Received edge weights.
  [Client  4] Received edge weights.
  [Client  2] Received edge weights.
  [Client  1] Round 7 | Hier-pFedMe(λ2=35.0,K=3) | loss=0.2050  [Client  3] Round 7 | Hier-pFedMe(λ2=35.0,K=3) | loss=0.7012  [Client  5] Round 7 | Hier-pFedMe(λ2=35.0,K=3) | loss=0.2906  [Client  7] Round 7 | Hier-pFedMe(λ2=35.0,K=3) | loss=0.3606



  [Client  0] Round 7 | Hier-pFedMe(λ2=35.0,K=3) | loss=0.2249  [Client  9] Round 7 | Hier-pFedMe(λ2=35.0,K=3) | loss=0.0129

  [Client  6] Round 7 | Hier-pFedMe(λ2=35.0,K=3) | loss=0.5521  [Client  8] Round 7 | Hier-pFedMe(λ2=35.0,K=3) | loss=0.0156

  [Client  4] Round 7 | Hier-pFedMe(λ2=35.0,K=3) | loss=0.1269  [Client  2] Round 7 | Hier-pFedMe(λ2=35.0,K=3) | loss=0.1641

  [Edge 0] G7 | E1 | loss=0.2933
  [Edge 0] G7 | E2 | Hier-pFedMe | Selected 10/10
  [Client  5] Received edge weights.
  [Client  8] Received edge weights.
  [Client  1] Received edge weights.
  [Client  3] Received edge weights.
  [Client  0] Received edge weights.
  [Client  4] Received edge weights.
  [Client  6] Received edge weights.
  [Client  2] Received edge weights.
  [Client  7] Received edge weights.
  [Client  9] Received edge weights.
  [Client  5] Round 7 | Hier-pFedMe(λ2=35.0,K=3) | loss=0.3809  [Client  1] Round 7 | Hier-pFedMe(λ2=35.0,K=3) | loss=0.2973  [Client  3] Round 7 | Hier-pFedMe(λ2=35.0,K=3) | loss=6.2335  [Client  8] Round 7 | Hier-pFedMe(λ2=35.0,K=3) | loss=0.0126



  [Client  0] Round 7 | Hier-pFedMe(λ2=35.0,K=3) | loss=0.2064  [Client  4] Round 7 | Hier-pFedMe(λ2=35.0,K=3) | loss=0.2060
  [Client  6] Round 7 | Hier-pFedMe(λ2=35.0,K=3) | loss=0.9999
  [Client  2] Round 7 | Hier-pFedMe(λ2=35.0,K=3) | loss=0.3251

  [Client  7] Round 7 | Hier-pFedMe(λ2=35.0,K=3) | loss=0.3077
  [Client  9] Round 7 | Hier-pFedMe(λ2=35.0,K=3) | loss=0.0116
  [Edge 0] G7 | E2 | loss=0.9965
  [Edge 0] G7 | E3 | Hier-pFedMe | Selected 10/10
  [Client  7] Received edge weights.
  [Client  1] Received edge weights.
  [Client  8] Received edge weights.
  [Client  9] Received edge weights.
  [Client  2] Received edge weights.
  [Client  5] Received edge weights.
  [Client  3] Received edge weights.
  [Client  0] Received edge weights.
  [Client  6] Received edge weights.
  [Client  4] Received edge weights.
  [Client  7] Round 7 | Hier-pFedMe(λ2=35.0,K=3) | loss=0.6474  [Client  9] Round 7 | Hier-pFedMe(λ2=35.0,K=3) | loss=0.0157  [Client  8] Round 7 | Hier-pFedMe(λ2=35.0,K=3) | loss=0.0101  [Client  1] Round 7 | Hier-pFedMe(λ2=35.0,K=3) | loss=0.1501



  [Client  2] Round 7 | Hier-pFedMe(λ2=35.0,K=3) | loss=0.1794
  [Client  5] Round 7 | Hier-pFedMe(λ2=35.0,K=3) | loss=0.3443
  [Client  3] Round 7 | Hier-pFedMe(λ2=35.0,K=3) | loss=0.4443  [Client  0] Round 7 | Hier-pFedMe(λ2=35.0,K=3) | loss=0.2434

  [Client  6] Round 7 | Hier-pFedMe(λ2=35.0,K=3) | loss=0.1898  [Client  4] Round 7 | Hier-pFedMe(λ2=35.0,K=3) | loss=0.3579

  [Edge 0] G7 | E3 | loss=0.2855
  [Edge 0] G7 | E4 | Hier-pFedMe | Selected 10/10
  [Client  2] Received edge weights.
  [Client  0] Received edge weights.
  [Client  8] Received edge weights.
  [Client  6] Received edge weights.
  [Client  4] Received edge weights.
  [Client  1] Received edge weights.
  [Client  9] Received edge weights.
  [Client  5] Received edge weights.
  [Client  3] Received edge weights.
  [Client  7] Received edge weights.
  [Client  2] Round 7 | Hier-pFedMe(λ2=35.0,K=3) | loss=0.1521  [Client  0] Round 7 | Hier-pFedMe(λ2=35.0,K=3) | loss=0.1814  [Client  6] Round 7 | Hier-pFedMe(λ2=35.0,K=3) | loss=1.3825


  [Client  8] Round 7 | Hier-pFedMe(λ2=35.0,K=3) | loss=0.0118
  [Client  1] Round 7 | Hier-pFedMe(λ2=35.0,K=3) | loss=0.1925
  [Client  4] Round 7 | Hier-pFedMe(λ2=35.0,K=3) | loss=0.1959
  [Client  9] Round 7 | Hier-pFedMe(λ2=35.0,K=3) | loss=0.0073
  [Client  5] Round 7 | Hier-pFedMe(λ2=35.0,K=3) | loss=1.0005
  [Client  3] Round 7 | Hier-pFedMe(λ2=35.0,K=3) | loss=1.9648  [Client  7] Round 7 | Hier-pFedMe(λ2=35.0,K=3) | loss=0.6099

  [Edge 0] G7 | E4 | loss=0.6321
  [Edge 0] G7 | E5 | Hier-pFedMe | Selected 10/10
  [Client  6] Received edge weights.
  [Client  1] Received edge weights.
  [Client  5] Received edge weights.
  [Client  0] Received edge weights.
  [Client  8] Received edge weights.
  [Client  9] Received edge weights.
  [Client  2] Received edge weights.
  [Client  7] Received edge weights.
  [Client  3] Received edge weights.
  [Client  4] Received edge weights.
  [Client  6] Round 7 | Hier-pFedMe(λ2=35.0,K=3) | loss=0.3823
  [Client  1] Round 7 | Hier-pFedMe(λ2=35.0,K=3) | loss=0.1562
  [Client  5] Round 7 | Hier-pFedMe(λ2=35.0,K=3) | loss=0.5149
  [Client  0] Round 7 | Hier-pFedMe(λ2=35.0,K=3) | loss=0.5380
  [Client  8] Round 7 | Hier-pFedMe(λ2=35.0,K=3) | loss=0.0063
  [Client  9] Round 7 | Hier-pFedMe(λ2=35.0,K=3) | loss=0.0082
  [Client  2] Round 7 | Hier-pFedMe(λ2=35.0,K=3) | loss=0.1626
  [Client  7] Round 7 | Hier-pFedMe(λ2=35.0,K=3) | loss=0.7353
  [Client  3] Round 7 | Hier-pFedMe(λ2=35.0,K=3) | loss=0.2374
  [Client  4] Round 7 | Hier-pFedMe(λ2=35.0,K=3) | loss=0.2494
  [Edge 0] G7 | E5 | loss=0.3315
  [Edge 1] G7 | E1 | Hier-pFedMe | Selected 10/10
  [Client 16] Received edge weights.
  [Client 11] Received edge weights.
  [Client 19] Received edge weights.
  [Client 15] Received edge weights.
  [Client 18] Received edge weights.
  [Client 13] Received edge weights.
  [Client 12] Received edge weights.
  [Client 14] Received edge weights.
  [Client 10] Received edge weights.
  [Client 17] Received edge weights.
  [Client 15] Round 7 | Hier-pFedMe(λ2=35.0,K=3) | loss=0.1690  [Client 11] Round 7 | Hier-pFedMe(λ2=35.0,K=3) | loss=0.1824  [Client 19] Round 7 | Hier-pFedMe(λ2=35.0,K=3) | loss=0.0980  [Client 16] Round 7 | Hier-pFedMe(λ2=35.0,K=3) | loss=0.2546



  [Client 18] Round 7 | Hier-pFedMe(λ2=35.0,K=3) | loss=0.5334
  [Client 13] Round 7 | Hier-pFedMe(λ2=35.0,K=3) | loss=1.2333  [Client 12] Round 7 | Hier-pFedMe(λ2=35.0,K=3) | loss=0.4696
  [Client 14] Round 7 | Hier-pFedMe(λ2=35.0,K=3) | loss=0.0849

  [Client 10] Round 7 | Hier-pFedMe(λ2=35.0,K=3) | loss=0.0554
  [Client 17] Round 7 | Hier-pFedMe(λ2=35.0,K=3) | loss=0.1938
  [Edge 1] G7 | E1 | loss=0.3274
  [Edge 1] G7 | E2 | Hier-pFedMe | Selected 10/10
  [Client 17] Received edge weights.
  [Client 10] Received edge weights.
  [Client 11] Received edge weights.
  [Client 14] Received edge weights.
  [Client 15] Received edge weights.
  [Client 16] Received edge weights.
  [Client 13] Received edge weights.
  [Client 18] Received edge weights.
  [Client 12] Received edge weights.
  [Client 19] Received edge weights.
  [Client 10] Round 7 | Hier-pFedMe(λ2=35.0,K=3) | loss=0.3781
  [Client 14] Round 7 | Hier-pFedMe(λ2=35.0,K=3) | loss=0.1318  [Client 11] Round 7 | Hier-pFedMe(λ2=35.0,K=3) | loss=0.1570
  [Client 17] Round 7 | Hier-pFedMe(λ2=35.0,K=3) | loss=0.4089

  [Client 15] Round 7 | Hier-pFedMe(λ2=35.0,K=3) | loss=0.3754
  [Client 16] Round 7 | Hier-pFedMe(λ2=35.0,K=3) | loss=0.2276
  [Client 13] Round 7 | Hier-pFedMe(λ2=35.0,K=3) | loss=0.4253
  [Client 18] Round 7 | Hier-pFedMe(λ2=35.0,K=3) | loss=0.2864
  [Client 12] Round 7 | Hier-pFedMe(λ2=35.0,K=3) | loss=0.0846
  [Client 19] Round 7 | Hier-pFedMe(λ2=35.0,K=3) | loss=0.1167
  [Edge 1] G7 | E2 | loss=0.2592
  [Edge 1] G7 | E3 | Hier-pFedMe | Selected 10/10
  [Client 16] Received edge weights.
  [Client 15] Received edge weights.
  [Client 19] Received edge weights.
  [Client 17] Received edge weights.
  [Client 12] Received edge weights.
  [Client 14] Received edge weights.
  [Client 18] Received edge weights.
  [Client 11] Received edge weights.
  [Client 13] Received edge weights.
  [Client 10] Received edge weights.
  [Client 17] Round 7 | Hier-pFedMe(λ2=35.0,K=3) | loss=1.8222
  [Client 16] Round 7 | Hier-pFedMe(λ2=35.0,K=3) | loss=0.5829
  [Client 15] Round 7 | Hier-pFedMe(λ2=35.0,K=3) | loss=0.3933  [Client 19] Round 7 | Hier-pFedMe(λ2=35.0,K=3) | loss=0.1263

  [Client 12] Round 7 | Hier-pFedMe(λ2=35.0,K=3) | loss=0.5277
  [Client 14] Round 7 | Hier-pFedMe(λ2=35.0,K=3) | loss=0.0502
  [Client 18] Round 7 | Hier-pFedMe(λ2=35.0,K=3) | loss=0.1994
  [Client 11] Round 7 | Hier-pFedMe(λ2=35.0,K=3) | loss=0.0525
  [Client 13] Round 7 | Hier-pFedMe(λ2=35.0,K=3) | loss=0.5688
  [Client 10] Round 7 | Hier-pFedMe(λ2=35.0,K=3) | loss=0.1469
  [Edge 1] G7 | E3 | loss=0.4470
  [Edge 1] G7 | E4 | Hier-pFedMe | Selected 10/10
  [Client 14] Received edge weights.
  [Client 17] Received edge weights.
  [Client 13] Received edge weights.
  [Client 10] Received edge weights.
  [Client 15] Received edge weights.
  [Client 18] Received edge weights.
  [Client 11] Received edge weights.
  [Client 19] Received edge weights.
  [Client 16] Received edge weights.
  [Client 12] Received edge weights.
  [Client 10] Round 7 | Hier-pFedMe(λ2=35.0,K=3) | loss=0.1015  [Client 17] Round 7 | Hier-pFedMe(λ2=35.0,K=3) | loss=0.4281  [Client 14] Round 7 | Hier-pFedMe(λ2=35.0,K=3) | loss=0.1235  [Client 13] Round 7 | Hier-pFedMe(λ2=35.0,K=3) | loss=0.2962



  [Client 15] Round 7 | Hier-pFedMe(λ2=35.0,K=3) | loss=1.0207  [Client 18] Round 7 | Hier-pFedMe(λ2=35.0,K=3) | loss=0.1989  [Client 11] Round 7 | Hier-pFedMe(λ2=35.0,K=3) | loss=0.6754
  [Client 19] Round 7 | Hier-pFedMe(λ2=35.0,K=3) | loss=0.1529


  [Client 16] Round 7 | Hier-pFedMe(λ2=35.0,K=3) | loss=0.3521  [Client 12] Round 7 | Hier-pFedMe(λ2=35.0,K=3) | loss=0.2198

  [Edge 1] G7 | E4 | loss=0.3569
  [Edge 1] G7 | E5 | Hier-pFedMe | Selected 10/10
  [Client 10] Received edge weights.
  [Client 11] Received edge weights.
  [Client 14] Received edge weights.
  [Client 18] Received edge weights.
  [Client 12] Received edge weights.
  [Client 17] Received edge weights.
  [Client 19] Received edge weights.
  [Client 13] Received edge weights.
  [Client 16] Received edge weights.
  [Client 15] Received edge weights.
  [Client 11] Round 7 | Hier-pFedMe(λ2=35.0,K=3) | loss=1.0330  [Client 10] Round 7 | Hier-pFedMe(λ2=35.0,K=3) | loss=0.0709  [Client 14] Round 7 | Hier-pFedMe(λ2=35.0,K=3) | loss=0.1168  [Client 18] Round 7 | Hier-pFedMe(λ2=35.0,K=3) | loss=0.1669



  [Client 12] Round 7 | Hier-pFedMe(λ2=35.0,K=3) | loss=0.3173  [Client 17] Round 7 | Hier-pFedMe(λ2=35.0,K=3) | loss=0.1171

  [Client 19] Round 7 | Hier-pFedMe(λ2=35.0,K=3) | loss=0.0926
  [Client 13] Round 7 | Hier-pFedMe(λ2=35.0,K=3) | loss=0.9450
  [Client 16] Round 7 | Hier-pFedMe(λ2=35.0,K=3) | loss=0.6491
  [Client 15] Round 7 | Hier-pFedMe(λ2=35.0,K=3) | loss=0.7345
  [Edge 1] G7 | E5 | loss=0.4243
[C0] eval model[0] mean=-0.001833 | θ̃ mean=-0.001833 | edge mean=-0.001695
[C0] n=1000 | classes=[3, 6] | acc=0.5040 | per_class={3: '0.04', 6: '0.99'}
[C1] eval model[0] mean=-0.001388 | θ̃ mean=-0.001388 | edge mean=-0.001695
[C1] n=1000 | classes=[3, 6] | acc=0.6610 | per_class={3: '0.56', 6: '0.77'}
[C2] eval model[0] mean=-0.001663 | θ̃ mean=-0.001663 | edge mean=-0.001695
[C2] n=1000 | classes=[2, 5] | acc=0.5900 | per_class={2: '0.66', 5: '0.52'}
[C3] eval model[0] mean=-0.001820 | θ̃ mean=-0.001820 | edge mean=-0.001695
[C3] n=1000 | classes=[5, 7] | acc=0.5830 | per_class={5: '0.57', 7: '0.59'}
[C4] eval model[0] mean=-0.001756 | θ̃ mean=-0.001756 | edge mean=-0.001695
[C4] n=1000 | classes=[2, 7] | acc=0.6610 | per_class={2: '0.93', 7: '0.38'}
[C5] eval model[0] mean=-0.001534 | θ̃ mean=-0.001534 | edge mean=-0.001695
[C5] n=1000 | classes=[2, 4] | acc=0.5000 | per_class={2: '0.36', 4: '0.64'}
[C6] eval model[0] mean=-0.001490 | θ̃ mean=-0.001490 | edge mean=-0.001695
[C6] n=1000 | classes=[6, 7] | acc=0.6590 | per_class={6: '0.95', 7: '0.37'}
[C7] eval model[0] mean=-0.001932 | θ̃ mean=-0.001932 | edge mean=-0.001695
[C7] n=1000 | classes=[3, 5] | acc=0.4850 | per_class={3: '1.00', 5: '0.00'}
[C8] eval model[0] mean=-0.001791 | θ̃ mean=-0.001791 | edge mean=-0.001695
[C8] n=500 | classes=[4] | acc=1.0000 | per_class={4: '1.00'}
[C9] eval model[0] mean=-0.001748 | θ̃ mean=-0.001748 | edge mean=-0.001695
[C9] n=500 | classes=[4] | acc=1.0000 | per_class={4: '1.00'}
[C10] eval model[0] mean=-0.001563 | θ̃ mean=-0.001563 | edge mean=-0.001561
[C10] n=600 | classes=[8, 9] | acc=0.7900 | per_class={8: '0.83', 9: '0.75'}
[C11] eval model[0] mean=-0.001445 | θ̃ mean=-0.001445 | edge mean=-0.001561
[C11] n=600 | classes=[0, 1] | acc=0.5550 | per_class={0: '0.97', 1: '0.14'}
[C12] eval model[0] mean=-0.001652 | θ̃ mean=-0.001652 | edge mean=-0.001561
[C12] n=600 | classes=[1, 8] | acc=0.6617 | per_class={1: '0.63', 8: '0.70'}
[C13] eval model[0] mean=-0.001362 | θ̃ mean=-0.001362 | edge mean=-0.001561
[C13] n=600 | classes=[0, 8] | acc=0.5533 | per_class={0: '0.90', 8: '0.18'}
[C14] eval model[0] mean=-0.001533 | θ̃ mean=-0.001533 | edge mean=-0.001561
[C14] n=600 | classes=[0, 9] | acc=0.7633 | per_class={0: '0.69', 9: '0.84'}
[C15] eval model[0] mean=-0.001522 | θ̃ mean=-0.001522 | edge mean=-0.001561
[C15] n=600 | classes=[0, 8] | acc=0.5467 | per_class={0: '0.94', 8: '0.14'}
[C16] eval model[0] mean=-0.001585 | θ̃ mean=-0.001585 | edge mean=-0.001561
[C16] n=600 | classes=[1, 8] | acc=0.7600 | per_class={1: '0.89', 8: '0.64'}
[C17] eval model[0] mean=-0.001518 | θ̃ mean=-0.001518 | edge mean=-0.001561
[C17] n=600 | classes=[1, 9] | acc=0.5483 | per_class={1: '0.09', 9: '0.98'}
[C18] eval model[0] mean=-0.001461 | θ̃ mean=-0.001461 | edge mean=-0.001561
[C18] n=600 | classes=[1, 9] | acc=0.6100 | per_class={1: '0.49', 9: '0.74'}
[C19] eval model[0] mean=-0.001589 | θ̃ mean=-0.001589 | edge mean=-0.001561
[C19] n=600 | classes=[0, 9] | acc=0.8000 | per_class={0: '0.74', 9: '0.85'}
  [Cloud] GM=0.2260 | EM=0.3519 PM=0.6397 | loss=2.1355 | time=49.6s | comm=4556.2MB (total=31893MB)

[Round   8] Broadcasting to 2 edges...
  [Edge 0] W_n reset to global weights for new round.
  [Edge 1] W_n reset to global weights for new round.
  [Edge 0] G8 | E1 | Hier-pFedMe | Selected 10/10
  [Client  6] Received edge weights.
  [Client  1] Received edge weights.
  [Client  5] Received edge weights.
  [Client  7] Received edge weights.
  [Client  3] Received edge weights.
  [Client  8] Received edge weights.
  [Client  0] Received edge weights.
  [Client  4] Received edge weights.
  [Client  9] Received edge weights.
  [Client  2] Received edge weights.
  [Client  6] Round 8 | Hier-pFedMe(λ2=35.0,K=3) | loss=0.6399
  [Client  7] Round 8 | Hier-pFedMe(λ2=35.0,K=3) | loss=0.6622
  [Client  1] Round 8 | Hier-pFedMe(λ2=35.0,K=3) | loss=0.2374
  [Client  5] Round 8 | Hier-pFedMe(λ2=35.0,K=3) | loss=1.9768
  [Client  8] Round 8 | Hier-pFedMe(λ2=35.0,K=3) | loss=0.0083
  [Client  3] Round 8 | Hier-pFedMe(λ2=35.0,K=3) | loss=5.3215
  [Client  0] Round 8 | Hier-pFedMe(λ2=35.0,K=3) | loss=0.3416
  [Client  4] Round 8 | Hier-pFedMe(λ2=35.0,K=3) | loss=0.2303
  [Client  9] Round 8 | Hier-pFedMe(λ2=35.0,K=3) | loss=0.0062
  [Client  2] Round 8 | Hier-pFedMe(λ2=35.0,K=3) | loss=0.0624
  [Edge 0] G8 | E1 | loss=1.0532
  [Edge 0] G8 | E2 | Hier-pFedMe | Selected 10/10
  [Client  1] Received edge weights.
  [Client  0] Received edge weights.
  [Client  5] Received edge weights.
  [Client  6] Received edge weights.
  [Client  4] Received edge weights.
  [Client  7] Received edge weights.
  [Client  8] Received edge weights.
  [Client  2] Received edge weights.
  [Client  3] Received edge weights.
  [Client  9] Received edge weights.
  [Client  0] Round 8 | Hier-pFedMe(λ2=35.0,K=3) | loss=0.5996
  [Client  5] Round 8 | Hier-pFedMe(λ2=35.0,K=3) | loss=0.3326
  [Client  1] Round 8 | Hier-pFedMe(λ2=35.0,K=3) | loss=0.0879
  [Client  6] Round 8 | Hier-pFedMe(λ2=35.0,K=3) | loss=0.3254
  [Client  4] Round 8 | Hier-pFedMe(λ2=35.0,K=3) | loss=0.2221
  [Client  7] Round 8 | Hier-pFedMe(λ2=35.0,K=3) | loss=0.4941
  [Client  8] Round 8 | Hier-pFedMe(λ2=35.0,K=3) | loss=0.0051
  [Client  2] Round 8 | Hier-pFedMe(λ2=35.0,K=3) | loss=0.1038
  [Client  3] Round 8 | Hier-pFedMe(λ2=35.0,K=3) | loss=0.5750
  [Client  9] Round 8 | Hier-pFedMe(λ2=35.0,K=3) | loss=0.0103
  [Edge 0] G8 | E2 | loss=0.3054
  [Edge 0] G8 | E3 | Hier-pFedMe | Selected 10/10
  [Client  6] Received edge weights.
  [Client  4] Received edge weights.
  [Client  5] Received edge weights.
  [Client  0] Received edge weights.
  [Client  3] Received edge weights.
  [Client  8] Received edge weights.
  [Client  1] Received edge weights.
  [Client  9] Received edge weights.
  [Client  2] Received edge weights.
  [Client  7] Received edge weights.
  [Client  6] Round 8 | Hier-pFedMe(λ2=35.0,K=3) | loss=1.7458
  [Client  5] Round 8 | Hier-pFedMe(λ2=35.0,K=3) | loss=3.3115
  [Client  4] Round 8 | Hier-pFedMe(λ2=35.0,K=3) | loss=0.1972
  [Client  0] Round 8 | Hier-pFedMe(λ2=35.0,K=3) | loss=0.5273
  [Client  3] Round 8 | Hier-pFedMe(λ2=35.0,K=3) | loss=0.2210
  [Client  8] Round 8 | Hier-pFedMe(λ2=35.0,K=3) | loss=0.0058
  [Client  1] Round 8 | Hier-pFedMe(λ2=35.0,K=3) | loss=0.2959
  [Client  9] Round 8 | Hier-pFedMe(λ2=35.0,K=3) | loss=0.0037
  [Client  2] Round 8 | Hier-pFedMe(λ2=35.0,K=3) | loss=0.1790
  [Client  7] Round 8 | Hier-pFedMe(λ2=35.0,K=3) | loss=0.2132
  [Edge 0] G8 | E3 | loss=0.7440
  [Edge 0] G8 | E4 | Hier-pFedMe | Selected 10/10
  [Client  5] Received edge weights.
  [Client  4] Received edge weights.
  [Client  1] Received edge weights.
  [Client  6] Received edge weights.
  [Client  9] Received edge weights.
  [Client  8] Received edge weights.
  [Client  7] Received edge weights.
  [Client  0] Received edge weights.
  [Client  2] Received edge weights.
  [Client  3] Received edge weights.
  [Client  4] Round 8 | Hier-pFedMe(λ2=35.0,K=3) | loss=0.2847
  [Client  5] Round 8 | Hier-pFedMe(λ2=35.0,K=3) | loss=0.4568
  [Client  1] Round 8 | Hier-pFedMe(λ2=35.0,K=3) | loss=0.1182
  [Client  6] Round 8 | Hier-pFedMe(λ2=35.0,K=3) | loss=0.2396
  [Client  9] Round 8 | Hier-pFedMe(λ2=35.0,K=3) | loss=0.0098
  [Client  7] Round 8 | Hier-pFedMe(λ2=35.0,K=3) | loss=0.1713
  [Client  8] Round 8 | Hier-pFedMe(λ2=35.0,K=3) | loss=0.0084
  [Client  0] Round 8 | Hier-pFedMe(λ2=35.0,K=3) | loss=0.2362
  [Client  2] Round 8 | Hier-pFedMe(λ2=35.0,K=3) | loss=0.1203
  [Client  3] Round 8 | Hier-pFedMe(λ2=35.0,K=3) | loss=0.4902
  [Edge 0] G8 | E4 | loss=0.2363
  [Edge 0] G8 | E5 | Hier-pFedMe | Selected 10/10
  [Client  1] Received edge weights.
  [Client  8] Received edge weights.
  [Client  5] Received edge weights.
  [Client  4] Received edge weights.
  [Client  7] Received edge weights.
  [Client  9] Received edge weights.
  [Client  3] Received edge weights.
  [Client  6] Received edge weights.
  [Client  0] Received edge weights.
  [Client  2] Received edge weights.
  [Client  1] Round 8 | Hier-pFedMe(λ2=35.0,K=3) | loss=0.4288
  [Client  4] Round 8 | Hier-pFedMe(λ2=35.0,K=3) | loss=0.1967
  [Client  5] Round 8 | Hier-pFedMe(λ2=35.0,K=3) | loss=2.0969
  [Client  8] Round 8 | Hier-pFedMe(λ2=35.0,K=3) | loss=0.0045
  [Client  7] Round 8 | Hier-pFedMe(λ2=35.0,K=3) | loss=0.2155
  [Client  9] Round 8 | Hier-pFedMe(λ2=35.0,K=3) | loss=0.0035
  [Client  3] Round 8 | Hier-pFedMe(λ2=35.0,K=3) | loss=0.6459
  [Client  6] Round 8 | Hier-pFedMe(λ2=35.0,K=3) | loss=0.6204
  [Client  0] Round 8 | Hier-pFedMe(λ2=35.0,K=3) | loss=0.1917
  [Client  2] Round 8 | Hier-pFedMe(λ2=35.0,K=3) | loss=0.1172
  [Edge 0] G8 | E5 | loss=0.5019
  [Edge 1] G8 | E1 | Hier-pFedMe | Selected 10/10
  [Client 16] Received edge weights.
  [Client 14] Received edge weights.
  [Client 19] Received edge weights.
  [Client 17] Received edge weights.
  [Client 11] Received edge weights.
  [Client 15] Received edge weights.
  [Client 18] Received edge weights.
  [Client 13] Received edge weights.
  [Client 10] Received edge weights.
  [Client 12] Received edge weights.
  [Client 17] Round 8 | Hier-pFedMe(λ2=35.0,K=3) | loss=0.4787
  [Client 14] Round 8 | Hier-pFedMe(λ2=35.0,K=3) | loss=0.3538
  [Client 16] Round 8 | Hier-pFedMe(λ2=35.0,K=3) | loss=0.1926
  [Client 19] Round 8 | Hier-pFedMe(λ2=35.0,K=3) | loss=0.4617
  [Client 11] Round 8 | Hier-pFedMe(λ2=35.0,K=3) | loss=0.1083
  [Client 15] Round 8 | Hier-pFedMe(λ2=35.0,K=3) | loss=0.4512
  [Client 18] Round 8 | Hier-pFedMe(λ2=35.0,K=3) | loss=0.2608
  [Client 13] Round 8 | Hier-pFedMe(λ2=35.0,K=3) | loss=0.5278
  [Client 10] Round 8 | Hier-pFedMe(λ2=35.0,K=3) | loss=0.0662
  [Client 12] Round 8 | Hier-pFedMe(λ2=35.0,K=3) | loss=0.0947
  [Edge 1] G8 | E1 | loss=0.2996
  [Edge 1] G8 | E2 | Hier-pFedMe | Selected 10/10
  [Client 11] Received edge weights.
  [Client 18] Received edge weights.
  [Client 15] Received edge weights.
  [Client 17] Received edge weights.
  [Client 10] Received edge weights.
  [Client 14] Received edge weights.
  [Client 19] Received edge weights.
  [Client 16] Received edge weights.
  [Client 13] Received edge weights.
  [Client 12] Received edge weights.
  [Client 15] Round 8 | Hier-pFedMe(λ2=35.0,K=3) | loss=0.6438
  [Client 18] Round 8 | Hier-pFedMe(λ2=35.0,K=3) | loss=0.3097
  [Client 11] Round 8 | Hier-pFedMe(λ2=35.0,K=3) | loss=0.1544
  [Client 17] Round 8 | Hier-pFedMe(λ2=35.0,K=3) | loss=0.2235
  [Client 10] Round 8 | Hier-pFedMe(λ2=35.0,K=3) | loss=0.0817
  [Client 14] Round 8 | Hier-pFedMe(λ2=35.0,K=3) | loss=0.0436
  [Client 19] Round 8 | Hier-pFedMe(λ2=35.0,K=3) | loss=0.1003
  [Client 16] Round 8 | Hier-pFedMe(λ2=35.0,K=3) | loss=0.1202
  [Client 12] Round 8 | Hier-pFedMe(λ2=35.0,K=3) | loss=0.3205
  [Client 13] Round 8 | Hier-pFedMe(λ2=35.0,K=3) | loss=0.4711
  [Edge 1] G8 | E2 | loss=0.2469
  [Edge 1] G8 | E3 | Hier-pFedMe | Selected 10/10
  [Client 11] Received edge weights.
  [Client 14] Received edge weights.
  [Client 17] Received edge weights.
  [Client 19] Received edge weights.
  [Client 13] Received edge weights.
  [Client 16] Received edge weights.
  [Client 18] Received edge weights.
  [Client 10] Received edge weights.
  [Client 15] Received edge weights.
  [Client 12] Received edge weights.
  [Client 11] Round 8 | Hier-pFedMe(λ2=35.0,K=3) | loss=0.3662
  [Client 19] Round 8 | Hier-pFedMe(λ2=35.0,K=3) | loss=0.0530
  [Client 14] Round 8 | Hier-pFedMe(λ2=35.0,K=3) | loss=0.1361
  [Client 17] Round 8 | Hier-pFedMe(λ2=35.0,K=3) | loss=1.1117
  [Client 13] Round 8 | Hier-pFedMe(λ2=35.0,K=3) | loss=0.6387
  [Client 16] Round 8 | Hier-pFedMe(λ2=35.0,K=3) | loss=0.1366
  [Client 18] Round 8 | Hier-pFedMe(λ2=35.0,K=3) | loss=0.4524
  [Client 10] Round 8 | Hier-pFedMe(λ2=35.0,K=3) | loss=0.2699
  [Client 15] Round 8 | Hier-pFedMe(λ2=35.0,K=3) | loss=0.4142
  [Client 12] Round 8 | Hier-pFedMe(λ2=35.0,K=3) | loss=0.1568
  [Edge 1] G8 | E3 | loss=0.3735
  [Edge 1] G8 | E4 | Hier-pFedMe | Selected 10/10
  [Client 18] Received edge weights.
  [Client 12] Received edge weights.
  [Client 16] Received edge weights.
  [Client 14] Received edge weights.
  [Client 13] Received edge weights.
  [Client 11] Received edge weights.
  [Client 15] Received edge weights.
  [Client 19] Received edge weights.
  [Client 10] Received edge weights.
  [Client 17] Received edge weights.
  [Client 16] Round 8 | Hier-pFedMe(λ2=35.0,K=3) | loss=0.1836
  [Client 14] Round 8 | Hier-pFedMe(λ2=35.0,K=3) | loss=0.0881
  [Client 18] Round 8 | Hier-pFedMe(λ2=35.0,K=3) | loss=0.4079
  [Client 12] Round 8 | Hier-pFedMe(λ2=35.0,K=3) | loss=0.4758
  [Client 13] Round 8 | Hier-pFedMe(λ2=35.0,K=3) | loss=0.2937
  [Client 11] Round 8 | Hier-pFedMe(λ2=35.0,K=3) | loss=0.1378
  [Client 15] Round 8 | Hier-pFedMe(λ2=35.0,K=3) | loss=0.2410
  [Client 19] Round 8 | Hier-pFedMe(λ2=35.0,K=3) | loss=0.1418
  [Client 10] Round 8 | Hier-pFedMe(λ2=35.0,K=3) | loss=0.0973
  [Client 17] Round 8 | Hier-pFedMe(λ2=35.0,K=3) | loss=0.1911
  [Edge 1] G8 | E4 | loss=0.2258
  [Edge 1] G8 | E5 | Hier-pFedMe | Selected 10/10
  [Client 15] Received edge weights.
  [Client 12] Received edge weights.
  [Client 11] Received edge weights.
  [Client 16] Received edge weights.
  [Client 17] Received edge weights.
  [Client 18] Received edge weights.
  [Client 10] Received edge weights.
  [Client 14] Received edge weights.
  [Client 13] Received edge weights.
  [Client 19] Received edge weights.
  [Client 16] Round 8 | Hier-pFedMe(λ2=35.0,K=3) | loss=0.0757
  [Client 12] Round 8 | Hier-pFedMe(λ2=35.0,K=3) | loss=0.1951
  [Client 15] Round 8 | Hier-pFedMe(λ2=35.0,K=3) | loss=0.2288  [Client 11] Round 8 | Hier-pFedMe(λ2=35.0,K=3) | loss=0.0417

  [Client 17] Round 8 | Hier-pFedMe(λ2=35.0,K=3) | loss=0.2940
  [Client 10] Round 8 | Hier-pFedMe(λ2=35.0,K=3) | loss=0.0562
  [Client 18] Round 8 | Hier-pFedMe(λ2=35.0,K=3) | loss=0.2485
  [Client 14] Round 8 | Hier-pFedMe(λ2=35.0,K=3) | loss=0.1085
  [Client 13] Round 8 | Hier-pFedMe(λ2=35.0,K=3) | loss=0.6345
  [Client 19] Round 8 | Hier-pFedMe(λ2=35.0,K=3) | loss=0.0737
  [Edge 1] G8 | E5 | loss=0.1957
[C0] eval model[0] mean=-0.001830 | θ̃ mean=-0.001830 | edge mean=-0.001576
[C0] n=1000 | classes=[3, 6] | acc=0.6290 | per_class={3: '0.42', 6: '0.85'}
[C1] eval model[0] mean=-0.001602 | θ̃ mean=-0.001602 | edge mean=-0.001576
[C1] n=1000 | classes=[3, 6] | acc=0.4990 | per_class={3: '0.03', 6: '1.00'}
[C2] eval model[0] mean=-0.001441 | θ̃ mean=-0.001441 | edge mean=-0.001576
[C2] n=1000 | classes=[2, 5] | acc=0.6630 | per_class={2: '0.69', 5: '0.63'}
[C3] eval model[0] mean=-0.002018 | θ̃ mean=-0.002018 | edge mean=-0.001576
[C3] n=1000 | classes=[5, 7] | acc=0.4940 | per_class={5: '0.00', 7: '1.00'}
[C4] eval model[0] mean=-0.001259 | θ̃ mean=-0.001259 | edge mean=-0.001576
[C4] n=1000 | classes=[2, 7] | acc=0.6450 | per_class={2: '0.77', 7: '0.52'}
[C5] eval model[0] mean=-0.001796 | θ̃ mean=-0.001796 | edge mean=-0.001576
[C5] n=1000 | classes=[2, 4] | acc=0.5070 | per_class={2: '0.18', 4: '0.85'}
[C6] eval model[0] mean=-0.001820 | θ̃ mean=-0.001820 | edge mean=-0.001576
[C6] n=1000 | classes=[6, 7] | acc=0.6700 | per_class={6: '0.48', 7: '0.85'}
[C7] eval model[0] mean=-0.002062 | θ̃ mean=-0.002062 | edge mean=-0.001576
[C7] n=1000 | classes=[3, 5] | acc=0.5430 | per_class={3: '0.43', 5: '0.65'}
[C8] eval model[0] mean=-0.001656 | θ̃ mean=-0.001656 | edge mean=-0.001576
[C8] n=500 | classes=[4] | acc=1.0000 | per_class={4: '1.00'}
[C9] eval model[0] mean=-0.001640 | θ̃ mean=-0.001640 | edge mean=-0.001576
[C9] n=500 | classes=[4] | acc=1.0000 | per_class={4: '1.00'}
[C10] eval model[0] mean=-0.001627 | θ̃ mean=-0.001627 | edge mean=-0.001748
[C10] n=600 | classes=[8, 9] | acc=0.8067 | per_class={8: '0.76', 9: '0.85'}
[C11] eval model[0] mean=-0.001725 | θ̃ mean=-0.001725 | edge mean=-0.001748
[C11] n=600 | classes=[0, 1] | acc=0.7283 | per_class={0: '0.59', 1: '0.87'}
[C12] eval model[0] mean=-0.001635 | θ̃ mean=-0.001635 | edge mean=-0.001748
[C12] n=600 | classes=[1, 8] | acc=0.7317 | per_class={1: '0.94', 8: '0.52'}
[C13] eval model[0] mean=-0.001972 | θ̃ mean=-0.001972 | edge mean=-0.001748
[C13] n=600 | classes=[0, 8] | acc=0.4867 | per_class={0: '0.02', 8: '0.99'}
[C14] eval model[0] mean=-0.001765 | θ̃ mean=-0.001765 | edge mean=-0.001748
[C14] n=600 | classes=[0, 9] | acc=0.7583 | per_class={0: '0.61', 9: '0.92'}
[C15] eval model[0] mean=-0.001591 | θ̃ mean=-0.001591 | edge mean=-0.001748
[C15] n=600 | classes=[0, 8] | acc=0.5067 | per_class={0: '0.03', 8: '1.00'}
[C16] eval model[0] mean=-0.001619 | θ̃ mean=-0.001619 | edge mean=-0.001748
[C16] n=600 | classes=[1, 8] | acc=0.7783 | per_class={1: '0.77', 8: '0.79'}
[C17] eval model[0] mean=-0.001619 | θ̃ mean=-0.001619 | edge mean=-0.001748
[C17] n=600 | classes=[1, 9] | acc=0.4817 | per_class={1: '0.94', 9: '0.05'}
[C18] eval model[0] mean=-0.001677 | θ̃ mean=-0.001677 | edge mean=-0.001748
[C18] n=600 | classes=[1, 9] | acc=0.5617 | per_class={1: '0.88', 9: '0.21'}
[C19] eval model[0] mean=-0.001777 | θ̃ mean=-0.001777 | edge mean=-0.001748
[C19] n=600 | classes=[0, 9] | acc=0.7700 | per_class={0: '0.83', 9: '0.72'}
  [Cloud] GM=0.2336 | EM=0.3545 PM=0.6411 | loss=2.1135 | time=47.0s | comm=4556.2MB (total=36450MB)

[Round   9] Broadcasting to 2 edges...
  [Edge 0] W_n reset to global weights for new round.
  [Edge 1] W_n reset to global weights for new round.
  [Edge 0] G9 | E1 | Hier-pFedMe | Selected 10/10
  [Client  3] Received edge weights.
  [Client  2] Received edge weights.
  [Client  5] Received edge weights.
  [Client  0] Received edge weights.
  [Client  1] Received edge weights.
  [Client  9] Received edge weights.
  [Client  6] Received edge weights.
  [Client  8] Received edge weights.
  [Client  7] Received edge weights.
  [Client  4] Received edge weights.
  [Client  3] Round 9 | Hier-pFedMe(λ2=35.0,K=3) | loss=0.3533
  [Client  5] Round 9 | Hier-pFedMe(λ2=35.0,K=3) | loss=0.1458
  [Client  2] Round 9 | Hier-pFedMe(λ2=35.0,K=3) | loss=0.5746
  [Client  0] Round 9 | Hier-pFedMe(λ2=35.0,K=3) | loss=0.3007
  [Client  1] Round 9 | Hier-pFedMe(λ2=35.0,K=3) | loss=0.4054
  [Client  9] Round 9 | Hier-pFedMe(λ2=35.0,K=3) | loss=0.0048
  [Client  6] Round 9 | Hier-pFedMe(λ2=35.0,K=3) | loss=0.2294
  [Client  8] Round 9 | Hier-pFedMe(λ2=35.0,K=3) | loss=0.0081
  [Client  7] Round 9 | Hier-pFedMe(λ2=35.0,K=3) | loss=0.3270
  [Client  4] Round 9 | Hier-pFedMe(λ2=35.0,K=3) | loss=0.2472
  [Edge 0] G9 | E1 | loss=0.2878
  [Edge 0] G9 | E2 | Hier-pFedMe | Selected 10/10
  [Client  5] Received edge weights.
  [Client  7] Received edge weights.
  [Client  0] Received edge weights.
  [Client  6] Received edge weights.
  [Client  4] Received edge weights.
  [Client  8] Received edge weights.
  [Client  1] Received edge weights.
  [Client  2] Received edge weights.
  [Client  3] Received edge weights.
  [Client  9] Received edge weights.
  [Client  5] Round 9 | Hier-pFedMe(λ2=35.0,K=3) | loss=1.1975
  [Client  0] Round 9 | Hier-pFedMe(λ2=35.0,K=3) | loss=0.2048
  [Client  7] Round 9 | Hier-pFedMe(λ2=35.0,K=3) | loss=0.5232
  [Client  6] Round 9 | Hier-pFedMe(λ2=35.0,K=3) | loss=2.1361
  [Client  4] Round 9 | Hier-pFedMe(λ2=35.0,K=3) | loss=0.2936
  [Client  8] Round 9 | Hier-pFedMe(λ2=35.0,K=3) | loss=0.0048
  [Client  1] Round 9 | Hier-pFedMe(λ2=35.0,K=3) | loss=0.6984
  [Client  2] Round 9 | Hier-pFedMe(λ2=35.0,K=3) | loss=0.4059
  [Client  3] Round 9 | Hier-pFedMe(λ2=35.0,K=3) | loss=0.7746
  [Client  9] Round 9 | Hier-pFedMe(λ2=35.0,K=3) | loss=0.0052
  [Edge 0] G9 | E2 | loss=0.6933
  [Edge 0] G9 | E3 | Hier-pFedMe | Selected 10/10
  [Client  8] Received edge weights.
  [Client  3] Received edge weights.
  [Client  4] Received edge weights.
  [Client  0] Received edge weights.
  [Client  9] Received edge weights.
  [Client  7] Received edge weights.
  [Client  2] Received edge weights.
  [Client  5] Received edge weights.
  [Client  6] Received edge weights.
  [Client  1] Received edge weights.
  [Client  3] Round 9 | Hier-pFedMe(λ2=35.0,K=3) | loss=0.1733
  [Client  8] Round 9 | Hier-pFedMe(λ2=35.0,K=3) | loss=0.0111
  [Client  4] Round 9 | Hier-pFedMe(λ2=35.0,K=3) | loss=0.4917
  [Client  0] Round 9 | Hier-pFedMe(λ2=35.0,K=3) | loss=0.1978
  [Client  9] Round 9 | Hier-pFedMe(λ2=35.0,K=3) | loss=0.0082
  [Client  7] Round 9 | Hier-pFedMe(λ2=35.0,K=3) | loss=0.5643
  [Client  2] Round 9 | Hier-pFedMe(λ2=35.0,K=3) | loss=0.4024
  [Client  5] Round 9 | Hier-pFedMe(λ2=35.0,K=3) | loss=1.3562
  [Client  6] Round 9 | Hier-pFedMe(λ2=35.0,K=3) | loss=0.2473
  [Client  1] Round 9 | Hier-pFedMe(λ2=35.0,K=3) | loss=0.4832
  [Edge 0] G9 | E3 | loss=0.4362
  [Edge 0] G9 | E4 | Hier-pFedMe | Selected 10/10
  [Client  4] Received edge weights.
  [Client  3] Received edge weights.
  [Client  0] Received edge weights.
  [Client  8] Received edge weights.
  [Client  6] Received edge weights.
  [Client  2] Received edge weights.
  [Client  9] Received edge weights.
  [Client  5] Received edge weights.
  [Client  1] Received edge weights.
  [Client  7] Received edge weights.
  [Client  4] Round 9 | Hier-pFedMe(λ2=35.0,K=3) | loss=0.2989
  [Client  0] Round 9 | Hier-pFedMe(λ2=35.0,K=3) | loss=0.1415  [Client  3] Round 9 | Hier-pFedMe(λ2=35.0,K=3) | loss=0.6684

  [Client  8] Round 9 | Hier-pFedMe(λ2=35.0,K=3) | loss=0.0030
  [Client  2] Round 9 | Hier-pFedMe(λ2=35.0,K=3) | loss=0.1218
  [Client  6] Round 9 | Hier-pFedMe(λ2=35.0,K=3) | loss=1.6220
  [Client  9] Round 9 | Hier-pFedMe(λ2=35.0,K=3) | loss=0.0048
  [Client  5] Round 9 | Hier-pFedMe(λ2=35.0,K=3) | loss=3.7643
  [Client  7] Round 9 | Hier-pFedMe(λ2=35.0,K=3) | loss=0.5046
  [Client  1] Round 9 | Hier-pFedMe(λ2=35.0,K=3) | loss=0.4650
  [Edge 0] G9 | E4 | loss=0.8434
  [Edge 0] G9 | E5 | Hier-pFedMe | Selected 10/10
  [Client  6] Received edge weights.
  [Client  3] Received edge weights.
  [Client  8] Received edge weights.
  [Client  1] Received edge weights.
  [Client  9] Received edge weights.
  [Client  2] Received edge weights.
  [Client  7] Received edge weights.
  [Client  0] Received edge weights.
  [Client  5] Received edge weights.
  [Client  4] Received edge weights.
  [Client  8] Round 9 | Hier-pFedMe(λ2=35.0,K=3) | loss=0.0091
  [Client  3] Round 9 | Hier-pFedMe(λ2=35.0,K=3) | loss=0.4106
  [Client  1] Round 9 | Hier-pFedMe(λ2=35.0,K=3) | loss=0.4838
  [Client  6] Round 9 | Hier-pFedMe(λ2=35.0,K=3) | loss=0.5603
  [Client  9] Round 9 | Hier-pFedMe(λ2=35.0,K=3) | loss=0.0071
  [Client  7] Round 9 | Hier-pFedMe(λ2=35.0,K=3) | loss=1.1794
  [Client  0] Round 9 | Hier-pFedMe(λ2=35.0,K=3) | loss=0.1986
  [Client  2] Round 9 | Hier-pFedMe(λ2=35.0,K=3) | loss=0.1649
  [Client  5] Round 9 | Hier-pFedMe(λ2=35.0,K=3) | loss=0.4349
  [Client  4] Round 9 | Hier-pFedMe(λ2=35.0,K=3) | loss=0.1492
  [Edge 0] G9 | E5 | loss=0.3989
  [Edge 1] G9 | E1 | Hier-pFedMe | Selected 10/10
  [Client 12] Received edge weights.
  [Client 15] Received edge weights.
  [Client 14] Received edge weights.
  [Client 17] Received edge weights.
  [Client 11] Received edge weights.
  [Client 18] Received edge weights.
  [Client 16] Received edge weights.
  [Client 10] Received edge weights.
  [Client 13] Received edge weights.
  [Client 19] Received edge weights.
  [Client 12] Round 9 | Hier-pFedMe(λ2=35.0,K=3) | loss=0.3897
  [Client 15] Round 9 | Hier-pFedMe(λ2=35.0,K=3) | loss=0.1671
  [Client 17] Round 9 | Hier-pFedMe(λ2=35.0,K=3) | loss=0.3338
  [Client 14] Round 9 | Hier-pFedMe(λ2=35.0,K=3) | loss=0.1052
  [Client 11] Round 9 | Hier-pFedMe(λ2=35.0,K=3) | loss=0.0655
  [Client 18] Round 9 | Hier-pFedMe(λ2=35.0,K=3) | loss=0.6148
  [Client 16] Round 9 | Hier-pFedMe(λ2=35.0,K=3) | loss=0.0828
  [Client 10] Round 9 | Hier-pFedMe(λ2=35.0,K=3) | loss=0.0711
  [Client 13] Round 9 | Hier-pFedMe(λ2=35.0,K=3) | loss=0.2104
  [Client 19] Round 9 | Hier-pFedMe(λ2=35.0,K=3) | loss=0.1710
  [Edge 1] G9 | E1 | loss=0.2211
  [Edge 1] G9 | E2 | Hier-pFedMe | Selected 10/10
  [Client 13] Received edge weights.
  [Client 18] Received edge weights.
  [Client 11] Received edge weights.
  [Client 12] Received edge weights.
  [Client 10] Received edge weights.
  [Client 16] Received edge weights.
  [Client 17] Received edge weights.
  [Client 14] Received edge weights.
  [Client 15] Received edge weights.
  [Client 19] Received edge weights.
  [Client 18] Round 9 | Hier-pFedMe(λ2=35.0,K=3) | loss=0.4511
  [Client 11] Round 9 | Hier-pFedMe(λ2=35.0,K=3) | loss=0.0606
  [Client 12] Round 9 | Hier-pFedMe(λ2=35.0,K=3) | loss=0.3920
  [Client 13] Round 9 | Hier-pFedMe(λ2=35.0,K=3) | loss=0.0488
  [Client 16] Round 9 | Hier-pFedMe(λ2=35.0,K=3) | loss=0.3237
  [Client 10] Round 9 | Hier-pFedMe(λ2=35.0,K=3) | loss=0.1375
  [Client 17] Round 9 | Hier-pFedMe(λ2=35.0,K=3) | loss=0.7181
  [Client 14] Round 9 | Hier-pFedMe(λ2=35.0,K=3) | loss=0.1478
  [Client 15] Round 9 | Hier-pFedMe(λ2=35.0,K=3) | loss=0.3565
  [Client 19] Round 9 | Hier-pFedMe(λ2=35.0,K=3) | loss=0.1792
  [Edge 1] G9 | E2 | loss=0.2815
  [Edge 1] G9 | E3 | Hier-pFedMe | Selected 10/10
  [Client 16] Received edge weights.
  [Client 17] Received edge weights.
  [Client 14] Received edge weights.
  [Client 19] Received edge weights.
  [Client 12] Received edge weights.
  [Client 10] Received edge weights.
  [Client 15] Received edge weights.
  [Client 11] Received edge weights.
  [Client 13] Received edge weights.
  [Client 18] Received edge weights.
  [Client 17] Round 9 | Hier-pFedMe(λ2=35.0,K=3) | loss=0.1869
  [Client 19] Round 9 | Hier-pFedMe(λ2=35.0,K=3) | loss=0.2326
  [Client 16] Round 9 | Hier-pFedMe(λ2=35.0,K=3) | loss=0.1298  [Client 14] Round 9 | Hier-pFedMe(λ2=35.0,K=3) | loss=0.1327

  [Client 10] Round 9 | Hier-pFedMe(λ2=35.0,K=3) | loss=0.1900
  [Client 12] Round 9 | Hier-pFedMe(λ2=35.0,K=3) | loss=0.7606
  [Client 15] Round 9 | Hier-pFedMe(λ2=35.0,K=3) | loss=0.6291
  [Client 11] Round 9 | Hier-pFedMe(λ2=35.0,K=3) | loss=0.3500
  [Client 13] Round 9 | Hier-pFedMe(λ2=35.0,K=3) | loss=0.2387
  [Client 18] Round 9 | Hier-pFedMe(λ2=35.0,K=3) | loss=0.7548
  [Edge 1] G9 | E3 | loss=0.3605
  [Edge 1] G9 | E4 | Hier-pFedMe | Selected 10/10
  [Client 18] Received edge weights.
  [Client 10] Received edge weights.
  [Client 15] Received edge weights.
  [Client 14] Received edge weights.
  [Client 19] Received edge weights.
  [Client 11] Received edge weights.
  [Client 17] Received edge weights.
  [Client 12] Received edge weights.
  [Client 16] Received edge weights.
  [Client 13] Received edge weights.
  [Client 18] Round 9 | Hier-pFedMe(λ2=35.0,K=3) | loss=0.5071
  [Client 15] Round 9 | Hier-pFedMe(λ2=35.0,K=3) | loss=0.2070
  [Client 10] Round 9 | Hier-pFedMe(λ2=35.0,K=3) | loss=0.2448
  [Client 14] Round 9 | Hier-pFedMe(λ2=35.0,K=3) | loss=0.0927
  [Client 19] Round 9 | Hier-pFedMe(λ2=35.0,K=3) | loss=0.1126
  [Client 11] Round 9 | Hier-pFedMe(λ2=35.0,K=3) | loss=0.1326
  [Client 17] Round 9 | Hier-pFedMe(λ2=35.0,K=3) | loss=0.3093
  [Client 12] Round 9 | Hier-pFedMe(λ2=35.0,K=3) | loss=0.1996
  [Client 16] Round 9 | Hier-pFedMe(λ2=35.0,K=3) | loss=0.1045
  [Client 13] Round 9 | Hier-pFedMe(λ2=35.0,K=3) | loss=0.3921
  [Edge 1] G9 | E4 | loss=0.2302
  [Edge 1] G9 | E5 | Hier-pFedMe | Selected 10/10
  [Client 12] Received edge weights.
  [Client 10] Received edge weights.
  [Client 11] Received edge weights.
  [Client 16] Received edge weights.
  [Client 15] Received edge weights.
  [Client 14] Received edge weights.
  [Client 13] Received edge weights.
  [Client 18] Received edge weights.
  [Client 17] Received edge weights.
  [Client 19] Received edge weights.
  [Client 11] Round 9 | Hier-pFedMe(λ2=35.0,K=3) | loss=0.2101
  [Client 10] Round 9 | Hier-pFedMe(λ2=35.0,K=3) | loss=0.0650
  [Client 12] Round 9 | Hier-pFedMe(λ2=35.0,K=3) | loss=0.2654
  [Client 16] Round 9 | Hier-pFedMe(λ2=35.0,K=3) | loss=0.3034
  [Client 15] Round 9 | Hier-pFedMe(λ2=35.0,K=3) | loss=1.6920
  [Client 14] Round 9 | Hier-pFedMe(λ2=35.0,K=3) | loss=0.0220
  [Client 13] Round 9 | Hier-pFedMe(λ2=35.0,K=3) | loss=0.6567
  [Client 18] Round 9 | Hier-pFedMe(λ2=35.0,K=3) | loss=0.7131
  [Client 17] Round 9 | Hier-pFedMe(λ2=35.0,K=3) | loss=0.5784
  [Client 19] Round 9 | Hier-pFedMe(λ2=35.0,K=3) | loss=0.2949
  [Edge 1] G9 | E5 | loss=0.4801
[C0] eval model[0] mean=-0.001197 | θ̃ mean=-0.001197 | edge mean=-0.001717
[C0] n=1000 | classes=[3, 6] | acc=0.6460 | per_class={3: '0.64', 6: '0.65'}
[C1] eval model[0] mean=-0.001363 | θ̃ mean=-0.001363 | edge mean=-0.001717
[C1] n=1000 | classes=[3, 6] | acc=0.6730 | per_class={3: '0.73', 6: '0.61'}
[C2] eval model[0] mean=-0.001487 | θ̃ mean=-0.001487 | edge mean=-0.001717
[C2] n=1000 | classes=[2, 5] | acc=0.6280 | per_class={2: '0.72', 5: '0.54'}
[C3] eval model[0] mean=-0.001553 | θ̃ mean=-0.001553 | edge mean=-0.001717
[C3] n=1000 | classes=[5, 7] | acc=0.5150 | per_class={5: '0.99', 7: '0.03'}
[C4] eval model[0] mean=-0.001783 | θ̃ mean=-0.001783 | edge mean=-0.001717
[C4] n=1000 | classes=[2, 7] | acc=0.6940 | per_class={2: '0.63', 7: '0.76'}
[C5] eval model[0] mean=-0.002460 | θ̃ mean=-0.002460 | edge mean=-0.001717
[C5] n=1000 | classes=[2, 4] | acc=0.5560 | per_class={2: '0.91', 4: '0.19'}
[C6] eval model[0] mean=-0.001635 | θ̃ mean=-0.001635 | edge mean=-0.001717
[C6] n=1000 | classes=[6, 7] | acc=0.7200 | per_class={6: '0.50', 7: '0.93'}
[C7] eval model[0] mean=-0.001455 | θ̃ mean=-0.001455 | edge mean=-0.001717
[C7] n=1000 | classes=[3, 5] | acc=0.5150 | per_class={3: '0.00', 5: '1.00'}
[C8] eval model[0] mean=-0.001740 | θ̃ mean=-0.001740 | edge mean=-0.001717
[C8] n=500 | classes=[4] | acc=1.0000 | per_class={4: '1.00'}
[C9] eval model[0] mean=-0.001754 | θ̃ mean=-0.001754 | edge mean=-0.001717
[C9] n=500 | classes=[4] | acc=1.0000 | per_class={4: '1.00'}
[C10] eval model[0] mean=-0.001392 | θ̃ mean=-0.001392 | edge mean=-0.001706
[C10] n=600 | classes=[8, 9] | acc=0.7233 | per_class={8: '0.90', 9: '0.55'}
[C11] eval model[0] mean=-0.001731 | θ̃ mean=-0.001731 | edge mean=-0.001706
[C11] n=600 | classes=[0, 1] | acc=0.7250 | per_class={0: '0.50', 1: '0.95'}
[C12] eval model[0] mean=-0.001705 | θ̃ mean=-0.001705 | edge mean=-0.001706
[C12] n=600 | classes=[1, 8] | acc=0.7633 | per_class={1: '0.78', 8: '0.74'}
[C13] eval model[0] mean=-0.001594 | θ̃ mean=-0.001594 | edge mean=-0.001706
[C13] n=600 | classes=[0, 8] | acc=0.4833 | per_class={0: '0.00', 8: '1.00'}
[C14] eval model[0] mean=-0.001777 | θ̃ mean=-0.001777 | edge mean=-0.001706
[C14] n=600 | classes=[0, 9] | acc=0.7700 | per_class={0: '0.63', 9: '0.92'}
[C15] eval model[0] mean=-0.001828 | θ̃ mean=-0.001828 | edge mean=-0.001706
[C15] n=600 | classes=[0, 8] | acc=0.4950 | per_class={0: '0.01', 8: '1.00'}
[C16] eval model[0] mean=-0.001849 | θ̃ mean=-0.001849 | edge mean=-0.001706
[C16] n=600 | classes=[1, 8] | acc=0.7633 | per_class={1: '0.90', 8: '0.63'}
[C17] eval model[0] mean=-0.001517 | θ̃ mean=-0.001517 | edge mean=-0.001706
[C17] n=600 | classes=[1, 9] | acc=0.6033 | per_class={1: '0.31', 9: '0.88'}
[C18] eval model[0] mean=-0.002073 | θ̃ mean=-0.002073 | edge mean=-0.001706
[C18] n=600 | classes=[1, 9] | acc=0.4783 | per_class={1: '0.00', 9: '1.00'}
[C19] eval model[0] mean=-0.001589 | θ̃ mean=-0.001589 | edge mean=-0.001706
[C19] n=600 | classes=[0, 9] | acc=0.7533 | per_class={0: '0.83', 9: '0.68'}
  [Cloud] GM=0.2409 | EM=0.3711 PM=0.6588 | loss=2.0892 | time=47.8s | comm=4556.2MB (total=41006MB)

[Round  10] Broadcasting to 2 edges...
  [Edge 0] W_n reset to global weights for new round.
  [Edge 1] W_n reset to global weights for new round.
  [Edge 0] G10 | E1 | Hier-pFedMe | Selected 10/10
  [Client  9] Received edge weights.
  [Client  3] Received edge weights.
  [Client  5] Received edge weights.
  [Client  7] Received edge weights.
  [Client  4] Received edge weights.
  [Client  0] Received edge weights.
  [Client  6] Received edge weights.
  [Client  8] Received edge weights.
  [Client  2] Received edge weights.
  [Client  1] Received edge weights.
  [Client  5] Round 10 | Hier-pFedMe(λ2=35.0,K=3) | loss=1.4170
  [Client  9] Round 10 | Hier-pFedMe(λ2=35.0,K=3) | loss=0.0069
  [Client  7] Round 10 | Hier-pFedMe(λ2=35.0,K=3) | loss=0.7437
  [Client  3] Round 10 | Hier-pFedMe(λ2=35.0,K=3) | loss=0.1973
  [Client  4] Round 10 | Hier-pFedMe(λ2=35.0,K=3) | loss=0.1448
  [Client  0] Round 10 | Hier-pFedMe(λ2=35.0,K=3) | loss=0.3216
  [Client  6] Round 10 | Hier-pFedMe(λ2=35.0,K=3) | loss=1.3296
  [Client  8] Round 10 | Hier-pFedMe(λ2=35.0,K=3) | loss=0.0093
  [Client  2] Round 10 | Hier-pFedMe(λ2=35.0,K=3) | loss=0.2199
  [Client  1] Round 10 | Hier-pFedMe(λ2=35.0,K=3) | loss=0.2154
  [Edge 0] G10 | E1 | loss=0.5108
  [Edge 0] G10 | E2 | Hier-pFedMe | Selected 10/10
  [Client  4] Received edge weights.
  [Client  7] Received edge weights.
  [Client  6] Received edge weights.
  [Client  5] Received edge weights.
  [Client  0] Received edge weights.
  [Client  8] Received edge weights.
  [Client  1] Received edge weights.
  [Client  2] Received edge weights.
  [Client  3] Received edge weights.
  [Client  9] Received edge weights.
  [Client  6] Round 10 | Hier-pFedMe(λ2=35.0,K=3) | loss=0.4482
  [Client  7] Round 10 | Hier-pFedMe(λ2=35.0,K=3) | loss=0.2441
  [Client  4] Round 10 | Hier-pFedMe(λ2=35.0,K=3) | loss=0.1102
  [Client  5] Round 10 | Hier-pFedMe(λ2=35.0,K=3) | loss=1.6868
  [Client  0] Round 10 | Hier-pFedMe(λ2=35.0,K=3) | loss=0.1505
  [Client  1] Round 10 | Hier-pFedMe(λ2=35.0,K=3) | loss=0.2177
  [Client  8] Round 10 | Hier-pFedMe(λ2=35.0,K=3) | loss=0.0054
  [Client  2] Round 10 | Hier-pFedMe(λ2=35.0,K=3) | loss=0.1575
  [Client  3] Round 10 | Hier-pFedMe(λ2=35.0,K=3) | loss=0.2062
  [Client  9] Round 10 | Hier-pFedMe(λ2=35.0,K=3) | loss=0.0031
  [Edge 0] G10 | E2 | loss=0.3584
  [Edge 0] G10 | E3 | Hier-pFedMe | Selected 10/10
  [Client  2] Received edge weights.
  [Client  8] Received edge weights.
  [Client  1] Received edge weights.
  [Client  3] Received edge weights.
  [Client  7] Received edge weights.
  [Client  4] Received edge weights.
  [Client  0] Received edge weights.
  [Client  9] Received edge weights.
  [Client  5] Received edge weights.
  [Client  6] Received edge weights.
  [Client  3] Round 10 | Hier-pFedMe(λ2=35.0,K=3) | loss=0.1422
  [Client  2] Round 10 | Hier-pFedMe(λ2=35.0,K=3) | loss=0.1076
  [Client  8] Round 10 | Hier-pFedMe(λ2=35.0,K=3) | loss=0.0023
  [Client  1] Round 10 | Hier-pFedMe(λ2=35.0,K=3) | loss=0.1665
  [Client  7] Round 10 | Hier-pFedMe(λ2=35.0,K=3) | loss=0.6449
  [Client  4] Round 10 | Hier-pFedMe(λ2=35.0,K=3) | loss=0.2437
  [Client  0] Round 10 | Hier-pFedMe(λ2=35.0,K=3) | loss=0.2210
  [Client  9] Round 10 | Hier-pFedMe(λ2=35.0,K=3) | loss=0.0040
  [Client  5] Round 10 | Hier-pFedMe(λ2=35.0,K=3) | loss=2.5324
  [Client  6] Round 10 | Hier-pFedMe(λ2=35.0,K=3) | loss=2.4495
  [Edge 0] G10 | E3 | loss=0.7234
  [Edge 0] G10 | E4 | Hier-pFedMe | Selected 10/10
  [Client  4] Received edge weights.
  [Client  1] Received edge weights.
  [Client  0] Received edge weights.
  [Client  6] Received edge weights.
  [Client  5] Received edge weights.
  [Client  9] Received edge weights.
  [Client  3] Received edge weights.
  [Client  2] Received edge weights.
  [Client  8] Received edge weights.
  [Client  7] Received edge weights.
  [Client  0] Round 10 | Hier-pFedMe(λ2=35.0,K=3) | loss=0.2016
  [Client  4] Round 10 | Hier-pFedMe(λ2=35.0,K=3) | loss=0.2004
  [Client  1] Round 10 | Hier-pFedMe(λ2=35.0,K=3) | loss=0.1334
  [Client  6] Round 10 | Hier-pFedMe(λ2=35.0,K=3) | loss=0.2022
  [Client  9] Round 10 | Hier-pFedMe(λ2=35.0,K=3) | loss=0.0082
  [Client  5] Round 10 | Hier-pFedMe(λ2=35.0,K=3) | loss=0.3745
  [Client  3] Round 10 | Hier-pFedMe(λ2=35.0,K=3) | loss=0.3222
  [Client  2] Round 10 | Hier-pFedMe(λ2=35.0,K=3) | loss=0.6838
  [Client  8] Round 10 | Hier-pFedMe(λ2=35.0,K=3) | loss=0.0078
  [Client  7] Round 10 | Hier-pFedMe(λ2=35.0,K=3) | loss=0.2981
  [Edge 0] G10 | E4 | loss=0.2694
  [Edge 0] G10 | E5 | Hier-pFedMe | Selected 10/10
  [Client  2] Received edge weights.
  [Client  6] Received edge weights.
  [Client  0] Received edge weights.
  [Client  4] Received edge weights.
  [Client  5] Received edge weights.
  [Client  8] Received edge weights.
  [Client  7] Received edge weights.
  [Client  3] Received edge weights.
  [Client  9] Received edge weights.
  [Client  1] Received edge weights.
  [Client  4] Round 10 | Hier-pFedMe(λ2=35.0,K=3) | loss=0.1134
  [Client  6] Round 10 | Hier-pFedMe(λ2=35.0,K=3) | loss=0.1678  [Client  2] Round 10 | Hier-pFedMe(λ2=35.0,K=3) | loss=0.2884

  [Client  0] Round 10 | Hier-pFedMe(λ2=35.0,K=3) | loss=0.1847
  [Client  5] Round 10 | Hier-pFedMe(λ2=35.0,K=3) | loss=0.4169
  [Client  8] Round 10 | Hier-pFedMe(λ2=35.0,K=3) | loss=0.0028  [Client  3] Round 10 | Hier-pFedMe(λ2=35.0,K=3) | loss=0.4697

  [Client  7] Round 10 | Hier-pFedMe(λ2=35.0,K=3) | loss=0.4884
  [Client  9] Round 10 | Hier-pFedMe(λ2=35.0,K=3) | loss=0.0039
  [Client  1] Round 10 | Hier-pFedMe(λ2=35.0,K=3) | loss=0.2241
  [Edge 0] G10 | E5 | loss=0.2619
  [Edge 1] G10 | E1 | Hier-pFedMe | Selected 10/10
  [Client 11] Received edge weights.
  [Client 18] Received edge weights.
  [Client 19] Received edge weights.
  [Client 16] Received edge weights.
  [Client 13] Received edge weights.
  [Client 14] Received edge weights.
  [Client 17] Received edge weights.
  [Client 10] Received edge weights.
  [Client 12] Received edge weights.
  [Client 15] Received edge weights.
  [Client 16] Round 10 | Hier-pFedMe(λ2=35.0,K=3) | loss=0.0971
  [Client 11] Round 10 | Hier-pFedMe(λ2=35.0,K=3) | loss=0.0587
  [Client 19] Round 10 | Hier-pFedMe(λ2=35.0,K=3) | loss=0.2403  [Client 18] Round 10 | Hier-pFedMe(λ2=35.0,K=3) | loss=0.4164

  [Client 13] Round 10 | Hier-pFedMe(λ2=35.0,K=3) | loss=1.1559
  [Client 14] Round 10 | Hier-pFedMe(λ2=35.0,K=3) | loss=0.1442
  [Client 17] Round 10 | Hier-pFedMe(λ2=35.0,K=3) | loss=0.3818
  [Client 10] Round 10 | Hier-pFedMe(λ2=35.0,K=3) | loss=0.1082
  [Client 12] Round 10 | Hier-pFedMe(λ2=35.0,K=3) | loss=0.2148
  [Client 15] Round 10 | Hier-pFedMe(λ2=35.0,K=3) | loss=0.4309
  [Edge 1] G10 | E1 | loss=0.3248
  [Edge 1] G10 | E2 | Hier-pFedMe | Selected 10/10
  [Client 18] Received edge weights.
  [Client 10] Received edge weights.
  [Client 14] Received edge weights.
  [Client 16] Received edge weights.
  [Client 13] Received edge weights.
  [Client 19] Received edge weights.
  [Client 12] Received edge weights.
  [Client 17] Received edge weights.
  [Client 15] Received edge weights.
  [Client 11] Received edge weights.
  [Client 14] Round 10 | Hier-pFedMe(λ2=35.0,K=3) | loss=0.1121
  [Client 10] Round 10 | Hier-pFedMe(λ2=35.0,K=3) | loss=0.0856
  [Client 18] Round 10 | Hier-pFedMe(λ2=35.0,K=3) | loss=0.3527
  [Client 16] Round 10 | Hier-pFedMe(λ2=35.0,K=3) | loss=0.1151
  [Client 13] Round 10 | Hier-pFedMe(λ2=35.0,K=3) | loss=0.8863
  [Client 19] Round 10 | Hier-pFedMe(λ2=35.0,K=3) | loss=0.0769
  [Client 12] Round 10 | Hier-pFedMe(λ2=35.0,K=3) | loss=0.1472
  [Client 17] Round 10 | Hier-pFedMe(λ2=35.0,K=3) | loss=0.8967
  [Client 15] Round 10 | Hier-pFedMe(λ2=35.0,K=3) | loss=0.2158
  [Client 11] Round 10 | Hier-pFedMe(λ2=35.0,K=3) | loss=0.1193
  [Edge 1] G10 | E2 | loss=0.3008
  [Edge 1] G10 | E3 | Hier-pFedMe | Selected 10/10
  [Client 16] Received edge weights.
  [Client 10] Received edge weights.
  [Client 12] Received edge weights.
  [Client 15] Received edge weights.
  [Client 11] Received edge weights.
  [Client 18] Received edge weights.
  [Client 17] Received edge weights.
  [Client 19] Received edge weights.
  [Client 13] Received edge weights.
  [Client 14] Received edge weights.
  [Client 10] Round 10 | Hier-pFedMe(λ2=35.0,K=3) | loss=0.1847
  [Client 16] Round 10 | Hier-pFedMe(λ2=35.0,K=3) | loss=0.3084
  [Client 15] Round 10 | Hier-pFedMe(λ2=35.0,K=3) | loss=1.2787
  [Client 12] Round 10 | Hier-pFedMe(λ2=35.0,K=3) | loss=0.3021
  [Client 11] Round 10 | Hier-pFedMe(λ2=35.0,K=3) | loss=0.0528
  [Client 18] Round 10 | Hier-pFedMe(λ2=35.0,K=3) | loss=0.2825
  [Client 17] Round 10 | Hier-pFedMe(λ2=35.0,K=3) | loss=0.2755
  [Client 19] Round 10 | Hier-pFedMe(λ2=35.0,K=3) | loss=0.0490
  [Client 13] Round 10 | Hier-pFedMe(λ2=35.0,K=3) | loss=0.5249
  [Client 14] Round 10 | Hier-pFedMe(λ2=35.0,K=3) | loss=0.0394
  [Edge 1] G10 | E3 | loss=0.3298
  [Edge 1] G10 | E4 | Hier-pFedMe | Selected 10/10
  [Client 11] Received edge weights.
  [Client 17] Received edge weights.
  [Client 15] Received edge weights.
  [Client 19] Received edge weights.
  [Client 12] Received edge weights.
  [Client 18] Received edge weights.
  [Client 10] Received edge weights.
  [Client 16] Received edge weights.
  [Client 14] Received edge weights.
  [Client 13] Received edge weights.
  [Client 19] Round 10 | Hier-pFedMe(λ2=35.0,K=3) | loss=0.3253
  [Client 17] Round 10 | Hier-pFedMe(λ2=35.0,K=3) | loss=0.6718
  [Client 15] Round 10 | Hier-pFedMe(λ2=35.0,K=3) | loss=0.1435
  [Client 11] Round 10 | Hier-pFedMe(λ2=35.0,K=3) | loss=0.0558
  [Client 12] Round 10 | Hier-pFedMe(λ2=35.0,K=3) | loss=0.3515
  [Client 18] Round 10 | Hier-pFedMe(λ2=35.0,K=3) | loss=0.7041
  [Client 10] Round 10 | Hier-pFedMe(λ2=35.0,K=3) | loss=0.1935
  [Client 16] Round 10 | Hier-pFedMe(λ2=35.0,K=3) | loss=0.1037
  [Client 14] Round 10 | Hier-pFedMe(λ2=35.0,K=3) | loss=0.2130
  [Client 13] Round 10 | Hier-pFedMe(λ2=35.0,K=3) | loss=0.4158
  [Edge 1] G10 | E4 | loss=0.3178
  [Edge 1] G10 | E5 | Hier-pFedMe | Selected 10/10
  [Client 16] Received edge weights.
  [Client 10] Received edge weights.
  [Client 13] Received edge weights.
  [Client 19] Received edge weights.
  [Client 15] Received edge weights.
  [Client 18] Received edge weights.
  [Client 11] Received edge weights.
  [Client 12] Received edge weights.
  [Client 14] Received edge weights.
  [Client 17] Received edge weights.
  [Client 10] Round 10 | Hier-pFedMe(λ2=35.0,K=3) | loss=0.1993
  [Client 13] Round 10 | Hier-pFedMe(λ2=35.0,K=3) | loss=1.7720
  [Client 19] Round 10 | Hier-pFedMe(λ2=35.0,K=3) | loss=0.1095
  [Client 16] Round 10 | Hier-pFedMe(λ2=35.0,K=3) | loss=0.1889
  [Client 15] Round 10 | Hier-pFedMe(λ2=35.0,K=3) | loss=0.7617
  [Client 18] Round 10 | Hier-pFedMe(λ2=35.0,K=3) | loss=0.2910
  [Client 11] Round 10 | Hier-pFedMe(λ2=35.0,K=3) | loss=0.1099
  [Client 12] Round 10 | Hier-pFedMe(λ2=35.0,K=3) | loss=0.1580
  [Client 14] Round 10 | Hier-pFedMe(λ2=35.0,K=3) | loss=0.0803
  [Client 17] Round 10 | Hier-pFedMe(λ2=35.0,K=3) | loss=0.2256
  [Edge 1] G10 | E5 | loss=0.3896
[C0] eval model[0] mean=-0.002012 | θ̃ mean=-0.002012 | edge mean=-0.001794
[C0] n=1000 | classes=[3, 6] | acc=0.6360 | per_class={3: '0.52', 6: '0.75'}
[C1] eval model[0] mean=-0.001914 | θ̃ mean=-0.001914 | edge mean=-0.001794
[C1] n=1000 | classes=[3, 6] | acc=0.6250 | per_class={3: '0.70', 6: '0.55'}
[C2] eval model[0] mean=-0.001843 | θ̃ mean=-0.001843 | edge mean=-0.001794
[C2] n=1000 | classes=[2, 5] | acc=0.6210 | per_class={2: '0.82', 5: '0.42'}
[C3] eval model[0] mean=-0.001978 | θ̃ mean=-0.001978 | edge mean=-0.001794
[C3] n=1000 | classes=[5, 7] | acc=0.5940 | per_class={5: '0.48', 7: '0.71'}
[C4] eval model[0] mean=-0.001426 | θ̃ mean=-0.001426 | edge mean=-0.001794
[C4] n=1000 | classes=[2, 7] | acc=0.6650 | per_class={2: '0.81', 7: '0.51'}
[C5] eval model[0] mean=-0.001651 | θ̃ mean=-0.001651 | edge mean=-0.001794
[C5] n=1000 | classes=[2, 4] | acc=0.5100 | per_class={2: '1.00', 4: '0.00'}
[C6] eval model[0] mean=-0.001779 | θ̃ mean=-0.001779 | edge mean=-0.001794
[C6] n=1000 | classes=[6, 7] | acc=0.6730 | per_class={6: '0.93', 7: '0.43'}
[C7] eval model[0] mean=-0.001891 | θ̃ mean=-0.001891 | edge mean=-0.001794
[C7] n=1000 | classes=[3, 5] | acc=0.4830 | per_class={3: '0.88', 5: '0.10'}
[C8] eval model[0] mean=-0.001850 | θ̃ mean=-0.001850 | edge mean=-0.001794
[C8] n=500 | classes=[4] | acc=1.0000 | per_class={4: '1.00'}
[C9] eval model[0] mean=-0.002049 | θ̃ mean=-0.002049 | edge mean=-0.001794
[C9] n=500 | classes=[4] | acc=1.0000 | per_class={4: '1.00'}
[C10] eval model[0] mean=-0.001665 | θ̃ mean=-0.001665 | edge mean=-0.001719
[C10] n=600 | classes=[8, 9] | acc=0.7317 | per_class={8: '0.94', 9: '0.54'}
[C11] eval model[0] mean=-0.001586 | θ̃ mean=-0.001586 | edge mean=-0.001719
[C11] n=600 | classes=[0, 1] | acc=0.7367 | per_class={0: '0.77', 1: '0.71'}
[C12] eval model[0] mean=-0.001637 | θ̃ mean=-0.001637 | edge mean=-0.001719
[C12] n=600 | classes=[1, 8] | acc=0.7617 | per_class={1: '0.74', 8: '0.78'}
[C13] eval model[0] mean=-0.001854 | θ̃ mean=-0.001854 | edge mean=-0.001719
[C13] n=600 | classes=[0, 8] | acc=0.5633 | per_class={0: '0.26', 8: '0.89'}
[C14] eval model[0] mean=-0.001584 | θ̃ mean=-0.001584 | edge mean=-0.001719
[C14] n=600 | classes=[0, 9] | acc=0.8000 | per_class={0: '0.72', 9: '0.89'}
[C15] eval model[0] mean=-0.001833 | θ̃ mean=-0.001833 | edge mean=-0.001719
[C15] n=600 | classes=[0, 8] | acc=0.5050 | per_class={0: '0.99', 8: '0.00'}
[C16] eval model[0] mean=-0.001807 | θ̃ mean=-0.001807 | edge mean=-0.001719
[C16] n=600 | classes=[1, 8] | acc=0.7100 | per_class={1: '0.52', 8: '0.89'}
[C17] eval model[0] mean=-0.001369 | θ̃ mean=-0.001369 | edge mean=-0.001719
[C17] n=600 | classes=[1, 9] | acc=0.6083 | per_class={1: '0.87', 9: '0.36'}
[C18] eval model[0] mean=-0.001570 | θ̃ mean=-0.001570 | edge mean=-0.001719
[C18] n=600 | classes=[1, 9] | acc=0.5783 | per_class={1: '0.31', 9: '0.87'}
[C19] eval model[0] mean=-0.001565 | θ̃ mean=-0.001565 | edge mean=-0.001719
[C19] n=600 | classes=[0, 9] | acc=0.7717 | per_class={0: '0.80', 9: '0.74'}
  [Cloud] GM=0.2545 | EM=0.3837 PM=0.6578 | loss=2.0650 | time=47.1s | comm=4556.2MB (total=45562MB)

[Round  11] Broadcasting to 2 edges...
  [Edge 0] W_n reset to global weights for new round.
  [Edge 1] W_n reset to global weights for new round.
  [Edge 0] G11 | E1 | Hier-pFedMe | Selected 10/10
  [Client  3] Received edge weights.
  [Client  7] Received edge weights.
  [Client  8] Received edge weights.
  [Client  4] Received edge weights.
  [Client  6] Received edge weights.
  [Client  9] Received edge weights.
  [Client  2] Received edge weights.
  [Client  1] Received edge weights.
  [Client  5] Received edge weights.
  [Client  0] Received edge weights.
  [Client  3] Round 11 | Hier-pFedMe(λ2=35.0,K=3) | loss=0.2491
  [Client  4] Round 11 | Hier-pFedMe(λ2=35.0,K=3) | loss=0.2003
  [Client  7] Round 11 | Hier-pFedMe(λ2=35.0,K=3) | loss=1.3136
  [Client  8] Round 11 | Hier-pFedMe(λ2=35.0,K=3) | loss=0.0080
  [Client  6] Round 11 | Hier-pFedMe(λ2=35.0,K=3) | loss=0.1165
  [Client  9] Round 11 | Hier-pFedMe(λ2=35.0,K=3) | loss=0.0104
  [Client  2] Round 11 | Hier-pFedMe(λ2=35.0,K=3) | loss=0.2275
  [Client  1] Round 11 | Hier-pFedMe(λ2=35.0,K=3) | loss=0.4129
  [Client  5] Round 11 | Hier-pFedMe(λ2=35.0,K=3) | loss=0.1490
  [Client  0] Round 11 | Hier-pFedMe(λ2=35.0,K=3) | loss=0.2441
  [Edge 0] G11 | E1 | loss=0.3247
  [Edge 0] G11 | E2 | Hier-pFedMe | Selected 10/10
  [Client  8] Received edge weights.
  [Client  9] Received edge weights.
  [Client  2] Received edge weights.
  [Client  0] Received edge weights.
  [Client  1] Received edge weights.
  [Client  7] Received edge weights.
  [Client  3] Received edge weights.
  [Client  4] Received edge weights.
  [Client  5] Received edge weights.
  [Client  6] Received edge weights.
  [Client  8] Round 11 | Hier-pFedMe(λ2=35.0,K=3) | loss=0.0080
  [Client  2] Round 11 | Hier-pFedMe(λ2=35.0,K=3) | loss=0.8024
  [Client  0] Round 11 | Hier-pFedMe(λ2=35.0,K=3) | loss=0.3540
  [Client  9] Round 11 | Hier-pFedMe(λ2=35.0,K=3) | loss=0.0064
  [Client  1] Round 11 | Hier-pFedMe(λ2=35.0,K=3) | loss=0.1090
  [Client  3] Round 11 | Hier-pFedMe(λ2=35.0,K=3) | loss=0.1265
  [Client  7] Round 11 | Hier-pFedMe(λ2=35.0,K=3) | loss=0.7796
  [Client  4] Round 11 | Hier-pFedMe(λ2=35.0,K=3) | loss=0.2296
  [Client  5] Round 11 | Hier-pFedMe(λ2=35.0,K=3) | loss=0.2641
  [Client  6] Round 11 | Hier-pFedMe(λ2=35.0,K=3) | loss=0.4577
  [Edge 0] G11 | E2 | loss=0.3478
  [Edge 0] G11 | E3 | Hier-pFedMe | Selected 10/10
  [Client  7] Received edge weights.
  [Client  5] Received edge weights.
  [Client  6] Received edge weights.
  [Client  2] Received edge weights.
  [Client  9] Received edge weights.
  [Client  8] Received edge weights.
  [Client  1] Received edge weights.
  [Client  0] Received edge weights.
  [Client  4] Received edge weights.
  [Client  3] Received edge weights.
  [Client  6] Round 11 | Hier-pFedMe(λ2=35.0,K=3) | loss=0.2422
  [Client  2] Round 11 | Hier-pFedMe(λ2=35.0,K=3) | loss=0.1831
  [Client  5] Round 11 | Hier-pFedMe(λ2=35.0,K=3) | loss=1.1256  [Client  7] Round 11 | Hier-pFedMe(λ2=35.0,K=3) | loss=1.8584

  [Client  9] Round 11 | Hier-pFedMe(λ2=35.0,K=3) | loss=0.0021
  [Client  8] Round 11 | Hier-pFedMe(λ2=35.0,K=3) | loss=0.0031
  [Client  1] Round 11 | Hier-pFedMe(λ2=35.0,K=3) | loss=0.1792
  [Client  0] Round 11 | Hier-pFedMe(λ2=35.0,K=3) | loss=0.3136
  [Client  4] Round 11 | Hier-pFedMe(λ2=35.0,K=3) | loss=0.0459
  [Client  3] Round 11 | Hier-pFedMe(λ2=35.0,K=3) | loss=0.6815
  [Edge 0] G11 | E3 | loss=0.5147
  [Edge 0] G11 | E4 | Hier-pFedMe | Selected 10/10
  [Client  9] Received edge weights.
  [Client  2] Received edge weights.
  [Client  8] Received edge weights.
  [Client  3] Received edge weights.
  [Client  1] Received edge weights.
  [Client  7] Received edge weights.
  [Client  5] Received edge weights.
  [Client  0] Received edge weights.
  [Client  4] Received edge weights.
  [Client  6] Received edge weights.
  [Client  2] Round 11 | Hier-pFedMe(λ2=35.0,K=3) | loss=0.1556
  [Client  8] Round 11 | Hier-pFedMe(λ2=35.0,K=3) | loss=0.0127
  [Client  3] Round 11 | Hier-pFedMe(λ2=35.0,K=3) | loss=0.3382
  [Client  9] Round 11 | Hier-pFedMe(λ2=35.0,K=3) | loss=0.0081
  [Client  7] Round 11 | Hier-pFedMe(λ2=35.0,K=3) | loss=1.2267
  [Client  1] Round 11 | Hier-pFedMe(λ2=35.0,K=3) | loss=0.0967
  [Client  5] Round 11 | Hier-pFedMe(λ2=35.0,K=3) | loss=0.2199
  [Client  0] Round 11 | Hier-pFedMe(λ2=35.0,K=3) | loss=0.6002
  [Client  4] Round 11 | Hier-pFedMe(λ2=35.0,K=3) | loss=0.3208
  [Client  6] Round 11 | Hier-pFedMe(λ2=35.0,K=3) | loss=1.0543
  [Edge 0] G11 | E4 | loss=0.4470
  [Edge 0] G11 | E5 | Hier-pFedMe | Selected 10/10
  [Client  2] Received edge weights.
  [Client  4] Received edge weights.
  [Client  6] Received edge weights.
  [Client  7] Received edge weights.
  [Client  9] Received edge weights.
  [Client  8] Received edge weights.
  [Client  5] Received edge weights.
  [Client  3] Received edge weights.
  [Client  1] Received edge weights.
  [Client  0] Received edge weights.
  [Client  7] Round 11 | Hier-pFedMe(λ2=35.0,K=3) | loss=0.1272
  [Client  2] Round 11 | Hier-pFedMe(λ2=35.0,K=3) | loss=0.1090
  [Client  4] Round 11 | Hier-pFedMe(λ2=35.0,K=3) | loss=0.1978
  [Client  6] Round 11 | Hier-pFedMe(λ2=35.0,K=3) | loss=0.5165
  [Client  9] Round 11 | Hier-pFedMe(λ2=35.0,K=3) | loss=0.0028
  [Client  8] Round 11 | Hier-pFedMe(λ2=35.0,K=3) | loss=0.0011
  [Client  5] Round 11 | Hier-pFedMe(λ2=35.0,K=3) | loss=0.1996
  [Client  3] Round 11 | Hier-pFedMe(λ2=35.0,K=3) | loss=0.1299
  [Client  1] Round 11 | Hier-pFedMe(λ2=35.0,K=3) | loss=0.1433
  [Client  0] Round 11 | Hier-pFedMe(λ2=35.0,K=3) | loss=0.2703
  [Edge 0] G11 | E5 | loss=0.1884
  [Edge 1] G11 | E1 | Hier-pFedMe | Selected 10/10
  [Client 13] Received edge weights.
  [Client 14] Received edge weights.
  [Client 16] Received edge weights.
  [Client 19] Received edge weights.
  [Client 10] Received edge weights.
  [Client 12] Received edge weights.
  [Client 11] Received edge weights.
  [Client 15] Received edge weights.
  [Client 18] Received edge weights.
  [Client 17] Received edge weights.
  [Client 16] Round 11 | Hier-pFedMe(λ2=35.0,K=3) | loss=0.1025
  [Client 14] Round 11 | Hier-pFedMe(λ2=35.0,K=3) | loss=0.0821
  [Client 13] Round 11 | Hier-pFedMe(λ2=35.0,K=3) | loss=0.7627
  [Client 19] Round 11 | Hier-pFedMe(λ2=35.0,K=3) | loss=1.1507
  [Client 10] Round 11 | Hier-pFedMe(λ2=35.0,K=3) | loss=0.7205
  [Client 12] Round 11 | Hier-pFedMe(λ2=35.0,K=3) | loss=0.0784
  [Client 11] Round 11 | Hier-pFedMe(λ2=35.0,K=3) | loss=0.1472
  [Client 15] Round 11 | Hier-pFedMe(λ2=35.0,K=3) | loss=2.3955
  [Client 18] Round 11 | Hier-pFedMe(λ2=35.0,K=3) | loss=1.2136
  [Client 17] Round 11 | Hier-pFedMe(λ2=35.0,K=3) | loss=0.2304
  [Edge 1] G11 | E1 | loss=0.6884
  [Edge 1] G11 | E2 | Hier-pFedMe | Selected 10/10
  [Client 16] Received edge weights.
  [Client 14] Received edge weights.
  [Client 18] Received edge weights.
  [Client 10] Received edge weights.
  [Client 12] Received edge weights.
  [Client 11] Received edge weights.
  [Client 13] Received edge weights.
  [Client 19] Received edge weights.
  [Client 15] Received edge weights.
  [Client 17] Received edge weights.
  [Client 10] Round 11 | Hier-pFedMe(λ2=35.0,K=3) | loss=0.6018
  [Client 16] Round 11 | Hier-pFedMe(λ2=35.0,K=3) | loss=0.1349
  [Client 14] Round 11 | Hier-pFedMe(λ2=35.0,K=3) | loss=0.0724
  [Client 18] Round 11 | Hier-pFedMe(λ2=35.0,K=3) | loss=0.4602
  [Client 11] Round 11 | Hier-pFedMe(λ2=35.0,K=3) | loss=0.0432
  [Client 12] Round 11 | Hier-pFedMe(λ2=35.0,K=3) | loss=0.2440
  [Client 13] Round 11 | Hier-pFedMe(λ2=35.0,K=3) | loss=1.3692
  [Client 19] Round 11 | Hier-pFedMe(λ2=35.0,K=3) | loss=0.1152
  [Client 15] Round 11 | Hier-pFedMe(λ2=35.0,K=3) | loss=1.5391
  [Client 17] Round 11 | Hier-pFedMe(λ2=35.0,K=3) | loss=0.4697
  [Edge 1] G11 | E2 | loss=0.5050
  [Edge 1] G11 | E3 | Hier-pFedMe | Selected 10/10
  [Client 15] Received edge weights.
  [Client 18] Received edge weights.
  [Client 13] Received edge weights.
  [Client 17] Received edge weights.
  [Client 16] Received edge weights.
  [Client 12] Received edge weights.
  [Client 19] Received edge weights.
  [Client 10] Received edge weights.
  [Client 11] Received edge weights.
  [Client 14] Received edge weights.
  [Client 18] Round 11 | Hier-pFedMe(λ2=35.0,K=3) | loss=0.4183
  [Client 15] Round 11 | Hier-pFedMe(λ2=35.0,K=3) | loss=2.0924
  [Client 17] Round 11 | Hier-pFedMe(λ2=35.0,K=3) | loss=0.2755
  [Client 13] Round 11 | Hier-pFedMe(λ2=35.0,K=3) | loss=1.0268
  [Client 16] Round 11 | Hier-pFedMe(λ2=35.0,K=3) | loss=0.1282
  [Client 12] Round 11 | Hier-pFedMe(λ2=35.0,K=3) | loss=0.2597
  [Client 19] Round 11 | Hier-pFedMe(λ2=35.0,K=3) | loss=0.1143
  [Client 10] Round 11 | Hier-pFedMe(λ2=35.0,K=3) | loss=0.1531
  [Client 11] Round 11 | Hier-pFedMe(λ2=35.0,K=3) | loss=0.0924
  [Client 14] Round 11 | Hier-pFedMe(λ2=35.0,K=3) | loss=0.0476
  [Edge 1] G11 | E3 | loss=0.4608
  [Edge 1] G11 | E4 | Hier-pFedMe | Selected 10/10
  [Client 11] Received edge weights.
  [Client 10] Received edge weights.
  [Client 19] Received edge weights.
  [Client 17] Received edge weights.
  [Client 15] Received edge weights.
  [Client 16] Received edge weights.
  [Client 12] Received edge weights.
  [Client 13] Received edge weights.
  [Client 14] Received edge weights.
  [Client 18] Received edge weights.
  [Client 17] Round 11 | Hier-pFedMe(λ2=35.0,K=3) | loss=0.5079
  [Client 19] Round 11 | Hier-pFedMe(λ2=35.0,K=3) | loss=0.0608
  [Client 11] Round 11 | Hier-pFedMe(λ2=35.0,K=3) | loss=0.0628
  [Client 10] Round 11 | Hier-pFedMe(λ2=35.0,K=3) | loss=0.6832
  [Client 15] Round 11 | Hier-pFedMe(λ2=35.0,K=3) | loss=0.3278
  [Client 16] Round 11 | Hier-pFedMe(λ2=35.0,K=3) | loss=0.0821
  [Client 12] Round 11 | Hier-pFedMe(λ2=35.0,K=3) | loss=0.0499
  [Client 13] Round 11 | Hier-pFedMe(λ2=35.0,K=3) | loss=0.4282
  [Client 14] Round 11 | Hier-pFedMe(λ2=35.0,K=3) | loss=0.0937
  [Client 18] Round 11 | Hier-pFedMe(λ2=35.0,K=3) | loss=1.0746
  [Edge 1] G11 | E4 | loss=0.3371
  [Edge 1] G11 | E5 | Hier-pFedMe | Selected 10/10
  [Client 11] Received edge weights.
  [Client 14] Received edge weights.
  [Client 18] Received edge weights.
  [Client 15] Received edge weights.
  [Client 12] Received edge weights.
  [Client 17] Received edge weights.
  [Client 10] Received edge weights.
  [Client 13] Received edge weights.
  [Client 16] Received edge weights.
  [Client 19] Received edge weights.
  [Client 11] Round 11 | Hier-pFedMe(λ2=35.0,K=3) | loss=0.0920
  [Client 15] Round 11 | Hier-pFedMe(λ2=35.0,K=3) | loss=1.7313
  [Client 14] Round 11 | Hier-pFedMe(λ2=35.0,K=3) | loss=0.0433
  [Client 18] Round 11 | Hier-pFedMe(λ2=35.0,K=3) | loss=0.1216
  [Client 17] Round 11 | Hier-pFedMe(λ2=35.0,K=3) | loss=0.2655
  [Client 12] Round 11 | Hier-pFedMe(λ2=35.0,K=3) | loss=0.2158
  [Client 10] Round 11 | Hier-pFedMe(λ2=35.0,K=3) | loss=0.0471
  [Client 13] Round 11 | Hier-pFedMe(λ2=35.0,K=3) | loss=1.4189
  [Client 16] Round 11 | Hier-pFedMe(λ2=35.0,K=3) | loss=0.0685
  [Client 19] Round 11 | Hier-pFedMe(λ2=35.0,K=3) | loss=0.2069
  [Edge 1] G11 | E5 | loss=0.4211
[C0] eval model[0] mean=-0.001510 | θ̃ mean=-0.001510 | edge mean=-0.001746
[C0] n=1000 | classes=[3, 6] | acc=0.6320 | per_class={3: '0.81', 6: '0.45'}
[C1] eval model[0] mean=-0.001575 | θ̃ mean=-0.001575 | edge mean=-0.001746
[C1] n=1000 | classes=[3, 6] | acc=0.6540 | per_class={3: '0.60', 6: '0.72'}
[C2] eval model[0] mean=-0.001783 | θ̃ mean=-0.001783 | edge mean=-0.001746
[C2] n=1000 | classes=[2, 5] | acc=0.6850 | per_class={2: '0.65', 5: '0.72'}
[C3] eval model[0] mean=-0.001537 | θ̃ mean=-0.001537 | edge mean=-0.001746
[C3] n=1000 | classes=[5, 7] | acc=0.6050 | per_class={5: '0.82', 7: '0.38'}
[C4] eval model[0] mean=-0.001550 | θ̃ mean=-0.001550 | edge mean=-0.001746
[C4] n=1000 | classes=[2, 7] | acc=0.5930 | per_class={2: '0.83', 7: '0.35'}
[C5] eval model[0] mean=-0.001502 | θ̃ mean=-0.001502 | edge mean=-0.001746
[C5] n=1000 | classes=[2, 4] | acc=0.5290 | per_class={2: '0.25', 4: '0.81'}
[C6] eval model[0] mean=-0.001826 | θ̃ mean=-0.001826 | edge mean=-0.001746
[C6] n=1000 | classes=[6, 7] | acc=0.6690 | per_class={6: '0.63', 7: '0.71'}
[C7] eval model[0] mean=-0.002038 | θ̃ mean=-0.002038 | edge mean=-0.001746
[C7] n=1000 | classes=[3, 5] | acc=0.5430 | per_class={3: '0.79', 5: '0.31'}
[C8] eval model[0] mean=-0.001787 | θ̃ mean=-0.001787 | edge mean=-0.001746
[C8] n=500 | classes=[4] | acc=1.0000 | per_class={4: '1.00'}
[C9] eval model[0] mean=-0.001667 | θ̃ mean=-0.001667 | edge mean=-0.001746
[C9] n=500 | classes=[4] | acc=1.0000 | per_class={4: '1.00'}
[C10] eval model[0] mean=-0.001805 | θ̃ mean=-0.001805 | edge mean=-0.001824
[C10] n=600 | classes=[8, 9] | acc=0.7700 | per_class={8: '0.80', 9: '0.74'}
[C11] eval model[0] mean=-0.002029 | θ̃ mean=-0.002029 | edge mean=-0.001824
[C11] n=600 | classes=[0, 1] | acc=0.7433 | per_class={0: '0.67', 1: '0.82'}
[C12] eval model[0] mean=-0.001604 | θ̃ mean=-0.001604 | edge mean=-0.001824
[C12] n=600 | classes=[1, 8] | acc=0.7767 | per_class={1: '0.85', 8: '0.70'}
[C13] eval model[0] mean=-0.001877 | θ̃ mean=-0.001877 | edge mean=-0.001824
[C13] n=600 | classes=[0, 8] | acc=0.5067 | per_class={0: '0.92', 8: '0.06'}
[C14] eval model[0] mean=-0.001722 | θ̃ mean=-0.001722 | edge mean=-0.001824
[C14] n=600 | classes=[0, 9] | acc=0.7800 | per_class={0: '0.65', 9: '0.91'}
[C15] eval model[0] mean=-0.001404 | θ̃ mean=-0.001404 | edge mean=-0.001824
[C15] n=600 | classes=[0, 8] | acc=0.6067 | per_class={0: '0.54', 8: '0.67'}
[C16] eval model[0] mean=-0.001526 | θ̃ mean=-0.001526 | edge mean=-0.001824
[C16] n=600 | classes=[1, 8] | acc=0.7950 | per_class={1: '0.75', 8: '0.84'}
[C17] eval model[0] mean=-0.001897 | θ̃ mean=-0.001897 | edge mean=-0.001824
[C17] n=600 | classes=[1, 9] | acc=0.6033 | per_class={1: '0.48', 9: '0.71'}
[C18] eval model[0] mean=-0.001773 | θ̃ mean=-0.001773 | edge mean=-0.001824
[C18] n=600 | classes=[1, 9] | acc=0.4800 | per_class={1: '0.05', 9: '0.95'}
[C19] eval model[0] mean=-0.002062 | θ̃ mean=-0.002062 | edge mean=-0.001824
[C19] n=600 | classes=[0, 9] | acc=0.7733 | per_class={0: '0.58', 9: '0.95'}
  [Cloud] GM=0.2533 | EM=0.3731 PM=0.6674 | loss=2.0616 | time=48.2s | comm=4556.2MB (total=50118MB)

[Round  12] Broadcasting to 2 edges...
  [Edge 0] W_n reset to global weights for new round.
  [Edge 1] W_n reset to global weights for new round.
  [Edge 0] G12 | E1 | Hier-pFedMe | Selected 10/10
  [Client  5] Received edge weights.
  [Client  8] Received edge weights.
  [Client  9] Received edge weights.
  [Client  0] Received edge weights.
  [Client  7] Received edge weights.
  [Client  1] Received edge weights.
  [Client  4] Received edge weights.
  [Client  6] Received edge weights.
  [Client  2] Received edge weights.
  [Client  3] Received edge weights.
  [Client  5] Round 12 | Hier-pFedMe(λ2=35.0,K=3) | loss=0.3394
  [Client  8] Round 12 | Hier-pFedMe(λ2=35.0,K=3) | loss=0.0057
  [Client  0] Round 12 | Hier-pFedMe(λ2=35.0,K=3) | loss=0.0966
  [Client  9] Round 12 | Hier-pFedMe(λ2=35.0,K=3) | loss=0.0027
  [Client  1] Round 12 | Hier-pFedMe(λ2=35.0,K=3) | loss=0.3735
  [Client  7] Round 12 | Hier-pFedMe(λ2=35.0,K=3) | loss=1.5679
  [Client  6] Round 12 | Hier-pFedMe(λ2=35.0,K=3) | loss=0.6727
  [Client  4] Round 12 | Hier-pFedMe(λ2=35.0,K=3) | loss=0.1342
  [Client  2] Round 12 | Hier-pFedMe(λ2=35.0,K=3) | loss=0.3912
  [Client  3] Round 12 | Hier-pFedMe(λ2=35.0,K=3) | loss=0.0926
  [Edge 0] G12 | E1 | loss=0.4080
  [Edge 0] G12 | E2 | Hier-pFedMe | Selected 10/10
  [Client  9] Received edge weights.
  [Client  0] Received edge weights.
  [Client  4] Received edge weights.
  [Client  8] Received edge weights.
  [Client  7] Received edge weights.
  [Client  2] Received edge weights.
  [Client  1] Received edge weights.
  [Client  5] Received edge weights.
  [Client  6] Received edge weights.
  [Client  3] Received edge weights.
  [Client  4] Round 12 | Hier-pFedMe(λ2=35.0,K=3) | loss=0.1839
  [Client  0] Round 12 | Hier-pFedMe(λ2=35.0,K=3) | loss=0.1300  [Client  9] Round 12 | Hier-pFedMe(λ2=35.0,K=3) | loss=0.0088

  [Client  8] Round 12 | Hier-pFedMe(λ2=35.0,K=3) | loss=0.0043
  [Client  7] Round 12 | Hier-pFedMe(λ2=35.0,K=3) | loss=0.5456
  [Client  2] Round 12 | Hier-pFedMe(λ2=35.0,K=3) | loss=0.0773
  [Client  5] Round 12 | Hier-pFedMe(λ2=35.0,K=3) | loss=0.4607
  [Client  1] Round 12 | Hier-pFedMe(λ2=35.0,K=3) | loss=0.1184
  [Client  6] Round 12 | Hier-pFedMe(λ2=35.0,K=3) | loss=0.9280
  [Client  3] Round 12 | Hier-pFedMe(λ2=35.0,K=3) | loss=0.2274
  [Edge 0] G12 | E2 | loss=0.2975
  [Edge 0] G12 | E3 | Hier-pFedMe | Selected 10/10
  [Client  3] Received edge weights.
  [Client  4] Received edge weights.
  [Client  2] Received edge weights.
  [Client  0] Received edge weights.
  [Client  8] Received edge weights.
  [Client  7] Received edge weights.
  [Client  1] Received edge weights.
  [Client  9] Received edge weights.
  [Client  6] Received edge weights.
  [Client  5] Received edge weights.
  [Client  3] Round 12 | Hier-pFedMe(λ2=35.0,K=3) | loss=0.1994
  [Client  4] Round 12 | Hier-pFedMe(λ2=35.0,K=3) | loss=0.2875
  [Client  0] Round 12 | Hier-pFedMe(λ2=35.0,K=3) | loss=0.0900
  [Client  2] Round 12 | Hier-pFedMe(λ2=35.0,K=3) | loss=0.8097
  [Client  8] Round 12 | Hier-pFedMe(λ2=35.0,K=3) | loss=0.0034
  [Client  7] Round 12 | Hier-pFedMe(λ2=35.0,K=3) | loss=0.1233
  [Client  1] Round 12 | Hier-pFedMe(λ2=35.0,K=3) | loss=0.2337
  [Client  9] Round 12 | Hier-pFedMe(λ2=35.0,K=3) | loss=0.0039
  [Client  6] Round 12 | Hier-pFedMe(λ2=35.0,K=3) | loss=2.1057
  [Client  5] Round 12 | Hier-pFedMe(λ2=35.0,K=3) | loss=0.1755
  [Edge 0] G12 | E3 | loss=0.4476
  [Edge 0] G12 | E4 | Hier-pFedMe | Selected 10/10
  [Client  5] Received edge weights.
  [Client  6] Received edge weights.
  [Client  1] Received edge weights.
  [Client  0] Received edge weights.
  [Client  3] Received edge weights.
  [Client  2] Received edge weights.
  [Client  7] Received edge weights.
  [Client  4] Received edge weights.
  [Client  9] Received edge weights.
  [Client  8] Received edge weights.
  [Client  5] Round 12 | Hier-pFedMe(λ2=35.0,K=3) | loss=0.0677
  [Client  6] Round 12 | Hier-pFedMe(λ2=35.0,K=3) | loss=0.5113
  [Client  1] Round 12 | Hier-pFedMe(λ2=35.0,K=3) | loss=0.0704
  [Client  0] Round 12 | Hier-pFedMe(λ2=35.0,K=3) | loss=0.4168
  [Client  3] Round 12 | Hier-pFedMe(λ2=35.0,K=3) | loss=0.1606
  [Client  2] Round 12 | Hier-pFedMe(λ2=35.0,K=3) | loss=0.3873
  [Client  7] Round 12 | Hier-pFedMe(λ2=35.0,K=3) | loss=1.5158
  [Client  4] Round 12 | Hier-pFedMe(λ2=35.0,K=3) | loss=0.9691
  [Client  9] Round 12 | Hier-pFedMe(λ2=35.0,K=3) | loss=0.0098
  [Client  8] Round 12 | Hier-pFedMe(λ2=35.0,K=3) | loss=0.0036
  [Edge 0] G12 | E4 | loss=0.4562
  [Edge 0] G12 | E5 | Hier-pFedMe | Selected 10/10
  [Client  5] Received edge weights.
  [Client  1] Received edge weights.
  [Client  9] Received edge weights.
  [Client  4] Received edge weights.
  [Client  7] Received edge weights.
  [Client  8] Received edge weights.
  [Client  6] Received edge weights.
  [Client  0] Received edge weights.
  [Client  3] Received edge weights.
  [Client  2] Received edge weights.
  [Client  9] Round 12 | Hier-pFedMe(λ2=35.0,K=3) | loss=0.0021
  [Client  4] Round 12 | Hier-pFedMe(λ2=35.0,K=3) | loss=2.3308
  [Client  5] Round 12 | Hier-pFedMe(λ2=35.0,K=3) | loss=0.2934
  [Client  1] Round 12 | Hier-pFedMe(λ2=35.0,K=3) | loss=0.1943
  [Client  7] Round 12 | Hier-pFedMe(λ2=35.0,K=3) | loss=0.4009
  [Client  6] Round 12 | Hier-pFedMe(λ2=35.0,K=3) | loss=1.5393
  [Client  8] Round 12 | Hier-pFedMe(λ2=35.0,K=3) | loss=0.0061
  [Client  0] Round 12 | Hier-pFedMe(λ2=35.0,K=3) | loss=0.1174
  [Client  3] Round 12 | Hier-pFedMe(λ2=35.0,K=3) | loss=0.1945
  [Client  2] Round 12 | Hier-pFedMe(λ2=35.0,K=3) | loss=0.8982
  [Edge 0] G12 | E5 | loss=0.6637
  [Edge 1] G12 | E1 | Hier-pFedMe | Selected 10/10
  [Client 14] Received edge weights.
  [Client 10] Received edge weights.
  [Client 18] Received edge weights.
  [Client 13] Received edge weights.
  [Client 15] Received edge weights.
  [Client 17] Received edge weights.
  [Client 19] Received edge weights.
  [Client 12] Received edge weights.
  [Client 11] Received edge weights.
  [Client 16] Received edge weights.
  [Client 18] Round 12 | Hier-pFedMe(λ2=35.0,K=3) | loss=0.1608
  [Client 13] Round 12 | Hier-pFedMe(λ2=35.0,K=3) | loss=0.2764  [Client 10] Round 12 | Hier-pFedMe(λ2=35.0,K=3) | loss=0.5869

  [Client 14] Round 12 | Hier-pFedMe(λ2=35.0,K=3) | loss=0.2841
  [Client 15] Round 12 | Hier-pFedMe(λ2=35.0,K=3) | loss=0.1964
  [Client 19] Round 12 | Hier-pFedMe(λ2=35.0,K=3) | loss=0.0757
  [Client 17] Round 12 | Hier-pFedMe(λ2=35.0,K=3) | loss=0.6464
  [Client 12] Round 12 | Hier-pFedMe(λ2=35.0,K=3) | loss=0.0431
  [Client 11] Round 12 | Hier-pFedMe(λ2=35.0,K=3) | loss=0.0615
  [Client 16] Round 12 | Hier-pFedMe(λ2=35.0,K=3) | loss=0.1810
  [Edge 1] G12 | E1 | loss=0.2512
  [Edge 1] G12 | E2 | Hier-pFedMe | Selected 10/10
  [Client 13] Received edge weights.
  [Client 11] Received edge weights.
  [Client 19] Received edge weights.
  [Client 15] Received edge weights.
  [Client 18] Received edge weights.
  [Client 14] Received edge weights.
  [Client 12] Received edge weights.
  [Client 10] Received edge weights.
  [Client 16] Received edge weights.
  [Client 17] Received edge weights.
  [Client 15] Round 12 | Hier-pFedMe(λ2=35.0,K=3) | loss=0.5706
  [Client 13] Round 12 | Hier-pFedMe(λ2=35.0,K=3) | loss=0.8043
  [Client 11] Round 12 | Hier-pFedMe(λ2=35.0,K=3) | loss=0.0653
  [Client 19] Round 12 | Hier-pFedMe(λ2=35.0,K=3) | loss=0.4519
  [Client 18] Round 12 | Hier-pFedMe(λ2=35.0,K=3) | loss=0.7989
  [Client 12] Round 12 | Hier-pFedMe(λ2=35.0,K=3) | loss=0.1639
  [Client 14] Round 12 | Hier-pFedMe(λ2=35.0,K=3) | loss=0.0263
  [Client 10] Round 12 | Hier-pFedMe(λ2=35.0,K=3) | loss=0.3524
  [Client 16] Round 12 | Hier-pFedMe(λ2=35.0,K=3) | loss=0.1614
  [Client 17] Round 12 | Hier-pFedMe(λ2=35.0,K=3) | loss=0.4846
  [Edge 1] G12 | E2 | loss=0.3880
  [Edge 1] G12 | E3 | Hier-pFedMe | Selected 10/10
  [Client 13] Received edge weights.
  [Client 12] Received edge weights.
  [Client 14] Received edge weights.
  [Client 10] Received edge weights.
  [Client 18] Received edge weights.
  [Client 19] Received edge weights.
  [Client 16] Received edge weights.
  [Client 15] Received edge weights.
  [Client 17] Received edge weights.
  [Client 11] Received edge weights.
  [Client 12] Round 12 | Hier-pFedMe(λ2=35.0,K=3) | loss=0.0992
  [Client 13] Round 12 | Hier-pFedMe(λ2=35.0,K=3) | loss=2.1186
  [Client 14] Round 12 | Hier-pFedMe(λ2=35.0,K=3) | loss=0.0372
  [Client 10] Round 12 | Hier-pFedMe(λ2=35.0,K=3) | loss=1.0391
  [Client 18] Round 12 | Hier-pFedMe(λ2=35.0,K=3) | loss=1.3166
  [Client 16] Round 12 | Hier-pFedMe(λ2=35.0,K=3) | loss=0.0735
  [Client 19] Round 12 | Hier-pFedMe(λ2=35.0,K=3) | loss=0.1035
  [Client 15] Round 12 | Hier-pFedMe(λ2=35.0,K=3) | loss=0.2414
  [Client 17] Round 12 | Hier-pFedMe(λ2=35.0,K=3) | loss=1.5746
  [Client 11] Round 12 | Hier-pFedMe(λ2=35.0,K=3) | loss=0.0450
  [Edge 1] G12 | E3 | loss=0.6649
  [Edge 1] G12 | E4 | Hier-pFedMe | Selected 10/10
  [Client 13] Received edge weights.
  [Client 15] Received edge weights.
  [Client 11] Received edge weights.
  [Client 17] Received edge weights.
  [Client 19] Received edge weights.
  [Client 14] Received edge weights.
  [Client 18] Received edge weights.
  [Client 10] Received edge weights.
  [Client 12] Received edge weights.
  [Client 16] Received edge weights.
  [Client 11] Round 12 | Hier-pFedMe(λ2=35.0,K=3) | loss=0.0703
  [Client 15] Round 12 | Hier-pFedMe(λ2=35.0,K=3) | loss=0.3285
  [Client 17] Round 12 | Hier-pFedMe(λ2=35.0,K=3) | loss=0.4119  [Client 13] Round 12 | Hier-pFedMe(λ2=35.0,K=3) | loss=0.1113

  [Client 19] Round 12 | Hier-pFedMe(λ2=35.0,K=3) | loss=0.7386
  [Client 14] Round 12 | Hier-pFedMe(λ2=35.0,K=3) | loss=0.0281
  [Client 18] Round 12 | Hier-pFedMe(λ2=35.0,K=3) | loss=0.9386
  [Client 10] Round 12 | Hier-pFedMe(λ2=35.0,K=3) | loss=1.3366
  [Client 16] Round 12 | Hier-pFedMe(λ2=35.0,K=3) | loss=0.1191
  [Client 12] Round 12 | Hier-pFedMe(λ2=35.0,K=3) | loss=0.1170
  [Edge 1] G12 | E4 | loss=0.4200
  [Edge 1] G12 | E5 | Hier-pFedMe | Selected 10/10
  [Client 16] Received edge weights.
  [Client 18] Received edge weights.
  [Client 13] Received edge weights.
  [Client 15] Received edge weights.
  [Client 17] Received edge weights.
  [Client 11] Received edge weights.
  [Client 10] Received edge weights.
  [Client 19] Received edge weights.
  [Client 12] Received edge weights.
  [Client 14] Received edge weights.
  [Client 15] Round 12 | Hier-pFedMe(λ2=35.0,K=3) | loss=0.0739
  [Client 18] Round 12 | Hier-pFedMe(λ2=35.0,K=3) | loss=1.7635
  [Client 13] Round 12 | Hier-pFedMe(λ2=35.0,K=3) | loss=1.2387
  [Client 16] Round 12 | Hier-pFedMe(λ2=35.0,K=3) | loss=0.4841
  [Client 17] Round 12 | Hier-pFedMe(λ2=35.0,K=3) | loss=0.2630
  [Client 11] Round 12 | Hier-pFedMe(λ2=35.0,K=3) | loss=0.0476
  [Client 10] Round 12 | Hier-pFedMe(λ2=35.0,K=3) | loss=0.6146
  [Client 19] Round 12 | Hier-pFedMe(λ2=35.0,K=3) | loss=0.2703
  [Client 12] Round 12 | Hier-pFedMe(λ2=35.0,K=3) | loss=0.0954
  [Client 14] Round 12 | Hier-pFedMe(λ2=35.0,K=3) | loss=0.5841
  [Edge 1] G12 | E5 | loss=0.5435
[C0] eval model[0] mean=-0.001514 | θ̃ mean=-0.001514 | edge mean=-0.001703
[C0] n=1000 | classes=[3, 6] | acc=0.6290 | per_class={3: '0.42', 6: '0.84'}
[C1] eval model[0] mean=-0.001748 | θ̃ mean=-0.001748 | edge mean=-0.001703
[C1] n=1000 | classes=[3, 6] | acc=0.6710 | per_class={3: '0.52', 6: '0.83'}
[C2] eval model[0] mean=-0.001876 | θ̃ mean=-0.001876 | edge mean=-0.001703
[C2] n=1000 | classes=[2, 5] | acc=0.6350 | per_class={2: '0.56', 5: '0.71'}
[C3] eval model[0] mean=-0.001924 | θ̃ mean=-0.001924 | edge mean=-0.001703
[C3] n=1000 | classes=[5, 7] | acc=0.5460 | per_class={5: '0.97', 7: '0.11'}
[C4] eval model[0] mean=-0.001796 | θ̃ mean=-0.001796 | edge mean=-0.001703
[C4] n=1000 | classes=[2, 7] | acc=0.5070 | per_class={2: '1.00', 7: '0.00'}
[C5] eval model[0] mean=-0.001648 | θ̃ mean=-0.001648 | edge mean=-0.001703
[C5] n=1000 | classes=[2, 4] | acc=0.5230 | per_class={2: '0.22', 4: '0.84'}
[C6] eval model[0] mean=-0.001583 | θ̃ mean=-0.001583 | edge mean=-0.001703
[C6] n=1000 | classes=[6, 7] | acc=0.6330 | per_class={6: '0.94', 7: '0.34'}
[C7] eval model[0] mean=-0.001777 | θ̃ mean=-0.001777 | edge mean=-0.001703
[C7] n=1000 | classes=[3, 5] | acc=0.4840 | per_class={3: '0.99', 5: '0.00'}
[C8] eval model[0] mean=-0.002020 | θ̃ mean=-0.002020 | edge mean=-0.001703
[C8] n=500 | classes=[4] | acc=1.0000 | per_class={4: '1.00'}
[C9] eval model[0] mean=-0.001829 | θ̃ mean=-0.001829 | edge mean=-0.001703
[C9] n=500 | classes=[4] | acc=1.0000 | per_class={4: '1.00'}
[C10] eval model[0] mean=-0.001951 | θ̃ mean=-0.001951 | edge mean=-0.001682
[C10] n=600 | classes=[8, 9] | acc=0.6333 | per_class={8: '0.32', 9: '0.94'}
[C11] eval model[0] mean=-0.001616 | θ̃ mean=-0.001616 | edge mean=-0.001682
[C11] n=600 | classes=[0, 1] | acc=0.7383 | per_class={0: '0.74', 1: '0.74'}
[C12] eval model[0] mean=-0.001504 | θ̃ mean=-0.001504 | edge mean=-0.001682
[C12] n=600 | classes=[1, 8] | acc=0.7717 | per_class={1: '0.70', 8: '0.85'}
[C13] eval model[0] mean=-0.001998 | θ̃ mean=-0.001998 | edge mean=-0.001682
[C13] n=600 | classes=[0, 8] | acc=0.6117 | per_class={0: '0.51', 8: '0.72'}
[C14] eval model[0] mean=-0.001454 | θ̃ mean=-0.001454 | edge mean=-0.001682
[C14] n=600 | classes=[0, 9] | acc=0.8100 | per_class={0: '0.80', 9: '0.82'}
[C15] eval model[0] mean=-0.001771 | θ̃ mean=-0.001771 | edge mean=-0.001682
[C15] n=600 | classes=[0, 8] | acc=0.6350 | per_class={0: '0.31', 8: '0.97'}
[C16] eval model[0] mean=-0.001457 | θ̃ mean=-0.001457 | edge mean=-0.001682
[C16] n=600 | classes=[1, 8] | acc=0.7600 | per_class={1: '0.70', 8: '0.82'}
[C17] eval model[0] mean=-0.001854 | θ̃ mean=-0.001854 | edge mean=-0.001682
[C17] n=600 | classes=[1, 9] | acc=0.5217 | per_class={1: '0.01', 9: '1.00'}
[C18] eval model[0] mean=-0.001886 | θ̃ mean=-0.001886 | edge mean=-0.001682
[C18] n=600 | classes=[1, 9] | acc=0.5383 | per_class={1: '0.35', 9: '0.74'}
[C19] eval model[0] mean=-0.001437 | θ̃ mean=-0.001437 | edge mean=-0.001682
