This job can be monitored from: https://job.c3se.chalmers.se/alvis/6369635
========================================
Job ID      : 6369635
Job Name    : HierFLcifar10
Node        : alvis5-08
Start Time  : Fri Apr 10 07:51:44 CEST 2026
Working Dir : /cephyr/users/ziangg/Alvis/tf-dpfl
========================================
[Setup] Python: /cephyr/users/ziangg/Alvis/TF_DPFL_2026/bin/python
[Setup] TF version: 2.15.1
[Setup] GPU available: [PhysicalDevice(name='/physical_device:GPU:0', device_type='GPU')]
[Config] Override: wandb.enabled = True
[Setup] Random seed: 42
[Setup] Loading CIFAR-10...
[Setup] Building global model...
Model: "wideresnet28_4"
__________________________________________________________________________________________________
 Layer (type)                Output Shape                 Param #   Connected to                  
==================================================================================================
 input_1 (InputLayer)        [(None, 32, 32, 3)]          0         []                            
                                                                                                  
 conv2d (Conv2D)             (None, 32, 32, 16)           432       ['input_1[0][0]']             
                                                                                                  
 group_normalization (Group  (None, 32, 32, 16)           32        ['conv2d[0][0]']              
 Normalization)                                                                                   
                                                                                                  
 re_lu (ReLU)                (None, 32, 32, 16)           0         ['group_normalization[0][0]'] 
                                                                                                  
 conv2d_1 (Conv2D)           (None, 32, 32, 64)           9216      ['re_lu[0][0]']               
                                                                                                  
 dropout (Dropout)           (None, 32, 32, 64)           0         ['conv2d_1[0][0]']            
                                                                                                  
 group_normalization_1 (Gro  (None, 32, 32, 64)           128       ['dropout[0][0]']             
 upNormalization)                                                                                 
                                                                                                  
 re_lu_1 (ReLU)              (None, 32, 32, 64)           0         ['group_normalization_1[0][0]'
                                                                    ]                             
                                                                                                  
 conv2d_2 (Conv2D)           (None, 32, 32, 64)           36864     ['re_lu_1[0][0]']             
                                                                                                  
 conv2d_3 (Conv2D)           (None, 32, 32, 64)           1024      ['conv2d[0][0]']              
                                                                                                  
 tf.__operators__.add (TFOp  (None, 32, 32, 64)           0         ['conv2d_2[0][0]',            
 Lambda)                                                             'conv2d_3[0][0]']            
                                                                                                  
 group_normalization_2 (Gro  (None, 32, 32, 64)           128       ['tf.__operators__.add[0][0]']
 upNormalization)                                                                                 
                                                                                                  
 re_lu_2 (ReLU)              (None, 32, 32, 64)           0         ['group_normalization_2[0][0]'
                                                                    ]                             
                                                                                                  
 conv2d_4 (Conv2D)           (None, 32, 32, 64)           36864     ['re_lu_2[0][0]']             
                                                                                                  
 dropout_1 (Dropout)         (None, 32, 32, 64)           0         ['conv2d_4[0][0]']            
                                                                                                  
 group_normalization_3 (Gro  (None, 32, 32, 64)           128       ['dropout_1[0][0]']           
 upNormalization)                                                                                 
                                                                                                  
 re_lu_3 (ReLU)              (None, 32, 32, 64)           0         ['group_normalization_3[0][0]'
                                                                    ]                             
                                                                                                  
 conv2d_5 (Conv2D)           (None, 32, 32, 64)           36864     ['re_lu_3[0][0]']             
                                                                                                  
 tf.__operators__.add_1 (TF  (None, 32, 32, 64)           0         ['conv2d_5[0][0]',            
 OpLambda)                                                           'tf.__operators__.add[0][0]']
                                                                                                  
 group_normalization_4 (Gro  (None, 32, 32, 64)           128       ['tf.__operators__.add_1[0][0]
 upNormalization)                                                   ']                            
                                                                                                  
 re_lu_4 (ReLU)              (None, 32, 32, 64)           0         ['group_normalization_4[0][0]'
                                                                    ]                             
                                                                                                  
 conv2d_6 (Conv2D)           (None, 16, 16, 128)          73728     ['re_lu_4[0][0]']             
                                                                                                  
 dropout_2 (Dropout)         (None, 16, 16, 128)          0         ['conv2d_6[0][0]']            
                                                                                                  
 group_normalization_5 (Gro  (None, 16, 16, 128)          256       ['dropout_2[0][0]']           
 upNormalization)                                                                                 
                                                                                                  
 re_lu_5 (ReLU)              (None, 16, 16, 128)          0         ['group_normalization_5[0][0]'
                                                                    ]                             
                                                                                                  
 conv2d_7 (Conv2D)           (None, 16, 16, 128)          147456    ['re_lu_5[0][0]']             
                                                                                                  
 conv2d_8 (Conv2D)           (None, 16, 16, 128)          8192      ['tf.__operators__.add_1[0][0]
                                                                    ']                            
                                                                                                  
 tf.__operators__.add_2 (TF  (None, 16, 16, 128)          0         ['conv2d_7[0][0]',            
 OpLambda)                                                           'conv2d_8[0][0]']            
                                                                                                  
 group_normalization_6 (Gro  (None, 16, 16, 128)          256       ['tf.__operators__.add_2[0][0]
 upNormalization)                                                   ']                            
                                                                                                  
 re_lu_6 (ReLU)              (None, 16, 16, 128)          0         ['group_normalization_6[0][0]'
                                                                    ]                             
                                                                                                  
 conv2d_9 (Conv2D)           (None, 16, 16, 128)          147456    ['re_lu_6[0][0]']             
                                                                                                  
 dropout_3 (Dropout)         (None, 16, 16, 128)          0         ['conv2d_9[0][0]']            
                                                                                                  
 group_normalization_7 (Gro  (None, 16, 16, 128)          256       ['dropout_3[0][0]']           
 upNormalization)                                                                                 
                                                                                                  
 re_lu_7 (ReLU)              (None, 16, 16, 128)          0         ['group_normalization_7[0][0]'
                                                                    ]                             
                                                                                                  
 conv2d_10 (Conv2D)          (None, 16, 16, 128)          147456    ['re_lu_7[0][0]']             
                                                                                                  
 tf.__operators__.add_3 (TF  (None, 16, 16, 128)          0         ['conv2d_10[0][0]',           
 OpLambda)                                                           'tf.__operators__.add_2[0][0]
                                                                    ']                            
                                                                                                  
 group_normalization_8 (Gro  (None, 16, 16, 128)          256       ['tf.__operators__.add_3[0][0]
 upNormalization)                                                   ']                            
                                                                                                  
 re_lu_8 (ReLU)              (None, 16, 16, 128)          0         ['group_normalization_8[0][0]'
                                                                    ]                             
                                                                                                  
 conv2d_11 (Conv2D)          (None, 8, 8, 256)            294912    ['re_lu_8[0][0]']             
                                                                                                  
 dropout_4 (Dropout)         (None, 8, 8, 256)            0         ['conv2d_11[0][0]']           
                                                                                                  
 group_normalization_9 (Gro  (None, 8, 8, 256)            512       ['dropout_4[0][0]']           
 upNormalization)                                                                                 
                                                                                                  
 re_lu_9 (ReLU)              (None, 8, 8, 256)            0         ['group_normalization_9[0][0]'
                                                                    ]                             
                                                                                                  
 conv2d_12 (Conv2D)          (None, 8, 8, 256)            589824    ['re_lu_9[0][0]']             
                                                                                                  
 conv2d_13 (Conv2D)          (None, 8, 8, 256)            32768     ['tf.__operators__.add_3[0][0]
                                                                    ']                            
                                                                                                  
 tf.__operators__.add_4 (TF  (None, 8, 8, 256)            0         ['conv2d_12[0][0]',           
 OpLambda)                                                           'conv2d_13[0][0]']           
                                                                                                  
 group_normalization_10 (Gr  (None, 8, 8, 256)            512       ['tf.__operators__.add_4[0][0]
 oupNormalization)                                                  ']                            
                                                                                                  
 re_lu_10 (ReLU)             (None, 8, 8, 256)            0         ['group_normalization_10[0][0]
                                                                    ']                            
                                                                                                  
 conv2d_14 (Conv2D)          (None, 8, 8, 256)            589824    ['re_lu_10[0][0]']            
                                                                                                  
 dropout_5 (Dropout)         (None, 8, 8, 256)            0         ['conv2d_14[0][0]']           
                                                                                                  
 group_normalization_11 (Gr  (None, 8, 8, 256)            512       ['dropout_5[0][0]']           
 oupNormalization)                                                                                
                                                                                                  
 re_lu_11 (ReLU)             (None, 8, 8, 256)            0         ['group_normalization_11[0][0]
                                                                    ']                            
                                                                                                  
 conv2d_15 (Conv2D)          (None, 8, 8, 256)            589824    ['re_lu_11[0][0]']            
                                                                                                  
 tf.__operators__.add_5 (TF  (None, 8, 8, 256)            0         ['conv2d_15[0][0]',           
 OpLambda)                                                           'tf.__operators__.add_4[0][0]
                                                                    ']                            
                                                                                                  
 group_normalization_12 (Gr  (None, 8, 8, 256)            512       ['tf.__operators__.add_5[0][0]
 oupNormalization)                                                  ']                            
                                                                                                  
 re_lu_12 (ReLU)             (None, 8, 8, 256)            0         ['group_normalization_12[0][0]
                                                                    ']                            
                                                                                                  
 global_average_pooling2d (  (None, 256)                  0         ['re_lu_12[0][0]']            
 GlobalAveragePooling2D)                                                                          
                                                                                                  
 dense (Dense)               (None, 10)                   2570      ['global_average_pooling2d[0][
                                                                    0]']                          
                                                                                                  
==================================================================================================
Total params: 2748890 (10.49 MB)
Trainable params: 2748890 (10.49 MB)
Non-trainable params: 0 (0.00 Byte)
__________________________________________________________________________________________________
[Setup] Building clients...

[Non-IID] α=0.5, 100 clients, 10 classes
Client       Samples    Top-3 classes
----------------------------------------------------
client_0     544        cls4:130, cls1:126, cls5:98
client_1     260        cls4:150, cls5:43, cls0:35
client_2     444        cls7:148, cls8:123, cls4:73
client_3     763        cls9:358, cls0:137, cls8:95
client_4     671        cls0:231, cls1:96, cls2:86
client_5     397        cls8:269, cls2:76, cls4:22
client_6     288        cls8:121, cls4:40, cls1:36
client_7     156        cls6:55, cls3:48, cls1:14
client_8     596        cls3:169, cls2:148, cls8:125
client_9     426        cls2:114, cls4:101, cls9:63
client_10    530        cls7:163, cls9:148, cls5:123
client_11    408        cls4:213, cls9:44, cls8:41
client_12    312        cls1:129, cls5:116, cls0:13
client_13    882        cls3:507, cls6:179, cls1:97
client_14    264        cls9:59, cls5:56, cls0:56
client_15    787        cls8:307, cls2:210, cls4:104
client_16    443        cls8:107, cls0:96, cls2:74
client_17    140        cls2:58, cls3:31, cls7:14
client_18    918        cls2:247, cls7:244, cls0:131
client_19    933        cls0:546, cls1:121, cls2:108
client_20    553        cls1:291, cls8:132, cls7:43
client_21    201        cls5:59, cls1:54, cls8:53
client_22    400        cls5:177, cls0:64, cls3:52
client_23    293        cls7:116, cls2:100, cls5:40
client_24    940        cls6:337, cls0:204, cls5:185
client_25    531        cls2:157, cls4:144, cls1:75
client_26    500        cls0:191, cls9:82, cls8:80
client_27    1015       cls4:575, cls3:196, cls9:90
client_28    486        cls6:183, cls1:115, cls4:95
client_29    1261       cls9:292, cls6:274, cls0:267
client_30    376        cls8:136, cls4:69, cls6:67
client_31    519        cls8:364, cls9:126, cls4:8
client_32    457        cls6:141, cls0:136, cls9:64
client_33    785        cls8:234, cls1:219, cls4:96
client_34    615        cls5:217, cls2:176, cls8:114
client_35    427        cls6:221, cls9:82, cls5:51
client_36    584        cls0:263, cls5:185, cls2:42
client_37    766        cls5:221, cls4:144, cls0:143
client_38    105        cls9:43, cls3:24, cls8:16
client_39    261        cls1:72, cls6:56, cls3:35
client_40    379        cls3:110, cls0:72, cls7:63
client_41    413        cls9:110, cls3:66, cls1:56
client_42    384        cls0:152, cls3:87, cls1:39
client_43    431        cls4:152, cls7:72, cls0:61
client_44    534        cls7:311, cls8:108, cls0:34
client_45    356        cls6:165, cls5:83, cls3:47
client_46    363        cls7:125, cls0:90, cls6:44
client_47    680        cls6:246, cls1:194, cls2:75
client_48    710        cls9:276, cls2:243, cls7:70
client_49    441        cls6:168, cls4:106, cls3:62
client_50    916        cls9:196, cls3:181, cls1:146
client_51    142        cls4:70, cls0:43, cls3:15
client_52    247        cls7:114, cls9:31, cls1:30
client_53    434        cls1:177, cls0:94, cls9:84
client_54    657        cls1:193, cls7:165, cls5:87
client_55    486        cls8:190, cls7:77, cls9:72
client_56    472        cls2:150, cls8:121, cls6:68
client_57    488        cls7:150, cls6:147, cls4:124
client_58    331        cls3:93, cls4:78, cls9:71
client_59    355        cls2:124, cls5:77, cls7:75
client_60    466        cls5:174, cls3:130, cls2:68
client_61    346        cls0:180, cls6:91, cls3:30
client_62    704        cls4:337, cls8:93, cls9:76
client_63    454        cls9:122, cls8:114, cls0:96
client_64    166        cls8:63, cls7:44, cls2:33
client_65    214        cls1:81, cls9:75, cls5:31
client_66    598        cls6:204, cls3:92, cls7:84
client_67    843        cls5:270, cls8:206, cls2:171
client_68    243        cls6:158, cls5:28, cls4:27
client_69    791        cls3:195, cls2:177, cls7:156
client_70    139        cls2:37, cls6:30, cls4:20
client_71    323        cls2:109, cls6:99, cls1:50
client_72    904        cls5:368, cls1:156, cls2:96
client_73    528        cls5:159, cls1:89, cls7:77
client_74    457        cls3:175, cls1:168, cls6:47
client_75    297        cls9:93, cls3:59, cls0:51
client_76    423        cls5:128, cls1:80, cls9:58
client_77    390        cls0:128, cls6:128, cls2:97
client_78    740        cls3:321, cls1:266, cls9:68
client_79    627        cls6:159, cls2:130, cls0:86
client_80    295        cls7:99, cls0:60, cls4:50
client_81    357        cls3:169, cls1:79, cls7:54
client_82    309        cls2:137, cls5:59, cls4:49
client_83    919        cls5:244, cls3:208, cls0:183
client_84    480        cls5:148, cls8:119, cls3:81
client_85    849        cls1:262, cls9:260, cls3:191
client_86    209        cls3:75, cls6:50, cls9:32
client_87    318        cls9:188, cls4:44, cls8:29
client_88    873        cls5:324, cls3:191, cls2:83
client_89    333        cls9:99, cls7:79, cls3:49
client_90    489        cls6:135, cls4:130, cls2:52
client_91    243        cls4:102, cls8:42, cls5:41
client_92    347        cls2:163, cls5:74, cls3:53
client_93    178        cls6:80, cls2:44, cls8:22
client_94    613        cls8:170, cls7:162, cls4:123
client_95    417        cls7:346, cls2:22, cls9:12
client_96    500        cls7:138, cls8:128, cls0:90
client_97    567        cls3:208, cls2:139, cls5:76
client_98    493        cls5:122, cls8:118, cls9:104
client_99    1102       cls9:341, cls7:209, cls1:196

[Setup] 100 clients built (noniid, α=0.5)
[Setup] Building edge servers...

[Assignment] Histogram clustering | 100 clients → 2 edges | no DP
  Edge 0: clients [0, 1, 2, 3, 4, 6, 7, 8, 9, 10, 11, 12, 13, 14, 15, 16, 17, 18, 19, 20, 21, 22, 23, 24, 25, 26, 27, 28, 29, 30, 32, 33, 34, 35, 36, 37, 38, 39, 40, 41, 42, 43, 44, 45, 46, 47, 48, 49, 50, 51, 52, 53, 54, 55, 56, 57, 58, 59, 60, 61, 62, 63, 64, 65, 66, 67, 68, 69, 70, 71, 72, 73, 74, 75, 76, 77, 78, 79, 80, 81, 82, 83, 84, 85, 86, 87, 88, 89, 90, 91, 92, 93, 94, 95, 96, 97, 98, 99]
  Edge 1: clients [5, 31]
[EdgeServer 0] 98 clients | 49084 samples
[EdgeServer 1] 2 clients | 916 samples

[Setup] Built 2 edge servers (strategy=histogram)
  Edge 0: 98 clients | 49084 samples
  Edge 1: 2 clients | 916 samples
[CloudServer] 2 edges | model: 10.49 MB

====================================================
 HierFAVG Training Start
====================================================

[Round   1] Broadcasting to 2 edges...
  [Edge 0] G1 | E1 | Selected 68/98
  [Client 12] Round 1 | Per-FedAvg(α=0.01) | loss=1.5266
  [Client 98] Round 1 | Per-FedAvg(α=0.01) | loss=1.8914
  [Client 21] Round 1 | Per-FedAvg(α=0.01) | loss=1.7636
  [Client 63] Round 1 | Per-FedAvg(α=0.01) | loss=1.7918
  [Client 13] Round 1 | Per-FedAvg(α=0.01) | loss=1.3516
  [Client 83] Round 1 | Per-FedAvg(α=0.01) | loss=1.8962
  [Client 49] Round 1 | Per-FedAvg(α=0.01) | loss=1.8261
  [Client 79] Round 1 | Per-FedAvg(α=0.01) | loss=2.0201
  [Client 32] Round 1 | Per-FedAvg(α=0.01) | loss=1.7247
  [Client 48] Round 1 | Per-FedAvg(α=0.01) | loss=1.5771
  [Client 33] Round 1 | Per-FedAvg(α=0.01) | loss=1.8926
  [Client 99] Round 1 | Per-FedAvg(α=0.01) | loss=1.9848
  [Client 76] Round 1 | Per-FedAvg(α=0.01) | loss=2.0330
  [Client 50] Round 1 | Per-FedAvg(α=0.01) | loss=2.0267
  [Client 24] Round 1 | Per-FedAvg(α=0.01) | loss=1.7878
  [Client 89] Round 1 | Per-FedAvg(α=0.01) | loss=2.0156
  [Client 66] Round 1 | Per-FedAvg(α=0.01) | loss=1.9333
  [Client 64] Round 1 | Per-FedAvg(α=0.01) | loss=1.8093
  [Client 85] Round 1 | Per-FedAvg(α=0.01) | loss=1.6751
  [Client 57] Round 1 | Per-FedAvg(α=0.01) | loss=1.6433
  [Client 42] Round 1 | Per-FedAvg(α=0.01) | loss=1.8419
  [Client 27] Round 1 | Per-FedAvg(α=0.01) | loss=1.4317
  [Client  3] Round 1 | Per-FedAvg(α=0.01) | loss=1.6560
  [Client 62] Round 1 | Per-FedAvg(α=0.01) | loss=1.6791
  [Client 56] Round 1 | Per-FedAvg(α=0.01) | loss=1.8715
  [Client 81] Round 1 | Per-FedAvg(α=0.01) | loss=1.6033
  [Client 51] Round 1 | Per-FedAvg(α=0.01) | loss=1.4891
  [Client  7] Round 1 | Per-FedAvg(α=0.01) | loss=1.8379
  [Client 93] Round 1 | Per-FedAvg(α=0.01) | loss=1.6326
  [Client 10] Round 1 | Per-FedAvg(α=0.01) | loss=1.7027
  [Client 29] Round 1 | Per-FedAvg(α=0.01) | loss=1.7389
  [Client 80] Round 1 | Per-FedAvg(α=0.01) | loss=1.9062
  [Client  1] Round 1 | Per-FedAvg(α=0.01) | loss=1.7244
  [Client 23] Round 1 | Per-FedAvg(α=0.01) | loss=1.7578
  [Client 73] Round 1 | Per-FedAvg(α=0.01) | loss=2.3327
  [Client 65] Round 1 | Per-FedAvg(α=0.01) | loss=1.7358
  [Client  8] Round 1 | Per-FedAvg(α=0.01) | loss=1.8050
  [Client 72] Round 1 | Per-FedAvg(α=0.01) | loss=1.8112
  [Client 44] Round 1 | Per-FedAvg(α=0.01) | loss=1.4292
  [Client 60] Round 1 | Per-FedAvg(α=0.01) | loss=1.8148
  [Client 55] Round 1 | Per-FedAvg(α=0.01) | loss=1.8801
  [Client 43] Round 1 | Per-FedAvg(α=0.01) | loss=2.0701
  [Client 91] Round 1 | Per-FedAvg(α=0.01) | loss=1.6801
  [Client 46] Round 1 | Per-FedAvg(α=0.01) | loss=1.9107
  [Client 70] Round 1 | Per-FedAvg(α=0.01) | loss=2.1968
  [Client 16] Round 1 | Per-FedAvg(α=0.01) | loss=1.9720
  [Client 84] Round 1 | Per-FedAvg(α=0.01) | loss=1.9490
  [Client  9] Round 1 | Per-FedAvg(α=0.01) | loss=1.9059
  [Client 14] Round 1 | Per-FedAvg(α=0.01) | loss=2.1932
  [Client 69] Round 1 | Per-FedAvg(α=0.01) | loss=1.9633
  [Client 35] Round 1 | Per-FedAvg(α=0.01) | loss=1.5951
  [Client 67] Round 1 | Per-FedAvg(α=0.01) | loss=1.7191
  [Client 52] Round 1 | Per-FedAvg(α=0.01) | loss=1.8083
  [Client 97] Round 1 | Per-FedAvg(α=0.01) | loss=1.8084
  [Client 25] Round 1 | Per-FedAvg(α=0.01) | loss=1.9772
  [Client  6] Round 1 | Per-FedAvg(α=0.01) | loss=2.0078
  [Client 77] Round 1 | Per-FedAvg(α=0.01) | loss=1.5486
  [Client 36] Round 1 | Per-FedAvg(α=0.01) | loss=1.4753
  [Client 59] Round 1 | Per-FedAvg(α=0.01) | loss=1.8976
  [Client 95] Round 1 | Per-FedAvg(α=0.01) | loss=0.8206
  [Client 15] Round 1 | Per-FedAvg(α=0.01) | loss=1.7573
  [Client 40] Round 1 | Per-FedAvg(α=0.01) | loss=1.9697
  [Client 30] Round 1 | Per-FedAvg(α=0.01) | loss=1.7323
  [Client 90] Round 1 | Per-FedAvg(α=0.01) | loss=1.9366
  [Client  0] Round 1 | Per-FedAvg(α=0.01) | loss=1.8956
  [Client 71] Round 1 | Per-FedAvg(α=0.01) | loss=1.7330
  [Client 53] Round 1 | Per-FedAvg(α=0.01) | loss=1.6972
  [Client 96] Round 1 | Per-FedAvg(α=0.01) | loss=1.9242
  [Edge 0] G1 | E1 | loss=1.7871
  [Edge 0] G1 | E2 | Selected 68/98
  [Client 86] Round 1 | Per-FedAvg(α=0.01) | loss=1.7984
  [Client 96] Round 1 | Per-FedAvg(α=0.01) | loss=1.7156
  [Client 48] Round 1 | Per-FedAvg(α=0.01) | loss=1.4869
  [Client 34] Round 1 | Per-FedAvg(α=0.01) | loss=1.5864
  [Client 70] Round 1 | Per-FedAvg(α=0.01) | loss=2.1409
  [Client 36] Round 1 | Per-FedAvg(α=0.01) | loss=1.3807
  [Client 66] Round 1 | Per-FedAvg(α=0.01) | loss=1.8290
  [Client 79] Round 1 | Per-FedAvg(α=0.01) | loss=1.8349
  [Client 39] Round 1 | Per-FedAvg(α=0.01) | loss=2.6873
  [Client 20] Round 1 | Per-FedAvg(α=0.01) | loss=1.4523
  [Client 87] Round 1 | Per-FedAvg(α=0.01) | loss=1.4850
  [Client 68] Round 1 | Per-FedAvg(α=0.01) | loss=1.2493
  [Client 52] Round 1 | Per-FedAvg(α=0.01) | loss=1.7061
  [Client 65] Round 1 | Per-FedAvg(α=0.01) | loss=1.5232
  [Client 18] Round 1 | Per-FedAvg(α=0.01) | loss=1.7932
  [Client 49] Round 1 | Per-FedAvg(α=0.01) | loss=1.7480
  [Client 97] Round 1 | Per-FedAvg(α=0.01) | loss=1.7464
  [Client 60] Round 1 | Per-FedAvg(α=0.01) | loss=1.6799
  [Client 54] Round 1 | Per-FedAvg(α=0.01) | loss=1.8745
  [Client 13] Round 1 | Per-FedAvg(α=0.01) | loss=1.3000
  [Client 91] Round 1 | Per-FedAvg(α=0.01) | loss=1.6247
  [Client 32] Round 1 | Per-FedAvg(α=0.01) | loss=1.5314
  [Client  8] Round 1 | Per-FedAvg(α=0.01) | loss=1.7506
  [Client 42] Round 1 | Per-FedAvg(α=0.01) | loss=1.6724
  [Client 93] Round 1 | Per-FedAvg(α=0.01) | loss=1.5093
  [Client 40] Round 1 | Per-FedAvg(α=0.01) | loss=1.8196
  [Client 10] Round 1 | Per-FedAvg(α=0.01) | loss=1.7959
  [Client 82] Round 1 | Per-FedAvg(α=0.01) | loss=1.7188
  [Client 77] Round 1 | Per-FedAvg(α=0.01) | loss=1.3196
  [Client 44] Round 1 | Per-FedAvg(α=0.01) | loss=1.2794
  [Client 45] Round 1 | Per-FedAvg(α=0.01) | loss=1.6182
  [Client 61] Round 1 | Per-FedAvg(α=0.01) | loss=1.2283
  [Client 43] Round 1 | Per-FedAvg(α=0.01) | loss=1.9188
  [Client  4] Round 1 | Per-FedAvg(α=0.01) | loss=1.8886
  [Client 71] Round 1 | Per-FedAvg(α=0.01) | loss=1.6205
  [Client 80] Round 1 | Per-FedAvg(α=0.01) | loss=1.6519
  [Client 64] Round 1 | Per-FedAvg(α=0.01) | loss=1.5328
  [Client 16] Round 1 | Per-FedAvg(α=0.01) | loss=1.8213
  [Client 22] Round 1 | Per-FedAvg(α=0.01) | loss=1.7115
  [Client 14] Round 1 | Per-FedAvg(α=0.01) | loss=2.2262
  [Client 84] Round 1 | Per-FedAvg(α=0.01) | loss=1.7889
  [Client 59] Round 1 | Per-FedAvg(α=0.01) | loss=1.8050
  [Client 69] Round 1 | Per-FedAvg(α=0.01) | loss=1.8534
  [Client 62] Round 1 | Per-FedAvg(α=0.01) | loss=1.4912
  [Client 98] Round 1 | Per-FedAvg(α=0.01) | loss=1.7996
  [Client 23] Round 1 | Per-FedAvg(α=0.01) | loss=1.6104
  [Client 76] Round 1 | Per-FedAvg(α=0.01) | loss=1.9817
  [Client  9] Round 1 | Per-FedAvg(α=0.01) | loss=1.8253
  [Client 25] Round 1 | Per-FedAvg(α=0.01) | loss=1.7790
  [Client 58] Round 1 | Per-FedAvg(α=0.01) | loss=1.7391
  [Client  2] Round 1 | Per-FedAvg(α=0.01) | loss=1.6455
  [Client 19] Round 1 | Per-FedAvg(α=0.01) | loss=1.2243
  [Client 83] Round 1 | Per-FedAvg(α=0.01) | loss=1.8635
  [Client 78] Round 1 | Per-FedAvg(α=0.01) | loss=1.4289
  [Client 51] Round 1 | Per-FedAvg(α=0.01) | loss=1.3866
  [Client 57] Round 1 | Per-FedAvg(α=0.01) | loss=1.5410
  [Client 92] Round 1 | Per-FedAvg(α=0.01) | loss=1.6290
  [Client 46] Round 1 | Per-FedAvg(α=0.01) | loss=1.7992
  [Client 24] Round 1 | Per-FedAvg(α=0.01) | loss=1.6451
  [Client 17] Round 1 | Per-FedAvg(α=0.01) | loss=1.8069
  [Client 30] Round 1 | Per-FedAvg(α=0.01) | loss=1.6354
  [Client 33] Round 1 | Per-FedAvg(α=0.01) | loss=1.6561
  [Client 89] Round 1 | Per-FedAvg(α=0.01) | loss=1.8314
  [Client  1] Round 1 | Per-FedAvg(α=0.01) | loss=1.7527
  [Client 15] Round 1 | Per-FedAvg(α=0.01) | loss=1.8064
  [Client 63] Round 1 | Per-FedAvg(α=0.01) | loss=1.6340
  [Client 38] Round 1 | Per-FedAvg(α=0.01) | loss=1.7328
  [Client 75] Round 1 | Per-FedAvg(α=0.01) | loss=1.9004
  [Edge 0] G1 | E2 | loss=1.6733
  [Edge 1] G1 | E1 | Selected 1/2
  [Client  5] Round 1 | Per-FedAvg(α=0.01) | loss=1.1003
  [Edge 1] G1 | E1 | loss=1.1003
  [Edge 1] G1 | E2 | Selected 1/2
  [Client  5] Round 1 | Per-FedAvg(α=0.01) | loss=0.9432
  [Edge 1] G1 | E2 | loss=0.9432
  [Cloud] acc=0.1855 | loss=2.1726 | time=1123.8s | comm=4236.4MB (total=4236MB)

[Round   2] Broadcasting to 2 edges...
  [Edge 0] G2 | E1 | Selected 68/98
  [Client 34] Round 2 | Per-FedAvg(α=0.01) | loss=1.5126
  [Client 37] Round 2 | Per-FedAvg(α=0.01) | loss=1.7629
  [Client 87] Round 2 | Per-FedAvg(α=0.01) | loss=1.3569
  [Client 43] Round 2 | Per-FedAvg(α=0.01) | loss=1.7726
  [Client 17] Round 2 | Per-FedAvg(α=0.01) | loss=1.8039
  [Client 85] Round 2 | Per-FedAvg(α=0.01) | loss=1.5651
  [Client 70] Round 2 | Per-FedAvg(α=0.01) | loss=1.9839
  [Client 62] Round 2 | Per-FedAvg(α=0.01) | loss=1.5026
  [Client  7] Round 2 | Per-FedAvg(α=0.01) | loss=1.5446
  [Client 54] Round 2 | Per-FedAvg(α=0.01) | loss=1.7754
  [Client  0] Round 2 | Per-FedAvg(α=0.01) | loss=1.7554
  [Client 32] Round 2 | Per-FedAvg(α=0.01) | loss=1.4895
  [Client 13] Round 2 | Per-FedAvg(α=0.01) | loss=1.2243
  [Client  2] Round 2 | Per-FedAvg(α=0.01) | loss=1.4776
  [Client 94] Round 2 | Per-FedAvg(α=0.01) | loss=1.6046
  [Client 27] Round 2 | Per-FedAvg(α=0.01) | loss=1.2670
  [Client 44] Round 2 | Per-FedAvg(α=0.01) | loss=1.3481
  [Client 63] Round 2 | Per-FedAvg(α=0.01) | loss=1.5401
  [Client 52] Round 2 | Per-FedAvg(α=0.01) | loss=1.6364
  [Client 23] Round 2 | Per-FedAvg(α=0.01) | loss=1.3960
  [Client 61] Round 2 | Per-FedAvg(α=0.01) | loss=1.3042
  [Client 50] Round 2 | Per-FedAvg(α=0.01) | loss=1.8645
  [Client 65] Round 2 | Per-FedAvg(α=0.01) | loss=1.5015
  [Client 38] Round 2 | Per-FedAvg(α=0.01) | loss=1.5577
  [Client 68] Round 2 | Per-FedAvg(α=0.01) | loss=1.1119
  [Client 18] Round 2 | Per-FedAvg(α=0.01) | loss=1.7299
  [Client 42] Round 2 | Per-FedAvg(α=0.01) | loss=1.6564
  [Client 40] Round 2 | Per-FedAvg(α=0.01) | loss=1.7109
  [Client 58] Round 2 | Per-FedAvg(α=0.01) | loss=1.6096
  [Client 57] Round 2 | Per-FedAvg(α=0.01) | loss=1.4697
  [Client 67] Round 2 | Per-FedAvg(α=0.01) | loss=1.5921
  [Client 97] Round 2 | Per-FedAvg(α=0.01) | loss=1.6546
  [Client 49] Round 2 | Per-FedAvg(α=0.01) | loss=1.6715
  [Client 55] Round 2 | Per-FedAvg(α=0.01) | loss=1.6789
  [Client 25] Round 2 | Per-FedAvg(α=0.01) | loss=1.8528
  [Client 92] Round 2 | Per-FedAvg(α=0.01) | loss=1.6071
  [Client 35] Round 2 | Per-FedAvg(α=0.01) | loss=1.3842
  [Client 82] Round 2 | Per-FedAvg(α=0.01) | loss=1.7683
  [Client 86] Round 2 | Per-FedAvg(α=0.01) | loss=1.8574
  [Client 56] Round 2 | Per-FedAvg(α=0.01) | loss=1.6595
  [Client  8] Round 2 | Per-FedAvg(α=0.01) | loss=1.6855
  [Client 11] Round 2 | Per-FedAvg(α=0.01) | loss=1.4682
  [Client  9] Round 2 | Per-FedAvg(α=0.01) | loss=1.7846
  [Client 74] Round 2 | Per-FedAvg(α=0.01) | loss=1.4532
  [Client 12] Round 2 | Per-FedAvg(α=0.01) | loss=1.5300
  [Client 46] Round 2 | Per-FedAvg(α=0.01) | loss=1.7785
  [Client 16] Round 2 | Per-FedAvg(α=0.01) | loss=1.7043
  [Client 29] Round 2 | Per-FedAvg(α=0.01) | loss=1.5728
  [Client 36] Round 2 | Per-FedAvg(α=0.01) | loss=1.3244
  [Client 76] Round 2 | Per-FedAvg(α=0.01) | loss=1.8723
  [Client  4] Round 2 | Per-FedAvg(α=0.01) | loss=1.7761
  [Client 60] Round 2 | Per-FedAvg(α=0.01) | loss=1.5918
  [Client  1] Round 2 | Per-FedAvg(α=0.01) | loss=2.0615
  [Client 73] Round 2 | Per-FedAvg(α=0.01) | loss=2.0039
  [Client 26] Round 2 | Per-FedAvg(α=0.01) | loss=1.6094
  [Client 72] Round 2 | Per-FedAvg(α=0.01) | loss=1.7056
  [Client  6] Round 2 | Per-FedAvg(α=0.01) | loss=1.7585
  [Client 51] Round 2 | Per-FedAvg(α=0.01) | loss=1.3279
  [Client  3] Round 2 | Per-FedAvg(α=0.01) | loss=1.4968
  [Client 47] Round 2 | Per-FedAvg(α=0.01) | loss=1.6281
  [Client 83] Round 2 | Per-FedAvg(α=0.01) | loss=1.7195
  [Client 78] Round 2 | Per-FedAvg(α=0.01) | loss=1.3577
  [Client 89] Round 2 | Per-FedAvg(α=0.01) | loss=1.7286
  [Client 41] Round 2 | Per-FedAvg(α=0.01) | loss=1.9030
  [Client 30] Round 2 | Per-FedAvg(α=0.01) | loss=1.4825
  [Client 45] Round 2 | Per-FedAvg(α=0.01) | loss=1.4855
  [Client 77] Round 2 | Per-FedAvg(α=0.01) | loss=1.2280
  [Client 39] Round 2 | Per-FedAvg(α=0.01) | loss=2.1940
  [Edge 0] G2 | E1 | loss=1.6056
  [Edge 0] G2 | E2 | Selected 68/98
  [Client 33] Round 2 | Per-FedAvg(α=0.01) | loss=1.7171
  [Client 63] Round 2 | Per-FedAvg(α=0.01) | loss=1.4909
  [Client 96] Round 2 | Per-FedAvg(α=0.01) | loss=1.5963
  [Client 79] Round 2 | Per-FedAvg(α=0.01) | loss=1.7022
  [Client 56] Round 2 | Per-FedAvg(α=0.01) | loss=1.6074
  [Client 42] Round 2 | Per-FedAvg(α=0.01) | loss=1.6045
  [Client 95] Round 2 | Per-FedAvg(α=0.01) | loss=0.8301
  [Client 41] Round 2 | Per-FedAvg(α=0.01) | loss=1.7472
  [Client  2] Round 2 | Per-FedAvg(α=0.01) | loss=1.4792
  [Client 68] Round 2 | Per-FedAvg(α=0.01) | loss=1.0981
  [Client 77] Round 2 | Per-FedAvg(α=0.01) | loss=1.1843
  [Client  1] Round 2 | Per-FedAvg(α=0.01) | loss=1.4102
  [Client 37] Round 2 | Per-FedAvg(α=0.01) | loss=1.6553
  [Client 83] Round 2 | Per-FedAvg(α=0.01) | loss=1.7579
  [Client 71] Round 2 | Per-FedAvg(α=0.01) | loss=1.5331
  [Client 99] Round 2 | Per-FedAvg(α=0.01) | loss=1.7611
  [Client 85] Round 2 | Per-FedAvg(α=0.01) | loss=1.4724
  [Client  0] Round 2 | Per-FedAvg(α=0.01) | loss=1.6852
  [Client 80] Round 2 | Per-FedAvg(α=0.01) | loss=1.5999
  [Client 81] Round 2 | Per-FedAvg(α=0.01) | loss=1.5752
  [Client 49] Round 2 | Per-FedAvg(α=0.01) | loss=1.6107
  [Client 47] Round 2 | Per-FedAvg(α=0.01) | loss=1.4981
  [Client 78] Round 2 | Per-FedAvg(α=0.01) | loss=1.2901
  [Client 69] Round 2 | Per-FedAvg(α=0.01) | loss=1.8890
  [Client  3] Round 2 | Per-FedAvg(α=0.01) | loss=1.4001
  [Client 52] Round 2 | Per-FedAvg(α=0.01) | loss=1.5597
  [Client 18] Round 2 | Per-FedAvg(α=0.01) | loss=1.7034
  [Client 73] Round 2 | Per-FedAvg(α=0.01) | loss=1.9636
  [Client 60] Round 2 | Per-FedAvg(α=0.01) | loss=1.5477
  [Client 30] Round 2 | Per-FedAvg(α=0.01) | loss=1.3294
  [Client  7] Round 2 | Per-FedAvg(α=0.01) | loss=1.4255
  [Client 97] Round 2 | Per-FedAvg(α=0.01) | loss=1.7245
  [Client 45] Round 2 | Per-FedAvg(α=0.01) | loss=1.4738
  [Client 59] Round 2 | Per-FedAvg(α=0.01) | loss=1.7060
  [Client 65] Round 2 | Per-FedAvg(α=0.01) | loss=1.4691
  [Client 87] Round 2 | Per-FedAvg(α=0.01) | loss=1.2263
  [Client 14] Round 2 | Per-FedAvg(α=0.01) | loss=1.8710
  [Client 53] Round 2 | Per-FedAvg(α=0.01) | loss=1.4842
  [Client 93] Round 2 | Per-FedAvg(α=0.01) | loss=1.4804
  [Client 19] Round 2 | Per-FedAvg(α=0.01) | loss=1.1603
  [Client 17] Round 2 | Per-FedAvg(α=0.01) | loss=1.7858
  [Client 75] Round 2 | Per-FedAvg(α=0.01) | loss=1.7422
  [Client 66] Round 2 | Per-FedAvg(α=0.01) | loss=1.6741
  [Client 54] Round 2 | Per-FedAvg(α=0.01) | loss=1.8280
  [Client 61] Round 2 | Per-FedAvg(α=0.01) | loss=1.0889
  [Client 35] Round 2 | Per-FedAvg(α=0.01) | loss=1.2357
  [Client 27] Round 2 | Per-FedAvg(α=0.01) | loss=1.2242
  [Client 89] Round 2 | Per-FedAvg(α=0.01) | loss=1.6826
  [Client 48] Round 2 | Per-FedAvg(α=0.01) | loss=1.4780
  [Client 67] Round 2 | Per-FedAvg(α=0.01) | loss=1.6182
  [Client 32] Round 2 | Per-FedAvg(α=0.01) | loss=1.3532
  [Client 90] Round 2 | Per-FedAvg(α=0.01) | loss=1.7347
  [Client 24] Round 2 | Per-FedAvg(α=0.01) | loss=1.5639
  [Client 82] Round 2 | Per-FedAvg(α=0.01) | loss=1.6343
  [Client 44] Round 2 | Per-FedAvg(α=0.01) | loss=1.1087
  [Client 40] Round 2 | Per-FedAvg(α=0.01) | loss=1.7029
  [Client 23] Round 2 | Per-FedAvg(α=0.01) | loss=1.5233
  [Client 55] Round 2 | Per-FedAvg(α=0.01) | loss=1.5857
  [Client 29] Round 2 | Per-FedAvg(α=0.01) | loss=1.4962
  [Client 72] Round 2 | Per-FedAvg(α=0.01) | loss=1.7063
  [Client 64] Round 2 | Per-FedAvg(α=0.01) | loss=1.3887
  [Client 16] Round 2 | Per-FedAvg(α=0.01) | loss=1.7005
  [Client 74] Round 2 | Per-FedAvg(α=0.01) | loss=1.3840
  [Client 12] Round 2 | Per-FedAvg(α=0.01) | loss=1.5975
  [Client 86] Round 2 | Per-FedAvg(α=0.01) | loss=1.6407
  [Client 92] Round 2 | Per-FedAvg(α=0.01) | loss=1.5242
  [Client 36] Round 2 | Per-FedAvg(α=0.01) | loss=1.2741
  [Client 58] Round 2 | Per-FedAvg(α=0.01) | loss=1.5103
  [Edge 0] G2 | E2 | loss=1.5411
  [Edge 1] G2 | E1 | Selected 1/2
  [Client  5] Round 2 | Per-FedAvg(α=0.01) | loss=0.8601
  [Edge 1] G2 | E1 | loss=0.8601
  [Edge 1] G2 | E2 | Selected 1/2
  [Client 31] Round 2 | Per-FedAvg(α=0.01) | loss=1.2384
  [Edge 1] G2 | E2 | loss=1.2384
  [Cloud] acc=0.2118 | loss=2.0478 | time=905.4s | comm=4236.4MB (total=8473MB)

[Round   3] Broadcasting to 2 edges...
  [Edge 0] G3 | E1 | Selected 68/98
  [Client 53] Round 3 | Per-FedAvg(α=0.01) | loss=1.4442
  [Client 58] Round 3 | Per-FedAvg(α=0.01) | loss=1.6232
  [Client 12] Round 3 | Per-FedAvg(α=0.01) | loss=1.3846
  [Client 64] Round 3 | Per-FedAvg(α=0.01) | loss=1.3183
  [Client 70] Round 3 | Per-FedAvg(α=0.01) | loss=1.9003
  [Client 42] Round 3 | Per-FedAvg(α=0.01) | loss=1.4847
  [Client 72] Round 3 | Per-FedAvg(α=0.01) | loss=1.6163
  [Client 19] Round 3 | Per-FedAvg(α=0.01) | loss=1.0994
  [Client 67] Round 3 | Per-FedAvg(α=0.01) | loss=1.4927
  [Client 44] Round 3 | Per-FedAvg(α=0.01) | loss=1.4847
  [Client 89] Round 3 | Per-FedAvg(α=0.01) | loss=1.6007
  [Client 38] Round 3 | Per-FedAvg(α=0.01) | loss=1.4535
  [Client  4] Round 3 | Per-FedAvg(α=0.01) | loss=1.6900
  [Client  6] Round 3 | Per-FedAvg(α=0.01) | loss=1.5835
  [Client 87] Round 3 | Per-FedAvg(α=0.01) | loss=1.1950
  [Client 75] Round 3 | Per-FedAvg(α=0.01) | loss=1.7312
  [Client 17] Round 3 | Per-FedAvg(α=0.01) | loss=1.7729
  [Client 98] Round 3 | Per-FedAvg(α=0.01) | loss=1.5341
  [Client 62] Round 3 | Per-FedAvg(α=0.01) | loss=1.3740
  [Client 95] Round 3 | Per-FedAvg(α=0.01) | loss=0.8132
  [Client 26] Round 3 | Per-FedAvg(α=0.01) | loss=1.4671
  [Client 91] Round 3 | Per-FedAvg(α=0.01) | loss=1.5101
  [Client 22] Round 3 | Per-FedAvg(α=0.01) | loss=1.5144
  [Client 65] Round 3 | Per-FedAvg(α=0.01) | loss=1.3945
  [Client 71] Round 3 | Per-FedAvg(α=0.01) | loss=1.5068
  [Client 66] Round 3 | Per-FedAvg(α=0.01) | loss=1.6587
  [Client 51] Round 3 | Per-FedAvg(α=0.01) | loss=1.2993
  [Client 28] Round 3 | Per-FedAvg(α=0.01) | loss=1.4787
  [Client 47] Round 3 | Per-FedAvg(α=0.01) | loss=1.4536
  [Client 73] Round 3 | Per-FedAvg(α=0.01) | loss=1.9365
  [Client  3] Round 3 | Per-FedAvg(α=0.01) | loss=1.4362
  [Client  7] Round 3 | Per-FedAvg(α=0.01) | loss=1.4701
  [Client  8] Round 3 | Per-FedAvg(α=0.01) | loss=1.4952
  [Client 54] Round 3 | Per-FedAvg(α=0.01) | loss=1.7126
  [Client 36] Round 3 | Per-FedAvg(α=0.01) | loss=1.2685
  [Client 55] Round 3 | Per-FedAvg(α=0.01) | loss=1.5219
  [Client 33] Round 3 | Per-FedAvg(α=0.01) | loss=1.5599
  [Client 45] Round 3 | Per-FedAvg(α=0.01) | loss=1.4580
  [Client  2] Round 3 | Per-FedAvg(α=0.01) | loss=1.4313
  [Client  1] Round 3 | Per-FedAvg(α=0.01) | loss=1.5792
  [Client 21] Round 3 | Per-FedAvg(α=0.01) | loss=1.4342
  [Client 16] Round 3 | Per-FedAvg(α=0.01) | loss=1.6543
  [Client 88] Round 3 | Per-FedAvg(α=0.01) | loss=1.7323
  [Client 78] Round 3 | Per-FedAvg(α=0.01) | loss=1.3002
  [Client 93] Round 3 | Per-FedAvg(α=0.01) | loss=1.4440
  [Client 10] Round 3 | Per-FedAvg(α=0.01) | loss=1.5487
  [Client 32] Round 3 | Per-FedAvg(α=0.01) | loss=1.4064
  [Client 84] Round 3 | Per-FedAvg(α=0.01) | loss=1.4981
  [Client 49] Round 3 | Per-FedAvg(α=0.01) | loss=1.6169
  [Client 52] Round 3 | Per-FedAvg(α=0.01) | loss=1.5720
  [Client 85] Round 3 | Per-FedAvg(α=0.01) | loss=1.4777
  [Client 69] Round 3 | Per-FedAvg(α=0.01) | loss=1.7129
  [Client 24] Round 3 | Per-FedAvg(α=0.01) | loss=1.5074
  [Client 90] Round 3 | Per-FedAvg(α=0.01) | loss=1.6983
  [Client 50] Round 3 | Per-FedAvg(α=0.01) | loss=1.7749
  [Client 92] Round 3 | Per-FedAvg(α=0.01) | loss=1.4601
  [Client 83] Round 3 | Per-FedAvg(α=0.01) | loss=1.6636
  [Client 97] Round 3 | Per-FedAvg(α=0.01) | loss=1.6823
  [Client 57] Round 3 | Per-FedAvg(α=0.01) | loss=1.4771
  [Client  9] Round 3 | Per-FedAvg(α=0.01) | loss=1.7318
  [Client 63] Round 3 | Per-FedAvg(α=0.01) | loss=1.4378
  [Client 81] Round 3 | Per-FedAvg(α=0.01) | loss=1.5060
  [Client 11] Round 3 | Per-FedAvg(α=0.01) | loss=1.4184
  [Client 76] Round 3 | Per-FedAvg(α=0.01) | loss=1.7397
  [Client 99] Round 3 | Per-FedAvg(α=0.01) | loss=1.7206
  [Client 48] Round 3 | Per-FedAvg(α=0.01) | loss=1.3867
  [Client 39] Round 3 | Per-FedAvg(α=0.01) | loss=1.9954
  [Client 41] Round 3 | Per-FedAvg(α=0.01) | loss=1.7654
  [Edge 0] G3 | E1 | loss=1.5355
  [Edge 0] G3 | E2 | Selected 68/98
  [Client 95] Round 3 | Per-FedAvg(α=0.01) | loss=0.8404
  [Client 18] Round 3 | Per-FedAvg(α=0.01) | loss=1.6744
  [Client 35] Round 3 | Per-FedAvg(α=0.01) | loss=1.1811
  [Client 48] Round 3 | Per-FedAvg(α=0.01) | loss=1.3546
  [Client  8] Round 3 | Per-FedAvg(α=0.01) | loss=1.5081
  [Client 82] Round 3 | Per-FedAvg(α=0.01) | loss=1.5910
  [Client 57] Round 3 | Per-FedAvg(α=0.01) | loss=1.4192
  [Client 83] Round 3 | Per-FedAvg(α=0.01) | loss=1.6768
  [Client 29] Round 3 | Per-FedAvg(α=0.01) | loss=1.4480
  [Client 51] Round 3 | Per-FedAvg(α=0.01) | loss=1.2604
  [Client 68] Round 3 | Per-FedAvg(α=0.01) | loss=1.1075
  [Client 75] Round 3 | Per-FedAvg(α=0.01) | loss=1.6557
  [Client 90] Round 3 | Per-FedAvg(α=0.01) | loss=1.6882
  [Client 16] Round 3 | Per-FedAvg(α=0.01) | loss=1.6584
  [Client 65] Round 3 | Per-FedAvg(α=0.01) | loss=1.3214
  [Client 59] Round 3 | Per-FedAvg(α=0.01) | loss=1.6297
  [Client 36] Round 3 | Per-FedAvg(α=0.01) | loss=1.2925
  [Client 27] Round 3 | Per-FedAvg(α=0.01) | loss=1.1418
  [Client 34] Round 3 | Per-FedAvg(α=0.01) | loss=1.4274
  [Client 37] Round 3 | Per-FedAvg(α=0.01) | loss=1.5973
  [Client 99] Round 3 | Per-FedAvg(α=0.01) | loss=1.6629
  [Client 97] Round 3 | Per-FedAvg(α=0.01) | loss=1.6564
  [Client 38] Round 3 | Per-FedAvg(α=0.01) | loss=1.3611
  [Client 17] Round 3 | Per-FedAvg(α=0.01) | loss=1.6346
  [Client 76] Round 3 | Per-FedAvg(α=0.01) | loss=1.6289
  [Client 11] Round 3 | Per-FedAvg(α=0.01) | loss=1.4171
  [Client 77] Round 3 | Per-FedAvg(α=0.01) | loss=1.1840
  [Client 81] Round 3 | Per-FedAvg(α=0.01) | loss=1.4363
  [Client 12] Round 3 | Per-FedAvg(α=0.01) | loss=1.3379
  [Client 66] Round 3 | Per-FedAvg(α=0.01) | loss=1.6367
  [Client 28] Round 3 | Per-FedAvg(α=0.01) | loss=1.3547
  [Client 61] Round 3 | Per-FedAvg(α=0.01) | loss=1.1198
  [Client 10] Round 3 | Per-FedAvg(α=0.01) | loss=1.5503
  [Client 30] Round 3 | Per-FedAvg(α=0.01) | loss=1.3418
  [Client 24] Round 3 | Per-FedAvg(α=0.01) | loss=1.4864
  [Client 23] Round 3 | Per-FedAvg(α=0.01) | loss=1.5049
  [Client 20] Round 3 | Per-FedAvg(α=0.01) | loss=1.1965
  [Client 25] Round 3 | Per-FedAvg(α=0.01) | loss=1.6246
  [Client 67] Round 3 | Per-FedAvg(α=0.01) | loss=1.5205
  [Client  0] Round 3 | Per-FedAvg(α=0.01) | loss=1.6790
  [Client 19] Round 3 | Per-FedAvg(α=0.01) | loss=1.1164
  [Client 26] Round 3 | Per-FedAvg(α=0.01) | loss=1.4288
  [Client 49] Round 3 | Per-FedAvg(α=0.01) | loss=1.5702
  [Client 60] Round 3 | Per-FedAvg(α=0.01) | loss=1.4589
  [Client 50] Round 3 | Per-FedAvg(α=0.01) | loss=1.7074
  [Client 64] Round 3 | Per-FedAvg(α=0.01) | loss=1.3077
  [Client 15] Round 3 | Per-FedAvg(α=0.01) | loss=1.4339
  [Client 54] Round 3 | Per-FedAvg(α=0.01) | loss=1.6574
  [Client 98] Round 3 | Per-FedAvg(α=0.01) | loss=1.4868
  [Client  3] Round 3 | Per-FedAvg(α=0.01) | loss=1.3942
  [Client 32] Round 3 | Per-FedAvg(α=0.01) | loss=1.3027
  [Client 56] Round 3 | Per-FedAvg(α=0.01) | loss=1.6072
  [Client 73] Round 3 | Per-FedAvg(α=0.01) | loss=1.8654
  [Client 45] Round 3 | Per-FedAvg(α=0.01) | loss=1.4041
  [Client 69] Round 3 | Per-FedAvg(α=0.01) | loss=1.8330
  [Client  7] Round 3 | Per-FedAvg(α=0.01) | loss=1.4364
  [Client 84] Round 3 | Per-FedAvg(α=0.01) | loss=1.4906
  [Client  4] Round 3 | Per-FedAvg(α=0.01) | loss=1.6663
  [Client 58] Round 3 | Per-FedAvg(α=0.01) | loss=1.4507
  [Client  9] Round 3 | Per-FedAvg(α=0.01) | loss=1.6648
  [Client 74] Round 3 | Per-FedAvg(α=0.01) | loss=1.3116
  [Client 85] Round 3 | Per-FedAvg(α=0.01) | loss=1.4055
  [Client 41] Round 3 | Per-FedAvg(α=0.01) | loss=1.6665
  [Client 91] Round 3 | Per-FedAvg(α=0.01) | loss=1.4726
  [Client 47] Round 3 | Per-FedAvg(α=0.01) | loss=1.4047
  [Client 46] Round 3 | Per-FedAvg(α=0.01) | loss=1.6364
  [Client 93] Round 3 | Per-FedAvg(α=0.01) | loss=1.3294
  [Client 39] Round 3 | Per-FedAvg(α=0.01) | loss=2.0676
  [Edge 0] G3 | E2 | loss=1.4883
  [Edge 1] G3 | E1 | Selected 1/2
  [Client 31] Round 3 | Per-FedAvg(α=0.01) | loss=0.9248
  [Edge 1] G3 | E1 | loss=0.9248
  [Edge 1] G3 | E2 | Selected 1/2
  [Client 31] Round 3 | Per-FedAvg(α=0.01) | loss=0.7214
  [Edge 1] G3 | E2 | loss=0.7214
  [Cloud] acc=0.2670 | loss=1.9446 | time=909.6s | comm=4236.4MB (total=12709MB)

[Round   4] Broadcasting to 2 edges...
  [Edge 0] G4 | E1 | Selected 68/98
  [Client 25] Round 4 | Per-FedAvg(α=0.01) | loss=1.5104
  [Client 78] Round 4 | Per-FedAvg(α=0.01) | loss=1.1731
  [Client 35] Round 4 | Per-FedAvg(α=0.01) | loss=1.1418
  [Client 65] Round 4 | Per-FedAvg(α=0.01) | loss=1.3223
  [Client 46] Round 4 | Per-FedAvg(α=0.01) | loss=1.5861
  [Client 17] Round 4 | Per-FedAvg(α=0.01) | loss=1.6654
  [Client 30] Round 4 | Per-FedAvg(α=0.01) | loss=1.2837
  [Client 55] Round 4 | Per-FedAvg(α=0.01) | loss=1.4788
  [Client 71] Round 4 | Per-FedAvg(α=0.01) | loss=1.4089
  [Client 56] Round 4 | Per-FedAvg(α=0.01) | loss=1.4937
  [Client 89] Round 4 | Per-FedAvg(α=0.01) | loss=1.6028
  [Client 53] Round 4 | Per-FedAvg(α=0.01) | loss=1.4091
  [Client 86] Round 4 | Per-FedAvg(α=0.01) | loss=1.5269
  [Client 91] Round 4 | Per-FedAvg(α=0.01) | loss=1.4257
  [Client 88] Round 4 | Per-FedAvg(α=0.01) | loss=1.6410
  [Client 14] Round 4 | Per-FedAvg(α=0.01) | loss=1.8096
  [Client  4] Round 4 | Per-FedAvg(α=0.01) | loss=1.6511
  [Client 20] Round 4 | Per-FedAvg(α=0.01) | loss=1.3033
  [Client 51] Round 4 | Per-FedAvg(α=0.01) | loss=1.1873
  [Client 24] Round 4 | Per-FedAvg(α=0.01) | loss=1.5040
  [Client 19] Round 4 | Per-FedAvg(α=0.01) | loss=1.0694
  [Client 61] Round 4 | Per-FedAvg(α=0.01) | loss=1.1070
  [Client 59] Round 4 | Per-FedAvg(α=0.01) | loss=1.5476
  [Client 82] Round 4 | Per-FedAvg(α=0.01) | loss=1.4810
  [Client 58] Round 4 | Per-FedAvg(α=0.01) | loss=1.4541
  [Client  1] Round 4 | Per-FedAvg(α=0.01) | loss=1.4823
  [Client 37] Round 4 | Per-FedAvg(α=0.01) | loss=1.5403
  [Client 10] Round 4 | Per-FedAvg(α=0.01) | loss=1.5921
  [Client 96] Round 4 | Per-FedAvg(α=0.01) | loss=1.4914
  [Client 99] Round 4 | Per-FedAvg(α=0.01) | loss=1.7018
  [Client 49] Round 4 | Per-FedAvg(α=0.01) | loss=1.5815
  [Client 36] Round 4 | Per-FedAvg(α=0.01) | loss=1.2522
  [Client 52] Round 4 | Per-FedAvg(α=0.01) | loss=1.5011
  [Client 15] Round 4 | Per-FedAvg(α=0.01) | loss=1.4416
  [Client 12] Round 4 | Per-FedAvg(α=0.01) | loss=1.3904
  [Client 41] Round 4 | Per-FedAvg(α=0.01) | loss=1.6799
  [Client 42] Round 4 | Per-FedAvg(α=0.01) | loss=1.4901
  [Client 77] Round 4 | Per-FedAvg(α=0.01) | loss=1.0946
  [Client 34] Round 4 | Per-FedAvg(α=0.01) | loss=1.3087
  [Client 72] Round 4 | Per-FedAvg(α=0.01) | loss=1.5621
  [Client 33] Round 4 | Per-FedAvg(α=0.01) | loss=1.5812
  [Client 97] Round 4 | Per-FedAvg(α=0.01) | loss=1.6489
  [Client 73] Round 4 | Per-FedAvg(α=0.01) | loss=1.8509
  [Client 43] Round 4 | Per-FedAvg(α=0.01) | loss=1.6370
  [Client 40] Round 4 | Per-FedAvg(α=0.01) | loss=1.6010
  [Client 92] Round 4 | Per-FedAvg(α=0.01) | loss=1.4543
  [Client 79] Round 4 | Per-FedAvg(α=0.01) | loss=1.6595
  [Client 63] Round 4 | Per-FedAvg(α=0.01) | loss=1.4270
  [Client 93] Round 4 | Per-FedAvg(α=0.01) | loss=1.3743
  [Client 83] Round 4 | Per-FedAvg(α=0.01) | loss=1.6675
  [Client 21] Round 4 | Per-FedAvg(α=0.01) | loss=1.3561
  [Client 95] Round 4 | Per-FedAvg(α=0.01) | loss=0.7973
  [Client 85] Round 4 | Per-FedAvg(α=0.01) | loss=1.4060
  [Client 94] Round 4 | Per-FedAvg(α=0.01) | loss=1.4713
  [Client 70] Round 4 | Per-FedAvg(α=0.01) | loss=1.7843
  [Client 38] Round 4 | Per-FedAvg(α=0.01) | loss=1.3412
  [Client 16] Round 4 | Per-FedAvg(α=0.01) | loss=1.5625
  [Client 80] Round 4 | Per-FedAvg(α=0.01) | loss=1.6035
  [Client 68] Round 4 | Per-FedAvg(α=0.01) | loss=1.0058
  [Client 76] Round 4 | Per-FedAvg(α=0.01) | loss=1.6495
  [Client  9] Round 4 | Per-FedAvg(α=0.01) | loss=1.6006
  [Client 67] Round 4 | Per-FedAvg(α=0.01) | loss=1.4637
  [Client 90] Round 4 | Per-FedAvg(α=0.01) | loss=1.6506
  [Client 18] Round 4 | Per-FedAvg(α=0.01) | loss=1.6479
  [Client 81] Round 4 | Per-FedAvg(α=0.01) | loss=1.3542
  [Client 28] Round 4 | Per-FedAvg(α=0.01) | loss=1.3466
  [Client 44] Round 4 | Per-FedAvg(α=0.01) | loss=1.2944
  [Client 57] Round 4 | Per-FedAvg(α=0.01) | loss=1.4312
  [Edge 0] G4 | E1 | loss=1.4763
  [Edge 0] G4 | E2 | Selected 68/98
  [Client 97] Round 4 | Per-FedAvg(α=0.01) | loss=1.6116
  [Client 84] Round 4 | Per-FedAvg(α=0.01) | loss=1.3840
  [Client 29] Round 4 | Per-FedAvg(α=0.01) | loss=1.4234
  [Client 94] Round 4 | Per-FedAvg(α=0.01) | loss=1.4255
  [Client 56] Round 4 | Per-FedAvg(α=0.01) | loss=1.4606
  [Client 38] Round 4 | Per-FedAvg(α=0.01) | loss=1.3757
  [Client 40] Round 4 | Per-FedAvg(α=0.01) | loss=1.5532
  [Client 89] Round 4 | Per-FedAvg(α=0.01) | loss=1.6380
  [Client 58] Round 4 | Per-FedAvg(α=0.01) | loss=1.4840
  [Client 15] Round 4 | Per-FedAvg(α=0.01) | loss=1.3857
  [Client 63] Round 4 | Per-FedAvg(α=0.01) | loss=1.3913
  [Client 37] Round 4 | Per-FedAvg(α=0.01) | loss=1.5230
  [Client 48] Round 4 | Per-FedAvg(α=0.01) | loss=1.3095
  [Client 13] Round 4 | Per-FedAvg(α=0.01) | loss=1.1331
  [Client 76] Round 4 | Per-FedAvg(α=0.01) | loss=1.6349
  [Client 35] Round 4 | Per-FedAvg(α=0.01) | loss=1.1882
  [Client 27] Round 4 | Per-FedAvg(α=0.01) | loss=1.1980
  [Client 24] Round 4 | Per-FedAvg(α=0.01) | loss=1.4508
  [Client 32] Round 4 | Per-FedAvg(α=0.01) | loss=1.2764
  [Client 47] Round 4 | Per-FedAvg(α=0.01) | loss=1.4264
  [Client 65] Round 4 | Per-FedAvg(α=0.01) | loss=1.2893
  [Client  3] Round 4 | Per-FedAvg(α=0.01) | loss=1.4004
  [Client 43] Round 4 | Per-FedAvg(α=0.01) | loss=1.5980
  [Client 60] Round 4 | Per-FedAvg(α=0.01) | loss=1.4096
  [Client 30] Round 4 | Per-FedAvg(α=0.01) | loss=1.3206
  [Client 41] Round 4 | Per-FedAvg(α=0.01) | loss=1.6706
  [Client 28] Round 4 | Per-FedAvg(α=0.01) | loss=1.3881
  [Client 99] Round 4 | Per-FedAvg(α=0.01) | loss=1.6327
  [Client 55] Round 4 | Per-FedAvg(α=0.01) | loss=1.4390
  [Client  2] Round 4 | Per-FedAvg(α=0.01) | loss=1.3869
  [Client 49] Round 4 | Per-FedAvg(α=0.01) | loss=1.5981
  [Client 17] Round 4 | Per-FedAvg(α=0.01) | loss=1.5773
  [Client 14] Round 4 | Per-FedAvg(α=0.01) | loss=2.1338
  [Client 87] Round 4 | Per-FedAvg(α=0.01) | loss=1.2535
  [Client 50] Round 4 | Per-FedAvg(α=0.01) | loss=1.6632
  [Client 18] Round 4 | Per-FedAvg(α=0.01) | loss=1.6315
  [Client 39] Round 4 | Per-FedAvg(α=0.01) | loss=2.0241
  [Client 26] Round 4 | Per-FedAvg(α=0.01) | loss=1.3820
  [Client 51] Round 4 | Per-FedAvg(α=0.01) | loss=1.1730
  [Client 10] Round 4 | Per-FedAvg(α=0.01) | loss=1.5594
  [Client  4] Round 4 | Per-FedAvg(α=0.01) | loss=1.5972
  [Client  6] Round 4 | Per-FedAvg(α=0.01) | loss=1.4171
  [Client 19] Round 4 | Per-FedAvg(α=0.01) | loss=1.1021
  [Client 64] Round 4 | Per-FedAvg(α=0.01) | loss=1.1955
  [Client 22] Round 4 | Per-FedAvg(α=0.01) | loss=1.4010
  [Client 66] Round 4 | Per-FedAvg(α=0.01) | loss=1.6243
  [Client 53] Round 4 | Per-FedAvg(α=0.01) | loss=1.3627
  [Client 74] Round 4 | Per-FedAvg(α=0.01) | loss=1.2761
  [Client 71] Round 4 | Per-FedAvg(α=0.01) | loss=1.5054
  [Client  0] Round 4 | Per-FedAvg(α=0.01) | loss=1.5488
  [Client 20] Round 4 | Per-FedAvg(α=0.01) | loss=1.2374
  [Client 69] Round 4 | Per-FedAvg(α=0.01) | loss=1.6892
  [Client 81] Round 4 | Per-FedAvg(α=0.01) | loss=1.4148
  [Client 57] Round 4 | Per-FedAvg(α=0.01) | loss=1.3780
  [Client 78] Round 4 | Per-FedAvg(α=0.01) | loss=1.1952
  [Client 67] Round 4 | Per-FedAvg(α=0.01) | loss=1.4283
  [Client 11] Round 4 | Per-FedAvg(α=0.01) | loss=1.3584
  [Client 34] Round 4 | Per-FedAvg(α=0.01) | loss=1.2659
  [Client 85] Round 4 | Per-FedAvg(α=0.01) | loss=1.4485
  [Client  8] Round 4 | Per-FedAvg(α=0.01) | loss=1.4378
  [Client 72] Round 4 | Per-FedAvg(α=0.01) | loss=1.6434
  [Client 75] Round 4 | Per-FedAvg(α=0.01) | loss=1.5694
  [Client 96] Round 4 | Per-FedAvg(α=0.01) | loss=1.4582
  [Client 98] Round 4 | Per-FedAvg(α=0.01) | loss=1.4125
  [Client  9] Round 4 | Per-FedAvg(α=0.01) | loss=1.5832
  [Client 62] Round 4 | Per-FedAvg(α=0.01) | loss=1.3893
  [Client 83] Round 4 | Per-FedAvg(α=0.01) | loss=1.5929
  [Client 77] Round 4 | Per-FedAvg(α=0.01) | loss=1.1130
  [Edge 0] G4 | E2 | loss=1.4451
  [Edge 1] G4 | E1 | Selected 1/2
  [Client  5] Round 4 | Per-FedAvg(α=0.01) | loss=0.7907
  [Edge 1] G4 | E1 | loss=0.7907
  [Edge 1] G4 | E2 | Selected 1/2
  [Client 31] Round 4 | Per-FedAvg(α=0.01) | loss=1.1499
  [Edge 1] G4 | E2 | loss=1.1499
  [Cloud] acc=0.2707 | loss=1.9196 | time=919.9s | comm=4236.4MB (total=16946MB)

[Round   5] Broadcasting to 2 edges...
  [Edge 0] G5 | E1 | Selected 68/98
  [Client 73] Round 5 | Per-FedAvg(α=0.01) | loss=1.7794
  [Client 68] Round 5 | Per-FedAvg(α=0.01) | loss=1.0546
  [Client 41] Round 5 | Per-FedAvg(α=0.01) | loss=1.5639
  [Client 55] Round 5 | Per-FedAvg(α=0.01) | loss=1.4331
  [Client 79] Round 5 | Per-FedAvg(α=0.01) | loss=1.5948
  [Client 87] Round 5 | Per-FedAvg(α=0.01) | loss=1.1545
  [Client 76] Round 5 | Per-FedAvg(α=0.01) | loss=1.6043
  [Client 85] Round 5 | Per-FedAvg(α=0.01) | loss=1.3402
  [Client 17] Round 5 | Per-FedAvg(α=0.01) | loss=1.5542
  [Client 83] Round 5 | Per-FedAvg(α=0.01) | loss=1.5853
  [Client  0] Round 5 | Per-FedAvg(α=0.01) | loss=1.5739
  [Client 38] Round 5 | Per-FedAvg(α=0.01) | loss=1.2697
  [Client 27] Round 5 | Per-FedAvg(α=0.01) | loss=1.1332
  [Client 44] Round 5 | Per-FedAvg(α=0.01) | loss=1.1919
  [Client 69] Round 5 | Per-FedAvg(α=0.01) | loss=1.6682
  [Client 21] Round 5 | Per-FedAvg(α=0.01) | loss=1.3871
  [Client 10] Round 5 | Per-FedAvg(α=0.01) | loss=1.6133
  [Client 78] Round 5 | Per-FedAvg(α=0.01) | loss=1.1905
  [Client 62] Round 5 | Per-FedAvg(α=0.01) | loss=1.2769
  [Client 92] Round 5 | Per-FedAvg(α=0.01) | loss=1.4452
  [Client 95] Round 5 | Per-FedAvg(α=0.01) | loss=0.8371
  [Client 98] Round 5 | Per-FedAvg(α=0.01) | loss=1.4634
  [Client 51] Round 5 | Per-FedAvg(α=0.01) | loss=1.0332
  [Client 14] Round 5 | Per-FedAvg(α=0.01) | loss=1.7849
  [Client 26] Round 5 | Per-FedAvg(α=0.01) | loss=1.3953
  [Client 45] Round 5 | Per-FedAvg(α=0.01) | loss=1.4497
  [Client 24] Round 5 | Per-FedAvg(α=0.01) | loss=1.4503
  [Client 97] Round 5 | Per-FedAvg(α=0.01) | loss=1.6793
  [Client 48] Round 5 | Per-FedAvg(α=0.01) | loss=1.2856
  [Client 19] Round 5 | Per-FedAvg(α=0.01) | loss=1.0709
  [Client 99] Round 5 | Per-FedAvg(α=0.01) | loss=1.5910
  [Client 81] Round 5 | Per-FedAvg(α=0.01) | loss=1.3992
  [Client 84] Round 5 | Per-FedAvg(α=0.01) | loss=1.4440
  [Client 54] Round 5 | Per-FedAvg(α=0.01) | loss=1.6141
  [Client 18] Round 5 | Per-FedAvg(α=0.01) | loss=1.5893
  [Client 82] Round 5 | Per-FedAvg(α=0.01) | loss=1.4953
  [Client 88] Round 5 | Per-FedAvg(α=0.01) | loss=1.7103
  [Client 28] Round 5 | Per-FedAvg(α=0.01) | loss=1.3517
  [Client 50] Round 5 | Per-FedAvg(α=0.01) | loss=1.6577
  [Client 63] Round 5 | Per-FedAvg(α=0.01) | loss=1.3944
  [Client 89] Round 5 | Per-FedAvg(α=0.01) | loss=1.5729
  [Client 74] Round 5 | Per-FedAvg(α=0.01) | loss=1.2085
  [Client 29] Round 5 | Per-FedAvg(α=0.01) | loss=1.3703
  [Client 86] Round 5 | Per-FedAvg(α=0.01) | loss=1.4367
  [Client 30] Round 5 | Per-FedAvg(α=0.01) | loss=1.2728
  [Client 15] Round 5 | Per-FedAvg(α=0.01) | loss=1.3364
  [Client 49] Round 5 | Per-FedAvg(α=0.01) | loss=1.5458
  [Client 58] Round 5 | Per-FedAvg(α=0.01) | loss=1.4324
  [Client 36] Round 5 | Per-FedAvg(α=0.01) | loss=1.1990
  [Client  2] Round 5 | Per-FedAvg(α=0.01) | loss=1.3543
  [Client 57] Round 5 | Per-FedAvg(α=0.01) | loss=1.3828
  [Client 70] Round 5 | Per-FedAvg(α=0.01) | loss=1.7260
  [Client  4] Round 5 | Per-FedAvg(α=0.01) | loss=1.6228
  [Client  7] Round 5 | Per-FedAvg(α=0.01) | loss=1.3181
  [Client 77] Round 5 | Per-FedAvg(α=0.01) | loss=1.0988
  [Client 67] Round 5 | Per-FedAvg(α=0.01) | loss=1.3982
  [Client 37] Round 5 | Per-FedAvg(α=0.01) | loss=1.5440
  [Client 56] Round 5 | Per-FedAvg(α=0.01) | loss=1.4453
  [Client 16] Round 5 | Per-FedAvg(α=0.01) | loss=1.5511
  [Client 80] Round 5 | Per-FedAvg(α=0.01) | loss=1.5863
  [Client 43] Round 5 | Per-FedAvg(α=0.01) | loss=1.6359
  [Client 53] Round 5 | Per-FedAvg(α=0.01) | loss=1.3594
  [Client  1] Round 5 | Per-FedAvg(α=0.01) | loss=1.2168
  [Client 34] Round 5 | Per-FedAvg(α=0.01) | loss=1.3319
  [Client 94] Round 5 | Per-FedAvg(α=0.01) | loss=1.4364
  [Client  8] Round 5 | Per-FedAvg(α=0.01) | loss=1.4509
  [Client 64] Round 5 | Per-FedAvg(α=0.01) | loss=1.2979
  [Client 33] Round 5 | Per-FedAvg(α=0.01) | loss=1.5527
  [Edge 0] G5 | E1 | loss=1.4343
  [Edge 0] G5 | E2 | Selected 68/98
  [Client 96] Round 5 | Per-FedAvg(α=0.01) | loss=1.3851
  [Client 50] Round 5 | Per-FedAvg(α=0.01) | loss=1.6389
  [Client 91] Round 5 | Per-FedAvg(α=0.01) | loss=1.3592
  [Client 22] Round 5 | Per-FedAvg(α=0.01) | loss=1.3149
  [Client 64] Round 5 | Per-FedAvg(α=0.01) | loss=1.2063
  [Client 92] Round 5 | Per-FedAvg(α=0.01) | loss=1.3656
  [Client 26] Round 5 | Per-FedAvg(α=0.01) | loss=1.3516
  [Client 57] Round 5 | Per-FedAvg(α=0.01) | loss=1.3697
  [Client 65] Round 5 | Per-FedAvg(α=0.01) | loss=1.2650
  [Client 25] Round 5 | Per-FedAvg(α=0.01) | loss=1.6200
  [Client 97] Round 5 | Per-FedAvg(α=0.01) | loss=1.5870
  [Client 84] Round 5 | Per-FedAvg(α=0.01) | loss=1.3971
  [Client 42] Round 5 | Per-FedAvg(α=0.01) | loss=1.4372
  [Client 61] Round 5 | Per-FedAvg(α=0.01) | loss=1.0543
  [Client 40] Round 5 | Per-FedAvg(α=0.01) | loss=1.5268
  [Client 16] Round 5 | Per-FedAvg(α=0.01) | loss=1.5202
  [Client 23] Round 5 | Per-FedAvg(α=0.01) | loss=1.4045
  [Client 76] Round 5 | Per-FedAvg(α=0.01) | loss=1.5597
  [Client 62] Round 5 | Per-FedAvg(α=0.01) | loss=1.2736
  [Client 43] Round 5 | Per-FedAvg(α=0.01) | loss=1.5343
  [Client 32] Round 5 | Per-FedAvg(α=0.01) | loss=1.2623
  [Client 69] Round 5 | Per-FedAvg(α=0.01) | loss=1.7282
  [Client 89] Round 5 | Per-FedAvg(α=0.01) | loss=1.4751
  [Client 21] Round 5 | Per-FedAvg(α=0.01) | loss=1.3028
  [Client 58] Round 5 | Per-FedAvg(α=0.01) | loss=1.4431
  [Client 82] Round 5 | Per-FedAvg(α=0.01) | loss=1.5425
  [Client 17] Round 5 | Per-FedAvg(α=0.01) | loss=1.6155
  [Client 95] Round 5 | Per-FedAvg(α=0.01) | loss=0.8045
  [Client 93] Round 5 | Per-FedAvg(α=0.01) | loss=1.3454
  [Client 34] Round 5 | Per-FedAvg(α=0.01) | loss=1.2723
  [Client  4] Round 5 | Per-FedAvg(α=0.01) | loss=1.5820
  [Client 83] Round 5 | Per-FedAvg(α=0.01) | loss=1.5829
  [Client 44] Round 5 | Per-FedAvg(α=0.01) | loss=1.1460
  [Client 12] Round 5 | Per-FedAvg(α=0.01) | loss=1.3615
  [Client 35] Round 5 | Per-FedAvg(α=0.01) | loss=1.1216
  [Client 48] Round 5 | Per-FedAvg(α=0.01) | loss=1.3657
  [Client 78] Round 5 | Per-FedAvg(α=0.01) | loss=1.1847
  [Client 59] Round 5 | Per-FedAvg(α=0.01) | loss=1.4634
  [Client 28] Round 5 | Per-FedAvg(α=0.01) | loss=1.4157
  [Client 11] Round 5 | Per-FedAvg(α=0.01) | loss=1.3157
  [Client 13] Round 5 | Per-FedAvg(α=0.01) | loss=1.1058
  [Client 88] Round 5 | Per-FedAvg(α=0.01) | loss=1.5919
  [Client 24] Round 5 | Per-FedAvg(α=0.01) | loss=1.4581
  [Client 73] Round 5 | Per-FedAvg(α=0.01) | loss=1.9230
  [Client 54] Round 5 | Per-FedAvg(α=0.01) | loss=1.5824
  [Client 15] Round 5 | Per-FedAvg(α=0.01) | loss=1.3387
  [Client 98] Round 5 | Per-FedAvg(α=0.01) | loss=1.4190
  [Client 14] Round 5 | Per-FedAvg(α=0.01) | loss=1.8918
  [Client 71] Round 5 | Per-FedAvg(α=0.01) | loss=1.4250
  [Client 33] Round 5 | Per-FedAvg(α=0.01) | loss=1.4093
  [Client 38] Round 5 | Per-FedAvg(α=0.01) | loss=1.3419
  [Client 94] Round 5 | Per-FedAvg(α=0.01) | loss=1.3954
  [Client 79] Round 5 | Per-FedAvg(α=0.01) | loss=1.5998
  [Client 70] Round 5 | Per-FedAvg(α=0.01) | loss=1.6945
  [Client  0] Round 5 | Per-FedAvg(α=0.01) | loss=1.4637
  [Client 99] Round 5 | Per-FedAvg(α=0.01) | loss=1.5802
  [Client 74] Round 5 | Per-FedAvg(α=0.01) | loss=1.2741
  [Client 41] Round 5 | Per-FedAvg(α=0.01) | loss=1.5936
  [Client 10] Round 5 | Per-FedAvg(α=0.01) | loss=1.4112
  [Client  9] Round 5 | Per-FedAvg(α=0.01) | loss=1.5079
  [Client 55] Round 5 | Per-FedAvg(α=0.01) | loss=1.3789
  [Client 81] Round 5 | Per-FedAvg(α=0.01) | loss=1.3770
  [Client 85] Round 5 | Per-FedAvg(α=0.01) | loss=1.3879
  [Client 52] Round 5 | Per-FedAvg(α=0.01) | loss=1.3879
  [Client 47] Round 5 | Per-FedAvg(α=0.01) | loss=1.4213
  [Client 29] Round 5 | Per-FedAvg(α=0.01) | loss=1.4400
  [Client 18] Round 5 | Per-FedAvg(α=0.01) | loss=1.5430
  [Client 75] Round 5 | Per-FedAvg(α=0.01) | loss=1.5093
  [Edge 0] G5 | E2 | loss=1.4354
  [Edge 1] G5 | E1 | Selected 1/2
  [Client 31] Round 5 | Per-FedAvg(α=0.01) | loss=0.8388
  [Edge 1] G5 | E1 | loss=0.8388
  [Edge 1] G5 | E2 | Selected 1/2
  [Client 31] Round 5 | Per-FedAvg(α=0.01) | loss=0.6877
  [Edge 1] G5 | E2 | loss=0.6877
  [Cloud] acc=0.3189 | loss=1.8240 | time=931.3s | comm=4236.4MB (total=21182MB)

[Round   6] Broadcasting to 2 edges...
  [Edge 0] G6 | E1 | Selected 68/98
  [Client 73] Round 6 | Per-FedAvg(α=0.01) | loss=1.5485
  [Client 28] Round 6 | Per-FedAvg(α=0.01) | loss=1.2976
  [Client 90] Round 6 | Per-FedAvg(α=0.01) | loss=1.5652
  [Client 19] Round 6 | Per-FedAvg(α=0.01) | loss=1.0367
  [Client 91] Round 6 | Per-FedAvg(α=0.01) | loss=1.3004
  [Client 74] Round 6 | Per-FedAvg(α=0.01) | loss=1.1667
  [Client 85] Round 6 | Per-FedAvg(α=0.01) | loss=1.3606
  [Client  0] Round 6 | Per-FedAvg(α=0.01) | loss=1.5170
  [Client 61] Round 6 | Per-FedAvg(α=0.01) | loss=1.0212
  [Client 62] Round 6 | Per-FedAvg(α=0.01) | loss=1.2665
  [Client 51] Round 6 | Per-FedAvg(α=0.01) | loss=1.2664
  [Client 80] Round 6 | Per-FedAvg(α=0.01) | loss=1.5260
  [Client 56] Round 6 | Per-FedAvg(α=0.01) | loss=1.4402
  [Client 79] Round 6 | Per-FedAvg(α=0.01) | loss=1.5517
  [Client 34] Round 6 | Per-FedAvg(α=0.01) | loss=1.2682
  [Client 75] Round 6 | Per-FedAvg(α=0.01) | loss=1.4307
  [Client 53] Round 6 | Per-FedAvg(α=0.01) | loss=1.3593
  [Client  7] Round 6 | Per-FedAvg(α=0.01) | loss=1.2900
  [Client 59] Round 6 | Per-FedAvg(α=0.01) | loss=1.4315
  [Client 98] Round 6 | Per-FedAvg(α=0.01) | loss=1.3651
  [Client 13] Round 6 | Per-FedAvg(α=0.01) | loss=1.0865
  [Client 97] Round 6 | Per-FedAvg(α=0.01) | loss=1.5504
  [Client 50] Round 6 | Per-FedAvg(α=0.01) | loss=1.6431
  [Client 32] Round 6 | Per-FedAvg(α=0.01) | loss=1.2214
  [Client 22] Round 6 | Per-FedAvg(α=0.01) | loss=1.4507
  [Client 65] Round 6 | Per-FedAvg(α=0.01) | loss=1.3953
  [Client  8] Round 6 | Per-FedAvg(α=0.01) | loss=1.4461
  [Client 40] Round 6 | Per-FedAvg(α=0.01) | loss=1.5254
  [Client 20] Round 6 | Per-FedAvg(α=0.01) | loss=1.1058
  [Client 76] Round 6 | Per-FedAvg(α=0.01) | loss=1.5345
  [Client 44] Round 6 | Per-FedAvg(α=0.01) | loss=1.1691
  [Client 38] Round 6 | Per-FedAvg(α=0.01) | loss=1.2592
  [Client 47] Round 6 | Per-FedAvg(α=0.01) | loss=1.3845
  [Client 78] Round 6 | Per-FedAvg(α=0.01) | loss=1.1696
  [Client 70] Round 6 | Per-FedAvg(α=0.01) | loss=1.6544
  [Client 37] Round 6 | Per-FedAvg(α=0.01) | loss=1.4739
  [Client 29] Round 6 | Per-FedAvg(α=0.01) | loss=1.3366
  [Client 52] Round 6 | Per-FedAvg(α=0.01) | loss=1.4004
  [Client 16] Round 6 | Per-FedAvg(α=0.01) | loss=1.5057
  [Client 66] Round 6 | Per-FedAvg(α=0.01) | loss=1.5280
  [Client 93] Round 6 | Per-FedAvg(α=0.01) | loss=1.3175
  [Client 46] Round 6 | Per-FedAvg(α=0.01) | loss=1.5412
  [Client 49] Round 6 | Per-FedAvg(α=0.01) | loss=1.5816
  [Client 89] Round 6 | Per-FedAvg(α=0.01) | loss=1.4445
  [Client 88] Round 6 | Per-FedAvg(α=0.01) | loss=1.5785
  [Client 99] Round 6 | Per-FedAvg(α=0.01) | loss=1.5457
  [Client 21] Round 6 | Per-FedAvg(α=0.01) | loss=1.1967
  [Client 60] Round 6 | Per-FedAvg(α=0.01) | loss=1.3447
  [Client 24] Round 6 | Per-FedAvg(α=0.01) | loss=1.4228
  [Client 72] Round 6 | Per-FedAvg(α=0.01) | loss=1.5429
  [Client 67] Round 6 | Per-FedAvg(α=0.01) | loss=1.3473
  [Client 17] Round 6 | Per-FedAvg(α=0.01) | loss=1.5301
  [Client 63] Round 6 | Per-FedAvg(α=0.01) | loss=1.2957
  [Client  6] Round 6 | Per-FedAvg(α=0.01) | loss=1.3304
  [Client 39] Round 6 | Per-FedAvg(α=0.01) | loss=1.9246
  [Client 10] Round 6 | Per-FedAvg(α=0.01) | loss=1.3624
  [Client 42] Round 6 | Per-FedAvg(α=0.01) | loss=1.4284
  [Client 92] Round 6 | Per-FedAvg(α=0.01) | loss=1.4404
  [Client  4] Round 6 | Per-FedAvg(α=0.01) | loss=1.6004
  [Client 86] Round 6 | Per-FedAvg(α=0.01) | loss=1.4179
  [Client 26] Round 6 | Per-FedAvg(α=0.01) | loss=1.3627
  [Client 87] Round 6 | Per-FedAvg(α=0.01) | loss=1.1185
  [Client  9] Round 6 | Per-FedAvg(α=0.01) | loss=1.5442
  [Client 69] Round 6 | Per-FedAvg(α=0.01) | loss=1.5952
  [Client 82] Round 6 | Per-FedAvg(α=0.01) | loss=1.4343
  [Client  1] Round 6 | Per-FedAvg(α=0.01) | loss=1.4307
  [Client 25] Round 6 | Per-FedAvg(α=0.01) | loss=1.5312
  [Client 36] Round 6 | Per-FedAvg(α=0.01) | loss=1.2088
  [Edge 0] G6 | E1 | loss=1.4006
  [Edge 0] G6 | E2 | Selected 68/98
  [Client 61] Round 6 | Per-FedAvg(α=0.01) | loss=1.0292
  [Client 36] Round 6 | Per-FedAvg(α=0.01) | loss=1.1621
  [Client 33] Round 6 | Per-FedAvg(α=0.01) | loss=1.4435
  [Client 27] Round 6 | Per-FedAvg(α=0.01) | loss=1.1963
  [Client  7] Round 6 | Per-FedAvg(α=0.01) | loss=1.3470
  [Client 59] Round 6 | Per-FedAvg(α=0.01) | loss=1.4124
  [Client  2] Round 6 | Per-FedAvg(α=0.01) | loss=1.4069
  [Client 58] Round 6 | Per-FedAvg(α=0.01) | loss=1.4657
  [Client  3] Round 6 | Per-FedAvg(α=0.01) | loss=1.3863
  [Client 75] Round 6 | Per-FedAvg(α=0.01) | loss=1.5258
  [Client 87] Round 6 | Per-FedAvg(α=0.01) | loss=1.1346
  [Client 60] Round 6 | Per-FedAvg(α=0.01) | loss=1.3627
  [Client 50] Round 6 | Per-FedAvg(α=0.01) | loss=1.5567
  [Client 97] Round 6 | Per-FedAvg(α=0.01) | loss=1.6347
  [Client 95] Round 6 | Per-FedAvg(α=0.01) | loss=0.7628
  [Client 23] Round 6 | Per-FedAvg(α=0.01) | loss=1.4545
  [Client 37] Round 6 | Per-FedAvg(α=0.01) | loss=1.4655
  [Client 56] Round 6 | Per-FedAvg(α=0.01) | loss=1.4278
  [Client 25] Round 6 | Per-FedAvg(α=0.01) | loss=1.5078
  [Client 73] Round 6 | Per-FedAvg(α=0.01) | loss=1.7506
  [Client 84] Round 6 | Per-FedAvg(α=0.01) | loss=1.3108
  [Client 29] Round 6 | Per-FedAvg(α=0.01) | loss=1.4102
  [Client 70] Round 6 | Per-FedAvg(α=0.01) | loss=1.6158
  [Client 12] Round 6 | Per-FedAvg(α=0.01) | loss=1.1656
  [Client 19] Round 6 | Per-FedAvg(α=0.01) | loss=0.9677
  [Client 99] Round 6 | Per-FedAvg(α=0.01) | loss=1.6654
  [Client 66] Round 6 | Per-FedAvg(α=0.01) | loss=1.5355
  [Client 65] Round 6 | Per-FedAvg(α=0.01) | loss=1.2229
  [Client 74] Round 6 | Per-FedAvg(α=0.01) | loss=1.4024
  [Client 45] Round 6 | Per-FedAvg(α=0.01) | loss=1.3916
  [Client 13] Round 6 | Per-FedAvg(α=0.01) | loss=1.0274
  [Client 96] Round 6 | Per-FedAvg(α=0.01) | loss=1.4539
  [Client 34] Round 6 | Per-FedAvg(α=0.01) | loss=1.2872
  [Client 39] Round 6 | Per-FedAvg(α=0.01) | loss=2.6973
  [Client 10] Round 6 | Per-FedAvg(α=0.01) | loss=1.5607
  [Client 26] Round 6 | Per-FedAvg(α=0.01) | loss=1.2973
  [Client 90] Round 6 | Per-FedAvg(α=0.01) | loss=1.5580
  [Client 54] Round 6 | Per-FedAvg(α=0.01) | loss=1.4644
  [Client 51] Round 6 | Per-FedAvg(α=0.01) | loss=1.1901
  [Client 42] Round 6 | Per-FedAvg(α=0.01) | loss=1.3596
  [Client 63] Round 6 | Per-FedAvg(α=0.01) | loss=1.3221
  [Client  9] Round 6 | Per-FedAvg(α=0.01) | loss=1.4684
  [Client 32] Round 6 | Per-FedAvg(α=0.01) | loss=1.2697
  [Client 30] Round 6 | Per-FedAvg(α=0.01) | loss=1.3098
  [Client 46] Round 6 | Per-FedAvg(α=0.01) | loss=1.4629
  [Client 43] Round 6 | Per-FedAvg(α=0.01) | loss=1.5429
  [Client 88] Round 6 | Per-FedAvg(α=0.01) | loss=1.5751
  [Client 77] Round 6 | Per-FedAvg(α=0.01) | loss=1.0965
  [Client 69] Round 6 | Per-FedAvg(α=0.01) | loss=1.6894
  [Client 47] Round 6 | Per-FedAvg(α=0.01) | loss=1.3642
  [Client 83] Round 6 | Per-FedAvg(α=0.01) | loss=1.5029
  [Client  8] Round 6 | Per-FedAvg(α=0.01) | loss=1.3766
  [Client 92] Round 6 | Per-FedAvg(α=0.01) | loss=1.4019
  [Client 89] Round 6 | Per-FedAvg(α=0.01) | loss=1.5259
  [Client 62] Round 6 | Per-FedAvg(α=0.01) | loss=1.2962
  [Client 85] Round 6 | Per-FedAvg(α=0.01) | loss=1.4519
  [Client 16] Round 6 | Per-FedAvg(α=0.01) | loss=1.4818
  [Client 52] Round 6 | Per-FedAvg(α=0.01) | loss=1.3956
  [Client 81] Round 6 | Per-FedAvg(α=0.01) | loss=1.3127
  [Client 72] Round 6 | Per-FedAvg(α=0.01) | loss=1.5424
  [Client 93] Round 6 | Per-FedAvg(α=0.01) | loss=1.2776
  [Client 71] Round 6 | Per-FedAvg(α=0.01) | loss=1.2900
  [Client 35] Round 6 | Per-FedAvg(α=0.01) | loss=1.0876
  [Client 24] Round 6 | Per-FedAvg(α=0.01) | loss=1.3849
  [Client 57] Round 6 | Per-FedAvg(α=0.01) | loss=1.3450
  [Client 86] Round 6 | Per-FedAvg(α=0.01) | loss=1.3856
  [Client 20] Round 6 | Per-FedAvg(α=0.01) | loss=1.1383
  [Client 22] Round 6 | Per-FedAvg(α=0.01) | loss=1.3161
  [Edge 0] G6 | E2 | loss=1.3946
  [Edge 1] G6 | E1 | Selected 1/2
  [Client  5] Round 6 | Per-FedAvg(α=0.01) | loss=0.9246
  [Edge 1] G6 | E1 | loss=0.9246
  [Edge 1] G6 | E2 | Selected 1/2
  [Client  5] Round 6 | Per-FedAvg(α=0.01) | loss=0.8239
  [Edge 1] G6 | E2 | loss=0.8239
  [Cloud] acc=0.3556 | loss=1.7573 | time=917.9s | comm=4236.4MB (total=25419MB)

[Round   7] Broadcasting to 2 edges...
  [Edge 0] G7 | E1 | Selected 68/98
  [Client 64] Round 7 | Per-FedAvg(α=0.01) | loss=1.1031
  [Client 40] Round 7 | Per-FedAvg(α=0.01) | loss=1.4482
  [Client 35] Round 7 | Per-FedAvg(α=0.01) | loss=1.0413
  [Client 11] Round 7 | Per-FedAvg(α=0.01) | loss=1.2806
  [Client 81] Round 7 | Per-FedAvg(α=0.01) | loss=1.2904
  [Client 75] Round 7 | Per-FedAvg(α=0.01) | loss=1.4682
  [Client 61] Round 7 | Per-FedAvg(α=0.01) | loss=1.0172
  [Client 65] Round 7 | Per-FedAvg(α=0.01) | loss=1.2407
  [Client  2] Round 7 | Per-FedAvg(α=0.01) | loss=1.2992
  [Client 79] Round 7 | Per-FedAvg(α=0.01) | loss=1.5176
  [Client 43] Round 7 | Per-FedAvg(α=0.01) | loss=1.5135
  [Client 87] Round 7 | Per-FedAvg(α=0.01) | loss=0.9752
  [Client  3] Round 7 | Per-FedAvg(α=0.01) | loss=1.2751
  [Client 13] Round 7 | Per-FedAvg(α=0.01) | loss=1.0371
  [Client 33] Round 7 | Per-FedAvg(α=0.01) | loss=1.3707
  [Client 18] Round 7 | Per-FedAvg(α=0.01) | loss=1.5039
  [Client 96] Round 7 | Per-FedAvg(α=0.01) | loss=1.3839
  [Client 72] Round 7 | Per-FedAvg(α=0.01) | loss=1.5258
  [Client 14] Round 7 | Per-FedAvg(α=0.01) | loss=1.8460
  [Client 86] Round 7 | Per-FedAvg(α=0.01) | loss=1.4193
  [Client 49] Round 7 | Per-FedAvg(α=0.01) | loss=1.5164
  [Client  0] Round 7 | Per-FedAvg(α=0.01) | loss=1.5231
  [Client 82] Round 7 | Per-FedAvg(α=0.01) | loss=1.4194
  [Client  9] Round 7 | Per-FedAvg(α=0.01) | loss=1.4709
  [Client 19] Round 7 | Per-FedAvg(α=0.01) | loss=1.0006
  [Client 85] Round 7 | Per-FedAvg(α=0.01) | loss=1.2961
  [Client 25] Round 7 | Per-FedAvg(α=0.01) | loss=1.3292
  [Client 46] Round 7 | Per-FedAvg(α=0.01) | loss=1.5028
  [Client 29] Round 7 | Per-FedAvg(α=0.01) | loss=1.3423
  [Client 83] Round 7 | Per-FedAvg(α=0.01) | loss=1.5680
  [Client 20] Round 7 | Per-FedAvg(α=0.01) | loss=1.0651
  [Client 55] Round 7 | Per-FedAvg(α=0.01) | loss=1.3534
  [Client 54] Round 7 | Per-FedAvg(α=0.01) | loss=1.4664
  [Client 28] Round 7 | Per-FedAvg(α=0.01) | loss=1.2831
  [Client 30] Round 7 | Per-FedAvg(α=0.01) | loss=1.2034
  [Client 62] Round 7 | Per-FedAvg(α=0.01) | loss=1.2585
  [Client 73] Round 7 | Per-FedAvg(α=0.01) | loss=1.8107
  [Client 15] Round 7 | Per-FedAvg(α=0.01) | loss=1.3738
  [Client 42] Round 7 | Per-FedAvg(α=0.01) | loss=1.3912
  [Client 70] Round 7 | Per-FedAvg(α=0.01) | loss=1.6484
  [Client 78] Round 7 | Per-FedAvg(α=0.01) | loss=1.2357
  [Client 34] Round 7 | Per-FedAvg(α=0.01) | loss=1.2400
  [Client 71] Round 7 | Per-FedAvg(α=0.01) | loss=1.3387
  [Client 84] Round 7 | Per-FedAvg(α=0.01) | loss=1.3532
  [Client 76] Round 7 | Per-FedAvg(α=0.01) | loss=1.5368
  [Client 27] Round 7 | Per-FedAvg(α=0.01) | loss=1.1106
  [Client 90] Round 7 | Per-FedAvg(α=0.01) | loss=1.5386
  [Client 39] Round 7 | Per-FedAvg(α=0.01) | loss=1.7546
  [Client 51] Round 7 | Per-FedAvg(α=0.01) | loss=1.0708
  [Client 94] Round 7 | Per-FedAvg(α=0.01) | loss=1.3087
  [Client 26] Round 7 | Per-FedAvg(α=0.01) | loss=1.3150
  [Client 92] Round 7 | Per-FedAvg(α=0.01) | loss=1.3825
  [Client 68] Round 7 | Per-FedAvg(α=0.01) | loss=1.0792
  [Client 88] Round 7 | Per-FedAvg(α=0.01) | loss=1.5681
  [Client 10] Round 7 | Per-FedAvg(α=0.01) | loss=1.3383
  [Client 60] Round 7 | Per-FedAvg(α=0.01) | loss=1.3142
  [Client 98] Round 7 | Per-FedAvg(α=0.01) | loss=1.3827
  [Client 93] Round 7 | Per-FedAvg(α=0.01) | loss=1.2773
  [Client 67] Round 7 | Per-FedAvg(α=0.01) | loss=1.3352
  [Client 41] Round 7 | Per-FedAvg(α=0.01) | loss=1.5553
  [Client  1] Round 7 | Per-FedAvg(α=0.01) | loss=1.2553
  [Client 36] Round 7 | Per-FedAvg(α=0.01) | loss=1.2204
  [Client 53] Round 7 | Per-FedAvg(α=0.01) | loss=1.3009
  [Client  7] Round 7 | Per-FedAvg(α=0.01) | loss=1.2719
  [Client 89] Round 7 | Per-FedAvg(α=0.01) | loss=1.6010
  [Client 38] Round 7 | Per-FedAvg(α=0.01) | loss=1.1731
  [Client 66] Round 7 | Per-FedAvg(α=0.01) | loss=1.4683
  [Client 58] Round 7 | Per-FedAvg(α=0.01) | loss=1.3264
  [Edge 0] G7 | E1 | loss=1.3518
  [Edge 0] G7 | E2 | Selected 68/98
  [Client 12] Round 7 | Per-FedAvg(α=0.01) | loss=1.3835
  [Client  2] Round 7 | Per-FedAvg(α=0.01) | loss=1.2877
  [Client  3] Round 7 | Per-FedAvg(α=0.01) | loss=1.2804
  [Client 49] Round 7 | Per-FedAvg(α=0.01) | loss=1.4934
  [Client 54] Round 7 | Per-FedAvg(α=0.01) | loss=1.4825
  [Client 57] Round 7 | Per-FedAvg(α=0.01) | loss=1.2703
  [Client  7] Round 7 | Per-FedAvg(α=0.01) | loss=1.2668
  [Client 78] Round 7 | Per-FedAvg(α=0.01) | loss=1.0853
  [Client 51] Round 7 | Per-FedAvg(α=0.01) | loss=1.1465
  [Client 75] Round 7 | Per-FedAvg(α=0.01) | loss=1.4981
  [Client 94] Round 7 | Per-FedAvg(α=0.01) | loss=1.2991
  [Client 53] Round 7 | Per-FedAvg(α=0.01) | loss=1.2801
  [Client 11] Round 7 | Per-FedAvg(α=0.01) | loss=1.2847
  [Client  4] Round 7 | Per-FedAvg(α=0.01) | loss=1.5056
  [Client 28] Round 7 | Per-FedAvg(α=0.01) | loss=1.2444
  [Client 19] Round 7 | Per-FedAvg(α=0.01) | loss=0.9943
  [Client  0] Round 7 | Per-FedAvg(α=0.01) | loss=1.5299
  [Client 68] Round 7 | Per-FedAvg(α=0.01) | loss=1.0824
  [Client 83] Round 7 | Per-FedAvg(α=0.01) | loss=1.5416
  [Client 92] Round 7 | Per-FedAvg(α=0.01) | loss=1.3647
  [Client 72] Round 7 | Per-FedAvg(α=0.01) | loss=1.4297
  [Client 55] Round 7 | Per-FedAvg(α=0.01) | loss=1.4162
  [Client 10] Round 7 | Per-FedAvg(α=0.01) | loss=1.4289
  [Client 67] Round 7 | Per-FedAvg(α=0.01) | loss=1.3306
  [Client 41] Round 7 | Per-FedAvg(α=0.01) | loss=1.5349
  [Client 63] Round 7 | Per-FedAvg(α=0.01) | loss=1.3053
  [Client  8] Round 7 | Per-FedAvg(α=0.01) | loss=1.3385
  [Client 80] Round 7 | Per-FedAvg(α=0.01) | loss=1.4235
  [Client 29] Round 7 | Per-FedAvg(α=0.01) | loss=1.3632
  [Client 58] Round 7 | Per-FedAvg(α=0.01) | loss=1.3546
  [Client 17] Round 7 | Per-FedAvg(α=0.01) | loss=1.4683
  [Client 66] Round 7 | Per-FedAvg(α=0.01) | loss=1.5474
  [Client 77] Round 7 | Per-FedAvg(α=0.01) | loss=1.0618
  [Client 23] Round 7 | Per-FedAvg(α=0.01) | loss=1.3246
  [Client 47] Round 7 | Per-FedAvg(α=0.01) | loss=1.3119
  [Client 76] Round 7 | Per-FedAvg(α=0.01) | loss=1.4526
  [Client 59] Round 7 | Per-FedAvg(α=0.01) | loss=1.3586
  [Client 79] Round 7 | Per-FedAvg(α=0.01) | loss=1.5030
  [Client 45] Round 7 | Per-FedAvg(α=0.01) | loss=1.3814
  [Client 35] Round 7 | Per-FedAvg(α=0.01) | loss=1.0406
  [Client 81] Round 7 | Per-FedAvg(α=0.01) | loss=1.2839
  [Client 39] Round 7 | Per-FedAvg(α=0.01) | loss=2.1753
  [Client 56] Round 7 | Per-FedAvg(α=0.01) | loss=1.3627
  [Client 90] Round 7 | Per-FedAvg(α=0.01) | loss=1.4943
  [Client 36] Round 7 | Per-FedAvg(α=0.01) | loss=1.1818
  [Client 70] Round 7 | Per-FedAvg(α=0.01) | loss=1.6285
  [Client 71] Round 7 | Per-FedAvg(α=0.01) | loss=1.3624
  [Client 97] Round 7 | Per-FedAvg(α=0.01) | loss=1.5595
  [Client 18] Round 7 | Per-FedAvg(α=0.01) | loss=1.4737
  [Client 15] Round 7 | Per-FedAvg(α=0.01) | loss=1.3166
  [Client 95] Round 7 | Per-FedAvg(α=0.01) | loss=0.7588
  [Client 32] Round 7 | Per-FedAvg(α=0.01) | loss=1.2264
  [Client 86] Round 7 | Per-FedAvg(α=0.01) | loss=1.3190
  [Client 99] Round 7 | Per-FedAvg(α=0.01) | loss=1.4874
  [Client 65] Round 7 | Per-FedAvg(α=0.01) | loss=1.1989
  [Client  6] Round 7 | Per-FedAvg(α=0.01) | loss=1.3889
  [Client 40] Round 7 | Per-FedAvg(α=0.01) | loss=1.5087
  [Client 98] Round 7 | Per-FedAvg(α=0.01) | loss=1.3403
  [Client 21] Round 7 | Per-FedAvg(α=0.01) | loss=1.1871
  [Client 84] Round 7 | Per-FedAvg(α=0.01) | loss=1.2967
  [Client 33] Round 7 | Per-FedAvg(α=0.01) | loss=1.4400
  [Client 87] Round 7 | Per-FedAvg(α=0.01) | loss=1.1363
  [Client 25] Round 7 | Per-FedAvg(α=0.01) | loss=1.5520
  [Client 61] Round 7 | Per-FedAvg(α=0.01) | loss=0.9894
  [Client 89] Round 7 | Per-FedAvg(α=0.01) | loss=1.4869
  [Client 82] Round 7 | Per-FedAvg(α=0.01) | loss=1.4548
  [Client  9] Round 7 | Per-FedAvg(α=0.01) | loss=1.4401
  [Client 30] Round 7 | Per-FedAvg(α=0.01) | loss=1.1754
  [Edge 0] G7 | E2 | loss=1.3559
  [Edge 1] G7 | E1 | Selected 1/2
  [Client 31] Round 7 | Per-FedAvg(α=0.01) | loss=1.0183
  [Edge 1] G7 | E1 | loss=1.0183
  [Edge 1] G7 | E2 | Selected 1/2
  [Client 31] Round 7 | Per-FedAvg(α=0.01) | loss=0.9159
  [Edge 1] G7 | E2 | loss=0.9159
  [Cloud] acc=0.3597 | loss=1.7318 | time=900.7s | comm=4236.4MB (total=29655MB)

[Round   8] Broadcasting to 2 edges...
  [Edge 0] G8 | E1 | Selected 68/98
  [Client 60] Round 8 | Per-FedAvg(α=0.01) | loss=1.3585
  [Client 49] Round 8 | Per-FedAvg(α=0.01) | loss=1.5210
  [Client 21] Round 8 | Per-FedAvg(α=0.01) | loss=1.1887
  [Client 55] Round 8 | Per-FedAvg(α=0.01) | loss=1.3687
  [Client 45] Round 8 | Per-FedAvg(α=0.01) | loss=1.3130
  [Client 48] Round 8 | Per-FedAvg(α=0.01) | loss=1.2351
  [Client 80] Round 8 | Per-FedAvg(α=0.01) | loss=1.3193
  [Client 12] Round 8 | Per-FedAvg(α=0.01) | loss=1.1646
  [Client 40] Round 8 | Per-FedAvg(α=0.01) | loss=1.4655
  [Client 81] Round 8 | Per-FedAvg(α=0.01) | loss=1.2956
  [Client 56] Round 8 | Per-FedAvg(α=0.01) | loss=1.3263
  [Client 86] Round 8 | Per-FedAvg(α=0.01) | loss=1.3745
  [Client  2] Round 8 | Per-FedAvg(α=0.01) | loss=1.2221
  [Client 26] Round 8 | Per-FedAvg(α=0.01) | loss=1.2590
  [Client 47] Round 8 | Per-FedAvg(α=0.01) | loss=1.3218
  [Client 50] Round 8 | Per-FedAvg(α=0.01) | loss=1.5643
  [Client 42] Round 8 | Per-FedAvg(α=0.01) | loss=1.3708
  [Client 92] Round 8 | Per-FedAvg(α=0.01) | loss=1.2866
  [Client 73] Round 8 | Per-FedAvg(α=0.01) | loss=1.6418
  [Client 70] Round 8 | Per-FedAvg(α=0.01) | loss=1.6115
  [Client 17] Round 8 | Per-FedAvg(α=0.01) | loss=1.4553
  [Client 41] Round 8 | Per-FedAvg(α=0.01) | loss=1.4574
  [Client 34] Round 8 | Per-FedAvg(α=0.01) | loss=1.2179
  [Client 13] Round 8 | Per-FedAvg(α=0.01) | loss=1.1267
  [Client 59] Round 8 | Per-FedAvg(α=0.01) | loss=1.3531
  [Client 99] Round 8 | Per-FedAvg(α=0.01) | loss=1.6186
  [Client 95] Round 8 | Per-FedAvg(α=0.01) | loss=0.6931
  [Client 76] Round 8 | Per-FedAvg(α=0.01) | loss=1.4467
  [Client 62] Round 8 | Per-FedAvg(α=0.01) | loss=1.2772
  [Client 15] Round 8 | Per-FedAvg(α=0.01) | loss=1.2473
  [Client 97] Round 8 | Per-FedAvg(α=0.01) | loss=1.5154
  [Client  4] Round 8 | Per-FedAvg(α=0.01) | loss=1.5320
  [Client  3] Round 8 | Per-FedAvg(α=0.01) | loss=1.2439
  [Client 78] Round 8 | Per-FedAvg(α=0.01) | loss=1.0938
  [Client  8] Round 8 | Per-FedAvg(α=0.01) | loss=1.3845
  [Client 69] Round 8 | Per-FedAvg(α=0.01) | loss=1.4843
  [Client 91] Round 8 | Per-FedAvg(α=0.01) | loss=1.3991
  [Client 75] Round 8 | Per-FedAvg(α=0.01) | loss=1.4941
  [Client 27] Round 8 | Per-FedAvg(α=0.01) | loss=1.0792
  [Client 53] Round 8 | Per-FedAvg(α=0.01) | loss=1.2833
  [Client 87] Round 8 | Per-FedAvg(α=0.01) | loss=1.0079
  [Client 35] Round 8 | Per-FedAvg(α=0.01) | loss=1.0553
  [Client 10] Round 8 | Per-FedAvg(α=0.01) | loss=1.3898
  [Client 33] Round 8 | Per-FedAvg(α=0.01) | loss=1.3416
  [Client 30] Round 8 | Per-FedAvg(α=0.01) | loss=1.2401
  [Client 54] Round 8 | Per-FedAvg(α=0.01) | loss=1.4524
  [Client 90] Round 8 | Per-FedAvg(α=0.01) | loss=1.5366
  [Client 39] Round 8 | Per-FedAvg(α=0.01) | loss=1.6066
  [Client 57] Round 8 | Per-FedAvg(α=0.01) | loss=1.2880
  [Client 63] Round 8 | Per-FedAvg(α=0.01) | loss=1.3064
  [Client 24] Round 8 | Per-FedAvg(α=0.01) | loss=1.3964
  [Client 38] Round 8 | Per-FedAvg(α=0.01) | loss=1.1391
  [Client  0] Round 8 | Per-FedAvg(α=0.01) | loss=1.4662
  [Client 66] Round 8 | Per-FedAvg(α=0.01) | loss=1.5711
  [Client 93] Round 8 | Per-FedAvg(α=0.01) | loss=1.2552
  [Client  7] Round 8 | Per-FedAvg(α=0.01) | loss=1.2901
  [Client 88] Round 8 | Per-FedAvg(α=0.01) | loss=1.4677
  [Client 77] Round 8 | Per-FedAvg(α=0.01) | loss=1.0319
  [Client 68] Round 8 | Per-FedAvg(α=0.01) | loss=1.0255
  [Client 25] Round 8 | Per-FedAvg(α=0.01) | loss=1.5827
  [Client 58] Round 8 | Per-FedAvg(α=0.01) | loss=1.3288
  [Client 67] Round 8 | Per-FedAvg(α=0.01) | loss=1.4063
  [Client 72] Round 8 | Per-FedAvg(α=0.01) | loss=1.3638
  [Client 52] Round 8 | Per-FedAvg(α=0.01) | loss=1.2140
  [Client  1] Round 8 | Per-FedAvg(α=0.01) | loss=1.5881
  [Client 71] Round 8 | Per-FedAvg(α=0.01) | loss=1.3172
  [Client  9] Round 8 | Per-FedAvg(α=0.01) | loss=1.4823
  [Client 65] Round 8 | Per-FedAvg(α=0.01) | loss=1.2052
  [Edge 0] G8 | E1 | loss=1.3477
  [Edge 0] G8 | E2 | Selected 68/98
  [Client 11] Round 8 | Per-FedAvg(α=0.01) | loss=1.2642
  [Client 73] Round 8 | Per-FedAvg(α=0.01) | loss=1.6671
  [Client 84] Round 8 | Per-FedAvg(α=0.01) | loss=1.2894
  [Client 44] Round 8 | Per-FedAvg(α=0.01) | loss=1.1405
  [Client 21] Round 8 | Per-FedAvg(α=0.01) | loss=1.2880
  [Client 39] Round 8 | Per-FedAvg(α=0.01) | loss=1.6964
  [Client 40] Round 8 | Per-FedAvg(α=0.01) | loss=1.4939
  [Client 94] Round 8 | Per-FedAvg(α=0.01) | loss=1.2750
  [Client 76] Round 8 | Per-FedAvg(α=0.01) | loss=1.4385
  [Client 98] Round 8 | Per-FedAvg(α=0.01) | loss=1.3514
  [Client 81] Round 8 | Per-FedAvg(α=0.01) | loss=1.1829
  [Client 90] Round 8 | Per-FedAvg(α=0.01) | loss=1.4845
  [Client 14] Round 8 | Per-FedAvg(α=0.01) | loss=1.9563
  [Client 53] Round 8 | Per-FedAvg(α=0.01) | loss=1.2585
  [Client 82] Round 8 | Per-FedAvg(α=0.01) | loss=1.3649
  [Client 10] Round 8 | Per-FedAvg(α=0.01) | loss=1.3412
  [Client 46] Round 8 | Per-FedAvg(α=0.01) | loss=1.4870
  [Client 32] Round 8 | Per-FedAvg(α=0.01) | loss=1.1702
  [Client 24] Round 8 | Per-FedAvg(α=0.01) | loss=1.4211
  [Client 12] Round 8 | Per-FedAvg(α=0.01) | loss=1.3041
  [Client 17] Round 8 | Per-FedAvg(α=0.01) | loss=1.5434
  [Client 47] Round 8 | Per-FedAvg(α=0.01) | loss=1.2835
  [Client 68] Round 8 | Per-FedAvg(α=0.01) | loss=1.0822
  [Client 86] Round 8 | Per-FedAvg(α=0.01) | loss=1.3337
  [Client 64] Round 8 | Per-FedAvg(α=0.01) | loss=1.1075
  [Client 48] Round 8 | Per-FedAvg(α=0.01) | loss=1.2461
  [Client 16] Round 8 | Per-FedAvg(α=0.01) | loss=1.4324
  [Client 38] Round 8 | Per-FedAvg(α=0.01) | loss=1.0949
  [Client 43] Round 8 | Per-FedAvg(α=0.01) | loss=1.4288
  [Client 61] Round 8 | Per-FedAvg(α=0.01) | loss=1.0417
  [Client  4] Round 8 | Per-FedAvg(α=0.01) | loss=1.5021
  [Client 89] Round 8 | Per-FedAvg(α=0.01) | loss=1.4133
  [Client 15] Round 8 | Per-FedAvg(α=0.01) | loss=1.3143
  [Client 99] Round 8 | Per-FedAvg(α=0.01) | loss=1.4603
  [Client 58] Round 8 | Per-FedAvg(α=0.01) | loss=1.4018
  [Client 49] Round 8 | Per-FedAvg(α=0.01) | loss=1.4388
  [Client 69] Round 8 | Per-FedAvg(α=0.01) | loss=1.5257
  [Client 88] Round 8 | Per-FedAvg(α=0.01) | loss=1.5141
  [Client 57] Round 8 | Per-FedAvg(α=0.01) | loss=1.2790
  [Client 37] Round 8 | Per-FedAvg(α=0.01) | loss=1.4375
  [Client 62] Round 8 | Per-FedAvg(α=0.01) | loss=1.2312
  [Client 80] Round 8 | Per-FedAvg(α=0.01) | loss=1.4951
  [Client 33] Round 8 | Per-FedAvg(α=0.01) | loss=1.3564
  [Client 97] Round 8 | Per-FedAvg(α=0.01) | loss=1.4319
  [Client 70] Round 8 | Per-FedAvg(α=0.01) | loss=1.6414
  [Client 83] Round 8 | Per-FedAvg(α=0.01) | loss=1.4926
  [Client 27] Round 8 | Per-FedAvg(α=0.01) | loss=1.0245
  [Client 59] Round 8 | Per-FedAvg(α=0.01) | loss=1.3740
  [Client 52] Round 8 | Per-FedAvg(α=0.01) | loss=1.2062
  [Client 25] Round 8 | Per-FedAvg(α=0.01) | loss=1.7391
  [Client 50] Round 8 | Per-FedAvg(α=0.01) | loss=1.4778
  [Client 30] Round 8 | Per-FedAvg(α=0.01) | loss=1.1146
  [Client  7] Round 8 | Per-FedAvg(α=0.01) | loss=1.2221
  [Client 35] Round 8 | Per-FedAvg(α=0.01) | loss=1.0437
  [Client 93] Round 8 | Per-FedAvg(α=0.01) | loss=1.2435
  [Client 63] Round 8 | Per-FedAvg(α=0.01) | loss=1.2820
  [Client 36] Round 8 | Per-FedAvg(α=0.01) | loss=1.1662
  [Client  9] Round 8 | Per-FedAvg(α=0.01) | loss=1.4655
  [Client  1] Round 8 | Per-FedAvg(α=0.01) | loss=1.6603
  [Client 28] Round 8 | Per-FedAvg(α=0.01) | loss=1.3676
  [Client 19] Round 8 | Per-FedAvg(α=0.01) | loss=1.0096
  [Client 95] Round 8 | Per-FedAvg(α=0.01) | loss=0.6918
  [Client 42] Round 8 | Per-FedAvg(α=0.01) | loss=1.3893
  [Client 22] Round 8 | Per-FedAvg(α=0.01) | loss=1.2472
  [Client  8] Round 8 | Per-FedAvg(α=0.01) | loss=1.3610
  [Client 79] Round 8 | Per-FedAvg(α=0.01) | loss=1.5164
  [Client 20] Round 8 | Per-FedAvg(α=0.01) | loss=1.0214
  [Client  2] Round 8 | Per-FedAvg(α=0.01) | loss=1.2595
  [Edge 0] G8 | E2 | loss=1.3424
  [Edge 1] G8 | E1 | Selected 1/2
  [Client 31] Round 8 | Per-FedAvg(α=0.01) | loss=0.6517
  [Edge 1] G8 | E1 | loss=0.6517
  [Edge 1] G8 | E2 | Selected 1/2
  [Client  5] Round 8 | Per-FedAvg(α=0.01) | loss=0.9842
  [Edge 1] G8 | E2 | loss=0.9842
  [Cloud] acc=0.3502 | loss=1.7196 | time=886.6s | comm=4236.4MB (total=33891MB)

[Round   9] Broadcasting to 2 edges...
  [Edge 0] G9 | E1 | Selected 68/98
  [Client 48] Round 9 | Per-FedAvg(α=0.01) | loss=1.2117
  [Client 39] Round 9 | Per-FedAvg(α=0.01) | loss=2.2206
  [Client 66] Round 9 | Per-FedAvg(α=0.01) | loss=1.4198
  [Client 32] Round 9 | Per-FedAvg(α=0.01) | loss=1.1776
  [Client 38] Round 9 | Per-FedAvg(α=0.01) | loss=1.2387
  [Client 81] Round 9 | Per-FedAvg(α=0.01) | loss=1.1576
  [Client 83] Round 9 | Per-FedAvg(α=0.01) | loss=1.5062
  [Client  3] Round 9 | Per-FedAvg(α=0.01) | loss=1.1619
  [Client 90] Round 9 | Per-FedAvg(α=0.01) | loss=1.4729
  [Client 74] Round 9 | Per-FedAvg(α=0.01) | loss=1.1649
  [Client 85] Round 9 | Per-FedAvg(α=0.01) | loss=1.3148
  [Client 53] Round 9 | Per-FedAvg(α=0.01) | loss=1.2237
  [Client 15] Round 9 | Per-FedAvg(α=0.01) | loss=1.3355
  [Client 71] Round 9 | Per-FedAvg(α=0.01) | loss=1.2795
  [Client 59] Round 9 | Per-FedAvg(α=0.01) | loss=1.2710
  [Client 43] Round 9 | Per-FedAvg(α=0.01) | loss=1.3784
  [Client 95] Round 9 | Per-FedAvg(α=0.01) | loss=0.6661
  [Client 78] Round 9 | Per-FedAvg(α=0.01) | loss=1.0655
  [Client 49] Round 9 | Per-FedAvg(α=0.01) | loss=1.4324
  [Client  1] Round 9 | Per-FedAvg(α=0.01) | loss=1.3107
  [Client 27] Round 9 | Per-FedAvg(α=0.01) | loss=1.0053
  [Client  0] Round 9 | Per-FedAvg(α=0.01) | loss=1.3539
  [Client 35] Round 9 | Per-FedAvg(α=0.01) | loss=1.1690
  [Client 58] Round 9 | Per-FedAvg(α=0.01) | loss=1.3581
  [Client 79] Round 9 | Per-FedAvg(α=0.01) | loss=1.5211
  [Client  9] Round 9 | Per-FedAvg(α=0.01) | loss=1.3549
  [Client 96] Round 9 | Per-FedAvg(α=0.01) | loss=1.2938
  [Client 28] Round 9 | Per-FedAvg(α=0.01) | loss=1.2155
  [Client 44] Round 9 | Per-FedAvg(α=0.01) | loss=0.9933
  [Client 63] Round 9 | Per-FedAvg(α=0.01) | loss=1.2584
  [Client 75] Round 9 | Per-FedAvg(α=0.01) | loss=1.3991
  [Client 92] Round 9 | Per-FedAvg(α=0.01) | loss=1.3165
  [Client 57] Round 9 | Per-FedAvg(α=0.01) | loss=1.2425
  [Client 51] Round 9 | Per-FedAvg(α=0.01) | loss=1.0519
  [Client 73] Round 9 | Per-FedAvg(α=0.01) | loss=1.6301
  [Client 62] Round 9 | Per-FedAvg(α=0.01) | loss=1.2311
  [Client 30] Round 9 | Per-FedAvg(α=0.01) | loss=1.1234
  [Client 84] Round 9 | Per-FedAvg(α=0.01) | loss=1.2981
  [Client 45] Round 9 | Per-FedAvg(α=0.01) | loss=1.3481
  [Client 86] Round 9 | Per-FedAvg(α=0.01) | loss=1.4091
  [Client 99] Round 9 | Per-FedAvg(α=0.01) | loss=1.4911
  [Client 37] Round 9 | Per-FedAvg(α=0.01) | loss=1.3370
  [Client 19] Round 9 | Per-FedAvg(α=0.01) | loss=0.9943
  [Client 61] Round 9 | Per-FedAvg(α=0.01) | loss=0.9687
  [Client 65] Round 9 | Per-FedAvg(α=0.01) | loss=1.1746
  [Client 56] Round 9 | Per-FedAvg(α=0.01) | loss=1.3173
  [Client 12] Round 9 | Per-FedAvg(α=0.01) | loss=1.0450
  [Client 50] Round 9 | Per-FedAvg(α=0.01) | loss=1.4985
  [Client 69] Round 9 | Per-FedAvg(α=0.01) | loss=1.5219
  [Client  7] Round 9 | Per-FedAvg(α=0.01) | loss=1.2470
  [Client 70] Round 9 | Per-FedAvg(α=0.01) | loss=1.5792
  [Client 97] Round 9 | Per-FedAvg(α=0.01) | loss=1.4727
  [Client 88] Round 9 | Per-FedAvg(α=0.01) | loss=1.5598
  [Client  8] Round 9 | Per-FedAvg(α=0.01) | loss=1.3874
  [Client 22] Round 9 | Per-FedAvg(α=0.01) | loss=1.2910
  [Client  2] Round 9 | Per-FedAvg(α=0.01) | loss=1.2323
  [Client 24] Round 9 | Per-FedAvg(α=0.01) | loss=1.3642
  [Client 87] Round 9 | Per-FedAvg(α=0.01) | loss=0.9582
  [Client 25] Round 9 | Per-FedAvg(α=0.01) | loss=1.4103
  [Client 60] Round 9 | Per-FedAvg(α=0.01) | loss=1.2746
  [Client 21] Round 9 | Per-FedAvg(α=0.01) | loss=1.2204
  [Client 18] Round 9 | Per-FedAvg(α=0.01) | loss=1.4478
  [Client 80] Round 9 | Per-FedAvg(α=0.01) | loss=1.3905
  [Client 26] Round 9 | Per-FedAvg(α=0.01) | loss=1.2612
  [Client 41] Round 9 | Per-FedAvg(α=0.01) | loss=1.4689
  [Client  4] Round 9 | Per-FedAvg(α=0.01) | loss=1.4789
  [Client 40] Round 9 | Per-FedAvg(α=0.01) | loss=1.4131
  [Client  6] Round 9 | Per-FedAvg(α=0.01) | loss=1.5878
  [Edge 0] G9 | E1 | loss=1.3146
  [Edge 0] G9 | E2 | Selected 68/98
  [Client 32] Round 9 | Per-FedAvg(α=0.01) | loss=1.1765
  [Client 19] Round 9 | Per-FedAvg(α=0.01) | loss=0.9840
  [Client 79] Round 9 | Per-FedAvg(α=0.01) | loss=1.4615
  [Client 97] Round 9 | Per-FedAvg(α=0.01) | loss=1.4641
  [Client 50] Round 9 | Per-FedAvg(α=0.01) | loss=1.4603
  [Client 73] Round 9 | Per-FedAvg(α=0.01) | loss=1.6353
  [Client  0] Round 9 | Per-FedAvg(α=0.01) | loss=1.7505
  [Client 13] Round 9 | Per-FedAvg(α=0.01) | loss=1.0194
  [Client 70] Round 9 | Per-FedAvg(α=0.01) | loss=1.5941
  [Client 23] Round 9 | Per-FedAvg(α=0.01) | loss=1.3146
  [Client 25] Round 9 | Per-FedAvg(α=0.01) | loss=1.4186
  [Client 82] Round 9 | Per-FedAvg(α=0.01) | loss=1.3939
  [Client 88] Round 9 | Per-FedAvg(α=0.01) | loss=1.5419
  [Client 28] Round 9 | Per-FedAvg(α=0.01) | loss=1.2774
  [Client 42] Round 9 | Per-FedAvg(α=0.01) | loss=1.3594
  [Client 80] Round 9 | Per-FedAvg(α=0.01) | loss=1.4217
  [Client 62] Round 9 | Per-FedAvg(α=0.01) | loss=1.2360
  [Client 44] Round 9 | Per-FedAvg(α=0.01) | loss=1.5191
  [Client 69] Round 9 | Per-FedAvg(α=0.01) | loss=1.5486
  [Client 99] Round 9 | Per-FedAvg(α=0.01) | loss=1.4289
  [Client 54] Round 9 | Per-FedAvg(α=0.01) | loss=1.3096
  [Client 61] Round 9 | Per-FedAvg(α=0.01) | loss=0.9721
  [Client 87] Round 9 | Per-FedAvg(α=0.01) | loss=1.1636
  [Client 22] Round 9 | Per-FedAvg(α=0.01) | loss=1.2075
  [Client 45] Round 9 | Per-FedAvg(α=0.01) | loss=1.3200
  [Client 85] Round 9 | Per-FedAvg(α=0.01) | loss=1.2494
  [Client 33] Round 9 | Per-FedAvg(α=0.01) | loss=1.3455
  [Client 37] Round 9 | Per-FedAvg(α=0.01) | loss=1.4244
  [Client 94] Round 9 | Per-FedAvg(α=0.01) | loss=1.2895
  [Client 24] Round 9 | Per-FedAvg(α=0.01) | loss=1.3659
  [Client 34] Round 9 | Per-FedAvg(α=0.01) | loss=1.2123
  [Client 96] Round 9 | Per-FedAvg(α=0.01) | loss=1.2822
  [Client 60] Round 9 | Per-FedAvg(α=0.01) | loss=1.2394
  [Client 64] Round 9 | Per-FedAvg(α=0.01) | loss=1.1524
  [Client 17] Round 9 | Per-FedAvg(α=0.01) | loss=1.5276
  [Client 63] Round 9 | Per-FedAvg(α=0.01) | loss=1.2425
  [Client 47] Round 9 | Per-FedAvg(α=0.01) | loss=1.2228
  [Client 75] Round 9 | Per-FedAvg(α=0.01) | loss=1.4448
  [Client  9] Round 9 | Per-FedAvg(α=0.01) | loss=1.4180
  [Client 81] Round 9 | Per-FedAvg(α=0.01) | loss=1.4328
  [Client 26] Round 9 | Per-FedAvg(α=0.01) | loss=1.2333
  [Client 76] Round 9 | Per-FedAvg(α=0.01) | loss=1.4056
  [Client 95] Round 9 | Per-FedAvg(α=0.01) | loss=0.7161
  [Client 14] Round 9 | Per-FedAvg(α=0.01) | loss=1.7732
  [Client 93] Round 9 | Per-FedAvg(α=0.01) | loss=1.2475
  [Client  1] Round 9 | Per-FedAvg(α=0.01) | loss=1.4155
  [Client 68] Round 9 | Per-FedAvg(α=0.01) | loss=1.0316
  [Client 59] Round 9 | Per-FedAvg(α=0.01) | loss=1.2659
  [Client 65] Round 9 | Per-FedAvg(α=0.01) | loss=1.1856
  [Client 40] Round 9 | Per-FedAvg(α=0.01) | loss=1.3905
  [Client 36] Round 9 | Per-FedAvg(α=0.01) | loss=1.1817
  [Client 52] Round 9 | Per-FedAvg(α=0.01) | loss=1.2167
  [Client 72] Round 9 | Per-FedAvg(α=0.01) | loss=1.4343
  [Client 49] Round 9 | Per-FedAvg(α=0.01) | loss=1.4392
  [Client  4] Round 9 | Per-FedAvg(α=0.01) | loss=1.4976
  [Client 43] Round 9 | Per-FedAvg(α=0.01) | loss=1.4281
  [Client 91] Round 9 | Per-FedAvg(α=0.01) | loss=1.2089
  [Client 74] Round 9 | Per-FedAvg(α=0.01) | loss=1.1043
  [Client 83] Round 9 | Per-FedAvg(α=0.01) | loss=1.4818
  [Client 18] Round 9 | Per-FedAvg(α=0.01) | loss=1.4298
  [Client 48] Round 9 | Per-FedAvg(α=0.01) | loss=1.1687
  [Client 30] Round 9 | Per-FedAvg(α=0.01) | loss=1.1668
  [Client 77] Round 9 | Per-FedAvg(α=0.01) | loss=1.0200
  [Client 89] Round 9 | Per-FedAvg(α=0.01) | loss=1.3767
  [Client 20] Round 9 | Per-FedAvg(α=0.01) | loss=1.0520
  [Client 67] Round 9 | Per-FedAvg(α=0.01) | loss=1.2738
  [Client 98] Round 9 | Per-FedAvg(α=0.01) | loss=1.3063
  [Client 41] Round 9 | Per-FedAvg(α=0.01) | loss=1.4553
  [Edge 0] G9 | E2 | loss=1.3254
  [Edge 1] G9 | E1 | Selected 1/2
  [Client  5] Round 9 | Per-FedAvg(α=0.01) | loss=0.8187
  [Edge 1] G9 | E1 | loss=0.8187
  [Edge 1] G9 | E2 | Selected 1/2
  [Client  5] Round 9 | Per-FedAvg(α=0.01) | loss=0.6717
  [Edge 1] G9 | E2 | loss=0.6717
  [Cloud] acc=0.3588 | loss=1.6861 | time=913.5s | comm=4236.4MB (total=38128MB)

[Round  10] Broadcasting to 2 edges...
  [Edge 0] G10 | E1 | Selected 68/98
  [Client 93] Round 10 | Per-FedAvg(α=0.01) | loss=1.2226
  [Client 41] Round 10 | Per-FedAvg(α=0.01) | loss=1.4866
  [Client  3] Round 10 | Per-FedAvg(α=0.01) | loss=1.2625
  [Client 92] Round 10 | Per-FedAvg(α=0.01) | loss=1.3595
  [Client 84] Round 10 | Per-FedAvg(α=0.01) | loss=1.3072
  [Client 46] Round 10 | Per-FedAvg(α=0.01) | loss=1.3954
  [Client 60] Round 10 | Per-FedAvg(α=0.01) | loss=1.2074
  [Client 95] Round 10 | Per-FedAvg(α=0.01) | loss=0.6554
  [Client 20] Round 10 | Per-FedAvg(α=0.01) | loss=1.0355
  [Client 22] Round 10 | Per-FedAvg(α=0.01) | loss=1.2852
  [Client 87] Round 10 | Per-FedAvg(α=0.01) | loss=1.0971
  [Client 33] Round 10 | Per-FedAvg(α=0.01) | loss=1.3916
  [Client 66] Round 10 | Per-FedAvg(α=0.01) | loss=1.4115
  [Client 80] Round 10 | Per-FedAvg(α=0.01) | loss=1.4676
  [Client 88] Round 10 | Per-FedAvg(α=0.01) | loss=1.4359
  [Client 55] Round 10 | Per-FedAvg(α=0.01) | loss=1.2756
  [Client 34] Round 10 | Per-FedAvg(α=0.01) | loss=1.2053
  [Client  7] Round 10 | Per-FedAvg(α=0.01) | loss=1.2105
  [Client  4] Round 10 | Per-FedAvg(α=0.01) | loss=1.4054
  [Client 75] Round 10 | Per-FedAvg(α=0.01) | loss=1.3904
  [Client 15] Round 10 | Per-FedAvg(α=0.01) | loss=1.3268
  [Client 43] Round 10 | Per-FedAvg(α=0.01) | loss=1.4445
  [Client 74] Round 10 | Per-FedAvg(α=0.01) | loss=1.0682
  [Client 83] Round 10 | Per-FedAvg(α=0.01) | loss=1.4958
  [Client  8] Round 10 | Per-FedAvg(α=0.01) | loss=1.4211
  [Client 25] Round 10 | Per-FedAvg(α=0.01) | loss=1.5831
  [Client 61] Round 10 | Per-FedAvg(α=0.01) | loss=0.9799
  [Client  9] Round 10 | Per-FedAvg(α=0.01) | loss=1.3596
  [Client 38] Round 10 | Per-FedAvg(α=0.01) | loss=1.1017
  [Client 97] Round 10 | Per-FedAvg(α=0.01) | loss=1.4714
  [Client 10] Round 10 | Per-FedAvg(α=0.01) | loss=1.3733
  [Client 91] Round 10 | Per-FedAvg(α=0.01) | loss=1.2007
  [Client 40] Round 10 | Per-FedAvg(α=0.01) | loss=1.4215
  [Client 65] Round 10 | Per-FedAvg(α=0.01) | loss=1.3060
  [Client 26] Round 10 | Per-FedAvg(α=0.01) | loss=1.2685
  [Client 35] Round 10 | Per-FedAvg(α=0.01) | loss=1.1523
  [Client 30] Round 10 | Per-FedAvg(α=0.01) | loss=1.1938
  [Client 64] Round 10 | Per-FedAvg(α=0.01) | loss=1.1661
  [Client 16] Round 10 | Per-FedAvg(α=0.01) | loss=1.3658
  [Client 82] Round 10 | Per-FedAvg(α=0.01) | loss=1.3384
  [Client  0] Round 10 | Per-FedAvg(α=0.01) | loss=1.3433
  [Client 45] Round 10 | Per-FedAvg(α=0.01) | loss=1.3665
  [Client 47] Round 10 | Per-FedAvg(α=0.01) | loss=1.2454
  [Client 24] Round 10 | Per-FedAvg(α=0.01) | loss=1.3512
  [Client 73] Round 10 | Per-FedAvg(α=0.01) | loss=1.5957
  [Client 12] Round 10 | Per-FedAvg(α=0.01) | loss=1.3964
  [Client  2] Round 10 | Per-FedAvg(α=0.01) | loss=1.2073
  [Client 96] Round 10 | Per-FedAvg(α=0.01) | loss=1.2805
  [Client 58] Round 10 | Per-FedAvg(α=0.01) | loss=1.3593
  [Client 37] Round 10 | Per-FedAvg(α=0.01) | loss=1.3306
  [Client 86] Round 10 | Per-FedAvg(α=0.01) | loss=1.3137
  [Client 81] Round 10 | Per-FedAvg(α=0.01) | loss=1.1922
  [Client 28] Round 10 | Per-FedAvg(α=0.01) | loss=1.2203
  [Client 98] Round 10 | Per-FedAvg(α=0.01) | loss=1.2997
  [Client 32] Round 10 | Per-FedAvg(α=0.01) | loss=1.1409
  [Client 29] Round 10 | Per-FedAvg(α=0.01) | loss=1.3032
  [Client 54] Round 10 | Per-FedAvg(α=0.01) | loss=1.3696
  [Client 67] Round 10 | Per-FedAvg(α=0.01) | loss=1.2544
  [Client  6] Round 10 | Per-FedAvg(α=0.01) | loss=1.3624
  [Client 14] Round 10 | Per-FedAvg(α=0.01) | loss=1.7009
  [Client 59] Round 10 | Per-FedAvg(α=0.01) | loss=1.3054
  [Client 71] Round 10 | Per-FedAvg(α=0.01) | loss=1.2603
  [Client 21] Round 10 | Per-FedAvg(α=0.01) | loss=1.0709
  [Client 56] Round 10 | Per-FedAvg(α=0.01) | loss=1.3049
  [Client 90] Round 10 | Per-FedAvg(α=0.01) | loss=1.4582
  [Client 52] Round 10 | Per-FedAvg(α=0.01) | loss=1.2146
  [Client 68] Round 10 | Per-FedAvg(α=0.01) | loss=1.0537
  [Client 78] Round 10 | Per-FedAvg(α=0.01) | loss=1.0351
  [Edge 0] G10 | E1 | loss=1.3059
  [Edge 0] G10 | E2 | Selected 68/98
  [Client 37] Round 10 | Per-FedAvg(α=0.01) | loss=1.3418
  [Client  7] Round 10 | Per-FedAvg(α=0.01) | loss=1.2554
  [Client 52] Round 10 | Per-FedAvg(α=0.01) | loss=1.1803
  [Client 67] Round 10 | Per-FedAvg(α=0.01) | loss=1.2112
  [Client 69] Round 10 | Per-FedAvg(α=0.01) | loss=1.4416
  [Client 13] Round 10 | Per-FedAvg(α=0.01) | loss=1.0675
  [Client  8] Round 10 | Per-FedAvg(α=0.01) | loss=1.2658
  [Client 39] Round 10 | Per-FedAvg(α=0.01) | loss=2.0527
  [Client 84] Round 10 | Per-FedAvg(α=0.01) | loss=1.2580
  [Client 66] Round 10 | Per-FedAvg(α=0.01) | loss=1.4033
  [Client 45] Round 10 | Per-FedAvg(α=0.01) | loss=1.3161
  [Client 86] Round 10 | Per-FedAvg(α=0.01) | loss=1.2914
  [Client 46] Round 10 | Per-FedAvg(α=0.01) | loss=1.4473
  [Client 19] Round 10 | Per-FedAvg(α=0.01) | loss=0.9162
  [Client 74] Round 10 | Per-FedAvg(α=0.01) | loss=1.0820
  [Client 27] Round 10 | Per-FedAvg(α=0.01) | loss=1.0080
  [Client 61] Round 10 | Per-FedAvg(α=0.01) | loss=0.9291
  [Client 11] Round 10 | Per-FedAvg(α=0.01) | loss=1.2335
  [Client 14] Round 10 | Per-FedAvg(α=0.01) | loss=1.8434
  [Client 91] Round 10 | Per-FedAvg(α=0.01) | loss=1.1434
  [Client 41] Round 10 | Per-FedAvg(α=0.01) | loss=1.4350
  [Client 97] Round 10 | Per-FedAvg(α=0.01) | loss=1.4902
  [Client 62] Round 10 | Per-FedAvg(α=0.01) | loss=1.2068
  [Client 63] Round 10 | Per-FedAvg(α=0.01) | loss=1.2112
  [Client 32] Round 10 | Per-FedAvg(α=0.01) | loss=1.1003
  [Client 50] Round 10 | Per-FedAvg(α=0.01) | loss=1.4590
  [Client 77] Round 10 | Per-FedAvg(α=0.01) | loss=1.0363
  [Client 60] Round 10 | Per-FedAvg(α=0.01) | loss=1.2130
  [Client 65] Round 10 | Per-FedAvg(α=0.01) | loss=1.0944
  [Client 82] Round 10 | Per-FedAvg(α=0.01) | loss=1.3819
  [Client 22] Round 10 | Per-FedAvg(α=0.01) | loss=1.2764
  [Client 56] Round 10 | Per-FedAvg(α=0.01) | loss=1.2446
  [Client 26] Round 10 | Per-FedAvg(α=0.01) | loss=1.2363
  [Client 64] Round 10 | Per-FedAvg(α=0.01) | loss=1.0676
  [Client 21] Round 10 | Per-FedAvg(α=0.01) | loss=1.1823
  [Client 44] Round 10 | Per-FedAvg(α=0.01) | loss=1.0364
  [Client 58] Round 10 | Per-FedAvg(α=0.01) | loss=1.3070
  [Client 99] Round 10 | Per-FedAvg(α=0.01) | loss=1.3830
  [Client 94] Round 10 | Per-FedAvg(α=0.01) | loss=1.3026
  [Client 33] Round 10 | Per-FedAvg(α=0.01) | loss=1.3294
  [Client 23] Round 10 | Per-FedAvg(α=0.01) | loss=1.2598
  [Client 42] Round 10 | Per-FedAvg(α=0.01) | loss=1.3745
  [Client 28] Round 10 | Per-FedAvg(α=0.01) | loss=1.2116
  [Client 96] Round 10 | Per-FedAvg(α=0.01) | loss=1.3083
  [Client 78] Round 10 | Per-FedAvg(α=0.01) | loss=1.0573
  [Client  4] Round 10 | Per-FedAvg(α=0.01) | loss=1.4377
  [Client 75] Round 10 | Per-FedAvg(α=0.01) | loss=1.3996
  [Client 98] Round 10 | Per-FedAvg(α=0.01) | loss=1.2252
  [Client 80] Round 10 | Per-FedAvg(α=0.01) | loss=1.4204
  [Client 30] Round 10 | Per-FedAvg(α=0.01) | loss=1.1234
  [Client 90] Round 10 | Per-FedAvg(α=0.01) | loss=1.4522
  [Client 87] Round 10 | Per-FedAvg(α=0.01) | loss=0.9803
  [Client 35] Round 10 | Per-FedAvg(α=0.01) | loss=0.9618
  [Client 53] Round 10 | Per-FedAvg(α=0.01) | loss=1.2295
  [Client 49] Round 10 | Per-FedAvg(α=0.01) | loss=1.3953
  [Client 76] Round 10 | Per-FedAvg(α=0.01) | loss=1.3579
  [Client 24] Round 10 | Per-FedAvg(α=0.01) | loss=1.3225
  [Client 36] Round 10 | Per-FedAvg(α=0.01) | loss=1.1104
  [Client  0] Round 10 | Per-FedAvg(α=0.01) | loss=1.4624
  [Client 71] Round 10 | Per-FedAvg(α=0.01) | loss=1.2281
  [Client  1] Round 10 | Per-FedAvg(α=0.01) | loss=1.5942
  [Client 55] Round 10 | Per-FedAvg(α=0.01) | loss=1.2603
  [Client 47] Round 10 | Per-FedAvg(α=0.01) | loss=1.2412
  [Client 83] Round 10 | Per-FedAvg(α=0.01) | loss=1.4840
  [Client 10] Round 10 | Per-FedAvg(α=0.01) | loss=1.3000
  [Client  6] Round 10 | Per-FedAvg(α=0.01) | loss=1.3206
  [Client 89] Round 10 | Per-FedAvg(α=0.01) | loss=1.4083
  [Client  3] Round 10 | Per-FedAvg(α=0.01) | loss=1.1831
  [Edge 0] G10 | E2 | loss=1.2684
  [Edge 1] G10 | E1 | Selected 1/2
  [Client  5] Round 10 | Per-FedAvg(α=0.01) | loss=0.7408
  [Edge 1] G10 | E1 | loss=0.7408
  [Edge 1] G10 | E2 | Selected 1/2
  [Client 31] Round 10 | Per-FedAvg(α=0.01) | loss=0.8089
  [Edge 1] G10 | E2 | loss=0.8089
  [Cloud] acc=0.3803 | loss=1.6450 | time=869.8s | comm=4236.4MB (total=42364MB)

[Round  11] Broadcasting to 2 edges...
  [Edge 0] G11 | E1 | Selected 68/98
  [Client 20] Round 11 | Per-FedAvg(α=0.01) | loss=1.0279
  [Client 69] Round 11 | Per-FedAvg(α=0.01) | loss=1.4778
  [Client 68] Round 11 | Per-FedAvg(α=0.01) | loss=1.0279
  [Client 66] Round 11 | Per-FedAvg(α=0.01) | loss=1.3890
  [Client 89] Round 11 | Per-FedAvg(α=0.01) | loss=1.2933
  [Client 47] Round 11 | Per-FedAvg(α=0.01) | loss=1.2481
  [Client 87] Round 11 | Per-FedAvg(α=0.01) | loss=0.9561
  [Client 70] Round 11 | Per-FedAvg(α=0.01) | loss=1.5524
  [Client 48] Round 11 | Per-FedAvg(α=0.01) | loss=1.3067
  [Client 37] Round 11 | Per-FedAvg(α=0.01) | loss=1.3471
  [Client 78] Round 11 | Per-FedAvg(α=0.01) | loss=0.9784
  [Client  6] Round 11 | Per-FedAvg(α=0.01) | loss=1.3192
  [Client 61] Round 11 | Per-FedAvg(α=0.01) | loss=0.9519
  [Client 93] Round 11 | Per-FedAvg(α=0.01) | loss=1.2241
  [Client 22] Round 11 | Per-FedAvg(α=0.01) | loss=1.2415
  [Client  9] Round 11 | Per-FedAvg(α=0.01) | loss=1.4082
  [Client 67] Round 11 | Per-FedAvg(α=0.01) | loss=1.2660
  [Client 97] Round 11 | Per-FedAvg(α=0.01) | loss=1.4720
  [Client 98] Round 11 | Per-FedAvg(α=0.01) | loss=1.2553
  [Client 63] Round 11 | Per-FedAvg(α=0.01) | loss=1.2508
  [Client 51] Round 11 | Per-FedAvg(α=0.01) | loss=0.9718
  [Client 30] Round 11 | Per-FedAvg(α=0.01) | loss=1.0830
  [Client 91] Round 11 | Per-FedAvg(α=0.01) | loss=1.1928
  [Client 12] Round 11 | Per-FedAvg(α=0.01) | loss=1.1649
  [Client 35] Round 11 | Per-FedAvg(α=0.01) | loss=1.0249
  [Client 21] Round 11 | Per-FedAvg(α=0.01) | loss=1.0474
  [Client 32] Round 11 | Per-FedAvg(α=0.01) | loss=1.0962
  [Client 90] Round 11 | Per-FedAvg(α=0.01) | loss=1.4387
  [Client 65] Round 11 | Per-FedAvg(α=0.01) | loss=1.1811
  [Client 86] Round 11 | Per-FedAvg(α=0.01) | loss=1.2265
  [Client 59] Round 11 | Per-FedAvg(α=0.01) | loss=1.2995
  [Client 24] Round 11 | Per-FedAvg(α=0.01) | loss=1.3397
  [Client 49] Round 11 | Per-FedAvg(α=0.01) | loss=1.4053
  [Client 28] Round 11 | Per-FedAvg(α=0.01) | loss=1.1580
  [Client 29] Round 11 | Per-FedAvg(α=0.01) | loss=1.3052
  [Client 64] Round 11 | Per-FedAvg(α=0.01) | loss=1.1354
  [Client 58] Round 11 | Per-FedAvg(α=0.01) | loss=1.2087
  [Client 26] Round 11 | Per-FedAvg(α=0.01) | loss=1.1909
  [Client 44] Round 11 | Per-FedAvg(α=0.01) | loss=1.1206
  [Client 88] Round 11 | Per-FedAvg(α=0.01) | loss=1.4998
  [Client 55] Round 11 | Per-FedAvg(α=0.01) | loss=1.2581
  [Client  4] Round 11 | Per-FedAvg(α=0.01) | loss=1.3884
  [Client 38] Round 11 | Per-FedAvg(α=0.01) | loss=1.0119
  [Client 27] Round 11 | Per-FedAvg(α=0.01) | loss=0.9758
  [Client 74] Round 11 | Per-FedAvg(α=0.01) | loss=1.0853
  [Client 82] Round 11 | Per-FedAvg(α=0.01) | loss=1.3357
  [Client 13] Round 11 | Per-FedAvg(α=0.01) | loss=1.0379
  [Client 41] Round 11 | Per-FedAvg(α=0.01) | loss=1.4608
  [Client 71] Round 11 | Per-FedAvg(α=0.01) | loss=1.2516
  [Client 53] Round 11 | Per-FedAvg(α=0.01) | loss=1.2104
  [Client 75] Round 11 | Per-FedAvg(α=0.01) | loss=1.3976
  [Client 96] Round 11 | Per-FedAvg(α=0.01) | loss=1.2927
  [Client 95] Round 11 | Per-FedAvg(α=0.01) | loss=0.6593
  [Client 79] Round 11 | Per-FedAvg(α=0.01) | loss=1.4727
  [Client 73] Round 11 | Per-FedAvg(α=0.01) | loss=1.5528
  [Client  7] Round 11 | Per-FedAvg(α=0.01) | loss=1.1493
  [Client 62] Round 11 | Per-FedAvg(α=0.01) | loss=1.2750
  [Client 42] Round 11 | Per-FedAvg(α=0.01) | loss=1.2642
  [Client 14] Round 11 | Per-FedAvg(α=0.01) | loss=1.5627
  [Client 43] Round 11 | Per-FedAvg(α=0.01) | loss=1.3573
  [Client 15] Round 11 | Per-FedAvg(α=0.01) | loss=1.3502
  [Client 33] Round 11 | Per-FedAvg(α=0.01) | loss=1.3697
  [Client 84] Round 11 | Per-FedAvg(α=0.01) | loss=1.2401
  [Client  3] Round 11 | Per-FedAvg(α=0.01) | loss=1.1880
  [Client 39] Round 11 | Per-FedAvg(α=0.01) | loss=1.7149
  [Client 76] Round 11 | Per-FedAvg(α=0.01) | loss=1.3502
  [Client  1] Round 11 | Per-FedAvg(α=0.01) | loss=1.9515
  [Client 83] Round 11 | Per-FedAvg(α=0.01) | loss=1.4530
  [Edge 0] G11 | E1 | loss=1.2689
  [Edge 0] G11 | E2 | Selected 68/98
  [Client 88] Round 11 | Per-FedAvg(α=0.01) | loss=1.4357
  [Client 18] Round 11 | Per-FedAvg(α=0.01) | loss=1.3758
  [Client 11] Round 11 | Per-FedAvg(α=0.01) | loss=1.1889
  [Client 66] Round 11 | Per-FedAvg(α=0.01) | loss=1.4392
  [Client 33] Round 11 | Per-FedAvg(α=0.01) | loss=1.2738
  [Client 86] Round 11 | Per-FedAvg(α=0.01) | loss=1.2550
  [Client 71] Round 11 | Per-FedAvg(α=0.01) | loss=1.2228
  [Client 82] Round 11 | Per-FedAvg(α=0.01) | loss=1.3653
  [Client  0] Round 11 | Per-FedAvg(α=0.01) | loss=1.3486
  [Client 16] Round 11 | Per-FedAvg(α=0.01) | loss=1.3429
  [Client 43] Round 11 | Per-FedAvg(α=0.01) | loss=1.3454
  [Client 61] Round 11 | Per-FedAvg(α=0.01) | loss=0.9461
  [Client 35] Round 11 | Per-FedAvg(α=0.01) | loss=0.9962
  [Client 14] Round 11 | Per-FedAvg(α=0.01) | loss=2.0360
  [Client 77] Round 11 | Per-FedAvg(α=0.01) | loss=0.9727
  [Client 81] Round 11 | Per-FedAvg(α=0.01) | loss=1.1060
  [Client  1] Round 11 | Per-FedAvg(α=0.01) | loss=1.4525
  [Client 99] Round 11 | Per-FedAvg(α=0.01) | loss=1.3703
  [Client 29] Round 11 | Per-FedAvg(α=0.01) | loss=1.4040
  [Client 95] Round 11 | Per-FedAvg(α=0.01) | loss=0.6322
  [Client 74] Round 11 | Per-FedAvg(α=0.01) | loss=1.1106
  [Client 87] Round 11 | Per-FedAvg(α=0.01) | loss=0.9508
  [Client 76] Round 11 | Per-FedAvg(α=0.01) | loss=1.4122
  [Client 68] Round 11 | Per-FedAvg(α=0.01) | loss=1.0702
  [Client 20] Round 11 | Per-FedAvg(α=0.01) | loss=1.0075
  [Client 46] Round 11 | Per-FedAvg(α=0.01) | loss=1.4214
  [Client 78] Round 11 | Per-FedAvg(α=0.01) | loss=0.9987
  [Client 28] Round 11 | Per-FedAvg(α=0.01) | loss=1.1712
  [Client 47] Round 11 | Per-FedAvg(α=0.01) | loss=1.5919
  [Client 32] Round 11 | Per-FedAvg(α=0.01) | loss=1.1075
  [Client 44] Round 11 | Per-FedAvg(α=0.01) | loss=1.2504
  [Client  4] Round 11 | Per-FedAvg(α=0.01) | loss=1.4122
  [Client 79] Round 11 | Per-FedAvg(α=0.01) | loss=1.4234
  [Client  2] Round 11 | Per-FedAvg(α=0.01) | loss=1.1888
  [Client 53] Round 11 | Per-FedAvg(α=0.01) | loss=1.2455
  [Client 12] Round 11 | Per-FedAvg(α=0.01) | loss=1.1680
  [Client 56] Round 11 | Per-FedAvg(α=0.01) | loss=1.2628
  [Client 42] Round 11 | Per-FedAvg(α=0.01) | loss=1.2427
  [Client 73] Round 11 | Per-FedAvg(α=0.01) | loss=1.8085
  [Client 13] Round 11 | Per-FedAvg(α=0.01) | loss=0.9648
  [Client 67] Round 11 | Per-FedAvg(α=0.01) | loss=1.2197
  [Client  9] Round 11 | Per-FedAvg(α=0.01) | loss=1.3482
  [Client 40] Round 11 | Per-FedAvg(α=0.01) | loss=1.4126
  [Client 48] Round 11 | Per-FedAvg(α=0.01) | loss=1.1587
  [Client 39] Round 11 | Per-FedAvg(α=0.01) | loss=1.5313
  [Client 91] Round 11 | Per-FedAvg(α=0.01) | loss=1.2932
  [Client 90] Round 11 | Per-FedAvg(α=0.01) | loss=1.4283
  [Client 85] Round 11 | Per-FedAvg(α=0.01) | loss=1.2381
  [Client  3] Round 11 | Per-FedAvg(α=0.01) | loss=1.1090
  [Client 50] Round 11 | Per-FedAvg(α=0.01) | loss=1.4980
  [Client 92] Round 11 | Per-FedAvg(α=0.01) | loss=1.3119
  [Client 15] Round 11 | Per-FedAvg(α=0.01) | loss=1.4583
  [Client 84] Round 11 | Per-FedAvg(α=0.01) | loss=1.2948
  [Client 64] Round 11 | Per-FedAvg(α=0.01) | loss=1.0216
  [Client 75] Round 11 | Per-FedAvg(α=0.01) | loss=1.3724
  [Client 36] Round 11 | Per-FedAvg(α=0.01) | loss=1.2766
  [Client  7] Round 11 | Per-FedAvg(α=0.01) | loss=1.1620
  [Client 69] Round 11 | Per-FedAvg(α=0.01) | loss=1.5961
  [Client 63] Round 11 | Per-FedAvg(α=0.01) | loss=1.1981
  [Client 60] Round 11 | Per-FedAvg(α=0.01) | loss=1.2440
  [Client 21] Round 11 | Per-FedAvg(α=0.01) | loss=1.1080
  [Client 65] Round 11 | Per-FedAvg(α=0.01) | loss=1.0781
  [Client 41] Round 11 | Per-FedAvg(α=0.01) | loss=1.4443
  [Client 25] Round 11 | Per-FedAvg(α=0.01) | loss=1.5653
  [Client 27] Round 11 | Per-FedAvg(α=0.01) | loss=0.9779
  [Client 19] Round 11 | Per-FedAvg(α=0.01) | loss=0.9102
  [Client 59] Round 11 | Per-FedAvg(α=0.01) | loss=1.3125
  [Client 97] Round 11 | Per-FedAvg(α=0.01) | loss=1.3546
  [Edge 0] G11 | E2 | loss=1.2747
  [Edge 1] G11 | E1 | Selected 1/2
  [Client 31] Round 11 | Per-FedAvg(α=0.01) | loss=1.0145
  [Edge 1] G11 | E1 | loss=1.0145
  [Edge 1] G11 | E2 | Selected 1/2
  [Client 31] Round 11 | Per-FedAvg(α=0.01) | loss=1.1281
  [Edge 1] G11 | E2 | loss=1.1281
  [Cloud] acc=0.3752 | loss=1.6529 | time=899.1s | comm=4236.4MB (total=46601MB)

[Round  12] Broadcasting to 2 edges...
  [Edge 0] G12 | E1 | Selected 68/98
  [Client 74] Round 12 | Per-FedAvg(α=0.01) | loss=1.0772
  [Client 47] Round 12 | Per-FedAvg(α=0.01) | loss=1.2233
  [Client 40] Round 12 | Per-FedAvg(α=0.01) | loss=1.3301
  [Client 61] Round 12 | Per-FedAvg(α=0.01) | loss=0.9848
  [Client 57] Round 12 | Per-FedAvg(α=0.01) | loss=1.2503
  [Client 94] Round 12 | Per-FedAvg(α=0.01) | loss=1.3509
  [Client  8] Round 12 | Per-FedAvg(α=0.01) | loss=1.2602
  [Client 48] Round 12 | Per-FedAvg(α=0.01) | loss=1.1578
  [Client 83] Round 12 | Per-FedAvg(α=0.01) | loss=1.4753
  [Client 98] Round 12 | Per-FedAvg(α=0.01) | loss=1.2675
  [Client 76] Round 12 | Per-FedAvg(α=0.01) | loss=1.3866
  [Client 36] Round 12 | Per-FedAvg(α=0.01) | loss=1.1641
  [Client 29] Round 12 | Per-FedAvg(α=0.01) | loss=1.2583
  [Client 73] Round 12 | Per-FedAvg(α=0.01) | loss=1.4791
  [Client 80] Round 12 | Per-FedAvg(α=0.01) | loss=1.4114
  [Client 69] Round 12 | Per-FedAvg(α=0.01) | loss=1.4149
  [Client 96] Round 12 | Per-FedAvg(α=0.01) | loss=1.2600
  [Client 78] Round 12 | Per-FedAvg(α=0.01) | loss=0.9896
  [Client  4] Round 12 | Per-FedAvg(α=0.01) | loss=1.3724
  [Client 15] Round 12 | Per-FedAvg(α=0.01) | loss=1.2312
  [Client 22] Round 12 | Per-FedAvg(α=0.01) | loss=1.1902
  [Client 21] Round 12 | Per-FedAvg(α=0.01) | loss=1.0882
  [Client 81] Round 12 | Per-FedAvg(α=0.01) | loss=1.1621
  [Client 79] Round 12 | Per-FedAvg(α=0.01) | loss=1.4185
  [Client 11] Round 12 | Per-FedAvg(α=0.01) | loss=1.2756
  [Client  7] Round 12 | Per-FedAvg(α=0.01) | loss=1.1589
  [Client  3] Round 12 | Per-FedAvg(α=0.01) | loss=1.1526
  [Client 65] Round 12 | Per-FedAvg(α=0.01) | loss=1.0971
  [Client 85] Round 12 | Per-FedAvg(α=0.01) | loss=1.2001
  [Client 23] Round 12 | Per-FedAvg(α=0.01) | loss=1.2643
  [Client 38] Round 12 | Per-FedAvg(α=0.01) | loss=1.0605
  [Client 46] Round 12 | Per-FedAvg(α=0.01) | loss=1.3912
  [Client 45] Round 12 | Per-FedAvg(α=0.01) | loss=1.2628
  [Client 72] Round 12 | Per-FedAvg(α=0.01) | loss=1.2883
  [Client 16] Round 12 | Per-FedAvg(α=0.01) | loss=1.3466
  [Client  9] Round 12 | Per-FedAvg(α=0.01) | loss=1.3183
  [Client 32] Round 12 | Per-FedAvg(α=0.01) | loss=1.0828
  [Client  6] Round 12 | Per-FedAvg(α=0.01) | loss=1.3862
  [Client 41] Round 12 | Per-FedAvg(α=0.01) | loss=1.3850
  [Client 50] Round 12 | Per-FedAvg(α=0.01) | loss=1.3858
  [Client 71] Round 12 | Per-FedAvg(α=0.01) | loss=1.1866
  [Client 37] Round 12 | Per-FedAvg(α=0.01) | loss=1.3469
  [Client 25] Round 12 | Per-FedAvg(α=0.01) | loss=1.4773
  [Client 75] Round 12 | Per-FedAvg(α=0.01) | loss=1.3446
  [Client 86] Round 12 | Per-FedAvg(α=0.01) | loss=1.3004
  [Client 77] Round 12 | Per-FedAvg(α=0.01) | loss=1.0283
  [Client 56] Round 12 | Per-FedAvg(α=0.01) | loss=1.2484
  [Client 44] Round 12 | Per-FedAvg(α=0.01) | loss=0.9791
  [Client 97] Round 12 | Per-FedAvg(α=0.01) | loss=1.4017
  [Client 92] Round 12 | Per-FedAvg(α=0.01) | loss=1.3265
  [Client 55] Round 12 | Per-FedAvg(α=0.01) | loss=1.3043
  [Client 54] Round 12 | Per-FedAvg(α=0.01) | loss=1.3443
  [Client 10] Round 12 | Per-FedAvg(α=0.01) | loss=1.2932
  [Client 95] Round 12 | Per-FedAvg(α=0.01) | loss=0.6618
  [Client 27] Round 12 | Per-FedAvg(α=0.01) | loss=0.9767
  [Client 20] Round 12 | Per-FedAvg(α=0.01) | loss=1.0320
  [Client 26] Round 12 | Per-FedAvg(α=0.01) | loss=1.2048
  [Client 70] Round 12 | Per-FedAvg(α=0.01) | loss=1.5370
  [Client 39] Round 12 | Per-FedAvg(α=0.01) | loss=1.9681
  [Client 84] Round 12 | Per-FedAvg(α=0.01) | loss=1.2358
  [Client 88] Round 12 | Per-FedAvg(α=0.01) | loss=1.3936
  [Client 68] Round 12 | Per-FedAvg(α=0.01) | loss=1.0751
  [Client 90] Round 12 | Per-FedAvg(α=0.01) | loss=1.4597
  [Client 58] Round 12 | Per-FedAvg(α=0.01) | loss=1.2974
  [Client 13] Round 12 | Per-FedAvg(α=0.01) | loss=0.9718
  [Client 91] Round 12 | Per-FedAvg(α=0.01) | loss=1.1708
  [Client  2] Round 12 | Per-FedAvg(α=0.01) | loss=1.1822
  [Client 99] Round 12 | Per-FedAvg(α=0.01) | loss=1.3908
  [Edge 0] G12 | E1 | loss=1.2566
  [Edge 0] G12 | E2 | Selected 68/98
  [Client 34] Round 12 | Per-FedAvg(α=0.01) | loss=1.0790
  [Client 49] Round 12 | Per-FedAvg(α=0.01) | loss=1.3920
  [Client 64] Round 12 | Per-FedAvg(α=0.01) | loss=0.9471
  [Client 51] Round 12 | Per-FedAvg(α=0.01) | loss=0.9601
  [Client 76] Round 12 | Per-FedAvg(α=0.01) | loss=1.3072
  [Client 80] Round 12 | Per-FedAvg(α=0.01) | loss=1.4083
  [Client 81] Round 12 | Per-FedAvg(α=0.01) | loss=1.1056
  [Client  2] Round 12 | Per-FedAvg(α=0.01) | loss=1.1670
  [Client  3] Round 12 | Per-FedAvg(α=0.01) | loss=1.1637
  [Client 56] Round 12 | Per-FedAvg(α=0.01) | loss=1.1947
  [Client 14] Round 12 | Per-FedAvg(α=0.01) | loss=1.8442
  [Client 69] Round 12 | Per-FedAvg(α=0.01) | loss=1.4138
  [Client 99] Round 12 | Per-FedAvg(α=0.01) | loss=1.3090
  [Client 21] Round 12 | Per-FedAvg(α=0.01) | loss=1.2244
  [Client 98] Round 12 | Per-FedAvg(α=0.01) | loss=1.2338
  [Client  1] Round 12 | Per-FedAvg(α=0.01) | loss=1.7554
  [Client 38] Round 12 | Per-FedAvg(α=0.01) | loss=1.0229
  [Client 89] Round 12 | Per-FedAvg(α=0.01) | loss=1.3046
  [Client 77] Round 12 | Per-FedAvg(α=0.01) | loss=1.0154
  [Client 65] Round 12 | Per-FedAvg(α=0.01) | loss=1.0588
  [Client 74] Round 12 | Per-FedAvg(α=0.01) | loss=1.0010
  [Client  7] Round 12 | Per-FedAvg(α=0.01) | loss=1.0973
  [Client  4] Round 12 | Per-FedAvg(α=0.01) | loss=1.3747
  [Client 35] Round 12 | Per-FedAvg(α=0.01) | loss=0.9302
  [Client 28] Round 12 | Per-FedAvg(α=0.01) | loss=1.2161
  [Client 32] Round 12 | Per-FedAvg(α=0.01) | loss=1.0884
  [Client 39] Round 12 | Per-FedAvg(α=0.01) | loss=1.8643
  [Client 93] Round 12 | Per-FedAvg(α=0.01) | loss=1.2059
  [Client 83] Round 12 | Per-FedAvg(α=0.01) | loss=1.4782
  [Client 84] Round 12 | Per-FedAvg(α=0.01) | loss=1.2246
  [Client 72] Round 12 | Per-FedAvg(α=0.01) | loss=1.3443
  [Client 15] Round 12 | Per-FedAvg(α=0.01) | loss=1.2812
  [Client 79] Round 12 | Per-FedAvg(α=0.01) | loss=1.3703
  [Client 57] Round 12 | Per-FedAvg(α=0.01) | loss=1.1759
  [Client  8] Round 12 | Per-FedAvg(α=0.01) | loss=1.2651
  [Client 12] Round 12 | Per-FedAvg(α=0.01) | loss=1.0336
  [Client 50] Round 12 | Per-FedAvg(α=0.01) | loss=1.3927
  [Client 41] Round 12 | Per-FedAvg(α=0.01) | loss=1.4598
  [Client 61] Round 12 | Per-FedAvg(α=0.01) | loss=0.9490
  [Client 29] Round 12 | Per-FedAvg(α=0.01) | loss=1.2585
  [Client 26] Round 12 | Per-FedAvg(α=0.01) | loss=1.2308
  [Client 86] Round 12 | Per-FedAvg(α=0.01) | loss=1.2428
  [Client 82] Round 12 | Per-FedAvg(α=0.01) | loss=1.2775
  [Client 70] Round 12 | Per-FedAvg(α=0.01) | loss=1.4791
  [Client 22] Round 12 | Per-FedAvg(α=0.01) | loss=1.1548
  [Client 94] Round 12 | Per-FedAvg(α=0.01) | loss=1.2447
  [Client 85] Round 12 | Per-FedAvg(α=0.01) | loss=1.1873
  [Client 62] Round 12 | Per-FedAvg(α=0.01) | loss=1.1909
  [Client 58] Round 12 | Per-FedAvg(α=0.01) | loss=1.2214
  [Client 55] Round 12 | Per-FedAvg(α=0.01) | loss=1.2386
  [Client 95] Round 12 | Per-FedAvg(α=0.01) | loss=0.6344
  [Client 18] Round 12 | Per-FedAvg(α=0.01) | loss=1.3762
  [Client 88] Round 12 | Per-FedAvg(α=0.01) | loss=1.3920
  [Client 47] Round 12 | Per-FedAvg(α=0.01) | loss=1.1893
  [Client 68] Round 12 | Per-FedAvg(α=0.01) | loss=1.0560
  [Client 25] Round 12 | Per-FedAvg(α=0.01) | loss=1.4529
  [Client 36] Round 12 | Per-FedAvg(α=0.01) | loss=1.0857
  [Client 30] Round 12 | Per-FedAvg(α=0.01) | loss=1.0741
  [Client 43] Round 12 | Per-FedAvg(α=0.01) | loss=1.3826
  [Client 54] Round 12 | Per-FedAvg(α=0.01) | loss=1.2683
  [Client 10] Round 12 | Per-FedAvg(α=0.01) | loss=1.1435
  [Client 60] Round 12 | Per-FedAvg(α=0.01) | loss=1.2413
  [Client 63] Round 12 | Per-FedAvg(α=0.01) | loss=1.2287
  [Client 42] Round 12 | Per-FedAvg(α=0.01) | loss=1.3097
  [Client 23] Round 12 | Per-FedAvg(α=0.01) | loss=1.1613
  [Client 67] Round 12 | Per-FedAvg(α=0.01) | loss=1.2270
  [Client 17] Round 12 | Per-FedAvg(α=0.01) | loss=1.3437
  [Client 52] Round 12 | Per-FedAvg(α=0.01) | loss=1.0875
  [Edge 0] G12 | E2 | loss=1.2512
  [Edge 1] G12 | E1 | Selected 1/2
  [Client  5] Round 12 | Per-FedAvg(α=0.01) | loss=0.6421
  [Edge 1] G12 | E1 | loss=0.6421
  [Edge 1] G12 | E2 | Selected 1/2
  [Client  5] Round 12 | Per-FedAvg(α=0.01) | loss=0.8406
  [Edge 1] G12 | E2 | loss=0.8406
  [Cloud] acc=0.3929 | loss=1.6417 | time=890.9s | comm=4236.4MB (total=50837MB)

[Round  13] Broadcasting to 2 edges...
  [Edge 0] G13 | E1 | Selected 68/98
  [Client  3] Round 13 | Per-FedAvg(α=0.01) | loss=1.1651
  [Client 17] Round 13 | Per-FedAvg(α=0.01) | loss=1.3596
  [Client 21] Round 13 | Per-FedAvg(α=0.01) | loss=1.0994
  [Client 82] Round 13 | Per-FedAvg(α=0.01) | loss=1.2956
  [Client 56] Round 13 | Per-FedAvg(α=0.01) | loss=1.2199
  [Client 37] Round 13 | Per-FedAvg(α=0.01) | loss=1.4060
  [Client 95] Round 13 | Per-FedAvg(α=0.01) | loss=0.6534
  [Client 51] Round 13 | Per-FedAvg(α=0.01) | loss=1.0110
  [Client 62] Round 13 | Per-FedAvg(α=0.01) | loss=1.1578
  [Client 16] Round 13 | Per-FedAvg(α=0.01) | loss=1.2731
  [Client 29] Round 13 | Per-FedAvg(α=0.01) | loss=1.2272
  [Client 11] Round 13 | Per-FedAvg(α=0.01) | loss=1.1746
  [Client 10] Round 13 | Per-FedAvg(α=0.01) | loss=1.2147
  [Client 79] Round 13 | Per-FedAvg(α=0.01) | loss=1.3933
  [Client 49] Round 13 | Per-FedAvg(α=0.01) | loss=1.3923
  [Client  6] Round 13 | Per-FedAvg(α=0.01) | loss=1.3222
  [Client 86] Round 13 | Per-FedAvg(α=0.01) | loss=1.2296
  [Client 13] Round 13 | Per-FedAvg(α=0.01) | loss=0.9612
  [Client 63] Round 13 | Per-FedAvg(α=0.01) | loss=1.1786
  [Client 43] Round 13 | Per-FedAvg(α=0.01) | loss=1.3309
  [Client 75] Round 13 | Per-FedAvg(α=0.01) | loss=1.4060
  [Client 96] Round 13 | Per-FedAvg(α=0.01) | loss=1.2595
  [Client  9] Round 13 | Per-FedAvg(α=0.01) | loss=1.3153
  [Client 64] Round 13 | Per-FedAvg(α=0.01) | loss=1.1766
  [Client 39] Round 13 | Per-FedAvg(α=0.01) | loss=1.6102
  [Client 66] Round 13 | Per-FedAvg(α=0.01) | loss=1.3344
  [Client 52] Round 13 | Per-FedAvg(α=0.01) | loss=1.0599
  [Client 71] Round 13 | Per-FedAvg(α=0.01) | loss=1.1264
  [Client 27] Round 13 | Per-FedAvg(α=0.01) | loss=0.9781
  [Client 12] Round 13 | Per-FedAvg(α=0.01) | loss=1.0573
  [Client  1] Round 13 | Per-FedAvg(α=0.01) | loss=1.4193
  [Client 81] Round 13 | Per-FedAvg(α=0.01) | loss=1.2002
  [Client 93] Round 13 | Per-FedAvg(α=0.01) | loss=1.2022
  [Client 70] Round 13 | Per-FedAvg(α=0.01) | loss=1.4794
  [Client 97] Round 13 | Per-FedAvg(α=0.01) | loss=1.3596
  [Client 76] Round 13 | Per-FedAvg(α=0.01) | loss=1.3350
  [Client 46] Round 13 | Per-FedAvg(α=0.01) | loss=1.4093
  [Client 32] Round 13 | Per-FedAvg(α=0.01) | loss=1.0699
  [Client 94] Round 13 | Per-FedAvg(α=0.01) | loss=1.2008
  [Client 25] Round 13 | Per-FedAvg(α=0.01) | loss=1.4780
  [Client 15] Round 13 | Per-FedAvg(α=0.01) | loss=1.2531
  [Client 67] Round 13 | Per-FedAvg(α=0.01) | loss=1.2166
  [Client 74] Round 13 | Per-FedAvg(α=0.01) | loss=1.0635
  [Client 77] Round 13 | Per-FedAvg(α=0.01) | loss=1.0219
  [Client 78] Round 13 | Per-FedAvg(α=0.01) | loss=0.9638
  [Client 72] Round 13 | Per-FedAvg(α=0.01) | loss=1.3073
  [Client 84] Round 13 | Per-FedAvg(α=0.01) | loss=1.1903
  [Client 53] Round 13 | Per-FedAvg(α=0.01) | loss=1.2341
  [Client 19] Round 13 | Per-FedAvg(α=0.01) | loss=0.8687
  [Client  2] Round 13 | Per-FedAvg(α=0.01) | loss=1.1392
  [Client 23] Round 13 | Per-FedAvg(α=0.01) | loss=1.2116
  [Client 14] Round 13 | Per-FedAvg(α=0.01) | loss=1.7291
  [Client 20] Round 13 | Per-FedAvg(α=0.01) | loss=1.1590
  [Client 22] Round 13 | Per-FedAvg(α=0.01) | loss=1.2233
  [Client 33] Round 13 | Per-FedAvg(α=0.01) | loss=1.3238
  [Client 89] Round 13 | Per-FedAvg(α=0.01) | loss=1.2754
  [Client 35] Round 13 | Per-FedAvg(α=0.01) | loss=0.8995
  [Client 92] Round 13 | Per-FedAvg(α=0.01) | loss=1.2185
  [Client 80] Round 13 | Per-FedAvg(α=0.01) | loss=1.3994
  [Client 85] Round 13 | Per-FedAvg(α=0.01) | loss=1.1633
  [Client 30] Round 13 | Per-FedAvg(α=0.01) | loss=1.0194
  [Client 87] Round 13 | Per-FedAvg(α=0.01) | loss=1.0052
  [Client  8] Round 13 | Per-FedAvg(α=0.01) | loss=1.2220
  [Client 90] Round 13 | Per-FedAvg(α=0.01) | loss=1.4225
  [Client  7] Round 13 | Per-FedAvg(α=0.01) | loss=1.1434
  [Client 57] Round 13 | Per-FedAvg(α=0.01) | loss=1.2055
  [Client  0] Round 13 | Per-FedAvg(α=0.01) | loss=1.3953
  [Client 38] Round 13 | Per-FedAvg(α=0.01) | loss=1.0173
  [Edge 0] G13 | E1 | loss=1.2060
  [Edge 0] G13 | E2 | Selected 68/98
  [Client 44] Round 13 | Per-FedAvg(α=0.01) | loss=0.9742
  [Client 81] Round 13 | Per-FedAvg(α=0.01) | loss=1.1463
  [Client 60] Round 13 | Per-FedAvg(α=0.01) | loss=1.2112
  [Client 18] Round 13 | Per-FedAvg(α=0.01) | loss=1.4529
  [Client 76] Round 13 | Per-FedAvg(α=0.01) | loss=1.3805
  [Client 79] Round 13 | Per-FedAvg(α=0.01) | loss=1.3751
  [Client 25] Round 13 | Per-FedAvg(α=0.01) | loss=1.3319
  [Client 55] Round 13 | Per-FedAvg(α=0.01) | loss=1.2004
  [Client 51] Round 13 | Per-FedAvg(α=0.01) | loss=0.9507
  [Client 53] Round 13 | Per-FedAvg(α=0.01) | loss=1.1542
  [Client 43] Round 13 | Per-FedAvg(α=0.01) | loss=1.3140
  [Client 28] Round 13 | Per-FedAvg(α=0.01) | loss=1.1171
  [Client 34] Round 13 | Per-FedAvg(α=0.01) | loss=1.0556
  [Client 83] Round 13 | Per-FedAvg(α=0.01) | loss=1.4254
  [Client 57] Round 13 | Per-FedAvg(α=0.01) | loss=1.1501
  [Client 38] Round 13 | Per-FedAvg(α=0.01) | loss=0.9690
  [Client 61] Round 13 | Per-FedAvg(α=0.01) | loss=0.9409
  [Client 19] Round 13 | Per-FedAvg(α=0.01) | loss=0.8901
  [Client 82] Round 13 | Per-FedAvg(α=0.01) | loss=1.3475
  [Client 13] Round 13 | Per-FedAvg(α=0.01) | loss=0.8737
  [Client 29] Round 13 | Per-FedAvg(α=0.01) | loss=1.1973
  [Client 66] Round 13 | Per-FedAvg(α=0.01) | loss=1.4142
  [Client 37] Round 13 | Per-FedAvg(α=0.01) | loss=1.3069
  [Client  9] Round 13 | Per-FedAvg(α=0.01) | loss=1.3127
  [Client 64] Round 13 | Per-FedAvg(α=0.01) | loss=1.0730
  [Client 85] Round 13 | Per-FedAvg(α=0.01) | loss=1.1541
  [Client 24] Round 13 | Per-FedAvg(α=0.01) | loss=1.2971
  [Client 46] Round 13 | Per-FedAvg(α=0.01) | loss=1.3900
  [Client 75] Round 13 | Per-FedAvg(α=0.01) | loss=1.5611
  [Client 42] Round 13 | Per-FedAvg(α=0.01) | loss=1.2826
  [Client 50] Round 13 | Per-FedAvg(α=0.01) | loss=1.3610
  [Client 59] Round 13 | Per-FedAvg(α=0.01) | loss=1.1871
  [Client  6] Round 13 | Per-FedAvg(α=0.01) | loss=1.2930
  [Client 47] Round 13 | Per-FedAvg(α=0.01) | loss=1.3175
  [Client 97] Round 13 | Per-FedAvg(α=0.01) | loss=1.4132
  [Client 52] Round 13 | Per-FedAvg(α=0.01) | loss=1.0449
  [Client 14] Round 13 | Per-FedAvg(α=0.01) | loss=1.5808
  [Client 36] Round 13 | Per-FedAvg(α=0.01) | loss=1.0840
  [Client 22] Round 13 | Per-FedAvg(α=0.01) | loss=1.1116
  [Client 33] Round 13 | Per-FedAvg(α=0.01) | loss=1.3754
  [Client  3] Round 13 | Per-FedAvg(α=0.01) | loss=1.1487
  [Client 20] Round 13 | Per-FedAvg(α=0.01) | loss=0.9906
  [Client 90] Round 13 | Per-FedAvg(α=0.01) | loss=1.3870
  [Client 69] Round 13 | Per-FedAvg(α=0.01) | loss=1.4167
  [Client 93] Round 13 | Per-FedAvg(α=0.01) | loss=1.1894
  [Client 10] Round 13 | Per-FedAvg(α=0.01) | loss=1.3402
  [Client 86] Round 13 | Per-FedAvg(α=0.01) | loss=1.1602
  [Client 77] Round 13 | Per-FedAvg(α=0.01) | loss=1.0167
  [Client 65] Round 13 | Per-FedAvg(α=0.01) | loss=1.0794
  [Client 12] Round 13 | Per-FedAvg(α=0.01) | loss=1.1011
  [Client 95] Round 13 | Per-FedAvg(α=0.01) | loss=0.6220
  [Client 26] Round 13 | Per-FedAvg(α=0.01) | loss=1.2420
  [Client 39] Round 13 | Per-FedAvg(α=0.01) | loss=1.7010
  [Client 72] Round 13 | Per-FedAvg(α=0.01) | loss=1.2732
  [Client 80] Round 13 | Per-FedAvg(α=0.01) | loss=1.4020
  [Client 67] Round 13 | Per-FedAvg(α=0.01) | loss=1.2716
  [Client 21] Round 13 | Per-FedAvg(α=0.01) | loss=1.0323
  [Client 91] Round 13 | Per-FedAvg(α=0.01) | loss=1.1711
  [Client  1] Round 13 | Per-FedAvg(α=0.01) | loss=1.0293
  [Client 78] Round 13 | Per-FedAvg(α=0.01) | loss=0.9072
  [Client 74] Round 13 | Per-FedAvg(α=0.01) | loss=0.9964
  [Client  4] Round 13 | Per-FedAvg(α=0.01) | loss=1.3644
  [Client 96] Round 13 | Per-FedAvg(α=0.01) | loss=1.2524
  [Client 73] Round 13 | Per-FedAvg(α=0.01) | loss=1.5732
  [Client 48] Round 13 | Per-FedAvg(α=0.01) | loss=1.1082
  [Client  7] Round 13 | Per-FedAvg(α=0.01) | loss=1.1868
  [Client 70] Round 13 | Per-FedAvg(α=0.01) | loss=1.4632
  [Client 99] Round 13 | Per-FedAvg(α=0.01) | loss=1.3345
  [Edge 0] G13 | E2 | loss=1.2262
  [Edge 1] G13 | E1 | Selected 1/2
  [Client  5] Round 13 | Per-FedAvg(α=0.01) | loss=0.6894
  [Edge 1] G13 | E1 | loss=0.6894
  [Edge 1] G13 | E2 | Selected 1/2
  [Client 31] Round 13 | Per-FedAvg(α=0.01) | loss=0.9875
  [Edge 1] G13 | E2 | loss=0.9875
  [Cloud] acc=0.3930 | loss=1.6151 | time=884.7s | comm=4236.4MB (total=55073MB)

[Round  14] Broadcasting to 2 edges...
  [Edge 0] G14 | E1 | Selected 68/98
  [Client 15] Round 14 | Per-FedAvg(α=0.01) | loss=1.1930
  [Client  4] Round 14 | Per-FedAvg(α=0.01) | loss=1.3537
  [Client 51] Round 14 | Per-FedAvg(α=0.01) | loss=0.9208
  [Client 36] Round 14 | Per-FedAvg(α=0.01) | loss=1.0113
  [Client 99] Round 14 | Per-FedAvg(α=0.01) | loss=1.3295
  [Client 17] Round 14 | Per-FedAvg(α=0.01) | loss=1.4203
  [Client 81] Round 14 | Per-FedAvg(α=0.01) | loss=1.1156
  [Client 57] Round 14 | Per-FedAvg(α=0.01) | loss=1.2158
  [Client 29] Round 14 | Per-FedAvg(α=0.01) | loss=1.2398
  [Client 64] Round 14 | Per-FedAvg(α=0.01) | loss=1.0084
  [Client 41] Round 14 | Per-FedAvg(α=0.01) | loss=1.3602
  [Client 68] Round 14 | Per-FedAvg(α=0.01) | loss=0.9885
  [Client 25] Round 14 | Per-FedAvg(α=0.01) | loss=1.4551
  [Client  0] Round 14 | Per-FedAvg(α=0.01) | loss=1.2411
  [Client 78] Round 14 | Per-FedAvg(α=0.01) | loss=0.9042
  [Client 27] Round 14 | Per-FedAvg(α=0.01) | loss=0.9659
  [Client 93] Round 14 | Per-FedAvg(α=0.01) | loss=1.2190
  [Client 58] Round 14 | Per-FedAvg(α=0.01) | loss=1.2599
  [Client  6] Round 14 | Per-FedAvg(α=0.01) | loss=1.3420
  [Client 67] Round 14 | Per-FedAvg(α=0.01) | loss=1.2670
  [Client 77] Round 14 | Per-FedAvg(α=0.01) | loss=0.9485
  [Client 53] Round 14 | Per-FedAvg(α=0.01) | loss=1.1367
  [Client 56] Round 14 | Per-FedAvg(α=0.01) | loss=1.2000
  [Client  9] Round 14 | Per-FedAvg(α=0.01) | loss=1.3161
  [Client 47] Round 14 | Per-FedAvg(α=0.01) | loss=1.1223
  [Client 76] Round 14 | Per-FedAvg(α=0.01) | loss=1.3168
  [Client 82] Round 14 | Per-FedAvg(α=0.01) | loss=1.3947
  [Client 10] Round 14 | Per-FedAvg(α=0.01) | loss=1.2191
  [Client 48] Round 14 | Per-FedAvg(α=0.01) | loss=1.0775
  [Client 50] Round 14 | Per-FedAvg(α=0.01) | loss=1.3586
  [Client 63] Round 14 | Per-FedAvg(α=0.01) | loss=1.1435
  [Client 96] Round 14 | Per-FedAvg(α=0.01) | loss=1.2403
  [Client 72] Round 14 | Per-FedAvg(α=0.01) | loss=1.3199
  [Client  1] Round 14 | Per-FedAvg(α=0.01) | loss=1.9366
  [Client 34] Round 14 | Per-FedAvg(α=0.01) | loss=1.0591
  [Client 83] Round 14 | Per-FedAvg(α=0.01) | loss=1.3804
  [Client 18] Round 14 | Per-FedAvg(α=0.01) | loss=1.3171
  [Client 52] Round 14 | Per-FedAvg(α=0.01) | loss=1.0666
  [Client 28] Round 14 | Per-FedAvg(α=0.01) | loss=1.1386
  [Client 84] Round 14 | Per-FedAvg(α=0.01) | loss=1.2723
  [Client 11] Round 14 | Per-FedAvg(α=0.01) | loss=1.2078
  [Client 49] Round 14 | Per-FedAvg(α=0.01) | loss=1.4108
  [Client 71] Round 14 | Per-FedAvg(α=0.01) | loss=1.1893
  [Client 75] Round 14 | Per-FedAvg(α=0.01) | loss=1.3256
  [Client  8] Round 14 | Per-FedAvg(α=0.01) | loss=1.2846
  [Client 66] Round 14 | Per-FedAvg(α=0.01) | loss=1.2889
  [Client 37] Round 14 | Per-FedAvg(α=0.01) | loss=1.2853
  [Client 61] Round 14 | Per-FedAvg(α=0.01) | loss=0.9363
  [Client 44] Round 14 | Per-FedAvg(α=0.01) | loss=0.9153
  [Client 12] Round 14 | Per-FedAvg(α=0.01) | loss=0.9732
  [Client 89] Round 14 | Per-FedAvg(α=0.01) | loss=1.2663
  [Client 30] Round 14 | Per-FedAvg(α=0.01) | loss=1.0829
  [Client 87] Round 14 | Per-FedAvg(α=0.01) | loss=1.0433
  [Client 45] Round 14 | Per-FedAvg(α=0.01) | loss=1.2158
  [Client 32] Round 14 | Per-FedAvg(α=0.01) | loss=1.0545
  [Client 22] Round 14 | Per-FedAvg(α=0.01) | loss=1.3490
  [Client 92] Round 14 | Per-FedAvg(α=0.01) | loss=1.2387
  [Client 85] Round 14 | Per-FedAvg(α=0.01) | loss=1.1116
  [Client 39] Round 14 | Per-FedAvg(α=0.01) | loss=2.0963
  [Client 14] Round 14 | Per-FedAvg(α=0.01) | loss=1.3290
  [Client 19] Round 14 | Per-FedAvg(α=0.01) | loss=0.8352
  [Client 90] Round 14 | Per-FedAvg(α=0.01) | loss=1.4131
  [Client 43] Round 14 | Per-FedAvg(α=0.01) | loss=1.3727
  [Client 73] Round 14 | Per-FedAvg(α=0.01) | loss=1.5258
  [Client 46] Round 14 | Per-FedAvg(α=0.01) | loss=1.4102
  [Client  3] Round 14 | Per-FedAvg(α=0.01) | loss=1.1482
  [Client 54] Round 14 | Per-FedAvg(α=0.01) | loss=1.2383
  [Client 98] Round 14 | Per-FedAvg(α=0.01) | loss=1.2252
  [Edge 0] G14 | E1 | loss=1.2188
  [Edge 0] G14 | E2 | Selected 68/98
  [Client 69] Round 14 | Per-FedAvg(α=0.01) | loss=1.5290
  [Client 94] Round 14 | Per-FedAvg(α=0.01) | loss=1.1833
  [Client 84] Round 14 | Per-FedAvg(α=0.01) | loss=1.1546
  [Client 36] Round 14 | Per-FedAvg(α=0.01) | loss=0.9912
  [Client 72] Round 14 | Per-FedAvg(α=0.01) | loss=1.3087
  [Client 26] Round 14 | Per-FedAvg(α=0.01) | loss=1.1710
  [Client 64] Round 14 | Per-FedAvg(α=0.01) | loss=1.0262
  [Client 70] Round 14 | Per-FedAvg(α=0.01) | loss=1.4375
  [Client 20] Round 14 | Per-FedAvg(α=0.01) | loss=1.0902
  [Client 74] Round 14 | Per-FedAvg(α=0.01) | loss=1.0313
  [Client 58] Round 14 | Per-FedAvg(α=0.01) | loss=1.2234
  [Client 78] Round 14 | Per-FedAvg(α=0.01) | loss=0.9930
  [Client 32] Round 14 | Per-FedAvg(α=0.01) | loss=1.0365
  [Client 65] Round 14 | Per-FedAvg(α=0.01) | loss=1.1803
  [Client 63] Round 14 | Per-FedAvg(α=0.01) | loss=1.1849
  [Client 12] Round 14 | Per-FedAvg(α=0.01) | loss=1.2336
  [Client 21] Round 14 | Per-FedAvg(α=0.01) | loss=1.0217
  [Client 24] Round 14 | Per-FedAvg(α=0.01) | loss=1.3025
  [Client  7] Round 14 | Per-FedAvg(α=0.01) | loss=1.0958
  [Client 15] Round 14 | Per-FedAvg(α=0.01) | loss=1.2175
  [Client 59] Round 14 | Per-FedAvg(α=0.01) | loss=1.1486
  [Client 17] Round 14 | Per-FedAvg(α=0.01) | loss=1.2952
  [Client 50] Round 14 | Per-FedAvg(α=0.01) | loss=1.3100
  [Client 66] Round 14 | Per-FedAvg(α=0.01) | loss=1.3283
  [Client 56] Round 14 | Per-FedAvg(α=0.01) | loss=1.2479
  [Client 49] Round 14 | Per-FedAvg(α=0.01) | loss=1.3784
  [Client 18] Round 14 | Per-FedAvg(α=0.01) | loss=1.3550
  [Client 30] Round 14 | Per-FedAvg(α=0.01) | loss=1.0299
  [Client 88] Round 14 | Per-FedAvg(α=0.01) | loss=1.4035
  [Client 98] Round 14 | Per-FedAvg(α=0.01) | loss=1.1579
  [Client 34] Round 14 | Per-FedAvg(α=0.01) | loss=1.0509
  [Client 96] Round 14 | Per-FedAvg(α=0.01) | loss=1.2132
  [Client  3] Round 14 | Per-FedAvg(α=0.01) | loss=1.1319
  [Client 83] Round 14 | Per-FedAvg(α=0.01) | loss=1.4509
  [Client 46] Round 14 | Per-FedAvg(α=0.01) | loss=1.3898
  [Client 62] Round 14 | Per-FedAvg(α=0.01) | loss=1.1377
  [Client 57] Round 14 | Per-FedAvg(α=0.01) | loss=1.1876
  [Client 73] Round 14 | Per-FedAvg(α=0.01) | loss=1.3970
  [Client 28] Round 14 | Per-FedAvg(α=0.01) | loss=1.1297
  [Client 29] Round 14 | Per-FedAvg(α=0.01) | loss=1.1930
  [Client 33] Round 14 | Per-FedAvg(α=0.01) | loss=1.2694
  [Client 23] Round 14 | Per-FedAvg(α=0.01) | loss=1.2327
  [Client  9] Round 14 | Per-FedAvg(α=0.01) | loss=1.2576
  [Client 77] Round 14 | Per-FedAvg(α=0.01) | loss=1.0036
  [Client 55] Round 14 | Per-FedAvg(α=0.01) | loss=1.1782
  [Client  4] Round 14 | Per-FedAvg(α=0.01) | loss=1.2788
  [Client 14] Round 14 | Per-FedAvg(α=0.01) | loss=1.7825
  [Client 97] Round 14 | Per-FedAvg(α=0.01) | loss=1.4013
  [Client 93] Round 14 | Per-FedAvg(α=0.01) | loss=1.1507
  [Client 71] Round 14 | Per-FedAvg(α=0.01) | loss=1.2062
  [Client 92] Round 14 | Per-FedAvg(α=0.01) | loss=1.2634
  [Client 80] Round 14 | Per-FedAvg(α=0.01) | loss=1.3566
  [Client 48] Round 14 | Per-FedAvg(α=0.01) | loss=1.1044
  [Client 44] Round 14 | Per-FedAvg(α=0.01) | loss=1.0955
  [Client 13] Round 14 | Per-FedAvg(α=0.01) | loss=0.9807
  [Client 60] Round 14 | Per-FedAvg(α=0.01) | loss=1.1591
  [Client 99] Round 14 | Per-FedAvg(α=0.01) | loss=1.2715
  [Client 39] Round 14 | Per-FedAvg(α=0.01) | loss=1.5964
  [Client 89] Round 14 | Per-FedAvg(α=0.01) | loss=1.2623
  [Client 76] Round 14 | Per-FedAvg(α=0.01) | loss=1.2828
  [Client 81] Round 14 | Per-FedAvg(α=0.01) | loss=1.1427
  [Client 47] Round 14 | Per-FedAvg(α=0.01) | loss=1.1453
  [Client 42] Round 14 | Per-FedAvg(α=0.01) | loss=1.2336
  [Client 91] Round 14 | Per-FedAvg(α=0.01) | loss=1.1064
  [Client  8] Round 14 | Per-FedAvg(α=0.01) | loss=1.3117
  [Client 75] Round 14 | Per-FedAvg(α=0.01) | loss=1.3009
  [Client  6] Round 14 | Per-FedAvg(α=0.01) | loss=1.3228
  [Client 25] Round 14 | Per-FedAvg(α=0.01) | loss=1.4135
  [Edge 0] G14 | E2 | loss=1.2296
  [Edge 1] G14 | E1 | Selected 1/2
  [Client  5] Round 14 | Per-FedAvg(α=0.01) | loss=0.7257
  [Edge 1] G14 | E1 | loss=0.7257
  [Edge 1] G14 | E2 | Selected 1/2
  [Client  5] Round 14 | Per-FedAvg(α=0.01) | loss=0.7944
  [Edge 1] G14 | E2 | loss=0.7944
  [Cloud] acc=0.3663 | loss=1.6490 | time=920.7s | comm=4236.4MB (total=59310MB)

[Round  15] Broadcasting to 2 edges...
  [Edge 0] G15 | E1 | Selected 68/98
  [Client 79] Round 15 | Per-FedAvg(α=0.01) | loss=1.3612
  [Client 73] Round 15 | Per-FedAvg(α=0.01) | loss=1.4856
  [Client 26] Round 15 | Per-FedAvg(α=0.01) | loss=1.1987
  [Client 66] Round 15 | Per-FedAvg(α=0.01) | loss=1.3692
  [Client 12] Round 15 | Per-FedAvg(α=0.01) | loss=1.0937
  [Client 86] Round 15 | Per-FedAvg(α=0.01) | loss=1.2207
  [Client 36] Round 15 | Per-FedAvg(α=0.01) | loss=1.0365
  [Client 80] Round 15 | Per-FedAvg(α=0.01) | loss=1.3619
  [Client 60] Round 15 | Per-FedAvg(α=0.01) | loss=1.1841
  [Client 72] Round 15 | Per-FedAvg(α=0.01) | loss=1.2831
  [Client 40] Round 15 | Per-FedAvg(α=0.01) | loss=1.3459
  [Client 84] Round 15 | Per-FedAvg(α=0.01) | loss=1.1842
  [Client 97] Round 15 | Per-FedAvg(α=0.01) | loss=1.3619
  [Client 58] Round 15 | Per-FedAvg(α=0.01) | loss=1.1839
  [Client 74] Round 15 | Per-FedAvg(α=0.01) | loss=1.1217
  [Client  8] Round 15 | Per-FedAvg(α=0.01) | loss=1.2388
  [Client 92] Round 15 | Per-FedAvg(α=0.01) | loss=1.3132
  [Client 52] Round 15 | Per-FedAvg(α=0.01) | loss=1.0126
  [Client 30] Round 15 | Per-FedAvg(α=0.01) | loss=1.0575
  [Client 44] Round 15 | Per-FedAvg(α=0.01) | loss=0.9151
  [Client 21] Round 15 | Per-FedAvg(α=0.01) | loss=1.0313
  [Client 51] Round 15 | Per-FedAvg(α=0.01) | loss=0.9852
  [Client 37] Round 15 | Per-FedAvg(α=0.01) | loss=1.2822
  [Client 59] Round 15 | Per-FedAvg(α=0.01) | loss=1.1411
  [Client 18] Round 15 | Per-FedAvg(α=0.01) | loss=1.2987
  [Client 32] Round 15 | Per-FedAvg(α=0.01) | loss=1.0673
  [Client 17] Round 15 | Per-FedAvg(α=0.01) | loss=1.3232
  [Client 10] Round 15 | Per-FedAvg(α=0.01) | loss=1.2183
  [Client 34] Round 15 | Per-FedAvg(α=0.01) | loss=1.0222
  [Client 28] Round 15 | Per-FedAvg(α=0.01) | loss=1.1392
  [Client 91] Round 15 | Per-FedAvg(α=0.01) | loss=1.1304
  [Client 14] Round 15 | Per-FedAvg(α=0.01) | loss=1.8315
  [Client 41] Round 15 | Per-FedAvg(α=0.01) | loss=1.3334
  [Client 78] Round 15 | Per-FedAvg(α=0.01) | loss=0.9191
  [Client 90] Round 15 | Per-FedAvg(α=0.01) | loss=1.4209
  [Client  3] Round 15 | Per-FedAvg(α=0.01) | loss=1.1152
  [Client 99] Round 15 | Per-FedAvg(α=0.01) | loss=1.2668
  [Client 61] Round 15 | Per-FedAvg(α=0.01) | loss=0.9727
  [Client 89] Round 15 | Per-FedAvg(α=0.01) | loss=1.1763
  [Client 95] Round 15 | Per-FedAvg(α=0.01) | loss=0.5864
  [Client 98] Round 15 | Per-FedAvg(α=0.01) | loss=1.2100
  [Client 63] Round 15 | Per-FedAvg(α=0.01) | loss=1.1548
  [Client 16] Round 15 | Per-FedAvg(α=0.01) | loss=1.2864
  [Client  7] Round 15 | Per-FedAvg(α=0.01) | loss=1.1330
  [Client 85] Round 15 | Per-FedAvg(α=0.01) | loss=1.2290
  [Client 71] Round 15 | Per-FedAvg(α=0.01) | loss=1.2423
  [Client 35] Round 15 | Per-FedAvg(α=0.01) | loss=0.9291
  [Client 19] Round 15 | Per-FedAvg(α=0.01) | loss=0.8794
  [Client  2] Round 15 | Per-FedAvg(α=0.01) | loss=1.0776
  [Client 22] Round 15 | Per-FedAvg(α=0.01) | loss=1.4694
  [Client 57] Round 15 | Per-FedAvg(α=0.01) | loss=1.2011
  [Client 77] Round 15 | Per-FedAvg(α=0.01) | loss=0.9948
  [Client 56] Round 15 | Per-FedAvg(α=0.01) | loss=1.1968
  [Client 96] Round 15 | Per-FedAvg(α=0.01) | loss=1.2531
  [Client  6] Round 15 | Per-FedAvg(α=0.01) | loss=1.3516
  [Client 50] Round 15 | Per-FedAvg(α=0.01) | loss=1.3606
  [Client 33] Round 15 | Per-FedAvg(α=0.01) | loss=1.2177
  [Client 93] Round 15 | Per-FedAvg(α=0.01) | loss=1.1749
  [Client 70] Round 15 | Per-FedAvg(α=0.01) | loss=1.4288
  [Client 38] Round 15 | Per-FedAvg(α=0.01) | loss=1.0108
  [Client 64] Round 15 | Per-FedAvg(α=0.01) | loss=0.9700
  [Client 75] Round 15 | Per-FedAvg(α=0.01) | loss=1.3159
  [Client 42] Round 15 | Per-FedAvg(α=0.01) | loss=1.2784
  [Client 47] Round 15 | Per-FedAvg(α=0.01) | loss=1.2111
  [Client 49] Round 15 | Per-FedAvg(α=0.01) | loss=1.3245
  [Client 87] Round 15 | Per-FedAvg(α=0.01) | loss=0.8208
  [Client 25] Round 15 | Per-FedAvg(α=0.01) | loss=1.2759
  [Client 29] Round 15 | Per-FedAvg(α=0.01) | loss=1.1917
  [Edge 0] G15 | E1 | loss=1.1927
  [Edge 0] G15 | E2 | Selected 68/98
  [Client 49] Round 15 | Per-FedAvg(α=0.01) | loss=1.3375
  [Client 76] Round 15 | Per-FedAvg(α=0.01) | loss=1.3025
  [Client 30] Round 15 | Per-FedAvg(α=0.01) | loss=1.0595
  [Client 67] Round 15 | Per-FedAvg(α=0.01) | loss=1.1828
  [Client 63] Round 15 | Per-FedAvg(α=0.01) | loss=1.1255
  [Client  4] Round 15 | Per-FedAvg(α=0.01) | loss=1.3203
  [Client 81] Round 15 | Per-FedAvg(α=0.01) | loss=1.0486
  [Client 65] Round 15 | Per-FedAvg(α=0.01) | loss=0.9706
  [Client 25] Round 15 | Per-FedAvg(α=0.01) | loss=1.2563
  [Client 20] Round 15 | Per-FedAvg(α=0.01) | loss=0.9365
  [Client 14] Round 15 | Per-FedAvg(α=0.01) | loss=1.8806
  [Client 71] Round 15 | Per-FedAvg(α=0.01) | loss=1.0989
  [Client 28] Round 15 | Per-FedAvg(α=0.01) | loss=1.1569
  [Client  1] Round 15 | Per-FedAvg(α=0.01) | loss=1.1030
  [Client 83] Round 15 | Per-FedAvg(α=0.01) | loss=1.3481
  [Client 35] Round 15 | Per-FedAvg(α=0.01) | loss=0.9211
  [Client  3] Round 15 | Per-FedAvg(α=0.01) | loss=1.0933
  [Client 82] Round 15 | Per-FedAvg(α=0.01) | loss=1.3330
  [Client 13] Round 15 | Per-FedAvg(α=0.01) | loss=0.9580
  [Client 45] Round 15 | Per-FedAvg(α=0.01) | loss=1.2134
  [Client 53] Round 15 | Per-FedAvg(α=0.01) | loss=1.0900
  [Client 98] Round 15 | Per-FedAvg(α=0.01) | loss=1.1423
  [Client 32] Round 15 | Per-FedAvg(α=0.01) | loss=1.0352
  [Client 90] Round 15 | Per-FedAvg(α=0.01) | loss=1.3814
  [Client 85] Round 15 | Per-FedAvg(α=0.01) | loss=1.1471
  [Client 97] Round 15 | Per-FedAvg(α=0.01) | loss=1.3802
  [Client 18] Round 15 | Per-FedAvg(α=0.01) | loss=1.2861
  [Client 70] Round 15 | Per-FedAvg(α=0.01) | loss=1.4211
  [Client 99] Round 15 | Per-FedAvg(α=0.01) | loss=1.1919
  [Client 33] Round 15 | Per-FedAvg(α=0.01) | loss=1.2654
  [Client 12] Round 15 | Per-FedAvg(α=0.01) | loss=1.0064
  [Client 37] Round 15 | Per-FedAvg(α=0.01) | loss=1.2573
  [Client  6] Round 15 | Per-FedAvg(α=0.01) | loss=1.3676
  [Client 47] Round 15 | Per-FedAvg(α=0.01) | loss=1.0936
  [Client 66] Round 15 | Per-FedAvg(α=0.01) | loss=1.2734
  [Client 36] Round 15 | Per-FedAvg(α=0.01) | loss=0.9930
  [Client 64] Round 15 | Per-FedAvg(α=0.01) | loss=0.9526
  [Client 26] Round 15 | Per-FedAvg(α=0.01) | loss=1.1349
  [Client  8] Round 15 | Per-FedAvg(α=0.01) | loss=1.2052
  [Client 43] Round 15 | Per-FedAvg(α=0.01) | loss=1.3369
  [Client  2] Round 15 | Per-FedAvg(α=0.01) | loss=1.1194
  [Client 56] Round 15 | Per-FedAvg(α=0.01) | loss=1.1874
  [Client 50] Round 15 | Per-FedAvg(α=0.01) | loss=1.3572
  [Client 57] Round 15 | Per-FedAvg(α=0.01) | loss=1.1968
  [Client 23] Round 15 | Per-FedAvg(α=0.01) | loss=1.2001
  [Client 60] Round 15 | Per-FedAvg(α=0.01) | loss=1.1918
  [Client 15] Round 15 | Per-FedAvg(α=0.01) | loss=1.3558
  [Client 61] Round 15 | Per-FedAvg(α=0.01) | loss=0.8678
  [Client 40] Round 15 | Per-FedAvg(α=0.01) | loss=1.3173
  [Client 95] Round 15 | Per-FedAvg(α=0.01) | loss=0.6157
  [Client 94] Round 15 | Per-FedAvg(α=0.01) | loss=1.1741
  [Client 59] Round 15 | Per-FedAvg(α=0.01) | loss=1.3069
  [Client 11] Round 15 | Per-FedAvg(α=0.01) | loss=1.1995
  [Client 21] Round 15 | Per-FedAvg(α=0.01) | loss=0.9922
  [Client 91] Round 15 | Per-FedAvg(α=0.01) | loss=1.1102
  [Client 93] Round 15 | Per-FedAvg(α=0.01) | loss=1.1046
  [Client 27] Round 15 | Per-FedAvg(α=0.01) | loss=0.9369
  [Client 75] Round 15 | Per-FedAvg(α=0.01) | loss=1.2512
  [Client 74] Round 15 | Per-FedAvg(α=0.01) | loss=1.0416
  [Client 22] Round 15 | Per-FedAvg(α=0.01) | loss=1.1407
  [Client 89] Round 15 | Per-FedAvg(α=0.01) | loss=1.2394
  [Client 34] Round 15 | Per-FedAvg(α=0.01) | loss=1.0135
  [Client 52] Round 15 | Per-FedAvg(α=0.01) | loss=1.0455
  [Client 41] Round 15 | Per-FedAvg(α=0.01) | loss=1.3288
  [Client 92] Round 15 | Per-FedAvg(α=0.01) | loss=1.2567
  [Client 68] Round 15 | Per-FedAvg(α=0.01) | loss=0.9366
  [Client 87] Round 15 | Per-FedAvg(α=0.01) | loss=0.8440
  [Client 88] Round 15 | Per-FedAvg(α=0.01) | loss=1.3563
  [Edge 0] G15 | E2 | loss=1.1744
  [Edge 1] G15 | E1 | Selected 1/2
  [Client 31] Round 15 | Per-FedAvg(α=0.01) | loss=1.0760
  [Edge 1] G15 | E1 | loss=1.0760
  [Edge 1] G15 | E2 | Selected 1/2
  [Client  5] Round 15 | Per-FedAvg(α=0.01) | loss=1.0561
  [Edge 1] G15 | E2 | loss=1.0561
  [Cloud] acc=0.3942 | loss=1.6228 | time=867.3s | comm=4236.4MB (total=63546MB)

[Round  16] Broadcasting to 2 edges...
  [Edge 0] G16 | E1 | Selected 68/98
  [Client 34] Round 16 | Per-FedAvg(α=0.01) | loss=1.0428
  [Client 66] Round 16 | Per-FedAvg(α=0.01) | loss=1.3069
  [Client 19] Round 16 | Per-FedAvg(α=0.01) | loss=0.8266
  [Client 90] Round 16 | Per-FedAvg(α=0.01) | loss=1.3597
  [Client 12] Round 16 | Per-FedAvg(α=0.01) | loss=0.9205
  [Client 54] Round 16 | Per-FedAvg(α=0.01) | loss=1.2927
  [Client 80] Round 16 | Per-FedAvg(α=0.01) | loss=1.3384
  [Client 22] Round 16 | Per-FedAvg(α=0.01) | loss=1.0782
  [Client 81] Round 16 | Per-FedAvg(α=0.01) | loss=1.1086
  [Client 92] Round 16 | Per-FedAvg(α=0.01) | loss=1.1957
  [Client 46] Round 16 | Per-FedAvg(α=0.01) | loss=1.3572
  [Client 94] Round 16 | Per-FedAvg(α=0.01) | loss=1.1642
  [Client 97] Round 16 | Per-FedAvg(α=0.01) | loss=1.2948
  [Client 62] Round 16 | Per-FedAvg(α=0.01) | loss=1.1265
  [Client 78] Round 16 | Per-FedAvg(α=0.01) | loss=0.8742
  [Client 88] Round 16 | Per-FedAvg(α=0.01) | loss=1.3789
  [Client 67] Round 16 | Per-FedAvg(α=0.01) | loss=1.1974
  [Client 68] Round 16 | Per-FedAvg(α=0.01) | loss=0.9753
  [Client 63] Round 16 | Per-FedAvg(α=0.01) | loss=1.1725
  [Client  0] Round 16 | Per-FedAvg(α=0.01) | loss=1.3370
  [Client 53] Round 16 | Per-FedAvg(α=0.01) | loss=1.1077
  [Client 87] Round 16 | Per-FedAvg(α=0.01) | loss=0.8317
  [Client 61] Round 16 | Per-FedAvg(α=0.01) | loss=0.9407
  [Client 76] Round 16 | Per-FedAvg(α=0.01) | loss=1.2573
  [Client 26] Round 16 | Per-FedAvg(α=0.01) | loss=1.1952
  [Client 75] Round 16 | Per-FedAvg(α=0.01) | loss=1.2667
  [Client 28] Round 16 | Per-FedAvg(α=0.01) | loss=1.0933
  [Client 99] Round 16 | Per-FedAvg(α=0.01) | loss=1.2371
  [Client 16] Round 16 | Per-FedAvg(α=0.01) | loss=1.2876
  [Client 45] Round 16 | Per-FedAvg(α=0.01) | loss=1.1868
  [Client 35] Round 16 | Per-FedAvg(α=0.01) | loss=0.9323
  [Client 17] Round 16 | Per-FedAvg(α=0.01) | loss=1.3324
  [Client  8] Round 16 | Per-FedAvg(α=0.01) | loss=1.1911
  [Client 60] Round 16 | Per-FedAvg(α=0.01) | loss=1.1694
  [Client  1] Round 16 | Per-FedAvg(α=0.01) | loss=1.4969
  [Client 11] Round 16 | Per-FedAvg(α=0.01) | loss=1.1493
  [Client 10] Round 16 | Per-FedAvg(α=0.01) | loss=1.2235
  [Client 91] Round 16 | Per-FedAvg(α=0.01) | loss=1.0617
  [Client 13] Round 16 | Per-FedAvg(α=0.01) | loss=0.9347
  [Client 15] Round 16 | Per-FedAvg(α=0.01) | loss=1.2625
  [Client 33] Round 16 | Per-FedAvg(α=0.01) | loss=1.1581
  [Client 71] Round 16 | Per-FedAvg(α=0.01) | loss=1.1770
  [Client 52] Round 16 | Per-FedAvg(α=0.01) | loss=0.9974
  [Client 83] Round 16 | Per-FedAvg(α=0.01) | loss=1.3599
  [Client  4] Round 16 | Per-FedAvg(α=0.01) | loss=1.3332
  [Client 85] Round 16 | Per-FedAvg(α=0.01) | loss=1.1823
  [Client 72] Round 16 | Per-FedAvg(α=0.01) | loss=1.3679
  [Client 29] Round 16 | Per-FedAvg(α=0.01) | loss=1.2113
  [Client 95] Round 16 | Per-FedAvg(α=0.01) | loss=0.5997
  [Client 30] Round 16 | Per-FedAvg(α=0.01) | loss=1.0227
  [Client  7] Round 16 | Per-FedAvg(α=0.01) | loss=1.0210
  [Client 43] Round 16 | Per-FedAvg(α=0.01) | loss=1.3416
  [Client 89] Round 16 | Per-FedAvg(α=0.01) | loss=1.2891
  [Client 84] Round 16 | Per-FedAvg(α=0.01) | loss=1.1371
  [Client 93] Round 16 | Per-FedAvg(α=0.01) | loss=1.1948
  [Client 47] Round 16 | Per-FedAvg(α=0.01) | loss=1.2119
  [Client 37] Round 16 | Per-FedAvg(α=0.01) | loss=1.2709
  [Client 42] Round 16 | Per-FedAvg(α=0.01) | loss=1.2021
  [Client 64] Round 16 | Per-FedAvg(α=0.01) | loss=0.9411
  [Client 38] Round 16 | Per-FedAvg(α=0.01) | loss=0.9690
  [Client 25] Round 16 | Per-FedAvg(α=0.01) | loss=1.5440
  [Client 39] Round 16 | Per-FedAvg(α=0.01) | loss=1.5938
  [Client 98] Round 16 | Per-FedAvg(α=0.01) | loss=1.1425
  [Client 73] Round 16 | Per-FedAvg(α=0.01) | loss=1.5555
  [Client  3] Round 16 | Per-FedAvg(α=0.01) | loss=1.0828
  [Client  2] Round 16 | Per-FedAvg(α=0.01) | loss=1.0931
  [Client 32] Round 16 | Per-FedAvg(α=0.01) | loss=1.0384
  [Client 44] Round 16 | Per-FedAvg(α=0.01) | loss=0.9429
  [Edge 0] G16 | E1 | loss=1.1783
  [Edge 0] G16 | E2 | Selected 68/98
  [Client 39] Round 16 | Per-FedAvg(α=0.01) | loss=2.0738
  [Client 81] Round 16 | Per-FedAvg(α=0.01) | loss=1.0180
  [Client 50] Round 16 | Per-FedAvg(α=0.01) | loss=1.3092
  [Client  3] Round 16 | Per-FedAvg(α=0.01) | loss=1.1188
  [Client 32] Round 16 | Per-FedAvg(α=0.01) | loss=1.0060
  [Client 45] Round 16 | Per-FedAvg(α=0.01) | loss=1.2392
  [Client 30] Round 16 | Per-FedAvg(α=0.01) | loss=1.0645
  [Client 19] Round 16 | Per-FedAvg(α=0.01) | loss=0.8441
  [Client 65] Round 16 | Per-FedAvg(α=0.01) | loss=0.9704
  [Client 62] Round 16 | Per-FedAvg(α=0.01) | loss=1.1200
  [Client 80] Round 16 | Per-FedAvg(α=0.01) | loss=1.2148
  [Client  9] Round 16 | Per-FedAvg(α=0.01) | loss=1.2757
  [Client 42] Round 16 | Per-FedAvg(α=0.01) | loss=1.2389
  [Client 78] Round 16 | Per-FedAvg(α=0.01) | loss=0.9474
  [Client 44] Round 16 | Per-FedAvg(α=0.01) | loss=1.0724
  [Client 41] Round 16 | Per-FedAvg(α=0.01) | loss=1.3395
  [Client 76] Round 16 | Per-FedAvg(α=0.01) | loss=1.2519
  [Client 26] Round 16 | Per-FedAvg(α=0.01) | loss=1.1258
  [Client 37] Round 16 | Per-FedAvg(α=0.01) | loss=1.2684
  [Client 96] Round 16 | Per-FedAvg(α=0.01) | loss=1.1819
  [Client 77] Round 16 | Per-FedAvg(α=0.01) | loss=0.9387
  [Client 90] Round 16 | Per-FedAvg(α=0.01) | loss=1.3663
  [Client 66] Round 16 | Per-FedAvg(α=0.01) | loss=1.2937
  [Client 73] Round 16 | Per-FedAvg(α=0.01) | loss=1.4872
  [Client 63] Round 16 | Per-FedAvg(α=0.01) | loss=1.0996
  [Client 48] Round 16 | Per-FedAvg(α=0.01) | loss=1.1122
  [Client 97] Round 16 | Per-FedAvg(α=0.01) | loss=1.3856
  [Client 85] Round 16 | Per-FedAvg(α=0.01) | loss=1.1108
  [Client 95] Round 16 | Per-FedAvg(α=0.01) | loss=0.5751
  [Client  1] Round 16 | Per-FedAvg(α=0.01) | loss=1.2513
  [Client 36] Round 16 | Per-FedAvg(α=0.01) | loss=0.8913
  [Client 14] Round 16 | Per-FedAvg(α=0.01) | loss=1.2723
  [Client 10] Round 16 | Per-FedAvg(α=0.01) | loss=1.1363
  [Client 52] Round 16 | Per-FedAvg(α=0.01) | loss=0.9610
  [Client 98] Round 16 | Per-FedAvg(α=0.01) | loss=1.1405
  [Client 20] Round 16 | Per-FedAvg(α=0.01) | loss=0.9667
  [Client  7] Round 16 | Per-FedAvg(α=0.01) | loss=1.0868
  [Client 12] Round 16 | Per-FedAvg(α=0.01) | loss=1.1058
  [Client 89] Round 16 | Per-FedAvg(α=0.01) | loss=1.2649
  [Client 59] Round 16 | Per-FedAvg(α=0.01) | loss=1.2030
  [Client 27] Round 16 | Per-FedAvg(α=0.01) | loss=0.9134
  [Client 69] Round 16 | Per-FedAvg(α=0.01) | loss=1.3537
  [Client 40] Round 16 | Per-FedAvg(α=0.01) | loss=1.2971
  [Client 84] Round 16 | Per-FedAvg(α=0.01) | loss=1.1873
  [Client 64] Round 16 | Per-FedAvg(α=0.01) | loss=0.9240
  [Client 16] Round 16 | Per-FedAvg(α=0.01) | loss=1.2734
  [Client 74] Round 16 | Per-FedAvg(α=0.01) | loss=1.0223
  [Client 43] Round 16 | Per-FedAvg(α=0.01) | loss=1.2998
  [Client 60] Round 16 | Per-FedAvg(α=0.01) | loss=1.1383
  [Client  6] Round 16 | Per-FedAvg(α=0.01) | loss=1.2916
  [Client  0] Round 16 | Per-FedAvg(α=0.01) | loss=1.2373
  [Client 56] Round 16 | Per-FedAvg(α=0.01) | loss=1.2853
  [Client 79] Round 16 | Per-FedAvg(α=0.01) | loss=1.3166
  [Client 99] Round 16 | Per-FedAvg(α=0.01) | loss=1.2774
  [Client 91] Round 16 | Per-FedAvg(α=0.01) | loss=1.0572
  [Client 33] Round 16 | Per-FedAvg(α=0.01) | loss=1.2266
  [Client 55] Round 16 | Per-FedAvg(α=0.01) | loss=1.1977
  [Client 38] Round 16 | Per-FedAvg(α=0.01) | loss=0.9843
  [Client 11] Round 16 | Per-FedAvg(α=0.01) | loss=1.1682
  [Client 94] Round 16 | Per-FedAvg(α=0.01) | loss=1.2130
  [Client 18] Round 16 | Per-FedAvg(α=0.01) | loss=1.2531
  [Client  4] Round 16 | Per-FedAvg(α=0.01) | loss=1.2810
  [Client 13] Round 16 | Per-FedAvg(α=0.01) | loss=0.8839
  [Client 58] Round 16 | Per-FedAvg(α=0.01) | loss=1.2003
  [Client 49] Round 16 | Per-FedAvg(α=0.01) | loss=1.3393
  [Client 24] Round 16 | Per-FedAvg(α=0.01) | loss=1.2483
  [Client 21] Round 16 | Per-FedAvg(α=0.01) | loss=0.9215
  [Client 67] Round 16 | Per-FedAvg(α=0.01) | loss=1.1399
  [Edge 0] G16 | E2 | loss=1.1643
  [Edge 1] G16 | E1 | Selected 1/2
  [Client 31] Round 16 | Per-FedAvg(α=0.01) | loss=0.9276
  [Edge 1] G16 | E1 | loss=0.9276
  [Edge 1] G16 | E2 | Selected 1/2
  [Client 31] Round 16 | Per-FedAvg(α=0.01) | loss=1.1741
  [Edge 1] G16 | E2 | loss=1.1741
  [Cloud] acc=0.4257 | loss=1.5401 | time=910.9s | comm=4236.4MB (total=67783MB)

[Round  17] Broadcasting to 2 edges...
  [Edge 0] G17 | E1 | Selected 68/98
  [Client 49] Round 17 | Per-FedAvg(α=0.01) | loss=1.2986
  [Client 74] Round 17 | Per-FedAvg(α=0.01) | loss=0.9449
  [Client 41] Round 17 | Per-FedAvg(α=0.01) | loss=1.3383
  [Client 81] Round 17 | Per-FedAvg(α=0.01) | loss=1.1837
  [Client 97] Round 17 | Per-FedAvg(α=0.01) | loss=1.3167
  [Client 25] Round 17 | Per-FedAvg(α=0.01) | loss=1.3715
  [Client 46] Round 17 | Per-FedAvg(α=0.01) | loss=1.2435
  [Client 94] Round 17 | Per-FedAvg(α=0.01) | loss=1.1509
  [Client 32] Round 17 | Per-FedAvg(α=0.01) | loss=0.9853
  [Client 52] Round 17 | Per-FedAvg(α=0.01) | loss=0.9577
  [Client 51] Round 17 | Per-FedAvg(α=0.01) | loss=0.8709
  [Client 88] Round 17 | Per-FedAvg(α=0.01) | loss=1.4179
  [Client 36] Round 17 | Per-FedAvg(α=0.01) | loss=0.9132
  [Client 29] Round 17 | Per-FedAvg(α=0.01) | loss=1.2250
  [Client 73] Round 17 | Per-FedAvg(α=0.01) | loss=1.4355
  [Client 35] Round 17 | Per-FedAvg(α=0.01) | loss=0.8637
  [Client 69] Round 17 | Per-FedAvg(α=0.01) | loss=1.3845
  [Client 39] Round 17 | Per-FedAvg(α=0.01) | loss=1.8208
  [Client  6] Round 17 | Per-FedAvg(α=0.01) | loss=1.1857
  [Client 99] Round 17 | Per-FedAvg(α=0.01) | loss=1.2604
  [Client 22] Round 17 | Per-FedAvg(α=0.01) | loss=1.0902
  [Client 87] Round 17 | Per-FedAvg(α=0.01) | loss=0.8834
  [Client 76] Round 17 | Per-FedAvg(α=0.01) | loss=1.2918
  [Client 23] Round 17 | Per-FedAvg(α=0.01) | loss=1.1282
  [Client 72] Round 17 | Per-FedAvg(α=0.01) | loss=1.2533
  [Client 13] Round 17 | Per-FedAvg(α=0.01) | loss=0.8648
  [Client 89] Round 17 | Per-FedAvg(α=0.01) | loss=1.2198
  [Client 55] Round 17 | Per-FedAvg(α=0.01) | loss=1.1746
  [Client 90] Round 17 | Per-FedAvg(α=0.01) | loss=1.3651
  [Client 34] Round 17 | Per-FedAvg(α=0.01) | loss=1.0766
  [Client 58] Round 17 | Per-FedAvg(α=0.01) | loss=1.1593
  [Client 53] Round 17 | Per-FedAvg(α=0.01) | loss=1.1135
  [Client 47] Round 17 | Per-FedAvg(α=0.01) | loss=1.1439
  [Client 77] Round 17 | Per-FedAvg(α=0.01) | loss=0.9610
  [Client  3] Round 17 | Per-FedAvg(α=0.01) | loss=1.1527
  [Client 40] Round 17 | Per-FedAvg(α=0.01) | loss=1.3071
  [Client 82] Round 17 | Per-FedAvg(α=0.01) | loss=1.3273
  [Client  2] Round 17 | Per-FedAvg(α=0.01) | loss=1.1054
  [Client 37] Round 17 | Per-FedAvg(α=0.01) | loss=1.2745
  [Client 28] Round 17 | Per-FedAvg(α=0.01) | loss=1.0367
  [Client 60] Round 17 | Per-FedAvg(α=0.01) | loss=1.1730
  [Client 64] Round 17 | Per-FedAvg(α=0.01) | loss=0.9634
  [Client  9] Round 17 | Per-FedAvg(α=0.01) | loss=1.2486
  [Client 15] Round 17 | Per-FedAvg(α=0.01) | loss=1.1827
  [Client 27] Round 17 | Per-FedAvg(α=0.01) | loss=0.9294
  [Client 80] Round 17 | Per-FedAvg(α=0.01) | loss=1.3901
  [Client 45] Round 17 | Per-FedAvg(α=0.01) | loss=1.2717
  [Client 65] Round 17 | Per-FedAvg(α=0.01) | loss=0.9926
  [Client 70] Round 17 | Per-FedAvg(α=0.01) | loss=1.4596
  [Client 20] Round 17 | Per-FedAvg(α=0.01) | loss=0.9556
  [Client 17] Round 17 | Per-FedAvg(α=0.01) | loss=1.2575
  [Client 61] Round 17 | Per-FedAvg(α=0.01) | loss=0.8672
  [Client 30] Round 17 | Per-FedAvg(α=0.01) | loss=1.0595
  [Client  1] Round 17 | Per-FedAvg(α=0.01) | loss=1.1215
  [Client 91] Round 17 | Per-FedAvg(α=0.01) | loss=1.0624
  [Client 42] Round 17 | Per-FedAvg(α=0.01) | loss=1.1304
  [Client 14] Round 17 | Per-FedAvg(α=0.01) | loss=1.5100
  [Client 44] Round 17 | Per-FedAvg(α=0.01) | loss=1.0593
  [Client  7] Round 17 | Per-FedAvg(α=0.01) | loss=1.0399
  [Client 93] Round 17 | Per-FedAvg(α=0.01) | loss=1.1231
  [Client 43] Round 17 | Per-FedAvg(α=0.01) | loss=1.3037
  [Client 26] Round 17 | Per-FedAvg(α=0.01) | loss=1.1481
  [Client 92] Round 17 | Per-FedAvg(α=0.01) | loss=1.2621
  [Client 24] Round 17 | Per-FedAvg(α=0.01) | loss=1.2938
  [Client 50] Round 17 | Per-FedAvg(α=0.01) | loss=1.3452
  [Client 96] Round 17 | Per-FedAvg(α=0.01) | loss=1.1595
  [Client 79] Round 17 | Per-FedAvg(α=0.01) | loss=1.2958
  [Client 95] Round 17 | Per-FedAvg(α=0.01) | loss=0.5803
  [Edge 0] G17 | E1 | loss=1.1736
  [Edge 0] G17 | E2 | Selected 68/98
  [Client 79] Round 17 | Per-FedAvg(α=0.01) | loss=1.3306
  [Client 18] Round 17 | Per-FedAvg(α=0.01) | loss=1.2697
  [Client 72] Round 17 | Per-FedAvg(α=0.01) | loss=1.2743
  [Client  8] Round 17 | Per-FedAvg(α=0.01) | loss=1.2400
  [Client 93] Round 17 | Per-FedAvg(α=0.01) | loss=1.2253
  [Client 44] Round 17 | Per-FedAvg(α=0.01) | loss=1.0699
  [Client 29] Round 17 | Per-FedAvg(α=0.01) | loss=1.1855
  [Client 87] Round 17 | Per-FedAvg(α=0.01) | loss=0.8615
  [Client 42] Round 17 | Per-FedAvg(α=0.01) | loss=1.1569
  [Client 35] Round 17 | Per-FedAvg(α=0.01) | loss=0.8191
  [Client  3] Round 17 | Per-FedAvg(α=0.01) | loss=1.0970
  [Client 81] Round 17 | Per-FedAvg(α=0.01) | loss=1.0295
  [Client 78] Round 17 | Per-FedAvg(α=0.01) | loss=0.8763
  [Client 82] Round 17 | Per-FedAvg(α=0.01) | loss=1.3629
  [Client 26] Round 17 | Per-FedAvg(α=0.01) | loss=1.1320
  [Client 27] Round 17 | Per-FedAvg(α=0.01) | loss=0.9482
  [Client 15] Round 17 | Per-FedAvg(α=0.01) | loss=1.3455
  [Client 10] Round 17 | Per-FedAvg(α=0.01) | loss=1.3611
  [Client 11] Round 17 | Per-FedAvg(α=0.01) | loss=1.1707
  [Client 43] Round 17 | Per-FedAvg(α=0.01) | loss=1.2581
  [Client  1] Round 17 | Per-FedAvg(α=0.01) | loss=1.1552
  [Client 62] Round 17 | Per-FedAvg(α=0.01) | loss=1.0807
  [Client  6] Round 17 | Per-FedAvg(α=0.01) | loss=1.3465
  [Client 49] Round 17 | Per-FedAvg(α=0.01) | loss=1.3331
  [Client  0] Round 17 | Per-FedAvg(α=0.01) | loss=1.2980
  [Client 25] Round 17 | Per-FedAvg(α=0.01) | loss=1.2347
  [Client 76] Round 17 | Per-FedAvg(α=0.01) | loss=1.3321
  [Client 89] Round 17 | Per-FedAvg(α=0.01) | loss=1.1969
  [Client 24] Round 17 | Per-FedAvg(α=0.01) | loss=1.2144
  [Client 85] Round 17 | Per-FedAvg(α=0.01) | loss=1.1542
  [Client 51] Round 17 | Per-FedAvg(α=0.01) | loss=0.9361
  [Client 33] Round 17 | Per-FedAvg(α=0.01) | loss=1.1804
  [Client 34] Round 17 | Per-FedAvg(α=0.01) | loss=1.0098
  [Client 65] Round 17 | Per-FedAvg(α=0.01) | loss=1.2539
  [Client 73] Round 17 | Per-FedAvg(α=0.01) | loss=1.4035
  [Client 17] Round 17 | Per-FedAvg(α=0.01) | loss=1.3180
  [Client 38] Round 17 | Per-FedAvg(α=0.01) | loss=0.9845
  [Client 80] Round 17 | Per-FedAvg(α=0.01) | loss=1.2303
  [Client 88] Round 17 | Per-FedAvg(α=0.01) | loss=1.3851
  [Client 48] Round 17 | Per-FedAvg(α=0.01) | loss=1.0478
  [Client 90] Round 17 | Per-FedAvg(α=0.01) | loss=1.3518
  [Client 45] Round 17 | Per-FedAvg(α=0.01) | loss=1.2143
  [Client 71] Round 17 | Per-FedAvg(α=0.01) | loss=1.1081
  [Client  4] Round 17 | Per-FedAvg(α=0.01) | loss=1.3124
  [Client 75] Round 17 | Per-FedAvg(α=0.01) | loss=1.2774
  [Client 28] Round 17 | Per-FedAvg(α=0.01) | loss=1.0236
  [Client 50] Round 17 | Per-FedAvg(α=0.01) | loss=1.3032
  [Client 64] Round 17 | Per-FedAvg(α=0.01) | loss=0.9236
  [Client 21] Round 17 | Per-FedAvg(α=0.01) | loss=0.9702
  [Client 30] Round 17 | Per-FedAvg(α=0.01) | loss=0.9923
  [Client 32] Round 17 | Per-FedAvg(α=0.01) | loss=0.9572
  [Client 20] Round 17 | Per-FedAvg(α=0.01) | loss=1.2261
  [Client 39] Round 17 | Per-FedAvg(α=0.01) | loss=2.2408
  [Client 12] Round 17 | Per-FedAvg(α=0.01) | loss=0.9933
  [Client 58] Round 17 | Per-FedAvg(α=0.01) | loss=1.1570
  [Client 52] Round 17 | Per-FedAvg(α=0.01) | loss=0.9703
  [Client 98] Round 17 | Per-FedAvg(α=0.01) | loss=1.1465
  [Client 61] Round 17 | Per-FedAvg(α=0.01) | loss=0.8371
  [Client 94] Round 17 | Per-FedAvg(α=0.01) | loss=1.1478
  [Client 55] Round 17 | Per-FedAvg(α=0.01) | loss=1.2218
  [Client 37] Round 17 | Per-FedAvg(α=0.01) | loss=1.2682
  [Client 63] Round 17 | Per-FedAvg(α=0.01) | loss=1.1082
  [Client 67] Round 17 | Per-FedAvg(α=0.01) | loss=1.1523
  [Client 97] Round 17 | Per-FedAvg(α=0.01) | loss=1.4460
  [Client 92] Round 17 | Per-FedAvg(α=0.01) | loss=1.2355
  [Client  2] Round 17 | Per-FedAvg(α=0.01) | loss=1.0707
  [Client 68] Round 17 | Per-FedAvg(α=0.01) | loss=0.9775
  [Client 69] Round 17 | Per-FedAvg(α=0.01) | loss=1.3398
  [Edge 0] G17 | E2 | loss=1.1869
  [Edge 1] G17 | E1 | Selected 1/2
  [Client  5] Round 17 | Per-FedAvg(α=0.01) | loss=0.6774
  [Edge 1] G17 | E1 | loss=0.6774
  [Edge 1] G17 | E2 | Selected 1/2
  [Client  5] Round 17 | Per-FedAvg(α=0.01) | loss=0.6050
  [Edge 1] G17 | E2 | loss=0.6050
  [Cloud] acc=0.3609 | loss=1.6754 | time=889.5s | comm=4236.4MB (total=72019MB)

[Round  18] Broadcasting to 2 edges...
  [Edge 0] G18 | E1 | Selected 68/98
  [Client 94] Round 18 | Per-FedAvg(α=0.01) | loss=1.1701
  [Client 66] Round 18 | Per-FedAvg(α=0.01) | loss=1.2005
  [Client 14] Round 18 | Per-FedAvg(α=0.01) | loss=1.3879
  [Client 47] Round 18 | Per-FedAvg(α=0.01) | loss=1.1623
  [Client 76] Round 18 | Per-FedAvg(α=0.01) | loss=1.3037
  [Client 30] Round 18 | Per-FedAvg(α=0.01) | loss=1.0134
  [Client 67] Round 18 | Per-FedAvg(α=0.01) | loss=1.1355
  [Client  3] Round 18 | Per-FedAvg(α=0.01) | loss=1.0866
  [Client 65] Round 18 | Per-FedAvg(α=0.01) | loss=0.9998
  [Client 89] Round 18 | Per-FedAvg(α=0.01) | loss=1.1908
  [Client 81] Round 18 | Per-FedAvg(α=0.01) | loss=0.9807
  [Client  8] Round 18 | Per-FedAvg(α=0.01) | loss=1.1894
  [Client 99] Round 18 | Per-FedAvg(α=0.01) | loss=1.2278
  [Client 58] Round 18 | Per-FedAvg(α=0.01) | loss=1.1252
  [Client 73] Round 18 | Per-FedAvg(α=0.01) | loss=1.4877
  [Client 82] Round 18 | Per-FedAvg(α=0.01) | loss=1.2708
  [Client  4] Round 18 | Per-FedAvg(α=0.01) | loss=1.3460
  [Client  1] Round 18 | Per-FedAvg(α=0.01) | loss=1.2289
  [Client 35] Round 18 | Per-FedAvg(α=0.01) | loss=0.8852
  [Client 10] Round 18 | Per-FedAvg(α=0.01) | loss=1.1078
  [Client 26] Round 18 | Per-FedAvg(α=0.01) | loss=1.1600
  [Client 57] Round 18 | Per-FedAvg(α=0.01) | loss=1.1459
  [Client 32] Round 18 | Per-FedAvg(α=0.01) | loss=1.0149
  [Client 85] Round 18 | Per-FedAvg(α=0.01) | loss=1.1843
  [Client 83] Round 18 | Per-FedAvg(α=0.01) | loss=1.4026
  [Client 45] Round 18 | Per-FedAvg(α=0.01) | loss=1.2342
  [Client  0] Round 18 | Per-FedAvg(α=0.01) | loss=1.2718
  [Client 48] Round 18 | Per-FedAvg(α=0.01) | loss=1.0504
  [Client 86] Round 18 | Per-FedAvg(α=0.01) | loss=1.1657
  [Client 55] Round 18 | Per-FedAvg(α=0.01) | loss=1.1415
  [Client 62] Round 18 | Per-FedAvg(α=0.01) | loss=1.0605
  [Client 80] Round 18 | Per-FedAvg(α=0.01) | loss=1.4491
  [Client 77] Round 18 | Per-FedAvg(α=0.01) | loss=0.9494
  [Client 41] Round 18 | Per-FedAvg(α=0.01) | loss=1.2819
  [Client 27] Round 18 | Per-FedAvg(α=0.01) | loss=0.8672
  [Client 13] Round 18 | Per-FedAvg(α=0.01) | loss=0.8752
  [Client 97] Round 18 | Per-FedAvg(α=0.01) | loss=1.3291
  [Client 79] Round 18 | Per-FedAvg(α=0.01) | loss=1.3109
  [Client 95] Round 18 | Per-FedAvg(α=0.01) | loss=0.6020
  [Client  6] Round 18 | Per-FedAvg(α=0.01) | loss=1.1587
  [Client 96] Round 18 | Per-FedAvg(α=0.01) | loss=1.1525
  [Client 93] Round 18 | Per-FedAvg(α=0.01) | loss=1.0984
  [Client 91] Round 18 | Per-FedAvg(α=0.01) | loss=1.0382
  [Client 50] Round 18 | Per-FedAvg(α=0.01) | loss=1.2642
  [Client 37] Round 18 | Per-FedAvg(α=0.01) | loss=1.2313
  [Client 59] Round 18 | Per-FedAvg(α=0.01) | loss=1.1853
  [Client 46] Round 18 | Per-FedAvg(α=0.01) | loss=1.3850
  [Client  9] Round 18 | Per-FedAvg(α=0.01) | loss=1.2090
  [Client 70] Round 18 | Per-FedAvg(α=0.01) | loss=1.3798
  [Client 38] Round 18 | Per-FedAvg(α=0.01) | loss=0.9617
  [Client 42] Round 18 | Per-FedAvg(α=0.01) | loss=1.1994
  [Client 17] Round 18 | Per-FedAvg(α=0.01) | loss=1.2959
  [Client 87] Round 18 | Per-FedAvg(α=0.01) | loss=0.7960
  [Client 12] Round 18 | Per-FedAvg(α=0.01) | loss=1.1099
  [Client 84] Round 18 | Per-FedAvg(α=0.01) | loss=1.1478
  [Client 78] Round 18 | Per-FedAvg(α=0.01) | loss=0.8754
  [Client 51] Round 18 | Per-FedAvg(α=0.01) | loss=0.9416
  [Client 36] Round 18 | Per-FedAvg(α=0.01) | loss=0.9895
  [Client 24] Round 18 | Per-FedAvg(α=0.01) | loss=1.2502
  [Client 68] Round 18 | Per-FedAvg(α=0.01) | loss=1.0319
  [Client 11] Round 18 | Per-FedAvg(α=0.01) | loss=1.0941
  [Client 53] Round 18 | Per-FedAvg(α=0.01) | loss=1.1625
  [Client 40] Round 18 | Per-FedAvg(α=0.01) | loss=1.3651
  [Client  7] Round 18 | Per-FedAvg(α=0.01) | loss=1.0495
  [Client  2] Round 18 | Per-FedAvg(α=0.01) | loss=1.0364
  [Client 43] Round 18 | Per-FedAvg(α=0.01) | loss=1.2735
  [Client 98] Round 18 | Per-FedAvg(α=0.01) | loss=1.1199
  [Client 23] Round 18 | Per-FedAvg(α=0.01) | loss=1.1531
  [Edge 0] G18 | E1 | loss=1.1486
  [Edge 0] G18 | E2 | Selected 68/98
  [Client  2] Round 18 | Per-FedAvg(α=0.01) | loss=1.2232
  [Client 17] Round 18 | Per-FedAvg(α=0.01) | loss=1.3272
  [Client 80] Round 18 | Per-FedAvg(α=0.01) | loss=1.3524
  [Client 20] Round 18 | Per-FedAvg(α=0.01) | loss=0.9066
  [Client 91] Round 18 | Per-FedAvg(α=0.01) | loss=1.0171
  [Client 90] Round 18 | Per-FedAvg(α=0.01) | loss=1.3394
  [Client 52] Round 18 | Per-FedAvg(α=0.01) | loss=0.9453
  [Client 14] Round 18 | Per-FedAvg(α=0.01) | loss=1.6571
  [Client 64] Round 18 | Per-FedAvg(α=0.01) | loss=0.9714
  [Client 89] Round 18 | Per-FedAvg(α=0.01) | loss=1.1874
  [Client  7] Round 18 | Per-FedAvg(α=0.01) | loss=1.0408
  [Client 56] Round 18 | Per-FedAvg(α=0.01) | loss=1.1348
  [Client 48] Round 18 | Per-FedAvg(α=0.01) | loss=1.0359
  [Client 62] Round 18 | Per-FedAvg(α=0.01) | loss=1.1181
  [Client 50] Round 18 | Per-FedAvg(α=0.01) | loss=1.2724
  [Client 57] Round 18 | Per-FedAvg(α=0.01) | loss=1.1255
  [Client 43] Round 18 | Per-FedAvg(α=0.01) | loss=1.2842
  [Client 19] Round 18 | Per-FedAvg(α=0.01) | loss=0.8335
  [Client 32] Round 18 | Per-FedAvg(α=0.01) | loss=0.9530
  [Client  6] Round 18 | Per-FedAvg(α=0.01) | loss=1.1481
  [Client 10] Round 18 | Per-FedAvg(α=0.01) | loss=1.1889
  [Client 11] Round 18 | Per-FedAvg(α=0.01) | loss=1.1391
  [Client 58] Round 18 | Per-FedAvg(α=0.01) | loss=1.1454
  [Client 59] Round 18 | Per-FedAvg(α=0.01) | loss=1.1875
  [Client 23] Round 18 | Per-FedAvg(α=0.01) | loss=1.1391
  [Client 72] Round 18 | Per-FedAvg(α=0.01) | loss=1.2417
  [Client 73] Round 18 | Per-FedAvg(α=0.01) | loss=1.5059
  [Client 24] Round 18 | Per-FedAvg(α=0.01) | loss=1.2699
  [Client 99] Round 18 | Per-FedAvg(α=0.01) | loss=1.2775
  [Client 22] Round 18 | Per-FedAvg(α=0.01) | loss=1.2777
  [Client 38] Round 18 | Per-FedAvg(α=0.01) | loss=0.9417
  [Client 84] Round 18 | Per-FedAvg(α=0.01) | loss=1.1497
  [Client 71] Round 18 | Per-FedAvg(α=0.01) | loss=1.2029
  [Client 53] Round 18 | Per-FedAvg(α=0.01) | loss=1.1104
  [Client 47] Round 18 | Per-FedAvg(α=0.01) | loss=1.1183
  [Client 96] Round 18 | Per-FedAvg(α=0.01) | loss=1.2130
  [Client 79] Round 18 | Per-FedAvg(α=0.01) | loss=1.3112
  [Client 85] Round 18 | Per-FedAvg(α=0.01) | loss=1.1120
  [Client 12] Round 18 | Per-FedAvg(α=0.01) | loss=1.0313
  [Client 46] Round 18 | Per-FedAvg(α=0.01) | loss=1.3648
  [Client 70] Round 18 | Per-FedAvg(α=0.01) | loss=1.3883
  [Client 29] Round 18 | Per-FedAvg(α=0.01) | loss=1.1865
  [Client 66] Round 18 | Per-FedAvg(α=0.01) | loss=1.2560
  [Client 86] Round 18 | Per-FedAvg(α=0.01) | loss=1.1229
  [Client 69] Round 18 | Per-FedAvg(α=0.01) | loss=1.3464
  [Client 98] Round 18 | Per-FedAvg(α=0.01) | loss=1.1549
  [Client 37] Round 18 | Per-FedAvg(α=0.01) | loss=1.2729
  [Client 54] Round 18 | Per-FedAvg(α=0.01) | loss=1.2049
  [Client 55] Round 18 | Per-FedAvg(α=0.01) | loss=1.1547
  [Client 25] Round 18 | Per-FedAvg(α=0.01) | loss=1.2970
  [Client 75] Round 18 | Per-FedAvg(α=0.01) | loss=1.2153
  [Client 63] Round 18 | Per-FedAvg(α=0.01) | loss=1.1190
  [Client 61] Round 18 | Per-FedAvg(α=0.01) | loss=0.8908
  [Client 35] Round 18 | Per-FedAvg(α=0.01) | loss=0.8529
  [Client 82] Round 18 | Per-FedAvg(α=0.01) | loss=1.3156
  [Client 94] Round 18 | Per-FedAvg(α=0.01) | loss=1.1492
  [Client 28] Round 18 | Per-FedAvg(α=0.01) | loss=1.1277
  [Client 44] Round 18 | Per-FedAvg(α=0.01) | loss=0.9658
  [Client  0] Round 18 | Per-FedAvg(α=0.01) | loss=1.2183
  [Client 13] Round 18 | Per-FedAvg(α=0.01) | loss=0.8591
  [Client 74] Round 18 | Per-FedAvg(α=0.01) | loss=0.9858
  [Client  1] Round 18 | Per-FedAvg(α=0.01) | loss=1.5656
  [Client 30] Round 18 | Per-FedAvg(α=0.01) | loss=1.0467
  [Client 41] Round 18 | Per-FedAvg(α=0.01) | loss=1.2948
  [Client 15] Round 18 | Per-FedAvg(α=0.01) | loss=1.1737
  [Client 36] Round 18 | Per-FedAvg(α=0.01) | loss=0.9803
  [Client 26] Round 18 | Per-FedAvg(α=0.01) | loss=1.1261
  [Client 21] Round 18 | Per-FedAvg(α=0.01) | loss=0.9341
  [Edge 0] G18 | E2 | loss=1.1615
  [Edge 1] G18 | E1 | Selected 1/2
  [Client  5] Round 18 | Per-FedAvg(α=0.01) | loss=0.6011
  [Edge 1] G18 | E1 | loss=0.6011
  [Edge 1] G18 | E2 | Selected 1/2
  [Client  5] Round 18 | Per-FedAvg(α=0.01) | loss=0.6306
  [Edge 1] G18 | E2 | loss=0.6306
  [Cloud] acc=0.4299 | loss=1.5900 | time=872.8s | comm=4236.4MB (total=76256MB)

[Round  19] Broadcasting to 2 edges...
  [Edge 0] G19 | E1 | Selected 68/98
  [Client 92] Round 19 | Per-FedAvg(α=0.01) | loss=1.2173
  [Client 24] Round 19 | Per-FedAvg(α=0.01) | loss=1.2356
  [Client 55] Round 19 | Per-FedAvg(α=0.01) | loss=1.0726
  [Client 85] Round 19 | Per-FedAvg(α=0.01) | loss=1.1497
  [Client 45] Round 19 | Per-FedAvg(α=0.01) | loss=1.1793
  [Client 37] Round 19 | Per-FedAvg(α=0.01) | loss=1.2265
  [Client 59] Round 19 | Per-FedAvg(α=0.01) | loss=1.2526
  [Client 33] Round 19 | Per-FedAvg(α=0.01) | loss=1.2263
  [Client 57] Round 19 | Per-FedAvg(α=0.01) | loss=1.1162
  [Client  2] Round 19 | Per-FedAvg(α=0.01) | loss=1.0729
  [Client 48] Round 19 | Per-FedAvg(α=0.01) | loss=0.9985
  [Client 82] Round 19 | Per-FedAvg(α=0.01) | loss=1.3421
  [Client 38] Round 19 | Per-FedAvg(α=0.01) | loss=0.9949
  [Client  4] Round 19 | Per-FedAvg(α=0.01) | loss=1.2721
  [Client 80] Round 19 | Per-FedAvg(α=0.01) | loss=1.3863
  [Client 13] Round 19 | Per-FedAvg(α=0.01) | loss=0.9549
  [Client 68] Round 19 | Per-FedAvg(α=0.01) | loss=0.9121
  [Client 42] Round 19 | Per-FedAvg(α=0.01) | loss=1.2379
  [Client 62] Round 19 | Per-FedAvg(α=0.01) | loss=1.0779
  [Client 64] Round 19 | Per-FedAvg(α=0.01) | loss=0.8389
  [Client 96] Round 19 | Per-FedAvg(α=0.01) | loss=1.1372
  [Client 78] Round 19 | Per-FedAvg(α=0.01) | loss=0.8469
  [Client  3] Round 19 | Per-FedAvg(α=0.01) | loss=1.1373
  [Client 19] Round 19 | Per-FedAvg(α=0.01) | loss=0.8376
  [Client 73] Round 19 | Per-FedAvg(α=0.01) | loss=1.4035
  [Client 97] Round 19 | Per-FedAvg(α=0.01) | loss=1.2939
  [Client 75] Round 19 | Per-FedAvg(α=0.01) | loss=1.2916
  [Client 25] Round 19 | Per-FedAvg(α=0.01) | loss=1.3764
  [Client 39] Round 19 | Per-FedAvg(α=0.01) | loss=1.5834
  [Client 36] Round 19 | Per-FedAvg(α=0.01) | loss=0.9177
  [Client 26] Round 19 | Per-FedAvg(α=0.01) | loss=1.1280
  [Client 56] Round 19 | Per-FedAvg(α=0.01) | loss=1.1387
  [Client  1] Round 19 | Per-FedAvg(α=0.01) | loss=1.6482
  [Client 52] Round 19 | Per-FedAvg(α=0.01) | loss=0.9499
  [Client 18] Round 19 | Per-FedAvg(α=0.01) | loss=1.2944
  [Client 86] Round 19 | Per-FedAvg(α=0.01) | loss=1.1880
  [Client 95] Round 19 | Per-FedAvg(α=0.01) | loss=0.5568
  [Client 43] Round 19 | Per-FedAvg(α=0.01) | loss=1.2489
  [Client 81] Round 19 | Per-FedAvg(α=0.01) | loss=1.0929
  [Client 91] Round 19 | Per-FedAvg(α=0.01) | loss=1.0556
  [Client  6] Round 19 | Per-FedAvg(α=0.01) | loss=1.1505
  [Client 23] Round 19 | Per-FedAvg(α=0.01) | loss=1.2203
  [Client 94] Round 19 | Per-FedAvg(α=0.01) | loss=1.2485
  [Client 12] Round 19 | Per-FedAvg(α=0.01) | loss=0.9890
  [Client 47] Round 19 | Per-FedAvg(α=0.01) | loss=1.1227
  [Client 89] Round 19 | Per-FedAvg(α=0.01) | loss=1.2422
  [Client 20] Round 19 | Per-FedAvg(α=0.01) | loss=0.7734
  [Client 76] Round 19 | Per-FedAvg(α=0.01) | loss=1.2439
  [Client 79] Round 19 | Per-FedAvg(α=0.01) | loss=1.3105
  [Client 32] Round 19 | Per-FedAvg(α=0.01) | loss=0.9698
  [Client 22] Round 19 | Per-FedAvg(α=0.01) | loss=1.1488
  [Client 27] Round 19 | Per-FedAvg(α=0.01) | loss=0.8971
  [Client 90] Round 19 | Per-FedAvg(α=0.01) | loss=1.3252
  [Client 29] Round 19 | Per-FedAvg(α=0.01) | loss=1.1917
  [Client 98] Round 19 | Per-FedAvg(α=0.01) | loss=1.0943
  [Client 11] Round 19 | Per-FedAvg(α=0.01) | loss=1.1200
  [Client 65] Round 19 | Per-FedAvg(α=0.01) | loss=1.0185
  [Client  9] Round 19 | Per-FedAvg(α=0.01) | loss=1.2123
  [Client 84] Round 19 | Per-FedAvg(α=0.01) | loss=1.1720
  [Client 28] Round 19 | Per-FedAvg(α=0.01) | loss=1.1457
  [Client 44] Round 19 | Per-FedAvg(α=0.01) | loss=1.1053
  [Client 72] Round 19 | Per-FedAvg(α=0.01) | loss=1.2526
  [Client 34] Round 19 | Per-FedAvg(α=0.01) | loss=1.0129
  [Client 71] Round 19 | Per-FedAvg(α=0.01) | loss=1.1833
  [Client 54] Round 19 | Per-FedAvg(α=0.01) | loss=1.2203
  [Client 88] Round 19 | Per-FedAvg(α=0.01) | loss=1.3944
  [Client 40] Round 19 | Per-FedAvg(α=0.01) | loss=1.3032
  [Client 63] Round 19 | Per-FedAvg(α=0.01) | loss=1.0810
  [Edge 0] G19 | E1 | loss=1.1435
  [Edge 0] G19 | E2 | Selected 68/98
  [Client  6] Round 19 | Per-FedAvg(α=0.01) | loss=1.2365
  [Client 41] Round 19 | Per-FedAvg(α=0.01) | loss=1.2355
  [Client 33] Round 19 | Per-FedAvg(α=0.01) | loss=1.2443
  [Client 73] Round 19 | Per-FedAvg(α=0.01) | loss=1.3175
  [Client 54] Round 19 | Per-FedAvg(α=0.01) | loss=1.1649
  [Client 34] Round 19 | Per-FedAvg(α=0.01) | loss=0.9524
  [Client 96] Round 19 | Per-FedAvg(α=0.01) | loss=1.1525
  [Client 82] Round 19 | Per-FedAvg(α=0.01) | loss=1.2541
  [Client 28] Round 19 | Per-FedAvg(α=0.01) | loss=1.0478
  [Client 74] Round 19 | Per-FedAvg(α=0.01) | loss=0.8833
  [Client 90] Round 19 | Per-FedAvg(α=0.01) | loss=1.3499
  [Client 68] Round 19 | Per-FedAvg(α=0.01) | loss=0.9672
  [Client 46] Round 19 | Per-FedAvg(α=0.01) | loss=1.2811
  [Client 92] Round 19 | Per-FedAvg(α=0.01) | loss=1.2582
  [Client 49] Round 19 | Per-FedAvg(α=0.01) | loss=1.3185
  [Client 72] Round 19 | Per-FedAvg(α=0.01) | loss=1.2531
  [Client 66] Round 19 | Per-FedAvg(α=0.01) | loss=1.2355
  [Client 79] Round 19 | Per-FedAvg(α=0.01) | loss=1.3061
  [Client 42] Round 19 | Per-FedAvg(α=0.01) | loss=1.2319
  [Client 39] Round 19 | Per-FedAvg(α=0.01) | loss=1.5143
  [Client 78] Round 19 | Per-FedAvg(α=0.01) | loss=0.8217
  [Client 59] Round 19 | Per-FedAvg(α=0.01) | loss=1.2013
  [Client 51] Round 19 | Per-FedAvg(α=0.01) | loss=0.9254
  [Client  3] Round 19 | Per-FedAvg(α=0.01) | loss=1.1430
  [Client 84] Round 19 | Per-FedAvg(α=0.01) | loss=1.0949
  [Client 81] Round 19 | Per-FedAvg(α=0.01) | loss=0.9414
  [Client 94] Round 19 | Per-FedAvg(α=0.01) | loss=1.1388
  [Client 40] Round 19 | Per-FedAvg(α=0.01) | loss=1.2948
  [Client 53] Round 19 | Per-FedAvg(α=0.01) | loss=1.0348
  [Client 12] Round 19 | Per-FedAvg(α=0.01) | loss=0.9672
  [Client 37] Round 19 | Per-FedAvg(α=0.01) | loss=1.2155
  [Client 25] Round 19 | Per-FedAvg(α=0.01) | loss=1.2318
  [Client 26] Round 19 | Per-FedAvg(α=0.01) | loss=1.1164
  [Client 71] Round 19 | Per-FedAvg(α=0.01) | loss=1.0622
  [Client 19] Round 19 | Per-FedAvg(α=0.01) | loss=0.7900
  [Client 18] Round 19 | Per-FedAvg(α=0.01) | loss=1.2786
  [Client 85] Round 19 | Per-FedAvg(α=0.01) | loss=1.0780
  [Client 88] Round 19 | Per-FedAvg(α=0.01) | loss=1.3287
  [Client 14] Round 19 | Per-FedAvg(α=0.01) | loss=1.5724
  [Client 57] Round 19 | Per-FedAvg(α=0.01) | loss=1.1085
  [Client 32] Round 19 | Per-FedAvg(α=0.01) | loss=0.9743
  [Client 35] Round 19 | Per-FedAvg(α=0.01) | loss=0.8936
  [Client  8] Round 19 | Per-FedAvg(α=0.01) | loss=1.1729
  [Client 24] Round 19 | Per-FedAvg(α=0.01) | loss=1.2488
  [Client 11] Round 19 | Per-FedAvg(α=0.01) | loss=1.1080
  [Client 99] Round 19 | Per-FedAvg(α=0.01) | loss=1.2265
  [Client 67] Round 19 | Per-FedAvg(α=0.01) | loss=1.0758
  [Client 23] Round 19 | Per-FedAvg(α=0.01) | loss=1.2728
  [Client  4] Round 19 | Per-FedAvg(α=0.01) | loss=1.2721
  [Client  9] Round 19 | Per-FedAvg(α=0.01) | loss=1.1862
  [Client 17] Round 19 | Per-FedAvg(α=0.01) | loss=1.2734
  [Client 15] Round 19 | Per-FedAvg(α=0.01) | loss=1.1952
  [Client 86] Round 19 | Per-FedAvg(α=0.01) | loss=1.1422
  [Client 13] Round 19 | Per-FedAvg(α=0.01) | loss=0.9286
  [Client 22] Round 19 | Per-FedAvg(α=0.01) | loss=1.0758
  [Client 93] Round 19 | Per-FedAvg(α=0.01) | loss=1.0792
  [Client 95] Round 19 | Per-FedAvg(α=0.01) | loss=0.5662
  [Client 77] Round 19 | Per-FedAvg(α=0.01) | loss=0.9691
  [Client 16] Round 19 | Per-FedAvg(α=0.01) | loss=1.2329
  [Client 55] Round 19 | Per-FedAvg(α=0.01) | loss=1.1622
  [Client 64] Round 19 | Per-FedAvg(α=0.01) | loss=0.9467
  [Client  0] Round 19 | Per-FedAvg(α=0.01) | loss=1.3336
  [Client 62] Round 19 | Per-FedAvg(α=0.01) | loss=1.1417
  [Client 56] Round 19 | Per-FedAvg(α=0.01) | loss=1.1924
  [Client 47] Round 19 | Per-FedAvg(α=0.01) | loss=1.0711
  [Client 45] Round 19 | Per-FedAvg(α=0.01) | loss=1.2002
  [Client 30] Round 19 | Per-FedAvg(α=0.01) | loss=0.9776
  [Client 36] Round 19 | Per-FedAvg(α=0.01) | loss=0.9222
  [Edge 0] G19 | E2 | loss=1.1384
  [Edge 1] G19 | E1 | Selected 1/2
  [Client  5] Round 19 | Per-FedAvg(α=0.01) | loss=0.6465
  [Edge 1] G19 | E1 | loss=0.6465
  [Edge 1] G19 | E2 | Selected 1/2
  [Client 31] Round 19 | Per-FedAvg(α=0.01) | loss=0.7980
  [Edge 1] G19 | E2 | loss=0.7980
  [Cloud] acc=0.4458 | loss=1.5252 | time=907.9s | comm=4236.4MB (total=80492MB)

[Round  20] Broadcasting to 2 edges...
  [Edge 0] G20 | E1 | Selected 68/98
  [Client 97] Round 20 | Per-FedAvg(α=0.01) | loss=1.2493
  [Client 74] Round 20 | Per-FedAvg(α=0.01) | loss=1.0038
  [Client 45] Round 20 | Per-FedAvg(α=0.01) | loss=1.1806
  [Client 89] Round 20 | Per-FedAvg(α=0.01) | loss=1.1400
  [Client 92] Round 20 | Per-FedAvg(α=0.01) | loss=1.2171
  [Client 99] Round 20 | Per-FedAvg(α=0.01) | loss=1.1776
  [Client 75] Round 20 | Per-FedAvg(α=0.01) | loss=1.2411
  [Client 96] Round 20 | Per-FedAvg(α=0.01) | loss=1.1411
  [Client 32] Round 20 | Per-FedAvg(α=0.01) | loss=0.9400
  [Client 11] Round 20 | Per-FedAvg(α=0.01) | loss=1.0753
  [Client 55] Round 20 | Per-FedAvg(α=0.01) | loss=1.1643
  [Client 38] Round 20 | Per-FedAvg(α=0.01) | loss=0.9694
  [Client 56] Round 20 | Per-FedAvg(α=0.01) | loss=1.1325
  [Client 20] Round 20 | Per-FedAvg(α=0.01) | loss=0.8565
  [Client 36] Round 20 | Per-FedAvg(α=0.01) | loss=0.9206
  [Client 66] Round 20 | Per-FedAvg(α=0.01) | loss=1.1444
  [Client 17] Round 20 | Per-FedAvg(α=0.01) | loss=1.3538
  [Client 13] Round 20 | Per-FedAvg(α=0.01) | loss=0.8778
  [Client 54] Round 20 | Per-FedAvg(α=0.01) | loss=1.2035
  [Client  0] Round 20 | Per-FedAvg(α=0.01) | loss=1.1049
  [Client 67] Round 20 | Per-FedAvg(α=0.01) | loss=1.1229
  [Client 81] Round 20 | Per-FedAvg(α=0.01) | loss=1.1543
  [Client 91] Round 20 | Per-FedAvg(α=0.01) | loss=1.1032
  [Client 82] Round 20 | Per-FedAvg(α=0.01) | loss=1.3926
  [Client 29] Round 20 | Per-FedAvg(α=0.01) | loss=1.1681
  [Client  4] Round 20 | Per-FedAvg(α=0.01) | loss=1.2501
  [Client  1] Round 20 | Per-FedAvg(α=0.01) | loss=1.0967
  [Client 94] Round 20 | Per-FedAvg(α=0.01) | loss=1.1218
  [Client 44] Round 20 | Per-FedAvg(α=0.01) | loss=1.0280
  [Client 21] Round 20 | Per-FedAvg(α=0.01) | loss=0.9037
  [Client 12] Round 20 | Per-FedAvg(α=0.01) | loss=1.2033
  [Client 58] Round 20 | Per-FedAvg(α=0.01) | loss=1.1658
  [Client 71] Round 20 | Per-FedAvg(α=0.01) | loss=1.1084
  [Client 39] Round 20 | Per-FedAvg(α=0.01) | loss=2.5710
  [Client 18] Round 20 | Per-FedAvg(α=0.01) | loss=1.3372
  [Client 95] Round 20 | Per-FedAvg(α=0.01) | loss=0.5550
  [Client  8] Round 20 | Per-FedAvg(α=0.01) | loss=1.1757
  [Client 85] Round 20 | Per-FedAvg(α=0.01) | loss=1.0753
  [Client 33] Round 20 | Per-FedAvg(α=0.01) | loss=1.1996
  [Client 10] Round 20 | Per-FedAvg(α=0.01) | loss=1.0961
  [Client 50] Round 20 | Per-FedAvg(α=0.01) | loss=1.2903
  [Client 77] Round 20 | Per-FedAvg(α=0.01) | loss=0.9237
  [Client 22] Round 20 | Per-FedAvg(α=0.01) | loss=1.1350
  [Client 47] Round 20 | Per-FedAvg(α=0.01) | loss=1.0681
  [Client 37] Round 20 | Per-FedAvg(α=0.01) | loss=1.2092
  [Client 19] Round 20 | Per-FedAvg(α=0.01) | loss=0.8176
  [Client 46] Round 20 | Per-FedAvg(α=0.01) | loss=1.3165
  [Client 23] Round 20 | Per-FedAvg(α=0.01) | loss=1.0891
  [Client 72] Round 20 | Per-FedAvg(α=0.01) | loss=1.1890
  [Client 87] Round 20 | Per-FedAvg(α=0.01) | loss=0.9111
  [Client 49] Round 20 | Per-FedAvg(α=0.01) | loss=1.3152
  [Client 16] Round 20 | Per-FedAvg(α=0.01) | loss=1.2252
  [Client 80] Round 20 | Per-FedAvg(α=0.01) | loss=1.3520
  [Client 53] Round 20 | Per-FedAvg(α=0.01) | loss=1.0470
  [Client 24] Round 20 | Per-FedAvg(α=0.01) | loss=1.2547
  [Client 52] Round 20 | Per-FedAvg(α=0.01) | loss=0.8975
  [Client 79] Round 20 | Per-FedAvg(α=0.01) | loss=1.2819
  [Client 59] Round 20 | Per-FedAvg(α=0.01) | loss=1.1418
  [Client 60] Round 20 | Per-FedAvg(α=0.01) | loss=1.1322
  [Client 90] Round 20 | Per-FedAvg(α=0.01) | loss=1.3191
  [Client 83] Round 20 | Per-FedAvg(α=0.01) | loss=1.3663
  [Client 73] Round 20 | Per-FedAvg(α=0.01) | loss=1.5486
  [Client 48] Round 20 | Per-FedAvg(α=0.01) | loss=1.1256
  [Client 68] Round 20 | Per-FedAvg(α=0.01) | loss=0.9547
  [Client 40] Round 20 | Per-FedAvg(α=0.01) | loss=1.3619
  [Client 84] Round 20 | Per-FedAvg(α=0.01) | loss=1.1927
  [Client  7] Round 20 | Per-FedAvg(α=0.01) | loss=1.0578
  [Client 63] Round 20 | Per-FedAvg(α=0.01) | loss=1.1265
  [Edge 0] G20 | E1 | loss=1.1536
  [Edge 0] G20 | E2 | Selected 68/98
  [Client 92] Round 20 | Per-FedAvg(α=0.01) | loss=1.1821
  [Client 21] Round 20 | Per-FedAvg(α=0.01) | loss=0.9362
  [Client 82] Round 20 | Per-FedAvg(α=0.01) | loss=1.2845
  [Client 24] Round 20 | Per-FedAvg(α=0.01) | loss=1.1980
  [Client 78] Round 20 | Per-FedAvg(α=0.01) | loss=0.7854
  [Client 29] Round 20 | Per-FedAvg(α=0.01) | loss=1.1404
  [Client 20] Round 20 | Per-FedAvg(α=0.01) | loss=0.8141
  [Client 84] Round 20 | Per-FedAvg(α=0.01) | loss=1.1389
  [Client 37] Round 20 | Per-FedAvg(α=0.01) | loss=1.2647
  [Client 60] Round 20 | Per-FedAvg(α=0.01) | loss=1.1594
  [Client 12] Round 20 | Per-FedAvg(α=0.01) | loss=0.8951
  [Client 54] Round 20 | Per-FedAvg(α=0.01) | loss=1.1315
  [Client 51] Round 20 | Per-FedAvg(α=0.01) | loss=0.9772
  [Client 10] Round 20 | Per-FedAvg(α=0.01) | loss=0.9824
  [Client 56] Round 20 | Per-FedAvg(α=0.01) | loss=1.1124
  [Client  2] Round 20 | Per-FedAvg(α=0.01) | loss=1.1147
  [Client 98] Round 20 | Per-FedAvg(α=0.01) | loss=1.1011
  [Client 99] Round 20 | Per-FedAvg(α=0.01) | loss=1.2714
  [Client 16] Round 20 | Per-FedAvg(α=0.01) | loss=1.2174
  [Client 14] Round 20 | Per-FedAvg(α=0.01) | loss=1.4830
  [Client 73] Round 20 | Per-FedAvg(α=0.01) | loss=1.4679
  [Client 88] Round 20 | Per-FedAvg(α=0.01) | loss=1.3916
  [Client 61] Round 20 | Per-FedAvg(α=0.01) | loss=0.8735
  [Client 63] Round 20 | Per-FedAvg(α=0.01) | loss=1.0502
  [Client 90] Round 20 | Per-FedAvg(α=0.01) | loss=1.3249
  [Client 43] Round 20 | Per-FedAvg(α=0.01) | loss=1.2336
  [Client 36] Round 20 | Per-FedAvg(α=0.01) | loss=0.8440
  [Client  6] Round 20 | Per-FedAvg(α=0.01) | loss=1.2942
  [Client 42] Round 20 | Per-FedAvg(α=0.01) | loss=1.1859
  [Client 79] Round 20 | Per-FedAvg(α=0.01) | loss=1.2471
  [Client 95] Round 20 | Per-FedAvg(α=0.01) | loss=0.5344
  [Client 86] Round 20 | Per-FedAvg(α=0.01) | loss=1.1663
  [Client 93] Round 20 | Per-FedAvg(α=0.01) | loss=1.0393
  [Client  8] Round 20 | Per-FedAvg(α=0.01) | loss=1.1808
  [Client 69] Round 20 | Per-FedAvg(α=0.01) | loss=1.3350
  [Client 11] Round 20 | Per-FedAvg(α=0.01) | loss=1.1009
  [Client 75] Round 20 | Per-FedAvg(α=0.01) | loss=1.4492
  [Client 70] Round 20 | Per-FedAvg(α=0.01) | loss=1.3260
  [Client 48] Round 20 | Per-FedAvg(α=0.01) | loss=0.9816
  [Client 80] Round 20 | Per-FedAvg(α=0.01) | loss=1.2733
  [Client 22] Round 20 | Per-FedAvg(α=0.01) | loss=1.0561
  [Client 72] Round 20 | Per-FedAvg(α=0.01) | loss=1.2371
  [Client 89] Round 20 | Per-FedAvg(α=0.01) | loss=1.2021
  [Client 87] Round 20 | Per-FedAvg(α=0.01) | loss=0.8344
  [Client 76] Round 20 | Per-FedAvg(α=0.01) | loss=1.2403
  [Client 34] Round 20 | Per-FedAvg(α=0.01) | loss=0.9366
  [Client 17] Round 20 | Per-FedAvg(α=0.01) | loss=1.2910
  [Client 77] Round 20 | Per-FedAvg(α=0.01) | loss=0.8988
  [Client 74] Round 20 | Per-FedAvg(α=0.01) | loss=0.8929
  [Client 66] Round 20 | Per-FedAvg(α=0.01) | loss=1.2461
  [Client 30] Round 20 | Per-FedAvg(α=0.01) | loss=0.9779
  [Client 23] Round 20 | Per-FedAvg(α=0.01) | loss=1.1570
  [Client 68] Round 20 | Per-FedAvg(α=0.01) | loss=0.9286
  [Client  7] Round 20 | Per-FedAvg(α=0.01) | loss=1.0141
  [Client 35] Round 20 | Per-FedAvg(α=0.01) | loss=0.9827
  [Client  0] Round 20 | Per-FedAvg(α=0.01) | loss=1.2239
  [Client 13] Round 20 | Per-FedAvg(α=0.01) | loss=0.8194
  [Client 58] Round 20 | Per-FedAvg(α=0.01) | loss=1.1063
  [Client 65] Round 20 | Per-FedAvg(α=0.01) | loss=1.1625
  [Client 19] Round 20 | Per-FedAvg(α=0.01) | loss=0.8155
  [Client 83] Round 20 | Per-FedAvg(α=0.01) | loss=1.3375
  [Client 53] Round 20 | Per-FedAvg(α=0.01) | loss=1.0978
  [Client 46] Round 20 | Per-FedAvg(α=0.01) | loss=1.2602
  [Client 85] Round 20 | Per-FedAvg(α=0.01) | loss=1.0536
  [Client 50] Round 20 | Per-FedAvg(α=0.01) | loss=1.2377
  [Client 96] Round 20 | Per-FedAvg(α=0.01) | loss=1.1168
  [Client 25] Round 20 | Per-FedAvg(α=0.01) | loss=1.1905
  [Client 28] Round 20 | Per-FedAvg(α=0.01) | loss=0.9981
  [Edge 0] G20 | E2 | loss=1.1183
  [Edge 1] G20 | E1 | Selected 1/2
  [Client 31] Round 20 | Per-FedAvg(α=0.01) | loss=0.7460
  [Edge 1] G20 | E1 | loss=0.7460
  [Edge 1] G20 | E2 | Selected 1/2
  [Client  5] Round 20 | Per-FedAvg(α=0.01) | loss=1.0296
  [Edge 1] G20 | E2 | loss=1.0296
  [Cloud] acc=0.4712 | loss=1.4689 | time=910.0s | comm=4236.4MB (total=84728MB)

[Round  21] Broadcasting to 2 edges...
  [Edge 0] G21 | E1 | Selected 68/98
  [Client 14] Round 21 | Per-FedAvg(α=0.01) | loss=2.7674
  [Client 12] Round 21 | Per-FedAvg(α=0.01) | loss=0.9318
  [Client 90] Round 21 | Per-FedAvg(α=0.01) | loss=1.3430
  [Client 11] Round 21 | Per-FedAvg(α=0.01) | loss=1.1367
  [Client 17] Round 21 | Per-FedAvg(α=0.01) | loss=1.2476
  [Client 59] Round 21 | Per-FedAvg(α=0.01) | loss=1.1741
  [Client 42] Round 21 | Per-FedAvg(α=0.01) | loss=1.1250
  [Client 30] Round 21 | Per-FedAvg(α=0.01) | loss=0.9920
  [Client 72] Round 21 | Per-FedAvg(α=0.01) | loss=1.2470
  [Client  2] Round 21 | Per-FedAvg(α=0.01) | loss=1.1491
  [Client 65] Round 21 | Per-FedAvg(α=0.01) | loss=0.9537
  [Client 44] Round 21 | Per-FedAvg(α=0.01) | loss=1.3213
  [Client 19] Round 21 | Per-FedAvg(α=0.01) | loss=0.7950
  [Client 56] Round 21 | Per-FedAvg(α=0.01) | loss=1.1773
  [Client  3] Round 21 | Per-FedAvg(α=0.01) | loss=1.0709
  [Client  1] Round 21 | Per-FedAvg(α=0.01) | loss=1.5022
  [Client 85] Round 21 | Per-FedAvg(α=0.01) | loss=1.0824
  [Client  8] Round 21 | Per-FedAvg(α=0.01) | loss=1.1693
  [Client 75] Round 21 | Per-FedAvg(α=0.01) | loss=1.4756
  [Client 61] Round 21 | Per-FedAvg(α=0.01) | loss=0.8112
  [Client 25] Round 21 | Per-FedAvg(α=0.01) | loss=1.2230
  [Client 77] Round 21 | Per-FedAvg(α=0.01) | loss=0.8954
  [Client 71] Round 21 | Per-FedAvg(α=0.01) | loss=1.0710
  [Client 40] Round 21 | Per-FedAvg(α=0.01) | loss=1.3575
  [Client 78] Round 21 | Per-FedAvg(α=0.01) | loss=0.8232
  [Client 58] Round 21 | Per-FedAvg(α=0.01) | loss=1.1815
  [Client 51] Round 21 | Per-FedAvg(α=0.01) | loss=0.9132
  [Client 34] Round 21 | Per-FedAvg(α=0.01) | loss=0.9507
  [Client 92] Round 21 | Per-FedAvg(α=0.01) | loss=1.2035
  [Client 98] Round 21 | Per-FedAvg(α=0.01) | loss=1.0838
  [Client 87] Round 21 | Per-FedAvg(α=0.01) | loss=0.7393
  [Client 57] Round 21 | Per-FedAvg(α=0.01) | loss=1.1447
  [Client 54] Round 21 | Per-FedAvg(α=0.01) | loss=1.1957
  [Client 60] Round 21 | Per-FedAvg(α=0.01) | loss=1.1513
  [Client 26] Round 21 | Per-FedAvg(α=0.01) | loss=1.1070
  [Client 73] Round 21 | Per-FedAvg(α=0.01) | loss=1.3291
  [Client 80] Round 21 | Per-FedAvg(α=0.01) | loss=1.2186
  [Client 83] Round 21 | Per-FedAvg(α=0.01) | loss=1.3479
  [Client 49] Round 21 | Per-FedAvg(α=0.01) | loss=1.3308
  [Client 29] Round 21 | Per-FedAvg(α=0.01) | loss=1.1506
  [Client 91] Round 21 | Per-FedAvg(α=0.01) | loss=1.0720
  [Client 52] Round 21 | Per-FedAvg(α=0.01) | loss=0.9148
  [Client 89] Round 21 | Per-FedAvg(α=0.01) | loss=1.1874
  [Client 84] Round 21 | Per-FedAvg(α=0.01) | loss=1.0831
  [Client 43] Round 21 | Per-FedAvg(α=0.01) | loss=1.2302
  [Client 10] Round 21 | Per-FedAvg(α=0.01) | loss=1.1835
  [Client 94] Round 21 | Per-FedAvg(α=0.01) | loss=1.2344
  [Client 27] Round 21 | Per-FedAvg(α=0.01) | loss=0.8949
  [Client 99] Round 21 | Per-FedAvg(α=0.01) | loss=1.2270
  [Client 32] Round 21 | Per-FedAvg(α=0.01) | loss=0.9957
  [Client 96] Round 21 | Per-FedAvg(α=0.01) | loss=1.1656
  [Client 69] Round 21 | Per-FedAvg(α=0.01) | loss=1.3476
  [Client 76] Round 21 | Per-FedAvg(α=0.01) | loss=1.2199
  [Client 95] Round 21 | Per-FedAvg(α=0.01) | loss=0.5729
  [Client 67] Round 21 | Per-FedAvg(α=0.01) | loss=1.1215
  [Client 13] Round 21 | Per-FedAvg(α=0.01) | loss=0.9693
  [Client 16] Round 21 | Per-FedAvg(α=0.01) | loss=1.1916
  [Client 24] Round 21 | Per-FedAvg(α=0.01) | loss=1.2026
  [Client 68] Round 21 | Per-FedAvg(α=0.01) | loss=0.9629
  [Client 48] Round 21 | Per-FedAvg(α=0.01) | loss=0.9507
  [Client 50] Round 21 | Per-FedAvg(α=0.01) | loss=1.2901
  [Client 63] Round 21 | Per-FedAvg(α=0.01) | loss=1.0613
  [Client  7] Round 21 | Per-FedAvg(α=0.01) | loss=0.9915
  [Client 18] Round 21 | Per-FedAvg(α=0.01) | loss=1.2268
  [Client 38] Round 21 | Per-FedAvg(α=0.01) | loss=0.8777
  [Client 28] Round 21 | Per-FedAvg(α=0.01) | loss=1.1087
  [Client 20] Round 21 | Per-FedAvg(α=0.01) | loss=0.9144
  [Client 23] Round 21 | Per-FedAvg(α=0.01) | loss=1.1329
  [Edge 0] G21 | E1 | loss=1.1326
  [Edge 0] G21 | E2 | Selected 68/98
  [Client 38] Round 21 | Per-FedAvg(α=0.01) | loss=0.8960
  [Client 20] Round 21 | Per-FedAvg(α=0.01) | loss=0.8316
  [Client 85] Round 21 | Per-FedAvg(α=0.01) | loss=1.0158
  [Client  9] Round 21 | Per-FedAvg(α=0.01) | loss=1.1693
  [Client 92] Round 21 | Per-FedAvg(α=0.01) | loss=1.1821
  [Client 51] Round 21 | Per-FedAvg(α=0.01) | loss=1.0179
  [Client 48] Round 21 | Per-FedAvg(α=0.01) | loss=1.0270
  [Client 14] Round 21 | Per-FedAvg(α=0.01) | loss=1.4661
  [Client 88] Round 21 | Per-FedAvg(α=0.01) | loss=1.3099
  [Client 96] Round 21 | Per-FedAvg(α=0.01) | loss=1.1126
  [Client 33] Round 21 | Per-FedAvg(α=0.01) | loss=1.1262
  [Client 28] Round 21 | Per-FedAvg(α=0.01) | loss=0.9982
  [Client 82] Round 21 | Per-FedAvg(α=0.01) | loss=1.2789
  [Client 83] Round 21 | Per-FedAvg(α=0.01) | loss=1.3616
  [Client 39] Round 21 | Per-FedAvg(α=0.01) | loss=2.1499
  [Client 77] Round 21 | Per-FedAvg(α=0.01) | loss=0.8871
  [Client 89] Round 21 | Per-FedAvg(α=0.01) | loss=1.1718
  [Client 53] Round 21 | Per-FedAvg(α=0.01) | loss=1.0090
  [Client 32] Round 21 | Per-FedAvg(α=0.01) | loss=0.9309
  [Client 72] Round 21 | Per-FedAvg(α=0.01) | loss=1.2340
  [Client 64] Round 21 | Per-FedAvg(α=0.01) | loss=1.0824
  [Client 68] Round 21 | Per-FedAvg(α=0.01) | loss=0.9260
  [Client 60] Round 21 | Per-FedAvg(α=0.01) | loss=1.1282
  [Client 87] Round 21 | Per-FedAvg(α=0.01) | loss=0.8990
  [Client 54] Round 21 | Per-FedAvg(α=0.01) | loss=1.1416
  [Client 11] Round 21 | Per-FedAvg(α=0.01) | loss=1.1271
  [Client 99] Round 21 | Per-FedAvg(α=0.01) | loss=1.2291
  [Client 59] Round 21 | Per-FedAvg(α=0.01) | loss=1.1597
  [Client 25] Round 21 | Per-FedAvg(α=0.01) | loss=1.1816
  [Client 42] Round 21 | Per-FedAvg(α=0.01) | loss=1.1532
  [Client 36] Round 21 | Per-FedAvg(α=0.01) | loss=0.9348
  [Client 71] Round 21 | Per-FedAvg(α=0.01) | loss=1.0913
  [Client 29] Round 21 | Per-FedAvg(α=0.01) | loss=1.1384
  [Client 78] Round 21 | Per-FedAvg(α=0.01) | loss=0.8651
  [Client  4] Round 21 | Per-FedAvg(α=0.01) | loss=1.2330
  [Client 62] Round 21 | Per-FedAvg(α=0.01) | loss=1.0544
  [Client  6] Round 21 | Per-FedAvg(α=0.01) | loss=1.1068
  [Client 67] Round 21 | Per-FedAvg(α=0.01) | loss=1.1008
  [Client 56] Round 21 | Per-FedAvg(α=0.01) | loss=1.1089
  [Client 15] Round 21 | Per-FedAvg(α=0.01) | loss=1.2573
  [Client 37] Round 21 | Per-FedAvg(α=0.01) | loss=1.2453
  [Client 97] Round 21 | Per-FedAvg(α=0.01) | loss=1.2811
  [Client 13] Round 21 | Per-FedAvg(α=0.01) | loss=0.8480
  [Client 52] Round 21 | Per-FedAvg(α=0.01) | loss=0.8901
  [Client 22] Round 21 | Per-FedAvg(α=0.01) | loss=1.0317
  [Client  8] Round 21 | Per-FedAvg(α=0.01) | loss=1.1431
  [Client 70] Round 21 | Per-FedAvg(α=0.01) | loss=1.3803
  [Client 43] Round 21 | Per-FedAvg(α=0.01) | loss=1.2327
  [Client 18] Round 21 | Per-FedAvg(α=0.01) | loss=1.2191
  [Client  7] Round 21 | Per-FedAvg(α=0.01) | loss=1.0099
  [Client 26] Round 21 | Per-FedAvg(α=0.01) | loss=1.0832
  [Client 84] Round 21 | Per-FedAvg(α=0.01) | loss=1.1072
  [Client 23] Round 21 | Per-FedAvg(α=0.01) | loss=1.1280
  [Client 35] Round 21 | Per-FedAvg(α=0.01) | loss=0.8636
  [Client 50] Round 21 | Per-FedAvg(α=0.01) | loss=1.2326
  [Client 55] Round 21 | Per-FedAvg(α=0.01) | loss=1.1362
  [Client 90] Round 21 | Per-FedAvg(α=0.01) | loss=1.2887
  [Client 79] Round 21 | Per-FedAvg(α=0.01) | loss=1.2519
  [Client 19] Round 21 | Per-FedAvg(α=0.01) | loss=0.8206
  [Client 61] Round 21 | Per-FedAvg(α=0.01) | loss=0.8757
  [Client 57] Round 21 | Per-FedAvg(α=0.01) | loss=1.1211
  [Client 12] Round 21 | Per-FedAvg(α=0.01) | loss=0.9233
  [Client 40] Round 21 | Per-FedAvg(α=0.01) | loss=1.2723
  [Client 76] Round 21 | Per-FedAvg(α=0.01) | loss=1.2459
  [Client 30] Round 21 | Per-FedAvg(α=0.01) | loss=0.9726
  [Client 27] Round 21 | Per-FedAvg(α=0.01) | loss=0.8874
  [Client 94] Round 21 | Per-FedAvg(α=0.01) | loss=1.1956
  [Client 45] Round 21 | Per-FedAvg(α=0.01) | loss=1.1340
  [Edge 0] G21 | E2 | loss=1.1158
  [Edge 1] G21 | E1 | Selected 1/2
  [Client  5] Round 21 | Per-FedAvg(α=0.01) | loss=0.6611
  [Edge 1] G21 | E1 | loss=0.6611
  [Edge 1] G21 | E2 | Selected 1/2
  [Client 31] Round 21 | Per-FedAvg(α=0.01) | loss=0.8070
  [Edge 1] G21 | E2 | loss=0.8070
  [Cloud] acc=0.3932 | loss=1.6430 | time=921.4s | comm=4236.4MB (total=88965MB)

[Round  22] Broadcasting to 2 edges...
  [Edge 0] G22 | E1 | Selected 68/98
  [Client 47] Round 22 | Per-FedAvg(α=0.01) | loss=1.0809
  [Client 34] Round 22 | Per-FedAvg(α=0.01) | loss=0.9778
  [Client  0] Round 22 | Per-FedAvg(α=0.01) | loss=1.1659
  [Client 18] Round 22 | Per-FedAvg(α=0.01) | loss=1.2123
  [Client 49] Round 22 | Per-FedAvg(α=0.01) | loss=1.2463
  [Client 68] Round 22 | Per-FedAvg(α=0.01) | loss=0.9097
  [Client 65] Round 22 | Per-FedAvg(α=0.01) | loss=0.9157
  [Client  6] Round 22 | Per-FedAvg(α=0.01) | loss=1.2330
  [Client 94] Round 22 | Per-FedAvg(α=0.01) | loss=1.1757
  [Client 70] Round 22 | Per-FedAvg(α=0.01) | loss=1.3427
  [Client 77] Round 22 | Per-FedAvg(α=0.01) | loss=0.9227
  [Client 91] Round 22 | Per-FedAvg(α=0.01) | loss=0.9930
  [Client 32] Round 22 | Per-FedAvg(α=0.01) | loss=0.9086
  [Client 37] Round 22 | Per-FedAvg(α=0.01) | loss=1.2253
  [Client 60] Round 22 | Per-FedAvg(α=0.01) | loss=1.0896
  [Client 86] Round 22 | Per-FedAvg(α=0.01) | loss=1.1358
  [Client  8] Round 22 | Per-FedAvg(α=0.01) | loss=1.1133
  [Client 22] Round 22 | Per-FedAvg(α=0.01) | loss=0.9876
  [Client 87] Round 22 | Per-FedAvg(α=0.01) | loss=0.8542
  [Client 44] Round 22 | Per-FedAvg(α=0.01) | loss=0.8455
  [Client 27] Round 22 | Per-FedAvg(α=0.01) | loss=0.8918
  [Client 26] Round 22 | Per-FedAvg(α=0.01) | loss=1.1065
  [Client 73] Round 22 | Per-FedAvg(α=0.01) | loss=1.5895
  [Client 25] Round 22 | Per-FedAvg(α=0.01) | loss=1.3312
  [Client 80] Round 22 | Per-FedAvg(α=0.01) | loss=1.4922
  [Client 76] Round 22 | Per-FedAvg(α=0.01) | loss=1.2068
  [Client 98] Round 22 | Per-FedAvg(α=0.01) | loss=1.1083
  [Client 16] Round 22 | Per-FedAvg(α=0.01) | loss=1.1883
  [Client 92] Round 22 | Per-FedAvg(α=0.01) | loss=1.1914
  [Client 21] Round 22 | Per-FedAvg(α=0.01) | loss=0.9239
  [Client 24] Round 22 | Per-FedAvg(α=0.01) | loss=1.1786
  [Client 30] Round 22 | Per-FedAvg(α=0.01) | loss=0.9662
  [Client  7] Round 22 | Per-FedAvg(α=0.01) | loss=1.0094
  [Client 97] Round 22 | Per-FedAvg(α=0.01) | loss=1.3012
  [Client 79] Round 22 | Per-FedAvg(α=0.01) | loss=1.2386
  [Client 85] Round 22 | Per-FedAvg(α=0.01) | loss=1.1616
  [Client  4] Round 22 | Per-FedAvg(α=0.01) | loss=1.2495
  [Client 61] Round 22 | Per-FedAvg(α=0.01) | loss=0.9110
  [Client 74] Round 22 | Per-FedAvg(α=0.01) | loss=0.9022
  [Client 15] Round 22 | Per-FedAvg(α=0.01) | loss=1.0758
  [Client 51] Round 22 | Per-FedAvg(α=0.01) | loss=0.8905
  [Client 54] Round 22 | Per-FedAvg(α=0.01) | loss=1.1759
  [Client 11] Round 22 | Per-FedAvg(α=0.01) | loss=1.1245
  [Client 53] Round 22 | Per-FedAvg(α=0.01) | loss=1.1516
  [Client 58] Round 22 | Per-FedAvg(α=0.01) | loss=1.1112
  [Client 82] Round 22 | Per-FedAvg(α=0.01) | loss=1.2690
  [Client 99] Round 22 | Per-FedAvg(α=0.01) | loss=1.1745
  [Client 81] Round 22 | Per-FedAvg(α=0.01) | loss=0.9837
  [Client 69] Round 22 | Per-FedAvg(α=0.01) | loss=1.2727
  [Client 40] Round 22 | Per-FedAvg(α=0.01) | loss=1.2741
  [Client 63] Round 22 | Per-FedAvg(α=0.01) | loss=1.1234
  [Client 13] Round 22 | Per-FedAvg(α=0.01) | loss=0.8865
  [Client 39] Round 22 | Per-FedAvg(α=0.01) | loss=1.6900
  [Client 14] Round 22 | Per-FedAvg(α=0.01) | loss=1.3689
  [Client 56] Round 22 | Per-FedAvg(α=0.01) | loss=1.0551
  [Client  3] Round 22 | Per-FedAvg(α=0.01) | loss=1.0226
  [Client 55] Round 22 | Per-FedAvg(α=0.01) | loss=1.1277
  [Client 71] Round 22 | Per-FedAvg(α=0.01) | loss=1.0538
  [Client 96] Round 22 | Per-FedAvg(α=0.01) | loss=1.1376
  [Client 84] Round 22 | Per-FedAvg(α=0.01) | loss=1.0872
  [Client 62] Round 22 | Per-FedAvg(α=0.01) | loss=1.1028
  [Client 28] Round 22 | Per-FedAvg(α=0.01) | loss=0.9971
  [Client 38] Round 22 | Per-FedAvg(α=0.01) | loss=0.9011
  [Client 89] Round 22 | Per-FedAvg(α=0.01) | loss=1.1704
  [Client 72] Round 22 | Per-FedAvg(α=0.01) | loss=1.1259
  [Client  9] Round 22 | Per-FedAvg(α=0.01) | loss=1.1901
  [Client 10] Round 22 | Per-FedAvg(α=0.01) | loss=1.2266
  [Client 45] Round 22 | Per-FedAvg(α=0.01) | loss=1.1603
  [Edge 0] G22 | E1 | loss=1.1243
  [Edge 0] G22 | E2 | Selected 68/98
  [Client 34] Round 22 | Per-FedAvg(α=0.01) | loss=0.9694
  [Client 49] Round 22 | Per-FedAvg(α=0.01) | loss=1.2647
  [Client 94] Round 22 | Per-FedAvg(α=0.01) | loss=1.0894
  [Client 60] Round 22 | Per-FedAvg(α=0.01) | loss=1.0849
  [Client 17] Round 22 | Per-FedAvg(α=0.01) | loss=1.4288
  [Client 79] Round 22 | Per-FedAvg(α=0.01) | loss=1.2756
  [Client 50] Round 22 | Per-FedAvg(α=0.01) | loss=1.2130
  [Client 62] Round 22 | Per-FedAvg(α=0.01) | loss=1.0643
  [Client 40] Round 22 | Per-FedAvg(α=0.01) | loss=1.2243
  [Client 69] Round 22 | Per-FedAvg(α=0.01) | loss=1.3778
  [Client 88] Round 22 | Per-FedAvg(α=0.01) | loss=1.3650
  [Client 71] Round 22 | Per-FedAvg(α=0.01) | loss=1.0068
  [Client 26] Round 22 | Per-FedAvg(α=0.01) | loss=1.1137
  [Client  1] Round 22 | Per-FedAvg(α=0.01) | loss=1.9515
  [Client 86] Round 22 | Per-FedAvg(α=0.01) | loss=1.1380
  [Client 45] Round 22 | Per-FedAvg(α=0.01) | loss=1.1212
  [Client 43] Round 22 | Per-FedAvg(α=0.01) | loss=1.2512
  [Client 10] Round 22 | Per-FedAvg(α=0.01) | loss=1.1811
  [Client 95] Round 22 | Per-FedAvg(α=0.01) | loss=0.5664
  [Client 64] Round 22 | Per-FedAvg(α=0.01) | loss=0.8715
  [Client 99] Round 22 | Per-FedAvg(α=0.01) | loss=1.1932
  [Client 70] Round 22 | Per-FedAvg(α=0.01) | loss=1.3463
  [Client 58] Round 22 | Per-FedAvg(α=0.01) | loss=1.1095
  [Client 27] Round 22 | Per-FedAvg(α=0.01) | loss=0.8466
  [Client 22] Round 22 | Per-FedAvg(α=0.01) | loss=1.0191
  [Client 12] Round 22 | Per-FedAvg(α=0.01) | loss=1.0208
  [Client 56] Round 22 | Per-FedAvg(α=0.01) | loss=1.1517
  [Client 20] Round 22 | Per-FedAvg(α=0.01) | loss=0.9493
  [Client 90] Round 22 | Per-FedAvg(α=0.01) | loss=1.2687
